"PASS: ""authorized local finite assembly"
"PASS: ""complete source syntax"
"PASS: ""known assembly channel"
"PASS: ""pinned original final assembly"
"PASS: ""required input common/s02_result/s02_result.wl"
"PASS: ""required input common/s06_result/s06_result.wl"
"PASS: ""accepted spin basis and scalar library"
"PASS: ""s02 pinned library geometry"
"PASS: ""s08 pinned library geometry"
"PASS: ""required input misc/s11_result/s11_result.wl"
"PASS: ""actual accepted local integrated input"
"PASS: ""required input Hgg/s05_result/s05_result.wl"
"PASS: ""own native-subtraction assembly"
"PASS: ""required input Hgg/s11_native_result/s11_result.wl"
"PASS: ""bound accepted native subtraction"
"PASS: ""accepted integrated real tensor"
"PASS: ""accepted real tensor and subtraction"
"PASS: ""same physical spin and photon bases"
"PASS: ""matching explicit regulator scheme"
"PASS: ""pinned Hgg/s14_result/reference/phase_input.json"
"PASS: ""pinned Hgg/s11_result/reference/github_s09_result_s09_result.wl"
"PASS: ""pinned Hgg/s14_result/reference/unpolarized_F1_hat.wl"
"PASS: ""pinned Hgg/s14_result/reference/unpolarized_F2_hat.wl"
"PASS: ""reference hat symbols match inherited conventions"
"PASS: ""original projectors fully resolved"
"PASS: ""linear original scalar projectors"
"PASS: ""released spin tensor preserves exact frame"
"S14_INPUT_RELEASE "InputForm[<|"TensorBytes" -> 8515568, "MemoryBefore" -> 1005251584, "MemoryAfter" -> 997954504|>]
"PASS: ""incoming vector reconstructed in photon frame"
"PASS: ""original hat weights are independent of recoil and branch"
"PASS: ""small counterterm normalization"
"PASS: ""required input Hgg/s01_result/reference/s01_result/s01_inputs/s01_result/real.wl"
"PASS: ""generated fields match momenta"
"PASS: ""one tagged momentum"
"PASS: ""one small-channel sector"
"PASS: ""spectator weight matches contracted tensor"
"PASS: ""original small-channel phase normalization"
"PASS: ""real and subtraction coupling degrees match"
"PASS: ""no mixed color symbol contexts"
"PASS: ""unique integrated physical components"
"PASS: ""accepted reference phase implementation"
"PASS: ""unique original finite export"
"PASS: ""original finite assembly tail syntax"
"PASS: ""unique finite native export"
"PASS: ""unchanged finite assembly with compact storage"
"PASS: ""complete compact finite assembly syntax"
"PASS: ""accepted complete phase optimization"
"PASS: ""exact phase proof source and runtime"
"PASS: ""all original mathematical assembly inputs unchanged"
"PASS: ""pinned original Laurent implementation"
"PASS: ""unique complete Laurent definition"
"PASS: ""unique regulator expansion change"
"PASS: ""entire original Laurent algorithm retained"
"PASS: ""validated complete phase implementation installed"
"PASS: ""original complete assembly source pinned for reuse"
"PASS: ""accepted exact pole summation proof"
"PASS: ""exact sum proof source and control"
"PASS: ""unique original pole simplifier source"
"PASS: ""all original pole and finite gates retained"
"PASS: ""unique native Hgg finite export"
"PASS: ""all original final Hgg gates retained"
"PASS: ""pinned accepted finite checkpoint {{1, 1, 1}, 1, \"Delta\"}"
"PASS: ""exact accepted finite checkpoint identity {{1, 1, 1}, 1, \"Delta\"}"
"PASS: ""pinned accepted finite checkpoint {{1, 1, 1}, 1, \"L0\"}"
"PASS: ""exact accepted finite checkpoint identity {{1, 1, 1}, 1, \"L0\"}"
"PASS: ""pinned accepted finite checkpoint {{1, 1, 1}, 1, \"L1\"}"
"PASS: ""exact accepted finite checkpoint identity {{1, 1, 1}, 1, \"L1\"}"
"PASS: ""integer finite Laurent support"
"PASS: ""complete Laurent polynomial"
"PASS: ""regulator-independent Laurent coefficients"
"PASS: ""exact Laurent polynomial reconstruction"
"PASS: ""phase kernel has no truncated input series"
"PASS: ""reference phase product evaluated"
"PASS: ""own phase Laurent monomial equals original series {-1, 0}"
"PASS: ""own phase Laurent monomial equals original series {0, 0}"
"PASS: ""pinned accepted finite checkpoint {{1, 1, 1}, 1, \"Regular\"}"
"PASS: ""exact accepted finite checkpoint identity {{1, 1, 1}, 1, \"Regular\"}"
"PASS: ""pinned accepted finite checkpoint {{1, 1, 1}, -1, \"Delta\"}"
"PASS: ""exact accepted finite checkpoint identity {{1, 1, 1}, -1, \"Delta\"}"
"PASS: ""pinned accepted finite checkpoint {{1, 1, 1}, -1, \"L0\"}"
"PASS: ""exact accepted finite checkpoint identity {{1, 1, 1}, -1, \"L0\"}"
"PASS: ""pinned accepted finite checkpoint {{1, 1, 1}, -1, \"L1\"}"
"PASS: ""exact accepted finite checkpoint identity {{1, 1, 1}, -1, \"L1\"}"
"PASS: ""pinned accepted finite checkpoint {{1, 1, 1}, -1, \"Regular\"}"
"PASS: ""exact accepted finite checkpoint identity {{1, 1, 1}, -1, \"Regular\"}"
"PASS: ""real endpoint branches share a boundary"
"PASS: ""pinned accepted finite checkpoint {{1, 1, 1}, 0, \"Delta\"}"
"PASS: ""exact accepted finite checkpoint identity {{1, 1, 1}, 0, \"Delta\"}"
"PASS: ""pinned accepted finite checkpoint {{1, 1, 1}, 0, \"L0\"}"
"PASS: ""exact accepted finite checkpoint identity {{1, 1, 1}, 0, \"L0\"}"
"PASS: ""pinned accepted finite checkpoint {{1, 1, 1}, 0, \"L1\"}"
"PASS: ""exact accepted finite checkpoint identity {{1, 1, 1}, 0, \"L1\"}"
"PASS: ""pinned accepted finite checkpoint {{1, 1, 1}, 0, \"Regular\"}"
"PASS: ""exact accepted finite checkpoint identity {{1, 1, 1}, 0, \"Regular\"}"
"PASS: ""finite physical component"
"FINITE_COMPONENT_MEMORY "{1, 1, 1}" before "1044824576" after "1146120696
"PASS: ""pinned accepted finite checkpoint {{1, 1, 2}, 1, \"Delta\"}"
"PASS: ""exact accepted finite checkpoint identity {{1, 1, 2}, 1, \"Delta\"}"
"PASS: ""pinned accepted finite checkpoint {{1, 1, 2}, 1, \"L0\"}"
"PASS: ""exact accepted finite checkpoint identity {{1, 1, 2}, 1, \"L0\"}"
"PASS: ""pinned accepted finite checkpoint {{1, 1, 2}, 1, \"L1\"}"
"PASS: ""exact accepted finite checkpoint identity {{1, 1, 2}, 1, \"L1\"}"
"PASS: ""integer finite Laurent support"
"PASS: ""complete Laurent polynomial"
"PASS: ""regulator-independent Laurent coefficients"
"PASS: ""exact Laurent polynomial reconstruction"
"PASS: ""phase kernel has no truncated input series"
"PASS: ""reference phase product evaluated"
"PASS: ""pinned accepted finite checkpoint {{1, 1, 2}, 1, \"Regular\"}"
"PASS: ""exact accepted finite checkpoint identity {{1, 1, 2}, 1, \"Regular\"}"
"PASS: ""pinned accepted finite checkpoint {{1, 1, 2}, -1, \"Delta\"}"
"PASS: ""exact accepted finite checkpoint identity {{1, 1, 2}, -1, \"Delta\"}"
"PASS: ""pinned accepted finite checkpoint {{1, 1, 2}, -1, \"L0\"}"
"PASS: ""exact accepted finite checkpoint identity {{1, 1, 2}, -1, \"L0\"}"
"PASS: ""pinned accepted finite checkpoint {{1, 1, 2}, -1, \"L1\"}"
"PASS: ""exact accepted finite checkpoint identity {{1, 1, 2}, -1, \"L1\"}"
"PASS: ""pinned accepted finite checkpoint {{1, 1, 2}, -1, \"Regular\"}"
"PASS: ""exact accepted finite checkpoint identity {{1, 1, 2}, -1, \"Regular\"}"
"PASS: ""real endpoint branches share a boundary"
"PASS: ""pinned accepted finite checkpoint {{1, 1, 2}, 0, \"Delta\"}"
"PASS: ""exact accepted finite checkpoint identity {{1, 1, 2}, 0, \"Delta\"}"
"PASS: ""pinned accepted finite checkpoint {{1, 1, 2}, 0, \"L0\"}"
"PASS: ""exact accepted finite checkpoint identity {{1, 1, 2}, 0, \"L0\"}"
"PASS: ""pinned accepted finite checkpoint {{1, 1, 2}, 0, \"L1\"}"
"PASS: ""exact accepted finite checkpoint identity {{1, 1, 2}, 0, \"L1\"}"
"PASS: ""pinned accepted finite checkpoint {{1, 1, 2}, 0, \"Regular\"}"
"PASS: ""exact accepted finite checkpoint identity {{1, 1, 2}, 0, \"Regular\"}"
"PASS: ""finite physical component"
"FINITE_COMPONENT_MEMORY "{1, 1, 2}" before "1146121808" after "1216717728
"PASS: ""pinned accepted finite checkpoint {{1, 1, 3}, 1, \"Delta\"}"
"PASS: ""exact accepted finite checkpoint identity {{1, 1, 3}, 1, \"Delta\"}"
"PASS: ""pinned accepted finite checkpoint {{1, 1, 3}, 1, \"L0\"}"
"PASS: ""exact accepted finite checkpoint identity {{1, 1, 3}, 1, \"L0\"}"
"PASS: ""pinned accepted finite checkpoint {{1, 1, 3}, 1, \"L1\"}"
"PASS: ""exact accepted finite checkpoint identity {{1, 1, 3}, 1, \"L1\"}"
"PASS: ""pinned accepted finite checkpoint {{1, 1, 3}, 1, \"Regular\"}"
"PASS: ""exact accepted finite checkpoint identity {{1, 1, 3}, 1, \"Regular\"}"
"PASS: ""pinned accepted finite checkpoint {{1, 1, 3}, -1, \"Delta\"}"
"PASS: ""exact accepted finite checkpoint identity {{1, 1, 3}, -1, \"Delta\"}"
"PASS: ""pinned accepted finite checkpoint {{1, 1, 3}, -1, \"L0\"}"
"PASS: ""exact accepted finite checkpoint identity {{1, 1, 3}, -1, \"L0\"}"
"PASS: ""pinned accepted finite checkpoint {{1, 1, 3}, -1, \"L1\"}"
"PASS: ""exact accepted finite checkpoint identity {{1, 1, 3}, -1, \"L1\"}"
"PASS: ""pinned accepted finite checkpoint {{1, 1, 3}, -1, \"Regular\"}"
"PASS: ""exact accepted finite checkpoint identity {{1, 1, 3}, -1, \"Regular\"}"
"PASS: ""real endpoint branches share a boundary"
"PASS: ""pinned accepted finite checkpoint {{1, 1, 3}, 0, \"Delta\"}"
"PASS: ""exact accepted finite checkpoint identity {{1, 1, 3}, 0, \"Delta\"}"
"PASS: ""pinned accepted finite checkpoint {{1, 1, 3}, 0, \"L0\"}"
"PASS: ""exact accepted finite checkpoint identity {{1, 1, 3}, 0, \"L0\"}"
"PASS: ""pinned accepted finite checkpoint {{1, 1, 3}, 0, \"L1\"}"
"PASS: ""exact accepted finite checkpoint identity {{1, 1, 3}, 0, \"L1\"}"
"PASS: ""pinned accepted finite checkpoint {{1, 1, 3}, 0, \"Regular\"}"
"PASS: ""exact accepted finite checkpoint identity {{1, 1, 3}, 0, \"Regular\"}"
"PASS: ""finite physical component"
"FINITE_COMPONENT_MEMORY "{1, 1, 3}" before "1216717624" after "1216735432
"PASS: ""pinned accepted finite checkpoint {{1, 1, 4}, 1, \"Delta\"}"
"PASS: ""exact accepted finite checkpoint identity {{1, 1, 4}, 1, \"Delta\"}"
"PASS: ""pinned accepted finite checkpoint {{1, 1, 4}, 1, \"L0\"}"
"PASS: ""exact accepted finite checkpoint identity {{1, 1, 4}, 1, \"L0\"}"
"PASS: ""pinned accepted finite checkpoint {{1, 1, 4}, 1, \"L1\"}"
"PASS: ""exact accepted finite checkpoint identity {{1, 1, 4}, 1, \"L1\"}"
"PASS: ""pinned accepted finite checkpoint {{1, 1, 4}, 1, \"Regular\"}"
"PASS: ""exact accepted finite checkpoint identity {{1, 1, 4}, 1, \"Regular\"}"
"PASS: ""pinned accepted finite checkpoint {{1, 1, 4}, -1, \"Delta\"}"
"PASS: ""exact accepted finite checkpoint identity {{1, 1, 4}, -1, \"Delta\"}"
"PASS: ""pinned accepted finite checkpoint {{1, 1, 4}, -1, \"L0\"}"
"PASS: ""exact accepted finite checkpoint identity {{1, 1, 4}, -1, \"L0\"}"
"PASS: ""pinned accepted finite checkpoint {{1, 1, 4}, -1, \"L1\"}"
"PASS: ""exact accepted finite checkpoint identity {{1, 1, 4}, -1, \"L1\"}"
"PASS: ""pinned accepted finite checkpoint {{1, 1, 4}, -1, \"Regular\"}"
"PASS: ""exact accepted finite checkpoint identity {{1, 1, 4}, -1, \"Regular\"}"
"PASS: ""real endpoint branches share a boundary"
"PASS: ""pinned accepted finite checkpoint {{1, 1, 4}, 0, \"Delta\"}"
"PASS: ""exact accepted finite checkpoint identity {{1, 1, 4}, 0, \"Delta\"}"
"PASS: ""pinned accepted finite checkpoint {{1, 1, 4}, 0, \"L0\"}"
"PASS: ""exact accepted finite checkpoint identity {{1, 1, 4}, 0, \"L0\"}"
"PASS: ""pinned accepted finite checkpoint {{1, 1, 4}, 0, \"L1\"}"
"PASS: ""exact accepted finite checkpoint identity {{1, 1, 4}, 0, \"L1\"}"
"PASS: ""pinned accepted finite checkpoint {{1, 1, 4}, 0, \"Regular\"}"
"PASS: ""exact accepted finite checkpoint identity {{1, 1, 4}, 0, \"Regular\"}"
"PASS: ""finite physical component"
"FINITE_COMPONENT_MEMORY "{1, 1, 4}" before "1216735328" after "1216753616
"PASS: ""pinned accepted finite checkpoint {{1, 2, 1}, 1, \"Delta\"}"
"PASS: ""exact accepted finite checkpoint identity {{1, 2, 1}, 1, \"Delta\"}"
"PASS: ""pinned accepted finite checkpoint {{1, 2, 1}, 1, \"L0\"}"
"PASS: ""exact accepted finite checkpoint identity {{1, 2, 1}, 1, \"L0\"}"
"PASS: ""pinned accepted finite checkpoint {{1, 2, 1}, 1, \"L1\"}"
"PASS: ""exact accepted finite checkpoint identity {{1, 2, 1}, 1, \"L1\"}"
"PASS: ""integer finite Laurent support"
"PASS: ""complete Laurent polynomial"
"PASS: ""regulator-independent Laurent coefficients"
"PASS: ""exact Laurent polynomial reconstruction"
"PASS: ""phase kernel has no truncated input series"
"PASS: ""reference phase product evaluated"
"PASS: ""pinned accepted finite checkpoint {{1, 2, 1}, 1, \"Regular\"}"
"PASS: ""exact accepted finite checkpoint identity {{1, 2, 1}, 1, \"Regular\"}"
"PASS: ""pinned accepted finite checkpoint {{1, 2, 1}, -1, \"Delta\"}"
"PASS: ""exact accepted finite checkpoint identity {{1, 2, 1}, -1, \"Delta\"}"
"PASS: ""pinned accepted finite checkpoint {{1, 2, 1}, -1, \"L0\"}"
"PASS: ""exact accepted finite checkpoint identity {{1, 2, 1}, -1, \"L0\"}"
"PASS: ""pinned accepted finite checkpoint {{1, 2, 1}, -1, \"L1\"}"
"PASS: ""exact accepted finite checkpoint identity {{1, 2, 1}, -1, \"L1\"}"
"PASS: ""pinned accepted finite checkpoint {{1, 2, 1}, -1, \"Regular\"}"
"PASS: ""exact accepted finite checkpoint identity {{1, 2, 1}, -1, \"Regular\"}"
"PASS: ""real endpoint branches share a boundary"
"PASS: ""pinned accepted finite checkpoint {{1, 2, 1}, 0, \"Delta\"}"
"PASS: ""exact accepted finite checkpoint identity {{1, 2, 1}, 0, \"Delta\"}"
"PASS: ""pinned accepted finite checkpoint {{1, 2, 1}, 0, \"L0\"}"
"PASS: ""exact accepted finite checkpoint identity {{1, 2, 1}, 0, \"L0\"}"
"PASS: ""pinned accepted finite checkpoint {{1, 2, 1}, 0, \"L1\"}"
"PASS: ""exact accepted finite checkpoint identity {{1, 2, 1}, 0, \"L1\"}"
"PASS: ""pinned accepted finite checkpoint {{1, 2, 1}, 0, \"Regular\"}"
"PASS: ""exact accepted finite checkpoint identity {{1, 2, 1}, 0, \"Regular\"}"
"PASS: ""finite physical component"
"FINITE_COMPONENT_MEMORY "{1, 2, 1}" before "1216753512" after "1281111000
"PASS: ""pinned accepted finite checkpoint {{1, 2, 2}, 1, \"Delta\"}"
"PASS: ""exact accepted finite checkpoint identity {{1, 2, 2}, 1, \"Delta\"}"
"PASS: ""pinned accepted finite checkpoint {{1, 2, 2}, 1, \"L0\"}"
"PASS: ""exact accepted finite checkpoint identity {{1, 2, 2}, 1, \"L0\"}"
"PASS: ""pinned accepted finite checkpoint {{1, 2, 2}, 1, \"L1\"}"
"PASS: ""exact accepted finite checkpoint identity {{1, 2, 2}, 1, \"L1\"}"
"PASS: ""integer finite Laurent support"
"PASS: ""complete Laurent polynomial"
"PASS: ""regulator-independent Laurent coefficients"
"PASS: ""exact Laurent polynomial reconstruction"
"PASS: ""phase kernel has no truncated input series"
"PASS: ""reference phase product evaluated"
"PASS: ""pinned accepted finite checkpoint {{1, 2, 2}, 1, \"Regular\"}"
"PASS: ""exact accepted finite checkpoint identity {{1, 2, 2}, 1, \"Regular\"}"
"PASS: ""pinned accepted finite checkpoint {{1, 2, 2}, -1, \"Delta\"}"
"PASS: ""exact accepted finite checkpoint identity {{1, 2, 2}, -1, \"Delta\"}"
"PASS: ""pinned accepted finite checkpoint {{1, 2, 2}, -1, \"L0\"}"
"PASS: ""exact accepted finite checkpoint identity {{1, 2, 2}, -1, \"L0\"}"
"PASS: ""pinned accepted finite checkpoint {{1, 2, 2}, -1, \"L1\"}"
"PASS: ""exact accepted finite checkpoint identity {{1, 2, 2}, -1, \"L1\"}"
"PASS: ""pinned accepted finite checkpoint {{1, 2, 2}, -1, \"Regular\"}"
"PASS: ""exact accepted finite checkpoint identity {{1, 2, 2}, -1, \"Regular\"}"
"PASS: ""real endpoint branches share a boundary"
"PASS: ""pinned accepted finite checkpoint {{1, 2, 2}, 0, \"Delta\"}"
"PASS: ""exact accepted finite checkpoint identity {{1, 2, 2}, 0, \"Delta\"}"
"PASS: ""pinned accepted finite checkpoint {{1, 2, 2}, 0, \"L0\"}"
"PASS: ""exact accepted finite checkpoint identity {{1, 2, 2}, 0, \"L0\"}"
"PASS: ""pinned accepted finite checkpoint {{1, 2, 2}, 0, \"L1\"}"
"PASS: ""exact accepted finite checkpoint identity {{1, 2, 2}, 0, \"L1\"}"
"PASS: ""pinned accepted finite checkpoint {{1, 2, 2}, 0, \"Regular\"}"
"PASS: ""exact accepted finite checkpoint identity {{1, 2, 2}, 0, \"Regular\"}"
"PASS: ""finite physical component"
"FINITE_COMPONENT_MEMORY "{1, 2, 2}" before "1281110896" after "1384881176
"PASS: ""pinned accepted finite checkpoint {{1, 2, 3}, 1, \"Delta\"}"
"PASS: ""exact accepted finite checkpoint identity {{1, 2, 3}, 1, \"Delta\"}"
"PASS: ""pinned accepted finite checkpoint {{1, 2, 3}, 1, \"L0\"}"
"PASS: ""exact accepted finite checkpoint identity {{1, 2, 3}, 1, \"L0\"}"
"PASS: ""pinned accepted finite checkpoint {{1, 2, 3}, 1, \"L1\"}"
"PASS: ""exact accepted finite checkpoint identity {{1, 2, 3}, 1, \"L1\"}"
"PASS: ""pinned accepted finite checkpoint {{1, 2, 3}, 1, \"Regular\"}"
"PASS: ""exact accepted finite checkpoint identity {{1, 2, 3}, 1, \"Regular\"}"
"PASS: ""pinned accepted finite checkpoint {{1, 2, 3}, -1, \"Delta\"}"
"PASS: ""exact accepted finite checkpoint identity {{1, 2, 3}, -1, \"Delta\"}"
"PASS: ""pinned accepted finite checkpoint {{1, 2, 3}, -1, \"L0\"}"
"PASS: ""exact accepted finite checkpoint identity {{1, 2, 3}, -1, \"L0\"}"
"PASS: ""pinned accepted finite checkpoint {{1, 2, 3}, -1, \"L1\"}"
"PASS: ""exact accepted finite checkpoint identity {{1, 2, 3}, -1, \"L1\"}"
"PASS: ""pinned accepted finite checkpoint {{1, 2, 3}, -1, \"Regular\"}"
"PASS: ""exact accepted finite checkpoint identity {{1, 2, 3}, -1, \"Regular\"}"
"PASS: ""real endpoint branches share a boundary"
"PASS: ""pinned accepted finite checkpoint {{1, 2, 3}, 0, \"Delta\"}"
"PASS: ""exact accepted finite checkpoint identity {{1, 2, 3}, 0, \"Delta\"}"
"PASS: ""pinned accepted finite checkpoint {{1, 2, 3}, 0, \"L0\"}"
"PASS: ""exact accepted finite checkpoint identity {{1, 2, 3}, 0, \"L0\"}"
"PASS: ""pinned accepted finite checkpoint {{1, 2, 3}, 0, \"L1\"}"
"PASS: ""exact accepted finite checkpoint identity {{1, 2, 3}, 0, \"L1\"}"
"PASS: ""pinned accepted finite checkpoint {{1, 2, 3}, 0, \"Regular\"}"
"PASS: ""exact accepted finite checkpoint identity {{1, 2, 3}, 0, \"Regular\"}"
"PASS: ""finite physical component"
"FINITE_COMPONENT_MEMORY "{1, 2, 3}" before "1384881072" after "1384899480
"PASS: ""pinned accepted finite checkpoint {{1, 2, 4}, 1, \"Delta\"}"
"PASS: ""exact accepted finite checkpoint identity {{1, 2, 4}, 1, \"Delta\"}"
"PASS: ""pinned accepted finite checkpoint {{1, 2, 4}, 1, \"L0\"}"
"PASS: ""exact accepted finite checkpoint identity {{1, 2, 4}, 1, \"L0\"}"
"PASS: ""pinned accepted finite checkpoint {{1, 2, 4}, 1, \"L1\"}"
"PASS: ""exact accepted finite checkpoint identity {{1, 2, 4}, 1, \"L1\"}"
"PASS: ""pinned accepted finite checkpoint {{1, 2, 4}, 1, \"Regular\"}"
"PASS: ""exact accepted finite checkpoint identity {{1, 2, 4}, 1, \"Regular\"}"
"PASS: ""pinned accepted finite checkpoint {{1, 2, 4}, -1, \"Delta\"}"
"PASS: ""exact accepted finite checkpoint identity {{1, 2, 4}, -1, \"Delta\"}"
"PASS: ""pinned accepted finite checkpoint {{1, 2, 4}, -1, \"L0\"}"
"PASS: ""exact accepted finite checkpoint identity {{1, 2, 4}, -1, \"L0\"}"
"PASS: ""pinned accepted finite checkpoint {{1, 2, 4}, -1, \"L1\"}"
"PASS: ""exact accepted finite checkpoint identity {{1, 2, 4}, -1, \"L1\"}"
"PASS: ""pinned accepted finite checkpoint {{1, 2, 4}, -1, \"Regular\"}"
"PASS: ""exact accepted finite checkpoint identity {{1, 2, 4}, -1, \"Regular\"}"
"PASS: ""real endpoint branches share a boundary"
"PASS: ""pinned accepted finite checkpoint {{1, 2, 4}, 0, \"Delta\"}"
"PASS: ""exact accepted finite checkpoint identity {{1, 2, 4}, 0, \"Delta\"}"
"PASS: ""pinned accepted finite checkpoint {{1, 2, 4}, 0, \"L0\"}"
"PASS: ""exact accepted finite checkpoint identity {{1, 2, 4}, 0, \"L0\"}"
"PASS: ""pinned accepted finite checkpoint {{1, 2, 4}, 0, \"L1\"}"
"PASS: ""exact accepted finite checkpoint identity {{1, 2, 4}, 0, \"L1\"}"
"PASS: ""pinned accepted finite checkpoint {{1, 2, 4}, 0, \"Regular\"}"
"PASS: ""exact accepted finite checkpoint identity {{1, 2, 4}, 0, \"Regular\"}"
"PASS: ""finite physical component"
"FINITE_COMPONENT_MEMORY "{1, 2, 4}" before "1384899376" after "1384917760
"PASS: ""pinned accepted finite checkpoint {{1, 3, 1}, 1, \"Delta\"}"
"PASS: ""exact accepted finite checkpoint identity {{1, 3, 1}, 1, \"Delta\"}"
"PASS: ""pinned accepted finite checkpoint {{1, 3, 1}, 1, \"L0\"}"
"PASS: ""exact accepted finite checkpoint identity {{1, 3, 1}, 1, \"L0\"}"
"PASS: ""pinned accepted finite checkpoint {{1, 3, 1}, 1, \"L1\"}"
"PASS: ""exact accepted finite checkpoint identity {{1, 3, 1}, 1, \"L1\"}"
"PASS: ""pinned accepted finite checkpoint {{1, 3, 1}, 1, \"Regular\"}"
"PASS: ""exact accepted finite checkpoint identity {{1, 3, 1}, 1, \"Regular\"}"
"PASS: ""pinned accepted finite checkpoint {{1, 3, 1}, -1, \"Delta\"}"
"PASS: ""exact accepted finite checkpoint identity {{1, 3, 1}, -1, \"Delta\"}"
"PASS: ""pinned accepted finite checkpoint {{1, 3, 1}, -1, \"L0\"}"
"PASS: ""exact accepted finite checkpoint identity {{1, 3, 1}, -1, \"L0\"}"
"PASS: ""pinned accepted finite checkpoint {{1, 3, 1}, -1, \"L1\"}"
"PASS: ""exact accepted finite checkpoint identity {{1, 3, 1}, -1, \"L1\"}"
"PASS: ""pinned accepted finite checkpoint {{1, 3, 1}, -1, \"Regular\"}"
"PASS: ""exact accepted finite checkpoint identity {{1, 3, 1}, -1, \"Regular\"}"
"PASS: ""real endpoint branches share a boundary"
"PASS: ""pinned accepted finite checkpoint {{1, 3, 1}, 0, \"Delta\"}"
"PASS: ""exact accepted finite checkpoint identity {{1, 3, 1}, 0, \"Delta\"}"
"PASS: ""pinned accepted finite checkpoint {{1, 3, 1}, 0, \"L0\"}"
"PASS: ""exact accepted finite checkpoint identity {{1, 3, 1}, 0, \"L0\"}"
"PASS: ""pinned accepted finite checkpoint {{1, 3, 1}, 0, \"L1\"}"
"PASS: ""exact accepted finite checkpoint identity {{1, 3, 1}, 0, \"L1\"}"
"PASS: ""pinned accepted finite checkpoint {{1, 3, 1}, 0, \"Regular\"}"
"PASS: ""exact accepted finite checkpoint identity {{1, 3, 1}, 0, \"Regular\"}"
"PASS: ""finite physical component"
"FINITE_COMPONENT_MEMORY "{1, 3, 1}" before "1384917656" after "1384935576
"PASS: ""pinned accepted finite checkpoint {{1, 3, 2}, 1, \"Delta\"}"
"PASS: ""exact accepted finite checkpoint identity {{1, 3, 2}, 1, \"Delta\"}"
"PASS: ""pinned accepted finite checkpoint {{1, 3, 2}, 1, \"L0\"}"
"PASS: ""exact accepted finite checkpoint identity {{1, 3, 2}, 1, \"L0\"}"
"PASS: ""pinned accepted finite checkpoint {{1, 3, 2}, 1, \"L1\"}"
"PASS: ""exact accepted finite checkpoint identity {{1, 3, 2}, 1, \"L1\"}"
"PASS: ""pinned accepted finite checkpoint {{1, 3, 2}, 1, \"Regular\"}"
"PASS: ""exact accepted finite checkpoint identity {{1, 3, 2}, 1, \"Regular\"}"
"PASS: ""pinned accepted finite checkpoint {{1, 3, 2}, -1, \"Delta\"}"
"PASS: ""exact accepted finite checkpoint identity {{1, 3, 2}, -1, \"Delta\"}"
"PASS: ""pinned accepted finite checkpoint {{1, 3, 2}, -1, \"L0\"}"
"PASS: ""exact accepted finite checkpoint identity {{1, 3, 2}, -1, \"L0\"}"
"PASS: ""pinned accepted finite checkpoint {{1, 3, 2}, -1, \"L1\"}"
"PASS: ""exact accepted finite checkpoint identity {{1, 3, 2}, -1, \"L1\"}"
"PASS: ""pinned accepted finite checkpoint {{1, 3, 2}, -1, \"Regular\"}"
"PASS: ""exact accepted finite checkpoint identity {{1, 3, 2}, -1, \"Regular\"}"
"PASS: ""real endpoint branches share a boundary"
"PASS: ""pinned accepted finite checkpoint {{1, 3, 2}, 0, \"Delta\"}"
"PASS: ""exact accepted finite checkpoint identity {{1, 3, 2}, 0, \"Delta\"}"
"PASS: ""pinned accepted finite checkpoint {{1, 3, 2}, 0, \"L0\"}"
"PASS: ""exact accepted finite checkpoint identity {{1, 3, 2}, 0, \"L0\"}"
"PASS: ""pinned accepted finite checkpoint {{1, 3, 2}, 0, \"L1\"}"
"PASS: ""exact accepted finite checkpoint identity {{1, 3, 2}, 0, \"L1\"}"
"PASS: ""pinned accepted finite checkpoint {{1, 3, 2}, 0, \"Regular\"}"
"PASS: ""exact accepted finite checkpoint identity {{1, 3, 2}, 0, \"Regular\"}"
"PASS: ""finite physical component"
"FINITE_COMPONENT_MEMORY "{1, 3, 2}" before "1384935472" after "1384953712
"PASS: ""pinned accepted finite checkpoint {{1, 3, 3}, 1, \"Delta\"}"
"PASS: ""exact accepted finite checkpoint identity {{1, 3, 3}, 1, \"Delta\"}"
"PASS: ""pinned accepted finite checkpoint {{1, 3, 3}, 1, \"L0\"}"
"PASS: ""exact accepted finite checkpoint identity {{1, 3, 3}, 1, \"L0\"}"
"PASS: ""pinned accepted finite checkpoint {{1, 3, 3}, 1, \"L1\"}"
"PASS: ""exact accepted finite checkpoint identity {{1, 3, 3}, 1, \"L1\"}"
"PASS: ""integer finite Laurent support"
"PASS: ""complete Laurent polynomial"
"PASS: ""regulator-independent Laurent coefficients"
"PASS: ""exact Laurent polynomial reconstruction"
"PASS: ""phase kernel has no truncated input series"
"PASS: ""reference phase product evaluated"
"PASS: ""pinned accepted finite checkpoint {{1, 3, 3}, 1, \"Regular\"}"
"PASS: ""exact accepted finite checkpoint identity {{1, 3, 3}, 1, \"Regular\"}"
"PASS: ""pinned accepted finite checkpoint {{1, 3, 3}, -1, \"Delta\"}"
"PASS: ""exact accepted finite checkpoint identity {{1, 3, 3}, -1, \"Delta\"}"
"PASS: ""pinned accepted finite checkpoint {{1, 3, 3}, -1, \"L0\"}"
"PASS: ""exact accepted finite checkpoint identity {{1, 3, 3}, -1, \"L0\"}"
"PASS: ""pinned accepted finite checkpoint {{1, 3, 3}, -1, \"L1\"}"
"PASS: ""exact accepted finite checkpoint identity {{1, 3, 3}, -1, \"L1\"}"
"PASS: ""pinned accepted finite checkpoint {{1, 3, 3}, -1, \"Regular\"}"
"PASS: ""exact accepted finite checkpoint identity {{1, 3, 3}, -1, \"Regular\"}"
"PASS: ""real endpoint branches share a boundary"
"PASS: ""pinned accepted finite checkpoint {{1, 3, 3}, 0, \"Delta\"}"
"PASS: ""exact accepted finite checkpoint identity {{1, 3, 3}, 0, \"Delta\"}"
"PASS: ""pinned accepted finite checkpoint {{1, 3, 3}, 0, \"L0\"}"
"PASS: ""exact accepted finite checkpoint identity {{1, 3, 3}, 0, \"L0\"}"
"PASS: ""pinned accepted finite checkpoint {{1, 3, 3}, 0, \"L1\"}"
"PASS: ""exact accepted finite checkpoint identity {{1, 3, 3}, 0, \"L1\"}"
"PASS: ""pinned accepted finite checkpoint {{1, 3, 3}, 0, \"Regular\"}"
"PASS: ""exact accepted finite checkpoint identity {{1, 3, 3}, 0, \"Regular\"}"
"PASS: ""finite physical component"
"FINITE_COMPONENT_MEMORY "{1, 3, 3}" before "1384953608" after "1439657456
"PASS: ""pinned accepted finite checkpoint {{1, 3, 4}, 1, \"Delta\"}"
"PASS: ""exact accepted finite checkpoint identity {{1, 3, 4}, 1, \"Delta\"}"
"PASS: ""pinned accepted finite checkpoint {{1, 3, 4}, 1, \"L0\"}"
"PASS: ""exact accepted finite checkpoint identity {{1, 3, 4}, 1, \"L0\"}"
"PASS: ""pinned accepted finite checkpoint {{1, 3, 4}, 1, \"L1\"}"
"PASS: ""exact accepted finite checkpoint identity {{1, 3, 4}, 1, \"L1\"}"
"PASS: ""pinned accepted finite checkpoint {{1, 3, 4}, 1, \"Regular\"}"
"PASS: ""exact accepted finite checkpoint identity {{1, 3, 4}, 1, \"Regular\"}"
"PASS: ""pinned accepted finite checkpoint {{1, 3, 4}, -1, \"Delta\"}"
"PASS: ""exact accepted finite checkpoint identity {{1, 3, 4}, -1, \"Delta\"}"
"PASS: ""pinned accepted finite checkpoint {{1, 3, 4}, -1, \"L0\"}"
"PASS: ""exact accepted finite checkpoint identity {{1, 3, 4}, -1, \"L0\"}"
"PASS: ""pinned accepted finite checkpoint {{1, 3, 4}, -1, \"L1\"}"
"PASS: ""exact accepted finite checkpoint identity {{1, 3, 4}, -1, \"L1\"}"
"PASS: ""pinned accepted finite checkpoint {{1, 3, 4}, -1, \"Regular\"}"
"PASS: ""exact accepted finite checkpoint identity {{1, 3, 4}, -1, \"Regular\"}"
"PASS: ""real endpoint branches share a boundary"
"PASS: ""pinned accepted finite checkpoint {{1, 3, 4}, 0, \"Delta\"}"
"PASS: ""exact accepted finite checkpoint identity {{1, 3, 4}, 0, \"Delta\"}"
"PASS: ""pinned accepted finite checkpoint {{1, 3, 4}, 0, \"L0\"}"
"PASS: ""exact accepted finite checkpoint identity {{1, 3, 4}, 0, \"L0\"}"
"PASS: ""pinned accepted finite checkpoint {{1, 3, 4}, 0, \"L1\"}"
"PASS: ""exact accepted finite checkpoint identity {{1, 3, 4}, 0, \"L1\"}"
"PASS: ""pinned accepted finite checkpoint {{1, 3, 4}, 0, \"Regular\"}"
"PASS: ""exact accepted finite checkpoint identity {{1, 3, 4}, 0, \"Regular\"}"
"PASS: ""finite physical component"
"FINITE_COMPONENT_MEMORY "{1, 3, 4}" before "1439657352" after "1439675648
"PASS: ""pinned accepted finite checkpoint {{1, 4, 1}, 1, \"Delta\"}"
"PASS: ""exact accepted finite checkpoint identity {{1, 4, 1}, 1, \"Delta\"}"
"PASS: ""pinned accepted finite checkpoint {{1, 4, 1}, 1, \"L0\"}"
"PASS: ""exact accepted finite checkpoint identity {{1, 4, 1}, 1, \"L0\"}"
"PASS: ""pinned accepted finite checkpoint {{1, 4, 1}, 1, \"L1\"}"
"PASS: ""exact accepted finite checkpoint identity {{1, 4, 1}, 1, \"L1\"}"
"PASS: ""pinned accepted finite checkpoint {{1, 4, 1}, 1, \"Regular\"}"
"PASS: ""exact accepted finite checkpoint identity {{1, 4, 1}, 1, \"Regular\"}"
"PASS: ""pinned accepted finite checkpoint {{1, 4, 1}, -1, \"Delta\"}"
"PASS: ""exact accepted finite checkpoint identity {{1, 4, 1}, -1, \"Delta\"}"
"PASS: ""pinned accepted finite checkpoint {{1, 4, 1}, -1, \"L0\"}"
"PASS: ""exact accepted finite checkpoint identity {{1, 4, 1}, -1, \"L0\"}"
"PASS: ""pinned accepted finite checkpoint {{1, 4, 1}, -1, \"L1\"}"
"PASS: ""exact accepted finite checkpoint identity {{1, 4, 1}, -1, \"L1\"}"
"PASS: ""pinned accepted finite checkpoint {{1, 4, 1}, -1, \"Regular\"}"
"PASS: ""exact accepted finite checkpoint identity {{1, 4, 1}, -1, \"Regular\"}"
"PASS: ""real endpoint branches share a boundary"
"PASS: ""pinned accepted finite checkpoint {{1, 4, 1}, 0, \"Delta\"}"
"PASS: ""exact accepted finite checkpoint identity {{1, 4, 1}, 0, \"Delta\"}"
"PASS: ""pinned accepted finite checkpoint {{1, 4, 1}, 0, \"L0\"}"
"PASS: ""exact accepted finite checkpoint identity {{1, 4, 1}, 0, \"L0\"}"
"PASS: ""pinned accepted finite checkpoint {{1, 4, 1}, 0, \"L1\"}"
"PASS: ""exact accepted finite checkpoint identity {{1, 4, 1}, 0, \"L1\"}"
"PASS: ""pinned accepted finite checkpoint {{1, 4, 1}, 0, \"Regular\"}"
"PASS: ""exact accepted finite checkpoint identity {{1, 4, 1}, 0, \"Regular\"}"
"PASS: ""finite physical component"
"FINITE_COMPONENT_MEMORY "{1, 4, 1}" before "1439675544" after "1439693424
"PASS: ""pinned accepted finite checkpoint {{1, 4, 2}, 1, \"Delta\"}"
"PASS: ""exact accepted finite checkpoint identity {{1, 4, 2}, 1, \"Delta\"}"
"PASS: ""pinned accepted finite checkpoint {{1, 4, 2}, 1, \"L0\"}"
"PASS: ""exact accepted finite checkpoint identity {{1, 4, 2}, 1, \"L0\"}"
"PASS: ""pinned accepted finite checkpoint {{1, 4, 2}, 1, \"L1\"}"
"PASS: ""exact accepted finite checkpoint identity {{1, 4, 2}, 1, \"L1\"}"
"PASS: ""pinned accepted finite checkpoint {{1, 4, 2}, 1, \"Regular\"}"
"PASS: ""exact accepted finite checkpoint identity {{1, 4, 2}, 1, \"Regular\"}"
"PASS: ""pinned accepted finite checkpoint {{1, 4, 2}, -1, \"Delta\"}"
"PASS: ""exact accepted finite checkpoint identity {{1, 4, 2}, -1, \"Delta\"}"
"PASS: ""pinned accepted finite checkpoint {{1, 4, 2}, -1, \"L0\"}"
"PASS: ""exact accepted finite checkpoint identity {{1, 4, 2}, -1, \"L0\"}"
"PASS: ""pinned accepted finite checkpoint {{1, 4, 2}, -1, \"L1\"}"
"PASS: ""exact accepted finite checkpoint identity {{1, 4, 2}, -1, \"L1\"}"
"PASS: ""pinned accepted finite checkpoint {{1, 4, 2}, -1, \"Regular\"}"
"PASS: ""exact accepted finite checkpoint identity {{1, 4, 2}, -1, \"Regular\"}"
"PASS: ""real endpoint branches share a boundary"
"PASS: ""pinned accepted finite checkpoint {{1, 4, 2}, 0, \"Delta\"}"
"PASS: ""exact accepted finite checkpoint identity {{1, 4, 2}, 0, \"Delta\"}"
"PASS: ""pinned accepted finite checkpoint {{1, 4, 2}, 0, \"L0\"}"
"PASS: ""exact accepted finite checkpoint identity {{1, 4, 2}, 0, \"L0\"}"
"PASS: ""pinned accepted finite checkpoint {{1, 4, 2}, 0, \"L1\"}"
"PASS: ""exact accepted finite checkpoint identity {{1, 4, 2}, 0, \"L1\"}"
"PASS: ""pinned accepted finite checkpoint {{1, 4, 2}, 0, \"Regular\"}"
"PASS: ""exact accepted finite checkpoint identity {{1, 4, 2}, 0, \"Regular\"}"
"PASS: ""finite physical component"
"FINITE_COMPONENT_MEMORY "{1, 4, 2}" before "1439693320" after "1439711280
"PASS: ""pinned accepted finite checkpoint {{1, 4, 3}, 1, \"Delta\"}"
"PASS: ""exact accepted finite checkpoint identity {{1, 4, 3}, 1, \"Delta\"}"
"PASS: ""pinned accepted finite checkpoint {{1, 4, 3}, 1, \"L0\"}"
"PASS: ""exact accepted finite checkpoint identity {{1, 4, 3}, 1, \"L0\"}"
"PASS: ""pinned accepted finite checkpoint {{1, 4, 3}, 1, \"L1\"}"
"PASS: ""exact accepted finite checkpoint identity {{1, 4, 3}, 1, \"L1\"}"
"PASS: ""pinned accepted finite checkpoint {{1, 4, 3}, 1, \"Regular\"}"
"PASS: ""exact accepted finite checkpoint identity {{1, 4, 3}, 1, \"Regular\"}"
"PASS: ""pinned accepted finite checkpoint {{1, 4, 3}, -1, \"Delta\"}"
"PASS: ""exact accepted finite checkpoint identity {{1, 4, 3}, -1, \"Delta\"}"
"PASS: ""pinned accepted finite checkpoint {{1, 4, 3}, -1, \"L0\"}"
"PASS: ""exact accepted finite checkpoint identity {{1, 4, 3}, -1, \"L0\"}"
"PASS: ""pinned accepted finite checkpoint {{1, 4, 3}, -1, \"L1\"}"
"PASS: ""exact accepted finite checkpoint identity {{1, 4, 3}, -1, \"L1\"}"
"PASS: ""pinned accepted finite checkpoint {{1, 4, 3}, -1, \"Regular\"}"
"PASS: ""exact accepted finite checkpoint identity {{1, 4, 3}, -1, \"Regular\"}"
"PASS: ""real endpoint branches share a boundary"
"PASS: ""pinned accepted finite checkpoint {{1, 4, 3}, 0, \"Delta\"}"
"PASS: ""exact accepted finite checkpoint identity {{1, 4, 3}, 0, \"Delta\"}"
"PASS: ""pinned accepted finite checkpoint {{1, 4, 3}, 0, \"L0\"}"
"PASS: ""exact accepted finite checkpoint identity {{1, 4, 3}, 0, \"L0\"}"
"PASS: ""pinned accepted finite checkpoint {{1, 4, 3}, 0, \"L1\"}"
"PASS: ""exact accepted finite checkpoint identity {{1, 4, 3}, 0, \"L1\"}"
"PASS: ""pinned accepted finite checkpoint {{1, 4, 3}, 0, \"Regular\"}"
"PASS: ""exact accepted finite checkpoint identity {{1, 4, 3}, 0, \"Regular\"}"
"PASS: ""finite physical component"
"FINITE_COMPONENT_MEMORY "{1, 4, 3}" before "1439711176" after "1439729240
"PASS: ""pinned accepted finite checkpoint {{1, 4, 4}, 1, \"Delta\"}"
"PASS: ""exact accepted finite checkpoint identity {{1, 4, 4}, 1, \"Delta\"}"
"PASS: ""pinned accepted finite checkpoint {{1, 4, 4}, 1, \"L0\"}"
"PASS: ""exact accepted finite checkpoint identity {{1, 4, 4}, 1, \"L0\"}"
"PASS: ""pinned accepted finite checkpoint {{1, 4, 4}, 1, \"L1\"}"
"PASS: ""exact accepted finite checkpoint identity {{1, 4, 4}, 1, \"L1\"}"
"PASS: ""integer finite Laurent support"
"PASS: ""complete Laurent polynomial"
"PASS: ""regulator-independent Laurent coefficients"
"PASS: ""exact Laurent polynomial reconstruction"
"PASS: ""phase kernel has no truncated input series"
"PASS: ""reference phase product evaluated"
"PASS: ""pinned accepted finite checkpoint {{1, 4, 4}, 1, \"Regular\"}"
"PASS: ""exact accepted finite checkpoint identity {{1, 4, 4}, 1, \"Regular\"}"
"PASS: ""pinned accepted finite checkpoint {{1, 4, 4}, -1, \"Delta\"}"
"PASS: ""exact accepted finite checkpoint identity {{1, 4, 4}, -1, \"Delta\"}"
"PASS: ""pinned accepted finite checkpoint {{1, 4, 4}, -1, \"L0\"}"
"PASS: ""exact accepted finite checkpoint identity {{1, 4, 4}, -1, \"L0\"}"
"PASS: ""pinned accepted finite checkpoint {{1, 4, 4}, -1, \"L1\"}"
"PASS: ""exact accepted finite checkpoint identity {{1, 4, 4}, -1, \"L1\"}"
"PASS: ""pinned accepted finite checkpoint {{1, 4, 4}, -1, \"Regular\"}"
"PASS: ""exact accepted finite checkpoint identity {{1, 4, 4}, -1, \"Regular\"}"
"PASS: ""real endpoint branches share a boundary"
"PASS: ""pinned accepted finite checkpoint {{1, 4, 4}, 0, \"Delta\"}"
"PASS: ""exact accepted finite checkpoint identity {{1, 4, 4}, 0, \"Delta\"}"
"PASS: ""pinned accepted finite checkpoint {{1, 4, 4}, 0, \"L0\"}"
"PASS: ""exact accepted finite checkpoint identity {{1, 4, 4}, 0, \"L0\"}"
"PASS: ""pinned accepted finite checkpoint {{1, 4, 4}, 0, \"L1\"}"
"PASS: ""exact accepted finite checkpoint identity {{1, 4, 4}, 0, \"L1\"}"
"PASS: ""pinned accepted finite checkpoint {{1, 4, 4}, 0, \"Regular\"}"
"PASS: ""exact accepted finite checkpoint identity {{1, 4, 4}, 0, \"Regular\"}"
"PASS: ""finite physical component"
"FINITE_COMPONENT_MEMORY "{1, 4, 4}" before "1439729136" after "1456579784
"PASS: ""pinned accepted finite checkpoint {{2, 1, 1}, 1, \"Delta\"}"
"PASS: ""exact accepted finite checkpoint identity {{2, 1, 1}, 1, \"Delta\"}"
"PASS: ""pinned accepted finite checkpoint {{2, 1, 1}, 1, \"L0\"}"
"PASS: ""exact accepted finite checkpoint identity {{2, 1, 1}, 1, \"L0\"}"
"PASS: ""pinned accepted finite checkpoint {{2, 1, 1}, 1, \"L1\"}"
"PASS: ""exact accepted finite checkpoint identity {{2, 1, 1}, 1, \"L1\"}"
"PASS: ""integer finite Laurent support"
"PASS: ""complete Laurent polynomial"
"PASS: ""regulator-independent Laurent coefficients"
"PASS: ""exact Laurent polynomial reconstruction"
"PASS: ""phase kernel has no truncated input series"
"PASS: ""reference phase product evaluated"
"PASS: ""pinned accepted finite checkpoint {{2, 1, 1}, 1, \"Regular\"}"
"PASS: ""exact accepted finite checkpoint identity {{2, 1, 1}, 1, \"Regular\"}"
"PASS: ""pinned accepted finite checkpoint {{2, 1, 1}, -1, \"Delta\"}"
"PASS: ""exact accepted finite checkpoint identity {{2, 1, 1}, -1, \"Delta\"}"
"PASS: ""pinned accepted finite checkpoint {{2, 1, 1}, -1, \"L0\"}"
"PASS: ""exact accepted finite checkpoint identity {{2, 1, 1}, -1, \"L0\"}"
"PASS: ""pinned accepted finite checkpoint {{2, 1, 1}, -1, \"L1\"}"
"PASS: ""exact accepted finite checkpoint identity {{2, 1, 1}, -1, \"L1\"}"
"PASS: ""pinned accepted finite checkpoint {{2, 1, 1}, -1, \"Regular\"}"
"PASS: ""exact accepted finite checkpoint identity {{2, 1, 1}, -1, \"Regular\"}"
"PASS: ""real endpoint branches share a boundary"
"PASS: ""pinned accepted finite checkpoint {{2, 1, 1}, 0, \"Delta\"}"
"PASS: ""exact accepted finite checkpoint identity {{2, 1, 1}, 0, \"Delta\"}"
"PASS: ""pinned accepted finite checkpoint {{2, 1, 1}, 0, \"L0\"}"
"PASS: ""exact accepted finite checkpoint identity {{2, 1, 1}, 0, \"L0\"}"
"PASS: ""pinned accepted finite checkpoint {{2, 1, 1}, 0, \"L1\"}"
"PASS: ""exact accepted finite checkpoint identity {{2, 1, 1}, 0, \"L1\"}"
"PASS: ""pinned accepted finite checkpoint {{2, 1, 1}, 0, \"Regular\"}"
"PASS: ""exact accepted finite checkpoint identity {{2, 1, 1}, 0, \"Regular\"}"
"PASS: ""finite physical component"
"FINITE_COMPONENT_MEMORY "{2, 1, 1}" before "1456579680" after "1755011400
"PASS: ""pinned accepted finite checkpoint {{2, 1, 2}, 1, \"Delta\"}"
"PASS: ""exact accepted finite checkpoint identity {{2, 1, 2}, 1, \"Delta\"}"
"PASS: ""pinned accepted finite checkpoint {{2, 1, 2}, 1, \"L0\"}"
"PASS: ""exact accepted finite checkpoint identity {{2, 1, 2}, 1, \"L0\"}"
"PASS: ""pinned accepted finite checkpoint {{2, 1, 2}, 1, \"L1\"}"
"PASS: ""exact accepted finite checkpoint identity {{2, 1, 2}, 1, \"L1\"}"
"PASS: ""integer finite Laurent support"
"PASS: ""complete Laurent polynomial"
"PASS: ""regulator-independent Laurent coefficients"
"PASS: ""exact Laurent polynomial reconstruction"
"PASS: ""phase kernel has no truncated input series"
"PASS: ""reference phase product evaluated"
"PASS: ""pinned accepted finite checkpoint {{2, 1, 2}, 1, \"Regular\"}"
"PASS: ""exact accepted finite checkpoint identity {{2, 1, 2}, 1, \"Regular\"}"
"PASS: ""pinned accepted finite checkpoint {{2, 1, 2}, -1, \"Delta\"}"
"PASS: ""exact accepted finite checkpoint identity {{2, 1, 2}, -1, \"Delta\"}"
"PASS: ""pinned accepted finite checkpoint {{2, 1, 2}, -1, \"L0\"}"
"PASS: ""exact accepted finite checkpoint identity {{2, 1, 2}, -1, \"L0\"}"
"PASS: ""pinned accepted finite checkpoint {{2, 1, 2}, -1, \"L1\"}"
"PASS: ""exact accepted finite checkpoint identity {{2, 1, 2}, -1, \"L1\"}"
"PASS: ""pinned accepted finite checkpoint {{2, 1, 2}, -1, \"Regular\"}"
"PASS: ""exact accepted finite checkpoint identity {{2, 1, 2}, -1, \"Regular\"}"
"PASS: ""real endpoint branches share a boundary"
"PASS: ""pinned accepted finite checkpoint {{2, 1, 2}, 0, \"Delta\"}"
"PASS: ""exact accepted finite checkpoint identity {{2, 1, 2}, 0, \"Delta\"}"
"PASS: ""pinned accepted finite checkpoint {{2, 1, 2}, 0, \"L0\"}"
"PASS: ""exact accepted finite checkpoint identity {{2, 1, 2}, 0, \"L0\"}"
"PASS: ""pinned accepted finite checkpoint {{2, 1, 2}, 0, \"L1\"}"
"PASS: ""exact accepted finite checkpoint identity {{2, 1, 2}, 0, \"L1\"}"
"PASS: ""pinned accepted finite checkpoint {{2, 1, 2}, 0, \"Regular\"}"
"PASS: ""exact accepted finite checkpoint identity {{2, 1, 2}, 0, \"Regular\"}"
"PASS: ""finite physical component"
"FINITE_COMPONENT_MEMORY "{2, 1, 2}" before "1755011296" after "2103356088
"PASS: ""pinned accepted finite checkpoint {{2, 1, 3}, 1, \"Delta\"}"
"PASS: ""exact accepted finite checkpoint identity {{2, 1, 3}, 1, \"Delta\"}"
"PASS: ""pinned accepted finite checkpoint {{2, 1, 3}, 1, \"L0\"}"
"PASS: ""exact accepted finite checkpoint identity {{2, 1, 3}, 1, \"L0\"}"
"PASS: ""pinned accepted finite checkpoint {{2, 1, 3}, 1, \"L1\"}"
"PASS: ""exact accepted finite checkpoint identity {{2, 1, 3}, 1, \"L1\"}"
"PASS: ""pinned accepted finite checkpoint {{2, 1, 3}, 1, \"Regular\"}"
"PASS: ""exact accepted finite checkpoint identity {{2, 1, 3}, 1, \"Regular\"}"
"PASS: ""pinned accepted finite checkpoint {{2, 1, 3}, -1, \"Delta\"}"
"PASS: ""exact accepted finite checkpoint identity {{2, 1, 3}, -1, \"Delta\"}"
"PASS: ""pinned accepted finite checkpoint {{2, 1, 3}, -1, \"L0\"}"
"PASS: ""exact accepted finite checkpoint identity {{2, 1, 3}, -1, \"L0\"}"
"PASS: ""pinned accepted finite checkpoint {{2, 1, 3}, -1, \"L1\"}"
"PASS: ""exact accepted finite checkpoint identity {{2, 1, 3}, -1, \"L1\"}"
"PASS: ""pinned accepted finite checkpoint {{2, 1, 3}, -1, \"Regular\"}"
"PASS: ""exact accepted finite checkpoint identity {{2, 1, 3}, -1, \"Regular\"}"
"PASS: ""real endpoint branches share a boundary"
"PASS: ""pinned accepted finite checkpoint {{2, 1, 3}, 0, \"Delta\"}"
"PASS: ""exact accepted finite checkpoint identity {{2, 1, 3}, 0, \"Delta\"}"
"PASS: ""pinned accepted finite checkpoint {{2, 1, 3}, 0, \"L0\"}"
"PASS: ""exact accepted finite checkpoint identity {{2, 1, 3}, 0, \"L0\"}"
"PASS: ""pinned accepted finite checkpoint {{2, 1, 3}, 0, \"L1\"}"
"PASS: ""exact accepted finite checkpoint identity {{2, 1, 3}, 0, \"L1\"}"
"PASS: ""pinned accepted finite checkpoint {{2, 1, 3}, 0, \"Regular\"}"
"PASS: ""exact accepted finite checkpoint identity {{2, 1, 3}, 0, \"Regular\"}"
"PASS: ""finite physical component"
"FINITE_COMPONENT_MEMORY "{2, 1, 3}" before "2103355984" after "2103373888
"PASS: ""pinned accepted finite checkpoint {{2, 1, 4}, 1, \"Delta\"}"
"PASS: ""exact accepted finite checkpoint identity {{2, 1, 4}, 1, \"Delta\"}"
"PASS: ""pinned accepted finite checkpoint {{2, 1, 4}, 1, \"L0\"}"
"PASS: ""exact accepted finite checkpoint identity {{2, 1, 4}, 1, \"L0\"}"
"PASS: ""pinned accepted finite checkpoint {{2, 1, 4}, 1, \"L1\"}"
"PASS: ""exact accepted finite checkpoint identity {{2, 1, 4}, 1, \"L1\"}"
"PASS: ""pinned accepted finite checkpoint {{2, 1, 4}, 1, \"Regular\"}"
"PASS: ""exact accepted finite checkpoint identity {{2, 1, 4}, 1, \"Regular\"}"
"PASS: ""pinned accepted finite checkpoint {{2, 1, 4}, -1, \"Delta\"}"
"PASS: ""exact accepted finite checkpoint identity {{2, 1, 4}, -1, \"Delta\"}"
"PASS: ""pinned accepted finite checkpoint {{2, 1, 4}, -1, \"L0\"}"
"PASS: ""exact accepted finite checkpoint identity {{2, 1, 4}, -1, \"L0\"}"
"PASS: ""pinned accepted finite checkpoint {{2, 1, 4}, -1, \"L1\"}"
"PASS: ""exact accepted finite checkpoint identity {{2, 1, 4}, -1, \"L1\"}"
"PASS: ""pinned accepted finite checkpoint {{2, 1, 4}, -1, \"Regular\"}"
"PASS: ""exact accepted finite checkpoint identity {{2, 1, 4}, -1, \"Regular\"}"
"PASS: ""real endpoint branches share a boundary"
"PASS: ""pinned accepted finite checkpoint {{2, 1, 4}, 0, \"Delta\"}"
"PASS: ""exact accepted finite checkpoint identity {{2, 1, 4}, 0, \"Delta\"}"
"PASS: ""pinned accepted finite checkpoint {{2, 1, 4}, 0, \"L0\"}"
"PASS: ""exact accepted finite checkpoint identity {{2, 1, 4}, 0, \"L0\"}"
"PASS: ""pinned accepted finite checkpoint {{2, 1, 4}, 0, \"L1\"}"
"PASS: ""exact accepted finite checkpoint identity {{2, 1, 4}, 0, \"L1\"}"
"PASS: ""pinned accepted finite checkpoint {{2, 1, 4}, 0, \"Regular\"}"
"PASS: ""exact accepted finite checkpoint identity {{2, 1, 4}, 0, \"Regular\"}"
"PASS: ""finite physical component"
"FINITE_COMPONENT_MEMORY "{2, 1, 4}" before "2103373784" after "2103391664
"PASS: ""pinned accepted finite checkpoint {{2, 2, 1}, 1, \"Delta\"}"
"PASS: ""exact accepted finite checkpoint identity {{2, 2, 1}, 1, \"Delta\"}"
"PASS: ""pinned accepted finite checkpoint {{2, 2, 1}, 1, \"L0\"}"
"PASS: ""exact accepted finite checkpoint identity {{2, 2, 1}, 1, \"L0\"}"
"PASS: ""pinned accepted finite checkpoint {{2, 2, 1}, 1, \"L1\"}"
"PASS: ""exact accepted finite checkpoint identity {{2, 2, 1}, 1, \"L1\"}"
"PASS: ""integer finite Laurent support"
"PASS: ""complete Laurent polynomial"
"PASS: ""regulator-independent Laurent coefficients"
"PASS: ""exact Laurent polynomial reconstruction"
"PASS: ""phase kernel has no truncated input series"
"PASS: ""reference phase product evaluated"
"PASS: ""pinned accepted finite checkpoint {{2, 2, 1}, 1, \"Regular\"}"
"PASS: ""exact accepted finite checkpoint identity {{2, 2, 1}, 1, \"Regular\"}"
"PASS: ""pinned accepted finite checkpoint {{2, 2, 1}, -1, \"Delta\"}"
"PASS: ""exact accepted finite checkpoint identity {{2, 2, 1}, -1, \"Delta\"}"
"PASS: ""pinned accepted finite checkpoint {{2, 2, 1}, -1, \"L0\"}"
"PASS: ""exact accepted finite checkpoint identity {{2, 2, 1}, -1, \"L0\"}"
"PASS: ""pinned accepted finite checkpoint {{2, 2, 1}, -1, \"L1\"}"
"PASS: ""exact accepted finite checkpoint identity {{2, 2, 1}, -1, \"L1\"}"
"PASS: ""pinned accepted finite checkpoint {{2, 2, 1}, -1, \"Regular\"}"
"PASS: ""exact accepted finite checkpoint identity {{2, 2, 1}, -1, \"Regular\"}"
"PASS: ""real endpoint branches share a boundary"
"PASS: ""pinned accepted finite checkpoint {{2, 2, 1}, 0, \"Delta\"}"
"PASS: ""exact accepted finite checkpoint identity {{2, 2, 1}, 0, \"Delta\"}"
"PASS: ""pinned accepted finite checkpoint {{2, 2, 1}, 0, \"L0\"}"
"PASS: ""exact accepted finite checkpoint identity {{2, 2, 1}, 0, \"L0\"}"
"PASS: ""pinned accepted finite checkpoint {{2, 2, 1}, 0, \"L1\"}"
"PASS: ""exact accepted finite checkpoint identity {{2, 2, 1}, 0, \"L1\"}"
"PASS: ""pinned accepted finite checkpoint {{2, 2, 1}, 0, \"Regular\"}"
"PASS: ""exact accepted finite checkpoint identity {{2, 2, 1}, 0, \"Regular\"}"
"PASS: ""finite physical component"
"FINITE_COMPONENT_MEMORY "{2, 2, 1}" before "2103391560" after "2440716896
"PASS: ""pinned accepted finite checkpoint {{2, 2, 2}, 1, \"Delta\"}"
"PASS: ""exact accepted finite checkpoint identity {{2, 2, 2}, 1, \"Delta\"}"
"PASS: ""pinned accepted finite checkpoint {{2, 2, 2}, 1, \"L0\"}"
"PASS: ""exact accepted finite checkpoint identity {{2, 2, 2}, 1, \"L0\"}"
"PASS: ""pinned accepted finite checkpoint {{2, 2, 2}, 1, \"L1\"}"
"PASS: ""exact accepted finite checkpoint identity {{2, 2, 2}, 1, \"L1\"}"
"PASS: ""integer finite Laurent support"
"PASS: ""complete Laurent polynomial"
"PASS: ""regulator-independent Laurent coefficients"
"PASS: ""exact Laurent polynomial reconstruction"
"PASS: ""phase kernel has no truncated input series"
"PASS: ""reference phase product evaluated"
"PASS: ""pinned accepted finite checkpoint {{2, 2, 2}, 1, \"Regular\"}"
"PASS: ""exact accepted finite checkpoint identity {{2, 2, 2}, 1, \"Regular\"}"
"PASS: ""pinned accepted finite checkpoint {{2, 2, 2}, -1, \"Delta\"}"
"PASS: ""exact accepted finite checkpoint identity {{2, 2, 2}, -1, \"Delta\"}"
"PASS: ""pinned accepted finite checkpoint {{2, 2, 2}, -1, \"L0\"}"
"PASS: ""exact accepted finite checkpoint identity {{2, 2, 2}, -1, \"L0\"}"
"PASS: ""pinned accepted finite checkpoint {{2, 2, 2}, -1, \"L1\"}"
"PASS: ""exact accepted finite checkpoint identity {{2, 2, 2}, -1, \"L1\"}"
"PASS: ""pinned accepted finite checkpoint {{2, 2, 2}, -1, \"Regular\"}"
"PASS: ""exact accepted finite checkpoint identity {{2, 2, 2}, -1, \"Regular\"}"
"PASS: ""real endpoint branches share a boundary"
"PASS: ""pinned accepted finite checkpoint {{2, 2, 2}, 0, \"Delta\"}"
"PASS: ""exact accepted finite checkpoint identity {{2, 2, 2}, 0, \"Delta\"}"
"PASS: ""pinned accepted finite checkpoint {{2, 2, 2}, 0, \"L0\"}"
"PASS: ""exact accepted finite checkpoint identity {{2, 2, 2}, 0, \"L0\"}"
"PASS: ""pinned accepted finite checkpoint {{2, 2, 2}, 0, \"L1\"}"
"PASS: ""exact accepted finite checkpoint identity {{2, 2, 2}, 0, \"L1\"}"
"PASS: ""pinned accepted finite checkpoint {{2, 2, 2}, 0, \"Regular\"}"
"PASS: ""exact accepted finite checkpoint identity {{2, 2, 2}, 0, \"Regular\"}"
"PASS: ""finite physical component"
"FINITE_COMPONENT_MEMORY "{2, 2, 2}" before "2440716792" after "2732931040
"PASS: ""pinned accepted finite checkpoint {{2, 2, 3}, 1, \"Delta\"}"
"PASS: ""exact accepted finite checkpoint identity {{2, 2, 3}, 1, \"Delta\"}"
"PASS: ""pinned accepted finite checkpoint {{2, 2, 3}, 1, \"L0\"}"
"PASS: ""exact accepted finite checkpoint identity {{2, 2, 3}, 1, \"L0\"}"
"PASS: ""pinned accepted finite checkpoint {{2, 2, 3}, 1, \"L1\"}"
"PASS: ""exact accepted finite checkpoint identity {{2, 2, 3}, 1, \"L1\"}"
"PASS: ""pinned accepted finite checkpoint {{2, 2, 3}, 1, \"Regular\"}"
"PASS: ""exact accepted finite checkpoint identity {{2, 2, 3}, 1, \"Regular\"}"
"PASS: ""pinned accepted finite checkpoint {{2, 2, 3}, -1, \"Delta\"}"
"PASS: ""exact accepted finite checkpoint identity {{2, 2, 3}, -1, \"Delta\"}"
"PASS: ""pinned accepted finite checkpoint {{2, 2, 3}, -1, \"L0\"}"
"PASS: ""exact accepted finite checkpoint identity {{2, 2, 3}, -1, \"L0\"}"
"PASS: ""pinned accepted finite checkpoint {{2, 2, 3}, -1, \"L1\"}"
"PASS: ""exact accepted finite checkpoint identity {{2, 2, 3}, -1, \"L1\"}"
"PASS: ""pinned accepted finite checkpoint {{2, 2, 3}, -1, \"Regular\"}"
"PASS: ""exact accepted finite checkpoint identity {{2, 2, 3}, -1, \"Regular\"}"
"PASS: ""real endpoint branches share a boundary"
"PASS: ""pinned accepted finite checkpoint {{2, 2, 3}, 0, \"Delta\"}"
"PASS: ""exact accepted finite checkpoint identity {{2, 2, 3}, 0, \"Delta\"}"
"PASS: ""pinned accepted finite checkpoint {{2, 2, 3}, 0, \"L0\"}"
"PASS: ""exact accepted finite checkpoint identity {{2, 2, 3}, 0, \"L0\"}"
"PASS: ""pinned accepted finite checkpoint {{2, 2, 3}, 0, \"L1\"}"
"PASS: ""exact accepted finite checkpoint identity {{2, 2, 3}, 0, \"L1\"}"
"PASS: ""pinned accepted finite checkpoint {{2, 2, 3}, 0, \"Regular\"}"
"PASS: ""exact accepted finite checkpoint identity {{2, 2, 3}, 0, \"Regular\"}"
"PASS: ""finite physical component"
"FINITE_COMPONENT_MEMORY "{2, 2, 3}" before "2732930936" after "2732948928
"PASS: ""pinned accepted finite checkpoint {{2, 2, 4}, 1, \"Delta\"}"
"PASS: ""exact accepted finite checkpoint identity {{2, 2, 4}, 1, \"Delta\"}"
"PASS: ""pinned accepted finite checkpoint {{2, 2, 4}, 1, \"L0\"}"
"PASS: ""exact accepted finite checkpoint identity {{2, 2, 4}, 1, \"L0\"}"
"PASS: ""pinned accepted finite checkpoint {{2, 2, 4}, 1, \"L1\"}"
"PASS: ""exact accepted finite checkpoint identity {{2, 2, 4}, 1, \"L1\"}"
"PASS: ""pinned accepted finite checkpoint {{2, 2, 4}, 1, \"Regular\"}"
"PASS: ""exact accepted finite checkpoint identity {{2, 2, 4}, 1, \"Regular\"}"
"PASS: ""pinned accepted finite checkpoint {{2, 2, 4}, -1, \"Delta\"}"
"PASS: ""exact accepted finite checkpoint identity {{2, 2, 4}, -1, \"Delta\"}"
"PASS: ""pinned accepted finite checkpoint {{2, 2, 4}, -1, \"L0\"}"
"PASS: ""exact accepted finite checkpoint identity {{2, 2, 4}, -1, \"L0\"}"
"PASS: ""pinned accepted finite checkpoint {{2, 2, 4}, -1, \"L1\"}"
"PASS: ""exact accepted finite checkpoint identity {{2, 2, 4}, -1, \"L1\"}"
"PASS: ""pinned accepted finite checkpoint {{2, 2, 4}, -1, \"Regular\"}"
"PASS: ""exact accepted finite checkpoint identity {{2, 2, 4}, -1, \"Regular\"}"
"PASS: ""real endpoint branches share a boundary"
"PASS: ""pinned accepted finite checkpoint {{2, 2, 4}, 0, \"Delta\"}"
"PASS: ""exact accepted finite checkpoint identity {{2, 2, 4}, 0, \"Delta\"}"
"PASS: ""pinned accepted finite checkpoint {{2, 2, 4}, 0, \"L0\"}"
"PASS: ""exact accepted finite checkpoint identity {{2, 2, 4}, 0, \"L0\"}"
"PASS: ""pinned accepted finite checkpoint {{2, 2, 4}, 0, \"L1\"}"
"PASS: ""exact accepted finite checkpoint identity {{2, 2, 4}, 0, \"L1\"}"
"PASS: ""pinned accepted finite checkpoint {{2, 2, 4}, 0, \"Regular\"}"
"PASS: ""exact accepted finite checkpoint identity {{2, 2, 4}, 0, \"Regular\"}"
"PASS: ""finite physical component"
"FINITE_COMPONENT_MEMORY "{2, 2, 4}" before "2732948824" after "2732966712
"PASS: ""pinned accepted finite checkpoint {{2, 3, 1}, 1, \"Delta\"}"
"PASS: ""exact accepted finite checkpoint identity {{2, 3, 1}, 1, \"Delta\"}"
"PASS: ""pinned accepted finite checkpoint {{2, 3, 1}, 1, \"L0\"}"
"PASS: ""exact accepted finite checkpoint identity {{2, 3, 1}, 1, \"L0\"}"
"PASS: ""pinned accepted finite checkpoint {{2, 3, 1}, 1, \"L1\"}"
"PASS: ""exact accepted finite checkpoint identity {{2, 3, 1}, 1, \"L1\"}"
"PASS: ""pinned accepted finite checkpoint {{2, 3, 1}, 1, \"Regular\"}"
"PASS: ""exact accepted finite checkpoint identity {{2, 3, 1}, 1, \"Regular\"}"
"PASS: ""pinned accepted finite checkpoint {{2, 3, 1}, -1, \"Delta\"}"
"PASS: ""exact accepted finite checkpoint identity {{2, 3, 1}, -1, \"Delta\"}"
"PASS: ""pinned accepted finite checkpoint {{2, 3, 1}, -1, \"L0\"}"
"PASS: ""exact accepted finite checkpoint identity {{2, 3, 1}, -1, \"L0\"}"
"PASS: ""pinned accepted finite checkpoint {{2, 3, 1}, -1, \"L1\"}"
"PASS: ""exact accepted finite checkpoint identity {{2, 3, 1}, -1, \"L1\"}"
"PASS: ""pinned accepted finite checkpoint {{2, 3, 1}, -1, \"Regular\"}"
"PASS: ""exact accepted finite checkpoint identity {{2, 3, 1}, -1, \"Regular\"}"
"PASS: ""real endpoint branches share a boundary"
"PASS: ""pinned accepted finite checkpoint {{2, 3, 1}, 0, \"Delta\"}"
"PASS: ""exact accepted finite checkpoint identity {{2, 3, 1}, 0, \"Delta\"}"
"PASS: ""pinned accepted finite checkpoint {{2, 3, 1}, 0, \"L0\"}"
"PASS: ""exact accepted finite checkpoint identity {{2, 3, 1}, 0, \"L0\"}"
"PASS: ""pinned accepted finite checkpoint {{2, 3, 1}, 0, \"L1\"}"
"PASS: ""exact accepted finite checkpoint identity {{2, 3, 1}, 0, \"L1\"}"
"PASS: ""pinned accepted finite checkpoint {{2, 3, 1}, 0, \"Regular\"}"
"PASS: ""exact accepted finite checkpoint identity {{2, 3, 1}, 0, \"Regular\"}"
"PASS: ""finite physical component"
"FINITE_COMPONENT_MEMORY "{2, 3, 1}" before "2732966608" after "2732984384
"PASS: ""pinned accepted finite checkpoint {{2, 3, 2}, 1, \"Delta\"}"
"PASS: ""exact accepted finite checkpoint identity {{2, 3, 2}, 1, \"Delta\"}"
"PASS: ""pinned accepted finite checkpoint {{2, 3, 2}, 1, \"L0\"}"
"PASS: ""exact accepted finite checkpoint identity {{2, 3, 2}, 1, \"L0\"}"
"PASS: ""pinned accepted finite checkpoint {{2, 3, 2}, 1, \"L1\"}"
"PASS: ""exact accepted finite checkpoint identity {{2, 3, 2}, 1, \"L1\"}"
"PASS: ""pinned accepted finite checkpoint {{2, 3, 2}, 1, \"Regular\"}"
"PASS: ""exact accepted finite checkpoint identity {{2, 3, 2}, 1, \"Regular\"}"
"PASS: ""pinned accepted finite checkpoint {{2, 3, 2}, -1, \"Delta\"}"
"PASS: ""exact accepted finite checkpoint identity {{2, 3, 2}, -1, \"Delta\"}"
"PASS: ""pinned accepted finite checkpoint {{2, 3, 2}, -1, \"L0\"}"
"PASS: ""exact accepted finite checkpoint identity {{2, 3, 2}, -1, \"L0\"}"
"PASS: ""pinned accepted finite checkpoint {{2, 3, 2}, -1, \"L1\"}"
"PASS: ""exact accepted finite checkpoint identity {{2, 3, 2}, -1, \"L1\"}"
"PASS: ""pinned accepted finite checkpoint {{2, 3, 2}, -1, \"Regular\"}"
"PASS: ""exact accepted finite checkpoint identity {{2, 3, 2}, -1, \"Regular\"}"
"PASS: ""real endpoint branches share a boundary"
"PASS: ""pinned accepted finite checkpoint {{2, 3, 2}, 0, \"Delta\"}"
"PASS: ""exact accepted finite checkpoint identity {{2, 3, 2}, 0, \"Delta\"}"
"PASS: ""pinned accepted finite checkpoint {{2, 3, 2}, 0, \"L0\"}"
"PASS: ""exact accepted finite checkpoint identity {{2, 3, 2}, 0, \"L0\"}"
"PASS: ""pinned accepted finite checkpoint {{2, 3, 2}, 0, \"L1\"}"
"PASS: ""exact accepted finite checkpoint identity {{2, 3, 2}, 0, \"L1\"}"
"PASS: ""pinned accepted finite checkpoint {{2, 3, 2}, 0, \"Regular\"}"
"PASS: ""exact accepted finite checkpoint identity {{2, 3, 2}, 0, \"Regular\"}"
"PASS: ""finite physical component"
"FINITE_COMPONENT_MEMORY "{2, 3, 2}" before "2732984280" after "2733002344
"PASS: ""pinned accepted finite checkpoint {{2, 3, 3}, 1, \"Delta\"}"
"PASS: ""exact accepted finite checkpoint identity {{2, 3, 3}, 1, \"Delta\"}"
"PASS: ""pinned accepted finite checkpoint {{2, 3, 3}, 1, \"L0\"}"
"PASS: ""exact accepted finite checkpoint identity {{2, 3, 3}, 1, \"L0\"}"
"PASS: ""pinned accepted finite checkpoint {{2, 3, 3}, 1, \"L1\"}"
"PASS: ""exact accepted finite checkpoint identity {{2, 3, 3}, 1, \"L1\"}"
"PASS: ""integer finite Laurent support"
"PASS: ""complete Laurent polynomial"
"PASS: ""regulator-independent Laurent coefficients"
"PASS: ""exact Laurent polynomial reconstruction"
"PASS: ""phase kernel has no truncated input series"
"PASS: ""reference phase product evaluated"
"PASS: ""pinned accepted finite checkpoint {{2, 3, 3}, 1, \"Regular\"}"
"PASS: ""exact accepted finite checkpoint identity {{2, 3, 3}, 1, \"Regular\"}"
"PASS: ""pinned accepted finite checkpoint {{2, 3, 3}, -1, \"Delta\"}"
"PASS: ""exact accepted finite checkpoint identity {{2, 3, 3}, -1, \"Delta\"}"
"PASS: ""pinned accepted finite checkpoint {{2, 3, 3}, -1, \"L0\"}"
"PASS: ""exact accepted finite checkpoint identity {{2, 3, 3}, -1, \"L0\"}"
"PASS: ""pinned accepted finite checkpoint {{2, 3, 3}, -1, \"L1\"}"
"PASS: ""exact accepted finite checkpoint identity {{2, 3, 3}, -1, \"L1\"}"
"PASS: ""pinned accepted finite checkpoint {{2, 3, 3}, -1, \"Regular\"}"
"PASS: ""exact accepted finite checkpoint identity {{2, 3, 3}, -1, \"Regular\"}"
"PASS: ""real endpoint branches share a boundary"
"PASS: ""pinned accepted finite checkpoint {{2, 3, 3}, 0, \"Delta\"}"
"PASS: ""exact accepted finite checkpoint identity {{2, 3, 3}, 0, \"Delta\"}"
"PASS: ""pinned accepted finite checkpoint {{2, 3, 3}, 0, \"L0\"}"
"PASS: ""exact accepted finite checkpoint identity {{2, 3, 3}, 0, \"L0\"}"
"PASS: ""pinned accepted finite checkpoint {{2, 3, 3}, 0, \"L1\"}"
"PASS: ""exact accepted finite checkpoint identity {{2, 3, 3}, 0, \"L1\"}"
"PASS: ""pinned accepted finite checkpoint {{2, 3, 3}, 0, \"Regular\"}"
"PASS: ""exact accepted finite checkpoint identity {{2, 3, 3}, 0, \"Regular\"}"
"PASS: ""finite physical component"
"FINITE_COMPONENT_MEMORY "{2, 3, 3}" before "2733002240" after "2933519192
"PASS: ""pinned accepted finite checkpoint {{2, 3, 4}, 1, \"Delta\"}"
"PASS: ""exact accepted finite checkpoint identity {{2, 3, 4}, 1, \"Delta\"}"
"PASS: ""pinned accepted finite checkpoint {{2, 3, 4}, 1, \"L0\"}"
"PASS: ""exact accepted finite checkpoint identity {{2, 3, 4}, 1, \"L0\"}"
"PASS: ""pinned accepted finite checkpoint {{2, 3, 4}, 1, \"L1\"}"
"PASS: ""exact accepted finite checkpoint identity {{2, 3, 4}, 1, \"L1\"}"
"PASS: ""pinned accepted finite checkpoint {{2, 3, 4}, 1, \"Regular\"}"
"PASS: ""exact accepted finite checkpoint identity {{2, 3, 4}, 1, \"Regular\"}"
"PASS: ""pinned accepted finite checkpoint {{2, 3, 4}, -1, \"Delta\"}"
"PASS: ""exact accepted finite checkpoint identity {{2, 3, 4}, -1, \"Delta\"}"
"PASS: ""pinned accepted finite checkpoint {{2, 3, 4}, -1, \"L0\"}"
"PASS: ""exact accepted finite checkpoint identity {{2, 3, 4}, -1, \"L0\"}"
"PASS: ""pinned accepted finite checkpoint {{2, 3, 4}, -1, \"L1\"}"
"PASS: ""exact accepted finite checkpoint identity {{2, 3, 4}, -1, \"L1\"}"
"PASS: ""pinned accepted finite checkpoint {{2, 3, 4}, -1, \"Regular\"}"
"PASS: ""exact accepted finite checkpoint identity {{2, 3, 4}, -1, \"Regular\"}"
"PASS: ""real endpoint branches share a boundary"
"PASS: ""pinned accepted finite checkpoint {{2, 3, 4}, 0, \"Delta\"}"
"PASS: ""exact accepted finite checkpoint identity {{2, 3, 4}, 0, \"Delta\"}"
"PASS: ""pinned accepted finite checkpoint {{2, 3, 4}, 0, \"L0\"}"
"PASS: ""exact accepted finite checkpoint identity {{2, 3, 4}, 0, \"L0\"}"
"PASS: ""pinned accepted finite checkpoint {{2, 3, 4}, 0, \"L1\"}"
"PASS: ""exact accepted finite checkpoint identity {{2, 3, 4}, 0, \"L1\"}"
"PASS: ""pinned accepted finite checkpoint {{2, 3, 4}, 0, \"Regular\"}"
"PASS: ""exact accepted finite checkpoint identity {{2, 3, 4}, 0, \"Regular\"}"
"PASS: ""finite physical component"
"FINITE_COMPONENT_MEMORY "{2, 3, 4}" before "2933519088" after "2933537064
"PASS: ""pinned accepted finite checkpoint {{2, 4, 1}, 1, \"Delta\"}"
"PASS: ""exact accepted finite checkpoint identity {{2, 4, 1}, 1, \"Delta\"}"
"PASS: ""pinned accepted finite checkpoint {{2, 4, 1}, 1, \"L0\"}"
"PASS: ""exact accepted finite checkpoint identity {{2, 4, 1}, 1, \"L0\"}"
"PASS: ""pinned accepted finite checkpoint {{2, 4, 1}, 1, \"L1\"}"
"PASS: ""exact accepted finite checkpoint identity {{2, 4, 1}, 1, \"L1\"}"
"PASS: ""pinned accepted finite checkpoint {{2, 4, 1}, 1, \"Regular\"}"
"PASS: ""exact accepted finite checkpoint identity {{2, 4, 1}, 1, \"Regular\"}"
"PASS: ""pinned accepted finite checkpoint {{2, 4, 1}, -1, \"Delta\"}"
"PASS: ""exact accepted finite checkpoint identity {{2, 4, 1}, -1, \"Delta\"}"
"PASS: ""pinned accepted finite checkpoint {{2, 4, 1}, -1, \"L0\"}"
"PASS: ""exact accepted finite checkpoint identity {{2, 4, 1}, -1, \"L0\"}"
"PASS: ""pinned accepted finite checkpoint {{2, 4, 1}, -1, \"L1\"}"
"PASS: ""exact accepted finite checkpoint identity {{2, 4, 1}, -1, \"L1\"}"
"PASS: ""pinned accepted finite checkpoint {{2, 4, 1}, -1, \"Regular\"}"
"PASS: ""exact accepted finite checkpoint identity {{2, 4, 1}, -1, \"Regular\"}"
"PASS: ""real endpoint branches share a boundary"
"PASS: ""pinned accepted finite checkpoint {{2, 4, 1}, 0, \"Delta\"}"
"PASS: ""exact accepted finite checkpoint identity {{2, 4, 1}, 0, \"Delta\"}"
"PASS: ""pinned accepted finite checkpoint {{2, 4, 1}, 0, \"L0\"}"
"PASS: ""exact accepted finite checkpoint identity {{2, 4, 1}, 0, \"L0\"}"
"PASS: ""pinned accepted finite checkpoint {{2, 4, 1}, 0, \"L1\"}"
"PASS: ""exact accepted finite checkpoint identity {{2, 4, 1}, 0, \"L1\"}"
"PASS: ""pinned accepted finite checkpoint {{2, 4, 1}, 0, \"Regular\"}"
"PASS: ""exact accepted finite checkpoint identity {{2, 4, 1}, 0, \"Regular\"}"
"PASS: ""finite physical component"
"FINITE_COMPONENT_MEMORY "{2, 4, 1}" before "2933536960" after "2933555064
"PASS: ""pinned accepted finite checkpoint {{2, 4, 2}, 1, \"Delta\"}"
"PASS: ""exact accepted finite checkpoint identity {{2, 4, 2}, 1, \"Delta\"}"
"PASS: ""pinned accepted finite checkpoint {{2, 4, 2}, 1, \"L0\"}"
"PASS: ""exact accepted finite checkpoint identity {{2, 4, 2}, 1, \"L0\"}"
"PASS: ""pinned accepted finite checkpoint {{2, 4, 2}, 1, \"L1\"}"
"PASS: ""exact accepted finite checkpoint identity {{2, 4, 2}, 1, \"L1\"}"
"PASS: ""pinned accepted finite checkpoint {{2, 4, 2}, 1, \"Regular\"}"
"PASS: ""exact accepted finite checkpoint identity {{2, 4, 2}, 1, \"Regular\"}"
"PASS: ""pinned accepted finite checkpoint {{2, 4, 2}, -1, \"Delta\"}"
"PASS: ""exact accepted finite checkpoint identity {{2, 4, 2}, -1, \"Delta\"}"
"PASS: ""pinned accepted finite checkpoint {{2, 4, 2}, -1, \"L0\"}"
"PASS: ""exact accepted finite checkpoint identity {{2, 4, 2}, -1, \"L0\"}"
"PASS: ""pinned accepted finite checkpoint {{2, 4, 2}, -1, \"L1\"}"
"PASS: ""exact accepted finite checkpoint identity {{2, 4, 2}, -1, \"L1\"}"
"PASS: ""pinned accepted finite checkpoint {{2, 4, 2}, -1, \"Regular\"}"
"PASS: ""exact accepted finite checkpoint identity {{2, 4, 2}, -1, \"Regular\"}"
"PASS: ""real endpoint branches share a boundary"
"PASS: ""pinned accepted finite checkpoint {{2, 4, 2}, 0, \"Delta\"}"
"PASS: ""exact accepted finite checkpoint identity {{2, 4, 2}, 0, \"Delta\"}"
"PASS: ""pinned accepted finite checkpoint {{2, 4, 2}, 0, \"L0\"}"
"PASS: ""exact accepted finite checkpoint identity {{2, 4, 2}, 0, \"L0\"}"
"PASS: ""pinned accepted finite checkpoint {{2, 4, 2}, 0, \"L1\"}"
"PASS: ""exact accepted finite checkpoint identity {{2, 4, 2}, 0, \"L1\"}"
"PASS: ""pinned accepted finite checkpoint {{2, 4, 2}, 0, \"Regular\"}"
"PASS: ""exact accepted finite checkpoint identity {{2, 4, 2}, 0, \"Regular\"}"
"PASS: ""finite physical component"
"FINITE_COMPONENT_MEMORY "{2, 4, 2}" before "2933554960" after "2933573000
"PASS: ""pinned accepted finite checkpoint {{2, 4, 3}, 1, \"Delta\"}"
"PASS: ""exact accepted finite checkpoint identity {{2, 4, 3}, 1, \"Delta\"}"
"PASS: ""pinned accepted finite checkpoint {{2, 4, 3}, 1, \"L0\"}"
"PASS: ""exact accepted finite checkpoint identity {{2, 4, 3}, 1, \"L0\"}"
"PASS: ""pinned accepted finite checkpoint {{2, 4, 3}, 1, \"L1\"}"
"PASS: ""exact accepted finite checkpoint identity {{2, 4, 3}, 1, \"L1\"}"
"PASS: ""pinned accepted finite checkpoint {{2, 4, 3}, 1, \"Regular\"}"
"PASS: ""exact accepted finite checkpoint identity {{2, 4, 3}, 1, \"Regular\"}"
"PASS: ""pinned accepted finite checkpoint {{2, 4, 3}, -1, \"Delta\"}"
"PASS: ""exact accepted finite checkpoint identity {{2, 4, 3}, -1, \"Delta\"}"
"PASS: ""pinned accepted finite checkpoint {{2, 4, 3}, -1, \"L0\"}"
"PASS: ""exact accepted finite checkpoint identity {{2, 4, 3}, -1, \"L0\"}"
"PASS: ""pinned accepted finite checkpoint {{2, 4, 3}, -1, \"L1\"}"
"PASS: ""exact accepted finite checkpoint identity {{2, 4, 3}, -1, \"L1\"}"
"PASS: ""pinned accepted finite checkpoint {{2, 4, 3}, -1, \"Regular\"}"
"PASS: ""exact accepted finite checkpoint identity {{2, 4, 3}, -1, \"Regular\"}"
"PASS: ""real endpoint branches share a boundary"
"PASS: ""pinned accepted finite checkpoint {{2, 4, 3}, 0, \"Delta\"}"
"PASS: ""exact accepted finite checkpoint identity {{2, 4, 3}, 0, \"Delta\"}"
"PASS: ""pinned accepted finite checkpoint {{2, 4, 3}, 0, \"L0\"}"
"PASS: ""exact accepted finite checkpoint identity {{2, 4, 3}, 0, \"L0\"}"
"PASS: ""pinned accepted finite checkpoint {{2, 4, 3}, 0, \"L1\"}"
"PASS: ""exact accepted finite checkpoint identity {{2, 4, 3}, 0, \"L1\"}"
"PASS: ""pinned accepted finite checkpoint {{2, 4, 3}, 0, \"Regular\"}"
"PASS: ""exact accepted finite checkpoint identity {{2, 4, 3}, 0, \"Regular\"}"
"PASS: ""finite physical component"
"FINITE_COMPONENT_MEMORY "{2, 4, 3}" before "2933572896" after "2933590768
"PASS: ""pinned accepted finite checkpoint {{2, 4, 4}, 1, \"Delta\"}"
"PASS: ""exact accepted finite checkpoint identity {{2, 4, 4}, 1, \"Delta\"}"
"PASS: ""pinned accepted finite checkpoint {{2, 4, 4}, 1, \"L0\"}"
"PASS: ""exact accepted finite checkpoint identity {{2, 4, 4}, 1, \"L0\"}"
"PASS: ""pinned accepted finite checkpoint {{2, 4, 4}, 1, \"L1\"}"
"PASS: ""exact accepted finite checkpoint identity {{2, 4, 4}, 1, \"L1\"}"
"PASS: ""integer finite Laurent support"
"PASS: ""complete Laurent polynomial"
"PASS: ""regulator-independent Laurent coefficients"
"PASS: ""exact Laurent polynomial reconstruction"
"PASS: ""phase kernel has no truncated input series"
"PASS: ""reference phase product evaluated"
"PASS: ""pinned accepted finite checkpoint {{2, 4, 4}, 1, \"Regular\"}"
"PASS: ""exact accepted finite checkpoint identity {{2, 4, 4}, 1, \"Regular\"}"
"PASS: ""pinned accepted finite checkpoint {{2, 4, 4}, -1, \"Delta\"}"
"PASS: ""exact accepted finite checkpoint identity {{2, 4, 4}, -1, \"Delta\"}"
"PASS: ""pinned accepted finite checkpoint {{2, 4, 4}, -1, \"L0\"}"
"PASS: ""exact accepted finite checkpoint identity {{2, 4, 4}, -1, \"L0\"}"
"PASS: ""pinned accepted finite checkpoint {{2, 4, 4}, -1, \"L1\"}"
"PASS: ""exact accepted finite checkpoint identity {{2, 4, 4}, -1, \"L1\"}"
"PASS: ""pinned accepted finite checkpoint {{2, 4, 4}, -1, \"Regular\"}"
"PASS: ""exact accepted finite checkpoint identity {{2, 4, 4}, -1, \"Regular\"}"
"PASS: ""real endpoint branches share a boundary"
"PASS: ""pinned accepted finite checkpoint {{2, 4, 4}, 0, \"Delta\"}"
"PASS: ""exact accepted finite checkpoint identity {{2, 4, 4}, 0, \"Delta\"}"
"PASS: ""pinned accepted finite checkpoint {{2, 4, 4}, 0, \"L0\"}"
"PASS: ""exact accepted finite checkpoint identity {{2, 4, 4}, 0, \"L0\"}"
"PASS: ""pinned accepted finite checkpoint {{2, 4, 4}, 0, \"L1\"}"
"PASS: ""exact accepted finite checkpoint identity {{2, 4, 4}, 0, \"L1\"}"
"PASS: ""pinned accepted finite checkpoint {{2, 4, 4}, 0, \"Regular\"}"
"PASS: ""exact accepted finite checkpoint identity {{2, 4, 4}, 0, \"Regular\"}"
"PASS: ""finite physical component"
"FINITE_COMPONENT_MEMORY "{2, 4, 4}" before "2933590664" after "3070435680
"PASS: ""pinned accepted finite checkpoint {{3, 1, 1}, 1, \"Delta\"}"
"PASS: ""exact accepted finite checkpoint identity {{3, 1, 1}, 1, \"Delta\"}"
"PASS: ""pinned accepted finite checkpoint {{3, 1, 1}, 1, \"L0\"}"
"PASS: ""exact accepted finite checkpoint identity {{3, 1, 1}, 1, \"L0\"}"
"PASS: ""pinned accepted finite checkpoint {{3, 1, 1}, 1, \"L1\"}"
"PASS: ""exact accepted finite checkpoint identity {{3, 1, 1}, 1, \"L1\"}"
"PASS: ""integer finite Laurent support"
"PASS: ""complete Laurent polynomial"
"PASS: ""regulator-independent Laurent coefficients"
"PASS: ""exact Laurent polynomial reconstruction"
"PASS: ""phase kernel has no truncated input series"
"PASS: ""reference phase product evaluated"
"PASS: ""pinned accepted finite checkpoint {{3, 1, 1}, 1, \"Regular\"}"
"PASS: ""exact accepted finite checkpoint identity {{3, 1, 1}, 1, \"Regular\"}"
"PASS: ""pinned accepted finite checkpoint {{3, 1, 1}, -1, \"Delta\"}"
"PASS: ""exact accepted finite checkpoint identity {{3, 1, 1}, -1, \"Delta\"}"
"PASS: ""pinned accepted finite checkpoint {{3, 1, 1}, -1, \"L0\"}"
"PASS: ""exact accepted finite checkpoint identity {{3, 1, 1}, -1, \"L0\"}"
"PASS: ""pinned accepted finite checkpoint {{3, 1, 1}, -1, \"L1\"}"
"PASS: ""exact accepted finite checkpoint identity {{3, 1, 1}, -1, \"L1\"}"
"PASS: ""pinned accepted finite checkpoint {{3, 1, 1}, -1, \"Regular\"}"
"PASS: ""exact accepted finite checkpoint identity {{3, 1, 1}, -1, \"Regular\"}"
"PASS: ""real endpoint branches share a boundary"
"PASS: ""pinned accepted finite checkpoint {{3, 1, 1}, 0, \"Delta\"}"
"PASS: ""exact accepted finite checkpoint identity {{3, 1, 1}, 0, \"Delta\"}"
"PASS: ""pinned accepted finite checkpoint {{3, 1, 1}, 0, \"L0\"}"
"PASS: ""exact accepted finite checkpoint identity {{3, 1, 1}, 0, \"L0\"}"
"PASS: ""pinned accepted finite checkpoint {{3, 1, 1}, 0, \"L1\"}"
"PASS: ""exact accepted finite checkpoint identity {{3, 1, 1}, 0, \"L1\"}"
"PASS: ""pinned accepted finite checkpoint {{3, 1, 1}, 0, \"Regular\"}"
"PASS: ""exact accepted finite checkpoint identity {{3, 1, 1}, 0, \"Regular\"}"
"PASS: ""finite physical component"
"FINITE_COMPONENT_MEMORY "{3, 1, 1}" before "3070435576" after "3365421568
"PASS: ""pinned accepted finite checkpoint {{3, 1, 2}, 1, \"Delta\"}"
"PASS: ""exact accepted finite checkpoint identity {{3, 1, 2}, 1, \"Delta\"}"
"PASS: ""pinned accepted finite checkpoint {{3, 1, 2}, 1, \"L0\"}"
"PASS: ""exact accepted finite checkpoint identity {{3, 1, 2}, 1, \"L0\"}"
"PASS: ""pinned accepted finite checkpoint {{3, 1, 2}, 1, \"L1\"}"
"PASS: ""exact accepted finite checkpoint identity {{3, 1, 2}, 1, \"L1\"}"
"PASS: ""integer finite Laurent support"
"PASS: ""complete Laurent polynomial"
"PASS: ""regulator-independent Laurent coefficients"
"PASS: ""exact Laurent polynomial reconstruction"
"PASS: ""phase kernel has no truncated input series"
"PASS: ""reference phase product evaluated"
"PASS: ""pinned accepted finite checkpoint {{3, 1, 2}, 1, \"Regular\"}"
"PASS: ""exact accepted finite checkpoint identity {{3, 1, 2}, 1, \"Regular\"}"
"PASS: ""pinned accepted finite checkpoint {{3, 1, 2}, -1, \"Delta\"}"
"PASS: ""exact accepted finite checkpoint identity {{3, 1, 2}, -1, \"Delta\"}"
"PASS: ""pinned accepted finite checkpoint {{3, 1, 2}, -1, \"L0\"}"
"PASS: ""exact accepted finite checkpoint identity {{3, 1, 2}, -1, \"L0\"}"
"PASS: ""pinned accepted finite checkpoint {{3, 1, 2}, -1, \"L1\"}"
"PASS: ""exact accepted finite checkpoint identity {{3, 1, 2}, -1, \"L1\"}"
"PASS: ""pinned accepted finite checkpoint {{3, 1, 2}, -1, \"Regular\"}"
"PASS: ""exact accepted finite checkpoint identity {{3, 1, 2}, -1, \"Regular\"}"
"PASS: ""real endpoint branches share a boundary"
"PASS: ""pinned accepted finite checkpoint {{3, 1, 2}, 0, \"Delta\"}"
"PASS: ""exact accepted finite checkpoint identity {{3, 1, 2}, 0, \"Delta\"}"
"PASS: ""pinned accepted finite checkpoint {{3, 1, 2}, 0, \"L0\"}"
"PASS: ""exact accepted finite checkpoint identity {{3, 1, 2}, 0, \"L0\"}"
"PASS: ""pinned accepted finite checkpoint {{3, 1, 2}, 0, \"L1\"}"
"PASS: ""exact accepted finite checkpoint identity {{3, 1, 2}, 0, \"L1\"}"
"PASS: ""pinned accepted finite checkpoint {{3, 1, 2}, 0, \"Regular\"}"
"PASS: ""exact accepted finite checkpoint identity {{3, 1, 2}, 0, \"Regular\"}"
"PASS: ""finite physical component"
"FINITE_COMPONENT_MEMORY "{3, 1, 2}" before "3365421464" after "3529909008
"PASS: ""pinned accepted finite checkpoint {{3, 1, 3}, 1, \"Delta\"}"
"PASS: ""exact accepted finite checkpoint identity {{3, 1, 3}, 1, \"Delta\"}"
"PASS: ""pinned accepted finite checkpoint {{3, 1, 3}, 1, \"L0\"}"
"PASS: ""exact accepted finite checkpoint identity {{3, 1, 3}, 1, \"L0\"}"
"PASS: ""pinned accepted finite checkpoint {{3, 1, 3}, 1, \"L1\"}"
"PASS: ""exact accepted finite checkpoint identity {{3, 1, 3}, 1, \"L1\"}"
"PASS: ""pinned accepted finite checkpoint {{3, 1, 3}, 1, \"Regular\"}"
"PASS: ""exact accepted finite checkpoint identity {{3, 1, 3}, 1, \"Regular\"}"
"PASS: ""pinned accepted finite checkpoint {{3, 1, 3}, -1, \"Delta\"}"
"PASS: ""exact accepted finite checkpoint identity {{3, 1, 3}, -1, \"Delta\"}"
"PASS: ""pinned accepted finite checkpoint {{3, 1, 3}, -1, \"L0\"}"
"PASS: ""exact accepted finite checkpoint identity {{3, 1, 3}, -1, \"L0\"}"
"PASS: ""pinned accepted finite checkpoint {{3, 1, 3}, -1, \"L1\"}"
"PASS: ""exact accepted finite checkpoint identity {{3, 1, 3}, -1, \"L1\"}"
"PASS: ""pinned accepted finite checkpoint {{3, 1, 3}, -1, \"Regular\"}"
"PASS: ""exact accepted finite checkpoint identity {{3, 1, 3}, -1, \"Regular\"}"
"PASS: ""real endpoint branches share a boundary"
"PASS: ""pinned accepted finite checkpoint {{3, 1, 3}, 0, \"Delta\"}"
"PASS: ""exact accepted finite checkpoint identity {{3, 1, 3}, 0, \"Delta\"}"
"PASS: ""pinned accepted finite checkpoint {{3, 1, 3}, 0, \"L0\"}"
"PASS: ""exact accepted finite checkpoint identity {{3, 1, 3}, 0, \"L0\"}"
"PASS: ""pinned accepted finite checkpoint {{3, 1, 3}, 0, \"L1\"}"
"PASS: ""exact accepted finite checkpoint identity {{3, 1, 3}, 0, \"L1\"}"
"PASS: ""pinned accepted finite checkpoint {{3, 1, 3}, 0, \"Regular\"}"
"PASS: ""exact accepted finite checkpoint identity {{3, 1, 3}, 0, \"Regular\"}"
"PASS: ""finite physical component"
"FINITE_COMPONENT_MEMORY "{3, 1, 3}" before "3529908904" after "3529926920
"PASS: ""pinned accepted finite checkpoint {{3, 1, 4}, 1, \"Delta\"}"
"PASS: ""exact accepted finite checkpoint identity {{3, 1, 4}, 1, \"Delta\"}"
"PASS: ""pinned accepted finite checkpoint {{3, 1, 4}, 1, \"L0\"}"
"PASS: ""exact accepted finite checkpoint identity {{3, 1, 4}, 1, \"L0\"}"
"PASS: ""pinned accepted finite checkpoint {{3, 1, 4}, 1, \"L1\"}"
"PASS: ""exact accepted finite checkpoint identity {{3, 1, 4}, 1, \"L1\"}"
"PASS: ""pinned accepted finite checkpoint {{3, 1, 4}, 1, \"Regular\"}"
"PASS: ""exact accepted finite checkpoint identity {{3, 1, 4}, 1, \"Regular\"}"
"PASS: ""pinned accepted finite checkpoint {{3, 1, 4}, -1, \"Delta\"}"
"PASS: ""exact accepted finite checkpoint identity {{3, 1, 4}, -1, \"Delta\"}"
"PASS: ""pinned accepted finite checkpoint {{3, 1, 4}, -1, \"L0\"}"
"PASS: ""exact accepted finite checkpoint identity {{3, 1, 4}, -1, \"L0\"}"
"PASS: ""pinned accepted finite checkpoint {{3, 1, 4}, -1, \"L1\"}"
"PASS: ""exact accepted finite checkpoint identity {{3, 1, 4}, -1, \"L1\"}"
"PASS: ""pinned accepted finite checkpoint {{3, 1, 4}, -1, \"Regular\"}"
"PASS: ""exact accepted finite checkpoint identity {{3, 1, 4}, -1, \"Regular\"}"
"PASS: ""real endpoint branches share a boundary"
"PASS: ""pinned accepted finite checkpoint {{3, 1, 4}, 0, \"Delta\"}"
"PASS: ""exact accepted finite checkpoint identity {{3, 1, 4}, 0, \"Delta\"}"
"PASS: ""pinned accepted finite checkpoint {{3, 1, 4}, 0, \"L0\"}"
"PASS: ""exact accepted finite checkpoint identity {{3, 1, 4}, 0, \"L0\"}"
"PASS: ""pinned accepted finite checkpoint {{3, 1, 4}, 0, \"L1\"}"
"PASS: ""exact accepted finite checkpoint identity {{3, 1, 4}, 0, \"L1\"}"
"PASS: ""pinned accepted finite checkpoint {{3, 1, 4}, 0, \"Regular\"}"
"PASS: ""exact accepted finite checkpoint identity {{3, 1, 4}, 0, \"Regular\"}"
"PASS: ""finite physical component"
"FINITE_COMPONENT_MEMORY "{3, 1, 4}" before "3529926816" after "3529944720
"PASS: ""pinned accepted finite checkpoint {{3, 2, 1}, 1, \"Delta\"}"
"PASS: ""exact accepted finite checkpoint identity {{3, 2, 1}, 1, \"Delta\"}"
"PASS: ""pinned accepted finite checkpoint {{3, 2, 1}, 1, \"L0\"}"
"PASS: ""exact accepted finite checkpoint identity {{3, 2, 1}, 1, \"L0\"}"
"PASS: ""pinned accepted finite checkpoint {{3, 2, 1}, 1, \"L1\"}"
"PASS: ""exact accepted finite checkpoint identity {{3, 2, 1}, 1, \"L1\"}"
"PASS: ""integer finite Laurent support"
"PASS: ""complete Laurent polynomial"
"PASS: ""regulator-independent Laurent coefficients"
"PASS: ""exact Laurent polynomial reconstruction"
"PASS: ""phase kernel has no truncated input series"
"PASS: ""reference phase product evaluated"
"PASS: ""pinned accepted finite checkpoint {{3, 2, 1}, 1, \"Regular\"}"
"PASS: ""exact accepted finite checkpoint identity {{3, 2, 1}, 1, \"Regular\"}"
"PASS: ""pinned accepted finite checkpoint {{3, 2, 1}, -1, \"Delta\"}"
"PASS: ""exact accepted finite checkpoint identity {{3, 2, 1}, -1, \"Delta\"}"
"PASS: ""pinned accepted finite checkpoint {{3, 2, 1}, -1, \"L0\"}"
"PASS: ""exact accepted finite checkpoint identity {{3, 2, 1}, -1, \"L0\"}"
"PASS: ""pinned accepted finite checkpoint {{3, 2, 1}, -1, \"L1\"}"
"PASS: ""exact accepted finite checkpoint identity {{3, 2, 1}, -1, \"L1\"}"
"PASS: ""pinned accepted finite checkpoint {{3, 2, 1}, -1, \"Regular\"}"
"PASS: ""exact accepted finite checkpoint identity {{3, 2, 1}, -1, \"Regular\"}"
"PASS: ""real endpoint branches share a boundary"
"PASS: ""pinned accepted finite checkpoint {{3, 2, 1}, 0, \"Delta\"}"
"PASS: ""exact accepted finite checkpoint identity {{3, 2, 1}, 0, \"Delta\"}"
"PASS: ""pinned accepted finite checkpoint {{3, 2, 1}, 0, \"L0\"}"
"PASS: ""exact accepted finite checkpoint identity {{3, 2, 1}, 0, \"L0\"}"
"PASS: ""pinned accepted finite checkpoint {{3, 2, 1}, 0, \"L1\"}"
"PASS: ""exact accepted finite checkpoint identity {{3, 2, 1}, 0, \"L1\"}"
"PASS: ""pinned accepted finite checkpoint {{3, 2, 1}, 0, \"Regular\"}"
"PASS: ""exact accepted finite checkpoint identity {{3, 2, 1}, 0, \"Regular\"}"
"PASS: ""finite physical component"
"FINITE_COMPONENT_MEMORY "{3, 2, 1}" before "3529944616" after "3694620208
"PASS: ""pinned accepted finite checkpoint {{3, 2, 2}, 1, \"Delta\"}"
"PASS: ""exact accepted finite checkpoint identity {{3, 2, 2}, 1, \"Delta\"}"
"PASS: ""pinned accepted finite checkpoint {{3, 2, 2}, 1, \"L0\"}"
"PASS: ""exact accepted finite checkpoint identity {{3, 2, 2}, 1, \"L0\"}"
"PASS: ""pinned accepted finite checkpoint {{3, 2, 2}, 1, \"L1\"}"
"PASS: ""exact accepted finite checkpoint identity {{3, 2, 2}, 1, \"L1\"}"
"PASS: ""integer finite Laurent support"
"PASS: ""complete Laurent polynomial"
"PASS: ""regulator-independent Laurent coefficients"
"PASS: ""exact Laurent polynomial reconstruction"
"PASS: ""phase kernel has no truncated input series"
"PASS: ""reference phase product evaluated"
"PASS: ""pinned accepted finite checkpoint {{3, 2, 2}, 1, \"Regular\"}"
"PASS: ""exact accepted finite checkpoint identity {{3, 2, 2}, 1, \"Regular\"}"
"PASS: ""pinned accepted finite checkpoint {{3, 2, 2}, -1, \"Delta\"}"
"PASS: ""exact accepted finite checkpoint identity {{3, 2, 2}, -1, \"Delta\"}"
"PASS: ""pinned accepted finite checkpoint {{3, 2, 2}, -1, \"L0\"}"
"PASS: ""exact accepted finite checkpoint identity {{3, 2, 2}, -1, \"L0\"}"
"PASS: ""pinned accepted finite checkpoint {{3, 2, 2}, -1, \"L1\"}"
"PASS: ""exact accepted finite checkpoint identity {{3, 2, 2}, -1, \"L1\"}"
"PASS: ""pinned accepted finite checkpoint {{3, 2, 2}, -1, \"Regular\"}"
"PASS: ""exact accepted finite checkpoint identity {{3, 2, 2}, -1, \"Regular\"}"
"PASS: ""real endpoint branches share a boundary"
"PASS: ""pinned accepted finite checkpoint {{3, 2, 2}, 0, \"Delta\"}"
"PASS: ""exact accepted finite checkpoint identity {{3, 2, 2}, 0, \"Delta\"}"
"PASS: ""pinned accepted finite checkpoint {{3, 2, 2}, 0, \"L0\"}"
"PASS: ""exact accepted finite checkpoint identity {{3, 2, 2}, 0, \"L0\"}"
"PASS: ""pinned accepted finite checkpoint {{3, 2, 2}, 0, \"L1\"}"
"PASS: ""exact accepted finite checkpoint identity {{3, 2, 2}, 0, \"L1\"}"
"PASS: ""pinned accepted finite checkpoint {{3, 2, 2}, 0, \"Regular\"}"
"PASS: ""exact accepted finite checkpoint identity {{3, 2, 2}, 0, \"Regular\"}"
"PASS: ""finite physical component"
"FINITE_COMPONENT_MEMORY "{3, 2, 2}" before "3694620104" after "3990753896
"PASS: ""pinned accepted finite checkpoint {{3, 2, 3}, 1, \"Delta\"}"
"PASS: ""exact accepted finite checkpoint identity {{3, 2, 3}, 1, \"Delta\"}"
"PASS: ""pinned accepted finite checkpoint {{3, 2, 3}, 1, \"L0\"}"
"PASS: ""exact accepted finite checkpoint identity {{3, 2, 3}, 1, \"L0\"}"
"PASS: ""pinned accepted finite checkpoint {{3, 2, 3}, 1, \"L1\"}"
"PASS: ""exact accepted finite checkpoint identity {{3, 2, 3}, 1, \"L1\"}"
"PASS: ""pinned accepted finite checkpoint {{3, 2, 3}, 1, \"Regular\"}"
"PASS: ""exact accepted finite checkpoint identity {{3, 2, 3}, 1, \"Regular\"}"
"PASS: ""pinned accepted finite checkpoint {{3, 2, 3}, -1, \"Delta\"}"
"PASS: ""exact accepted finite checkpoint identity {{3, 2, 3}, -1, \"Delta\"}"
"PASS: ""pinned accepted finite checkpoint {{3, 2, 3}, -1, \"L0\"}"
"PASS: ""exact accepted finite checkpoint identity {{3, 2, 3}, -1, \"L0\"}"
"PASS: ""pinned accepted finite checkpoint {{3, 2, 3}, -1, \"L1\"}"
"PASS: ""exact accepted finite checkpoint identity {{3, 2, 3}, -1, \"L1\"}"
"PASS: ""pinned accepted finite checkpoint {{3, 2, 3}, -1, \"Regular\"}"
"PASS: ""exact accepted finite checkpoint identity {{3, 2, 3}, -1, \"Regular\"}"
"PASS: ""real endpoint branches share a boundary"
"PASS: ""pinned accepted finite checkpoint {{3, 2, 3}, 0, \"Delta\"}"
"PASS: ""exact accepted finite checkpoint identity {{3, 2, 3}, 0, \"Delta\"}"
"PASS: ""pinned accepted finite checkpoint {{3, 2, 3}, 0, \"L0\"}"
"PASS: ""exact accepted finite checkpoint identity {{3, 2, 3}, 0, \"L0\"}"
"PASS: ""pinned accepted finite checkpoint {{3, 2, 3}, 0, \"L1\"}"
"PASS: ""exact accepted finite checkpoint identity {{3, 2, 3}, 0, \"L1\"}"
"PASS: ""pinned accepted finite checkpoint {{3, 2, 3}, 0, \"Regular\"}"
"PASS: ""exact accepted finite checkpoint identity {{3, 2, 3}, 0, \"Regular\"}"
"PASS: ""finite physical component"
"FINITE_COMPONENT_MEMORY "{3, 2, 3}" before "3990753792" after "3990771656
"PASS: ""pinned accepted finite checkpoint {{3, 2, 4}, 1, \"Delta\"}"
"PASS: ""exact accepted finite checkpoint identity {{3, 2, 4}, 1, \"Delta\"}"
"PASS: ""pinned accepted finite checkpoint {{3, 2, 4}, 1, \"L0\"}"
"PASS: ""exact accepted finite checkpoint identity {{3, 2, 4}, 1, \"L0\"}"
"PASS: ""pinned accepted finite checkpoint {{3, 2, 4}, 1, \"L1\"}"
"PASS: ""exact accepted finite checkpoint identity {{3, 2, 4}, 1, \"L1\"}"
"PASS: ""pinned accepted finite checkpoint {{3, 2, 4}, 1, \"Regular\"}"
"PASS: ""exact accepted finite checkpoint identity {{3, 2, 4}, 1, \"Regular\"}"
"PASS: ""pinned accepted finite checkpoint {{3, 2, 4}, -1, \"Delta\"}"
"PASS: ""exact accepted finite checkpoint identity {{3, 2, 4}, -1, \"Delta\"}"
"PASS: ""pinned accepted finite checkpoint {{3, 2, 4}, -1, \"L0\"}"
"PASS: ""exact accepted finite checkpoint identity {{3, 2, 4}, -1, \"L0\"}"
"PASS: ""pinned accepted finite checkpoint {{3, 2, 4}, -1, \"L1\"}"
"PASS: ""exact accepted finite checkpoint identity {{3, 2, 4}, -1, \"L1\"}"
"PASS: ""pinned accepted finite checkpoint {{3, 2, 4}, -1, \"Regular\"}"
"PASS: ""exact accepted finite checkpoint identity {{3, 2, 4}, -1, \"Regular\"}"
"PASS: ""real endpoint branches share a boundary"
"PASS: ""pinned accepted finite checkpoint {{3, 2, 4}, 0, \"Delta\"}"
"PASS: ""exact accepted finite checkpoint identity {{3, 2, 4}, 0, \"Delta\"}"
"PASS: ""pinned accepted finite checkpoint {{3, 2, 4}, 0, \"L0\"}"
"PASS: ""exact accepted finite checkpoint identity {{3, 2, 4}, 0, \"L0\"}"
"PASS: ""pinned accepted finite checkpoint {{3, 2, 4}, 0, \"L1\"}"
"PASS: ""exact accepted finite checkpoint identity {{3, 2, 4}, 0, \"L1\"}"
"PASS: ""pinned accepted finite checkpoint {{3, 2, 4}, 0, \"Regular\"}"
"PASS: ""exact accepted finite checkpoint identity {{3, 2, 4}, 0, \"Regular\"}"
"PASS: ""finite physical component"
"FINITE_COMPONENT_MEMORY "{3, 2, 4}" before "3990771552" after "3990789536
"PASS: ""pinned accepted finite checkpoint {{3, 3, 1}, 1, \"Delta\"}"
"PASS: ""exact accepted finite checkpoint identity {{3, 3, 1}, 1, \"Delta\"}"
"PASS: ""pinned accepted finite checkpoint {{3, 3, 1}, 1, \"L0\"}"
"PASS: ""exact accepted finite checkpoint identity {{3, 3, 1}, 1, \"L0\"}"
"PASS: ""pinned accepted finite checkpoint {{3, 3, 1}, 1, \"L1\"}"
"PASS: ""exact accepted finite checkpoint identity {{3, 3, 1}, 1, \"L1\"}"
"PASS: ""pinned accepted finite checkpoint {{3, 3, 1}, 1, \"Regular\"}"
"PASS: ""exact accepted finite checkpoint identity {{3, 3, 1}, 1, \"Regular\"}"
"PASS: ""pinned accepted finite checkpoint {{3, 3, 1}, -1, \"Delta\"}"
"PASS: ""exact accepted finite checkpoint identity {{3, 3, 1}, -1, \"Delta\"}"
"PASS: ""pinned accepted finite checkpoint {{3, 3, 1}, -1, \"L0\"}"
"PASS: ""exact accepted finite checkpoint identity {{3, 3, 1}, -1, \"L0\"}"
"PASS: ""pinned accepted finite checkpoint {{3, 3, 1}, -1, \"L1\"}"
"PASS: ""exact accepted finite checkpoint identity {{3, 3, 1}, -1, \"L1\"}"
"PASS: ""pinned accepted finite checkpoint {{3, 3, 1}, -1, \"Regular\"}"
"PASS: ""exact accepted finite checkpoint identity {{3, 3, 1}, -1, \"Regular\"}"
"PASS: ""real endpoint branches share a boundary"
"PASS: ""pinned accepted finite checkpoint {{3, 3, 1}, 0, \"Delta\"}"
"PASS: ""exact accepted finite checkpoint identity {{3, 3, 1}, 0, \"Delta\"}"
"PASS: ""pinned accepted finite checkpoint {{3, 3, 1}, 0, \"L0\"}"
"PASS: ""exact accepted finite checkpoint identity {{3, 3, 1}, 0, \"L0\"}"
"PASS: ""pinned accepted finite checkpoint {{3, 3, 1}, 0, \"L1\"}"
"PASS: ""exact accepted finite checkpoint identity {{3, 3, 1}, 0, \"L1\"}"
"PASS: ""pinned accepted finite checkpoint {{3, 3, 1}, 0, \"Regular\"}"
"PASS: ""exact accepted finite checkpoint identity {{3, 3, 1}, 0, \"Regular\"}"
"PASS: ""finite physical component"
"FINITE_COMPONENT_MEMORY "{3, 3, 1}" before "3990789432" after "3990807360
"PASS: ""pinned accepted finite checkpoint {{3, 3, 2}, 1, \"Delta\"}"
"PASS: ""exact accepted finite checkpoint identity {{3, 3, 2}, 1, \"Delta\"}"
"PASS: ""pinned accepted finite checkpoint {{3, 3, 2}, 1, \"L0\"}"
"PASS: ""exact accepted finite checkpoint identity {{3, 3, 2}, 1, \"L0\"}"
"PASS: ""pinned accepted finite checkpoint {{3, 3, 2}, 1, \"L1\"}"
"PASS: ""exact accepted finite checkpoint identity {{3, 3, 2}, 1, \"L1\"}"
"PASS: ""pinned accepted finite checkpoint {{3, 3, 2}, 1, \"Regular\"}"
"PASS: ""exact accepted finite checkpoint identity {{3, 3, 2}, 1, \"Regular\"}"
"PASS: ""pinned accepted finite checkpoint {{3, 3, 2}, -1, \"Delta\"}"
"PASS: ""exact accepted finite checkpoint identity {{3, 3, 2}, -1, \"Delta\"}"
"PASS: ""pinned accepted finite checkpoint {{3, 3, 2}, -1, \"L0\"}"
"PASS: ""exact accepted finite checkpoint identity {{3, 3, 2}, -1, \"L0\"}"
"PASS: ""pinned accepted finite checkpoint {{3, 3, 2}, -1, \"L1\"}"
"PASS: ""exact accepted finite checkpoint identity {{3, 3, 2}, -1, \"L1\"}"
"PASS: ""pinned accepted finite checkpoint {{3, 3, 2}, -1, \"Regular\"}"
"PASS: ""exact accepted finite checkpoint identity {{3, 3, 2}, -1, \"Regular\"}"
"PASS: ""real endpoint branches share a boundary"
"PASS: ""pinned accepted finite checkpoint {{3, 3, 2}, 0, \"Delta\"}"
"PASS: ""exact accepted finite checkpoint identity {{3, 3, 2}, 0, \"Delta\"}"
"PASS: ""pinned accepted finite checkpoint {{3, 3, 2}, 0, \"L0\"}"
"PASS: ""exact accepted finite checkpoint identity {{3, 3, 2}, 0, \"L0\"}"
"PASS: ""pinned accepted finite checkpoint {{3, 3, 2}, 0, \"L1\"}"
"PASS: ""exact accepted finite checkpoint identity {{3, 3, 2}, 0, \"L1\"}"
"PASS: ""pinned accepted finite checkpoint {{3, 3, 2}, 0, \"Regular\"}"
"PASS: ""exact accepted finite checkpoint identity {{3, 3, 2}, 0, \"Regular\"}"
"PASS: ""finite physical component"
"FINITE_COMPONENT_MEMORY "{3, 3, 2}" before "3990807256" after "3990825368
"PASS: ""pinned accepted finite checkpoint {{3, 3, 3}, 1, \"Delta\"}"
"PASS: ""exact accepted finite checkpoint identity {{3, 3, 3}, 1, \"Delta\"}"
"PASS: ""pinned accepted finite checkpoint {{3, 3, 3}, 1, \"L0\"}"
"PASS: ""exact accepted finite checkpoint identity {{3, 3, 3}, 1, \"L0\"}"
"PASS: ""pinned accepted finite checkpoint {{3, 3, 3}, 1, \"L1\"}"
"PASS: ""exact accepted finite checkpoint identity {{3, 3, 3}, 1, \"L1\"}"
"PASS: ""integer finite Laurent support"
"PASS: ""complete Laurent polynomial"
"PASS: ""regulator-independent Laurent coefficients"
"PASS: ""exact Laurent polynomial reconstruction"
"PASS: ""phase kernel has no truncated input series"
"PASS: ""reference phase product evaluated"
"PASS: ""pinned accepted finite checkpoint {{3, 3, 3}, 1, \"Regular\"}"
"PASS: ""exact accepted finite checkpoint identity {{3, 3, 3}, 1, \"Regular\"}"
"PASS: ""pinned accepted finite checkpoint {{3, 3, 3}, -1, \"Delta\"}"
"PASS: ""exact accepted finite checkpoint identity {{3, 3, 3}, -1, \"Delta\"}"
"PASS: ""pinned accepted finite checkpoint {{3, 3, 3}, -1, \"L0\"}"
"PASS: ""exact accepted finite checkpoint identity {{3, 3, 3}, -1, \"L0\"}"
"PASS: ""pinned accepted finite checkpoint {{3, 3, 3}, -1, \"L1\"}"
"PASS: ""exact accepted finite checkpoint identity {{3, 3, 3}, -1, \"L1\"}"
"PASS: ""pinned accepted finite checkpoint {{3, 3, 3}, -1, \"Regular\"}"
"PASS: ""exact accepted finite checkpoint identity {{3, 3, 3}, -1, \"Regular\"}"
"PASS: ""real endpoint branches share a boundary"
"PASS: ""pinned accepted finite checkpoint {{3, 3, 3}, 0, \"Delta\"}"
"PASS: ""exact accepted finite checkpoint identity {{3, 3, 3}, 0, \"Delta\"}"
"PASS: ""pinned accepted finite checkpoint {{3, 3, 3}, 0, \"L0\"}"
"PASS: ""exact accepted finite checkpoint identity {{3, 3, 3}, 0, \"L0\"}"
"PASS: ""pinned accepted finite checkpoint {{3, 3, 3}, 0, \"L1\"}"
"PASS: ""exact accepted finite checkpoint identity {{3, 3, 3}, 0, \"L1\"}"
"PASS: ""pinned accepted finite checkpoint {{3, 3, 3}, 0, \"Regular\"}"
"PASS: ""exact accepted finite checkpoint identity {{3, 3, 3}, 0, \"Regular\"}"
"PASS: ""finite physical component"
"FINITE_COMPONENT_MEMORY "{3, 3, 3}" before "3990825264" after "4156035648
"PASS: ""pinned accepted finite checkpoint {{3, 3, 4}, 1, \"Delta\"}"
"PASS: ""exact accepted finite checkpoint identity {{3, 3, 4}, 1, \"Delta\"}"
"PASS: ""pinned accepted finite checkpoint {{3, 3, 4}, 1, \"L0\"}"
"PASS: ""exact accepted finite checkpoint identity {{3, 3, 4}, 1, \"L0\"}"
"PASS: ""pinned accepted finite checkpoint {{3, 3, 4}, 1, \"L1\"}"
"PASS: ""exact accepted finite checkpoint identity {{3, 3, 4}, 1, \"L1\"}"
"PASS: ""pinned accepted finite checkpoint {{3, 3, 4}, 1, \"Regular\"}"
"PASS: ""exact accepted finite checkpoint identity {{3, 3, 4}, 1, \"Regular\"}"
"PASS: ""pinned accepted finite checkpoint {{3, 3, 4}, -1, \"Delta\"}"
"PASS: ""exact accepted finite checkpoint identity {{3, 3, 4}, -1, \"Delta\"}"
"PASS: ""pinned accepted finite checkpoint {{3, 3, 4}, -1, \"L0\"}"
"PASS: ""exact accepted finite checkpoint identity {{3, 3, 4}, -1, \"L0\"}"
"PASS: ""pinned accepted finite checkpoint {{3, 3, 4}, -1, \"L1\"}"
"PASS: ""exact accepted finite checkpoint identity {{3, 3, 4}, -1, \"L1\"}"
"PASS: ""pinned accepted finite checkpoint {{3, 3, 4}, -1, \"Regular\"}"
"PASS: ""exact accepted finite checkpoint identity {{3, 3, 4}, -1, \"Regular\"}"
"PASS: ""real endpoint branches share a boundary"
"PASS: ""pinned accepted finite checkpoint {{3, 3, 4}, 0, \"Delta\"}"
"PASS: ""exact accepted finite checkpoint identity {{3, 3, 4}, 0, \"Delta\"}"
"PASS: ""pinned accepted finite checkpoint {{3, 3, 4}, 0, \"L0\"}"
"PASS: ""exact accepted finite checkpoint identity {{3, 3, 4}, 0, \"L0\"}"
"PASS: ""pinned accepted finite checkpoint {{3, 3, 4}, 0, \"L1\"}"
"PASS: ""exact accepted finite checkpoint identity {{3, 3, 4}, 0, \"L1\"}"
"PASS: ""pinned accepted finite checkpoint {{3, 3, 4}, 0, \"Regular\"}"
"PASS: ""exact accepted finite checkpoint identity {{3, 3, 4}, 0, \"Regular\"}"
"PASS: ""finite physical component"
"FINITE_COMPONENT_MEMORY "{3, 3, 4}" before "4156035544" after "4156053472
"PASS: ""pinned accepted finite checkpoint {{3, 4, 1}, 1, \"Delta\"}"
"PASS: ""exact accepted finite checkpoint identity {{3, 4, 1}, 1, \"Delta\"}"
"PASS: ""pinned accepted finite checkpoint {{3, 4, 1}, 1, \"L0\"}"
"PASS: ""exact accepted finite checkpoint identity {{3, 4, 1}, 1, \"L0\"}"
"PASS: ""pinned accepted finite checkpoint {{3, 4, 1}, 1, \"L1\"}"
"PASS: ""exact accepted finite checkpoint identity {{3, 4, 1}, 1, \"L1\"}"
"PASS: ""pinned accepted finite checkpoint {{3, 4, 1}, 1, \"Regular\"}"
"PASS: ""exact accepted finite checkpoint identity {{3, 4, 1}, 1, \"Regular\"}"
"PASS: ""pinned accepted finite checkpoint {{3, 4, 1}, -1, \"Delta\"}"
"PASS: ""exact accepted finite checkpoint identity {{3, 4, 1}, -1, \"Delta\"}"
"PASS: ""pinned accepted finite checkpoint {{3, 4, 1}, -1, \"L0\"}"
"PASS: ""exact accepted finite checkpoint identity {{3, 4, 1}, -1, \"L0\"}"
"PASS: ""pinned accepted finite checkpoint {{3, 4, 1}, -1, \"L1\"}"
"PASS: ""exact accepted finite checkpoint identity {{3, 4, 1}, -1, \"L1\"}"
"PASS: ""pinned accepted finite checkpoint {{3, 4, 1}, -1, \"Regular\"}"
"PASS: ""exact accepted finite checkpoint identity {{3, 4, 1}, -1, \"Regular\"}"
"PASS: ""real endpoint branches share a boundary"
"PASS: ""pinned accepted finite checkpoint {{3, 4, 1}, 0, \"Delta\"}"
"PASS: ""exact accepted finite checkpoint identity {{3, 4, 1}, 0, \"Delta\"}"
"PASS: ""pinned accepted finite checkpoint {{3, 4, 1}, 0, \"L0\"}"
"PASS: ""exact accepted finite checkpoint identity {{3, 4, 1}, 0, \"L0\"}"
"PASS: ""pinned accepted finite checkpoint {{3, 4, 1}, 0, \"L1\"}"
"PASS: ""exact accepted finite checkpoint identity {{3, 4, 1}, 0, \"L1\"}"
"PASS: ""pinned accepted finite checkpoint {{3, 4, 1}, 0, \"Regular\"}"
"PASS: ""exact accepted finite checkpoint identity {{3, 4, 1}, 0, \"Regular\"}"
"PASS: ""finite physical component"
"FINITE_COMPONENT_MEMORY "{3, 4, 1}" before "4156053368" after "4156071648
"PASS: ""pinned accepted finite checkpoint {{3, 4, 2}, 1, \"Delta\"}"
"PASS: ""exact accepted finite checkpoint identity {{3, 4, 2}, 1, \"Delta\"}"
"PASS: ""pinned accepted finite checkpoint {{3, 4, 2}, 1, \"L0\"}"
"PASS: ""exact accepted finite checkpoint identity {{3, 4, 2}, 1, \"L0\"}"
"PASS: ""pinned accepted finite checkpoint {{3, 4, 2}, 1, \"L1\"}"
"PASS: ""exact accepted finite checkpoint identity {{3, 4, 2}, 1, \"L1\"}"
"PASS: ""pinned accepted finite checkpoint {{3, 4, 2}, 1, \"Regular\"}"
"PASS: ""exact accepted finite checkpoint identity {{3, 4, 2}, 1, \"Regular\"}"
"PASS: ""pinned accepted finite checkpoint {{3, 4, 2}, -1, \"Delta\"}"
"PASS: ""exact accepted finite checkpoint identity {{3, 4, 2}, -1, \"Delta\"}"
"PASS: ""pinned accepted finite checkpoint {{3, 4, 2}, -1, \"L0\"}"
"PASS: ""exact accepted finite checkpoint identity {{3, 4, 2}, -1, \"L0\"}"
"PASS: ""pinned accepted finite checkpoint {{3, 4, 2}, -1, \"L1\"}"
"PASS: ""exact accepted finite checkpoint identity {{3, 4, 2}, -1, \"L1\"}"
"PASS: ""pinned accepted finite checkpoint {{3, 4, 2}, -1, \"Regular\"}"
"PASS: ""exact accepted finite checkpoint identity {{3, 4, 2}, -1, \"Regular\"}"
"PASS: ""real endpoint branches share a boundary"
"PASS: ""pinned accepted finite checkpoint {{3, 4, 2}, 0, \"Delta\"}"
"PASS: ""exact accepted finite checkpoint identity {{3, 4, 2}, 0, \"Delta\"}"
"PASS: ""pinned accepted finite checkpoint {{3, 4, 2}, 0, \"L0\"}"
"PASS: ""exact accepted finite checkpoint identity {{3, 4, 2}, 0, \"L0\"}"
"PASS: ""pinned accepted finite checkpoint {{3, 4, 2}, 0, \"L1\"}"
"PASS: ""exact accepted finite checkpoint identity {{3, 4, 2}, 0, \"L1\"}"
"PASS: ""pinned accepted finite checkpoint {{3, 4, 2}, 0, \"Regular\"}"
"PASS: ""exact accepted finite checkpoint identity {{3, 4, 2}, 0, \"Regular\"}"
"PASS: ""finite physical component"
"FINITE_COMPONENT_MEMORY "{3, 4, 2}" before "4156071544" after "4156089424
"PASS: ""pinned accepted finite checkpoint {{3, 4, 3}, 1, \"Delta\"}"
"PASS: ""exact accepted finite checkpoint identity {{3, 4, 3}, 1, \"Delta\"}"
"PASS: ""pinned accepted finite checkpoint {{3, 4, 3}, 1, \"L0\"}"
"PASS: ""exact accepted finite checkpoint identity {{3, 4, 3}, 1, \"L0\"}"
"PASS: ""pinned accepted finite checkpoint {{3, 4, 3}, 1, \"L1\"}"
"PASS: ""exact accepted finite checkpoint identity {{3, 4, 3}, 1, \"L1\"}"
"PASS: ""pinned accepted finite checkpoint {{3, 4, 3}, 1, \"Regular\"}"
"PASS: ""exact accepted finite checkpoint identity {{3, 4, 3}, 1, \"Regular\"}"
"PASS: ""pinned accepted finite checkpoint {{3, 4, 3}, -1, \"Delta\"}"
"PASS: ""exact accepted finite checkpoint identity {{3, 4, 3}, -1, \"Delta\"}"
"PASS: ""pinned accepted finite checkpoint {{3, 4, 3}, -1, \"L0\"}"
"PASS: ""exact accepted finite checkpoint identity {{3, 4, 3}, -1, \"L0\"}"
"PASS: ""pinned accepted finite checkpoint {{3, 4, 3}, -1, \"L1\"}"
"PASS: ""exact accepted finite checkpoint identity {{3, 4, 3}, -1, \"L1\"}"
"PASS: ""pinned accepted finite checkpoint {{3, 4, 3}, -1, \"Regular\"}"
"PASS: ""exact accepted finite checkpoint identity {{3, 4, 3}, -1, \"Regular\"}"
"PASS: ""real endpoint branches share a boundary"
"PASS: ""pinned accepted finite checkpoint {{3, 4, 3}, 0, \"Delta\"}"
"PASS: ""exact accepted finite checkpoint identity {{3, 4, 3}, 0, \"Delta\"}"
"PASS: ""pinned accepted finite checkpoint {{3, 4, 3}, 0, \"L0\"}"
"PASS: ""exact accepted finite checkpoint identity {{3, 4, 3}, 0, \"L0\"}"
"PASS: ""pinned accepted finite checkpoint {{3, 4, 3}, 0, \"L1\"}"
"PASS: ""exact accepted finite checkpoint identity {{3, 4, 3}, 0, \"L1\"}"
"PASS: ""pinned accepted finite checkpoint {{3, 4, 3}, 0, \"Regular\"}"
"PASS: ""exact accepted finite checkpoint identity {{3, 4, 3}, 0, \"Regular\"}"
"PASS: ""finite physical component"
"FINITE_COMPONENT_MEMORY "{3, 4, 3}" before "4156089320" after "4156107304
"PASS: ""pinned accepted finite checkpoint {{3, 4, 4}, 1, \"Delta\"}"
"PASS: ""exact accepted finite checkpoint identity {{3, 4, 4}, 1, \"Delta\"}"
"PASS: ""pinned accepted finite checkpoint {{3, 4, 4}, 1, \"L0\"}"
"PASS: ""exact accepted finite checkpoint identity {{3, 4, 4}, 1, \"L0\"}"
"PASS: ""pinned accepted finite checkpoint {{3, 4, 4}, 1, \"L1\"}"
"PASS: ""exact accepted finite checkpoint identity {{3, 4, 4}, 1, \"L1\"}"
"PASS: ""integer finite Laurent support"
"PASS: ""complete Laurent polynomial"
"PASS: ""regulator-independent Laurent coefficients"
"PASS: ""exact Laurent polynomial reconstruction"
"PASS: ""phase kernel has no truncated input series"
"PASS: ""reference phase product evaluated"
"PASS: ""pinned accepted finite checkpoint {{3, 4, 4}, 1, \"Regular\"}"
"PASS: ""exact accepted finite checkpoint identity {{3, 4, 4}, 1, \"Regular\"}"
"PASS: ""pinned accepted finite checkpoint {{3, 4, 4}, -1, \"Delta\"}"
"PASS: ""exact accepted finite checkpoint identity {{3, 4, 4}, -1, \"Delta\"}"
"PASS: ""pinned accepted finite checkpoint {{3, 4, 4}, -1, \"L0\"}"
"PASS: ""exact accepted finite checkpoint identity {{3, 4, 4}, -1, \"L0\"}"
"PASS: ""pinned accepted finite checkpoint {{3, 4, 4}, -1, \"L1\"}"
"PASS: ""exact accepted finite checkpoint identity {{3, 4, 4}, -1, \"L1\"}"
"PASS: ""pinned accepted finite checkpoint {{3, 4, 4}, -1, \"Regular\"}"
"PASS: ""exact accepted finite checkpoint identity {{3, 4, 4}, -1, \"Regular\"}"
"PASS: ""real endpoint branches share a boundary"
"PASS: ""pinned accepted finite checkpoint {{3, 4, 4}, 0, \"Delta\"}"
"PASS: ""exact accepted finite checkpoint identity {{3, 4, 4}, 0, \"Delta\"}"
"PASS: ""pinned accepted finite checkpoint {{3, 4, 4}, 0, \"L0\"}"
"PASS: ""exact accepted finite checkpoint identity {{3, 4, 4}, 0, \"L0\"}"
"PASS: ""pinned accepted finite checkpoint {{3, 4, 4}, 0, \"L1\"}"
"PASS: ""exact accepted finite checkpoint identity {{3, 4, 4}, 0, \"L1\"}"
"PASS: ""pinned accepted finite checkpoint {{3, 4, 4}, 0, \"Regular\"}"
"PASS: ""exact accepted finite checkpoint identity {{3, 4, 4}, 0, \"Regular\"}"
"PASS: ""finite physical component"
"FINITE_COMPONENT_MEMORY "{3, 4, 4}" before "4156107200" after "4255165600
"PASS: ""pinned accepted finite checkpoint {{4, 1, 1}, 1, \"Delta\"}"
"PASS: ""exact accepted finite checkpoint identity {{4, 1, 1}, 1, \"Delta\"}"
"PASS: ""pinned accepted finite checkpoint {{4, 1, 1}, 1, \"L0\"}"
"PASS: ""exact accepted finite checkpoint identity {{4, 1, 1}, 1, \"L0\"}"
"PASS: ""pinned accepted finite checkpoint {{4, 1, 1}, 1, \"L1\"}"
"PASS: ""exact accepted finite checkpoint identity {{4, 1, 1}, 1, \"L1\"}"
"PASS: ""integer finite Laurent support"
"PASS: ""complete Laurent polynomial"
"PASS: ""regulator-independent Laurent coefficients"
"PASS: ""exact Laurent polynomial reconstruction"
"PASS: ""phase kernel has no truncated input series"
"PASS: ""reference phase product evaluated"
"PASS: ""pinned accepted finite checkpoint {{4, 1, 1}, 1, \"Regular\"}"
"PASS: ""exact accepted finite checkpoint identity {{4, 1, 1}, 1, \"Regular\"}"
"POLE_ASSEMBLY "{{4, 1, 1}, -1, "Delta"}
"PASS: ""finite symbolic input parts"
"PASS: ""evaluated Laurent polynomial"
"PASS: ""finite evaluated tensor"
"POLE_ASSEMBLY "{{4, 1, 1}, -1, "L0"}
"POLE_ASSEMBLY "{{4, 1, 1}, -1, "L1"}
"PASS: ""real endpoint branches share a boundary"
"POLE_ASSEMBLY "{{4, 1, 1}, 0, "Delta"}
"POLE_ASSEMBLY "{{4, 1, 1}, 0, "L0"}
"POLE_ASSEMBLY "{{4, 1, 1}, 0, "L1"}
"POLE_ASSEMBLY "{{4, 1, 1}, 0, "Regular"}
"PASS: ""accepted exact polynomial backend retained"
"PASS: ""entire finite sum exactly decomposed"
"PASS: ""raw scalar ratio exactly reconstructs"
"PASS: ""unassigned algebraic input generators"
"PASS: ""algebraic generators preserve the exact input"
"PASS: ""complete rational polynomial support"
"PASS: ""unassigned polynomial transfer generators"
"PASS: ""complete polynomial transfer text reconstructs"
"PASS: ""exact native polynomial JSON transfer"
"RECOIL_POLYNOMIAL_BACKEND_START input_bytes "1741440" transfer_bytes "221647
"EXACT_POLYNOMIAL_SUM recoil_derivative 16 293 0.023\nEXACT_POLYNOMIAL_SUM recoil_derivative 32 293 0.023\nEXACT_POLYNOMIAL_SUM recoil_derivative 48 293 0.024\nEXACT_POLYNOMIAL_SUM recoil_derivative 64 293 0.024\nEXACT_POLYNOMIAL_SUM recoil_derivative 80 293 0.024\nEXACT_POLYNOMIAL_SUM recoil_derivative 96 293 0.025\nEXACT_POLYNOMIAL_SUM recoil_derivative 112 293 0.025\nEXACT_POLYNOMIAL_SUM recoil_derivative 128 293 0.025\nEXACT_POLYNOMIAL_SUM recoil_derivative 144 293 0.026\nEXACT_POLYNOMIAL_SUM recoil_derivative 160 293 0.026\nEXACT_POLYNOMIAL_SUM recoil_derivative 176 293 0.027\nEXACT_POLYNOMIAL_SUM recoil_derivative 192 293 0.027\nEXACT_POLYNOMIAL_SUM recoil_derivative 208 293 0.027\nEXACT_POLYNOMIAL_SUM recoil_derivative 224 293 0.028\nEXACT_POLYNOMIAL_SUM recoil_derivative 240 293 0.028\nEXACT_POLYNOMIAL_SUM recoil_derivative 256 293 0.028\nEXACT_POLYNOMIAL_SUM recoil_derivative 272 293 0.029\nEXACT_POLYNOMIAL_SUM recoil_derivative 288 293 0.029\nEXACT_POLYNOMIAL_SUM recoil_derivative 293 293 0.029\nPASS: exact recoil derivative polynomial sum\n"
""
"PASS: ""exact polynomial normalization completed"
"PASS: ""complete normalization backend identity"
"PASS: ""exact existing cancellation gates passed"
"PASS: ""complete physical scalar reconstruction"
"PASS: ""bounded normalized scalar cache"
"PASS: ""exact normalized scalar reload"
"RECOIL_POLYNOMIAL_ACCEPTED seconds "2.388068`6.829591682621773" input_bytes "1741440" output_bytes "16" backend_seconds "0.06356863899418386
"PASS: ""{{4, 1, 1}, 0, \"Regular\"} pole -1"
"PASS: ""finite physical component"
"FINITE_COMPONENT_MEMORY "{4, 1, 1}" before "4255165496" after "4289100536
"POLE_ASSEMBLY "{{4, 1, 2}, 1, "Delta"}
"PASS: ""finite symbolic input parts"
"PASS: ""evaluated Laurent polynomial"
"PASS: ""finite evaluated tensor"
"POLE_ASSEMBLY "{{4, 1, 2}, 1, "L0"}
"POLE_ASSEMBLY "{{4, 1, 2}, 1, "L1"}
"PASS: ""integer finite Laurent support"
"PASS: ""complete Laurent polynomial"
"PASS: ""regulator-independent Laurent coefficients"
"PASS: ""exact Laurent polynomial reconstruction"
"PASS: ""phase kernel has no truncated input series"
"PASS: ""reference phase product evaluated"
"POLE_ASSEMBLY "{{4, 1, 2}, 1, "Regular"}
"PASS: ""accepted exact polynomial backend retained"
"PASS: ""entire finite sum exactly decomposed"
"PASS: ""raw scalar ratio exactly reconstructs"
"PASS: ""unassigned algebraic input generators"
"PASS: ""algebraic generators preserve the exact input"
"PASS: ""complete rational polynomial support"
"PASS: ""unassigned polynomial transfer generators"
"PASS: ""complete polynomial transfer text reconstructs"
"PASS: ""exact native polynomial JSON transfer"
"RECOIL_POLYNOMIAL_BACKEND_START input_bytes "24156208" transfer_bytes "3452685
"EXACT_POLYNOMIAL_SUM recoil_derivative 16 858 0.84\nEXACT_POLYNOMIAL_SUM recoil_derivative 32 858 0.844\nEXACT_POLYNOMIAL_SUM recoil_derivative 48 858 0.85\nEXACT_POLYNOMIAL_SUM recoil_derivative 64 858 0.856\nEXACT_POLYNOMIAL_SUM recoil_derivative 80 858 0.862\nEXACT_POLYNOMIAL_SUM recoil_derivative 96 858 0.87\nEXACT_POLYNOMIAL_SUM recoil_derivative 112 858 0.879\nEXACT_POLYNOMIAL_SUM recoil_derivative 128 858 0.889\nEXACT_POLYNOMIAL_SUM recoil_derivative 144 858 0.9\nEXACT_POLYNOMIAL_SUM recoil_derivative 160 858 0.912\nEXACT_POLYNOMIAL_SUM recoil_derivative 176 858 0.925\nEXACT_POLYNOMIAL_SUM recoil_derivative 192 858 0.939\nEXACT_POLYNOMIAL_SUM recoil_derivative 208 858 0.952\nEXACT_POLYNOMIAL_SUM recoil_derivative 224 858 0.964\nEXACT_POLYNOMIAL_SUM recoil_derivative 240 858 0.976\nEXACT_POLYNOMIAL_SUM recoil_derivative 256 858 0.989\nEXACT_POLYNOMIAL_SUM recoil_derivative 272 858 1.001\nEXACT_POLYNOMIAL_SUM recoil_derivative 288 858 1.013\nEXACT_POLYNOMIAL_SUM recoil_derivative 304 858 1.025\nEXACT_POLYNOMIAL_SUM recoil_derivative 320 858 1.037\nEXACT_POLYNOMIAL_SUM recoil_derivative 336 858 1.049\nEXACT_POLYNOMIAL_SUM recoil_derivative 352 858 1.062\nEXACT_POLYNOMIAL_SUM recoil_derivative 368 858 1.074\nEXACT_POLYNOMIAL_SUM recoil_derivative 384 858 1.086\nEXACT_POLYNOMIAL_SUM recoil_derivative 400 858 1.098\nEXACT_POLYNOMIAL_SUM recoil_derivative 416 858 1.111\nEXACT_POLYNOMIAL_SUM recoil_derivative 432 858 1.123\nEXACT_POLYNOMIAL_SUM recoil_derivative 448 858 1.135\nEXACT_POLYNOMIAL_SUM recoil_derivative 464 858 1.148\nEXACT_POLYNOMIAL_SUM recoil_derivative 480 858 1.16\nEXACT_POLYNOMIAL_SUM recoil_derivative 496 858 1.172\nEXACT_POLYNOMIAL_SUM recoil_derivative 512 858 1.185\nEXACT_POLYNOMIAL_SUM recoil_derivative 528 858 1.198\nEXACT_POLYNOMIAL_SUM recoil_derivative 544 858 1.21\nEXACT_POLYNOMIAL_SUM recoil_derivative 560 858 1.223\nEXACT_POLYNOMIAL_SUM recoil_derivative 576 858 1.235\nEXACT_POLYNOMIAL_SUM recoil_derivative 592 858 1.248\nEXACT_POLYNOMIAL_SUM recoil_derivative 608 858 1.26\nEXACT_POLYNOMIAL_SUM recoil_derivative 624 858 1.275\nEXACT_POLYNOMIAL_SUM recoil_derivative 640 858 1.287\nEXACT_POLYNOMIAL_SUM recoil_derivative 656 858 1.3\nEXACT_POLYNOMIAL_SUM recoil_derivative 672 858 1.312\nEXACT_POLYNOMIAL_SUM recoil_derivative 688 858 1.325\nEXACT_POLYNOMIAL_SUM recoil_derivative 704 858 1.337\nEXACT_POLYNOMIAL_SUM recoil_derivative 720 858 1.349\nEXACT_POLYNOMIAL_SUM recoil_derivative 736 858 1.362\nEXACT_POLYNOMIAL_SUM recoil_derivative 752 858 1.374\nEXACT_POLYNOMIAL_SUM recoil_derivative 768 858 1.387\nEXACT_POLYNOMIAL_SUM recoil_derivative 784 858 1.4\nEXACT_POLYNOMIAL_SUM recoil_derivative 800 858 1.414\nEXACT_POLYNOMIAL_SUM recoil_derivative 816 858 1.427\nEXACT_POLYNOMIAL_SUM recoil_derivative 832 858 1.441\nEXACT_POLYNOMIAL_SUM recoil_derivative 848 858 1.454\nEXACT_POLYNOMIAL_SUM recoil_derivative 858 858 1.462\nPASS: exact recoil derivative polynomial sum\n"
""
"PASS: ""exact polynomial normalization completed"
"PASS: ""complete normalization backend identity"
"PASS: ""exact existing cancellation gates passed"
"PASS: ""complete physical scalar reconstruction"
"PASS: ""bounded normalized scalar cache"
"PASS: ""exact normalized scalar reload"
"RECOIL_POLYNOMIAL_ACCEPTED seconds "18.438974`7.717281745434025" input_bytes "24156208" output_bytes "475872" backend_seconds "3.391054145002272
"PASS: ""{{4, 1, 2}, 1, \"Regular\"} pole -1"
"POLE_ASSEMBLY "{{4, 1, 2}, -1, "Delta"}
"POLE_ASSEMBLY "{{4, 1, 2}, -1, "L0"}
"POLE_ASSEMBLY "{{4, 1, 2}, -1, "L1"}
"POLE_ASSEMBLY "{{4, 1, 2}, -1, "Regular"}
"RECOIL_POLYNOMIAL_BACKEND_START input_bytes "27574264" transfer_bytes "3498451
"EXACT_POLYNOMIAL_SUM recoil_derivative 16 858 0.406\nEXACT_POLYNOMIAL_SUM recoil_derivative 32 858 0.408\nEXACT_POLYNOMIAL_SUM recoil_derivative 48 858 0.41\nEXACT_POLYNOMIAL_SUM recoil_derivative 64 858 0.413\nEXACT_POLYNOMIAL_SUM recoil_derivative 80 858 0.416\nEXACT_POLYNOMIAL_SUM recoil_derivative 96 858 0.42\nEXACT_POLYNOMIAL_SUM recoil_derivative 112 858 0.424\nEXACT_POLYNOMIAL_SUM recoil_derivative 128 858 0.429\nEXACT_POLYNOMIAL_SUM recoil_derivative 144 858 0.439\nEXACT_POLYNOMIAL_SUM recoil_derivative 160 858 0.449\nEXACT_POLYNOMIAL_SUM recoil_derivative 176 858 0.455\nEXACT_POLYNOMIAL_SUM recoil_derivative 192 858 0.461\nEXACT_POLYNOMIAL_SUM recoil_derivative 208 858 0.468\nEXACT_POLYNOMIAL_SUM recoil_derivative 224 858 0.474\nEXACT_POLYNOMIAL_SUM recoil_derivative 240 858 0.481\nEXACT_POLYNOMIAL_SUM recoil_derivative 256 858 0.488\nEXACT_POLYNOMIAL_SUM recoil_derivative 272 858 0.494\nEXACT_POLYNOMIAL_SUM recoil_derivative 288 858 0.501\nEXACT_POLYNOMIAL_SUM recoil_derivative 304 858 0.508\nEXACT_POLYNOMIAL_SUM recoil_derivative 320 858 0.516\nEXACT_POLYNOMIAL_SUM recoil_derivative 336 858 0.522\nEXACT_POLYNOMIAL_SUM recoil_derivative 352 858 0.531\nEXACT_POLYNOMIAL_SUM recoil_derivative 368 858 0.538\nEXACT_POLYNOMIAL_SUM recoil_derivative 384 858 0.545\nEXACT_POLYNOMIAL_SUM recoil_derivative 400 858 0.551\nEXACT_POLYNOMIAL_SUM recoil_derivative 416 858 0.558\nEXACT_POLYNOMIAL_SUM recoil_derivative 432 858 0.565\nEXACT_POLYNOMIAL_SUM recoil_derivative 448 858 0.571\nEXACT_POLYNOMIAL_SUM recoil_derivative 464 858 0.577\nEXACT_POLYNOMIAL_SUM recoil_derivative 480 858 0.584\nEXACT_POLYNOMIAL_SUM recoil_derivative 496 858 0.59\nEXACT_POLYNOMIAL_SUM recoil_derivative 512 858 0.597\nEXACT_POLYNOMIAL_SUM recoil_derivative 528 858 0.603\nEXACT_POLYNOMIAL_SUM recoil_derivative 544 858 0.611\nEXACT_POLYNOMIAL_SUM recoil_derivative 560 858 0.625\nEXACT_POLYNOMIAL_SUM recoil_derivative 576 858 0.632\nEXACT_POLYNOMIAL_SUM recoil_derivative 592 858 0.638\nEXACT_POLYNOMIAL_SUM recoil_derivative 608 858 0.645\nEXACT_POLYNOMIAL_SUM recoil_derivative 624 858 0.651\nEXACT_POLYNOMIAL_SUM recoil_derivative 640 858 0.658\nEXACT_POLYNOMIAL_SUM recoil_derivative 656 858 0.664\nEXACT_POLYNOMIAL_SUM recoil_derivative 672 858 0.671\nEXACT_POLYNOMIAL_SUM recoil_derivative 688 858 0.68\nEXACT_POLYNOMIAL_SUM recoil_derivative 704 858 0.69\nEXACT_POLYNOMIAL_SUM recoil_derivative 720 858 0.702\nEXACT_POLYNOMIAL_SUM recoil_derivative 736 858 0.71\nEXACT_POLYNOMIAL_SUM recoil_derivative 752 858 0.716\nEXACT_POLYNOMIAL_SUM recoil_derivative 768 858 0.724\nEXACT_POLYNOMIAL_SUM recoil_derivative 784 858 0.731\nEXACT_POLYNOMIAL_SUM recoil_derivative 800 858 0.737\nEXACT_POLYNOMIAL_SUM recoil_derivative 816 858 0.743\nEXACT_POLYNOMIAL_SUM recoil_derivative 832 858 0.749\nEXACT_POLYNOMIAL_SUM recoil_derivative 848 858 0.756\nEXACT_POLYNOMIAL_SUM recoil_derivative 858 858 0.762\nPASS: exact recoil derivative polynomial sum\n"
""
"RECOIL_POLYNOMIAL_ACCEPTED seconds "16.08847`7.658059738517837" input_bytes "27574264" output_bytes "518328" backend_seconds "1.9801910730020609
"PASS: ""{{4, 1, 2}, -1, \"Regular\"} pole -1"
"PASS: ""real endpoint branches share a boundary"
"POLE_ASSEMBLY "{{4, 1, 2}, 0, "Delta"}
"POLE_ASSEMBLY "{{4, 1, 2}, 0, "L0"}
"POLE_ASSEMBLY "{{4, 1, 2}, 0, "L1"}
"POLE_ASSEMBLY "{{4, 1, 2}, 0, "Regular"}
"RECOIL_POLYNOMIAL_BACKEND_START input_bytes "1879256" transfer_bytes "262260
"EXACT_POLYNOMIAL_SUM recoil_derivative 16 285 0.038\nEXACT_POLYNOMIAL_SUM recoil_derivative 32 285 0.039\nEXACT_POLYNOMIAL_SUM recoil_derivative 48 285 0.039\nEXACT_POLYNOMIAL_SUM recoil_derivative 64 285 0.04\nEXACT_POLYNOMIAL_SUM recoil_derivative 80 285 0.041\nEXACT_POLYNOMIAL_SUM recoil_derivative 96 285 0.041\nEXACT_POLYNOMIAL_SUM recoil_derivative 112 285 0.042\nEXACT_POLYNOMIAL_SUM recoil_derivative 128 285 0.042\nEXACT_POLYNOMIAL_SUM recoil_derivative 144 285 0.043\nEXACT_POLYNOMIAL_SUM recoil_derivative 160 285 0.043\nEXACT_POLYNOMIAL_SUM recoil_derivative 176 285 0.044\nEXACT_POLYNOMIAL_SUM recoil_derivative 192 285 0.045\nEXACT_POLYNOMIAL_SUM recoil_derivative 208 285 0.045\nEXACT_POLYNOMIAL_SUM recoil_derivative 224 285 0.046\nEXACT_POLYNOMIAL_SUM recoil_derivative 240 285 0.047\nEXACT_POLYNOMIAL_SUM recoil_derivative 256 285 0.047\nEXACT_POLYNOMIAL_SUM recoil_derivative 272 285 0.048\nEXACT_POLYNOMIAL_SUM recoil_derivative 285 285 0.049\nPASS: exact recoil derivative polynomial sum\n"
""
"RECOIL_POLYNOMIAL_ACCEPTED seconds "3.220656`6.959489333565558" input_bytes "1879256" output_bytes "110048" backend_seconds "0.13880490400333656
"PASS: ""{{4, 1, 2}, 0, \"Regular\"} pole -1"
"PASS: ""finite physical component"
"FINITE_COMPONENT_MEMORY "{4, 1, 2}" before "4289100432" after "4354495768
"POLE_ASSEMBLY "{{4, 1, 3}, 1, "Delta"}
"PASS: ""finite symbolic input parts"
"PASS: ""evaluated Laurent polynomial"
"PASS: ""finite evaluated tensor"
"POLE_ASSEMBLY "{{4, 1, 3}, 1, "L0"}
"POLE_ASSEMBLY "{{4, 1, 3}, 1, "L1"}
"POLE_ASSEMBLY "{{4, 1, 3}, 1, "Regular"}
"POLE_ASSEMBLY "{{4, 1, 3}, -1, "Delta"}
"POLE_ASSEMBLY "{{4, 1, 3}, -1, "L0"}
"POLE_ASSEMBLY "{{4, 1, 3}, -1, "L1"}
"POLE_ASSEMBLY "{{4, 1, 3}, -1, "Regular"}
"PASS: ""real endpoint branches share a boundary"
"POLE_ASSEMBLY "{{4, 1, 3}, 0, "Delta"}
"POLE_ASSEMBLY "{{4, 1, 3}, 0, "L0"}
"POLE_ASSEMBLY "{{4, 1, 3}, 0, "L1"}
"POLE_ASSEMBLY "{{4, 1, 3}, 0, "Regular"}
"PASS: ""finite physical component"
"FINITE_COMPONENT_MEMORY "{4, 1, 3}" before "4354495664" after "4354498848
"POLE_ASSEMBLY "{{4, 1, 4}, 1, "Delta"}
"PASS: ""finite symbolic input parts"
"PASS: ""evaluated Laurent polynomial"
"PASS: ""finite evaluated tensor"
"POLE_ASSEMBLY "{{4, 1, 4}, 1, "L0"}
"POLE_ASSEMBLY "{{4, 1, 4}, 1, "L1"}
"POLE_ASSEMBLY "{{4, 1, 4}, 1, "Regular"}
"POLE_ASSEMBLY "{{4, 1, 4}, -1, "Delta"}
"POLE_ASSEMBLY "{{4, 1, 4}, -1, "L0"}
"POLE_ASSEMBLY "{{4, 1, 4}, -1, "L1"}
"POLE_ASSEMBLY "{{4, 1, 4}, -1, "Regular"}
"PASS: ""real endpoint branches share a boundary"
"POLE_ASSEMBLY "{{4, 1, 4}, 0, "Delta"}
"POLE_ASSEMBLY "{{4, 1, 4}, 0, "L0"}
"POLE_ASSEMBLY "{{4, 1, 4}, 0, "L1"}
"POLE_ASSEMBLY "{{4, 1, 4}, 0, "Regular"}
"PASS: ""finite physical component"
"FINITE_COMPONENT_MEMORY "{4, 1, 4}" before "4354498744" after "4354501992
"POLE_ASSEMBLY "{{4, 2, 1}, 1, "Delta"}
"PASS: ""finite symbolic input parts"
"PASS: ""evaluated Laurent polynomial"
"PASS: ""finite evaluated tensor"
"POLE_ASSEMBLY "{{4, 2, 1}, 1, "L0"}
"POLE_ASSEMBLY "{{4, 2, 1}, 1, "L1"}
"PASS: ""integer finite Laurent support"
"PASS: ""complete Laurent polynomial"
"PASS: ""regulator-independent Laurent coefficients"
"PASS: ""exact Laurent polynomial reconstruction"
"PASS: ""phase kernel has no truncated input series"
"PASS: ""reference phase product evaluated"
"POLE_ASSEMBLY "{{4, 2, 1}, 1, "Regular"}
