"PASS: ""authorized local finite assembly"
"PASS: ""complete source syntax"
"PASS: ""known assembly channel"
"PASS: ""pinned original final assembly"
"PASS: ""required input common/s02_result/s02_result.wl"
"PASS: ""required input common/s06_result/s06_result.wl"
"PASS: ""accepted spin basis and scalar library"
"PASS: ""s02 pinned library geometry"
"PASS: ""s08 pinned library geometry"
"PASS: ""required input misc/s11_result/s11_result.wl"
"PASS: ""actual accepted local integrated input"
"PASS: ""required input Hgg/s05_result/s05_result.wl"
"PASS: ""own native-subtraction assembly"
"PASS: ""required input Hgg/s11_native_result/s11_result.wl"
"PASS: ""bound accepted native subtraction"
"PASS: ""accepted integrated real tensor"
"PASS: ""accepted real tensor and subtraction"
"PASS: ""same physical spin and photon bases"
"PASS: ""matching explicit regulator scheme"
"PASS: ""pinned Hgg/s14_result/reference/phase_input.json"
"PASS: ""pinned Hgg/s11_result/reference/github_s09_result_s09_result.wl"
"PASS: ""pinned Hgg/s14_result/reference/unpolarized_F1_hat.wl"
"PASS: ""pinned Hgg/s14_result/reference/unpolarized_F2_hat.wl"
"PASS: ""reference hat symbols match inherited conventions"
"PASS: ""original projectors fully resolved"
"PASS: ""linear original scalar projectors"
"PASS: ""released spin tensor preserves exact frame"
"S14_INPUT_RELEASE "InputForm[<|"TensorBytes" -> 8515568, "MemoryBefore" -> 1005345224, "MemoryAfter" -> 998046024|>]
"PASS: ""incoming vector reconstructed in photon frame"
"PASS: ""original hat weights are independent of recoil and branch"
"PASS: ""small counterterm normalization"
"PASS: ""required input Hgg/s01_result/reference/s01_result/s01_inputs/s01_result/real.wl"
"PASS: ""generated fields match momenta"
"PASS: ""one tagged momentum"
"PASS: ""one small-channel sector"
"PASS: ""spectator weight matches contracted tensor"
"PASS: ""original small-channel phase normalization"
"PASS: ""real and subtraction coupling degrees match"
"PASS: ""no mixed color symbol contexts"
"PASS: ""unique integrated physical components"
"PASS: ""accepted reference phase implementation"
"PASS: ""unique original finite export"
"PASS: ""original finite assembly tail syntax"
"PASS: ""unique finite native export"
"PASS: ""unchanged finite assembly with compact storage"
"PASS: ""complete compact finite assembly syntax"
"PASS: ""accepted complete phase optimization"
"PASS: ""exact phase proof source and runtime"
"PASS: ""all original mathematical assembly inputs unchanged"
"PASS: ""pinned original Laurent implementation"
"PASS: ""unique complete Laurent definition"
"PASS: ""unique regulator expansion change"
"PASS: ""entire original Laurent algorithm retained"
"PASS: ""validated complete phase implementation installed"
"PASS: ""original complete assembly source pinned for reuse"
"PASS: ""accepted exact scoped Laurent predicate"
"PASS: ""bound accepted predicate parent generation"
"PASS: ""accepted exact pole summation proof"
"PASS: ""exact sum proof source and control"
"PASS: ""unique original pole simplifier source"
"PASS: ""all original pole and finite gates retained"
"PASS: ""unique native Hgg finite export"
"PASS: ""all original final Hgg gates retained"
"PASS: ""unchanged native assembly source"
"PASS: ""pinned accepted finite checkpoint {{1, 1, 1}, 1, \"Delta\"}"
"PASS: ""exact accepted finite checkpoint identity {{1, 1, 1}, 1, \"Delta\"}"
"PASS: ""pinned accepted finite checkpoint {{1, 1, 1}, 1, \"L0\"}"
"PASS: ""exact accepted finite checkpoint identity {{1, 1, 1}, 1, \"L0\"}"
"PASS: ""pinned accepted finite checkpoint {{1, 1, 1}, 1, \"L1\"}"
"PASS: ""exact accepted finite checkpoint identity {{1, 1, 1}, 1, \"L1\"}"
"PASS: ""pinned accepted finite checkpoint {{1, 1, 1}, 1, \"Regular\"}"
"PASS: ""exact accepted finite checkpoint identity {{1, 1, 1}, 1, \"Regular\"}"
"PASS: ""pinned accepted finite checkpoint {{1, 1, 1}, -1, \"Delta\"}"
"PASS: ""exact accepted finite checkpoint identity {{1, 1, 1}, -1, \"Delta\"}"
"PASS: ""pinned accepted finite checkpoint {{1, 1, 1}, -1, \"L0\"}"
"PASS: ""exact accepted finite checkpoint identity {{1, 1, 1}, -1, \"L0\"}"
"PASS: ""pinned accepted finite checkpoint {{1, 1, 1}, -1, \"L1\"}"
"PASS: ""exact accepted finite checkpoint identity {{1, 1, 1}, -1, \"L1\"}"
"PASS: ""pinned accepted finite checkpoint {{1, 1, 1}, -1, \"Regular\"}"
"PASS: ""exact accepted finite checkpoint identity {{1, 1, 1}, -1, \"Regular\"}"
"PASS: ""real endpoint branches share a boundary"
"PASS: ""pinned accepted finite checkpoint {{1, 1, 1}, 0, \"Delta\"}"
"PASS: ""exact accepted finite checkpoint identity {{1, 1, 1}, 0, \"Delta\"}"
"PASS: ""pinned accepted finite checkpoint {{1, 1, 1}, 0, \"L0\"}"
"PASS: ""exact accepted finite checkpoint identity {{1, 1, 1}, 0, \"L0\"}"
"PASS: ""pinned accepted finite checkpoint {{1, 1, 1}, 0, \"L1\"}"
"PASS: ""exact accepted finite checkpoint identity {{1, 1, 1}, 0, \"L1\"}"
"PASS: ""pinned accepted finite checkpoint {{1, 1, 1}, 0, \"Regular\"}"
"PASS: ""exact accepted finite checkpoint identity {{1, 1, 1}, 0, \"Regular\"}"
"PASS: ""finite physical component"
"PASS: ""pinned accepted finite checkpoint {{2, 1, 1}, 1, \"Delta\"}"
"PASS: ""exact accepted finite checkpoint identity {{2, 1, 1}, 1, \"Delta\"}"
"PASS: ""pinned accepted finite checkpoint {{2, 1, 1}, 1, \"L0\"}"
"PASS: ""exact accepted finite checkpoint identity {{2, 1, 1}, 1, \"L0\"}"
"PASS: ""pinned accepted finite checkpoint {{2, 1, 1}, 1, \"L1\"}"
"PASS: ""exact accepted finite checkpoint identity {{2, 1, 1}, 1, \"L1\"}"
"PASS: ""pinned accepted finite checkpoint {{2, 1, 1}, 1, \"Regular\"}"
"PASS: ""exact accepted finite checkpoint identity {{2, 1, 1}, 1, \"Regular\"}"
"PASS: ""pinned accepted finite checkpoint {{2, 1, 1}, -1, \"Delta\"}"
"PASS: ""exact accepted finite checkpoint identity {{2, 1, 1}, -1, \"Delta\"}"
"PASS: ""pinned accepted finite checkpoint {{2, 1, 1}, -1, \"L0\"}"
"PASS: ""exact accepted finite checkpoint identity {{2, 1, 1}, -1, \"L0\"}"
"PASS: ""pinned accepted finite checkpoint {{2, 1, 1}, -1, \"L1\"}"
"PASS: ""exact accepted finite checkpoint identity {{2, 1, 1}, -1, \"L1\"}"
"PASS: ""pinned accepted finite checkpoint {{2, 1, 1}, -1, \"Regular\"}"
"PASS: ""exact accepted finite checkpoint identity {{2, 1, 1}, -1, \"Regular\"}"
"PASS: ""real endpoint branches share a boundary"
"PASS: ""pinned accepted finite checkpoint {{2, 1, 1}, 0, \"Delta\"}"
"PASS: ""exact accepted finite checkpoint identity {{2, 1, 1}, 0, \"Delta\"}"
"PASS: ""pinned accepted finite checkpoint {{2, 1, 1}, 0, \"L0\"}"
"PASS: ""exact accepted finite checkpoint identity {{2, 1, 1}, 0, \"L0\"}"
"PASS: ""pinned accepted finite checkpoint {{2, 1, 1}, 0, \"L1\"}"
"PASS: ""exact accepted finite checkpoint identity {{2, 1, 1}, 0, \"L1\"}"
"PASS: ""pinned accepted finite checkpoint {{2, 1, 1}, 0, \"Regular\"}"
"PASS: ""exact accepted finite checkpoint identity {{2, 1, 1}, 0, \"Regular\"}"
"PASS: ""finite physical component"
"PASS: ""pinned accepted finite checkpoint {{3, 1, 1}, 1, \"Delta\"}"
"PASS: ""exact accepted finite checkpoint identity {{3, 1, 1}, 1, \"Delta\"}"
"PASS: ""pinned accepted finite checkpoint {{3, 1, 1}, 1, \"L0\"}"
"PASS: ""exact accepted finite checkpoint identity {{3, 1, 1}, 1, \"L0\"}"
"PASS: ""pinned accepted finite checkpoint {{3, 1, 1}, 1, \"L1\"}"
"PASS: ""exact accepted finite checkpoint identity {{3, 1, 1}, 1, \"L1\"}"
"PASS: ""pinned accepted finite checkpoint {{3, 1, 1}, 1, \"Regular\"}"
"PASS: ""exact accepted finite checkpoint identity {{3, 1, 1}, 1, \"Regular\"}"
"PASS: ""pinned accepted finite checkpoint {{3, 1, 1}, -1, \"Delta\"}"
"PASS: ""exact accepted finite checkpoint identity {{3, 1, 1}, -1, \"Delta\"}"
"PASS: ""pinned accepted finite checkpoint {{3, 1, 1}, -1, \"L0\"}"
"PASS: ""exact accepted finite checkpoint identity {{3, 1, 1}, -1, \"L0\"}"
"PASS: ""pinned accepted finite checkpoint {{3, 1, 1}, -1, \"L1\"}"
"PASS: ""exact accepted finite checkpoint identity {{3, 1, 1}, -1, \"L1\"}"
"PASS: ""pinned accepted finite checkpoint {{3, 1, 1}, -1, \"Regular\"}"
"PASS: ""exact accepted finite checkpoint identity {{3, 1, 1}, -1, \"Regular\"}"
"PASS: ""real endpoint branches share a boundary"
"PASS: ""pinned accepted finite checkpoint {{3, 1, 1}, 0, \"Delta\"}"
"PASS: ""exact accepted finite checkpoint identity {{3, 1, 1}, 0, \"Delta\"}"
"PASS: ""pinned accepted finite checkpoint {{3, 1, 1}, 0, \"L0\"}"
"PASS: ""exact accepted finite checkpoint identity {{3, 1, 1}, 0, \"L0\"}"
"PASS: ""pinned accepted finite checkpoint {{3, 1, 1}, 0, \"L1\"}"
"PASS: ""exact accepted finite checkpoint identity {{3, 1, 1}, 0, \"L1\"}"
"PASS: ""pinned accepted finite checkpoint {{3, 1, 1}, 0, \"Regular\"}"
"PASS: ""exact accepted finite checkpoint identity {{3, 1, 1}, 0, \"Regular\"}"
"PASS: ""finite physical component"
"PASS: ""pinned accepted finite checkpoint {{4, 1, 1}, 1, \"Delta\"}"
"PASS: ""exact accepted finite checkpoint identity {{4, 1, 1}, 1, \"Delta\"}"
"PASS: ""pinned accepted finite checkpoint {{4, 1, 1}, 1, \"L0\"}"
"PASS: ""exact accepted finite checkpoint identity {{4, 1, 1}, 1, \"L0\"}"
"PASS: ""pinned accepted finite checkpoint {{4, 1, 1}, 1, \"L1\"}"
"PASS: ""exact accepted finite checkpoint identity {{4, 1, 1}, 1, \"L1\"}"
"PASS: ""pinned accepted finite checkpoint {{4, 1, 1}, 1, \"Regular\"}"
"PASS: ""exact accepted finite checkpoint identity {{4, 1, 1}, 1, \"Regular\"}"
"PASS: ""pinned accepted finite checkpoint {{4, 1, 1}, -1, \"Delta\"}"
"PASS: ""exact accepted finite checkpoint identity {{4, 1, 1}, -1, \"Delta\"}"
"PASS: ""pinned accepted finite checkpoint {{4, 1, 1}, -1, \"L0\"}"
"PASS: ""exact accepted finite checkpoint identity {{4, 1, 1}, -1, \"L0\"}"
"PASS: ""pinned accepted finite checkpoint {{4, 1, 1}, -1, \"L1\"}"
"PASS: ""exact accepted finite checkpoint identity {{4, 1, 1}, -1, \"L1\"}"
"PASS: ""real endpoint branches share a boundary"
"PASS: ""pinned accepted finite checkpoint {{4, 1, 1}, 0, \"Delta\"}"
"PASS: ""exact accepted finite checkpoint identity {{4, 1, 1}, 0, \"Delta\"}"
"PASS: ""pinned accepted finite checkpoint {{4, 1, 1}, 0, \"L0\"}"
"PASS: ""exact accepted finite checkpoint identity {{4, 1, 1}, 0, \"L0\"}"
"PASS: ""pinned accepted finite checkpoint {{4, 1, 1}, 0, \"L1\"}"
"PASS: ""exact accepted finite checkpoint identity {{4, 1, 1}, 0, \"L1\"}"
"PASS: ""pinned accepted finite checkpoint {{4, 1, 1}, 0, \"Regular\"}"
"PASS: ""exact accepted finite checkpoint identity {{4, 1, 1}, 0, \"Regular\"}"
"PASS: ""finite physical component"
"PASS: ""real endpoint branches share a boundary"
"PASS: ""finite physical component"
"PASS: ""real endpoint branches share a boundary"
"PASS: ""finite physical component"
"PASS: ""real endpoint branches share a boundary"
"PASS: ""finite physical component"
"PASS: ""real endpoint branches share a boundary"
"PASS: ""finite physical component"
"PASS: ""real endpoint branches share a boundary"
"PASS: ""finite physical component"
"PASS: ""every cached unpolarized component accepted"
"PASS: ""complete symbolic final comparison input"
"ACTUAL_FINAL_COMPARE_INPUT actual_bytes "304753600" expected_bytes "1218480" difference_bytes "305972088" cached_assembly_seconds "30.083669
"ACTUAL_FINAL_FUNCTIONS "InputForm[{Log[2], Log[mu2], Log[Pi], Log[2*Pi], Log[(1 - Sqrt[1 - (4*Q^2*(omega + Q^2 - s23))/(omega + 2*Q^2)^2])/(1 + Sqrt[1 - (4*Q^2*(omega + Q^2 - s23))/(omega + 2*Q^2)^2])], Log[s23], Log[((s - s23)*(-omega + s + s23))/((omega + Q^2 - s23)*s23)], Log[-(((s - s23)*(-omega + s + s23))/((omega - s)*s + Q^2*s23))], Log[((omega + 2*Q^2)^2*(omega - s - s23)^2*(1 - Sqrt[((omega - s)^2 + 2*(omega - s)*s + s^2 + 4*Q^2*s23)/(omega + 2*Q^2)^2])*(1 + Sqrt[((omega - s)^2 + 2*(omega - s)*s + s^2 + 4*Q^2*s23)/(omega + 2*Q^2)^2]))/(4*(omega - s)^2*(omega + Q^2 - s23)^2)], Log[((omega + 2*Q^2)^2*(s - s23)^2*(1 - Sqrt[((omega - s)^2 + 2*(omega - s)*s + s^2 + 4*Q^2*s23)/(omega + 2*Q^2)^2])*(1 + Sqrt[((omega - s)^2 + 2*(omega - s)*s + s^2 + 4*Q^2*s23)/(omega + 2*Q^2)^2]))/(4*s^2*(omega + Q^2 - s23)^2)], Log[((omega + 2*Q^2)^2*(s - s23)^2*(1 - Sqrt[((omega - s)^2 + 2*(omega - s)*s + s^2 + 4*Q^2*s23)/(omega + 2*Q^2)^2])*(1 + Sqrt[((omega - s)^2 + 2*(omega - s)*s + s^2 + 4*Q^2*s23)/(omega + 2*Q^2)^2]))/(4*(Q^2*s - 2*Q^2*s23 - (omega - s)*s23)^2)], Log[((omega + 2*Q^2)^2*(omega - s - s23)^2*(1 - Sqrt[((omega - s)^2 + 2*(omega - s)*s + s^2 + 4*Q^2*s23)/(omega + 2*Q^2)^2])*(1 + Sqrt[((omega - s)^2 + 2*(omega - s)*s + s^2 + 4*Q^2*s23)/(omega + 2*Q^2)^2]))/(4*(Q^2*(omega - s) - 2*Q^2*s23 - s*s23)^2)], Log[2*mu2*Pi], Log[((-s + s23)*(-omega + s + s23))/((omega - s)*s + Q^2*s23)], Log[-1/4*((omega + 2*Q^2)^2*(s - s23)^2*(-1 + Sqrt[((omega - s)^2 + 2*(omega - s)*s + s^2 + 4*Q^2*s23)/(omega + 2*Q^2)^2])*(1 + Sqrt[((omega - s)^2 + 2*(omega - s)*s + s^2 + 4*Q^2*s23)/(omega + 2*Q^2)^2]))/(s^2*(omega + Q^2 - s23)^2)], Log[-1/4*((omega + 2*Q^2)^2*(-omega + s + s23)^2*(-1 + Sqrt[((omega - s)^2 + 2*(omega - s)*s + s^2 + 4*Q^2*s23)/(omega + 2*Q^2)^2])*(1 + Sqrt[((omega - s)^2 + 2*(omega - s)*s + s^2 + 4*Q^2*s23)/(omega + 2*Q^2)^2]))/((omega - s)^2*(omega + Q^2 - s23)^2)], Log[-1/4*((omega + 2*Q^2)^2*(s - s23)^2*(-1 + Sqrt[((omega - s)^2 + 2*(omega - s)*s + s^2 + 4*Q^2*s23)/(omega + 2*Q^2)^2])*(1 + Sqrt[((omega - s)^2 + 2*(omega - s)*s + s^2 + 4*Q^2*s23)/(omega + 2*Q^2)^2]))/(Q^2*(s - 2*s23) - (omega - s)*s23)^2], Log[-1/4*((omega + 2*Q^2)^2*(-omega + s + s23)^2*(-1 + Sqrt[((omega - s)^2 + 2*(omega - s)*s + s^2 + 4*Q^2*s23)/(omega + 2*Q^2)^2])*(1 + Sqrt[((omega - s)^2 + 2*(omega - s)*s + s^2 + 4*Q^2*s23)/(omega + 2*Q^2)^2]))/(s*s23 + Q^2*(-omega + s + 2*s23))^2]}]
"ACTUAL_FINAL_COMPARISON_FIRST_TERM "Short[InputForm[(Q^2*((16*alphaS^2*chargeSum*Pi^2*(-1 + SUNN)*(1 + SUNN)*((-12*Q^4*(omega - s)^4*s^4 - 8*Q^2*(omega - s)^5*s^4 - 8*(omega - s)^6*s^4 - 16*Q^2*(omega - s)^4*s^5 - 8*(omega - s)^5*s^5 - 12*(omega - s)^4*s^6 + 24*Q^4*(omega - s)^4*s^3*s23 + 16*Q^2*(omega - s)^5*s^3*s23 + 16*(omega - s)^6*s^3*s23 + 16*Q^4*(omega - s)^3*s^4*s23 + 40*Q^2*(omega - s)^4*s^4*s23 + 32*(omega - s)^5*s^4*s23 + 8*Q^2*(omega - s)^3*s^5*s23 + 32*(omega - s)^4*s^5*s23 + 8*(omega - s)^3*s^6*s23 - 16*Q^4*(omega - s)^4*s^2*s23^2 - 8*Q^2*(omega - s)^5*s^2*s23^2 - 8*(omega - s)^6*s^2*s23^2 - 32*Q^4*(omega - s)^3*s^3*s23^2 - 40*Q^2*(omega - s)^4*s^3*s23^2 - 40*(omega - s)^5*s^3*s23^2 - 20*Q^4*(omega - s)^2*s^4*s23^2 - 24*Q^2*(omega - s)^3*s^4*s23^2 - 48*(omega - s)^4*s^4*s23^2 - 16*Q^2*(omega - s)^2*s^5*s23^2 - 24*(omega - s)^3*s^5*s23^2 - 12*(omega - s)^2*s^6*s23^2 + 8*Q^4*(omega - s)^4*s*s23^3 + 24*Q^4*(omega - s)^3*s^2*s23^3 + 24*Q^2*(omega - s)^4*s^2*s23^3 + 16*(omega - s)^5*s^2*s23^3 + 40*Q^4*(omega - s)^2*s^3*s23^3 + 40*Q^2*(omega - s)^3*s^3*s23^3 + 48*(omega - s)^4*s^3*s23^3 + 8*Q^4*(omega - s)*s^4*s23^3 + 40*Q^2*(omega - s)^2*s^4*s23^3 + 48*(omega - s)^3*s^4*s23^3 - 8*Q^2*(omega - s)*s^5*s23^3 + 32*(omega - s)^2*s^5*s23^3 - 4*Q^4*(omega - s)^4*s23^4 - 16*Q^4*(omega - s)^3*s*s23^4 - 8*Q^2*(omega - s)^4*s*s23^4 - 24*Q^4*(omega - s)^2*s^2*s23^4 - 40*Q^2*(omega - s)^3*s^2*s23^4 - 20*(omega - s)^4*s^2*s23^4 - 16*Q^4*(omega - s)*s^3*s23^4 - 40*Q^2*(omega - s)^2*s^3*s23^4 - 56*(omega - s)^3*s^3*s23^4 - 8*Q^4*s^4*s23^4 + 16*Q^2*(omega - s)*s^4*s23^4 - 40*(omega - s)^2*s^4*s23^4 + 8*Q^4*(omega - s)^3*s23^5 + 8*Q^4*(omega - s)^2*s*s23^5 + 16*Q^2*(omega - s)^3*s*s23^5 + 8*Q^4*(omega - s)*s^2*s23^5 + 24*Q^2*(omega - s)^2*s^2*s23^5 + 24*(omega - s)^3*s^2*s23^5 + 16*Q^4*s^3*s23^5 - 8*Q^2*(omega - s)*s^3*s23^5 + 32*(omega - s)^2*s^3*s23^5 - 4*Q^4*(omega - s)^2*s23^6 - 8*Q^2*(omega - s)^2*s*s23^6 - 8*Q^4*s^2*s23^6 - 12*(omega - s)^2*s^2*s23^6)/(128*Pi^5) + 4*(2*Q^4*(omega - s)^4*s^4 + 2*Q^2*(omega - s)^5*s^4 + 3*(omega - s)^6*s^4 + 2*Q^2*(omega - s)^4*s^5 + 4*(omega - s)^5*s^5 + 3*(omega - s)^4*s^6 - 2*Q^4*(omega - s)^4*s^3*s23 + 2*Q^2*(omega - s)^5*s^3*s23 - 2*(omega - s)^6*s^3*s23 - 2*Q^4*(omega - s)^3*s^4*s23 - 4*Q^2*(omega - s)^4*s^4*s23 - 12*(omega - s)^5*s^4*s23 + 2*Q^2*(omega - s)^3*s^5*s23 - 12*(omega - s)^4*s^5*s23 - 2*(omega - s)^3*s^6*s23 + 3*Q^4*(omega - s)^4*s^2*s23^2 + 2*Q^2*(omega - s)^5*s^2*s23^2 + 3*(omega - s)^6*s^2*s23^2 - 8*Q^2*(omega - s)^4*s^3*s23^2 + 8*(omega - s)^5*s^3*s23^2 + 3*Q^4*(omega - s)^2*s^4*s23^2 - 8*Q^2*(omega - s)^3*s^4*s23^2 + 16*(omega - s)^4*s^4*s23^2 + 2*Q^2*(omega - s)^2*s^5*s23^2 + 8*(omega - s)^3*s^5*s23^2 + 3*(omega - s)^2*s^6*s23^2 + 2*Q^2*(omega - s)^5*s*s23^3 - 4*Q^4*(omega - s)^3*s^2*s23^3 - 8*(omega - s)^5*s^2*s23^3 - 4*Q^4*(omega - s)^2*s^3*s23^3 + 12*Q^2*(omega - s)^3*s^3*s23^3 - 12*(omega - s)^4*s^3*s23^3 - 12*(omega - s)^3*s^4*s23^3 + 2*Q^2*(omega - s)*s^5*s23^3 - 8*(omega - s)^2*s^5*s23^3 + Q^4*(omega - s)^4*s23^4 - 6*Q^2*(omega - s)^4*s*s23^4 + 4*Q^4*(omega - s)^2*s^2*s23^4 - 4*Q^2*(omega - s)^3*s^2*s23^4 + 9*(omega - s)^4*s^2*s23^4 - 4*Q^2*(omega - s)^2*s^3*s23^4 + 12*(omega - s)^3*s^3*s23^4 + Q^4*s^4*s23^4 - 6*Q^2*(omega - s)*s^4*s23^4 + 9*(omega - s)^2*s^4*s23^4 - 2*Q^4*(omega - s)^3*s23^5 + 6*Q^2*(omega - s)^3*s*s23^5 + 4*Q^2*(omega - s)^2*s^2*s23^5 - 6*(omega - s)^3*s^2*s23^5 - 2*Q^4*s^3*s23^5 + 6*Q^2*(omega - s)*s^3*s23^5 - 6*(omega - s)^2*s^3*s23^5 + Q^4*(omega - s)^2*s23^6 - 2*Q^2*(omega - s)^2*s*s23^6 + Q^4*s^2*s23^6 - 2*Q^2*(omega - s)*s^2*s23^6 + 2*(omega - s)^2*s^2*s23^6)*((-1/128*EulerGamma + Log[2]/64 + Log[mu2]/128)/Pi^5 + Log[Pi]/(128*Pi^5))))/((omega - s)^2*s^2*(omega + Q^2 - s23)*(omega - s - s23)^2*(s - s23)^2*((omega - s)*s + Q^2*s23)*SUNN) - (32*alphaS^2*chargeSum*Pi^3*(-2*Q^4*(omega - s)^4*s^4 - 2*Q^2*(omega - s)^5*s^4 - 3*(omega - s)^6*s^4 - 2*Q^2*(omega - s)^4*s^5 - 4*(omega - s)^5*s^5 - 3*(omega - s)^4*s^6 + 2*Q^4*(omega - s)^4*s^3*s23 - 2*Q^2*(omega - s)^5*s^3*s23 + 2*(omega - s)^6*s^3*s23 + 2*Q^4*(omega - s)^3*s^4*s23 + 4*Q^2*(omega - s)^4*s^4*s23 + 12*(omega - s)^5*s^4*s23 - 2*Q^2*(omega - s)^3*s^5*s23 + 12*(omega - s)^4*s^5*s23 + 2*(omega - s)^3*s^6*s23 - 3*Q^4*(omega - s)^4*s^2*s23^2 - 2*Q^2*(omega - s)^5*s^2*s23^2 - 3*(omega - s)^6*s^2*s23^2 + 8*Q^2*(omega - s)^4*s^3*s23^2 - 8*(omega - s)^5*s^3*s23^2 - 3*Q^4*(omega - s)^2*s^4*s23^2 + 8*Q^2*(omega - s)^3*s^4*s23^2 - 16*(omega - s)^4*s^4*s23^2 - 2*Q^2*(omega - s)^2*s^5*s23^2 - 8*(omega - s)^3*s^5*s23^2 - 3*(omega - s)^2*s^6*s23^2 - 2*Q^2*(omega - s)^5*s*s23^3 + 4*Q^4*(omega - s)^3*s^2*s23^3 + 8*(omega - s)^5*s^2*s23^3 + 4*Q^4*(omega - s)^2*s^3*s23^3 - 12*Q^2*(omega - s)^3*s^3*s23^3 + 12*(omega - s)^4*s^3*s23^3 + 12*(omega - s)^3*s^4*s23^3 - 2*Q^2*(omega - s)*s^5*s23^3 + 8*(omega - s)^2*s^5*s23^3 - Q^4*(omega - s)^4*s23^4 + 6*Q^2*(omega - s)^4*s*s23^4 - 4*Q^4*(omega - s)^2*s^2*s23^4 + 4*Q^2*(omega - s)^3*s^2*s23^4 - 9*(omega - s)^4*s^2*s23^4 + 4*Q^2*(omega - s)^2*s^3*s23^4 - 12*(omega - s)^3*s^3*s23^4 - Q^4*s^4*s23^4 + 6*Q^2*(omega - s)*s^4*s23^4 - 9*(omega - s)^2*s^4*s23^4 + 2*Q^4*(omega - s)^3*s23^5 - 6*Q^2*(omega - s)^3*s*s23^5 - 4*Q^2*(omega - s)^2*s^2*s23^5 + 6*(omega - s)^3*s^2*s23^5 + 2*Q^4*s^3*s23^5 - 6*Q^2*(omega - s)*s^3*s23^5 + 6*(omega - s)^2*s^3*s23^5 - Q^4*(omega - s)^2*s23^6 + 2*Q^2*(omega - s)^2*s*s23^6 - Q^4*s^2*s23^6 + 2*Q^2*(omega - s)*s^2*s23^6 - 2*(omega - s)^2*s^2*s23^6 + 2*Q^4*(omega - s)^4*s^4*SUNN^2 + 2*Q^2*(omega - s)^5*s^4*SUNN^2 + 3*(omega - s)^6*s^4*SUNN^2 + 2*Q^2*(omega - s)^4*s^5*SUNN^2 + 4*(omega - s)^5*s^5*SUNN^2 + 3*(omega - s)^4*s^6*SUNN^2 - 2*Q^4*(omega - s)^4*s^3*s23*SUNN^2 + 2*Q^2*(omega - s)^5*s^3*s23*SUNN^2 - 2*(omega - s)^6*s^3*s23*SUNN^2 - 2*Q^4*(omega - s)^3*s^4*s23*SUNN^2 - 4*Q^2*(omega - s)^4*s^4*s23*SUNN^2 - 12*(omega - s)^5*s^4*s23*SUNN^2 + 2*Q^2*(omega - s)^3*s^5*s23*SUNN^2 - 12*(omega - s)^4*s^5*s23*SUNN^2 - 2*(omega - s)^3*s^6*s23*SUNN^2 + 3*Q^4*(omega - s)^4*s^2*s23^2*SUNN^2 + 2*Q^2*(omega - s)^5*s^2*s23^2*SUNN^2 + 3*(omega - s)^6*s^2*s23^2*SUNN^2 - 8*Q^2*(omega - s)^4*s^3*s23^2*SUNN^2 + 8*(omega - s)^5*s^3*s23^2*SUNN^2 + 3*Q^4*(omega - s)^2*s^4*s23^2*SUNN^2 - 8*Q^2*(omega - s)^3*s^4*s23^2*SUNN^2 + 16*(omega - s)^4*s^4*s23^2*SUNN^2 + 2*Q^2*(omega - s)^2*s^5*s23^2*SUNN^2 + 8*(omega - s)^3*s^5*s23^2*SUNN^2 + 3*(omega - s)^2*s^6*s23^2*SUNN^2 + 2*Q^2*(omega - s)^5*s*s23^3*SUNN^2 - 4*Q^4*(omega - s)^3*s^2*s23^3*SUNN^2 - 8*(omega - s)^5*s^2*s23^3*SUNN^2 - 4*Q^4*(omega - s)^2*s^3*s23^3*SUNN^2 + 12*Q^2*(omega - s)^3*s^3*s23^3*SUNN^2 - 12*(omega - s)^4*s^3*s23^3*SUNN^2 - 12*(omega - s)^3*s^4*s23^3*SUNN^2 + 2*Q^2*(omega - s)*s^5*s23^3*SUNN^2 - 8*(omega - s)^2*s^5*s23^3*SUNN^2 + Q^4*(omega - s)^4*s23^4*SUNN^2 - 6*Q^2*(omega - s)^4*s*s23^4*SUNN^2 + 4*Q^4*(omega - s)^2*s^2*s23^4*SUNN^2 - 4*Q^2*(omega - s)^3*s^2*s23^4*SUNN^2 + 9*(omega - s)^4*s^2*s23^4*SUNN^2 - 4*Q^2*(omega - s)^2*s^3*s23^4*SUNN^2 + 12*(omega - s)^3*s^3*s23^4*SUNN^2 + Q^4*s^4*s23^4*SUNN^2 - 6*Q^2*(omega - s)*s^4*s23^4*SUNN^2 + 9*(omega - s)^2*s^4*s23^4*SUNN^2 - 2*Q^4*(omega - s)^3*s23^5*SUNN^2 + 6*Q^2*(omega - s)^3*s*s23^5*SUNN^2 + 4*Q^2*(omega - s)^2*s^2*s23^5*SUNN^2 - 6*(omega - s)^3*s^2*s23^5*SUNN^2 - 2*Q^4*s^3*s23^5*SUNN^2 + 6*Q^2*(omega - s)*s^3*s23^5*SUNN^2 - 6*(omega - s)^2*s^3*s23^5*SUNN^2 + Q^4*(omega - s)^2*s23^6*SUNN^2 - 2*Q^2*(omega - s)^2*s*s23^6*SUNN^2 + Q^4*s^2*s23^6*SUNN^2 - 2*Q^2*(omega - s)*s^2*s23^6*SUNN^2 + 2*(omega - s)^2*s^2*s23^6*SUNN^2)*(Log[mu2]/(32*Pi^6) + Log[2*Pi]/(32*Pi^6)))/((omega - s)^2*s^2*(omega + Q^2 - s23)*(omega - s - s23)^2*(s - s23)^2*((omega - s)*s + Q^2*s23)*SUNN) + ((8*alphaS^2*chargeSum*Pi^3*(16*Q^4 + 16*Q^2*(omega - s) + 16*(omega - s)^2 + 16*Q^2*s + 24*(omega - s)*s + 16*s^2 - 16*Q^2*s23 - 40*(omega - s)*s23 - 40*s*s23 + 40*s23^2))/((-omega - Q^2 + s23)*(-s + s23)*(-omega + s + s23)*SUNN) + (32*alphaS^2*chargeSum*Pi^3*(6*Q^4 + (omega - s)^2 + 6*Q^2*s + (omega - s)*s + 2*s^2 + 4*Q^2*s23 - (omega - s)*s23 + s*s23 + 2*s23^2)*(-omega - Q^2 + s23 + (omega - s)*SUNN^2 - s23*SUNN^2))/((omega + 2*Q^2)*(Q^2 + s)*(omega + Q^2 - s23)*(omega - s - s23)*SUNN) + (32*alphaS^2*chargeSum*Pi^3*(6*Q^4 + 6*Q^2*(omega - s) + 2*(omega - s)^2 + (omega - s)*s + s^2 + 4*Q^2*s23 + (omega - s)*s23 - s*s23 + 2*s23^2)*(-omega - Q^2 + s23 + s*SUNN^2 - s23*SUNN^2))/((omega + 2*Q^2)*(omega + Q^2 - s)*(omega + Q^2 - s23)*(s - s23)*SUNN) + (32*alphaS^2*chargeSum*Pi^3*(-2*Q^6*(omega - s)^2 - 2*Q^4*(omega - s)^3 + 2*Q^2*(omega - s)^4 + Q^2*(omega - s)^3*s + Q^2*(omega - s)^2*s^2 + 6*Q^6*(omega - s)*s23 + 13*Q^4*(omega - s)^2*s23 + 7*Q^2*(omega - s)^3*s23 + 5*(omega - s)^4*s23 + 5*Q^4*(omega - s)*s*s23 + 8*Q^2*(omega - s)^2*s*s23 + 5*(omega - s)^3*s*s23 + Q^2*(omega - s)*s^2*s23 + 2*(omega - s)^2*s^2*s23 + 2*Q^6*s23^2 - Q^4*(omega - s)*s23^2 - 3*Q^2*(omega - s)^2*s23^2 - 5*(omega - s)^3*s23^2 + Q^4*s*s23^2 - Q^2*(omega - s)*s*s23^2 - 3*(omega - s)^2*s*s23^2 + 2*(omega - s)^2*s23^3 + 8*Q^6*(omega - s)^2*SUNN^2 + 16*Q^4*(omega - s)^3*SUNN^2 + 11*Q^2*(omega - s)^4*SUNN^2 + 5*(omega - s)^5*SUNN^2 + 6*Q^4*(omega - s)^2*s*SUNN^2 + 10*Q^2*(omega - s)^3*s*SUNN^2 + 5*(omega - s)^4*s*SUNN^2 + Q^2*(omega - s)^2*s^2*SUNN^2 + 2*(omega - s)^3*s^2*SUNN^2 - 6*Q^6*(omega - s)*s23*SUNN^2 - 17*Q^4*(omega - s)^2*s23*SUNN^2 - 16*Q^2*(omega - s)^3*s23*SUNN^2 - 10*(omega - s)^4*s23*SUNN^2 - 5*Q^4*(omega - s)*s*s23*SUNN^2 - 11*Q^2*(omega - s)^2*s*s23*SUNN^2 - 8*(omega - s)^3*s*s23*SUNN^2 - Q^2*(omega - s)*s^2*s23*SUNN^2 - 2*(omega - s)^2*s^2*s23*SUNN^2 - 2*Q^6*s23^2*SUNN^2 + Q^4*(omega - s)*s23^2*SUNN^2 + 5*Q^2*(omega - s)^2*s23^2*SUNN^2 + 7*(omega - s)^3*s23^2*SUNN^2 - Q^4*s*s23^2*SUNN^2 + Q^2*(omega - s)*s*s23^2*SUNN^2 + 3*(omega - s)^2*s*s23^2*SUNN^2 - 2*(omega - s)^2*s23^3*SUNN^2))/((omega + 2*Q^2)*(omega - s)^2*(omega + Q^2 - s)*(omega + Q^2 - s23)*(omega - s - s23)*SUNN) + (32*alphaS^2*chargeSum*Pi^3*(-2*Q^6*s^2 + Q^2*(omega - s)^2*s^2 - 2*Q^4*s^3 + Q^2*(omega - s)*s^3 + 2*Q^2*s^4 + 6*Q^6*s*s23 + 5*Q^4*(omega - s)*s*s23 + Q^2*(omega - s)^2*s*s23 + 13*Q^4*s^2*s23 + 8*Q^2*(omega - s)*s^2*s23 + 2*(omega - s)^2*s^2*s23 + 7*Q^2*s^3*s23 + 5*(omega - s)*s^3*s23 + 5*s^4*s23 + 2*Q^6*s23^2 + Q^4*(omega - s)*s23^2 - Q^4*s*s23^2 - Q^2*(omega - s)*s*s23^2 - 3*Q^2*s^2*s23^2 - 3*(omega - s)*s^2*s23^2 - 5*s^3*s23^2 + 2*s^2*s23^3 + 8*Q^6*s^2*SUNN^2 + 6*Q^4*(omega - s)*s^2*SUNN^2 + Q^2*(omega - s)^2*s^2*SUNN^2 + 16*Q^4*s^3*SUNN^2 + 10*Q^2*(omega - s)*s^3*SUNN^2 + 2*(omega - s)^2*s^3*SUNN^2 + 11*Q^2*s^4*SUNN^2 + 5*(omega - s)*s^4*SUNN^2 + 5*s^5*SUNN^2 - 6*Q^6*s*s23*SUNN^2 - 5*Q^4*(omega - s)*s*s23*SUNN^2 - Q^2*(omega - s)^2*s*s23*SUNN^2 - 17*Q^4*s^2*s23*SUNN^2 - 11*Q^2*(omega - s)*s^2*s23*SUNN^2 - 2*(omega - s)^2*s^2*s23*SUNN^2 - 16*Q^2*s^3*s23*SUNN^2 - 8*(omega - s)*s^3*s23*SUNN^2 - 10*s^4*s23*SUNN^2 - 2*Q^6*s23^2*SUNN^2 - Q^4*(omega - s)*s23^2*SUNN^2 + Q^4*s*s23^2*SUNN^2 + Q^2*(omega - s)*s*s23^2*SUNN^2 + 5*Q^2*s^2*s23^2*SUNN^2 + 3*(omega - s)*s^2*s23^2*SUNN^2 + 7*s^3*s23^2*SUNN^2 - 2*s^2*s23^3*SUNN^2))/((omega + 2*Q^2)*s^2*(Q^2 + s)*(omega + Q^2 - s23)*(s - s23)*SUNN) + (64*alphaS^2*chargeSum*Pi^3*(-(Q^8*(omega - s)*s) - Q^6*(omega - s)^2*s - Q^4*(omega - s)^3*s - Q^2*(omega - s)^4*s - Q^6*(omega - s)*s^2 - Q^4*(omega - s)^2*s^2 - 2*Q^2*(omega - s)^3*s^2 - Q^4*(omega - s)*s^3 - 2*Q^2*(omega - s)^2*s^3 - Q^2*(omega - s)*s^4 + 2*Q^10*s23 + 7*Q^8*(omega - s)*s23 + 9*Q^6*(omega - s)^2*s23 + 7*Q^4*(omega - s)^3*s23 + 3*Q^2*(omega - s)^4*s23 + 7*Q^8*s*s23 + 14*Q^6*(omega - s)*s*s23 + 13*Q^4*(omega - s)^2*s*s23 + 12*Q^2*(omega - s)^3*s*s23 + 2*(omega - s)^4*s*s23 + 9*Q^6*s^2*s23 + 13*Q^4*(omega - s)*s^2*s23 + 12*Q^2*(omega - s)^2*s^2*s23 + (omega - s)^3*s^2*s23 + 7*Q^4*s^3*s23 + 12*Q^2*(omega - s)*s^3*s23 + (omega - s)^2*s^3*s23 + 3*Q^2*s^4*s23 + 2*(omega - s)*s^4*s23 - 5*Q^8*s23^2 - 9*Q^6*(omega - s)*s23^2 - 8*Q^4*(omega - s)^2*s23^2 - 6*Q^2*(omega - s)^3*s23^2 - 9*Q^6*s*s23^2 - 14*Q^4*(omega - s)*s*s23^2 - 19*Q^2*(omega - s)^2*s*s23^2 - 3*(omega - s)^3*s*s23^2 - 8*Q^4*s^2*s23^2 - 19*Q^2*(omega - s)*s^2*s23^2 - (omega - s)^2*s^2*s23^2 - 6*Q^2*s^3*s23^2 - 3*(omega - s)*s^3*s23^2 + 2*Q^6*s23^3 + 4*Q^4*(omega - s)*s23^3 + 7*Q^2*(omega - s)^2*s23^3 + 4*Q^4*s*s23^3 + 18*Q^2*(omega - s)*s*s23^3 + 2*(omega - s)^2*s*s23^3 + 7*Q^2*s^2*s23^3 + 2*(omega - s)*s^2*s23^3 - Q^4*s23^4 - 6*Q^2*(omega - s)*s23^4 - 6*Q^2*s*s23^4 - (omega - s)*s*s23^4 + 2*Q^2*s23^5 + 3*Q^8*(omega - s)*s*SUNN^2 + 5*Q^6*(omega - s)^2*s*SUNN^2 + 5*Q^4*(omega - s)^3*s*SUNN^2 + 3*Q^2*(omega - s)^4*s*SUNN^2 + 5*Q^6*(omega - s)*s^2*SUNN^2 + 6*Q^4*(omega - s)^2*s^2*SUNN^2 + 5*Q^2*(omega - s)^3*s^2*SUNN^2 + 2*(omega - s)^4*s^2*SUNN^2 + 5*Q^4*(omega - s)*s^3*SUNN^2 + 5*Q^2*(omega - s)^2*s^3*SUNN^2 - (omega - s)^3*s^3*SUNN^2 + 3*Q^2*(omega - s)*s^4*SUNN^2 + 2*(omega - s)^2*s^4*SUNN^2 - 3*Q^8*(omega - s)*s23*SUNN^2 - 5*Q^6*(omega - s)^2*s23*SUNN^2 - 5*Q^4*(omega - s)^3*s23*SUNN^2 - 3*Q^2*(omega - s)^4*s23*SUNN^2 - 3*Q^8*s*s23*SUNN^2 - 11*Q^6*(omega - s)*s*s23*SUNN^2 - 13*Q^4*(omega - s)^2*s*s23*SUNN^2 - 11*Q^2*(omega - s)^3*s*s23*SUNN^2 - 2*(omega - s)^4*s*s23*SUNN^2 - 5*Q^6*s^2*s23*SUNN^2 - 13*Q^4*(omega - s)*s^2*s23*SUNN^2 - 17*Q^2*(omega - s)^2*s^2*s23*SUNN^2 - 2*(omega - s)^3*s^2*s23*SUNN^2 - 5*Q^4*s^3*s23*SUNN^2 - 11*Q^2*(omega - s)*s^3*s23*SUNN^2 - 2*(omega - s)^2*s^3*s23*SUNN^2 - 3*Q^2*s^4*s23*SUNN^2 - 2*(omega - s)*s^4*s23*SUNN^2 + 3*Q^8*s23^2*SUNN^2 + 6*Q^6*(omega - s)*s23^2*SUNN^2 + 7*Q^4*(omega - s)^2*s23^2*SUNN^2 + 6*Q^2*(omega - s)^3*s23^2*SUNN^2 + 6*Q^6*s*s23^2*SUNN^2 + 11*Q^4*(omega - s)*s*s23^2*SUNN^2 + 19*Q^2*(omega - s)^2*s*s23^2*SUNN^2 + 3*(omega - s)^3*s*s23^2*SUNN^2 + 7*Q^4*s^2*s23^2*SUNN^2 + 19*Q^2*(omega - s)*s^2*s23^2*SUNN^2 + 2*(omega - s)^2*s^2*s23^2*SUNN^2 + 6*Q^2*s^3*s23^2*SUNN^2 + 3*(omega - s)*s^3*s23^2*SUNN^2 - Q^6*s23^3*SUNN^2 - 3*Q^4*(omega - s)*s23^3*SUNN^2 - 7*Q^2*(omega - s)^2*s23^3*SUNN^2 - 3*Q^4*s*s23^3*SUNN^2 - 17*Q^2*(omega - s)*s*s23^3*SUNN^2 - 2*(omega - s)^2*s*s23^3*SUNN^2 - 7*Q^2*s^2*s23^3*SUNN^2 - 2*(omega - s)*s^2*s23^3*SUNN^2 + Q^4*s23^4*SUNN^2 + 6*Q^2*(omega - s)*s23^4*SUNN^2 + 6*Q^2*s*s23^4*SUNN^2 + (omega - s)*s*s23^4*SUNN^2 - 2*Q^2*s23^5*SUNN^2))/((omega + Q^2 - s)*(Q^2 + s)*(omega + Q^2 - s23)*(omega - s - s23)*(s - s23)*((omega - s)*s + Q^2*s23)*SUNN) - (32*alphaS^2*chargeSum*Pi^3*(-2*Q^2*(omega - s)^7*s^2 - (omega - s)^8*s^2 - 10*Q^2*(omega - s)^6*s^3 - 4*(omega - s)^7*s^3 - 20*Q^2*(omega - s)^5*s^4 - 7*(omega - s)^6*s^4 - 20*Q^2*(omega - s)^4*s^5 - 8*(omega - s)^5*s^5 - 10*Q^2*(omega - s)^3*s^6 - 7*(omega - s)^4*s^6 - 2*Q^2*(omega - s)^2*s^7 - 4*(omega - s)^3*s^7 - (omega - s)^2*s^8 + 16*Q^2*(omega - s)^7*s*s23 + 14*(omega - s)^8*s*s23 - 16*Q^4*(omega - s)^5*s^2*s23 + 64*Q^2*(omega - s)^6*s^2*s23 + 70*(omega - s)^7*s^2*s23 - 48*Q^4*(omega - s)^4*s^3*s23 + 128*Q^2*(omega - s)^5*s^3*s23 + 154*(omega - s)^6*s^3*s23 - 48*Q^4*(omega - s)^3*s^4*s23 + 160*Q^2*(omega - s)^4*s^4*s23 + 210*(omega - s)^5*s^4*s23 - 16*Q^4*(omega - s)^2*s^5*s23 + 128*Q^2*(omega - s)^3*s^5*s23 + 210*(omega - s)^4*s^5*s23 + 64*Q^2*(omega - s)^2*s^6*s23 + 154*(omega - s)^3*s^6*s23 + 16*Q^2*(omega - s)*s^7*s23 + 70*(omega - s)^2*s^7*s23 + 14*(omega - s)*s^8*s23 - 2*Q^2*(omega - s)^7*s23^2 - (omega - s)^8*s23^2 + 128*Q^4*(omega - s)^5*s*s23^2 + 70*Q^2*(omega - s)^6*s*s23^2 - 44*(omega - s)^7*s*s23^2 - 32*Q^6*(omega - s)^3*s^2*s23^2 + 304*Q^4*(omega - s)^4*s^2*s23^2 + 154*Q^2*(omega - s)^5*s^2*s23^2 - 216*(omega - s)^6*s^2*s23^2 - 32*Q^6*(omega - s)^2*s^3*s23^2 + 384*Q^4*(omega - s)^3*s^3*s23^2 + 98*Q^2*(omega - s)^4*s^3*s23^2 - 484*(omega - s)^5*s^3*s23^2 + 304*Q^4*(omega - s)^2*s^4*s23^2 + 98*Q^2*(omega - s)^3*s^4*s23^2 - 622*(omega - s)^4*s^4*s23^2 + 128*Q^4*(omega - s)*s^5*s23^2 + 154*Q^2*(omega - s)^2*s^5*s23^2 - 484*(omega - s)^3*s^5*s23^2 + 70*Q^2*(omega - s)*s^6*s23^2 - 216*(omega - s)^2*s^6*s23^2 - 2*Q^2*s^7*s23^2 - 44*(omega - s)*s^7*s23^2 - s^8*s23^2 - 16*Q^4*(omega - s)^5*s23^3 - 4*Q^2*(omega - s)^6*s23^3 + 2*(omega - s)^7*s23^3 + 256*Q^6*(omega - s)^3*s*s23^3 - 80*Q^4*(omega - s)^4*s*s23^3 - 288*Q^2*(omega - s)^5*s*s23^3 + 58*(omega - s)^6*s*s23^3 + 128*Q^6*(omega - s)^2*s^2*s23^3 - 608*Q^4*(omega - s)^3*s^2*s23^3 - 892*Q^2*(omega - s)^4*s^2*s23^3 + 262*(omega - s)^5*s^2*s23^3 + 256*Q^6*(omega - s)*s^3*s23^3 - 608*Q^4*(omega - s)^2*s^3*s23^3 - 1216*Q^2*(omega - s)^3*s^3*s23^3 + 510*(omega - s)^4*s^3*s23^3 - 80*Q^4*(omega - s)*s^4*s23^3 - 892*Q^2*(omega - s)^2*s^4*s23^3 + 510*(omega - s)^3*s^4*s23^3 - 16*Q^4*s^5*s23^3 - 288*Q^2*(omega - s)*s^5*s23^3 + 262*(omega - s)^2*s^5*s23^3 - 4*Q^2*s^6*s23^3 + 58*(omega - s)*s^6*s23^3 + 2*s^7*s23^3 - 32*Q^6*(omega - s)^3*s23^4 + 16*Q^4*(omega - s)^4*s23^4 + 14*Q^2*(omega - s)^5*s23^4 - (omega - s)^6*s23^4 - 544*Q^6*(omega - s)^2*s*s23^4 - 320*Q^4*(omega - s)^3*s*s23^4 + 422*Q^2*(omega - s)^4*s*s23^4 - 28*(omega - s)^5*s*s23^4 - 544*Q^6*(omega - s)*s^2*s23^4 - 224*Q^4*(omega - s)^2*s^2*s23^4 + 1196*Q^2*(omega - s)^3*s^2*s23^4 - 103*(omega - s)^4*s^2*s23^4 - 32*Q^6*s^3*s23^4 - 320*Q^4*(omega - s)*s^3*s23^4 + 1196*Q^2*(omega - s)^2*s^3*s23^4 - 152*(omega - s)^3*s^3*s23^4 + 16*Q^4*s^4*s23^4 + 422*Q^2*(omega - s)*s^4*s23^4 - 103*(omega - s)^2*s^4*s23^4 + 14*Q^2*s^5*s23^4 - 28*(omega - s)*s^5*s23^4 - s^6*s23^4 + 64*Q^6*(omega - s)^2*s23^5 + 16*Q^4*(omega - s)^3*s23^5 - 8*Q^2*(omega - s)^4*s23^5 + 512*Q^6*(omega - s)*s*s23^5 + 752*Q^4*(omega - s)^2*s*s23^5 - 208*Q^2*(omega - s)^3*s*s23^5 + 64*Q^6*s^2*s23^5 + 752*Q^4*(omega - s)*s^2*s23^5 - 400*Q^2*(omega - s)^2*s^2*s23^5 + 16*Q^4*s^3*s23^5 - 208*Q^2*(omega - s)*s^3*s23^5 - 8*Q^2*s^4*s23^5 - 32*Q^6*(omega - s)*s23^6 - 16*Q^4*(omega - s)^2*s23^6 - 32*Q^6*s*s23^6 - 384*Q^4*(omega - s)*s*s23^6 - 16*Q^4*s^2*s23^6 + 2*Q^2*(omega - s)^7*s^2*SUNN^2 + 5*(omega - s)^8*s^2*SUNN^2 + 10*Q^2*(omega - s)^6*s^3*SUNN^2 + 18*(omega - s)^7*s^3*SUNN^2 + 20*Q^2*(omega - s)^5*s^4*SUNN^2 + 35*(omega - s)^6*s^4*SUNN^2 + 20*Q^2*(omega - s)^4*s^5*SUNN^2 + 44*(omega - s)^5*s^5*SUNN^2 + 10*Q^2*(omega - s)^3*s^6*SUNN^2 + 35*(omega - s)^4*s^6*SUNN^2 + 2*Q^2*(omega - s)^2*s^7*SUNN^2 + 18*(omega - s)^3*s^7*SUNN^2 + 5*(omega - s)^2*s^8*SUNN^2 - 8*Q^2*(omega - s)^7*s*s23*SUNN^2 - 10*(omega - s)^8*s*s23*SUNN^2 + 16*Q^4*(omega - s)^5*s^2*s23*SUNN^2 - 54*(omega - s)^7*s^2*s23*SUNN^2 + 48*Q^4*(omega - s)^4*s^3*s23*SUNN^2 - 8*Q^2*(omega - s)^5*s^3*s23*SUNN^2 - 142*(omega - s)^6*s^3*s23*SUNN^2 + 48*Q^4*(omega - s)^3*s^4*s23*SUNN^2 - 48*Q^2*(omega - s)^4*s^4*s23*SUNN^2 - 250*(omega - s)^5*s^4*s23*SUNN^2 + 16*Q^4*(omega - s)^2*s^5*s23*SUNN^2 - 8*Q^2*(omega - s)^3*s^5*s23*SUNN^2 - 250*(omega - s)^4*s^5*s23*SUNN^2 - 142*(omega - s)^3*s^6*s23*SUNN^2 - 8*Q^2*(omega - s)*s^7*s23*SUNN^2 - 54*(omega - s)^2*s^7*s23*SUNN^2 - 10*(omega - s)*s^8*s23*SUNN^2 + 2*Q^2*(omega - s)^7*s23^2*SUNN^2 + (omega - s)^8*s23^2*SUNN^2 - 64*Q^4*(omega - s)^5*s*s23^2*SUNN^2 - 54*Q^2*(omega - s)^6*s*s23^2*SUNN^2 + 30*(omega - s)^7*s*s23^2*SUNN^2 + 32*Q^6*(omega - s)^3*s^2*s23^2*SUNN^2 - 112*Q^4*(omega - s)^4*s^2*s23^2*SUNN^2 - 202*Q^2*(omega - s)^5*s^2*s23^2*SUNN^2 + 144*(omega - s)^6*s^2*s23^2*SUNN^2 + 32*Q^6*(omega - s)^2*s^3*s23^2*SUNN^2 - 272*Q^4*(omega - s)^3*s^3*s23^2*SUNN^2 - 298*Q^2*(omega - s)^4*s^3*s23^2*SUNN^2 + 382*(omega - s)^5*s^3*s23^2*SUNN^2 - 112*Q^4*(omega - s)^2*s^4*s23^2*SUNN^2 - 298*Q^2*(omega - s)^3*s^4*s23^2*SUNN^2 + 558*(omega - s)^4*s^4*s23^2*SUNN^2 - 64*Q^4*(omega - s)*s^5*s23^2*SUNN^2 - 202*Q^2*(omega - s)^2*s^5*s23^2*SUNN^2 + 382*(omega - s)^3*s^5*s23^2*SUNN^2 - 54*Q^2*(omega - s)*s^6*s23^2*SUNN^2 + 144*(omega - s)^2*s^6*s23^2*SUNN^2 + 2*Q^2*s^7*s23^2*SUNN^2 + 30*(omega - s)*s^7*s23^2*SUNN^2 + s^8*s23^2*SUNN^2 + 16*Q^4*(omega - s)^5*s23^3*SUNN^2 + 4*Q^2*(omega - s)^6*s23^3*SUNN^2 - 2*(omega - s)^7*s23^3*SUNN^2 - 128*Q^6*(omega - s)^3*s*s23^3*SUNN^2 + 16*Q^4*(omega - s)^4*s*s23^3*SUNN^2 + 208*Q^2*(omega - s)^5*s*s23^3*SUNN^2 - 34*(omega - s)^6*s*s23^3*SUNN^2 - 128*Q^6*(omega - s)^2*s^2*s23^3*SUNN^2 + 192*Q^4*(omega - s)^3*s^2*s23^3*SUNN^2 + 700*Q^2*(omega - s)^4*s^2*s23^3*SUNN^2 - 166*(omega - s)^5*s^2*s23^3*SUNN^2 - 128*Q^6*(omega - s)*s^3*s23^3*SUNN^2 + 192*Q^4*(omega - s)^2*s^3*s23^3*SUNN^2 + 968*Q^2*(omega - s)^3*s^3*s23^3*SUNN^2 - 438*(omega - s)^4*s^3*s23^3*SUNN^2 + 16*Q^4*(omega - s)*s^4*s23^3*SUNN^2 + 700*Q^2*(omega - s)^2*s^4*s23^3*SUNN^2 - 438*(omega - s)^3*s^4*s23^3*SUNN^2 + 16*Q^4*s^5*s23^3*SUNN^2 + 208*Q^2*(omega - s)*s^5*s23^3*SUNN^2 - 166*(omega - s)^2*s^5*s23^3*SUNN^2 + 4*Q^2*s^6*s23^3*SUNN^2 - 34*(omega - s)*s^6*s23^3*SUNN^2 - 2*s^7*s23^3*SUNN^2 + 32*Q^6*(omega - s)^3*s23^4*SUNN^2 - 16*Q^4*(omega - s)^4*s23^4*SUNN^2 - 14*Q^2*(omega - s)^5*s23^4*SUNN^2 + (omega - s)^6*s23^4*SUNN^2 + 288*Q^6*(omega - s)^2*s*s23^4*SUNN^2 + 240*Q^4*(omega - s)^3*s*s23^4*SUNN^2 - 302*Q^2*(omega - s)^4*s*s23^4*SUNN^2 + 6*(omega - s)^5*s*s23^4*SUNN^2 + 288*Q^6*(omega - s)*s^2*s23^4*SUNN^2 + 288*Q^4*(omega - s)^2*s^2*s23^4*SUNN^2 - 836*Q^2*(omega - s)^3*s^2*s23^4*SUNN^2 + 87*(omega - s)^4*s^2*s23^4*SUNN^2 + 32*Q^6*s^3*s23^4*SUNN^2 + 240*Q^4*(omega - s)*s^3*s23^4*SUNN^2 - 836*Q^2*(omega - s)^2*s^3*s23^4*SUNN^2 + 212*(omega - s)^3*s^3*s23^4*SUNN^2 - 16*Q^4*s^4*s23^4*SUNN^2 - 302*Q^2*(omega - s)*s^4*s23^4*SUNN^2 + 87*(omega - s)^2*s^4*s23^4*SUNN^2 - 14*Q^2*s^5*s23^4*SUNN^2 + 6*(omega - s)*s^5*s23^4*SUNN^2 + s^6*s23^4*SUNN^2 - 64*Q^6*(omega - s)^2*s23^5*SUNN^2 - 16*Q^4*(omega - s)^3*s23^5*SUNN^2 + 8*Q^2*(omega - s)^4*s23^5*SUNN^2 - 256*Q^6*(omega - s)*s*s23^5*SUNN^2 - 464*Q^4*(omega - s)^2*s*s23^5*SUNN^2 + 168*Q^2*(omega - s)^3*s*s23^5*SUNN^2 + 12*(omega - s)^4*s*s23^5*SUNN^2 - 64*Q^6*s^2*s23^5*SUNN^2 - 464*Q^4*(omega - s)*s^2*s23^5*SUNN^2 + 320*Q^2*(omega - s)^2*s^2*s23^5*SUNN^2 - 36*(omega - s)^3*s^2*s23^5*SUNN^2 - 16*Q^4*s^3*s23^5*SUNN^2 + 168*Q^2*(omega - s)*s^3*s23^5*SUNN^2 - 36*(omega - s)^2*s^3*s23^5*SUNN^2 + 8*Q^2*s^4*s23^5*SUNN^2 + 12*(omega - s)*s^4*s23^5*SUNN^2 + 32*Q^6*(omega - s)*s23^6*SUNN^2 + 16*Q^4*(omega - s)^2*s23^6*SUNN^2 + 32*Q^6*s*s23^6*SUNN^2 + 240*Q^4*(omega - s)*s*s23^6*SUNN^2 - 24*Q^2*(omega - s)^2*s*s23^6*SUNN^2 - 4*(omega - s)^3*s*s23^6*SUNN^2 + 16*Q^4*s^2*s23^6*SUNN^2 - 24*Q^2*(omega - s)*s^2*s23^6*SUNN^2 + 16*(omega - s)^2*s^2*s23^6*SUNN^2 - 4*(omega - s)*s^3*s23^6*SUNN^2 + 8*Q^2*(omega - s)*s*s23^7*SUNN^2))/((omega - s)*s*(omega + Q^2 - s23)*(omega - s - s23)^2*(s - s23)^2*((omega - s)^2 + 2*(omega - s)*s + s^2 + 4*Q^2*s23)^2*SUNN) + (64*alphaS^2*chargeSum*Pi^3*(4*Q^4*(omega - s)^4 + 4*Q^2*(omega - s)^5 + 16*Q^4*(omega - s)^3*s + 20*Q^2*(omega - s)^4*s + 24*Q^4*(omega - s)^2*s^2 + 40*Q^2*(omega - s)^3*s^2 + 16*Q^4*(omega - s)*s^3 + 40*Q^2*(omega - s)^2*s^3 + 4*Q^4*s^4 + 20*Q^2*(omega - s)*s^4 + 4*Q^2*s^5 + 32*Q^6*(omega - s)^2*s23 + 32*Q^4*(omega - s)^3*s23 - 2*Q^2*(omega - s)^4*s23 + 2*(omega - s)^5*s23 + 64*Q^6*(omega - s)*s*s23 + 96*Q^4*(omega - s)^2*s*s23 - 8*Q^2*(omega - s)^3*s*s23 + 10*(omega - s)^4*s*s23 + 32*Q^6*s^2*s23 + 96*Q^4*(omega - s)*s^2*s23 - 12*Q^2*(omega - s)^2*s^2*s23 + 20*(omega - s)^3*s^2*s23 + 32*Q^4*s^3*s23 - 8*Q^2*(omega - s)*s^3*s23 + 20*(omega - s)^2*s^3*s23 - 2*Q^2*s^4*s23 + 10*(omega - s)*s^4*s23 + 2*s^5*s23 + 64*Q^8*s23^2 + 64*Q^6*(omega - s)*s23^2 - 16*Q^4*(omega - s)^2*s23^2 + 16*Q^2*(omega - s)^3*s23^2 - 2*(omega - s)^4*s23^2 + 64*Q^6*s*s23^2 - 32*Q^4*(omega - s)*s*s23^2 + 48*Q^2*(omega - s)^2*s*s23^2 - 8*(omega - s)^3*s*s23^2 - 16*Q^4*s^2*s23^2 + 48*Q^2*(omega - s)*s^2*s23^2 - 12*(omega - s)^2*s^2*s23^2 + 16*Q^2*s^3*s23^2 - 8*(omega - s)*s^3*s23^2 - 2*s^4*s23^2 - 32*Q^6*s23^3 + 32*Q^4*(omega - s)*s23^3 - 16*Q^2*(omega - s)^2*s23^3 + 32*Q^4*s*s23^3 - 32*Q^2*(omega - s)*s*s23^3 - 16*Q^2*s^2*s23^3 - 32*Q^4*s23^4 + 12*Q^4*(omega - s)^4*SUNN^2 + 8*Q^2*(omega - s)^5*SUNN^2 + 3*(omega - s)^6*SUNN^2 + 40*Q^4*(omega - s)^3*s*SUNN^2 + 32*Q^2*(omega - s)^4*s*SUNN^2 + 16*(omega - s)^5*s*SUNN^2 + 56*Q^4*(omega - s)^2*s^2*SUNN^2 + 56*Q^2*(omega - s)^3*s^2*SUNN^2 + 37*(omega - s)^4*s^2*SUNN^2 + 40*Q^4*(omega - s)*s^3*SUNN^2 + 56*Q^2*(omega - s)^2*s^3*SUNN^2 + 48*(omega - s)^3*s^3*SUNN^2 + 12*Q^4*s^4*SUNN^2 + 32*Q^2*(omega - s)*s^4*SUNN^2 + 37*(omega - s)^2*s^4*SUNN^2 + 8*Q^2*s^5*SUNN^2 + 16*(omega - s)*s^5*SUNN^2 + 3*s^6*SUNN^2 + 80*Q^6*(omega - s)^2*s23*SUNN^2 + 44*Q^4*(omega - s)^3*s23*SUNN^2 + 14*Q^2*(omega - s)^4*s23*SUNN^2 - 4*(omega - s)^5*s23*SUNN^2 + 176*Q^6*(omega - s)*s*s23*SUNN^2 + 172*Q^4*(omega - s)^2*s*s23*SUNN^2 + 80*Q^2*(omega - s)^3*s*s23*SUNN^2 - 16*(omega - s)^4*s*s23*SUNN^2 + 80*Q^6*s^2*s23*SUNN^2 + 172*Q^4*(omega - s)*s^2*s23*SUNN^2 + 132*Q^2*(omega - s)^2*s^2*s23*SUNN^2 - 28*(omega - s)^3*s^2*s23*SUNN^2 + 44*Q^4*s^3*s23*SUNN^2 + 80*Q^2*(omega - s)*s^3*s23*SUNN^2 - 28*(omega - s)^2*s^3*s23*SUNN^2 + 14*Q^2*s^4*s23*SUNN^2 - 16*(omega - s)*s^4*s23*SUNN^2 - 4*s^5*s23*SUNN^2 + 176*Q^8*s23^2*SUNN^2 + 120*Q^6*(omega - s)*s23^2*SUNN^2 + 36*Q^4*(omega - s)^2*s23^2*SUNN^2 - 20*Q^2*(omega - s)^3*s23^2*SUNN^2 + 4*(omega - s)^4*s23^2*SUNN^2 + 120*Q^6*s*s23^2*SUNN^2 + 32*Q^4*(omega - s)*s*s23^2*SUNN^2 - 92*Q^2*(omega - s)^2*s*s23^2*SUNN^2 + 12*(omega - s)^3*s*s23^2*SUNN^2 + 36*Q^4*s^2*s23^2*SUNN^2 - 92*Q^2*(omega - s)*s^2*s23^2*SUNN^2 + 16*(omega - s)^2*s^2*s23^2*SUNN^2 - 20*Q^2*s^3*s23^2*SUNN^2 + 12*(omega - s)*s^3*s23^2*SUNN^2 + 4*s^4*s23^2*SUNN^2 - 56*Q^6*s23^3*SUNN^2 - 64*Q^4*(omega - s)*s23^3*SUNN^2 + 24*Q^2*(omega - s)^2*s23^3*SUNN^2 - 64*Q^4*s*s23^3*SUNN^2 + 56*Q^2*(omega - s)*s*s23^3*SUNN^2 + 24*Q^2*s^2*s23^3*SUNN^2 + 56*Q^4*s23^4*SUNN^2)*Log[(1 - Sqrt[1 - (4*Q^2*(omega + Q^2 - s23))/(omega + 2*Q^2)^2])/(1 + Sqrt[1 - (4*Q^2*(omega + Q^2 - s23))/(omega + 2*Q^2)^2])])/((omega + 2*Q^2)^2*(omega + Q^2 - s23)*((omega - s)^2 + 2*(omega - s)*s + s^2 + 4*Q^2*s23)^2*Sqrt[((omega - s)^2 + 2*(omega - s)*s + s^2 + 4*Q^2*s23)/(omega + 2*Q^2)^2]*SUNN) - (1024*alphaS^2*chargeSum*Pi^2*(-(Q^2*(omega - s)^7*s*s23) - (omega - s)^8*s*s23 - 4*Q^2*(omega - s)^6*s^2*s23 - 5*(omega - s)^7*s^2*s23 - 7*Q^2*(omega - s)^5*s^3*s23 - 11*(omega - s)^6*s^3*s23 - 8*Q^2*(omega - s)^4*s^4*s23 - 15*(omega - s)^5*s^4*s23 - 7*Q^2*(omega - s)^3*s^5*s23 - 15*(omega - s)^4*s^5*s23 - 4*Q^2*(omega - s)^2*s^6*s23 - 11*(omega - s)^3*s^6*s23 - Q^2*(omega - s)*s^7*s23 - 5*(omega - s)^2*s^7*s23 - (omega - s)*s^8*s23 - 8*Q^4*(omega - s)^5*s*s23^2 - 6*Q^2*(omega - s)^6*s*s23^2 + 3*(omega - s)^7*s*s23^2 - 16*Q^4*(omega - s)^4*s^2*s23^2 - 14*Q^2*(omega - s)^5*s^2*s23^2 + 16*(omega - s)^6*s^2*s23^2 - 16*Q^4*(omega - s)^3*s^3*s23^2 - 12*Q^2*(omega - s)^4*s^3*s23^2 + 37*(omega - s)^5*s^3*s23^2 - 16*Q^4*(omega - s)^2*s^4*s23^2 - 12*Q^2*(omega - s)^3*s^4*s23^2 + 48*(omega - s)^4*s^4*s23^2 - 8*Q^4*(omega - s)*s^5*s23^2 - 14*Q^2*(omega - s)^2*s^5*s23^2 + 37*(omega - s)^3*s^5*s23^2 - 6*Q^2*(omega - s)*s^6*s23^2 + 16*(omega - s)^2*s^6*s23^2 + 3*(omega - s)*s^7*s23^2 - 16*Q^6*(omega - s)^3*s*s23^3 + 22*Q^2*(omega - s)^5*s*s23^3 - 4*(omega - s)^6*s*s23^3 + 32*Q^4*(omega - s)^3*s^2*s23^3 + 72*Q^2*(omega - s)^4*s^2*s23^3 - 20*(omega - s)^5*s^2*s23^3 - 16*Q^6*(omega - s)*s^3*s23^3 + 32*Q^4*(omega - s)^2*s^3*s23^3 + 100*Q^2*(omega - s)^3*s^3*s23^3 - 40*(omega - s)^4*s^3*s23^3 + 72*Q^2*(omega - s)^2*s^4*s23^3 - 40*(omega - s)^3*s^4*s23^3 + 22*Q^2*(omega - s)*s^5*s23^3 - 20*(omega - s)^2*s^5*s23^3 - 4*(omega - s)*s^6*s23^3 + 32*Q^6*(omega - s)^2*s*s23^4 + 32*Q^4*(omega - s)^3*s*s23^4 - 32*Q^2*(omega - s)^4*s*s23^4 + 2*(omega - s)^5*s*s23^4 + 32*Q^6*(omega - s)*s^2*s23^4 + 32*Q^4*(omega - s)^2*s^2*s23^4 - 96*Q^2*(omega - s)^3*s^2*s23^4 + 8*(omega - s)^4*s^2*s23^4 + 32*Q^4*(omega - s)*s^3*s23^4 - 96*Q^2*(omega - s)^2*s^3*s23^4 + 12*(omega - s)^3*s^3*s23^4 - 32*Q^2*(omega - s)*s^4*s23^4 + 8*(omega - s)^2*s^4*s23^4 + 2*(omega - s)*s^5*s23^4 - 32*Q^6*(omega - s)*s*s23^5 - 64*Q^4*(omega - s)^2*s*s23^5 + 16*Q^2*(omega - s)^3*s*s23^5 - 64*Q^4*(omega - s)*s^2*s23^5 + 32*Q^2*(omega - s)^2*s^2*s23^5 + 16*Q^2*(omega - s)*s^3*s23^5 + 32*Q^4*(omega - s)*s*s23^6 + Q^2*(omega - s)^7*s*s23*SUNN^2 + (omega - s)^8*s*s23*SUNN^2 + 4*Q^2*(omega - s)^6*s^2*s23*SUNN^2 + 5*(omega - s)^7*s^2*s23*SUNN^2 + 7*Q^2*(omega - s)^5*s^3*s23*SUNN^2 + 11*(omega - s)^6*s^3*s23*SUNN^2 + 8*Q^2*(omega - s)^4*s^4*s23*SUNN^2 + 15*(omega - s)^5*s^4*s23*SUNN^2 + 7*Q^2*(omega - s)^3*s^5*s23*SUNN^2 + 15*(omega - s)^4*s^5*s23*SUNN^2 + 4*Q^2*(omega - s)^2*s^6*s23*SUNN^2 + 11*(omega - s)^3*s^6*s23*SUNN^2 + Q^2*(omega - s)*s^7*s23*SUNN^2 + 5*(omega - s)^2*s^7*s23*SUNN^2 + (omega - s)*s^8*s23*SUNN^2 + 8*Q^4*(omega - s)^5*s*s23^2*SUNN^2 + 6*Q^2*(omega - s)^6*s*s23^2*SUNN^2 - 3*(omega - s)^7*s*s23^2*SUNN^2 + 16*Q^4*(omega - s)^4*s^2*s23^2*SUNN^2 + 14*Q^2*(omega - s)^5*s^2*s23^2*SUNN^2 - 16*(omega - s)^6*s^2*s23^2*SUNN^2 + 16*Q^4*(omega - s)^3*s^3*s23^2*SUNN^2 + 12*Q^2*(omega - s)^4*s^3*s23^2*SUNN^2 - 37*(omega - s)^5*s^3*s23^2*SUNN^2 + 16*Q^4*(omega - s)^2*s^4*s23^2*SUNN^2 + 12*Q^2*(omega - s)^3*s^4*s23^2*SUNN^2 - 48*(omega - s)^4*s^4*s23^2*SUNN^2 + 8*Q^4*(omega - s)*s^5*s23^2*SUNN^2 + 14*Q^2*(omega - s)^2*s^5*s23^2*SUNN^2 - 37*(omega - s)^3*s^5*s23^2*SUNN^2 + 6*Q^2*(omega - s)*s^6*s23^2*SUNN^2 - 16*(omega - s)^2*s^6*s23^2*SUNN^2 - 3*(omega - s)*s^7*s23^2*SUNN^2 + 16*Q^6*(omega - s)^3*s*s23^3*SUNN^2 - 22*Q^2*(omega - s)^5*s*s23^3*SUNN^2 + 4*(omega - s)^6*s*s23^3*SUNN^2 - 32*Q^4*(omega - s)^3*s^2*s23^3*SUNN^2 - 72*Q^2*(omega - s)^4*s^2*s23^3*SUNN^2 + 20*(omega - s)^5*s^2*s23^3*SUNN^2 + 16*Q^6*(omega - s)*s^3*s23^3*SUNN^2 - 32*Q^4*(omega - s)^2*s^3*s23^3*SUNN^2 - 100*Q^2*(omega - s)^3*s^3*s23^3*SUNN^2 + 40*(omega - s)^4*s^3*s23^3*SUNN^2 - 72*Q^2*(omega - s)^2*s^4*s23^3*SUNN^2 + 40*(omega - s)^3*s^4*s23^3*SUNN^2 - 22*Q^2*(omega - s)*s^5*s23^3*SUNN^2 + 20*(omega - s)^2*s^5*s23^3*SUNN^2 + 4*(omega - s)*s^6*s23^3*SUNN^2 - 32*Q^6*(omega - s)^2*s*s23^4*SUNN^2 - 32*Q^4*(omega - s)^3*s*s23^4*SUNN^2 + 32*Q^2*(omega - s)^4*s*s23^4*SUNN^2 - 2*(omega - s)^5*s*s23^4*SUNN^2 - 32*Q^6*(omega - s)*s^2*s23^4*SUNN^2 - 32*Q^4*(omega - s)^2*s^2*s23^4*SUNN^2 + 96*Q^2*(omega - s)^3*s^2*s23^4*SUNN^2 - 8*(omega - s)^4*s^2*s23^4*SUNN^2 - 32*Q^4*(omega - s)*s^3*s23^4*SUNN^2 + 96*Q^2*(omega - s)^2*s^3*s23^4*SUNN^2 - 12*(omega - s)^3*s^3*s23^4*SUNN^2 + 32*Q^2*(omega - s)*s^4*s23^4*SUNN^2 - 8*(omega - s)^2*s^4*s23^4*SUNN^2 - 2*(omega - s)*s^5*s23^4*SUNN^2 + 32*Q^6*(omega - s)*s*s23^5*SUNN^2 + 64*Q^4*(omega - s)^2*s*s23^5*SUNN^2 - 16*Q^2*(omega - s)^3*s*s23^5*SUNN^2 + 64*Q^4*(omega - s)*s^2*s23^5*SUNN^2 - 32*Q^2*(omega - s)^2*s^2*s23^5*SUNN^2 - 16*Q^2*(omega - s)*s^3*s23^5*SUNN^2 - 32*Q^4*(omega - s)*s*s23^6*SUNN^2)*(Pi/8 + (2*Pi - EulerGamma*Pi - Pi*Log[Pi] - Pi*Log[s23])/8))/((omega - s)*s*(omega + Q^2 - s23)*(omega - s - s23)^2*(s - s23)^2*((omega - s)^2 + 2*(omega - s)*s + s^2 + 4*Q^2*s23)^2*SUNN) - (128*alphaS^2*chargeSum*Pi^2*s23*((omega - s)^2 + 2*(omega - s)*s + s^2 - 2*(omega - s)*s23 - 2*s*s23 + 2*s23^2)*(Pi/(2*s23*(-omega - Q^2 + s23)) - (EulerGamma*Pi + Pi*Log[Pi] + Pi*Log[s23] - Pi*Log[((s - s23)*(-omega + s + s23))/((omega + Q^2 - s23)*s23)])/(2*s23*(-omega - Q^2 + s23))))/((-s + s23)*(-omega + s + s23)*SUNN) + (128*alphaS^2*chargeSum*Pi^2*(-(Q^8*(omega - s)*s) - Q^6*(omega - s)^2*s - Q^6*(omega - s)*s^2 + Q^8*(omega - s)*s23 + 2*Q^6*(omega - s)^2*s23 + 2*Q^4*(omega - s)^3*s23 + Q^2*(omega - s)^4*s23 + Q^8*s*s23 + 3*Q^6*(omega - s)*s*s23 + 2*Q^4*(omega - s)^2*s*s23 + 3*Q^2*(omega - s)^3*s*s23 + (omega - s)^4*s*s23 + 2*Q^6*s^2*s23 + 2*Q^4*(omega - s)*s^2*s23 + 2*Q^2*(omega - s)^2*s^2*s23 + (omega - s)^3*s^2*s23 + 2*Q^4*s^3*s23 + 3*Q^2*(omega - s)*s^3*s23 + (omega - s)^2*s^3*s23 + Q^2*s^4*s23 + (omega - s)*s^4*s23 - Q^8*s23^2 - 2*Q^6*(omega - s)*s23^2 - Q^4*(omega - s)^2*s23^2 - Q^2*(omega - s)^3*s23^2 - 2*Q^6*s*s23^2 - Q^4*(omega - s)*s*s23^2 - 2*Q^2*(omega - s)^2*s*s23^2 - (omega - s)^3*s*s23^2 - Q^4*s^2*s23^2 - 2*Q^2*(omega - s)*s^2*s23^2 - Q^2*s^3*s23^2 - (omega - s)*s^3*s23^2 + Q^6*s23^3 + Q^4*(omega - s)*s23^3 + Q^2*(omega - s)^2*s23^3 + Q^4*s*s23^3 + 3*Q^2*(omega - s)*s*s23^3 + Q^2*s^2*s23^3 - Q^4*s23^4 - 2*Q^2*(omega - s)*s23^4 - 2*Q^2*s*s23^4 + Q^2*s23^5 + Q^8*(omega - s)*s*SUNN^2 + Q^6*(omega - s)^2*s*SUNN^2 + Q^4*(omega - s)^3*s*SUNN^2 + Q^2*(omega - s)^4*s*SUNN^2 + Q^6*(omega - s)*s^2*SUNN^2 + Q^2*(omega - s)^3*s^2*SUNN^2 + (omega - s)^4*s^2*SUNN^2 + Q^4*(omega - s)*s^3*SUNN^2 + Q^2*(omega - s)^2*s^3*SUNN^2 + Q^2*(omega - s)*s^4*SUNN^2 + (omega - s)^2*s^4*SUNN^2 - Q^8*(omega - s)*s23*SUNN^2 - Q^6*(omega - s)^2*s23*SUNN^2 - Q^4*(omega - s)^3*s23*SUNN^2 - Q^2*(omega - s)^4*s23*SUNN^2 - Q^8*s*s23*SUNN^2 - 3*Q^6*(omega - s)*s*s23*SUNN^2 - Q^4*(omega - s)^2*s*s23*SUNN^2 - 2*Q^2*(omega - s)^3*s*s23*SUNN^2 - (omega - s)^4*s*s23*SUNN^2 - Q^6*s^2*s23*SUNN^2 - Q^4*(omega - s)*s^2*s23*SUNN^2 - 2*Q^2*(omega - s)^2*s^2*s23*SUNN^2 - (omega - s)^3*s^2*s23*SUNN^2 - Q^4*s^3*s23*SUNN^2 - 2*Q^2*(omega - s)*s^3*s23*SUNN^2 - (omega - s)^2*s^3*s23*SUNN^2 - Q^2*s^4*s23*SUNN^2 - (omega - s)*s^4*s23*SUNN^2 + Q^8*s23^2*SUNN^2 + 2*Q^6*(omega - s)*s23^2*SUNN^2 + Q^4*(omega - s)^2*s23^2*SUNN^2 + Q^2*(omega - s)^3*s23^2*SUNN^2 + 2*Q^6*s*s23^2*SUNN^2 + Q^4*(omega - s)*s*s23^2*SUNN^2 + 2*Q^2*(omega - s)^2*s*s23^2*SUNN^2 + (omega - s)^3*s*s23^2*SUNN^2 + Q^4*s^2*s23^2*SUNN^2 + 2*Q^2*(omega - s)*s^2*s23^2*SUNN^2 + Q^2*s^3*s23^2*SUNN^2 + (omega - s)*s^3*s23^2*SUNN^2 - Q^6*s23^3*SUNN^2 - Q^4*(omega - s)*s23^3*SUNN^2 - Q^2*(omega - s)^2*s23^3*SUNN^2 - Q^4*s*s23^3*SUNN^2 - 3*Q^2*(omega - s)*s*s23^3*SUNN^2 - Q^2*s^2*s23^3*SUNN^2 + Q^4*s23^4*SUNN^2 + 2*Q^2*(omega - s)*s23^4*SUNN^2 + 2*Q^2*s*s23^4*SUNN^2 - Q^2*s23^5*SUNN^2)*(-1/2*Pi/((omega - s)*s + Q^2*s23) + (EulerGamma*Pi + Pi*Log[Pi] + Pi*Log[s23] - Pi*Log[-(((s - s23)*(-omega + s + s23))/((omega - s)*s + Q^2*s23))])/(2*((omega - s)*s + Q^2*s23))))/((omega + Q^2 - s)*(Q^2 + s)*(omega + Q^2 - s23)*(omega - s - s23)*(s - s23)*SUNN) + (128*alphaS^2*chargeSum*Pi^2*(Q^2*(omega - s)^4 + 2*Q^6*(omega - s)*s23 + 5*Q^4*(omega - s)^2*s23 + 4*Q^2*(omega - s)^3*s23 + 2*(omega - s)^4*s23 + 3*Q^4*(omega - s)*s*s23 + 5*Q^2*(omega - s)^2*s*s23 + 2*(omega - s)^3*s*s23 + Q^2*(omega - s)*s^2*s23 + (omega - s)^2*s^2*s23 + 2*Q^6*s23^2 - Q^4*(omega - s)*s23^2 - 4*Q^2*(omega - s)^2*s23^2 - 2*(omega - s)^3*s23^2 + Q^4*s*s23^2 - Q^2*(omega - s)*s*s23^2 - 2*(omega - s)^2*s*s23^2 + (omega - s)^2*s23^3 + 4*Q^6*(omega - s)^2*SUNN^2 + 8*Q^4*(omega - s)^3*SUNN^2 + 5*Q^2*(omega - s)^4*SUNN^2 + 2*(omega - s)^5*SUNN^2 + 4*Q^4*(omega - s)^2*s*SUNN^2 + 6*Q^2*(omega - s)^3*s*SUNN^2 + 2*(omega - s)^4*s*SUNN^2 + Q^2*(omega - s)^2*s^2*SUNN^2 + (omega - s)^3*s^2*SUNN^2 - 2*Q^6*(omega - s)*s23*SUNN^2 - 9*Q^4*(omega - s)^2*s23*SUNN^2 - 10*Q^2*(omega - s)^3*s23*SUNN^2 - 4*(omega - s)^4*s23*SUNN^2 - 3*Q^4*(omega - s)*s*s23*SUNN^2 - 7*Q^2*(omega - s)^2*s*s23*SUNN^2 - 4*(omega - s)^3*s*s23*SUNN^2 - Q^2*(omega - s)*s^2*s23*SUNN^2 - (omega - s)^2*s^2*s23*SUNN^2 - 2*Q^6*s23^2*SUNN^2 + Q^4*(omega - s)*s23^2*SUNN^2 + 5*Q^2*(omega - s)^2*s23^2*SUNN^2 + 3*(omega - s)^3*s23^2*SUNN^2 - Q^4*s*s23^2*SUNN^2 + Q^2*(omega - s)*s*s23^2*SUNN^2 + 2*(omega - s)^2*s*s23^2*SUNN^2 - (omega - s)^2*s23^3*SUNN^2)*(-1/4*Pi/((omega - s)*(omega + Q^2 - s23)) - (-(EulerGamma*Pi) - Pi*Log[Pi] - Pi*Log[s23] + Pi*Log[((omega + 2*Q^2)^2*(omega - s - s23)^2*(1 - Sqrt[((omega - s)^2 + 2*(omega - s)*s + s^2 + 4*Q^2*s23)/(omega + 2*Q^2)^2])*(1 + Sqrt[((omega - s)^2 + 2*(omega - s)*s + s^2 + 4*Q^2*s23)/(omega + 2*Q^2)^2]))/(4*(omega - s)^2*(omega + Q^2 - s23)^2)])/(4*(omega - s)*(omega + Q^2 - s23))))/((omega + 2*Q^2)*(omega - s)*(omega + Q^2 - s)*(omega - s - s23)*SUNN) + (128*alphaS^2*chargeSum*Pi^2*(Q^2*s^4 + 2*Q^6*s*s23 + 3*Q^4*(omega - s)*s*s23 + Q^2*(omega - s)^2*s*s23 + 5*Q^4*s^2*s23 + 5*Q^2*(omega - s)*s^2*s23 + (omega - s)^2*s^2*s23 + 4*Q^2*s^3*s23 + 2*(omega - s)*s^3*s23 + 2*s^4*s23 + 2*Q^6*s23^2 + Q^4*(omega - s)*s23^2 - Q^4*s*s23^2 - Q^2*(omega - s)*s*s23^2 - 4*Q^2*s^2*s23^2 - 2*(omega - s)*s^2*s23^2 - 2*s^3*s23^2 + s^2*s23^3 + 4*Q^6*s^2*SUNN^2 + 4*Q^4*(omega - s)*s^2*SUNN^2 + Q^2*(omega - s)^2*s^2*SUNN^2 + 8*Q^4*s^3*SUNN^2 + 6*Q^2*(omega - s)*s^3*SUNN^2 + (omega - s)^2*s^3*SUNN^2 + 5*Q^2*s^4*SUNN^2 + 2*(omega - s)*s^4*SUNN^2 + 2*s^5*SUNN^2 - 2*Q^6*s*s23*SUNN^2 - 3*Q^4*(omega - s)*s*s23*SUNN^2 - Q^2*(omega - s)^2*s*s23*SUNN^2 - 9*Q^4*s^2*s23*SUNN^2 - 7*Q^2*(omega - s)*s^2*s23*SUNN^2 - (omega - s)^2*s^2*s23*SUNN^2 - 10*Q^2*s^3*s23*SUNN^2 - 4*(omega - s)*s^3*s23*SUNN^2 - 4*s^4*s23*SUNN^2 - 2*Q^6*s23^2*SUNN^2 - Q^4*(omega - s)*s23^2*SUNN^2 + Q^4*s*s23^2*SUNN^2 + Q^2*(omega - s)*s*s23^2*SUNN^2 + 5*Q^2*s^2*s23^2*SUNN^2 + 2*(omega - s)*s^2*s23^2*SUNN^2 + 3*s^3*s23^2*SUNN^2 - s^2*s23^3*SUNN^2)*(-1/4*Pi/(s*(omega + Q^2 - s23)) - (-(EulerGamma*Pi) - Pi*Log[Pi] - Pi*Log[s23] + Pi*Log[((omega + 2*Q^2)^2*(s - s23)^2*(1 - Sqrt[((omega - s)^2 + 2*(omega - s)*s + s^2 + 4*Q^2*s23)/(omega + 2*Q^2)^2])*(1 + Sqrt[((omega - s)^2 + 2*(omega - s)*s + s^2 + 4*Q^2*s23)/(omega + 2*Q^2)^2]))/(4*s^2*(omega + Q^2 - s23)^2)])/(4*s*(omega + Q^2 - s23))))/((omega + 2*Q^2)*s*(Q^2 + s)*(s - s23)*SUNN) + (128*alphaS^2*chargeSum*Pi^2*(Q^2*s - 2*Q^2*s23 - (omega - s)*s23)*(4*Q^4 + 4*Q^2*(omega - s) + (omega - s)^2 + s23^2)*(-omega - Q^2 + s23 + s*SUNN^2 - s23*SUNN^2)*(-1/4*Pi/(Q^2*s - 2*Q^2*s23 - (omega - s)*s23) - (-(EulerGamma*Pi) - Pi*Log[Pi] - Pi*Log[s23] + Pi*Log[((omega + 2*Q^2)^2*(s - s23)^2*(1 - Sqrt[((omega - s)^2 + 2*(omega - s)*s + s^2 + 4*Q^2*s23)/(omega + 2*Q^2)^2])*(1 + Sqrt[((omega - s)^2 + 2*(omega - s)*s + s^2 + 4*Q^2*s23)/(omega + 2*Q^2)^2]))/(4*(Q^2*s - 2*Q^2*s23 - (omega - s)*s23)^2)])/(4*(Q^2*s - 2*Q^2*s23 - (omega - s)*s23))))/((omega + 2*Q^2)*(omega + Q^2 - s)*(omega + Q^2 - s23)*(s - s23)*SUNN) + (128*alphaS^2*chargeSum*Pi^2*(Q^2*(omega - s) - 2*Q^2*s23 - s*s23)*(4*Q^4 + 4*Q^2*s + s^2 + s23^2)*(-omega - Q^2 + s23 + (omega - s)*SUNN^2 - s23*SUNN^2)*(-1/4*Pi/(Q^2*(omega - s) - 2*Q^2*s23 - s*s23) - (-(EulerGamma*Pi) - Pi*Log[Pi] - Pi*Log[s23] + Pi*Log[((omega + 2*Q^2)^2*(omega - s - s23)^2*(1 - Sqrt[((omega - s)^2 + 2*(omega - s)*s + s^2 + 4*Q^2*s23)/(omega + 2*Q^2)^2])*(1 + Sqrt[((omega - s)^2 + 2*(omega - s)*s + s^2 + 4*Q^2*s23)/(omega + 2*Q^2)^2]))/(4*(Q^2*(omega - s) - 2*Q^2*s23 - s*s23)^2)])/(4*(Q^2*(omega - s) - 2*Q^2*s23 - s*s23))))/((omega + 2*Q^2)*(Q^2 + s)*(omega + Q^2 - s23)*(omega - s - s23)*SUNN))/(64*Pi^6)) - (4*Q^4*((16*alphaS^2*chargeSum*Pi^2*(-1 + SUNN)*(1 + SUNN)*(-1/32*((omega - s)^2*s^2 - 2*(omega - s)^2*s*s23 + (omega - s)^2*s23^2 + s^2*s23^2 - 2*s*s23^3 + s23^4)/Pi^5 + 4*(3*(omega - s)^2*s^2 - 2*(omega - s)^2*s*s23 + 3*(omega - s)^2*s23^2 + s^2*s23^2 - 2*s*s23^3 + s23^4)*((1/256 + (-1/128*EulerGamma + Log[2]/64)/2 + Log[mu2]/256)/Pi^5 + Log[Pi]/(256*Pi^5))))/((omega - s)^2*(s - s23)^2*SUNN) - (16*alphaS^2*chargeSum*Pi^3*(-3*(omega - s)^2*s^2 + 2*(omega - s)^2*s*s23 - 3*(omega - s)^2*s23^2 - s^2*s23^2 + 2*s*s23^3 - s23^4 + 3*(omega - s)^2*s^2*SUNN^2 - 2*(omega - s)^2*s*s23*SUNN^2 + 3*(omega - s)^2*s23^2*SUNN^2 + s^2*s23^2*SUNN^2 - 2*s*s23^3*SUNN^2 + s23^4*SUNN^2)*(Log[mu2]/(32*Pi^6) + Log[2*Pi]/(32*Pi^6)))/((omega - s)^2*(s - s23)^2*SUNN) + ((16*alphaS^2*chargeSum*Pi^3*s*(Q^4 + 2*Q^2*(omega - s) + (omega - s)^2 + 2*Q^2*s + 2*(omega - s)*s + s^2 - 2*Q^2*s23 - 2*(omega - s)*s23 - 2*s*s23 + s23^2)*(-omega - Q^2 + s23 + s*SUNN^2 - s23*SUNN^2))/((omega + 2*Q^2)*(omega + Q^2 - s)*(omega + Q^2 - s23)*(s - s23)*SUNN) + (16*alphaS^2*chargeSum*Pi^3*(-(Q^4*s) - 2*Q^2*s^2 - (omega - s)*s^2 - s^3 + 2*Q^4*s23 + Q^2*(omega - s)*s23 + 3*Q^2*s*s23 + 2*(omega - s)*s*s23 + 2*s^2*s23 - s*s23^2 + 2*Q^4*s*SUNN^2 + Q^2*(omega - s)*s*SUNN^2 + 4*Q^2*s^2*SUNN^2 + 2*(omega - s)*s^2*SUNN^2 + 2*s^3*SUNN^2 - 2*Q^4*s23*SUNN^2 - Q^2*(omega - s)*s23*SUNN^2 - 4*Q^2*s*s23*SUNN^2 - 2*(omega - s)*s*s23*SUNN^2 - 3*s^2*s23*SUNN^2 + s*s23^2*SUNN^2))/((omega + 2*Q^2)*(Q^2 + s)*(s - s23)*SUNN) - (16*alphaS^2*chargeSum*Pi^3*(-(Q^4*(omega - s)^3) - Q^2*(omega - s)^4 + Q^2*(omega - s)^3*s + (omega - s)^4*s + (omega - s)^3*s^2 + 4*Q^4*(omega - s)^2*s23 + 4*Q^2*(omega - s)^3*s23 - (omega - s)^3*s*s23 - (omega - s)^2*s^2*s23 - 4*Q^4*(omega - s)*s23^2 - 4*Q^2*(omega - s)^2*s23^2 - 2*Q^2*(omega - s)*s*s23^2 - (omega - s)^2*s*s23^2 + 2*Q^4*(omega - s)^3*SUNN^2 + 2*Q^2*(omega - s)^4*SUNN^2 - Q^2*(omega - s)^3*s*SUNN^2 - (omega - s)^4*s*SUNN^2 - (omega - s)^3*s^2*SUNN^2 - 6*Q^4*(omega - s)^2*s23*SUNN^2 - 6*Q^2*(omega - s)^3*s23*SUNN^2 - Q^2*(omega - s)^2*s*s23*SUNN^2 + (omega - s)^2*s^2*s23*SUNN^2 + 4*Q^4*(omega - s)*s23^2*SUNN^2 + 4*Q^2*(omega - s)^2*s23^2*SUNN^2 + 2*Q^2*(omega - s)*s*s23^2*SUNN^2 + (omega - s)^2*s*s23^2*SUNN^2))/((omega + 2*Q^2)*(omega - s)^2*(omega + Q^2 - s)*(omega - s - s23)*SUNN) - (alphaS^2*chargeSum*Pi^3*(64*Q^4*(omega - s)^9*s^2 + 64*Q^2*(omega - s)^10*s^2 + 640*Q^4*(omega - s)^8*s^3 + 704*Q^2*(omega - s)^9*s^3 + 2560*Q^4*(omega - s)^7*s^4 + 3200*Q^2*(omega - s)^8*s^4 + 5504*Q^4*(omega - s)^6*s^5 + 8064*Q^2*(omega - s)^7*s^5 + 7040*Q^4*(omega - s)^5*s^6 + 12544*Q^2*(omega - s)^6*s^6 + 5504*Q^4*(omega - s)^4*s^7 + 12544*Q^2*(omega - s)^5*s^7 + 2560*Q^4*(omega - s)^3*s^8 + 8064*Q^2*(omega - s)^4*s^8 + 640*Q^4*(omega - s)^2*s^9 + 3200*Q^2*(omega - s)^3*s^9 + 64*Q^4*(omega - s)*s^10 + 704*Q^2*(omega - s)^2*s^10 + 64*Q^2*(omega - s)*s^11 + 768*Q^4*(omega - s)^9*s*s23 + 768*Q^2*(omega - s)^10*s*s23 + 1280*Q^6*(omega - s)^7*s^2*s23 + 7040*Q^4*(omega - s)^8*s^2*s23 + 6464*Q^2*(omega - s)^9*s^2*s23 + 8448*Q^6*(omega - s)^6*s^3*s23 + 28160*Q^4*(omega - s)^7*s^3*s23 + 23488*Q^2*(omega - s)^8*s^3*s23 - 64*(omega - s)^9*s^3*s23 + 22272*Q^6*(omega - s)^5*s^4*s23 + 64000*Q^4*(omega - s)^6*s^4*s23 + 48768*Q^2*(omega - s)^7*s^4*s23 - 448*(omega - s)^8*s^4*s23 + 30208*Q^6*(omega - s)^4*s^5*s23 + 90112*Q^4*(omega - s)^5*s^5*s23 + 64384*Q^2*(omega - s)^6*s^5*s23 - 1408*(omega - s)^7*s^5*s23 + 22272*Q^6*(omega - s)^3*s^6*s23 + 80128*Q^4*(omega - s)^4*s^6*s23 + 56576*Q^2*(omega - s)^5*s^6*s23 - 2688*(omega - s)^6*s^6*s23 + 8448*Q^6*(omega - s)^2*s^7*s23 + 43520*Q^4*(omega - s)^3*s^7*s23 + 33024*Q^2*(omega - s)^4*s^7*s23 - 3584*(omega - s)^5*s^7*s23 + 1280*Q^6*(omega - s)*s^8*s23 + 12800*Q^4*(omega - s)^2*s^8*s23 + 11648*Q^2*(omega - s)^3*s^8*s23 - 3584*(omega - s)^4*s^8*s23 + 1280*Q^4*(omega - s)*s^9*s23 + 1408*Q^2*(omega - s)^2*s^9*s23 - 2688*(omega - s)^3*s^9*s23 - 128*Q^4*s^10*s23 - 576*Q^2*(omega - s)*s^10*s23 - 1408*(omega - s)^2*s^10*s23 - 192*Q^2*s^11*s23 - 448*(omega - s)*s^11*s23 - 64*s^12*s23 + 64*Q^4*(omega - s)^9*s23^2 + 64*Q^2*(omega - s)^10*s23^2 + 11776*Q^6*(omega - s)^7*s*s23^2 + 12672*Q^4*(omega - s)^8*s*s23^2 + 192*Q^2*(omega - s)^9*s*s23^2 + 8448*Q^8*(omega - s)^5*s^2*s23^2 + 74752*Q^6*(omega - s)^6*s^2*s23^2 + 82432*Q^4*(omega - s)^7*s^2*s23^2 + 896*Q^2*(omega - s)^8*s^2*s23^2 + 128*(omega - s)^9*s^2*s23^2 + 33792*Q^8*(omega - s)^4*s^3*s23^2 + 193536*Q^6*(omega - s)^5*s^3*s23^2 + 226176*Q^4*(omega - s)^6*s^3*s23^2 + 4992*Q^2*(omega - s)^7*s^3*s23^2 + 960*(omega - s)^8*s^3*s23^2 + 50688*Q^8*(omega - s)^3*s^4*s23^2 + 266240*Q^6*(omega - s)^4*s^4*s23^2 + 338304*Q^4*(omega - s)^5*s^4*s23^2 + 13312*Q^2*(omega - s)^6*s^4*s23^2 + 3200*(omega - s)^7*s^4*s23^2 + 33792*Q^8*(omega - s)^2*s^5*s23^2 + 206336*Q^6*(omega - s)^3*s^5*s23^2 + 297344*Q^4*(omega - s)^4*s^5*s23^2 + 17152*Q^2*(omega - s)^5*s^5*s23^2 + 6400*(omega - s)^6*s^5*s23^2 + 8448*Q^8*(omega - s)*s^6*s23^2 + 82944*Q^6*(omega - s)^2*s^6*s23^2 + 148992*Q^4*(omega - s)^3*s^6*s23^2 + 8832*Q^2*(omega - s)^4*s^6*s23^2 + 8832*(omega - s)^5*s^6*s23^2 + 10240*Q^6*(omega - s)*s^7*s23^2 + 31872*Q^4*(omega - s)^2*s^7*s23^2 - 2944*Q^2*(omega - s)^3*s^7*s23^2 + 9088*(omega - s)^4*s^7*s23^2 - 2048*Q^6*s^8*s23^2 - 4544*Q^4*(omega - s)*s^8*s23^2 - 6208*Q^2*(omega - s)^2*s^8*s23^2 + 7040*(omega - s)^3*s^8*s23^2 - 2816*Q^4*s^9*s23^2 - 3008*Q^2*(omega - s)*s^9*s23^2 + 3840*(omega - s)^2*s^9*s23^2 - 512*Q^2*s^10*s23^2 + 1280*(omega - s)*s^10*s23^2 + 192*s^11*s23^2 + 1280*Q^6*(omega - s)^7*s23^3 + 1152*Q^4*(omega - s)^8*s23^3 - 192*Q^2*(omega - s)^9*s23^3 + 69120*Q^8*(omega - s)^5*s*s23^3 + 83200*Q^6*(omega - s)^6*s*s23^3 + 2048*Q^4*(omega - s)^7*s*s23^3 - 2624*Q^2*(omega - s)^8*s*s23^3 - 64*(omega - s)^9*s*s23^3 + 22528*Q^10*(omega - s)^3*s^2*s23^3 + 280576*Q^8*(omega - s)^4*s^2*s23^3 + 380160*Q^6*(omega - s)^5*s^2*s23^3 + 3840*Q^4*(omega - s)^6*s^2*s23^3 - 12928*Q^2*(omega - s)^7*s^2*s23^3 - 576*(omega - s)^8*s^2*s23^3 + 40960*Q^10*(omega - s)^2*s^3*s23^3 + 410624*Q^8*(omega - s)^3*s^3*s23^3 + 693760*Q^6*(omega - s)^4*s^3*s23^3 + 24576*Q^4*(omega - s)^5*s^3*s23^3 - 31360*Q^2*(omega - s)^6*s^3*s23^3 - 2176*(omega - s)^7*s^3*s23^3 + 22528*Q^10*(omega - s)*s^4*s23^3 + 260096*Q^8*(omega - s)^2*s^4*s23^3 + 611072*Q^6*(omega - s)^3*s^4*s23^3 + 56320*Q^4*(omega - s)^4*s^4*s23^3 - 39424*Q^2*(omega - s)^5*s^4*s23^3 - 4736*(omega - s)^6*s^4*s23^3 + 48640*Q^8*(omega - s)*s^5*s23^3 + 238848*Q^6*(omega - s)^2*s^5*s23^3 + 55296*Q^4*(omega - s)^3*s^5*s23^3 - 18944*Q^2*(omega - s)^4*s^5*s23^3 - 6912*(omega - s)^5*s^5*s23^3 - 12288*Q^8*s^6*s23^3 + 8960*Q^6*(omega - s)*s^6*s23^3 + 26880*Q^4*(omega - s)^2*s^6*s23^3 + 12928*Q^2*(omega - s)^3*s^6*s23^3 - 7424*(omega - s)^4*s^6*s23^3 - 14336*Q^6*s^7*s23^3 + 8192*Q^4*(omega - s)*s^7*s23^3 + 23680*Q^2*(omega - s)^2*s^7*s23^3 - 6016*(omega - s)^3*s^7*s23^3 + 1920*Q^4*s^8*s23^3 + 12992*Q^2*(omega - s)*s^8*s23^3 - 3456*(omega - s)^2*s^8*s23^3 + 2624*Q^2*s^9*s23^3 - 1216*(omega - s)*s^9*s23^3 - 192*s^10*s23^3 + 8448*Q^8*(omega - s)^5*s23^4 + 5632*Q^6*(omega - s)^6*s23^4 - 4096*Q^4*(omega - s)^7*s23^4 + 128*Q^2*(omega - s)^8*s23^4 + 184320*Q^10*(omega - s)^3*s*s23^4 + 254976*Q^8*(omega - s)^4*s*s23^4 - 10752*Q^6*(omega - s)^5*s*s23^4 - 37888*Q^4*(omega - s)^6*s*s23^4 + 1280*Q^2*(omega - s)^7*s*s23^4 + 64*(omega - s)^8*s*s23^4 + 20480*Q^12*(omega - s)*s^2*s23^4 + 352256*Q^10*(omega - s)^2*s^2*s23^4 + 685568*Q^8*(omega - s)^3*s^2*s23^4 - 46080*Q^6*(omega - s)^4*s^2*s23^4 - 134400*Q^4*(omega - s)^5*s^2*s23^4 + 3584*Q^2*(omega - s)^6*s^2*s23^4 + 384*(omega - s)^7*s^2*s23^4 + 143360*Q^10*(omega - s)*s^3*s23^4 + 615424*Q^8*(omega - s)^2*s^3*s23^4 + 1024*Q^6*(omega - s)^3*s^3*s23^4 - 223232*Q^4*(omega - s)^4*s^3*s23^4 + 1792*Q^2*(omega - s)^5*s^3*s23^4 + 1024*(omega - s)^6*s^3*s23^4 - 32768*Q^10*s^4*s23^4 + 143616*Q^8*(omega - s)*s^4*s23^4 + 83456*Q^6*(omega - s)^2*s^4*s23^4 - 169472*Q^4*(omega - s)^3*s^4*s23^4 - 10496*Q^2*(omega - s)^4*s^4*s23^4 + 1664*(omega - s)^5*s^4*s23^4 - 24576*Q^8*s^5*s23^4 + 83456*Q^6*(omega - s)*s^5*s23^4 - 30720*Q^4*(omega - s)^2*s^5*s23^4 - 25856*Q^2*(omega - s)^3*s^5*s23^4 + 1920*(omega - s)^4*s^5*s23^4 + 30720*Q^6*s^6*s23^4 + 27392*Q^4*(omega - s)*s^6*s23^4 - 27136*Q^2*(omega - s)^2*s^6*s23^4 + 1664*(omega - s)^3*s^6*s23^4 + 11264*Q^4*s^7*s23^4 - 14080*Q^2*(omega - s)*s^7*s23^4 + 1024*(omega - s)^2*s^7*s23^4 - 2944*Q^2*s^8*s23^4 + 384*(omega - s)*s^8*s23^4 + 64*s^9*s23^4 + 22528*Q^10*(omega - s)^3*s23^5 + 4096*Q^8*(omega - s)^4*s23^5 - 26112*Q^6*(omega - s)^5*s23^5 + 3584*Q^4*(omega - s)^6*s23^5 + 188416*Q^12*(omega - s)*s*s23^5 + 319488*Q^10*(omega - s)^2*s*s23^5 - 110592*Q^8*(omega - s)^3*s*s23^5 - 165888*Q^6*(omega - s)^4*s*s23^5 + 24576*Q^4*(omega - s)^5*s*s23^5 + 256*Q^2*(omega - s)^6*s*s23^5 - 32768*Q^12*s^2*s23^5 + 292864*Q^10*(omega - s)*s^2*s23^5 - 139264*Q^8*(omega - s)^2*s^2*s23^5 - 369664*Q^6*(omega - s)^3*s^2*s23^5 + 52224*Q^4*(omega - s)^4*s^2*s23^5 + 1536*Q^2*(omega - s)^5*s^2*s23^5 + 16384*Q^10*s^3*s23^5 + 77824*Q^8*(omega - s)*s^3*s23^5 - 319488*Q^6*(omega - s)^2*s^3*s23^5 + 28672*Q^4*(omega - s)^3*s^3*s23^5 + 4608*Q^2*(omega - s)^4*s^3*s23^5 + 102400*Q^8*s^4*s23^5 - 79360*Q^6*(omega - s)*s^4*s23^5 - 35328*Q^4*(omega - s)^2*s^4*s23^5 + 8192*Q^2*(omega - s)^3*s^4*s23^5 + 6144*Q^6*s^5*s23^5 - 49152*Q^4*(omega - s)*s^5*s23^5 + 8448*Q^2*(omega - s)^2*s^5*s23^5 - 16384*Q^4*s^6*s23^5 + 4608*Q^2*(omega - s)*s^6*s23^5 + 1024*Q^2*s^7*s23^5 + 20480*Q^12*(omega - s)*s23^6 - 24576*Q^10*(omega - s)^2*s23^6 - 61440*Q^8*(omega - s)^3*s23^6 + 24576*Q^6*(omega - s)^4*s23^6 - 768*Q^4*(omega - s)^5*s23^6 + 65536*Q^12*s*s23^6 - 188416*Q^10*(omega - s)*s*s23^6 - 253952*Q^8*(omega - s)^2*s*s23^6 + 94208*Q^6*(omega - s)^3*s*s23^6 - 3072*Q^4*(omega - s)^4*s*s23^6 + 98304*Q^10*s^2*s23^6 - 262144*Q^8*(omega - s)*s^2*s23^6 + 86016*Q^6*(omega - s)^2*s^2*s23^6 + 1536*Q^4*(omega - s)^3*s^2*s23^6 - 65536*Q^8*s^3*s23^6 - 28672*Q^6*(omega - s)*s^3*s23^6 + 15360*Q^4*(omega - s)^2*s^3*s23^6 - 36864*Q^6*s^4*s23^6 + 17664*Q^4*(omega - s)*s^4*s23^6 + 6144*Q^4*s^5*s23^6 - 32768*Q^12*s23^7 - 40960*Q^10*(omega - s)*s23^7 + 57344*Q^8*(omega - s)^2*s23^7 - 6144*Q^6*(omega - s)^3*s23^7 - 114688*Q^10*s*s23^7 + 81920*Q^8*(omega - s)*s*s23^7 - 8192*Q^6*(omega - s)^2*s*s23^7 - 16384*Q^8*s^2*s23^7 + 18432*Q^6*(omega - s)*s^2*s23^7 + 16384*Q^6*s^3*s23^7 + 32768*Q^10*s23^8 - 12288*Q^8*(omega - s)*s23^8 + 16384*Q^8*s*s23^8 - 480*Q^4*(omega - s)^9*s^2*SUNN^2 + 192*Q^2*(omega - s)^10*s^2*SUNN^2 - 4608*Q^4*(omega - s)^8*s^3*SUNN^2 + 736*Q^2*(omega - s)^9*s^3*SUNN^2 - 17280*Q^4*(omega - s)^7*s^4*SUNN^2 + 512*Q^2*(omega - s)^8*s^4*SUNN^2 - 35328*Q^4*(omega - s)^6*s^5*SUNN^2 - 2432*Q^2*(omega - s)^7*s^5*SUNN^2 - 44352*Q^4*(omega - s)^5*s^6*SUNN^2 - 7552*Q^2*(omega - s)^6*s^6*SUNN^2 - 35328*Q^4*(omega - s)^4*s^7*SUNN^2 - 10688*Q^2*(omega - s)^5*s^7*SUNN^2 - 17280*Q^4*(omega - s)^3*s^8*SUNN^2 - 8704*Q^2*(omega - s)^4*s^8*SUNN^2 - 4608*Q^4*(omega - s)^2*s^9*SUNN^2 - 3968*Q^2*(omega - s)^3*s^9*SUNN^2 - 480*Q^4*(omega - s)*s^10*SUNN^2 - 832*Q^2*(omega - s)^2*s^10*SUNN^2 - 32*Q^2*(omega - s)*s^11*SUNN^2 + 576*Q^4*(omega - s)^9*s*s23*SUNN^2 - 512*Q^2*(omega - s)^10*s*s23*SUNN^2 - 9216*Q^6*(omega - s)^7*s^2*s23*SUNN^2 + 8320*Q^4*(omega - s)^8*s^2*s23*SUNN^2 - 2944*Q^2*(omega - s)^9*s^2*s23*SUNN^2 - 55296*Q^6*(omega - s)^6*s^3*s23*SUNN^2 + 35584*Q^4*(omega - s)^7*s^3*s23*SUNN^2 - 5952*Q^2*(omega - s)^8*s^3*s23*SUNN^2 + 64*(omega - s)^9*s^3*s23*SUNN^2 - 147456*Q^6*(omega - s)^5*s^4*s23*SUNN^2 + 58880*Q^4*(omega - s)^6*s^4*s23*SUNN^2 - 8192*Q^2*(omega - s)^7*s^4*s23*SUNN^2 + 320*(omega - s)^8*s^4*s23*SUNN^2 - 202752*Q^6*(omega - s)^4*s^5*s23*SUNN^2 + 40832*Q^4*(omega - s)^5*s^5*s23*SUNN^2 - 11008*Q^2*(omega - s)^6*s^5*s23*SUNN^2 + 768*(omega - s)^7*s^5*s23*SUNN^2 - 147456*Q^6*(omega - s)^3*s^6*s23*SUNN^2 + 10496*Q^4*(omega - s)^4*s^6*s23*SUNN^2 - 7680*Q^2*(omega - s)^5*s^6*s23*SUNN^2 + 1280*(omega - s)^6*s^6*s23*SUNN^2 - 55296*Q^6*(omega - s)^2*s^7*s23*SUNN^2 + 256*Q^4*(omega - s)^3*s^7*s23*SUNN^2 + 2176*Q^2*(omega - s)^4*s^7*s23*SUNN^2 + 1664*(omega - s)^5*s^7*s23*SUNN^2 - 9216*Q^6*(omega - s)*s^8*s23*SUNN^2 - 2048*Q^4*(omega - s)^2*s^8*s23*SUNN^2 + 4608*Q^2*(omega - s)^3*s^8*s23*SUNN^2 + 1664*(omega - s)^4*s^8*s23*SUNN^2 - 1472*Q^4*(omega - s)*s^9*s23*SUNN^2 + 768*Q^2*(omega - s)^2*s^9*s23*SUNN^2 + 1280*(omega - s)^3*s^9*s23*SUNN^2 + 128*Q^4*s^10*s23*SUNN^2 - 128*Q^2*(omega - s)*s^10*s23*SUNN^2 + 768*(omega - s)^2*s^10*s23*SUNN^2 + 192*Q^2*s^11*s23*SUNN^2 + 320*(omega - s)*s^11*s23*SUNN^2 + 64*s^12*s23*SUNN^2 - 480*Q^4*(omega - s)^9*s23^2*SUNN^2 - 64*Q^2*(omega - s)^10*s23^2*SUNN^2 + 12288*Q^6*(omega - s)^7*s*s23^2*SUNN^2 - 11008*Q^4*(omega - s)^8*s*s23^2*SUNN^2 - 1056*Q^2*(omega - s)^9*s*s23^2*SUNN^2 - 55296*Q^8*(omega - s)^5*s^2*s23^2*SUNN^2 + 92672*Q^6*(omega - s)^6*s^2*s23^2*SUNN^2 - 57472*Q^4*(omega - s)^7*s^2*s23^2*SUNN^2 - 9216*Q^2*(omega - s)^8*s^2*s23^2*SUNN^2 - 128*(omega - s)^9*s^2*s23^2*SUNN^2 - 230400*Q^8*(omega - s)^4*s^3*s23^2*SUNN^2 + 244224*Q^6*(omega - s)^5*s^3*s23^2*SUNN^2 - 120832*Q^4*(omega - s)^6*s^3*s23^2*SUNN^2 - 25984*Q^2*(omega - s)^7*s^3*s23^2*SUNN^2 - 704*(omega - s)^8*s^3*s23^2*SUNN^2 - 345600*Q^8*(omega - s)^3*s^4*s23^2*SUNN^2 + 317952*Q^6*(omega - s)^4*s^4*s23^2*SUNN^2 - 105536*Q^4*(omega - s)^5*s^4*s23^2*SUNN^2 - 28800*Q^2*(omega - s)^6*s^4*s23^2*SUNN^2 - 1792*(omega - s)^7*s^4*s23^2*SUNN^2 - 230400*Q^8*(omega - s)^2*s^5*s23^2*SUNN^2 + 186880*Q^6*(omega - s)^3*s^5*s23^2*SUNN^2 - 54272*Q^4*(omega - s)^4*s^5*s23^2*SUNN^2 - 23744*Q^2*(omega - s)^5*s^5*s23^2*SUNN^2 - 3072*(omega - s)^6*s^5*s23^2*SUNN^2 - 55296*Q^8*(omega - s)*s^6*s23^2*SUNN^2 + 36864*Q^6*(omega - s)^2*s^6*s23^2*SUNN^2 - 48512*Q^4*(omega - s)^3*s^6*s23^2*SUNN^2 - 37632*Q^2*(omega - s)^4*s^6*s23^2*SUNN^2 - 4096*(omega - s)^5*s^6*s23^2*SUNN^2 + 6144*Q^6*(omega - s)*s^7*s23^2*SUNN^2 - 20992*Q^4*(omega - s)^2*s^7*s23^2*SUNN^2 - 34432*Q^2*(omega - s)^3*s^7*s23^2*SUNN^2 - 4224*(omega - s)^4*s^7*s23^2*SUNN^2 + 2048*Q^6*s^8*s23^2*SUNN^2 + 7712*Q^4*(omega - s)*s^8*s23^2*SUNN^2 - 5696*Q^2*(omega - s)^2*s^8*s23^2*SUNN^2 - 3328*(omega - s)^3*s^8*s23^2*SUNN^2 + 2816*Q^4*s^9*s23^2*SUNN^2 + 4320*Q^2*(omega - s)*s^9*s23^2*SUNN^2 - 2048*(omega - s)^2*s^9*s23^2*SUNN^2 + 512*Q^2*s^10*s23^2*SUNN^2 - 896*(omega - s)*s^10*s23^2*SUNN^2 - 192*s^11*s23^2*SUNN^2 - 9216*Q^6*(omega - s)^7*s23^3*SUNN^2 - 1920*Q^4*(omega - s)^8*s23^3*SUNN^2 + 192*Q^2*(omega - s)^9*s23^3*SUNN^2 + 73728*Q^8*(omega - s)^5*s*s23^3*SUNN^2 - 105472*Q^6*(omega - s)^6*s*s23^3*SUNN^2 - 14336*Q^4*(omega - s)^7*s*s23^3*SUNN^2 + 4032*Q^2*(omega - s)^8*s*s23^3*SUNN^2 + 64*(omega - s)^9*s*s23^3*SUNN^2 - 153600*Q^10*(omega - s)^3*s^2*s23^3*SUNN^2 + 365568*Q^8*(omega - s)^4*s^2*s23^3*SUNN^2 - 322048*Q^6*(omega - s)^5*s^2*s23^3*SUNN^2 - 48128*Q^4*(omega - s)^6*s^2*s23^3*SUNN^2 + 18176*Q^2*(omega - s)^7*s^2*s23^3*SUNN^2 + 448*(omega - s)^8*s^2*s23^3*SUNN^2 - 285696*Q^10*(omega - s)^2*s^3*s23^3*SUNN^2 + 590848*Q^8*(omega - s)^3*s^3*s23^3*SUNN^2 - 444416*Q^6*(omega - s)^4*s^3*s23^3*SUNN^2 - 139264*Q^4*(omega - s)^5*s^3*s23^3*SUNN^2 + 23040*Q^2*(omega - s)^6*s^3*s23^3*SUNN^2 + 1280*(omega - s)^7*s^3*s23^3*SUNN^2 - 153600*Q^10*(omega - s)*s^4*s23^3*SUNN^2 + 336896*Q^8*(omega - s)^2*s^4*s23^3*SUNN^2 - 332288*Q^6*(omega - s)^3*s^4*s23^3*SUNN^2 - 225024*Q^4*(omega - s)^4*s^4*s23^3*SUNN^2 + 14976*Q^2*(omega - s)^5*s^4*s23^3*SUNN^2 + 2304*(omega - s)^6*s^4*s23^3*SUNN^2 + 53248*Q^8*(omega - s)*s^5*s23^3*SUNN^2 - 124928*Q^6*(omega - s)^2*s^5*s23^3*SUNN^2 - 151552*Q^4*(omega - s)^3*s^5*s23^3*SUNN^2 + 39040*Q^2*(omega - s)^4*s^5*s23^3*SUNN^2 + 3200*(omega - s)^5*s^5*s23^3*SUNN^2 + 12288*Q^8*s^6*s23^3*SUNN^2 - 7168*Q^6*(omega - s)*s^6*s23^3*SUNN^2 - 43520*Q^4*(omega - s)^2*s^6*s23^3*SUNN^2 + 49664*Q^2*(omega - s)^3*s^6*s23^3*SUNN^2 + 3456*(omega - s)^4*s^6*s23^3*SUNN^2 + 14336*Q^6*s^7*s23^3*SUNN^2 - 15360*Q^4*(omega - s)*s^7*s23^3*SUNN^2 + 6656*Q^2*(omega - s)^2*s^7*s23^3*SUNN^2 + 2816*(omega - s)^3*s^7*s23^3*SUNN^2 - 1920*Q^4*s^8*s23^3*SUNN^2 - 12864*Q^2*(omega - s)*s^8*s23^3*SUNN^2 + 1792*(omega - s)^2*s^8*s23^3*SUNN^2 - 2624*Q^2*s^9*s23^3*SUNN^2 + 832*(omega - s)*s^9*s23^3*SUNN^2 + 192*s^10*s23^3*SUNN^2 - 55296*Q^8*(omega - s)^5*s23^4*SUNN^2 - 5632*Q^6*(omega - s)^6*s23^4*SUNN^2 + 5888*Q^4*(omega - s)^7*s23^4*SUNN^2 - 128*Q^2*(omega - s)^8*s23^4*SUNN^2 + 208896*Q^10*(omega - s)^3*s*s23^4*SUNN^2 - 367616*Q^8*(omega - s)^4*s*s23^4*SUNN^2 - 33280*Q^6*(omega - s)^5*s*s23^4*SUNN^2 + 37376*Q^4*(omega - s)^6*s*s23^4*SUNN^2 - 3072*Q^2*(omega - s)^7*s*s23^4*SUNN^2 - 64*(omega - s)^8*s*s23^4*SUNN^2 - 142848*Q^12*(omega - s)*s^2*s23^4*SUNN^2 + 486400*Q^10*(omega - s)^2*s^2*s23^4*SUNN^2 - 738560*Q^8*(omega - s)^3*s^2*s23^4*SUNN^2 - 174848*Q^6*(omega - s)^4*s^2*s23^4*SUNN^2 + 107520*Q^4*(omega - s)^5*s^2*s23^4*SUNN^2 - 3328*Q^2*(omega - s)^6*s^2*s23^4*SUNN^2 - 256*(omega - s)^7*s^2*s23^4*SUNN^2 + 209920*Q^10*(omega - s)*s^3*s23^4*SUNN^2 - 532992*Q^8*(omega - s)^2*s^3*s23^4*SUNN^2 - 269568*Q^6*(omega - s)^3*s^3*s23^4*SUNN^2 + 236544*Q^4*(omega - s)^4*s^3*s23^4*SUNN^2 + 8960*Q^2*(omega - s)^5*s^3*s23^4*SUNN^2 - 512*(omega - s)^6*s^3*s23^4*SUNN^2 + 32768*Q^10*s^4*s23^4*SUNN^2 - 89856*Q^8*(omega - s)*s^4*s23^4*SUNN^2 - 161536*Q^6*(omega - s)^2*s^4*s23^4*SUNN^2 + 265216*Q^4*(omega - s)^3*s^4*s23^4*SUNN^2 - 2048*Q^2*(omega - s)^4*s^4*s23^4*SUNN^2 - 768*(omega - s)^5*s^4*s23^4*SUNN^2 + 24576*Q^8*s^5*s23^4*SUNN^2 - 69888*Q^6*(omega - s)*s^5*s23^4*SUNN^2 + 107520*Q^4*(omega - s)^2*s^5*s23^4*SUNN^2 - 22784*Q^2*(omega - s)^3*s^5*s23^4*SUNN^2 - 896*(omega - s)^4*s^5*s23^4*SUNN^2 - 30720*Q^6*s^6*s23^4*SUNN^2 - 6912*Q^4*(omega - s)*s^6*s23^4*SUNN^2 - 1536*Q^2*(omega - s)^2*s^6*s23^4*SUNN^2 - 768*(omega - s)^3*s^6*s23^4*SUNN^2 - 11264*Q^4*s^7*s23^4*SUNN^2 + 12800*Q^2*(omega - s)*s^7*s23^4*SUNN^2 - 512*(omega - s)^2*s^7*s23^4*SUNN^2 + 2944*Q^2*s^8*s23^4*SUNN^2 - 256*(omega - s)*s^8*s23^4*SUNN^2 - 64*s^9*s23^4*SUNN^2 - 153600*Q^10*(omega - s)^3*s23^5*SUNN^2 - 13312*Q^8*(omega - s)^4*s23^5*SUNN^2 + 18944*Q^6*(omega - s)^5*s23^5*SUNN^2 - 5632*Q^4*(omega - s)^6*s23^5*SUNN^2 + 187392*Q^12*(omega - s)*s*s23^5*SUNN^2 - 541696*Q^10*(omega - s)^2*s*s23^5*SUNN^2 - 2560*Q^8*(omega - s)^3*s*s23^5*SUNN^2 + 171520*Q^6*(omega - s)^4*s*s23^5*SUNN^2 - 10752*Q^4*(omega - s)^5*s*s23^5*SUNN^2 + 768*Q^2*(omega - s)^6*s*s23^5*SUNN^2 + 32768*Q^12*s^2*s23^5*SUNN^2 - 305152*Q^10*(omega - s)*s^2*s23^5*SUNN^2 - 4096*Q^8*(omega - s)^2*s^2*s23^5*SUNN^2 + 444672*Q^6*(omega - s)^3*s^2*s23^5*SUNN^2 - 40960*Q^4*(omega - s)^4*s^2*s23^5*SUNN^2 - 3328*Q^2*(omega - s)^5*s^2*s23^5*SUNN^2 - 16384*Q^10*s^3*s23^5*SUNN^2 - 100864*Q^8*(omega - s)*s^3*s23^5*SUNN^2 + 386048*Q^6*(omega - s)^2*s^3*s23^5*SUNN^2 - 109568*Q^4*(omega - s)^3*s^3*s23^5*SUNN^2 - 3584*Q^2*(omega - s)^4*s^3*s23^5*SUNN^2 - 102400*Q^8*s^4*s23^5*SUNN^2 + 94976*Q^6*(omega - s)*s^4*s23^5*SUNN^2 - 59904*Q^4*(omega - s)^2*s^4*s23^5*SUNN^2 + 3840*Q^2*(omega - s)^3*s^4*s23^5*SUNN^2 - 6144*Q^6*s^5*s23^5*SUNN^2 + 27136*Q^4*(omega - s)*s^5*s23^5*SUNN^2 + 256*Q^2*(omega - s)^2*s^5*s23^5*SUNN^2 + 16384*Q^4*s^6*s23^5*SUNN^2 - 4096*Q^2*(omega - s)*s^6*s23^5*SUNN^2 - 1024*Q^2*s^7*s23^5*SUNN^2 - 142848*Q^12*(omega - s)*s23^6*SUNN^2 + 46080*Q^10*(omega - s)^2*s23^6*SUNN^2 + 78080*Q^8*(omega - s)^3*s23^6*SUNN^2 - 11520*Q^6*(omega - s)^4*s23^6*SUNN^2 + 1792*Q^4*(omega - s)^5*s23^6*SUNN^2 - 65536*Q^12*s*s23^6*SUNN^2 + 136192*Q^10*(omega - s)*s*s23^6*SUNN^2 + 264704*Q^8*(omega - s)^2*s*s23^6*SUNN^2 - 122112*Q^6*(omega - s)^3*s*s23^6*SUNN^2 - 5120*Q^4*(omega - s)^4*s*s23^6*SUNN^2 - 98304*Q^10*s^2*s23^6*SUNN^2 + 249600*Q^8*(omega - s)*s^2*s23^6*SUNN^2 - 193280*Q^6*(omega - s)^2*s^2*s23^6*SUNN^2 + 13824*Q^4*(omega - s)^3*s^2*s23^6*SUNN^2 + 65536*Q^8*s^3*s23^6*SUNN^2 - 19200*Q^6*(omega - s)*s^3*s23^6*SUNN^2 + 14336*Q^4*(omega - s)^2*s^3*s23^6*SUNN^2 + 36864*Q^6*s^4*s23^6*SUNN^2 - 11008*Q^4*(omega - s)*s^4*s23^6*SUNN^2 - 6144*Q^4*s^5*s23^6*SUNN^2 + 32768*Q^12*s23^7*SUNN^2 + 14336*Q^10*(omega - s)*s23^7*SUNN^2 - 79872*Q^8*(omega - s)^2*s23^7*SUNN^2 + 256*Q^6*(omega - s)^3*s23^7*SUNN^2 + 114688*Q^10*s*s23^7*SUNN^2 - 119808*Q^8*(omega - s)*s*s23^7*SUNN^2 + 38400*Q^6*(omega - s)^2*s*s23^7*SUNN^2 + 16384*Q^8*s^2*s23^7*SUNN^2 - 1792*Q^6*(omega - s)*s^2*s23^7*SUNN^2 - 16384*Q^6*s^3*s23^7*SUNN^2 - 32768*Q^10*s23^8*SUNN^2 + 26112*Q^8*(omega - s)*s23^8*SUNN^2 - 16384*Q^8*s*s23^8*SUNN^2))/(4*Q^2*(omega - s)*(omega + Q^2 - s23)*(s - s23)^2*((omega - s)^2 + 2*(omega - s)*s + s^2 + 4*Q^2*s23)^4*SUNN) - (alphaS^2*chargeSum*Pi^3*(128*Q^4*(omega - s)^11 + 128*Q^2*(omega - s)^12 + 256*Q^8*(omega - s)^8*s + 256*Q^6*(omega - s)^9*s + 1280*Q^4*(omega - s)^10*s + 1408*Q^2*(omega - s)^11*s + 1536*Q^8*(omega - s)^7*s^2 + 1536*Q^6*(omega - s)^8*s^2 + 5376*Q^4*(omega - s)^9*s^2 + 6912*Q^2*(omega - s)^10*s^2 + 3840*Q^8*(omega - s)^6*s^3 + 3584*Q^6*(omega - s)^7*s^3 + 12288*Q^4*(omega - s)^8*s^3 + 19968*Q^2*(omega - s)^9*s^3 + 5120*Q^8*(omega - s)^5*s^4 + 3584*Q^6*(omega - s)^6*s^4 + 16128*Q^4*(omega - s)^7*s^4 + 37632*Q^2*(omega - s)^8*s^4 + 3840*Q^8*(omega - s)^4*s^5 + 10752*Q^4*(omega - s)^6*s^5 + 48384*Q^2*(omega - s)^7*s^5 + 1536*Q^8*(omega - s)^3*s^6 - 3584*Q^6*(omega - s)^4*s^6 + 43008*Q^2*(omega - s)^6*s^6 + 256*Q^8*(omega - s)^2*s^7 - 3584*Q^6*(omega - s)^3*s^7 - 6144*Q^4*(omega - s)^4*s^7 + 26112*Q^2*(omega - s)^5*s^7 - 1536*Q^6*(omega - s)^2*s^8 - 4992*Q^4*(omega - s)^3*s^8 + 10368*Q^2*(omega - s)^4*s^8 - 256*Q^6*(omega - s)*s^9 - 1792*Q^4*(omega - s)^2*s^9 + 2432*Q^2*(omega - s)^3*s^9 - 256*Q^4*(omega - s)*s^10 + 256*Q^2*(omega - s)^2*s^10 + 512*Q^10*(omega - s)^7*s23 + 1024*Q^8*(omega - s)^8*s23 + 2816*Q^6*(omega - s)^9*s23 + 2048*Q^4*(omega - s)^10*s23 - 384*Q^2*(omega - s)^11*s23 + 4608*Q^10*(omega - s)^6*s*s23 + 5120*Q^8*(omega - s)^7*s*s23 + 17152*Q^6*(omega - s)^8*s*s23 + 16640*Q^4*(omega - s)^9*s*s23 - 4096*Q^2*(omega - s)^10*s*s23 + 13824*Q^10*(omega - s)^5*s^2*s23 + 7680*Q^8*(omega - s)^6*s^2*s23 + 41728*Q^6*(omega - s)^7*s^2*s23 + 60416*Q^4*(omega - s)^8*s^2*s23 - 18944*Q^2*(omega - s)^9*s^2*s23 + 19456*Q^10*(omega - s)^4*s^3*s23 - 2560*Q^8*(omega - s)^5*s^3*s23 + 47872*Q^6*(omega - s)^6*s^3*s23 + 129024*Q^4*(omega - s)^7*s^3*s23 - 50176*Q^2*(omega - s)^8*s^3*s23 + 13824*Q^10*(omega - s)^3*s^4*s23 - 20480*Q^8*(omega - s)^4*s^4*s23 + 16640*Q^6*(omega - s)^5*s^4*s23 + 179200*Q^4*(omega - s)^6*s^4*s23 - 84224*Q^2*(omega - s)^7*s^4*s23 + 4608*Q^10*(omega - s)^2*s^5*s23 - 24576*Q^8*(omega - s)^3*s^5*s23 - 20224*Q^6*(omega - s)^4*s^5*s23 + 168448*Q^4*(omega - s)^5*s^5*s23 - 93184*Q^2*(omega - s)^6*s^5*s23 + 512*Q^10*(omega - s)*s^6*s23 - 12800*Q^8*(omega - s)^2*s^6*s23 - 26368*Q^6*(omega - s)^3*s^6*s23 + 107520*Q^4*(omega - s)^4*s^6*s23 - 68096*Q^2*(omega - s)^5*s^6*s23 - 2560*Q^8*(omega - s)*s^7*s23 - 12032*Q^6*(omega - s)^2*s^7*s23 + 45056*Q^4*(omega - s)^3*s^7*s23 - 31744*Q^2*(omega - s)^4*s^7*s23 - 2048*Q^6*(omega - s)*s^8*s23 + 11264*Q^4*(omega - s)^2*s^8*s23 - 8576*Q^2*(omega - s)^3*s^8*s23 + 1280*Q^4*(omega - s)*s^9*s23 - 1024*Q^2*(omega - s)^2*s^9*s23 + 4608*Q^12*(omega - s)^5*s23^2 + 7680*Q^10*(omega - s)^6*s23^2 + 16640*Q^8*(omega - s)^7*s23^2 + 9216*Q^6*(omega - s)^8*s23^2 - 6528*Q^4*(omega - s)^9*s23^2 + 384*Q^2*(omega - s)^10*s23^2 + 18432*Q^12*(omega - s)^4*s*s23^2 + 7680*Q^10*(omega - s)^5*s*s23^2 + 58368*Q^8*(omega - s)^6*s*s23^2 + 58368*Q^6*(omega - s)^7*s*s23^2 - 50944*Q^4*(omega - s)^8*s*s23^2 + 3968*Q^2*(omega - s)^9*s*s23^2 + 27648*Q^12*(omega - s)^3*s^2*s23^2 - 33792*Q^10*(omega - s)^4*s^2*s23^2 + 62208*Q^8*(omega - s)^5*s^2*s23^2 + 165888*Q^6*(omega - s)^6*s^2*s23^2 - 171520*Q^4*(omega - s)^7*s^2*s23^2 + 16896*Q^2*(omega - s)^8*s^2*s23^2 + 18432*Q^12*(omega - s)^2*s^3*s23^2 - 70656*Q^10*(omega - s)^3*s^3*s23^2 - 2048*Q^8*(omega - s)^4*s^3*s23^2 + 276480*Q^6*(omega - s)^5*s^3*s23^2 - 324864*Q^4*(omega - s)^6*s^3*s23^2 + 39424*Q^2*(omega - s)^7*s^3*s23^2 + 4608*Q^12*(omega - s)*s^4*s23^2 - 47616*Q^10*(omega - s)^2*s^4*s23^2 - 45312*Q^8*(omega - s)^3*s^4*s23^2 + 291840*Q^6*(omega - s)^4*s^4*s23^2 - 377600*Q^4*(omega - s)^5*s^4*s23^2 + 55552*Q^2*(omega - s)^6*s^4*s23^2 - 10752*Q^10*(omega - s)*s^5*s23^2 - 27648*Q^8*(omega - s)^2*s^5*s23^2 + 193536*Q^6*(omega - s)^3*s^5*s23^2 - 274688*Q^4*(omega - s)^4*s^5*s23^2 + 48384*Q^2*(omega - s)^5*s^5*s23^2 - 4864*Q^8*(omega - s)*s^6*s23^2 + 73728*Q^6*(omega - s)^2*s^6*s23^2 - 121344*Q^4*(omega - s)^3*s^6*s23^2 + 25088*Q^2*(omega - s)^4*s^6*s23^2 + 12288*Q^6*(omega - s)*s^7*s23^2 - 29440*Q^4*(omega - s)^2*s^7*s23^2 + 6656*Q^2*(omega - s)^3*s^7*s23^2 - 2944*Q^4*(omega - s)*s^8*s23^2 + 384*Q^2*(omega - s)^2*s^8*s23^2 - 128*Q^2*(omega - s)*s^9*s23^2 + 12288*Q^14*(omega - s)^3*s23^3 + 12288*Q^12*(omega - s)^4*s23^3 + 34304*Q^10*(omega - s)^5*s23^3 + 11264*Q^8*(omega - s)^6*s23^3 - 36352*Q^6*(omega - s)^7*s23^3 + 6656*Q^4*(omega - s)^8*s23^3 - 128*Q^2*(omega - s)^9*s23^3 + 16384*Q^14*(omega - s)^2*s*s23^3 - 45056*Q^12*(omega - s)^3*s*s23^3 + 63488*Q^10*(omega - s)^4*s*s23^3 + 93184*Q^8*(omega - s)^5*s*s23^3 - 201216*Q^6*(omega - s)^6*s*s23^3 + 48640*Q^4*(omega - s)^7*s*s23^3 - 1280*Q^2*(omega - s)^8*s*s23^3 + 12288*Q^14*(omega - s)*s^2*s23^3 - 86016*Q^12*(omega - s)^2*s^2*s23^3 + 21504*Q^10*(omega - s)^3*s^2*s23^3 + 251904*Q^8*(omega - s)^4*s^2*s23^3 - 471552*Q^6*(omega - s)^5*s^2*s23^3 + 144384*Q^4*(omega - s)^6*s^2*s23^3 - 4864*Q^2*(omega - s)^7*s^2*s23^3 - 28672*Q^12*(omega - s)*s^3*s23^3 - 10240*Q^10*(omega - s)^2*s^3*s23^3 + 309248*Q^8*(omega - s)^3*s^3*s23^3 - 601088*Q^6*(omega - s)^4*s^3*s23^3 + 225280*Q^4*(omega - s)^5*s^3*s23^3 - 9472*Q^2*(omega - s)^6*s^3*s23^3 - 2560*Q^10*(omega - s)*s^4*s23^3 + 179200*Q^8*(omega - s)^2*s^4*s23^3 - 440832*Q^6*(omega - s)^3*s^4*s23^3 + 197120*Q^4*(omega - s)^4*s^4*s23^3 - 10240*Q^2*(omega - s)^5*s^4*s23^3 + 39936*Q^8*(omega - s)*s^5*s23^3 - 176640*Q^6*(omega - s)^2*s^5*s23^3 + 93696*Q^4*(omega - s)^3*s^5*s23^3 - 5888*Q^2*(omega - s)^4*s^5*s23^3 - 30208*Q^6*(omega - s)*s^6*s23^3 + 20480*Q^4*(omega - s)^2*s^6*s23^3 - 1280*Q^2*(omega - s)^3*s^6*s23^3 + 1024*Q^4*(omega - s)*s^7*s23^3 + 256*Q^2*(omega - s)^2*s^7*s23^3 + 128*Q^2*(omega - s)*s^8*s23^3 + 8192*Q^16*(omega - s)*s23^4 - 8192*Q^14*(omega - s)^2*s23^4 + 32768*Q^12*(omega - s)^3*s23^4 + 8192*Q^10*(omega - s)^4*s23^4 - 78336*Q^8*(omega - s)^5*s23^4 + 38400*Q^6*(omega - s)^6*s23^4 - 2304*Q^4*(omega - s)^7*s23^4 - 40960*Q^14*(omega - s)*s*s23^4 + 90112*Q^12*(omega - s)^2*s*s23^4 + 155648*Q^10*(omega - s)^3*s*s23^4 - 305152*Q^8*(omega - s)^4*s*s23^4 + 185856*Q^6*(omega - s)^5*s*s23^4 - 15360*Q^4*(omega - s)^6*s*s23^4 + 16384*Q^12*(omega - s)*s^2*s23^4 + 204800*Q^10*(omega - s)^2*s^2*s23^4 - 478208*Q^8*(omega - s)^3*s^2*s23^4 + 347136*Q^6*(omega - s)^4*s^2*s23^4 - 37632*Q^4*(omega - s)^5*s^2*s23^4 + 57344*Q^10*(omega - s)*s^3*s23^4 - 354304*Q^8*(omega - s)^2*s^3*s23^4 + 310272*Q^6*(omega - s)^3*s^3*s23^4 - 43008*Q^4*(omega - s)^4*s^3*s23^4 - 102912*Q^8*(omega - s)*s^4*s23^4 + 130560*Q^6*(omega - s)^2*s^4*s23^4 - 22272*Q^4*(omega - s)^3*s^4*s23^4 + 19968*Q^6*(omega - s)*s^5*s23^4 - 3072*Q^4*(omega - s)^2*s^5*s23^4 + 768*Q^4*(omega - s)*s^6*s23^4 + 57344*Q^14*(omega - s)*s23^5 + 49152*Q^12*(omega - s)^2*s23^5 - 61440*Q^10*(omega - s)^3*s23^5 + 86016*Q^8*(omega - s)^4*s23^5 - 13824*Q^6*(omega - s)^5*s23^5 + 49152*Q^12*(omega - s)*s*s23^5 - 212992*Q^10*(omega - s)^2*s*s23^5 + 241664*Q^8*(omega - s)^3*s*s23^5 - 55296*Q^6*(omega - s)^4*s*s23^5 - 126976*Q^10*(omega - s)*s^2*s23^5 + 233472*Q^8*(omega - s)^2*s^2*s23^5 - 70656*Q^6*(omega - s)^3*s^2*s23^5 + 77824*Q^8*(omega - s)*s^3*s23^5 - 30720*Q^6*(omega - s)^2*s^3*s23^5 - 1536*Q^6*(omega - s)*s^4*s23^5 - 40960*Q^12*(omega - s)*s23^6 + 57344*Q^10*(omega - s)^2*s23^6 - 32768*Q^8*(omega - s)^3*s23^6 + 90112*Q^10*(omega - s)*s*s23^6 - 57344*Q^8*(omega - s)^2*s*s23^6 - 16384*Q^8*(omega - s)*s^2*s23^6 - 24576*Q^10*(omega - s)*s23^7 + 256*Q^8*(omega - s)^9*SUNN^2 + 512*Q^6*(omega - s)^10*SUNN^2 + 192*Q^4*(omega - s)^11*SUNN^2 - 128*Q^2*(omega - s)^12*SUNN^2 + 512*Q^8*(omega - s)^8*s*SUNN^2 + 1536*Q^6*(omega - s)^9*s*SUNN^2 + 128*Q^4*(omega - s)^10*s*SUNN^2 - 1728*Q^2*(omega - s)^11*s*SUNN^2 - 512*Q^8*(omega - s)^7*s^2*SUNN^2 - 3776*Q^4*(omega - s)^9*s^2*SUNN^2 - 9600*Q^2*(omega - s)^10*s^2*SUNN^2 - 2560*Q^8*(omega - s)^6*s^3*SUNN^2 - 6144*Q^6*(omega - s)^7*s^3*SUNN^2 - 15360*Q^4*(omega - s)^8*s^3*SUNN^2 - 30272*Q^2*(omega - s)^9*s^3*SUNN^2 - 3584*Q^8*(omega - s)^5*s^4*SUNN^2 - 12288*Q^6*(omega - s)^6*s^4*SUNN^2 - 29568*Q^4*(omega - s)^7*s^4*SUNN^2 - 61440*Q^2*(omega - s)^8*s^4*SUNN^2 - 2560*Q^8*(omega - s)^4*s^5*SUNN^2 - 12288*Q^6*(omega - s)^5*s^5*SUNN^2 - 34048*Q^4*(omega - s)^6*s^5*SUNN^2 - 85120*Q^2*(omega - s)^7*s^5*SUNN^2 - 512*Q^8*(omega - s)^3*s^6*SUNN^2 - 6144*Q^6*(omega - s)^4*s^6*SUNN^2 - 24192*Q^4*(omega - s)^5*s^6*SUNN^2 - 82432*Q^2*(omega - s)^6*s^6*SUNN^2 + 512*Q^8*(omega - s)^2*s^7*SUNN^2 - 9216*Q^4*(omega - s)^4*s^7*SUNN^2 - 55680*Q^2*(omega - s)^5*s^7*SUNN^2 + 256*Q^8*(omega - s)*s^8*SUNN^2 + 1536*Q^6*(omega - s)^2*s^8*SUNN^2 - 320*Q^4*(omega - s)^3*s^8*SUNN^2 - 25472*Q^2*(omega - s)^4*s^8*SUNN^2 + 512*Q^6*(omega - s)*s^9*SUNN^2 + 1152*Q^4*(omega - s)^2*s^9*SUNN^2 - 7360*Q^2*(omega - s)^3*s^9*SUNN^2 + 320*Q^4*(omega - s)*s^10*SUNN^2 - 1152*Q^2*(omega - s)^2*s^10*SUNN^2 - 64*Q^2*(omega - s)*s^11*SUNN^2 + 1024*Q^10*(omega - s)^7*s23*SUNN^2 + 3072*Q^8*(omega - s)^8*s23*SUNN^2 + 256*Q^6*(omega - s)^9*s23*SUNN^2 - 2816*Q^4*(omega - s)^10*s23*SUNN^2 + 384*Q^2*(omega - s)^11*s23*SUNN^2 + 6144*Q^10*(omega - s)^6*s*s23*SUNN^2 + 21504*Q^8*(omega - s)^7*s*s23*SUNN^2 + 6656*Q^6*(omega - s)^8*s*s23*SUNN^2 - 21504*Q^4*(omega - s)^9*s*s23*SUNN^2 + 4608*Q^2*(omega - s)^10*s*s23*SUNN^2 - 3072*Q^10*(omega - s)^5*s^2*s23*SUNN^2 + 15360*Q^8*(omega - s)^6*s^2*s23*SUNN^2 - 11776*Q^6*(omega - s)^7*s^2*s23*SUNN^2 - 93696*Q^4*(omega - s)^8*s^2*s23*SUNN^2 + 20992*Q^2*(omega - s)^9*s^2*s23*SUNN^2 - 16384*Q^10*(omega - s)^4*s^3*s23*SUNN^2 - 39936*Q^8*(omega - s)^5*s^3*s23*SUNN^2 - 97792*Q^6*(omega - s)^6*s^3*s23*SUNN^2 - 248832*Q^4*(omega - s)^7*s^3*s23*SUNN^2 + 53248*Q^2*(omega - s)^8*s^3*s23*SUNN^2 - 3072*Q^10*(omega - s)^3*s^4*s23*SUNN^2 - 43008*Q^8*(omega - s)^4*s^4*s23*SUNN^2 - 152576*Q^6*(omega - s)^5*s^4*s23*SUNN^2 - 399360*Q^4*(omega - s)^6*s^4*s23*SUNN^2 + 88064*Q^2*(omega - s)^7*s^4*s23*SUNN^2 + 6144*Q^10*(omega - s)^2*s^5*s23*SUNN^2 + 6144*Q^8*(omega - s)^3*s^5*s23*SUNN^2 - 86528*Q^6*(omega - s)^4*s^5*s23*SUNN^2 - 393216*Q^4*(omega - s)^5*s^5*s23*SUNN^2 + 101888*Q^2*(omega - s)^6*s^5*s23*SUNN^2 + 1024*Q^10*(omega - s)*s^6*s23*SUNN^2 + 12288*Q^8*(omega - s)^2*s^6*s23*SUNN^2 - 12800*Q^6*(omega - s)^3*s^6*s23*SUNN^2 - 244224*Q^4*(omega - s)^4*s^6*s23*SUNN^2 + 82688*Q^2*(omega - s)^5*s^6*s23*SUNN^2 - 2560*Q^6*(omega - s)^2*s^7*s23*SUNN^2 - 101376*Q^4*(omega - s)^3*s^7*s23*SUNN^2 + 44032*Q^2*(omega - s)^4*s^7*s23*SUNN^2 - 3328*Q^6*(omega - s)*s^8*s23*SUNN^2 - 29952*Q^4*(omega - s)^2*s^8*s23*SUNN^2 + 12928*Q^2*(omega - s)^3*s^8*s23*SUNN^2 - 5120*Q^4*(omega - s)*s^9*s23*SUNN^2 + 1024*Q^2*(omega - s)^2*s^9*s23*SUNN^2 - 256*Q^2*(omega - s)*s^10*s23*SUNN^2 + 6144*Q^12*(omega - s)^5*s23^2*SUNN^2 + 27648*Q^10*(omega - s)^6*s23^2*SUNN^2 + 14848*Q^8*(omega - s)^7*s23^2*SUNN^2 - 13312*Q^6*(omega - s)^8*s23^2*SUNN^2 + 7296*Q^4*(omega - s)^9*s23^2*SUNN^2 - 384*Q^2*(omega - s)^10*s23^2*SUNN^2 + 6144*Q^12*(omega - s)^4*s*s23^2*SUNN^2 + 52224*Q^10*(omega - s)^5*s*s23^2*SUNN^2 - 6144*Q^8*(omega - s)^6*s*s23^2*SUNN^2 - 137216*Q^6*(omega - s)^7*s*s23^2*SUNN^2 + 48640*Q^4*(omega - s)^8*s*s23^2*SUNN^2 - 4480*Q^2*(omega - s)^9*s*s23^2*SUNN^2 + 9216*Q^12*(omega - s)^3*s^2*s23^2*SUNN^2 + 73728*Q^10*(omega - s)^4*s^2*s23^2*SUNN^2 - 24576*Q^8*(omega - s)^5*s^2*s23^2*SUNN^2 - 384000*Q^6*(omega - s)^6*s^2*s23^2*SUNN^2 + 188672*Q^4*(omega - s)^7*s^2*s23^2*SUNN^2 - 16640*Q^2*(omega - s)^8*s^2*s23^2*SUNN^2 + 6144*Q^12*(omega - s)^2*s^3*s23^2*SUNN^2 + 36864*Q^10*(omega - s)^3*s^3*s23^2*SUNN^2 - 56320*Q^8*(omega - s)^4*s^3*s23^2*SUNN^2 - 604160*Q^6*(omega - s)^5*s^3*s23^2*SUNN^2 + 414720*Q^4*(omega - s)^6*s^3*s23^2*SUNN^2 - 34048*Q^2*(omega - s)^7*s^3*s23^2*SUNN^2 + 6144*Q^12*(omega - s)*s^4*s23^2*SUNN^2 - 12288*Q^10*(omega - s)^2*s^4*s23^2*SUNN^2 - 158208*Q^8*(omega - s)^3*s^4*s23^2*SUNN^2 - 710656*Q^6*(omega - s)^4*s^4*s23^2*SUNN^2 + 496640*Q^4*(omega - s)^5*s^4*s23^2*SUNN^2 - 49664*Q^2*(omega - s)^6*s^4*s23^2*SUNN^2 - 125952*Q^8*(omega - s)^2*s^5*s23^2*SUNN^2 - 568320*Q^6*(omega - s)^3*s^5*s23^2*SUNN^2 + 318976*Q^4*(omega - s)^4*s^5*s23^2*SUNN^2 - 54784*Q^2*(omega - s)^5*s^5*s23^2*SUNN^2 - 20480*Q^8*(omega - s)*s^6*s23^2*SUNN^2 - 231424*Q^6*(omega - s)^2*s^6*s23^2*SUNN^2 + 111360*Q^4*(omega - s)^3*s^6*s23^2*SUNN^2 - 39680*Q^2*(omega - s)^4*s^6*s23^2*SUNN^2 - 29696*Q^6*(omega - s)*s^7*s23^2*SUNN^2 + 28672*Q^4*(omega - s)^2*s^7*s23^2*SUNN^2 - 14080*Q^2*(omega - s)^3*s^7*s23^2*SUNN^2 + 7040*Q^4*(omega - s)*s^8*s23^2*SUNN^2 - 128*Q^2*(omega - s)^2*s^8*s23^2*SUNN^2 + 896*Q^2*(omega - s)*s^9*s23^2*SUNN^2 + 4096*Q^14*(omega - s)^3*s23^3*SUNN^2 + 51200*Q^12*(omega - s)^4*s23^3*SUNN^2 + 3072*Q^10*(omega - s)^5*s23^3*SUNN^2 - 81920*Q^8*(omega - s)^6*s23^3*SUNN^2 + 31744*Q^6*(omega - s)^7*s23^3*SUNN^2 - 7168*Q^4*(omega - s)^8*s23^3*SUNN^2 + 128*Q^2*(omega - s)^9*s23^3*SUNN^2 + 51200*Q^14*(omega - s)^2*s*s23^3*SUNN^2 + 215040*Q^12*(omega - s)^3*s*s23^3*SUNN^2 + 152576*Q^10*(omega - s)^4*s*s23^3*SUNN^2 - 233472*Q^8*(omega - s)^5*s*s23^3*SUNN^2 + 267264*Q^6*(omega - s)^6*s*s23^3*SUNN^2 - 40960*Q^4*(omega - s)^7*s*s23^3*SUNN^2 + 1536*Q^2*(omega - s)^8*s*s23^3*SUNN^2 + 4096*Q^14*(omega - s)*s^2*s23^3*SUNN^2 + 86016*Q^12*(omega - s)^2*s^2*s23^3*SUNN^2 + 10240*Q^10*(omega - s)^3*s^2*s23^3*SUNN^2 - 608256*Q^8*(omega - s)^4*s^2*s23^3*SUNN^2 + 620544*Q^6*(omega - s)^5*s^2*s23^3*SUNN^2 - 144384*Q^4*(omega - s)^6*s^2*s23^3*SUNN^2 + 4352*Q^2*(omega - s)^7*s^2*s23^3*SUNN^2 - 53248*Q^12*(omega - s)*s^3*s23^3*SUNN^2 - 267264*Q^10*(omega - s)^2*s^3*s23^3*SUNN^2 - 907264*Q^8*(omega - s)^3*s^3*s23^3*SUNN^2 + 714752*Q^6*(omega - s)^4*s^3*s23^3*SUNN^2 - 266240*Q^4*(omega - s)^5*s^3*s23^3*SUNN^2 + 7168*Q^2*(omega - s)^6*s^3*s23^3*SUNN^2 - 151552*Q^10*(omega - s)*s^4*s23^3*SUNN^2 - 602112*Q^8*(omega - s)^2*s^4*s23^3*SUNN^2 + 516096*Q^6*(omega - s)^3*s^4*s23^3*SUNN^2 - 235520*Q^4*(omega - s)^4*s^4*s23^3*SUNN^2 + 10752*Q^2*(omega - s)^5*s^4*s23^3*SUNN^2 - 151552*Q^8*(omega - s)*s^5*s23^3*SUNN^2 + 224256*Q^6*(omega - s)^2*s^5*s23^3*SUNN^2 - 89088*Q^4*(omega - s)^3*s^5*s23^3*SUNN^2 + 11776*Q^2*(omega - s)^4*s^5*s23^3*SUNN^2 + 37888*Q^6*(omega - s)*s^6*s23^3*SUNN^2 - 10240*Q^4*(omega - s)^2*s^6*s23^3*SUNN^2 + 5888*Q^2*(omega - s)^3*s^6*s23^3*SUNN^2 - 1024*Q^4*(omega - s)*s^7*s23^3*SUNN^2 - 640*Q^2*(omega - s)*s^8*s23^3*SUNN^2 + 25600*Q^16*(omega - s)*s23^4*SUNN^2 + 150528*Q^14*(omega - s)^2*s23^4*SUNN^2 + 114688*Q^12*(omega - s)^3*s23^4*SUNN^2 - 66560*Q^10*(omega - s)^4*s23^4*SUNN^2 + 136704*Q^8*(omega - s)^5*s23^4*SUNN^2 - 29184*Q^6*(omega - s)^6*s23^4*SUNN^2 + 2560*Q^4*(omega - s)^7*s23^4*SUNN^2 - 21504*Q^14*(omega - s)*s*s23^4*SUNN^2 - 157696*Q^12*(omega - s)^2*s*s23^4*SUNN^2 - 568320*Q^10*(omega - s)^3*s*s23^4*SUNN^2 + 319488*Q^8*(omega - s)^4*s*s23^4*SUNN^2 - 219648*Q^6*(omega - s)^5*s*s23^4*SUNN^2 + 12288*Q^4*(omega - s)^6*s*s23^4*SUNN^2 - 200704*Q^12*(omega - s)*s^2*s23^4*SUNN^2 - 654336*Q^10*(omega - s)^2*s^2*s23^4*SUNN^2 + 550912*Q^8*(omega - s)^3*s^2*s23^4*SUNN^2 - 408576*Q^6*(omega - s)^4*s^2*s23^4*SUNN^2 + 39936*Q^4*(omega - s)^5*s^2*s23^4*SUNN^2 - 201728*Q^10*(omega - s)*s^3*s23^4*SUNN^2 + 544768*Q^8*(omega - s)^2*s^3*s23^4*SUNN^2 - 297984*Q^6*(omega - s)^3*s^3*s23^4*SUNN^2 + 60416*Q^4*(omega - s)^4*s^3*s23^4*SUNN^2 + 187904*Q^8*(omega - s)*s^4*s23^4*SUNN^2 - 87552*Q^6*(omega - s)^2*s^4*s23^4*SUNN^2 + 35328*Q^4*(omega - s)^3*s^4*s23^4*SUNN^2 - 7680*Q^6*(omega - s)*s^5*s23^4*SUNN^2 + 3072*Q^4*(omega - s)^2*s^5*s23^4*SUNN^2 - 2048*Q^4*(omega - s)*s^6*s23^4*SUNN^2 - 121856*Q^14*(omega - s)*s23^5*SUNN^2 - 292864*Q^12*(omega - s)^2*s23^5*SUNN^2 + 39936*Q^10*(omega - s)^3*s23^5*SUNN^2 - 110592*Q^8*(omega - s)^4*s23^5*SUNN^2 + 10752*Q^6*(omega - s)^5*s23^5*SUNN^2 - 112640*Q^12*(omega - s)*s*s23^5*SUNN^2 + 348160*Q^10*(omega - s)^2*s*s23^5*SUNN^2 - 212992*Q^8*(omega - s)^3*s*s23^5*SUNN^2 + 70656*Q^6*(omega - s)^4*s*s23^5*SUNN^2 + 293888*Q^10*(omega - s)*s^2*s23^5*SUNN^2 - 186368*Q^8*(omega - s)^2*s^2*s23^5*SUNN^2 + 95232*Q^6*(omega - s)^3*s^2*s23^5*SUNN^2 - 59392*Q^8*(omega - s)*s^3*s23^5*SUNN^2 + 27648*Q^6*(omega - s)^2*s^3*s23^5*SUNN^2 - 4608*Q^6*(omega - s)*s^4*s23^5*SUNN^2 + 142336*Q^12*(omega - s)*s23^6*SUNN^2 - 13312*Q^10*(omega - s)^2*s23^6*SUNN^2 + 41984*Q^8*(omega - s)^3*s23^6*SUNN^2 - 87040*Q^10*(omega - s)*s*s23^6*SUNN^2 + 61440*Q^8*(omega - s)^2*s*s23^6*SUNN^2 + 5120*Q^8*(omega - s)*s^2*s23^6*SUNN^2 + 19456*Q^10*(omega - s)*s23^7*SUNN^2)*Log[(1 - Sqrt[1 - (4*Q^2*(omega + Q^2 - s23))/(omega + 2*Q^2)^2])/(1 + Sqrt[1 - (4*Q^2*(omega + Q^2 - s23))/(omega + 2*Q^2)^2])])/(4*Q^2*(omega + 2*Q^2)^2*(omega - s)*(omega + Q^2 - s23)*((omega - s)^2 + 2*(omega - s)*s + s^2 + 4*Q^2*s23)^4*Sqrt[((omega - s)^2 + 2*(omega - s)*s + s^2 + 4*Q^2*s23)/(omega + 2*Q^2)^2]*SUNN) + (16*alphaS^2*chargeSum*Pi^2*(-256*Q^4*(omega - s)^9*s*s23 - 256*Q^2*(omega - s)^10*s*s23 - 2048*Q^4*(omega - s)^8*s^2*s23 - 2304*Q^2*(omega - s)^9*s^2*s23 - 7168*Q^4*(omega - s)^7*s^3*s23 - 9216*Q^2*(omega - s)^8*s^3*s23 - 14336*Q^4*(omega - s)^6*s^4*s23 - 21504*Q^2*(omega - s)^7*s^4*s23 - 17920*Q^4*(omega - s)^5*s^5*s23 - 32256*Q^2*(omega - s)^6*s^5*s23 - 14336*Q^4*(omega - s)^4*s^6*s23 - 32256*Q^2*(omega - s)^5*s^6*s23 - 7168*Q^4*(omega - s)^3*s^7*s23 - 21504*Q^2*(omega - s)^4*s^7*s23 - 2048*Q^4*(omega - s)^2*s^8*s23 - 9216*Q^2*(omega - s)^3*s^8*s23 - 256*Q^4*(omega - s)*s^9*s23 - 2304*Q^2*(omega - s)^2*s^9*s23 - 256*Q^2*(omega - s)*s^10*s23 - 4096*Q^6*(omega - s)^7*s*s23^2 - 4096*Q^4*(omega - s)^8*s*s23^2 + 256*Q^2*(omega - s)^9*s*s23^2 - 24576*Q^6*(omega - s)^6*s^2*s23^2 - 28672*Q^4*(omega - s)^7*s^2*s23^2 + 2048*Q^2*(omega - s)^8*s^2*s23^2 - 61440*Q^6*(omega - s)^5*s^3*s23^2 - 86016*Q^4*(omega - s)^6*s^3*s23^2 + 7168*Q^2*(omega - s)^7*s^3*s23^2 - 81920*Q^6*(omega - s)^4*s^4*s23^2 - 143360*Q^4*(omega - s)^5*s^4*s23^2 + 14336*Q^2*(omega - s)^6*s^4*s23^2 - 61440*Q^6*(omega - s)^3*s^5*s23^2 - 143360*Q^4*(omega - s)^4*s^5*s23^2 + 17920*Q^2*(omega - s)^5*s^5*s23^2 - 24576*Q^6*(omega - s)^2*s^6*s23^2 - 86016*Q^4*(omega - s)^3*s^6*s23^2 + 14336*Q^2*(omega - s)^4*s^6*s23^2 - 4096*Q^6*(omega - s)*s^7*s23^2 - 28672*Q^4*(omega - s)^2*s^7*s23^2 + 7168*Q^2*(omega - s)^3*s^7*s23^2 - 4096*Q^4*(omega - s)*s^8*s23^2 + 2048*Q^2*(omega - s)^2*s^8*s23^2 + 256*Q^2*(omega - s)*s^9*s23^2 - 24576*Q^8*(omega - s)^5*s*s23^3 - 24576*Q^6*(omega - s)^6*s*s23^3 + 4096*Q^4*(omega - s)^7*s*s23^3 - 98304*Q^8*(omega - s)^4*s^2*s23^3 - 122880*Q^6*(omega - s)^5*s^2*s23^3 + 24576*Q^4*(omega - s)^6*s^2*s23^3 - 147456*Q^8*(omega - s)^3*s^3*s23^3 - 245760*Q^6*(omega - s)^4*s^3*s23^3 + 61440*Q^4*(omega - s)^5*s^3*s23^3 - 98304*Q^8*(omega - s)^2*s^4*s23^3 - 245760*Q^6*(omega - s)^3*s^4*s23^3 + 81920*Q^4*(omega - s)^4*s^4*s23^3 - 24576*Q^8*(omega - s)*s^5*s23^3 - 122880*Q^6*(omega - s)^2*s^5*s23^3 + 61440*Q^4*(omega - s)^3*s^5*s23^3 - 24576*Q^6*(omega - s)*s^6*s23^3 + 24576*Q^4*(omega - s)^2*s^6*s23^3 + 4096*Q^4*(omega - s)*s^7*s23^3 - 65536*Q^10*(omega - s)^3*s*s23^4 - 65536*Q^8*(omega - s)^4*s*s23^4 + 24576*Q^6*(omega - s)^5*s*s23^4 - 131072*Q^10*(omega - s)^2*s^2*s23^4 - 196608*Q^8*(omega - s)^3*s^2*s23^4 + 98304*Q^6*(omega - s)^4*s^2*s23^4 - 65536*Q^10*(omega - s)*s^3*s23^4 - 196608*Q^8*(omega - s)^2*s^3*s23^4 + 147456*Q^6*(omega - s)^3*s^3*s23^4 - 65536*Q^8*(omega - s)*s^4*s23^4 + 98304*Q^6*(omega - s)^2*s^4*s23^4 + 24576*Q^6*(omega - s)*s^5*s23^4 - 65536*Q^12*(omega - s)*s*s23^5 - 65536*Q^10*(omega - s)^2*s*s23^5 + 65536*Q^8*(omega - s)^3*s*s23^5 - 65536*Q^10*(omega - s)*s^2*s23^5 + 131072*Q^8*(omega - s)^2*s^2*s23^5 + 65536*Q^8*(omega - s)*s^3*s23^5 + 65536*Q^10*(omega - s)*s*s23^6 + 192*Q^4*(omega - s)^9*s^2*SUNN^2 + 1536*Q^4*(omega - s)^8*s^3*SUNN^2 + 64*Q^2*(omega - s)^9*s^3*SUNN^2 + 5376*Q^4*(omega - s)^7*s^4*SUNN^2 + 512*Q^2*(omega - s)^8*s^4*SUNN^2 + 10752*Q^4*(omega - s)^6*s^5*SUNN^2 + 1792*Q^2*(omega - s)^7*s^5*SUNN^2 + 13440*Q^4*(omega - s)^5*s^6*SUNN^2 + 3584*Q^2*(omega - s)^6*s^6*SUNN^2 + 10752*Q^4*(omega - s)^4*s^7*SUNN^2 + 4480*Q^2*(omega - s)^5*s^7*SUNN^2 + 5376*Q^4*(omega - s)^3*s^8*SUNN^2 + 3584*Q^2*(omega - s)^4*s^8*SUNN^2 + 1536*Q^4*(omega - s)^2*s^9*SUNN^2 + 1792*Q^2*(omega - s)^3*s^9*SUNN^2 + 192*Q^4*(omega - s)*s^10*SUNN^2 + 512*Q^2*(omega - s)^2*s^10*SUNN^2 + 64*Q^2*(omega - s)*s^11*SUNN^2 - 128*Q^4*(omega - s)^9*s*s23*SUNN^2 + 256*Q^2*(omega - s)^10*s*s23*SUNN^2 + 3072*Q^6*(omega - s)^7*s^2*s23*SUNN^2 - 1024*Q^4*(omega - s)^8*s^2*s23*SUNN^2 + 2176*Q^2*(omega - s)^9*s^2*s23*SUNN^2 + 18432*Q^6*(omega - s)^6*s^3*s23*SUNN^2 - 2560*Q^4*(omega - s)^7*s^3*s23*SUNN^2 + 8192*Q^2*(omega - s)^8*s^3*s23*SUNN^2 + 46080*Q^6*(omega - s)^5*s^4*s23*SUNN^2 - 1024*Q^4*(omega - s)^6*s^4*s23*SUNN^2 + 17920*Q^2*(omega - s)^7*s^4*s23*SUNN^2 + 61440*Q^6*(omega - s)^4*s^5*s23*SUNN^2 + 6400*Q^4*(omega - s)^5*s^5*s23*SUNN^2 + 25088*Q^2*(omega - s)^6*s^5*s23*SUNN^2 + 46080*Q^6*(omega - s)^3*s^6*s23*SUNN^2 + 13312*Q^4*(omega - s)^4*s^6*s23*SUNN^2 + 23296*Q^2*(omega - s)^5*s^6*s23*SUNN^2 + 18432*Q^6*(omega - s)^2*s^7*s23*SUNN^2 + 11776*Q^4*(omega - s)^3*s^7*s23*SUNN^2 + 14336*Q^2*(omega - s)^4*s^7*s23*SUNN^2 + 3072*Q^6*(omega - s)*s^8*s23*SUNN^2 + 5120*Q^4*(omega - s)^2*s^8*s23*SUNN^2 + 5632*Q^2*(omega - s)^3*s^8*s23*SUNN^2 + 896*Q^4*(omega - s)*s^9*s23*SUNN^2 + 1280*Q^2*(omega - s)^2*s^9*s23*SUNN^2 + 128*Q^2*(omega - s)*s^10*s23*SUNN^2 + 192*Q^4*(omega - s)^9*s23^2*SUNN^2 - 2048*Q^6*(omega - s)^7*s*s23^2*SUNN^2 + 5632*Q^4*(omega - s)^8*s*s23^2*SUNN^2 - 192*Q^2*(omega - s)^9*s*s23^2*SUNN^2 + 18432*Q^8*(omega - s)^5*s^2*s23^2*SUNN^2 - 12288*Q^6*(omega - s)^6*s^2*s23^2*SUNN^2 + 32000*Q^4*(omega - s)^7*s^2*s23^2*SUNN^2 - 1536*Q^2*(omega - s)^8*s^2*s23^2*SUNN^2 + 73728*Q^8*(omega - s)^4*s^3*s23^2*SUNN^2 - 24576*Q^6*(omega - s)^5*s^3*s23^2*SUNN^2 + 84480*Q^4*(omega - s)^6*s^3*s23^2*SUNN^2 - 5376*Q^2*(omega - s)^7*s^3*s23^2*SUNN^2 + 110592*Q^8*(omega - s)^3*s^4*s23^2*SUNN^2 - 16384*Q^6*(omega - s)^4*s^4*s23^2*SUNN^2 + 126080*Q^4*(omega - s)^5*s^4*s23^2*SUNN^2 - 10752*Q^2*(omega - s)^6*s^4*s23^2*SUNN^2 + 73728*Q^8*(omega - s)^2*s^5*s23^2*SUNN^2 + 6144*Q^6*(omega - s)^3*s^5*s23^2*SUNN^2 + 113152*Q^4*(omega - s)^4*s^5*s23^2*SUNN^2 - 13440*Q^2*(omega - s)^5*s^5*s23^2*SUNN^2 + 18432*Q^8*(omega - s)*s^6*s23^2*SUNN^2 + 12288*Q^6*(omega - s)^2*s^6*s23^2*SUNN^2 + 60672*Q^4*(omega - s)^3*s^6*s23^2*SUNN^2 - 10752*Q^2*(omega - s)^4*s^6*s23^2*SUNN^2 + 4096*Q^6*(omega - s)*s^7*s23^2*SUNN^2 + 17920*Q^4*(omega - s)^2*s^7*s23^2*SUNN^2 - 5376*Q^2*(omega - s)^3*s^7*s23^2*SUNN^2 + 2240*Q^4*(omega - s)*s^8*s23^2*SUNN^2 - 1536*Q^2*(omega - s)^2*s^8*s23^2*SUNN^2 - 192*Q^2*(omega - s)*s^9*s23^2*SUNN^2 + 3072*Q^6*(omega - s)^7*s23^3*SUNN^2 - 12288*Q^8*(omega - s)^5*s*s23^3*SUNN^2 + 43008*Q^6*(omega - s)^6*s*s23^3*SUNN^2 - 3072*Q^4*(omega - s)^7*s*s23^3*SUNN^2 + 49152*Q^10*(omega - s)^3*s^2*s23^3*SUNN^2 - 49152*Q^8*(omega - s)^4*s^2*s23^3*SUNN^2 + 156672*Q^6*(omega - s)^5*s^2*s23^3*SUNN^2 - 18432*Q^4*(omega - s)^6*s^2*s23^3*SUNN^2 + 98304*Q^10*(omega - s)^2*s^3*s23^3*SUNN^2 - 57344*Q^8*(omega - s)^3*s^3*s23^3*SUNN^2 + 258048*Q^6*(omega - s)^4*s^3*s23^3*SUNN^2 - 46080*Q^4*(omega - s)^5*s^3*s23^3*SUNN^2 + 49152*Q^10*(omega - s)*s^4*s23^3*SUNN^2 - 16384*Q^8*(omega - s)^2*s^4*s23^3*SUNN^2 + 218112*Q^6*(omega - s)^3*s^4*s23^3*SUNN^2 - 61440*Q^4*(omega - s)^4*s^4*s23^3*SUNN^2 + 4096*Q^8*(omega - s)*s^5*s23^3*SUNN^2 + 92160*Q^6*(omega - s)^2*s^5*s23^3*SUNN^2 - 46080*Q^4*(omega - s)^3*s^5*s23^3*SUNN^2 + 15360*Q^6*(omega - s)*s^6*s23^3*SUNN^2 - 18432*Q^4*(omega - s)^2*s^6*s23^3*SUNN^2 - 3072*Q^4*(omega - s)*s^7*s23^3*SUNN^2 + 18432*Q^8*(omega - s)^5*s23^4*SUNN^2 - 32768*Q^10*(omega - s)^3*s*s23^4*SUNN^2 + 139264*Q^8*(omega - s)^4*s*s23^4*SUNN^2 - 18432*Q^6*(omega - s)^5*s*s23^4*SUNN^2 + 49152*Q^12*(omega - s)*s^2*s23^4*SUNN^2 - 65536*Q^10*(omega - s)^2*s^2*s23^4*SUNN^2 + 274432*Q^8*(omega - s)^3*s^2*s23^4*SUNN^2 - 73728*Q^6*(omega - s)^4*s^2*s23^4*SUNN^2 - 16384*Q^10*(omega - s)*s^3*s23^4*SUNN^2 + 204800*Q^8*(omega - s)^2*s^3*s23^4*SUNN^2 - 110592*Q^6*(omega - s)^3*s^3*s23^4*SUNN^2 + 51200*Q^8*(omega - s)*s^4*s23^4*SUNN^2 - 73728*Q^6*(omega - s)^2*s^4*s23^4*SUNN^2 - 18432*Q^6*(omega - s)*s^5*s23^4*SUNN^2 + 49152*Q^10*(omega - s)^3*s23^5*SUNN^2 - 32768*Q^12*(omega - s)*s*s23^5*SUNN^2 + 163840*Q^10*(omega - s)^2*s*s23^5*SUNN^2 - 49152*Q^8*(omega - s)^3*s*s23^5*SUNN^2 + 81920*Q^10*(omega - s)*s^2*s23^5*SUNN^2 - 98304*Q^8*(omega - s)^2*s^2*s23^5*SUNN^2 - 49152*Q^8*(omega - s)*s^3*s23^5*SUNN^2 + 49152*Q^12*(omega - s)*s23^6*SUNN^2 - 49152*Q^10*(omega - s)*s*s23^6*SUNN^2)*(-1/128*Pi + (-1/8*Pi + (-2*Pi + EulerGamma*Pi + Pi*Log[Pi] + Pi*Log[s23])/16)/4))/(Q^2*(omega - s)*(omega + Q^2 - s23)*(s - s23)^2*((omega - s)^2 + 2*(omega - s)*s + s^2 + 4*Q^2*s23)^4*SUNN) - (32*alphaS^2*chargeSum*Pi^2*(-(EulerGamma*Pi*(omega - s)*s) - Pi*Q^2*s23 - Pi*s*s23 + EulerGamma*Pi*s*s23 - Pi*(omega - s)*s*Log[Pi] + Pi*s*s23*Log[Pi] - Pi*(omega - s)*s*Log[s23] + Pi*s*s23*Log[s23] + Pi*(omega - s)*s*Log[((s - s23)*(-omega + s + s23))/((omega + Q^2 - s23)*s23)] - Pi*s*s23*Log[((s - s23)*(-omega + s + s23))/((omega + Q^2 - s23)*s23)]))/((s - s23)*(-omega + s + s23)*SUNN) + (32*alphaS^2*chargeSum*Pi^2*(Q^2*(omega - s)*s^2 + (omega - s)^2*s^2 + (omega - s)*s^3 + Q^6*s23 + 2*Q^4*(omega - s)*s23 + Q^2*(omega - s)^2*s23 + 2*Q^4*s*s23 + 2*Q^2*(omega - s)*s*s23 - 2*(omega - s)*s^2*s23 - s^3*s23 - Q^4*s23^2 - Q^2*(omega - s)*s23^2 + (omega - s)*s*s23^2 + 2*s^2*s23^2 - s*s23^3 + Q^4*(omega - s)*s*SUNN^2 + Q^2*(omega - s)^2*s*SUNN^2 - (omega - s)*s^3*SUNN^2 - Q^4*(omega - s)*s23*SUNN^2 - Q^2*(omega - s)^2*s23*SUNN^2 - Q^4*s*s23*SUNN^2 - Q^2*(omega - s)*s*s23*SUNN^2 + 2*(omega - s)*s^2*s23*SUNN^2 + s^3*s23*SUNN^2 + Q^4*s23^2*SUNN^2 + Q^2*(omega - s)*s23^2*SUNN^2 - (omega - s)*s*s23^2*SUNN^2 - 2*s^2*s23^2*SUNN^2 + s*s23^3*SUNN^2)*(Pi*Q^2 + EulerGamma*Pi*(omega - s) + Pi*s - EulerGamma*Pi*s23 + Pi*(omega - s)*Log[Pi] - Pi*s23*Log[Pi] + Pi*(omega - s)*Log[s23] - Pi*s23*Log[s23] - Pi*(omega - s)*Log[-(((s - s23)*(-omega + s + s23))/((omega - s)*s + Q^2*s23))] + Pi*s23*Log[-(((s - s23)*(-omega + s + s23))/((omega - s)*s + Q^2*s23))]))/((omega + Q^2 - s)*(Q^2 + s)*(omega + Q^2 - s23)*(omega - s - s23)*(s - s23)*SUNN) + (64*alphaS^2*chargeSum*Pi^2*(omega + Q^2 - s23)*(Q^2*(omega - s)^4 + (omega - s)^5 + (omega - s)^4*s - 3*Q^2*(omega - s)^3*s23 - 3*(omega - s)^4*s23 - 2*(omega - s)^3*s*s23 + 2*Q^4*(omega - s)*s23^2 + 5*Q^2*(omega - s)^2*s23^2 + 3*(omega - s)^3*s23^2 + Q^2*(omega - s)*s*s23^2 + 2*(omega - s)^2*s*s23^2 - 2*Q^4*s23^3 - 3*Q^2*(omega - s)*s23^3 - (omega - s)^2*s23^3 - Q^2*s*s23^3 - (omega - s)*s*s23^3 + 2*Q^4*(omega - s)^3*SUNN^2 + Q^2*(omega - s)^4*SUNN^2 - (omega - s)^5*SUNN^2 + Q^2*(omega - s)^3*s*SUNN^2 - 2*Q^4*(omega - s)^2*s23*SUNN^2 + Q^2*(omega - s)^3*s23*SUNN^2 + 3*(omega - s)^4*s23*SUNN^2 - Q^2*(omega - s)^2*s*s23*SUNN^2 + (omega - s)^3*s*s23*SUNN^2 - 2*Q^4*(omega - s)*s23^2*SUNN^2 - 5*Q^2*(omega - s)^2*s23^2*SUNN^2 - 3*(omega - s)^3*s23^2*SUNN^2 - Q^2*(omega - s)*s*s23^2*SUNN^2 - 2*(omega - s)^2*s*s23^2*SUNN^2 + 2*Q^4*s23^3*SUNN^2 + 3*Q^2*(omega - s)*s23^3*SUNN^2 + (omega - s)^2*s23^3*SUNN^2 + Q^2*s*s23^3*SUNN^2 + (omega - s)*s*s23^3*SUNN^2)*(Pi/(4*(omega - s)*(omega + Q^2 - s23)) + (-(EulerGamma*Pi) - Pi*Log[Pi] - Pi*Log[s23] + Pi*Log[((omega + 2*Q^2)^2*(omega - s - s23)^2*(1 - Sqrt[((omega - s)^2 + 2*(omega - s)*s + s^2 + 4*Q^2*s23)/(omega + 2*Q^2)^2])*(1 + Sqrt[((omega - s)^2 + 2*(omega - s)*s + s^2 + 4*Q^2*s23)/(omega + 2*Q^2)^2]))/(4*(omega - s)^2*(omega + Q^2 - s23)^2)])/(4*(omega - s)*(omega + Q^2 - s23))))/((omega + 2*Q^2)*(omega - s)*(omega + Q^2 - s)*(omega - s - s23)*SUNN) + (32*alphaS^2*chargeSum*Pi^2*s*(omega + Q^2 - s23)*(-(Q^2*s^2) - (omega - s)*s^2 - s^3 + 2*Q^4*s23 + Q^2*(omega - s)*s23 + 4*Q^2*s*s23 + 2*(omega - s)*s*s23 + 3*s^2*s23 - s*s23^2 + 2*Q^4*s*SUNN^2 + Q^2*(omega - s)*s*SUNN^2 + 5*Q^2*s^2*SUNN^2 + 2*(omega - s)*s^2*SUNN^2 + 3*s^3*SUNN^2 - 2*Q^4*s23*SUNN^2 - Q^2*(omega - s)*s23*SUNN^2 - 5*Q^2*s*s23*SUNN^2 - 2*(omega - s)*s*s23*SUNN^2 - 4*s^2*s23*SUNN^2 + s*s23^2*SUNN^2)*(-1/2*Pi/(s*(omega + Q^2 - s23)) - (-(EulerGamma*Pi) - Pi*Log[Pi] - Pi*Log[s23] + Pi*Log[((omega + 2*Q^2)^2*(s - s23)^2*(1 - Sqrt[((omega - s)^2 + 2*(omega - s)*s + s^2 + 4*Q^2*s23)/(omega + 2*Q^2)^2])*(1 + Sqrt[((omega - s)^2 + 2*(omega - s)*s + s^2 + 4*Q^2*s23)/(omega + 2*Q^2)^2]))/(4*s^2*(omega + Q^2 - s23)^2)])/(2*s*(omega + Q^2 - s23))))/((omega + 2*Q^2)*(Q^2 + s)*(s - s23)*SUNN) + (32*alphaS^2*chargeSum*Pi^2*s*(Q^2*s - 2*Q^2*s23 - (omega - s)*s23)*(2*Q^4 + 3*Q^2*(omega - s) + (omega - s)^2 + (omega - s)*s + Q^2*s23 - s*s23 + s23^2)*(-omega - Q^2 + s23 + s*SUNN^2 - s23*SUNN^2)*(-1/2*Pi/(Q^2*s - 2*Q^2*s23 - (omega - s)*s23) - (-(EulerGamma*Pi) - Pi*Log[Pi] - Pi*Log[s23] + Pi*Log[((omega + 2*Q^2)^2*(s - s23)^2*(1 - Sqrt[((omega - s)^2 + 2*(omega - s)*s + s^2 + 4*Q^2*s23)/(omega + 2*Q^2)^2])*(1 + Sqrt[((omega - s)^2 + 2*(omega - s)*s + s^2 + 4*Q^2*s23)/(omega + 2*Q^2)^2]))/(4*(Q^2*s - 2*Q^2*s23 - (omega - s)*s23)^2)])/(2*(Q^2*s - 2*Q^2*s23 - (omega - s)*s23))))/((omega + 2*Q^2)*(omega + Q^2 - s)*(omega + Q^2 - s23)*(s - s23)*SUNN) + (Q^2*(omega - s) - 2*Q^2*s23 - s*s23)^2*(-omega - Q^2 + s23 + (omega - s)*SUNN^2 - s23*SUNN^2)*((-16*alphaS^2*chargeSum*Pi^3)/((omega + 2*Q^2)*(Q^2 + s)*(omega - s - s23)*(Q^2*(omega - s) - 2*Q^2*s23 - s*s23)*SUNN) + (16*alphaS^2*chargeSum*Pi^2*(2*(omega - s) - 2*s23)*(Pi/(2*(Q^2*(omega - s) - 2*Q^2*s23 - s*s23)) + (-(EulerGamma*Pi) - Pi*Log[Pi] - Pi*Log[s23] + Pi*Log[((omega + 2*Q^2)^2*(omega - s - s23)^2*(1 - Sqrt[((omega - s)^2 + 2*(omega - s)*s + s^2 + 4*Q^2*s23)/(omega + 2*Q^2)^2])*(1 + Sqrt[((omega - s)^2 + 2*(omega - s)*s + s^2 + 4*Q^2*s23)/(omega + 2*Q^2)^2]))/(4*(Q^2*(omega - s) - 2*Q^2*s23 - s*s23)^2)])/(2*(Q^2*(omega - s) - 2*Q^2*s23 - s*s23))))/((omega + 2*Q^2)*(Q^2 + s)*(omega + Q^2 - s23)*(omega - s - s23)*SUNN)))/(64*Pi^6)))/(Q^2 + s)^2)/(2*Q^2)], 8]
"PASS: ""bounded final comparison capture"
"PASS: ""exact captured final comparison reload"
"PASS: exact Hgg final comparison captured"
