MONITOR_START job=14689599 host=n6442 kernel_pid=203233
"PASS: ""complete evaluated angular masters exist"
"PASS: ""S05 source identity"
"PASS: ""S06 source identity"
"PASS: ""dilogarithm inversion follows from derivative and anchor"
"PASS: ""regulated endpoint integral evaluated"
"Parallel budget inputs: "InputForm[{8, 1, Infinity}]
"PASS: ""angular workers share compute node and runtime"
"Angular worker count = "8
"From remote kernel:"
"\"RealQGG_Charge0__Pg\"\" real term \"8\"/\"88\"; memory = \"44474992\n"
"From remote kernel:"
"\"RealQGG_Charge0__Pg\"\" real term \"6\"/\"88\"; memory = \"44473248\n"
"From remote kernel:"
"\"RealQGG_Charge0__Pg\"\" real term \"2\"/\"88\"; memory = \"44475184\n"
"From remote kernel:"
"\"RealQGG_Charge0__Pg\"\" real term \"5\"/\"88\"; memory = \"44474856\n"
"From remote kernel:"
"\"RealQGG_Charge0__Pg\"\" real term \"7\"/\"88\"; memory = \"44473872\n"
"From remote kernel:"
"\"RealQGG_Charge0__Pg\"\" real term \"3\"/\"88\"; memory = \"44475056\n"
"From remote kernel:"
"\"RealQGG_Charge0__Pg\"\" real term \"1\"/\"88\"; memory = \"44474840\n"
"From remote kernel:"
"\"RealQGG_Charge0__Pg\"\" real term \"4\"/\"88\"; memory = \"44473376\n"
"From remote kernel:"
"\"PASS: \"\"ordinary real term is fully evaluated\"\n"
"From remote kernel:"
"\"PASS: \"\"ordinary real term is fully evaluated\"\n"
"From remote kernel:"
"\"PASS: \"\"endpoint valuation is rational\"\n"
"From remote kernel:"
"\"PASS: \"\"ordinary real term is fully evaluated\"\n"
"From remote kernel:"
"\"PASS: \"\"ordinary real term is fully evaluated\"\n"
"From remote kernel:"
"\"PASS: \"\"ordinary real term is fully evaluated\"\n"
"From remote kernel:"
"\"PASS: \"\"endpoint valuation is rational\"\n"
"From remote kernel:"
"\"PASS: \"\"ordinary real term is fully evaluated\"\n"
"From remote kernel:"
"\"PASS: \"\"endpoint valuation is rational\"\n"
"From remote kernel:"
"\"PASS: \"\"endpoint valuation is rational\"\n"
"From remote kernel:"
"\"PASS: \"\"ordinary real term is fully evaluated\"\n"
"From remote kernel:"
"\"PASS: \"\"soft expansion is a Laurent series\"\n"
"From remote kernel:"
"\"PASS: \"\"endpoint valuation is rational\"\n"
"From remote kernel:"
"\"PASS: \"\"soft series covers the requested pole order\"\n"
"From remote kernel:"
"\"PASS: \"\"ordinary real term is fully evaluated\"\n"
"From remote kernel:"
"\"PASS: \"\"endpoint valuation is rational\"\n"
"From remote kernel:"
"\"PASS: \"\"soft expansion is a Laurent series\"\n"
"From remote kernel:"
"\"PASS: \"\"endpoint valuation is rational\"\n"
"From remote kernel:"
"\"PASS: \"\"soft series covers the requested pole order\"\n"
"From remote kernel:"
"\"PASS: \"\"soft expansion is a Laurent series\"\n"
"From remote kernel:"
"\"PASS: \"\"soft expansion is a Laurent series\"\n"
"From remote kernel:"
"\"PASS: \"\"endpoint valuation is rational\"\n"
"From remote kernel:"
"\"PASS: \"\"soft expansion is a Laurent series\"\n"
"From remote kernel:"
"\"PASS: \"\"soft series covers the requested pole order\"\n"
"From remote kernel:"
"\"PASS: \"\"soft series covers the requested pole order\"\n"
"From remote kernel:"
"\"PASS: \"\"soft series covers the requested pole order\"\n"
"From remote kernel:"
"\"PASS: \"\"soft expansion is a Laurent series\"\n"
"From remote kernel:"
"\"PASS: \"\"soft series covers the requested pole order\"\n"
"From remote kernel:"
"\"PASS: \"\"soft expansion is a Laurent series\"\n"
"From remote kernel:"
"\"PASS: \"\"soft expansion is a Laurent series\"\n"
"From remote kernel:"
"\"PASS: \"\"soft series covers the requested pole order\"\n"
"From remote kernel:"
"\"PASS: \"\"soft series covers the requested pole order\"\n"
"From remote kernel:"
"\"PASS: \"\"soft coefficients contain no recoil variable\"\n"
"From remote kernel:"
"\"PASS: \"\"soft coefficients contain no recoil variable\"\n"
"From remote kernel:"
"\"PASS: \"\"endpoint valuation is rational\"\n"
"From remote kernel:"
"\"PASS: \"\"soft coefficients contain no recoil variable\"\n"
"From remote kernel:"
"\"PASS: \"\"soft coefficients contain no recoil variable\"\n"
"From remote kernel:"
"\"PASS: \"\"soft coefficients contain no recoil variable\"\n"
"From remote kernel:"
"\"PASS: \"\"endpoint valuation is rational\"\n"
"From remote kernel:"
"\"PASS: \"\"soft expansion is a Laurent series\"\n"
"From remote kernel:"
"\"PASS: \"\"endpoint valuation is rational\"\n"
"From remote kernel:"
"\"PASS: \"\"endpoint valuation is rational\"\n"
"From remote kernel:"
"\"PASS: \"\"soft series covers the requested pole order\"\n"
"From remote kernel:"
"\"PASS: \"\"soft expansion is a Laurent series\"\n"
"From remote kernel:"
"\"PASS: \"\"soft expansion is a Laurent series\"\n"
"From remote kernel:"
"\"PASS: \"\"soft expansion is a Laurent series\"\n"
"From remote kernel:"
"\"PASS: \"\"soft series covers the requested pole order\"\n"
"From remote kernel:"
"\"PASS: \"\"soft series covers the requested pole order\"\n"
"From remote kernel:"
"\"PASS: \"\"soft series covers the requested pole order\"\n"
"From remote kernel:"
"\"PASS: \"\"endpoint valuation is rational\"\n"
"From remote kernel:"
"\"PASS: \"\"soft coefficients contain no recoil variable\"\n"
"From remote kernel:"
"\"PASS: \"\"soft expansion is a Laurent series\"\n"
"From remote kernel:"
"\"PASS: \"\"endpoint valuation is rational\"\n"
"From remote kernel:"
"\"PASS: \"\"soft series covers the requested pole order\"\n"
"From remote kernel:"
"\"PASS: \"\"soft coefficients contain no recoil variable\"\n"
"From remote kernel:"
"\"PASS: \"\"soft expansion is a Laurent series\"\n"
"From remote kernel:"
"\"PASS: \"\"soft coefficients contain no recoil variable\"\n"
"From remote kernel:"
"\"PASS: \"\"soft coefficients contain no recoil variable\"\n"
"From remote kernel:"
"\"PASS: \"\"soft series covers the requested pole order\"\n"
"From remote kernel:"
"\"PASS: \"\"soft coefficients contain no recoil variable\"\n"
"From remote kernel:"
"\"RealQGG_Charge0__Pg\"\" real term \"9\"/\"88\"; memory = \"59499344\n"
"From remote kernel:"
"\"RealQGG_Charge0__Pg\"\" real term \"10\"/\"88\"; memory = \"58910280\n"
"From remote kernel:"
"\"RealQGG_Charge0__Pg\"\" real term \"11\"/\"88\"; memory = \"59043936\n"
"From remote kernel:"
"\"RealQGG_Charge0__Pg\"\" real term \"12\"/\"88\"; memory = \"59332896\n"
"From remote kernel:"
"\"PASS: \"\"ordinary real term is fully evaluated\"\n"
"From remote kernel:"
"\"PASS: \"\"soft coefficients contain no recoil variable\"\n"
"From remote kernel:"
"\"PASS: \"\"endpoint valuation is rational\"\n"
"From remote kernel:"
"\"PASS: \"\"ordinary real term is fully evaluated\"\n"
"From remote kernel:"
"\"PASS: \"\"soft expansion is a Laurent series\"\n"
"From remote kernel:"
"\"PASS: \"\"soft series covers the requested pole order\"\n"
"From remote kernel:"
"\"PASS: \"\"soft coefficients contain no recoil variable\"\n"
"From remote kernel:"
"\"PASS: \"\"soft coefficients contain no recoil variable\"\n"
"From remote kernel:"
"\"RealQGG_Charge0__Pg\"\" real term \"13\"/\"88\"; memory = \"59867784\n"
"From remote kernel:"
"\"PASS: \"\"soft coefficients contain no recoil variable\"\n"
"From remote kernel:"
"\"PASS: \"\"endpoint valuation is rational\"\n"
"From remote kernel:"
"\"PASS: \"\"ordinary real term is fully evaluated\"\n"
"From remote kernel:"
"\"PASS: \"\"endpoint valuation is rational\"\n"
"From remote kernel:"
"\"RealQGG_Charge0__Pg\"\" real term \"14\"/\"88\"; memory = \"59013208\n"
"From remote kernel:"
"\"PASS: \"\"endpoint valuation is rational\"\n"
"From remote kernel:"
"\"PASS: \"\"ordinary real term is fully evaluated\"\n"
"From remote kernel:"
"\"PASS: \"\"soft expansion is a Laurent series\"\n"
"From remote kernel:"
"\"PASS: \"\"endpoint valuation is rational\"\n"
"From remote kernel:"
"\"PASS: \"\"ordinary real term is fully evaluated\"\n"
"From remote kernel:"
"\"PASS: \"\"soft expansion is a Laurent series\"\n"
"From remote kernel:"
"\"PASS: \"\"soft series covers the requested pole order\"\n"
"From remote kernel:"
"\"PASS: \"\"soft expansion is a Laurent series\"\n"
"From remote kernel:"
"\"PASS: \"\"soft expansion is a Laurent series\"\n"
"From remote kernel:"
"\"PASS: \"\"soft series covers the requested pole order\"\n"
"From remote kernel:"
"\"PASS: \"\"endpoint valuation is rational\"\n"
"From remote kernel:"
"\"PASS: \"\"soft series covers the requested pole order\"\n"
"From remote kernel:"
"\"PASS: \"\"soft series covers the requested pole order\"\n"
"From remote kernel:"
"\"PASS: \"\"ordinary real term is fully evaluated\"\n"
"From remote kernel:"
"\"PASS: \"\"endpoint valuation is rational\"\n"
"From remote kernel:"
"\"PASS: \"\"soft expansion is a Laurent series\"\n"
"From remote kernel:"
"\"PASS: \"\"soft series covers the requested pole order\"\n"
"From remote kernel:"
"\"PASS: \"\"soft expansion is a Laurent series\"\n"
"From remote kernel:"
"\"PASS: \"\"soft coefficients contain no recoil variable\"\n"
"From remote kernel:"
"\"PASS: \"\"soft series covers the requested pole order\"\n"
"From remote kernel:"
"\"PASS: \"\"endpoint valuation is rational\"\n"
"From remote kernel:"
"\"PASS: \"\"endpoint valuation is rational\"\n"
"From remote kernel:"
"\"PASS: \"\"soft coefficients contain no recoil variable\"\n"
"From remote kernel:"
"\"PASS: \"\"soft expansion is a Laurent series\"\n"
"From remote kernel:"
"\"PASS: \"\"endpoint valuation is rational\"\n"
"From remote kernel:"
"\"PASS: \"\"soft series covers the requested pole order\"\n"
"From remote kernel:"
"\"PASS: \"\"soft expansion is a Laurent series\"\n"
"From remote kernel:"
"\"PASS: \"\"soft coefficients contain no recoil variable\"\n"
"From remote kernel:"
"\"PASS: \"\"soft series covers the requested pole order\"\n"
"From remote kernel:"
"\"PASS: \"\"soft expansion is a Laurent series\"\n"
"From remote kernel:"
"\"PASS: \"\"endpoint valuation is rational\"\n"
"From remote kernel:"
"\"PASS: \"\"soft series covers the requested pole order\"\n"
"From remote kernel:"
"\"PASS: \"\"soft coefficients contain no recoil variable\"\n"
"From remote kernel:"
"\"PASS: \"\"soft coefficients contain no recoil variable\"\n"
"From remote kernel:"
"\"PASS: \"\"soft coefficients contain no recoil variable\"\n"
"From remote kernel:"
"\"PASS: \"\"soft coefficients contain no recoil variable\"\n"
"From remote kernel:"
"\"RealQGG_Charge0__Pg\"\" real term \"15\"/\"88\"; memory = \"61169632\n"
"From remote kernel:"
"\"PASS: \"\"soft expansion is a Laurent series\"\n"
"From remote kernel:"
"\"RealQGG_Charge0__Pg\"\" real term \"16\"/\"88\"; memory = \"60940904\n"
"From remote kernel:"
"\"PASS: \"\"endpoint valuation is rational\"\n"
"From remote kernel:"
"\"PASS: \"\"soft series covers the requested pole order\"\n"
"From remote kernel:"
"\"PASS: \"\"soft coefficients contain no recoil variable\"\n"
"From remote kernel:"
"\"PASS: \"\"endpoint valuation is rational\"\n"
"From remote kernel:"
"\"PASS: \"\"soft expansion is a Laurent series\"\n"
"From remote kernel:"
"\"RealQGG_Charge0__Pg\"\" real term \"17\"/\"88\"; memory = \"60241272\n"
"From remote kernel:"
"\"PASS: \"\"soft coefficients contain no recoil variable\"\n"
"From remote kernel:"
"\"PASS: \"\"soft series covers the requested pole order\"\n"
"From remote kernel:"
"\"RealQGG_Charge0__Pg\"\" real term \"18\"/\"88\"; memory = \"61064008\n"
"From remote kernel:"
"\"PASS: \"\"soft coefficients contain no recoil variable\"\n"
"From remote kernel:"
"\"PASS: \"\"soft expansion is a Laurent series\"\n"
"From remote kernel:"
"\"PASS: \"\"ordinary real term is fully evaluated\"\n"
"From remote kernel:"
"\"PASS: \"\"ordinary real term is fully evaluated\"\n"
"From remote kernel:"
"\"PASS: \"\"soft series covers the requested pole order\"\n"
"From remote kernel:"
"\"PASS: \"\"ordinary real term is fully evaluated\"\n"
"From remote kernel:"
"\"PASS: \"\"endpoint valuation is rational\"\n"
"From remote kernel:"
"\"RealQGG_Charge0__Pg\"\" real term \"19\"/\"88\"; memory = \"57624544\n"
"From remote kernel:"
"\"PASS: \"\"soft expansion is a Laurent series\"\n"
"From remote kernel:"
"\"PASS: \"\"soft coefficients contain no recoil variable\"\n"
"From remote kernel:"
"\"PASS: \"\"soft series covers the requested pole order\"\n"
"From remote kernel:"
"\"PASS: \"\"endpoint valuation is rational\"\n"
"From remote kernel:"
"\"RealQGG_Charge0__Pg\"\" real term \"20\"/\"88\"; memory = \"60990736\n"
"From remote kernel:"
"\"PASS: \"\"ordinary real term is fully evaluated\"\n"
"From remote kernel:"
"\"PASS: \"\"soft coefficients contain no recoil variable\"\n"
"From remote kernel:"
"\"PASS: \"\"endpoint valuation is rational\"\n"
"From remote kernel:"
"\"PASS: \"\"endpoint valuation is rational\"\n"
"From remote kernel:"
"\"PASS: \"\"soft expansion is a Laurent series\"\n"
"From remote kernel:"
"\"PASS: \"\"soft expansion is a Laurent series\"\n"
"From remote kernel:"
"\"RealQGG_Charge0__Pg\"\" real term \"21\"/\"88\"; memory = \"62521024\n"
"From remote kernel:"
"\"PASS: \"\"soft series covers the requested pole order\"\n"
"From remote kernel:"
"\"PASS: \"\"soft series covers the requested pole order\"\n"
"From remote kernel:"
"\"PASS: \"\"soft expansion is a Laurent series\"\n"
"From remote kernel:"
"\"PASS: \"\"soft coefficients contain no recoil variable\"\n"
"From remote kernel:"
"\"PASS: \"\"soft series covers the requested pole order\"\n"
"From remote kernel:"
"\"PASS: \"\"ordinary real term is fully evaluated\"\n"
"From remote kernel:"
"\"PASS: \"\"ordinary real term is fully evaluated\"\n"
"From remote kernel:"
"\"PASS: \"\"endpoint valuation is rational\"\n"
"From remote kernel:"
"\"PASS: \"\"soft coefficients contain no recoil variable\"\n"
"From remote kernel:"
"\"PASS: \"\"ordinary real term is fully evaluated\"\n"
"From remote kernel:"
"\"PASS: \"\"soft expansion is a Laurent series\"\n"
"From remote kernel:"
"\"PASS: \"\"endpoint valuation is rational\"\n"
"From remote kernel:"
"\"PASS: \"\"soft series covers the requested pole order\"\n"
"From remote kernel:"
"\"PASS: \"\"soft coefficients contain no recoil variable\"\n"
"From remote kernel:"
"\"PASS: \"\"soft coefficients contain no recoil variable\"\n"
"From remote kernel:"
"\"PASS: \"\"endpoint valuation is rational\"\n"
"From remote kernel:"
"\"PASS: \"\"endpoint valuation is rational\"\n"
"From remote kernel:"
"\"PASS: \"\"endpoint valuation is rational\"\n"
"From remote kernel:"
"\"PASS: \"\"endpoint valuation is rational\"\n"
"From remote kernel:"
"\"PASS: \"\"soft expansion is a Laurent series\"\n"
"From remote kernel:"
"\"PASS: \"\"soft expansion is a Laurent series\"\n"
"From remote kernel:"
"\"PASS: \"\"soft series covers the requested pole order\"\n"
"From remote kernel:"
"\"PASS: \"\"soft series covers the requested pole order\"\n"
"From remote kernel:"
"\"PASS: \"\"endpoint valuation is rational\"\n"
"From remote kernel:"
"\"PASS: \"\"soft expansion is a Laurent series\"\n"
"From remote kernel:"
"\"PASS: \"\"soft expansion is a Laurent series\"\n"
"From remote kernel:"
"\"PASS: \"\"soft series covers the requested pole order\"\n"
"From remote kernel:"
"\"PASS: \"\"soft coefficients contain no recoil variable\"\n"
"From remote kernel:"
"\"PASS: \"\"soft series covers the requested pole order\"\n"
"From remote kernel:"
"\"PASS: \"\"soft coefficients contain no recoil variable\"\n"
"From remote kernel:"
"\"PASS: \"\"endpoint valuation is rational\"\n"
"From remote kernel:"
"\"PASS: \"\"soft expansion is a Laurent series\"\n"
"From remote kernel:"
"\"PASS: \"\"soft expansion is a Laurent series\"\n"
"From remote kernel:"
"\"PASS: \"\"soft expansion is a Laurent series\"\n"
"From remote kernel:"
"\"PASS: \"\"soft series covers the requested pole order\"\n"
"From remote kernel:"
"\"RealQGG_Charge0__Pg\"\" real term \"22\"/\"88\"; memory = \"64153144\n"
"From remote kernel:"
"\"PASS: \"\"soft series covers the requested pole order\"\n"
"From remote kernel:"
"\"PASS: \"\"soft series covers the requested pole order\"\n"
"From remote kernel:"
"\"PASS: \"\"soft coefficients contain no recoil variable\"\n"
"From remote kernel:"
"\"RealQGG_Charge0__Pg\"\" real term \"23\"/\"88\"; memory = \"65739200\n"
"From remote kernel:"
"\"PASS: \"\"soft coefficients contain no recoil variable\"\n"
"From remote kernel:"
"\"PASS: \"\"ordinary real term is fully evaluated\"\n"
"From remote kernel:"
"\"PASS: \"\"soft coefficients contain no recoil variable\"\n"
"From remote kernel:"
"\"PASS: \"\"endpoint valuation is rational\"\n"
"From remote kernel:"
"\"RealQGG_Charge0__Pg\"\" real term \"24\"/\"88\"; memory = \"63336488\n"
"From remote kernel:"
"\"PASS: \"\"soft expansion is a Laurent series\"\n"
"From remote kernel:"
"\"PASS: \"\"endpoint valuation is rational\"\n"
"From remote kernel:"
"\"PASS: \"\"soft series covers the requested pole order\"\n"
"From remote kernel:"
"\"PASS: \"\"ordinary real term is fully evaluated\"\n"
"From remote kernel:"
"\"PASS: \"\"endpoint valuation is rational\"\n"
"From remote kernel:"
"\"PASS: \"\"soft coefficients contain no recoil variable\"\n"
"From remote kernel:"
"\"PASS: \"\"soft expansion is a Laurent series\"\n"
"From remote kernel:"
"\"PASS: \"\"soft expansion is a Laurent series\"\n"
"From remote kernel:"
"\"PASS: \"\"soft coefficients contain no recoil variable\"\n"
"From remote kernel:"
"\"PASS: \"\"soft series covers the requested pole order\"\n"
"From remote kernel:"
"\"PASS: \"\"soft series covers the requested pole order\"\n"
"From remote kernel:"
"\"PASS: \"\"soft coefficients contain no recoil variable\"\n"
"From remote kernel:"
"\"PASS: \"\"soft coefficients contain no recoil variable\"\n"
"From remote kernel:"
"\"PASS: \"\"ordinary real term is fully evaluated\"\n"
"From remote kernel:"
"\"RealQGG_Charge0__Pg\"\" real term \"25\"/\"88\"; memory = \"66770168\n"
"From remote kernel:"
"\"RealQGG_Charge0__Pg\"\" real term \"26\"/\"88\"; memory = \"60342840\n"
"From remote kernel:"
"\"PASS: \"\"endpoint valuation is rational\"\n"
"From remote kernel:"
"\"PASS: \"\"soft coefficients contain no recoil variable\"\n"
"From remote kernel:"
"\"PASS: \"\"endpoint valuation is rational\"\n"
"From remote kernel:"
"\"PASS: \"\"ordinary real term is fully evaluated\"\n"
"From remote kernel:"
"\"PASS: \"\"ordinary real term is fully evaluated\"\n"
"From remote kernel:"
"\"PASS: \"\"endpoint valuation is rational\"\n"
"From remote kernel:"
"\"PASS: \"\"endpoint valuation is rational\"\n"
"From remote kernel:"
"\"PASS: \"\"soft expansion is a Laurent series\"\n"
"From remote kernel:"
"\"PASS: \"\"soft coefficients contain no recoil variable\"\n"
"From remote kernel:"
"\"PASS: \"\"soft expansion is a Laurent series\"\n"
"From remote kernel:"
"\"PASS: \"\"soft series covers the requested pole order\"\n"
"From remote kernel:"
"\"PASS: \"\"endpoint valuation is rational\"\n"
"From remote kernel:"
"\"PASS: \"\"soft series covers the requested pole order\"\n"
"From remote kernel:"
"\"PASS: \"\"soft expansion is a Laurent series\"\n"
"From remote kernel:"
"\"PASS: \"\"endpoint valuation is rational\"\n"
"From remote kernel:"
"\"PASS: \"\"soft series covers the requested pole order\"\n"
"From remote kernel:"
"\"PASS: \"\"soft expansion is a Laurent series\"\n"
"From remote kernel:"
"\"PASS: \"\"soft expansion is a Laurent series\"\n"
"From remote kernel:"
"\"PASS: \"\"soft series covers the requested pole order\"\n"
"From remote kernel:"
"\"PASS: \"\"soft series covers the requested pole order\"\n"
"From remote kernel:"
"\"PASS: \"\"soft coefficients contain no recoil variable\"\n"
"From remote kernel:"
"\"PASS: \"\"endpoint valuation is rational\"\n"
"From remote kernel:"
"\"RealQGG_Charge0__Pg\"\" real term \"27\"/\"88\"; memory = \"67177120\n"
"From remote kernel:"
"\"PASS: \"\"massless soft argument is a hypergeometric endpoint\"\n"
"From remote kernel:"
"\"PASS: \"\"soft expansion is a Laurent series\"\n"
"From remote kernel:"
"\"PASS: \"\"ordinary real term is fully evaluated\"\n"
"From remote kernel:"
"\"PASS: \"\"soft coefficients contain no recoil variable\"\n"
"From remote kernel:"
"\"PASS: \"\"endpoint valuation is rational\"\n"
"From remote kernel:"
"\"PASS: \"\"soft series covers the requested pole order\"\n"
"From remote kernel:"
"\"PASS: \"\"endpoint valuation is rational\"\n"
"From remote kernel:"
"\"PASS: \"\"soft expansion is a Laurent series\"\n"
"From remote kernel:"
"\"RealQGG_Charge0__Pg\"\" real term \"28\"/\"88\"; memory = \"64355080\n"
"From remote kernel:"
"\"PASS: \"\"soft series covers the requested pole order\"\n"
"From remote kernel:"
"\"PASS: \"\"ordinary real term is fully evaluated\"\n"
"From remote kernel:"
"\"PASS: \"\"soft coefficients contain no recoil variable\"\n"
"From remote kernel:"
"\"PASS: \"\"soft coefficients contain no recoil variable\"\n"
"From remote kernel:"
"\"PASS: \"\"endpoint valuation is rational\"\n"
"From remote kernel:"
"\"PASS: \"\"soft expansion is a Laurent series\"\n"
"From remote kernel:"
"\"PASS: \"\"endpoint valuation is rational\"\n"
"From remote kernel:"
"\"PASS: \"\"soft series covers the requested pole order\"\n"
"From remote kernel:"
"\"RealQGG_Charge0__Pg\"\" real term \"29\"/\"88\"; memory = \"57694664\n"
"From remote kernel:"
"\"PASS: \"\"soft expansion is a Laurent series\"\n"
"From remote kernel:"
"\"PASS: \"\"soft expansion is a Laurent series\"\n"
"From remote kernel:"
"\"PASS: \"\"soft series covers the requested pole order\"\n"
"From remote kernel:"
"\"PASS: \"\"soft series covers the requested pole order\"\n"
"From remote kernel:"
"\"PASS: \"\"soft coefficients contain no recoil variable\"\n"
"From remote kernel:"
"\"PASS: \"\"soft coefficients contain no recoil variable\"\n"
"From remote kernel:"
"\"PASS: \"\"endpoint valuation is rational\"\n"
"From remote kernel:"
"\"PASS: \"\"soft coefficients contain no recoil variable\"\n"
"From remote kernel:"
"\"PASS: \"\"endpoint valuation is rational\"\n"
"From remote kernel:"
"\"PASS: \"\"soft coefficients contain no recoil variable\"\n"
"From remote kernel:"
"\"RealQGG_Charge0__Pg\"\" real term \"30\"/\"88\"; memory = \"68340672\n"
"From remote kernel:"
"\"PASS: \"\"soft expansion is a Laurent series\"\n"
"From remote kernel:"
"\"PASS: \"\"ordinary real term is fully evaluated\"\n"
"From remote kernel:"
"\"PASS: \"\"soft series covers the requested pole order\"\n"
"From remote kernel:"
"\"PASS: \"\"soft expansion is a Laurent series\"\n"
"From remote kernel:"
"\"PASS: \"\"soft series covers the requested pole order\"\n"
"From remote kernel:"
"\"RealQGG_Charge0__Pg\"\" real term \"31\"/\"88\"; memory = \"61809488\n"
"From remote kernel:"
"\"PASS: \"\"ordinary real term is fully evaluated\"\n"
"From remote kernel:"
"\"PASS: \"\"ordinary real term is fully evaluated\"\n"
"From remote kernel:"
"\"PASS: \"\"endpoint valuation is rational\"\n"
"From remote kernel:"
"\"PASS: \"\"endpoint valuation is rational\"\n"
"From remote kernel:"
"\"PASS: \"\"endpoint valuation is rational\"\n"
"From remote kernel:"
"\"PASS: \"\"soft coefficients contain no recoil variable\"\n"
"From remote kernel:"
"\"PASS: \"\"soft coefficients contain no recoil variable\"\n"
"From remote kernel:"
"\"PASS: \"\"soft expansion is a Laurent series\"\n"
"From remote kernel:"
"\"PASS: \"\"soft expansion is a Laurent series\"\n"
"From remote kernel:"
"\"PASS: \"\"soft expansion is a Laurent series\"\n"
"From remote kernel:"
"\"PASS: \"\"soft coefficients contain no recoil variable\"\n"
"From remote kernel:"
"\"PASS: \"\"endpoint valuation is rational\"\n"
"From remote kernel:"
"\"PASS: \"\"soft series covers the requested pole order\"\n"
"From remote kernel:"
"\"PASS: \"\"soft series covers the requested pole order\"\n"
"From remote kernel:"
"\"PASS: \"\"soft series covers the requested pole order\"\n"
"From remote kernel:"
"\"RealQGG_Charge0__Pg\"\" real term \"32\"/\"88\"; memory = \"69511784\n"
"From remote kernel:"
"\"RealQGG_Charge0__Pg\"\" real term \"33\"/\"88\"; memory = \"68412752\n"
"From remote kernel:"
"\"PASS: \"\"soft expansion is a Laurent series\"\n"
"From remote kernel:"
"\"PASS: \"\"soft series covers the requested pole order\"\n"
"From remote kernel:"
"\"PASS: \"\"ordinary real term is fully evaluated\"\n"
"From remote kernel:"
"\"PASS: \"\"ordinary real term is fully evaluated\"\n"
"From remote kernel:"
"\"PASS: \"\"soft coefficients contain no recoil variable\"\n"
"From remote kernel:"
"\"PASS: \"\"soft coefficients contain no recoil variable\"\n"
"From remote kernel:"
"\"PASS: \"\"endpoint valuation is rational\"\n"
"From remote kernel:"
"\"PASS: \"\"soft coefficients contain no recoil variable\"\n"
"From remote kernel:"
"\"PASS: \"\"endpoint valuation is rational\"\n"
"From remote kernel:"
"\"PASS: \"\"endpoint valuation is rational\"\n"
"From remote kernel:"
"\"PASS: \"\"soft coefficients contain no recoil variable\"\n"
"From remote kernel:"
"\"PASS: \"\"endpoint valuation is rational\"\n"
"From remote kernel:"
"\"RealQGG_Charge0__Pg\"\" real term \"34\"/\"88\"; memory = \"65951824\n"
"From remote kernel:"
"\"PASS: \"\"soft expansion is a Laurent series\"\n"
"From remote kernel:"
"\"PASS: \"\"soft series covers the requested pole order\"\n"
"From remote kernel:"
"\"PASS: \"\"soft expansion is a Laurent series\"\n"
"From remote kernel:"
"\"PASS: \"\"soft expansion is a Laurent series\"\n"
"From remote kernel:"
"\"RealQGG_Charge0__Pg\"\" real term \"35\"/\"88\"; memory = \"69046304\n"
"From remote kernel:"
"\"PASS: \"\"soft coefficients contain no recoil variable\"\n"
"From remote kernel:"
"\"PASS: \"\"soft series covers the requested pole order\"\n"
"From remote kernel:"
"\"PASS: \"\"soft series covers the requested pole order\"\n"
"From remote kernel:"
"\"PASS: \"\"ordinary real term is fully evaluated\"\n"
"From remote kernel:"
"\"PASS: \"\"endpoint valuation is rational\"\n"
"From remote kernel:"
"\"PASS: \"\"soft expansion is a Laurent series\"\n"
"From remote kernel:"
"\"PASS: \"\"soft expansion is a Laurent series\"\n"
"From remote kernel:"
"\"PASS: \"\"soft series covers the requested pole order\"\n"
"From remote kernel:"
"\"PASS: \"\"soft series covers the requested pole order\"\n"
"From remote kernel:"
"\"PASS: \"\"soft coefficients contain no recoil variable\"\n"
"From remote kernel:"
"\"PASS: \"\"soft coefficients contain no recoil variable\"\n"
"From remote kernel:"
"\"PASS: \"\"soft coefficients contain no recoil variable\"\n"
"From remote kernel:"
"\"RealQGG_Charge0__Pg\"\" real term \"36\"/\"88\"; memory = \"63613224\n"
"From remote kernel:"
"\"PASS: \"\"soft coefficients contain no recoil variable\"\n"
"From remote kernel:"
"\"PASS: \"\"ordinary real term is fully evaluated\"\n"
"From remote kernel:"
"\"PASS: \"\"ordinary real term is fully evaluated\"\n"
"From remote kernel:"
"\"PASS: \"\"endpoint valuation is rational\"\n"
"From remote kernel:"
"\"PASS: \"\"soft coefficients contain no recoil variable\"\n"
"From remote kernel:"
"\"PASS: \"\"endpoint valuation is rational\"\n"
"From remote kernel:"
"\"RealQGG_Charge0__Pg\"\" real term \"37\"/\"88\"; memory = \"57802888\n"
"From remote kernel:"
"\"PASS: \"\"endpoint valuation is rational\"\n"
"From remote kernel:"
"\"PASS: \"\"soft expansion is a Laurent series\"\n"
"From remote kernel:"
"\"PASS: \"\"soft coefficients contain no recoil variable\"\n"
"From remote kernel:"
"\"PASS: \"\"endpoint valuation is rational\"\n"
"From remote kernel:"
"\"PASS: \"\"massless soft argument is a hypergeometric endpoint\"\n"
"From remote kernel:"
"\"PASS: \"\"soft series covers the requested pole order\"\n"
"From remote kernel:"
"\"PASS: \"\"soft expansion is a Laurent series\"\n"
"From remote kernel:"
"\"PASS: \"\"endpoint valuation is rational\"\n"
"From remote kernel:"
"\"PASS: \"\"endpoint valuation is rational\"\n"
"From remote kernel:"
"\"PASS: \"\"soft series covers the requested pole order\"\n"
"From remote kernel:"
"\"PASS: \"\"endpoint valuation is rational\"\n"
"From remote kernel:"
"\"PASS: \"\"soft expansion is a Laurent series\"\n"
"From remote kernel:"
"\"PASS: \"\"soft series covers the requested pole order\"\n"
"From remote kernel:"
"\"PASS: \"\"ordinary real term is fully evaluated\"\n"
"From remote kernel:"
"\"PASS: \"\"soft expansion is a Laurent series\"\n"
"From remote kernel:"
"\"PASS: \"\"soft expansion is a Laurent series\"\n"
"From remote kernel:"
"\"PASS: \"\"soft series covers the requested pole order\"\n"
"From remote kernel:"
"\"PASS: \"\"endpoint valuation is rational\"\n"
"From remote kernel:"
"\"PASS: \"\"soft expansion is a Laurent series\"\n"
"From remote kernel:"
"\"PASS: \"\"soft series covers the requested pole order\"\n"
"From remote kernel:"
"\"PASS: \"\"soft series covers the requested pole order\"\n"
"From remote kernel:"
"\"PASS: \"\"endpoint valuation is rational\"\n"
"From remote kernel:"
"\"PASS: \"\"soft coefficients contain no recoil variable\"\n"
"From remote kernel:"
"\"RealQGG_Charge0__Pg\"\" real term \"38\"/\"88\"; memory = \"69914552\n"
"From remote kernel:"
"\"PASS: \"\"soft coefficients contain no recoil variable\"\n"
"From remote kernel:"
"\"PASS: \"\"soft coefficients contain no recoil variable\"\n"
"From remote kernel:"
"\"PASS: \"\"soft coefficients contain no recoil variable\"\n"
"From remote kernel:"
"\"PASS: \"\"soft expansion is a Laurent series\"\n"
"From remote kernel:"
"\"PASS: \"\"soft expansion is a Laurent series\"\n"
"From remote kernel:"
"\"PASS: \"\"soft series covers the requested pole order\"\n"
"From remote kernel:"
"\"RealQGG_Charge0__Pg\"\" real term \"39\"/\"88\"; memory = \"71300928\n"
"From remote kernel:"
"\"PASS: \"\"soft series covers the requested pole order\"\n"
"From remote kernel:"
"\"RealQGG_Charge0__Pg\"\" real term \"40\"/\"88\"; memory = \"71759008\n"
"From remote kernel:"
"\"PASS: \"\"endpoint valuation is rational\"\n"
"From remote kernel:"
"\"PASS: \"\"ordinary real term is fully evaluated\"\n"
"From remote kernel:"
"\"PASS: \"\"soft expansion is a Laurent series\"\n"
"From remote kernel:"
"\"PASS: \"\"endpoint valuation is rational\"\n"
"From remote kernel:"
"\"PASS: \"\"ordinary real term is fully evaluated\"\n"
"From remote kernel:"
"\"PASS: \"\"soft series covers the requested pole order\"\n"
"From remote kernel:"
"\"PASS: \"\"soft expansion is a Laurent series\"\n"
"From remote kernel:"
"\"PASS: \"\"soft coefficients contain no recoil variable\"\n"
"From remote kernel:"
"\"PASS: \"\"soft series covers the requested pole order\"\n"
"From remote kernel:"
"\"PASS: \"\"soft coefficients contain no recoil variable\"\n"
"From remote kernel:"
"\"RealQGG_Charge0__Pg\"\" real term \"41\"/\"88\"; memory = \"61127184\n"
"From remote kernel:"
"\"PASS: \"\"endpoint valuation is rational\"\n"
"From remote kernel:"
"\"PASS: \"\"soft coefficients contain no recoil variable\"\n"
"From remote kernel:"
"\"PASS: \"\"endpoint valuation is rational\"\n"
"From remote kernel:"
"\"PASS: \"\"ordinary real term is fully evaluated\"\n"
"From remote kernel:"
"\"PASS: \"\"endpoint valuation is rational\"\n"
"From remote kernel:"
"\"RealQGG_Charge0__Pg\"\" real term \"42\"/\"88\"; memory = \"65297560\n"
"From remote kernel:"
"\"PASS: \"\"soft expansion is a Laurent series\"\n"
"From remote kernel:"
"\"PASS: \"\"soft expansion is a Laurent series\"\n"
"From remote kernel:"
"\"PASS: \"\"ordinary real term is fully evaluated\"\n"
"From remote kernel:"
"\"PASS: \"\"soft series covers the requested pole order\"\n"
"From remote kernel:"
"\"PASS: \"\"soft series covers the requested pole order\"\n"
"From remote kernel:"
"\"PASS: \"\"soft expansion is a Laurent series\"\n"
"From remote kernel:"
"\"PASS: \"\"soft series covers the requested pole order\"\n"
"From remote kernel:"
"\"PASS: \"\"soft coefficients contain no recoil variable\"\n"
"From remote kernel:"
"\"PASS: \"\"soft coefficients contain no recoil variable\"\n"
"From remote kernel:"
"\"PASS: \"\"soft coefficients contain no recoil variable\"\n"
"From remote kernel:"
"\"PASS: \"\"soft coefficients contain no recoil variable\"\n"
"From remote kernel:"
"\"PASS: \"\"endpoint valuation is rational\"\n"
"From remote kernel:"
"\"PASS: \"\"ordinary real term is fully evaluated\"\n"
"From remote kernel:"
"\"RealQGG_Charge0__Pg\"\" real term \"43\"/\"88\"; memory = \"60912392\n"
"From remote kernel:"
"\"RealQGG_Charge0__Pg\"\" real term \"44\"/\"88\"; memory = \"73058640\n"
"From remote kernel:"
"\"PASS: \"\"soft coefficients contain no recoil variable\"\n"
"From remote kernel:"
"\"PASS: \"\"endpoint valuation is rational\"\n"
"From remote kernel:"
"\"PASS: \"\"endpoint valuation is rational\"\n"
"From remote kernel:"
"\"PASS: \"\"soft expansion is a Laurent series\"\n"
"From remote kernel:"
"\"PASS: \"\"soft series covers the requested pole order\"\n"
"From remote kernel:"
"\"PASS: \"\"endpoint valuation is rational\"\n"
"From remote kernel:"
"\"PASS: \"\"soft expansion is a Laurent series\"\n"
"From remote kernel:"
"\"PASS: \"\"ordinary real term is fully evaluated\"\n"
"From remote kernel:"
"\"PASS: \"\"soft series covers the requested pole order\"\n"
"From remote kernel:"
"\"PASS: \"\"soft expansion is a Laurent series\"\n"
"From remote kernel:"
"\"PASS: \"\"endpoint valuation is rational\"\n"
"From remote kernel:"
"\"PASS: \"\"soft coefficients contain no recoil variable\"\n"
"From remote kernel:"
"\"PASS: \"\"soft series covers the requested pole order\"\n"
"From remote kernel:"
"\"PASS: \"\"endpoint valuation is rational\"\n"
"From remote kernel:"
"\"PASS: \"\"soft expansion is a Laurent series\"\n"
"From remote kernel:"
"\"PASS: \"\"endpoint valuation is rational\"\n"
"From remote kernel:"
"\"PASS: \"\"soft expansion is a Laurent series\"\n"
"From remote kernel:"
"\"PASS: \"\"soft series covers the requested pole order\"\n"
"From remote kernel:"
"\"PASS: \"\"massless soft argument is a hypergeometric endpoint\"\n"
"From remote kernel:"
"\"PASS: \"\"soft series covers the requested pole order\"\n"
"From remote kernel:"
"\"PASS: \"\"ordinary real term is fully evaluated\"\n"
"From remote kernel:"
"\"PASS: \"\"endpoint valuation is rational\"\n"
"From remote kernel:"
"\"PASS: \"\"coalescing variable has a positive regular factor\"\n"
"From remote kernel:"
"\"PASS: \"\"soft expansion is a Laurent series\"\n"
"From remote kernel:"
"\"PASS: \"\"soft expansion is a Laurent series\"\n"
"From remote kernel:"
"\"PASS: \"\"soft coefficients contain no recoil variable\"\n"
"From remote kernel:"
"\"PASS: \"\"soft series covers the requested pole order\"\n"
"From remote kernel:"
"\"PASS: \"\"soft series covers the requested pole order\"\n"
"From remote kernel:"
"\"PASS: \"\"soft expansion is a Laurent series\"\n"
"From remote kernel:"
"\"PASS: \"\"soft series covers the requested pole order\"\n"
"From remote kernel:"
"\"RealQGG_Charge0__Pg\"\" real term \"45\"/\"88\"; memory = \"74618544\n"
"From remote kernel:"
"\"PASS: \"\"ordinary real term is fully evaluated\"\n"
"From remote kernel:"
"\"PASS: \"\"soft coefficients contain no recoil variable\"\n"
"From remote kernel:"
"\"PASS: \"\"endpoint valuation is rational\"\n"
"From remote kernel:"
"\"PASS: \"\"endpoint valuation is rational\"\n"
"From remote kernel:"
"\"PASS: \"\"soft expansion is a Laurent series\"\n"
"From remote kernel:"
"\"PASS: \"\"soft series covers the requested pole order\"\n"
"From remote kernel:"
"\"PASS: \"\"soft expansion is a Laurent series\"\n"
"From remote kernel:"
"\"PASS: \"\"soft series covers the requested pole order\"\n"
"From remote kernel:"
"\"PASS: \"\"soft coefficients contain no recoil variable\"\n"
"From remote kernel:"
"\"RealQGG_Charge0__Pg\"\" real term \"46\"/\"88\"; memory = \"57820504\n"
"From remote kernel:"
"\"PASS: \"\"endpoint valuation is rational\"\n"
"From remote kernel:"
"\"PASS: \"\"ordinary real term is fully evaluated\"\n"
"From remote kernel:"
"\"PASS: \"\"soft coefficients contain no recoil variable\"\n"
"From remote kernel:"
"\"PASS: \"\"soft coefficients contain no recoil variable\"\n"
"From remote kernel:"
"\"PASS: \"\"soft coefficients contain no recoil variable\"\n"
"From remote kernel:"
"\"PASS: \"\"endpoint valuation is rational\"\n"
"From remote kernel:"
"\"PASS: \"\"endpoint valuation is rational\"\n"
"From remote kernel:"
"\"RealQGG_Charge0__Pg\"\" real term \"47\"/\"88\"; memory = \"63619320\n"
"From remote kernel:"
"\"PASS: \"\"soft expansion is a Laurent series\"\n"
"From remote kernel:"
"\"PASS: \"\"soft expansion is a Laurent series\"\n"
"From remote kernel:"
"\"PASS: \"\"soft expansion is a Laurent series\"\n"
"From remote kernel:"
"\"PASS: \"\"soft series covers the requested pole order\"\n"
"From remote kernel:"
"\"PASS: \"\"soft series covers the requested pole order\"\n"
"From remote kernel:"
"\"PASS: \"\"soft series covers the requested pole order\"\n"
"From remote kernel:"
"\"PASS: \"\"soft coefficients contain no recoil variable\"\n"
"From remote kernel:"
"\"PASS: \"\"ordinary real term is fully evaluated\"\n"
"From remote kernel:"
"\"PASS: \"\"endpoint valuation is rational\"\n"
"From remote kernel:"
"\"RealQGG_Charge0__Pg\"\" real term \"48\"/\"88\"; memory = \"72143704\n"
"From remote kernel:"
"\"PASS: \"\"soft expansion is a Laurent series\"\n"
"From remote kernel:"
"\"PASS: \"\"ordinary real term is fully evaluated\"\n"
"From remote kernel:"
"\"PASS: \"\"soft series covers the requested pole order\"\n"
"From remote kernel:"
"\"PASS: \"\"soft coefficients contain no recoil variable\"\n"
"From remote kernel:"
"\"PASS: \"\"endpoint valuation is rational\"\n"
"From remote kernel:"
"\"RealQGG_Charge0__Pg\"\" real term \"49\"/\"88\"; memory = \"75422320\n"
"From remote kernel:"
"\"PASS: \"\"soft expansion is a Laurent series\"\n"
"From remote kernel:"
"\"PASS: \"\"ordinary real term is fully evaluated\"\n"
"From remote kernel:"
"\"PASS: \"\"soft series covers the requested pole order\"\n"
"From remote kernel:"
"\"PASS: \"\"endpoint valuation is rational\"\n"
"From remote kernel:"
"\"PASS: \"\"soft coefficients contain no recoil variable\"\n"
"From remote kernel:"
"\"PASS: \"\"soft expansion is a Laurent series\"\n"
"From remote kernel:"
"\"PASS: \"\"soft series covers the requested pole order\"\n"
"From remote kernel:"
"\"PASS: \"\"endpoint valuation is rational\"\n"
"From remote kernel:"
"\"PASS: \"\"endpoint valuation is rational\"\n"
"From remote kernel:"
"\"PASS: \"\"soft expansion is a Laurent series\"\n"
"From remote kernel:"
"\"PASS: \"\"soft coefficients contain no recoil variable\"\n"
"From remote kernel:"
"\"PASS: \"\"soft coefficients contain no recoil variable\"\n"
"From remote kernel:"
"\"PASS: \"\"soft series covers the requested pole order\"\n"
"From remote kernel:"
"\"PASS: \"\"soft coefficients contain no recoil variable\"\n"
"From remote kernel:"
"\"PASS: \"\"endpoint valuation is rational\"\n"
"From remote kernel:"
"\"PASS: \"\"soft coefficients contain no recoil variable\"\n"
"From remote kernel:"
"\"PASS: \"\"soft coefficients contain no recoil variable\"\n"
"From remote kernel:"
"\"PASS: \"\"soft expansion is a Laurent series\"\n"
"From remote kernel:"
"\"PASS: \"\"soft series covers the requested pole order\"\n"
"From remote kernel:"
"\"PASS: \"\"endpoint valuation is rational\"\n"
"From remote kernel:"
"\"PASS: \"\"massless soft argument is a hypergeometric endpoint\"\n"
"From remote kernel:"
"\"RealQGG_Charge0__Pg\"\" real term \"50\"/\"88\"; memory = \"69722744\n"
"From remote kernel:"
"\"RealQGG_Charge0__Pg\"\" real term \"51\"/\"88\"; memory = \"59241424\n"
"From remote kernel:"
"\"PASS: \"\"soft coefficients contain no recoil variable\"\n"
"From remote kernel:"
"\"PASS: \"\"soft expansion is a Laurent series\"\n"
"From remote kernel:"
"\"PASS: \"\"endpoint valuation is rational\"\n"
"From remote kernel:"
"\"PASS: \"\"soft coefficients contain no recoil variable\"\n"
"From remote kernel:"
"\"PASS: \"\"endpoint valuation is rational\"\n"
"From remote kernel:"
"\"PASS: \"\"soft series covers the requested pole order\"\n"
"From remote kernel:"
"\"PASS: \"\"coalescing variable has a positive regular factor\"\n"
"From remote kernel:"
"\"PASS: \"\"endpoint valuation is rational\"\n"
"From remote kernel:"
"\"PASS: \"\"ordinary real term is fully evaluated\"\n"
"From remote kernel:"
"\"PASS: \"\"soft expansion is a Laurent series\"\n"
"From remote kernel:"
"\"PASS: \"\"soft expansion is a Laurent series\"\n"
"From remote kernel:"
"\"PASS: \"\"soft expansion is a Laurent series\"\n"
"From remote kernel:"
"\"PASS: \"\"soft coefficients contain no recoil variable\"\n"
"From remote kernel:"
"\"PASS: \"\"soft series covers the requested pole order\"\n"
"From remote kernel:"
"\"PASS: \"\"soft series covers the requested pole order\"\n"
"From remote kernel:"
"\"PASS: \"\"endpoint valuation is rational\"\n"
"From remote kernel:"
"\"PASS: \"\"ordinary real term is fully evaluated\"\n"
"From remote kernel:"
"\"PASS: \"\"soft series covers the requested pole order\"\n"
"From remote kernel:"
"\"PASS: \"\"soft expansion is a Laurent series\"\n"
"From remote kernel:"
"\"PASS: \"\"endpoint valuation is rational\"\n"
"From remote kernel:"
"\"PASS: \"\"soft series covers the requested pole order\"\n"
"From remote kernel:"
"\"PASS: \"\"endpoint valuation is rational\"\n"
"From remote kernel:"
"\"RealQGG_Charge0__Pg\"\" real term \"52\"/\"88\"; memory = \"73005752\n"
"From remote kernel:"
"\"PASS: \"\"soft expansion is a Laurent series\"\n"
"From remote kernel:"
"\"PASS: \"\"soft expansion is a Laurent series\"\n"
"From remote kernel:"
"\"PASS: \"\"ordinary real term is fully evaluated\"\n"
"From remote kernel:"
"\"PASS: \"\"soft series covers the requested pole order\"\n"
"From remote kernel:"
"\"PASS: \"\"soft series covers the requested pole order\"\n"
"From remote kernel:"
"\"PASS: \"\"endpoint valuation is rational\"\n"
"From remote kernel:"
"\"PASS: \"\"soft coefficients contain no recoil variable\"\n"
"From remote kernel:"
"\"PASS: \"\"soft expansion is a Laurent series\"\n"
"From remote kernel:"
"\"PASS: \"\"soft expansion is a Laurent series\"\n"
"From remote kernel:"
"\"PASS: \"\"soft series covers the requested pole order\"\n"
"From remote kernel:"
"\"PASS: \"\"soft series covers the requested pole order\"\n"
"From remote kernel:"
"\"RealQGG_Charge0__Pg\"\" real term \"53\"/\"88\"; memory = \"77055928\n"
"From remote kernel:"
"\"PASS: \"\"ordinary real term is fully evaluated\"\n"
"From remote kernel:"
"\"PASS: \"\"endpoint valuation is rational\"\n"
"From remote kernel:"
"\"PASS: \"\"soft expansion is a Laurent series\"\n"
"From remote kernel:"
"\"PASS: \"\"soft series covers the requested pole order\"\n"
"From remote kernel:"
"\"PASS: \"\"soft coefficients contain no recoil variable\"\n"
"From remote kernel:"
"\"PASS: \"\"soft coefficients contain no recoil variable\"\n"
"From remote kernel:"
"\"PASS: \"\"endpoint valuation is rational\"\n"
"From remote kernel:"
"\"PASS: \"\"endpoint valuation is rational\"\n"
"From remote kernel:"
"\"PASS: \"\"soft coefficients contain no recoil variable\"\n"
"From remote kernel:"
"\"PASS: \"\"soft expansion is a Laurent series\"\n"
"From remote kernel:"
"\"PASS: \"\"soft coefficients contain no recoil variable\"\n"
"From remote kernel:"
"\"PASS: \"\"soft expansion is a Laurent series\"\n"
"From remote kernel:"
"\"PASS: \"\"soft series covers the requested pole order\"\n"
"From remote kernel:"
"\"PASS: \"\"soft series covers the requested pole order\"\n"
"From remote kernel:"
"\"RealQGG_Charge0__Pg\"\" real term \"54\"/\"88\"; memory = \"65585488\n"
"From remote kernel:"
"\"PASS: \"\"soft coefficients contain no recoil variable\"\n"
"From remote kernel:"
"\"RealQGG_Charge0__Pg\"\" real term \"55\"/\"88\"; memory = \"80341280\n"
"From remote kernel:"
"\"PASS: \"\"endpoint valuation is rational\"\n"
"From remote kernel:"
"\"PASS: \"\"ordinary real term is fully evaluated\"\n"
"From remote kernel:"
"\"PASS: \"\"ordinary real term is fully evaluated\"\n"
"From remote kernel:"
"\"PASS: \"\"endpoint valuation is rational\"\n"
"From remote kernel:"
"\"PASS: \"\"soft coefficients contain no recoil variable\"\n"
"From remote kernel:"
"\"PASS: \"\"soft coefficients contain no recoil variable\"\n"
"From remote kernel:"
"\"PASS: \"\"soft expansion is a Laurent series\"\n"
"From remote kernel:"
"\"PASS: \"\"soft expansion is a Laurent series\"\n"
"From remote kernel:"
"\"PASS: \"\"endpoint valuation is rational\"\n"
"From remote kernel:"
"\"PASS: \"\"endpoint valuation is rational\"\n"
"From remote kernel:"
"\"PASS: \"\"soft series covers the requested pole order\"\n"
"From remote kernel:"
"\"PASS: \"\"soft series covers the requested pole order\"\n"
"From remote kernel:"
"\"PASS: \"\"soft coefficients contain no recoil variable\"\n"
"From remote kernel:"
"\"PASS: \"\"soft expansion is a Laurent series\"\n"
"From remote kernel:"
"\"PASS: \"\"soft coefficients contain no recoil variable\"\n"
"From remote kernel:"
"\"PASS: \"\"soft series covers the requested pole order\"\n"
"From remote kernel:"
"\"PASS: \"\"endpoint valuation is rational\"\n"
"From remote kernel:"
"\"PASS: \"\"soft expansion is a Laurent series\"\n"
"From remote kernel:"
"\"RealQGG_Charge0__Pg\"\" real term \"56\"/\"88\"; memory = \"74211408\n"
"From remote kernel:"
"\"PASS: \"\"soft series covers the requested pole order\"\n"
"From remote kernel:"
"\"PASS: \"\"soft expansion is a Laurent series\"\n"
"From remote kernel:"
"\"RealQGG_Charge0__Pg\"\" real term \"57\"/\"88\"; memory = \"57842048\n"
"From remote kernel:"
"\"PASS: \"\"soft coefficients contain no recoil variable\"\n"
"From remote kernel:"
"\"PASS: \"\"soft coefficients contain no recoil variable\"\n"
"From remote kernel:"
"\"PASS: \"\"soft series covers the requested pole order\"\n"
"From remote kernel:"
"\"PASS: \"\"ordinary real term is fully evaluated\"\n"
"From remote kernel:"
"\"PASS: \"\"soft coefficients contain no recoil variable\"\n"
"From remote kernel:"
"\"PASS: \"\"ordinary real term is fully evaluated\"\n"
"From remote kernel:"
"\"PASS: \"\"endpoint valuation is rational\"\n"
"From remote kernel:"
"\"RealQGG_Charge0__Pg\"\" real term \"58\"/\"88\"; memory = \"68036256\n"
"From remote kernel:"
"\"PASS: \"\"soft expansion is a Laurent series\"\n"
"From remote kernel:"
"\"RealQGG_Charge0__Pg\"\" real term \"59\"/\"88\"; memory = \"80374808\n"
"From remote kernel:"
"\"PASS: \"\"endpoint valuation is rational\"\n"
"From remote kernel:"
"\"PASS: \"\"soft series covers the requested pole order\"\n"
"From remote kernel:"
"\"RealQGG_Charge0__Pg\"\" real term \"60\"/\"88\"; memory = \"78397264\n"
"From remote kernel:"
"\"PASS: \"\"soft coefficients contain no recoil variable\"\n"
"From remote kernel:"
"\"PASS: \"\"soft expansion is a Laurent series\"\n"
"From remote kernel:"
"\"PASS: \"\"ordinary real term is fully evaluated\"\n"
"From remote kernel:"
"\"PASS: \"\"soft series covers the requested pole order\"\n"
"From remote kernel:"
"\"PASS: \"\"soft coefficients contain no recoil variable\"\n"
"From remote kernel:"
"\"RealQGG_Charge0__Pg\"\" real term \"61\"/\"88\"; memory = \"77942760\n"
"From remote kernel:"
"\"PASS: \"\"ordinary real term is fully evaluated\"\n"
"From remote kernel:"
"\"PASS: \"\"endpoint valuation is rational\"\n"
"From remote kernel:"
"\"PASS: \"\"ordinary real term is fully evaluated\"\n"
"From remote kernel:"
"\"PASS: \"\"soft expansion is a Laurent series\"\n"
"From remote kernel:"
"\"PASS: \"\"endpoint valuation is rational\"\n"
"From remote kernel:"
"\"PASS: \"\"soft series covers the requested pole order\"\n"
"From remote kernel:"
"\"PASS: \"\"soft expansion is a Laurent series\"\n"
"From remote kernel:"
"\"PASS: \"\"soft coefficients contain no recoil variable\"\n"
"From remote kernel:"
"\"PASS: \"\"soft coefficients contain no recoil variable\"\n"
"From remote kernel:"
"\"PASS: \"\"endpoint valuation is rational\"\n"
"From remote kernel:"
"\"PASS: \"\"soft series covers the requested pole order\"\n"
"From remote kernel:"
"\"PASS: \"\"endpoint valuation is rational\"\n"
"From remote kernel:"
"\"PASS: \"\"endpoint valuation is rational\"\n"
"From remote kernel:"
"\"PASS: \"\"soft coefficients contain no recoil variable\"\n"
"From remote kernel:"
"\"PASS: \"\"soft coefficients contain no recoil variable\"\n"
"From remote kernel:"
"\"PASS: \"\"soft expansion is a Laurent series\"\n"
"From remote kernel:"
"\"PASS: \"\"endpoint valuation is rational\"\n"
"From remote kernel:"
"\"PASS: \"\"endpoint valuation is rational\"\n"
"From remote kernel:"
"\"PASS: \"\"soft series covers the requested pole order\"\n"
"From remote kernel:"
"\"PASS: \"\"soft expansion is a Laurent series\"\n"
"From remote kernel:"
"\"PASS: \"\"soft expansion is a Laurent series\"\n"
"From remote kernel:"
"\"PASS: \"\"soft coefficients contain no recoil variable\"\n"
"From remote kernel:"
"\"RealQGG_Charge0__Pg\"\" real term \"62\"/\"88\"; memory = \"74287200\n"
"From remote kernel:"
"\"PASS: \"\"soft series covers the requested pole order\"\n"
"From remote kernel:"
"\"PASS: \"\"soft series covers the requested pole order\"\n"
"From remote kernel:"
"\"PASS: \"\"soft expansion is a Laurent series\"\n"
"From remote kernel:"
"\"PASS: \"\"soft coefficients contain no recoil variable\"\n"
"From remote kernel:"
"\"PASS: \"\"soft series covers the requested pole order\"\n"
"From remote kernel:"
"\"PASS: \"\"ordinary real term is fully evaluated\"\n"
"From remote kernel:"
"\"PASS: \"\"soft expansion is a Laurent series\"\n"
"From remote kernel:"
"\"PASS: \"\"endpoint valuation is rational\"\n"
"From remote kernel:"
"\"PASS: \"\"soft series covers the requested pole order\"\n"
"From remote kernel:"
"\"RealQGG_Charge0__Pg\"\" real term \"63\"/\"88\"; memory = \"62050488\n"
"From remote kernel:"
"\"RealQGG_Charge0__Pg\"\" real term \"64\"/\"88\"; memory = \"57871896\n"
"From remote kernel:"
"\"PASS: \"\"soft expansion is a Laurent series\"\n"
"From remote kernel:"
"\"PASS: \"\"soft coefficients contain no recoil variable\"\n"
"From remote kernel:"
"\"PASS: \"\"soft series covers the requested pole order\"\n"
"From remote kernel:"
"\"PASS: \"\"ordinary real term is fully evaluated\"\n"
"From remote kernel:"
"\"PASS: \"\"soft coefficients contain no recoil variable\"\n"
"From remote kernel:"
"\"PASS: \"\"soft coefficients contain no recoil variable\"\n"
"From remote kernel:"
"\"RealQGG_Charge0__Pg\"\" real term \"65\"/\"88\"; memory = \"58941504\n"
"From remote kernel:"
"\"PASS: \"\"ordinary real term is fully evaluated\"\n"
"From remote kernel:"
"\"PASS: \"\"endpoint valuation is rational\"\n"
"From remote kernel:"
"\"PASS: \"\"soft expansion is a Laurent series\"\n"
"From remote kernel:"
"\"PASS: \"\"soft coefficients contain no recoil variable\"\n"
"From remote kernel:"
"\"PASS: \"\"soft series covers the requested pole order\"\n"
"From remote kernel:"
"\"RealQGG_Charge0__Pg\"\" real term \"66\"/\"88\"; memory = \"67687680\n"
"From remote kernel:"
"\"PASS: \"\"endpoint valuation is rational\"\n"
"From remote kernel:"
"\"PASS: \"\"endpoint valuation is rational\"\n"
"From remote kernel:"
"\"PASS: \"\"ordinary real term is fully evaluated\"\n"
"From remote kernel:"
"\"PASS: \"\"endpoint valuation is rational\"\n"
"From remote kernel:"
"\"PASS: \"\"ordinary real term is fully evaluated\"\n"
"From remote kernel:"
"\"PASS: \"\"soft expansion is a Laurent series\"\n"
"From remote kernel:"
"\"PASS: \"\"soft expansion is a Laurent series\"\n"
"From remote kernel:"
"\"PASS: \"\"soft series covers the requested pole order\"\n"
"From remote kernel:"
"\"PASS: \"\"soft series covers the requested pole order\"\n"
"From remote kernel:"
"\"PASS: \"\"endpoint valuation is rational\"\n"
"From remote kernel:"
"\"PASS: \"\"endpoint valuation is rational\"\n"
"From remote kernel:"
"\"PASS: \"\"massless soft argument is a hypergeometric endpoint\"\n"
"From remote kernel:"
"\"PASS: \"\"endpoint valuation is rational\"\n"
"From remote kernel:"
"\"PASS: \"\"ordinary real term is fully evaluated\"\n"
"From remote kernel:"
"\"PASS: \"\"soft coefficients contain no recoil variable\"\n"
"From remote kernel:"
"\"PASS: \"\"coalescing variable has a positive regular factor\"\n"
"From remote kernel:"
"\"PASS: \"\"soft expansion is a Laurent series\"\n"
"From remote kernel:"
"\"PASS: \"\"soft expansion is a Laurent series\"\n"
"From remote kernel:"
"\"PASS: \"\"soft series covers the requested pole order\"\n"
"From remote kernel:"
"\"PASS: \"\"soft series covers the requested pole order\"\n"
"From remote kernel:"
"\"PASS: \"\"soft coefficients contain no recoil variable\"\n"
"From remote kernel:"
"\"RealQGG_Charge0__Pg\"\" real term \"67\"/\"88\"; memory = \"82770992\n"
"From remote kernel:"
"\"PASS: \"\"soft coefficients contain no recoil variable\"\n"
"From remote kernel:"
"\"PASS: \"\"soft expansion is a Laurent series\"\n"
"From remote kernel:"
"\"PASS: \"\"soft expansion is a Laurent series\"\n"
"From remote kernel:"
"\"PASS: \"\"ordinary real term is fully evaluated\"\n"
"From remote kernel:"
"\"PASS: \"\"endpoint valuation is rational\"\n"
"From remote kernel:"
"\"PASS: \"\"soft series covers the requested pole order\"\n"
"From remote kernel:"
"\"PASS: \"\"soft series covers the requested pole order\"\n"
"From remote kernel:"
"\"PASS: \"\"endpoint valuation is rational\"\n"
"From remote kernel:"
"\"RealQGG_Charge0__Pg\"\" real term \"68\"/\"88\"; memory = \"70168296\n"
"From remote kernel:"
"\"PASS: \"\"soft expansion is a Laurent series\"\n"
"From remote kernel:"
"\"PASS: \"\"soft expansion is a Laurent series\"\n"
"From remote kernel:"
"\"PASS: \"\"soft series covers the requested pole order\"\n"
"From remote kernel:"
"\"PASS: \"\"soft series covers the requested pole order\"\n"
"From remote kernel:"
"\"PASS: \"\"ordinary real term is fully evaluated\"\n"
"From remote kernel:"
"\"PASS: \"\"endpoint valuation is rational\"\n"
"From remote kernel:"
"\"PASS: \"\"soft coefficients contain no recoil variable\"\n"
"From remote kernel:"
"\"PASS: \"\"endpoint valuation is rational\"\n"
"From remote kernel:"
"\"PASS: \"\"endpoint valuation is rational\"\n"
"From remote kernel:"
"\"PASS: \"\"soft expansion is a Laurent series\"\n"
"From remote kernel:"
"\"PASS: \"\"soft expansion is a Laurent series\"\n"
"From remote kernel:"
"\"PASS: \"\"soft series covers the requested pole order\"\n"
"From remote kernel:"
"\"PASS: \"\"soft series covers the requested pole order\"\n"
"From remote kernel:"
"\"PASS: \"\"soft expansion is a Laurent series\"\n"
"From remote kernel:"
"\"PASS: \"\"soft series covers the requested pole order\"\n"
"From remote kernel:"
"\"PASS: \"\"soft coefficients contain no recoil variable\"\n"
"From remote kernel:"
"\"PASS: \"\"endpoint valuation is rational\"\n"
"From remote kernel:"
"\"PASS: \"\"soft expansion is a Laurent series\"\n"
"From remote kernel:"
"\"PASS: \"\"soft series covers the requested pole order\"\n"
"From remote kernel:"
"\"PASS: \"\"soft coefficients contain no recoil variable\"\n"
"From remote kernel:"
"\"PASS: \"\"endpoint valuation is rational\"\n"
"From remote kernel:"
"\"PASS: \"\"soft expansion is a Laurent series\"\n"
"From remote kernel:"
"\"PASS: \"\"soft series covers the requested pole order\"\n"
"From remote kernel:"
"\"PASS: \"\"soft coefficients contain no recoil variable\"\n"
"From remote kernel:"
"\"PASS: \"\"soft coefficients contain no recoil variable\"\n"
"From remote kernel:"
"\"PASS: \"\"soft coefficients contain no recoil variable\"\n"
"From remote kernel:"
"\"RealQGG_Charge0__Pg\"\" real term \"69\"/\"88\"; memory = \"83402184\n"
"From remote kernel:"
"\"RealQGG_Charge0__Pg\"\" real term \"70\"/\"88\"; memory = \"76152776\n"
"From remote kernel:"
"\"PASS: \"\"endpoint valuation is rational\"\n"
"From remote kernel:"
"\"PASS: \"\"ordinary real term is fully evaluated\"\n"
"From remote kernel:"
"\"PASS: \"\"soft coefficients contain no recoil variable\"\n"
"From remote kernel:"
"\"PASS: \"\"soft coefficients contain no recoil variable\"\n"
"From remote kernel:"
"\"PASS: \"\"ordinary real term is fully evaluated\"\n"
"From remote kernel:"
"\"PASS: \"\"endpoint valuation is rational\"\n"
"From remote kernel:"
"\"PASS: \"\"soft coefficients contain no recoil variable\"\n"
"From remote kernel:"
"\"PASS: \"\"endpoint valuation is rational\"\n"
"From remote kernel:"
"\"PASS: \"\"soft expansion is a Laurent series\"\n"
"From remote kernel:"
"\"PASS: \"\"soft expansion is a Laurent series\"\n"
"From remote kernel:"
"\"PASS: \"\"soft series covers the requested pole order\"\n"
"From remote kernel:"
"\"RealQGG_Charge0__Pg\"\" real term \"71\"/\"88\"; memory = \"71084960\n"
"From remote kernel:"
"\"PASS: \"\"soft expansion is a Laurent series\"\n"
"From remote kernel:"
"\"PASS: \"\"soft series covers the requested pole order\"\n"
"From remote kernel:"
"\"PASS: \"\"soft series covers the requested pole order\"\n"
"From remote kernel:"
"\"RealQGG_Charge0__Pg\"\" real term \"72\"/\"88\"; memory = \"64473520\n"
"From remote kernel:"
"\"PASS: \"\"ordinary real term is fully evaluated\"\n"
"From remote kernel:"
"\"PASS: \"\"endpoint valuation is rational\"\n"
"From remote kernel:"
"\"PASS: \"\"soft expansion is a Laurent series\"\n"
"From remote kernel:"
"\"PASS: \"\"ordinary real term is fully evaluated\"\n"
"From remote kernel:"
"\"PASS: \"\"soft series covers the requested pole order\"\n"
"From remote kernel:"
"\"PASS: \"\"soft coefficients contain no recoil variable\"\n"
"From remote kernel:"
"\"PASS: \"\"soft coefficients contain no recoil variable\"\n"
"From remote kernel:"
"\"PASS: \"\"endpoint valuation is rational\"\n"
"From remote kernel:"
"\"PASS: \"\"soft coefficients contain no recoil variable\"\n"
"From remote kernel:"
"\"PASS: \"\"endpoint valuation is rational\"\n"
"From remote kernel:"
"\"PASS: \"\"endpoint valuation is rational\"\n"
"From remote kernel:"
"\"PASS: \"\"soft expansion is a Laurent series\"\n"
"From remote kernel:"
"\"PASS: \"\"soft expansion is a Laurent series\"\n"
"From remote kernel:"
"\"PASS: \"\"massless soft argument is a hypergeometric endpoint\"\n"
"From remote kernel:"
"\"PASS: \"\"soft series covers the requested pole order\"\n"
"From remote kernel:"
"\"PASS: \"\"soft series covers the requested pole order\"\n"
"From remote kernel:"
"\"PASS: \"\"endpoint valuation is rational\"\n"
"From remote kernel:"
"\"PASS: \"\"endpoint valuation is rational\"\n"
"From remote kernel:"
"\"PASS: \"\"coalescing variable has a positive regular factor\"\n"
"From remote kernel:"
"\"PASS: \"\"soft coefficients contain no recoil variable\"\n"
"From remote kernel:"
"\"PASS: \"\"soft expansion is a Laurent series\"\n"
"From remote kernel:"
"\"PASS: \"\"endpoint valuation is rational\"\n"
"From remote kernel:"
"\"PASS: \"\"soft series covers the requested pole order\"\n"
"From remote kernel:"
"\"PASS: \"\"soft expansion is a Laurent series\"\n"
"From remote kernel:"
"\"PASS: \"\"soft coefficients contain no recoil variable\"\n"
"From remote kernel:"
"\"PASS: \"\"soft expansion is a Laurent series\"\n"
"From remote kernel:"
"\"PASS: \"\"endpoint valuation is rational\"\n"
"From remote kernel:"
"\"PASS: \"\"soft series covers the requested pole order\"\n"
"From remote kernel:"
"\"PASS: \"\"soft series covers the requested pole order\"\n"
"From remote kernel:"
"\"PASS: \"\"soft coefficients contain no recoil variable\"\n"
"From remote kernel:"
"\"PASS: \"\"endpoint valuation is rational\"\n"
"From remote kernel:"
"\"PASS: \"\"soft coefficients contain no recoil variable\"\n"
"From remote kernel:"
"\"PASS: \"\"soft coefficients contain no recoil variable\"\n"
"From remote kernel:"
"\"PASS: \"\"soft expansion is a Laurent series\"\n"
"From remote kernel:"
"\"PASS: \"\"soft expansion is a Laurent series\"\n"
"From remote kernel:"
"\"PASS: \"\"soft series covers the requested pole order\"\n"
"From remote kernel:"
"\"PASS: \"\"soft series covers the requested pole order\"\n"
"From remote kernel:"
"\"PASS: \"\"soft expansion is a Laurent series\"\n"
"From remote kernel:"
"\"PASS: \"\"soft coefficients contain no recoil variable\"\n"
"From remote kernel:"
"\"RealQGG_Charge0__Pg\"\" real term \"73\"/\"88\"; memory = \"62701592\n"
"From remote kernel:"
"\"RealQGG_Charge0__Pg\"\" real term \"74\"/\"88\"; memory = \"57880264\n"
"From remote kernel:"
"\"PASS: \"\"soft series covers the requested pole order\"\n"
"From remote kernel:"
"\"PASS: \"\"endpoint valuation is rational\"\n"
"From remote kernel:"
"\"PASS: \"\"ordinary real term is fully evaluated\"\n"
"From remote kernel:"
"\"RealQGG_Charge0__Pg\"\" real term \"75\"/\"88\"; memory = \"72200704\n"
"From remote kernel:"
"\"PASS: \"\"endpoint valuation is rational\"\n"
"From remote kernel:"
"\"PASS: \"\"soft expansion is a Laurent series\"\n"
"From remote kernel:"
"\"PASS: \"\"ordinary real term is fully evaluated\"\n"
"From remote kernel:"
"\"PASS: \"\"soft expansion is a Laurent series\"\n"
"From remote kernel:"
"\"PASS: \"\"soft series covers the requested pole order\"\n"
"From remote kernel:"
"\"PASS: \"\"endpoint valuation is rational\"\n"
"From remote kernel:"
"\"PASS: \"\"soft series covers the requested pole order\"\n"
"From remote kernel:"
"\"PASS: \"\"soft expansion is a Laurent series\"\n"
"From remote kernel:"
"\"PASS: \"\"soft series covers the requested pole order\"\n"
"From remote kernel:"
"\"PASS: \"\"ordinary real term is fully evaluated\"\n"
"From remote kernel:"
"\"PASS: \"\"soft coefficients contain no recoil variable\"\n"
"From remote kernel:"
"\"PASS: \"\"endpoint valuation is rational\"\n"
"From remote kernel:"
"\"RealQGG_Charge0__Pg\"\" real term \"76\"/\"88\"; memory = \"66287976\n"
"From remote kernel:"
"\"PASS: \"\"soft expansion is a Laurent series\"\n"
"From remote kernel:"
"\"PASS: \"\"soft series covers the requested pole order\"\n"
"From remote kernel:"
"\"PASS: \"\"ordinary real term is fully evaluated\"\n"
"From remote kernel:"
"\"PASS: \"\"soft coefficients contain no recoil variable\"\n"
"From remote kernel:"
"\"PASS: \"\"soft coefficients contain no recoil variable\"\n"
"From remote kernel:"
"\"PASS: \"\"endpoint valuation is rational\"\n"
"From remote kernel:"
"\"PASS: \"\"soft coefficients contain no recoil variable\"\n"
"From remote kernel:"
"\"PASS: \"\"endpoint valuation is rational\"\n"
"From remote kernel:"
"\"PASS: \"\"endpoint valuation is rational\"\n"
"From remote kernel:"
"\"RealQGG_Charge0__Pg\"\" real term \"77\"/\"88\"; memory = \"85018760\n"
"From remote kernel:"
"\"PASS: \"\"soft expansion is a Laurent series\"\n"
"From remote kernel:"
"\"PASS: \"\"soft expansion is a Laurent series\"\n"
"From remote kernel:"
"\"PASS: \"\"soft series covers the requested pole order\"\n"
"From remote kernel:"
"\"PASS: \"\"soft expansion is a Laurent series\"\n"
"From remote kernel:"
"\"PASS: \"\"soft series covers the requested pole order\"\n"
"From remote kernel:"
"\"PASS: \"\"soft coefficients contain no recoil variable\"\n"
"From remote kernel:"
"\"PASS: \"\"soft coefficients contain no recoil variable\"\n"
"From remote kernel:"
"\"PASS: \"\"soft series covers the requested pole order\"\n"
"From remote kernel:"
"\"RealQGG_Charge0__Pg\"\" real term \"78\"/\"88\"; memory = \"85876320\n"
"From remote kernel:"
"\"RealQGG_Charge0__Pg\"\" real term \"79\"/\"88\"; memory = \"65944880\n"
"From remote kernel:"
"\"PASS: \"\"ordinary real term is fully evaluated\"\n"
"From remote kernel:"
"\"PASS: \"\"soft coefficients contain no recoil variable\"\n"
"From remote kernel:"
"\"PASS: \"\"soft coefficients contain no recoil variable\"\n"
"From remote kernel:"
"\"PASS: \"\"soft coefficients contain no recoil variable\"\n"
"From remote kernel:"
"\"PASS: \"\"endpoint valuation is rational\"\n"
"From remote kernel:"
"\"PASS: \"\"ordinary real term is fully evaluated\"\n"
"From remote kernel:"
"\"RealQGG_Charge0__Pg\"\" real term \"80\"/\"88\"; memory = \"73432736\n"
"From remote kernel:"
"\"RealQGG_Charge0__Pg\"\" real term \"81\"/\"88\"; memory = \"59415392\n"
"From remote kernel:"
"\"RealQGG_Charge0__Pg\"\" real term \"82\"/\"88\"; memory = \"72276552\n"
"From remote kernel:"
"\"PASS: \"\"ordinary real term is fully evaluated\"\n"
"From remote kernel:"
"\"PASS: \"\"endpoint valuation is rational\"\n"
"From remote kernel:"
"\"PASS: \"\"soft expansion is a Laurent series\"\n"
"From remote kernel:"
"\"PASS: \"\"soft coefficients contain no recoil variable\"\n"
"From remote kernel:"
"\"PASS: \"\"endpoint valuation is rational\"\n"
"From remote kernel:"
"\"PASS: \"\"soft coefficients contain no recoil variable\"\n"
"From remote kernel:"
"\"PASS: \"\"soft expansion is a Laurent series\"\n"
"From remote kernel:"
"\"PASS: \"\"soft series covers the requested pole order\"\n"
"From remote kernel:"
"\"PASS: \"\"soft series covers the requested pole order\"\n"
"From remote kernel:"
"\"PASS: \"\"soft coefficients contain no recoil variable\"\n"
"From remote kernel:"
"\"PASS: \"\"endpoint valuation is rational\"\n"
"From remote kernel:"
"\"PASS: \"\"endpoint valuation is rational\"\n"
"From remote kernel:"
"\"PASS: \"\"soft expansion is a Laurent series\"\n"
"From remote kernel:"
"\"PASS: \"\"endpoint valuation is rational\"\n"
"From remote kernel:"
"\"PASS: \"\"ordinary real term is fully evaluated\"\n"
"From remote kernel:"
"\"PASS: \"\"soft expansion is a Laurent series\"\n"
"From remote kernel:"
"\"PASS: \"\"soft series covers the requested pole order\"\n"
"From remote kernel:"
"\"PASS: \"\"soft expansion is a Laurent series\"\n"
"From remote kernel:"
"\"PASS: \"\"soft series covers the requested pole order\"\n"
"From remote kernel:"
"\"PASS: \"\"soft series covers the requested pole order\"\n"
"From remote kernel:"
"\"PASS: \"\"ordinary real term is fully evaluated\"\n"
"From remote kernel:"
"\"PASS: \"\"soft coefficients contain no recoil variable\"\n"
"From remote kernel:"
"\"PASS: \"\"soft expansion is a Laurent series\"\n"
"From remote kernel:"
"\"PASS: \"\"soft series covers the requested pole order\"\n"
"From remote kernel:"
"\"PASS: \"\"endpoint valuation is rational\"\n"
"From remote kernel:"
"\"RealQGG_Charge0__Pg\"\" real term \"83\"/\"88\"; memory = \"66402128\n"
"From remote kernel:"
"\"PASS: \"\"ordinary real term is fully evaluated\"\n"
"From remote kernel:"
"\"PASS: \"\"soft coefficients contain no recoil variable\"\n"
"From remote kernel:"
"\"PASS: \"\"soft coefficients contain no recoil variable\"\n"
"From remote kernel:"
"\"PASS: \"\"soft expansion is a Laurent series\"\n"
"From remote kernel:"
"\"PASS: \"\"soft coefficients contain no recoil variable\"\n"
"From remote kernel:"
"\"PASS: \"\"soft series covers the requested pole order\"\n"
"From remote kernel:"
"\"PASS: \"\"endpoint valuation is rational\"\n"
"From remote kernel:"
"\"RealQGG_Charge0__Pg\"\" real term \"84\"/\"88\"; memory = \"68450920\n"
"From remote kernel:"
"\"PASS: \"\"endpoint valuation is rational\"\n"
"From remote kernel:"
"\"PASS: \"\"endpoint valuation is rational\"\n"
"From remote kernel:"
"\"PASS: \"\"ordinary real term is fully evaluated\"\n"
"From remote kernel:"
"\"PASS: \"\"endpoint valuation is rational\"\n"
"From remote kernel:"
"\"PASS: \"\"endpoint valuation is rational\"\n"
"From remote kernel:"
"\"PASS: \"\"soft expansion is a Laurent series\"\n"
"From remote kernel:"
"\"PASS: \"\"soft expansion is a Laurent series\"\n"
"From remote kernel:"
"\"PASS: \"\"soft expansion is a Laurent series\"\n"
"From remote kernel:"
"\"PASS: \"\"soft series covers the requested pole order\"\n"
"From remote kernel:"
"\"PASS: \"\"soft series covers the requested pole order\"\n"
"From remote kernel:"
"\"PASS: \"\"soft expansion is a Laurent series\"\n"
"From remote kernel:"
"\"PASS: \"\"soft series covers the requested pole order\"\n"
"From remote kernel:"
"\"PASS: \"\"ordinary real term is fully evaluated\"\n"
"From remote kernel:"
"\"PASS: \"\"soft series covers the requested pole order\"\n"
"From remote kernel:"
"\"PASS: \"\"soft coefficients contain no recoil variable\"\n"
"From remote kernel:"
"\"PASS: \"\"soft expansion is a Laurent series\"\n"
"From remote kernel:"
"\"PASS: \"\"soft series covers the requested pole order\"\n"
"From remote kernel:"
"\"PASS: \"\"soft coefficients contain no recoil variable\"\n"
"From remote kernel:"
"\"PASS: \"\"soft coefficients contain no recoil variable\"\n"
"From remote kernel:"
"\"PASS: \"\"endpoint valuation is rational\"\n"
"From remote kernel:"
"\"PASS: \"\"soft coefficients contain no recoil variable\"\n"
"From remote kernel:"
"\"PASS: \"\"endpoint valuation is rational\"\n"
"From remote kernel:"
"\"RealQGG_Charge0__Pg\"\" real term \"85\"/\"88\"; memory = \"65836920\n"
"From remote kernel:"
"\"RealQGG_Charge0__Pg\"\" real term \"86\"/\"88\"; memory = \"87212776\n"
"From remote kernel:"
"\"PASS: \"\"ordinary real term is fully evaluated\"\n"
"From remote kernel:"
"\"PASS: \"\"soft expansion is a Laurent series\"\n"
"From remote kernel:"
"\"PASS: \"\"soft series covers the requested pole order\"\n"
"From remote kernel:"
"\"PASS: \"\"soft coefficients contain no recoil variable\"\n"
"From remote kernel:"
"\"RealQGG_Charge0__Pg\"\" real term \"87\"/\"88\"; memory = \"57929104\n"
"From remote kernel:"
"\"PASS: \"\"endpoint valuation is rational\"\n"
"From remote kernel:"
"\"PASS: \"\"soft expansion is a Laurent series\"\n"
"From remote kernel:"
"\"PASS: \"\"soft series covers the requested pole order\"\n"
"From remote kernel:"
"\"PASS: \"\"endpoint valuation is rational\"\n"
"From remote kernel:"
"\"PASS: \"\"soft expansion is a Laurent series\"\n"
"From remote kernel:"
"\"PASS: \"\"soft coefficients contain no recoil variable\"\n"
"From remote kernel:"
"\"PASS: \"\"soft coefficients contain no recoil variable\"\n"
"From remote kernel:"
"\"PASS: \"\"soft series covers the requested pole order\"\n"
"From remote kernel:"
"\"PASS: \"\"endpoint valuation is rational\"\n"
"From remote kernel:"
"\"PASS: \"\"ordinary real term is fully evaluated\"\n"
"From remote kernel:"
"\"PASS: \"\"soft expansion is a Laurent series\"\n"
"From remote kernel:"
"\"PASS: \"\"soft series covers the requested pole order\"\n"
"From remote kernel:"
"\"RealQGG_Charge0__Pg\"\" real term \"88\"/\"88\"; memory = \"62478184\n"
"From remote kernel:"
"\"PASS: \"\"endpoint valuation is rational\"\n"
"From remote kernel:"
"\"PASS: \"\"soft expansion is a Laurent series\"\n"
"From remote kernel:"
"\"PASS: \"\"soft series covers the requested pole order\"\n"
"From remote kernel:"
"\"PASS: \"\"ordinary real term is fully evaluated\"\n"
"From remote kernel:"
"\"PASS: \"\"soft expansion is a Laurent series\"\n"
"From remote kernel:"
"\"PASS: \"\"soft series covers the requested pole order\"\n"
"From remote kernel:"
"\"PASS: \"\"soft coefficients contain no recoil variable\"\n"
"From remote kernel:"
"\"PASS: \"\"soft coefficients contain no recoil variable\"\n"
"From remote kernel:"
"\"PASS: \"\"endpoint valuation is rational\"\n"
"From remote kernel:"
"\"PASS: \"\"soft coefficients contain no recoil variable\"\n"
"From remote kernel:"
"\"PASS: \"\"soft expansion is a Laurent series\"\n"
"From remote kernel:"
"\"PASS: \"\"endpoint valuation is rational\"\n"
"From remote kernel:"
"\"PASS: \"\"soft series covers the requested pole order\"\n"
"From remote kernel:"
"\"PASS: \"\"soft expansion is a Laurent series\"\n"
"From remote kernel:"
"\"PASS: \"\"soft series covers the requested pole order\"\n"
"From remote kernel:"
"\"PASS: \"\"endpoint valuation is rational\"\n"
"From remote kernel:"
"\"PASS: \"\"soft coefficients contain no recoil variable\"\n"
"From remote kernel:"
"\"PASS: \"\"soft coefficients contain no recoil variable\"\n"
"From remote kernel:"
"\"PASS: \"\"ordinary real term is fully evaluated\"\n"
"From remote kernel:"
"\"PASS: \"\"soft expansion is a Laurent series\"\n"
"From remote kernel:"
"\"PASS: \"\"soft series covers the requested pole order\"\n"
"From remote kernel:"
"\"PASS: \"\"endpoint valuation is rational\"\n"
"From remote kernel:"
"\"PASS: \"\"soft coefficients contain no recoil variable\"\n"
"From remote kernel:"
"\"PASS: \"\"endpoint valuation is rational\"\n"
"From remote kernel:"
"\"PASS: \"\"soft expansion is a Laurent series\"\n"
"From remote kernel:"
"\"PASS: \"\"soft expansion is a Laurent series\"\n"
"From remote kernel:"
"\"PASS: \"\"soft series covers the requested pole order\"\n"
"From remote kernel:"
"\"PASS: \"\"soft series covers the requested pole order\"\n"
"From remote kernel:"
"\"PASS: \"\"soft coefficients contain no recoil variable\"\n"
"From remote kernel:"
"\"PASS: \"\"soft coefficients contain no recoil variable\"\n"
"From remote kernel:"
"\"PASS: \"\"endpoint valuation is rational\"\n"
"From remote kernel:"
"\"PASS: \"\"massless soft argument is a hypergeometric endpoint\"\n"
"From remote kernel:"
"\"PASS: \"\"endpoint valuation is rational\"\n"
"From remote kernel:"
"\"PASS: \"\"endpoint valuation is rational\"\n"
"From remote kernel:"
"\"PASS: \"\"soft expansion is a Laurent series\"\n"
"From remote kernel:"
"\"PASS: \"\"soft series covers the requested pole order\"\n"
"From remote kernel:"
"\"PASS: \"\"soft expansion is a Laurent series\"\n"
"From remote kernel:"
"\"PASS: \"\"soft series covers the requested pole order\"\n"
"From remote kernel:"
"\"PASS: \"\"soft coefficients contain no recoil variable\"\n"
"From remote kernel:"
"\"PASS: \"\"soft coefficients contain no recoil variable\"\n"
"From remote kernel:"
"\"PASS: \"\"soft coefficients contain no recoil variable\"\n"
"From remote kernel:"
"\"PASS: \"\"soft coefficients contain no recoil variable\"\n"
"From remote kernel:"
"\"PASS: \"\"soft coefficients contain no recoil variable\"\n"
"From remote kernel:"
"\"PASS: \"\"endpoint valuation is rational\"\n"
"From remote kernel:"
"\"PASS: \"\"massless soft argument is a hypergeometric endpoint\"\n"
"From remote kernel:"
"\"PASS: \"\"endpoint valuation is rational\"\n"
"From remote kernel:"
"\"PASS: \"\"soft expansion is a Laurent series\"\n"
"From remote kernel:"
"\"PASS: \"\"soft series covers the requested pole order\"\n"
"From remote kernel:"
"\"PASS: \"\"soft coefficients contain no recoil variable\"\n"
"PASS: ""RealQGG_Charge0__Pg all real phase-space terms completed"
"RealQGG_Charge0__Pg"" assembling distribution branch "1
"RealQGG_Charge0__Pg"" branch "1" soft group "{1, -2}
"RealQGG_Charge0__Pg"" branch "1" soft group "{1, -1}
"RealQGG_Charge0__Pg"" branch "1" soft group "{2, -1}
"Stronger-recoil residual ""RealQGG_Charge0__Pg"" "1" "{1, -2}": "InputForm[0]
"PASS: ""stronger recoil poles cancel"
"RealQGG_Charge0__Pg"" branch "1" delta coefficient"
"RealQGG_Charge0__Pg"" branch "1" plus coefficients"
"PASS: ""no higher logarithmic plus distribution survives"
"RealQGG_Charge0__Pg"" branch "1" regular remainder"
"RealQGG_Charge0__Pg"" distribution branch "1" saved."
"RealQGG_Charge0__Pg"" assembling distribution branch "-1
"RealQGG_Charge0__Pg"" branch "-1" soft group "{1, -2}
"RealQGG_Charge0__Pg"" branch "-1" soft group "{1, -1}
"RealQGG_Charge0__Pg"" branch "-1" soft group "{2, -1}
"Stronger-recoil residual ""RealQGG_Charge0__Pg"" "-1" "{1, -2}": "InputForm[0]
"PASS: ""stronger recoil poles cancel"
"RealQGG_Charge0__Pg"" branch "-1" delta coefficient"
"RealQGG_Charge0__Pg"" branch "-1" plus coefficients"
"PASS: ""no higher logarithmic plus distribution survives"
"RealQGG_Charge0__Pg"" branch "-1" regular remainder"
"RealQGG_Charge0__Pg"" distribution branch "-1" saved."
"From remote kernel:"
"\"RealQGG_Charge0__Ppp\"\" real term \"1\"/\"60\"; memory = \"76779608\n"
"From remote kernel:"
"\"RealQGG_Charge0__Ppp\"\" real term \"2\"/\"60\"; memory = \"75057760\n"
"From remote kernel:"
"\"RealQGG_Charge0__Ppp\"\" real term \"3\"/\"60\"; memory = \"70257752\n"
"From remote kernel:"
"\"RealQGG_Charge0__Ppp\"\" real term \"4\"/\"60\"; memory = \"63883928\n"
"From remote kernel:"
"\"RealQGG_Charge0__Ppp\"\" real term \"5\"/\"60\"; memory = \"68250616\n"
"From remote kernel:"
"\"RealQGG_Charge0__Ppp\"\" real term \"6\"/\"60\"; memory = \"90223320\n"
"From remote kernel:"
"\"RealQGG_Charge0__Ppp\"\" real term \"7\"/\"60\"; memory = \"71300616\n"
"From remote kernel:"
"\"RealQGG_Charge0__Ppp\"\" real term \"8\"/\"60\"; memory = \"91402928\n"
"From remote kernel:"
"\"PASS: \"\"ordinary real term is fully evaluated\"\n"
"From remote kernel:"
"\"PASS: \"\"ordinary real term is fully evaluated\"\n"
"From remote kernel:"
"\"PASS: \"\"ordinary real term is fully evaluated\"\n"
"From remote kernel:"
"\"PASS: \"\"endpoint valuation is rational\"\n"
"From remote kernel:"
"\"PASS: \"\"endpoint valuation is rational\"\n"
"From remote kernel:"
"\"PASS: \"\"endpoint valuation is rational\"\n"
"From remote kernel:"
"\"PASS: \"\"ordinary real term is fully evaluated\"\n"
"From remote kernel:"
"\"PASS: \"\"soft expansion is a Laurent series\"\n"
"From remote kernel:"
"\"PASS: \"\"soft expansion is a Laurent series\"\n"
"From remote kernel:"
"\"PASS: \"\"soft expansion is a Laurent series\"\n"
"From remote kernel:"
"\"PASS: \"\"soft series covers the requested pole order\"\n"
"From remote kernel:"
"\"PASS: \"\"soft series covers the requested pole order\"\n"
"From remote kernel:"
"\"PASS: \"\"soft series covers the requested pole order\"\n"
"From remote kernel:"
"\"PASS: \"\"endpoint valuation is rational\"\n"
"From remote kernel:"
"\"PASS: \"\"ordinary real term is fully evaluated\"\n"
"From remote kernel:"
"\"PASS: \"\"soft expansion is a Laurent series\"\n"
"From remote kernel:"
"\"PASS: \"\"ordinary real term is fully evaluated\"\n"
"From remote kernel:"
"\"PASS: \"\"soft series covers the requested pole order\"\n"
"From remote kernel:"
"\"PASS: \"\"ordinary real term is fully evaluated\"\n"
"From remote kernel:"
"\"PASS: \"\"endpoint valuation is rational\"\n"
"From remote kernel:"
"\"PASS: \"\"endpoint valuation is rational\"\n"
"From remote kernel:"
"\"PASS: \"\"endpoint valuation is rational\"\n"
"From remote kernel:"
"\"PASS: \"\"ordinary real term is fully evaluated\"\n"
"From remote kernel:"
"\"PASS: \"\"soft expansion is a Laurent series\"\n"
"From remote kernel:"
"\"PASS: \"\"soft expansion is a Laurent series\"\n"
"From remote kernel:"
"\"PASS: \"\"soft coefficients contain no recoil variable\"\n"
"From remote kernel:"
"\"PASS: \"\"endpoint valuation is rational\"\n"
"From remote kernel:"
"\"PASS: \"\"soft expansion is a Laurent series\"\n"
"From remote kernel:"
"\"PASS: \"\"soft coefficients contain no recoil variable\"\n"
"From remote kernel:"
"\"PASS: \"\"soft coefficients contain no recoil variable\"\n"
"From remote kernel:"
"\"PASS: \"\"soft series covers the requested pole order\"\n"
"From remote kernel:"
"\"PASS: \"\"soft series covers the requested pole order\"\n"
"From remote kernel:"
"\"PASS: \"\"endpoint valuation is rational\"\n"
"From remote kernel:"
"\"PASS: \"\"soft series covers the requested pole order\"\n"
"From remote kernel:"
"\"PASS: \"\"endpoint valuation is rational\"\n"
"From remote kernel:"
"\"PASS: \"\"endpoint valuation is rational\"\n"
"From remote kernel:"
"\"PASS: \"\"soft expansion is a Laurent series\"\n"
"From remote kernel:"
"\"PASS: \"\"soft expansion is a Laurent series\"\n"
"From remote kernel:"
"\"PASS: \"\"soft expansion is a Laurent series\"\n"
"From remote kernel:"
"\"PASS: \"\"soft expansion is a Laurent series\"\n"
"From remote kernel:"
"\"PASS: \"\"soft coefficients contain no recoil variable\"\n"
"From remote kernel:"
"\"PASS: \"\"soft series covers the requested pole order\"\n"
"From remote kernel:"
"\"PASS: \"\"soft series covers the requested pole order\"\n"
"From remote kernel:"
"\"PASS: \"\"soft series covers the requested pole order\"\n"
"From remote kernel:"
"\"PASS: \"\"soft series covers the requested pole order\"\n"
"From remote kernel:"
"\"PASS: \"\"endpoint valuation is rational\"\n"
"From remote kernel:"
"\"PASS: \"\"soft expansion is a Laurent series\"\n"
"From remote kernel:"
"\"PASS: \"\"soft series covers the requested pole order\"\n"
"From remote kernel:"
"\"PASS: \"\"soft coefficients contain no recoil variable\"\n"
"From remote kernel:"
"\"PASS: \"\"soft coefficients contain no recoil variable\"\n"
"From remote kernel:"
"\"PASS: \"\"soft coefficients contain no recoil variable\"\n"
"From remote kernel:"
"\"PASS: \"\"endpoint valuation is rational\"\n"
"From remote kernel:"
"\"PASS: \"\"soft coefficients contain no recoil variable\"\n"
"From remote kernel:"
"\"PASS: \"\"soft coefficients contain no recoil variable\"\n"
"From remote kernel:"
"\"PASS: \"\"soft coefficients contain no recoil variable\"\n"
"From remote kernel:"
"\"PASS: \"\"soft expansion is a Laurent series\"\n"
"From remote kernel:"
"\"PASS: \"\"endpoint valuation is rational\"\n"
"From remote kernel:"
"\"PASS: \"\"soft series covers the requested pole order\"\n"
"From remote kernel:"
"\"RealQGG_Charge0__Ppp\"\" real term \"9\"/\"60\"; memory = \"90436080\n"
"From remote kernel:"
"\"PASS: \"\"endpoint valuation is rational\"\n"
"From remote kernel:"
"\"RealQGG_Charge0__Ppp\"\" real term \"10\"/\"60\"; memory = \"77698632\n"
"From remote kernel:"
"\"RealQGG_Charge0__Ppp\"\" real term \"11\"/\"60\"; memory = \"75952416\n"
"From remote kernel:"
"\"PASS: \"\"soft coefficients contain no recoil variable\"\n"
"From remote kernel:"
"\"PASS: \"\"soft expansion is a Laurent series\"\n"
"From remote kernel:"
"\"PASS: \"\"soft expansion is a Laurent series\"\n"
"From remote kernel:"
"\"PASS: \"\"soft series covers the requested pole order\"\n"
"From remote kernel:"
"\"PASS: \"\"soft series covers the requested pole order\"\n"
"From remote kernel:"
"\"PASS: \"\"ordinary real term is fully evaluated\"\n"
"From remote kernel:"
"\"RealQGG_Charge0__Ppp\"\" real term \"12\"/\"60\"; memory = \"71157600\n"
"From remote kernel:"
"\"PASS: \"\"endpoint valuation is rational\"\n"
"From remote kernel:"
"\"PASS: \"\"soft coefficients contain no recoil variable\"\n"
"From remote kernel:"
"\"PASS: \"\"ordinary real term is fully evaluated\"\n"
"From remote kernel:"
"\"PASS: \"\"soft expansion is a Laurent series\"\n"
"From remote kernel:"
"\"PASS: \"\"soft coefficients contain no recoil variable\"\n"
"From remote kernel:"
"\"PASS: \"\"soft series covers the requested pole order\"\n"
"From remote kernel:"
"\"PASS: \"\"ordinary real term is fully evaluated\"\n"
"From remote kernel:"
"\"RealQGG_Charge0__Ppp\"\" real term \"13\"/\"60\"; memory = \"65032880\n"
"From remote kernel:"
"\"PASS: \"\"soft coefficients contain no recoil variable\"\n"
"From remote kernel:"
"\"PASS: \"\"endpoint valuation is rational\"\n"
"From remote kernel:"
"\"PASS: \"\"soft expansion is a Laurent series\"\n"
"From remote kernel:"
"\"PASS: \"\"endpoint valuation is rational\"\n"
"From remote kernel:"
"\"RealQGG_Charge0__Ppp\"\" real term \"14\"/\"60\"; memory = \"72372616\n"
"From remote kernel:"
"\"PASS: \"\"soft series covers the requested pole order\"\n"
"From remote kernel:"
"\"PASS: \"\"ordinary real term is fully evaluated\"\n"
"From remote kernel:"
"\"RealQGG_Charge0__Ppp\"\" real term \"15\"/\"60\"; memory = \"92100400\n"
"From remote kernel:"
"\"PASS: \"\"soft coefficients contain no recoil variable\"\n"
"From remote kernel:"
"\"PASS: \"\"ordinary real term is fully evaluated\"\n"
"From remote kernel:"
"\"PASS: \"\"endpoint valuation is rational\"\n"
"From remote kernel:"
"\"PASS: \"\"soft expansion is a Laurent series\"\n"
"From remote kernel:"
"\"PASS: \"\"endpoint valuation is rational\"\n"
"From remote kernel:"
"\"PASS: \"\"endpoint valuation is rational\"\n"
"From remote kernel:"
"\"PASS: \"\"ordinary real term is fully evaluated\"\n"
"From remote kernel:"
"\"PASS: \"\"soft expansion is a Laurent series\"\n"
"From remote kernel:"
"\"PASS: \"\"soft series covers the requested pole order\"\n"
"From remote kernel:"
"\"PASS: \"\"massless soft argument is a hypergeometric endpoint\"\n"
"From remote kernel:"
"\"PASS: \"\"soft series covers the requested pole order\"\n"
"From remote kernel:"
"\"PASS: \"\"endpoint valuation is rational\"\n"
"From remote kernel:"
"\"PASS: \"\"endpoint valuation is rational\"\n"
"From remote kernel:"
"\"PASS: \"\"soft expansion is a Laurent series\"\n"
"From remote kernel:"
"\"PASS: \"\"soft expansion is a Laurent series\"\n"
"From remote kernel:"
"\"PASS: \"\"ordinary real term is fully evaluated\"\n"
"From remote kernel:"
"\"PASS: \"\"soft series covers the requested pole order\"\n"
"From remote kernel:"
"\"PASS: \"\"soft series covers the requested pole order\"\n"
"From remote kernel:"
"\"PASS: \"\"soft expansion is a Laurent series\"\n"
"From remote kernel:"
"\"PASS: \"\"soft coefficients contain no recoil variable\"\n"
"From remote kernel:"
"\"PASS: \"\"soft series covers the requested pole order\"\n"
"From remote kernel:"
"\"PASS: \"\"endpoint valuation is rational\"\n"
"From remote kernel:"
"\"PASS: \"\"soft coefficients contain no recoil variable\"\n"
"From remote kernel:"
"\"PASS: \"\"endpoint valuation is rational\"\n"
"From remote kernel:"
"\"PASS: \"\"endpoint valuation is rational\"\n"
"From remote kernel:"
"\"PASS: \"\"soft expansion is a Laurent series\"\n"
"From remote kernel:"
"\"PASS: \"\"soft expansion is a Laurent series\"\n"
"From remote kernel:"
"\"PASS: \"\"soft series covers the requested pole order\"\n"
"From remote kernel:"
"\"PASS: \"\"soft series covers the requested pole order\"\n"
"From remote kernel:"
"\"PASS: \"\"soft expansion is a Laurent series\"\n"
"From remote kernel:"
"\"PASS: \"\"soft coefficients contain no recoil variable\"\n"
"From remote kernel:"
"\"PASS: \"\"soft series covers the requested pole order\"\n"
"From remote kernel:"
"\"PASS: \"\"endpoint valuation is rational\"\n"
"From remote kernel:"
"\"PASS: \"\"soft expansion is a Laurent series\"\n"
"From remote kernel:"
"\"PASS: \"\"soft series covers the requested pole order\"\n"
"From remote kernel:"
"\"PASS: \"\"soft coefficients contain no recoil variable\"\n"
"From remote kernel:"
"\"PASS: \"\"soft coefficients contain no recoil variable\"\n"
"From remote kernel:"
"\"RealQGG_Charge0__Ppp\"\" real term \"16\"/\"60\"; memory = \"92508720\n"
"From remote kernel:"
"\"RealQGG_Charge0__Ppp\"\" real term \"17\"/\"60\"; memory = \"70780480\n"
"From remote kernel:"
"\"PASS: \"\"ordinary real term is fully evaluated\"\n"
"From remote kernel:"
"\"PASS: \"\"endpoint valuation is rational\"\n"
"From remote kernel:"
"\"PASS: \"\"soft coefficients contain no recoil variable\"\n"
"From remote kernel:"
"\"PASS: \"\"soft coefficients contain no recoil variable\"\n"
"From remote kernel:"
"\"PASS: \"\"soft expansion is a Laurent series\"\n"
"From remote kernel:"
"\"PASS: \"\"ordinary real term is fully evaluated\"\n"
"From remote kernel:"
"\"PASS: \"\"soft series covers the requested pole order\"\n"
"From remote kernel:"
"\"PASS: \"\"endpoint valuation is rational\"\n"
"From remote kernel:"
"\"PASS: \"\"soft coefficients contain no recoil variable\"\n"
"From remote kernel:"
"\"PASS: \"\"endpoint valuation is rational\"\n"
"From remote kernel:"
"\"PASS: \"\"soft expansion is a Laurent series\"\n"
"From remote kernel:"
"\"PASS: \"\"soft coefficients contain no recoil variable\"\n"
"From remote kernel:"
"\"PASS: \"\"endpoint valuation is rational\"\n"
"From remote kernel:"
"\"PASS: \"\"endpoint valuation is rational\"\n"
"From remote kernel:"
"\"PASS: \"\"soft expansion is a Laurent series\"\n"
"From remote kernel:"
"\"PASS: \"\"soft series covers the requested pole order\"\n"
"From remote kernel:"
"\"PASS: \"\"endpoint valuation is rational\"\n"
"From remote kernel:"
"\"PASS: \"\"massless soft argument is a hypergeometric endpoint\"\n"
"From remote kernel:"
"\"PASS: \"\"soft series covers the requested pole order\"\n"
"From remote kernel:"
"\"PASS: \"\"soft expansion is a Laurent series\"\n"
"From remote kernel:"
"\"PASS: \"\"endpoint valuation is rational\"\n"
"From remote kernel:"
"\"PASS: \"\"soft coefficients contain no recoil variable\"\n"
"From remote kernel:"
"\"PASS: \"\"soft coefficients contain no recoil variable\"\n"
"From remote kernel:"
"\"PASS: \"\"soft coefficients contain no recoil variable\"\n"
"From remote kernel:"
"\"PASS: \"\"soft series covers the requested pole order\"\n"
"From remote kernel:"
"\"PASS: \"\"soft expansion is a Laurent series\"\n"
"From remote kernel:"
"\"PASS: \"\"endpoint valuation is rational\"\n"
"From remote kernel:"
"\"PASS: \"\"soft series covers the requested pole order\"\n"
"From remote kernel:"
"\"RealQGG_Charge0__Ppp\"\" real term \"18\"/\"60\"; memory = \"77696208\n"
"From remote kernel:"
"\"PASS: \"\"soft expansion is a Laurent series\"\n"
"From remote kernel:"
"\"PASS: \"\"soft expansion is a Laurent series\"\n"
"From remote kernel:"
"\"RealQGG_Charge0__Ppp\"\" real term \"19\"/\"60\"; memory = \"67482272\n"
"From remote kernel:"
"\"PASS: \"\"soft series covers the requested pole order\"\n"
"From remote kernel:"
"\"PASS: \"\"soft coefficients contain no recoil variable\"\n"
"From remote kernel:"
"\"PASS: \"\"soft series covers the requested pole order\"\n"
"From remote kernel:"
"\"PASS: \"\"soft coefficients contain no recoil variable\"\n"
"From remote kernel:"
"\"PASS: \"\"soft coefficients contain no recoil variable\"\n"
"From remote kernel:"
"\"PASS: \"\"ordinary real term is fully evaluated\"\n"
"From remote kernel:"
"\"PASS: \"\"ordinary real term is fully evaluated\"\n"
"From remote kernel:"
"\"PASS: \"\"endpoint valuation is rational\"\n"
"From remote kernel:"
"\"PASS: \"\"soft coefficients contain no recoil variable\"\n"
"From remote kernel:"
"\"RealQGG_Charge0__Ppp\"\" real term \"20\"/\"60\"; memory = \"92640624\n"
"From remote kernel:"
"\"PASS: \"\"endpoint valuation is rational\"\n"
"From remote kernel:"
"\"PASS: \"\"soft coefficients contain no recoil variable\"\n"
"From remote kernel:"
"\"PASS: \"\"soft expansion is a Laurent series\"\n"
"From remote kernel:"
"\"PASS: \"\"soft series covers the requested pole order\"\n"
"From remote kernel:"
"\"RealQGG_Charge0__Ppp\"\" real term \"21\"/\"60\"; memory = \"71311392\n"
"From remote kernel:"
"\"PASS: \"\"soft coefficients contain no recoil variable\"\n"
"From remote kernel:"
"\"RealQGG_Charge0__Ppp\"\" real term \"22\"/\"60\"; memory = \"73231912\n"
"From remote kernel:"
"\"PASS: \"\"endpoint valuation is rational\"\n"
"From remote kernel:"
"\"PASS: \"\"ordinary real term is fully evaluated\"\n"
"From remote kernel:"
"\"PASS: \"\"soft expansion is a Laurent series\"\n"
"From remote kernel:"
"\"PASS: \"\"soft expansion is a Laurent series\"\n"
"From remote kernel:"
"\"PASS: \"\"endpoint valuation is rational\"\n"
"From remote kernel:"
"\"RealQGG_Charge0__Ppp\"\" real term \"23\"/\"60\"; memory = \"57961880\n"
"From remote kernel:"
"\"PASS: \"\"soft series covers the requested pole order\"\n"
"From remote kernel:"
"\"PASS: \"\"soft series covers the requested pole order\"\n"
"From remote kernel:"
"\"PASS: \"\"soft expansion is a Laurent series\"\n"
"From remote kernel:"
"\"PASS: \"\"ordinary real term is fully evaluated\"\n"
"From remote kernel:"
"\"PASS: \"\"soft coefficients contain no recoil variable\"\n"
"From remote kernel:"
"\"PASS: \"\"soft series covers the requested pole order\"\n"
"From remote kernel:"
"\"PASS: \"\"ordinary real term is fully evaluated\"\n"
"From remote kernel:"
"\"PASS: \"\"endpoint valuation is rational\"\n"
"From remote kernel:"
"\"PASS: \"\"endpoint valuation is rational\"\n"
"From remote kernel:"
"\"PASS: \"\"endpoint valuation is rational\"\n"
"From remote kernel:"
"\"RealQGG_Charge0__Ppp\"\" real term \"24\"/\"60\"; memory = \"67580856\n"
"From remote kernel:"
"\"PASS: \"\"soft expansion is a Laurent series\"\n"
"From remote kernel:"
"\"PASS: \"\"soft coefficients contain no recoil variable\"\n"
"From remote kernel:"
"\"PASS: \"\"soft expansion is a Laurent series\"\n"
"From remote kernel:"
"\"PASS: \"\"soft coefficients contain no recoil variable\"\n"
"From remote kernel:"
"\"PASS: \"\"soft series covers the requested pole order\"\n"
"From remote kernel:"
"\"PASS: \"\"soft expansion is a Laurent series\"\n"
"From remote kernel:"
"\"PASS: \"\"ordinary real term is fully evaluated\"\n"
"From remote kernel:"
"\"PASS: \"\"endpoint valuation is rational\"\n"
"From remote kernel:"
"\"PASS: \"\"soft series covers the requested pole order\"\n"
"From remote kernel:"
"\"PASS: \"\"endpoint valuation is rational\"\n"
"From remote kernel:"
"\"PASS: \"\"soft series covers the requested pole order\"\n"
"From remote kernel:"
"\"PASS: \"\"soft expansion is a Laurent series\"\n"
"From remote kernel:"
"\"PASS: \"\"soft expansion is a Laurent series\"\n"
"From remote kernel:"
"\"PASS: \"\"endpoint valuation is rational\"\n"
"From remote kernel:"
"\"PASS: \"\"soft series covers the requested pole order\"\n"
"From remote kernel:"
"\"PASS: \"\"soft series covers the requested pole order\"\n"
"From remote kernel:"
"\"PASS: \"\"soft coefficients contain no recoil variable\"\n"
"From remote kernel:"
"\"PASS: \"\"soft expansion is a Laurent series\"\n"
"From remote kernel:"
"\"PASS: \"\"soft coefficients contain no recoil variable\"\n"
"From remote kernel:"
"\"PASS: \"\"soft series covers the requested pole order\"\n"
"From remote kernel:"
"\"PASS: \"\"endpoint valuation is rational\"\n"
"From remote kernel:"
"\"PASS: \"\"soft coefficients contain no recoil variable\"\n"
"From remote kernel:"
"\"PASS: \"\"soft expansion is a Laurent series\"\n"
"From remote kernel:"
"\"RealQGG_Charge0__Ppp\"\" real term \"25\"/\"60\"; memory = \"71685160\n"
"From remote kernel:"
"\"PASS: \"\"soft series covers the requested pole order\"\n"
"From remote kernel:"
"\"PASS: \"\"ordinary real term is fully evaluated\"\n"
"From remote kernel:"
"\"RealQGG_Charge0__Ppp\"\" real term \"26\"/\"60\"; memory = \"78788376\n"
"From remote kernel:"
"\"PASS: \"\"ordinary real term is fully evaluated\"\n"
"From remote kernel:"
"\"PASS: \"\"soft coefficients contain no recoil variable\"\n"
"From remote kernel:"
"\"PASS: \"\"endpoint valuation is rational\"\n"
"From remote kernel:"
"\"PASS: \"\"soft coefficients contain no recoil variable\"\n"
"From remote kernel:"
"\"PASS: \"\"endpoint valuation is rational\"\n"
"From remote kernel:"
"\"PASS: \"\"soft coefficients contain no recoil variable\"\n"
"From remote kernel:"
"\"PASS: \"\"endpoint valuation is rational\"\n"
"From remote kernel:"
"\"PASS: \"\"soft expansion is a Laurent series\"\n"
"From remote kernel:"
"\"RealQGG_Charge0__Ppp\"\" real term \"27\"/\"60\"; memory = \"94967472\n"
"From remote kernel:"
"\"PASS: \"\"soft series covers the requested pole order\"\n"
"From remote kernel:"
"\"PASS: \"\"soft expansion is a Laurent series\"\n"
"From remote kernel:"
"\"PASS: \"\"ordinary real term is fully evaluated\"\n"
"From remote kernel:"
"\"RealQGG_Charge0__Ppp\"\" real term \"28\"/\"60\"; memory = \"74045464\n"
"From remote kernel:"
"\"PASS: \"\"soft series covers the requested pole order\"\n"
"From remote kernel:"
"\"PASS: \"\"endpoint valuation is rational\"\n"
"From remote kernel:"
"\"PASS: \"\"soft expansion is a Laurent series\"\n"
"From remote kernel:"
"\"PASS: \"\"soft series covers the requested pole order\"\n"
"From remote kernel:"
"\"PASS: \"\"soft coefficients contain no recoil variable\"\n"
"From remote kernel:"
"\"PASS: \"\"ordinary real term is fully evaluated\"\n"
"From remote kernel:"
"\"PASS: \"\"soft expansion is a Laurent series\"\n"
"From remote kernel:"
"\"PASS: \"\"endpoint valuation is rational\"\n"
"From remote kernel:"
"\"PASS: \"\"soft coefficients contain no recoil variable\"\n"
"From remote kernel:"
"\"PASS: \"\"endpoint valuation is rational\"\n"
"From remote kernel:"
"\"PASS: \"\"soft series covers the requested pole order\"\n"
"From remote kernel:"
"\"PASS: \"\"soft expansion is a Laurent series\"\n"
"From remote kernel:"
"\"PASS: \"\"soft series covers the requested pole order\"\n"
"From remote kernel:"
"\"PASS: \"\"soft expansion is a Laurent series\"\n"
"From remote kernel:"
"\"RealQGG_Charge0__Ppp\"\" real term \"29\"/\"60\"; memory = \"76701320\n"
"From remote kernel:"
"\"PASS: \"\"soft coefficients contain no recoil variable\"\n"
"From remote kernel:"
"\"PASS: \"\"soft series covers the requested pole order\"\n"
"From remote kernel:"
"\"PASS: \"\"ordinary real term is fully evaluated\"\n"
"From remote kernel:"
"\"RealQGG_Charge0__Ppp\"\" real term \"30\"/\"60\"; memory = \"59748544\n"
"From remote kernel:"
"\"PASS: \"\"soft coefficients contain no recoil variable\"\n"
"From remote kernel:"
"\"PASS: \"\"ordinary real term is fully evaluated\"\n"
"From remote kernel:"
"\"PASS: \"\"endpoint valuation is rational\"\n"
"From remote kernel:"
"\"PASS: \"\"endpoint valuation is rational\"\n"
"From remote kernel:"
"\"PASS: \"\"ordinary real term is fully evaluated\"\n"
"From remote kernel:"
"\"PASS: \"\"endpoint valuation is rational\"\n"
"From remote kernel:"
"\"PASS: \"\"massless soft argument is a hypergeometric endpoint\"\n"
"From remote kernel:"
"\"PASS: \"\"soft expansion is a Laurent series\"\n"
"From remote kernel:"
"\"PASS: \"\"endpoint valuation is rational\"\n"
"From remote kernel:"
"\"PASS: \"\"endpoint valuation is rational\"\n"
"From remote kernel:"
"\"PASS: \"\"soft series covers the requested pole order\"\n"
"From remote kernel:"
"\"PASS: \"\"soft expansion is a Laurent series\"\n"
"From remote kernel:"
"\"PASS: \"\"coalescing variable has a positive regular factor\"\n"
"From remote kernel:"
"\"PASS: \"\"soft expansion is a Laurent series\"\n"
"From remote kernel:"
"\"PASS: \"\"soft series covers the requested pole order\"\n"
"From remote kernel:"
"\"PASS: \"\"soft expansion is a Laurent series\"\n"
"From remote kernel:"
"\"PASS: \"\"soft series covers the requested pole order\"\n"
"From remote kernel:"
"\"PASS: \"\"soft coefficients contain no recoil variable\"\n"
"From remote kernel:"
"\"PASS: \"\"soft series covers the requested pole order\"\n"
"From remote kernel:"
"\"PASS: \"\"endpoint valuation is rational\"\n"
"From remote kernel:"
"\"PASS: \"\"soft expansion is a Laurent series\"\n"
"From remote kernel:"
"\"PASS: \"\"soft series covers the requested pole order\"\n"
"From remote kernel:"
"\"PASS: \"\"soft coefficients contain no recoil variable\"\n"
"From remote kernel:"
"\"PASS: \"\"soft expansion is a Laurent series\"\n"
"From remote kernel:"
"\"PASS: \"\"soft coefficients contain no recoil variable\"\n"
"From remote kernel:"
"\"PASS: \"\"soft series covers the requested pole order\"\n"
"From remote kernel:"
"\"PASS: \"\"endpoint valuation is rational\"\n"
"From remote kernel:"
"\"PASS: \"\"soft expansion is a Laurent series\"\n"
"From remote kernel:"
"\"RealQGG_Charge0__Ppp\"\" real term \"31\"/\"60\"; memory = \"70805032\n"
"From remote kernel:"
"\"PASS: \"\"soft coefficients contain no recoil variable\"\n"
"From remote kernel:"
"\"PASS: \"\"soft series covers the requested pole order\"\n"
"From remote kernel:"
"\"PASS: \"\"ordinary real term is fully evaluated\"\n"
"From remote kernel:"
"\"PASS: \"\"endpoint valuation is rational\"\n"
"From remote kernel:"
"\"PASS: \"\"endpoint valuation is rational\"\n"
"From remote kernel:"
"\"PASS: \"\"soft coefficients contain no recoil variable\"\n"
"From remote kernel:"
"\"PASS: \"\"soft expansion is a Laurent series\"\n"
"From remote kernel:"
"\"PASS: \"\"soft expansion is a Laurent series\"\n"
"From remote kernel:"
"\"PASS: \"\"soft series covers the requested pole order\"\n"
"From remote kernel:"
"\"PASS: \"\"soft series covers the requested pole order\"\n"
"From remote kernel:"
"\"PASS: \"\"soft coefficients contain no recoil variable\"\n"
"From remote kernel:"
"\"PASS: \"\"endpoint valuation is rational\"\n"
"From remote kernel:"
"\"PASS: \"\"soft expansion is a Laurent series\"\n"
"From remote kernel:"
"\"PASS: \"\"soft coefficients contain no recoil variable\"\n"
"From remote kernel:"
"\"PASS: \"\"soft series covers the requested pole order\"\n"
"From remote kernel:"
"\"PASS: \"\"soft coefficients contain no recoil variable\"\n"
"From remote kernel:"
"\"PASS: \"\"soft coefficients contain no recoil variable\"\n"
"From remote kernel:"
"\"RealQGG_Charge0__Ppp\"\" real term \"32\"/\"60\"; memory = \"58040480\n"
"From remote kernel:"
"\"PASS: \"\"endpoint valuation is rational\"\n"
"From remote kernel:"
"\"PASS: \"\"endpoint valuation is rational\"\n"
"From remote kernel:"
"\"RealQGG_Charge0__Ppp\"\" real term \"33\"/\"60\"; memory = \"71262464\n"
"From remote kernel:"
"\"PASS: \"\"soft expansion is a Laurent series\"\n"
"From remote kernel:"
"\"PASS: \"\"soft expansion is a Laurent series\"\n"
"From remote kernel:"
"\"PASS: \"\"ordinary real term is fully evaluated\"\n"
"From remote kernel:"
"\"PASS: \"\"soft series covers the requested pole order\"\n"
"From remote kernel:"
"\"PASS: \"\"soft series covers the requested pole order\"\n"
"From remote kernel:"
"\"PASS: \"\"endpoint valuation is rational\"\n"
"From remote kernel:"
"\"PASS: \"\"soft coefficients contain no recoil variable\"\n"
"From remote kernel:"
"\"PASS: \"\"ordinary real term is fully evaluated\"\n"
"From remote kernel:"
"\"PASS: \"\"endpoint valuation is rational\"\n"
"From remote kernel:"
"\"PASS: \"\"soft coefficients contain no recoil variable\"\n"
"From remote kernel:"
"\"PASS: \"\"soft expansion is a Laurent series\"\n"
"From remote kernel:"
"\"RealQGG_Charge0__Ppp\"\" real term \"34\"/\"60\"; memory = \"73981328\n"
"From remote kernel:"
"\"PASS: \"\"soft expansion is a Laurent series\"\n"
"From remote kernel:"
"\"PASS: \"\"soft series covers the requested pole order\"\n"
"From remote kernel:"
"\"PASS: \"\"ordinary real term is fully evaluated\"\n"
"From remote kernel:"
"\"PASS: \"\"soft series covers the requested pole order\"\n"
"From remote kernel:"
"\"RealQGG_Charge0__Ppp\"\" real term \"35\"/\"60\"; memory = \"80619256\n"
"From remote kernel:"
"\"PASS: \"\"endpoint valuation is rational\"\n"
"From remote kernel:"
"\"PASS: \"\"soft coefficients contain no recoil variable\"\n"
"From remote kernel:"
"\"PASS: \"\"soft expansion is a Laurent series\"\n"
"From remote kernel:"
"\"PASS: \"\"soft series covers the requested pole order\"\n"
"From remote kernel:"
"\"PASS: \"\"soft coefficients contain no recoil variable\"\n"
"From remote kernel:"
"\"PASS: \"\"soft coefficients contain no recoil variable\"\n"
"From remote kernel:"
"\"PASS: \"\"soft coefficients contain no recoil variable\"\n"
"From remote kernel:"
"\"RealQGG_Charge0__Ppp\"\" real term \"36\"/\"60\"; memory = \"96241192\n"
"From remote kernel:"
"\"PASS: \"\"endpoint valuation is rational\"\n"
"From remote kernel:"
"\"PASS: \"\"endpoint valuation is rational\"\n"
"From remote kernel:"
"\"PASS: \"\"endpoint valuation is rational\"\n"
"From remote kernel:"
"\"PASS: \"\"ordinary real term is fully evaluated\"\n"
"From remote kernel:"
"\"PASS: \"\"massless soft argument is a hypergeometric endpoint\"\n"
"From remote kernel:"
"\"PASS: \"\"ordinary real term is fully evaluated\"\n"
"From remote kernel:"
"\"PASS: \"\"soft expansion is a Laurent series\"\n"
"From remote kernel:"
"\"PASS: \"\"soft expansion is a Laurent series\"\n"
"From remote kernel:"
"\"PASS: \"\"endpoint valuation is rational\"\n"
"From remote kernel:"
"\"PASS: \"\"endpoint valuation is rational\"\n"
"From remote kernel:"
"\"PASS: \"\"endpoint valuation is rational\"\n"
"From remote kernel:"
"\"PASS: \"\"soft series covers the requested pole order\"\n"
"From remote kernel:"
"\"PASS: \"\"soft coefficients contain no recoil variable\"\n"
"From remote kernel:"
"\"PASS: \"\"soft series covers the requested pole order\"\n"
"From remote kernel:"
"\"PASS: \"\"soft expansion is a Laurent series\"\n"
"From remote kernel:"
"\"PASS: \"\"coalescing variable has a positive regular factor\"\n"
"From remote kernel:"
"\"PASS: \"\"soft expansion is a Laurent series\"\n"
"From remote kernel:"
"\"PASS: \"\"endpoint valuation is rational\"\n"
"From remote kernel:"
"\"PASS: \"\"soft series covers the requested pole order\"\n"
"From remote kernel:"
"\"PASS: \"\"soft expansion is a Laurent series\"\n"
"From remote kernel:"
"\"PASS: \"\"soft series covers the requested pole order\"\n"
"From remote kernel:"
"\"PASS: \"\"soft expansion is a Laurent series\"\n"
"From remote kernel:"
"\"PASS: \"\"soft coefficients contain no recoil variable\"\n"
"From remote kernel:"
"\"PASS: \"\"soft coefficients contain no recoil variable\"\n"
"From remote kernel:"
"\"PASS: \"\"soft series covers the requested pole order\"\n"
"From remote kernel:"
"\"PASS: \"\"soft series covers the requested pole order\"\n"
"From remote kernel:"
"\"PASS: \"\"endpoint valuation is rational\"\n"
"From remote kernel:"
"\"PASS: \"\"soft expansion is a Laurent series\"\n"
"From remote kernel:"
"\"PASS: \"\"soft expansion is a Laurent series\"\n"
"From remote kernel:"
"\"PASS: \"\"soft series covers the requested pole order\"\n"
"From remote kernel:"
"\"PASS: \"\"soft coefficients contain no recoil variable\"\n"
"From remote kernel:"
"\"RealQGG_Charge0__Ppp\"\" real term \"37\"/\"60\"; memory = \"58875944\n"
"From remote kernel:"
"\"PASS: \"\"soft series covers the requested pole order\"\n"
"From remote kernel:"
"\"PASS: \"\"ordinary real term is fully evaluated\"\n"
"From remote kernel:"
"\"RealQGG_Charge0__Ppp\"\" real term \"38\"/\"60\"; memory = \"72291288\n"
"From remote kernel:"
"\"PASS: \"\"soft coefficients contain no recoil variable\"\n"
"From remote kernel:"
"\"PASS: \"\"soft coefficients contain no recoil variable\"\n"
"From remote kernel:"
"\"PASS: \"\"soft coefficients contain no recoil variable\"\n"
"From remote kernel:"
"\"PASS: \"\"endpoint valuation is rational\"\n"
"From remote kernel:"
"\"PASS: \"\"soft coefficients contain no recoil variable\"\n"
"From remote kernel:"
"\"PASS: \"\"ordinary real term is fully evaluated\"\n"
"From remote kernel:"
"\"RealQGG_Charge0__Ppp\"\" real term \"40\"/\"60\"; memory = \"74850144\n"
"From remote kernel:"
"\"PASS: \"\"soft expansion is a Laurent series\"\n"
"From remote kernel:"
"\"RealQGG_Charge0__Ppp\"\" real term \"39\"/\"60\"; memory = \"78865120\n"
"From remote kernel:"
"\"RealQGG_Charge0__Ppp\"\" real term \"41\"/\"60\"; memory = \"77083216\n"
"From remote kernel:"
"\"PASS: \"\"soft series covers the requested pole order\"\n"
"From remote kernel:"
"\"PASS: \"\"endpoint valuation is rational\"\n"
"From remote kernel:"
"\"PASS: \"\"ordinary real term is fully evaluated\"\n"
"From remote kernel:"
"\"RealQGG_Charge0__Ppp\"\" real term \"42\"/\"60\"; memory = \"96338408\n"
"From remote kernel:"
"\"PASS: \"\"endpoint valuation is rational\"\n"
"From remote kernel:"
"\"PASS: \"\"ordinary real term is fully evaluated\"\n"
"From remote kernel:"
"\"PASS: \"\"ordinary real term is fully evaluated\"\n"
"From remote kernel:"
"\"PASS: \"\"soft expansion is a Laurent series\"\n"
"From remote kernel:"
"\"PASS: \"\"soft expansion is a Laurent series\"\n"
"From remote kernel:"
"\"PASS: \"\"endpoint valuation is rational\"\n"
"From remote kernel:"
"\"PASS: \"\"endpoint valuation is rational\"\n"
"From remote kernel:"
"\"PASS: \"\"soft series covers the requested pole order\"\n"
"From remote kernel:"
"\"PASS: \"\"soft series covers the requested pole order\"\n"
"From remote kernel:"
"\"PASS: \"\"soft coefficients contain no recoil variable\"\n"
"From remote kernel:"
"\"PASS: \"\"ordinary real term is fully evaluated\"\n"
"From remote kernel:"
"\"PASS: \"\"soft expansion is a Laurent series\"\n"
"From remote kernel:"
"\"PASS: \"\"soft expansion is a Laurent series\"\n"
"From remote kernel:"
"\"PASS: \"\"soft coefficients contain no recoil variable\"\n"
"From remote kernel:"
"\"PASS: \"\"soft series covers the requested pole order\"\n"
"From remote kernel:"
"\"PASS: \"\"soft series covers the requested pole order\"\n"
"From remote kernel:"
"\"PASS: \"\"endpoint valuation is rational\"\n"
"From remote kernel:"
"\"PASS: \"\"endpoint valuation is rational\"\n"
"From remote kernel:"
"\"PASS: \"\"soft coefficients contain no recoil variable\"\n"
"From remote kernel:"
"\"PASS: \"\"soft expansion is a Laurent series\"\n"
"From remote kernel:"
"\"PASS: \"\"soft expansion is a Laurent series\"\n"
"From remote kernel:"
"\"PASS: \"\"endpoint valuation is rational\"\n"
"From remote kernel:"
"\"PASS: \"\"soft series covers the requested pole order\"\n"
"From remote kernel:"
"\"PASS: \"\"soft series covers the requested pole order\"\n"
"From remote kernel:"
"\"PASS: \"\"endpoint valuation is rational\"\n"
"From remote kernel:"
"\"PASS: \"\"soft coefficients contain no recoil variable\"\n"
"From remote kernel:"
"\"PASS: \"\"soft coefficients contain no recoil variable\"\n"
"From remote kernel:"
"\"PASS: \"\"endpoint valuation is rational\"\n"
"From remote kernel:"
"\"PASS: \"\"soft expansion is a Laurent series\"\n"
"From remote kernel:"
"\"RealQGG_Charge0__Ppp\"\" real term \"43\"/\"60\"; memory = \"58032312\n"
"From remote kernel:"
"\"PASS: \"\"soft coefficients contain no recoil variable\"\n"
"From remote kernel:"
"\"PASS: \"\"soft expansion is a Laurent series\"\n"
"From remote kernel:"
"\"PASS: \"\"soft series covers the requested pole order\"\n"
"From remote kernel:"
"\"PASS: \"\"soft series covers the requested pole order\"\n"
"From remote kernel:"
"\"PASS: \"\"soft expansion is a Laurent series\"\n"
"From remote kernel:"
"\"RealQGG_Charge0__Ppp\"\" real term \"44\"/\"60\"; memory = \"59885384\n"
"From remote kernel:"
"\"PASS: \"\"soft series covers the requested pole order\"\n"
"From remote kernel:"
"\"PASS: \"\"soft coefficients contain no recoil variable\"\n"
"From remote kernel:"
"\"PASS: \"\"soft coefficients contain no recoil variable\"\n"
"From remote kernel:"
"\"PASS: \"\"soft coefficients contain no recoil variable\"\n"
"From remote kernel:"
"\"RealQGG_Charge0__Ppp\"\" real term \"45\"/\"60\"; memory = \"73407528\n"
"From remote kernel:"
"\"PASS: \"\"ordinary real term is fully evaluated\"\n"
"From remote kernel:"
"\"PASS: \"\"ordinary real term is fully evaluated\"\n"
"From remote kernel:"
"\"PASS: \"\"ordinary real term is fully evaluated\"\n"
"From remote kernel:"
"\"PASS: \"\"endpoint valuation is rational\"\n"
"From remote kernel:"
"\"PASS: \"\"endpoint valuation is rational\"\n"
"From remote kernel:"
"\"PASS: \"\"endpoint valuation is rational\"\n"
"From remote kernel:"
"\"PASS: \"\"massless soft argument is a hypergeometric endpoint\"\n"
"From remote kernel:"
"\"RealQGG_Charge0__Ppp\"\" real term \"46\"/\"60\"; memory = \"58004720\n"
"From remote kernel:"
"\"PASS: \"\"endpoint valuation is rational\"\n"
"From remote kernel:"
"\"PASS: \"\"soft expansion is a Laurent series\"\n"
"From remote kernel:"
"\"PASS: \"\"soft coefficients contain no recoil variable\"\n"
"From remote kernel:"
"\"PASS: \"\"coalescing variable has a positive regular factor\"\n"
"From remote kernel:"
"\"PASS: \"\"endpoint valuation is rational\"\n"
"From remote kernel:"
"\"PASS: \"\"soft series covers the requested pole order\"\n"
"From remote kernel:"
"\"PASS: \"\"endpoint valuation is rational\"\n"
"From remote kernel:"
"\"PASS: \"\"soft coefficients contain no recoil variable\"\n"
"From remote kernel:"
"\"PASS: \"\"soft expansion is a Laurent series\"\n"
"From remote kernel:"
"\"PASS: \"\"soft expansion is a Laurent series\"\n"
"From remote kernel:"
"\"PASS: \"\"endpoint valuation is rational\"\n"
"From remote kernel:"
"\"PASS: \"\"soft series covers the requested pole order\"\n"
"From remote kernel:"
"\"PASS: \"\"soft expansion is a Laurent series\"\n"
"From remote kernel:"
"\"PASS: \"\"soft series covers the requested pole order\"\n"
"From remote kernel:"
"\"PASS: \"\"ordinary real term is fully evaluated\"\n"
"From remote kernel:"
"\"PASS: \"\"soft expansion is a Laurent series\"\n"
"From remote kernel:"
"\"PASS: \"\"soft expansion is a Laurent series\"\n"
"From remote kernel:"
"\"PASS: \"\"soft expansion is a Laurent series\"\n"
"From remote kernel:"
"\"PASS: \"\"soft series covers the requested pole order\"\n"
"From remote kernel:"
"\"PASS: \"\"soft coefficients contain no recoil variable\"\n"
"From remote kernel:"
"\"PASS: \"\"endpoint valuation is rational\"\n"
"From remote kernel:"
"\"PASS: \"\"soft series covers the requested pole order\"\n"
"From remote kernel:"
"\"PASS: \"\"soft series covers the requested pole order\"\n"
"From remote kernel:"
"\"PASS: \"\"soft series covers the requested pole order\"\n"
"From remote kernel:"
"\"PASS: \"\"soft expansion is a Laurent series\"\n"
"From remote kernel:"
"\"PASS: \"\"soft series covers the requested pole order\"\n"
"From remote kernel:"
"\"RealQGG_Charge0__Ppp\"\" real term \"47\"/\"60\"; memory = \"96739568\n"
"From remote kernel:"
"\"PASS: \"\"soft coefficients contain no recoil variable\"\n"
"From remote kernel:"
"\"PASS: \"\"ordinary real term is fully evaluated\"\n"
"From remote kernel:"
"\"PASS: \"\"endpoint valuation is rational\"\n"
"From remote kernel:"
"\"PASS: \"\"soft coefficients contain no recoil variable\"\n"
"From remote kernel:"
"\"PASS: \"\"soft coefficients contain no recoil variable\"\n"
"From remote kernel:"
"\"RealQGG_Charge0__Ppp\"\" real term \"48\"/\"60\"; memory = \"81805432\n"
"From remote kernel:"
"\"PASS: \"\"soft expansion is a Laurent series\"\n"
"From remote kernel:"
"\"PASS: \"\"endpoint valuation is rational\"\n"
"From remote kernel:"
"\"PASS: \"\"soft series covers the requested pole order\"\n"
"From remote kernel:"
"\"PASS: \"\"soft expansion is a Laurent series\"\n"
"From remote kernel:"
"\"PASS: \"\"ordinary real term is fully evaluated\"\n"
"From remote kernel:"
"\"PASS: \"\"soft series covers the requested pole order\"\n"
"From remote kernel:"
"\"RealQGG_Charge0__Ppp\"\" real term \"49\"/\"60\"; memory = \"82978816\n"
"From remote kernel:"
"\"PASS: \"\"endpoint valuation is rational\"\n"
"From remote kernel:"
"\"PASS: \"\"ordinary real term is fully evaluated\"\n"
"From remote kernel:"
"\"PASS: \"\"endpoint valuation is rational\"\n"
"From remote kernel:"
"\"PASS: \"\"soft expansion is a Laurent series\"\n"
"From remote kernel:"
"\"PASS: \"\"soft coefficients contain no recoil variable\"\n"
"From remote kernel:"
"\"PASS: \"\"soft expansion is a Laurent series\"\n"
"From remote kernel:"
"\"PASS: \"\"soft series covers the requested pole order\"\n"
"From remote kernel:"
"\"PASS: \"\"soft series covers the requested pole order\"\n"
"From remote kernel:"
"\"PASS: \"\"soft coefficients contain no recoil variable\"\n"
"From remote kernel:"
"\"PASS: \"\"endpoint valuation is rational\"\n"
"From remote kernel:"
"\"PASS: \"\"soft expansion is a Laurent series\"\n"
"From remote kernel:"
"\"RealQGG_Charge0__Ppp\"\" real term \"50\"/\"60\"; memory = \"58802008\n"
"From remote kernel:"
"\"PASS: \"\"soft coefficients contain no recoil variable\"\n"
"From remote kernel:"
"\"PASS: \"\"soft series covers the requested pole order\"\n"
"From remote kernel:"
"\"PASS: \"\"soft coefficients contain no recoil variable\"\n"
"From remote kernel:"
"\"PASS: \"\"soft coefficients contain no recoil variable\"\n"
"From remote kernel:"
"\"PASS: \"\"endpoint valuation is rational\"\n"
"From remote kernel:"
"\"PASS: \"\"endpoint valuation is rational\"\n"
"From remote kernel:"
"\"PASS: \"\"soft expansion is a Laurent series\"\n"
"From remote kernel:"
"\"PASS: \"\"soft expansion is a Laurent series\"\n"
"From remote kernel:"
"\"PASS: \"\"soft coefficients contain no recoil variable\"\n"
"From remote kernel:"
"\"PASS: \"\"endpoint valuation is rational\"\n"
"From remote kernel:"
"\"PASS: \"\"soft series covers the requested pole order\"\n"
"From remote kernel:"
"\"PASS: \"\"ordinary real term is fully evaluated\"\n"
"From remote kernel:"
"\"PASS: \"\"soft series covers the requested pole order\"\n"
"From remote kernel:"
"\"PASS: \"\"soft expansion is a Laurent series\"\n"
"From remote kernel:"
"\"PASS: \"\"soft coefficients contain no recoil variable\"\n"
"From remote kernel:"
"\"PASS: \"\"endpoint valuation is rational\"\n"
"From remote kernel:"
"\"PASS: \"\"soft series covers the requested pole order\"\n"
"From remote kernel:"
"\"RealQGG_Charge0__Ppp\"\" real term \"51\"/\"60\"; memory = \"79210192\n"
"From remote kernel:"
"\"PASS: \"\"soft coefficients contain no recoil variable\"\n"
"From remote kernel:"
"\"PASS: \"\"ordinary real term is fully evaluated\"\n"
"From remote kernel:"
"\"PASS: \"\"soft expansion is a Laurent series\"\n"
"From remote kernel:"
"\"PASS: \"\"endpoint valuation is rational\"\n"
"From remote kernel:"
"\"RealQGG_Charge0__Ppp\"\" real term \"52\"/\"60\"; memory = \"96728920\n"
"From remote kernel:"
"\"PASS: \"\"soft series covers the requested pole order\"\n"
"From remote kernel:"
"\"PASS: \"\"soft expansion is a Laurent series\"\n"
"From remote kernel:"
"\"PASS: \"\"soft coefficients contain no recoil variable\"\n"
"From remote kernel:"
"\"PASS: \"\"ordinary real term is fully evaluated\"\n"
"From remote kernel:"
"\"PASS: \"\"soft coefficients contain no recoil variable\"\n"
"From remote kernel:"
"\"PASS: \"\"soft series covers the requested pole order\"\n"
"From remote kernel:"
"\"RealQGG_Charge0__Ppp\"\" real term \"53\"/\"60\"; memory = \"82674384\n"
"From remote kernel:"
"\"RealQGG_Charge0__Ppp\"\" real term \"54\"/\"60\"; memory = \"83611520\n"
"From remote kernel:"
"\"PASS: \"\"soft coefficients contain no recoil variable\"\n"
"From remote kernel:"
"\"PASS: \"\"endpoint valuation is rational\"\n"
"From remote kernel:"
"\"PASS: \"\"endpoint valuation is rational\"\n"
"From remote kernel:"
"\"PASS: \"\"soft coefficients contain no recoil variable\"\n"
"From remote kernel:"
"\"PASS: \"\"endpoint valuation is rational\"\n"
"From remote kernel:"
"\"PASS: \"\"soft expansion is a Laurent series\"\n"
"From remote kernel:"
"\"PASS: \"\"endpoint valuation is rational\"\n"
"From remote kernel:"
"\"PASS: \"\"massless soft argument is a hypergeometric endpoint\"\n"
"From remote kernel:"
"\"PASS: \"\"soft expansion is a Laurent series\"\n"
"From remote kernel:"
"\"PASS: \"\"ordinary real term is fully evaluated\"\n"
"From remote kernel:"
"\"PASS: \"\"soft series covers the requested pole order\"\n"
"From remote kernel:"
"\"PASS: \"\"soft expansion is a Laurent series\"\n"
"From remote kernel:"
"\"PASS: \"\"endpoint valuation is rational\"\n"
"From remote kernel:"
"\"PASS: \"\"soft series covers the requested pole order\"\n"
"From remote kernel:"
"\"PASS: \"\"endpoint valuation is rational\"\n"
"From remote kernel:"
"\"PASS: \"\"ordinary real term is fully evaluated\"\n"
"From remote kernel:"
"\"PASS: \"\"soft series covers the requested pole order\"\n"
"From remote kernel:"
"\"PASS: \"\"coalescing variable has a positive regular factor\"\n"
"From remote kernel:"
"\"PASS: \"\"soft expansion is a Laurent series\"\n"
"From remote kernel:"
"\"PASS: \"\"soft expansion is a Laurent series\"\n"
"From remote kernel:"
"\"PASS: \"\"soft coefficients contain no recoil variable\"\n"
"From remote kernel:"
"\"PASS: \"\"soft series covers the requested pole order\"\n"
"From remote kernel:"
"\"PASS: \"\"soft series covers the requested pole order\"\n"
"From remote kernel:"
"\"PASS: \"\"soft coefficients contain no recoil variable\"\n"
"From remote kernel:"
"\"PASS: \"\"endpoint valuation is rational\"\n"
"From remote kernel:"
"\"PASS: \"\"soft expansion is a Laurent series\"\n"
"From remote kernel:"
"\"PASS: \"\"soft series covers the requested pole order\"\n"
"From remote kernel:"
"\"RealQGG_Charge0__Ppp\"\" real term \"55\"/\"60\"; memory = \"79483144\n"
"From remote kernel:"
"\"PASS: \"\"endpoint valuation is rational\"\n"
"From remote kernel:"
"\"PASS: \"\"soft expansion is a Laurent series\"\n"
"From remote kernel:"
"\"PASS: \"\"soft coefficients contain no recoil variable\"\n"
"From remote kernel:"
"\"PASS: \"\"soft series covers the requested pole order\"\n"
"From remote kernel:"
"\"PASS: \"\"soft expansion is a Laurent series\"\n"
"From remote kernel:"
"\"PASS: \"\"endpoint valuation is rational\"\n"
"From remote kernel:"
"\"PASS: \"\"soft series covers the requested pole order\"\n"
"From remote kernel:"
"\"PASS: \"\"soft coefficients contain no recoil variable\"\n"
"From remote kernel:"
"\"PASS: \"\"soft expansion is a Laurent series\"\n"
"From remote kernel:"
"\"PASS: \"\"soft coefficients contain no recoil variable\"\n"
"From remote kernel:"
"\"PASS: \"\"soft series covers the requested pole order\"\n"
"From remote kernel:"
"\"RealQGG_Charge0__Ppp\"\" real term \"56\"/\"60\"; memory = \"62475248\n"
"From remote kernel:"
"\"PASS: \"\"ordinary real term is fully evaluated\"\n"
"From remote kernel:"
"\"RealQGG_Charge0__Ppp\"\" real term \"57\"/\"60\"; memory = \"96933272\n"
"From remote kernel:"
"\"PASS: \"\"soft coefficients contain no recoil variable\"\n"
"From remote kernel:"
"\"PASS: \"\"soft coefficients contain no recoil variable\"\n"
"From remote kernel:"
"\"PASS: \"\"endpoint valuation is rational\"\n"
"From remote kernel:"
"\"PASS: \"\"soft coefficients contain no recoil variable\"\n"
"From remote kernel:"
"\"PASS: \"\"soft expansion is a Laurent series\"\n"
"From remote kernel:"
"\"PASS: \"\"endpoint valuation is rational\"\n"
"From remote kernel:"
"\"PASS: \"\"soft coefficients contain no recoil variable\"\n"
"From remote kernel:"
"\"PASS: \"\"ordinary real term is fully evaluated\"\n"
"From remote kernel:"
"\"PASS: \"\"ordinary real term is fully evaluated\"\n"
"From remote kernel:"
"\"PASS: \"\"soft series covers the requested pole order\"\n"
"From remote kernel:"
"\"PASS: \"\"endpoint valuation is rational\"\n"
"From remote kernel:"
"\"PASS: \"\"endpoint valuation is rational\"\n"
"From remote kernel:"
"\"PASS: \"\"endpoint valuation is rational\"\n"
"From remote kernel:"
"\"PASS: \"\"soft expansion is a Laurent series\"\n"
"From remote kernel:"
"\"RealQGG_Charge0__Ppp\"\" real term \"58\"/\"60\"; memory = \"83560760\n"
"From remote kernel:"
"\"PASS: \"\"soft expansion is a Laurent series\"\n"
"From remote kernel:"
"\"RealQGG_Charge0__Ppp\"\" real term \"59\"/\"60\"; memory = \"61850328\n"
"From remote kernel:"
"\"PASS: \"\"soft series covers the requested pole order\"\n"
"From remote kernel:"
"\"PASS: \"\"soft series covers the requested pole order\"\n"
"From remote kernel:"
"\"PASS: \"\"soft expansion is a Laurent series\"\n"
"From remote kernel:"
"\"PASS: \"\"soft expansion is a Laurent series\"\n"
"From remote kernel:"
"\"PASS: \"\"soft series covers the requested pole order\"\n"
"From remote kernel:"
"\"PASS: \"\"soft series covers the requested pole order\"\n"
"From remote kernel:"
"\"PASS: \"\"ordinary real term is fully evaluated\"\n"
"From remote kernel:"
"\"PASS: \"\"soft coefficients contain no recoil variable\"\n"
"From remote kernel:"
"\"PASS: \"\"endpoint valuation is rational\"\n"
"From remote kernel:"
"\"PASS: \"\"soft coefficients contain no recoil variable\"\n"
"From remote kernel:"
"\"RealQGG_Charge0__Ppp\"\" real term \"60\"/\"60\"; memory = \"86030616\n"
"From remote kernel:"
"\"PASS: \"\"soft expansion is a Laurent series\"\n"
"From remote kernel:"
"\"PASS: \"\"soft series covers the requested pole order\"\n"
"From remote kernel:"
"\"PASS: \"\"ordinary real term is fully evaluated\"\n"
"From remote kernel:"
"\"PASS: \"\"endpoint valuation is rational\"\n"
"From remote kernel:"
"\"PASS: \"\"ordinary real term is fully evaluated\"\n"
"From remote kernel:"
"\"PASS: \"\"massless soft argument is a hypergeometric endpoint\"\n"
"From remote kernel:"
"\"PASS: \"\"endpoint valuation is rational\"\n"
"From remote kernel:"
"\"PASS: \"\"soft expansion is a Laurent series\"\n"
"From remote kernel:"
"\"PASS: \"\"soft series covers the requested pole order\"\n"
"From remote kernel:"
"\"PASS: \"\"soft coefficients contain no recoil variable\"\n"
"From remote kernel:"
"\"PASS: \"\"soft coefficients contain no recoil variable\"\n"
"From remote kernel:"
"\"PASS: \"\"endpoint valuation is rational\"\n"
"From remote kernel:"
"\"PASS: \"\"endpoint valuation is rational\"\n"
"From remote kernel:"
"\"PASS: \"\"soft expansion is a Laurent series\"\n"
"From remote kernel:"
"\"PASS: \"\"soft coefficients contain no recoil variable\"\n"
"From remote kernel:"
"\"PASS: \"\"soft series covers the requested pole order\"\n"
"From remote kernel:"
"\"PASS: \"\"endpoint valuation is rational\"\n"
"From remote kernel:"
"\"PASS: \"\"soft coefficients contain no recoil variable\"\n"
"From remote kernel:"
"\"PASS: \"\"soft expansion is a Laurent series\"\n"
"From remote kernel:"
"\"PASS: \"\"soft expansion is a Laurent series\"\n"
"From remote kernel:"
"\"PASS: \"\"soft series covers the requested pole order\"\n"
"From remote kernel:"
"\"PASS: \"\"soft series covers the requested pole order\"\n"
"From remote kernel:"
"\"PASS: \"\"endpoint valuation is rational\"\n"
"From remote kernel:"
"\"PASS: \"\"soft expansion is a Laurent series\"\n"
"From remote kernel:"
"\"PASS: \"\"soft coefficients contain no recoil variable\"\n"
"From remote kernel:"
"\"PASS: \"\"soft series covers the requested pole order\"\n"
"From remote kernel:"
"\"PASS: \"\"soft coefficients contain no recoil variable\"\n"
"From remote kernel:"
"\"PASS: \"\"endpoint valuation is rational\"\n"
"From remote kernel:"
"\"PASS: \"\"soft expansion is a Laurent series\"\n"
"From remote kernel:"
"\"PASS: \"\"soft series covers the requested pole order\"\n"
"From remote kernel:"
"\"PASS: \"\"soft coefficients contain no recoil variable\"\n"
"From remote kernel:"
"\"PASS: \"\"soft coefficients contain no recoil variable\"\n"
"From remote kernel:"
"\"PASS: \"\"soft coefficients contain no recoil variable\"\n"
"From remote kernel:"
"\"PASS: \"\"endpoint valuation is rational\"\n"
"From remote kernel:"
"\"PASS: \"\"soft coefficients contain no recoil variable\"\n"
"From remote kernel:"
"\"PASS: \"\"massless soft argument is a hypergeometric endpoint\"\n"
"From remote kernel:"
"\"PASS: \"\"soft coefficients contain no recoil variable\"\n"
"From remote kernel:"
"\"PASS: \"\"endpoint valuation is rational\"\n"
"From remote kernel:"
"\"PASS: \"\"soft expansion is a Laurent series\"\n"
"From remote kernel:"
"\"PASS: \"\"soft series covers the requested pole order\"\n"
"From remote kernel:"
"\"PASS: \"\"endpoint valuation is rational\"\n"
"From remote kernel:"
"\"PASS: \"\"soft expansion is a Laurent series\"\n"
"From remote kernel:"
"\"PASS: \"\"soft series covers the requested pole order\"\n"
"From remote kernel:"
"\"PASS: \"\"soft coefficients contain no recoil variable\"\n"
"From remote kernel:"
"\"PASS: \"\"soft coefficients contain no recoil variable\"\n"
"PASS: ""RealQGG_Charge0__Ppp all real phase-space terms completed"
"RealQGG_Charge0__Ppp"" assembling distribution branch "1
"RealQGG_Charge0__Ppp"" branch "1" soft group "{1, -1}
"RealQGG_Charge0__Ppp"" branch "1" soft group "{2, -1}
"RealQGG_Charge0__Ppp"" branch "1" delta coefficient"
"RealQGG_Charge0__Ppp"" branch "1" plus coefficients"
"PASS: ""no higher logarithmic plus distribution survives"
"RealQGG_Charge0__Ppp"" branch "1" regular remainder"
"RealQGG_Charge0__Ppp"" distribution branch "1" saved."
"RealQGG_Charge0__Ppp"" assembling distribution branch "-1
"RealQGG_Charge0__Ppp"" branch "-1" soft group "{1, -1}
"RealQGG_Charge0__Ppp"" branch "-1" soft group "{2, -1}
"RealQGG_Charge0__Ppp"" branch "-1" delta coefficient"
"RealQGG_Charge0__Ppp"" branch "-1" plus coefficients"
"PASS: ""no higher logarithmic plus distribution survives"
"RealQGG_Charge0__Ppp"" branch "-1" regular remainder"
"RealQGG_Charge0__Ppp"" distribution branch "-1" saved."
"From remote kernel:"
"\"RealSame_Charge0__Pg\"\" real term \"1\"/\"160\"; memory = \"58033528\n"
"From remote kernel:"
"\"RealSame_Charge0__Pg\"\" real term \"2\"/\"160\"; memory = \"58096800\n"
"From remote kernel:"
"\"RealSame_Charge0__Pg\"\" real term \"3\"/\"160\"; memory = \"82597848\n"
"From remote kernel:"
"\"RealSame_Charge0__Pg\"\" real term \"4\"/\"160\"; memory = \"75596368\n"
"From remote kernel:"
"\"RealSame_Charge0__Pg\"\" real term \"5\"/\"160\"; memory = \"66244112\n"
"From remote kernel:"
"\"RealSame_Charge0__Pg\"\" real term \"6\"/\"160\"; memory = \"64563664\n"
"From remote kernel:"
"\"RealSame_Charge0__Pg\"\" real term \"7\"/\"160\"; memory = \"85199784\n"
"From remote kernel:"
"\"RealSame_Charge0__Pg\"\" real term \"8\"/\"160\"; memory = \"98051856\n"
"From remote kernel:"
"\"PASS: \"\"ordinary real term is fully evaluated\"\n"
"From remote kernel:"
"\"PASS: \"\"ordinary real term is fully evaluated\"\n"
"From remote kernel:"
"\"PASS: \"\"ordinary real term is fully evaluated\"\n"
"From remote kernel:"
"\"PASS: \"\"ordinary real term is fully evaluated\"\n"
"From remote kernel:"
"\"PASS: \"\"ordinary real term is fully evaluated\"\n"
"From remote kernel:"
"\"PASS: \"\"ordinary real term is fully evaluated\"\n"
"From remote kernel:"
"\"PASS: \"\"endpoint valuation is rational\"\n"
"From remote kernel:"
"\"PASS: \"\"endpoint valuation is rational\"\n"
"From remote kernel:"
"\"PASS: \"\"endpoint valuation is rational\"\n"
"From remote kernel:"
"\"PASS: \"\"endpoint valuation is rational\"\n"
"From remote kernel:"
"\"PASS: \"\"soft expansion is a Laurent series\"\n"
"From remote kernel:"
"\"PASS: \"\"endpoint valuation is rational\"\n"
"From remote kernel:"
"\"PASS: \"\"soft expansion is a Laurent series\"\n"
"From remote kernel:"
"\"PASS: \"\"soft expansion is a Laurent series\"\n"
"From remote kernel:"
"\"PASS: \"\"soft series covers the requested pole order\"\n"
"From remote kernel:"
"\"PASS: \"\"ordinary real term is fully evaluated\"\n"
"From remote kernel:"
"\"PASS: \"\"soft expansion is a Laurent series\"\n"
"From remote kernel:"
"\"PASS: \"\"soft expansion is a Laurent series\"\n"
"From remote kernel:"
"\"PASS: \"\"soft series covers the requested pole order\"\n"
"From remote kernel:"
"\"PASS: \"\"soft series covers the requested pole order\"\n"
"From remote kernel:"
"\"PASS: \"\"endpoint valuation is rational\"\n"
"From remote kernel:"
"\"PASS: \"\"soft series covers the requested pole order\"\n"
"From remote kernel:"
"\"PASS: \"\"soft series covers the requested pole order\"\n"
"From remote kernel:"
"\"PASS: \"\"endpoint valuation is rational\"\n"
"From remote kernel:"
"\"PASS: \"\"soft expansion is a Laurent series\"\n"
"From remote kernel:"
"\"PASS: \"\"ordinary real term is fully evaluated\"\n"
"From remote kernel:"
"\"PASS: \"\"endpoint valuation is rational\"\n"
"From remote kernel:"
"\"PASS: \"\"endpoint valuation is rational\"\n"
"From remote kernel:"
"\"PASS: \"\"soft expansion is a Laurent series\"\n"
"From remote kernel:"
"\"PASS: \"\"soft series covers the requested pole order\"\n"
"From remote kernel:"
"\"PASS: \"\"soft expansion is a Laurent series\"\n"
"From remote kernel:"
"\"PASS: \"\"soft series covers the requested pole order\"\n"
"From remote kernel:"
"\"PASS: \"\"soft expansion is a Laurent series\"\n"
"From remote kernel:"
"\"PASS: \"\"soft series covers the requested pole order\"\n"
"From remote kernel:"
"\"PASS: \"\"endpoint valuation is rational\"\n"
"From remote kernel:"
"\"PASS: \"\"soft series covers the requested pole order\"\n"
"From remote kernel:"
"\"PASS: \"\"endpoint valuation is rational\"\n"
"From remote kernel:"
"\"RealSame_Charge0__Pg\"\" real term \"9\"/\"160\"; memory = \"98228264\n"
"From remote kernel:"
"\"PASS: \"\"soft expansion is a Laurent series\"\n"
"From remote kernel:"
"\"PASS: \"\"soft series covers the requested pole order\"\n"
"From remote kernel:"
"\"PASS: \"\"endpoint valuation is rational\"\n"
"From remote kernel:"
"\"RealSame_Charge0__Pg\"\" real term \"11\"/\"160\"; memory = \"83058704\n"
"From remote kernel:"
"\"RealSame_Charge0__Pg\"\" real term \"10\"/\"160\"; memory = \"75968432\n"
"From remote kernel:"
"\"PASS: \"\"soft coefficients contain no recoil variable\"\n"
"From remote kernel:"
"\"PASS: \"\"ordinary real term is fully evaluated\"\n"
"From remote kernel:"
"\"PASS: \"\"soft expansion is a Laurent series\"\n"
"From remote kernel:"
"\"RealSame_Charge0__Pg\"\" real term \"12\"/\"160\"; memory = \"66709904\n"
"From remote kernel:"
"\"PASS: \"\"soft coefficients contain no recoil variable\"\n"
"From remote kernel:"
"\"PASS: \"\"endpoint valuation is rational\"\n"
"From remote kernel:"
"\"PASS: \"\"soft series covers the requested pole order\"\n"
"From remote kernel:"
"\"PASS: \"\"soft expansion is a Laurent series\"\n"
"From remote kernel:"
"\"PASS: \"\"ordinary real term is fully evaluated\"\n"
"From remote kernel:"
"\"PASS: \"\"ordinary real term is fully evaluated\"\n"
"From remote kernel:"
"\"PASS: \"\"endpoint valuation is rational\"\n"
"From remote kernel:"
"\"PASS: \"\"soft expansion is a Laurent series\"\n"
"From remote kernel:"
"\"PASS: \"\"soft series covers the requested pole order\"\n"
"From remote kernel:"
"\"PASS: \"\"endpoint valuation is rational\"\n"
"From remote kernel:"
"\"PASS: \"\"ordinary real term is fully evaluated\"\n"
"From remote kernel:"
"\"PASS: \"\"soft expansion is a Laurent series\"\n"
"From remote kernel:"
"\"PASS: \"\"endpoint valuation is rational\"\n"
"From remote kernel:"
"\"PASS: \"\"soft series covers the requested pole order\"\n"
"From remote kernel:"
"\"PASS: \"\"soft expansion is a Laurent series\"\n"
"From remote kernel:"
"\"PASS: \"\"endpoint valuation is rational\"\n"
"From remote kernel:"
"\"PASS: \"\"soft series covers the requested pole order\"\n"
"From remote kernel:"
"\"PASS: \"\"soft expansion is a Laurent series\"\n"
"From remote kernel:"
"\"PASS: \"\"endpoint valuation is rational\"\n"
"From remote kernel:"
"\"PASS: \"\"soft series covers the requested pole order\"\n"
"From remote kernel:"
"\"PASS: \"\"soft expansion is a Laurent series\"\n"
"From remote kernel:"
"\"PASS: \"\"endpoint valuation is rational\"\n"
"From remote kernel:"
"\"PASS: \"\"soft coefficients contain no recoil variable\"\n"
"From remote kernel:"
"\"PASS: \"\"soft series covers the requested pole order\"\n"
"From remote kernel:"
"\"PASS: \"\"soft expansion is a Laurent series\"\n"
"From remote kernel:"
"\"PASS: \"\"soft coefficients contain no recoil variable\"\n"
"From remote kernel:"
"\"PASS: \"\"endpoint valuation is rational\"\n"
"From remote kernel:"
"\"PASS: \"\"soft series covers the requested pole order\"\n"
"From remote kernel:"
"\"PASS: \"\"soft expansion is a Laurent series\"\n"
"From remote kernel:"
"\"PASS: \"\"soft series covers the requested pole order\"\n"
"From remote kernel:"
"\"PASS: \"\"soft expansion is a Laurent series\"\n"
"From remote kernel:"
"\"PASS: \"\"soft series covers the requested pole order\"\n"
"From remote kernel:"
"\"PASS: \"\"soft series covers the requested pole order\"\n"
"From remote kernel:"
"\"PASS: \"\"endpoint valuation is rational\"\n"
"From remote kernel:"
"\"RealSame_Charge0__Pg\"\" real term \"13\"/\"160\"; memory = \"65148976\n"
"From remote kernel:"
"\"PASS: \"\"endpoint valuation is rational\"\n"
"From remote kernel:"
"\"PASS: \"\"soft expansion is a Laurent series\"\n"
"From remote kernel:"
"\"RealSame_Charge0__Pg\"\" real term \"14\"/\"160\"; memory = \"98259840\n"
"From remote kernel:"
"\"PASS: \"\"soft expansion is a Laurent series\"\n"
"From remote kernel:"
"\"PASS: \"\"soft series covers the requested pole order\"\n"
"From remote kernel:"
"\"PASS: \"\"endpoint valuation is rational\"\n"
"From remote kernel:"
"\"RealSame_Charge0__Pg\"\" real term \"15\"/\"160\"; memory = \"83237336\n"
"From remote kernel:"
"\"PASS: \"\"soft series covers the requested pole order\"\n"
"From remote kernel:"
"\"PASS: \"\"soft coefficients contain no recoil variable\"\n"
"From remote kernel:"
"\"PASS: \"\"soft expansion is a Laurent series\"\n"
"From remote kernel:"
"\"RealSame_Charge0__Pg\"\" real term \"16\"/\"160\"; memory = \"67216760\n"
"From remote kernel:"
"\"PASS: \"\"soft series covers the requested pole order\"\n"
"From remote kernel:"
"\"PASS: \"\"ordinary real term is fully evaluated\"\n"
"From remote kernel:"
"\"RealSame_Charge0__Pg\"\" real term \"17\"/\"160\"; memory = \"85803056\n"
"From remote kernel:"
"\"PASS: \"\"ordinary real term is fully evaluated\"\n"
"From remote kernel:"
"\"RealSame_Charge0__Pg\"\" real term \"18\"/\"160\"; memory = \"58113296\n"
"From remote kernel:"
"\"PASS: \"\"endpoint valuation is rational\"\n"
"From remote kernel:"
"\"PASS: \"\"soft coefficients contain no recoil variable\"\n"
"From remote kernel:"
"\"PASS: \"\"endpoint valuation is rational\"\n"
"From remote kernel:"
"\"PASS: \"\"soft expansion is a Laurent series\"\n"
"From remote kernel:"
"\"PASS: \"\"massless soft argument is a hypergeometric endpoint\"\n"
"From remote kernel:"
"\"PASS: \"\"soft series covers the requested pole order\"\n"
"From remote kernel:"
"\"PASS: \"\"endpoint valuation is rational\"\n"
"From remote kernel:"
"\"RealSame_Charge0__Pg\"\" real term \"19\"/\"160\"; memory = \"59585536\n"
"From remote kernel:"
"\"PASS: \"\"soft expansion is a Laurent series\"\n"
"From remote kernel:"
"\"PASS: \"\"soft series covers the requested pole order\"\n"
"From remote kernel:"
"\"PASS: \"\"one mixed denominator is massive\"\n"
"From remote kernel:"
"\"PASS: \"\"endpoint valuation is rational\"\n"
"From remote kernel:"
"\"PASS: \"\"one mixed denominator is massive\"\n"
"From remote kernel:"
"\"PASS: \"\"massless soft argument is a hypergeometric endpoint\"\n"
"From remote kernel:"
"\"PASS: \"\"soft coefficients contain no recoil variable\"\n"
"From remote kernel:"
"\"PASS: \"\"ordinary real term is fully evaluated\"\n"
"From remote kernel:"
"\"PASS: \"\"endpoint valuation is rational\"\n"
"From remote kernel:"
"\"PASS: \"\"one mixed denominator is massive\"\n"
"From remote kernel:"
"\"PASS: \"\"soft expansion is a Laurent series\"\n"
"From remote kernel:"
"\"PASS: \"\"one mixed denominator is massive\"\n"
"From remote kernel:"
"\"PASS: \"\"soft series covers the requested pole order\"\n"
"From remote kernel:"
"\"PASS: \"\"endpoint valuation is rational\"\n"
"From remote kernel:"
"\"PASS: \"\"soft expansion is a Laurent series\"\n"
"From remote kernel:"
"\"PASS: \"\"ordinary real term is fully evaluated\"\n"
"From remote kernel:"
"\"RealSame_Charge0__Pg\"\" real term \"20\"/\"160\"; memory = \"65564904\n"
"From remote kernel:"
"\"PASS: \"\"soft series covers the requested pole order\"\n"
"From remote kernel:"
"\"PASS: \"\"one mixed denominator is massive\"\n"
"From remote kernel:"
"\"PASS: \"\"massive angular denominator stays separated at the soft endpoint\"\n"
"From remote kernel:"
"\"PASS: \"\"soft expansion is a Laurent series\"\n"
"From remote kernel:"
"\"PASS: \"\"soft series covers the requested pole order\"\n"
"From remote kernel:"
"\"PASS: \"\"soft coefficients contain no recoil variable\"\n"
"From remote kernel:"
"\"PASS: \"\"soft coefficients contain no recoil variable\"\n"
"From remote kernel:"
"\"PASS: \"\"ordinary real term is fully evaluated\"\n"
"From remote kernel:"
"\"PASS: \"\"endpoint valuation is rational\"\n"
"From remote kernel:"
"\"PASS: \"\"soft expansion is a Laurent series\"\n"
"From remote kernel:"
"\"PASS: \"\"massive angular denominator stays separated at the soft endpoint\"\n"
"From remote kernel:"
"\"PASS: \"\"soft series covers the requested pole order\"\n"
"From remote kernel:"
"\"PASS: \"\"soft expansion is a Laurent series\"\n"
"From remote kernel:"
"\"PASS: \"\"soft series covers the requested pole order\"\n"
"From remote kernel:"
"\"PASS: \"\"massive angular denominator stays separated at the soft endpoint\"\n"
"From remote kernel:"
"\"PASS: \"\"soft coefficients contain no recoil variable\"\n"
"From remote kernel:"
"\"PASS: \"\"soft coefficients contain no recoil variable\"\n"
"From remote kernel:"
"\"PASS: \"\"soft expansion is a Laurent series\"\n"
"From remote kernel:"
"\"PASS: \"\"soft series covers the requested pole order\"\n"
"From remote kernel:"
"\"PASS: \"\"one mixed denominator is massive\"\n"
"From remote kernel:"
"\"RealSame_Charge0__Pg\"\" real term \"21\"/\"160\"; memory = \"61070472\n"
"From remote kernel:"
"\"PASS: \"\"soft coefficients contain no recoil variable\"\n"
"From remote kernel:"
"\"RealSame_Charge0__Pg\"\" real term \"22\"/\"160\"; memory = \"219324792\n"
"From remote kernel:"
"\"PASS: \"\"ordinary real term is fully evaluated\"\n"
"From remote kernel:"
"\"PASS: \"\"massive angular denominator stays separated at the soft endpoint\"\n"
"From remote kernel:"
"\"PASS: \"\"soft expansion is a Laurent series\"\n"
"From remote kernel:"
"\"PASS: \"\"soft series covers the requested pole order\"\n"
"From remote kernel:"
"\"PASS: \"\"massive angular denominator stays separated at the soft endpoint\"\n"
"From remote kernel:"
"\"PASS: \"\"soft coefficients contain no recoil variable\"\n"
"From remote kernel:"
"\"PASS: \"\"mixed angular endpoint approach follows from its domain\"\n"
"From remote kernel:"
"\"PASS: \"\"inverted dilogarithm arguments are negative on the real domain\"\n"
"From remote kernel:"
"\"PASS: \"\"inverse hyperbolic logarithms preserve derivative and anchor\"\n"
"From remote kernel:"
"\"RealSame_Charge0__Pg\"\" real term \"23\"/\"160\"; memory = \"210584016\n"
"From remote kernel:"
"\"PASS: \"\"soft coefficients contain no recoil variable\"\n"
"From remote kernel:"
"\"PASS: \"\"one mixed denominator is massive\"\n"
"From remote kernel:"
"\"RealSame_Charge0__Pg\"\" real term \"24\"/\"160\"; memory = \"99168288\n"
"From remote kernel:"
"\"PASS: \"\"ordinary real term is fully evaluated\"\n"
"From remote kernel:"
"\"PASS: \"\"massive angular denominator stays separated at the soft endpoint\"\n"
"From remote kernel:"
"\"PASS: \"\"one mixed denominator is massive\"\n"
"From remote kernel:"
"\"PASS: \"\"soft expansion is a Laurent series\"\n"
"From remote kernel:"
"\"PASS: \"\"soft series covers the requested pole order\"\n"
"From remote kernel:"
"\"PASS: \"\"one mixed denominator is massive\"\n"
"From remote kernel:"
"\"PASS: \"\"ordinary real term is fully evaluated\"\n"
"From remote kernel:"
"\"PASS: \"\"ordinary real term is fully evaluated\"\n"
"From remote kernel:"
"\"PASS: \"\"soft coefficients contain no recoil variable\"\n"
"From remote kernel:"
"\"PASS: \"\"massive angular denominator stays separated at the soft endpoint\"\n"
"From remote kernel:"
"\"PASS: \"\"mixed angular endpoint approach follows from its domain\"\n"
"From remote kernel:"
"\"PASS: \"\"inverted dilogarithm arguments are negative on the real domain\"\n"
"From remote kernel:"
"\"PASS: \"\"massive angular denominator stays separated at the soft endpoint\"\n"
"From remote kernel:"
"\"PASS: \"\"soft expansion is a Laurent series\"\n"
"From remote kernel:"
"\"PASS: \"\"soft series covers the requested pole order\"\n"
"From remote kernel:"
"\"PASS: \"\"massive angular denominator stays separated at the soft endpoint\"\n"
"From remote kernel:"
"\"PASS: \"\"soft expansion is a Laurent series\"\n"
"From remote kernel:"
"\"PASS: \"\"soft coefficients contain no recoil variable\"\n"
"From remote kernel:"
"\"PASS: \"\"soft series covers the requested pole order\"\n"
"From remote kernel:"
"\"PASS: \"\"soft coefficients contain no recoil variable\"\n"
"From remote kernel:"
"\"PASS: \"\"massive angular denominator stays separated at the soft endpoint\"\n"
"From remote kernel:"
"\"PASS: \"\"soft expansion is a Laurent series\"\n"
"From remote kernel:"
"\"PASS: \"\"soft series covers the requested pole order\"\n"
"From remote kernel:"
"\"RealSame_Charge0__Pg\"\" real term \"25\"/\"160\"; memory = \"209322240\n"
"From remote kernel:"
"\"PASS: \"\"massive angular denominator stays separated at the soft endpoint\"\n"
"From remote kernel:"
"\"PASS: \"\"massive angular denominator stays separated at the soft endpoint\"\n"
"From remote kernel:"
"\"PASS: \"\"soft expansion is a Laurent series\"\n"
"From remote kernel:"
"\"PASS: \"\"soft expansion is a Laurent series\"\n"
"From remote kernel:"
"\"PASS: \"\"soft series covers the requested pole order\"\n"
"From remote kernel:"
"\"PASS: \"\"soft series covers the requested pole order\"\n"
"From remote kernel:"
"\"PASS: \"\"soft coefficients contain no recoil variable\"\n"
"From remote kernel:"
"\"RealSame_Charge0__Pg\"\" real term \"26\"/\"160\"; memory = \"250834384\n"
"From remote kernel:"
"\"RealSame_Charge0__Pg\"\" real term \"27\"/\"160\"; memory = \"214077328\n"
"From remote kernel:"
"\"PASS: \"\"ordinary real term is fully evaluated\"\n"
"From remote kernel:"
"\"PASS: \"\"one mixed denominator is massive\"\n"
"From remote kernel:"
"\"PASS: \"\"massive angular denominator stays separated at the soft endpoint\"\n"
"From remote kernel:"
"\"PASS: \"\"soft expansion is a Laurent series\"\n"
"From remote kernel:"
"\"PASS: \"\"soft series covers the requested pole order\"\n"
"From remote kernel:"
"\"PASS: \"\"one mixed denominator is massive\"\n"
"From remote kernel:"
"\"PASS: \"\"massive angular denominator stays separated at the soft endpoint\"\n"
"From remote kernel:"
"\"PASS: \"\"soft expansion is a Laurent series\"\n"
"From remote kernel:"
"\"PASS: \"\"soft series covers the requested pole order\"\n"
"From remote kernel:"
"\"RealSame_Charge0__Pg\"\" real term \"28\"/\"160\"; memory = \"250888904\n"
"From remote kernel:"
"\"PASS: \"\"ordinary real term is fully evaluated\"\n"
"From remote kernel:"
"\"PASS: \"\"ordinary real term is fully evaluated\"\n"
"From remote kernel:"
"\"PASS: \"\"massive angular denominator stays separated at the soft endpoint\"\n"
"From remote kernel:"
"\"PASS: \"\"soft expansion is a Laurent series\"\n"
"From remote kernel:"
"\"PASS: \"\"soft series covers the requested pole order\"\n"
"From remote kernel:"
"\"PASS: \"\"massive angular denominator stays separated at the soft endpoint\"\n"
"From remote kernel:"
"\"PASS: \"\"massive angular denominator stays separated at the soft endpoint\"\n"
"From remote kernel:"
"\"PASS: \"\"mixed angular endpoint approach follows from its domain\"\n"
"From remote kernel:"
"\"PASS: \"\"soft expansion is a Laurent series\"\n"
"From remote kernel:"
"\"PASS: \"\"inverted dilogarithm arguments are negative on the real domain\"\n"
"From remote kernel:"
"\"PASS: \"\"soft series covers the requested pole order\"\n"
"From remote kernel:"
"\"PASS: \"\"inverse hyperbolic logarithms preserve derivative and anchor\"\n"
"From remote kernel:"
"\"RealSame_Charge0__Pg\"\" real term \"29\"/\"160\"; memory = \"250940568\n"
"From remote kernel:"
"\"PASS: \"\"ordinary real term is fully evaluated\"\n"
"From remote kernel:"
"\"PASS: \"\"ordinary real term is fully evaluated\"\n"
"From remote kernel:"
"\"PASS: \"\"massive angular denominator stays separated at the soft endpoint\"\n"
"From remote kernel:"
"\"PASS: \"\"soft expansion is a Laurent series\"\n"
"From remote kernel:"
"\"PASS: \"\"soft series covers the requested pole order\"\n"
"From remote kernel:"
"\"PASS: \"\"massive angular denominator stays separated at the soft endpoint\"\n"
"From remote kernel:"
"\"PASS: \"\"soft expansion is a Laurent series\"\n"
"From remote kernel:"
"\"PASS: \"\"soft series covers the requested pole order\"\n"
"From remote kernel:"
"\"RealSame_Charge0__Pg\"\" real term \"30\"/\"160\"; memory = \"251009568\n"
"From remote kernel:"
"\"PASS: \"\"massive angular denominator stays separated at the soft endpoint\"\n"
"From remote kernel:"
"\"PASS: \"\"mixed angular endpoint approach follows from its domain\"\n"
"From remote kernel:"
"\"PASS: \"\"inverted dilogarithm arguments are negative on the real domain\"\n"
"From remote kernel:"
"\"PASS: \"\"inverse hyperbolic logarithms preserve derivative and anchor\"\n"
"From remote kernel:"
"\"PASS: \"\"ordinary real term is fully evaluated\"\n"
"From remote kernel:"
"\"PASS: \"\"massive angular denominator stays separated at the soft endpoint\"\n"
"From remote kernel:"
"\"PASS: \"\"mixed angular endpoint approach follows from its domain\"\n"
"From remote kernel:"
"\"PASS: \"\"inverted dilogarithm arguments are negative on the real domain\"\n"
"From remote kernel:"
"\"PASS: \"\"ordinary real term is fully evaluated\"\n"
"From remote kernel:"
"\"PASS: \"\"massive angular denominator stays separated at the soft endpoint\"\n"
"From remote kernel:"
"\"PASS: \"\"mixed angular endpoint approach follows from its domain\"\n"
"From remote kernel:"
"\"PASS: \"\"inverted dilogarithm arguments are negative on the real domain\"\n"
"From remote kernel:"
"\"PASS: \"\"inverse hyperbolic logarithms preserve derivative and anchor\"\n"
"From remote kernel:"
"\"PASS: \"\"soft expansion is a Laurent series\"\n"
"From remote kernel:"
"\"PASS: \"\"soft series covers the requested pole order\"\n"
"From remote kernel:"
"\"PASS: \"\"soft coefficients contain no recoil variable\"\n"
"From remote kernel:"
"\"PASS: \"\"massive angular denominator stays separated at the soft endpoint\"\n"
"From remote kernel:"
"\"PASS: \"\"mixed angular endpoint approach follows from its domain\"\n"
"From remote kernel:"
"\"PASS: \"\"inverted dilogarithm arguments are negative on the real domain\"\n"
"From remote kernel:"
"\"PASS: \"\"ordinary real term is fully evaluated\"\n"
"From remote kernel:"
"\"PASS: \"\"massive angular denominator stays separated at the soft endpoint\"\n"
"From remote kernel:"
"\"PASS: \"\"mixed angular endpoint approach follows from its domain\"\n"
"From remote kernel:"
"\"PASS: \"\"inverted dilogarithm arguments are negative on the real domain\"\n"
"From remote kernel:"
"\"PASS: \"\"inverse hyperbolic logarithms preserve derivative and anchor\"\n"
"From remote kernel:"
"\"PASS: \"\"ordinary real term is fully evaluated\"\n"
"From remote kernel:"
"\"PASS: \"\"massive angular denominator stays separated at the soft endpoint\"\n"
"From remote kernel:"
"\"PASS: \"\"mixed angular endpoint approach follows from its domain\"\n"
"From remote kernel:"
"\"PASS: \"\"inverted dilogarithm arguments are negative on the real domain\"\n"
"From remote kernel:"
"\"PASS: \"\"inverse hyperbolic logarithms preserve derivative and anchor\"\n"
"From remote kernel:"
"\"PASS: \"\"soft expansion is a Laurent series\"\n"
"From remote kernel:"
"\"PASS: \"\"soft series covers the requested pole order\"\n"
"From remote kernel:"
"\"PASS: \"\"soft coefficients contain no recoil variable\"\n"
"From remote kernel:"
"\"PASS: \"\"massive angular denominator stays separated at the soft endpoint\"\n"
"From remote kernel:"
"\"PASS: \"\"mixed angular endpoint approach follows from its domain\"\n"
"From remote kernel:"
"\"PASS: \"\"inverted dilogarithm arguments are negative on the real domain\"\n"
"From remote kernel:"
"\"PASS: \"\"inverse hyperbolic logarithms preserve derivative and anchor\"\n"
"From remote kernel:"
"\"PASS: \"\"soft expansion is a Laurent series\"\n"
"From remote kernel:"
"\"PASS: \"\"soft series covers the requested pole order\"\n"
"From remote kernel:"
"\"PASS: \"\"massive angular denominator stays separated at the soft endpoint\"\n"
"From remote kernel:"
"\"PASS: \"\"mixed angular endpoint approach follows from its domain\"\n"
"From remote kernel:"
"\"PASS: \"\"inverted dilogarithm arguments are negative on the real domain\"\n"
"From remote kernel:"
"\"PASS: \"\"inverse hyperbolic logarithms preserve derivative and anchor\"\n"
"From remote kernel:"
"\"PASS: \"\"soft expansion is a Laurent series\"\n"
"From remote kernel:"
"\"PASS: \"\"soft series covers the requested pole order\"\n"
"From remote kernel:"
"\"PASS: \"\"soft coefficients contain no recoil variable\"\n"
"From remote kernel:"
"\"PASS: \"\"massive angular denominator stays separated at the soft endpoint\"\n"
"From remote kernel:"
"\"PASS: \"\"mixed angular endpoint approach follows from its domain\"\n"
"From remote kernel:"
"\"PASS: \"\"inverted dilogarithm arguments are negative on the real domain\"\n"
"From remote kernel:"
"\"PASS: \"\"inverse hyperbolic logarithms preserve derivative and anchor\"\n"
"From remote kernel:"
"\"PASS: \"\"soft expansion is a Laurent series\"\n"
"From remote kernel:"
"\"PASS: \"\"soft series covers the requested pole order\"\n"
"From remote kernel:"
"\"PASS: \"\"massive angular denominator stays separated at the soft endpoint\"\n"
"From remote kernel:"
"\"PASS: \"\"mixed angular endpoint approach follows from its domain\"\n"
"From remote kernel:"
"\"PASS: \"\"inverted dilogarithm arguments are negative on the real domain\"\n"
"From remote kernel:"
"\"PASS: \"\"inverse hyperbolic logarithms preserve derivative and anchor\"\n"
"From remote kernel:"
"\"PASS: \"\"soft expansion is a Laurent series\"\n"
"From remote kernel:"
"\"PASS: \"\"soft series covers the requested pole order\"\n"
"From remote kernel:"
"\"PASS: \"\"massive angular denominator stays separated at the soft endpoint\"\n"
"From remote kernel:"
"\"PASS: \"\"mixed angular endpoint approach follows from its domain\"\n"
"From remote kernel:"
"\"PASS: \"\"inverted dilogarithm arguments are negative on the real domain\"\n"
"From remote kernel:"
"\"PASS: \"\"inverse hyperbolic logarithms preserve derivative and anchor\"\n"
"From remote kernel:"
"\"PASS: \"\"soft expansion is a Laurent series\"\n"
"From remote kernel:"
"\"PASS: \"\"soft series covers the requested pole order\"\n"
"From remote kernel:"
"\"PASS: \"\"soft coefficients contain no recoil variable\"\n"
"From remote kernel:"
"\"PASS: \"\"soft expansion is a Laurent series\"\n"
"From remote kernel:"
"\"PASS: \"\"soft series covers the requested pole order\"\n"
"From remote kernel:"
"\"RealSame_Charge0__Pg\"\" real term \"31\"/\"160\"; memory = \"219960328\n"
"From remote kernel:"
"\"PASS: \"\"ordinary real term is fully evaluated\"\n"
"From remote kernel:"
"\"PASS: \"\"massive angular denominator stays separated at the soft endpoint\"\n"
"From remote kernel:"
"\"PASS: \"\"soft expansion is a Laurent series\"\n"
"From remote kernel:"
"\"PASS: \"\"soft coefficients contain no recoil variable\"\n"
"From remote kernel:"
"\"PASS: \"\"soft series covers the requested pole order\"\n"
"From remote kernel:"
"\"PASS: \"\"massive angular denominator stays separated at the soft endpoint\"\n"
"From remote kernel:"
"\"PASS: \"\"soft expansion is a Laurent series\"\n"
"From remote kernel:"
"\"PASS: \"\"soft series covers the requested pole order\"\n"
"From remote kernel:"
"\"RealSame_Charge0__Pg\"\" real term \"32\"/\"160\"; memory = \"220202632\n"
"From remote kernel:"
"\"PASS: \"\"ordinary real term is fully evaluated\"\n"
"From remote kernel:"
"\"PASS: \"\"massive angular denominator stays separated at the soft endpoint\"\n"
"From remote kernel:"
"\"PASS: \"\"massive angular denominator stays separated at the soft endpoint\"\n"
"From remote kernel:"
"\"PASS: \"\"mixed angular endpoint approach follows from its domain\"\n"
"From remote kernel:"
"\"PASS: \"\"soft expansion is a Laurent series\"\n"
"From remote kernel:"
"\"PASS: \"\"inverted dilogarithm arguments are negative on the real domain\"\n"
"From remote kernel:"
"\"PASS: \"\"soft series covers the requested pole order\"\n"
"From remote kernel:"
"\"PASS: \"\"inverse hyperbolic logarithms preserve derivative and anchor\"\n"
"From remote kernel:"
"\"PASS: \"\"massive angular denominator stays separated at the soft endpoint\"\n"
"From remote kernel:"
"\"PASS: \"\"soft expansion is a Laurent series\"\n"
"From remote kernel:"
"\"PASS: \"\"soft series covers the requested pole order\"\n"
"From remote kernel:"
"\"RealSame_Charge0__Pg\"\" real term \"33\"/\"160\"; memory = \"220290480\n"
"From remote kernel:"
"\"PASS: \"\"soft expansion is a Laurent series\"\n"
"From remote kernel:"
"\"PASS: \"\"soft series covers the requested pole order\"\n"
"From remote kernel:"
"\"RealSame_Charge0__Pg\"\" real term \"34\"/\"160\"; memory = \"222661792\n"
"From remote kernel:"
"\"PASS: \"\"one mixed denominator is massive\"\n"
"From remote kernel:"
"\"PASS: \"\"ordinary real term is fully evaluated\"\n"
"From remote kernel:"
"\"PASS: \"\"massive angular denominator stays separated at the soft endpoint\"\n"
"From remote kernel:"
"\"PASS: \"\"soft expansion is a Laurent series\"\n"
"From remote kernel:"
"\"PASS: \"\"soft series covers the requested pole order\"\n"
"From remote kernel:"
"\"PASS: \"\"soft coefficients contain no recoil variable\"\n"
"From remote kernel:"
"\"PASS: \"\"massive angular denominator stays separated at the soft endpoint\"\n"
"From remote kernel:"
"\"PASS: \"\"soft expansion is a Laurent series\"\n"
"From remote kernel:"
"\"PASS: \"\"soft series covers the requested pole order\"\n"
"From remote kernel:"
"\"PASS: \"\"soft coefficients contain no recoil variable\"\n"
"From remote kernel:"
"\"RealSame_Charge0__Pg\"\" real term \"35\"/\"160\"; memory = \"223225208\n"
"From remote kernel:"
"\"PASS: \"\"ordinary real term is fully evaluated\"\n"
"From remote kernel:"
"\"PASS: \"\"massive angular denominator stays separated at the soft endpoint\"\n"
"From remote kernel:"
"\"PASS: \"\"soft expansion is a Laurent series\"\n"
"From remote kernel:"
"\"PASS: \"\"soft expansion is a Laurent series\"\n"
"From remote kernel:"
"\"PASS: \"\"soft series covers the requested pole order\"\n"
"From remote kernel:"
"\"PASS: \"\"soft series covers the requested pole order\"\n"
"From remote kernel:"
"\"PASS: \"\"soft coefficients contain no recoil variable\"\n"
"From remote kernel:"
"\"PASS: \"\"massive angular denominator stays separated at the soft endpoint\"\n"
"From remote kernel:"
"\"PASS: \"\"soft coefficients contain no recoil variable\"\n"
"From remote kernel:"
"\"PASS: \"\"soft expansion is a Laurent series\"\n"
"From remote kernel:"
"\"RealSame_Charge0__Pg\"\" real term \"36\"/\"160\"; memory = \"248195920\n"
"From remote kernel:"
"\"PASS: \"\"soft series covers the requested pole order\"\n"
"From remote kernel:"
"\"PASS: \"\"soft expansion is a Laurent series\"\n"
"From remote kernel:"
"\"PASS: \"\"soft series covers the requested pole order\"\n"
"From remote kernel:"
"\"PASS: \"\"soft coefficients contain no recoil variable\"\n"
"From remote kernel:"
"\"RealSame_Charge0__Pg\"\" real term \"37\"/\"160\"; memory = \"220464072\n"
"From remote kernel:"
"\"PASS: \"\"one mixed denominator is massive\"\n"
"From remote kernel:"
"\"PASS: \"\"ordinary real term is fully evaluated\"\n"
"From remote kernel:"
"\"RealSame_Charge0__Pg\"\" real term \"38\"/\"160\"; memory = \"227853888\n"
"From remote kernel:"
"\"PASS: \"\"massive angular denominator stays separated at the soft endpoint\"\n"
MONITOR_HEARTBEAT elapsed=30s rss=2749.3MiB peak=2755.9MiB
"From remote kernel:"
"\"PASS: \"\"soft expansion is a Laurent series\"\n"
"From remote kernel:"
"\"PASS: \"\"soft series covers the requested pole order\"\n"
"From remote kernel:"
"\"PASS: \"\"soft coefficients contain no recoil variable\"\n"
"From remote kernel:"
"\"PASS: \"\"one mixed denominator is massive\"\n"
"From remote kernel:"
"\"PASS: \"\"massive angular denominator stays separated at the soft endpoint\"\n"
"From remote kernel:"
"\"PASS: \"\"soft expansion is a Laurent series\"\n"
"From remote kernel:"
"\"PASS: \"\"ordinary real term is fully evaluated\"\n"
"From remote kernel:"
"\"PASS: \"\"soft series covers the requested pole order\"\n"
"From remote kernel:"
"\"PASS: \"\"soft coefficients contain no recoil variable\"\n"
"From remote kernel:"
"\"PASS: \"\"massive angular denominator stays separated at the soft endpoint\"\n"
"From remote kernel:"
"\"RealSame_Charge0__Pg\"\" real term \"39\"/\"160\"; memory = \"248558160\n"
"From remote kernel:"
"\"PASS: \"\"ordinary real term is fully evaluated\"\n"
"From remote kernel:"
"\"PASS: \"\"soft expansion is a Laurent series\"\n"
"From remote kernel:"
"\"PASS: \"\"soft series covers the requested pole order\"\n"
"From remote kernel:"
"\"PASS: \"\"massive angular denominator stays separated at the soft endpoint\"\n"
"From remote kernel:"
"\"PASS: \"\"soft expansion is a Laurent series\"\n"
"From remote kernel:"
"\"PASS: \"\"soft coefficients contain no recoil variable\"\n"
"From remote kernel:"
"\"PASS: \"\"soft series covers the requested pole order\"\n"
"From remote kernel:"
"\"PASS: \"\"soft coefficients contain no recoil variable\"\n"
"From remote kernel:"
"\"PASS: \"\"massive angular denominator stays separated at the soft endpoint\"\n"
"From remote kernel:"
"\"PASS: \"\"massive angular denominator stays separated at the soft endpoint\"\n"
"From remote kernel:"
"\"PASS: \"\"soft expansion is a Laurent series\"\n"
"From remote kernel:"
"\"PASS: \"\"soft expansion is a Laurent series\"\n"
"From remote kernel:"
"\"PASS: \"\"soft series covers the requested pole order\"\n"
"From remote kernel:"
"\"PASS: \"\"soft series covers the requested pole order\"\n"
"From remote kernel:"
"\"PASS: \"\"soft coefficients contain no recoil variable\"\n"
"From remote kernel:"
"\"RealSame_Charge0__Pg\"\" real term \"40\"/\"160\"; memory = \"223537896\n"
"From remote kernel:"
"\"PASS: \"\"soft coefficients contain no recoil variable\"\n"
"From remote kernel:"
"\"RealSame_Charge0__Pg\"\" real term \"41\"/\"160\"; memory = \"234647816\n"
"From remote kernel:"
"\"PASS: \"\"ordinary real term is fully evaluated\"\n"
"From remote kernel:"
"\"PASS: \"\"massive angular denominator stays separated at the soft endpoint\"\n"
"From remote kernel:"
"\"PASS: \"\"soft expansion is a Laurent series\"\n"
"From remote kernel:"
"\"PASS: \"\"soft series covers the requested pole order\"\n"
"From remote kernel:"
"\"PASS: \"\"soft coefficients contain no recoil variable\"\n"
"From remote kernel:"
"\"PASS: \"\"massive angular denominator stays separated at the soft endpoint\"\n"
"From remote kernel:"
"\"PASS: \"\"soft expansion is a Laurent series\"\n"
"From remote kernel:"
"\"PASS: \"\"soft series covers the requested pole order\"\n"
"From remote kernel:"
"\"RealSame_Charge0__Pg\"\" real term \"42\"/\"160\"; memory = \"224673168\n"
"From remote kernel:"
"\"PASS: \"\"soft expansion is a Laurent series\"\n"
"From remote kernel:"
"\"PASS: \"\"soft series covers the requested pole order\"\n"
"From remote kernel:"
"\"PASS: \"\"one mixed denominator is massive\"\n"
"From remote kernel:"
"\"PASS: \"\"ordinary real term is fully evaluated\"\n"
"From remote kernel:"
"\"PASS: \"\"massive angular denominator stays separated at the soft endpoint\"\n"
"From remote kernel:"
"\"PASS: \"\"soft coefficients contain no recoil variable\"\n"
"From remote kernel:"
"\"RealSame_Charge0__Pg\"\" real term \"43\"/\"160\"; memory = \"239273032\n"
"From remote kernel:"
"\"PASS: \"\"ordinary real term is fully evaluated\"\n"
"From remote kernel:"
"\"PASS: \"\"endpoint valuation is rational\"\n"
"From remote kernel:"
"\"PASS: \"\"soft expansion is a Laurent series\"\n"
"From remote kernel:"
"\"PASS: \"\"soft series covers the requested pole order\"\n"
"From remote kernel:"
"\"PASS: \"\"endpoint valuation is rational\"\n"
"From remote kernel:"
"\"PASS: \"\"soft expansion is a Laurent series\"\n"
"From remote kernel:"
"\"PASS: \"\"soft series covers the requested pole order\"\n"
"From remote kernel:"
"\"RealSame_Charge0__Pg\"\" real term \"44\"/\"160\"; memory = \"239434352\n"
"From remote kernel:"
"\"PASS: \"\"ordinary real term is fully evaluated\"\n"
"From remote kernel:"
"\"PASS: \"\"endpoint valuation is rational\"\n"
"From remote kernel:"
"\"PASS: \"\"soft expansion is a Laurent series\"\n"
"From remote kernel:"
"\"PASS: \"\"soft series covers the requested pole order\"\n"
"From remote kernel:"
"\"PASS: \"\"soft coefficients contain no recoil variable\"\n"
"From remote kernel:"
"\"PASS: \"\"endpoint valuation is rational\"\n"
"From remote kernel:"
"\"PASS: \"\"soft expansion is a Laurent series\"\n"
"From remote kernel:"
"\"PASS: \"\"soft series covers the requested pole order\"\n"
"From remote kernel:"
"\"PASS: \"\"ordinary real term is fully evaluated\"\n"
"From remote kernel:"
"\"PASS: \"\"soft expansion is a Laurent series\"\n"
"From remote kernel:"
"\"PASS: \"\"soft coefficients contain no recoil variable\"\n"
"From remote kernel:"
"\"PASS: \"\"soft series covers the requested pole order\"\n"
"From remote kernel:"
"\"RealSame_Charge0__Pg\"\" real term \"45\"/\"160\"; memory = \"240063688\n"
"From remote kernel:"
"\"PASS: \"\"ordinary real term is fully evaluated\"\n"
"From remote kernel:"
"\"PASS: \"\"endpoint valuation is rational\"\n"
"From remote kernel:"
"\"PASS: \"\"soft coefficients contain no recoil variable\"\n"
"From remote kernel:"
"\"PASS: \"\"soft expansion is a Laurent series\"\n"
"From remote kernel:"
"\"PASS: \"\"soft series covers the requested pole order\"\n"
"From remote kernel:"
"\"RealSame_Charge0__Pg\"\" real term \"46\"/\"160\"; memory = \"240450376\n"
"From remote kernel:"
"\"PASS: \"\"massive angular denominator stays separated at the soft endpoint\"\n"
"From remote kernel:"
"\"PASS: \"\"ordinary real term is fully evaluated\"\n"
"From remote kernel:"
"\"PASS: \"\"mixed angular endpoint approach follows from its domain\"\n"
"From remote kernel:"
"\"PASS: \"\"endpoint valuation is rational\"\n"
"From remote kernel:"
"\"PASS: \"\"inverted dilogarithm arguments are negative on the real domain\"\n"
"From remote kernel:"
"\"PASS: \"\"soft expansion is a Laurent series\"\n"
"From remote kernel:"
"\"PASS: \"\"soft series covers the requested pole order\"\n"
"From remote kernel:"
"\"PASS: \"\"soft coefficients contain no recoil variable\"\n"
"From remote kernel:"
"\"PASS: \"\"endpoint valuation is rational\"\n"
"From remote kernel:"
"\"PASS: \"\"soft expansion is a Laurent series\"\n"
"From remote kernel:"
"\"PASS: \"\"soft series covers the requested pole order\"\n"
"From remote kernel:"
"\"PASS: \"\"soft coefficients contain no recoil variable\"\n"
"From remote kernel:"
"\"PASS: \"\"endpoint valuation is rational\"\n"
"From remote kernel:"
"\"PASS: \"\"soft coefficients contain no recoil variable\"\n"
"From remote kernel:"
"\"PASS: \"\"soft expansion is a Laurent series\"\n"
"From remote kernel:"
"\"PASS: \"\"soft series covers the requested pole order\"\n"
"From remote kernel:"
"\"RealSame_Charge0__Pg\"\" real term \"47\"/\"160\"; memory = \"240759160\n"
"From remote kernel:"
"\"PASS: \"\"ordinary real term is fully evaluated\"\n"
"From remote kernel:"
"\"PASS: \"\"endpoint valuation is rational\"\n"
"From remote kernel:"
"\"PASS: \"\"soft expansion is a Laurent series\"\n"
"From remote kernel:"
"\"PASS: \"\"soft series covers the requested pole order\"\n"
"From remote kernel:"
"\"PASS: \"\"soft coefficients contain no recoil variable\"\n"
"From remote kernel:"
"\"RealSame_Charge0__Pg\"\" real term \"48\"/\"160\"; memory = \"241151496\n"
"From remote kernel:"
"\"PASS: \"\"ordinary real term is fully evaluated\"\n"
"From remote kernel:"
"\"PASS: \"\"endpoint valuation is rational\"\n"
"From remote kernel:"
"\"PASS: \"\"soft expansion is a Laurent series\"\n"
"From remote kernel:"
"\"PASS: \"\"soft series covers the requested pole order\"\n"
"From remote kernel:"
"\"PASS: \"\"soft expansion is a Laurent series\"\n"
"From remote kernel:"
"\"PASS: \"\"soft coefficients contain no recoil variable\"\n"
"From remote kernel:"
"\"PASS: \"\"soft series covers the requested pole order\"\n"
"From remote kernel:"
"\"PASS: \"\"endpoint valuation is rational\"\n"
"From remote kernel:"
"\"PASS: \"\"soft expansion is a Laurent series\"\n"
"From remote kernel:"
"\"PASS: \"\"soft series covers the requested pole order\"\n"
"From remote kernel:"
"\"PASS: \"\"soft coefficients contain no recoil variable\"\n"
"From remote kernel:"
"\"PASS: \"\"soft coefficients contain no recoil variable\"\n"
"From remote kernel:"
"\"PASS: \"\"endpoint valuation is rational\"\n"
"From remote kernel:"
"\"PASS: \"\"soft coefficients contain no recoil variable\"\n"
"From remote kernel:"
"\"RealSame_Charge0__Pg\"\" real term \"49\"/\"160\"; memory = \"247418536\n"
"From remote kernel:"
"\"PASS: \"\"soft expansion is a Laurent series\"\n"
"From remote kernel:"
"\"RealSame_Charge0__Pg\"\" real term \"50\"/\"160\"; memory = \"241792496\n"
"From remote kernel:"
"\"PASS: \"\"soft series covers the requested pole order\"\n"
"From remote kernel:"
"\"PASS: \"\"ordinary real term is fully evaluated\"\n"
"From remote kernel:"
"\"PASS: \"\"ordinary real term is fully evaluated\"\n"
"From remote kernel:"
"\"PASS: \"\"endpoint valuation is rational\"\n"
"From remote kernel:"
"\"PASS: \"\"endpoint valuation is rational\"\n"
"From remote kernel:"
"\"PASS: \"\"soft expansion is a Laurent series\"\n"
"From remote kernel:"
"\"PASS: \"\"soft expansion is a Laurent series\"\n"
"From remote kernel:"
"\"PASS: \"\"soft series covers the requested pole order\"\n"
"From remote kernel:"
"\"PASS: \"\"soft series covers the requested pole order\"\n"
"From remote kernel:"
"\"PASS: \"\"soft coefficients contain no recoil variable\"\n"
"From remote kernel:"
"\"RealSame_Charge0__Pg\"\" real term \"51\"/\"160\"; memory = \"241947184\n"
"From remote kernel:"
"\"PASS: \"\"soft coefficients contain no recoil variable\"\n"
"From remote kernel:"
"\"PASS: \"\"soft coefficients contain no recoil variable\"\n"
"From remote kernel:"
"\"PASS: \"\"endpoint valuation is rational\"\n"
"From remote kernel:"
"\"PASS: \"\"endpoint valuation is rational\"\n"
"From remote kernel:"
"\"PASS: \"\"ordinary real term is fully evaluated\"\n"
"From remote kernel:"
"\"PASS: \"\"soft expansion is a Laurent series\"\n"
"From remote kernel:"
"\"PASS: \"\"soft expansion is a Laurent series\"\n"
"From remote kernel:"
"\"PASS: \"\"endpoint valuation is rational\"\n"
"From remote kernel:"
"\"PASS: \"\"soft series covers the requested pole order\"\n"
"From remote kernel:"
"\"PASS: \"\"soft series covers the requested pole order\"\n"
"From remote kernel:"
"\"PASS: \"\"soft expansion is a Laurent series\"\n"
"From remote kernel:"
"\"PASS: \"\"soft series covers the requested pole order\"\n"
"From remote kernel:"
"\"PASS: \"\"soft coefficients contain no recoil variable\"\n"
"From remote kernel:"
"\"PASS: \"\"soft coefficients contain no recoil variable\"\n"
"From remote kernel:"
"\"PASS: \"\"soft coefficients contain no recoil variable\"\n"
"From remote kernel:"
"\"RealSame_Charge0__Pg\"\" real term \"52\"/\"160\"; memory = \"247702024\n"
"From remote kernel:"
"\"PASS: \"\"endpoint valuation is rational\"\n"
"From remote kernel:"
"\"PASS: \"\"ordinary real term is fully evaluated\"\n"
"From remote kernel:"
"\"PASS: \"\"soft expansion is a Laurent series\"\n"
"From remote kernel:"
"\"PASS: \"\"endpoint valuation is rational\"\n"
"From remote kernel:"
"\"PASS: \"\"soft series covers the requested pole order\"\n"
"From remote kernel:"
"\"PASS: \"\"soft expansion is a Laurent series\"\n"
"From remote kernel:"
"\"PASS: \"\"soft series covers the requested pole order\"\n"
"From remote kernel:"
"\"PASS: \"\"ordinary real term is fully evaluated\"\n"
"From remote kernel:"
"\"RealSame_Charge0__Pg\"\" real term \"53\"/\"160\"; memory = \"212268888\n"
"From remote kernel:"
"\"PASS: \"\"soft coefficients contain no recoil variable\"\n"
"From remote kernel:"
"\"PASS: \"\"massive angular denominator stays separated at the soft endpoint\"\n"
"From remote kernel:"
"\"PASS: \"\"mixed angular endpoint approach follows from its domain\"\n"
"From remote kernel:"
"\"PASS: \"\"ordinary real term is fully evaluated\"\n"
"From remote kernel:"
"\"PASS: \"\"inverted dilogarithm arguments are negative on the real domain\"\n"
"From remote kernel:"
"\"PASS: \"\"endpoint valuation is rational\"\n"
"From remote kernel:"
"\"RealSame_Charge0__Pg\"\" real term \"54\"/\"160\"; memory = \"242531136\n"
"From remote kernel:"
"\"PASS: \"\"soft expansion is a Laurent series\"\n"
"From remote kernel:"
"\"PASS: \"\"ordinary real term is fully evaluated\"\n"
"From remote kernel:"
"\"PASS: \"\"soft series covers the requested pole order\"\n"
"From remote kernel:"
"\"PASS: \"\"endpoint valuation is rational\"\n"
"From remote kernel:"
"\"PASS: \"\"soft expansion is a Laurent series\"\n"
"From remote kernel:"
"\"PASS: \"\"soft series covers the requested pole order\"\n"
"From remote kernel:"
"\"PASS: \"\"endpoint valuation is rational\"\n"
"From remote kernel:"
"\"PASS: \"\"soft expansion is a Laurent series\"\n"
"From remote kernel:"
"\"PASS: \"\"soft series covers the requested pole order\"\n"
"From remote kernel:"
"\"RealSame_Charge0__Pg\"\" real term \"55\"/\"160\"; memory = \"242780112\n"
"From remote kernel:"
"\"PASS: \"\"ordinary real term is fully evaluated\"\n"
"From remote kernel:"
"\"PASS: \"\"endpoint valuation is rational\"\n"
"From remote kernel:"
"\"PASS: \"\"soft coefficients contain no recoil variable\"\n"
"From remote kernel:"
"\"PASS: \"\"soft expansion is a Laurent series\"\n"
"From remote kernel:"
"\"PASS: \"\"endpoint valuation is rational\"\n"
"From remote kernel:"
"\"PASS: \"\"soft series covers the requested pole order\"\n"
"From remote kernel:"
"\"PASS: \"\"soft expansion is a Laurent series\"\n"
"From remote kernel:"
"\"PASS: \"\"soft series covers the requested pole order\"\n"
"From remote kernel:"
"\"PASS: \"\"ordinary real term is fully evaluated\"\n"
"From remote kernel:"
"\"PASS: \"\"massive angular denominator stays separated at the soft endpoint\"\n"
"From remote kernel:"
"\"PASS: \"\"soft coefficients contain no recoil variable\"\n"
"From remote kernel:"
"\"PASS: \"\"mixed angular endpoint approach follows from its domain\"\n"
"From remote kernel:"
"\"PASS: \"\"endpoint valuation is rational\"\n"
"From remote kernel:"
"\"PASS: \"\"inverted dilogarithm arguments are negative on the real domain\"\n"
"From remote kernel:"
"\"PASS: \"\"soft expansion is a Laurent series\"\n"
"From remote kernel:"
"\"PASS: \"\"inverse hyperbolic logarithms preserve derivative and anchor\"\n"
"From remote kernel:"
"\"PASS: \"\"soft series covers the requested pole order\"\n"
"From remote kernel:"
"\"PASS: \"\"soft coefficients contain no recoil variable\"\n"
"From remote kernel:"
"\"PASS: \"\"endpoint valuation is rational\"\n"
"From remote kernel:"
"\"PASS: \"\"soft expansion is a Laurent series\"\n"
"From remote kernel:"
"\"PASS: \"\"soft series covers the requested pole order\"\n"
"From remote kernel:"
"\"PASS: \"\"soft coefficients contain no recoil variable\"\n"
"From remote kernel:"
"\"PASS: \"\"soft coefficients contain no recoil variable\"\n"
"From remote kernel:"
"\"RealSame_Charge0__Pg\"\" real term \"56\"/\"160\"; memory = \"248734640\n"
"From remote kernel:"
"\"RealSame_Charge0__Pg\"\" real term \"57\"/\"160\"; memory = \"243423048\n"
"From remote kernel:"
"\"PASS: \"\"soft coefficients contain no recoil variable\"\n"
"From remote kernel:"
"\"PASS: \"\"one mixed denominator is massive\"\n"
"From remote kernel:"
"\"PASS: \"\"one mixed denominator is massive\"\n"
"From remote kernel:"
"\"RealSame_Charge0__Pg\"\" real term \"58\"/\"160\"; memory = \"214909648\n"
"From remote kernel:"
"\"PASS: \"\"ordinary real term is fully evaluated\"\n"
"From remote kernel:"
"\"PASS: \"\"ordinary real term is fully evaluated\"\n"
"From remote kernel:"
"\"PASS: \"\"massive angular denominator stays separated at the soft endpoint\"\n"
"From remote kernel:"
"\"PASS: \"\"soft expansion is a Laurent series\"\n"
"From remote kernel:"
"\"PASS: \"\"soft series covers the requested pole order\"\n"
"From remote kernel:"
"\"PASS: \"\"soft coefficients contain no recoil variable\"\n"
"From remote kernel:"
"\"PASS: \"\"massive angular denominator stays separated at the soft endpoint\"\n"
"From remote kernel:"
"\"PASS: \"\"one mixed denominator is massive\"\n"
"From remote kernel:"
"\"PASS: \"\"massive angular denominator stays separated at the soft endpoint\"\n"
"From remote kernel:"
"\"PASS: \"\"soft expansion is a Laurent series\"\n"
"From remote kernel:"
"\"PASS: \"\"soft expansion is a Laurent series\"\n"
"From remote kernel:"
"\"PASS: \"\"soft series covers the requested pole order\"\n"
"From remote kernel:"
"\"PASS: \"\"soft series covers the requested pole order\"\n"
"From remote kernel:"
"\"PASS: \"\"ordinary real term is fully evaluated\"\n"
"From remote kernel:"
"\"PASS: \"\"soft coefficients contain no recoil variable\"\n"
"From remote kernel:"
"\"RealSame_Charge0__Pg\"\" real term \"59\"/\"160\"; memory = \"243528352\n"
"From remote kernel:"
"\"PASS: \"\"soft coefficients contain no recoil variable\"\n"
"From remote kernel:"
"\"PASS: \"\"ordinary real term is fully evaluated\"\n"
"From remote kernel:"
"\"PASS: \"\"massive angular denominator stays separated at the soft endpoint\"\n"
"From remote kernel:"
"\"PASS: \"\"massive angular denominator stays separated at the soft endpoint\"\n"
"From remote kernel:"
"\"PASS: \"\"soft expansion is a Laurent series\"\n"
"From remote kernel:"
"\"PASS: \"\"massive angular denominator stays separated at the soft endpoint\"\n"
"From remote kernel:"
"\"PASS: \"\"soft expansion is a Laurent series\"\n"
"From remote kernel:"
"\"PASS: \"\"soft series covers the requested pole order\"\n"
"From remote kernel:"
"\"PASS: \"\"soft series covers the requested pole order\"\n"
"From remote kernel:"
"\"PASS: \"\"soft coefficients contain no recoil variable\"\n"
"From remote kernel:"
"\"PASS: \"\"soft expansion is a Laurent series\"\n"
"From remote kernel:"
"\"PASS: \"\"soft coefficients contain no recoil variable\"\n"
"From remote kernel:"
"\"PASS: \"\"soft series covers the requested pole order\"\n"
"From remote kernel:"
"\"PASS: \"\"massive angular denominator stays separated at the soft endpoint\"\n"
"From remote kernel:"
"\"PASS: \"\"soft coefficients contain no recoil variable\"\n"
"From remote kernel:"
"\"PASS: \"\"soft expansion is a Laurent series\"\n"
"From remote kernel:"
"\"PASS: \"\"massive angular denominator stays separated at the soft endpoint\"\n"
"From remote kernel:"
"\"PASS: \"\"soft series covers the requested pole order\"\n"
"From remote kernel:"
"\"RealSame_Charge0__Pg\"\" real term \"60\"/\"160\"; memory = \"249630560\n"
"From remote kernel:"
"\"PASS: \"\"soft expansion is a Laurent series\"\n"
"From remote kernel:"
"\"PASS: \"\"soft series covers the requested pole order\"\n"
"From remote kernel:"
"\"PASS: \"\"soft coefficients contain no recoil variable\"\n"
"From remote kernel:"
"\"RealSame_Charge0__Pg\"\" real term \"61\"/\"160\"; memory = \"244663888\n"
"From remote kernel:"
"\"PASS: \"\"soft coefficients contain no recoil variable\"\n"
"From remote kernel:"
"\"RealSame_Charge0__Pg\"\" real term \"62\"/\"160\"; memory = \"216783808\n"
"From remote kernel:"
"\"PASS: \"\"soft expansion is a Laurent series\"\n"
"From remote kernel:"
"\"PASS: \"\"soft series covers the requested pole order\"\n"
"From remote kernel:"
"\"PASS: \"\"soft expansion is a Laurent series\"\n"
"From remote kernel:"
"\"PASS: \"\"soft series covers the requested pole order\"\n"
"From remote kernel:"
"\"PASS: \"\"soft coefficients contain no recoil variable\"\n"
"From remote kernel:"
"\"PASS: \"\"massive angular denominator stays separated at the soft endpoint\"\n"
"From remote kernel:"
"\"PASS: \"\"ordinary real term is fully evaluated\"\n"
"From remote kernel:"
"\"PASS: \"\"massive angular denominator stays separated at the soft endpoint\"\n"
"From remote kernel:"
"\"PASS: \"\"soft coefficients contain no recoil variable\"\n"
"From remote kernel:"
"\"PASS: \"\"mixed angular endpoint approach follows from its domain\"\n"
"From remote kernel:"
"\"PASS: \"\"inverted dilogarithm arguments are negative on the real domain\"\n"
"From remote kernel:"
"\"PASS: \"\"inverse hyperbolic logarithms preserve derivative and anchor\"\n"
"From remote kernel:"
"\"PASS: \"\"massive angular denominator stays separated at the soft endpoint\"\n"
"From remote kernel:"
"\"PASS: \"\"mixed angular endpoint approach follows from its domain\"\n"
"From remote kernel:"
"\"PASS: \"\"inverted dilogarithm arguments are negative on the real domain\"\n"
"From remote kernel:"
"\"PASS: \"\"soft expansion is a Laurent series\"\n"
"From remote kernel:"
"\"PASS: \"\"soft series covers the requested pole order\"\n"
"From remote kernel:"
"\"PASS: \"\"massive angular denominator stays separated at the soft endpoint\"\n"
"From remote kernel:"
"\"PASS: \"\"mixed angular endpoint approach follows from its domain\"\n"
"From remote kernel:"
"\"PASS: \"\"inverted dilogarithm arguments are negative on the real domain\"\n"
"From remote kernel:"
"\"PASS: \"\"soft expansion is a Laurent series\"\n"
"From remote kernel:"
"\"PASS: \"\"soft series covers the requested pole order\"\n"
"From remote kernel:"
"\"PASS: \"\"massive angular denominator stays separated at the soft endpoint\"\n"
"From remote kernel:"
"\"PASS: \"\"mixed angular endpoint approach follows from its domain\"\n"
"From remote kernel:"
"\"PASS: \"\"inverted dilogarithm arguments are negative on the real domain\"\n"
"From remote kernel:"
"\"PASS: \"\"ordinary real term is fully evaluated\"\n"
"From remote kernel:"
"\"PASS: \"\"massive angular denominator stays separated at the soft endpoint\"\n"
"From remote kernel:"
"\"PASS: \"\"mixed angular endpoint approach follows from its domain\"\n"
"From remote kernel:"
"\"PASS: \"\"inverted dilogarithm arguments are negative on the real domain\"\n"
"From remote kernel:"
"\"PASS: \"\"inverse hyperbolic logarithms preserve derivative and anchor\"\n"
"From remote kernel:"
"\"PASS: \"\"soft expansion is a Laurent series\"\n"
"From remote kernel:"
"\"PASS: \"\"soft series covers the requested pole order\"\n"
"From remote kernel:"
"\"PASS: \"\"soft coefficients contain no recoil variable\"\n"
"From remote kernel:"
"\"PASS: \"\"massive angular denominator stays separated at the soft endpoint\"\n"
"From remote kernel:"
"\"PASS: \"\"mixed angular endpoint approach follows from its domain\"\n"
"From remote kernel:"
"\"PASS: \"\"inverted dilogarithm arguments are negative on the real domain\"\n"
"From remote kernel:"
"\"PASS: \"\"inverse hyperbolic logarithms preserve derivative and anchor\"\n"
"From remote kernel:"
"\"PASS: \"\"soft expansion is a Laurent series\"\n"
"From remote kernel:"
"\"PASS: \"\"soft series covers the requested pole order\"\n"
"From remote kernel:"
"\"PASS: \"\"soft expansion is a Laurent series\"\n"
"From remote kernel:"
"\"PASS: \"\"soft series covers the requested pole order\"\n"
"From remote kernel:"
"\"PASS: \"\"soft coefficients contain no recoil variable\"\n"
"From remote kernel:"
"\"RealSame_Charge0__Pg\"\" real term \"63\"/\"160\"; memory = \"212434272\n"
"From remote kernel:"
"\"RealSame_Charge0__Pg\"\" real term \"64\"/\"160\"; memory = \"212193128\n"
"From remote kernel:"
"\"PASS: \"\"soft expansion is a Laurent series\"\n"
"From remote kernel:"
"\"PASS: \"\"soft series covers the requested pole order\"\n"
"From remote kernel:"
"\"PASS: \"\"one mixed denominator is massive\"\n"
"From remote kernel:"
"\"PASS: \"\"one mixed denominator is massive\"\n"
"From remote kernel:"
"\"PASS: \"\"ordinary real term is fully evaluated\"\n"
"From remote kernel:"
"\"PASS: \"\"massive angular denominator stays separated at the soft endpoint\"\n"
"From remote kernel:"
"\"PASS: \"\"ordinary real term is fully evaluated\"\n"
"From remote kernel:"
"\"PASS: \"\"soft coefficients contain no recoil variable\"\n"
"From remote kernel:"
"\"PASS: \"\"massive angular denominator stays separated at the soft endpoint\"\n"
"From remote kernel:"
"\"PASS: \"\"soft expansion is a Laurent series\"\n"
"From remote kernel:"
"\"PASS: \"\"mixed angular endpoint approach follows from its domain\"\n"
"From remote kernel:"
"\"PASS: \"\"soft series covers the requested pole order\"\n"
"From remote kernel:"
"\"PASS: \"\"inverted dilogarithm arguments are negative on the real domain\"\n"
"From remote kernel:"
"\"PASS: \"\"inverse hyperbolic logarithms preserve derivative and anchor\"\n"
"From remote kernel:"
"\"PASS: \"\"massive angular denominator stays separated at the soft endpoint\"\n"
"From remote kernel:"
"\"PASS: \"\"mixed angular endpoint approach follows from its domain\"\n"
"From remote kernel:"
"\"PASS: \"\"soft coefficients contain no recoil variable\"\n"
"From remote kernel:"
"\"PASS: \"\"inverted dilogarithm arguments are negative on the real domain\"\n"
"From remote kernel:"
"\"PASS: \"\"inverse hyperbolic logarithms preserve derivative and anchor\"\n"
"From remote kernel:"
"\"PASS: \"\"massive angular denominator stays separated at the soft endpoint\"\n"
"From remote kernel:"
"\"PASS: \"\"soft expansion is a Laurent series\"\n"
"From remote kernel:"
"\"PASS: \"\"soft series covers the requested pole order\"\n"
"From remote kernel:"
"\"PASS: \"\"soft coefficients contain no recoil variable\"\n"
"From remote kernel:"
"\"RealSame_Charge0__Pg\"\" real term \"65\"/\"160\"; memory = \"214702784\n"
"From remote kernel:"
"\"PASS: \"\"ordinary real term is fully evaluated\"\n"
"From remote kernel:"
"\"PASS: \"\"massive angular denominator stays separated at the soft endpoint\"\n"
"From remote kernel:"
"\"PASS: \"\"soft expansion is a Laurent series\"\n"
"From remote kernel:"
"\"PASS: \"\"soft series covers the requested pole order\"\n"
"From remote kernel:"
"\"PASS: \"\"soft coefficients contain no recoil variable\"\n"
"From remote kernel:"
"\"PASS: \"\"massive angular denominator stays separated at the soft endpoint\"\n"
"From remote kernel:"
"\"PASS: \"\"soft expansion is a Laurent series\"\n"
"From remote kernel:"
"\"PASS: \"\"soft series covers the requested pole order\"\n"
"From remote kernel:"
"\"PASS: \"\"soft coefficients contain no recoil variable\"\n"
"From remote kernel:"
"\"RealSame_Charge0__Pg\"\" real term \"66\"/\"160\"; memory = \"215003976\n"
"From remote kernel:"
"\"PASS: \"\"ordinary real term is fully evaluated\"\n"
"From remote kernel:"
"\"PASS: \"\"massive angular denominator stays separated at the soft endpoint\"\n"
"From remote kernel:"
"\"PASS: \"\"soft expansion is a Laurent series\"\n"
"From remote kernel:"
"\"PASS: \"\"soft series covers the requested pole order\"\n"
"From remote kernel:"
"\"PASS: \"\"soft coefficients contain no recoil variable\"\n"
"From remote kernel:"
"\"PASS: \"\"massive angular denominator stays separated at the soft endpoint\"\n"
"From remote kernel:"
"\"PASS: \"\"soft expansion is a Laurent series\"\n"
"From remote kernel:"
"\"PASS: \"\"soft series covers the requested pole order\"\n"
"From remote kernel:"
"\"PASS: \"\"soft coefficients contain no recoil variable\"\n"
"From remote kernel:"
"\"RealSame_Charge0__Pg\"\" real term \"67\"/\"160\"; memory = \"216280312\n"
"From remote kernel:"
"\"PASS: \"\"ordinary real term is fully evaluated\"\n"
"From remote kernel:"
"\"PASS: \"\"massive angular denominator stays separated at the soft endpoint\"\n"
"From remote kernel:"
"\"PASS: \"\"soft expansion is a Laurent series\"\n"
"From remote kernel:"
"\"PASS: \"\"soft series covers the requested pole order\"\n"
"From remote kernel:"
"\"PASS: \"\"soft coefficients contain no recoil variable\"\n"
"From remote kernel:"
"\"PASS: \"\"massive angular denominator stays separated at the soft endpoint\"\n"
"From remote kernel:"
"\"PASS: \"\"soft expansion is a Laurent series\"\n"
"From remote kernel:"
"\"PASS: \"\"soft series covers the requested pole order\"\n"
"From remote kernel:"
"\"PASS: \"\"soft coefficients contain no recoil variable\"\n"
"From remote kernel:"
"\"RealSame_Charge0__Pg\"\" real term \"68\"/\"160\"; memory = \"218472976\n"
"From remote kernel:"
"\"PASS: \"\"soft expansion is a Laurent series\"\n"
"From remote kernel:"
"\"PASS: \"\"soft series covers the requested pole order\"\n"
"From remote kernel:"
"\"PASS: \"\"soft coefficients contain no recoil variable\"\n"
"From remote kernel:"
"\"PASS: \"\"massive angular denominator stays separated at the soft endpoint\"\n"
"From remote kernel:"
"\"PASS: \"\"mixed angular endpoint approach follows from its domain\"\n"
"From remote kernel:"
"\"PASS: \"\"inverted dilogarithm arguments are negative on the real domain\"\n"
"From remote kernel:"
"\"PASS: \"\"inverse hyperbolic logarithms preserve derivative and anchor\"\n"
"From remote kernel:"
"\"PASS: \"\"soft expansion is a Laurent series\"\n"
"From remote kernel:"
"\"PASS: \"\"soft series covers the requested pole order\"\n"
"From remote kernel:"
"\"PASS: \"\"soft coefficients contain no recoil variable\"\n"
"From remote kernel:"
"\"RealSame_Charge0__Pg\"\" real term \"69\"/\"160\"; memory = \"257388968\n"
"From remote kernel:"
"\"PASS: \"\"one mixed denominator is massive\"\n"
"From remote kernel:"
"\"PASS: \"\"soft expansion is a Laurent series\"\n"
"From remote kernel:"
"\"PASS: \"\"soft series covers the requested pole order\"\n"
"From remote kernel:"
"\"PASS: \"\"soft expansion is a Laurent series\"\n"
"From remote kernel:"
"\"PASS: \"\"soft series covers the requested pole order\"\n"
"From remote kernel:"
"\"PASS: \"\"soft coefficients contain no recoil variable\"\n"
"From remote kernel:"
"\"PASS: \"\"soft coefficients contain no recoil variable\"\n"
"From remote kernel:"
"\"PASS: \"\"massive angular denominator stays separated at the soft endpoint\"\n"
"From remote kernel:"
"\"RealSame_Charge0__Pg\"\" real term \"70\"/\"160\"; memory = \"228287592\n"
"From remote kernel:"
"\"PASS: \"\"mixed angular endpoint approach follows from its domain\"\n"
"From remote kernel:"
"\"PASS: \"\"inverted dilogarithm arguments are negative on the real domain\"\n"
"From remote kernel:"
"\"PASS: \"\"inverse hyperbolic logarithms preserve derivative and anchor\"\n"
"From remote kernel:"
"\"PASS: \"\"one mixed denominator is massive\"\n"
"From remote kernel:"
"\"PASS: \"\"soft expansion is a Laurent series\"\n"
"From remote kernel:"
"\"PASS: \"\"soft series covers the requested pole order\"\n"
"From remote kernel:"
"\"PASS: \"\"soft coefficients contain no recoil variable\"\n"
"From remote kernel:"
"\"RealSame_Charge0__Pg\"\" real term \"71\"/\"160\"; memory = \"250560776\n"
"From remote kernel:"
"\"PASS: \"\"one mixed denominator is massive\"\n"
"From remote kernel:"
"\"PASS: \"\"ordinary real term is fully evaluated\"\n"
"From remote kernel:"
"\"PASS: \"\"massive angular denominator stays separated at the soft endpoint\"\n"
"From remote kernel:"
"\"PASS: \"\"mixed angular endpoint approach follows from its domain\"\n"
"From remote kernel:"
"\"PASS: \"\"inverted dilogarithm arguments are negative on the real domain\"\n"
"From remote kernel:"
"\"PASS: \"\"inverse hyperbolic logarithms preserve derivative and anchor\"\n"
"From remote kernel:"
"\"PASS: \"\"ordinary real term is fully evaluated\"\n"
"From remote kernel:"
"\"PASS: \"\"massive angular denominator stays separated at the soft endpoint\"\n"
"From remote kernel:"
"\"PASS: \"\"mixed angular endpoint approach follows from its domain\"\n"
"From remote kernel:"
"\"PASS: \"\"inverted dilogarithm arguments are negative on the real domain\"\n"
"From remote kernel:"
"\"PASS: \"\"inverse hyperbolic logarithms preserve derivative and anchor\"\n"
"From remote kernel:"
"\"PASS: \"\"ordinary real term is fully evaluated\"\n"
"From remote kernel:"
"\"PASS: \"\"massive angular denominator stays separated at the soft endpoint\"\n"
"From remote kernel:"
"\"PASS: \"\"soft expansion is a Laurent series\"\n"
"From remote kernel:"
"\"PASS: \"\"soft series covers the requested pole order\"\n"
"From remote kernel:"
"\"RealSame_Charge0__Pg\"\" real term \"72\"/\"160\"; memory = \"246995728\n"
"From remote kernel:"
"\"PASS: \"\"ordinary real term is fully evaluated\"\n"
"From remote kernel:"
"\"PASS: \"\"endpoint valuation is rational\"\n"
"From remote kernel:"
"\"PASS: \"\"recoil-independent term has zero endpoint residue\"\n"
"From remote kernel:"
"\"PASS: \"\"endpoint valuation is rational\"\n"
"From remote kernel:"
"\"PASS: \"\"recoil-independent term has zero endpoint residue\"\n"
"From remote kernel:"
"\"RealSame_Charge0__Pg\"\" real term \"73\"/\"160\"; memory = \"247028496\n"
"From remote kernel:"
"\"PASS: \"\"ordinary real term is fully evaluated\"\n"
"From remote kernel:"
"\"PASS: \"\"endpoint valuation is rational\"\n"
"From remote kernel:"
"\"PASS: \"\"soft expansion is a Laurent series\"\n"
"From remote kernel:"
"\"PASS: \"\"soft series covers the requested pole order\"\n"
"From remote kernel:"
"\"PASS: \"\"endpoint valuation is rational\"\n"
"From remote kernel:"
"\"PASS: \"\"soft expansion is a Laurent series\"\n"
"From remote kernel:"
"\"PASS: \"\"soft series covers the requested pole order\"\n"
"From remote kernel:"
"\"RealSame_Charge0__Pg\"\" real term \"74\"/\"160\"; memory = \"247192208\n"
"From remote kernel:"
"\"PASS: \"\"ordinary real term is fully evaluated\"\n"
"From remote kernel:"
"\"PASS: \"\"endpoint valuation is rational\"\n"
"From remote kernel:"
"\"PASS: \"\"soft expansion is a Laurent series\"\n"
"From remote kernel:"
"\"PASS: \"\"soft series covers the requested pole order\"\n"
"From remote kernel:"
"\"PASS: \"\"endpoint valuation is rational\"\n"
"From remote kernel:"
"\"PASS: \"\"soft expansion is a Laurent series\"\n"
"From remote kernel:"
"\"PASS: \"\"soft series covers the requested pole order\"\n"
"From remote kernel:"
"\"RealSame_Charge0__Pg\"\" real term \"75\"/\"160\"; memory = \"247314304\n"
"From remote kernel:"
"\"PASS: \"\"ordinary real term is fully evaluated\"\n"
"From remote kernel:"
"\"PASS: \"\"endpoint valuation is rational\"\n"
"From remote kernel:"
"\"PASS: \"\"soft expansion is a Laurent series\"\n"
"From remote kernel:"
"\"PASS: \"\"soft series covers the requested pole order\"\n"
"From remote kernel:"
"\"PASS: \"\"endpoint valuation is rational\"\n"
"From remote kernel:"
"\"PASS: \"\"soft expansion is a Laurent series\"\n"
"From remote kernel:"
"\"PASS: \"\"soft expansion is a Laurent series\"\n"
"From remote kernel:"
"\"PASS: \"\"soft series covers the requested pole order\"\n"
"From remote kernel:"
"\"PASS: \"\"soft series covers the requested pole order\"\n"
"From remote kernel:"
"\"RealSame_Charge0__Pg\"\" real term \"76\"/\"160\"; memory = \"247438232\n"
"From remote kernel:"
"\"PASS: \"\"ordinary real term is fully evaluated\"\n"
"From remote kernel:"
"\"PASS: \"\"endpoint valuation is rational\"\n"
"From remote kernel:"
"\"PASS: \"\"soft expansion is a Laurent series\"\n"
"From remote kernel:"
"\"PASS: \"\"soft series covers the requested pole order\"\n"
"From remote kernel:"
"\"PASS: \"\"endpoint valuation is rational\"\n"
"From remote kernel:"
"\"PASS: \"\"soft expansion is a Laurent series\"\n"
"From remote kernel:"
"\"PASS: \"\"soft series covers the requested pole order\"\n"
"From remote kernel:"
"\"RealSame_Charge0__Pg\"\" real term \"77\"/\"160\"; memory = \"247485520\n"
"From remote kernel:"
"\"PASS: \"\"soft coefficients contain no recoil variable\"\n"
"From remote kernel:"
"\"RealSame_Charge0__Pg\"\" real term \"78\"/\"160\"; memory = \"253428552\n"
"From remote kernel:"
"\"PASS: \"\"one mixed denominator is massive\"\n"
"From remote kernel:"
"\"PASS: \"\"ordinary real term is fully evaluated\"\n"
"From remote kernel:"
"\"PASS: \"\"one mixed denominator is massive\"\n"
"From remote kernel:"
"\"PASS: \"\"ordinary real term is fully evaluated\"\n"
"From remote kernel:"
"\"PASS: \"\"massive angular denominator stays separated at the soft endpoint\"\n"
"From remote kernel:"
"\"PASS: \"\"massive angular denominator stays separated at the soft endpoint\"\n"
"From remote kernel:"
"\"PASS: \"\"soft expansion is a Laurent series\"\n"
"From remote kernel:"
"\"PASS: \"\"ordinary real term is fully evaluated\"\n"
"From remote kernel:"
"\"PASS: \"\"soft expansion is a Laurent series\"\n"
"From remote kernel:"
"\"PASS: \"\"soft series covers the requested pole order\"\n"
"From remote kernel:"
"\"PASS: \"\"massive angular denominator stays separated at the soft endpoint\"\n"
"From remote kernel:"
"\"PASS: \"\"soft series covers the requested pole order\"\n"
"From remote kernel:"
"\"PASS: \"\"massive angular denominator stays separated at the soft endpoint\"\n"
"From remote kernel:"
"\"PASS: \"\"soft expansion is a Laurent series\"\n"
"From remote kernel:"
"\"PASS: \"\"soft series covers the requested pole order\"\n"
"From remote kernel:"
"\"PASS: \"\"massive angular denominator stays separated at the soft endpoint\"\n"
"From remote kernel:"
"\"PASS: \"\"soft expansion is a Laurent series\"\n"
"From remote kernel:"
"\"RealSame_Charge0__Pg\"\" real term \"79\"/\"160\"; memory = \"253532464\n"
"From remote kernel:"
"\"PASS: \"\"soft series covers the requested pole order\"\n"
"From remote kernel:"
"\"PASS: \"\"ordinary real term is fully evaluated\"\n"
"From remote kernel:"
"\"PASS: \"\"massive angular denominator stays separated at the soft endpoint\"\n"
"From remote kernel:"
"\"PASS: \"\"soft expansion is a Laurent series\"\n"
"From remote kernel:"
"\"RealSame_Charge0__Pg\"\" real term \"80\"/\"160\"; memory = \"247838544\n"
"From remote kernel:"
"\"PASS: \"\"soft series covers the requested pole order\"\n"
"From remote kernel:"
"\"PASS: \"\"ordinary real term is fully evaluated\"\n"
"From remote kernel:"
"\"PASS: \"\"massive angular denominator stays separated at the soft endpoint\"\n"
"From remote kernel:"
"\"PASS: \"\"massive angular denominator stays separated at the soft endpoint\"\n"
"From remote kernel:"
"\"PASS: \"\"soft expansion is a Laurent series\"\n"
"From remote kernel:"
"\"PASS: \"\"soft expansion is a Laurent series\"\n"
"From remote kernel:"
"\"PASS: \"\"soft series covers the requested pole order\"\n"
"From remote kernel:"
"\"PASS: \"\"soft series covers the requested pole order\"\n"
"From remote kernel:"
"\"PASS: \"\"massive angular denominator stays separated at the soft endpoint\"\n"
"From remote kernel:"
"\"PASS: \"\"soft expansion is a Laurent series\"\n"
"From remote kernel:"
"\"RealSame_Charge0__Pg\"\" real term \"81\"/\"160\"; memory = \"253551640\n"
"From remote kernel:"
"\"PASS: \"\"soft series covers the requested pole order\"\n"
"From remote kernel:"
"\"RealSame_Charge0__Pg\"\" real term \"82\"/\"160\"; memory = \"213350720\n"
"From remote kernel:"
"\"PASS: \"\"soft expansion is a Laurent series\"\n"
"From remote kernel:"
"\"PASS: \"\"soft series covers the requested pole order\"\n"
"From remote kernel:"
"\"PASS: \"\"soft coefficients contain no recoil variable\"\n"
"From remote kernel:"
"\"RealSame_Charge0__Pg\"\" real term \"83\"/\"160\"; memory = \"221146920\n"
"From remote kernel:"
"\"PASS: \"\"one mixed denominator is massive\"\n"
"From remote kernel:"
"\"PASS: \"\"ordinary real term is fully evaluated\"\n"
"From remote kernel:"
"\"PASS: \"\"massive angular denominator stays separated at the soft endpoint\"\n"
"From remote kernel:"
"\"PASS: \"\"ordinary real term is fully evaluated\"\n"
"From remote kernel:"
"\"PASS: \"\"massive angular denominator stays separated at the soft endpoint\"\n"
"From remote kernel:"
"\"PASS: \"\"mixed angular endpoint approach follows from its domain\"\n"
"From remote kernel:"
"\"PASS: \"\"soft expansion is a Laurent series\"\n"
"From remote kernel:"
"\"PASS: \"\"inverted dilogarithm arguments are negative on the real domain\"\n"
"From remote kernel:"
"\"PASS: \"\"soft series covers the requested pole order\"\n"
"From remote kernel:"
"\"PASS: \"\"inverse hyperbolic logarithms preserve derivative and anchor\"\n"
"From remote kernel:"
"\"PASS: \"\"soft expansion is a Laurent series\"\n"
"From remote kernel:"
"\"PASS: \"\"soft series covers the requested pole order\"\n"
"From remote kernel:"
"\"PASS: \"\"massive angular denominator stays separated at the soft endpoint\"\n"
"From remote kernel:"
"\"PASS: \"\"soft expansion is a Laurent series\"\n"
"From remote kernel:"
"\"PASS: \"\"soft series covers the requested pole order\"\n"
"From remote kernel:"
"\"RealSame_Charge0__Pg\"\" real term \"84\"/\"160\"; memory = \"221999656\n"
"From remote kernel:"
"\"PASS: \"\"soft coefficients contain no recoil variable\"\n"
"From remote kernel:"
"\"PASS: \"\"massive angular denominator stays separated at the soft endpoint\"\n"
"From remote kernel:"
"\"PASS: \"\"mixed angular endpoint approach follows from its domain\"\n"
"From remote kernel:"
"\"PASS: \"\"inverted dilogarithm arguments are negative on the real domain\"\n"
"From remote kernel:"
"\"PASS: \"\"inverse hyperbolic logarithms preserve derivative and anchor\"\n"
"From remote kernel:"
"\"PASS: \"\"ordinary real term is fully evaluated\"\n"
"From remote kernel:"
"\"PASS: \"\"massive angular denominator stays separated at the soft endpoint\"\n"
"From remote kernel:"
"\"PASS: \"\"soft expansion is a Laurent series\"\n"
"From remote kernel:"
"\"PASS: \"\"soft series covers the requested pole order\"\n"
"From remote kernel:"
"\"PASS: \"\"soft expansion is a Laurent series\"\n"
"From remote kernel:"
"\"PASS: \"\"soft series covers the requested pole order\"\n"
"From remote kernel:"
"\"PASS: \"\"soft coefficients contain no recoil variable\"\n"
"From remote kernel:"
"\"PASS: \"\"massive angular denominator stays separated at the soft endpoint\"\n"
"From remote kernel:"
"\"PASS: \"\"mixed angular endpoint approach follows from its domain\"\n"
"From remote kernel:"
"\"PASS: \"\"inverted dilogarithm arguments are negative on the real domain\"\n"
"From remote kernel:"
"\"PASS: \"\"inverse hyperbolic logarithms preserve derivative and anchor\"\n"
"From remote kernel:"
"\"PASS: \"\"soft coefficients contain no recoil variable\"\n"
"From remote kernel:"
"\"PASS: \"\"massive angular denominator stays separated at the soft endpoint\"\n"
"From remote kernel:"
"\"PASS: \"\"ordinary real term is fully evaluated\"\n"
"From remote kernel:"
"\"PASS: \"\"massive angular denominator stays separated at the soft endpoint\"\n"
"From remote kernel:"
"\"PASS: \"\"soft expansion is a Laurent series\"\n"
"From remote kernel:"
"\"PASS: \"\"soft series covers the requested pole order\"\n"
"From remote kernel:"
"\"PASS: \"\"soft coefficients contain no recoil variable\"\n"
"From remote kernel:"
"\"PASS: \"\"massive angular denominator stays separated at the soft endpoint\"\n"
"From remote kernel:"
"\"PASS: \"\"soft expansion is a Laurent series\"\n"
"From remote kernel:"
"\"PASS: \"\"soft series covers the requested pole order\"\n"
"From remote kernel:"
"\"PASS: \"\"soft coefficients contain no recoil variable\"\n"
"From remote kernel:"
"\"RealSame_Charge0__Pg\"\" real term \"85\"/\"160\"; memory = \"253669704\n"
"From remote kernel:"
"\"PASS: \"\"one mixed denominator is massive\"\n"
"From remote kernel:"
"\"PASS: \"\"ordinary real term is fully evaluated\"\n"
"From remote kernel:"
"\"PASS: \"\"massive angular denominator stays separated at the soft endpoint\"\n"
"From remote kernel:"
"\"PASS: \"\"mixed angular endpoint approach follows from its domain\"\n"
"From remote kernel:"
"\"PASS: \"\"inverted dilogarithm arguments are negative on the real domain\"\n"
"From remote kernel:"
"\"PASS: \"\"inverse hyperbolic logarithms preserve derivative and anchor\"\n"
"From remote kernel:"
"\"PASS: \"\"soft expansion is a Laurent series\"\n"
"From remote kernel:"
"\"PASS: \"\"soft series covers the requested pole order\"\n"
"From remote kernel:"
"\"PASS: \"\"massive angular denominator stays separated at the soft endpoint\"\n"
"From remote kernel:"
"\"PASS: \"\"mixed angular endpoint approach follows from its domain\"\n"
"From remote kernel:"
"\"PASS: \"\"inverted dilogarithm arguments are negative on the real domain\"\n"
"From remote kernel:"
"\"PASS: \"\"inverse hyperbolic logarithms preserve derivative and anchor\"\n"
"From remote kernel:"
"\"PASS: \"\"soft expansion is a Laurent series\"\n"
"From remote kernel:"
"\"PASS: \"\"soft series covers the requested pole order\"\n"
"From remote kernel:"
"\"PASS: \"\"soft expansion is a Laurent series\"\n"
"From remote kernel:"
"\"PASS: \"\"soft coefficients contain no recoil variable\"\n"
"From remote kernel:"
"\"PASS: \"\"soft series covers the requested pole order\"\n"
"From remote kernel:"
"\"RealSame_Charge0__Pg\"\" real term \"86\"/\"160\"; memory = \"212236120\n"
"From remote kernel:"
"\"PASS: \"\"soft expansion is a Laurent series\"\n"
"From remote kernel:"
"\"PASS: \"\"soft series covers the requested pole order\"\n"
"From remote kernel:"
"\"PASS: \"\"massive angular denominator stays separated at the soft endpoint\"\n"
"From remote kernel:"
"\"PASS: \"\"one mixed denominator is massive\"\n"
"From remote kernel:"
"\"PASS: \"\"ordinary real term is fully evaluated\"\n"
"From remote kernel:"
"\"PASS: \"\"massive angular denominator stays separated at the soft endpoint\"\n"
"From remote kernel:"
"\"PASS: \"\"soft expansion is a Laurent series\"\n"
"From remote kernel:"
"\"PASS: \"\"soft series covers the requested pole order\"\n"
"From remote kernel:"
"\"PASS: \"\"massive angular denominator stays separated at the soft endpoint\"\n"
"From remote kernel:"
"\"PASS: \"\"soft expansion is a Laurent series\"\n"
"From remote kernel:"
"\"PASS: \"\"soft series covers the requested pole order\"\n"
"From remote kernel:"
"\"RealSame_Charge0__Pg\"\" real term \"87\"/\"160\"; memory = \"213325256\n"
"From remote kernel:"
"\"PASS: \"\"soft coefficients contain no recoil variable\"\n"
"From remote kernel:"
"\"PASS: \"\"soft expansion is a Laurent series\"\n"
"From remote kernel:"
"\"PASS: \"\"soft series covers the requested pole order\"\n"
"From remote kernel:"
"\"PASS: \"\"massive angular denominator stays separated at the soft endpoint\"\n"
"From remote kernel:"
"\"RealSame_Charge0__Pg\"\" real term \"88\"/\"160\"; memory = \"212355992\n"
"From remote kernel:"
"\"PASS: \"\"one mixed denominator is massive\"\n"
"From remote kernel:"
"\"PASS: \"\"ordinary real term is fully evaluated\"\n"
"From remote kernel:"
"\"PASS: \"\"massive angular denominator stays separated at the soft endpoint\"\n"
"From remote kernel:"
"\"PASS: \"\"soft expansion is a Laurent series\"\n"
"From remote kernel:"
"\"PASS: \"\"soft series covers the requested pole order\"\n"
"From remote kernel:"
"\"PASS: \"\"massive angular denominator stays separated at the soft endpoint\"\n"
"From remote kernel:"
"\"PASS: \"\"soft expansion is a Laurent series\"\n"
"From remote kernel:"
"\"PASS: \"\"soft series covers the requested pole order\"\n"
"From remote kernel:"
"\"RealSame_Charge0__Pg\"\" real term \"89\"/\"160\"; memory = \"213454344\n"
"From remote kernel:"
"\"PASS: \"\"ordinary real term is fully evaluated\"\n"
"From remote kernel:"
"\"PASS: \"\"massive angular denominator stays separated at the soft endpoint\"\n"
"From remote kernel:"
"\"PASS: \"\"soft expansion is a Laurent series\"\n"
"From remote kernel:"
"\"PASS: \"\"soft series covers the requested pole order\"\n"
"From remote kernel:"
"\"PASS: \"\"ordinary real term is fully evaluated\"\n"
"From remote kernel:"
"\"PASS: \"\"massive angular denominator stays separated at the soft endpoint\"\n"
"From remote kernel:"
"\"PASS: \"\"mixed angular endpoint approach follows from its domain\"\n"
"From remote kernel:"
"\"PASS: \"\"inverted dilogarithm arguments are negative on the real domain\"\n"
"From remote kernel:"
"\"PASS: \"\"inverse hyperbolic logarithms preserve derivative and anchor\"\n"
"From remote kernel:"
"\"PASS: \"\"soft coefficients contain no recoil variable\"\n"
"From remote kernel:"
"\"RealSame_Charge0__Pg\"\" real term \"90\"/\"160\"; memory = \"262823752\n"
"From remote kernel:"
"\"PASS: \"\"one mixed denominator is massive\"\n"
"From remote kernel:"
"\"PASS: \"\"ordinary real term is fully evaluated\"\n"
"From remote kernel:"
"\"PASS: \"\"massive angular denominator stays separated at the soft endpoint\"\n"
"From remote kernel:"
"\"PASS: \"\"ordinary real term is fully evaluated\"\n"
"From remote kernel:"
"\"PASS: \"\"soft expansion is a Laurent series\"\n"
"From remote kernel:"
"\"PASS: \"\"massive angular denominator stays separated at the soft endpoint\"\n"
"From remote kernel:"
"\"PASS: \"\"soft series covers the requested pole order\"\n"
"From remote kernel:"
"\"PASS: \"\"massive angular denominator stays separated at the soft endpoint\"\n"
"From remote kernel:"
"\"PASS: \"\"soft expansion is a Laurent series\"\n"
"From remote kernel:"
"\"PASS: \"\"soft series covers the requested pole order\"\n"
"From remote kernel:"
"\"RealSame_Charge0__Pg\"\" real term \"91\"/\"160\"; memory = \"212228216\n"
"From remote kernel:"
"\"PASS: \"\"ordinary real term is fully evaluated\"\n"
"From remote kernel:"
"\"PASS: \"\"massive angular denominator stays separated at the soft endpoint\"\n"
"From remote kernel:"
"\"PASS: \"\"soft expansion is a Laurent series\"\n"
"From remote kernel:"
"\"PASS: \"\"soft series covers the requested pole order\"\n"
"From remote kernel:"
"\"PASS: \"\"massive angular denominator stays separated at the soft endpoint\"\n"
"From remote kernel:"
"\"PASS: \"\"soft expansion is a Laurent series\"\n"
"From remote kernel:"
"\"PASS: \"\"soft series covers the requested pole order\"\n"
"From remote kernel:"
"\"RealSame_Charge0__Pg\"\" real term \"92\"/\"160\"; memory = \"212624520\n"
"From remote kernel:"
"\"PASS: \"\"soft expansion is a Laurent series\"\n"
"From remote kernel:"
"\"PASS: \"\"soft series covers the requested pole order\"\n"
"From remote kernel:"
"\"RealSame_Charge0__Pg\"\" real term \"93\"/\"160\"; memory = \"221308776\n"
"From remote kernel:"
"\"PASS: \"\"soft expansion is a Laurent series\"\n"
"From remote kernel:"
"\"PASS: \"\"soft series covers the requested pole order\"\n"
"From remote kernel:"
"\"RealSame_Charge0__Pg\"\" real term \"94\"/\"160\"; memory = \"242299448\n"
"From remote kernel:"
"\"PASS: \"\"one mixed denominator is massive\"\n"
"From remote kernel:"
"\"PASS: \"\"ordinary real term is fully evaluated\"\n"
"From remote kernel:"
"\"PASS: \"\"one mixed denominator is massive\"\n"
"From remote kernel:"
"\"PASS: \"\"massive angular denominator stays separated at the soft endpoint\"\n"
"From remote kernel:"
"\"PASS: \"\"soft expansion is a Laurent series\"\n"
"From remote kernel:"
"\"PASS: \"\"soft series covers the requested pole order\"\n"
"From remote kernel:"
"\"PASS: \"\"massive angular denominator stays separated at the soft endpoint\"\n"
"From remote kernel:"
"\"PASS: \"\"ordinary real term is fully evaluated\"\n"
"From remote kernel:"
"\"PASS: \"\"soft expansion is a Laurent series\"\n"
"From remote kernel:"
"\"PASS: \"\"massive angular denominator stays separated at the soft endpoint\"\n"
"From remote kernel:"
"\"PASS: \"\"soft series covers the requested pole order\"\n"
"From remote kernel:"
"\"PASS: \"\"mixed angular endpoint approach follows from its domain\"\n"
"From remote kernel:"
"\"PASS: \"\"inverted dilogarithm arguments are negative on the real domain\"\n"
"From remote kernel:"
"\"RealSame_Charge0__Pg\"\" real term \"95\"/\"160\"; memory = \"242322152\n"
"From remote kernel:"
"\"PASS: \"\"ordinary real term is fully evaluated\"\n"
"From remote kernel:"
"\"PASS: \"\"ordinary real term is fully evaluated\"\n"
"From remote kernel:"
"\"PASS: \"\"massive angular denominator stays separated at the soft endpoint\"\n"
"From remote kernel:"
"\"PASS: \"\"soft expansion is a Laurent series\"\n"
"From remote kernel:"
"\"PASS: \"\"massive angular denominator stays separated at the soft endpoint\"\n"
"From remote kernel:"
"\"PASS: \"\"soft series covers the requested pole order\"\n"
"From remote kernel:"
"\"PASS: \"\"massive angular denominator stays separated at the soft endpoint\"\n"
"From remote kernel:"
"\"PASS: \"\"soft expansion is a Laurent series\"\n"
"From remote kernel:"
"\"PASS: \"\"soft expansion is a Laurent series\"\n"
"From remote kernel:"
"\"PASS: \"\"soft series covers the requested pole order\"\n"
"From remote kernel:"
"\"PASS: \"\"soft series covers the requested pole order\"\n"
"From remote kernel:"
"\"RealSame_Charge0__Pg\"\" real term \"96\"/\"160\"; memory = \"242873432\n"
"From remote kernel:"
"\"PASS: \"\"massive angular denominator stays separated at the soft endpoint\"\n"
"From remote kernel:"
"\"PASS: \"\"soft expansion is a Laurent series\"\n"
"From remote kernel:"
"\"PASS: \"\"soft series covers the requested pole order\"\n"
"From remote kernel:"
"\"PASS: \"\"soft expansion is a Laurent series\"\n"
"From remote kernel:"
"\"PASS: \"\"soft series covers the requested pole order\"\n"
"From remote kernel:"
"\"RealSame_Charge0__Pg\"\" real term \"97\"/\"160\"; memory = \"223733384\n"
"From remote kernel:"
"\"RealSame_Charge0__Pg\"\" real term \"98\"/\"160\"; memory = \"259275464\n"
"From remote kernel:"
"\"PASS: \"\"soft expansion is a Laurent series\"\n"
"From remote kernel:"
"\"PASS: \"\"one mixed denominator is massive\"\n"
"From remote kernel:"
"\"PASS: \"\"soft series covers the requested pole order\"\n"
"From remote kernel:"
"\"PASS: \"\"ordinary real term is fully evaluated\"\n"
"From remote kernel:"
"\"PASS: \"\"massive angular denominator stays separated at the soft endpoint\"\n"
"From remote kernel:"
"\"PASS: \"\"soft expansion is a Laurent series\"\n"
"From remote kernel:"
"\"PASS: \"\"soft series covers the requested pole order\"\n"
"From remote kernel:"
"\"PASS: \"\"soft coefficients contain no recoil variable\"\n"
"From remote kernel:"
"\"PASS: \"\"massive angular denominator stays separated at the soft endpoint\"\n"
"From remote kernel:"
"\"PASS: \"\"massive angular denominator stays separated at the soft endpoint\"\n"
"From remote kernel:"
"\"PASS: \"\"mixed angular endpoint approach follows from its domain\"\n"
"From remote kernel:"
"\"PASS: \"\"inverted dilogarithm arguments are negative on the real domain\"\n"
"From remote kernel:"
"\"PASS: \"\"soft expansion is a Laurent series\"\n"
"From remote kernel:"
"\"PASS: \"\"inverse hyperbolic logarithms preserve derivative and anchor\"\n"
"From remote kernel:"
"\"PASS: \"\"soft series covers the requested pole order\"\n"
"From remote kernel:"
"\"RealSame_Charge0__Pg\"\" real term \"99\"/\"160\"; memory = \"244542328\n"
"From remote kernel:"
"\"PASS: \"\"ordinary real term is fully evaluated\"\n"
"From remote kernel:"
"\"PASS: \"\"massive angular denominator stays separated at the soft endpoint\"\n"
"From remote kernel:"
"\"PASS: \"\"soft expansion is a Laurent series\"\n"
"From remote kernel:"
"\"PASS: \"\"soft series covers the requested pole order\"\n"
"From remote kernel:"
"\"PASS: \"\"massive angular denominator stays separated at the soft endpoint\"\n"
"From remote kernel:"
"\"PASS: \"\"soft expansion is a Laurent series\"\n"
"From remote kernel:"
"\"PASS: \"\"soft series covers the requested pole order\"\n"
"From remote kernel:"
"\"RealSame_Charge0__Pg\"\" real term \"100\"/\"160\"; memory = \"246471288\n"
"From remote kernel:"
"\"PASS: \"\"ordinary real term is fully evaluated\"\n"
"From remote kernel:"
"\"PASS: \"\"massive angular denominator stays separated at the soft endpoint\"\n"
"From remote kernel:"
"\"PASS: \"\"ordinary real term is fully evaluated\"\n"
"From remote kernel:"
"\"PASS: \"\"massive angular denominator stays separated at the soft endpoint\"\n"
"From remote kernel:"
"\"PASS: \"\"mixed angular endpoint approach follows from its domain\"\n"
"From remote kernel:"
"\"PASS: \"\"inverted dilogarithm arguments are negative on the real domain\"\n"
"From remote kernel:"
"\"PASS: \"\"inverse hyperbolic logarithms preserve derivative and anchor\"\n"
"From remote kernel:"
"\"PASS: \"\"soft expansion is a Laurent series\"\n"
"From remote kernel:"
"\"PASS: \"\"soft series covers the requested pole order\"\n"
"From remote kernel:"
"\"PASS: \"\"massive angular denominator stays separated at the soft endpoint\"\n"
"From remote kernel:"
"\"PASS: \"\"soft expansion is a Laurent series\"\n"
"From remote kernel:"
"\"PASS: \"\"soft series covers the requested pole order\"\n"
"From remote kernel:"
"\"PASS: \"\"massive angular denominator stays separated at the soft endpoint\"\n"
"From remote kernel:"
"\"PASS: \"\"soft expansion is a Laurent series\"\n"
"From remote kernel:"
"\"PASS: \"\"soft series covers the requested pole order\"\n"
"From remote kernel:"
"\"RealSame_Charge0__Pg\"\" real term \"101\"/\"160\"; memory = \"213450552\n"
"From remote kernel:"
"\"PASS: \"\"ordinary real term is fully evaluated\"\n"
"From remote kernel:"
"\"PASS: \"\"endpoint valuation is rational\"\n"
"From remote kernel:"
"\"PASS: \"\"soft expansion is a Laurent series\"\n"
"From remote kernel:"
"\"PASS: \"\"soft series covers the requested pole order\"\n"
"From remote kernel:"
"\"PASS: \"\"endpoint valuation is rational\"\n"
"From remote kernel:"
"\"PASS: \"\"soft expansion is a Laurent series\"\n"
"From remote kernel:"
"\"PASS: \"\"soft series covers the requested pole order\"\n"
"From remote kernel:"
"\"RealSame_Charge0__Pg\"\" real term \"102\"/\"160\"; memory = \"214110424\n"
"From remote kernel:"
"\"PASS: \"\"ordinary real term is fully evaluated\"\n"
"From remote kernel:"
"\"PASS: \"\"endpoint valuation is rational\"\n"
"From remote kernel:"
"\"PASS: \"\"soft expansion is a Laurent series\"\n"
"From remote kernel:"
"\"PASS: \"\"soft series covers the requested pole order\"\n"
"From remote kernel:"
"\"PASS: \"\"endpoint valuation is rational\"\n"
"From remote kernel:"
"\"PASS: \"\"soft expansion is a Laurent series\"\n"
"From remote kernel:"
"\"PASS: \"\"soft series covers the requested pole order\"\n"
"From remote kernel:"
"\"PASS: \"\"soft expansion is a Laurent series\"\n"
"From remote kernel:"
"\"RealSame_Charge0__Pg\"\" real term \"103\"/\"160\"; memory = \"214159568\n"
"From remote kernel:"
"\"PASS: \"\"soft series covers the requested pole order\"\n"
"From remote kernel:"
"\"PASS: \"\"massive angular denominator stays separated at the soft endpoint\"\n"
"From remote kernel:"
"\"PASS: \"\"ordinary real term is fully evaluated\"\n"
"From remote kernel:"
"\"PASS: \"\"mixed angular endpoint approach follows from its domain\"\n"
"From remote kernel:"
"\"PASS: \"\"endpoint valuation is rational\"\n"
"From remote kernel:"
"\"PASS: \"\"inverted dilogarithm arguments are negative on the real domain\"\n"
"From remote kernel:"
"\"PASS: \"\"soft expansion is a Laurent series\"\n"
"From remote kernel:"
"\"PASS: \"\"inverse hyperbolic logarithms preserve derivative and anchor\"\n"
"From remote kernel:"
"\"PASS: \"\"soft series covers the requested pole order\"\n"
"From remote kernel:"
"\"PASS: \"\"endpoint valuation is rational\"\n"
"From remote kernel:"
"\"PASS: \"\"soft expansion is a Laurent series\"\n"
"From remote kernel:"
"\"PASS: \"\"soft series covers the requested pole order\"\n"
"From remote kernel:"
"\"RealSame_Charge0__Pg\"\" real term \"104\"/\"160\"; memory = \"214349152\n"
"From remote kernel:"
"\"PASS: \"\"ordinary real term is fully evaluated\"\n"
"From remote kernel:"
"\"PASS: \"\"endpoint valuation is rational\"\n"
"From remote kernel:"
"\"PASS: \"\"soft expansion is a Laurent series\"\n"
"From remote kernel:"
"\"PASS: \"\"soft expansion is a Laurent series\"\n"
"From remote kernel:"
"\"PASS: \"\"soft series covers the requested pole order\"\n"
"From remote kernel:"
"\"PASS: \"\"soft series covers the requested pole order\"\n"
"From remote kernel:"
"\"PASS: \"\"massive angular denominator stays separated at the soft endpoint\"\n"
"From remote kernel:"
"\"PASS: \"\"endpoint valuation is rational\"\n"
"From remote kernel:"
"\"PASS: \"\"mixed angular endpoint approach follows from its domain\"\n"
"From remote kernel:"
"\"PASS: \"\"soft expansion is a Laurent series\"\n"
"From remote kernel:"
"\"PASS: \"\"inverted dilogarithm arguments are negative on the real domain\"\n"
"From remote kernel:"
"\"PASS: \"\"soft series covers the requested pole order\"\n"
"From remote kernel:"
"\"RealSame_Charge0__Pg\"\" real term \"105\"/\"160\"; memory = \"214750424\n"
"From remote kernel:"
"\"PASS: \"\"ordinary real term is fully evaluated\"\n"
"From remote kernel:"
"\"PASS: \"\"endpoint valuation is rational\"\n"
"From remote kernel:"
"\"PASS: \"\"soft expansion is a Laurent series\"\n"
"From remote kernel:"
"\"PASS: \"\"soft series covers the requested pole order\"\n"
"From remote kernel:"
"\"PASS: \"\"endpoint valuation is rational\"\n"
"From remote kernel:"
"\"PASS: \"\"soft expansion is a Laurent series\"\n"
"From remote kernel:"
"\"PASS: \"\"soft series covers the requested pole order\"\n"
"From remote kernel:"
"\"RealSame_Charge0__Pg\"\" real term \"106\"/\"160\"; memory = \"215204600\n"
"From remote kernel:"
"\"PASS: \"\"ordinary real term is fully evaluated\"\n"
"From remote kernel:"
"\"PASS: \"\"soft expansion is a Laurent series\"\n"
"From remote kernel:"
"\"PASS: \"\"soft series covers the requested pole order\"\n"
"From remote kernel:"
"\"PASS: \"\"endpoint valuation is rational\"\n"
"From remote kernel:"
"\"PASS: \"\"massive angular denominator stays separated at the soft endpoint\"\n"
"From remote kernel:"
"\"PASS: \"\"soft expansion is a Laurent series\"\n"
"From remote kernel:"
"\"PASS: \"\"soft series covers the requested pole order\"\n"
"From remote kernel:"
"\"PASS: \"\"endpoint valuation is rational\"\n"
"From remote kernel:"
"\"PASS: \"\"soft expansion is a Laurent series\"\n"
"From remote kernel:"
"\"PASS: \"\"soft series covers the requested pole order\"\n"
"From remote kernel:"
"\"RealSame_Charge0__Pg\"\" real term \"107\"/\"160\"; memory = \"215640704\n"
"From remote kernel:"
"\"PASS: \"\"ordinary real term is fully evaluated\"\n"
"From remote kernel:"
"\"PASS: \"\"endpoint valuation is rational\"\n"
"From remote kernel:"
"\"PASS: \"\"massless soft argument is a hypergeometric endpoint\"\n"
"From remote kernel:"
"\"PASS: \"\"ordinary real term is fully evaluated\"\n"
"From remote kernel:"
"\"PASS: \"\"endpoint valuation is rational\"\n"
"From remote kernel:"
"\"PASS: \"\"massive angular denominator stays separated at the soft endpoint\"\n"
"From remote kernel:"
"\"PASS: \"\"soft expansion is a Laurent series\"\n"
"From remote kernel:"
"\"PASS: \"\"mixed angular endpoint approach follows from its domain\"\n"
"From remote kernel:"
"\"PASS: \"\"soft series covers the requested pole order\"\n"
"From remote kernel:"
"\"PASS: \"\"inverted dilogarithm arguments are negative on the real domain\"\n"
"From remote kernel:"
"\"PASS: \"\"endpoint valuation is rational\"\n"
"From remote kernel:"
"\"PASS: \"\"inverse hyperbolic logarithms preserve derivative and anchor\"\n"
"From remote kernel:"
"\"PASS: \"\"massless soft argument is a hypergeometric endpoint\"\n"
"From remote kernel:"
"\"PASS: \"\"endpoint valuation is rational\"\n"
"From remote kernel:"
"\"PASS: \"\"soft expansion is a Laurent series\"\n"
"From remote kernel:"
"\"PASS: \"\"soft series covers the requested pole order\"\n"
"From remote kernel:"
"\"RealSame_Charge0__Pg\"\" real term \"108\"/\"160\"; memory = \"215924416\n"
"From remote kernel:"
"\"PASS: \"\"one mixed denominator is massive\"\n"
"From remote kernel:"
"\"PASS: \"\"soft expansion is a Laurent series\"\n"
"From remote kernel:"
"\"PASS: \"\"soft series covers the requested pole order\"\n"
"From remote kernel:"
"\"PASS: \"\"massive angular denominator stays separated at the soft endpoint\"\n"
"From remote kernel:"
"\"PASS: \"\"mixed angular endpoint approach follows from its domain\"\n"
"From remote kernel:"
"\"PASS: \"\"inverted dilogarithm arguments are negative on the real domain\"\n"
"From remote kernel:"
"\"PASS: \"\"soft expansion is a Laurent series\"\n"
"From remote kernel:"
"\"PASS: \"\"inverse hyperbolic logarithms preserve derivative and anchor\"\n"
"From remote kernel:"
"\"PASS: \"\"soft series covers the requested pole order\"\n"
"From remote kernel:"
"\"PASS: \"\"soft coefficients contain no recoil variable\"\n"
"From remote kernel:"
"\"RealSame_Charge0__Pg\"\" real term \"109\"/\"160\"; memory = \"249229112\n"
"From remote kernel:"
"\"PASS: \"\"one mixed denominator is massive\"\n"
"From remote kernel:"
"\"PASS: \"\"ordinary real term is fully evaluated\"\n"
"From remote kernel:"
"\"PASS: \"\"massive angular denominator stays separated at the soft endpoint\"\n"
"From remote kernel:"
"\"PASS: \"\"soft expansion is a Laurent series\"\n"
"From remote kernel:"
"\"PASS: \"\"soft series covers the requested pole order\"\n"
"From remote kernel:"
"\"PASS: \"\"soft coefficients contain no recoil variable\"\n"
"From remote kernel:"
"\"PASS: \"\"massive angular denominator stays separated at the soft endpoint\"\n"
"From remote kernel:"
"\"PASS: \"\"soft expansion is a Laurent series\"\n"
"From remote kernel:"
"\"PASS: \"\"soft series covers the requested pole order\"\n"
"From remote kernel:"
"\"PASS: \"\"soft coefficients contain no recoil variable\"\n"
"From remote kernel:"
"\"RealSame_Charge0__Pg\"\" real term \"110\"/\"160\"; memory = \"249322464\n"
"From remote kernel:"
"\"PASS: \"\"soft expansion is a Laurent series\"\n"
"From remote kernel:"
"\"PASS: \"\"soft series covers the requested pole order\"\n"
"From remote kernel:"
"\"RealSame_Charge0__Pg\"\" real term \"111\"/\"160\"; memory = \"217930856\n"
"From remote kernel:"
"\"PASS: \"\"one mixed denominator is massive\"\n"
"From remote kernel:"
"\"PASS: \"\"ordinary real term is fully evaluated\"\n"
"From remote kernel:"
"\"PASS: \"\"massive angular denominator stays separated at the soft endpoint\"\n"
"From remote kernel:"
"\"PASS: \"\"soft expansion is a Laurent series\"\n"
"From remote kernel:"
"\"PASS: \"\"soft series covers the requested pole order\"\n"
"From remote kernel:"
"\"PASS: \"\"soft coefficients contain no recoil variable\"\n"
"From remote kernel:"
"\"PASS: \"\"massive angular denominator stays separated at the soft endpoint\"\n"
"From remote kernel:"
"\"PASS: \"\"soft expansion is a Laurent series\"\n"
"From remote kernel:"
"\"PASS: \"\"soft series covers the requested pole order\"\n"
"From remote kernel:"
"\"PASS: \"\"soft coefficients contain no recoil variable\"\n"
"From remote kernel:"
"\"RealSame_Charge0__Pg\"\" real term \"112\"/\"160\"; memory = \"218520616\n"
"From remote kernel:"
"\"PASS: \"\"ordinary real term is fully evaluated\"\n"
"From remote kernel:"
"\"PASS: \"\"massive angular denominator stays separated at the soft endpoint\"\n"
"From remote kernel:"
"\"PASS: \"\"soft expansion is a Laurent series\"\n"
"From remote kernel:"
"\"PASS: \"\"soft series covers the requested pole order\"\n"
"From remote kernel:"
"\"PASS: \"\"soft coefficients contain no recoil variable\"\n"
"From remote kernel:"
"\"PASS: \"\"massive angular denominator stays separated at the soft endpoint\"\n"
"From remote kernel:"
"\"PASS: \"\"soft expansion is a Laurent series\"\n"
"From remote kernel:"
"\"PASS: \"\"soft series covers the requested pole order\"\n"
"From remote kernel:"
"\"PASS: \"\"soft coefficients contain no recoil variable\"\n"
"From remote kernel:"
"\"RealSame_Charge0__Pg\"\" real term \"113\"/\"160\"; memory = \"221132120\n"
"From remote kernel:"
"\"PASS: \"\"soft expansion is a Laurent series\"\n"
"From remote kernel:"
"\"PASS: \"\"soft series covers the requested pole order\"\n"
"From remote kernel:"
"\"RealSame_Charge0__Pg\"\" real term \"114\"/\"160\"; memory = \"220110064\n"
"From remote kernel:"
"\"PASS: \"\"ordinary real term is fully evaluated\"\n"
"From remote kernel:"
"\"PASS: \"\"massive angular denominator stays separated at the soft endpoint\"\n"
"From remote kernel:"
"\"PASS: \"\"one mixed denominator is massive\"\n"
"From remote kernel:"
"\"PASS: \"\"soft expansion is a Laurent series\"\n"
"From remote kernel:"
"\"PASS: \"\"soft series covers the requested pole order\"\n"
"From remote kernel:"
"\"PASS: \"\"ordinary real term is fully evaluated\"\n"
"From remote kernel:"
"\"PASS: \"\"soft coefficients contain no recoil variable\"\n"
"From remote kernel:"
"\"PASS: \"\"massive angular denominator stays separated at the soft endpoint\"\n"
"From remote kernel:"
"\"PASS: \"\"ordinary real term is fully evaluated\"\n"
"From remote kernel:"
"\"PASS: \"\"massive angular denominator stays separated at the soft endpoint\"\n"
"From remote kernel:"
"\"PASS: \"\"massive angular denominator stays separated at the soft endpoint\"\n"
"From remote kernel:"
"\"PASS: \"\"soft expansion is a Laurent series\"\n"
"From remote kernel:"
"\"PASS: \"\"soft series covers the requested pole order\"\n"
"From remote kernel:"
"\"PASS: \"\"soft expansion is a Laurent series\"\n"
"From remote kernel:"
"\"PASS: \"\"soft series covers the requested pole order\"\n"
"From remote kernel:"
"\"RealSame_Charge0__Pg\"\" real term \"115\"/\"160\"; memory = \"260585344\n"
"From remote kernel:"
"\"PASS: \"\"soft expansion is a Laurent series\"\n"
"From remote kernel:"
"\"PASS: \"\"one mixed denominator is massive\"\n"
"From remote kernel:"
"\"PASS: \"\"soft series covers the requested pole order\"\n"
"From remote kernel:"
"\"PASS: \"\"soft coefficients contain no recoil variable\"\n"
"From remote kernel:"
"\"PASS: \"\"soft expansion is a Laurent series\"\n"
"From remote kernel:"
"\"PASS: \"\"soft series covers the requested pole order\"\n"
"From remote kernel:"
"\"PASS: \"\"massive angular denominator stays separated at the soft endpoint\"\n"
"From remote kernel:"
"\"PASS: \"\"mixed angular endpoint approach follows from its domain\"\n"
"From remote kernel:"
"\"PASS: \"\"inverted dilogarithm arguments are negative on the real domain\"\n"
"From remote kernel:"
"\"PASS: \"\"massive angular denominator stays separated at the soft endpoint\"\n"
"From remote kernel:"
"\"PASS: \"\"inverse hyperbolic logarithms preserve derivative and anchor\"\n"
"From remote kernel:"
"\"PASS: \"\"soft coefficients contain no recoil variable\"\n"
"From remote kernel:"
"\"RealSame_Charge0__Pg\"\" real term \"116\"/\"160\"; memory = \"227669408\n"
"From remote kernel:"
"\"PASS: \"\"soft expansion is a Laurent series\"\n"
"From remote kernel:"
"\"PASS: \"\"soft series covers the requested pole order\"\n"
"From remote kernel:"
"\"PASS: \"\"ordinary real term is fully evaluated\"\n"
"From remote kernel:"
"\"PASS: \"\"soft coefficients contain no recoil variable\"\n"
"From remote kernel:"
"\"PASS: \"\"massive angular denominator stays separated at the soft endpoint\"\n"
"From remote kernel:"
"\"RealSame_Charge0__Pg\"\" real term \"117\"/\"160\"; memory = \"225872912\n"
"From remote kernel:"
"\"PASS: \"\"one mixed denominator is massive\"\n"
"From remote kernel:"
"\"PASS: \"\"ordinary real term is fully evaluated\"\n"
"From remote kernel:"
"\"PASS: \"\"massive angular denominator stays separated at the soft endpoint\"\n"
"From remote kernel:"
"\"PASS: \"\"soft expansion is a Laurent series\"\n"
"From remote kernel:"
"\"PASS: \"\"soft expansion is a Laurent series\"\n"
"From remote kernel:"
"\"PASS: \"\"soft series covers the requested pole order\"\n"
"From remote kernel:"
"\"PASS: \"\"soft series covers the requested pole order\"\n"
"From remote kernel:"
"\"PASS: \"\"massive angular denominator stays separated at the soft endpoint\"\n"
"From remote kernel:"
"\"PASS: \"\"soft expansion is a Laurent series\"\n"
"From remote kernel:"
"\"PASS: \"\"soft series covers the requested pole order\"\n"
"From remote kernel:"
"\"RealSame_Charge0__Pg\"\" real term \"118\"/\"160\"; memory = \"226097056\n"
"From remote kernel:"
"\"PASS: \"\"ordinary real term is fully evaluated\"\n"
"From remote kernel:"
"\"PASS: \"\"massive angular denominator stays separated at the soft endpoint\"\n"
"From remote kernel:"
"\"PASS: \"\"soft coefficients contain no recoil variable\"\n"
"From remote kernel:"
"\"PASS: \"\"recoil-independent term has zero endpoint residue\"\n"
"From remote kernel:"
"\"PASS: \"\"massive angular denominator stays separated at the soft endpoint\"\n"
"From remote kernel:"
"\"PASS: \"\"massive angular denominator stays separated at the soft endpoint\"\n"
"From remote kernel:"
"\"PASS: \"\"recoil-independent term has zero endpoint residue\"\n"
"From remote kernel:"
"\"PASS: \"\"ordinary real term is fully evaluated\"\n"
"From remote kernel:"
"\"RealSame_Charge0__Pg\"\" real term \"119\"/\"160\"; memory = \"226118632\n"
"From remote kernel:"
"\"PASS: \"\"ordinary real term is fully evaluated\"\n"
"From remote kernel:"
"\"PASS: \"\"massive angular denominator stays separated at the soft endpoint\"\n"
"From remote kernel:"
"\"PASS: \"\"soft expansion is a Laurent series\"\n"
"From remote kernel:"
"\"PASS: \"\"soft series covers the requested pole order\"\n"
"From remote kernel:"
"\"PASS: \"\"soft expansion is a Laurent series\"\n"
"From remote kernel:"
"\"PASS: \"\"massive angular denominator stays separated at the soft endpoint\"\n"
"From remote kernel:"
"\"PASS: \"\"soft series covers the requested pole order\"\n"
"From remote kernel:"
"\"PASS: \"\"massive angular denominator stays separated at the soft endpoint\"\n"
"From remote kernel:"
"\"PASS: \"\"soft expansion is a Laurent series\"\n"
"From remote kernel:"
"\"PASS: \"\"mixed angular endpoint approach follows from its domain\"\n"
"From remote kernel:"
"\"PASS: \"\"soft series covers the requested pole order\"\n"
"From remote kernel:"
"\"PASS: \"\"inverted dilogarithm arguments are negative on the real domain\"\n"
"From remote kernel:"
"\"PASS: \"\"inverse hyperbolic logarithms preserve derivative and anchor\"\n"
"From remote kernel:"
"\"RealSame_Charge0__Pg\"\" real term \"120\"/\"160\"; memory = \"226222352\n"
"From remote kernel:"
"\"PASS: \"\"ordinary real term is fully evaluated\"\n"
"From remote kernel:"
"\"PASS: \"\"ordinary real term is fully evaluated\"\n"
"From remote kernel:"
"\"PASS: \"\"massive angular denominator stays separated at the soft endpoint\"\n"
"From remote kernel:"
"\"PASS: \"\"soft expansion is a Laurent series\"\n"
"From remote kernel:"
"\"PASS: \"\"soft coefficients contain no recoil variable\"\n"
"From remote kernel:"
"\"PASS: \"\"soft series covers the requested pole order\"\n"
"From remote kernel:"
"\"PASS: \"\"massive angular denominator stays separated at the soft endpoint\"\n"
"From remote kernel:"
"\"RealSame_Charge0__Pg\"\" real term \"121\"/\"160\"; memory = \"264057368\n"
"From remote kernel:"
"\"PASS: \"\"soft expansion is a Laurent series\"\n"
"From remote kernel:"
"\"PASS: \"\"massive angular denominator stays separated at the soft endpoint\"\n"
"From remote kernel:"
"\"PASS: \"\"soft series covers the requested pole order\"\n"
"From remote kernel:"
"\"PASS: \"\"one mixed denominator is massive\"\n"
"From remote kernel:"
"\"PASS: \"\"mixed angular endpoint approach follows from its domain\"\n"
"From remote kernel:"
"\"PASS: \"\"inverted dilogarithm arguments are negative on the real domain\"\n"
"From remote kernel:"
"\"RealSame_Charge0__Pg\"\" real term \"122\"/\"160\"; memory = \"212349208\n"
"From remote kernel:"
"\"PASS: \"\"soft expansion is a Laurent series\"\n"
"From remote kernel:"
"\"PASS: \"\"soft series covers the requested pole order\"\n"
"From remote kernel:"
"\"PASS: \"\"ordinary real term is fully evaluated\"\n"
"From remote kernel:"
"\"PASS: \"\"massive angular denominator stays separated at the soft endpoint\"\n"
"From remote kernel:"
"\"PASS: \"\"mixed angular endpoint approach follows from its domain\"\n"
"From remote kernel:"
"\"RealSame_Charge0__Pg\"\" real term \"123\"/\"160\"; memory = \"261766336\n"
"From remote kernel:"
"\"PASS: \"\"inverted dilogarithm arguments are negative on the real domain\"\n"
"From remote kernel:"
"\"PASS: \"\"inverse hyperbolic logarithms preserve derivative and anchor\"\n"
"From remote kernel:"
"\"PASS: \"\"one mixed denominator is massive\"\n"
"From remote kernel:"
"\"PASS: \"\"ordinary real term is fully evaluated\"\n"
"From remote kernel:"
"\"PASS: \"\"massive angular denominator stays separated at the soft endpoint\"\n"
"From remote kernel:"
"\"PASS: \"\"ordinary real term is fully evaluated\"\n"
"From remote kernel:"
"\"PASS: \"\"massive angular denominator stays separated at the soft endpoint\"\n"
"From remote kernel:"
"\"PASS: \"\"mixed angular endpoint approach follows from its domain\"\n"
"From remote kernel:"
"\"PASS: \"\"inverted dilogarithm arguments are negative on the real domain\"\n"
"From remote kernel:"
"\"PASS: \"\"inverse hyperbolic logarithms preserve derivative and anchor\"\n"
"From remote kernel:"
"\"PASS: \"\"soft expansion is a Laurent series\"\n"
"From remote kernel:"
"\"PASS: \"\"soft series covers the requested pole order\"\n"
"From remote kernel:"
"\"PASS: \"\"soft expansion is a Laurent series\"\n"
"From remote kernel:"
"\"PASS: \"\"soft series covers the requested pole order\"\n"
"From remote kernel:"
"\"PASS: \"\"soft expansion is a Laurent series\"\n"
"From remote kernel:"
"\"PASS: \"\"soft series covers the requested pole order\"\n"
"From remote kernel:"
"\"RealSame_Charge0__Pg\"\" real term \"124\"/\"160\"; memory = \"233560864\n"
"From remote kernel:"
"\"PASS: \"\"soft coefficients contain no recoil variable\"\n"
"From remote kernel:"
"\"PASS: \"\"one mixed denominator is massive\"\n"
"From remote kernel:"
"\"PASS: \"\"soft coefficients contain no recoil variable\"\n"
"From remote kernel:"
"\"PASS: \"\"massive angular denominator stays separated at the soft endpoint\"\n"
"From remote kernel:"
"\"PASS: \"\"mixed angular endpoint approach follows from its domain\"\n"
"From remote kernel:"
"\"PASS: \"\"massive angular denominator stays separated at the soft endpoint\"\n"
"From remote kernel:"
"\"PASS: \"\"inverted dilogarithm arguments are negative on the real domain\"\n"
"From remote kernel:"
"\"PASS: \"\"soft expansion is a Laurent series\"\n"
"From remote kernel:"
"\"PASS: \"\"soft series covers the requested pole order\"\n"
"From remote kernel:"
"\"PASS: \"\"soft expansion is a Laurent series\"\n"
"From remote kernel:"
"\"PASS: \"\"massive angular denominator stays separated at the soft endpoint\"\n"
"From remote kernel:"
"\"PASS: \"\"soft series covers the requested pole order\"\n"
"From remote kernel:"
"\"RealSame_Charge0__Pg\"\" real term \"125\"/\"160\"; memory = \"233726080\n"
"From remote kernel:"
"\"PASS: \"\"one mixed denominator is massive\"\n"
"From remote kernel:"
"\"PASS: \"\"ordinary real term is fully evaluated\"\n"
"From remote kernel:"
"\"PASS: \"\"massive angular denominator stays separated at the soft endpoint\"\n"
"From remote kernel:"
"\"PASS: \"\"soft expansion is a Laurent series\"\n"
"From remote kernel:"
"\"PASS: \"\"soft series covers the requested pole order\"\n"
"From remote kernel:"
"\"PASS: \"\"soft coefficients contain no recoil variable\"\n"
"From remote kernel:"
"\"PASS: \"\"massive angular denominator stays separated at the soft endpoint\"\n"
"From remote kernel:"
"\"PASS: \"\"soft expansion is a Laurent series\"\n"
"From remote kernel:"
"\"PASS: \"\"soft series covers the requested pole order\"\n"
"From remote kernel:"
"\"PASS: \"\"soft coefficients contain no recoil variable\"\n"
"From remote kernel:"
"\"RealSame_Charge0__Pg\"\" real term \"126\"/\"160\"; memory = \"234463552\n"
"From remote kernel:"
"\"PASS: \"\"ordinary real term is fully evaluated\"\n"
"From remote kernel:"
"\"PASS: \"\"soft expansion is a Laurent series\"\n"
"From remote kernel:"
"\"PASS: \"\"massive angular denominator stays separated at the soft endpoint\"\n"
"From remote kernel:"
"\"PASS: \"\"soft series covers the requested pole order\"\n"
"From remote kernel:"
"\"PASS: \"\"massive angular denominator stays separated at the soft endpoint\"\n"
"From remote kernel:"
"\"PASS: \"\"soft expansion is a Laurent series\"\n"
"From remote kernel:"
"\"PASS: \"\"mixed angular endpoint approach follows from its domain\"\n"
"From remote kernel:"
"\"PASS: \"\"soft series covers the requested pole order\"\n"
"From remote kernel:"
"\"PASS: \"\"inverted dilogarithm arguments are negative on the real domain\"\n"
"From remote kernel:"
"\"PASS: \"\"soft coefficients contain no recoil variable\"\n"
"From remote kernel:"
"\"PASS: \"\"inverse hyperbolic logarithms preserve derivative and anchor\"\n"
"From remote kernel:"
"\"PASS: \"\"massive angular denominator stays separated at the soft endpoint\"\n"
"From remote kernel:"
"\"PASS: \"\"soft expansion is a Laurent series\"\n"
"From remote kernel:"
"\"PASS: \"\"soft series covers the requested pole order\"\n"
"From remote kernel:"
"\"PASS: \"\"soft coefficients contain no recoil variable\"\n"
"From remote kernel:"
"\"RealSame_Charge0__Pg\"\" real term \"127\"/\"160\"; memory = \"234646512\n"
"From remote kernel:"
"\"PASS: \"\"one mixed denominator is massive\"\n"
"From remote kernel:"
"\"PASS: \"\"soft expansion is a Laurent series\"\n"
"From remote kernel:"
"\"PASS: \"\"soft series covers the requested pole order\"\n"
"From remote kernel:"
"\"PASS: \"\"ordinary real term is fully evaluated\"\n"
"From remote kernel:"
"\"PASS: \"\"massive angular denominator stays separated at the soft endpoint\"\n"
"From remote kernel:"
"\"PASS: \"\"soft coefficients contain no recoil variable\"\n"
MONITOR_HEARTBEAT elapsed=60s rss=2872.1MiB peak=2876.9MiB
"From remote kernel:"
"\"PASS: \"\"soft expansion is a Laurent series\"\n"
"From remote kernel:"
"\"PASS: \"\"soft series covers the requested pole order\"\n"
"From remote kernel:"
"\"PASS: \"\"soft coefficients contain no recoil variable\"\n"
"From remote kernel:"
"\"PASS: \"\"massive angular denominator stays separated at the soft endpoint\"\n"
"From remote kernel:"
"\"PASS: \"\"mixed angular endpoint approach follows from its domain\"\n"
"From remote kernel:"
"\"PASS: \"\"inverted dilogarithm arguments are negative on the real domain\"\n"
"From remote kernel:"
"\"PASS: \"\"inverse hyperbolic logarithms preserve derivative and anchor\"\n"
"From remote kernel:"
"\"PASS: \"\"massive angular denominator stays separated at the soft endpoint\"\n"
"From remote kernel:"
"\"PASS: \"\"soft expansion is a Laurent series\"\n"
"From remote kernel:"
"\"PASS: \"\"soft series covers the requested pole order\"\n"
"From remote kernel:"
"\"PASS: \"\"soft coefficients contain no recoil variable\"\n"
"From remote kernel:"
"\"RealSame_Charge0__Pg\"\" real term \"128\"/\"160\"; memory = \"236335208\n"
"From remote kernel:"
"\"PASS: \"\"ordinary real term is fully evaluated\"\n"
"From remote kernel:"
"\"PASS: \"\"massive angular denominator stays separated at the soft endpoint\"\n"
"From remote kernel:"
"\"PASS: \"\"soft expansion is a Laurent series\"\n"
"From remote kernel:"
"\"PASS: \"\"soft series covers the requested pole order\"\n"
"From remote kernel:"
"\"PASS: \"\"soft coefficients contain no recoil variable\"\n"
"From remote kernel:"
"\"PASS: \"\"massive angular denominator stays separated at the soft endpoint\"\n"
"From remote kernel:"
"\"PASS: \"\"soft expansion is a Laurent series\"\n"
"From remote kernel:"
"\"PASS: \"\"soft series covers the requested pole order\"\n"
"From remote kernel:"
"\"PASS: \"\"soft coefficients contain no recoil variable\"\n"
"From remote kernel:"
"\"RealSame_Charge0__Pg\"\" real term \"129\"/\"160\"; memory = \"236383080\n"
"From remote kernel:"
"\"PASS: \"\"soft expansion is a Laurent series\"\n"
"From remote kernel:"
"\"PASS: \"\"soft series covers the requested pole order\"\n"
"From remote kernel:"
"\"PASS: \"\"massive angular denominator stays separated at the soft endpoint\"\n"
"From remote kernel:"
"\"PASS: \"\"mixed angular endpoint approach follows from its domain\"\n"
"From remote kernel:"
"\"PASS: \"\"inverted dilogarithm arguments are negative on the real domain\"\n"
"From remote kernel:"
"\"PASS: \"\"ordinary real term is fully evaluated\"\n"
"From remote kernel:"
"\"PASS: \"\"inverse hyperbolic logarithms preserve derivative and anchor\"\n"
"From remote kernel:"
"\"PASS: \"\"massive angular denominator stays separated at the soft endpoint\"\n"
"From remote kernel:"
"\"PASS: \"\"soft expansion is a Laurent series\"\n"
"From remote kernel:"
"\"PASS: \"\"soft series covers the requested pole order\"\n"
"From remote kernel:"
"\"PASS: \"\"soft coefficients contain no recoil variable\"\n"
"From remote kernel:"
"\"PASS: \"\"massive angular denominator stays separated at the soft endpoint\"\n"
"From remote kernel:"
"\"PASS: \"\"soft expansion is a Laurent series\"\n"
"From remote kernel:"
"\"PASS: \"\"soft series covers the requested pole order\"\n"
"From remote kernel:"
"\"PASS: \"\"soft coefficients contain no recoil variable\"\n"
"From remote kernel:"
"\"RealSame_Charge0__Pg\"\" real term \"130\"/\"160\"; memory = \"237079992\n"
"From remote kernel:"
"\"PASS: \"\"ordinary real term is fully evaluated\"\n"
"From remote kernel:"
"\"PASS: \"\"massive angular denominator stays separated at the soft endpoint\"\n"
"From remote kernel:"
"\"PASS: \"\"soft expansion is a Laurent series\"\n"
"From remote kernel:"
"\"PASS: \"\"soft series covers the requested pole order\"\n"
"From remote kernel:"
"\"PASS: \"\"soft coefficients contain no recoil variable\"\n"
"From remote kernel:"
"\"PASS: \"\"massive angular denominator stays separated at the soft endpoint\"\n"
"From remote kernel:"
"\"PASS: \"\"soft expansion is a Laurent series\"\n"
"From remote kernel:"
"\"PASS: \"\"soft series covers the requested pole order\"\n"
"From remote kernel:"
"\"PASS: \"\"soft coefficients contain no recoil variable\"\n"
"From remote kernel:"
"\"RealSame_Charge0__Pg\"\" real term \"131\"/\"160\"; memory = \"213522176\n"
"From remote kernel:"
"\"PASS: \"\"soft expansion is a Laurent series\"\n"
"From remote kernel:"
"\"PASS: \"\"soft series covers the requested pole order\"\n"
"From remote kernel:"
"\"PASS: \"\"soft coefficients contain no recoil variable\"\n"
"From remote kernel:"
"\"RealSame_Charge0__Pg\"\" real term \"132\"/\"160\"; memory = \"212322832\n"
"From remote kernel:"
"\"PASS: \"\"one mixed denominator is massive\"\n"
"From remote kernel:"
"\"PASS: \"\"soft expansion is a Laurent series\"\n"
"From remote kernel:"
"\"PASS: \"\"soft series covers the requested pole order\"\n"
"From remote kernel:"
"\"RealSame_Charge0__Pg\"\" real term \"133\"/\"160\"; memory = \"216605208\n"
"From remote kernel:"
"\"PASS: \"\"one mixed denominator is massive\"\n"
"From remote kernel:"
"\"PASS: \"\"ordinary real term is fully evaluated\"\n"
"From remote kernel:"
"\"PASS: \"\"massive angular denominator stays separated at the soft endpoint\"\n"
"From remote kernel:"
"\"PASS: \"\"ordinary real term is fully evaluated\"\n"
"From remote kernel:"
"\"PASS: \"\"massive angular denominator stays separated at the soft endpoint\"\n"
"From remote kernel:"
"\"PASS: \"\"soft expansion is a Laurent series\"\n"
"From remote kernel:"
"\"PASS: \"\"soft series covers the requested pole order\"\n"
"From remote kernel:"
"\"PASS: \"\"soft expansion is a Laurent series\"\n"
"From remote kernel:"
"\"PASS: \"\"soft series covers the requested pole order\"\n"
"From remote kernel:"
"\"RealSame_Charge0__Pg\"\" real term \"134\"/\"160\"; memory = \"265292696\n"
"From remote kernel:"
"\"PASS: \"\"one mixed denominator is massive\"\n"
"From remote kernel:"
"\"PASS: \"\"soft coefficients contain no recoil variable\"\n"
"From remote kernel:"
"\"PASS: \"\"ordinary real term is fully evaluated\"\n"
"From remote kernel:"
"\"PASS: \"\"massive angular denominator stays separated at the soft endpoint\"\n"
"From remote kernel:"
"\"PASS: \"\"ordinary real term is fully evaluated\"\n"
"From remote kernel:"
"\"PASS: \"\"massive angular denominator stays separated at the soft endpoint\"\n"
"From remote kernel:"
"\"PASS: \"\"soft expansion is a Laurent series\"\n"
"From remote kernel:"
"\"PASS: \"\"soft series covers the requested pole order\"\n"
"From remote kernel:"
"\"PASS: \"\"massive angular denominator stays separated at the soft endpoint\"\n"
"From remote kernel:"
"\"PASS: \"\"soft expansion is a Laurent series\"\n"
"From remote kernel:"
"\"PASS: \"\"soft series covers the requested pole order\"\n"
"From remote kernel:"
"\"PASS: \"\"soft coefficients contain no recoil variable\"\n"
"From remote kernel:"
"\"RealSame_Charge0__Pg\"\" real term \"135\"/\"160\"; memory = \"220839736\n"
"From remote kernel:"
"\"PASS: \"\"soft coefficients contain no recoil variable\"\n"
"From remote kernel:"
"\"RealSame_Charge0__Pg\"\" real term \"136\"/\"160\"; memory = \"228750880\n"
"From remote kernel:"
"\"PASS: \"\"soft expansion is a Laurent series\"\n"
"From remote kernel:"
"\"PASS: \"\"soft series covers the requested pole order\"\n"
"From remote kernel:"
"\"PASS: \"\"soft coefficients contain no recoil variable\"\n"
"From remote kernel:"
"\"PASS: \"\"massive angular denominator stays separated at the soft endpoint\"\n"
"From remote kernel:"
"\"PASS: \"\"ordinary real term is fully evaluated\"\n"
"From remote kernel:"
"\"PASS: \"\"massive angular denominator stays separated at the soft endpoint\"\n"
"From remote kernel:"
"\"PASS: \"\"soft expansion is a Laurent series\"\n"
"From remote kernel:"
"\"PASS: \"\"soft series covers the requested pole order\"\n"
"From remote kernel:"
"\"PASS: \"\"soft coefficients contain no recoil variable\"\n"
"From remote kernel:"
"\"RealSame_Charge0__Pg\"\" real term \"137\"/\"160\"; memory = \"268959408\n"
"From remote kernel:"
"\"PASS: \"\"one mixed denominator is massive\"\n"
"From remote kernel:"
"\"PASS: \"\"ordinary real term is fully evaluated\"\n"
"From remote kernel:"
"\"PASS: \"\"massive angular denominator stays separated at the soft endpoint\"\n"
"From remote kernel:"
"\"PASS: \"\"mixed angular endpoint approach follows from its domain\"\n"
"From remote kernel:"
"\"PASS: \"\"inverted dilogarithm arguments are negative on the real domain\"\n"
"From remote kernel:"
"\"PASS: \"\"inverse hyperbolic logarithms preserve derivative and anchor\"\n"
"From remote kernel:"
"\"PASS: \"\"soft expansion is a Laurent series\"\n"
"From remote kernel:"
"\"PASS: \"\"soft series covers the requested pole order\"\n"
"From remote kernel:"
"\"PASS: \"\"massive angular denominator stays separated at the soft endpoint\"\n"
"From remote kernel:"
"\"PASS: \"\"mixed angular endpoint approach follows from its domain\"\n"
"From remote kernel:"
"\"PASS: \"\"inverted dilogarithm arguments are negative on the real domain\"\n"
"From remote kernel:"
"\"PASS: \"\"inverse hyperbolic logarithms preserve derivative and anchor\"\n"
"From remote kernel:"
"\"PASS: \"\"soft expansion is a Laurent series\"\n"
"From remote kernel:"
"\"PASS: \"\"soft series covers the requested pole order\"\n"
"From remote kernel:"
"\"RealSame_Charge0__Pg\"\" real term \"138\"/\"160\"; memory = \"268913048\n"
"From remote kernel:"
"\"PASS: \"\"soft expansion is a Laurent series\"\n"
"From remote kernel:"
"\"PASS: \"\"soft series covers the requested pole order\"\n"
"From remote kernel:"
"\"PASS: \"\"massive angular denominator stays separated at the soft endpoint\"\n"
"From remote kernel:"
"\"PASS: \"\"soft expansion is a Laurent series\"\n"
"From remote kernel:"
"\"PASS: \"\"soft series covers the requested pole order\"\n"
"From remote kernel:"
"\"RealSame_Charge0__Pg\"\" real term \"139\"/\"160\"; memory = \"265534000\n"
"From remote kernel:"
"\"PASS: \"\"one mixed denominator is massive\"\n"
"From remote kernel:"
"\"PASS: \"\"ordinary real term is fully evaluated\"\n"
"From remote kernel:"
"\"PASS: \"\"massive angular denominator stays separated at the soft endpoint\"\n"
"From remote kernel:"
"\"PASS: \"\"mixed angular endpoint approach follows from its domain\"\n"
"From remote kernel:"
"\"PASS: \"\"inverted dilogarithm arguments are negative on the real domain\"\n"
"From remote kernel:"
"\"PASS: \"\"inverse hyperbolic logarithms preserve derivative and anchor\"\n"
"From remote kernel:"
"\"PASS: \"\"ordinary real term is fully evaluated\"\n"
"From remote kernel:"
"\"PASS: \"\"massive angular denominator stays separated at the soft endpoint\"\n"
"From remote kernel:"
"\"PASS: \"\"soft expansion is a Laurent series\"\n"
"From remote kernel:"
"\"PASS: \"\"mixed angular endpoint approach follows from its domain\"\n"
"From remote kernel:"
"\"PASS: \"\"soft series covers the requested pole order\"\n"
"From remote kernel:"
"\"PASS: \"\"inverted dilogarithm arguments are negative on the real domain\"\n"
"From remote kernel:"
"\"PASS: \"\"massive angular denominator stays separated at the soft endpoint\"\n"
"From remote kernel:"
"\"PASS: \"\"inverse hyperbolic logarithms preserve derivative and anchor\"\n"
"From remote kernel:"
"\"PASS: \"\"mixed angular endpoint approach follows from its domain\"\n"
"From remote kernel:"
"\"PASS: \"\"inverted dilogarithm arguments are negative on the real domain\"\n"
"From remote kernel:"
"\"PASS: \"\"inverse hyperbolic logarithms preserve derivative and anchor\"\n"
"From remote kernel:"
"\"PASS: \"\"soft expansion is a Laurent series\"\n"
"From remote kernel:"
"\"PASS: \"\"soft series covers the requested pole order\"\n"
"From remote kernel:"
"\"PASS: \"\"soft expansion is a Laurent series\"\n"
"From remote kernel:"
"\"PASS: \"\"soft expansion is a Laurent series\"\n"
"From remote kernel:"
"\"PASS: \"\"soft series covers the requested pole order\"\n"
"From remote kernel:"
"\"PASS: \"\"soft series covers the requested pole order\"\n"
"From remote kernel:"
"\"RealSame_Charge0__Pg\"\" real term \"140\"/\"160\"; memory = \"265752696\n"
"From remote kernel:"
"\"PASS: \"\"soft coefficients contain no recoil variable\"\n"
"From remote kernel:"
"\"RealSame_Charge0__Pg\"\" real term \"141\"/\"160\"; memory = \"250919152\n"
"From remote kernel:"
"\"PASS: \"\"soft coefficients contain no recoil variable\"\n"
"From remote kernel:"
"\"PASS: \"\"massive angular denominator stays separated at the soft endpoint\"\n"
"From remote kernel:"
"\"PASS: \"\"soft expansion is a Laurent series\"\n"
"From remote kernel:"
"\"PASS: \"\"soft series covers the requested pole order\"\n"
"From remote kernel:"
"\"PASS: \"\"soft coefficients contain no recoil variable\"\n"
"From remote kernel:"
"\"PASS: \"\"massive angular denominator stays separated at the soft endpoint\"\n"
"From remote kernel:"
"\"PASS: \"\"ordinary real term is fully evaluated\"\n"
"From remote kernel:"
"\"PASS: \"\"massive angular denominator stays separated at the soft endpoint\"\n"
"From remote kernel:"
"\"PASS: \"\"mixed angular endpoint approach follows from its domain\"\n"
"From remote kernel:"
"\"PASS: \"\"inverted dilogarithm arguments are negative on the real domain\"\n"
"From remote kernel:"
"\"PASS: \"\"inverse hyperbolic logarithms preserve derivative and anchor\"\n"
"From remote kernel:"
"\"PASS: \"\"ordinary real term is fully evaluated\"\n"
"From remote kernel:"
"\"PASS: \"\"massive angular denominator stays separated at the soft endpoint\"\n"
"From remote kernel:"
"\"PASS: \"\"mixed angular endpoint approach follows from its domain\"\n"
"From remote kernel:"
"\"PASS: \"\"inverted dilogarithm arguments are negative on the real domain\"\n"
"From remote kernel:"
"\"PASS: \"\"ordinary real term is fully evaluated\"\n"
"From remote kernel:"
"\"PASS: \"\"massive angular denominator stays separated at the soft endpoint\"\n"
"From remote kernel:"
"\"PASS: \"\"mixed angular endpoint approach follows from its domain\"\n"
"From remote kernel:"
"\"PASS: \"\"inverted dilogarithm arguments are negative on the real domain\"\n"
"From remote kernel:"
"\"PASS: \"\"inverse hyperbolic logarithms preserve derivative and anchor\"\n"
"From remote kernel:"
"\"PASS: \"\"soft expansion is a Laurent series\"\n"
"From remote kernel:"
"\"PASS: \"\"soft series covers the requested pole order\"\n"
"From remote kernel:"
"\"PASS: \"\"massive angular denominator stays separated at the soft endpoint\"\n"
"From remote kernel:"
"\"PASS: \"\"mixed angular endpoint approach follows from its domain\"\n"
"From remote kernel:"
"\"PASS: \"\"inverted dilogarithm arguments are negative on the real domain\"\n"
"From remote kernel:"
"\"PASS: \"\"inverse hyperbolic logarithms preserve derivative and anchor\"\n"
"From remote kernel:"
"\"PASS: \"\"soft expansion is a Laurent series\"\n"
"From remote kernel:"
"\"PASS: \"\"soft series covers the requested pole order\"\n"
"From remote kernel:"
"\"PASS: \"\"massive angular denominator stays separated at the soft endpoint\"\n"
"From remote kernel:"
"\"PASS: \"\"mixed angular endpoint approach follows from its domain\"\n"
"From remote kernel:"
"\"PASS: \"\"inverted dilogarithm arguments are negative on the real domain\"\n"
"From remote kernel:"
"\"PASS: \"\"soft expansion is a Laurent series\"\n"
"From remote kernel:"
"\"PASS: \"\"soft series covers the requested pole order\"\n"
"From remote kernel:"
"\"PASS: \"\"soft coefficients contain no recoil variable\"\n"
"From remote kernel:"
"\"RealSame_Charge0__Pg\"\" real term \"142\"/\"160\"; memory = \"225445784\n"
"From remote kernel:"
"\"PASS: \"\"soft expansion is a Laurent series\"\n"
"From remote kernel:"
"\"PASS: \"\"soft series covers the requested pole order\"\n"
"From remote kernel:"
"\"PASS: \"\"massive angular denominator stays separated at the soft endpoint\"\n"
"From remote kernel:"
"\"PASS: \"\"mixed angular endpoint approach follows from its domain\"\n"
"From remote kernel:"
"\"PASS: \"\"inverted dilogarithm arguments are negative on the real domain\"\n"
"From remote kernel:"
"\"PASS: \"\"inverse hyperbolic logarithms preserve derivative and anchor\"\n"
"From remote kernel:"
"\"PASS: \"\"soft expansion is a Laurent series\"\n"
"From remote kernel:"
"\"PASS: \"\"soft series covers the requested pole order\"\n"
"From remote kernel:"
"\"PASS: \"\"soft coefficients contain no recoil variable\"\n"
"From remote kernel:"
"\"RealSame_Charge0__Pg\"\" real term \"143\"/\"160\"; memory = \"228115784\n"
"From remote kernel:"
"\"PASS: \"\"ordinary real term is fully evaluated\"\n"
"From remote kernel:"
"\"PASS: \"\"massive angular denominator stays separated at the soft endpoint\"\n"
"From remote kernel:"
"\"PASS: \"\"mixed angular endpoint approach follows from its domain\"\n"
"From remote kernel:"
"\"PASS: \"\"inverted dilogarithm arguments are negative on the real domain\"\n"
"From remote kernel:"
"\"PASS: \"\"inverse hyperbolic logarithms preserve derivative and anchor\"\n"
"From remote kernel:"
"\"PASS: \"\"soft expansion is a Laurent series\"\n"
"From remote kernel:"
"\"PASS: \"\"soft series covers the requested pole order\"\n"
"From remote kernel:"
"\"PASS: \"\"massive angular denominator stays separated at the soft endpoint\"\n"
"From remote kernel:"
"\"PASS: \"\"mixed angular endpoint approach follows from its domain\"\n"
"From remote kernel:"
"\"PASS: \"\"inverted dilogarithm arguments are negative on the real domain\"\n"
"From remote kernel:"
"\"PASS: \"\"inverse hyperbolic logarithms preserve derivative and anchor\"\n"
"From remote kernel:"
"\"PASS: \"\"soft expansion is a Laurent series\"\n"
"From remote kernel:"
"\"PASS: \"\"soft series covers the requested pole order\"\n"
"From remote kernel:"
"\"RealSame_Charge0__Pg\"\" real term \"144\"/\"160\"; memory = \"228701632\n"
"From remote kernel:"
"\"PASS: \"\"one mixed denominator is massive\"\n"
"From remote kernel:"
"\"PASS: \"\"soft expansion is a Laurent series\"\n"
"From remote kernel:"
"\"PASS: \"\"soft series covers the requested pole order\"\n"
"From remote kernel:"
"\"RealSame_Charge0__Pg\"\" real term \"145\"/\"160\"; memory = \"257135256\n"
"From remote kernel:"
"\"PASS: \"\"one mixed denominator is massive\"\n"
"From remote kernel:"
"\"PASS: \"\"ordinary real term is fully evaluated\"\n"
"From remote kernel:"
"\"PASS: \"\"massive angular denominator stays separated at the soft endpoint\"\n"
"From remote kernel:"
"\"PASS: \"\"soft expansion is a Laurent series\"\n"
"From remote kernel:"
"\"PASS: \"\"soft series covers the requested pole order\"\n"
"From remote kernel:"
"\"PASS: \"\"massive angular denominator stays separated at the soft endpoint\"\n"
"From remote kernel:"
"\"PASS: \"\"soft expansion is a Laurent series\"\n"
"From remote kernel:"
"\"PASS: \"\"soft series covers the requested pole order\"\n"
"From remote kernel:"
"\"RealSame_Charge0__Pg\"\" real term \"146\"/\"160\"; memory = \"257507848\n"
"From remote kernel:"
"\"PASS: \"\"soft expansion is a Laurent series\"\n"
"From remote kernel:"
"\"PASS: \"\"soft series covers the requested pole order\"\n"
"From remote kernel:"
"\"PASS: \"\"ordinary real term is fully evaluated\"\n"
"From remote kernel:"
"\"RealSame_Charge0__Pg\"\" real term \"147\"/\"160\"; memory = \"242668464\n"
"From remote kernel:"
"\"PASS: \"\"massive angular denominator stays separated at the soft endpoint\"\n"
"From remote kernel:"
"\"PASS: \"\"one mixed denominator is massive\"\n"
"From remote kernel:"
"\"PASS: \"\"ordinary real term is fully evaluated\"\n"
"From remote kernel:"
"\"PASS: \"\"massive angular denominator stays separated at the soft endpoint\"\n"
"From remote kernel:"
"\"PASS: \"\"soft expansion is a Laurent series\"\n"
"From remote kernel:"
"\"PASS: \"\"soft expansion is a Laurent series\"\n"
"From remote kernel:"
"\"PASS: \"\"soft series covers the requested pole order\"\n"
"From remote kernel:"
"\"PASS: \"\"soft series covers the requested pole order\"\n"
"From remote kernel:"
"\"PASS: \"\"massive angular denominator stays separated at the soft endpoint\"\n"
"From remote kernel:"
"\"PASS: \"\"ordinary real term is fully evaluated\"\n"
"From remote kernel:"
"\"PASS: \"\"mixed angular endpoint approach follows from its domain\"\n"
"From remote kernel:"
"\"PASS: \"\"massive angular denominator stays separated at the soft endpoint\"\n"
"From remote kernel:"
"\"PASS: \"\"inverted dilogarithm arguments are negative on the real domain\"\n"
"From remote kernel:"
"\"PASS: \"\"inverse hyperbolic logarithms preserve derivative and anchor\"\n"
"From remote kernel:"
"\"PASS: \"\"soft expansion is a Laurent series\"\n"
"From remote kernel:"
"\"PASS: \"\"soft series covers the requested pole order\"\n"
"From remote kernel:"
"\"RealSame_Charge0__Pg\"\" real term \"148\"/\"160\"; memory = \"243924840\n"
"From remote kernel:"
"\"PASS: \"\"massive angular denominator stays separated at the soft endpoint\"\n"
"From remote kernel:"
"\"PASS: \"\"ordinary real term is fully evaluated\"\n"
"From remote kernel:"
"\"PASS: \"\"massive angular denominator stays separated at the soft endpoint\"\n"
"From remote kernel:"
"\"PASS: \"\"soft expansion is a Laurent series\"\n"
"From remote kernel:"
"\"PASS: \"\"soft series covers the requested pole order\"\n"
"From remote kernel:"
"\"PASS: \"\"massive angular denominator stays separated at the soft endpoint\"\n"
"From remote kernel:"
"\"PASS: \"\"soft expansion is a Laurent series\"\n"
"From remote kernel:"
"\"PASS: \"\"soft series covers the requested pole order\"\n"
"From remote kernel:"
"\"RealSame_Charge0__Pg\"\" real term \"149\"/\"160\"; memory = \"245123224\n"
"From remote kernel:"
"\"PASS: \"\"ordinary real term is fully evaluated\"\n"
"From remote kernel:"
"\"PASS: \"\"massive angular denominator stays separated at the soft endpoint\"\n"
"From remote kernel:"
"\"PASS: \"\"mixed angular endpoint approach follows from its domain\"\n"
"From remote kernel:"
"\"PASS: \"\"inverted dilogarithm arguments are negative on the real domain\"\n"
"From remote kernel:"
"\"PASS: \"\"inverse hyperbolic logarithms preserve derivative and anchor\"\n"
"From remote kernel:"
"\"PASS: \"\"ordinary real term is fully evaluated\"\n"
"From remote kernel:"
"\"PASS: \"\"massive angular denominator stays separated at the soft endpoint\"\n"
"From remote kernel:"
"\"PASS: \"\"soft expansion is a Laurent series\"\n"
"From remote kernel:"
"\"PASS: \"\"soft series covers the requested pole order\"\n"
"From remote kernel:"
"\"PASS: \"\"ordinary real term is fully evaluated\"\n"
"From remote kernel:"
"\"PASS: \"\"massive angular denominator stays separated at the soft endpoint\"\n"
"From remote kernel:"
"\"RealSame_Charge0__Pg\"\" real term \"150\"/\"160\"; memory = \"273331936\n"
"From remote kernel:"
"\"PASS: \"\"mixed angular endpoint approach follows from its domain\"\n"
"From remote kernel:"
"\"PASS: \"\"inverted dilogarithm arguments are negative on the real domain\"\n"
"From remote kernel:"
"\"PASS: \"\"inverse hyperbolic logarithms preserve derivative and anchor\"\n"
"From remote kernel:"
"\"PASS: \"\"soft expansion is a Laurent series\"\n"
"From remote kernel:"
"\"PASS: \"\"soft series covers the requested pole order\"\n"
"From remote kernel:"
"\"PASS: \"\"massive angular denominator stays separated at the soft endpoint\"\n"
"From remote kernel:"
"\"PASS: \"\"soft expansion is a Laurent series\"\n"
"From remote kernel:"
"\"PASS: \"\"soft series covers the requested pole order\"\n"
"From remote kernel:"
"\"PASS: \"\"massive angular denominator stays separated at the soft endpoint\"\n"
"From remote kernel:"
"\"PASS: \"\"soft expansion is a Laurent series\"\n"
"From remote kernel:"
"\"PASS: \"\"soft series covers the requested pole order\"\n"
"From remote kernel:"
"\"RealSame_Charge0__Pg\"\" real term \"151\"/\"160\"; memory = \"238332584\n"
"From remote kernel:"
"\"PASS: \"\"one mixed denominator is massive\"\n"
"From remote kernel:"
"\"PASS: \"\"ordinary real term is fully evaluated\"\n"
"From remote kernel:"
"\"PASS: \"\"massive angular denominator stays separated at the soft endpoint\"\n"
"From remote kernel:"
"\"PASS: \"\"mixed angular endpoint approach follows from its domain\"\n"
"From remote kernel:"
"\"PASS: \"\"inverted dilogarithm arguments are negative on the real domain\"\n"
"From remote kernel:"
"\"PASS: \"\"inverse hyperbolic logarithms preserve derivative and anchor\"\n"
"From remote kernel:"
"\"PASS: \"\"soft expansion is a Laurent series\"\n"
"From remote kernel:"
"\"PASS: \"\"soft series covers the requested pole order\"\n"
"From remote kernel:"
"\"PASS: \"\"massive angular denominator stays separated at the soft endpoint\"\n"
"From remote kernel:"
"\"PASS: \"\"mixed angular endpoint approach follows from its domain\"\n"
"From remote kernel:"
"\"PASS: \"\"inverted dilogarithm arguments are negative on the real domain\"\n"
"From remote kernel:"
"\"PASS: \"\"inverse hyperbolic logarithms preserve derivative and anchor\"\n"
"From remote kernel:"
"\"PASS: \"\"soft expansion is a Laurent series\"\n"
"From remote kernel:"
"\"PASS: \"\"soft series covers the requested pole order\"\n"
"From remote kernel:"
"\"PASS: \"\"soft expansion is a Laurent series\"\n"
"From remote kernel:"
"\"PASS: \"\"soft series covers the requested pole order\"\n"
"From remote kernel:"
"\"RealSame_Charge0__Pg\"\" real term \"152\"/\"160\"; memory = \"238835544\n"
"From remote kernel:"
"\"RealSame_Charge0__Pg\"\" real term \"153\"/\"160\"; memory = \"213635400\n"
"From remote kernel:"
"\"PASS: \"\"ordinary real term is fully evaluated\"\n"
"From remote kernel:"
"\"PASS: \"\"massive angular denominator stays separated at the soft endpoint\"\n"
"From remote kernel:"
"\"PASS: \"\"soft expansion is a Laurent series\"\n"
"From remote kernel:"
"\"PASS: \"\"soft expansion is a Laurent series\"\n"
"From remote kernel:"
"\"PASS: \"\"soft series covers the requested pole order\"\n"
"From remote kernel:"
"\"PASS: \"\"soft series covers the requested pole order\"\n"
"From remote kernel:"
"\"PASS: \"\"massive angular denominator stays separated at the soft endpoint\"\n"
"From remote kernel:"
"\"PASS: \"\"massive angular denominator stays separated at the soft endpoint\"\n"
"From remote kernel:"
"\"PASS: \"\"ordinary real term is fully evaluated\"\n"
"From remote kernel:"
"\"PASS: \"\"soft expansion is a Laurent series\"\n"
"From remote kernel:"
"\"PASS: \"\"mixed angular endpoint approach follows from its domain\"\n"
"From remote kernel:"
"\"PASS: \"\"massive angular denominator stays separated at the soft endpoint\"\n"
"From remote kernel:"
"\"PASS: \"\"soft series covers the requested pole order\"\n"
"From remote kernel:"
"\"PASS: \"\"inverted dilogarithm arguments are negative on the real domain\"\n"
"From remote kernel:"
"\"PASS: \"\"inverse hyperbolic logarithms preserve derivative and anchor\"\n"
"From remote kernel:"
"\"RealSame_Charge0__Pg\"\" real term \"154\"/\"160\"; memory = \"213772512\n"
"From remote kernel:"
"\"PASS: \"\"soft expansion is a Laurent series\"\n"
"From remote kernel:"
"\"PASS: \"\"soft series covers the requested pole order\"\n"
"From remote kernel:"
"\"PASS: \"\"massive angular denominator stays separated at the soft endpoint\"\n"
"From remote kernel:"
"\"PASS: \"\"mixed angular endpoint approach follows from its domain\"\n"
"From remote kernel:"
"\"PASS: \"\"inverted dilogarithm arguments are negative on the real domain\"\n"
"From remote kernel:"
"\"PASS: \"\"inverse hyperbolic logarithms preserve derivative and anchor\"\n"
"From remote kernel:"
"\"PASS: \"\"soft expansion is a Laurent series\"\n"
"From remote kernel:"
"\"PASS: \"\"soft series covers the requested pole order\"\n"
"From remote kernel:"
"\"RealSame_Charge0__Pg\"\" real term \"155\"/\"160\"; memory = \"259570656\n"
"From remote kernel:"
"\"PASS: \"\"one mixed denominator is massive\"\n"
"From remote kernel:"
"\"PASS: \"\"soft expansion is a Laurent series\"\n"
"From remote kernel:"
"\"PASS: \"\"soft series covers the requested pole order\"\n"
"From remote kernel:"
"\"RealSame_Charge0__Pg\"\" real term \"156\"/\"160\"; memory = \"234318488\n"
"From remote kernel:"
"\"PASS: \"\"ordinary real term is fully evaluated\"\n"
"From remote kernel:"
"\"PASS: \"\"massive angular denominator stays separated at the soft endpoint\"\n"
"From remote kernel:"
"\"PASS: \"\"soft expansion is a Laurent series\"\n"
"From remote kernel:"
"\"PASS: \"\"soft series covers the requested pole order\"\n"
"From remote kernel:"
"\"PASS: \"\"massive angular denominator stays separated at the soft endpoint\"\n"
"From remote kernel:"
"\"PASS: \"\"soft expansion is a Laurent series\"\n"
"From remote kernel:"
"\"PASS: \"\"soft series covers the requested pole order\"\n"
"From remote kernel:"
"\"RealSame_Charge0__Pg\"\" real term \"157\"/\"160\"; memory = \"234358552\n"
"From remote kernel:"
"\"PASS: \"\"ordinary real term is fully evaluated\"\n"
"From remote kernel:"
"\"PASS: \"\"massive angular denominator stays separated at the soft endpoint\"\n"
"From remote kernel:"
"\"PASS: \"\"mixed angular endpoint approach follows from its domain\"\n"
"From remote kernel:"
"\"PASS: \"\"inverted dilogarithm arguments are negative on the real domain\"\n"
"From remote kernel:"
"\"PASS: \"\"soft expansion is a Laurent series\"\n"
"From remote kernel:"
"\"PASS: \"\"soft series covers the requested pole order\"\n"
"From remote kernel:"
"\"RealSame_Charge0__Pg\"\" real term \"158\"/\"160\"; memory = \"234563712\n"
"From remote kernel:"
"\"PASS: \"\"ordinary real term is fully evaluated\"\n"
"From remote kernel:"
"\"PASS: \"\"massive angular denominator stays separated at the soft endpoint\"\n"
"From remote kernel:"
"\"PASS: \"\"mixed angular endpoint approach follows from its domain\"\n"
"From remote kernel:"
"\"PASS: \"\"inverted dilogarithm arguments are negative on the real domain\"\n"
"From remote kernel:"
"\"PASS: \"\"inverse hyperbolic logarithms preserve derivative and anchor\"\n"
"From remote kernel:"
"\"PASS: \"\"soft expansion is a Laurent series\"\n"
"From remote kernel:"
"\"PASS: \"\"soft series covers the requested pole order\"\n"
"From remote kernel:"
"\"PASS: \"\"massive angular denominator stays separated at the soft endpoint\"\n"
"From remote kernel:"
"\"PASS: \"\"mixed angular endpoint approach follows from its domain\"\n"
"From remote kernel:"
"\"PASS: \"\"inverted dilogarithm arguments are negative on the real domain\"\n"
"From remote kernel:"
"\"PASS: \"\"inverse hyperbolic logarithms preserve derivative and anchor\"\n"
"From remote kernel:"
"\"PASS: \"\"soft expansion is a Laurent series\"\n"
"From remote kernel:"
"\"PASS: \"\"soft series covers the requested pole order\"\n"
"From remote kernel:"
"\"PASS: \"\"massive angular denominator stays separated at the soft endpoint\"\n"
"From remote kernel:"
"\"PASS: \"\"soft expansion is a Laurent series\"\n"
"From remote kernel:"
"\"PASS: \"\"soft series covers the requested pole order\"\n"
"From remote kernel:"
"\"RealSame_Charge0__Pg\"\" real term \"159\"/\"160\"; memory = \"235042264\n"
"From remote kernel:"
"\"PASS: \"\"soft expansion is a Laurent series\"\n"
"From remote kernel:"
"\"PASS: \"\"soft series covers the requested pole order\"\n"
"From remote kernel:"
"\"RealSame_Charge0__Pg\"\" real term \"160\"/\"160\"; memory = \"259317264\n"
"From remote kernel:"
"\"PASS: \"\"one mixed denominator is massive\"\n"
"From remote kernel:"
"\"PASS: \"\"ordinary real term is fully evaluated\"\n"
"From remote kernel:"
"\"PASS: \"\"massive angular denominator stays separated at the soft endpoint\"\n"
"From remote kernel:"
"\"PASS: \"\"mixed angular endpoint approach follows from its domain\"\n"
"From remote kernel:"
"\"PASS: \"\"inverted dilogarithm arguments are negative on the real domain\"\n"
"From remote kernel:"
"\"PASS: \"\"soft expansion is a Laurent series\"\n"
"From remote kernel:"
"\"PASS: \"\"soft series covers the requested pole order\"\n"
"From remote kernel:"
"\"PASS: \"\"massive angular denominator stays separated at the soft endpoint\"\n"
"From remote kernel:"
"\"PASS: \"\"mixed angular endpoint approach follows from its domain\"\n"
"From remote kernel:"
"\"PASS: \"\"inverted dilogarithm arguments are negative on the real domain\"\n"
"From remote kernel:"
"\"PASS: \"\"ordinary real term is fully evaluated\"\n"
"From remote kernel:"
"\"PASS: \"\"massive angular denominator stays separated at the soft endpoint\"\n"
"From remote kernel:"
"\"PASS: \"\"mixed angular endpoint approach follows from its domain\"\n"
"From remote kernel:"
"\"PASS: \"\"inverted dilogarithm arguments are negative on the real domain\"\n"
"From remote kernel:"
"\"PASS: \"\"ordinary real term is fully evaluated\"\n"
"From remote kernel:"
"\"PASS: \"\"massive angular denominator stays separated at the soft endpoint\"\n"
"From remote kernel:"
"\"PASS: \"\"soft expansion is a Laurent series\"\n"
"From remote kernel:"
"\"PASS: \"\"mixed angular endpoint approach follows from its domain\"\n"
"From remote kernel:"
"\"PASS: \"\"soft series covers the requested pole order\"\n"
"From remote kernel:"
"\"PASS: \"\"inverted dilogarithm arguments are negative on the real domain\"\n"
"From remote kernel:"
"\"PASS: \"\"massive angular denominator stays separated at the soft endpoint\"\n"
"From remote kernel:"
"\"PASS: \"\"soft expansion is a Laurent series\"\n"
"From remote kernel:"
"\"PASS: \"\"mixed angular endpoint approach follows from its domain\"\n"
"From remote kernel:"
"\"PASS: \"\"soft series covers the requested pole order\"\n"
"From remote kernel:"
"\"PASS: \"\"inverted dilogarithm arguments are negative on the real domain\"\n"
"From remote kernel:"
"\"PASS: \"\"soft expansion is a Laurent series\"\n"
"From remote kernel:"
"\"PASS: \"\"soft series covers the requested pole order\"\n"
"From remote kernel:"
"\"PASS: \"\"massive angular denominator stays separated at the soft endpoint\"\n"
"From remote kernel:"
"\"PASS: \"\"mixed angular endpoint approach follows from its domain\"\n"
"From remote kernel:"
"\"PASS: \"\"inverted dilogarithm arguments are negative on the real domain\"\n"
"From remote kernel:"
"\"PASS: \"\"soft expansion is a Laurent series\"\n"
"From remote kernel:"
"\"PASS: \"\"soft series covers the requested pole order\"\n"
"From remote kernel:"
"\"PASS: \"\"massive angular denominator stays separated at the soft endpoint\"\n"
"From remote kernel:"
"\"PASS: \"\"mixed angular endpoint approach follows from its domain\"\n"
"From remote kernel:"
"\"PASS: \"\"inverted dilogarithm arguments are negative on the real domain\"\n"
"From remote kernel:"
"\"PASS: \"\"soft expansion is a Laurent series\"\n"
"From remote kernel:"
"\"PASS: \"\"soft series covers the requested pole order\"\n"
"From remote kernel:"
"\"PASS: \"\"massive angular denominator stays separated at the soft endpoint\"\n"
"From remote kernel:"
"\"PASS: \"\"ordinary real term is fully evaluated\"\n"
"From remote kernel:"
"\"PASS: \"\"massive angular denominator stays separated at the soft endpoint\"\n"
"From remote kernel:"
"\"PASS: \"\"mixed angular endpoint approach follows from its domain\"\n"
"From remote kernel:"
"\"PASS: \"\"inverted dilogarithm arguments are negative on the real domain\"\n"
"From remote kernel:"
"\"PASS: \"\"soft expansion is a Laurent series\"\n"
"From remote kernel:"
"\"PASS: \"\"soft series covers the requested pole order\"\n"
"From remote kernel:"
"\"PASS: \"\"soft expansion is a Laurent series\"\n"
"From remote kernel:"
"\"PASS: \"\"soft series covers the requested pole order\"\n"
"From remote kernel:"
"\"PASS: \"\"ordinary real term is fully evaluated\"\n"
"From remote kernel:"
"\"PASS: \"\"massive angular denominator stays separated at the soft endpoint\"\n"
"From remote kernel:"
"\"PASS: \"\"mixed angular endpoint approach follows from its domain\"\n"
"From remote kernel:"
"\"PASS: \"\"inverted dilogarithm arguments are negative on the real domain\"\n"
"From remote kernel:"
"\"PASS: \"\"soft expansion is a Laurent series\"\n"
"From remote kernel:"
"\"PASS: \"\"soft series covers the requested pole order\"\n"
"From remote kernel:"
"\"PASS: \"\"massive angular denominator stays separated at the soft endpoint\"\n"
"From remote kernel:"
"\"PASS: \"\"mixed angular endpoint approach follows from its domain\"\n"
"From remote kernel:"
"\"PASS: \"\"inverted dilogarithm arguments are negative on the real domain\"\n"
"From remote kernel:"
"\"PASS: \"\"soft expansion is a Laurent series\"\n"
"From remote kernel:"
"\"PASS: \"\"soft series covers the requested pole order\"\n"
"From remote kernel:"
"\"PASS: \"\"soft expansion is a Laurent series\"\n"
MONITOR_HEARTBEAT elapsed=90s rss=2960.0MiB peak=2993.1MiB
"From remote kernel:"
"\"PASS: \"\"soft series covers the requested pole order\"\n"
"From remote kernel:"
"\"PASS: \"\"soft expansion is a Laurent series\"\n"
"From remote kernel:"
"\"PASS: \"\"soft series covers the requested pole order\"\n"
"From remote kernel:"
"\"PASS: \"\"massive angular denominator stays separated at the soft endpoint\"\n"
"From remote kernel:"
"\"PASS: \"\"mixed angular endpoint approach follows from its domain\"\n"
"From remote kernel:"
"\"PASS: \"\"inverted dilogarithm arguments are negative on the real domain\"\n"
"From remote kernel:"
"\"PASS: \"\"soft expansion is a Laurent series\"\n"
"From remote kernel:"
"\"PASS: \"\"soft series covers the requested pole order\"\n"
"From remote kernel:"
"\"PASS: \"\"soft expansion is a Laurent series\"\n"
"From remote kernel:"
"\"PASS: \"\"soft series covers the requested pole order\"\n"
"From remote kernel:"
"\"PASS: \"\"soft expansion is a Laurent series\"\n"
"From remote kernel:"
"\"PASS: \"\"soft series covers the requested pole order\"\n"
"PASS: ""RealSame_Charge0__Pg all real phase-space terms completed"
"RealSame_Charge0__Pg"" assembling distribution branch "1
"RealSame_Charge0__Pg"" branch "1" soft group "{1, -1}
"RealSame_Charge0__Pg"" branch "1" soft group "{1, -2}
"Stronger-recoil residual ""RealSame_Charge0__Pg"" "1" "{1, -2}": "InputForm[0]
"PASS: ""stronger recoil poles cancel"
"RealSame_Charge0__Pg"" branch "1" delta coefficient"
"RealSame_Charge0__Pg"" branch "1" plus coefficients"
"PASS: ""no higher logarithmic plus distribution survives"
"RealSame_Charge0__Pg"" branch "1" regular remainder"
"RealSame_Charge0__Pg"" distribution branch "1" saved."
"RealSame_Charge0__Pg"" assembling distribution branch "-1
"RealSame_Charge0__Pg"" branch "-1" soft group "{1, -1}
"RealSame_Charge0__Pg"" branch "-1" soft group "{1, -2}
"Stronger-recoil residual ""RealSame_Charge0__Pg"" "-1" "{1, -2}": "InputForm[0]
"PASS: ""stronger recoil poles cancel"
"RealSame_Charge0__Pg"" branch "-1" delta coefficient"
"RealSame_Charge0__Pg"" branch "-1" plus coefficients"
"PASS: ""no higher logarithmic plus distribution survives"
"RealSame_Charge0__Pg"" branch "-1" regular remainder"
"RealSame_Charge0__Pg"" distribution branch "-1" saved."
"From remote kernel:"
"\"RealSame_Charge0__Ppp\"\" real term \"1\"/\"143\"; memory = \"273314352\n"
"From remote kernel:"
"\"RealSame_Charge0__Ppp\"\" real term \"2\"/\"143\"; memory = \"213943272\n"
"From remote kernel:"
"\"RealSame_Charge0__Ppp\"\" real term \"3\"/\"143\"; memory = \"261100256\n"
"From remote kernel:"
"\"RealSame_Charge0__Ppp\"\" real term \"4\"/\"143\"; memory = \"213634568\n"
"From remote kernel:"
"\"RealSame_Charge0__Ppp\"\" real term \"5\"/\"143\"; memory = \"241458560\n"
"From remote kernel:"
"\"RealSame_Charge0__Ppp\"\" real term \"6\"/\"143\"; memory = \"256605984\n"
"From remote kernel:"
"\"RealSame_Charge0__Ppp\"\" real term \"7\"/\"143\"; memory = \"258386392\n"
"From remote kernel:"
"\"RealSame_Charge0__Ppp\"\" real term \"8\"/\"143\"; memory = \"257687480\n"
"From remote kernel:"
"\"PASS: \"\"ordinary real term is fully evaluated\"\n"
"From remote kernel:"
"\"PASS: \"\"ordinary real term is fully evaluated\"\n"
"From remote kernel:"
"\"PASS: \"\"endpoint valuation is rational\"\n"
"From remote kernel:"
"\"PASS: \"\"soft expansion is a Laurent series\"\n"
"From remote kernel:"
"\"PASS: \"\"ordinary real term is fully evaluated\"\n"
"From remote kernel:"
"\"PASS: \"\"soft series covers the requested pole order\"\n"
"From remote kernel:"
"\"PASS: \"\"ordinary real term is fully evaluated\"\n"
"From remote kernel:"
"\"PASS: \"\"endpoint valuation is rational\"\n"
"From remote kernel:"
"\"PASS: \"\"endpoint valuation is rational\"\n"
"From remote kernel:"
"\"PASS: \"\"soft expansion is a Laurent series\"\n"
"From remote kernel:"
"\"PASS: \"\"one mixed denominator is massive\"\n"
"From remote kernel:"
"\"PASS: \"\"soft expansion is a Laurent series\"\n"
"From remote kernel:"
"\"PASS: \"\"soft series covers the requested pole order\"\n"
"From remote kernel:"
"\"PASS: \"\"ordinary real term is fully evaluated\"\n"
"From remote kernel:"
"\"PASS: \"\"soft series covers the requested pole order\"\n"
"From remote kernel:"
"\"PASS: \"\"endpoint valuation is rational\"\n"
"From remote kernel:"
"\"PASS: \"\"endpoint valuation is rational\"\n"
"From remote kernel:"
"\"PASS: \"\"one mixed denominator is massive\"\n"
"From remote kernel:"
"\"PASS: \"\"one mixed denominator is massive\"\n"
"From remote kernel:"
"\"PASS: \"\"endpoint valuation is rational\"\n"
"From remote kernel:"
"\"PASS: \"\"soft expansion is a Laurent series\"\n"
"From remote kernel:"
"\"PASS: \"\"soft expansion is a Laurent series\"\n"
"From remote kernel:"
"\"PASS: \"\"soft expansion is a Laurent series\"\n"
"From remote kernel:"
"\"PASS: \"\"soft series covers the requested pole order\"\n"
"From remote kernel:"
"\"PASS: \"\"soft series covers the requested pole order\"\n"
"From remote kernel:"
"\"RealSame_Charge0__Ppp\"\" real term \"9\"/\"143\"; memory = \"273197016\n"
"From remote kernel:"
"\"PASS: \"\"soft series covers the requested pole order\"\n"
"From remote kernel:"
"\"PASS: \"\"endpoint valuation is rational\"\n"
"From remote kernel:"
"\"PASS: \"\"ordinary real term is fully evaluated\"\n"
"From remote kernel:"
"\"PASS: \"\"endpoint valuation is rational\"\n"
"From remote kernel:"
"\"RealSame_Charge0__Ppp\"\" real term \"10\"/\"143\"; memory = \"261099632\n"
"From remote kernel:"
"\"PASS: \"\"soft expansion is a Laurent series\"\n"
"From remote kernel:"
"\"PASS: \"\"soft expansion is a Laurent series\"\n"
"From remote kernel:"
"\"PASS: \"\"soft series covers the requested pole order\"\n"
"From remote kernel:"
"\"PASS: \"\"one mixed denominator is massive\"\n"
"From remote kernel:"
"\"PASS: \"\"soft series covers the requested pole order\"\n"
"From remote kernel:"
"\"PASS: \"\"massive angular denominator stays separated at the soft endpoint\"\n"
"From remote kernel:"
"\"PASS: \"\"soft expansion is a Laurent series\"\n"
"From remote kernel:"
"\"PASS: \"\"soft series covers the requested pole order\"\n"
"From remote kernel:"
"\"RealSame_Charge0__Ppp\"\" real term \"12\"/\"143\"; memory = \"214643832\n"
"From remote kernel:"
"\"RealSame_Charge0__Ppp\"\" real term \"11\"/\"143\"; memory = \"214234400\n"
"From remote kernel:"
"\"PASS: \"\"one mixed denominator is massive\"\n"
"From remote kernel:"
"\"PASS: \"\"ordinary real term is fully evaluated\"\n"
"From remote kernel:"
"\"PASS: \"\"massive angular denominator stays separated at the soft endpoint\"\n"
"From remote kernel:"
"\"PASS: \"\"massive angular denominator stays separated at the soft endpoint\"\n"
"From remote kernel:"
"\"PASS: \"\"soft expansion is a Laurent series\"\n"
"From remote kernel:"
"\"PASS: \"\"one mixed denominator is massive\"\n"
"From remote kernel:"
"\"PASS: \"\"soft expansion is a Laurent series\"\n"
"From remote kernel:"
"\"PASS: \"\"soft series covers the requested pole order\"\n"
"From remote kernel:"
"\"PASS: \"\"soft series covers the requested pole order\"\n"
"From remote kernel:"
"\"PASS: \"\"massive angular denominator stays separated at the soft endpoint\"\n"
"From remote kernel:"
"\"PASS: \"\"massive angular denominator stays separated at the soft endpoint\"\n"
"From remote kernel:"
"\"PASS: \"\"soft expansion is a Laurent series\"\n"
"From remote kernel:"
"\"PASS: \"\"ordinary real term is fully evaluated\"\n"
"From remote kernel:"
"\"PASS: \"\"soft expansion is a Laurent series\"\n"
"From remote kernel:"
"\"PASS: \"\"soft series covers the requested pole order\"\n"
"From remote kernel:"
"\"PASS: \"\"soft series covers the requested pole order\"\n"
"From remote kernel:"
"\"PASS: \"\"massive angular denominator stays separated at the soft endpoint\"\n"
"From remote kernel:"
"\"PASS: \"\"soft expansion is a Laurent series\"\n"
"From remote kernel:"
"\"RealSame_Charge0__Ppp\"\" real term \"13\"/\"143\"; memory = \"256754776\n"
"From remote kernel:"
"\"PASS: \"\"soft series covers the requested pole order\"\n"
"From remote kernel:"
"\"RealSame_Charge0__Ppp\"\" real term \"14\"/\"143\"; memory = \"241741496\n"
"From remote kernel:"
"\"PASS: \"\"one mixed denominator is massive\"\n"
"From remote kernel:"
"\"PASS: \"\"ordinary real term is fully evaluated\"\n"
"From remote kernel:"
"\"PASS: \"\"ordinary real term is fully evaluated\"\n"
"From remote kernel:"
"\"RealSame_Charge0__Ppp\"\" real term \"15\"/\"143\"; memory = \"258664656\n"
"From remote kernel:"
"\"PASS: \"\"massive angular denominator stays separated at the soft endpoint\"\n"
"From remote kernel:"
"\"PASS: \"\"massive angular denominator stays separated at the soft endpoint\"\n"
"From remote kernel:"
"\"PASS: \"\"one mixed denominator is massive\"\n"
"From remote kernel:"
"\"PASS: \"\"massive angular denominator stays separated at the soft endpoint\"\n"
"From remote kernel:"
"\"PASS: \"\"one mixed denominator is massive\"\n"
"From remote kernel:"
"\"PASS: \"\"soft expansion is a Laurent series\"\n"
"From remote kernel:"
"\"PASS: \"\"soft series covers the requested pole order\"\n"
"From remote kernel:"
"\"PASS: \"\"massive angular denominator stays separated at the soft endpoint\"\n"
"From remote kernel:"
"\"PASS: \"\"soft expansion is a Laurent series\"\n"
"From remote kernel:"
"\"PASS: \"\"one mixed denominator is massive\"\n"
"From remote kernel:"
"\"PASS: \"\"soft series covers the requested pole order\"\n"
"From remote kernel:"
"\"PASS: \"\"ordinary real term is fully evaluated\"\n"
"From remote kernel:"
"\"PASS: \"\"massive angular denominator stays separated at the soft endpoint\"\n"
"From remote kernel:"
"\"PASS: \"\"soft expansion is a Laurent series\"\n"
"From remote kernel:"
"\"PASS: \"\"soft expansion is a Laurent series\"\n"
"From remote kernel:"
"\"RealSame_Charge0__Ppp\"\" real term \"16\"/\"143\"; memory = \"256801936\n"
"From remote kernel:"
"\"PASS: \"\"soft series covers the requested pole order\"\n"
"From remote kernel:"
"\"PASS: \"\"soft series covers the requested pole order\"\n"
"From remote kernel:"
"\"PASS: \"\"massive angular denominator stays separated at the soft endpoint\"\n"
"From remote kernel:"
"\"PASS: \"\"soft expansion is a Laurent series\"\n"
"From remote kernel:"
"\"PASS: \"\"one mixed denominator is massive\"\n"
"From remote kernel:"
"\"PASS: \"\"soft series covers the requested pole order\"\n"
"From remote kernel:"
"\"RealSame_Charge0__Ppp\"\" real term \"17\"/\"143\"; memory = \"258741520\n"
"From remote kernel:"
"\"PASS: \"\"massive angular denominator stays separated at the soft endpoint\"\n"
"From remote kernel:"
"\"PASS: \"\"ordinary real term is fully evaluated\"\n"
"From remote kernel:"
"\"PASS: \"\"massive angular denominator stays separated at the soft endpoint\"\n"
"From remote kernel:"
"\"PASS: \"\"soft expansion is a Laurent series\"\n"
"From remote kernel:"
"\"PASS: \"\"soft series covers the requested pole order\"\n"
"From remote kernel:"
"\"PASS: \"\"massive angular denominator stays separated at the soft endpoint\"\n"
"From remote kernel:"
"\"PASS: \"\"soft expansion is a Laurent series\"\n"
"From remote kernel:"
"\"PASS: \"\"soft expansion is a Laurent series\"\n"
"From remote kernel:"
"\"PASS: \"\"soft series covers the requested pole order\"\n"
"From remote kernel:"
"\"PASS: \"\"ordinary real term is fully evaluated\"\n"
"From remote kernel:"
"\"PASS: \"\"soft series covers the requested pole order\"\n"
"From remote kernel:"
"\"PASS: \"\"ordinary real term is fully evaluated\"\n"
"From remote kernel:"
"\"RealSame_Charge0__Ppp\"\" real term \"18\"/\"143\"; memory = \"258762920\n"
"From remote kernel:"
"\"PASS: \"\"massive angular denominator stays separated at the soft endpoint\"\n"
"From remote kernel:"
"\"PASS: \"\"mixed angular endpoint approach follows from its domain\"\n"
"From remote kernel:"
"\"PASS: \"\"inverted dilogarithm arguments are negative on the real domain\"\n"
"From remote kernel:"
"\"PASS: \"\"inverse hyperbolic logarithms preserve derivative and anchor\"\n"
"From remote kernel:"
"\"PASS: \"\"massive angular denominator stays separated at the soft endpoint\"\n"
"From remote kernel:"
"\"PASS: \"\"soft expansion is a Laurent series\"\n"
"From remote kernel:"
"\"RealSame_Charge0__Ppp\"\" real term \"19\"/\"143\"; memory = \"213740944\n"
"From remote kernel:"
"\"PASS: \"\"soft series covers the requested pole order\"\n"
"From remote kernel:"
"\"PASS: \"\"massive angular denominator stays separated at the soft endpoint\"\n"
"From remote kernel:"
"\"PASS: \"\"soft expansion is a Laurent series\"\n"
"From remote kernel:"
"\"PASS: \"\"soft series covers the requested pole order\"\n"
"From remote kernel:"
"\"RealSame_Charge0__Ppp\"\" real term \"20\"/\"143\"; memory = \"273393120\n"
"From remote kernel:"
"\"PASS: \"\"one mixed denominator is massive\"\n"
"From remote kernel:"
"\"PASS: \"\"one mixed denominator is massive\"\n"
"From remote kernel:"
"\"PASS: \"\"ordinary real term is fully evaluated\"\n"
"From remote kernel:"
"\"PASS: \"\"ordinary real term is fully evaluated\"\n"
"From remote kernel:"
"\"PASS: \"\"ordinary real term is fully evaluated\"\n"
"From remote kernel:"
"\"PASS: \"\"massive angular denominator stays separated at the soft endpoint\"\n"
"From remote kernel:"
"\"PASS: \"\"massive angular denominator stays separated at the soft endpoint\"\n"
"From remote kernel:"
"\"PASS: \"\"massive angular denominator stays separated at the soft endpoint\"\n"
"From remote kernel:"
"\"PASS: \"\"soft expansion is a Laurent series\"\n"
"From remote kernel:"
"\"PASS: \"\"soft series covers the requested pole order\"\n"
"From remote kernel:"
"\"PASS: \"\"soft expansion is a Laurent series\"\n"
"From remote kernel:"
"\"PASS: \"\"soft series covers the requested pole order\"\n"
"From remote kernel:"
"\"PASS: \"\"massive angular denominator stays separated at the soft endpoint\"\n"
"From remote kernel:"
"\"PASS: \"\"soft expansion is a Laurent series\"\n"
"From remote kernel:"
"\"PASS: \"\"soft series covers the requested pole order\"\n"
"From remote kernel:"
"\"PASS: \"\"massive angular denominator stays separated at the soft endpoint\"\n"
"From remote kernel:"
"\"PASS: \"\"soft expansion is a Laurent series\"\n"
"From remote kernel:"
"\"PASS: \"\"soft series covers the requested pole order\"\n"
"From remote kernel:"
"\"RealSame_Charge0__Ppp\"\" real term \"21\"/\"143\"; memory = \"215330616\n"
"From remote kernel:"
"\"PASS: \"\"ordinary real term is fully evaluated\"\n"
"From remote kernel:"
"\"PASS: \"\"massive angular denominator stays separated at the soft endpoint\"\n"
"From remote kernel:"
"\"PASS: \"\"soft expansion is a Laurent series\"\n"
"From remote kernel:"
"\"PASS: \"\"soft series covers the requested pole order\"\n"
"From remote kernel:"
"\"PASS: \"\"massive angular denominator stays separated at the soft endpoint\"\n"
"From remote kernel:"
"\"PASS: \"\"soft expansion is a Laurent series\"\n"
"From remote kernel:"
"\"PASS: \"\"soft series covers the requested pole order\"\n"
"From remote kernel:"
"\"RealSame_Charge0__Ppp\"\" real term \"22\"/\"143\"; memory = \"213751224\n"
"From remote kernel:"
"\"RealSame_Charge0__Ppp\"\" real term \"23\"/\"143\"; memory = \"215821384\n"
"From remote kernel:"
"\"PASS: \"\"ordinary real term is fully evaluated\"\n"
"From remote kernel:"
"\"PASS: \"\"massive angular denominator stays separated at the soft endpoint\"\n"
"From remote kernel:"
"\"PASS: \"\"soft expansion is a Laurent series\"\n"
"From remote kernel:"
"\"PASS: \"\"soft series covers the requested pole order\"\n"
"From remote kernel:"
"\"PASS: \"\"massive angular denominator stays separated at the soft endpoint\"\n"
"From remote kernel:"
"\"PASS: \"\"ordinary real term is fully evaluated\"\n"
"From remote kernel:"
"\"PASS: \"\"massive angular denominator stays separated at the soft endpoint\"\n"
"From remote kernel:"
"\"PASS: \"\"ordinary real term is fully evaluated\"\n"
"From remote kernel:"
"\"PASS: \"\"massive angular denominator stays separated at the soft endpoint\"\n"
"From remote kernel:"
"\"PASS: \"\"soft expansion is a Laurent series\"\n"
"From remote kernel:"
"\"PASS: \"\"soft series covers the requested pole order\"\n"
"From remote kernel:"
"\"PASS: \"\"massive angular denominator stays separated at the soft endpoint\"\n"
"From remote kernel:"
"\"PASS: \"\"mixed angular endpoint approach follows from its domain\"\n"
"From remote kernel:"
"\"PASS: \"\"inverted dilogarithm arguments are negative on the real domain\"\n"
"From remote kernel:"
"\"PASS: \"\"inverse hyperbolic logarithms preserve derivative and anchor\"\n"
"From remote kernel:"
"\"PASS: \"\"ordinary real term is fully evaluated\"\n"
"From remote kernel:"
"\"PASS: \"\"massive angular denominator stays separated at the soft endpoint\"\n"
"From remote kernel:"
"\"PASS: \"\"mixed angular endpoint approach follows from its domain\"\n"
"From remote kernel:"
"\"PASS: \"\"inverted dilogarithm arguments are negative on the real domain\"\n"
"From remote kernel:"
"\"PASS: \"\"inverse hyperbolic logarithms preserve derivative and anchor\"\n"
"From remote kernel:"
"\"PASS: \"\"ordinary real term is fully evaluated\"\n"
"From remote kernel:"
"\"PASS: \"\"massive angular denominator stays separated at the soft endpoint\"\n"
"From remote kernel:"
"\"PASS: \"\"soft expansion is a Laurent series\"\n"
"From remote kernel:"
"\"PASS: \"\"soft series covers the requested pole order\"\n"
"From remote kernel:"
"\"PASS: \"\"massive angular denominator stays separated at the soft endpoint\"\n"
"From remote kernel:"
"\"PASS: \"\"soft expansion is a Laurent series\"\n"
"From remote kernel:"
"\"PASS: \"\"soft series covers the requested pole order\"\n"
"From remote kernel:"
"\"PASS: \"\"massive angular denominator stays separated at the soft endpoint\"\n"
"From remote kernel:"
"\"PASS: \"\"soft expansion is a Laurent series\"\n"
"From remote kernel:"
"\"PASS: \"\"soft series covers the requested pole order\"\n"
"From remote kernel:"
"\"PASS: \"\"massive angular denominator stays separated at the soft endpoint\"\n"
"From remote kernel:"
"\"PASS: \"\"soft expansion is a Laurent series\"\n"
"From remote kernel:"
"\"PASS: \"\"soft series covers the requested pole order\"\n"
"From remote kernel:"
"\"PASS: \"\"massive angular denominator stays separated at the soft endpoint\"\n"
"From remote kernel:"
"\"PASS: \"\"soft expansion is a Laurent series\"\n"
"From remote kernel:"
"\"PASS: \"\"soft series covers the requested pole order\"\n"
"From remote kernel:"
"\"RealSame_Charge0__Ppp\"\" real term \"24\"/\"143\"; memory = \"258309656\n"
"From remote kernel:"
"\"PASS: \"\"one mixed denominator is massive\"\n"
"From remote kernel:"
"\"PASS: \"\"ordinary real term is fully evaluated\"\n"
"From remote kernel:"
"\"PASS: \"\"massive angular denominator stays separated at the soft endpoint\"\n"
"From remote kernel:"
"\"PASS: \"\"soft expansion is a Laurent series\"\n"
"From remote kernel:"
"\"PASS: \"\"soft series covers the requested pole order\"\n"
"From remote kernel:"
"\"PASS: \"\"massive angular denominator stays separated at the soft endpoint\"\n"
"From remote kernel:"
"\"PASS: \"\"soft expansion is a Laurent series\"\n"
"From remote kernel:"
"\"PASS: \"\"soft series covers the requested pole order\"\n"
"From remote kernel:"
"\"RealSame_Charge0__Ppp\"\" real term \"25\"/\"143\"; memory = \"260684752\n"
"From remote kernel:"
"\"PASS: \"\"ordinary real term is fully evaluated\"\n"
"From remote kernel:"
"\"PASS: \"\"massive angular denominator stays separated at the soft endpoint\"\n"
"From remote kernel:"
"\"PASS: \"\"mixed angular endpoint approach follows from its domain\"\n"
"From remote kernel:"
"\"PASS: \"\"inverted dilogarithm arguments are negative on the real domain\"\n"
"From remote kernel:"
"\"PASS: \"\"soft expansion is a Laurent series\"\n"
"From remote kernel:"
"\"PASS: \"\"soft series covers the requested pole order\"\n"
"From remote kernel:"
"\"PASS: \"\"massive angular denominator stays separated at the soft endpoint\"\n"
"From remote kernel:"
"\"PASS: \"\"soft expansion is a Laurent series\"\n"
"From remote kernel:"
"\"PASS: \"\"soft series covers the requested pole order\"\n"
"From remote kernel:"
"\"PASS: \"\"massive angular denominator stays separated at the soft endpoint\"\n"
"From remote kernel:"
"\"PASS: \"\"mixed angular endpoint approach follows from its domain\"\n"
"From remote kernel:"
"\"PASS: \"\"inverted dilogarithm arguments are negative on the real domain\"\n"
"From remote kernel:"
"\"PASS: \"\"inverse hyperbolic logarithms preserve derivative and anchor\"\n"
"From remote kernel:"
"\"PASS: \"\"soft expansion is a Laurent series\"\n"
"From remote kernel:"
"\"PASS: \"\"soft series covers the requested pole order\"\n"
"From remote kernel:"
"\"RealSame_Charge0__Ppp\"\" real term \"26\"/\"143\"; memory = \"237497672\n"
"From remote kernel:"
"\"PASS: \"\"ordinary real term is fully evaluated\"\n"
"From remote kernel:"
"\"PASS: \"\"endpoint valuation is rational\"\n"
"From remote kernel:"
"\"PASS: \"\"soft expansion is a Laurent series\"\n"
"From remote kernel:"
"\"PASS: \"\"soft series covers the requested pole order\"\n"
"From remote kernel:"
"\"PASS: \"\"soft expansion is a Laurent series\"\n"
"From remote kernel:"
"\"PASS: \"\"endpoint valuation is rational\"\n"
"From remote kernel:"
"\"PASS: \"\"soft series covers the requested pole order\"\n"
"From remote kernel:"
"\"PASS: \"\"soft expansion is a Laurent series\"\n"
"From remote kernel:"
"\"PASS: \"\"soft series covers the requested pole order\"\n"
"From remote kernel:"
"\"RealSame_Charge0__Ppp\"\" real term \"27\"/\"143\"; memory = \"262739192\n"
"From remote kernel:"
"\"RealSame_Charge0__Ppp\"\" real term \"28\"/\"143\"; memory = \"237640304\n"
"From remote kernel:"
"\"PASS: \"\"ordinary real term is fully evaluated\"\n"
"From remote kernel:"
"\"PASS: \"\"ordinary real term is fully evaluated\"\n"
"From remote kernel:"
"\"PASS: \"\"endpoint valuation is rational\"\n"
"From remote kernel:"
"\"PASS: \"\"endpoint valuation is rational\"\n"
"From remote kernel:"
"\"PASS: \"\"soft expansion is a Laurent series\"\n"
"From remote kernel:"
"\"PASS: \"\"soft expansion is a Laurent series\"\n"
"From remote kernel:"
"\"PASS: \"\"soft series covers the requested pole order\"\n"
"From remote kernel:"
"\"PASS: \"\"soft series covers the requested pole order\"\n"
"From remote kernel:"
"\"PASS: \"\"endpoint valuation is rational\"\n"
"From remote kernel:"
"\"PASS: \"\"endpoint valuation is rational\"\n"
"From remote kernel:"
"\"PASS: \"\"soft expansion is a Laurent series\"\n"
"From remote kernel:"
"\"PASS: \"\"soft expansion is a Laurent series\"\n"
"From remote kernel:"
"\"PASS: \"\"soft series covers the requested pole order\"\n"
"From remote kernel:"
"\"PASS: \"\"soft series covers the requested pole order\"\n"
"From remote kernel:"
"\"RealSame_Charge0__Ppp\"\" real term \"29\"/\"143\"; memory = \"237581856\n"
"From remote kernel:"
"\"RealSame_Charge0__Ppp\"\" real term \"30\"/\"143\"; memory = \"263013024\n"
"From remote kernel:"
"\"PASS: \"\"ordinary real term is fully evaluated\"\n"
"From remote kernel:"
"\"PASS: \"\"endpoint valuation is rational\"\n"
"From remote kernel:"
"\"PASS: \"\"soft expansion is a Laurent series\"\n"
"From remote kernel:"
"\"PASS: \"\"ordinary real term is fully evaluated\"\n"
"From remote kernel:"
"\"PASS: \"\"soft series covers the requested pole order\"\n"
"From remote kernel:"
"\"PASS: \"\"endpoint valuation is rational\"\n"
"From remote kernel:"
"\"PASS: \"\"endpoint valuation is rational\"\n"
"From remote kernel:"
"\"PASS: \"\"soft expansion is a Laurent series\"\n"
"From remote kernel:"
"\"PASS: \"\"soft expansion is a Laurent series\"\n"
"From remote kernel:"
"\"PASS: \"\"soft series covers the requested pole order\"\n"
"From remote kernel:"
"\"PASS: \"\"soft series covers the requested pole order\"\n"
"From remote kernel:"
"\"PASS: \"\"soft expansion is a Laurent series\"\n"
"From remote kernel:"
"\"PASS: \"\"endpoint valuation is rational\"\n"
"From remote kernel:"
"\"PASS: \"\"soft series covers the requested pole order\"\n"
"From remote kernel:"
"\"PASS: \"\"soft expansion is a Laurent series\"\n"
"From remote kernel:"
"\"PASS: \"\"soft series covers the requested pole order\"\n"
"From remote kernel:"
"\"RealSame_Charge0__Ppp\"\" real term \"31\"/\"143\"; memory = \"237706640\n"
"From remote kernel:"
"\"RealSame_Charge0__Ppp\"\" real term \"32\"/\"143\"; memory = \"247062352\n"
"From remote kernel:"
"\"PASS: \"\"ordinary real term is fully evaluated\"\n"
"From remote kernel:"
"\"PASS: \"\"ordinary real term is fully evaluated\"\n"
"From remote kernel:"
"\"PASS: \"\"endpoint valuation is rational\"\n"
"From remote kernel:"
"\"PASS: \"\"endpoint valuation is rational\"\n"
"From remote kernel:"
"\"PASS: \"\"soft expansion is a Laurent series\"\n"
"From remote kernel:"
"\"PASS: \"\"massless soft argument is a hypergeometric endpoint\"\n"
"From remote kernel:"
"\"PASS: \"\"soft series covers the requested pole order\"\n"
"From remote kernel:"
"\"PASS: \"\"endpoint valuation is rational\"\n"
"From remote kernel:"
"\"PASS: \"\"endpoint valuation is rational\"\n"
"From remote kernel:"
"\"PASS: \"\"soft expansion is a Laurent series\"\n"
"From remote kernel:"
"\"PASS: \"\"soft expansion is a Laurent series\"\n"
"From remote kernel:"
"\"PASS: \"\"soft series covers the requested pole order\"\n"
"From remote kernel:"
"\"PASS: \"\"soft series covers the requested pole order\"\n"
"From remote kernel:"
"\"PASS: \"\"endpoint valuation is rational\"\n"
"From remote kernel:"
"\"PASS: \"\"massless soft argument is a hypergeometric endpoint\"\n"
"From remote kernel:"
"\"RealSame_Charge0__Ppp\"\" real term \"33\"/\"143\"; memory = \"213692888\n"
"From remote kernel:"
"\"PASS: \"\"endpoint valuation is rational\"\n"
"From remote kernel:"
"\"RealSame_Charge0__Ppp\"\" real term \"34\"/\"143\"; memory = \"237789560\n"
"From remote kernel:"
"\"PASS: \"\"soft expansion is a Laurent series\"\n"
"From remote kernel:"
"\"PASS: \"\"soft series covers the requested pole order\"\n"
"From remote kernel:"
"\"RealSame_Charge0__Ppp\"\" real term \"35\"/\"143\"; memory = \"247152392\n"
"From remote kernel:"
"\"PASS: \"\"one mixed denominator is massive\"\n"
"From remote kernel:"
"\"PASS: \"\"one mixed denominator is massive\"\n"
"From remote kernel:"
"\"PASS: \"\"one mixed denominator is massive\"\n"
"From remote kernel:"
"\"PASS: \"\"ordinary real term is fully evaluated\"\n"
"From remote kernel:"
"\"PASS: \"\"massive angular denominator stays separated at the soft endpoint\"\n"
"From remote kernel:"
"\"PASS: \"\"soft expansion is a Laurent series\"\n"
"From remote kernel:"
"\"PASS: \"\"soft series covers the requested pole order\"\n"
"From remote kernel:"
"\"PASS: \"\"soft coefficients contain no recoil variable\"\n"
"From remote kernel:"
"\"PASS: \"\"massive angular denominator stays separated at the soft endpoint\"\n"
"From remote kernel:"
"\"PASS: \"\"soft expansion is a Laurent series\"\n"
"From remote kernel:"
"\"PASS: \"\"soft series covers the requested pole order\"\n"
"From remote kernel:"
"\"PASS: \"\"soft coefficients contain no recoil variable\"\n"
"From remote kernel:"
"\"RealSame_Charge0__Ppp\"\" real term \"36\"/\"143\"; memory = \"239203760\n"
"From remote kernel:"
"\"PASS: \"\"ordinary real term is fully evaluated\"\n"
"From remote kernel:"
"\"PASS: \"\"massive angular denominator stays separated at the soft endpoint\"\n"
"From remote kernel:"
"\"PASS: \"\"soft expansion is a Laurent series\"\n"
"From remote kernel:"
"\"PASS: \"\"soft series covers the requested pole order\"\n"
"From remote kernel:"
"\"PASS: \"\"soft coefficients contain no recoil variable\"\n"
"From remote kernel:"
"\"PASS: \"\"massive angular denominator stays separated at the soft endpoint\"\n"
"From remote kernel:"
"\"PASS: \"\"soft expansion is a Laurent series\"\n"
"From remote kernel:"
"\"PASS: \"\"soft series covers the requested pole order\"\n"
"From remote kernel:"
"\"PASS: \"\"soft coefficients contain no recoil variable\"\n"
"From remote kernel:"
"\"RealSame_Charge0__Ppp\"\" real term \"37\"/\"143\"; memory = \"240684568\n"
"From remote kernel:"
"\"PASS: \"\"ordinary real term is fully evaluated\"\n"
"From remote kernel:"
"\"PASS: \"\"massive angular denominator stays separated at the soft endpoint\"\n"
"From remote kernel:"
"\"PASS: \"\"soft expansion is a Laurent series\"\n"
"From remote kernel:"
"\"PASS: \"\"soft series covers the requested pole order\"\n"
"From remote kernel:"
"\"RealSame_Charge0__Ppp\"\" real term \"38\"/\"143\"; memory = \"225205096\n"
"From remote kernel:"
"\"PASS: \"\"soft expansion is a Laurent series\"\n"
"From remote kernel:"
"\"PASS: \"\"soft expansion is a Laurent series\"\n"
"From remote kernel:"
"\"PASS: \"\"soft series covers the requested pole order\"\n"
"From remote kernel:"
"\"PASS: \"\"soft series covers the requested pole order\"\n"
"From remote kernel:"
"\"PASS: \"\"soft coefficients contain no recoil variable\"\n"
"From remote kernel:"
"\"PASS: \"\"massive angular denominator stays separated at the soft endpoint\"\n"
"From remote kernel:"
"\"RealSame_Charge0__Ppp\"\" real term \"39\"/\"143\"; memory = \"263494680\n"
"From remote kernel:"
"\"PASS: \"\"one mixed denominator is massive\"\n"
"From remote kernel:"
"\"PASS: \"\"one mixed denominator is massive\"\n"
"From remote kernel:"
"\"PASS: \"\"ordinary real term is fully evaluated\"\n"
"From remote kernel:"
"\"PASS: \"\"soft expansion is a Laurent series\"\n"
"From remote kernel:"
"\"PASS: \"\"massive angular denominator stays separated at the soft endpoint\"\n"
"From remote kernel:"
"\"PASS: \"\"soft series covers the requested pole order\"\n"
"From remote kernel:"
"\"PASS: \"\"soft coefficients contain no recoil variable\"\n"
"From remote kernel:"
"\"PASS: \"\"soft expansion is a Laurent series\"\n"
"From remote kernel:"
"\"PASS: \"\"soft series covers the requested pole order\"\n"
"From remote kernel:"
"\"RealSame_Charge0__Ppp\"\" real term \"40\"/\"143\"; memory = \"243737232\n"
"From remote kernel:"
"\"PASS: \"\"ordinary real term is fully evaluated\"\n"
"From remote kernel:"
"\"PASS: \"\"soft coefficients contain no recoil variable\"\n"
"From remote kernel:"
"\"PASS: \"\"massive angular denominator stays separated at the soft endpoint\"\n"
"From remote kernel:"
"\"PASS: \"\"massive angular denominator stays separated at the soft endpoint\"\n"
"From remote kernel:"
"\"PASS: \"\"soft expansion is a Laurent series\"\n"
"From remote kernel:"
"\"PASS: \"\"soft series covers the requested pole order\"\n"
"From remote kernel:"
"\"PASS: \"\"soft coefficients contain no recoil variable\"\n"
"From remote kernel:"
"\"RealSame_Charge0__Ppp\"\" real term \"41\"/\"143\"; memory = \"263601728\n"
"From remote kernel:"
"\"PASS: \"\"ordinary real term is fully evaluated\"\n"
"From remote kernel:"
"\"PASS: \"\"ordinary real term is fully evaluated\"\n"
"From remote kernel:"
"\"PASS: \"\"massive angular denominator stays separated at the soft endpoint\"\n"
"From remote kernel:"
"\"PASS: \"\"massive angular denominator stays separated at the soft endpoint\"\n"
"From remote kernel:"
"\"PASS: \"\"soft expansion is a Laurent series\"\n"
"From remote kernel:"
"\"PASS: \"\"soft series covers the requested pole order\"\n"
"From remote kernel:"
"\"PASS: \"\"ordinary real term is fully evaluated\"\n"
"From remote kernel:"
"\"PASS: \"\"soft coefficients contain no recoil variable\"\n"
"From remote kernel:"
"\"PASS: \"\"soft expansion is a Laurent series\"\n"
"From remote kernel:"
"\"PASS: \"\"soft series covers the requested pole order\"\n"
"From remote kernel:"
"\"PASS: \"\"massive angular denominator stays separated at the soft endpoint\"\n"
"From remote kernel:"
"\"PASS: \"\"massive angular denominator stays separated at the soft endpoint\"\n"
"From remote kernel:"
"\"PASS: \"\"soft expansion is a Laurent series\"\n"
"From remote kernel:"
"\"PASS: \"\"soft coefficients contain no recoil variable\"\n"
"From remote kernel:"
"\"PASS: \"\"soft series covers the requested pole order\"\n"
"From remote kernel:"
"\"PASS: \"\"soft coefficients contain no recoil variable\"\n"
"From remote kernel:"
"\"RealSame_Charge0__Ppp\"\" real term \"42\"/\"143\"; memory = \"265383464\n"
"From remote kernel:"
"\"PASS: \"\"massive angular denominator stays separated at the soft endpoint\"\n"
"From remote kernel:"
"\"PASS: \"\"soft expansion is a Laurent series\"\n"
"From remote kernel:"
"\"PASS: \"\"soft series covers the requested pole order\"\n"
"From remote kernel:"
"\"PASS: \"\"soft coefficients contain no recoil variable\"\n"
"From remote kernel:"
"\"RealSame_Charge0__Ppp\"\" real term \"43\"/\"143\"; memory = \"213756024\n"
"From remote kernel:"
"\"PASS: \"\"ordinary real term is fully evaluated\"\n"
"From remote kernel:"
"\"PASS: \"\"massive angular denominator stays separated at the soft endpoint\"\n"
"From remote kernel:"
"\"PASS: \"\"one mixed denominator is massive\"\n"
"From remote kernel:"
"\"PASS: \"\"ordinary real term is fully evaluated\"\n"
"From remote kernel:"
"\"PASS: \"\"massive angular denominator stays separated at the soft endpoint\"\n"
"From remote kernel:"
"\"PASS: \"\"soft expansion is a Laurent series\"\n"
"From remote kernel:"
"\"PASS: \"\"soft series covers the requested pole order\"\n"
"From remote kernel:"
"\"PASS: \"\"massive angular denominator stays separated at the soft endpoint\"\n"
"From remote kernel:"
"\"PASS: \"\"soft expansion is a Laurent series\"\n"
"From remote kernel:"
"\"PASS: \"\"soft series covers the requested pole order\"\n"
"From remote kernel:"
"\"RealSame_Charge0__Ppp\"\" real term \"44\"/\"143\"; memory = \"214285480\n"
"From remote kernel:"
"\"PASS: \"\"ordinary real term is fully evaluated\"\n"
"From remote kernel:"
"\"PASS: \"\"massive angular denominator stays separated at the soft endpoint\"\n"
"From remote kernel:"
"\"PASS: \"\"soft expansion is a Laurent series\"\n"
"From remote kernel:"
"\"PASS: \"\"soft series covers the requested pole order\"\n"
"From remote kernel:"
"\"PASS: \"\"massive angular denominator stays separated at the soft endpoint\"\n"
"From remote kernel:"
"\"PASS: \"\"soft expansion is a Laurent series\"\n"
"From remote kernel:"
"\"PASS: \"\"soft series covers the requested pole order\"\n"
"From remote kernel:"
"\"RealSame_Charge0__Ppp\"\" real term \"45\"/\"143\"; memory = \"214356904\n"
"From remote kernel:"
"\"PASS: \"\"ordinary real term is fully evaluated\"\n"
"From remote kernel:"
"\"PASS: \"\"massive angular denominator stays separated at the soft endpoint\"\n"
"From remote kernel:"
"\"PASS: \"\"soft expansion is a Laurent series\"\n"
"From remote kernel:"
"\"PASS: \"\"soft series covers the requested pole order\"\n"
"From remote kernel:"
"\"PASS: \"\"massive angular denominator stays separated at the soft endpoint\"\n"
"From remote kernel:"
"\"PASS: \"\"soft expansion is a Laurent series\"\n"
"From remote kernel:"
"\"PASS: \"\"soft series covers the requested pole order\"\n"
"From remote kernel:"
"\"RealSame_Charge0__Ppp\"\" real term \"46\"/\"143\"; memory = \"214401488\n"
"From remote kernel:"
"\"PASS: \"\"soft expansion is a Laurent series\"\n"
"From remote kernel:"
"\"PASS: \"\"soft series covers the requested pole order\"\n"
"From remote kernel:"
"\"RealSame_Charge0__Ppp\"\" real term \"47\"/\"143\"; memory = \"227286568\n"
"From remote kernel:"
"\"PASS: \"\"one mixed denominator is massive\"\n"
"From remote kernel:"
"\"PASS: \"\"ordinary real term is fully evaluated\"\n"
"From remote kernel:"
"\"PASS: \"\"massive angular denominator stays separated at the soft endpoint\"\n"
"From remote kernel:"
"\"PASS: \"\"soft expansion is a Laurent series\"\n"
"From remote kernel:"
"\"PASS: \"\"soft series covers the requested pole order\"\n"
"From remote kernel:"
"\"PASS: \"\"massive angular denominator stays separated at the soft endpoint\"\n"
"From remote kernel:"
"\"PASS: \"\"mixed angular endpoint approach follows from its domain\"\n"
"From remote kernel:"
"\"PASS: \"\"soft expansion is a Laurent series\"\n"
"From remote kernel:"
"\"PASS: \"\"inverted dilogarithm arguments are negative on the real domain\"\n"
"From remote kernel:"
"\"PASS: \"\"soft series covers the requested pole order\"\n"
"From remote kernel:"
"\"RealSame_Charge0__Ppp\"\" real term \"48\"/\"143\"; memory = \"228937992\n"
"From remote kernel:"
"\"PASS: \"\"one mixed denominator is massive\"\n"
"From remote kernel:"
"\"PASS: \"\"ordinary real term is fully evaluated\"\n"
"From remote kernel:"
"\"PASS: \"\"massive angular denominator stays separated at the soft endpoint\"\n"
"From remote kernel:"
"\"PASS: \"\"ordinary real term is fully evaluated\"\n"
"From remote kernel:"
"\"PASS: \"\"ordinary real term is fully evaluated\"\n"
"From remote kernel:"
"\"PASS: \"\"massive angular denominator stays separated at the soft endpoint\"\n"
"From remote kernel:"
"\"PASS: \"\"massive angular denominator stays separated at the soft endpoint\"\n"
"From remote kernel:"
"\"PASS: \"\"soft expansion is a Laurent series\"\n"
"From remote kernel:"
"\"PASS: \"\"soft series covers the requested pole order\"\n"
"From remote kernel:"
"\"PASS: \"\"soft expansion is a Laurent series\"\n"
"From remote kernel:"
"\"PASS: \"\"soft series covers the requested pole order\"\n"
"From remote kernel:"
"\"PASS: \"\"soft coefficients contain no recoil variable\"\n"
"From remote kernel:"
"\"PASS: \"\"soft coefficients contain no recoil variable\"\n"
"From remote kernel:"
"\"PASS: \"\"massive angular denominator stays separated at the soft endpoint\"\n"
"From remote kernel:"
"\"PASS: \"\"massive angular denominator stays separated at the soft endpoint\"\n"
"From remote kernel:"
"\"PASS: \"\"soft expansion is a Laurent series\"\n"
"From remote kernel:"
"\"PASS: \"\"soft series covers the requested pole order\"\n"
"From remote kernel:"
"\"PASS: \"\"soft expansion is a Laurent series\"\n"
"From remote kernel:"
"\"PASS: \"\"soft series covers the requested pole order\"\n"
"From remote kernel:"
"\"RealSame_Charge0__Ppp\"\" real term \"49\"/\"143\"; memory = \"267204080\n"
"From remote kernel:"
"\"PASS: \"\"one mixed denominator is massive\"\n"
"From remote kernel:"
"\"PASS: \"\"soft coefficients contain no recoil variable\"\n"
"From remote kernel:"
"\"PASS: \"\"massive angular denominator stays separated at the soft endpoint\"\n"
"From remote kernel:"
"\"PASS: \"\"soft expansion is a Laurent series\"\n"
"From remote kernel:"
"\"PASS: \"\"soft series covers the requested pole order\"\n"
"From remote kernel:"
"\"PASS: \"\"massive angular denominator stays separated at the soft endpoint\"\n"
"From remote kernel:"
"\"PASS: \"\"soft expansion is a Laurent series\"\n"
"From remote kernel:"
"\"PASS: \"\"soft series covers the requested pole order\"\n"
"From remote kernel:"
"\"PASS: \"\"massive angular denominator stays separated at the soft endpoint\"\n"
"From remote kernel:"
"\"PASS: \"\"soft expansion is a Laurent series\"\n"
"From remote kernel:"
"\"PASS: \"\"soft series covers the requested pole order\"\n"
"From remote kernel:"
"\"PASS: \"\"soft expansion is a Laurent series\"\n"
"From remote kernel:"
"\"PASS: \"\"soft series covers the requested pole order\"\n"
"From remote kernel:"
"\"PASS: \"\"massive angular denominator stays separated at the soft endpoint\"\n"
"From remote kernel:"
"\"PASS: \"\"soft coefficients contain no recoil variable\"\n"
"From remote kernel:"
"\"RealSame_Charge0__Ppp\"\" real term \"50\"/\"143\"; memory = \"231084064\n"
"From remote kernel:"
"\"PASS: \"\"ordinary real term is fully evaluated\"\n"
"From remote kernel:"
"\"PASS: \"\"endpoint valuation is rational\"\n"
"From remote kernel:"
"\"PASS: \"\"soft expansion is a Laurent series\"\n"
"From remote kernel:"
"\"PASS: \"\"soft series covers the requested pole order\"\n"
"From remote kernel:"
"\"PASS: \"\"soft coefficients contain no recoil variable\"\n"
"From remote kernel:"
"\"PASS: \"\"endpoint valuation is rational\"\n"
"From remote kernel:"
"\"PASS: \"\"soft expansion is a Laurent series\"\n"
"From remote kernel:"
"\"PASS: \"\"soft series covers the requested pole order\"\n"
"From remote kernel:"
"\"PASS: \"\"soft coefficients contain no recoil variable\"\n"
"From remote kernel:"
"\"RealSame_Charge0__Ppp\"\" real term \"51\"/\"143\"; memory = \"213810272\n"
"From remote kernel:"
"\"PASS: \"\"ordinary real term is fully evaluated\"\n"
"From remote kernel:"
"\"PASS: \"\"endpoint valuation is rational\"\n"
"From remote kernel:"
"\"PASS: \"\"soft expansion is a Laurent series\"\n"
"From remote kernel:"
"\"PASS: \"\"soft series covers the requested pole order\"\n"
"From remote kernel:"
"\"PASS: \"\"soft coefficients contain no recoil variable\"\n"
"From remote kernel:"
"\"PASS: \"\"endpoint valuation is rational\"\n"
"From remote kernel:"
"\"PASS: \"\"soft expansion is a Laurent series\"\n"
"From remote kernel:"
"\"PASS: \"\"soft series covers the requested pole order\"\n"
"From remote kernel:"
"\"PASS: \"\"soft coefficients contain no recoil variable\"\n"
"From remote kernel:"
"\"RealSame_Charge0__Ppp\"\" real term \"52\"/\"143\"; memory = \"214376512\n"
"From remote kernel:"
"\"PASS: \"\"ordinary real term is fully evaluated\"\n"
"From remote kernel:"
"\"PASS: \"\"endpoint valuation is rational\"\n"
"From remote kernel:"
"\"PASS: \"\"soft expansion is a Laurent series\"\n"
"From remote kernel:"
"\"PASS: \"\"soft series covers the requested pole order\"\n"
"From remote kernel:"
"\"PASS: \"\"soft coefficients contain no recoil variable\"\n"
"From remote kernel:"
"\"PASS: \"\"endpoint valuation is rational\"\n"
"From remote kernel:"
"\"PASS: \"\"soft expansion is a Laurent series\"\n"
"From remote kernel:"
"\"PASS: \"\"soft series covers the requested pole order\"\n"
"From remote kernel:"
"\"PASS: \"\"soft expansion is a Laurent series\"\n"
"From remote kernel:"
"\"PASS: \"\"soft coefficients contain no recoil variable\"\n"
"From remote kernel:"
"\"PASS: \"\"soft series covers the requested pole order\"\n"
"From remote kernel:"
"\"PASS: \"\"soft expansion is a Laurent series\"\n"
"From remote kernel:"
"\"RealSame_Charge0__Ppp\"\" real term \"53\"/\"143\"; memory = \"214794352\n"
"From remote kernel:"
"\"PASS: \"\"soft series covers the requested pole order\"\n"
"From remote kernel:"
"\"PASS: \"\"one mixed denominator is massive\"\n"
"From remote kernel:"
"\"PASS: \"\"ordinary real term is fully evaluated\"\n"
"From remote kernel:"
"\"PASS: \"\"massive angular denominator stays separated at the soft endpoint\"\n"
"From remote kernel:"
"\"PASS: \"\"soft expansion is a Laurent series\"\n"
"From remote kernel:"
"\"PASS: \"\"soft series covers the requested pole order\"\n"
"From remote kernel:"
"\"PASS: \"\"soft coefficients contain no recoil variable\"\n"
"From remote kernel:"
"\"PASS: \"\"massive angular denominator stays separated at the soft endpoint\"\n"
"From remote kernel:"
"\"PASS: \"\"soft expansion is a Laurent series\"\n"
"From remote kernel:"
"\"PASS: \"\"soft series covers the requested pole order\"\n"
"From remote kernel:"
"\"PASS: \"\"soft coefficients contain no recoil variable\"\n"
"From remote kernel:"
"\"PASS: \"\"soft coefficients contain no recoil variable\"\n"
"From remote kernel:"
"\"RealSame_Charge0__Ppp\"\" real term \"54\"/\"143\"; memory = \"215886488\n"
"From remote kernel:"
"\"PASS: \"\"ordinary real term is fully evaluated\"\n"
"From remote kernel:"
"\"PASS: \"\"massive angular denominator stays separated at the soft endpoint\"\n"
"From remote kernel:"
"\"PASS: \"\"soft coefficients contain no recoil variable\"\n"
"From remote kernel:"
"\"RealSame_Charge0__Ppp\"\" real term \"55\"/\"143\"; memory = \"254391872\n"
"From remote kernel:"
"\"PASS: \"\"soft expansion is a Laurent series\"\n"
"From remote kernel:"
"\"PASS: \"\"massive angular denominator stays separated at the soft endpoint\"\n"
"From remote kernel:"
"\"PASS: \"\"soft series covers the requested pole order\"\n"
"From remote kernel:"
"\"PASS: \"\"one mixed denominator is massive\"\n"
"From remote kernel:"
"\"PASS: \"\"ordinary real term is fully evaluated\"\n"
"From remote kernel:"
"\"PASS: \"\"soft coefficients contain no recoil variable\"\n"
"From remote kernel:"
"\"PASS: \"\"massive angular denominator stays separated at the soft endpoint\"\n"
"From remote kernel:"
"\"PASS: \"\"massive angular denominator stays separated at the soft endpoint\"\n"
"From remote kernel:"
"\"PASS: \"\"soft expansion is a Laurent series\"\n"
"From remote kernel:"
"\"PASS: \"\"soft expansion is a Laurent series\"\n"
"From remote kernel:"
"\"PASS: \"\"soft series covers the requested pole order\"\n"
"From remote kernel:"
"\"PASS: \"\"soft expansion is a Laurent series\"\n"
"From remote kernel:"
"\"PASS: \"\"soft series covers the requested pole order\"\n"
"From remote kernel:"
"\"PASS: \"\"soft series covers the requested pole order\"\n"
"From remote kernel:"
"\"PASS: \"\"soft coefficients contain no recoil variable\"\n"
"From remote kernel:"
"\"PASS: \"\"massive angular denominator stays separated at the soft endpoint\"\n"
"From remote kernel:"
"\"RealSame_Charge0__Ppp\"\" real term \"56\"/\"143\"; memory = \"229265984\n"
"From remote kernel:"
"\"PASS: \"\"soft coefficients contain no recoil variable\"\n"
"From remote kernel:"
"\"PASS: \"\"soft expansion is a Laurent series\"\n"
"From remote kernel:"
"\"PASS: \"\"soft series covers the requested pole order\"\n"
"From remote kernel:"
"\"RealSame_Charge0__Ppp\"\" real term \"57\"/\"143\"; memory = \"217037024\n"
"From remote kernel:"
"\"PASS: \"\"ordinary real term is fully evaluated\"\n"
"From remote kernel:"
"\"PASS: \"\"soft coefficients contain no recoil variable\"\n"
"From remote kernel:"
"\"PASS: \"\"one mixed denominator is massive\"\n"
"From remote kernel:"
"\"PASS: \"\"massive angular denominator stays separated at the soft endpoint\"\n"
"From remote kernel:"
"\"RealSame_Charge0__Ppp\"\" real term \"58\"/\"143\"; memory = \"254880312\n"
"From remote kernel:"
"\"PASS: \"\"ordinary real term is fully evaluated\"\n"
"From remote kernel:"
"\"PASS: \"\"soft expansion is a Laurent series\"\n"
"From remote kernel:"
"\"PASS: \"\"soft series covers the requested pole order\"\n"
"From remote kernel:"
"\"PASS: \"\"ordinary real term is fully evaluated\"\n"
"From remote kernel:"
"\"PASS: \"\"massive angular denominator stays separated at the soft endpoint\"\n"
"From remote kernel:"
"\"PASS: \"\"soft coefficients contain no recoil variable\"\n"
"From remote kernel:"
"\"PASS: \"\"massive angular denominator stays separated at the soft endpoint\"\n"
"From remote kernel:"
"\"PASS: \"\"massive angular denominator stays separated at the soft endpoint\"\n"
"From remote kernel:"
"\"PASS: \"\"soft expansion is a Laurent series\"\n"
"From remote kernel:"
"\"PASS: \"\"soft expansion is a Laurent series\"\n"
"From remote kernel:"
"\"PASS: \"\"soft expansion is a Laurent series\"\n"
"From remote kernel:"
"\"PASS: \"\"soft series covers the requested pole order\"\n"
"From remote kernel:"
"\"PASS: \"\"soft series covers the requested pole order\"\n"
"From remote kernel:"
"\"PASS: \"\"soft series covers the requested pole order\"\n"
"From remote kernel:"
"\"PASS: \"\"soft coefficients contain no recoil variable\"\n"
"From remote kernel:"
"\"PASS: \"\"soft coefficients contain no recoil variable\"\n"
"From remote kernel:"
"\"PASS: \"\"soft coefficients contain no recoil variable\"\n"
"From remote kernel:"
"\"RealSame_Charge0__Ppp\"\" real term \"59\"/\"143\"; memory = \"218472624\n"
"From remote kernel:"
"\"PASS: \"\"massive angular denominator stays separated at the soft endpoint\"\n"
"From remote kernel:"
"\"PASS: \"\"massive angular denominator stays separated at the soft endpoint\"\n"
"From remote kernel:"
"\"PASS: \"\"soft expansion is a Laurent series\"\n"
"From remote kernel:"
"\"PASS: \"\"soft expansion is a Laurent series\"\n"
"From remote kernel:"
"\"PASS: \"\"soft series covers the requested pole order\"\n"
"From remote kernel:"
"\"PASS: \"\"soft series covers the requested pole order\"\n"
"From remote kernel:"
"\"PASS: \"\"soft coefficients contain no recoil variable\"\n"
"From remote kernel:"
"\"RealSame_Charge0__Ppp\"\" real term \"60\"/\"143\"; memory = \"230366616\n"
"From remote kernel:"
"\"PASS: \"\"soft coefficients contain no recoil variable\"\n"
"From remote kernel:"
"\"RealSame_Charge0__Ppp\"\" real term \"61\"/\"143\"; memory = \"255625504\n"
"From remote kernel:"
"\"PASS: \"\"ordinary real term is fully evaluated\"\n"
"From remote kernel:"
"\"PASS: \"\"massive angular denominator stays separated at the soft endpoint\"\n"
"From remote kernel:"
"\"PASS: \"\"mixed angular endpoint approach follows from its domain\"\n"
"From remote kernel:"
"\"PASS: \"\"inverted dilogarithm arguments are negative on the real domain\"\n"
"From remote kernel:"
"\"PASS: \"\"ordinary real term is fully evaluated\"\n"
"From remote kernel:"
"\"PASS: \"\"massive angular denominator stays separated at the soft endpoint\"\n"
"From remote kernel:"
"\"PASS: \"\"soft expansion is a Laurent series\"\n"
"From remote kernel:"
"\"PASS: \"\"soft series covers the requested pole order\"\n"
"From remote kernel:"
"\"PASS: \"\"massive angular denominator stays separated at the soft endpoint\"\n"
"From remote kernel:"
"\"PASS: \"\"mixed angular endpoint approach follows from its domain\"\n"
"From remote kernel:"
"\"PASS: \"\"inverted dilogarithm arguments are negative on the real domain\"\n"
"From remote kernel:"
"\"PASS: \"\"soft expansion is a Laurent series\"\n"
"From remote kernel:"
"\"PASS: \"\"soft series covers the requested pole order\"\n"
"From remote kernel:"
"\"RealSame_Charge0__Ppp\"\" real term \"62\"/\"143\"; memory = \"220992320\n"
"From remote kernel:"
"\"PASS: \"\"one mixed denominator is massive\"\n"
"From remote kernel:"
"\"PASS: \"\"ordinary real term is fully evaluated\"\n"
"From remote kernel:"
"\"PASS: \"\"massive angular denominator stays separated at the soft endpoint\"\n"
"From remote kernel:"
"\"PASS: \"\"ordinary real term is fully evaluated\"\n"
"From remote kernel:"
"\"PASS: \"\"massive angular denominator stays separated at the soft endpoint\"\n"
"From remote kernel:"
"\"PASS: \"\"soft expansion is a Laurent series\"\n"
"From remote kernel:"
"\"PASS: \"\"soft series covers the requested pole order\"\n"
"From remote kernel:"
"\"PASS: \"\"soft coefficients contain no recoil variable\"\n"
"From remote kernel:"
"\"RealSame_Charge0__Ppp\"\" real term \"63\"/\"143\"; memory = \"270373120\n"
"From remote kernel:"
"\"PASS: \"\"one mixed denominator is massive\"\n"
"From remote kernel:"
"\"PASS: \"\"soft expansion is a Laurent series\"\n"
"From remote kernel:"
"\"PASS: \"\"soft series covers the requested pole order\"\n"
"From remote kernel:"
"\"PASS: \"\"ordinary real term is fully evaluated\"\n"
"From remote kernel:"
"\"PASS: \"\"massive angular denominator stays separated at the soft endpoint\"\n"
"From remote kernel:"
"\"PASS: \"\"soft expansion is a Laurent series\"\n"
"From remote kernel:"
"\"PASS: \"\"soft series covers the requested pole order\"\n"
"From remote kernel:"
"\"PASS: \"\"soft coefficients contain no recoil variable\"\n"
"From remote kernel:"
"\"PASS: \"\"massive angular denominator stays separated at the soft endpoint\"\n"
"From remote kernel:"
"\"PASS: \"\"soft expansion is a Laurent series\"\n"
"From remote kernel:"
"\"PASS: \"\"soft series covers the requested pole order\"\n"
"From remote kernel:"
"\"PASS: \"\"soft coefficients contain no recoil variable\"\n"
"From remote kernel:"
"\"RealSame_Charge0__Ppp\"\" real term \"64\"/\"143\"; memory = \"270155424\n"
"From remote kernel:"
"\"PASS: \"\"ordinary real term is fully evaluated\"\n"
"From remote kernel:"
"\"PASS: \"\"massive angular denominator stays separated at the soft endpoint\"\n"
"From remote kernel:"
"\"PASS: \"\"soft coefficients contain no recoil variable\"\n"
"From remote kernel:"
"\"PASS: \"\"soft expansion is a Laurent series\"\n"
"From remote kernel:"
"\"PASS: \"\"soft series covers the requested pole order\"\n"
"From remote kernel:"
"\"RealSame_Charge0__Ppp\"\" real term \"65\"/\"143\"; memory = \"233540640\n"
"From remote kernel:"
"\"PASS: \"\"one mixed denominator is massive\"\n"
"From remote kernel:"
"\"PASS: \"\"ordinary real term is fully evaluated\"\n"
"From remote kernel:"
"\"PASS: \"\"massive angular denominator stays separated at the soft endpoint\"\n"
"From remote kernel:"
"\"PASS: \"\"soft coefficients contain no recoil variable\"\n"
"From remote kernel:"
"\"PASS: \"\"massive angular denominator stays separated at the soft endpoint\"\n"
"From remote kernel:"
"\"PASS: \"\"soft expansion is a Laurent series\"\n"
"From remote kernel:"
"\"PASS: \"\"soft series covers the requested pole order\"\n"
"From remote kernel:"
"\"PASS: \"\"soft expansion is a Laurent series\"\n"
"From remote kernel:"
"\"PASS: \"\"soft series covers the requested pole order\"\n"
"From remote kernel:"
"\"PASS: \"\"soft coefficients contain no recoil variable\"\n"
"From remote kernel:"
"\"PASS: \"\"massive angular denominator stays separated at the soft endpoint\"\n"
"From remote kernel:"
"\"PASS: \"\"soft expansion is a Laurent series\"\n"
"From remote kernel:"
"\"PASS: \"\"soft coefficients contain no recoil variable\"\n"
"From remote kernel:"
"\"PASS: \"\"soft series covers the requested pole order\"\n"
"From remote kernel:"
"\"RealSame_Charge0__Ppp\"\" real term \"66\"/\"143\"; memory = \"270042592\n"
"From remote kernel:"
"\"PASS: \"\"ordinary real term is fully evaluated\"\n"
"From remote kernel:"
"\"PASS: \"\"soft coefficients contain no recoil variable\"\n"
"From remote kernel:"
"\"PASS: \"\"massive angular denominator stays separated at the soft endpoint\"\n"
"From remote kernel:"
"\"PASS: \"\"soft expansion is a Laurent series\"\n"
"From remote kernel:"
"\"PASS: \"\"soft series covers the requested pole order\"\n"
"From remote kernel:"
"\"RealSame_Charge0__Ppp\"\" real term \"67\"/\"143\"; memory = \"234462064\n"
"From remote kernel:"
"\"PASS: \"\"ordinary real term is fully evaluated\"\n"
"From remote kernel:"
"\"PASS: \"\"massive angular denominator stays separated at the soft endpoint\"\n"
"From remote kernel:"
"\"PASS: \"\"soft coefficients contain no recoil variable\"\n"
"From remote kernel:"
"\"PASS: \"\"massive angular denominator stays separated at the soft endpoint\"\n"
"From remote kernel:"
"\"PASS: \"\"soft expansion is a Laurent series\"\n"
"From remote kernel:"
"\"PASS: \"\"soft expansion is a Laurent series\"\n"
"From remote kernel:"
"\"PASS: \"\"soft series covers the requested pole order\"\n"
"From remote kernel:"
"\"PASS: \"\"soft series covers the requested pole order\"\n"
"From remote kernel:"
"\"PASS: \"\"soft coefficients contain no recoil variable\"\n"
"From remote kernel:"
"\"PASS: \"\"soft coefficients contain no recoil variable\"\n"
"From remote kernel:"
"\"PASS: \"\"massive angular denominator stays separated at the soft endpoint\"\n"
"From remote kernel:"
"\"RealSame_Charge0__Ppp\"\" real term \"68\"/\"143\"; memory = \"269994312\n"
"From remote kernel:"
"\"PASS: \"\"soft expansion is a Laurent series\"\n"
"From remote kernel:"
"\"PASS: \"\"soft expansion is a Laurent series\"\n"
"From remote kernel:"
"\"PASS: \"\"soft series covers the requested pole order\"\n"
"From remote kernel:"
"\"PASS: \"\"ordinary real term is fully evaluated\"\n"
"From remote kernel:"
"\"PASS: \"\"soft series covers the requested pole order\"\n"
"From remote kernel:"
"\"PASS: \"\"massive angular denominator stays separated at the soft endpoint\"\n"
"From remote kernel:"
"\"PASS: \"\"soft coefficients contain no recoil variable\"\n"
"From remote kernel:"
"\"PASS: \"\"soft expansion is a Laurent series\"\n"
"From remote kernel:"
"\"PASS: \"\"soft series covers the requested pole order\"\n"
"From remote kernel:"
"\"RealSame_Charge0__Ppp\"\" real term \"69\"/\"143\"; memory = \"235442632\n"
"From remote kernel:"
"\"PASS: \"\"soft coefficients contain no recoil variable\"\n"
"From remote kernel:"
"\"PASS: \"\"massive angular denominator stays separated at the soft endpoint\"\n"
"From remote kernel:"
"\"PASS: \"\"soft expansion is a Laurent series\"\n"
"From remote kernel:"
"\"PASS: \"\"soft series covers the requested pole order\"\n"
"From remote kernel:"
"\"PASS: \"\"soft coefficients contain no recoil variable\"\n"
"From remote kernel:"
"\"RealSame_Charge0__Ppp\"\" real term \"70\"/\"143\"; memory = \"269936056\n"
"From remote kernel:"
"\"PASS: \"\"soft coefficients contain no recoil variable\"\n"
"From remote kernel:"
"\"PASS: \"\"massive angular denominator stays separated at the soft endpoint\"\n"
"From remote kernel:"
"\"PASS: \"\"soft expansion is a Laurent series\"\n"
"From remote kernel:"
"\"PASS: \"\"soft series covers the requested pole order\"\n"
"From remote kernel:"
"\"RealSame_Charge0__Ppp\"\" real term \"71\"/\"143\"; memory = \"244707896\n"
"From remote kernel:"
"\"PASS: \"\"one mixed denominator is massive\"\n"
"From remote kernel:"
"\"PASS: \"\"ordinary real term is fully evaluated\"\n"
"From remote kernel:"
"\"PASS: \"\"massive angular denominator stays separated at the soft endpoint\"\n"
"From remote kernel:"
"\"PASS: \"\"soft expansion is a Laurent series\"\n"
"From remote kernel:"
"\"PASS: \"\"soft series covers the requested pole order\"\n"
"From remote kernel:"
"\"PASS: \"\"soft expansion is a Laurent series\"\n"
"From remote kernel:"
"\"PASS: \"\"soft series covers the requested pole order\"\n"
"From remote kernel:"
"\"PASS: \"\"soft coefficients contain no recoil variable\"\n"
"From remote kernel:"
"\"PASS: \"\"massive angular denominator stays separated at the soft endpoint\"\n"
"From remote kernel:"
"\"PASS: \"\"soft coefficients contain no recoil variable\"\n"
"From remote kernel:"
"\"PASS: \"\"soft expansion is a Laurent series\"\n"
"From remote kernel:"
"\"PASS: \"\"soft series covers the requested pole order\"\n"
"From remote kernel:"
"\"PASS: \"\"massive angular denominator stays separated at the soft endpoint\"\n"
"From remote kernel:"
"\"PASS: \"\"soft expansion is a Laurent series\"\n"
"From remote kernel:"
"\"PASS: \"\"soft series covers the requested pole order\"\n"
"From remote kernel:"
"\"PASS: \"\"ordinary real term is fully evaluated\"\n"
"From remote kernel:"
"\"PASS: \"\"massive angular denominator stays separated at the soft endpoint\"\n"
"From remote kernel:"
"\"PASS: \"\"soft coefficients contain no recoil variable\"\n"
"From remote kernel:"
"\"PASS: \"\"massive angular denominator stays separated at the soft endpoint\"\n"
"From remote kernel:"
"\"PASS: \"\"soft coefficients contain no recoil variable\"\n"
"From remote kernel:"
"\"RealSame_Charge0__Ppp\"\" real term \"72\"/\"143\"; memory = \"213709728\n"
"From remote kernel:"
"\"PASS: \"\"ordinary real term is fully evaluated\"\n"
"From remote kernel:"
"\"PASS: \"\"massive angular denominator stays separated at the soft endpoint\"\n"
"From remote kernel:"
"\"PASS: \"\"soft expansion is a Laurent series\"\n"
MONITOR_HEARTBEAT elapsed=121s rss=2961.9MiB peak=2993.1MiB
"From remote kernel:"
"\"PASS: \"\"soft series covers the requested pole order\"\n"
"From remote kernel:"
"\"PASS: \"\"soft expansion is a Laurent series\"\n"
"From remote kernel:"
"\"PASS: \"\"soft series covers the requested pole order\"\n"
"From remote kernel:"
"\"RealSame_Charge0__Ppp\"\" real term \"73\"/\"143\"; memory = \"276719152\n"
"From remote kernel:"
"\"PASS: \"\"one mixed denominator is massive\"\n"
"From remote kernel:"
"\"PASS: \"\"ordinary real term is fully evaluated\"\n"
"From remote kernel:"
"\"PASS: \"\"massive angular denominator stays separated at the soft endpoint\"\n"
"From remote kernel:"
"\"PASS: \"\"soft expansion is a Laurent series\"\n"
"From remote kernel:"
"\"PASS: \"\"soft series covers the requested pole order\"\n"
"From remote kernel:"
"\"PASS: \"\"soft coefficients contain no recoil variable\"\n"
"From remote kernel:"
"\"PASS: \"\"massive angular denominator stays separated at the soft endpoint\"\n"
"From remote kernel:"
"\"PASS: \"\"soft expansion is a Laurent series\"\n"
"From remote kernel:"
"\"PASS: \"\"soft series covers the requested pole order\"\n"
"From remote kernel:"
"\"PASS: \"\"soft coefficients contain no recoil variable\"\n"
"From remote kernel:"
"\"PASS: \"\"soft coefficients contain no recoil variable\"\n"
"From remote kernel:"
"\"RealSame_Charge0__Ppp\"\" real term \"74\"/\"143\"; memory = \"275233880\n"
"From remote kernel:"
"\"RealSame_Charge0__Ppp\"\" real term \"75\"/\"143\"; memory = \"262742792\n"
"From remote kernel:"
"\"PASS: \"\"one mixed denominator is massive\"\n"
"From remote kernel:"
"\"PASS: \"\"ordinary real term is fully evaluated\"\n"
"From remote kernel:"
"\"PASS: \"\"ordinary real term is fully evaluated\"\n"
"From remote kernel:"
"\"PASS: \"\"massive angular denominator stays separated at the soft endpoint\"\n"
"From remote kernel:"
"\"PASS: \"\"massive angular denominator stays separated at the soft endpoint\"\n"
"From remote kernel:"
"\"PASS: \"\"soft expansion is a Laurent series\"\n"
"From remote kernel:"
"\"PASS: \"\"soft series covers the requested pole order\"\n"
"From remote kernel:"
"\"PASS: \"\"soft expansion is a Laurent series\"\n"
"From remote kernel:"
"\"PASS: \"\"soft series covers the requested pole order\"\n"
"From remote kernel:"
"\"PASS: \"\"soft coefficients contain no recoil variable\"\n"
"From remote kernel:"
"\"PASS: \"\"soft coefficients contain no recoil variable\"\n"
"From remote kernel:"
"\"PASS: \"\"massive angular denominator stays separated at the soft endpoint\"\n"
"From remote kernel:"
"\"PASS: \"\"massive angular denominator stays separated at the soft endpoint\"\n"
"From remote kernel:"
"\"PASS: \"\"soft expansion is a Laurent series\"\n"
"From remote kernel:"
"\"PASS: \"\"soft expansion is a Laurent series\"\n"
"From remote kernel:"
"\"PASS: \"\"soft series covers the requested pole order\"\n"
"From remote kernel:"
"\"PASS: \"\"soft series covers the requested pole order\"\n"
"From remote kernel:"
"\"PASS: \"\"soft coefficients contain no recoil variable\"\n"
"From remote kernel:"
"\"PASS: \"\"soft coefficients contain no recoil variable\"\n"
"From remote kernel:"
"\"RealSame_Charge0__Ppp\"\" real term \"76\"/\"143\"; memory = \"275821360\n"
"From remote kernel:"
"\"RealSame_Charge0__Ppp\"\" real term \"77\"/\"143\"; memory = \"263014992\n"
"From remote kernel:"
"\"PASS: \"\"soft expansion is a Laurent series\"\n"
"From remote kernel:"
"\"PASS: \"\"soft series covers the requested pole order\"\n"
"From remote kernel:"
"\"PASS: \"\"ordinary real term is fully evaluated\"\n"
"From remote kernel:"
"\"PASS: \"\"massive angular denominator stays separated at the soft endpoint\"\n"
"From remote kernel:"
"\"PASS: \"\"soft coefficients contain no recoil variable\"\n"
"From remote kernel:"
"\"RealSame_Charge0__Ppp\"\" real term \"78\"/\"143\"; memory = \"230221680\n"
"From remote kernel:"
"\"PASS: \"\"one mixed denominator is massive\"\n"
"From remote kernel:"
"\"PASS: \"\"soft expansion is a Laurent series\"\n"
"From remote kernel:"
"\"PASS: \"\"soft series covers the requested pole order\"\n"
"From remote kernel:"
"\"PASS: \"\"soft coefficients contain no recoil variable\"\n"
"From remote kernel:"
"\"PASS: \"\"ordinary real term is fully evaluated\"\n"
"From remote kernel:"
"\"PASS: \"\"massive angular denominator stays separated at the soft endpoint\"\n"
"From remote kernel:"
"\"PASS: \"\"massive angular denominator stays separated at the soft endpoint\"\n"
"From remote kernel:"
"\"PASS: \"\"soft expansion is a Laurent series\"\n"
"From remote kernel:"
"\"PASS: \"\"soft series covers the requested pole order\"\n"
"From remote kernel:"
"\"PASS: \"\"soft expansion is a Laurent series\"\n"
"From remote kernel:"
"\"PASS: \"\"soft series covers the requested pole order\"\n"
"From remote kernel:"
"\"PASS: \"\"soft coefficients contain no recoil variable\"\n"
"From remote kernel:"
"\"PASS: \"\"soft coefficients contain no recoil variable\"\n"
"From remote kernel:"
"\"RealSame_Charge0__Ppp\"\" real term \"79\"/\"143\"; memory = \"264286744\n"
"From remote kernel:"
"\"PASS: \"\"massive angular denominator stays separated at the soft endpoint\"\n"
"From remote kernel:"
"\"PASS: \"\"soft expansion is a Laurent series\"\n"
"From remote kernel:"
"\"PASS: \"\"soft series covers the requested pole order\"\n"
"From remote kernel:"
"\"PASS: \"\"ordinary real term is fully evaluated\"\n"
"From remote kernel:"
"\"PASS: \"\"soft expansion is a Laurent series\"\n"
"From remote kernel:"
"\"PASS: \"\"massive angular denominator stays separated at the soft endpoint\"\n"
"From remote kernel:"
"\"PASS: \"\"soft expansion is a Laurent series\"\n"
"From remote kernel:"
"\"PASS: \"\"soft series covers the requested pole order\"\n"
"From remote kernel:"
"\"PASS: \"\"soft series covers the requested pole order\"\n"
"From remote kernel:"
"\"PASS: \"\"soft coefficients contain no recoil variable\"\n"
"From remote kernel:"
"\"RealSame_Charge0__Ppp\"\" real term \"80\"/\"143\"; memory = \"234234392\n"
"From remote kernel:"
"\"PASS: \"\"ordinary real term is fully evaluated\"\n"
"From remote kernel:"
"\"PASS: \"\"soft coefficients contain no recoil variable\"\n"
"From remote kernel:"
"\"PASS: \"\"massive angular denominator stays separated at the soft endpoint\"\n"
"From remote kernel:"
"\"RealSame_Charge0__Ppp\"\" real term \"81\"/\"143\"; memory = \"213796952\n"
"From remote kernel:"
"\"PASS: \"\"soft coefficients contain no recoil variable\"\n"
"From remote kernel:"
"\"PASS: \"\"massive angular denominator stays separated at the soft endpoint\"\n"
"From remote kernel:"
"\"PASS: \"\"soft expansion is a Laurent series\"\n"
"From remote kernel:"
"\"PASS: \"\"soft series covers the requested pole order\"\n"
"From remote kernel:"
"\"PASS: \"\"soft coefficients contain no recoil variable\"\n"
"From remote kernel:"
"\"PASS: \"\"massive angular denominator stays separated at the soft endpoint\"\n"
"From remote kernel:"
"\"PASS: \"\"soft expansion is a Laurent series\"\n"
"From remote kernel:"
"\"PASS: \"\"soft series covers the requested pole order\"\n"
"From remote kernel:"
"\"PASS: \"\"ordinary real term is fully evaluated\"\n"
"From remote kernel:"
"\"PASS: \"\"massive angular denominator stays separated at the soft endpoint\"\n"
"From remote kernel:"
"\"PASS: \"\"soft coefficients contain no recoil variable\"\n"
"From remote kernel:"
"\"PASS: \"\"mixed angular endpoint approach follows from its domain\"\n"
"From remote kernel:"
"\"PASS: \"\"inverted dilogarithm arguments are negative on the real domain\"\n"
"From remote kernel:"
"\"PASS: \"\"inverse hyperbolic logarithms preserve derivative and anchor\"\n"
"From remote kernel:"
"\"PASS: \"\"massive angular denominator stays separated at the soft endpoint\"\n"
"From remote kernel:"
"\"PASS: \"\"soft expansion is a Laurent series\"\n"
"From remote kernel:"
"\"PASS: \"\"soft series covers the requested pole order\"\n"
"From remote kernel:"
"\"PASS: \"\"soft expansion is a Laurent series\"\n"
"From remote kernel:"
"\"PASS: \"\"soft series covers the requested pole order\"\n"
"From remote kernel:"
"\"PASS: \"\"soft coefficients contain no recoil variable\"\n"
"From remote kernel:"
"\"PASS: \"\"massive angular denominator stays separated at the soft endpoint\"\n"
"From remote kernel:"
"\"PASS: \"\"soft coefficients contain no recoil variable\"\n"
"From remote kernel:"
"\"RealSame_Charge0__Ppp\"\" real term \"82\"/\"143\"; memory = \"254289744\n"
"From remote kernel:"
"\"PASS: \"\"one mixed denominator is massive\"\n"
"From remote kernel:"
"\"PASS: \"\"soft expansion is a Laurent series\"\n"
"From remote kernel:"
"\"PASS: \"\"soft series covers the requested pole order\"\n"
"From remote kernel:"
"\"PASS: \"\"soft coefficients contain no recoil variable\"\n"
"From remote kernel:"
"\"RealSame_Charge0__Ppp\"\" real term \"83\"/\"143\"; memory = \"219528376\n"
"From remote kernel:"
"\"PASS: \"\"one mixed denominator is massive\"\n"
"From remote kernel:"
"\"PASS: \"\"ordinary real term is fully evaluated\"\n"
"From remote kernel:"
"\"PASS: \"\"massive angular denominator stays separated at the soft endpoint\"\n"
"From remote kernel:"
"\"PASS: \"\"mixed angular endpoint approach follows from its domain\"\n"
"From remote kernel:"
"\"PASS: \"\"inverted dilogarithm arguments are negative on the real domain\"\n"
"From remote kernel:"
"\"PASS: \"\"inverse hyperbolic logarithms preserve derivative and anchor\"\n"
"From remote kernel:"
"\"PASS: \"\"soft expansion is a Laurent series\"\n"
"From remote kernel:"
"\"PASS: \"\"soft series covers the requested pole order\"\n"
"From remote kernel:"
"\"PASS: \"\"soft coefficients contain no recoil variable\"\n"
"From remote kernel:"
"\"PASS: \"\"massive angular denominator stays separated at the soft endpoint\"\n"
"From remote kernel:"
"\"PASS: \"\"mixed angular endpoint approach follows from its domain\"\n"
"From remote kernel:"
"\"PASS: \"\"inverted dilogarithm arguments are negative on the real domain\"\n"
"From remote kernel:"
"\"PASS: \"\"inverse hyperbolic logarithms preserve derivative and anchor\"\n"
"From remote kernel:"
"\"PASS: \"\"soft expansion is a Laurent series\"\n"
"From remote kernel:"
"\"PASS: \"\"soft series covers the requested pole order\"\n"
"From remote kernel:"
"\"PASS: \"\"soft coefficients contain no recoil variable\"\n"
"From remote kernel:"
"\"RealSame_Charge0__Ppp\"\" real term \"84\"/\"143\"; memory = \"242152952\n"
"From remote kernel:"
"\"PASS: \"\"ordinary real term is fully evaluated\"\n"
"From remote kernel:"
"\"PASS: \"\"massive angular denominator stays separated at the soft endpoint\"\n"
"From remote kernel:"
"\"PASS: \"\"soft expansion is a Laurent series\"\n"
"From remote kernel:"
"\"PASS: \"\"soft series covers the requested pole order\"\n"
"From remote kernel:"
"\"PASS: \"\"massive angular denominator stays separated at the soft endpoint\"\n"
"From remote kernel:"
"\"PASS: \"\"ordinary real term is fully evaluated\"\n"
"From remote kernel:"
"\"PASS: \"\"massive angular denominator stays separated at the soft endpoint\"\n"
"From remote kernel:"
"\"PASS: \"\"soft expansion is a Laurent series\"\n"
"From remote kernel:"
"\"PASS: \"\"soft series covers the requested pole order\"\n"
"From remote kernel:"
"\"RealSame_Charge0__Ppp\"\" real term \"85\"/\"143\"; memory = \"243425512\n"
"From remote kernel:"
"\"PASS: \"\"one mixed denominator is massive\"\n"
"From remote kernel:"
"\"PASS: \"\"ordinary real term is fully evaluated\"\n"
"From remote kernel:"
"\"PASS: \"\"massive angular denominator stays separated at the soft endpoint\"\n"
"From remote kernel:"
"\"PASS: \"\"soft expansion is a Laurent series\"\n"
"From remote kernel:"
"\"PASS: \"\"soft series covers the requested pole order\"\n"
"From remote kernel:"
"\"PASS: \"\"massive angular denominator stays separated at the soft endpoint\"\n"
"From remote kernel:"
"\"PASS: \"\"soft expansion is a Laurent series\"\n"
"From remote kernel:"
"\"PASS: \"\"soft series covers the requested pole order\"\n"
"From remote kernel:"
"\"RealSame_Charge0__Ppp\"\" real term \"86\"/\"143\"; memory = \"243765768\n"
"From remote kernel:"
"\"PASS: \"\"ordinary real term is fully evaluated\"\n"
"From remote kernel:"
"\"PASS: \"\"massive angular denominator stays separated at the soft endpoint\"\n"
"From remote kernel:"
"\"PASS: \"\"soft expansion is a Laurent series\"\n"
"From remote kernel:"
"\"PASS: \"\"soft series covers the requested pole order\"\n"
"From remote kernel:"
"\"PASS: \"\"massive angular denominator stays separated at the soft endpoint\"\n"
"From remote kernel:"
"\"PASS: \"\"soft expansion is a Laurent series\"\n"
"From remote kernel:"
"\"PASS: \"\"soft series covers the requested pole order\"\n"
"From remote kernel:"
"\"RealSame_Charge0__Ppp\"\" real term \"87\"/\"143\"; memory = \"243876488\n"
"From remote kernel:"
"\"PASS: \"\"ordinary real term is fully evaluated\"\n"
"From remote kernel:"
"\"PASS: \"\"massive angular denominator stays separated at the soft endpoint\"\n"
"From remote kernel:"
"\"PASS: \"\"soft expansion is a Laurent series\"\n"
"From remote kernel:"
"\"PASS: \"\"soft series covers the requested pole order\"\n"
"From remote kernel:"
"\"PASS: \"\"massive angular denominator stays separated at the soft endpoint\"\n"
"From remote kernel:"
"\"PASS: \"\"soft expansion is a Laurent series\"\n"
"From remote kernel:"
"\"PASS: \"\"soft series covers the requested pole order\"\n"
"From remote kernel:"
"\"RealSame_Charge0__Ppp\"\" real term \"88\"/\"143\"; memory = \"243912024\n"
"From remote kernel:"
"\"PASS: \"\"soft expansion is a Laurent series\"\n"
"From remote kernel:"
"\"PASS: \"\"soft series covers the requested pole order\"\n"
"From remote kernel:"
"\"PASS: \"\"soft coefficients contain no recoil variable\"\n"
"From remote kernel:"
"\"PASS: \"\"massive angular denominator stays separated at the soft endpoint\"\n"
"From remote kernel:"
"\"PASS: \"\"mixed angular endpoint approach follows from its domain\"\n"
"From remote kernel:"
"\"PASS: \"\"inverted dilogarithm arguments are negative on the real domain\"\n"
"From remote kernel:"
"\"PASS: \"\"inverse hyperbolic logarithms preserve derivative and anchor\"\n"
"From remote kernel:"
"\"PASS: \"\"soft expansion is a Laurent series\"\n"
"From remote kernel:"
"\"PASS: \"\"soft series covers the requested pole order\"\n"
"From remote kernel:"
"\"PASS: \"\"soft coefficients contain no recoil variable\"\n"
"From remote kernel:"
"\"RealSame_Charge0__Ppp\"\" real term \"89\"/\"143\"; memory = \"269986296\n"
"From remote kernel:"
"\"PASS: \"\"ordinary real term is fully evaluated\"\n"
"From remote kernel:"
"\"PASS: \"\"massive angular denominator stays separated at the soft endpoint\"\n"
"From remote kernel:"
"\"PASS: \"\"soft expansion is a Laurent series\"\n"
"From remote kernel:"
"\"PASS: \"\"soft series covers the requested pole order\"\n"
"From remote kernel:"
"\"PASS: \"\"massive angular denominator stays separated at the soft endpoint\"\n"
"From remote kernel:"
"\"PASS: \"\"soft expansion is a Laurent series\"\n"
"From remote kernel:"
"\"PASS: \"\"soft series covers the requested pole order\"\n"
"From remote kernel:"
"\"RealSame_Charge0__Ppp\"\" real term \"90\"/\"143\"; memory = \"269819400\n"
"From remote kernel:"
"\"PASS: \"\"ordinary real term is fully evaluated\"\n"
"From remote kernel:"
"\"PASS: \"\"massive angular denominator stays separated at the soft endpoint\"\n"
"From remote kernel:"
"\"PASS: \"\"soft expansion is a Laurent series\"\n"
"From remote kernel:"
"\"PASS: \"\"soft series covers the requested pole order\"\n"
"From remote kernel:"
"\"PASS: \"\"massive angular denominator stays separated at the soft endpoint\"\n"
"From remote kernel:"
"\"PASS: \"\"soft expansion is a Laurent series\"\n"
"From remote kernel:"
"\"PASS: \"\"soft series covers the requested pole order\"\n"
"From remote kernel:"
"\"RealSame_Charge0__Ppp\"\" real term \"91\"/\"143\"; memory = \"213865000\n"
"From remote kernel:"
"\"PASS: \"\"ordinary real term is fully evaluated\"\n"
"From remote kernel:"
"\"PASS: \"\"massive angular denominator stays separated at the soft endpoint\"\n"
"From remote kernel:"
"\"PASS: \"\"soft expansion is a Laurent series\"\n"
"From remote kernel:"
"\"PASS: \"\"soft series covers the requested pole order\"\n"
"From remote kernel:"
"\"PASS: \"\"massive angular denominator stays separated at the soft endpoint\"\n"
"From remote kernel:"
"\"PASS: \"\"soft expansion is a Laurent series\"\n"
"From remote kernel:"
"\"PASS: \"\"soft series covers the requested pole order\"\n"
"From remote kernel:"
"\"RealSame_Charge0__Ppp\"\" real term \"92\"/\"143\"; memory = \"214007800\n"
"From remote kernel:"
"\"PASS: \"\"soft expansion is a Laurent series\"\n"
"From remote kernel:"
"\"PASS: \"\"soft series covers the requested pole order\"\n"
"From remote kernel:"
"\"PASS: \"\"ordinary real term is fully evaluated\"\n"
"From remote kernel:"
"\"PASS: \"\"massive angular denominator stays separated at the soft endpoint\"\n"
"From remote kernel:"
"\"PASS: \"\"soft coefficients contain no recoil variable\"\n"
"From remote kernel:"
"\"RealSame_Charge0__Ppp\"\" real term \"93\"/\"143\"; memory = \"280202256\n"
"From remote kernel:"
"\"PASS: \"\"one mixed denominator is massive\"\n"
"From remote kernel:"
"\"PASS: \"\"ordinary real term is fully evaluated\"\n"
"From remote kernel:"
"\"PASS: \"\"massive angular denominator stays separated at the soft endpoint\"\n"
"From remote kernel:"
"\"PASS: \"\"soft expansion is a Laurent series\"\n"
"From remote kernel:"
"\"PASS: \"\"soft series covers the requested pole order\"\n"
"From remote kernel:"
"\"PASS: \"\"massive angular denominator stays separated at the soft endpoint\"\n"
"From remote kernel:"
"\"PASS: \"\"soft expansion is a Laurent series\"\n"
"From remote kernel:"
"\"PASS: \"\"soft series covers the requested pole order\"\n"
"From remote kernel:"
"\"RealSame_Charge0__Ppp\"\" real term \"94\"/\"143\"; memory = \"280220240\n"
"From remote kernel:"
"\"PASS: \"\"ordinary real term is fully evaluated\"\n"
"From remote kernel:"
"\"PASS: \"\"massive angular denominator stays separated at the soft endpoint\"\n"
"From remote kernel:"
"\"PASS: \"\"soft expansion is a Laurent series\"\n"
"From remote kernel:"
"\"PASS: \"\"soft series covers the requested pole order\"\n"
"From remote kernel:"
"\"PASS: \"\"massive angular denominator stays separated at the soft endpoint\"\n"
"From remote kernel:"
"\"PASS: \"\"soft expansion is a Laurent series\"\n"
"From remote kernel:"
"\"PASS: \"\"soft series covers the requested pole order\"\n"
"From remote kernel:"
"\"RealSame_Charge0__Ppp\"\" real term \"95\"/\"143\"; memory = \"279936384\n"
"From remote kernel:"
"\"PASS: \"\"ordinary real term is fully evaluated\"\n"
"From remote kernel:"
"\"PASS: \"\"massive angular denominator stays separated at the soft endpoint\"\n"
"From remote kernel:"
"\"PASS: \"\"soft expansion is a Laurent series\"\n"
"From remote kernel:"
"\"PASS: \"\"soft series covers the requested pole order\"\n"
"From remote kernel:"
"\"PASS: \"\"massive angular denominator stays separated at the soft endpoint\"\n"
"From remote kernel:"
"\"PASS: \"\"soft expansion is a Laurent series\"\n"
"From remote kernel:"
"\"PASS: \"\"soft series covers the requested pole order\"\n"
"From remote kernel:"
"\"PASS: \"\"soft expansion is a Laurent series\"\n"
"From remote kernel:"
"\"PASS: \"\"soft series covers the requested pole order\"\n"
"From remote kernel:"
"\"PASS: \"\"massive angular denominator stays separated at the soft endpoint\"\n"
"From remote kernel:"
"\"RealSame_Charge0__Ppp\"\" real term \"96\"/\"143\"; memory = \"279887248\n"
"From remote kernel:"
"\"PASS: \"\"ordinary real term is fully evaluated\"\n"
"From remote kernel:"
"\"PASS: \"\"massive angular denominator stays separated at the soft endpoint\"\n"
"From remote kernel:"
"\"PASS: \"\"soft expansion is a Laurent series\"\n"
"From remote kernel:"
"\"PASS: \"\"soft series covers the requested pole order\"\n"
"From remote kernel:"
"\"PASS: \"\"massive angular denominator stays separated at the soft endpoint\"\n"
"From remote kernel:"
"\"PASS: \"\"soft expansion is a Laurent series\"\n"
"From remote kernel:"
"\"PASS: \"\"soft series covers the requested pole order\"\n"
"From remote kernel:"
"\"RealSame_Charge0__Ppp\"\" real term \"97\"/\"143\"; memory = \"279886120\n"
"From remote kernel:"
"\"PASS: \"\"ordinary real term is fully evaluated\"\n"
"From remote kernel:"
"\"PASS: \"\"massive angular denominator stays separated at the soft endpoint\"\n"
"From remote kernel:"
"\"PASS: \"\"mixed angular endpoint approach follows from its domain\"\n"
"From remote kernel:"
"\"PASS: \"\"inverted dilogarithm arguments are negative on the real domain\"\n"
"From remote kernel:"
"\"PASS: \"\"inverse hyperbolic logarithms preserve derivative and anchor\"\n"
"From remote kernel:"
"\"PASS: \"\"soft expansion is a Laurent series\"\n"
"From remote kernel:"
"\"PASS: \"\"soft series covers the requested pole order\"\n"
"From remote kernel:"
"\"PASS: \"\"soft coefficients contain no recoil variable\"\n"
"From remote kernel:"
"\"RealSame_Charge0__Ppp\"\" real term \"98\"/\"143\"; memory = \"258711656\n"
"From remote kernel:"
"\"PASS: \"\"one mixed denominator is massive\"\n"
"From remote kernel:"
"\"PASS: \"\"soft expansion is a Laurent series\"\n"
"From remote kernel:"
"\"PASS: \"\"soft series covers the requested pole order\"\n"
"From remote kernel:"
"\"RealSame_Charge0__Ppp\"\" real term \"99\"/\"143\"; memory = \"235131040\n"
"From remote kernel:"
"\"PASS: \"\"one mixed denominator is massive\"\n"
"From remote kernel:"
"\"PASS: \"\"soft expansion is a Laurent series\"\n"
"From remote kernel:"
"\"PASS: \"\"soft series covers the requested pole order\"\n"
"From remote kernel:"
"\"PASS: \"\"massive angular denominator stays separated at the soft endpoint\"\n"
"From remote kernel:"
"\"PASS: \"\"ordinary real term is fully evaluated\"\n"
"From remote kernel:"
"\"PASS: \"\"massive angular denominator stays separated at the soft endpoint\"\n"
"From remote kernel:"
"\"PASS: \"\"mixed angular endpoint approach follows from its domain\"\n"
"From remote kernel:"
"\"PASS: \"\"inverted dilogarithm arguments are negative on the real domain\"\n"
"From remote kernel:"
"\"PASS: \"\"inverse hyperbolic logarithms preserve derivative and anchor\"\n"
"From remote kernel:"
"\"PASS: \"\"ordinary real term is fully evaluated\"\n"
"From remote kernel:"
"\"PASS: \"\"massive angular denominator stays separated at the soft endpoint\"\n"
"From remote kernel:"
"\"PASS: \"\"soft expansion is a Laurent series\"\n"
"From remote kernel:"
"\"PASS: \"\"soft series covers the requested pole order\"\n"
"From remote kernel:"
"\"PASS: \"\"massive angular denominator stays separated at the soft endpoint\"\n"
"From remote kernel:"
"\"PASS: \"\"mixed angular endpoint approach follows from its domain\"\n"
"From remote kernel:"
"\"PASS: \"\"inverted dilogarithm arguments are negative on the real domain\"\n"
"From remote kernel:"
"\"PASS: \"\"inverse hyperbolic logarithms preserve derivative and anchor\"\n"
"From remote kernel:"
"\"PASS: \"\"soft expansion is a Laurent series\"\n"
"From remote kernel:"
"\"PASS: \"\"soft series covers the requested pole order\"\n"
"From remote kernel:"
"\"PASS: \"\"massive angular denominator stays separated at the soft endpoint\"\n"
"From remote kernel:"
"\"PASS: \"\"soft expansion is a Laurent series\"\n"
"From remote kernel:"
"\"PASS: \"\"mixed angular endpoint approach follows from its domain\"\n"
"From remote kernel:"
"\"PASS: \"\"soft series covers the requested pole order\"\n"
"From remote kernel:"
"\"PASS: \"\"inverted dilogarithm arguments are negative on the real domain\"\n"
"From remote kernel:"
"\"PASS: \"\"inverse hyperbolic logarithms preserve derivative and anchor\"\n"
"From remote kernel:"
"\"RealSame_Charge0__Ppp\"\" real term \"100\"/\"143\"; memory = \"266443344\n"
"From remote kernel:"
"\"PASS: \"\"one mixed denominator is massive\"\n"
"From remote kernel:"
"\"PASS: \"\"ordinary real term is fully evaluated\"\n"
"From remote kernel:"
"\"PASS: \"\"massive angular denominator stays separated at the soft endpoint\"\n"
"From remote kernel:"
"\"PASS: \"\"soft expansion is a Laurent series\"\n"
"From remote kernel:"
"\"PASS: \"\"soft series covers the requested pole order\"\n"
"From remote kernel:"
"\"PASS: \"\"massive angular denominator stays separated at the soft endpoint\"\n"
"From remote kernel:"
"\"PASS: \"\"ordinary real term is fully evaluated\"\n"
"From remote kernel:"
"\"PASS: \"\"massive angular denominator stays separated at the soft endpoint\"\n"
"From remote kernel:"
"\"PASS: \"\"soft expansion is a Laurent series\"\n"
"From remote kernel:"
"\"PASS: \"\"soft series covers the requested pole order\"\n"
"From remote kernel:"
"\"RealSame_Charge0__Ppp\"\" real term \"101\"/\"143\"; memory = \"239615056\n"
"From remote kernel:"
"\"PASS: \"\"soft expansion is a Laurent series\"\n"
"From remote kernel:"
"\"PASS: \"\"soft series covers the requested pole order\"\n"
"From remote kernel:"
"\"PASS: \"\"massive angular denominator stays separated at the soft endpoint\"\n"
"From remote kernel:"
"\"PASS: \"\"ordinary real term is fully evaluated\"\n"
"From remote kernel:"
"\"PASS: \"\"massive angular denominator stays separated at the soft endpoint\"\n"
"From remote kernel:"
"\"PASS: \"\"soft expansion is a Laurent series\"\n"
"From remote kernel:"
"\"PASS: \"\"soft series covers the requested pole order\"\n"
"From remote kernel:"
"\"RealSame_Charge0__Ppp\"\" real term \"102\"/\"143\"; memory = \"264316216\n"
"From remote kernel:"
"\"PASS: \"\"ordinary real term is fully evaluated\"\n"
"From remote kernel:"
"\"PASS: \"\"massive angular denominator stays separated at the soft endpoint\"\n"
"From remote kernel:"
"\"PASS: \"\"soft expansion is a Laurent series\"\n"
"From remote kernel:"
"\"PASS: \"\"soft series covers the requested pole order\"\n"
"From remote kernel:"
"\"PASS: \"\"massive angular denominator stays separated at the soft endpoint\"\n"
"From remote kernel:"
"\"PASS: \"\"soft expansion is a Laurent series\"\n"
"From remote kernel:"
"\"PASS: \"\"soft series covers the requested pole order\"\n"
"From remote kernel:"
"\"RealSame_Charge0__Ppp\"\" real term \"103\"/\"143\"; memory = \"264418400\n"
"From remote kernel:"
"\"PASS: \"\"soft expansion is a Laurent series\"\n"
"From remote kernel:"
"\"PASS: \"\"soft series covers the requested pole order\"\n"
"From remote kernel:"
"\"RealSame_Charge0__Ppp\"\" real term \"104\"/\"143\"; memory = \"264103448\n"
"From remote kernel:"
"\"PASS: \"\"soft expansion is a Laurent series\"\n"
"From remote kernel:"
"\"PASS: \"\"soft series covers the requested pole order\"\n"
"From remote kernel:"
"\"PASS: \"\"massive angular denominator stays separated at the soft endpoint\"\n"
"From remote kernel:"
"\"PASS: \"\"soft expansion is a Laurent series\"\n"
"From remote kernel:"
"\"PASS: \"\"soft series covers the requested pole order\"\n"
"From remote kernel:"
"\"PASS: \"\"massive angular denominator stays separated at the soft endpoint\"\n"
"From remote kernel:"
"\"PASS: \"\"soft expansion is a Laurent series\"\n"
"From remote kernel:"
"\"PASS: \"\"soft series covers the requested pole order\"\n"
"From remote kernel:"
"\"RealSame_Charge0__Ppp\"\" real term \"105\"/\"143\"; memory = \"214067248\n"
"From remote kernel:"
"\"PASS: \"\"ordinary real term is fully evaluated\"\n"
"From remote kernel:"
"\"PASS: \"\"massive angular denominator stays separated at the soft endpoint\"\n"
"From remote kernel:"
"\"PASS: \"\"mixed angular endpoint approach follows from its domain\"\n"
"From remote kernel:"
"\"PASS: \"\"inverted dilogarithm arguments are negative on the real domain\"\n"
"From remote kernel:"
"\"PASS: \"\"inverse hyperbolic logarithms preserve derivative and anchor\"\n"
"From remote kernel:"
"\"PASS: \"\"ordinary real term is fully evaluated\"\n"
"From remote kernel:"
"\"PASS: \"\"massive angular denominator stays separated at the soft endpoint\"\n"
"From remote kernel:"
"\"PASS: \"\"mixed angular endpoint approach follows from its domain\"\n"
"From remote kernel:"
"\"PASS: \"\"soft expansion is a Laurent series\"\n"
"From remote kernel:"
"\"PASS: \"\"inverted dilogarithm arguments are negative on the real domain\"\n"
"From remote kernel:"
"\"PASS: \"\"soft series covers the requested pole order\"\n"
"From remote kernel:"
"\"PASS: \"\"inverse hyperbolic logarithms preserve derivative and anchor\"\n"
"From remote kernel:"
"\"RealSame_Charge0__Ppp\"\" real term \"106\"/\"143\"; memory = \"292874080\n"
"From remote kernel:"
"\"PASS: \"\"one mixed denominator is massive\"\n"
"From remote kernel:"
"\"PASS: \"\"ordinary real term is fully evaluated\"\n"
"From remote kernel:"
"\"PASS: \"\"massive angular denominator stays separated at the soft endpoint\"\n"
"From remote kernel:"
"\"PASS: \"\"mixed angular endpoint approach follows from its domain\"\n"
"From remote kernel:"
"\"PASS: \"\"inverted dilogarithm arguments are negative on the real domain\"\n"
"From remote kernel:"
"\"PASS: \"\"inverse hyperbolic logarithms preserve derivative and anchor\"\n"
"From remote kernel:"
"\"PASS: \"\"ordinary real term is fully evaluated\"\n"
"From remote kernel:"
"\"PASS: \"\"massive angular denominator stays separated at the soft endpoint\"\n"
"From remote kernel:"
"\"PASS: \"\"mixed angular endpoint approach follows from its domain\"\n"
"From remote kernel:"
"\"PASS: \"\"inverted dilogarithm arguments are negative on the real domain\"\n"
"From remote kernel:"
"\"PASS: \"\"inverse hyperbolic logarithms preserve derivative and anchor\"\n"
"From remote kernel:"
"\"PASS: \"\"soft expansion is a Laurent series\"\n"
"From remote kernel:"
"\"PASS: \"\"soft series covers the requested pole order\"\n"
"From remote kernel:"
"\"PASS: \"\"massive angular denominator stays separated at the soft endpoint\"\n"
"From remote kernel:"
"\"PASS: \"\"mixed angular endpoint approach follows from its domain\"\n"
"From remote kernel:"
"\"PASS: \"\"inverted dilogarithm arguments are negative on the real domain\"\n"
"From remote kernel:"
"\"PASS: \"\"inverse hyperbolic logarithms preserve derivative and anchor\"\n"
"From remote kernel:"
"\"PASS: \"\"soft expansion is a Laurent series\"\n"
"From remote kernel:"
"\"PASS: \"\"soft series covers the requested pole order\"\n"
"From remote kernel:"
"\"RealSame_Charge0__Ppp\"\" real term \"107\"/\"143\"; memory = \"252376768\n"
"From remote kernel:"
"\"PASS: \"\"soft expansion is a Laurent series\"\n"
MONITOR_HEARTBEAT elapsed=151s rss=3081.0MiB peak=3090.8MiB
"From remote kernel:"
"\"PASS: \"\"soft series covers the requested pole order\"\n"
"From remote kernel:"
"\"PASS: \"\"massive angular denominator stays separated at the soft endpoint\"\n"
"From remote kernel:"
"\"PASS: \"\"mixed angular endpoint approach follows from its domain\"\n"
"From remote kernel:"
"\"PASS: \"\"inverted dilogarithm arguments are negative on the real domain\"\n"
"From remote kernel:"
"\"PASS: \"\"inverse hyperbolic logarithms preserve derivative and anchor\"\n"
"From remote kernel:"
"\"PASS: \"\"soft expansion is a Laurent series\"\n"
"From remote kernel:"
"\"PASS: \"\"soft series covers the requested pole order\"\n"
"From remote kernel:"
"\"PASS: \"\"massive angular denominator stays separated at the soft endpoint\"\n"
"From remote kernel:"
"\"PASS: \"\"mixed angular endpoint approach follows from its domain\"\n"
"From remote kernel:"
"\"PASS: \"\"inverted dilogarithm arguments are negative on the real domain\"\n"
"From remote kernel:"
"\"PASS: \"\"inverse hyperbolic logarithms preserve derivative and anchor\"\n"
"From remote kernel:"
"\"PASS: \"\"soft expansion is a Laurent series\"\n"
"From remote kernel:"
"\"PASS: \"\"soft series covers the requested pole order\"\n"
"From remote kernel:"
"\"PASS: \"\"massive angular denominator stays separated at the soft endpoint\"\n"
"From remote kernel:"
"\"PASS: \"\"mixed angular endpoint approach follows from its domain\"\n"
"From remote kernel:"
"\"PASS: \"\"inverted dilogarithm arguments are negative on the real domain\"\n"
"From remote kernel:"
"\"PASS: \"\"inverse hyperbolic logarithms preserve derivative and anchor\"\n"
"From remote kernel:"
"\"PASS: \"\"ordinary real term is fully evaluated\"\n"
"From remote kernel:"
"\"PASS: \"\"massive angular denominator stays separated at the soft endpoint\"\n"
"From remote kernel:"
"\"PASS: \"\"ordinary real term is fully evaluated\"\n"
"From remote kernel:"
"\"PASS: \"\"massive angular denominator stays separated at the soft endpoint\"\n"
"From remote kernel:"
"\"PASS: \"\"mixed angular endpoint approach follows from its domain\"\n"
"From remote kernel:"
"\"PASS: \"\"inverted dilogarithm arguments are negative on the real domain\"\n"
"From remote kernel:"
"\"PASS: \"\"inverse hyperbolic logarithms preserve derivative and anchor\"\n"
"From remote kernel:"
"\"PASS: \"\"soft expansion is a Laurent series\"\n"
"From remote kernel:"
"\"PASS: \"\"soft series covers the requested pole order\"\n"
"From remote kernel:"
"\"RealSame_Charge0__Ppp\"\" real term \"108\"/\"143\"; memory = \"251464456\n"
"From remote kernel:"
"\"PASS: \"\"soft expansion is a Laurent series\"\n"
"From remote kernel:"
"\"PASS: \"\"soft series covers the requested pole order\"\n"
"From remote kernel:"
"\"RealSame_Charge0__Ppp\"\" real term \"109\"/\"143\"; memory = \"270082896\n"
"From remote kernel:"
"\"PASS: \"\"ordinary real term is fully evaluated\"\n"
"From remote kernel:"
"\"PASS: \"\"massive angular denominator stays separated at the soft endpoint\"\n"
"From remote kernel:"
"\"PASS: \"\"soft expansion is a Laurent series\"\n"
"From remote kernel:"
"\"PASS: \"\"soft series covers the requested pole order\"\n"
"From remote kernel:"
"\"PASS: \"\"massive angular denominator stays separated at the soft endpoint\"\n"
"From remote kernel:"
"\"PASS: \"\"soft expansion is a Laurent series\"\n"
"From remote kernel:"
"\"PASS: \"\"soft series covers the requested pole order\"\n"
"From remote kernel:"
"\"RealSame_Charge0__Ppp\"\" real term \"110\"/\"143\"; memory = \"270122032\n"
"From remote kernel:"
"\"PASS: \"\"ordinary real term is fully evaluated\"\n"
"From remote kernel:"
"\"PASS: \"\"massive angular denominator stays separated at the soft endpoint\"\n"
"From remote kernel:"
"\"PASS: \"\"soft expansion is a Laurent series\"\n"
"From remote kernel:"
"\"PASS: \"\"soft series covers the requested pole order\"\n"
"From remote kernel:"
"\"PASS: \"\"massive angular denominator stays separated at the soft endpoint\"\n"
"From remote kernel:"
"\"PASS: \"\"soft expansion is a Laurent series\"\n"
"From remote kernel:"
"\"PASS: \"\"soft series covers the requested pole order\"\n"
"From remote kernel:"
"\"RealSame_Charge0__Ppp\"\" real term \"111\"/\"143\"; memory = \"214004496\n"
"From remote kernel:"
"\"PASS: \"\"ordinary real term is fully evaluated\"\n"
"From remote kernel:"
"\"PASS: \"\"massive angular denominator stays separated at the soft endpoint\"\n"
"From remote kernel:"
"\"PASS: \"\"soft expansion is a Laurent series\"\n"
"From remote kernel:"
"\"PASS: \"\"soft series covers the requested pole order\"\n"
"From remote kernel:"
"\"PASS: \"\"massive angular denominator stays separated at the soft endpoint\"\n"
"From remote kernel:"
"\"PASS: \"\"soft expansion is a Laurent series\"\n"
"From remote kernel:"
"\"PASS: \"\"soft series covers the requested pole order\"\n"
"From remote kernel:"
"\"RealSame_Charge0__Ppp\"\" real term \"112\"/\"143\"; memory = \"214316736\n"
"From remote kernel:"
"\"PASS: \"\"soft expansion is a Laurent series\"\n"
"From remote kernel:"
"\"PASS: \"\"soft series covers the requested pole order\"\n"
"From remote kernel:"
"\"RealSame_Charge0__Ppp\"\" real term \"113\"/\"143\"; memory = \"284004608\n"
"From remote kernel:"
"\"PASS: \"\"ordinary real term is fully evaluated\"\n"
"From remote kernel:"
"\"PASS: \"\"massive angular denominator stays separated at the soft endpoint\"\n"
"From remote kernel:"
"\"PASS: \"\"mixed angular endpoint approach follows from its domain\"\n"
"From remote kernel:"
"\"PASS: \"\"inverted dilogarithm arguments are negative on the real domain\"\n"
"From remote kernel:"
"\"PASS: \"\"inverse hyperbolic logarithms preserve derivative and anchor\"\n"
"From remote kernel:"
"\"PASS: \"\"one mixed denominator is massive\"\n"
"From remote kernel:"
"\"PASS: \"\"one mixed denominator is massive\"\n"
"From remote kernel:"
"\"PASS: \"\"ordinary real term is fully evaluated\"\n"
"From remote kernel:"
"\"PASS: \"\"massive angular denominator stays separated at the soft endpoint\"\n"
"From remote kernel:"
"\"PASS: \"\"soft expansion is a Laurent series\"\n"
"From remote kernel:"
"\"PASS: \"\"soft series covers the requested pole order\"\n"
"From remote kernel:"
"\"PASS: \"\"massive angular denominator stays separated at the soft endpoint\"\n"
"From remote kernel:"
"\"PASS: \"\"soft expansion is a Laurent series\"\n"
"From remote kernel:"
"\"PASS: \"\"soft series covers the requested pole order\"\n"
"From remote kernel:"
"\"RealSame_Charge0__Ppp\"\" real term \"114\"/\"143\"; memory = \"284080968\n"
"From remote kernel:"
"\"PASS: \"\"soft expansion is a Laurent series\"\n"
"From remote kernel:"
"\"PASS: \"\"soft series covers the requested pole order\"\n"
"From remote kernel:"
"\"PASS: \"\"massive angular denominator stays separated at the soft endpoint\"\n"
"From remote kernel:"
"\"PASS: \"\"soft expansion is a Laurent series\"\n"
"From remote kernel:"
"\"PASS: \"\"soft series covers the requested pole order\"\n"
"From remote kernel:"
"\"PASS: \"\"massive angular denominator stays separated at the soft endpoint\"\n"
"From remote kernel:"
"\"PASS: \"\"mixed angular endpoint approach follows from its domain\"\n"
"From remote kernel:"
"\"PASS: \"\"inverted dilogarithm arguments are negative on the real domain\"\n"
"From remote kernel:"
"\"PASS: \"\"inverse hyperbolic logarithms preserve derivative and anchor\"\n"
"From remote kernel:"
"\"PASS: \"\"soft expansion is a Laurent series\"\n"
"From remote kernel:"
"\"PASS: \"\"soft series covers the requested pole order\"\n"
"From remote kernel:"
"\"RealSame_Charge0__Ppp\"\" real term \"115\"/\"143\"; memory = \"214008016\n"
"From remote kernel:"
"\"PASS: \"\"one mixed denominator is massive\"\n"
"From remote kernel:"
"\"PASS: \"\"ordinary real term is fully evaluated\"\n"
"From remote kernel:"
"\"PASS: \"\"massive angular denominator stays separated at the soft endpoint\"\n"
"From remote kernel:"
"\"PASS: \"\"soft expansion is a Laurent series\"\n"
"From remote kernel:"
"\"PASS: \"\"soft series covers the requested pole order\"\n"
"From remote kernel:"
"\"PASS: \"\"massive angular denominator stays separated at the soft endpoint\"\n"
"From remote kernel:"
"\"PASS: \"\"soft expansion is a Laurent series\"\n"
"From remote kernel:"
"\"PASS: \"\"soft series covers the requested pole order\"\n"
"From remote kernel:"
"\"RealSame_Charge0__Ppp\"\" real term \"116\"/\"143\"; memory = \"215075560\n"
"From remote kernel:"
"\"PASS: \"\"ordinary real term is fully evaluated\"\n"
"From remote kernel:"
"\"PASS: \"\"massive angular denominator stays separated at the soft endpoint\"\n"
"From remote kernel:"
"\"PASS: \"\"soft expansion is a Laurent series\"\n"
"From remote kernel:"
"\"PASS: \"\"soft series covers the requested pole order\"\n"
"From remote kernel:"
"\"PASS: \"\"massive angular denominator stays separated at the soft endpoint\"\n"
"From remote kernel:"
"\"PASS: \"\"soft expansion is a Laurent series\"\n"
"From remote kernel:"
"\"PASS: \"\"soft series covers the requested pole order\"\n"
"From remote kernel:"
"\"PASS: \"\"ordinary real term is fully evaluated\"\n"
"From remote kernel:"
"\"PASS: \"\"massive angular denominator stays separated at the soft endpoint\"\n"
"From remote kernel:"
"\"RealSame_Charge0__Ppp\"\" real term \"117\"/\"143\"; memory = \"215559696\n"
"From remote kernel:"
"\"PASS: \"\"soft expansion is a Laurent series\"\n"
"From remote kernel:"
"\"PASS: \"\"soft series covers the requested pole order\"\n"
"From remote kernel:"
"\"RealSame_Charge0__Ppp\"\" real term \"118\"/\"143\"; memory = \"257849096\n"
"From remote kernel:"
"\"PASS: \"\"one mixed denominator is massive\"\n"
"From remote kernel:"
"\"PASS: \"\"ordinary real term is fully evaluated\"\n"
"From remote kernel:"
"\"PASS: \"\"massive angular denominator stays separated at the soft endpoint\"\n"
"From remote kernel:"
"\"PASS: \"\"soft expansion is a Laurent series\"\n"
"From remote kernel:"
"\"PASS: \"\"soft series covers the requested pole order\"\n"
"From remote kernel:"
"\"PASS: \"\"massive angular denominator stays separated at the soft endpoint\"\n"
"From remote kernel:"
"\"PASS: \"\"soft expansion is a Laurent series\"\n"
"From remote kernel:"
"\"PASS: \"\"soft series covers the requested pole order\"\n"
"From remote kernel:"
"\"RealSame_Charge0__Ppp\"\" real term \"119\"/\"143\"; memory = \"257815712\n"
"From remote kernel:"
"\"PASS: \"\"ordinary real term is fully evaluated\"\n"
"From remote kernel:"
"\"PASS: \"\"massive angular denominator stays separated at the soft endpoint\"\n"
"From remote kernel:"
"\"PASS: \"\"soft expansion is a Laurent series\"\n"
"From remote kernel:"
"\"PASS: \"\"soft series covers the requested pole order\"\n"
"From remote kernel:"
"\"PASS: \"\"massive angular denominator stays separated at the soft endpoint\"\n"
"From remote kernel:"
"\"PASS: \"\"soft expansion is a Laurent series\"\n"
"From remote kernel:"
"\"PASS: \"\"soft series covers the requested pole order\"\n"
"From remote kernel:"
"\"RealSame_Charge0__Ppp\"\" real term \"120\"/\"143\"; memory = \"258246504\n"
"From remote kernel:"
"\"PASS: \"\"ordinary real term is fully evaluated\"\n"
"From remote kernel:"
"\"PASS: \"\"massive angular denominator stays separated at the soft endpoint\"\n"
"From remote kernel:"
"\"PASS: \"\"soft expansion is a Laurent series\"\n"
"From remote kernel:"
"\"PASS: \"\"soft series covers the requested pole order\"\n"
"From remote kernel:"
"\"PASS: \"\"massive angular denominator stays separated at the soft endpoint\"\n"
"From remote kernel:"
"\"PASS: \"\"soft expansion is a Laurent series\"\n"
"From remote kernel:"
"\"PASS: \"\"soft series covers the requested pole order\"\n"
"From remote kernel:"
"\"RealSame_Charge0__Ppp\"\" real term \"121\"/\"143\"; memory = \"213798912\n"
"From remote kernel:"
"\"PASS: \"\"ordinary real term is fully evaluated\"\n"
"From remote kernel:"
"\"PASS: \"\"massive angular denominator stays separated at the soft endpoint\"\n"
"From remote kernel:"
"\"PASS: \"\"ordinary real term is fully evaluated\"\n"
"From remote kernel:"
"\"PASS: \"\"massive angular denominator stays separated at the soft endpoint\"\n"
"From remote kernel:"
"\"PASS: \"\"soft expansion is a Laurent series\"\n"
"From remote kernel:"
"\"PASS: \"\"soft series covers the requested pole order\"\n"
"From remote kernel:"
"\"RealSame_Charge0__Ppp\"\" real term \"122\"/\"143\"; memory = \"296324328\n"
"From remote kernel:"
"\"PASS: \"\"one mixed denominator is massive\"\n"
"From remote kernel:"
"\"PASS: \"\"ordinary real term is fully evaluated\"\n"
"From remote kernel:"
"\"PASS: \"\"massive angular denominator stays separated at the soft endpoint\"\n"
"From remote kernel:"
"\"PASS: \"\"soft expansion is a Laurent series\"\n"
"From remote kernel:"
"\"PASS: \"\"soft series covers the requested pole order\"\n"
"From remote kernel:"
"\"PASS: \"\"massive angular denominator stays separated at the soft endpoint\"\n"
"From remote kernel:"
"\"PASS: \"\"soft expansion is a Laurent series\"\n"
"From remote kernel:"
"\"PASS: \"\"soft series covers the requested pole order\"\n"
"From remote kernel:"
"\"RealSame_Charge0__Ppp\"\" real term \"123\"/\"143\"; memory = \"295367072\n"
"From remote kernel:"
"\"PASS: \"\"soft expansion is a Laurent series\"\n"
"From remote kernel:"
"\"PASS: \"\"soft series covers the requested pole order\"\n"
"From remote kernel:"
"\"PASS: \"\"massive angular denominator stays separated at the soft endpoint\"\n"
"From remote kernel:"
"\"PASS: \"\"mixed angular endpoint approach follows from its domain\"\n"
"From remote kernel:"
"\"PASS: \"\"ordinary real term is fully evaluated\"\n"
"From remote kernel:"
"\"PASS: \"\"inverted dilogarithm arguments are negative on the real domain\"\n"
"From remote kernel:"
"\"PASS: \"\"inverse hyperbolic logarithms preserve derivative and anchor\"\n"
"From remote kernel:"
"\"PASS: \"\"massive angular denominator stays separated at the soft endpoint\"\n"
"From remote kernel:"
"\"PASS: \"\"soft expansion is a Laurent series\"\n"
"From remote kernel:"
"\"PASS: \"\"soft series covers the requested pole order\"\n"
"From remote kernel:"
"\"PASS: \"\"massive angular denominator stays separated at the soft endpoint\"\n"
"From remote kernel:"
"\"PASS: \"\"soft expansion is a Laurent series\"\n"
"From remote kernel:"
"\"PASS: \"\"soft series covers the requested pole order\"\n"
"From remote kernel:"
"\"RealSame_Charge0__Ppp\"\" real term \"124\"/\"143\"; memory = \"296133712\n"
"From remote kernel:"
"\"PASS: \"\"ordinary real term is fully evaluated\"\n"
"From remote kernel:"
"\"PASS: \"\"massive angular denominator stays separated at the soft endpoint\"\n"
"From remote kernel:"
"\"PASS: \"\"soft expansion is a Laurent series\"\n"
"From remote kernel:"
"\"PASS: \"\"soft series covers the requested pole order\"\n"
"From remote kernel:"
"\"PASS: \"\"massive angular denominator stays separated at the soft endpoint\"\n"
"From remote kernel:"
"\"PASS: \"\"soft expansion is a Laurent series\"\n"
"From remote kernel:"
"\"PASS: \"\"soft series covers the requested pole order\"\n"
"From remote kernel:"
"\"RealSame_Charge0__Ppp\"\" real term \"125\"/\"143\"; memory = \"297089832\n"
"From remote kernel:"
"\"PASS: \"\"soft expansion is a Laurent series\"\n"
"From remote kernel:"
"\"PASS: \"\"soft series covers the requested pole order\"\n"
"From remote kernel:"
"\"PASS: \"\"massive angular denominator stays separated at the soft endpoint\"\n"
"From remote kernel:"
"\"PASS: \"\"ordinary real term is fully evaluated\"\n"
"From remote kernel:"
"\"PASS: \"\"massive angular denominator stays separated at the soft endpoint\"\n"
"From remote kernel:"
"\"PASS: \"\"soft expansion is a Laurent series\"\n"
"From remote kernel:"
"\"PASS: \"\"soft series covers the requested pole order\"\n"
"From remote kernel:"
"\"PASS: \"\"massive angular denominator stays separated at the soft endpoint\"\n"
"From remote kernel:"
"\"PASS: \"\"soft expansion is a Laurent series\"\n"
"From remote kernel:"
"\"PASS: \"\"soft series covers the requested pole order\"\n"
"From remote kernel:"
"\"PASS: \"\"massive angular denominator stays separated at the soft endpoint\"\n"
"From remote kernel:"
"\"PASS: \"\"ordinary real term is fully evaluated\"\n"
"From remote kernel:"
"\"PASS: \"\"massive angular denominator stays separated at the soft endpoint\"\n"
"From remote kernel:"
"\"PASS: \"\"mixed angular endpoint approach follows from its domain\"\n"
"From remote kernel:"
"\"PASS: \"\"inverted dilogarithm arguments are negative on the real domain\"\n"
"From remote kernel:"
"\"PASS: \"\"inverse hyperbolic logarithms preserve derivative and anchor\"\n"
"From remote kernel:"
"\"PASS: \"\"soft expansion is a Laurent series\"\n"
"From remote kernel:"
"\"PASS: \"\"soft series covers the requested pole order\"\n"
"From remote kernel:"
"\"RealSame_Charge0__Ppp\"\" real term \"126\"/\"143\"; memory = \"289778272\n"
"From remote kernel:"
"\"PASS: \"\"one mixed denominator is massive\"\n"
"From remote kernel:"
"\"PASS: \"\"ordinary real term is fully evaluated\"\n"
"From remote kernel:"
"\"PASS: \"\"massive angular denominator stays separated at the soft endpoint\"\n"
"From remote kernel:"
"\"PASS: \"\"soft expansion is a Laurent series\"\n"
"From remote kernel:"
"\"PASS: \"\"soft series covers the requested pole order\"\n"
"From remote kernel:"
"\"RealSame_Charge0__Ppp\"\" real term \"127\"/\"143\"; memory = \"259541800\n"
"From remote kernel:"
"\"PASS: \"\"soft expansion is a Laurent series\"\n"
"From remote kernel:"
"\"PASS: \"\"soft series covers the requested pole order\"\n"
"From remote kernel:"
"\"RealSame_Charge0__Ppp\"\" real term \"128\"/\"143\"; memory = \"223888184\n"
"From remote kernel:"
"\"PASS: \"\"soft expansion is a Laurent series\"\n"
"From remote kernel:"
"\"PASS: \"\"soft series covers the requested pole order\"\n"
"From remote kernel:"
"\"PASS: \"\"one mixed denominator is massive\"\n"
"From remote kernel:"
"\"RealSame_Charge0__Ppp\"\" real term \"129\"/\"143\"; memory = \"220013352\n"
"From remote kernel:"
"\"PASS: \"\"ordinary real term is fully evaluated\"\n"
"From remote kernel:"
"\"PASS: \"\"massive angular denominator stays separated at the soft endpoint\"\n"
"From remote kernel:"
"\"PASS: \"\"mixed angular endpoint approach follows from its domain\"\n"
"From remote kernel:"
"\"PASS: \"\"inverted dilogarithm arguments are negative on the real domain\"\n"
"From remote kernel:"
"\"PASS: \"\"inverse hyperbolic logarithms preserve derivative and anchor\"\n"
"From remote kernel:"
"\"PASS: \"\"soft expansion is a Laurent series\"\n"
"From remote kernel:"
"\"PASS: \"\"soft series covers the requested pole order\"\n"
"From remote kernel:"
"\"PASS: \"\"massive angular denominator stays separated at the soft endpoint\"\n"
"From remote kernel:"
"\"PASS: \"\"mixed angular endpoint approach follows from its domain\"\n"
"From remote kernel:"
"\"PASS: \"\"inverted dilogarithm arguments are negative on the real domain\"\n"
"From remote kernel:"
"\"PASS: \"\"inverse hyperbolic logarithms preserve derivative and anchor\"\n"
"From remote kernel:"
"\"PASS: \"\"soft expansion is a Laurent series\"\n"
"From remote kernel:"
"\"PASS: \"\"soft series covers the requested pole order\"\n"
"From remote kernel:"
"\"RealSame_Charge0__Ppp\"\" real term \"130\"/\"143\"; memory = \"220712800\n"
"From remote kernel:"
"\"PASS: \"\"soft expansion is a Laurent series\"\n"
"From remote kernel:"
"\"PASS: \"\"soft series covers the requested pole order\"\n"
"From remote kernel:"
"\"PASS: \"\"massive angular denominator stays separated at the soft endpoint\"\n"
"From remote kernel:"
"\"PASS: \"\"mixed angular endpoint approach follows from its domain\"\n"
"From remote kernel:"
"\"PASS: \"\"inverted dilogarithm arguments are negative on the real domain\"\n"
"From remote kernel:"
"\"PASS: \"\"inverse hyperbolic logarithms preserve derivative and anchor\"\n"
"From remote kernel:"
"\"PASS: \"\"ordinary real term is fully evaluated\"\n"
"From remote kernel:"
"\"PASS: \"\"massive angular denominator stays separated at the soft endpoint\"\n"
"From remote kernel:"
"\"PASS: \"\"mixed angular endpoint approach follows from its domain\"\n"
"From remote kernel:"
"\"PASS: \"\"inverted dilogarithm arguments are negative on the real domain\"\n"
"From remote kernel:"
"\"PASS: \"\"soft expansion is a Laurent series\"\n"
"From remote kernel:"
"\"PASS: \"\"soft series covers the requested pole order\"\n"
"From remote kernel:"
"\"PASS: \"\"massive angular denominator stays separated at the soft endpoint\"\n"
"From remote kernel:"
"\"PASS: \"\"ordinary real term is fully evaluated\"\n"
"From remote kernel:"
"\"PASS: \"\"massive angular denominator stays separated at the soft endpoint\"\n"
"From remote kernel:"
"\"PASS: \"\"ordinary real term is fully evaluated\"\n"
"From remote kernel:"
"\"PASS: \"\"massive angular denominator stays separated at the soft endpoint\"\n"
"From remote kernel:"
"\"PASS: \"\"mixed angular endpoint approach follows from its domain\"\n"
"From remote kernel:"
"\"PASS: \"\"inverted dilogarithm arguments are negative on the real domain\"\n"
"From remote kernel:"
"\"PASS: \"\"inverse hyperbolic logarithms preserve derivative and anchor\"\n"
"From remote kernel:"
"\"PASS: \"\"soft expansion is a Laurent series\"\n"
"From remote kernel:"
"\"PASS: \"\"soft series covers the requested pole order\"\n"
"From remote kernel:"
"\"RealSame_Charge0__Ppp\"\" real term \"131\"/\"143\"; memory = \"276081648\n"
"From remote kernel:"
"\"PASS: \"\"soft expansion is a Laurent series\"\n"
"From remote kernel:"
"\"PASS: \"\"soft series covers the requested pole order\"\n"
"From remote kernel:"
"\"PASS: \"\"massive angular denominator stays separated at the soft endpoint\"\n"
"From remote kernel:"
"\"PASS: \"\"mixed angular endpoint approach follows from its domain\"\n"
"From remote kernel:"
"\"PASS: \"\"inverted dilogarithm arguments are negative on the real domain\"\n"
"From remote kernel:"
"\"PASS: \"\"soft expansion is a Laurent series\"\n"
"From remote kernel:"
"\"PASS: \"\"soft series covers the requested pole order\"\n"
"From remote kernel:"
"\"RealSame_Charge0__Ppp\"\" real term \"132\"/\"143\"; memory = \"237408080\n"
"From remote kernel:"
"\"PASS: \"\"soft expansion is a Laurent series\"\n"
"From remote kernel:"
"\"PASS: \"\"soft series covers the requested pole order\"\n"
"From remote kernel:"
"\"PASS: \"\"massive angular denominator stays separated at the soft endpoint\"\n"
"From remote kernel:"
"\"PASS: \"\"ordinary real term is fully evaluated\"\n"
"From remote kernel:"
"\"PASS: \"\"massive angular denominator stays separated at the soft endpoint\"\n"
"From remote kernel:"
"\"PASS: \"\"soft expansion is a Laurent series\"\n"
"From remote kernel:"
"\"PASS: \"\"soft series covers the requested pole order\"\n"
"From remote kernel:"
"\"PASS: \"\"massive angular denominator stays separated at the soft endpoint\"\n"
"From remote kernel:"
"\"PASS: \"\"soft expansion is a Laurent series\"\n"
"From remote kernel:"
"\"PASS: \"\"soft series covers the requested pole order\"\n"
"From remote kernel:"
"\"RealSame_Charge0__Ppp\"\" real term \"133\"/\"143\"; memory = \"233582200\n"
"From remote kernel:"
"\"PASS: \"\"ordinary real term is fully evaluated\"\n"
"From remote kernel:"
"\"PASS: \"\"massive angular denominator stays separated at the soft endpoint\"\n"
"From remote kernel:"
"\"PASS: \"\"mixed angular endpoint approach follows from its domain\"\n"
"From remote kernel:"
"\"PASS: \"\"ordinary real term is fully evaluated\"\n"
"From remote kernel:"
"\"PASS: \"\"inverted dilogarithm arguments are negative on the real domain\"\n"
"From remote kernel:"
"\"PASS: \"\"massive angular denominator stays separated at the soft endpoint\"\n"
"From remote kernel:"
"\"PASS: \"\"inverse hyperbolic logarithms preserve derivative and anchor\"\n"
"From remote kernel:"
"\"PASS: \"\"soft expansion is a Laurent series\"\n"
"From remote kernel:"
"\"PASS: \"\"soft series covers the requested pole order\"\n"
"From remote kernel:"
"\"PASS: \"\"massive angular denominator stays separated at the soft endpoint\"\n"
"From remote kernel:"
"\"PASS: \"\"soft expansion is a Laurent series\"\n"
"From remote kernel:"
"\"PASS: \"\"soft series covers the requested pole order\"\n"
"From remote kernel:"
"\"RealSame_Charge0__Ppp\"\" real term \"134\"/\"143\"; memory = \"295278040\n"
"From remote kernel:"
"\"PASS: \"\"one mixed denominator is massive\"\n"
"From remote kernel:"
"\"PASS: \"\"soft expansion is a Laurent series\"\n"
"From remote kernel:"
"\"PASS: \"\"soft series covers the requested pole order\"\n"
"From remote kernel:"
"\"RealSame_Charge0__Ppp\"\" real term \"135\"/\"143\"; memory = \"234134976\n"
"From remote kernel:"
"\"PASS: \"\"ordinary real term is fully evaluated\"\n"
"From remote kernel:"
"\"PASS: \"\"massive angular denominator stays separated at the soft endpoint\"\n"
"From remote kernel:"
"\"PASS: \"\"soft expansion is a Laurent series\"\n"
"From remote kernel:"
"\"PASS: \"\"soft series covers the requested pole order\"\n"
"From remote kernel:"
"\"PASS: \"\"massive angular denominator stays separated at the soft endpoint\"\n"
"From remote kernel:"
"\"PASS: \"\"soft expansion is a Laurent series\"\n"
"From remote kernel:"
"\"PASS: \"\"soft series covers the requested pole order\"\n"
"From remote kernel:"
"\"RealSame_Charge0__Ppp\"\" real term \"136\"/\"143\"; memory = \"234176392\n"
"From remote kernel:"
"\"PASS: \"\"soft expansion is a Laurent series\"\n"
"From remote kernel:"
"\"PASS: \"\"soft series covers the requested pole order\"\n"
"From remote kernel:"
"\"PASS: \"\"soft expansion is a Laurent series\"\n"
"From remote kernel:"
"\"PASS: \"\"massive angular denominator stays separated at the soft endpoint\"\n"
"From remote kernel:"
"\"PASS: \"\"soft series covers the requested pole order\"\n"
"From remote kernel:"
"\"PASS: \"\"mixed angular endpoint approach follows from its domain\"\n"
"From remote kernel:"
"\"PASS: \"\"massive angular denominator stays separated at the soft endpoint\"\n"
"From remote kernel:"
"\"PASS: \"\"inverted dilogarithm arguments are negative on the real domain\"\n"
"From remote kernel:"
"\"PASS: \"\"inverse hyperbolic logarithms preserve derivative and anchor\"\n"
"From remote kernel:"
"\"PASS: \"\"ordinary real term is fully evaluated\"\n"
"From remote kernel:"
"\"PASS: \"\"massive angular denominator stays separated at the soft endpoint\"\n"
"From remote kernel:"
"\"PASS: \"\"ordinary real term is fully evaluated\"\n"
"From remote kernel:"
"\"PASS: \"\"massive angular denominator stays separated at the soft endpoint\"\n"
"From remote kernel:"
"\"PASS: \"\"mixed angular endpoint approach follows from its domain\"\n"
"From remote kernel:"
"\"PASS: \"\"inverted dilogarithm arguments are negative on the real domain\"\n"
"From remote kernel:"
"\"PASS: \"\"inverse hyperbolic logarithms preserve derivative and anchor\"\n"
"From remote kernel:"
"\"PASS: \"\"ordinary real term is fully evaluated\"\n"
"From remote kernel:"
"\"PASS: \"\"massive angular denominator stays separated at the soft endpoint\"\n"
"From remote kernel:"
"\"PASS: \"\"soft expansion is a Laurent series\"\n"
"From remote kernel:"
"\"PASS: \"\"soft series covers the requested pole order\"\n"
"From remote kernel:"
"\"RealSame_Charge0__Ppp\"\" real term \"137\"/\"143\"; memory = \"213888032\n"
"From remote kernel:"
"\"PASS: \"\"ordinary real term is fully evaluated\"\n"
"From remote kernel:"
"\"PASS: \"\"endpoint valuation is rational\"\n"
"From remote kernel:"
"\"PASS: \"\"soft expansion is a Laurent series\"\n"
"From remote kernel:"
"\"PASS: \"\"soft series covers the requested pole order\"\n"
"From remote kernel:"
"\"PASS: \"\"endpoint valuation is rational\"\n"
"From remote kernel:"
"\"PASS: \"\"soft expansion is a Laurent series\"\n"
"From remote kernel:"
"\"PASS: \"\"soft series covers the requested pole order\"\n"
"From remote kernel:"
"\"RealSame_Charge0__Ppp\"\" real term \"138\"/\"143\"; memory = \"214190744\n"
"From remote kernel:"
"\"PASS: \"\"one mixed denominator is massive\"\n"
"From remote kernel:"
"\"PASS: \"\"soft expansion is a Laurent series\"\n"
"From remote kernel:"
"\"PASS: \"\"soft series covers the requested pole order\"\n"
"From remote kernel:"
"\"PASS: \"\"massive angular denominator stays separated at the soft endpoint\"\n"
"From remote kernel:"
"\"PASS: \"\"mixed angular endpoint approach follows from its domain\"\n"
"From remote kernel:"
"\"PASS: \"\"inverted dilogarithm arguments are negative on the real domain\"\n"
"From remote kernel:"
"\"PASS: \"\"inverse hyperbolic logarithms preserve derivative and anchor\"\n"
"From remote kernel:"
"\"PASS: \"\"soft expansion is a Laurent series\"\n"
"From remote kernel:"
"\"PASS: \"\"soft series covers the requested pole order\"\n"
"From remote kernel:"
"\"PASS: \"\"massive angular denominator stays separated at the soft endpoint\"\n"
"From remote kernel:"
"\"PASS: \"\"soft expansion is a Laurent series\"\n"
"From remote kernel:"
"\"PASS: \"\"soft series covers the requested pole order\"\n"
"From remote kernel:"
"\"RealSame_Charge0__Ppp\"\" real term \"139\"/\"143\"; memory = \"271064712\n"
"From remote kernel:"
"\"PASS: \"\"one mixed denominator is massive\"\n"
"From remote kernel:"
"\"PASS: \"\"ordinary real term is fully evaluated\"\n"
"From remote kernel:"
"\"PASS: \"\"massive angular denominator stays separated at the soft endpoint\"\n"
"From remote kernel:"
"\"PASS: \"\"soft expansion is a Laurent series\"\n"
"From remote kernel:"
"\"PASS: \"\"soft expansion is a Laurent series\"\n"
"From remote kernel:"
"\"PASS: \"\"soft series covers the requested pole order\"\n"
"From remote kernel:"
"\"PASS: \"\"soft series covers the requested pole order\"\n"
"From remote kernel:"
"\"PASS: \"\"massive angular denominator stays separated at the soft endpoint\"\n"
"From remote kernel:"
"\"PASS: \"\"massive angular denominator stays separated at the soft endpoint\"\n"
"From remote kernel:"
"\"PASS: \"\"mixed angular endpoint approach follows from its domain\"\n"
"From remote kernel:"
"\"PASS: \"\"inverted dilogarithm arguments are negative on the real domain\"\n"
"From remote kernel:"
"\"PASS: \"\"inverse hyperbolic logarithms preserve derivative and anchor\"\n"
"From remote kernel:"
"\"PASS: \"\"soft expansion is a Laurent series\"\n"
"From remote kernel:"
"\"PASS: \"\"soft series covers the requested pole order\"\n"
"From remote kernel:"
"\"RealSame_Charge0__Ppp\"\" real term \"140\"/\"143\"; memory = \"273836960\n"
"From remote kernel:"
"\"PASS: \"\"soft expansion is a Laurent series\"\n"
"From remote kernel:"
"\"PASS: \"\"soft series covers the requested pole order\"\n"
"From remote kernel:"
"\"PASS: \"\"soft expansion is a Laurent series\"\n"
"From remote kernel:"
"\"RealSame_Charge0__Ppp\"\" real term \"141\"/\"143\"; memory = \"245935136\n"
"From remote kernel:"
"\"PASS: \"\"soft series covers the requested pole order\"\n"
"From remote kernel:"
"\"PASS: \"\"massive angular denominator stays separated at the soft endpoint\"\n"
"From remote kernel:"
"\"PASS: \"\"one mixed denominator is massive\"\n"
"From remote kernel:"
"\"PASS: \"\"ordinary real term is fully evaluated\"\n"
"From remote kernel:"
"\"PASS: \"\"massive angular denominator stays separated at the soft endpoint\"\n"
"From remote kernel:"
"\"PASS: \"\"soft expansion is a Laurent series\"\n"
"From remote kernel:"
"\"PASS: \"\"soft series covers the requested pole order\"\n"
"From remote kernel:"
"\"PASS: \"\"massive angular denominator stays separated at the soft endpoint\"\n"
"From remote kernel:"
"\"PASS: \"\"soft expansion is a Laurent series\"\n"
"From remote kernel:"
"\"PASS: \"\"soft series covers the requested pole order\"\n"
"From remote kernel:"
"\"RealSame_Charge0__Ppp\"\" real term \"142\"/\"143\"; memory = \"246678768\n"
"From remote kernel:"
"\"PASS: \"\"soft expansion is a Laurent series\"\n"
"From remote kernel:"
"\"PASS: \"\"soft series covers the requested pole order\"\n"
"From remote kernel:"
"\"RealSame_Charge0__Ppp\"\" real term \"143\"/\"143\"; memory = \"312921320\n"
"From remote kernel:"
"\"PASS: \"\"ordinary real term is fully evaluated\"\n"
"From remote kernel:"
"\"PASS: \"\"one mixed denominator is massive\"\n"
"From remote kernel:"
"\"PASS: \"\"massive angular denominator stays separated at the soft endpoint\"\n"
"From remote kernel:"
"\"PASS: \"\"mixed angular endpoint approach follows from its domain\"\n"
"From remote kernel:"
"\"PASS: \"\"inverted dilogarithm arguments are negative on the real domain\"\n"
MONITOR_HEARTBEAT elapsed=181s rss=3172.7MiB peak=3172.7MiB
"From remote kernel:"
"\"PASS: \"\"ordinary real term is fully evaluated\"\n"
"From remote kernel:"
"\"PASS: \"\"massive angular denominator stays separated at the soft endpoint\"\n"
"From remote kernel:"
"\"PASS: \"\"ordinary real term is fully evaluated\"\n"
"From remote kernel:"
"\"PASS: \"\"massive angular denominator stays separated at the soft endpoint\"\n"
"From remote kernel:"
"\"PASS: \"\"mixed angular endpoint approach follows from its domain\"\n"
"From remote kernel:"
"\"PASS: \"\"inverted dilogarithm arguments are negative on the real domain\"\n"
"From remote kernel:"
"\"PASS: \"\"inverse hyperbolic logarithms preserve derivative and anchor\"\n"
"From remote kernel:"
"\"PASS: \"\"soft expansion is a Laurent series\"\n"
"From remote kernel:"
"\"PASS: \"\"soft series covers the requested pole order\"\n"
"From remote kernel:"
"\"PASS: \"\"soft expansion is a Laurent series\"\n"
"From remote kernel:"
"\"PASS: \"\"soft series covers the requested pole order\"\n"
"From remote kernel:"
"\"PASS: \"\"massive angular denominator stays separated at the soft endpoint\"\n"
"From remote kernel:"
"\"PASS: \"\"mixed angular endpoint approach follows from its domain\"\n"
"From remote kernel:"
"\"PASS: \"\"inverted dilogarithm arguments are negative on the real domain\"\n"
"From remote kernel:"
"\"PASS: \"\"ordinary real term is fully evaluated\"\n"
"From remote kernel:"
"\"PASS: \"\"massive angular denominator stays separated at the soft endpoint\"\n"
"From remote kernel:"
"\"PASS: \"\"mixed angular endpoint approach follows from its domain\"\n"
"From remote kernel:"
"\"PASS: \"\"inverted dilogarithm arguments are negative on the real domain\"\n"
"From remote kernel:"
"\"PASS: \"\"inverse hyperbolic logarithms preserve derivative and anchor\"\n"
"From remote kernel:"
"\"PASS: \"\"soft expansion is a Laurent series\"\n"
"From remote kernel:"
"\"PASS: \"\"soft series covers the requested pole order\"\n"
"From remote kernel:"
"\"PASS: \"\"soft expansion is a Laurent series\"\n"
"From remote kernel:"
"\"PASS: \"\"soft series covers the requested pole order\"\n"
"From remote kernel:"
"\"PASS: \"\"massive angular denominator stays separated at the soft endpoint\"\n"
"From remote kernel:"
"\"PASS: \"\"soft expansion is a Laurent series\"\n"
"From remote kernel:"
"\"PASS: \"\"soft series covers the requested pole order\"\n"
"From remote kernel:"
"\"PASS: \"\"soft expansion is a Laurent series\"\n"
"From remote kernel:"
"\"PASS: \"\"soft series covers the requested pole order\"\n"
"From remote kernel:"
"\"PASS: \"\"massive angular denominator stays separated at the soft endpoint\"\n"
"From remote kernel:"
"\"PASS: \"\"mixed angular endpoint approach follows from its domain\"\n"
"From remote kernel:"
"\"PASS: \"\"inverted dilogarithm arguments are negative on the real domain\"\n"
"From remote kernel:"
"\"PASS: \"\"inverse hyperbolic logarithms preserve derivative and anchor\"\n"
"From remote kernel:"
"\"PASS: \"\"soft expansion is a Laurent series\"\n"
"From remote kernel:"
"\"PASS: \"\"soft series covers the requested pole order\"\n"
"From remote kernel:"
"\"PASS: \"\"massive angular denominator stays separated at the soft endpoint\"\n"
"From remote kernel:"
"\"PASS: \"\"mixed angular endpoint approach follows from its domain\"\n"
"From remote kernel:"
"\"PASS: \"\"inverted dilogarithm arguments are negative on the real domain\"\n"
"From remote kernel:"
"\"PASS: \"\"inverse hyperbolic logarithms preserve derivative and anchor\"\n"
"From remote kernel:"
"\"PASS: \"\"soft expansion is a Laurent series\"\n"
"From remote kernel:"
"\"PASS: \"\"soft series covers the requested pole order\"\n"
"From remote kernel:"
"\"PASS: \"\"ordinary real term is fully evaluated\"\n"
"From remote kernel:"
"\"PASS: \"\"massive angular denominator stays separated at the soft endpoint\"\n"
"From remote kernel:"
"\"PASS: \"\"mixed angular endpoint approach follows from its domain\"\n"
"From remote kernel:"
"\"PASS: \"\"inverted dilogarithm arguments are negative on the real domain\"\n"
"From remote kernel:"
"\"PASS: \"\"soft expansion is a Laurent series\"\n"
"From remote kernel:"
"\"PASS: \"\"soft series covers the requested pole order\"\n"
"From remote kernel:"
"\"PASS: \"\"soft expansion is a Laurent series\"\n"
"From remote kernel:"
"\"PASS: \"\"soft series covers the requested pole order\"\n"
"From remote kernel:"
"\"PASS: \"\"soft expansion is a Laurent series\"\n"
"From remote kernel:"
"\"PASS: \"\"soft series covers the requested pole order\"\n"
"From remote kernel:"
"\"PASS: \"\"soft expansion is a Laurent series\"\n"
"From remote kernel:"
"\"PASS: \"\"soft series covers the requested pole order\"\n"
"From remote kernel:"
"\"PASS: \"\"massive angular denominator stays separated at the soft endpoint\"\n"
"From remote kernel:"
"\"PASS: \"\"mixed angular endpoint approach follows from its domain\"\n"
"From remote kernel:"
"\"PASS: \"\"inverted dilogarithm arguments are negative on the real domain\"\n"
"From remote kernel:"
"\"PASS: \"\"soft expansion is a Laurent series\"\n"
"From remote kernel:"
"\"PASS: \"\"soft series covers the requested pole order\"\n"
"PASS: ""RealSame_Charge0__Ppp all real phase-space terms completed"
"RealSame_Charge0__Ppp"" assembling distribution branch "1
"RealSame_Charge0__Ppp"" branch "1" soft group "{1, -1}
"RealSame_Charge0__Ppp"" branch "1" delta coefficient"
"RealSame_Charge0__Ppp"" branch "1" plus coefficients"
"PASS: ""no higher logarithmic plus distribution survives"
"RealSame_Charge0__Ppp"" branch "1" regular remainder"
"RealSame_Charge0__Ppp"" distribution branch "1" saved."
"RealSame_Charge0__Ppp"" assembling distribution branch "-1
"RealSame_Charge0__Ppp"" branch "-1" soft group "{1, -1}
"RealSame_Charge0__Ppp"" branch "-1" delta coefficient"
"RealSame_Charge0__Ppp"" branch "-1" plus coefficients"
"PASS: ""no higher logarithmic plus distribution survives"
"RealSame_Charge0__Ppp"" branch "-1" regular remainder"
"RealSame_Charge0__Ppp"" distribution branch "-1" saved."
"From remote kernel:"
"\"RealDistinct_Charge0__Pg\"\" real term \"3\"/\"6\"; memory = \"265820944\n"
"From remote kernel:"
"\"RealDistinct_Charge0__Pg\"\" real term \"4\"/\"6\"; memory = \"260266920\n"
"From remote kernel:"
"\"RealDistinct_Charge0__Pg\"\" real term \"5\"/\"6\"; memory = \"286763360\n"
"From remote kernel:"
"\"RealDistinct_Charge0__Pg\"\" real term \"6\"/\"6\"; memory = \"298587544\n"
"From remote kernel:"
"\"RealDistinct_Charge0__Pg\"\" real term \"1\"/\"6\"; memory = \"314003408\n"
"From remote kernel:"
"\"RealDistinct_Charge0__Pg\"\" real term \"2\"/\"6\"; memory = \"214240224\n"
"From remote kernel:"
"\"PASS: \"\"ordinary real term is fully evaluated\"\n"
"From remote kernel:"
"\"PASS: \"\"endpoint valuation is rational\"\n"
"From remote kernel:"
"\"PASS: \"\"soft expansion is a Laurent series\"\n"
"From remote kernel:"
"\"PASS: \"\"soft series covers the requested pole order\"\n"
"From remote kernel:"
"\"PASS: \"\"ordinary real term is fully evaluated\"\n"
"From remote kernel:"
"\"PASS: \"\"ordinary real term is fully evaluated\"\n"
"From remote kernel:"
"\"PASS: \"\"endpoint valuation is rational\"\n"
"From remote kernel:"
"\"PASS: \"\"ordinary real term is fully evaluated\"\n"
"From remote kernel:"
"\"PASS: \"\"ordinary real term is fully evaluated\"\n"
"From remote kernel:"
"\"PASS: \"\"endpoint valuation is rational\"\n"
"From remote kernel:"
"\"PASS: \"\"ordinary real term is fully evaluated\"\n"
"From remote kernel:"
"\"PASS: \"\"endpoint valuation is rational\"\n"
"From remote kernel:"
"\"PASS: \"\"endpoint valuation is rational\"\n"
"From remote kernel:"
"\"PASS: \"\"endpoint valuation is rational\"\n"
"From remote kernel:"
"\"PASS: \"\"soft expansion is a Laurent series\"\n"
"From remote kernel:"
"\"PASS: \"\"soft expansion is a Laurent series\"\n"
"From remote kernel:"
"\"PASS: \"\"soft series covers the requested pole order\"\n"
"From remote kernel:"
"\"PASS: \"\"soft series covers the requested pole order\"\n"
"From remote kernel:"
"\"PASS: \"\"soft expansion is a Laurent series\"\n"
"From remote kernel:"
"\"PASS: \"\"soft expansion is a Laurent series\"\n"
"From remote kernel:"
"\"PASS: \"\"soft expansion is a Laurent series\"\n"
"From remote kernel:"
"\"PASS: \"\"soft series covers the requested pole order\"\n"
"From remote kernel:"
"\"PASS: \"\"soft series covers the requested pole order\"\n"
"From remote kernel:"
"\"PASS: \"\"soft series covers the requested pole order\"\n"
"From remote kernel:"
"\"PASS: \"\"soft coefficients contain no recoil variable\"\n"
"From remote kernel:"
"\"PASS: \"\"endpoint valuation is rational\"\n"
"From remote kernel:"
"\"PASS: \"\"soft expansion is a Laurent series\"\n"
"From remote kernel:"
"\"PASS: \"\"soft series covers the requested pole order\"\n"
"From remote kernel:"
"\"PASS: \"\"soft coefficients contain no recoil variable\"\n"
"From remote kernel:"
"\"PASS: \"\"soft coefficients contain no recoil variable\"\n"
"From remote kernel:"
"\"PASS: \"\"soft coefficients contain no recoil variable\"\n"
"From remote kernel:"
"\"PASS: \"\"soft coefficients contain no recoil variable\"\n"
"From remote kernel:"
"\"PASS: \"\"endpoint valuation is rational\"\n"
"From remote kernel:"
"\"PASS: \"\"endpoint valuation is rational\"\n"
"From remote kernel:"
"\"PASS: \"\"soft coefficients contain no recoil variable\"\n"
"From remote kernel:"
"\"PASS: \"\"endpoint valuation is rational\"\n"
"From remote kernel:"
"\"PASS: \"\"soft coefficients contain no recoil variable\"\n"
"From remote kernel:"
"\"PASS: \"\"soft expansion is a Laurent series\"\n"
"From remote kernel:"
"\"PASS: \"\"soft expansion is a Laurent series\"\n"
"From remote kernel:"
"\"PASS: \"\"soft expansion is a Laurent series\"\n"
"From remote kernel:"
"\"PASS: \"\"endpoint valuation is rational\"\n"
"From remote kernel:"
"\"PASS: \"\"endpoint valuation is rational\"\n"
"From remote kernel:"
"\"PASS: \"\"soft series covers the requested pole order\"\n"
"From remote kernel:"
"\"PASS: \"\"soft series covers the requested pole order\"\n"
"From remote kernel:"
"\"PASS: \"\"soft series covers the requested pole order\"\n"
"From remote kernel:"
"\"PASS: \"\"soft expansion is a Laurent series\"\n"
"From remote kernel:"
"\"PASS: \"\"soft expansion is a Laurent series\"\n"
"From remote kernel:"
"\"PASS: \"\"soft series covers the requested pole order\"\n"
"From remote kernel:"
"\"PASS: \"\"soft series covers the requested pole order\"\n"
"From remote kernel:"
"\"PASS: \"\"soft coefficients contain no recoil variable\"\n"
"From remote kernel:"
"\"PASS: \"\"soft coefficients contain no recoil variable\"\n"
"From remote kernel:"
"\"PASS: \"\"soft coefficients contain no recoil variable\"\n"
"From remote kernel:"
"\"PASS: \"\"soft coefficients contain no recoil variable\"\n"
"From remote kernel:"
"\"PASS: \"\"soft coefficients contain no recoil variable\"\n"
"PASS: ""RealDistinct_Charge0__Pg all real phase-space terms completed"
"RealDistinct_Charge0__Pg"" assembling distribution branch "1
"RealDistinct_Charge0__Pg"" branch "1" soft group "{1, -2}
"RealDistinct_Charge0__Pg"" branch "1" soft group "{1, -1}
"Stronger-recoil residual ""RealDistinct_Charge0__Pg"" "1" "{1, -2}": "InputForm[0]
"PASS: ""stronger recoil poles cancel"
"RealDistinct_Charge0__Pg"" branch "1" delta coefficient"
"RealDistinct_Charge0__Pg"" branch "1" plus coefficients"
"PASS: ""no higher logarithmic plus distribution survives"
"RealDistinct_Charge0__Pg"" branch "1" regular remainder"
"RealDistinct_Charge0__Pg"" distribution branch "1" saved."
"RealDistinct_Charge0__Pg"" assembling distribution branch "-1
"RealDistinct_Charge0__Pg"" branch "-1" soft group "{1, -2}
"RealDistinct_Charge0__Pg"" branch "-1" soft group "{1, -1}
"Stronger-recoil residual ""RealDistinct_Charge0__Pg"" "-1" "{1, -2}": "InputForm[0]
"PASS: ""stronger recoil poles cancel"
"RealDistinct_Charge0__Pg"" branch "-1" delta coefficient"
"RealDistinct_Charge0__Pg"" branch "-1" plus coefficients"
"PASS: ""no higher logarithmic plus distribution survives"
"RealDistinct_Charge0__Pg"" branch "-1" regular remainder"
"RealDistinct_Charge0__Pg"" distribution branch "-1" saved."
"PASS: ""RealDistinct_Charge1__Pg all real phase-space terms completed"
"RealDistinct_Charge1__Pg"" assembling distribution branch "1
"RealDistinct_Charge1__Pg"" branch "1" delta coefficient"
"RealDistinct_Charge1__Pg"" branch "1" plus coefficients"
"PASS: ""no higher logarithmic plus distribution survives"
"RealDistinct_Charge1__Pg"" branch "1" regular remainder"
"RealDistinct_Charge1__Pg"" distribution branch "1" saved."
"RealDistinct_Charge1__Pg"" assembling distribution branch "-1
"RealDistinct_Charge1__Pg"" branch "-1" delta coefficient"
"RealDistinct_Charge1__Pg"" branch "-1" plus coefficients"
"PASS: ""no higher logarithmic plus distribution survives"
"RealDistinct_Charge1__Pg"" branch "-1" regular remainder"
"RealDistinct_Charge1__Pg"" distribution branch "-1" saved."
"From remote kernel:"
"\"RealDistinct_Charge2__Pg\"\" real term \"1\"/\"30\"; memory = \"312734136\n"
"From remote kernel:"
"\"RealDistinct_Charge2__Pg\"\" real term \"2\"/\"30\"; memory = \"215511112\n"
"From remote kernel:"
"\"RealDistinct_Charge2__Pg\"\" real term \"3\"/\"30\"; memory = \"266533680\n"
"From remote kernel:"
"\"RealDistinct_Charge2__Pg\"\" real term \"4\"/\"30\"; memory = \"261172632\n"
"From remote kernel:"
"\"RealDistinct_Charge2__Pg\"\" real term \"5\"/\"30\"; memory = \"287443880\n"
"From remote kernel:"
"\"RealDistinct_Charge2__Pg\"\" real term \"6\"/\"30\"; memory = \"298683320\n"
"From remote kernel:"
"\"RealDistinct_Charge2__Pg\"\" real term \"7\"/\"30\"; memory = \"305968960\n"
"From remote kernel:"
"\"RealDistinct_Charge2__Pg\"\" real term \"8\"/\"30\"; memory = \"245900408\n"
"From remote kernel:"
"\"PASS: \"\"one mixed denominator is massive\"\n"
"From remote kernel:"
"\"PASS: \"\"one mixed denominator is massive\"\n"
"From remote kernel:"
"\"PASS: \"\"ordinary real term is fully evaluated\"\n"
"From remote kernel:"
"\"PASS: \"\"massive angular denominator stays separated at the soft endpoint\"\n"
"From remote kernel:"
"\"PASS: \"\"soft expansion is a Laurent series\"\n"
"From remote kernel:"
"\"PASS: \"\"soft series covers the requested pole order\"\n"
"From remote kernel:"
"\"PASS: \"\"ordinary real term is fully evaluated\"\n"
"From remote kernel:"
"\"PASS: \"\"massive angular denominator stays separated at the soft endpoint\"\n"
"From remote kernel:"
"\"PASS: \"\"soft expansion is a Laurent series\"\n"
"From remote kernel:"
"\"PASS: \"\"massive angular denominator stays separated at the soft endpoint\"\n"
"From remote kernel:"
"\"PASS: \"\"soft series covers the requested pole order\"\n"
"From remote kernel:"
"\"PASS: \"\"one mixed denominator is massive\"\n"
"From remote kernel:"
"\"PASS: \"\"one mixed denominator is massive\"\n"
"From remote kernel:"
"\"PASS: \"\"one mixed denominator is massive\"\n"
"From remote kernel:"
"\"PASS: \"\"soft expansion is a Laurent series\"\n"
"From remote kernel:"
"\"RealDistinct_Charge2__Pg\"\" real term \"9\"/\"30\"; memory = \"305966896\n"
"From remote kernel:"
"\"PASS: \"\"ordinary real term is fully evaluated\"\n"
"From remote kernel:"
"\"PASS: \"\"soft series covers the requested pole order\"\n"
"From remote kernel:"
"\"PASS: \"\"ordinary real term is fully evaluated\"\n"
"From remote kernel:"
"\"PASS: \"\"massive angular denominator stays separated at the soft endpoint\"\n"
"From remote kernel:"
"\"PASS: \"\"one mixed denominator is massive\"\n"
"From remote kernel:"
"\"PASS: \"\"massive angular denominator stays separated at the soft endpoint\"\n"
"From remote kernel:"
"\"PASS: \"\"ordinary real term is fully evaluated\"\n"
"From remote kernel:"
"\"PASS: \"\"soft expansion is a Laurent series\"\n"
"From remote kernel:"
"\"PASS: \"\"ordinary real term is fully evaluated\"\n"
"From remote kernel:"
"\"PASS: \"\"soft expansion is a Laurent series\"\n"
"From remote kernel:"
"\"PASS: \"\"massive angular denominator stays separated at the soft endpoint\"\n"
"From remote kernel:"
"\"PASS: \"\"soft series covers the requested pole order\"\n"
"From remote kernel:"
"\"PASS: \"\"ordinary real term is fully evaluated\"\n"
"From remote kernel:"
"\"PASS: \"\"massive angular denominator stays separated at the soft endpoint\"\n"
"From remote kernel:"
"\"PASS: \"\"massive angular denominator stays separated at the soft endpoint\"\n"
"From remote kernel:"
"\"PASS: \"\"soft series covers the requested pole order\"\n"
"From remote kernel:"
"\"PASS: \"\"massive angular denominator stays separated at the soft endpoint\"\n"
"From remote kernel:"
"\"PASS: \"\"soft expansion is a Laurent series\"\n"
"From remote kernel:"
"\"PASS: \"\"massive angular denominator stays separated at the soft endpoint\"\n"
"From remote kernel:"
"\"PASS: \"\"soft expansion is a Laurent series\"\n"
"From remote kernel:"
"\"PASS: \"\"soft expansion is a Laurent series\"\n"
"From remote kernel:"
"\"PASS: \"\"soft series covers the requested pole order\"\n"
"From remote kernel:"
"\"PASS: \"\"soft expansion is a Laurent series\"\n"
"From remote kernel:"
"\"PASS: \"\"soft series covers the requested pole order\"\n"
"From remote kernel:"
"\"RealDistinct_Charge2__Pg\"\" real term \"10\"/\"30\"; memory = \"298598800\n"
"From remote kernel:"
"\"PASS: \"\"soft series covers the requested pole order\"\n"
"From remote kernel:"
"\"PASS: \"\"massive angular denominator stays separated at the soft endpoint\"\n"
"From remote kernel:"
"\"PASS: \"\"soft expansion is a Laurent series\"\n"
"From remote kernel:"
"\"PASS: \"\"one mixed denominator is massive\"\n"
"From remote kernel:"
"\"PASS: \"\"soft series covers the requested pole order\"\n"
"From remote kernel:"
"\"PASS: \"\"massive angular denominator stays separated at the soft endpoint\"\n"
"From remote kernel:"
"\"PASS: \"\"one mixed denominator is massive\"\n"
"From remote kernel:"
"\"PASS: \"\"massive angular denominator stays separated at the soft endpoint\"\n"
"From remote kernel:"
"\"PASS: \"\"soft expansion is a Laurent series\"\n"
"From remote kernel:"
"\"PASS: \"\"soft series covers the requested pole order\"\n"
"From remote kernel:"
"\"PASS: \"\"ordinary real term is fully evaluated\"\n"
"From remote kernel:"
"\"PASS: \"\"soft expansion is a Laurent series\"\n"
"From remote kernel:"
"\"PASS: \"\"soft expansion is a Laurent series\"\n"
"From remote kernel:"
"\"PASS: \"\"soft series covers the requested pole order\"\n"
"From remote kernel:"
"\"PASS: \"\"massive angular denominator stays separated at the soft endpoint\"\n"
"From remote kernel:"
"\"PASS: \"\"soft series covers the requested pole order\"\n"
"From remote kernel:"
"\"PASS: \"\"soft series covers the requested pole order\"\n"
"From remote kernel:"
"\"RealDistinct_Charge2__Pg\"\" real term \"11\"/\"30\"; memory = \"266532800\n"
"From remote kernel:"
"\"RealDistinct_Charge2__Pg\"\" real term \"13\"/\"30\"; memory = \"261254768\n"
"From remote kernel:"
"\"RealDistinct_Charge2__Pg\"\" real term \"12\"/\"30\"; memory = \"246079504\n"
"From remote kernel:"
"\"PASS: \"\"soft expansion is a Laurent series\"\n"
"From remote kernel:"
"\"RealDistinct_Charge2__Pg\"\" real term \"14\"/\"30\"; memory = \"305916440\n"
"From remote kernel:"
"\"PASS: \"\"soft series covers the requested pole order\"\n"
"From remote kernel:"
"\"PASS: \"\"ordinary real term is fully evaluated\"\n"
"From remote kernel:"
"\"PASS: \"\"massive angular denominator stays separated at the soft endpoint\"\n"
"From remote kernel:"
"\"PASS: \"\"massive angular denominator stays separated at the soft endpoint\"\n"
"From remote kernel:"
"\"PASS: \"\"soft expansion is a Laurent series\"\n"
"From remote kernel:"
"\"PASS: \"\"soft expansion is a Laurent series\"\n"
"From remote kernel:"
"\"PASS: \"\"soft series covers the requested pole order\"\n"
"From remote kernel:"
"\"PASS: \"\"soft series covers the requested pole order\"\n"
"From remote kernel:"
"\"RealDistinct_Charge2__Pg\"\" real term \"15\"/\"30\"; memory = \"312718752\n"
"From remote kernel:"
"\"RealDistinct_Charge2__Pg\"\" real term \"16\"/\"30\"; memory = \"216167848\n"
"From remote kernel:"
"\"PASS: \"\"massive angular denominator stays separated at the soft endpoint\"\n"
"From remote kernel:"
"\"PASS: \"\"ordinary real term is fully evaluated\"\n"
"From remote kernel:"
"\"PASS: \"\"soft expansion is a Laurent series\"\n"
"From remote kernel:"
"\"PASS: \"\"massive angular denominator stays separated at the soft endpoint\"\n"
"From remote kernel:"
"\"PASS: \"\"soft series covers the requested pole order\"\n"
"From remote kernel:"
"\"PASS: \"\"mixed angular endpoint approach follows from its domain\"\n"
"From remote kernel:"
"\"PASS: \"\"one mixed denominator is massive\"\n"
"From remote kernel:"
"\"PASS: \"\"inverted dilogarithm arguments are negative on the real domain\"\n"
"From remote kernel:"
"\"PASS: \"\"inverse hyperbolic logarithms preserve derivative and anchor\"\n"
"From remote kernel:"
"\"PASS: \"\"ordinary real term is fully evaluated\"\n"
"From remote kernel:"
"\"PASS: \"\"massive angular denominator stays separated at the soft endpoint\"\n"
"From remote kernel:"
"\"PASS: \"\"massive angular denominator stays separated at the soft endpoint\"\n"
"From remote kernel:"
"\"PASS: \"\"soft expansion is a Laurent series\"\n"
"From remote kernel:"
"\"PASS: \"\"soft series covers the requested pole order\"\n"
"From remote kernel:"
"\"PASS: \"\"soft expansion is a Laurent series\"\n"
"From remote kernel:"
"\"PASS: \"\"ordinary real term is fully evaluated\"\n"
"From remote kernel:"
"\"PASS: \"\"massive angular denominator stays separated at the soft endpoint\"\n"
"From remote kernel:"
"\"PASS: \"\"soft series covers the requested pole order\"\n"
"From remote kernel:"
"\"PASS: \"\"massive angular denominator stays separated at the soft endpoint\"\n"
"From remote kernel:"
"\"PASS: \"\"soft expansion is a Laurent series\"\n"
"From remote kernel:"
"\"PASS: \"\"soft series covers the requested pole order\"\n"
"From remote kernel:"
"\"RealDistinct_Charge2__Pg\"\" real term \"17\"/\"30\"; memory = \"287891616\n"
"From remote kernel:"
"\"RealDistinct_Charge2__Pg\"\" real term \"18\"/\"30\"; memory = \"216500776\n"
"From remote kernel:"
"\"PASS: \"\"ordinary real term is fully evaluated\"\n"
"From remote kernel:"
"\"PASS: \"\"massive angular denominator stays separated at the soft endpoint\"\n"
"From remote kernel:"
"\"PASS: \"\"soft expansion is a Laurent series\"\n"
"From remote kernel:"
"\"PASS: \"\"one mixed denominator is massive\"\n"
"From remote kernel:"
"\"PASS: \"\"soft series covers the requested pole order\"\n"
"From remote kernel:"
"\"PASS: \"\"massive angular denominator stays separated at the soft endpoint\"\n"
"From remote kernel:"
"\"PASS: \"\"ordinary real term is fully evaluated\"\n"
"From remote kernel:"
"\"PASS: \"\"soft expansion is a Laurent series\"\n"
"From remote kernel:"
"\"PASS: \"\"soft expansion is a Laurent series\"\n"
"From remote kernel:"
"\"PASS: \"\"massive angular denominator stays separated at the soft endpoint\"\n"
"From remote kernel:"
"\"PASS: \"\"soft series covers the requested pole order\"\n"
"From remote kernel:"
"\"PASS: \"\"soft series covers the requested pole order\"\n"
"From remote kernel:"
"\"PASS: \"\"soft expansion is a Laurent series\"\n"
"From remote kernel:"
"\"PASS: \"\"massive angular denominator stays separated at the soft endpoint\"\n"
"From remote kernel:"
"\"PASS: \"\"soft series covers the requested pole order\"\n"
"From remote kernel:"
"\"PASS: \"\"mixed angular endpoint approach follows from its domain\"\n"
"From remote kernel:"
"\"PASS: \"\"massive angular denominator stays separated at the soft endpoint\"\n"
"From remote kernel:"
"\"PASS: \"\"inverted dilogarithm arguments are negative on the real domain\"\n"
"From remote kernel:"
"\"RealDistinct_Charge2__Pg\"\" real term \"19\"/\"30\"; memory = \"216707176\n"
"From remote kernel:"
"\"PASS: \"\"soft expansion is a Laurent series\"\n"
"From remote kernel:"
"\"PASS: \"\"inverse hyperbolic logarithms preserve derivative and anchor\"\n"
"From remote kernel:"
"\"PASS: \"\"soft series covers the requested pole order\"\n"
"From remote kernel:"
"\"RealDistinct_Charge2__Pg\"\" real term \"20\"/\"30\"; memory = \"288071776\n"
"From remote kernel:"
"\"PASS: \"\"ordinary real term is fully evaluated\"\n"
"From remote kernel:"
"\"PASS: \"\"massive angular denominator stays separated at the soft endpoint\"\n"
"From remote kernel:"
"\"PASS: \"\"soft expansion is a Laurent series\"\n"
"From remote kernel:"
"\"PASS: \"\"soft series covers the requested pole order\"\n"
"From remote kernel:"
"\"PASS: \"\"ordinary real term is fully evaluated\"\n"
"From remote kernel:"
"\"PASS: \"\"massive angular denominator stays separated at the soft endpoint\"\n"
"From remote kernel:"
"\"PASS: \"\"massive angular denominator stays separated at the soft endpoint\"\n"
"From remote kernel:"
"\"PASS: \"\"soft expansion is a Laurent series\"\n"
"From remote kernel:"
"\"PASS: \"\"soft expansion is a Laurent series\"\n"
"From remote kernel:"
"\"PASS: \"\"soft series covers the requested pole order\"\n"
"From remote kernel:"
"\"PASS: \"\"soft series covers the requested pole order\"\n"
"From remote kernel:"
"\"PASS: \"\"massive angular denominator stays separated at the soft endpoint\"\n"
"From remote kernel:"
"\"PASS: \"\"soft expansion is a Laurent series\"\n"
"From remote kernel:"
"\"PASS: \"\"soft expansion is a Laurent series\"\n"
"From remote kernel:"
"\"RealDistinct_Charge2__Pg\"\" real term \"21\"/\"30\"; memory = \"216854688\n"
"From remote kernel:"
"\"PASS: \"\"soft series covers the requested pole order\"\n"
"From remote kernel:"
"\"PASS: \"\"soft series covers the requested pole order\"\n"
"From remote kernel:"
"\"PASS: \"\"ordinary real term is fully evaluated\"\n"
"From remote kernel:"
"\"RealDistinct_Charge2__Pg\"\" real term \"22\"/\"30\"; memory = \"312949208\n"
"From remote kernel:"
"\"PASS: \"\"one mixed denominator is massive\"\n"
"From remote kernel:"
"\"PASS: \"\"massive angular denominator stays separated at the soft endpoint\"\n"
"From remote kernel:"
"\"PASS: \"\"ordinary real term is fully evaluated\"\n"
"From remote kernel:"
"\"PASS: \"\"soft expansion is a Laurent series\"\n"
"From remote kernel:"
"\"PASS: \"\"massive angular denominator stays separated at the soft endpoint\"\n"
"From remote kernel:"
"\"PASS: \"\"soft series covers the requested pole order\"\n"
"From remote kernel:"
"\"PASS: \"\"soft expansion is a Laurent series\"\n"
"From remote kernel:"
"\"PASS: \"\"massive angular denominator stays separated at the soft endpoint\"\n"
"From remote kernel:"
"\"PASS: \"\"soft series covers the requested pole order\"\n"
"From remote kernel:"
"\"PASS: \"\"soft expansion is a Laurent series\"\n"
"From remote kernel:"
"\"PASS: \"\"massive angular denominator stays separated at the soft endpoint\"\n"
"From remote kernel:"
"\"PASS: \"\"soft series covers the requested pole order\"\n"
"From remote kernel:"
"\"PASS: \"\"soft expansion is a Laurent series\"\n"
"From remote kernel:"
"\"PASS: \"\"soft series covers the requested pole order\"\n"
"From remote kernel:"
"\"RealDistinct_Charge2__Pg\"\" real term \"23\"/\"30\"; memory = \"217476296\n"
"From remote kernel:"
"\"PASS: \"\"ordinary real term is fully evaluated\"\n"
"From remote kernel:"
"\"RealDistinct_Charge2__Pg\"\" real term \"24\"/\"30\"; memory = \"312964224\n"
"From remote kernel:"
"\"PASS: \"\"massive angular denominator stays separated at the soft endpoint\"\n"
"From remote kernel:"
"\"PASS: \"\"soft expansion is a Laurent series\"\n"
"From remote kernel:"
"\"PASS: \"\"soft series covers the requested pole order\"\n"
"From remote kernel:"
"\"PASS: \"\"massive angular denominator stays separated at the soft endpoint\"\n"
"From remote kernel:"
"\"PASS: \"\"ordinary real term is fully evaluated\"\n"
"From remote kernel:"
"\"PASS: \"\"soft expansion is a Laurent series\"\n"
"From remote kernel:"
"\"PASS: \"\"massive angular denominator stays separated at the soft endpoint\"\n"
"From remote kernel:"
"\"PASS: \"\"soft series covers the requested pole order\"\n"
"From remote kernel:"
"\"RealDistinct_Charge2__Pg\"\" real term \"25\"/\"30\"; memory = \"214181528\n"
"From remote kernel:"
"\"PASS: \"\"soft expansion is a Laurent series\"\n"
"From remote kernel:"
"\"RealDistinct_Charge2__Pg\"\" real term \"26\"/\"30\"; memory = \"217639256\n"
"From remote kernel:"
"\"PASS: \"\"soft series covers the requested pole order\"\n"
"From remote kernel:"
"\"PASS: \"\"massive angular denominator stays separated at the soft endpoint\"\n"
"From remote kernel:"
"\"PASS: \"\"soft expansion is a Laurent series\"\n"
"From remote kernel:"
"\"PASS: \"\"soft series covers the requested pole order\"\n"
"From remote kernel:"
"\"RealDistinct_Charge2__Pg\"\" real term \"27\"/\"30\"; memory = \"313054048\n"
"From remote kernel:"
"\"PASS: \"\"ordinary real term is fully evaluated\"\n"
"From remote kernel:"
"\"PASS: \"\"massive angular denominator stays separated at the soft endpoint\"\n"
"From remote kernel:"
"\"PASS: \"\"ordinary real term is fully evaluated\"\n"
"From remote kernel:"
"\"PASS: \"\"massive angular denominator stays separated at the soft endpoint\"\n"
"From remote kernel:"
"\"PASS: \"\"ordinary real term is fully evaluated\"\n"
"From remote kernel:"
"\"PASS: \"\"massive angular denominator stays separated at the soft endpoint\"\n"
"From remote kernel:"
"\"PASS: \"\"ordinary real term is fully evaluated\"\n"
"From remote kernel:"
"\"PASS: \"\"massive angular denominator stays separated at the soft endpoint\"\n"
"From remote kernel:"
"\"PASS: \"\"soft expansion is a Laurent series\"\n"
"From remote kernel:"
"\"PASS: \"\"soft series covers the requested pole order\"\n"
"From remote kernel:"
"\"PASS: \"\"massive angular denominator stays separated at the soft endpoint\"\n"
"From remote kernel:"
"\"PASS: \"\"ordinary real term is fully evaluated\"\n"
"From remote kernel:"
"\"PASS: \"\"massive angular denominator stays separated at the soft endpoint\"\n"
"From remote kernel:"
"\"PASS: \"\"mixed angular endpoint approach follows from its domain\"\n"
"From remote kernel:"
"\"PASS: \"\"inverted dilogarithm arguments are negative on the real domain\"\n"
"From remote kernel:"
"\"PASS: \"\"inverse hyperbolic logarithms preserve derivative and anchor\"\n"
"From remote kernel:"
"\"PASS: \"\"ordinary real term is fully evaluated\"\n"
"From remote kernel:"
"\"PASS: \"\"massive angular denominator stays separated at the soft endpoint\"\n"
"From remote kernel:"
"\"PASS: \"\"soft expansion is a Laurent series\"\n"
"From remote kernel:"
"\"PASS: \"\"soft series covers the requested pole order\"\n"
"From remote kernel:"
"\"PASS: \"\"massive angular denominator stays separated at the soft endpoint\"\n"
"From remote kernel:"
"\"PASS: \"\"soft expansion is a Laurent series\"\n"
"From remote kernel:"
"\"PASS: \"\"soft series covers the requested pole order\"\n"
"From remote kernel:"
"\"PASS: \"\"massive angular denominator stays separated at the soft endpoint\"\n"
"From remote kernel:"
"\"PASS: \"\"soft expansion is a Laurent series\"\n"
"From remote kernel:"
"\"PASS: \"\"soft series covers the requested pole order\"\n"
"From remote kernel:"
"\"PASS: \"\"massive angular denominator stays separated at the soft endpoint\"\n"
"From remote kernel:"
"\"PASS: \"\"soft expansion is a Laurent series\"\n"
"From remote kernel:"
"\"PASS: \"\"soft series covers the requested pole order\"\n"
"From remote kernel:"
"\"RealDistinct_Charge2__Pg\"\" real term \"28\"/\"30\"; memory = \"248336312\n"
"From remote kernel:"
"\"PASS: \"\"one mixed denominator is massive\"\n"
"From remote kernel:"
"\"PASS: \"\"soft expansion is a Laurent series\"\n"
"From remote kernel:"
"\"PASS: \"\"soft series covers the requested pole order\"\n"
"From remote kernel:"
"\"PASS: \"\"ordinary real term is fully evaluated\"\n"
"From remote kernel:"
"\"PASS: \"\"massive angular denominator stays separated at the soft endpoint\"\n"
"From remote kernel:"
"\"PASS: \"\"massive angular denominator stays separated at the soft endpoint\"\n"
"From remote kernel:"
"\"PASS: \"\"mixed angular endpoint approach follows from its domain\"\n"
"From remote kernel:"
"\"PASS: \"\"mixed angular endpoint approach follows from its domain\"\n"
"From remote kernel:"
"\"PASS: \"\"inverted dilogarithm arguments are negative on the real domain\"\n"
"From remote kernel:"
"\"PASS: \"\"inverted dilogarithm arguments are negative on the real domain\"\n"
"From remote kernel:"
"\"PASS: \"\"inverse hyperbolic logarithms preserve derivative and anchor\"\n"
"From remote kernel:"
"\"PASS: \"\"soft expansion is a Laurent series\"\n"
"From remote kernel:"
"\"PASS: \"\"inverse hyperbolic logarithms preserve derivative and anchor\"\n"
"From remote kernel:"
"\"PASS: \"\"soft series covers the requested pole order\"\n"
"From remote kernel:"
"\"PASS: \"\"soft expansion is a Laurent series\"\n"
"From remote kernel:"
"\"RealDistinct_Charge2__Pg\"\" real term \"29\"/\"30\"; memory = \"314080656\n"
"From remote kernel:"
"\"PASS: \"\"soft series covers the requested pole order\"\n"
"From remote kernel:"
"\"PASS: \"\"massive angular denominator stays separated at the soft endpoint\"\n"
"From remote kernel:"
"\"PASS: \"\"soft expansion is a Laurent series\"\n"
"From remote kernel:"
"\"PASS: \"\"soft series covers the requested pole order\"\n"
"From remote kernel:"
"\"PASS: \"\"massive angular denominator stays separated at the soft endpoint\"\n"
"From remote kernel:"
"\"PASS: \"\"soft expansion is a Laurent series\"\n"
"From remote kernel:"
"\"PASS: \"\"soft series covers the requested pole order\"\n"
"From remote kernel:"
"\"RealDistinct_Charge2__Pg\"\" real term \"30\"/\"30\"; memory = \"268880392\n"
"From remote kernel:"
"\"PASS: \"\"one mixed denominator is massive\"\n"
"From remote kernel:"
"\"PASS: \"\"ordinary real term is fully evaluated\"\n"
"From remote kernel:"
"\"PASS: \"\"massive angular denominator stays separated at the soft endpoint\"\n"
"From remote kernel:"
"\"PASS: \"\"soft expansion is a Laurent series\"\n"
"From remote kernel:"
"\"PASS: \"\"soft series covers the requested pole order\"\n"
"From remote kernel:"
"\"PASS: \"\"massive angular denominator stays separated at the soft endpoint\"\n"
"From remote kernel:"
"\"PASS: \"\"soft expansion is a Laurent series\"\n"
"From remote kernel:"
"\"PASS: \"\"soft series covers the requested pole order\"\n"
"From remote kernel:"
"\"PASS: \"\"soft expansion is a Laurent series\"\n"
"From remote kernel:"
"\"PASS: \"\"soft series covers the requested pole order\"\n"
"From remote kernel:"
"\"PASS: \"\"soft expansion is a Laurent series\"\n"
"From remote kernel:"
"\"PASS: \"\"soft series covers the requested pole order\"\n"
"From remote kernel:"
"\"PASS: \"\"ordinary real term is fully evaluated\"\n"
"From remote kernel:"
"\"PASS: \"\"massive angular denominator stays separated at the soft endpoint\"\n"
"From remote kernel:"
"\"PASS: \"\"mixed angular endpoint approach follows from its domain\"\n"
"From remote kernel:"
"\"PASS: \"\"inverted dilogarithm arguments are negative on the real domain\"\n"
"From remote kernel:"
"\"PASS: \"\"inverse hyperbolic logarithms preserve derivative and anchor\"\n"
"From remote kernel:"
"\"PASS: \"\"soft expansion is a Laurent series\"\n"
"From remote kernel:"
"\"PASS: \"\"soft series covers the requested pole order\"\n"
"From remote kernel:"
"\"PASS: \"\"soft expansion is a Laurent series\"\n"
"From remote kernel:"
"\"PASS: \"\"soft series covers the requested pole order\"\n"
"From remote kernel:"
"\"PASS: \"\"soft expansion is a Laurent series\"\n"
"From remote kernel:"
"\"PASS: \"\"soft series covers the requested pole order\"\n"
"From remote kernel:"
"\"PASS: \"\"massive angular denominator stays separated at the soft endpoint\"\n"
"From remote kernel:"
"\"PASS: \"\"mixed angular endpoint approach follows from its domain\"\n"
"From remote kernel:"
"\"PASS: \"\"inverted dilogarithm arguments are negative on the real domain\"\n"
"From remote kernel:"
"\"PASS: \"\"inverse hyperbolic logarithms preserve derivative and anchor\"\n"
"From remote kernel:"
"\"PASS: \"\"ordinary real term is fully evaluated\"\n"
"From remote kernel:"
"\"PASS: \"\"massive angular denominator stays separated at the soft endpoint\"\n"
"From remote kernel:"
"\"PASS: \"\"mixed angular endpoint approach follows from its domain\"\n"
"From remote kernel:"
"\"PASS: \"\"inverted dilogarithm arguments are negative on the real domain\"\n"
"From remote kernel:"
"\"PASS: \"\"inverse hyperbolic logarithms preserve derivative and anchor\"\n"
"From remote kernel:"
"\"PASS: \"\"soft expansion is a Laurent series\"\n"
MONITOR_HEARTBEAT elapsed=211s rss=3138.9MiB peak=3225.1MiB
"From remote kernel:"
"\"PASS: \"\"soft series covers the requested pole order\"\n"
"From remote kernel:"
"\"PASS: \"\"massive angular denominator stays separated at the soft endpoint\"\n"
"From remote kernel:"
"\"PASS: \"\"mixed angular endpoint approach follows from its domain\"\n"
"From remote kernel:"
"\"PASS: \"\"inverted dilogarithm arguments are negative on the real domain\"\n"
"From remote kernel:"
"\"PASS: \"\"inverse hyperbolic logarithms preserve derivative and anchor\"\n"
"From remote kernel:"
"\"PASS: \"\"soft expansion is a Laurent series\"\n"
"From remote kernel:"
"\"PASS: \"\"soft series covers the requested pole order\"\n"
"From remote kernel:"
"\"PASS: \"\"soft expansion is a Laurent series\"\n"
"From remote kernel:"
"\"PASS: \"\"soft series covers the requested pole order\"\n"
"From remote kernel:"
"\"PASS: \"\"soft expansion is a Laurent series\"\n"
"From remote kernel:"
"\"PASS: \"\"soft series covers the requested pole order\"\n"
"From remote kernel:"
"\"PASS: \"\"massive angular denominator stays separated at the soft endpoint\"\n"
"From remote kernel:"
"\"PASS: \"\"mixed angular endpoint approach follows from its domain\"\n"
"From remote kernel:"
"\"PASS: \"\"inverted dilogarithm arguments are negative on the real domain\"\n"
"From remote kernel:"
"\"PASS: \"\"inverse hyperbolic logarithms preserve derivative and anchor\"\n"
"From remote kernel:"
"\"PASS: \"\"soft expansion is a Laurent series\"\n"
"From remote kernel:"
"\"PASS: \"\"soft series covers the requested pole order\"\n"
"PASS: ""RealDistinct_Charge2__Pg all real phase-space terms completed"
"RealDistinct_Charge2__Pg"" assembling distribution branch "1
"RealDistinct_Charge2__Pg"" branch "1" delta coefficient"
"RealDistinct_Charge2__Pg"" branch "1" plus coefficients"
"PASS: ""no higher logarithmic plus distribution survives"
"RealDistinct_Charge2__Pg"" branch "1" regular remainder"
"RealDistinct_Charge2__Pg"" distribution branch "1" saved."
"RealDistinct_Charge2__Pg"" assembling distribution branch "-1
"RealDistinct_Charge2__Pg"" branch "-1" delta coefficient"
"RealDistinct_Charge2__Pg"" branch "-1" plus coefficients"
"PASS: ""no higher logarithmic plus distribution survives"
"RealDistinct_Charge2__Pg"" branch "-1" regular remainder"
"RealDistinct_Charge2__Pg"" distribution branch "-1" saved."
"From remote kernel:"
"\"RealDistinct_Charge0__Ppp\"\" real term \"1\"/\"3\"; memory = \"318662944\n"
"From remote kernel:"
"\"RealDistinct_Charge0__Ppp\"\" real term \"2\"/\"3\"; memory = \"224818184\n"
"From remote kernel:"
"\"RealDistinct_Charge0__Ppp\"\" real term \"3\"/\"3\"; memory = \"214106784\n"
"From remote kernel:"
"\"PASS: \"\"ordinary real term is fully evaluated\"\n"
"From remote kernel:"
"\"PASS: \"\"ordinary real term is fully evaluated\"\n"
"From remote kernel:"
"\"PASS: \"\"endpoint valuation is rational\"\n"
"From remote kernel:"
"\"PASS: \"\"endpoint valuation is rational\"\n"
"From remote kernel:"
"\"PASS: \"\"soft expansion is a Laurent series\"\n"
"From remote kernel:"
"\"PASS: \"\"soft expansion is a Laurent series\"\n"
"From remote kernel:"
"\"PASS: \"\"soft series covers the requested pole order\"\n"
"From remote kernel:"
"\"PASS: \"\"soft series covers the requested pole order\"\n"
"From remote kernel:"
"\"PASS: \"\"ordinary real term is fully evaluated\"\n"
"From remote kernel:"
"\"PASS: \"\"endpoint valuation is rational\"\n"
"From remote kernel:"
"\"PASS: \"\"soft expansion is a Laurent series\"\n"
"From remote kernel:"
"\"PASS: \"\"soft coefficients contain no recoil variable\"\n"
"From remote kernel:"
"\"PASS: \"\"soft coefficients contain no recoil variable\"\n"
"From remote kernel:"
"\"PASS: \"\"soft series covers the requested pole order\"\n"
"From remote kernel:"
"\"PASS: \"\"endpoint valuation is rational\"\n"
"From remote kernel:"
"\"PASS: \"\"endpoint valuation is rational\"\n"
"From remote kernel:"
"\"PASS: \"\"soft expansion is a Laurent series\"\n"
"From remote kernel:"
"\"PASS: \"\"soft expansion is a Laurent series\"\n"
"From remote kernel:"
"\"PASS: \"\"soft series covers the requested pole order\"\n"
"From remote kernel:"
"\"PASS: \"\"soft series covers the requested pole order\"\n"
"From remote kernel:"
"\"PASS: \"\"soft coefficients contain no recoil variable\"\n"
"From remote kernel:"
"\"PASS: \"\"endpoint valuation is rational\"\n"
"From remote kernel:"
"\"PASS: \"\"soft coefficients contain no recoil variable\"\n"
"From remote kernel:"
"\"PASS: \"\"soft coefficients contain no recoil variable\"\n"
"From remote kernel:"
"\"PASS: \"\"soft expansion is a Laurent series\"\n"
"From remote kernel:"
"\"PASS: \"\"soft series covers the requested pole order\"\n"
"From remote kernel:"
"\"PASS: \"\"soft coefficients contain no recoil variable\"\n"
"PASS: ""RealDistinct_Charge0__Ppp all real phase-space terms completed"
"RealDistinct_Charge0__Ppp"" assembling distribution branch "1
"RealDistinct_Charge0__Ppp"" branch "1" soft group "{1, -1}
"RealDistinct_Charge0__Ppp"" branch "1" delta coefficient"
"RealDistinct_Charge0__Ppp"" branch "1" plus coefficients"
"PASS: ""no higher logarithmic plus distribution survives"
"RealDistinct_Charge0__Ppp"" branch "1" regular remainder"
"RealDistinct_Charge0__Ppp"" distribution branch "1" saved."
"RealDistinct_Charge0__Ppp"" assembling distribution branch "-1
"RealDistinct_Charge0__Ppp"" branch "-1" soft group "{1, -1}
"RealDistinct_Charge0__Ppp"" branch "-1" delta coefficient"
"RealDistinct_Charge0__Ppp"" branch "-1" plus coefficients"
"PASS: ""no higher logarithmic plus distribution survives"
"RealDistinct_Charge0__Ppp"" branch "-1" regular remainder"
"RealDistinct_Charge0__Ppp"" distribution branch "-1" saved."
"PASS: ""RealDistinct_Charge1__Ppp all real phase-space terms completed"
"RealDistinct_Charge1__Ppp"" assembling distribution branch "1
"RealDistinct_Charge1__Ppp"" branch "1" delta coefficient"
"RealDistinct_Charge1__Ppp"" branch "1" plus coefficients"
"PASS: ""no higher logarithmic plus distribution survives"
"RealDistinct_Charge1__Ppp"" branch "1" regular remainder"
"RealDistinct_Charge1__Ppp"" distribution branch "1" saved."
"RealDistinct_Charge1__Ppp"" assembling distribution branch "-1
"RealDistinct_Charge1__Ppp"" branch "-1" delta coefficient"
"RealDistinct_Charge1__Ppp"" branch "-1" plus coefficients"
"PASS: ""no higher logarithmic plus distribution survives"
"RealDistinct_Charge1__Ppp"" branch "-1" regular remainder"
"RealDistinct_Charge1__Ppp"" distribution branch "-1" saved."
"From remote kernel:"
"\"RealDistinct_Charge2__Ppp\"\" real term \"1\"/\"39\"; memory = \"318870440\n"
"From remote kernel:"
"\"RealDistinct_Charge2__Ppp\"\" real term \"2\"/\"39\"; memory = \"225248448\n"
"From remote kernel:"
"\"RealDistinct_Charge2__Ppp\"\" real term \"3\"/\"39\"; memory = \"214842368\n"
"From remote kernel:"
"\"RealDistinct_Charge2__Ppp\"\" real term \"4\"/\"39\"; memory = \"269418376\n"
"From remote kernel:"
"\"RealDistinct_Charge2__Ppp\"\" real term \"5\"/\"39\"; memory = \"225140616\n"
"From remote kernel:"
"\"RealDistinct_Charge2__Ppp\"\" real term \"6\"/\"39\"; memory = \"214115960\n"
"From remote kernel:"
"\"RealDistinct_Charge2__Ppp\"\" real term \"7\"/\"39\"; memory = \"309887712\n"
"From remote kernel:"
"\"RealDistinct_Charge2__Ppp\"\" real term \"8\"/\"39\"; memory = \"260600616\n"
"From remote kernel:"
"\"PASS: \"\"one mixed denominator is massive\"\n"
"From remote kernel:"
"\"PASS: \"\"one mixed denominator is massive\"\n"
"From remote kernel:"
"\"PASS: \"\"one mixed denominator is massive\"\n"
"From remote kernel:"
"\"PASS: \"\"one mixed denominator is massive\"\n"
"From remote kernel:"
"\"PASS: \"\"one mixed denominator is massive\"\n"
"From remote kernel:"
"\"PASS: \"\"ordinary real term is fully evaluated\"\n"
"From remote kernel:"
"\"PASS: \"\"ordinary real term is fully evaluated\"\n"
"From remote kernel:"
"\"PASS: \"\"ordinary real term is fully evaluated\"\n"
"From remote kernel:"
"\"PASS: \"\"massive angular denominator stays separated at the soft endpoint\"\n"
"From remote kernel:"
"\"PASS: \"\"ordinary real term is fully evaluated\"\n"
"From remote kernel:"
"\"PASS: \"\"massive angular denominator stays separated at the soft endpoint\"\n"
"From remote kernel:"
"\"PASS: \"\"massive angular denominator stays separated at the soft endpoint\"\n"
"From remote kernel:"
"\"PASS: \"\"soft expansion is a Laurent series\"\n"
"From remote kernel:"
"\"PASS: \"\"massive angular denominator stays separated at the soft endpoint\"\n"
"From remote kernel:"
"\"PASS: \"\"soft expansion is a Laurent series\"\n"
"From remote kernel:"
"\"PASS: \"\"soft expansion is a Laurent series\"\n"
"From remote kernel:"
"\"PASS: \"\"ordinary real term is fully evaluated\"\n"
"From remote kernel:"
"\"PASS: \"\"soft series covers the requested pole order\"\n"
"From remote kernel:"
"\"PASS: \"\"soft expansion is a Laurent series\"\n"
"From remote kernel:"
"\"PASS: \"\"soft series covers the requested pole order\"\n"
"From remote kernel:"
"\"PASS: \"\"soft series covers the requested pole order\"\n"
"From remote kernel:"
"\"PASS: \"\"massive angular denominator stays separated at the soft endpoint\"\n"
"From remote kernel:"
"\"PASS: \"\"massive angular denominator stays separated at the soft endpoint\"\n"
"From remote kernel:"
"\"PASS: \"\"soft series covers the requested pole order\"\n"
"From remote kernel:"
"\"PASS: \"\"massive angular denominator stays separated at the soft endpoint\"\n"
"From remote kernel:"
"\"PASS: \"\"massive angular denominator stays separated at the soft endpoint\"\n"
"From remote kernel:"
"\"PASS: \"\"soft expansion is a Laurent series\"\n"
"From remote kernel:"
"\"PASS: \"\"soft expansion is a Laurent series\"\n"
"From remote kernel:"
"\"PASS: \"\"massive angular denominator stays separated at the soft endpoint\"\n"
"From remote kernel:"
"\"PASS: \"\"soft expansion is a Laurent series\"\n"
"From remote kernel:"
"\"PASS: \"\"soft expansion is a Laurent series\"\n"
"From remote kernel:"
"\"PASS: \"\"soft series covers the requested pole order\"\n"
"From remote kernel:"
"\"PASS: \"\"soft series covers the requested pole order\"\n"
"From remote kernel:"
"\"PASS: \"\"soft expansion is a Laurent series\"\n"
"From remote kernel:"
"\"PASS: \"\"soft series covers the requested pole order\"\n"
"From remote kernel:"
"\"PASS: \"\"soft series covers the requested pole order\"\n"
"From remote kernel:"
"\"PASS: \"\"massive angular denominator stays separated at the soft endpoint\"\n"
"From remote kernel:"
"\"PASS: \"\"soft series covers the requested pole order\"\n"
"From remote kernel:"
"\"PASS: \"\"soft expansion is a Laurent series\"\n"
"From remote kernel:"
"\"PASS: \"\"soft series covers the requested pole order\"\n"
"From remote kernel:"
"\"RealDistinct_Charge2__Ppp\"\" real term \"9\"/\"39\"; memory = \"225412104\n"
"From remote kernel:"
"\"RealDistinct_Charge2__Ppp\"\" real term \"10\"/\"39\"; memory = \"309878544\n"
"From remote kernel:"
"\"RealDistinct_Charge2__Ppp\"\" real term \"11\"/\"39\"; memory = \"260610160\n"
"From remote kernel:"
"\"RealDistinct_Charge2__Ppp\"\" real term \"12\"/\"39\"; memory = \"269513736\n"
"From remote kernel:"
"\"RealDistinct_Charge2__Ppp\"\" real term \"13\"/\"39\"; memory = \"318825136\n"
"From remote kernel:"
"\"PASS: \"\"ordinary real term is fully evaluated\"\n"
"From remote kernel:"
"\"PASS: \"\"ordinary real term is fully evaluated\"\n"
"From remote kernel:"
"\"PASS: \"\"massive angular denominator stays separated at the soft endpoint\"\n"
"From remote kernel:"
"\"PASS: \"\"massive angular denominator stays separated at the soft endpoint\"\n"
"From remote kernel:"
"\"PASS: \"\"soft expansion is a Laurent series\"\n"
"From remote kernel:"
"\"PASS: \"\"soft expansion is a Laurent series\"\n"
"From remote kernel:"
"\"PASS: \"\"soft series covers the requested pole order\"\n"
"From remote kernel:"
"\"PASS: \"\"soft series covers the requested pole order\"\n"
"From remote kernel:"
"\"PASS: \"\"massive angular denominator stays separated at the soft endpoint\"\n"
"From remote kernel:"
"\"PASS: \"\"one mixed denominator is massive\"\n"
"From remote kernel:"
"\"PASS: \"\"one mixed denominator is massive\"\n"
"From remote kernel:"
"\"PASS: \"\"massive angular denominator stays separated at the soft endpoint\"\n"
"From remote kernel:"
"\"PASS: \"\"soft expansion is a Laurent series\"\n"
"From remote kernel:"
"\"PASS: \"\"ordinary real term is fully evaluated\"\n"
"From remote kernel:"
"\"PASS: \"\"one mixed denominator is massive\"\n"
"From remote kernel:"
"\"PASS: \"\"soft expansion is a Laurent series\"\n"
"From remote kernel:"
"\"PASS: \"\"soft series covers the requested pole order\"\n"
"From remote kernel:"
"\"PASS: \"\"massive angular denominator stays separated at the soft endpoint\"\n"
"From remote kernel:"
"\"PASS: \"\"soft series covers the requested pole order\"\n"
"From remote kernel:"
"\"PASS: \"\"soft expansion is a Laurent series\"\n"
"From remote kernel:"
"\"PASS: \"\"ordinary real term is fully evaluated\"\n"
"From remote kernel:"
"\"PASS: \"\"soft series covers the requested pole order\"\n"
"From remote kernel:"
"\"RealDistinct_Charge2__Ppp\"\" real term \"14\"/\"39\"; memory = \"225717664\n"
"From remote kernel:"
"\"PASS: \"\"massive angular denominator stays separated at the soft endpoint\"\n"
"From remote kernel:"
"\"PASS: \"\"ordinary real term is fully evaluated\"\n"
"From remote kernel:"
"\"PASS: \"\"massive angular denominator stays separated at the soft endpoint\"\n"
"From remote kernel:"
"\"PASS: \"\"soft expansion is a Laurent series\"\n"
"From remote kernel:"
"\"PASS: \"\"massive angular denominator stays separated at the soft endpoint\"\n"
"From remote kernel:"
"\"PASS: \"\"soft series covers the requested pole order\"\n"
"From remote kernel:"
"\"PASS: \"\"soft expansion is a Laurent series\"\n"
"From remote kernel:"
"\"PASS: \"\"soft expansion is a Laurent series\"\n"
"From remote kernel:"
"\"PASS: \"\"soft series covers the requested pole order\"\n"
"From remote kernel:"
"\"PASS: \"\"soft series covers the requested pole order\"\n"
"From remote kernel:"
"\"PASS: \"\"massive angular denominator stays separated at the soft endpoint\"\n"
"From remote kernel:"
"\"RealDistinct_Charge2__Ppp\"\" real term \"15\"/\"39\"; memory = \"215403176\n"
"From remote kernel:"
"\"PASS: \"\"massive angular denominator stays separated at the soft endpoint\"\n"
"From remote kernel:"
"\"PASS: \"\"soft expansion is a Laurent series\"\n"
"From remote kernel:"
"\"PASS: \"\"soft expansion is a Laurent series\"\n"
"From remote kernel:"
"\"PASS: \"\"soft series covers the requested pole order\"\n"
"From remote kernel:"
"\"PASS: \"\"soft series covers the requested pole order\"\n"
"From remote kernel:"
"\"RealDistinct_Charge2__Ppp\"\" real term \"16\"/\"39\"; memory = \"215262760\n"
"From remote kernel:"
"\"RealDistinct_Charge2__Ppp\"\" real term \"17\"/\"39\"; memory = \"225760000\n"
"From remote kernel:"
"\"PASS: \"\"ordinary real term is fully evaluated\"\n"
"From remote kernel:"
"\"PASS: \"\"massive angular denominator stays separated at the soft endpoint\"\n"
"From remote kernel:"
"\"RealDistinct_Charge2__Ppp\"\" real term \"18\"/\"39\"; memory = \"214248720\n"
"From remote kernel:"
"\"PASS: \"\"ordinary real term is fully evaluated\"\n"
"From remote kernel:"
"\"PASS: \"\"massive angular denominator stays separated at the soft endpoint\"\n"
"From remote kernel:"
"\"PASS: \"\"ordinary real term is fully evaluated\"\n"
"From remote kernel:"
"\"PASS: \"\"massive angular denominator stays separated at the soft endpoint\"\n"
"From remote kernel:"
"\"PASS: \"\"soft expansion is a Laurent series\"\n"
"From remote kernel:"
"\"PASS: \"\"soft series covers the requested pole order\"\n"
"From remote kernel:"
"\"PASS: \"\"massive angular denominator stays separated at the soft endpoint\"\n"
"From remote kernel:"
"\"PASS: \"\"soft expansion is a Laurent series\"\n"
"From remote kernel:"
"\"PASS: \"\"soft series covers the requested pole order\"\n"
"From remote kernel:"
"\"PASS: \"\"massive angular denominator stays separated at the soft endpoint\"\n"
"From remote kernel:"
"\"PASS: \"\"soft expansion is a Laurent series\"\n"
"From remote kernel:"
"\"PASS: \"\"soft series covers the requested pole order\"\n"
"From remote kernel:"
"\"RealDistinct_Charge2__Ppp\"\" real term \"19\"/\"39\"; memory = \"219683400\n"
"From remote kernel:"
"\"PASS: \"\"soft expansion is a Laurent series\"\n"
"From remote kernel:"
"\"PASS: \"\"soft series covers the requested pole order\"\n"
"From remote kernel:"
"\"PASS: \"\"massive angular denominator stays separated at the soft endpoint\"\n"
"From remote kernel:"
"\"PASS: \"\"ordinary real term is fully evaluated\"\n"
"From remote kernel:"
"\"PASS: \"\"massive angular denominator stays separated at the soft endpoint\"\n"
"From remote kernel:"
"\"PASS: \"\"mixed angular endpoint approach follows from its domain\"\n"
"From remote kernel:"
"\"PASS: \"\"inverted dilogarithm arguments are negative on the real domain\"\n"
"From remote kernel:"
"\"PASS: \"\"inverse hyperbolic logarithms preserve derivative and anchor\"\n"
"From remote kernel:"
"\"PASS: \"\"soft expansion is a Laurent series\"\n"
"From remote kernel:"
"\"PASS: \"\"soft series covers the requested pole order\"\n"
"From remote kernel:"
"\"RealDistinct_Charge2__Ppp\"\" real term \"20\"/\"39\"; memory = \"228700760\n"
"From remote kernel:"
"\"PASS: \"\"one mixed denominator is massive\"\n"
"From remote kernel:"
"\"PASS: \"\"ordinary real term is fully evaluated\"\n"
"From remote kernel:"
"\"PASS: \"\"massive angular denominator stays separated at the soft endpoint\"\n"
"From remote kernel:"
"\"PASS: \"\"soft expansion is a Laurent series\"\n"
"From remote kernel:"
"\"PASS: \"\"soft series covers the requested pole order\"\n"
"From remote kernel:"
"\"PASS: \"\"massive angular denominator stays separated at the soft endpoint\"\n"
"From remote kernel:"
"\"PASS: \"\"soft expansion is a Laurent series\"\n"
"From remote kernel:"
"\"PASS: \"\"soft series covers the requested pole order\"\n"
"From remote kernel:"
"\"RealDistinct_Charge2__Ppp\"\" real term \"21\"/\"39\"; memory = \"214311312\n"
"From remote kernel:"
"\"PASS: \"\"ordinary real term is fully evaluated\"\n"
"From remote kernel:"
"\"PASS: \"\"massive angular denominator stays separated at the soft endpoint\"\n"
"From remote kernel:"
"\"PASS: \"\"soft expansion is a Laurent series\"\n"
"From remote kernel:"
"\"PASS: \"\"soft series covers the requested pole order\"\n"
"From remote kernel:"
"\"PASS: \"\"massive angular denominator stays separated at the soft endpoint\"\n"
"From remote kernel:"
"\"PASS: \"\"soft expansion is a Laurent series\"\n"
"From remote kernel:"
"\"PASS: \"\"soft series covers the requested pole order\"\n"
"From remote kernel:"
"\"RealDistinct_Charge2__Ppp\"\" real term \"22\"/\"39\"; memory = \"214791104\n"
"From remote kernel:"
"\"PASS: \"\"ordinary real term is fully evaluated\"\n"
"From remote kernel:"
"\"PASS: \"\"massive angular denominator stays separated at the soft endpoint\"\n"
"From remote kernel:"
"\"PASS: \"\"soft expansion is a Laurent series\"\n"
"From remote kernel:"
"\"PASS: \"\"soft series covers the requested pole order\"\n"
"From remote kernel:"
"\"PASS: \"\"massive angular denominator stays separated at the soft endpoint\"\n"
"From remote kernel:"
"\"PASS: \"\"soft expansion is a Laurent series\"\n"
"From remote kernel:"
"\"PASS: \"\"soft series covers the requested pole order\"\n"
"From remote kernel:"
"\"RealDistinct_Charge2__Ppp\"\" real term \"23\"/\"39\"; memory = \"215038952\n"
"From remote kernel:"
"\"PASS: \"\"ordinary real term is fully evaluated\"\n"
"From remote kernel:"
"\"PASS: \"\"massive angular denominator stays separated at the soft endpoint\"\n"
"From remote kernel:"
"\"PASS: \"\"soft expansion is a Laurent series\"\n"
"From remote kernel:"
"\"PASS: \"\"soft series covers the requested pole order\"\n"
"From remote kernel:"
"\"PASS: \"\"massive angular denominator stays separated at the soft endpoint\"\n"
"From remote kernel:"
"\"PASS: \"\"soft expansion is a Laurent series\"\n"
"From remote kernel:"
"\"PASS: \"\"soft series covers the requested pole order\"\n"
"From remote kernel:"
"\"RealDistinct_Charge2__Ppp\"\" real term \"24\"/\"39\"; memory = \"215324672\n"
"From remote kernel:"
"\"PASS: \"\"ordinary real term is fully evaluated\"\n"
"From remote kernel:"
"\"PASS: \"\"massive angular denominator stays separated at the soft endpoint\"\n"
"From remote kernel:"
"\"PASS: \"\"soft expansion is a Laurent series\"\n"
"From remote kernel:"
"\"PASS: \"\"soft series covers the requested pole order\"\n"
"From remote kernel:"
"\"PASS: \"\"massive angular denominator stays separated at the soft endpoint\"\n"
"From remote kernel:"
"\"PASS: \"\"soft expansion is a Laurent series\"\n"
"From remote kernel:"
"\"PASS: \"\"soft series covers the requested pole order\"\n"
"From remote kernel:"
"\"RealDistinct_Charge2__Ppp\"\" real term \"25\"/\"39\"; memory = \"215686792\n"
"From remote kernel:"
"\"PASS: \"\"ordinary real term is fully evaluated\"\n"
"From remote kernel:"
"\"PASS: \"\"massive angular denominator stays separated at the soft endpoint\"\n"
"From remote kernel:"
"\"PASS: \"\"soft expansion is a Laurent series\"\n"
"From remote kernel:"
"\"PASS: \"\"soft series covers the requested pole order\"\n"
"From remote kernel:"
"\"PASS: \"\"massive angular denominator stays separated at the soft endpoint\"\n"
"From remote kernel:"
"\"PASS: \"\"soft expansion is a Laurent series\"\n"
"From remote kernel:"
"\"PASS: \"\"soft series covers the requested pole order\"\n"
"From remote kernel:"
"\"RealDistinct_Charge2__Ppp\"\" real term \"26\"/\"39\"; memory = \"216406944\n"
"From remote kernel:"
"\"PASS: \"\"ordinary real term is fully evaluated\"\n"
"From remote kernel:"
"\"PASS: \"\"massive angular denominator stays separated at the soft endpoint\"\n"
"From remote kernel:"
"\"PASS: \"\"soft expansion is a Laurent series\"\n"
"From remote kernel:"
"\"PASS: \"\"soft series covers the requested pole order\"\n"
"From remote kernel:"
"\"PASS: \"\"massive angular denominator stays separated at the soft endpoint\"\n"
"From remote kernel:"
"\"PASS: \"\"soft expansion is a Laurent series\"\n"
"From remote kernel:"
"\"PASS: \"\"soft series covers the requested pole order\"\n"
"From remote kernel:"
"\"RealDistinct_Charge2__Ppp\"\" real term \"27\"/\"39\"; memory = \"216450880\n"
"From remote kernel:"
"\"PASS: \"\"ordinary real term is fully evaluated\"\n"
"From remote kernel:"
"\"PASS: \"\"massive angular denominator stays separated at the soft endpoint\"\n"
"From remote kernel:"
"\"PASS: \"\"soft expansion is a Laurent series\"\n"
"From remote kernel:"
"\"PASS: \"\"soft series covers the requested pole order\"\n"
"From remote kernel:"
"\"PASS: \"\"massive angular denominator stays separated at the soft endpoint\"\n"
"From remote kernel:"
"\"PASS: \"\"soft expansion is a Laurent series\"\n"
"From remote kernel:"
"\"PASS: \"\"soft series covers the requested pole order\"\n"
"From remote kernel:"
"\"RealDistinct_Charge2__Ppp\"\" real term \"28\"/\"39\"; memory = \"216564640\n"
"From remote kernel:"
"\"PASS: \"\"ordinary real term is fully evaluated\"\n"
"From remote kernel:"
"\"PASS: \"\"massive angular denominator stays separated at the soft endpoint\"\n"
"From remote kernel:"
"\"PASS: \"\"soft expansion is a Laurent series\"\n"
"From remote kernel:"
"\"PASS: \"\"soft series covers the requested pole order\"\n"
"From remote kernel:"
"\"PASS: \"\"massive angular denominator stays separated at the soft endpoint\"\n"
"From remote kernel:"
"\"PASS: \"\"soft expansion is a Laurent series\"\n"
"From remote kernel:"
"\"PASS: \"\"soft series covers the requested pole order\"\n"
"From remote kernel:"
"\"RealDistinct_Charge2__Ppp\"\" real term \"29\"/\"39\"; memory = \"216893184\n"
"From remote kernel:"
"\"PASS: \"\"ordinary real term is fully evaluated\"\n"
"From remote kernel:"
"\"PASS: \"\"massive angular denominator stays separated at the soft endpoint\"\n"
"From remote kernel:"
"\"PASS: \"\"soft expansion is a Laurent series\"\n"
"From remote kernel:"
"\"PASS: \"\"soft series covers the requested pole order\"\n"
"From remote kernel:"
"\"PASS: \"\"massive angular denominator stays separated at the soft endpoint\"\n"
"From remote kernel:"
"\"PASS: \"\"soft expansion is a Laurent series\"\n"
"From remote kernel:"
"\"PASS: \"\"soft series covers the requested pole order\"\n"
"From remote kernel:"
"\"RealDistinct_Charge2__Ppp\"\" real term \"30\"/\"39\"; memory = \"217426896\n"
"From remote kernel:"
"\"PASS: \"\"ordinary real term is fully evaluated\"\n"
"From remote kernel:"
"\"PASS: \"\"massive angular denominator stays separated at the soft endpoint\"\n"
"From remote kernel:"
"\"PASS: \"\"ordinary real term is fully evaluated\"\n"
"From remote kernel:"
"\"PASS: \"\"massive angular denominator stays separated at the soft endpoint\"\n"
"From remote kernel:"
"\"PASS: \"\"soft expansion is a Laurent series\"\n"
"From remote kernel:"
"\"PASS: \"\"soft series covers the requested pole order\"\n"
"From remote kernel:"
"\"RealDistinct_Charge2__Ppp\"\" real term \"31\"/\"39\"; memory = \"322221816\n"
"From remote kernel:"
"\"PASS: \"\"one mixed denominator is massive\"\n"
"From remote kernel:"
"\"PASS: \"\"soft expansion is a Laurent series\"\n"
"From remote kernel:"
"\"PASS: \"\"soft series covers the requested pole order\"\n"
"From remote kernel:"
"\"PASS: \"\"massive angular denominator stays separated at the soft endpoint\"\n"
"From remote kernel:"
"\"PASS: \"\"mixed angular endpoint approach follows from its domain\"\n"
"From remote kernel:"
"\"PASS: \"\"inverted dilogarithm arguments are negative on the real domain\"\n"
"From remote kernel:"
"\"PASS: \"\"inverse hyperbolic logarithms preserve derivative and anchor\"\n"
"From remote kernel:"
"\"PASS: \"\"soft expansion is a Laurent series\"\n"
"From remote kernel:"
"\"PASS: \"\"soft series covers the requested pole order\"\n"
"From remote kernel:"
"\"PASS: \"\"massive angular denominator stays separated at the soft endpoint\"\n"
"From remote kernel:"
"\"PASS: \"\"ordinary real term is fully evaluated\"\n"
"From remote kernel:"
"\"PASS: \"\"massive angular denominator stays separated at the soft endpoint\"\n"
"From remote kernel:"
"\"PASS: \"\"mixed angular endpoint approach follows from its domain\"\n"
"From remote kernel:"
"\"PASS: \"\"inverted dilogarithm arguments are negative on the real domain\"\n"
"From remote kernel:"
"\"PASS: \"\"inverse hyperbolic logarithms preserve derivative and anchor\"\n"
"From remote kernel:"
"\"PASS: \"\"soft expansion is a Laurent series\"\n"
"From remote kernel:"
"\"PASS: \"\"soft series covers the requested pole order\"\n"
"From remote kernel:"
"\"PASS: \"\"massive angular denominator stays separated at the soft endpoint\"\n"
"From remote kernel:"
"\"PASS: \"\"soft expansion is a Laurent series\"\n"
"From remote kernel:"
"\"PASS: \"\"soft series covers the requested pole order\"\n"
"From remote kernel:"
"\"RealDistinct_Charge2__Ppp\"\" real term \"32\"/\"39\"; memory = \"285039064\n"
"From remote kernel:"
"\"PASS: \"\"one mixed denominator is massive\"\n"
"From remote kernel:"
"\"PASS: \"\"soft expansion is a Laurent series\"\n"
"From remote kernel:"
"\"PASS: \"\"soft series covers the requested pole order\"\n"
"From remote kernel:"
"\"RealDistinct_Charge2__Ppp\"\" real term \"33\"/\"39\"; memory = \"229044520\n"
"From remote kernel:"
"\"PASS: \"\"one mixed denominator is massive\"\n"
"From remote kernel:"
"\"PASS: \"\"soft expansion is a Laurent series\"\n"
"From remote kernel:"
"\"PASS: \"\"soft series covers the requested pole order\"\n"
"From remote kernel:"
"\"RealDistinct_Charge2__Ppp\"\" real term \"34\"/\"39\"; memory = \"228585056\n"
"From remote kernel:"
"\"PASS: \"\"one mixed denominator is massive\"\n"
"From remote kernel:"
"\"PASS: \"\"ordinary real term is fully evaluated\"\n"
"From remote kernel:"
"\"PASS: \"\"massive angular denominator stays separated at the soft endpoint\"\n"
"From remote kernel:"
"\"PASS: \"\"soft expansion is a Laurent series\"\n"
"From remote kernel:"
"\"PASS: \"\"soft series covers the requested pole order\"\n"
"From remote kernel:"
"\"PASS: \"\"massive angular denominator stays separated at the soft endpoint\"\n"
"From remote kernel:"
"\"PASS: \"\"soft expansion is a Laurent series\"\n"
"From remote kernel:"
"\"PASS: \"\"soft series covers the requested pole order\"\n"
"From remote kernel:"
"\"RealDistinct_Charge2__Ppp\"\" real term \"35\"/\"39\"; memory = \"229259392\n"
"From remote kernel:"
"\"PASS: \"\"ordinary real term is fully evaluated\"\n"
"From remote kernel:"
"\"PASS: \"\"massive angular denominator stays separated at the soft endpoint\"\n"
"From remote kernel:"
"\"PASS: \"\"soft expansion is a Laurent series\"\n"
"From remote kernel:"
"\"PASS: \"\"soft series covers the requested pole order\"\n"
"From remote kernel:"
"\"PASS: \"\"massive angular denominator stays separated at the soft endpoint\"\n"
"From remote kernel:"
"\"PASS: \"\"mixed angular endpoint approach follows from its domain\"\n"
"From remote kernel:"
"\"PASS: \"\"inverted dilogarithm arguments are negative on the real domain\"\n"
"From remote kernel:"
"\"PASS: \"\"inverse hyperbolic logarithms preserve derivative and anchor\"\n"
"From remote kernel:"
"\"PASS: \"\"ordinary real term is fully evaluated\"\n"
"From remote kernel:"
"\"PASS: \"\"massive angular denominator stays separated at the soft endpoint\"\n"
"From remote kernel:"
"\"PASS: \"\"ordinary real term is fully evaluated\"\n"
"From remote kernel:"
"\"PASS: \"\"massive angular denominator stays separated at the soft endpoint\"\n"
"From remote kernel:"
"\"PASS: \"\"soft expansion is a Laurent series\"\n"
"From remote kernel:"
"\"PASS: \"\"soft series covers the requested pole order\"\n"
"From remote kernel:"
"\"PASS: \"\"massive angular denominator stays separated at the soft endpoint\"\n"
"From remote kernel:"
"\"PASS: \"\"ordinary real term is fully evaluated\"\n"
"From remote kernel:"
"\"PASS: \"\"massive angular denominator stays separated at the soft endpoint\"\n"
"From remote kernel:"
"\"PASS: \"\"mixed angular endpoint approach follows from its domain\"\n"
"From remote kernel:"
"\"PASS: \"\"inverted dilogarithm arguments are negative on the real domain\"\n"
"From remote kernel:"
"\"PASS: \"\"inverse hyperbolic logarithms preserve derivative and anchor\"\n"
"From remote kernel:"
"\"PASS: \"\"soft expansion is a Laurent series\"\n"
"From remote kernel:"
"\"PASS: \"\"soft series covers the requested pole order\"\n"
"From remote kernel:"
"\"PASS: \"\"massive angular denominator stays separated at the soft endpoint\"\n"
"From remote kernel:"
"\"PASS: \"\"soft expansion is a Laurent series\"\n"
"From remote kernel:"
"\"PASS: \"\"soft series covers the requested pole order\"\n"
"From remote kernel:"
"\"RealDistinct_Charge2__Ppp\"\" real term \"36\"/\"39\"; memory = \"266167224\n"
"From remote kernel:"
"\"PASS: \"\"one mixed denominator is massive\"\n"
"From remote kernel:"
"\"PASS: \"\"soft expansion is a Laurent series\"\n"
"From remote kernel:"
"\"PASS: \"\"soft series covers the requested pole order\"\n"
"From remote kernel:"
"\"RealDistinct_Charge2__Ppp\"\" real term \"37\"/\"39\"; memory = \"234389632\n"
"From remote kernel:"
"\"PASS: \"\"soft expansion is a Laurent series\"\n"
"From remote kernel:"
"\"PASS: \"\"soft series covers the requested pole order\"\n"
"From remote kernel:"
"\"PASS: \"\"massive angular denominator stays separated at the soft endpoint\"\n"
"From remote kernel:"
"\"PASS: \"\"soft expansion is a Laurent series\"\n"
"From remote kernel:"
"\"PASS: \"\"soft series covers the requested pole order\"\n"
"From remote kernel:"
"\"RealDistinct_Charge2__Ppp\"\" real term \"38\"/\"39\"; memory = \"288509480\n"
"From remote kernel:"
"\"PASS: \"\"soft expansion is a Laurent series\"\n"
"From remote kernel:"
"\"PASS: \"\"soft series covers the requested pole order\"\n"
"From remote kernel:"
"\"PASS: \"\"massive angular denominator stays separated at the soft endpoint\"\n"
"From remote kernel:"
"\"PASS: \"\"mixed angular endpoint approach follows from its domain\"\n"
"From remote kernel:"
"\"PASS: \"\"inverted dilogarithm arguments are negative on the real domain\"\n"
"From remote kernel:"
"\"PASS: \"\"inverse hyperbolic logarithms preserve derivative and anchor\"\n"
"From remote kernel:"
"\"PASS: \"\"soft expansion is a Laurent series\"\n"
"From remote kernel:"
"\"PASS: \"\"soft series covers the requested pole order\"\n"
"From remote kernel:"
"\"RealDistinct_Charge2__Ppp\"\" real term \"39\"/\"39\"; memory = \"330005640\n"
"From remote kernel:"
"\"PASS: \"\"ordinary real term is fully evaluated\"\n"
"From remote kernel:"
"\"PASS: \"\"massive angular denominator stays separated at the soft endpoint\"\n"
"From remote kernel:"
"\"PASS: \"\"soft expansion is a Laurent series\"\n"
"From remote kernel:"
"\"PASS: \"\"soft series covers the requested pole order\"\n"
"From remote kernel:"
"\"PASS: \"\"massive angular denominator stays separated at the soft endpoint\"\n"
"From remote kernel:"
"\"PASS: \"\"soft expansion is a Laurent series\"\n"
"From remote kernel:"
"\"PASS: \"\"soft series covers the requested pole order\"\n"
"From remote kernel:"
"\"PASS: \"\"ordinary real term is fully evaluated\"\n"
"From remote kernel:"
"\"PASS: \"\"massive angular denominator stays separated at the soft endpoint\"\n"
"From remote kernel:"
"\"PASS: \"\"mixed angular endpoint approach follows from its domain\"\n"
"From remote kernel:"
"\"PASS: \"\"inverted dilogarithm arguments are negative on the real domain\"\n"
"From remote kernel:"
"\"PASS: \"\"inverse hyperbolic logarithms preserve derivative and anchor\"\n"
"From remote kernel:"
"\"PASS: \"\"ordinary real term is fully evaluated\"\n"
MONITOR_HEARTBEAT elapsed=241s rss=3175.1MiB peak=3225.1MiB
"From remote kernel:"
"\"PASS: \"\"massive angular denominator stays separated at the soft endpoint\"\n"
"From remote kernel:"
"\"PASS: \"\"ordinary real term is fully evaluated\"\n"
"From remote kernel:"
"\"PASS: \"\"massive angular denominator stays separated at the soft endpoint\"\n"
"From remote kernel:"
"\"PASS: \"\"soft expansion is a Laurent series\"\n"
"From remote kernel:"
"\"PASS: \"\"soft series covers the requested pole order\"\n"
"From remote kernel:"
"\"PASS: \"\"ordinary real term is fully evaluated\"\n"
"From remote kernel:"
"\"PASS: \"\"massive angular denominator stays separated at the soft endpoint\"\n"
"From remote kernel:"
"\"PASS: \"\"mixed angular endpoint approach follows from its domain\"\n"
"From remote kernel:"
"\"PASS: \"\"inverted dilogarithm arguments are negative on the real domain\"\n"
"From remote kernel:"
"\"PASS: \"\"inverse hyperbolic logarithms preserve derivative and anchor\"\n"
"From remote kernel:"
"\"PASS: \"\"soft expansion is a Laurent series\"\n"
"From remote kernel:"
"\"PASS: \"\"soft series covers the requested pole order\"\n"
"From remote kernel:"
"\"PASS: \"\"massive angular denominator stays separated at the soft endpoint\"\n"
"From remote kernel:"
"\"PASS: \"\"soft expansion is a Laurent series\"\n"
"From remote kernel:"
"\"PASS: \"\"soft series covers the requested pole order\"\n"
"From remote kernel:"
"\"PASS: \"\"massive angular denominator stays separated at the soft endpoint\"\n"
"From remote kernel:"
"\"PASS: \"\"mixed angular endpoint approach follows from its domain\"\n"
"From remote kernel:"
"\"PASS: \"\"inverted dilogarithm arguments are negative on the real domain\"\n"
"From remote kernel:"
"\"PASS: \"\"inverse hyperbolic logarithms preserve derivative and anchor\"\n"
"From remote kernel:"
"\"PASS: \"\"soft expansion is a Laurent series\"\n"
"From remote kernel:"
"\"PASS: \"\"soft series covers the requested pole order\"\n"
"From remote kernel:"
"\"PASS: \"\"massive angular denominator stays separated at the soft endpoint\"\n"
"From remote kernel:"
"\"PASS: \"\"ordinary real term is fully evaluated\"\n"
"From remote kernel:"
"\"PASS: \"\"massive angular denominator stays separated at the soft endpoint\"\n"
"From remote kernel:"
"\"PASS: \"\"soft expansion is a Laurent series\"\n"
"From remote kernel:"
"\"PASS: \"\"soft series covers the requested pole order\"\n"
"From remote kernel:"
"\"PASS: \"\"soft expansion is a Laurent series\"\n"
"From remote kernel:"
"\"PASS: \"\"soft series covers the requested pole order\"\n"
"From remote kernel:"
"\"PASS: \"\"soft expansion is a Laurent series\"\n"
"From remote kernel:"
"\"PASS: \"\"soft series covers the requested pole order\"\n"
"From remote kernel:"
"\"PASS: \"\"soft expansion is a Laurent series\"\n"
"From remote kernel:"
"\"PASS: \"\"soft series covers the requested pole order\"\n"
"From remote kernel:"
"\"PASS: \"\"massive angular denominator stays separated at the soft endpoint\"\n"
"From remote kernel:"
"\"PASS: \"\"mixed angular endpoint approach follows from its domain\"\n"
"From remote kernel:"
"\"PASS: \"\"inverted dilogarithm arguments are negative on the real domain\"\n"
"From remote kernel:"
"\"PASS: \"\"inverse hyperbolic logarithms preserve derivative and anchor\"\n"
"From remote kernel:"
"\"PASS: \"\"soft expansion is a Laurent series\"\n"
"From remote kernel:"
"\"PASS: \"\"soft series covers the requested pole order\"\n"
"From remote kernel:"
"\"PASS: \"\"massive angular denominator stays separated at the soft endpoint\"\n"
"From remote kernel:"
"\"PASS: \"\"soft expansion is a Laurent series\"\n"
"From remote kernel:"
"\"PASS: \"\"soft series covers the requested pole order\"\n"
"From remote kernel:"
"\"PASS: \"\"soft expansion is a Laurent series\"\n"
"From remote kernel:"
"\"PASS: \"\"soft series covers the requested pole order\"\n"
"From remote kernel:"
"\"PASS: \"\"ordinary real term is fully evaluated\"\n"
"From remote kernel:"
"\"PASS: \"\"massive angular denominator stays separated at the soft endpoint\"\n"
"From remote kernel:"
"\"PASS: \"\"mixed angular endpoint approach follows from its domain\"\n"
"From remote kernel:"
"\"PASS: \"\"inverted dilogarithm arguments are negative on the real domain\"\n"
"From remote kernel:"
"\"PASS: \"\"inverse hyperbolic logarithms preserve derivative and anchor\"\n"
"From remote kernel:"
"\"PASS: \"\"soft expansion is a Laurent series\"\n"
"From remote kernel:"
"\"PASS: \"\"soft series covers the requested pole order\"\n"
"From remote kernel:"
"\"PASS: \"\"massive angular denominator stays separated at the soft endpoint\"\n"
"From remote kernel:"
"\"PASS: \"\"mixed angular endpoint approach follows from its domain\"\n"
"From remote kernel:"
"\"PASS: \"\"inverted dilogarithm arguments are negative on the real domain\"\n"
"From remote kernel:"
"\"PASS: \"\"inverse hyperbolic logarithms preserve derivative and anchor\"\n"
"From remote kernel:"
"\"PASS: \"\"soft expansion is a Laurent series\"\n"
"From remote kernel:"
"\"PASS: \"\"soft series covers the requested pole order\"\n"
"PASS: ""RealDistinct_Charge2__Ppp all real phase-space terms completed"
"RealDistinct_Charge2__Ppp"" assembling distribution branch "1
"RealDistinct_Charge2__Ppp"" branch "1" delta coefficient"
"RealDistinct_Charge2__Ppp"" branch "1" plus coefficients"
"PASS: ""no higher logarithmic plus distribution survives"
"RealDistinct_Charge2__Ppp"" branch "1" regular remainder"
"RealDistinct_Charge2__Ppp"" distribution branch "1" saved."
"RealDistinct_Charge2__Ppp"" assembling distribution branch "-1
"RealDistinct_Charge2__Ppp"" branch "-1" delta coefficient"
"RealDistinct_Charge2__Ppp"" branch "-1" plus coefficients"
"PASS: ""no higher logarithmic plus distribution survives"
"RealDistinct_Charge2__Ppp"" branch "-1" regular remainder"
"RealDistinct_Charge2__Ppp"" distribution branch "-1" saved."
"S09_SUCCESS; peak memory = "265649848" bytes."
MONITOR_WAKE {"stage": "s09", "source": "s09_real_phase_space.wl", "source_sha256": "166175e3847b16e0e5ae092c0089af92115fd0686cd2f077cd86cfb3538d29ba", "job_id": "14689599", "host": "n6442", "exit_code": 0, "success_marker": true, "accepted_execution": true, "guard": null, "peak_rss_bytes": 3381968896, "elapsed_seconds": 266.5500162849203, "completed_utc": "2026-09-06T19:45:00.748468+00:00"}
