
DiracTraceEvaluate::shdw: Symbol DiracTraceEvaluate appears in multiple contexts {FeynCalc`, Global`}; definitions in context FeynCalc` may shadow or be shadowed by other definitions.

Contract::shdw: Symbol Contract appears in multiple contexts {FeynCalc`, Global`}; definitions in context FeynCalc` may shadow or be shadowed by other definitions.

EpsEvaluate::shdw: Symbol EpsEvaluate appears in multiple contexts {FeynCalc`, Global`}; definitions in context FeynCalc` may shadow or be shadowed by other definitions.

ExpandScalarProduct::shdw: Symbol ExpandScalarProduct appears in multiple contexts {FeynCalc`, Global`}; definitions in context FeynCalc` may shadow or be shadowed by other definitions.

DiracSimplify::shdw: Symbol DiracSimplify appears in multiple contexts {FeynCalc`, Global`}; definitions in context FeynCalc` may shadow or be shadowed by other definitions.

FeynAmpDenominatorExplicit::shdw: Symbol FeynAmpDenominatorExplicit appears in multiple contexts {FeynCalc`, Global`}; definitions in context FeynCalc` may shadow or be shadowed by other definitions.
"PASS: ""compute allocation"
"PASS: ""isolated runtime"
"PASS: ""complete source syntax"
"PASS: ""integer real operation time limit"
"PASS: ""bounded real operation time limit"
"REAL_RESOURCE_LIMIT_SECONDS "600
"PASS: ""integer real operation memory limit"
"PASS: ""bounded real operation memory limit"
"REAL_RESOURCE_LIMIT_BYTES "4294967296
"PASS: ""known channel"
"PASS: ""pinned input Hgg/s01_result/reference/s01_result/s01_inputs/s01_result/real.wl"
"PASS: ""pinned input Hgg/s05_result/reference/unpolarized_real.wl"
"PASS: ""accepted spin basis"
"PASS: ""accepted angular moments"
"PASS: ""real longitudinal frame linear"
"PASS: ""real longitudinal frame nonsingular"
"PASS: ""real longitudinal frame reconstructs"
"PASS: ""real energy linear"
"PASS: ""real energy nonsingular"
"PASS: ""real energy reconstructs"
"PASS: ""real transverse coordinate linear"
"PASS: ""real transverse coordinate nonsingular"
"PASS: ""real transverse coordinate reconstructs"
"PASS: ""real frame invariants"
"PASS: ""positive measured transverse momentum"
"PASS: ""unconditional exact algebra"
"PASS: ""transverse rational function"
"PASS: ""rationalized transverse denominator"
"PASS: ""polynomial division reconstruction"
"PASS: ""complete rational reconstruction on shell"
"PASS: ""measured spin axes"
"PASS: ""denominator Bezout reconstruction"
"PASS: ""invertible transverse denominator"
"PASS: ""unresolved physical projections"
"PASS: ""evanescent on-shell norm linear"
"PASS: ""evanescent on-shell norm nonsingular"
"PASS: ""evanescent on-shell norm reconstructs"
"PASS: ""inherited cut radius"
"PASS: ""one remaining physical normal coordinate"
"PASS: ""positive-energy support independent of normal angle"
"PASS: ""compact real dimensional scalar identities"
"PASS: ""incoming photon-basis projection"
"PASS: ""accepted compact calculation source"
"PASS: ""single reviewed real photon interface change"
"PASS: ""unchanged complete scalar and frame routines"
"PASS: ""single accepted pair-completion interface"
"PASS: ""unchanged complete pair contractions"
"PASS: ""pinned input Hgg/s01_result/reference/s01_result/s01_inputs/s02_result/kinematics.wl"
"PASS: ""pinned input Hqq/s01_result/reference/s01_result/s01_inputs/s02_result.wl"
"PASS: ""reviewed previous source s05_real_spin_response_before_compact_products.wls"
"PASS: ""reviewed previous source s05_real_spin_response_before_coupling_inventory.wls"
"PASS: ""reviewed previous source s05_real_spin_response_before_worker_initialization.wls"
"PASS: ""reviewed previous source s05_real_spin_response_before_coefficient_reduction.wls"
"PASS: ""reviewed previous source s05_real_spin_response_before_projection.wls"
"PASS: ""compact real comparison exists"
"PASS: ""compact real comparison accepted"
"PASS: ""pinned pre-interface real source"
"PASS: ""accepted real coordinate and photon interfaces"
"PASS: ""real interface comparison shares physical inputs"
"PASS: ""executed coordinate conversion code"
"PASS: ""unique reference coordinate conversion"
"PASS: ""all reference scalar products reconstruct"
"PASS: ""accepted spin extraction and linear sum comparison"
"PASS: ""spin extraction comparison source binding"
"PASS: ""spin extraction comparison shares physical inputs"
"PASS: ""executed compact extraction definition"
"PASS: ""executed linear assembly definition"
"PASS: ""pinned accepted reconstruction dispatch source"
"PASS: ""unchanged exact spin reconstruction and checkpoint contract"
"PASS: ""accepted complete spin dispatch comparison"
"PASS: ""pinned complete spin polynomial comparison"
"PASS: ""accepted complete spin polynomial comparison"
"PASS: ""spin polynomial comparison shares physical conventions"
"PASS: ""spin polynomial comparison starts from original exact predicate"
"PASS: ""exact accepted spin polynomial definition installed"
"PASS: ""accepted complete scalar-restoration comparison"
"PASS: ""scalar-restoration comparison shares physical conventions"
"PASS: ""unchanged scalar-restoration starting definitions"
"PASS: ""exact accepted scalar-restoration definitions installed"
"PASS: ""pinned complete pair-assembly proof"
"PASS: ""pinned pair-assembly baseline"
"PASS: ""accepted complete pair-assembly comparison"
"PASS: ""pair-assembly comparison shares physical conventions"
"PASS: ""exact accepted pair-assembly definitions installed"
"PASS: ""pinned accepted scalar coefficient checkpoints"
"PASS: ""complete scalar checkpoint comparison accepted"
"PASS: ""same executed scalar equations"
"PASS: ""scalar checkpoint physical convention common/s02_result/s02_result.wl"
"PASS: ""scalar checkpoint physical convention common/s04_result/s04_result.wl"
"PASS: ""exact executed coefficient key definition"
"PASS: ""exact executed scalar checkpoint definition installed"
"PASS: ""own Hgg comparison interfaces"
"PASS: ""pinned executed angular-zero proof and receipt"
"PASS: ""accepted parent angular-zero comparison"
"PASS: ""parent physical convention common/s02_result/s02_result.wl"
"PASS: ""parent physical convention common/s04_result/s04_result.wl"
"PASS: ""identical scalar and angular equations"
"PASS: ""original restoration before unchanged scalar reduction"
"PASS: ""single real comparison sector"
"PASS: ""unchanged own pair initialization syntax"
"PASS: ""Real generated process fields"
"PASS: ""Real generated momentum-field correspondence"
"PASS: ""Real unique coupling degree"
"PASS: ""Real tree coupling reconstruction"
"PASS: ""Real uniform native spinor dimension"
"REUSED_SCALAR_COEFFICIENT ""11323ba67f28279df1cd9a75bd90a614a28e8ab1001fffac0bc71a45350f9ecd"
"PASS: ""all compact scalar products restored"
"PASS: ""fully scalar real contraction"
"PASS: ""denominators independent of normal angle"
"PASS: ""polynomial angular numerator"
"PASS: ""angular numerator reconstruction"
"PASS: ""evaluated angular moment"
"REUSED_SCALAR_COEFFICIENT ""11323ba67f28279df1cd9a75bd90a614a28e8ab1001fffac0bc71a45350f9ecd"
"PASS: ""native physical photon projection interface"
"PASS: ""own first pair diagonal"
"PASS: ""pinned own complete diagonal pair"
"PASS: ""complete own accepted control binding"
"PASS: ""isolated angular comparison cache empty"
"PASS: ""real spin closures"
"OWN_ANGULAR_PROJECTION "{1, 1}
"PASS: ""distinct spin polynomial variables"
"PASS: ""polynomial photon spin dependence"
"PASS: ""own complete raw spin reconstruction {1, 1}"
"PASS: ""own complete accepted spin reconstruction {1, 1}"
"SCALAR_OPERATION_BEGIN ""restore defining scalar products"
"SCALAR_OPERATION_END ""restore defining scalar products"" seconds "0.008757" bytes "749256
"SCALAR_OPERATION_BEGIN ""on-shell reduction of restored coefficient"
"SCALAR_OPERATION_END ""on-shell reduction of restored coefficient"" seconds "2.*^-6" bytes "749256
"PASS: ""normal coordinate independent of on-shell constraint"
"PASS: ""polynomial normal coordinate"
"PASS: ""normal coordinate absent from every denominator"
"PASS: ""selective expansion exact input reconstruction"
"PASS: ""integral nonnegative normal powers"
"PASS: ""every angular term exactly reconstructed"
"PASS: ""all used moments reproduce original angular operator"
"OWN_RESTORED_EQUATION ""UnchangedReduction"" "InputForm[(eq^2*s23*SUNN)/(8*((a12 - s + s23)/2 + (Q^2 + s - s23 + t)/2 - u3/2)^2) - (eq^2*(-a12 + s - s23)^2*s23*SUNN)/(8*(Q^2 + s - s23 + t)^2*((a12 - s + s23)/2 + (Q^2 + s - s23 + t)/2 - u3/2)^2) + (eq^2*(Q^2 + s)^2*s23*SUNN*(Q^2 + t)^2)/(8*(Q^4 + Q^2*s - 2*Q^2*s23 + Q^2*t - s*t)^2*((a12 - s + s23)/2 + (Q^2 + s - s23 + t)/2 - u3/2)^2) - (eq^2*(Q^2 + s)^2*(-a12 + s - s23)^2*s23*SUNN*(Q^2 + t)^2)/(8*(Q^2 + s - s23 + t)^2*(Q^4 + Q^2*s - 2*Q^2*s23 + Q^2*t - s*t)^2*((a12 - s + s23)/2 + (Q^2 + s - s23 + t)/2 - u3/2)^2) - (2*a12*eq^2*normalDot^2*SUNN*transverseK^2)/((Q^2 + s - s23 + t)^2*((a12 - s + s23)/2 + (Q^2 + s - s23 + t)/2 - u3/2)^2) - (a12*eq^2*(-a12 + s - s23)*SUNN*transverseK^2)/((Q^2 + s - s23 + t)^2*((a12 - s + s23)/2 + (Q^2 + s - s23 + t)/2 - u3/2)^2) - (2*eq^2*normalDot^2*(-a12 + s - s23)*SUNN*transverseK^2)/((Q^2 + s - s23 + t)^2*((a12 - s + s23)/2 + (Q^2 + s - s23 + t)/2 - u3/2)^2) - (2*eq^2*normalDot^2*s23*SUNN*transverseK^2)/((Q^2 + s - s23 + t)^2*((a12 - s + s23)/2 + (Q^2 + s - s23 + t)/2 - u3/2)^2) + (2*eq^2*normalDot^2*SUNN*transverseK^2)/((Q^2 + s - s23 + t)*((a12 - s + s23)/2 + (Q^2 + s - s23 + t)/2 - u3/2)^2) - (eq^2*s23*SUNN*transverseK^2)/((Q^2 + s - s23 + t)*((a12 - s + s23)/2 + (Q^2 + s - s23 + t)/2 - u3/2)^2) - (2*a12*eq^2*normalDot^2*(Q^2 + s)^4*SUNN*transverseK^2)/((Q^2 + s - s23 + t)^2*(Q^4 + Q^2*s - 2*Q^2*s23 + Q^2*t - s*t)^2*((a12 - s + s23)/2 + (Q^2 + s - s23 + t)/2 - u3/2)^2) - (a12*eq^2*(Q^2 + s)^4*(-a12 + s - s23)*SUNN*transverseK^2)/((Q^2 + s - s23 + t)^2*(Q^4 + Q^2*s - 2*Q^2*s23 + Q^2*t - s*t)^2*((a12 - s + s23)/2 + (Q^2 + s - s23 + t)/2 - u3/2)^2) - (2*eq^2*normalDot^2*(Q^2 + s)^4*(-a12 + s - s23)*SUNN*transverseK^2)/((Q^2 + s - s23 + t)^2*(Q^4 + Q^2*s - 2*Q^2*s23 + Q^2*t - s*t)^2*((a12 - s + s23)/2 + (Q^2 + s - s23 + t)/2 - u3/2)^2) - (2*eq^2*normalDot^2*(Q^2 + s)^4*s23*SUNN*transverseK^2)/((Q^2 + s - s23 + t)^2*(Q^4 + Q^2*s - 2*Q^2*s23 + Q^2*t - s*t)^2*((a12 - s + s23)/2 + (Q^2 + s - s23 + t)/2 - u3/2)^2) + (2*eq^2*normalDot^2*(Q^2 + s)^4*SUNN*transverseK^2)/((Q^2 + s - s23 + t)*(Q^4 + Q^2*s - 2*Q^2*s23 + Q^2*t - s*t)^2*((a12 - s + s23)/2 + (Q^2 + s - s23 + t)/2 - u3/2)^2) - (eq^2*(Q^2 + s)^4*s23*SUNN*transverseK^2)/((Q^2 + s - s23 + t)*(Q^4 + Q^2*s - 2*Q^2*s23 + Q^2*t - s*t)^2*((a12 - s + s23)/2 + (Q^2 + s - s23 + t)/2 - u3/2)^2) + (a12*eq^2*(-a12 + s - s23)*SUNN*u3)/(4*(Q^2 + s - s23 + t)^2*((a12 - s + s23)/2 + (Q^2 + s - s23 + t)/2 - u3/2)^2) + (eq^2*(-a12 + s - s23)*s23*SUNN*u3)/(4*(Q^2 + s - s23 + t)^2*((a12 - s + s23)/2 + (Q^2 + s - s23 + t)/2 - u3/2)^2) + (a12*eq^2*SUNN*u3)/(4*(Q^2 + s - s23 + t)*((a12 - s + s23)/2 + (Q^2 + s - s23 + t)/2 - u3/2)^2) + (a12*eq^2*(Q^2 + s)^2*(-a12 + s - s23)*SUNN*(Q^2 + t)^2*u3)/(4*(Q^2 + s - s23 + t)^2*(Q^4 + Q^2*s - 2*Q^2*s23 + Q^2*t - s*t)^2*((a12 - s + s23)/2 + (Q^2 + s - s23 + t)/2 - u3/2)^2) + (eq^2*(Q^2 + s)^2*(-a12 + s - s23)*s23*SUNN*(Q^2 + t)^2*u3)/(4*(Q^2 + s - s23 + t)^2*(Q^4 + Q^2*s - 2*Q^2*s23 + Q^2*t - s*t)^2*((a12 - s + s23)/2 + (Q^2 + s - s23 + t)/2 - u3/2)^2) + (a12*eq^2*(Q^2 + s)^2*SUNN*(Q^2 + t)^2*u3)/(4*(Q^2 + s - s23 + t)*(Q^4 + Q^2*s - 2*Q^2*s23 + Q^2*t - s*t)^2*((a12 - s + s23)/2 + (Q^2 + s - s23 + t)/2 - u3/2)^2) - (a12*eq^2*SUNN*transverseK^2*u3)/((Q^2 + s - s23 + t)^2*((a12 - s + s23)/2 + (Q^2 + s - s23 + t)/2 - u3/2)^2) - (2*eq^2*normalDot^2*SUNN*transverseK^2*u3)/((Q^2 + s - s23 + t)^2*((a12 - s + s23)/2 + (Q^2 + s - s23 + t)/2 - u3/2)^2) - (a12*eq^2*(Q^2 + s)^4*SUNN*transverseK^2*u3)/((Q^2 + s - s23 + t)^2*(Q^4 + Q^2*s - 2*Q^2*s23 + Q^2*t - s*t)^2*((a12 - s + s23)/2 + (Q^2 + s - s23 + t)/2 - u3/2)^2) - (2*eq^2*normalDot^2*(Q^2 + s)^4*SUNN*transverseK^2*u3)/((Q^2 + s - s23 + t)^2*(Q^4 + Q^2*s - 2*Q^2*s23 + Q^2*t - s*t)^2*((a12 - s + s23)/2 + (Q^2 + s - s23 + t)/2 - u3/2)^2) - (a12*eq^2*SUNN*u3^2)/(4*(Q^2 + s - s23 + t)^2*((a12 - s + s23)/2 + (Q^2 + s - s23 + t)/2 - u3/2)^2) - (eq^2*s23*SUNN*u3^2)/(8*(Q^2 + s - s23 + t)^2*((a12 - s + s23)/2 + (Q^2 + s - s23 + t)/2 - u3/2)^2) - (a12*eq^2*(Q^2 + s)^2*SUNN*(Q^2 + t)^2*u3^2)/(4*(Q^2 + s - s23 + t)^2*(Q^4 + Q^2*s - 2*Q^2*s23 + Q^2*t - s*t)^2*((a12 - s + s23)/2 + (Q^2 + s - s23 + t)/2 - u3/2)^2) - (eq^2*(Q^2 + s)^2*s23*SUNN*(Q^2 + t)^2*u3^2)/(8*(Q^2 + s - s23 + t)^2*(Q^4 + Q^2*s - 2*Q^2*s23 + Q^2*t - s*t)^2*((a12 - s + s23)/2 + (Q^2 + s - s23 + t)/2 - u3/2)^2) + (eq^2*(-a12 + s - s23)^2*SUNN*(s23 - t + u3))/(4*(Q^2 + s - s23 + t)^2*((a12 - s + s23)/2 + (Q^2 + s - s23 + t)/2 - u3/2)^2) - (eq^2*(-a12 + s - s23)*SUNN*(s23 - t + u3))/(4*(Q^2 + s - s23 + t)*((a12 - s + s23)/2 + (Q^2 + s - s23 + t)/2 - u3/2)^2) + (eq^2*(Q^2 + s)^2*(-a12 + s - s23)^2*SUNN*(Q^2 + t)^2*(s23 - t + u3))/(4*(Q^2 + s - s23 + t)^2*(Q^4 + Q^2*s - 2*Q^2*s23 + Q^2*t - s*t)^2*((a12 - s + s23)/2 + (Q^2 + s - s23 + t)/2 - u3/2)^2) - (eq^2*(Q^2 + s)^2*(-a12 + s - s23)*SUNN*(Q^2 + t)^2*(s23 - t + u3))/(4*(Q^2 + s - s23 + t)*(Q^4 + Q^2*s - 2*Q^2*s23 + Q^2*t - s*t)^2*((a12 - s + s23)/2 + (Q^2 + s - s23 + t)/2 - u3/2)^2) + (2*eq^2*normalDot^2*SUNN*transverseK^2*(s23 - t + u3))/((Q^2 + s - s23 + t)^2*((a12 - s + s23)/2 + (Q^2 + s - s23 + t)/2 - u3/2)^2) + (eq^2*(-a12 + s - s23)*SUNN*transverseK^2*(s23 - t + u3))/((Q^2 + s - s23 + t)^2*((a12 - s + s23)/2 + (Q^2 + s - s23 + t)/2 - u3/2)^2) + (2*eq^2*normalDot^2*(Q^2 + s)^4*SUNN*transverseK^2*(s23 - t + u3))/((Q^2 + s - s23 + t)^2*(Q^4 + Q^2*s - 2*Q^2*s23 + Q^2*t - s*t)^2*((a12 - s + s23)/2 + (Q^2 + s - s23 + t)/2 - u3/2)^2) + (eq^2*(Q^2 + s)^4*(-a12 + s - s23)*SUNN*transverseK^2*(s23 - t + u3))/((Q^2 + s - s23 + t)^2*(Q^4 + Q^2*s - 2*Q^2*s23 + Q^2*t - s*t)^2*((a12 - s + s23)/2 + (Q^2 + s - s23 + t)/2 - u3/2)^2) - (eq^2*(-a12 + s - s23)*SUNN*u3*(s23 - t + u3))/(4*(Q^2 + s - s23 + t)^2*((a12 - s + s23)/2 + (Q^2 + s - s23 + t)/2 - u3/2)^2) - (eq^2*(Q^2 + s)^2*(-a12 + s - s23)*SUNN*(Q^2 + t)^2*u3*(s23 - t + u3))/(4*(Q^2 + s - s23 + t)^2*(Q^4 + Q^2*s - 2*Q^2*s23 + Q^2*t - s*t)^2*((a12 - s + s23)/2 + (Q^2 + s - s23 + t)/2 - u3/2)^2) + (eq^2*SUNN*transverseK^2*u3*(s23 - t + u3))/((Q^2 + s - s23 + t)^2*((a12 - s + s23)/2 + (Q^2 + s - s23 + t)/2 - u3/2)^2) + (eq^2*(Q^2 + s)^4*SUNN*transverseK^2*u3*(s23 - t + u3))/((Q^2 + s - s23 + t)^2*(Q^4 + Q^2*s - 2*Q^2*s23 + Q^2*t - s*t)^2*((a12 - s + s23)/2 + (Q^2 + s - s23 + t)/2 - u3/2)^2) - (eq^2*(-a12 + s - s23)^2*SUNN*(a12*Q^2 + a12*s + 2*Q^2*s23 - Q^2*t + s*t + Q^2*u3 - s*u3))/(4*Q^2*(Q^2 + s - s23 + t)^2*((a12 - s + s23)/2 + (Q^2 + s - s23 + t)/2 - u3/2)^2) + (eq^2*(-a12 + s - s23)*SUNN*(a12*Q^2 + a12*s + 2*Q^2*s23 - Q^2*t + s*t + Q^2*u3 - s*u3))/(4*Q^2*(Q^2 + s - s23 + t)*((a12 - s + s23)/2 + (Q^2 + s - s23 + t)/2 - u3/2)^2) - (eq^2*(Q^2 + s)^2*(-a12 + s - s23)^2*SUNN*(Q^2 + t)^2*(a12*Q^2 + a12*s + 2*Q^2*s23 - Q^2*t + s*t + Q^2*u3 - s*u3))/(4*Q^2*(Q^2 + s - s23 + t)^2*(Q^4 + Q^2*s - 2*Q^2*s23 + Q^2*t - s*t)^2*((a12 - s + s23)/2 + (Q^2 + s - s23 + t)/2 - u3/2)^2) + (eq^2*(Q^2 + s)^2*(-a12 + s - s23)*SUNN*(Q^2 + t)^2*(a12*Q^2 + a12*s + 2*Q^2*s23 - Q^2*t + s*t + Q^2*u3 - s*u3))/(4*Q^2*(Q^2 + s - s23 + t)*(Q^4 + Q^2*s - 2*Q^2*s23 + Q^2*t - s*t)^2*((a12 - s + s23)/2 + (Q^2 + s - s23 + t)/2 - u3/2)^2) - (2*eq^2*normalDot^2*SUNN*transverseK^2*(a12*Q^2 + a12*s + 2*Q^2*s23 - Q^2*t + s*t + Q^2*u3 - s*u3))/(Q^2*(Q^2 + s - s23 + t)^2*((a12 - s + s23)/2 + (Q^2 + s - s23 + t)/2 - u3/2)^2) - (eq^2*(-a12 + s - s23)*SUNN*transverseK^2*(a12*Q^2 + a12*s + 2*Q^2*s23 - Q^2*t + s*t + Q^2*u3 - s*u3))/(Q^2*(Q^2 + s - s23 + t)^2*((a12 - s + s23)/2 + (Q^2 + s - s23 + t)/2 - u3/2)^2) - (2*eq^2*normalDot^2*(Q^2 + s)^4*SUNN*transverseK^2*(a12*Q^2 + a12*s + 2*Q^2*s23 - Q^2*t + s*t + Q^2*u3 - s*u3))/(Q^2*(Q^2 + s - s23 + t)^2*(Q^4 + Q^2*s - 2*Q^2*s23 + Q^2*t - s*t)^2*((a12 - s + s23)/2 + (Q^2 + s - s23 + t)/2 - u3/2)^2) - (eq^2*(Q^2 + s)^4*(-a12 + s - s23)*SUNN*transverseK^2*(a12*Q^2 + a12*s + 2*Q^2*s23 - Q^2*t + s*t + Q^2*u3 - s*u3))/(Q^2*(Q^2 + s - s23 + t)^2*(Q^4 + Q^2*s - 2*Q^2*s23 + Q^2*t - s*t)^2*((a12 - s + s23)/2 + (Q^2 + s - s23 + t)/2 - u3/2)^2) + (2*eq^2*normalDot^2*(Q^2 + s)^2*SUNN*transverseK^2*(a12*Q^2 + a12*s + 2*Q^2*s23 - Q^2*t + s*t + Q^2*u3 - s*u3))/(Q^2*(Q^2 + s - s23 + t)^2*(Q^4 + Q^2*s - 2*Q^2*s23 + Q^2*t - s*t)*((a12 - s + s23)/2 + (Q^2 + s - s23 + t)/2 - u3/2)^2) + (eq^2*(Q^2 + s)^2*(-a12 + s - s23)*SUNN*transverseK^2*(a12*Q^2 + a12*s + 2*Q^2*s23 - Q^2*t + s*t + Q^2*u3 - s*u3))/(Q^2*(Q^2 + s - s23 + t)^2*(Q^4 + Q^2*s - 2*Q^2*s23 + Q^2*t - s*t)*((a12 - s + s23)/2 + (Q^2 + s - s23 + t)/2 - u3/2)^2) + (2*eq^2*normalDot^2*SUNN*(Q^4 + Q^2*s - 2*Q^2*s23 + Q^2*t - s*t)*transverseK^2*(a12*Q^2 + a12*s + 2*Q^2*s23 - Q^2*t + s*t + Q^2*u3 - s*u3))/(Q^2*(Q^2 + s)^2*(Q^2 + s - s23 + t)^2*((a12 - s + s23)/2 + (Q^2 + s - s23 + t)/2 - u3/2)^2) + (eq^2*(-a12 + s - s23)*SUNN*(Q^4 + Q^2*s - 2*Q^2*s23 + Q^2*t - s*t)*transverseK^2*(a12*Q^2 + a12*s + 2*Q^2*s23 - Q^2*t + s*t + Q^2*u3 - s*u3))/(Q^2*(Q^2 + s)^2*(Q^2 + s - s23 + t)^2*((a12 - s + s23)/2 + (Q^2 + s - s23 + t)/2 - u3/2)^2) + (eq^2*(-a12 + s - s23)*SUNN*u3*(a12*Q^2 + a12*s + 2*Q^2*s23 - Q^2*t + s*t + Q^2*u3 - s*u3))/(4*Q^2*(Q^2 + s - s23 + t)^2*((a12 - s + s23)/2 + (Q^2 + s - s23 + t)/2 - u3/2)^2) + (eq^2*(Q^2 + s)^2*(-a12 + s - s23)*SUNN*(Q^2 + t)^2*u3*(a12*Q^2 + a12*s + 2*Q^2*s23 - Q^2*t + s*t + Q^2*u3 - s*u3))/(4*Q^2*(Q^2 + s - s23 + t)^2*(Q^4 + Q^2*s - 2*Q^2*s23 + Q^2*t - s*t)^2*((a12 - s + s23)/2 + (Q^2 + s - s23 + t)/2 - u3/2)^2) - (eq^2*(-a12 + s - s23)*SUNN*(Q^2 + t)^2*u3*(a12*Q^2 + a12*s + 2*Q^2*s23 - Q^2*t + s*t + Q^2*u3 - s*u3))/(4*Q^2*(Q^2 + s - s23 + t)^2*(Q^4 + Q^2*s - 2*Q^2*s23 + Q^2*t - s*t)*((a12 - s + s23)/2 + (Q^2 + s - s23 + t)/2 - u3/2)^2) - (eq^2*SUNN*(Q^2 + t)^2*u3*(a12*Q^2 + a12*s + 2*Q^2*s23 - Q^2*t + s*t + Q^2*u3 - s*u3))/(4*Q^2*(Q^2 + s - s23 + t)*(Q^4 + Q^2*s - 2*Q^2*s23 + Q^2*t - s*t)*((a12 - s + s23)/2 + (Q^2 + s - s23 + t)/2 - u3/2)^2) - (eq^2*(-a12 + s - s23)*SUNN*(Q^4 + Q^2*s - 2*Q^2*s23 + Q^2*t - s*t)*u3*(a12*Q^2 + a12*s + 2*Q^2*s23 - Q^2*t + s*t + Q^2*u3 - s*u3))/(4*Q^2*(Q^2 + s)^2*(Q^2 + s - s23 + t)^2*((a12 - s + s23)/2 + (Q^2 + s - s23 + t)/2 - u3/2)^2) - (eq^2*SUNN*(Q^4 + Q^2*s - 2*Q^2*s23 + Q^2*t - s*t)*u3*(a12*Q^2 + a12*s + 2*Q^2*s23 - Q^2*t + s*t + Q^2*u3 - s*u3))/(4*Q^2*(Q^2 + s)^2*(Q^2 + s - s23 + t)*((a12 - s + s23)/2 + (Q^2 + s - s23 + t)/2 - u3/2)^2) - (eq^2*SUNN*transverseK^2*u3*(a12*Q^2 + a12*s + 2*Q^2*s23 - Q^2*t + s*t + Q^2*u3 - s*u3))/(Q^2*(Q^2 + s - s23 + t)^2*((a12 - s + s23)/2 + (Q^2 + s - s23 + t)/2 - u3/2)^2) - (eq^2*(Q^2 + s)^4*SUNN*transverseK^2*u3*(a12*Q^2 + a12*s + 2*Q^2*s23 - Q^2*t + s*t + Q^2*u3 - s*u3))/(Q^2*(Q^2 + s - s23 + t)^2*(Q^4 + Q^2*s - 2*Q^2*s23 + Q^2*t - s*t)^2*((a12 - s + s23)/2 + (Q^2 + s - s23 + t)/2 - u3/2)^2) + (eq^2*(Q^2 + s)^2*SUNN*transverseK^2*u3*(a12*Q^2 + a12*s + 2*Q^2*s23 - Q^2*t + s*t + Q^2*u3 - s*u3))/(Q^2*(Q^2 + s - s23 + t)^2*(Q^4 + Q^2*s - 2*Q^2*s23 + Q^2*t - s*t)*((a12 - s + s23)/2 + (Q^2 + s - s23 + t)/2 - u3/2)^2) + (eq^2*SUNN*(Q^4 + Q^2*s - 2*Q^2*s23 + Q^2*t - s*t)*transverseK^2*u3*(a12*Q^2 + a12*s + 2*Q^2*s23 - Q^2*t + s*t + Q^2*u3 - s*u3))/(Q^2*(Q^2 + s)^2*(Q^2 + s - s23 + t)^2*((a12 - s + s23)/2 + (Q^2 + s - s23 + t)/2 - u3/2)^2) + (eq^2*SUNN*(Q^2 + t)^2*u3^2*(a12*Q^2 + a12*s + 2*Q^2*s23 - Q^2*t + s*t + Q^2*u3 - s*u3))/(4*Q^2*(Q^2 + s - s23 + t)^2*(Q^4 + Q^2*s - 2*Q^2*s23 + Q^2*t - s*t)*((a12 - s + s23)/2 + (Q^2 + s - s23 + t)/2 - u3/2)^2) + (eq^2*SUNN*(Q^4 + Q^2*s - 2*Q^2*s23 + Q^2*t - s*t)*u3^2*(a12*Q^2 + a12*s + 2*Q^2*s23 - Q^2*t + s*t + Q^2*u3 - s*u3))/(4*Q^2*(Q^2 + s)^2*(Q^2 + s - s23 + t)^2*((a12 - s + s23)/2 + (Q^2 + s - s23 + t)/2 - u3/2)^2) - (eq^2*SUNN*(a12*Q^2 + a12*s + 2*Q^2*s23 - Q^2*t + s*t + Q^2*u3 - s*u3)*(-(a12*Q^2) - a12*s + Q^2*s + s^2 - Q^2*u3 + s*u3))/(8*Q^2*(Q^2 + s)^2*((a12 - s + s23)/2 + (Q^2 + s - s23 + t)/2 - u3/2)^2) + (eq^2*(-a12 + s - s23)^2*SUNN*(a12*Q^2 + a12*s + 2*Q^2*s23 - Q^2*t + s*t + Q^2*u3 - s*u3)*(-(a12*Q^2) - a12*s + Q^2*s + s^2 - Q^2*u3 + s*u3))/(8*Q^2*(Q^2 + s)^2*(Q^2 + s - s23 + t)^2*((a12 - s + s23)/2 + (Q^2 + s - s23 + t)/2 - u3/2)^2) - (eq^2*SUNN*(Q^2 + t)^2*(a12*Q^2 + a12*s + 2*Q^2*s23 - Q^2*t + s*t + Q^2*u3 - s*u3)*(-(a12*Q^2) - a12*s + Q^2*s + s^2 - Q^2*u3 + s*u3))/(8*Q^2*(Q^4 + Q^2*s - 2*Q^2*s23 + Q^2*t - s*t)^2*((a12 - s + s23)/2 + (Q^2 + s - s23 + t)/2 - u3/2)^2) + (eq^2*(-a12 + s - s23)^2*SUNN*(Q^2 + t)^2*(a12*Q^2 + a12*s + 2*Q^2*s23 - Q^2*t + s*t + Q^2*u3 - s*u3)*(-(a12*Q^2) - a12*s + Q^2*s + s^2 - Q^2*u3 + s*u3))/(8*Q^2*(Q^2 + s - s23 + t)^2*(Q^4 + Q^2*s - 2*Q^2*s23 + Q^2*t - s*t)^2*((a12 - s + s23)/2 + (Q^2 + s - s23 + t)/2 - u3/2)^2) + (2*eq^2*normalDot^2*SUNN*transverseK^2*(a12*Q^2 + a12*s + 2*Q^2*s23 - Q^2*t + s*t + Q^2*u3 - s*u3)*(-(a12*Q^2) - a12*s + Q^2*s + s^2 - Q^2*u3 + s*u3))/(Q^2*(Q^2 + s)^2*(Q^2 + s - s23 + t)^2*((a12 - s + s23)/2 + (Q^2 + s - s23 + t)/2 - u3/2)^2) + (eq^2*SUNN*transverseK^2*(a12*Q^2 + a12*s + 2*Q^2*s23 - Q^2*t + s*t + Q^2*u3 - s*u3)*(-(a12*Q^2) - a12*s + Q^2*s + s^2 - Q^2*u3 + s*u3))/(Q^2*(Q^2 + s)^2*(Q^2 + s - s23 + t)*((a12 - s + s23)/2 + (Q^2 + s - s23 + t)/2 - u3/2)^2) + (2*eq^2*normalDot^2*(Q^2 + s)^2*SUNN*transverseK^2*(a12*Q^2 + a12*s + 2*Q^2*s23 - Q^2*t + s*t + Q^2*u3 - s*u3)*(-(a12*Q^2) - a12*s + Q^2*s + s^2 - Q^2*u3 + s*u3))/(Q^2*(Q^2 + s - s23 + t)^2*(Q^4 + Q^2*s - 2*Q^2*s23 + Q^2*t - s*t)^2*((a12 - s + s23)/2 + (Q^2 + s - s23 + t)/2 - u3/2)^2) + (eq^2*(Q^2 + s)^2*SUNN*transverseK^2*(a12*Q^2 + a12*s + 2*Q^2*s23 - Q^2*t + s*t + Q^2*u3 - s*u3)*(-(a12*Q^2) - a12*s + Q^2*s + s^2 - Q^2*u3 + s*u3))/(Q^2*(Q^2 + s - s23 + t)*(Q^4 + Q^2*s - 2*Q^2*s23 + Q^2*t - s*t)^2*((a12 - s + s23)/2 + (Q^2 + s - s23 + t)/2 - u3/2)^2) - (eq^2*(-a12 + s - s23)*SUNN*u3*(a12*Q^2 + a12*s + 2*Q^2*s23 - Q^2*t + s*t + Q^2*u3 - s*u3)*(-(a12*Q^2) - a12*s + Q^2*s + s^2 - Q^2*u3 + s*u3))/(4*Q^2*(Q^2 + s)^2*(Q^2 + s - s23 + t)^2*((a12 - s + s23)/2 + (Q^2 + s - s23 + t)/2 - u3/2)^2) - (eq^2*(-a12 + s - s23)*SUNN*(Q^2 + t)^2*u3*(a12*Q^2 + a12*s + 2*Q^2*s23 - Q^2*t + s*t + Q^2*u3 - s*u3)*(-(a12*Q^2) - a12*s + Q^2*s + s^2 - Q^2*u3 + s*u3))/(4*Q^2*(Q^2 + s - s23 + t)^2*(Q^4 + Q^2*s - 2*Q^2*s23 + Q^2*t - s*t)^2*((a12 - s + s23)/2 + (Q^2 + s - s23 + t)/2 - u3/2)^2) + (eq^2*SUNN*u3^2*(a12*Q^2 + a12*s + 2*Q^2*s23 - Q^2*t + s*t + Q^2*u3 - s*u3)*(-(a12*Q^2) - a12*s + Q^2*s + s^2 - Q^2*u3 + s*u3))/(8*Q^2*(Q^2 + s)^2*(Q^2 + s - s23 + t)^2*((a12 - s + s23)/2 + (Q^2 + s - s23 + t)/2 - u3/2)^2) + (eq^2*SUNN*(Q^2 + t)^2*u3^2*(a12*Q^2 + a12*s + 2*Q^2*s23 - Q^2*t + s*t + Q^2*u3 - s*u3)*(-(a12*Q^2) - a12*s + Q^2*s + s^2 - Q^2*u3 + s*u3))/(8*Q^2*(Q^2 + s - s23 + t)^2*(Q^4 + Q^2*s - 2*Q^2*s23 + Q^2*t - s*t)^2*((a12 - s + s23)/2 + (Q^2 + s - s23 + t)/2 - u3/2)^2) - (eq^2*(Q^2 + s)^3*(-a12 + s - s23)^2*SUNN*(Q^2 + t)*transverseK^2*(-(a12*Q^2*s23) + Q^4*s23 - a12*s*s23 + Q^2*s*s23 - 2*Q^2*s23^2 + a12*Q^2*t + a12*s*t + Q^2*s*t + s^2*t + 2*Q^2*s23*t - 2*s*s23*t + 2*s*t^2 - Q^2*s*u3 - s^2*u3 - Q^2*s23*u3 + s*s23*u3 - 2*s*t*u3))/(4*(Q^2 + s - s23 + t)^3*(Q^4 + Q^2*s - 2*Q^2*s23 + Q^2*t - s*t)^2*(Q^2*s23 + s*t)*((a12 - s + s23)/2 + (Q^2 + s - s23 + t)/2 - u3/2)^2) + (eq^2*(Q^2 + s)^3*(-a12 + s - s23)*SUNN*(Q^2 + t)*transverseK^2*(-(a12*Q^2*s23) + Q^4*s23 - a12*s*s23 + Q^2*s*s23 - 2*Q^2*s23^2 + a12*Q^2*t + a12*s*t + Q^2*s*t + s^2*t + 2*Q^2*s23*t - 2*s*s23*t + 2*s*t^2 - Q^2*s*u3 - s^2*u3 - Q^2*s23*u3 + s*s23*u3 - 2*s*t*u3))/(4*(Q^2 + s - s23 + t)^2*(Q^4 + Q^2*s - 2*Q^2*s23 + Q^2*t - s*t)^2*(Q^2*s23 + s*t)*((a12 - s + s23)/2 + (Q^2 + s - s23 + t)/2 - u3/2)^2) - (eq^2*(Q^2 + s)^3*SUNN*(Q^2 + t)*transverseK^2*u3*(-(a12*Q^2*s23) + Q^4*s23 - a12*s*s23 + Q^2*s*s23 - 2*Q^2*s23^2 + a12*Q^2*t + a12*s*t + Q^2*s*t + s^2*t + 2*Q^2*s23*t - 2*s*s23*t + 2*s*t^2 - Q^2*s*u3 - s^2*u3 - Q^2*s23*u3 + s*s23*u3 - 2*s*t*u3))/(4*(Q^2 + s - s23 + t)^2*(Q^4 + Q^2*s - 2*Q^2*s23 + Q^2*t - s*t)^2*(Q^2*s23 + s*t)*((a12 - s + s23)/2 + (Q^2 + s - s23 + t)/2 - u3/2)^2) + (eq^2*(Q^2 + s)^3*SUNN*(Q^2 + t)*transverseK^2*u3^2*(-(a12*Q^2*s23) + Q^4*s23 - a12*s*s23 + Q^2*s*s23 - 2*Q^2*s23^2 + a12*Q^2*t + a12*s*t + Q^2*s*t + s^2*t + 2*Q^2*s23*t - 2*s*s23*t + 2*s*t^2 - Q^2*s*u3 - s^2*u3 - Q^2*s23*u3 + s*s23*u3 - 2*s*t*u3))/(4*(Q^2 + s - s23 + t)^3*(Q^4 + Q^2*s - 2*Q^2*s23 + Q^2*t - s*t)^2*(Q^2*s23 + s*t)*((a12 - s + s23)/2 + (Q^2 + s - s23 + t)/2 - u3/2)^2) + (a12*eq^2*(Q^2 + s)^3*(-a12 + s - s23)*SUNN*(Q^2 + t)*transverseK^2*(a12*Q^2*s23 + Q^4*s23 + a12*s*s23 + Q^2*s*s23 - a12*Q^2*t - a12*s*t + Q^2*s*t + s^2*t + Q^2*s*u3 + s^2*u3 + Q^2*s23*u3 - s*s23*u3 + 2*s*t*u3))/(4*(Q^2 + s - s23 + t)^3*(Q^4 + Q^2*s - 2*Q^2*s23 + Q^2*t - s*t)^2*(Q^2*s23 + s*t)*((a12 - s + s23)/2 + (Q^2 + s - s23 + t)/2 - u3/2)^2) + (eq^2*(Q^2 + s)^3*(-a12 + s - s23)*s23*SUNN*(Q^2 + t)*transverseK^2*(a12*Q^2*s23 + Q^4*s23 + a12*s*s23 + Q^2*s*s23 - a12*Q^2*t - a12*s*t + Q^2*s*t + s^2*t + Q^2*s*u3 + s^2*u3 + Q^2*s23*u3 - s*s23*u3 + 2*s*t*u3))/(2*(Q^2 + s - s23 + t)^3*(Q^4 + Q^2*s - 2*Q^2*s23 + Q^2*t - s*t)^2*(Q^2*s23 + s*t)*((a12 - s + s23)/2 + (Q^2 + s - s23 + t)/2 - u3/2)^2) + (a12*eq^2*(Q^2 + s)^3*SUNN*(Q^2 + t)*transverseK^2*(a12*Q^2*s23 + Q^4*s23 + a12*s*s23 + Q^2*s*s23 - a12*Q^2*t - a12*s*t + Q^2*s*t + s^2*t + Q^2*s*u3 + s^2*u3 + Q^2*s23*u3 - s*s23*u3 + 2*s*t*u3))/(4*(Q^2 + s - s23 + t)^2*(Q^4 + Q^2*s - 2*Q^2*s23 + Q^2*t - s*t)^2*(Q^2*s23 + s*t)*((a12 - s + s23)/2 + (Q^2 + s - s23 + t)/2 - u3/2)^2) - (3*a12*eq^2*(Q^2 + s)^3*SUNN*(Q^2 + t)*transverseK^2*u3*(a12*Q^2*s23 + Q^4*s23 + a12*s*s23 + Q^2*s*s23 - a12*Q^2*t - a12*s*t + Q^2*s*t + s^2*t + Q^2*s*u3 + s^2*u3 + Q^2*s23*u3 - s*s23*u3 + 2*s*t*u3))/(4*(Q^2 + s - s23 + t)^3*(Q^4 + Q^2*s - 2*Q^2*s23 + Q^2*t - s*t)^2*(Q^2*s23 + s*t)*((a12 - s + s23)/2 + (Q^2 + s - s23 + t)/2 - u3/2)^2) - (eq^2*(Q^2 + s)^3*s23*SUNN*(Q^2 + t)*transverseK^2*u3*(a12*Q^2*s23 + Q^4*s23 + a12*s*s23 + Q^2*s*s23 - a12*Q^2*t - a12*s*t + Q^2*s*t + s^2*t + Q^2*s*u3 + s^2*u3 + Q^2*s23*u3 - s*s23*u3 + 2*s*t*u3))/(2*(Q^2 + s - s23 + t)^3*(Q^4 + Q^2*s - 2*Q^2*s23 + Q^2*t - s*t)^2*(Q^2*s23 + s*t)*((a12 - s + s23)/2 + (Q^2 + s - s23 + t)/2 - u3/2)^2) - (3*eq^2*(Q^2 + s)^3*(-a12 + s - s23)*SUNN*(Q^2 + t)*transverseK^2*(s23 - t + u3)*(a12*Q^2*s23 + Q^4*s23 + a12*s*s23 + Q^2*s*s23 - a12*Q^2*t - a12*s*t + Q^2*s*t + s^2*t + Q^2*s*u3 + s^2*u3 + Q^2*s23*u3 - s*s23*u3 + 2*s*t*u3))/(4*(Q^2 + s - s23 + t)^3*(Q^4 + Q^2*s - 2*Q^2*s23 + Q^2*t - s*t)^2*(Q^2*s23 + s*t)*((a12 - s + s23)/2 + (Q^2 + s - s23 + t)/2 - u3/2)^2) + (eq^2*(Q^2 + s)^3*SUNN*(Q^2 + t)*transverseK^2*(s23 - t + u3)*(a12*Q^2*s23 + Q^4*s23 + a12*s*s23 + Q^2*s*s23 - a12*Q^2*t - a12*s*t + Q^2*s*t + s^2*t + Q^2*s*u3 + s^2*u3 + Q^2*s23*u3 - s*s23*u3 + 2*s*t*u3))/(4*(Q^2 + s - s23 + t)^2*(Q^4 + Q^2*s - 2*Q^2*s23 + Q^2*t - s*t)^2*(Q^2*s23 + s*t)*((a12 - s + s23)/2 + (Q^2 + s - s23 + t)/2 - u3/2)^2) + (eq^2*(Q^2 + s)^3*SUNN*(Q^2 + t)*transverseK^2*u3*(s23 - t + u3)*(a12*Q^2*s23 + Q^4*s23 + a12*s*s23 + Q^2*s*s23 - a12*Q^2*t - a12*s*t + Q^2*s*t + s^2*t + Q^2*s*u3 + s^2*u3 + Q^2*s23*u3 - s*s23*u3 + 2*s*t*u3))/(4*(Q^2 + s - s23 + t)^3*(Q^4 + Q^2*s - 2*Q^2*s23 + Q^2*t - s*t)^2*(Q^2*s23 + s*t)*((a12 - s + s23)/2 + (Q^2 + s - s23 + t)/2 - u3/2)^2) + (3*eq^2*(Q^2 + s)^3*(-a12 + s - s23)*SUNN*(Q^2 + t)*transverseK^2*(a12*Q^2 + a12*s + 2*Q^2*s23 - Q^2*t + s*t + Q^2*u3 - s*u3)*(a12*Q^2*s23 + Q^4*s23 + a12*s*s23 + Q^2*s*s23 - a12*Q^2*t - a12*s*t + Q^2*s*t + s^2*t + Q^2*s*u3 + s^2*u3 + Q^2*s23*u3 - s*s23*u3 + 2*s*t*u3))/(4*Q^2*(Q^2 + s - s23 + t)^3*(Q^4 + Q^2*s - 2*Q^2*s23 + Q^2*t - s*t)^2*(Q^2*s23 + s*t)*((a12 - s + s23)/2 + (Q^2 + s - s23 + t)/2 - u3/2)^2) - (eq^2*(Q^2 + s)^3*SUNN*(Q^2 + t)*transverseK^2*(a12*Q^2 + a12*s + 2*Q^2*s23 - Q^2*t + s*t + Q^2*u3 - s*u3)*(a12*Q^2*s23 + Q^4*s23 + a12*s*s23 + Q^2*s*s23 - a12*Q^2*t - a12*s*t + Q^2*s*t + s^2*t + Q^2*s*u3 + s^2*u3 + Q^2*s23*u3 - s*s23*u3 + 2*s*t*u3))/(4*Q^2*(Q^2 + s - s23 + t)^2*(Q^4 + Q^2*s - 2*Q^2*s23 + Q^2*t - s*t)^2*(Q^2*s23 + s*t)*((a12 - s + s23)/2 + (Q^2 + s - s23 + t)/2 - u3/2)^2) - (eq^2*(Q^2 + s)*(-a12 + s - s23)*SUNN*(Q^2 + t)*transverseK^2*(a12*Q^2 + a12*s + 2*Q^2*s23 - Q^2*t + s*t + Q^2*u3 - s*u3)*(a12*Q^2*s23 + Q^4*s23 + a12*s*s23 + Q^2*s*s23 - a12*Q^2*t - a12*s*t + Q^2*s*t + s^2*t + Q^2*s*u3 + s^2*u3 + Q^2*s23*u3 - s*s23*u3 + 2*s*t*u3))/(4*Q^2*(Q^2 + s - s23 + t)^3*(Q^4 + Q^2*s - 2*Q^2*s23 + Q^2*t - s*t)*(Q^2*s23 + s*t)*((a12 - s + s23)/2 + (Q^2 + s - s23 + t)/2 - u3/2)^2) - (eq^2*(Q^2 + s)*SUNN*(Q^2 + t)*transverseK^2*(a12*Q^2 + a12*s + 2*Q^2*s23 - Q^2*t + s*t + Q^2*u3 - s*u3)*(a12*Q^2*s23 + Q^4*s23 + a12*s*s23 + Q^2*s*s23 - a12*Q^2*t - a12*s*t + Q^2*s*t + s^2*t + Q^2*s*u3 + s^2*u3 + Q^2*s23*u3 - s*s23*u3 + 2*s*t*u3))/(4*Q^2*(Q^2 + s - s23 + t)^2*(Q^4 + Q^2*s - 2*Q^2*s23 + Q^2*t - s*t)*(Q^2*s23 + s*t)*((a12 - s + s23)/2 + (Q^2 + s - s23 + t)/2 - u3/2)^2) - (eq^2*(Q^2 + s)^3*SUNN*(Q^2 + t)*transverseK^2*u3*(a12*Q^2 + a12*s + 2*Q^2*s23 - Q^2*t + s*t + Q^2*u3 - s*u3)*(a12*Q^2*s23 + Q^4*s23 + a12*s*s23 + Q^2*s*s23 - a12*Q^2*t - a12*s*t + Q^2*s*t + s^2*t + Q^2*s*u3 + s^2*u3 + Q^2*s23*u3 - s*s23*u3 + 2*s*t*u3))/(4*Q^2*(Q^2 + s - s23 + t)^3*(Q^4 + Q^2*s - 2*Q^2*s23 + Q^2*t - s*t)^2*(Q^2*s23 + s*t)*((a12 - s + s23)/2 + (Q^2 + s - s23 + t)/2 - u3/2)^2) + (3*eq^2*(Q^2 + s)*SUNN*(Q^2 + t)*transverseK^2*u3*(a12*Q^2 + a12*s + 2*Q^2*s23 - Q^2*t + s*t + Q^2*u3 - s*u3)*(a12*Q^2*s23 + Q^4*s23 + a12*s*s23 + Q^2*s*s23 - a12*Q^2*t - a12*s*t + Q^2*s*t + s^2*t + Q^2*s*u3 + s^2*u3 + Q^2*s23*u3 - s*s23*u3 + 2*s*t*u3))/(4*Q^2*(Q^2 + s - s23 + t)^3*(Q^4 + Q^2*s - 2*Q^2*s23 + Q^2*t - s*t)*(Q^2*s23 + s*t)*((a12 - s + s23)/2 + (Q^2 + s - s23 + t)/2 - u3/2)^2) - (eq^2*(Q^2 + s)*(-a12 + s - s23)*SUNN*(Q^2 + t)*transverseK^2*(a12*Q^2 + a12*s + 2*Q^2*s23 - Q^2*t + s*t + Q^2*u3 - s*u3)*(-(a12*Q^2) - a12*s + Q^2*s + s^2 - Q^2*u3 + s*u3)*(a12*Q^2*s23 + Q^4*s23 + a12*s*s23 + Q^2*s*s23 - a12*Q^2*t - a12*s*t + Q^2*s*t + s^2*t + Q^2*s*u3 + s^2*u3 + Q^2*s23*u3 - s*s23*u3 + 2*s*t*u3))/(2*Q^2*(Q^2 + s - s23 + t)^3*(Q^4 + Q^2*s - 2*Q^2*s23 + Q^2*t - s*t)^2*(Q^2*s23 + s*t)*((a12 - s + s23)/2 + (Q^2 + s - s23 + t)/2 - u3/2)^2) + (eq^2*(Q^2 + s)*SUNN*(Q^2 + t)*transverseK^2*u3*(a12*Q^2 + a12*s + 2*Q^2*s23 - Q^2*t + s*t + Q^2*u3 - s*u3)*(-(a12*Q^2) - a12*s + Q^2*s + s^2 - Q^2*u3 + s*u3)*(a12*Q^2*s23 + Q^4*s23 + a12*s*s23 + Q^2*s*s23 - a12*Q^2*t - a12*s*t + Q^2*s*t + s^2*t + Q^2*s*u3 + s^2*u3 + Q^2*s23*u3 - s*s23*u3 + 2*s*t*u3))/(2*Q^2*(Q^2 + s - s23 + t)^3*(Q^4 + Q^2*s - 2*Q^2*s23 + Q^2*t - s*t)^2*(Q^2*s23 + s*t)*((a12 - s + s23)/2 + (Q^2 + s - s23 + t)/2 - u3/2)^2) + (eq^2*(Q^2 + s)^4*(-a12 + s - s23)*SUNN*transverseK^4*(-(a12*Q^2*s23) + Q^4*s23 - a12*s*s23 + Q^2*s*s23 - 2*Q^2*s23^2 + a12*Q^2*t + a12*s*t + Q^2*s*t + s^2*t + 2*Q^2*s23*t - 2*s*s23*t + 2*s*t^2 - Q^2*s*u3 - s^2*u3 - Q^2*s23*u3 + s*s23*u3 - 2*s*t*u3)*(a12*Q^2*s23 + Q^4*s23 + a12*s*s23 + Q^2*s*s23 - a12*Q^2*t - a12*s*t + Q^2*s*t + s^2*t + Q^2*s*u3 + s^2*u3 + Q^2*s23*u3 - s*s23*u3 + 2*s*t*u3))/(2*(Q^2 + s - s23 + t)^4*(Q^4 + Q^2*s - 2*Q^2*s23 + Q^2*t - s*t)^2*(Q^2*s23 + s*t)^2*((a12 - s + s23)/2 + (Q^2 + s - s23 + t)/2 - u3/2)^2) - (eq^2*(Q^2 + s)^4*SUNN*transverseK^4*(-(a12*Q^2*s23) + Q^4*s23 - a12*s*s23 + Q^2*s*s23 - 2*Q^2*s23^2 + a12*Q^2*t + a12*s*t + Q^2*s*t + s^2*t + 2*Q^2*s23*t - 2*s*s23*t + 2*s*t^2 - Q^2*s*u3 - s^2*u3 - Q^2*s23*u3 + s*s23*u3 - 2*s*t*u3)*(a12*Q^2*s23 + Q^4*s23 + a12*s*s23 + Q^2*s*s23 - a12*Q^2*t - a12*s*t + Q^2*s*t + s^2*t + Q^2*s*u3 + s^2*u3 + Q^2*s23*u3 - s*s23*u3 + 2*s*t*u3))/(2*(Q^2 + s - s23 + t)^3*(Q^4 + Q^2*s - 2*Q^2*s23 + Q^2*t - s*t)^2*(Q^2*s23 + s*t)^2*((a12 - s + s23)/2 + (Q^2 + s - s23 + t)/2 - u3/2)^2) + (eq^2*(Q^2 + s)^4*SUNN*transverseK^4*u3*(-(a12*Q^2*s23) + Q^4*s23 - a12*s*s23 + Q^2*s*s23 - 2*Q^2*s23^2 + a12*Q^2*t + a12*s*t + Q^2*s*t + s^2*t + 2*Q^2*s23*t - 2*s*s23*t + 2*s*t^2 - Q^2*s*u3 - s^2*u3 - Q^2*s23*u3 + s*s23*u3 - 2*s*t*u3)*(a12*Q^2*s23 + Q^4*s23 + a12*s*s23 + Q^2*s*s23 - a12*Q^2*t - a12*s*t + Q^2*s*t + s^2*t + Q^2*s*u3 + s^2*u3 + Q^2*s23*u3 - s*s23*u3 + 2*s*t*u3))/(2*(Q^2 + s - s23 + t)^4*(Q^4 + Q^2*s - 2*Q^2*s23 + Q^2*t - s*t)^2*(Q^2*s23 + s*t)^2*((a12 - s + s23)/2 + (Q^2 + s - s23 + t)/2 - u3/2)^2) - (a12*eq^2*(Q^2 + s)^4*SUNN*transverseK^4*(a12*Q^2*s23 + Q^4*s23 + a12*s*s23 + Q^2*s*s23 - a12*Q^2*t - a12*s*t + Q^2*s*t + s^2*t + Q^2*s*u3 + s^2*u3 + Q^2*s23*u3 - s*s23*u3 + 2*s*t*u3)^2)/(2*(Q^2 + s - s23 + t)^4*(Q^4 + Q^2*s - 2*Q^2*s23 + Q^2*t - s*t)^2*(Q^2*s23 + s*t)^2*((a12 - s + s23)/2 + (Q^2 + s - s23 + t)/2 - u3/2)^2) - (eq^2*(Q^2 + s)^4*s23*SUNN*transverseK^4*(a12*Q^2*s23 + Q^4*s23 + a12*s*s23 + Q^2*s*s23 - a12*Q^2*t - a12*s*t + Q^2*s*t + s^2*t + Q^2*s*u3 + s^2*u3 + Q^2*s23*u3 - s*s23*u3 + 2*s*t*u3)^2)/(2*(Q^2 + s - s23 + t)^4*(Q^4 + Q^2*s - 2*Q^2*s23 + Q^2*t - s*t)^2*(Q^2*s23 + s*t)^2*((a12 - s + s23)/2 + (Q^2 + s - s23 + t)/2 - u3/2)^2) + (eq^2*(Q^2 + s)^4*SUNN*transverseK^4*(s23 - t + u3)*(a12*Q^2*s23 + Q^4*s23 + a12*s*s23 + Q^2*s*s23 - a12*Q^2*t - a12*s*t + Q^2*s*t + s^2*t + Q^2*s*u3 + s^2*u3 + Q^2*s23*u3 - s*s23*u3 + 2*s*t*u3)^2)/(2*(Q^2 + s - s23 + t)^4*(Q^4 + Q^2*s - 2*Q^2*s23 + Q^2*t - s*t)^2*(Q^2*s23 + s*t)^2*((a12 - s + s23)/2 + (Q^2 + s - s23 + t)/2 - u3/2)^2) - (eq^2*(Q^2 + s)^4*SUNN*transverseK^4*(a12*Q^2 + a12*s + 2*Q^2*s23 - Q^2*t + s*t + Q^2*u3 - s*u3)*(a12*Q^2*s23 + Q^4*s23 + a12*s*s23 + Q^2*s*s23 - a12*Q^2*t - a12*s*t + Q^2*s*t + s^2*t + Q^2*s*u3 + s^2*u3 + Q^2*s23*u3 - s*s23*u3 + 2*s*t*u3)^2)/(2*Q^2*(Q^2 + s - s23 + t)^4*(Q^4 + Q^2*s - 2*Q^2*s23 + Q^2*t - s*t)^2*(Q^2*s23 + s*t)^2*((a12 - s + s23)/2 + (Q^2 + s - s23 + t)/2 - u3/2)^2) + (eq^2*(Q^2 + s)^2*SUNN*transverseK^4*(a12*Q^2 + a12*s + 2*Q^2*s23 - Q^2*t + s*t + Q^2*u3 - s*u3)*(a12*Q^2*s23 + Q^4*s23 + a12*s*s23 + Q^2*s*s23 - a12*Q^2*t - a12*s*t + Q^2*s*t + s^2*t + Q^2*s*u3 + s^2*u3 + Q^2*s23*u3 - s*s23*u3 + 2*s*t*u3)^2)/(2*Q^2*(Q^2 + s - s23 + t)^4*(Q^4 + Q^2*s - 2*Q^2*s23 + Q^2*t - s*t)*(Q^2*s23 + s*t)^2*((a12 - s + s23)/2 + (Q^2 + s - s23 + t)/2 - u3/2)^2) + (eq^2*(Q^2 + s)^2*SUNN*transverseK^4*(a12*Q^2 + a12*s + 2*Q^2*s23 - Q^2*t + s*t + Q^2*u3 - s*u3)*(-(a12*Q^2) - a12*s + Q^2*s + s^2 - Q^2*u3 + s*u3)*(a12*Q^2*s23 + Q^4*s23 + a12*s*s23 + Q^2*s*s23 - a12*Q^2*t - a12*s*t + Q^2*s*t + s^2*t + Q^2*s*u3 + s^2*u3 + Q^2*s23*u3 - s*s23*u3 + 2*s*t*u3)^2)/(2*Q^2*(Q^2 + s - s23 + t)^4*(Q^4 + Q^2*s - 2*Q^2*s23 + Q^2*t - s*t)^2*(Q^2*s23 + s*t)^2*((a12 - s + s23)/2 + (Q^2 + s - s23 + t)/2 - u3/2)^2) - (eq^2*(Q^2 + s)^2*(-a12 + s - s23)^2*SUNN*(Q^2 + t)*transverseK^2*(-3*a12*Q^4*s23 + Q^6*s23 - 3*a12*Q^2*s*s23 + Q^4*s*s23 + 2*a12*Q^2*s23^2 - 2*Q^4*s23^2 + a12*Q^4*t - a12*Q^2*s*t + Q^4*s*t - 2*a12*s^2*t + Q^2*s^2*t - 3*a12*Q^2*s23*t + Q^4*s23*t + a12*s*s23*t - 3*Q^2*s*s23*t + a12*Q^2*t^2 - a12*s*t^2 + Q^2*s*t^2 - s^2*t^2 - Q^4*s*u3 - Q^2*s^2*u3 + Q^4*s23*u3 + 3*Q^2*s*s23*u3 - 2*Q^2*s23^2*u3 - Q^2*s*t*u3 + s^2*t*u3 + Q^2*s23*t*u3 - s*s23*t*u3))/(4*(Q^2 + s - s23 + t)^3*(Q^4 + Q^2*s - 2*Q^2*s23 + Q^2*t - s*t)^2*(Q^2*s23 + s*t)*((a12 - s + s23)/2 + (Q^2 + s - s23 + t)/2 - u3/2)^2) + (eq^2*(Q^2 + s)^2*(-a12 + s - s23)*SUNN*(Q^2 + t)*transverseK^2*(-3*a12*Q^4*s23 + Q^6*s23 - 3*a12*Q^2*s*s23 + Q^4*s*s23 + 2*a12*Q^2*s23^2 - 2*Q^4*s23^2 + a12*Q^4*t - a12*Q^2*s*t + Q^4*s*t - 2*a12*s^2*t + Q^2*s^2*t - 3*a12*Q^2*s23*t + Q^4*s23*t + a12*s*s23*t - 3*Q^2*s*s23*t + a12*Q^2*t^2 - a12*s*t^2 + Q^2*s*t^2 - s^2*t^2 - Q^4*s*u3 - Q^2*s^2*u3 + Q^4*s23*u3 + 3*Q^2*s*s23*u3 - 2*Q^2*s23^2*u3 - Q^2*s*t*u3 + s^2*t*u3 + Q^2*s23*t*u3 - s*s23*t*u3))/(4*(Q^2 + s - s23 + t)^2*(Q^4 + Q^2*s - 2*Q^2*s23 + Q^2*t - s*t)^2*(Q^2*s23 + s*t)*((a12 - s + s23)/2 + (Q^2 + s - s23 + t)/2 - u3/2)^2) - (eq^2*(Q^2 + s)^2*SUNN*(Q^2 + t)*transverseK^2*u3*(-3*a12*Q^4*s23 + Q^6*s23 - 3*a12*Q^2*s*s23 + Q^4*s*s23 + 2*a12*Q^2*s23^2 - 2*Q^4*s23^2 + a12*Q^4*t - a12*Q^2*s*t + Q^4*s*t - 2*a12*s^2*t + Q^2*s^2*t - 3*a12*Q^2*s23*t + Q^4*s23*t + a12*s*s23*t - 3*Q^2*s*s23*t + a12*Q^2*t^2 - a12*s*t^2 + Q^2*s*t^2 - s^2*t^2 - Q^4*s*u3 - Q^2*s^2*u3 + Q^4*s23*u3 + 3*Q^2*s*s23*u3 - 2*Q^2*s23^2*u3 - Q^2*s*t*u3 + s^2*t*u3 + Q^2*s23*t*u3 - s*s23*t*u3))/(4*(Q^2 + s - s23 + t)^2*(Q^4 + Q^2*s - 2*Q^2*s23 + Q^2*t - s*t)^2*(Q^2*s23 + s*t)*((a12 - s + s23)/2 + (Q^2 + s - s23 + t)/2 - u3/2)^2) + (eq^2*(Q^2 + s)^2*SUNN*(Q^2 + t)*transverseK^2*u3^2*(-3*a12*Q^4*s23 + Q^6*s23 - 3*a12*Q^2*s*s23 + Q^4*s*s23 + 2*a12*Q^2*s23^2 - 2*Q^4*s23^2 + a12*Q^4*t - a12*Q^2*s*t + Q^4*s*t - 2*a12*s^2*t + Q^2*s^2*t - 3*a12*Q^2*s23*t + Q^4*s23*t + a12*s*s23*t - 3*Q^2*s*s23*t + a12*Q^2*t^2 - a12*s*t^2 + Q^2*s*t^2 - s^2*t^2 - Q^4*s*u3 - Q^2*s^2*u3 + Q^4*s23*u3 + 3*Q^2*s*s23*u3 - 2*Q^2*s23^2*u3 - Q^2*s*t*u3 + s^2*t*u3 + Q^2*s23*t*u3 - s*s23*t*u3))/(4*(Q^2 + s - s23 + t)^3*(Q^4 + Q^2*s - 2*Q^2*s23 + Q^2*t - s*t)^2*(Q^2*s23 + s*t)*((a12 - s + s23)/2 + (Q^2 + s - s23 + t)/2 - u3/2)^2) + (eq^2*(Q^2 + s)^3*(-a12 + s - s23)*SUNN*transverseK^4*(a12*Q^2*s23 + Q^4*s23 + a12*s*s23 + Q^2*s*s23 - a12*Q^2*t - a12*s*t + Q^2*s*t + s^2*t + Q^2*s*u3 + s^2*u3 + Q^2*s23*u3 - s*s23*u3 + 2*s*t*u3)*(-3*a12*Q^4*s23 + Q^6*s23 - 3*a12*Q^2*s*s23 + Q^4*s*s23 + 2*a12*Q^2*s23^2 - 2*Q^4*s23^2 + a12*Q^4*t - a12*Q^2*s*t + Q^4*s*t - 2*a12*s^2*t + Q^2*s^2*t - 3*a12*Q^2*s23*t + Q^4*s23*t + a12*s*s23*t - 3*Q^2*s*s23*t + a12*Q^2*t^2 - a12*s*t^2 + Q^2*s*t^2 - s^2*t^2 - Q^4*s*u3 - Q^2*s^2*u3 + Q^4*s23*u3 + 3*Q^2*s*s23*u3 - 2*Q^2*s23^2*u3 - Q^2*s*t*u3 + s^2*t*u3 + Q^2*s23*t*u3 - s*s23*t*u3))/(2*(Q^2 + s - s23 + t)^4*(Q^4 + Q^2*s - 2*Q^2*s23 + Q^2*t - s*t)^2*(Q^2*s23 + s*t)^2*((a12 - s + s23)/2 + (Q^2 + s - s23 + t)/2 - u3/2)^2) - (eq^2*(Q^2 + s)^3*SUNN*transverseK^4*(a12*Q^2*s23 + Q^4*s23 + a12*s*s23 + Q^2*s*s23 - a12*Q^2*t - a12*s*t + Q^2*s*t + s^2*t + Q^2*s*u3 + s^2*u3 + Q^2*s23*u3 - s*s23*u3 + 2*s*t*u3)*(-3*a12*Q^4*s23 + Q^6*s23 - 3*a12*Q^2*s*s23 + Q^4*s*s23 + 2*a12*Q^2*s23^2 - 2*Q^4*s23^2 + a12*Q^4*t - a12*Q^2*s*t + Q^4*s*t - 2*a12*s^2*t + Q^2*s^2*t - 3*a12*Q^2*s23*t + Q^4*s23*t + a12*s*s23*t - 3*Q^2*s*s23*t + a12*Q^2*t^2 - a12*s*t^2 + Q^2*s*t^2 - s^2*t^2 - Q^4*s*u3 - Q^2*s^2*u3 + Q^4*s23*u3 + 3*Q^2*s*s23*u3 - 2*Q^2*s23^2*u3 - Q^2*s*t*u3 + s^2*t*u3 + Q^2*s23*t*u3 - s*s23*t*u3))/(2*(Q^2 + s - s23 + t)^3*(Q^4 + Q^2*s - 2*Q^2*s23 + Q^2*t - s*t)^2*(Q^2*s23 + s*t)^2*((a12 - s + s23)/2 + (Q^2 + s - s23 + t)/2 - u3/2)^2) + (eq^2*(Q^2 + s)^3*SUNN*transverseK^4*u3*(a12*Q^2*s23 + Q^4*s23 + a12*s*s23 + Q^2*s*s23 - a12*Q^2*t - a12*s*t + Q^2*s*t + s^2*t + Q^2*s*u3 + s^2*u3 + Q^2*s23*u3 - s*s23*u3 + 2*s*t*u3)*(-3*a12*Q^4*s23 + Q^6*s23 - 3*a12*Q^2*s*s23 + Q^4*s*s23 + 2*a12*Q^2*s23^2 - 2*Q^4*s23^2 + a12*Q^4*t - a12*Q^2*s*t + Q^4*s*t - 2*a12*s^2*t + Q^2*s^2*t - 3*a12*Q^2*s23*t + Q^4*s23*t + a12*s*s23*t - 3*Q^2*s*s23*t + a12*Q^2*t^2 - a12*s*t^2 + Q^2*s*t^2 - s^2*t^2 - Q^4*s*u3 - Q^2*s^2*u3 + Q^4*s23*u3 + 3*Q^2*s*s23*u3 - 2*Q^2*s23^2*u3 - Q^2*s*t*u3 + s^2*t*u3 + Q^2*s23*t*u3 - s*s23*t*u3))/(2*(Q^2 + s - s23 + t)^4*(Q^4 + Q^2*s - 2*Q^2*s23 + Q^2*t - s*t)^2*(Q^2*s23 + s*t)^2*((a12 - s + s23)/2 + (Q^2 + s - s23 + t)/2 - u3/2)^2) + (a12*eq^2*(Q^2 + s)^2*(-a12 + s - s23)*SUNN*(Q^2 + t)*transverseK^2*(3*a12*Q^4*s23 + Q^6*s23 + 3*a12*Q^2*s*s23 - Q^4*s*s23 - 2*Q^2*s^2*s23 - 2*a12*Q^2*s23^2 + 2*Q^2*s*s23^2 - a12*Q^4*t + a12*Q^2*s*t + Q^4*s*t + 2*a12*s^2*t - Q^2*s^2*t - 2*s^3*t + 3*a12*Q^2*s23*t + Q^4*s23*t - a12*s*s23*t - Q^2*s*s23*t + 2*s^2*s23*t - a12*Q^2*t^2 + a12*s*t^2 + Q^2*s*t^2 - s^2*t^2 + Q^4*s*u3 + Q^2*s^2*u3 - Q^4*s23*u3 - 3*Q^2*s*s23*u3 + 2*Q^2*s23^2*u3 + Q^2*s*t*u3 - s^2*t*u3 - Q^2*s23*t*u3 + s*s23*t*u3))/(4*(Q^2 + s - s23 + t)^3*(Q^4 + Q^2*s - 2*Q^2*s23 + Q^2*t - s*t)^2*(Q^2*s23 + s*t)*((a12 - s + s23)/2 + (Q^2 + s - s23 + t)/2 - u3/2)^2) + (eq^2*(Q^2 + s)^2*(-a12 + s - s23)*s23*SUNN*(Q^2 + t)*transverseK^2*(3*a12*Q^4*s23 + Q^6*s23 + 3*a12*Q^2*s*s23 - Q^4*s*s23 - 2*Q^2*s^2*s23 - 2*a12*Q^2*s23^2 + 2*Q^2*s*s23^2 - a12*Q^4*t + a12*Q^2*s*t + Q^4*s*t + 2*a12*s^2*t - Q^2*s^2*t - 2*s^3*t + 3*a12*Q^2*s23*t + Q^4*s23*t - a12*s*s23*t - Q^2*s*s23*t + 2*s^2*s23*t - a12*Q^2*t^2 + a12*s*t^2 + Q^2*s*t^2 - s^2*t^2 + Q^4*s*u3 + Q^2*s^2*u3 - Q^4*s23*u3 - 3*Q^2*s*s23*u3 + 2*Q^2*s23^2*u3 + Q^2*s*t*u3 - s^2*t*u3 - Q^2*s23*t*u3 + s*s23*t*u3))/(2*(Q^2 + s - s23 + t)^3*(Q^4 + Q^2*s - 2*Q^2*s23 + Q^2*t - s*t)^2*(Q^2*s23 + s*t)*((a12 - s + s23)/2 + (Q^2 + s - s23 + t)/2 - u3/2)^2) + (a12*eq^2*(Q^2 + s)^2*SUNN*(Q^2 + t)*transverseK^2*(3*a12*Q^4*s23 + Q^6*s23 + 3*a12*Q^2*s*s23 - Q^4*s*s23 - 2*Q^2*s^2*s23 - 2*a12*Q^2*s23^2 + 2*Q^2*s*s23^2 - a12*Q^4*t + a12*Q^2*s*t + Q^4*s*t + 2*a12*s^2*t - Q^2*s^2*t - 2*s^3*t + 3*a12*Q^2*s23*t + Q^4*s23*t - a12*s*s23*t - Q^2*s*s23*t + 2*s^2*s23*t - a12*Q^2*t^2 + a12*s*t^2 + Q^2*s*t^2 - s^2*t^2 + Q^4*s*u3 + Q^2*s^2*u3 - Q^4*s23*u3 - 3*Q^2*s*s23*u3 + 2*Q^2*s23^2*u3 + Q^2*s*t*u3 - s^2*t*u3 - Q^2*s23*t*u3 + s*s23*t*u3))/(4*(Q^2 + s - s23 + t)^2*(Q^4 + Q^2*s - 2*Q^2*s23 + Q^2*t - s*t)^2*(Q^2*s23 + s*t)*((a12 - s + s23)/2 + (Q^2 + s - s23 + t)/2 - u3/2)^2) - (3*a12*eq^2*(Q^2 + s)^2*SUNN*(Q^2 + t)*transverseK^2*u3*(3*a12*Q^4*s23 + Q^6*s23 + 3*a12*Q^2*s*s23 - Q^4*s*s23 - 2*Q^2*s^2*s23 - 2*a12*Q^2*s23^2 + 2*Q^2*s*s23^2 - a12*Q^4*t + a12*Q^2*s*t + Q^4*s*t + 2*a12*s^2*t - Q^2*s^2*t - 2*s^3*t + 3*a12*Q^2*s23*t + Q^4*s23*t - a12*s*s23*t - Q^2*s*s23*t + 2*s^2*s23*t - a12*Q^2*t^2 + a12*s*t^2 + Q^2*s*t^2 - s^2*t^2 + Q^4*s*u3 + Q^2*s^2*u3 - Q^4*s23*u3 - 3*Q^2*s*s23*u3 + 2*Q^2*s23^2*u3 + Q^2*s*t*u3 - s^2*t*u3 - Q^2*s23*t*u3 + s*s23*t*u3))/(4*(Q^2 + s - s23 + t)^3*(Q^4 + Q^2*s - 2*Q^2*s23 + Q^2*t - s*t)^2*(Q^2*s23 + s*t)*((a12 - s + s23)/2 + (Q^2 + s - s23 + t)/2 - u3/2)^2) - (eq^2*(Q^2 + s)^2*s23*SUNN*(Q^2 + t)*transverseK^2*u3*(3*a12*Q^4*s23 + Q^6*s23 + 3*a12*Q^2*s*s23 - Q^4*s*s23 - 2*Q^2*s^2*s23 - 2*a12*Q^2*s23^2 + 2*Q^2*s*s23^2 - a12*Q^4*t + a12*Q^2*s*t + Q^4*s*t + 2*a12*s^2*t - Q^2*s^2*t - 2*s^3*t + 3*a12*Q^2*s23*t + Q^4*s23*t - a12*s*s23*t - Q^2*s*s23*t + 2*s^2*s23*t - a12*Q^2*t^2 + a12*s*t^2 + Q^2*s*t^2 - s^2*t^2 + Q^4*s*u3 + Q^2*s^2*u3 - Q^4*s23*u3 - 3*Q^2*s*s23*u3 + 2*Q^2*s23^2*u3 + Q^2*s*t*u3 - s^2*t*u3 - Q^2*s23*t*u3 + s*s23*t*u3))/(2*(Q^2 + s - s23 + t)^3*(Q^4 + Q^2*s - 2*Q^2*s23 + Q^2*t - s*t)^2*(Q^2*s23 + s*t)*((a12 - s + s23)/2 + (Q^2 + s - s23 + t)/2 - u3/2)^2) - (3*eq^2*(Q^2 + s)^2*(-a12 + s - s23)*SUNN*(Q^2 + t)*transverseK^2*(s23 - t + u3)*(3*a12*Q^4*s23 + Q^6*s23 + 3*a12*Q^2*s*s23 - Q^4*s*s23 - 2*Q^2*s^2*s23 - 2*a12*Q^2*s23^2 + 2*Q^2*s*s23^2 - a12*Q^4*t + a12*Q^2*s*t + Q^4*s*t + 2*a12*s^2*t - Q^2*s^2*t - 2*s^3*t + 3*a12*Q^2*s23*t + Q^4*s23*t - a12*s*s23*t - Q^2*s*s23*t + 2*s^2*s23*t - a12*Q^2*t^2 + a12*s*t^2 + Q^2*s*t^2 - s^2*t^2 + Q^4*s*u3 + Q^2*s^2*u3 - Q^4*s23*u3 - 3*Q^2*s*s23*u3 + 2*Q^2*s23^2*u3 + Q^2*s*t*u3 - s^2*t*u3 - Q^2*s23*t*u3 + s*s23*t*u3))/(4*(Q^2 + s - s23 + t)^3*(Q^4 + Q^2*s - 2*Q^2*s23 + Q^2*t - s*t)^2*(Q^2*s23 + s*t)*((a12 - s + s23)/2 + (Q^2 + s - s23 + t)/2 - u3/2)^2) + (eq^2*(Q^2 + s)^2*SUNN*(Q^2 + t)*transverseK^2*(s23 - t + u3)*(3*a12*Q^4*s23 + Q^6*s23 + 3*a12*Q^2*s*s23 - Q^4*s*s23 - 2*Q^2*s^2*s23 - 2*a12*Q^2*s23^2 + 2*Q^2*s*s23^2 - a12*Q^4*t + a12*Q^2*s*t + Q^4*s*t + 2*a12*s^2*t - Q^2*s^2*t - 2*s^3*t + 3*a12*Q^2*s23*t + Q^4*s23*t - a12*s*s23*t - Q^2*s*s23*t + 2*s^2*s23*t - a12*Q^2*t^2 + a12*s*t^2 + Q^2*s*t^2 - s^2*t^2 + Q^4*s*u3 + Q^2*s^2*u3 - Q^4*s23*u3 - 3*Q^2*s*s23*u3 + 2*Q^2*s23^2*u3 + Q^2*s*t*u3 - s^2*t*u3 - Q^2*s23*t*u3 + s*s23*t*u3))/(4*(Q^2 + s - s23 + t)^2*(Q^4 + Q^2*s - 2*Q^2*s23 + Q^2*t - s*t)^2*(Q^2*s23 + s*t)*((a12 - s + s23)/2 + (Q^2 + s - s23 + t)/2 - u3/2)^2) + (eq^2*(Q^2 + s)^2*SUNN*(Q^2 + t)*transverseK^2*u3*(s23 - t + u3)*(3*a12*Q^4*s23 + Q^6*s23 + 3*a12*Q^2*s*s23 - Q^4*s*s23 - 2*Q^2*s^2*s23 - 2*a12*Q^2*s23^2 + 2*Q^2*s*s23^2 - a12*Q^4*t + a12*Q^2*s*t + Q^4*s*t + 2*a12*s^2*t - Q^2*s^2*t - 2*s^3*t + 3*a12*Q^2*s23*t + Q^4*s23*t - a12*s*s23*t - Q^2*s*s23*t + 2*s^2*s23*t - a12*Q^2*t^2 + a12*s*t^2 + Q^2*s*t^2 - s^2*t^2 + Q^4*s*u3 + Q^2*s^2*u3 - Q^4*s23*u3 - 3*Q^2*s*s23*u3 + 2*Q^2*s23^2*u3 + Q^2*s*t*u3 - s^2*t*u3 - Q^2*s23*t*u3 + s*s23*t*u3))/(4*(Q^2 + s - s23 + t)^3*(Q^4 + Q^2*s - 2*Q^2*s23 + Q^2*t - s*t)^2*(Q^2*s23 + s*t)*((a12 - s + s23)/2 + (Q^2 + s - s23 + t)/2 - u3/2)^2) + (3*eq^2*(Q^2 + s)^2*(-a12 + s - s23)*SUNN*(Q^2 + t)*transverseK^2*(a12*Q^2 + a12*s + 2*Q^2*s23 - Q^2*t + s*t + Q^2*u3 - s*u3)*(3*a12*Q^4*s23 + Q^6*s23 + 3*a12*Q^2*s*s23 - Q^4*s*s23 - 2*Q^2*s^2*s23 - 2*a12*Q^2*s23^2 + 2*Q^2*s*s23^2 - a12*Q^4*t + a12*Q^2*s*t + Q^4*s*t + 2*a12*s^2*t - Q^2*s^2*t - 2*s^3*t + 3*a12*Q^2*s23*t + Q^4*s23*t - a12*s*s23*t - Q^2*s*s23*t + 2*s^2*s23*t - a12*Q^2*t^2 + a12*s*t^2 + Q^2*s*t^2 - s^2*t^2 + Q^4*s*u3 + Q^2*s^2*u3 - Q^4*s23*u3 - 3*Q^2*s*s23*u3 + 2*Q^2*s23^2*u3 + Q^2*s*t*u3 - s^2*t*u3 - Q^2*s23*t*u3 + s*s23*t*u3))/(4*Q^2*(Q^2 + s - s23 + t)^3*(Q^4 + Q^2*s - 2*Q^2*s23 + Q^2*t - s*t)^2*(Q^2*s23 + s*t)*((a12 - s + s23)/2 + (Q^2 + s - s23 + t)/2 - u3/2)^2) - (eq^2*(Q^2 + s)^2*SUNN*(Q^2 + t)*transverseK^2*(a12*Q^2 + a12*s + 2*Q^2*s23 - Q^2*t + s*t + Q^2*u3 - s*u3)*(3*a12*Q^4*s23 + Q^6*s23 + 3*a12*Q^2*s*s23 - Q^4*s*s23 - 2*Q^2*s^2*s23 - 2*a12*Q^2*s23^2 + 2*Q^2*s*s23^2 - a12*Q^4*t + a12*Q^2*s*t + Q^4*s*t + 2*a12*s^2*t - Q^2*s^2*t - 2*s^3*t + 3*a12*Q^2*s23*t + Q^4*s23*t - a12*s*s23*t - Q^2*s*s23*t + 2*s^2*s23*t - a12*Q^2*t^2 + a12*s*t^2 + Q^2*s*t^2 - s^2*t^2 + Q^4*s*u3 + Q^2*s^2*u3 - Q^4*s23*u3 - 3*Q^2*s*s23*u3 + 2*Q^2*s23^2*u3 + Q^2*s*t*u3 - s^2*t*u3 - Q^2*s23*t*u3 + s*s23*t*u3))/(4*Q^2*(Q^2 + s - s23 + t)^2*(Q^4 + Q^2*s - 2*Q^2*s23 + Q^2*t - s*t)^2*(Q^2*s23 + s*t)*((a12 - s + s23)/2 + (Q^2 + s - s23 + t)/2 - u3/2)^2) - (eq^2*(-a12 + s - s23)*SUNN*(Q^2 + t)*transverseK^2*(a12*Q^2 + a12*s + 2*Q^2*s23 - Q^2*t + s*t + Q^2*u3 - s*u3)*(3*a12*Q^4*s23 + Q^6*s23 + 3*a12*Q^2*s*s23 - Q^4*s*s23 - 2*Q^2*s^2*s23 - 2*a12*Q^2*s23^2 + 2*Q^2*s*s23^2 - a12*Q^4*t + a12*Q^2*s*t + Q^4*s*t + 2*a12*s^2*t - Q^2*s^2*t - 2*s^3*t + 3*a12*Q^2*s23*t + Q^4*s23*t - a12*s*s23*t - Q^2*s*s23*t + 2*s^2*s23*t - a12*Q^2*t^2 + a12*s*t^2 + Q^2*s*t^2 - s^2*t^2 + Q^4*s*u3 + Q^2*s^2*u3 - Q^4*s23*u3 - 3*Q^2*s*s23*u3 + 2*Q^2*s23^2*u3 + Q^2*s*t*u3 - s^2*t*u3 - Q^2*s23*t*u3 + s*s23*t*u3))/(4*Q^2*(Q^2 + s - s23 + t)^3*(Q^4 + Q^2*s - 2*Q^2*s23 + Q^2*t - s*t)*(Q^2*s23 + s*t)*((a12 - s + s23)/2 + (Q^2 + s - s23 + t)/2 - u3/2)^2) - (eq^2*SUNN*(Q^2 + t)*transverseK^2*(a12*Q^2 + a12*s + 2*Q^2*s23 - Q^2*t + s*t + Q^2*u3 - s*u3)*(3*a12*Q^4*s23 + Q^6*s23 + 3*a12*Q^2*s*s23 - Q^4*s*s23 - 2*Q^2*s^2*s23 - 2*a12*Q^2*s23^2 + 2*Q^2*s*s23^2 - a12*Q^4*t + a12*Q^2*s*t + Q^4*s*t + 2*a12*s^2*t - Q^2*s^2*t - 2*s^3*t + 3*a12*Q^2*s23*t + Q^4*s23*t - a12*s*s23*t - Q^2*s*s23*t + 2*s^2*s23*t - a12*Q^2*t^2 + a12*s*t^2 + Q^2*s*t^2 - s^2*t^2 + Q^4*s*u3 + Q^2*s^2*u3 - Q^4*s23*u3 - 3*Q^2*s*s23*u3 + 2*Q^2*s23^2*u3 + Q^2*s*t*u3 - s^2*t*u3 - Q^2*s23*t*u3 + s*s23*t*u3))/(4*Q^2*(Q^2 + s - s23 + t)^2*(Q^4 + Q^2*s - 2*Q^2*s23 + Q^2*t - s*t)*(Q^2*s23 + s*t)*((a12 - s + s23)/2 + (Q^2 + s - s23 + t)/2 - u3/2)^2) - (eq^2*(Q^2 + s)^2*SUNN*(Q^2 + t)*transverseK^2*u3*(a12*Q^2 + a12*s + 2*Q^2*s23 - Q^2*t + s*t + Q^2*u3 - s*u3)*(3*a12*Q^4*s23 + Q^6*s23 + 3*a12*Q^2*s*s23 - Q^4*s*s23 - 2*Q^2*s^2*s23 - 2*a12*Q^2*s23^2 + 2*Q^2*s*s23^2 - a12*Q^4*t + a12*Q^2*s*t + Q^4*s*t + 2*a12*s^2*t - Q^2*s^2*t - 2*s^3*t + 3*a12*Q^2*s23*t + Q^4*s23*t - a12*s*s23*t - Q^2*s*s23*t + 2*s^2*s23*t - a12*Q^2*t^2 + a12*s*t^2 + Q^2*s*t^2 - s^2*t^2 + Q^4*s*u3 + Q^2*s^2*u3 - Q^4*s23*u3 - 3*Q^2*s*s23*u3 + 2*Q^2*s23^2*u3 + Q^2*s*t*u3 - s^2*t*u3 - Q^2*s23*t*u3 + s*s23*t*u3))/(4*Q^2*(Q^2 + s - s23 + t)^3*(Q^4 + Q^2*s - 2*Q^2*s23 + Q^2*t - s*t)^2*(Q^2*s23 + s*t)*((a12 - s + s23)/2 + (Q^2 + s - s23 + t)/2 - u3/2)^2) + (3*eq^2*SUNN*(Q^2 + t)*transverseK^2*u3*(a12*Q^2 + a12*s + 2*Q^2*s23 - Q^2*t + s*t + Q^2*u3 - s*u3)*(3*a12*Q^4*s23 + Q^6*s23 + 3*a12*Q^2*s*s23 - Q^4*s*s23 - 2*Q^2*s^2*s23 - 2*a12*Q^2*s23^2 + 2*Q^2*s*s23^2 - a12*Q^4*t + a12*Q^2*s*t + Q^4*s*t + 2*a12*s^2*t - Q^2*s^2*t - 2*s^3*t + 3*a12*Q^2*s23*t + Q^4*s23*t - a12*s*s23*t - Q^2*s*s23*t + 2*s^2*s23*t - a12*Q^2*t^2 + a12*s*t^2 + Q^2*s*t^2 - s^2*t^2 + Q^4*s*u3 + Q^2*s^2*u3 - Q^4*s23*u3 - 3*Q^2*s*s23*u3 + 2*Q^2*s23^2*u3 + Q^2*s*t*u3 - s^2*t*u3 - Q^2*s23*t*u3 + s*s23*t*u3))/(4*Q^2*(Q^2 + s - s23 + t)^3*(Q^4 + Q^2*s - 2*Q^2*s23 + Q^2*t - s*t)*(Q^2*s23 + s*t)*((a12 - s + s23)/2 + (Q^2 + s - s23 + t)/2 - u3/2)^2) - (eq^2*(-a12 + s - s23)*SUNN*(Q^2 + t)*transverseK^2*(a12*Q^2 + a12*s + 2*Q^2*s23 - Q^2*t + s*t + Q^2*u3 - s*u3)*(-(a12*Q^2) - a12*s + Q^2*s + s^2 - Q^2*u3 + s*u3)*(3*a12*Q^4*s23 + Q^6*s23 + 3*a12*Q^2*s*s23 - Q^4*s*s23 - 2*Q^2*s^2*s23 - 2*a12*Q^2*s23^2 + 2*Q^2*s*s23^2 - a12*Q^4*t + a12*Q^2*s*t + Q^4*s*t + 2*a12*s^2*t - Q^2*s^2*t - 2*s^3*t + 3*a12*Q^2*s23*t + Q^4*s23*t - a12*s*s23*t - Q^2*s*s23*t + 2*s^2*s23*t - a12*Q^2*t^2 + a12*s*t^2 + Q^2*s*t^2 - s^2*t^2 + Q^4*s*u3 + Q^2*s^2*u3 - Q^4*s23*u3 - 3*Q^2*s*s23*u3 + 2*Q^2*s23^2*u3 + Q^2*s*t*u3 - s^2*t*u3 - Q^2*s23*t*u3 + s*s23*t*u3))/(2*Q^2*(Q^2 + s - s23 + t)^3*(Q^4 + Q^2*s - 2*Q^2*s23 + Q^2*t - s*t)^2*(Q^2*s23 + s*t)*((a12 - s + s23)/2 + (Q^2 + s - s23 + t)/2 - u3/2)^2) + (eq^2*SUNN*(Q^2 + t)*transverseK^2*u3*(a12*Q^2 + a12*s + 2*Q^2*s23 - Q^2*t + s*t + Q^2*u3 - s*u3)*(-(a12*Q^2) - a12*s + Q^2*s + s^2 - Q^2*u3 + s*u3)*(3*a12*Q^4*s23 + Q^6*s23 + 3*a12*Q^2*s*s23 - Q^4*s*s23 - 2*Q^2*s^2*s23 - 2*a12*Q^2*s23^2 + 2*Q^2*s*s23^2 - a12*Q^4*t + a12*Q^2*s*t + Q^4*s*t + 2*a12*s^2*t - Q^2*s^2*t - 2*s^3*t + 3*a12*Q^2*s23*t + Q^4*s23*t - a12*s*s23*t - Q^2*s*s23*t + 2*s^2*s23*t - a12*Q^2*t^2 + a12*s*t^2 + Q^2*s*t^2 - s^2*t^2 + Q^4*s*u3 + Q^2*s^2*u3 - Q^4*s23*u3 - 3*Q^2*s*s23*u3 + 2*Q^2*s23^2*u3 + Q^2*s*t*u3 - s^2*t*u3 - Q^2*s23*t*u3 + s*s23*t*u3))/(2*Q^2*(Q^2 + s - s23 + t)^3*(Q^4 + Q^2*s - 2*Q^2*s23 + Q^2*t - s*t)^2*(Q^2*s23 + s*t)*((a12 - s + s23)/2 + (Q^2 + s - s23 + t)/2 - u3/2)^2) + (eq^2*(Q^2 + s)^3*(-a12 + s - s23)*SUNN*transverseK^4*(-(a12*Q^2*s23) + Q^4*s23 - a12*s*s23 + Q^2*s*s23 - 2*Q^2*s23^2 + a12*Q^2*t + a12*s*t + Q^2*s*t + s^2*t + 2*Q^2*s23*t - 2*s*s23*t + 2*s*t^2 - Q^2*s*u3 - s^2*u3 - Q^2*s23*u3 + s*s23*u3 - 2*s*t*u3)*(3*a12*Q^4*s23 + Q^6*s23 + 3*a12*Q^2*s*s23 - Q^4*s*s23 - 2*Q^2*s^2*s23 - 2*a12*Q^2*s23^2 + 2*Q^2*s*s23^2 - a12*Q^4*t + a12*Q^2*s*t + Q^4*s*t + 2*a12*s^2*t - Q^2*s^2*t - 2*s^3*t + 3*a12*Q^2*s23*t + Q^4*s23*t - a12*s*s23*t - Q^2*s*s23*t + 2*s^2*s23*t - a12*Q^2*t^2 + a12*s*t^2 + Q^2*s*t^2 - s^2*t^2 + Q^4*s*u3 + Q^2*s^2*u3 - Q^4*s23*u3 - 3*Q^2*s*s23*u3 + 2*Q^2*s23^2*u3 + Q^2*s*t*u3 - s^2*t*u3 - Q^2*s23*t*u3 + s*s23*t*u3))/(2*(Q^2 + s - s23 + t)^4*(Q^4 + Q^2*s - 2*Q^2*s23 + Q^2*t - s*t)^2*(Q^2*s23 + s*t)^2*((a12 - s + s23)/2 + (Q^2 + s - s23 + t)/2 - u3/2)^2) - (eq^2*(Q^2 + s)^3*SUNN*transverseK^4*(-(a12*Q^2*s23) + Q^4*s23 - a12*s*s23 + Q^2*s*s23 - 2*Q^2*s23^2 + a12*Q^2*t + a12*s*t + Q^2*s*t + s^2*t + 2*Q^2*s23*t - 2*s*s23*t + 2*s*t^2 - Q^2*s*u3 - s^2*u3 - Q^2*s23*u3 + s*s23*u3 - 2*s*t*u3)*(3*a12*Q^4*s23 + Q^6*s23 + 3*a12*Q^2*s*s23 - Q^4*s*s23 - 2*Q^2*s^2*s23 - 2*a12*Q^2*s23^2 + 2*Q^2*s*s23^2 - a12*Q^4*t + a12*Q^2*s*t + Q^4*s*t + 2*a12*s^2*t - Q^2*s^2*t - 2*s^3*t + 3*a12*Q^2*s23*t + Q^4*s23*t - a12*s*s23*t - Q^2*s*s23*t + 2*s^2*s23*t - a12*Q^2*t^2 + a12*s*t^2 + Q^2*s*t^2 - s^2*t^2 + Q^4*s*u3 + Q^2*s^2*u3 - Q^4*s23*u3 - 3*Q^2*s*s23*u3 + 2*Q^2*s23^2*u3 + Q^2*s*t*u3 - s^2*t*u3 - Q^2*s23*t*u3 + s*s23*t*u3))/(2*(Q^2 + s - s23 + t)^3*(Q^4 + Q^2*s - 2*Q^2*s23 + Q^2*t - s*t)^2*(Q^2*s23 + s*t)^2*((a12 - s + s23)/2 + (Q^2 + s - s23 + t)/2 - u3/2)^2) + (eq^2*(Q^2 + s)^3*SUNN*transverseK^4*u3*(-(a12*Q^2*s23) + Q^4*s23 - a12*s*s23 + Q^2*s*s23 - 2*Q^2*s23^2 + a12*Q^2*t + a12*s*t + Q^2*s*t + s^2*t + 2*Q^2*s23*t - 2*s*s23*t + 2*s*t^2 - Q^2*s*u3 - s^2*u3 - Q^2*s23*u3 + s*s23*u3 - 2*s*t*u3)*(3*a12*Q^4*s23 + Q^6*s23 + 3*a12*Q^2*s*s23 - Q^4*s*s23 - 2*Q^2*s^2*s23 - 2*a12*Q^2*s23^2 + 2*Q^2*s*s23^2 - a12*Q^4*t + a12*Q^2*s*t + Q^4*s*t + 2*a12*s^2*t - Q^2*s^2*t - 2*s^3*t + 3*a12*Q^2*s23*t + Q^4*s23*t - a12*s*s23*t - Q^2*s*s23*t + 2*s^2*s23*t - a12*Q^2*t^2 + a12*s*t^2 + Q^2*s*t^2 - s^2*t^2 + Q^4*s*u3 + Q^2*s^2*u3 - Q^4*s23*u3 - 3*Q^2*s*s23*u3 + 2*Q^2*s23^2*u3 + Q^2*s*t*u3 - s^2*t*u3 - Q^2*s23*t*u3 + s*s23*t*u3))/(2*(Q^2 + s - s23 + t)^4*(Q^4 + Q^2*s - 2*Q^2*s23 + Q^2*t - s*t)^2*(Q^2*s23 + s*t)^2*((a12 - s + s23)/2 + (Q^2 + s - s23 + t)/2 - u3/2)^2) - (a12*eq^2*(Q^2 + s)^3*SUNN*transverseK^4*(a12*Q^2*s23 + Q^4*s23 + a12*s*s23 + Q^2*s*s23 - a12*Q^2*t - a12*s*t + Q^2*s*t + s^2*t + Q^2*s*u3 + s^2*u3 + Q^2*s23*u3 - s*s23*u3 + 2*s*t*u3)*(3*a12*Q^4*s23 + Q^6*s23 + 3*a12*Q^2*s*s23 - Q^4*s*s23 - 2*Q^2*s^2*s23 - 2*a12*Q^2*s23^2 + 2*Q^2*s*s23^2 - a12*Q^4*t + a12*Q^2*s*t + Q^4*s*t + 2*a12*s^2*t - Q^2*s^2*t - 2*s^3*t + 3*a12*Q^2*s23*t + Q^4*s23*t - a12*s*s23*t - Q^2*s*s23*t + 2*s^2*s23*t - a12*Q^2*t^2 + a12*s*t^2 + Q^2*s*t^2 - s^2*t^2 + Q^4*s*u3 + Q^2*s^2*u3 - Q^4*s23*u3 - 3*Q^2*s*s23*u3 + 2*Q^2*s23^2*u3 + Q^2*s*t*u3 - s^2*t*u3 - Q^2*s23*t*u3 + s*s23*t*u3))/((Q^2 + s - s23 + t)^4*(Q^4 + Q^2*s - 2*Q^2*s23 + Q^2*t - s*t)^2*(Q^2*s23 + s*t)^2*((a12 - s + s23)/2 + (Q^2 + s - s23 + t)/2 - u3/2)^2) - (eq^2*(Q^2 + s)^3*s23*SUNN*transverseK^4*(a12*Q^2*s23 + Q^4*s23 + a12*s*s23 + Q^2*s*s23 - a12*Q^2*t - a12*s*t + Q^2*s*t + s^2*t + Q^2*s*u3 + s^2*u3 + Q^2*s23*u3 - s*s23*u3 + 2*s*t*u3)*(3*a12*Q^4*s23 + Q^6*s23 + 3*a12*Q^2*s*s23 - Q^4*s*s23 - 2*Q^2*s^2*s23 - 2*a12*Q^2*s23^2 + 2*Q^2*s*s23^2 - a12*Q^4*t + a12*Q^2*s*t + Q^4*s*t + 2*a12*s^2*t - Q^2*s^2*t - 2*s^3*t + 3*a12*Q^2*s23*t + Q^4*s23*t - a12*s*s23*t - Q^2*s*s23*t + 2*s^2*s23*t - a12*Q^2*t^2 + a12*s*t^2 + Q^2*s*t^2 - s^2*t^2 + Q^4*s*u3 + Q^2*s^2*u3 - Q^4*s23*u3 - 3*Q^2*s*s23*u3 + 2*Q^2*s23^2*u3 + Q^2*s*t*u3 - s^2*t*u3 - Q^2*s23*t*u3 + s*s23*t*u3))/((Q^2 + s - s23 + t)^4*(Q^4 + Q^2*s - 2*Q^2*s23 + Q^2*t - s*t)^2*(Q^2*s23 + s*t)^2*((a12 - s + s23)/2 + (Q^2 + s - s23 + t)/2 - u3/2)^2) + (eq^2*(Q^2 + s)^3*SUNN*transverseK^4*(s23 - t + u3)*(a12*Q^2*s23 + Q^4*s23 + a12*s*s23 + Q^2*s*s23 - a12*Q^2*t - a12*s*t + Q^2*s*t + s^2*t + Q^2*s*u3 + s^2*u3 + Q^2*s23*u3 - s*s23*u3 + 2*s*t*u3)*(3*a12*Q^4*s23 + Q^6*s23 + 3*a12*Q^2*s*s23 - Q^4*s*s23 - 2*Q^2*s^2*s23 - 2*a12*Q^2*s23^2 + 2*Q^2*s*s23^2 - a12*Q^4*t + a12*Q^2*s*t + Q^4*s*t + 2*a12*s^2*t - Q^2*s^2*t - 2*s^3*t + 3*a12*Q^2*s23*t + Q^4*s23*t - a12*s*s23*t - Q^2*s*s23*t + 2*s^2*s23*t - a12*Q^2*t^2 + a12*s*t^2 + Q^2*s*t^2 - s^2*t^2 + Q^4*s*u3 + Q^2*s^2*u3 - Q^4*s23*u3 - 3*Q^2*s*s23*u3 + 2*Q^2*s23^2*u3 + Q^2*s*t*u3 - s^2*t*u3 - Q^2*s23*t*u3 + s*s23*t*u3))/((Q^2 + s - s23 + t)^4*(Q^4 + Q^2*s - 2*Q^2*s23 + Q^2*t - s*t)^2*(Q^2*s23 + s*t)^2*((a12 - s + s23)/2 + (Q^2 + s - s23 + t)/2 - u3/2)^2) - (eq^2*(Q^2 + s)^3*SUNN*transverseK^4*(a12*Q^2 + a12*s + 2*Q^2*s23 - Q^2*t + s*t + Q^2*u3 - s*u3)*(a12*Q^2*s23 + Q^4*s23 + a12*s*s23 + Q^2*s*s23 - a12*Q^2*t - a12*s*t + Q^2*s*t + s^2*t + Q^2*s*u3 + s^2*u3 + Q^2*s23*u3 - s*s23*u3 + 2*s*t*u3)*(3*a12*Q^4*s23 + Q^6*s23 + 3*a12*Q^2*s*s23 - Q^4*s*s23 - 2*Q^2*s^2*s23 - 2*a12*Q^2*s23^2 + 2*Q^2*s*s23^2 - a12*Q^4*t + a12*Q^2*s*t + Q^4*s*t + 2*a12*s^2*t - Q^2*s^2*t - 2*s^3*t + 3*a12*Q^2*s23*t + Q^4*s23*t - a12*s*s23*t - Q^2*s*s23*t + 2*s^2*s23*t - a12*Q^2*t^2 + a12*s*t^2 + Q^2*s*t^2 - s^2*t^2 + Q^4*s*u3 + Q^2*s^2*u3 - Q^4*s23*u3 - 3*Q^2*s*s23*u3 + 2*Q^2*s23^2*u3 + Q^2*s*t*u3 - s^2*t*u3 - Q^2*s23*t*u3 + s*s23*t*u3))/(Q^2*(Q^2 + s - s23 + t)^4*(Q^4 + Q^2*s - 2*Q^2*s23 + Q^2*t - s*t)^2*(Q^2*s23 + s*t)^2*((a12 - s + s23)/2 + (Q^2 + s - s23 + t)/2 - u3/2)^2) + (eq^2*(Q^2 + s)*SUNN*transverseK^4*(a12*Q^2 + a12*s + 2*Q^2*s23 - Q^2*t + s*t + Q^2*u3 - s*u3)*(a12*Q^2*s23 + Q^4*s23 + a12*s*s23 + Q^2*s*s23 - a12*Q^2*t - a12*s*t + Q^2*s*t + s^2*t + Q^2*s*u3 + s^2*u3 + Q^2*s23*u3 - s*s23*u3 + 2*s*t*u3)*(3*a12*Q^4*s23 + Q^6*s23 + 3*a12*Q^2*s*s23 - Q^4*s*s23 - 2*Q^2*s^2*s23 - 2*a12*Q^2*s23^2 + 2*Q^2*s*s23^2 - a12*Q^4*t + a12*Q^2*s*t + Q^4*s*t + 2*a12*s^2*t - Q^2*s^2*t - 2*s^3*t + 3*a12*Q^2*s23*t + Q^4*s23*t - a12*s*s23*t - Q^2*s*s23*t + 2*s^2*s23*t - a12*Q^2*t^2 + a12*s*t^2 + Q^2*s*t^2 - s^2*t^2 + Q^4*s*u3 + Q^2*s^2*u3 - Q^4*s23*u3 - 3*Q^2*s*s23*u3 + 2*Q^2*s23^2*u3 + Q^2*s*t*u3 - s^2*t*u3 - Q^2*s23*t*u3 + s*s23*t*u3))/(Q^2*(Q^2 + s - s23 + t)^4*(Q^4 + Q^2*s - 2*Q^2*s23 + Q^2*t - s*t)*(Q^2*s23 + s*t)^2*((a12 - s + s23)/2 + (Q^2 + s - s23 + t)/2 - u3/2)^2) + (eq^2*(Q^2 + s)*SUNN*transverseK^4*(a12*Q^2 + a12*s + 2*Q^2*s23 - Q^2*t + s*t + Q^2*u3 - s*u3)*(-(a12*Q^2) - a12*s + Q^2*s + s^2 - Q^2*u3 + s*u3)*(a12*Q^2*s23 + Q^4*s23 + a12*s*s23 + Q^2*s*s23 - a12*Q^2*t - a12*s*t + Q^2*s*t + s^2*t + Q^2*s*u3 + s^2*u3 + Q^2*s23*u3 - s*s23*u3 + 2*s*t*u3)*(3*a12*Q^4*s23 + Q^6*s23 + 3*a12*Q^2*s*s23 - Q^4*s*s23 - 2*Q^2*s^2*s23 - 2*a12*Q^2*s23^2 + 2*Q^2*s*s23^2 - a12*Q^4*t + a12*Q^2*s*t + Q^4*s*t + 2*a12*s^2*t - Q^2*s^2*t - 2*s^3*t + 3*a12*Q^2*s23*t + Q^4*s23*t - a12*s*s23*t - Q^2*s*s23*t + 2*s^2*s23*t - a12*Q^2*t^2 + a12*s*t^2 + Q^2*s*t^2 - s^2*t^2 + Q^4*s*u3 + Q^2*s^2*u3 - Q^4*s23*u3 - 3*Q^2*s*s23*u3 + 2*Q^2*s23^2*u3 + Q^2*s*t*u3 - s^2*t*u3 - Q^2*s23*t*u3 + s*s23*t*u3))/(Q^2*(Q^2 + s - s23 + t)^4*(Q^4 + Q^2*s - 2*Q^2*s23 + Q^2*t - s*t)^2*(Q^2*s23 + s*t)^2*((a12 - s + s23)/2 + (Q^2 + s - s23 + t)/2 - u3/2)^2) + (eq^2*(Q^2 + s)^2*(-a12 + s - s23)*SUNN*transverseK^4*(-3*a12*Q^4*s23 + Q^6*s23 - 3*a12*Q^2*s*s23 + Q^4*s*s23 + 2*a12*Q^2*s23^2 - 2*Q^4*s23^2 + a12*Q^4*t - a12*Q^2*s*t + Q^4*s*t - 2*a12*s^2*t + Q^2*s^2*t - 3*a12*Q^2*s23*t + Q^4*s23*t + a12*s*s23*t - 3*Q^2*s*s23*t + a12*Q^2*t^2 - a12*s*t^2 + Q^2*s*t^2 - s^2*t^2 - Q^4*s*u3 - Q^2*s^2*u3 + Q^4*s23*u3 + 3*Q^2*s*s23*u3 - 2*Q^2*s23^2*u3 - Q^2*s*t*u3 + s^2*t*u3 + Q^2*s23*t*u3 - s*s23*t*u3)*(3*a12*Q^4*s23 + Q^6*s23 + 3*a12*Q^2*s*s23 - Q^4*s*s23 - 2*Q^2*s^2*s23 - 2*a12*Q^2*s23^2 + 2*Q^2*s*s23^2 - a12*Q^4*t + a12*Q^2*s*t + Q^4*s*t + 2*a12*s^2*t - Q^2*s^2*t - 2*s^3*t + 3*a12*Q^2*s23*t + Q^4*s23*t - a12*s*s23*t - Q^2*s*s23*t + 2*s^2*s23*t - a12*Q^2*t^2 + a12*s*t^2 + Q^2*s*t^2 - s^2*t^2 + Q^4*s*u3 + Q^2*s^2*u3 - Q^4*s23*u3 - 3*Q^2*s*s23*u3 + 2*Q^2*s23^2*u3 + Q^2*s*t*u3 - s^2*t*u3 - Q^2*s23*t*u3 + s*s23*t*u3))/(2*(Q^2 + s - s23 + t)^4*(Q^4 + Q^2*s - 2*Q^2*s23 + Q^2*t - s*t)^2*(Q^2*s23 + s*t)^2*((a12 - s + s23)/2 + (Q^2 + s - s23 + t)/2 - u3/2)^2) - (eq^2*(Q^2 + s)^2*SUNN*transverseK^4*(-3*a12*Q^4*s23 + Q^6*s23 - 3*a12*Q^2*s*s23 + Q^4*s*s23 + 2*a12*Q^2*s23^2 - 2*Q^4*s23^2 + a12*Q^4*t - a12*Q^2*s*t + Q^4*s*t - 2*a12*s^2*t + Q^2*s^2*t - 3*a12*Q^2*s23*t + Q^4*s23*t + a12*s*s23*t - 3*Q^2*s*s23*t + a12*Q^2*t^2 - a12*s*t^2 + Q^2*s*t^2 - s^2*t^2 - Q^4*s*u3 - Q^2*s^2*u3 + Q^4*s23*u3 + 3*Q^2*s*s23*u3 - 2*Q^2*s23^2*u3 - Q^2*s*t*u3 + s^2*t*u3 + Q^2*s23*t*u3 - s*s23*t*u3)*(3*a12*Q^4*s23 + Q^6*s23 + 3*a12*Q^2*s*s23 - Q^4*s*s23 - 2*Q^2*s^2*s23 - 2*a12*Q^2*s23^2 + 2*Q^2*s*s23^2 - a12*Q^4*t + a12*Q^2*s*t + Q^4*s*t + 2*a12*s^2*t - Q^2*s^2*t - 2*s^3*t + 3*a12*Q^2*s23*t + Q^4*s23*t - a12*s*s23*t - Q^2*s*s23*t + 2*s^2*s23*t - a12*Q^2*t^2 + a12*s*t^2 + Q^2*s*t^2 - s^2*t^2 + Q^4*s*u3 + Q^2*s^2*u3 - Q^4*s23*u3 - 3*Q^2*s*s23*u3 + 2*Q^2*s23^2*u3 + Q^2*s*t*u3 - s^2*t*u3 - Q^2*s23*t*u3 + s*s23*t*u3))/(2*(Q^2 + s - s23 + t)^3*(Q^4 + Q^2*s - 2*Q^2*s23 + Q^2*t - s*t)^2*(Q^2*s23 + s*t)^2*((a12 - s + s23)/2 + (Q^2 + s - s23 + t)/2 - u3/2)^2) + (eq^2*(Q^2 + s)^2*SUNN*transverseK^4*u3*(-3*a12*Q^4*s23 + Q^6*s23 - 3*a12*Q^2*s*s23 + Q^4*s*s23 + 2*a12*Q^2*s23^2 - 2*Q^4*s23^2 + a12*Q^4*t - a12*Q^2*s*t + Q^4*s*t - 2*a12*s^2*t + Q^2*s^2*t - 3*a12*Q^2*s23*t + Q^4*s23*t + a12*s*s23*t - 3*Q^2*s*s23*t + a12*Q^2*t^2 - a12*s*t^2 + Q^2*s*t^2 - s^2*t^2 - Q^4*s*u3 - Q^2*s^2*u3 + Q^4*s23*u3 + 3*Q^2*s*s23*u3 - 2*Q^2*s23^2*u3 - Q^2*s*t*u3 + s^2*t*u3 + Q^2*s23*t*u3 - s*s23*t*u3)*(3*a12*Q^4*s23 + Q^6*s23 + 3*a12*Q^2*s*s23 - Q^4*s*s23 - 2*Q^2*s^2*s23 - 2*a12*Q^2*s23^2 + 2*Q^2*s*s23^2 - a12*Q^4*t + a12*Q^2*s*t + Q^4*s*t + 2*a12*s^2*t - Q^2*s^2*t - 2*s^3*t + 3*a12*Q^2*s23*t + Q^4*s23*t - a12*s*s23*t - Q^2*s*s23*t + 2*s^2*s23*t - a12*Q^2*t^2 + a12*s*t^2 + Q^2*s*t^2 - s^2*t^2 + Q^4*s*u3 + Q^2*s^2*u3 - Q^4*s23*u3 - 3*Q^2*s*s23*u3 + 2*Q^2*s23^2*u3 + Q^2*s*t*u3 - s^2*t*u3 - Q^2*s23*t*u3 + s*s23*t*u3))/(2*(Q^2 + s - s23 + t)^4*(Q^4 + Q^2*s - 2*Q^2*s23 + Q^2*t - s*t)^2*(Q^2*s23 + s*t)^2*((a12 - s + s23)/2 + (Q^2 + s - s23 + t)/2 - u3/2)^2) - (a12*eq^2*(Q^2 + s)^2*SUNN*transverseK^4*(3*a12*Q^4*s23 + Q^6*s23 + 3*a12*Q^2*s*s23 - Q^4*s*s23 - 2*Q^2*s^2*s23 - 2*a12*Q^2*s23^2 + 2*Q^2*s*s23^2 - a12*Q^4*t + a12*Q^2*s*t + Q^4*s*t + 2*a12*s^2*t - Q^2*s^2*t - 2*s^3*t + 3*a12*Q^2*s23*t + Q^4*s23*t - a12*s*s23*t - Q^2*s*s23*t + 2*s^2*s23*t - a12*Q^2*t^2 + a12*s*t^2 + Q^2*s*t^2 - s^2*t^2 + Q^4*s*u3 + Q^2*s^2*u3 - Q^4*s23*u3 - 3*Q^2*s*s23*u3 + 2*Q^2*s23^2*u3 + Q^2*s*t*u3 - s^2*t*u3 - Q^2*s23*t*u3 + s*s23*t*u3)^2)/(2*(Q^2 + s - s23 + t)^4*(Q^4 + Q^2*s - 2*Q^2*s23 + Q^2*t - s*t)^2*(Q^2*s23 + s*t)^2*((a12 - s + s23)/2 + (Q^2 + s - s23 + t)/2 - u3/2)^2) - (eq^2*(Q^2 + s)^2*s23*SUNN*transverseK^4*(3*a12*Q^4*s23 + Q^6*s23 + 3*a12*Q^2*s*s23 - Q^4*s*s23 - 2*Q^2*s^2*s23 - 2*a12*Q^2*s23^2 + 2*Q^2*s*s23^2 - a12*Q^4*t + a12*Q^2*s*t + Q^4*s*t + 2*a12*s^2*t - Q^2*s^2*t - 2*s^3*t + 3*a12*Q^2*s23*t + Q^4*s23*t - a12*s*s23*t - Q^2*s*s23*t + 2*s^2*s23*t - a12*Q^2*t^2 + a12*s*t^2 + Q^2*s*t^2 - s^2*t^2 + Q^4*s*u3 + Q^2*s^2*u3 - Q^4*s23*u3 - 3*Q^2*s*s23*u3 + 2*Q^2*s23^2*u3 + Q^2*s*t*u3 - s^2*t*u3 - Q^2*s23*t*u3 + s*s23*t*u3)^2)/(2*(Q^2 + s - s23 + t)^4*(Q^4 + Q^2*s - 2*Q^2*s23 + Q^2*t - s*t)^2*(Q^2*s23 + s*t)^2*((a12 - s + s23)/2 + (Q^2 + s - s23 + t)/2 - u3/2)^2) + (eq^2*(Q^2 + s)^2*SUNN*transverseK^4*(s23 - t + u3)*(3*a12*Q^4*s23 + Q^6*s23 + 3*a12*Q^2*s*s23 - Q^4*s*s23 - 2*Q^2*s^2*s23 - 2*a12*Q^2*s23^2 + 2*Q^2*s*s23^2 - a12*Q^4*t + a12*Q^2*s*t + Q^4*s*t + 2*a12*s^2*t - Q^2*s^2*t - 2*s^3*t + 3*a12*Q^2*s23*t + Q^4*s23*t - a12*s*s23*t - Q^2*s*s23*t + 2*s^2*s23*t - a12*Q^2*t^2 + a12*s*t^2 + Q^2*s*t^2 - s^2*t^2 + Q^4*s*u3 + Q^2*s^2*u3 - Q^4*s23*u3 - 3*Q^2*s*s23*u3 + 2*Q^2*s23^2*u3 + Q^2*s*t*u3 - s^2*t*u3 - Q^2*s23*t*u3 + s*s23*t*u3)^2)/(2*(Q^2 + s - s23 + t)^4*(Q^4 + Q^2*s - 2*Q^2*s23 + Q^2*t - s*t)^2*(Q^2*s23 + s*t)^2*((a12 - s + s23)/2 + (Q^2 + s - s23 + t)/2 - u3/2)^2) - (eq^2*(Q^2 + s)^2*SUNN*transverseK^4*(a12*Q^2 + a12*s + 2*Q^2*s23 - Q^2*t + s*t + Q^2*u3 - s*u3)*(3*a12*Q^4*s23 + Q^6*s23 + 3*a12*Q^2*s*s23 - Q^4*s*s23 - 2*Q^2*s^2*s23 - 2*a12*Q^2*s23^2 + 2*Q^2*s*s23^2 - a12*Q^4*t + a12*Q^2*s*t + Q^4*s*t + 2*a12*s^2*t - Q^2*s^2*t - 2*s^3*t + 3*a12*Q^2*s23*t + Q^4*s23*t - a12*s*s23*t - Q^2*s*s23*t + 2*s^2*s23*t - a12*Q^2*t^2 + a12*s*t^2 + Q^2*s*t^2 - s^2*t^2 + Q^4*s*u3 + Q^2*s^2*u3 - Q^4*s23*u3 - 3*Q^2*s*s23*u3 + 2*Q^2*s23^2*u3 + Q^2*s*t*u3 - s^2*t*u3 - Q^2*s23*t*u3 + s*s23*t*u3)^2)/(2*Q^2*(Q^2 + s - s23 + t)^4*(Q^4 + Q^2*s - 2*Q^2*s23 + Q^2*t - s*t)^2*(Q^2*s23 + s*t)^2*((a12 - s + s23)/2 + (Q^2 + s - s23 + t)/2 - u3/2)^2) + (eq^2*SUNN*transverseK^4*(a12*Q^2 + a12*s + 2*Q^2*s23 - Q^2*t + s*t + Q^2*u3 - s*u3)*(3*a12*Q^4*s23 + Q^6*s23 + 3*a12*Q^2*s*s23 - Q^4*s*s23 - 2*Q^2*s^2*s23 - 2*a12*Q^2*s23^2 + 2*Q^2*s*s23^2 - a12*Q^4*t + a12*Q^2*s*t + Q^4*s*t + 2*a12*s^2*t - Q^2*s^2*t - 2*s^3*t + 3*a12*Q^2*s23*t + Q^4*s23*t - a12*s*s23*t - Q^2*s*s23*t + 2*s^2*s23*t - a12*Q^2*t^2 + a12*s*t^2 + Q^2*s*t^2 - s^2*t^2 + Q^4*s*u3 + Q^2*s^2*u3 - Q^4*s23*u3 - 3*Q^2*s*s23*u3 + 2*Q^2*s23^2*u3 + Q^2*s*t*u3 - s^2*t*u3 - Q^2*s23*t*u3 + s*s23*t*u3)^2)/(2*Q^2*(Q^2 + s - s23 + t)^4*(Q^4 + Q^2*s - 2*Q^2*s23 + Q^2*t - s*t)*(Q^2*s23 + s*t)^2*((a12 - s + s23)/2 + (Q^2 + s - s23 + t)/2 - u3/2)^2) + (eq^2*SUNN*transverseK^4*(a12*Q^2 + a12*s + 2*Q^2*s23 - Q^2*t + s*t + Q^2*u3 - s*u3)*(-(a12*Q^2) - a12*s + Q^2*s + s^2 - Q^2*u3 + s*u3)*(3*a12*Q^4*s23 + Q^6*s23 + 3*a12*Q^2*s*s23 - Q^4*s*s23 - 2*Q^2*s^2*s23 - 2*a12*Q^2*s23^2 + 2*Q^2*s*s23^2 - a12*Q^4*t + a12*Q^2*s*t + Q^4*s*t + 2*a12*s^2*t - Q^2*s^2*t - 2*s^3*t + 3*a12*Q^2*s23*t + Q^4*s23*t - a12*s*s23*t - Q^2*s*s23*t + 2*s^2*s23*t - a12*Q^2*t^2 + a12*s*t^2 + Q^2*s*t^2 - s^2*t^2 + Q^4*s*u3 + Q^2*s^2*u3 - Q^4*s23*u3 - 3*Q^2*s*s23*u3 + 2*Q^2*s23^2*u3 + Q^2*s*t*u3 - s^2*t*u3 - Q^2*s23*t*u3 + s*s23*t*u3)^2)/(2*Q^2*(Q^2 + s - s23 + t)^4*(Q^4 + Q^2*s - 2*Q^2*s23 + Q^2*t - s*t)^2*(Q^2*s23 + s*t)^2*((a12 - s + s23)/2 + (Q^2 + s - s23 + t)/2 - u3/2)^2)]
"OWN_ANGULAR_COEFFICIENT "InputForm[<|"Component" -> 1, "Shortcut" -> False, "NontrivialShortcut" -> False, "InputHash" -> 90670064018870493268589131109444299589493151620690777955995796308830611629999, "InputBytes" -> 749256, "Seconds" -> 0.134803|>]
"SCALAR_OPERATION_BEGIN ""restore defining scalar products"
"SCALAR_OPERATION_END ""restore defining scalar products"" seconds "0.00819" bytes "719744
"SCALAR_OPERATION_BEGIN ""on-shell reduction of restored coefficient"
"SCALAR_OPERATION_END ""on-shell reduction of restored coefficient"" seconds "2.*^-6" bytes "719744
"OWN_ANGULAR_COEFFICIENT "InputForm[<|"Component" -> 2, "Shortcut" -> False, "NontrivialShortcut" -> False, "InputHash" -> 11310354265193618196290647706911323436973721406140740894961401182071241298711, "InputBytes" -> 719744, "Seconds" -> 0.137064|>]
"SCALAR_OPERATION_BEGIN ""restore defining scalar products"
"SCALAR_OPERATION_END ""restore defining scalar products"" seconds "0.003805" bytes "258568
"SCALAR_OPERATION_BEGIN ""on-shell reduction of restored coefficient"
"SCALAR_OPERATION_END ""on-shell reduction of restored coefficient"" seconds "1.*^-6" bytes "258568
"PASS: ""own accepted angular-zero coefficient {{1, 1}, 3}"
"ZERO_ANGULAR_COEFFICIENT ""0666c6fc3beb4af5d9a1ad8d749cef4d16a2a15373df2457e581a9921593e110"
"PASS: ""actual guarded coefficient matches angular zero"
"OWN_RESTORED_EQUATION ""Shortcut"" "InputForm[-1/2*(a12*eq^2*normalDot*(-a12 + s - s23)*SUNN*transverseK)/((Q^2 + s - s23 + t)^2*((a12 - s + s23)/2 + (Q^2 + s - s23 + t)/2 - u3/2)^2) - (eq^2*normalDot*(-a12 + s - s23)^2*SUNN*transverseK)/(2*(Q^2 + s - s23 + t)^2*((a12 - s + s23)/2 + (Q^2 + s - s23 + t)/2 - u3/2)^2) - (eq^2*normalDot*(-a12 + s - s23)*s23*SUNN*transverseK)/((Q^2 + s - s23 + t)^2*((a12 - s + s23)/2 + (Q^2 + s - s23 + t)/2 - u3/2)^2) - (a12*eq^2*normalDot*SUNN*transverseK)/(2*(Q^2 + s - s23 + t)*((a12 - s + s23)/2 + (Q^2 + s - s23 + t)/2 - u3/2)^2) + (eq^2*normalDot*(-a12 + s - s23)*SUNN*transverseK)/(2*(Q^2 + s - s23 + t)*((a12 - s + s23)/2 + (Q^2 + s - s23 + t)/2 - u3/2)^2) - (a12*eq^2*normalDot*(Q^2 + s)^3*(-a12 + s - s23)*SUNN*(Q^2 + t)*transverseK)/(2*(Q^2 + s - s23 + t)^2*(Q^4 + Q^2*s - 2*Q^2*s23 + Q^2*t - s*t)^2*((a12 - s + s23)/2 + (Q^2 + s - s23 + t)/2 - u3/2)^2) - (eq^2*normalDot*(Q^2 + s)^3*(-a12 + s - s23)^2*SUNN*(Q^2 + t)*transverseK)/(2*(Q^2 + s - s23 + t)^2*(Q^4 + Q^2*s - 2*Q^2*s23 + Q^2*t - s*t)^2*((a12 - s + s23)/2 + (Q^2 + s - s23 + t)/2 - u3/2)^2) - (eq^2*normalDot*(Q^2 + s)^3*(-a12 + s - s23)*s23*SUNN*(Q^2 + t)*transverseK)/((Q^2 + s - s23 + t)^2*(Q^4 + Q^2*s - 2*Q^2*s23 + Q^2*t - s*t)^2*((a12 - s + s23)/2 + (Q^2 + s - s23 + t)/2 - u3/2)^2) - (a12*eq^2*normalDot*(Q^2 + s)^3*SUNN*(Q^2 + t)*transverseK)/(2*(Q^2 + s - s23 + t)*(Q^4 + Q^2*s - 2*Q^2*s23 + Q^2*t - s*t)^2*((a12 - s + s23)/2 + (Q^2 + s - s23 + t)/2 - u3/2)^2) + (eq^2*normalDot*(Q^2 + s)^3*(-a12 + s - s23)*SUNN*(Q^2 + t)*transverseK)/(2*(Q^2 + s - s23 + t)*(Q^4 + Q^2*s - 2*Q^2*s23 + Q^2*t - s*t)^2*((a12 - s + s23)/2 + (Q^2 + s - s23 + t)/2 - u3/2)^2) + (3*a12*eq^2*normalDot*SUNN*transverseK*u3)/(2*(Q^2 + s - s23 + t)^2*((a12 - s + s23)/2 + (Q^2 + s - s23 + t)/2 - u3/2)^2) + (eq^2*normalDot*s23*SUNN*transverseK*u3)/((Q^2 + s - s23 + t)^2*((a12 - s + s23)/2 + (Q^2 + s - s23 + t)/2 - u3/2)^2) - (eq^2*normalDot*SUNN*transverseK*u3)/(2*(Q^2 + s - s23 + t)*((a12 - s + s23)/2 + (Q^2 + s - s23 + t)/2 - u3/2)^2) + (3*a12*eq^2*normalDot*(Q^2 + s)^3*SUNN*(Q^2 + t)*transverseK*u3)/(2*(Q^2 + s - s23 + t)^2*(Q^4 + Q^2*s - 2*Q^2*s23 + Q^2*t - s*t)^2*((a12 - s + s23)/2 + (Q^2 + s - s23 + t)/2 - u3/2)^2) + (eq^2*normalDot*(Q^2 + s)^3*s23*SUNN*(Q^2 + t)*transverseK*u3)/((Q^2 + s - s23 + t)^2*(Q^4 + Q^2*s - 2*Q^2*s23 + Q^2*t - s*t)^2*((a12 - s + s23)/2 + (Q^2 + s - s23 + t)/2 - u3/2)^2) - (eq^2*normalDot*(Q^2 + s)^3*SUNN*(Q^2 + t)*transverseK*u3)/(2*(Q^2 + s - s23 + t)*(Q^4 + Q^2*s - 2*Q^2*s23 + Q^2*t - s*t)^2*((a12 - s + s23)/2 + (Q^2 + s - s23 + t)/2 - u3/2)^2) + (eq^2*normalDot*SUNN*transverseK*u3^2)/(2*(Q^2 + s - s23 + t)^2*((a12 - s + s23)/2 + (Q^2 + s - s23 + t)/2 - u3/2)^2) + (eq^2*normalDot*(Q^2 + s)^3*SUNN*(Q^2 + t)*transverseK*u3^2)/(2*(Q^2 + s - s23 + t)^2*(Q^4 + Q^2*s - 2*Q^2*s23 + Q^2*t - s*t)^2*((a12 - s + s23)/2 + (Q^2 + s - s23 + t)/2 - u3/2)^2) + (3*eq^2*normalDot*(-a12 + s - s23)*SUNN*transverseK*(s23 - t + u3))/(2*(Q^2 + s - s23 + t)^2*((a12 - s + s23)/2 + (Q^2 + s - s23 + t)/2 - u3/2)^2) - (eq^2*normalDot*SUNN*transverseK*(s23 - t + u3))/(2*(Q^2 + s - s23 + t)*((a12 - s + s23)/2 + (Q^2 + s - s23 + t)/2 - u3/2)^2) + (3*eq^2*normalDot*(Q^2 + s)^3*(-a12 + s - s23)*SUNN*(Q^2 + t)*transverseK*(s23 - t + u3))/(2*(Q^2 + s - s23 + t)^2*(Q^4 + Q^2*s - 2*Q^2*s23 + Q^2*t - s*t)^2*((a12 - s + s23)/2 + (Q^2 + s - s23 + t)/2 - u3/2)^2) - (eq^2*normalDot*(Q^2 + s)^3*SUNN*(Q^2 + t)*transverseK*(s23 - t + u3))/(2*(Q^2 + s - s23 + t)*(Q^4 + Q^2*s - 2*Q^2*s23 + Q^2*t - s*t)^2*((a12 - s + s23)/2 + (Q^2 + s - s23 + t)/2 - u3/2)^2) - (eq^2*normalDot*SUNN*transverseK*u3*(s23 - t + u3))/(2*(Q^2 + s - s23 + t)^2*((a12 - s + s23)/2 + (Q^2 + s - s23 + t)/2 - u3/2)^2) - (eq^2*normalDot*(Q^2 + s)^3*SUNN*(Q^2 + t)*transverseK*u3*(s23 - t + u3))/(2*(Q^2 + s - s23 + t)^2*(Q^4 + Q^2*s - 2*Q^2*s23 + Q^2*t - s*t)^2*((a12 - s + s23)/2 + (Q^2 + s - s23 + t)/2 - u3/2)^2) - (3*eq^2*normalDot*(-a12 + s - s23)*SUNN*transverseK*(a12*Q^2 + a12*s + 2*Q^2*s23 - Q^2*t + s*t + Q^2*u3 - s*u3))/(2*Q^2*(Q^2 + s - s23 + t)^2*((a12 - s + s23)/2 + (Q^2 + s - s23 + t)/2 - u3/2)^2) + (eq^2*normalDot*SUNN*transverseK*(a12*Q^2 + a12*s + 2*Q^2*s23 - Q^2*t + s*t + Q^2*u3 - s*u3))/(2*Q^2*(Q^2 + s - s23 + t)*((a12 - s + s23)/2 + (Q^2 + s - s23 + t)/2 - u3/2)^2) - (3*eq^2*normalDot*(Q^2 + s)^3*(-a12 + s - s23)*SUNN*(Q^2 + t)*transverseK*(a12*Q^2 + a12*s + 2*Q^2*s23 - Q^2*t + s*t + Q^2*u3 - s*u3))/(2*Q^2*(Q^2 + s - s23 + t)^2*(Q^4 + Q^2*s - 2*Q^2*s23 + Q^2*t - s*t)^2*((a12 - s + s23)/2 + (Q^2 + s - s23 + t)/2 - u3/2)^2) + (eq^2*normalDot*(Q^2 + s)^3*SUNN*(Q^2 + t)*transverseK*(a12*Q^2 + a12*s + 2*Q^2*s23 - Q^2*t + s*t + Q^2*u3 - s*u3))/(2*Q^2*(Q^2 + s - s23 + t)*(Q^4 + Q^2*s - 2*Q^2*s23 + Q^2*t - s*t)^2*((a12 - s + s23)/2 + (Q^2 + s - s23 + t)/2 - u3/2)^2) + (eq^2*normalDot*(Q^2 + s)*(-a12 + s - s23)*SUNN*(Q^2 + t)*transverseK*(a12*Q^2 + a12*s + 2*Q^2*s23 - Q^2*t + s*t + Q^2*u3 - s*u3))/(2*Q^2*(Q^2 + s - s23 + t)^2*(Q^4 + Q^2*s - 2*Q^2*s23 + Q^2*t - s*t)*((a12 - s + s23)/2 + (Q^2 + s - s23 + t)/2 - u3/2)^2) + (eq^2*normalDot*(Q^2 + s)*SUNN*(Q^2 + t)*transverseK*(a12*Q^2 + a12*s + 2*Q^2*s23 - Q^2*t + s*t + Q^2*u3 - s*u3))/(2*Q^2*(Q^2 + s - s23 + t)*(Q^4 + Q^2*s - 2*Q^2*s23 + Q^2*t - s*t)*((a12 - s + s23)/2 + (Q^2 + s - s23 + t)/2 - u3/2)^2) + (eq^2*normalDot*(-a12 + s - s23)*SUNN*(Q^4 + Q^2*s - 2*Q^2*s23 + Q^2*t - s*t)*transverseK*(a12*Q^2 + a12*s + 2*Q^2*s23 - Q^2*t + s*t + Q^2*u3 - s*u3))/(2*Q^2*(Q^2 + s)^2*(Q^2 + s - s23 + t)^2*((a12 - s + s23)/2 + (Q^2 + s - s23 + t)/2 - u3/2)^2) + (eq^2*normalDot*SUNN*(Q^4 + Q^2*s - 2*Q^2*s23 + Q^2*t - s*t)*transverseK*(a12*Q^2 + a12*s + 2*Q^2*s23 - Q^2*t + s*t + Q^2*u3 - s*u3))/(2*Q^2*(Q^2 + s)^2*(Q^2 + s - s23 + t)*((a12 - s + s23)/2 + (Q^2 + s - s23 + t)/2 - u3/2)^2) + (eq^2*normalDot*SUNN*transverseK*u3*(a12*Q^2 + a12*s + 2*Q^2*s23 - Q^2*t + s*t + Q^2*u3 - s*u3))/(2*Q^2*(Q^2 + s - s23 + t)^2*((a12 - s + s23)/2 + (Q^2 + s - s23 + t)/2 - u3/2)^2) + (eq^2*normalDot*(Q^2 + s)^3*SUNN*(Q^2 + t)*transverseK*u3*(a12*Q^2 + a12*s + 2*Q^2*s23 - Q^2*t + s*t + Q^2*u3 - s*u3))/(2*Q^2*(Q^2 + s - s23 + t)^2*(Q^4 + Q^2*s - 2*Q^2*s23 + Q^2*t - s*t)^2*((a12 - s + s23)/2 + (Q^2 + s - s23 + t)/2 - u3/2)^2) - (3*eq^2*normalDot*(Q^2 + s)*SUNN*(Q^2 + t)*transverseK*u3*(a12*Q^2 + a12*s + 2*Q^2*s23 - Q^2*t + s*t + Q^2*u3 - s*u3))/(2*Q^2*(Q^2 + s - s23 + t)^2*(Q^4 + Q^2*s - 2*Q^2*s23 + Q^2*t - s*t)*((a12 - s + s23)/2 + (Q^2 + s - s23 + t)/2 - u3/2)^2) - (3*eq^2*normalDot*SUNN*(Q^4 + Q^2*s - 2*Q^2*s23 + Q^2*t - s*t)*transverseK*u3*(a12*Q^2 + a12*s + 2*Q^2*s23 - Q^2*t + s*t + Q^2*u3 - s*u3))/(2*Q^2*(Q^2 + s)^2*(Q^2 + s - s23 + t)^2*((a12 - s + s23)/2 + (Q^2 + s - s23 + t)/2 - u3/2)^2) + (eq^2*normalDot*(-a12 + s - s23)*SUNN*transverseK*(a12*Q^2 + a12*s + 2*Q^2*s23 - Q^2*t + s*t + Q^2*u3 - s*u3)*(-(a12*Q^2) - a12*s + Q^2*s + s^2 - Q^2*u3 + s*u3))/(Q^2*(Q^2 + s)^2*(Q^2 + s - s23 + t)^2*((a12 - s + s23)/2 + (Q^2 + s - s23 + t)/2 - u3/2)^2) + (eq^2*normalDot*(Q^2 + s)*(-a12 + s - s23)*SUNN*(Q^2 + t)*transverseK*(a12*Q^2 + a12*s + 2*Q^2*s23 - Q^2*t + s*t + Q^2*u3 - s*u3)*(-(a12*Q^2) - a12*s + Q^2*s + s^2 - Q^2*u3 + s*u3))/(Q^2*(Q^2 + s - s23 + t)^2*(Q^4 + Q^2*s - 2*Q^2*s23 + Q^2*t - s*t)^2*((a12 - s + s23)/2 + (Q^2 + s - s23 + t)/2 - u3/2)^2) - (eq^2*normalDot*SUNN*transverseK*u3*(a12*Q^2 + a12*s + 2*Q^2*s23 - Q^2*t + s*t + Q^2*u3 - s*u3)*(-(a12*Q^2) - a12*s + Q^2*s + s^2 - Q^2*u3 + s*u3))/(Q^2*(Q^2 + s)^2*(Q^2 + s - s23 + t)^2*((a12 - s + s23)/2 + (Q^2 + s - s23 + t)/2 - u3/2)^2) - (eq^2*normalDot*(Q^2 + s)*SUNN*(Q^2 + t)*transverseK*u3*(a12*Q^2 + a12*s + 2*Q^2*s23 - Q^2*t + s*t + Q^2*u3 - s*u3)*(-(a12*Q^2) - a12*s + Q^2*s + s^2 - Q^2*u3 + s*u3))/(Q^2*(Q^2 + s - s23 + t)^2*(Q^4 + Q^2*s - 2*Q^2*s23 + Q^2*t - s*t)^2*((a12 - s + s23)/2 + (Q^2 + s - s23 + t)/2 - u3/2)^2) - (eq^2*normalDot*(Q^2 + s)^4*(-a12 + s - s23)*SUNN*transverseK^3*(-(a12*Q^2*s23) + Q^4*s23 - a12*s*s23 + Q^2*s*s23 - 2*Q^2*s23^2 + a12*Q^2*t + a12*s*t + Q^2*s*t + s^2*t + 2*Q^2*s23*t - 2*s*s23*t + 2*s*t^2 - Q^2*s*u3 - s^2*u3 - Q^2*s23*u3 + s*s23*u3 - 2*s*t*u3))/((Q^2 + s - s23 + t)^3*(Q^4 + Q^2*s - 2*Q^2*s23 + Q^2*t - s*t)^2*(Q^2*s23 + s*t)*((a12 - s + s23)/2 + (Q^2 + s - s23 + t)/2 - u3/2)^2) + (eq^2*normalDot*(Q^2 + s)^4*SUNN*transverseK^3*(-(a12*Q^2*s23) + Q^4*s23 - a12*s*s23 + Q^2*s*s23 - 2*Q^2*s23^2 + a12*Q^2*t + a12*s*t + Q^2*s*t + s^2*t + 2*Q^2*s23*t - 2*s*s23*t + 2*s*t^2 - Q^2*s*u3 - s^2*u3 - Q^2*s23*u3 + s*s23*u3 - 2*s*t*u3))/((Q^2 + s - s23 + t)^2*(Q^4 + Q^2*s - 2*Q^2*s23 + Q^2*t - s*t)^2*(Q^2*s23 + s*t)*((a12 - s + s23)/2 + (Q^2 + s - s23 + t)/2 - u3/2)^2) - (eq^2*normalDot*(Q^2 + s)^4*SUNN*transverseK^3*u3*(-(a12*Q^2*s23) + Q^4*s23 - a12*s*s23 + Q^2*s*s23 - 2*Q^2*s23^2 + a12*Q^2*t + a12*s*t + Q^2*s*t + s^2*t + 2*Q^2*s23*t - 2*s*s23*t + 2*s*t^2 - Q^2*s*u3 - s^2*u3 - Q^2*s23*u3 + s*s23*u3 - 2*s*t*u3))/((Q^2 + s - s23 + t)^3*(Q^4 + Q^2*s - 2*Q^2*s23 + Q^2*t - s*t)^2*(Q^2*s23 + s*t)*((a12 - s + s23)/2 + (Q^2 + s - s23 + t)/2 - u3/2)^2) + (2*a12*eq^2*normalDot*(Q^2 + s)^4*SUNN*transverseK^3*(a12*Q^2*s23 + Q^4*s23 + a12*s*s23 + Q^2*s*s23 - a12*Q^2*t - a12*s*t + Q^2*s*t + s^2*t + Q^2*s*u3 + s^2*u3 + Q^2*s23*u3 - s*s23*u3 + 2*s*t*u3))/((Q^2 + s - s23 + t)^3*(Q^4 + Q^2*s - 2*Q^2*s23 + Q^2*t - s*t)^2*(Q^2*s23 + s*t)*((a12 - s + s23)/2 + (Q^2 + s - s23 + t)/2 - u3/2)^2) + (eq^2*normalDot*(Q^2 + s)^4*(-a12 + s - s23)*SUNN*transverseK^3*(a12*Q^2*s23 + Q^4*s23 + a12*s*s23 + Q^2*s*s23 - a12*Q^2*t - a12*s*t + Q^2*s*t + s^2*t + Q^2*s*u3 + s^2*u3 + Q^2*s23*u3 - s*s23*u3 + 2*s*t*u3))/((Q^2 + s - s23 + t)^3*(Q^4 + Q^2*s - 2*Q^2*s23 + Q^2*t - s*t)^2*(Q^2*s23 + s*t)*((a12 - s + s23)/2 + (Q^2 + s - s23 + t)/2 - u3/2)^2) + (2*eq^2*normalDot*(Q^2 + s)^4*s23*SUNN*transverseK^3*(a12*Q^2*s23 + Q^4*s23 + a12*s*s23 + Q^2*s*s23 - a12*Q^2*t - a12*s*t + Q^2*s*t + s^2*t + Q^2*s*u3 + s^2*u3 + Q^2*s23*u3 - s*s23*u3 + 2*s*t*u3))/((Q^2 + s - s23 + t)^3*(Q^4 + Q^2*s - 2*Q^2*s23 + Q^2*t - s*t)^2*(Q^2*s23 + s*t)*((a12 - s + s23)/2 + (Q^2 + s - s23 + t)/2 - u3/2)^2) - (eq^2*normalDot*(Q^2 + s)^4*SUNN*transverseK^3*(a12*Q^2*s23 + Q^4*s23 + a12*s*s23 + Q^2*s*s23 - a12*Q^2*t - a12*s*t + Q^2*s*t + s^2*t + Q^2*s*u3 + s^2*u3 + Q^2*s23*u3 - s*s23*u3 + 2*s*t*u3))/((Q^2 + s - s23 + t)^2*(Q^4 + Q^2*s - 2*Q^2*s23 + Q^2*t - s*t)^2*(Q^2*s23 + s*t)*((a12 - s + s23)/2 + (Q^2 + s - s23 + t)/2 - u3/2)^2) + (eq^2*normalDot*(Q^2 + s)^4*SUNN*transverseK^3*u3*(a12*Q^2*s23 + Q^4*s23 + a12*s*s23 + Q^2*s*s23 - a12*Q^2*t - a12*s*t + Q^2*s*t + s^2*t + Q^2*s*u3 + s^2*u3 + Q^2*s23*u3 - s*s23*u3 + 2*s*t*u3))/((Q^2 + s - s23 + t)^3*(Q^4 + Q^2*s - 2*Q^2*s23 + Q^2*t - s*t)^2*(Q^2*s23 + s*t)*((a12 - s + s23)/2 + (Q^2 + s - s23 + t)/2 - u3/2)^2) - (2*eq^2*normalDot*(Q^2 + s)^4*SUNN*transverseK^3*(s23 - t + u3)*(a12*Q^2*s23 + Q^4*s23 + a12*s*s23 + Q^2*s*s23 - a12*Q^2*t - a12*s*t + Q^2*s*t + s^2*t + Q^2*s*u3 + s^2*u3 + Q^2*s23*u3 - s*s23*u3 + 2*s*t*u3))/((Q^2 + s - s23 + t)^3*(Q^4 + Q^2*s - 2*Q^2*s23 + Q^2*t - s*t)^2*(Q^2*s23 + s*t)*((a12 - s + s23)/2 + (Q^2 + s - s23 + t)/2 - u3/2)^2) + (2*eq^2*normalDot*(Q^2 + s)^4*SUNN*transverseK^3*(a12*Q^2 + a12*s + 2*Q^2*s23 - Q^2*t + s*t + Q^2*u3 - s*u3)*(a12*Q^2*s23 + Q^4*s23 + a12*s*s23 + Q^2*s*s23 - a12*Q^2*t - a12*s*t + Q^2*s*t + s^2*t + Q^2*s*u3 + s^2*u3 + Q^2*s23*u3 - s*s23*u3 + 2*s*t*u3))/(Q^2*(Q^2 + s - s23 + t)^3*(Q^4 + Q^2*s - 2*Q^2*s23 + Q^2*t - s*t)^2*(Q^2*s23 + s*t)*((a12 - s + s23)/2 + (Q^2 + s - s23 + t)/2 - u3/2)^2) - (2*eq^2*normalDot*(Q^2 + s)^2*SUNN*transverseK^3*(a12*Q^2 + a12*s + 2*Q^2*s23 - Q^2*t + s*t + Q^2*u3 - s*u3)*(a12*Q^2*s23 + Q^4*s23 + a12*s*s23 + Q^2*s*s23 - a12*Q^2*t - a12*s*t + Q^2*s*t + s^2*t + Q^2*s*u3 + s^2*u3 + Q^2*s23*u3 - s*s23*u3 + 2*s*t*u3))/(Q^2*(Q^2 + s - s23 + t)^3*(Q^4 + Q^2*s - 2*Q^2*s23 + Q^2*t - s*t)*(Q^2*s23 + s*t)*((a12 - s + s23)/2 + (Q^2 + s - s23 + t)/2 - u3/2)^2) - (2*eq^2*normalDot*(Q^2 + s)^2*SUNN*transverseK^3*(a12*Q^2 + a12*s + 2*Q^2*s23 - Q^2*t + s*t + Q^2*u3 - s*u3)*(-(a12*Q^2) - a12*s + Q^2*s + s^2 - Q^2*u3 + s*u3)*(a12*Q^2*s23 + Q^4*s23 + a12*s*s23 + Q^2*s*s23 - a12*Q^2*t - a12*s*t + Q^2*s*t + s^2*t + Q^2*s*u3 + s^2*u3 + Q^2*s23*u3 - s*s23*u3 + 2*s*t*u3))/(Q^2*(Q^2 + s - s23 + t)^3*(Q^4 + Q^2*s - 2*Q^2*s23 + Q^2*t - s*t)^2*(Q^2*s23 + s*t)*((a12 - s + s23)/2 + (Q^2 + s - s23 + t)/2 - u3/2)^2) - (eq^2*normalDot*(Q^2 + s)^3*(-a12 + s - s23)*SUNN*transverseK^3*(-3*a12*Q^4*s23 + Q^6*s23 - 3*a12*Q^2*s*s23 + Q^4*s*s23 + 2*a12*Q^2*s23^2 - 2*Q^4*s23^2 + a12*Q^4*t - a12*Q^2*s*t + Q^4*s*t - 2*a12*s^2*t + Q^2*s^2*t - 3*a12*Q^2*s23*t + Q^4*s23*t + a12*s*s23*t - 3*Q^2*s*s23*t + a12*Q^2*t^2 - a12*s*t^2 + Q^2*s*t^2 - s^2*t^2 - Q^4*s*u3 - Q^2*s^2*u3 + Q^4*s23*u3 + 3*Q^2*s*s23*u3 - 2*Q^2*s23^2*u3 - Q^2*s*t*u3 + s^2*t*u3 + Q^2*s23*t*u3 - s*s23*t*u3))/((Q^2 + s - s23 + t)^3*(Q^4 + Q^2*s - 2*Q^2*s23 + Q^2*t - s*t)^2*(Q^2*s23 + s*t)*((a12 - s + s23)/2 + (Q^2 + s - s23 + t)/2 - u3/2)^2) + (eq^2*normalDot*(Q^2 + s)^3*SUNN*transverseK^3*(-3*a12*Q^4*s23 + Q^6*s23 - 3*a12*Q^2*s*s23 + Q^4*s*s23 + 2*a12*Q^2*s23^2 - 2*Q^4*s23^2 + a12*Q^4*t - a12*Q^2*s*t + Q^4*s*t - 2*a12*s^2*t + Q^2*s^2*t - 3*a12*Q^2*s23*t + Q^4*s23*t + a12*s*s23*t - 3*Q^2*s*s23*t + a12*Q^2*t^2 - a12*s*t^2 + Q^2*s*t^2 - s^2*t^2 - Q^4*s*u3 - Q^2*s^2*u3 + Q^4*s23*u3 + 3*Q^2*s*s23*u3 - 2*Q^2*s23^2*u3 - Q^2*s*t*u3 + s^2*t*u3 + Q^2*s23*t*u3 - s*s23*t*u3))/((Q^2 + s - s23 + t)^2*(Q^4 + Q^2*s - 2*Q^2*s23 + Q^2*t - s*t)^2*(Q^2*s23 + s*t)*((a12 - s + s23)/2 + (Q^2 + s - s23 + t)/2 - u3/2)^2) - (eq^2*normalDot*(Q^2 + s)^3*SUNN*transverseK^3*u3*(-3*a12*Q^4*s23 + Q^6*s23 - 3*a12*Q^2*s*s23 + Q^4*s*s23 + 2*a12*Q^2*s23^2 - 2*Q^4*s23^2 + a12*Q^4*t - a12*Q^2*s*t + Q^4*s*t - 2*a12*s^2*t + Q^2*s^2*t - 3*a12*Q^2*s23*t + Q^4*s23*t + a12*s*s23*t - 3*Q^2*s*s23*t + a12*Q^2*t^2 - a12*s*t^2 + Q^2*s*t^2 - s^2*t^2 - Q^4*s*u3 - Q^2*s^2*u3 + Q^4*s23*u3 + 3*Q^2*s*s23*u3 - 2*Q^2*s23^2*u3 - Q^2*s*t*u3 + s^2*t*u3 + Q^2*s23*t*u3 - s*s23*t*u3))/((Q^2 + s - s23 + t)^3*(Q^4 + Q^2*s - 2*Q^2*s23 + Q^2*t - s*t)^2*(Q^2*s23 + s*t)*((a12 - s + s23)/2 + (Q^2 + s - s23 + t)/2 - u3/2)^2) + (2*a12*eq^2*normalDot*(Q^2 + s)^3*SUNN*transverseK^3*(3*a12*Q^4*s23 + Q^6*s23 + 3*a12*Q^2*s*s23 - Q^4*s*s23 - 2*Q^2*s^2*s23 - 2*a12*Q^2*s23^2 + 2*Q^2*s*s23^2 - a12*Q^4*t + a12*Q^2*s*t + Q^4*s*t + 2*a12*s^2*t - Q^2*s^2*t - 2*s^3*t + 3*a12*Q^2*s23*t + Q^4*s23*t - a12*s*s23*t - Q^2*s*s23*t + 2*s^2*s23*t - a12*Q^2*t^2 + a12*s*t^2 + Q^2*s*t^2 - s^2*t^2 + Q^4*s*u3 + Q^2*s^2*u3 - Q^4*s23*u3 - 3*Q^2*s*s23*u3 + 2*Q^2*s23^2*u3 + Q^2*s*t*u3 - s^2*t*u3 - Q^2*s23*t*u3 + s*s23*t*u3))/((Q^2 + s - s23 + t)^3*(Q^4 + Q^2*s - 2*Q^2*s23 + Q^2*t - s*t)^2*(Q^2*s23 + s*t)*((a12 - s + s23)/2 + (Q^2 + s - s23 + t)/2 - u3/2)^2) + (eq^2*normalDot*(Q^2 + s)^3*(-a12 + s - s23)*SUNN*transverseK^3*(3*a12*Q^4*s23 + Q^6*s23 + 3*a12*Q^2*s*s23 - Q^4*s*s23 - 2*Q^2*s^2*s23 - 2*a12*Q^2*s23^2 + 2*Q^2*s*s23^2 - a12*Q^4*t + a12*Q^2*s*t + Q^4*s*t + 2*a12*s^2*t - Q^2*s^2*t - 2*s^3*t + 3*a12*Q^2*s23*t + Q^4*s23*t - a12*s*s23*t - Q^2*s*s23*t + 2*s^2*s23*t - a12*Q^2*t^2 + a12*s*t^2 + Q^2*s*t^2 - s^2*t^2 + Q^4*s*u3 + Q^2*s^2*u3 - Q^4*s23*u3 - 3*Q^2*s*s23*u3 + 2*Q^2*s23^2*u3 + Q^2*s*t*u3 - s^2*t*u3 - Q^2*s23*t*u3 + s*s23*t*u3))/((Q^2 + s - s23 + t)^3*(Q^4 + Q^2*s - 2*Q^2*s23 + Q^2*t - s*t)^2*(Q^2*s23 + s*t)*((a12 - s + s23)/2 + (Q^2 + s - s23 + t)/2 - u3/2)^2) + (2*eq^2*normalDot*(Q^2 + s)^3*s23*SUNN*transverseK^3*(3*a12*Q^4*s23 + Q^6*s23 + 3*a12*Q^2*s*s23 - Q^4*s*s23 - 2*Q^2*s^2*s23 - 2*a12*Q^2*s23^2 + 2*Q^2*s*s23^2 - a12*Q^4*t + a12*Q^2*s*t + Q^4*s*t + 2*a12*s^2*t - Q^2*s^2*t - 2*s^3*t + 3*a12*Q^2*s23*t + Q^4*s23*t - a12*s*s23*t - Q^2*s*s23*t + 2*s^2*s23*t - a12*Q^2*t^2 + a12*s*t^2 + Q^2*s*t^2 - s^2*t^2 + Q^4*s*u3 + Q^2*s^2*u3 - Q^4*s23*u3 - 3*Q^2*s*s23*u3 + 2*Q^2*s23^2*u3 + Q^2*s*t*u3 - s^2*t*u3 - Q^2*s23*t*u3 + s*s23*t*u3))/((Q^2 + s - s23 + t)^3*(Q^4 + Q^2*s - 2*Q^2*s23 + Q^2*t - s*t)^2*(Q^2*s23 + s*t)*((a12 - s + s23)/2 + (Q^2 + s - s23 + t)/2 - u3/2)^2) - (eq^2*normalDot*(Q^2 + s)^3*SUNN*transverseK^3*(3*a12*Q^4*s23 + Q^6*s23 + 3*a12*Q^2*s*s23 - Q^4*s*s23 - 2*Q^2*s^2*s23 - 2*a12*Q^2*s23^2 + 2*Q^2*s*s23^2 - a12*Q^4*t + a12*Q^2*s*t + Q^4*s*t + 2*a12*s^2*t - Q^2*s^2*t - 2*s^3*t + 3*a12*Q^2*s23*t + Q^4*s23*t - a12*s*s23*t - Q^2*s*s23*t + 2*s^2*s23*t - a12*Q^2*t^2 + a12*s*t^2 + Q^2*s*t^2 - s^2*t^2 + Q^4*s*u3 + Q^2*s^2*u3 - Q^4*s23*u3 - 3*Q^2*s*s23*u3 + 2*Q^2*s23^2*u3 + Q^2*s*t*u3 - s^2*t*u3 - Q^2*s23*t*u3 + s*s23*t*u3))/((Q^2 + s - s23 + t)^2*(Q^4 + Q^2*s - 2*Q^2*s23 + Q^2*t - s*t)^2*(Q^2*s23 + s*t)*((a12 - s + s23)/2 + (Q^2 + s - s23 + t)/2 - u3/2)^2) + (eq^2*normalDot*(Q^2 + s)^3*SUNN*transverseK^3*u3*(3*a12*Q^4*s23 + Q^6*s23 + 3*a12*Q^2*s*s23 - Q^4*s*s23 - 2*Q^2*s^2*s23 - 2*a12*Q^2*s23^2 + 2*Q^2*s*s23^2 - a12*Q^4*t + a12*Q^2*s*t + Q^4*s*t + 2*a12*s^2*t - Q^2*s^2*t - 2*s^3*t + 3*a12*Q^2*s23*t + Q^4*s23*t - a12*s*s23*t - Q^2*s*s23*t + 2*s^2*s23*t - a12*Q^2*t^2 + a12*s*t^2 + Q^2*s*t^2 - s^2*t^2 + Q^4*s*u3 + Q^2*s^2*u3 - Q^4*s23*u3 - 3*Q^2*s*s23*u3 + 2*Q^2*s23^2*u3 + Q^2*s*t*u3 - s^2*t*u3 - Q^2*s23*t*u3 + s*s23*t*u3))/((Q^2 + s - s23 + t)^3*(Q^4 + Q^2*s - 2*Q^2*s23 + Q^2*t - s*t)^2*(Q^2*s23 + s*t)*((a12 - s + s23)/2 + (Q^2 + s - s23 + t)/2 - u3/2)^2) - (2*eq^2*normalDot*(Q^2 + s)^3*SUNN*transverseK^3*(s23 - t + u3)*(3*a12*Q^4*s23 + Q^6*s23 + 3*a12*Q^2*s*s23 - Q^4*s*s23 - 2*Q^2*s^2*s23 - 2*a12*Q^2*s23^2 + 2*Q^2*s*s23^2 - a12*Q^4*t + a12*Q^2*s*t + Q^4*s*t + 2*a12*s^2*t - Q^2*s^2*t - 2*s^3*t + 3*a12*Q^2*s23*t + Q^4*s23*t - a12*s*s23*t - Q^2*s*s23*t + 2*s^2*s23*t - a12*Q^2*t^2 + a12*s*t^2 + Q^2*s*t^2 - s^2*t^2 + Q^4*s*u3 + Q^2*s^2*u3 - Q^4*s23*u3 - 3*Q^2*s*s23*u3 + 2*Q^2*s23^2*u3 + Q^2*s*t*u3 - s^2*t*u3 - Q^2*s23*t*u3 + s*s23*t*u3))/((Q^2 + s - s23 + t)^3*(Q^4 + Q^2*s - 2*Q^2*s23 + Q^2*t - s*t)^2*(Q^2*s23 + s*t)*((a12 - s + s23)/2 + (Q^2 + s - s23 + t)/2 - u3/2)^2) + (2*eq^2*normalDot*(Q^2 + s)^3*SUNN*transverseK^3*(a12*Q^2 + a12*s + 2*Q^2*s23 - Q^2*t + s*t + Q^2*u3 - s*u3)*(3*a12*Q^4*s23 + Q^6*s23 + 3*a12*Q^2*s*s23 - Q^4*s*s23 - 2*Q^2*s^2*s23 - 2*a12*Q^2*s23^2 + 2*Q^2*s*s23^2 - a12*Q^4*t + a12*Q^2*s*t + Q^4*s*t + 2*a12*s^2*t - Q^2*s^2*t - 2*s^3*t + 3*a12*Q^2*s23*t + Q^4*s23*t - a12*s*s23*t - Q^2*s*s23*t + 2*s^2*s23*t - a12*Q^2*t^2 + a12*s*t^2 + Q^2*s*t^2 - s^2*t^2 + Q^4*s*u3 + Q^2*s^2*u3 - Q^4*s23*u3 - 3*Q^2*s*s23*u3 + 2*Q^2*s23^2*u3 + Q^2*s*t*u3 - s^2*t*u3 - Q^2*s23*t*u3 + s*s23*t*u3))/(Q^2*(Q^2 + s - s23 + t)^3*(Q^4 + Q^2*s - 2*Q^2*s23 + Q^2*t - s*t)^2*(Q^2*s23 + s*t)*((a12 - s + s23)/2 + (Q^2 + s - s23 + t)/2 - u3/2)^2) - (2*eq^2*normalDot*(Q^2 + s)*SUNN*transverseK^3*(a12*Q^2 + a12*s + 2*Q^2*s23 - Q^2*t + s*t + Q^2*u3 - s*u3)*(3*a12*Q^4*s23 + Q^6*s23 + 3*a12*Q^2*s*s23 - Q^4*s*s23 - 2*Q^2*s^2*s23 - 2*a12*Q^2*s23^2 + 2*Q^2*s*s23^2 - a12*Q^4*t + a12*Q^2*s*t + Q^4*s*t + 2*a12*s^2*t - Q^2*s^2*t - 2*s^3*t + 3*a12*Q^2*s23*t + Q^4*s23*t - a12*s*s23*t - Q^2*s*s23*t + 2*s^2*s23*t - a12*Q^2*t^2 + a12*s*t^2 + Q^2*s*t^2 - s^2*t^2 + Q^4*s*u3 + Q^2*s^2*u3 - Q^4*s23*u3 - 3*Q^2*s*s23*u3 + 2*Q^2*s23^2*u3 + Q^2*s*t*u3 - s^2*t*u3 - Q^2*s23*t*u3 + s*s23*t*u3))/(Q^2*(Q^2 + s - s23 + t)^3*(Q^4 + Q^2*s - 2*Q^2*s23 + Q^2*t - s*t)*(Q^2*s23 + s*t)*((a12 - s + s23)/2 + (Q^2 + s - s23 + t)/2 - u3/2)^2) - (2*eq^2*normalDot*(Q^2 + s)*SUNN*transverseK^3*(a12*Q^2 + a12*s + 2*Q^2*s23 - Q^2*t + s*t + Q^2*u3 - s*u3)*(-(a12*Q^2) - a12*s + Q^2*s + s^2 - Q^2*u3 + s*u3)*(3*a12*Q^4*s23 + Q^6*s23 + 3*a12*Q^2*s*s23 - Q^4*s*s23 - 2*Q^2*s^2*s23 - 2*a12*Q^2*s23^2 + 2*Q^2*s*s23^2 - a12*Q^4*t + a12*Q^2*s*t + Q^4*s*t + 2*a12*s^2*t - Q^2*s^2*t - 2*s^3*t + 3*a12*Q^2*s23*t + Q^4*s23*t - a12*s*s23*t - Q^2*s*s23*t + 2*s^2*s23*t - a12*Q^2*t^2 + a12*s*t^2 + Q^2*s*t^2 - s^2*t^2 + Q^4*s*u3 + Q^2*s^2*u3 - Q^4*s23*u3 - 3*Q^2*s*s23*u3 + 2*Q^2*s23^2*u3 + Q^2*s*t*u3 - s^2*t*u3 - Q^2*s23*t*u3 + s*s23*t*u3))/(Q^2*(Q^2 + s - s23 + t)^3*(Q^4 + Q^2*s - 2*Q^2*s23 + Q^2*t - s*t)^2*(Q^2*s23 + s*t)*((a12 - s + s23)/2 + (Q^2 + s - s23 + t)/2 - u3/2)^2)]
"OWN_ANGULAR_COEFFICIENT "InputForm[<|"Component" -> 3, "Shortcut" -> True, "NontrivialShortcut" -> True, "InputHash" -> 26637593374864519278545831145221152698602725109592435647382860578923433987304, "InputBytes" -> 258568, "Seconds" -> 0.047511|>]
"SCALAR_OPERATION_BEGIN ""restore defining scalar products"
"SCALAR_OPERATION_END ""restore defining scalar products"" seconds "0.000012" bytes "16
"SCALAR_OPERATION_BEGIN ""on-shell reduction of restored coefficient"
"SCALAR_OPERATION_END ""on-shell reduction of restored coefficient"" seconds "1.*^-6" bytes "16
"PASS: ""own accepted angular-zero coefficient {{1, 1}, 4}"
"ZERO_ANGULAR_COEFFICIENT ""7e3123c00b2f9d139705489595f769b9b8d908a0230ff9bba3f573bb7762cdf4"
"OWN_ANGULAR_COEFFICIENT "InputForm[<|"Component" -> 4, "Shortcut" -> True, "NontrivialShortcut" -> False, "InputHash" -> 27658830558030413542493292053419905772267145058542437434135608348105667684271, "InputBytes" -> 16, "Seconds" -> 0.000062|>]
"SCALAR_OPERATION_BEGIN ""restore defining scalar products"
"SCALAR_OPERATION_END ""restore defining scalar products"" seconds "0.002139" bytes "139720
"SCALAR_OPERATION_BEGIN ""on-shell reduction of restored coefficient"
"SCALAR_OPERATION_END ""on-shell reduction of restored coefficient"" seconds "1.*^-6" bytes "139720
"OWN_ANGULAR_COEFFICIENT "InputForm[<|"Component" -> 5, "Shortcut" -> False, "NontrivialShortcut" -> False, "InputHash" -> 27553332176782385273670512952938530203601682729824647577159615168430623205839, "InputBytes" -> 139720, "Seconds" -> 0.108768|>]
"SCALAR_OPERATION_BEGIN ""restore defining scalar products"
"SCALAR_OPERATION_END ""restore defining scalar products"" seconds "0.008146" bytes "727104
"SCALAR_OPERATION_BEGIN ""on-shell reduction of restored coefficient"
"SCALAR_OPERATION_END ""on-shell reduction of restored coefficient"" seconds "1.*^-6" bytes "727104
"OWN_ANGULAR_COEFFICIENT "InputForm[<|"Component" -> 6, "Shortcut" -> False, "NontrivialShortcut" -> False, "InputHash" -> 76527869796973375680638241723855570073442532872700616744319017977298274284513, "InputBytes" -> 727104, "Seconds" -> 0.139667|>]
"SCALAR_OPERATION_BEGIN ""restore defining scalar products"
"SCALAR_OPERATION_END ""restore defining scalar products"" seconds "0.008262" bytes "697656
"SCALAR_OPERATION_BEGIN ""on-shell reduction of restored coefficient"
"SCALAR_OPERATION_END ""on-shell reduction of restored coefficient"" seconds "0.000118" bytes "697656
"OWN_ANGULAR_COEFFICIENT "InputForm[<|"Component" -> 7, "Shortcut" -> False, "NontrivialShortcut" -> False, "InputHash" -> 3680509014661208874849222367695948622291151634569201566744051653685069872398, "InputBytes" -> 697656, "Seconds" -> 0.137448|>]
"SCALAR_OPERATION_BEGIN ""restore defining scalar products"
"SCALAR_OPERATION_END ""restore defining scalar products"" seconds "0.003959" bytes "258568
"SCALAR_OPERATION_BEGIN ""on-shell reduction of restored coefficient"
"SCALAR_OPERATION_END ""on-shell reduction of restored coefficient"" seconds "2.*^-6" bytes "258568
"PASS: ""own accepted angular-zero coefficient {{1, 1}, 8}"
"ZERO_ANGULAR_COEFFICIENT ""04892b89fe2723e9d6fa7fe730b3301d0d97e53d43e02eb34da2eca8d0a69da6"
"OWN_ANGULAR_COEFFICIENT "InputForm[<|"Component" -> 8, "Shortcut" -> True, "NontrivialShortcut" -> True, "InputHash" -> 45262386201988307461497422259036459790063268278301232366944306988172800846025, "InputBytes" -> 258568, "Seconds" -> 0.048096|>]
"SCALAR_OPERATION_BEGIN ""restore defining scalar products"
"SCALAR_OPERATION_END ""restore defining scalar products"" seconds "0.000013" bytes "16
"SCALAR_OPERATION_BEGIN ""on-shell reduction of restored coefficient"
"SCALAR_OPERATION_END ""on-shell reduction of restored coefficient"" seconds "0." bytes "16
"PASS: ""own accepted angular-zero coefficient {{1, 1}, 9}"
"ZERO_ANGULAR_COEFFICIENT ""7e3123c00b2f9d139705489595f769b9b8d908a0230ff9bba3f573bb7762cdf4"
"OWN_ANGULAR_COEFFICIENT "InputForm[<|"Component" -> 9, "Shortcut" -> True, "NontrivialShortcut" -> False, "InputHash" -> 27658830558030413542493292053419905772267145058542437434135608348105667684271, "InputBytes" -> 16, "Seconds" -> 0.000067|>]
"SCALAR_OPERATION_BEGIN ""restore defining scalar products"
"SCALAR_OPERATION_END ""restore defining scalar products"" seconds "0.001776" bytes "139720
"SCALAR_OPERATION_BEGIN ""on-shell reduction of restored coefficient"
"SCALAR_OPERATION_END ""on-shell reduction of restored coefficient"" seconds "1.*^-6" bytes "139720
"OWN_ANGULAR_COEFFICIENT "InputForm[<|"Component" -> 10, "Shortcut" -> False, "NontrivialShortcut" -> False, "InputHash" -> 27553332176782385273670512952938530203601682729824647577159615168430623205839, "InputBytes" -> 139720, "Seconds" -> 0.107218|>]
"SCALAR_OPERATION_BEGIN ""restore defining scalar products"
"SCALAR_OPERATION_END ""restore defining scalar products"" seconds "0.003417" bytes "265632
"SCALAR_OPERATION_BEGIN ""on-shell reduction of restored coefficient"
"SCALAR_OPERATION_END ""on-shell reduction of restored coefficient"" seconds "1.*^-6" bytes "265632
"PASS: ""own accepted angular-zero coefficient {{1, 1}, 11}"
"ZERO_ANGULAR_COEFFICIENT ""cd95d472e82668d9c61119f772ba8a82867e4c28d33630cd0ea45cc7889c30b6"
"OWN_ANGULAR_COEFFICIENT "InputForm[<|"Component" -> 11, "Shortcut" -> True, "NontrivialShortcut" -> True, "InputHash" -> 98230979508064574057417629996591432875024686902808168460448876045934357139275, "InputBytes" -> 265632, "Seconds" -> 0.043443|>]
"SCALAR_OPERATION_BEGIN ""restore defining scalar products"
"SCALAR_OPERATION_END ""restore defining scalar products"" seconds "0.003525" bytes "265632
"SCALAR_OPERATION_BEGIN ""on-shell reduction of restored coefficient"
"SCALAR_OPERATION_END ""on-shell reduction of restored coefficient"" seconds "0.000056" bytes "265632
"PASS: ""own accepted angular-zero coefficient {{1, 1}, 12}"
"ZERO_ANGULAR_COEFFICIENT ""e8c5d57a3aed7af146bf41211e52d19e988f8d8e8396bf04319699cab71160c5"
"OWN_ANGULAR_COEFFICIENT "InputForm[<|"Component" -> 12, "Shortcut" -> True, "NontrivialShortcut" -> True, "InputHash" -> 77361871463255218596923935911853458158707740045344906476310862242062571176952, "InputBytes" -> 265632, "Seconds" -> 0.044293|>]
"SCALAR_OPERATION_BEGIN ""restore defining scalar products"
"SCALAR_OPERATION_END ""restore defining scalar products"" seconds "0.003845" bytes "352768
"SCALAR_OPERATION_BEGIN ""on-shell reduction of restored coefficient"
"SCALAR_OPERATION_END ""on-shell reduction of restored coefficient"" seconds "1.*^-6" bytes "352768
"OWN_ANGULAR_COEFFICIENT "InputForm[<|"Component" -> 13, "Shortcut" -> False, "NontrivialShortcut" -> False, "InputHash" -> 11691554930024024904663633170796316618645171744225099217409976114430236244294, "InputBytes" -> 352768, "Seconds" -> 0.069253|>]
"SCALAR_OPERATION_BEGIN ""restore defining scalar products"
"SCALAR_OPERATION_END ""restore defining scalar products"" seconds "0.000013" bytes "16
"SCALAR_OPERATION_BEGIN ""on-shell reduction of restored coefficient"
"SCALAR_OPERATION_END ""on-shell reduction of restored coefficient"" seconds "0." bytes "16
"PASS: ""own accepted angular-zero coefficient {{1, 1}, 14}"
"ZERO_ANGULAR_COEFFICIENT ""7e3123c00b2f9d139705489595f769b9b8d908a0230ff9bba3f573bb7762cdf4"
"OWN_ANGULAR_COEFFICIENT "InputForm[<|"Component" -> 14, "Shortcut" -> True, "NontrivialShortcut" -> False, "InputHash" -> 27658830558030413542493292053419905772267145058542437434135608348105667684271, "InputBytes" -> 16, "Seconds" -> 0.000066|>]
"SCALAR_OPERATION_BEGIN ""restore defining scalar products"
"SCALAR_OPERATION_END ""restore defining scalar products"" seconds "7.*^-6" bytes "16
"SCALAR_OPERATION_BEGIN ""on-shell reduction of restored coefficient"
"SCALAR_OPERATION_END ""on-shell reduction of restored coefficient"" seconds "1.*^-6" bytes "16
"PASS: ""own accepted angular-zero coefficient {{1, 1}, 15}"
"ZERO_ANGULAR_COEFFICIENT ""7e3123c00b2f9d139705489595f769b9b8d908a0230ff9bba3f573bb7762cdf4"
"OWN_ANGULAR_COEFFICIENT "InputForm[<|"Component" -> 15, "Shortcut" -> True, "NontrivialShortcut" -> False, "InputHash" -> 27658830558030413542493292053419905772267145058542437434135608348105667684271, "InputBytes" -> 16, "Seconds" -> 0.000059|>]
"SCALAR_OPERATION_BEGIN ""restore defining scalar products"
"SCALAR_OPERATION_END ""restore defining scalar products"" seconds "6.*^-6" bytes "16
"SCALAR_OPERATION_BEGIN ""on-shell reduction of restored coefficient"
"SCALAR_OPERATION_END ""on-shell reduction of restored coefficient"" seconds "0." bytes "16
"PASS: ""own accepted angular-zero coefficient {{1, 1}, 16}"
"ZERO_ANGULAR_COEFFICIENT ""7e3123c00b2f9d139705489595f769b9b8d908a0230ff9bba3f573bb7762cdf4"
"OWN_ANGULAR_COEFFICIENT "InputForm[<|"Component" -> 16, "Shortcut" -> True, "NontrivialShortcut" -> False, "InputHash" -> 27658830558030413542493292053419905772267145058542437434135608348105667684271, "InputBytes" -> 16, "Seconds" -> 0.000058|>]
"SCALAR_OPERATION_BEGIN ""restore defining scalar products"
"SCALAR_OPERATION_END ""restore defining scalar products"" seconds "6.*^-6" bytes "16
"SCALAR_OPERATION_BEGIN ""on-shell reduction of restored coefficient"
"SCALAR_OPERATION_END ""on-shell reduction of restored coefficient"" seconds "1.*^-6" bytes "16
"PASS: ""own accepted angular-zero coefficient {{1, 1}, 17}"
"ZERO_ANGULAR_COEFFICIENT ""7e3123c00b2f9d139705489595f769b9b8d908a0230ff9bba3f573bb7762cdf4"
"OWN_ANGULAR_COEFFICIENT "InputForm[<|"Component" -> 17, "Shortcut" -> True, "NontrivialShortcut" -> False, "InputHash" -> 27658830558030413542493292053419905772267145058542437434135608348105667684271, "InputBytes" -> 16, "Seconds" -> 0.000066|>]
"SCALAR_OPERATION_BEGIN ""restore defining scalar products"
"SCALAR_OPERATION_END ""restore defining scalar products"" seconds "6.*^-6" bytes "16
"SCALAR_OPERATION_BEGIN ""on-shell reduction of restored coefficient"
"SCALAR_OPERATION_END ""on-shell reduction of restored coefficient"" seconds "1.*^-6" bytes "16
"PASS: ""own accepted angular-zero coefficient {{1, 1}, 18}"
"ZERO_ANGULAR_COEFFICIENT ""7e3123c00b2f9d139705489595f769b9b8d908a0230ff9bba3f573bb7762cdf4"
"OWN_ANGULAR_COEFFICIENT "InputForm[<|"Component" -> 18, "Shortcut" -> True, "NontrivialShortcut" -> False, "InputHash" -> 27658830558030413542493292053419905772267145058542437434135608348105667684271, "InputBytes" -> 16, "Seconds" -> 0.000058|>]
"SCALAR_OPERATION_BEGIN ""restore defining scalar products"
"SCALAR_OPERATION_END ""restore defining scalar products"" seconds "0.004614" bytes "380272
"SCALAR_OPERATION_BEGIN ""on-shell reduction of restored coefficient"
"SCALAR_OPERATION_END ""on-shell reduction of restored coefficient"" seconds "1.*^-6" bytes "380272
"OWN_ANGULAR_COEFFICIENT "InputForm[<|"Component" -> 19, "Shortcut" -> False, "NontrivialShortcut" -> False, "InputHash" -> 47085021389192286134591523953159691600335782075884025764823868761161163113537, "InputBytes" -> 380272, "Seconds" -> 0.073755|>]
"SCALAR_OPERATION_BEGIN ""restore defining scalar products"
"SCALAR_OPERATION_END ""restore defining scalar products"" seconds "0.000018" bytes "16
"SCALAR_OPERATION_BEGIN ""on-shell reduction of restored coefficient"
"SCALAR_OPERATION_END ""on-shell reduction of restored coefficient"" seconds "1.*^-6" bytes "16
"PASS: ""own accepted angular-zero coefficient {{1, 1}, 20}"
"ZERO_ANGULAR_COEFFICIENT ""7e3123c00b2f9d139705489595f769b9b8d908a0230ff9bba3f573bb7762cdf4"
"OWN_ANGULAR_COEFFICIENT "InputForm[<|"Component" -> 20, "Shortcut" -> True, "NontrivialShortcut" -> False, "InputHash" -> 27658830558030413542493292053419905772267145058542437434135608348105667684271, "InputBytes" -> 16, "Seconds" -> 0.000075|>]
"SCALAR_OPERATION_BEGIN ""restore defining scalar products"
"SCALAR_OPERATION_END ""restore defining scalar products"" seconds "0.00194" bytes "117712
"SCALAR_OPERATION_BEGIN ""on-shell reduction of restored coefficient"
"SCALAR_OPERATION_END ""on-shell reduction of restored coefficient"" seconds "1.*^-6" bytes "117712
"OWN_ANGULAR_COEFFICIENT "InputForm[<|"Component" -> 21, "Shortcut" -> False, "NontrivialShortcut" -> False, "InputHash" -> 61778243282193301815166219454986855185289520368799534534871667175082543285120, "InputBytes" -> 117712, "Seconds" -> 0.089429|>]
"SCALAR_OPERATION_BEGIN ""restore defining scalar products"
"SCALAR_OPERATION_END ""restore defining scalar products"" seconds "0.001673" bytes "117712
"SCALAR_OPERATION_BEGIN ""on-shell reduction of restored coefficient"
"SCALAR_OPERATION_END ""on-shell reduction of restored coefficient"" seconds "0.000027" bytes "117712
"OWN_ANGULAR_COEFFICIENT "InputForm[<|"Component" -> 22, "Shortcut" -> False, "NontrivialShortcut" -> False, "InputHash" -> 61778243282193301815166219454986855185289520368799534534871667175082543285120, "InputBytes" -> 117712, "Seconds" -> 0.089051|>]
"SCALAR_OPERATION_BEGIN ""restore defining scalar products"
"SCALAR_OPERATION_END ""restore defining scalar products"" seconds "0.00001" bytes "16
"SCALAR_OPERATION_BEGIN ""on-shell reduction of restored coefficient"
"SCALAR_OPERATION_END ""on-shell reduction of restored coefficient"" seconds "1.*^-6" bytes "16
"PASS: ""own accepted angular-zero coefficient {{1, 1}, 23}"
"ZERO_ANGULAR_COEFFICIENT ""7e3123c00b2f9d139705489595f769b9b8d908a0230ff9bba3f573bb7762cdf4"
"OWN_ANGULAR_COEFFICIENT "InputForm[<|"Component" -> 23, "Shortcut" -> True, "NontrivialShortcut" -> False, "InputHash" -> 27658830558030413542493292053419905772267145058542437434135608348105667684271, "InputBytes" -> 16, "Seconds" -> 0.000064|>]
"SCALAR_OPERATION_BEGIN ""restore defining scalar products"
"SCALAR_OPERATION_END ""restore defining scalar products"" seconds "7.*^-6" bytes "16
"SCALAR_OPERATION_BEGIN ""on-shell reduction of restored coefficient"
"SCALAR_OPERATION_END ""on-shell reduction of restored coefficient"" seconds "1.*^-6" bytes "16
"PASS: ""own accepted angular-zero coefficient {{1, 1}, 24}"
"ZERO_ANGULAR_COEFFICIENT ""7e3123c00b2f9d139705489595f769b9b8d908a0230ff9bba3f573bb7762cdf4"
"OWN_ANGULAR_COEFFICIENT "InputForm[<|"Component" -> 24, "Shortcut" -> True, "NontrivialShortcut" -> False, "InputHash" -> 27658830558030413542493292053419905772267145058542437434135608348105667684271, "InputBytes" -> 16, "Seconds" -> 0.000059|>]
"SCALAR_OPERATION_BEGIN ""restore defining scalar products"
"SCALAR_OPERATION_END ""restore defining scalar products"" seconds "0.002002" bytes "90328
"SCALAR_OPERATION_BEGIN ""on-shell reduction of restored coefficient"
"SCALAR_OPERATION_END ""on-shell reduction of restored coefficient"" seconds "1.*^-6" bytes "90328
"OWN_ANGULAR_COEFFICIENT "InputForm[<|"Component" -> 25, "Shortcut" -> False, "NontrivialShortcut" -> False, "InputHash" -> 17326182381018512210046309875214666876416477772772890794773038944137006377535, "InputBytes" -> 90328, "Seconds" -> 0.000539|>]
"PASS: ""entire own photon projection unchanged {1, 1}"
"OWN_ANGULAR_PROJECTION "{1, 2}
"PASS: ""own complete raw spin reconstruction {1, 2}"
"PASS: ""own complete accepted spin reconstruction {1, 2}"
"SCALAR_OPERATION_BEGIN ""restore defining scalar products"
"SCALAR_OPERATION_END ""restore defining scalar products"" seconds "0.006599" bytes "702168
"SCALAR_OPERATION_BEGIN ""on-shell reduction of restored coefficient"
"SCALAR_OPERATION_END ""on-shell reduction of restored coefficient"" seconds "0.000108" bytes "702168
"OWN_ANGULAR_COEFFICIENT "InputForm[<|"Component" -> 1, "Shortcut" -> False, "NontrivialShortcut" -> False, "InputHash" -> 75952598372493195488495245864964745334561401677261619253285444944940127507506, "InputBytes" -> 702168, "Seconds" -> 0.120408|>]
"SCALAR_OPERATION_BEGIN ""restore defining scalar products"
"SCALAR_OPERATION_END ""restore defining scalar products"" seconds "0.006265" bytes "673904
"SCALAR_OPERATION_BEGIN ""on-shell reduction of restored coefficient"
"SCALAR_OPERATION_END ""on-shell reduction of restored coefficient"" seconds "0.0001" bytes "673904
"OWN_ANGULAR_COEFFICIENT "InputForm[<|"Component" -> 2, "Shortcut" -> False, "NontrivialShortcut" -> False, "InputHash" -> 34682816047595390915964699510092621201842877486163586578685106607809639859631, "InputBytes" -> 673904, "Seconds" -> 0.117207|>]
"SCALAR_OPERATION_BEGIN ""restore defining scalar products"
"SCALAR_OPERATION_END ""restore defining scalar products"" seconds "0.002344" bytes "217080
"SCALAR_OPERATION_BEGIN ""on-shell reduction of restored coefficient"
"SCALAR_OPERATION_END ""on-shell reduction of restored coefficient"" seconds "1.*^-6" bytes "217080
"PASS: ""own accepted angular-zero coefficient {{1, 2}, 3}"
"ZERO_ANGULAR_COEFFICIENT ""999afdababa99b489db58924cb53d7b879a29d99d481e53ef31f56cd93b648e5"
"OWN_ANGULAR_COEFFICIENT "InputForm[<|"Component" -> 3, "Shortcut" -> True, "NontrivialShortcut" -> True, "InputHash" -> 61224598648264165232965892815802679925772338357279921246492286627070180549625, "InputBytes" -> 217080, "Seconds" -> 0.036053|>]
"SCALAR_OPERATION_BEGIN ""restore defining scalar products"
"SCALAR_OPERATION_END ""restore defining scalar products"" seconds "0.002992" bytes "222600
"SCALAR_OPERATION_BEGIN ""on-shell reduction of restored coefficient"
"SCALAR_OPERATION_END ""on-shell reduction of restored coefficient"" seconds "1.*^-6" bytes "222600
"PASS: ""own accepted angular-zero coefficient {{1, 2}, 4}"
"ZERO_ANGULAR_COEFFICIENT ""c680f5036c90008f32005f276fd032178047bcd7f6bd5c9621df925af89fcea8"
"OWN_ANGULAR_COEFFICIENT "InputForm[<|"Component" -> 4, "Shortcut" -> True, "NontrivialShortcut" -> True, "InputHash" -> 54878645190553171923005706409016738149960994390087763345751530675206575608911, "InputBytes" -> 222600, "Seconds" -> 0.037074|>]
"SCALAR_OPERATION_BEGIN ""restore defining scalar products"
"SCALAR_OPERATION_END ""restore defining scalar products"" seconds "0.001391" bytes "131728
"SCALAR_OPERATION_BEGIN ""on-shell reduction of restored coefficient"
"SCALAR_OPERATION_END ""on-shell reduction of restored coefficient"" seconds "0.000027" bytes "131728
"OWN_ANGULAR_COEFFICIENT "InputForm[<|"Component" -> 5, "Shortcut" -> False, "NontrivialShortcut" -> False, "InputHash" -> 83163727252947303132530611085591173961476448181831947803559366801907625354418, "InputBytes" -> 131728, "Seconds" -> 0.086311|>]
"SCALAR_OPERATION_BEGIN ""restore defining scalar products"
"SCALAR_OPERATION_END ""restore defining scalar products"" seconds "0.006168" bytes "667936
"SCALAR_OPERATION_BEGIN ""on-shell reduction of restored coefficient"
"SCALAR_OPERATION_END ""on-shell reduction of restored coefficient"" seconds "1.*^-6" bytes "667936
"OWN_ANGULAR_COEFFICIENT "InputForm[<|"Component" -> 6, "Shortcut" -> False, "NontrivialShortcut" -> False, "InputHash" -> 107864792370657093136193343595286876365420244355235484719804805661164921588361, "InputBytes" -> 667936, "Seconds" -> 0.115739|>]
"SCALAR_OPERATION_BEGIN ""restore defining scalar products"
"SCALAR_OPERATION_END ""restore defining scalar products"" seconds "0.005768" bytes "639672
"SCALAR_OPERATION_BEGIN ""on-shell reduction of restored coefficient"
"SCALAR_OPERATION_END ""on-shell reduction of restored coefficient"" seconds "2.*^-6" bytes "639672
"OWN_ANGULAR_COEFFICIENT "InputForm[<|"Component" -> 7, "Shortcut" -> False, "NontrivialShortcut" -> False, "InputHash" -> 87022545072075454577223207668902282208432597375894478110046524257022403633424, "InputBytes" -> 639672, "Seconds" -> 0.11214|>]
"SCALAR_OPERATION_BEGIN ""restore defining scalar products"
"SCALAR_OPERATION_END ""restore defining scalar products"" seconds "0.002308" bytes "217080
"SCALAR_OPERATION_BEGIN ""on-shell reduction of restored coefficient"
"SCALAR_OPERATION_END ""on-shell reduction of restored coefficient"" seconds "1.*^-6" bytes "217080
"PASS: ""own accepted angular-zero coefficient {{1, 2}, 8}"
"ZERO_ANGULAR_COEFFICIENT ""d4c7d34658f511dcbeac79aae8a657d12395a9943526b8606689c53437aaa82d"
"OWN_ANGULAR_COEFFICIENT "InputForm[<|"Component" -> 8, "Shortcut" -> True, "NontrivialShortcut" -> True, "InputHash" -> 103701580927436453424591534243510878422889376009330083483786607930421234646351, "InputBytes" -> 217080, "Seconds" -> 0.036078|>]
"SCALAR_OPERATION_BEGIN ""restore defining scalar products"
"SCALAR_OPERATION_END ""restore defining scalar products"" seconds "0.002967" bytes "222600
"SCALAR_OPERATION_BEGIN ""on-shell reduction of restored coefficient"
"SCALAR_OPERATION_END ""on-shell reduction of restored coefficient"" seconds "1.*^-6" bytes "222600
"PASS: ""own accepted angular-zero coefficient {{1, 2}, 9}"
"ZERO_ANGULAR_COEFFICIENT ""115ca9fc23ea6657caf0908a93b6f7f7031f4cd63b129357a222cb3e12d830b3"
"OWN_ANGULAR_COEFFICIENT "InputForm[<|"Component" -> 9, "Shortcut" -> True, "NontrivialShortcut" -> True, "InputHash" -> 66080736572311323520021801098398546102479531678296195339149169760258821764378, "InputBytes" -> 222600, "Seconds" -> 0.037045|>]
"SCALAR_OPERATION_BEGIN ""restore defining scalar products"
"SCALAR_OPERATION_END ""restore defining scalar products"" seconds "0.001335" bytes "131728
"SCALAR_OPERATION_BEGIN ""on-shell reduction of restored coefficient"
"SCALAR_OPERATION_END ""on-shell reduction of restored coefficient"" seconds "1.*^-6" bytes "131728
"OWN_ANGULAR_COEFFICIENT "InputForm[<|"Component" -> 10, "Shortcut" -> False, "NontrivialShortcut" -> False, "InputHash" -> 83163727252947303132530611085591173961476448181831947803559366801907625354418, "InputBytes" -> 131728, "Seconds" -> 0.085049|>]
"SCALAR_OPERATION_BEGIN ""restore defining scalar products"
"SCALAR_OPERATION_END ""restore defining scalar products"" seconds "0.002115" bytes "205024
"SCALAR_OPERATION_BEGIN ""on-shell reduction of restored coefficient"
"SCALAR_OPERATION_END ""on-shell reduction of restored coefficient"" seconds "1.*^-6" bytes "205024
"PASS: ""own accepted angular-zero coefficient {{1, 2}, 11}"
"ZERO_ANGULAR_COEFFICIENT ""86f2014fd75e612439a71c5532ec55f0f977635d6e13cfb9a1291fc8a5982021"
"OWN_ANGULAR_COEFFICIENT "InputForm[<|"Component" -> 11, "Shortcut" -> True, "NontrivialShortcut" -> True, "InputHash" -> 8581599533292725980392594194479878604969965987889042630845496530204425040712, "InputBytes" -> 205024, "Seconds" -> 0.033839|>]
"SCALAR_OPERATION_BEGIN ""restore defining scalar products"
"SCALAR_OPERATION_END ""restore defining scalar products"" seconds "0.002071" bytes "205024
"SCALAR_OPERATION_BEGIN ""on-shell reduction of restored coefficient"
"SCALAR_OPERATION_END ""on-shell reduction of restored coefficient"" seconds "0.000038" bytes "205024
"PASS: ""own accepted angular-zero coefficient {{1, 2}, 12}"
"ZERO_ANGULAR_COEFFICIENT ""10aa9e1397c1efce7e639ece98581e0da439e1d2f633f2b0b2077fbb3760ea6d"
"OWN_ANGULAR_COEFFICIENT "InputForm[<|"Component" -> 12, "Shortcut" -> True, "NontrivialShortcut" -> True, "InputHash" -> 58642998859666909319549835832208463590630111324845720592130727990525694167945, "InputBytes" -> 205024, "Seconds" -> 0.033647|>]
"SCALAR_OPERATION_BEGIN ""restore defining scalar products"
"SCALAR_OPERATION_END ""restore defining scalar products"" seconds "0.003341" bytes "342152
"SCALAR_OPERATION_BEGIN ""on-shell reduction of restored coefficient"
"SCALAR_OPERATION_END ""on-shell reduction of restored coefficient"" seconds "1.*^-6" bytes "342152
"OWN_ANGULAR_COEFFICIENT "InputForm[<|"Component" -> 13, "Shortcut" -> False, "NontrivialShortcut" -> False, "InputHash" -> 97464297300884618788265227051913153523195803835946777284077044762902667651985, "InputBytes" -> 342152, "Seconds" -> 0.060087|>]
"SCALAR_OPERATION_BEGIN ""restore defining scalar products"
"SCALAR_OPERATION_END ""restore defining scalar products"" seconds "0.003351" bytes "298984
"SCALAR_OPERATION_BEGIN ""on-shell reduction of restored coefficient"
"SCALAR_OPERATION_END ""on-shell reduction of restored coefficient"" seconds "1.*^-6" bytes "298984
"OWN_ANGULAR_COEFFICIENT "InputForm[<|"Component" -> 14, "Shortcut" -> False, "NontrivialShortcut" -> False, "InputHash" -> 11486439377556485935106510172329847304989670492416052525834875539065859824078, "InputBytes" -> 298984, "Seconds" -> 0.001485|>]
"SCALAR_OPERATION_BEGIN ""restore defining scalar products"
"SCALAR_OPERATION_END ""restore defining scalar products"" seconds "7.*^-6" bytes "16
"SCALAR_OPERATION_BEGIN ""on-shell reduction of restored coefficient"
"SCALAR_OPERATION_END ""on-shell reduction of restored coefficient"" seconds "0." bytes "16
"PASS: ""own accepted angular-zero coefficient {{1, 2}, 15}"
"ZERO_ANGULAR_COEFFICIENT ""7e3123c00b2f9d139705489595f769b9b8d908a0230ff9bba3f573bb7762cdf4"
"OWN_ANGULAR_COEFFICIENT "InputForm[<|"Component" -> 15, "Shortcut" -> True, "NontrivialShortcut" -> False, "InputHash" -> 27658830558030413542493292053419905772267145058542437434135608348105667684271, "InputBytes" -> 16, "Seconds" -> 0.000064|>]
"SCALAR_OPERATION_BEGIN ""restore defining scalar products"
"SCALAR_OPERATION_END ""restore defining scalar products"" seconds "0.002616" bytes "200120
"SCALAR_OPERATION_BEGIN ""on-shell reduction of restored coefficient"
"SCALAR_OPERATION_END ""on-shell reduction of restored coefficient"" seconds "1.*^-6" bytes "200120
"PASS: ""own accepted angular-zero coefficient {{1, 2}, 16}"
"ZERO_ANGULAR_COEFFICIENT ""f0e6fcf6084ce8487d67fe2b95c62db88897716ec5f2c7d98ca9a5d553055d36"
"OWN_ANGULAR_COEFFICIENT "InputForm[<|"Component" -> 16, "Shortcut" -> True, "NontrivialShortcut" -> True, "InputHash" -> 62654967856871205412688474481033752969313021723507663621035686518151657068016, "InputBytes" -> 200120, "Seconds" -> 0.034549|>]
"SCALAR_OPERATION_BEGIN ""restore defining scalar products"
"SCALAR_OPERATION_END ""restore defining scalar products"" seconds "0.00241" bytes "189384
"SCALAR_OPERATION_BEGIN ""on-shell reduction of restored coefficient"
"SCALAR_OPERATION_END ""on-shell reduction of restored coefficient"" seconds "1.*^-6" bytes "189384
"PASS: ""own accepted angular-zero coefficient {{1, 2}, 17}"
"ZERO_ANGULAR_COEFFICIENT ""489c37d694ba1b31ed85eb838d608e6c27140611e4115adcdebc45e41998c898"
"OWN_ANGULAR_COEFFICIENT "InputForm[<|"Component" -> 17, "Shortcut" -> True, "NontrivialShortcut" -> True, "InputHash" -> 102957312262324876449565350931541961475378049893073558974847983439834625725167, "InputBytes" -> 189384, "Seconds" -> 0.033208|>]
"SCALAR_OPERATION_BEGIN ""restore defining scalar products"
"SCALAR_OPERATION_END ""restore defining scalar products"" seconds "0.003353" bytes "298984
"SCALAR_OPERATION_BEGIN ""on-shell reduction of restored coefficient"
"SCALAR_OPERATION_END ""on-shell reduction of restored coefficient"" seconds "0.000057" bytes "298984
"OWN_ANGULAR_COEFFICIENT "InputForm[<|"Component" -> 18, "Shortcut" -> False, "NontrivialShortcut" -> False, "InputHash" -> 6851003541104470455258786716848565210111757865121662384569069176240899575995, "InputBytes" -> 298984, "Seconds" -> 0.001487|>]
"SCALAR_OPERATION_BEGIN ""restore defining scalar products"
"SCALAR_OPERATION_END ""restore defining scalar products"" seconds "0.003422" bytes "373680
"SCALAR_OPERATION_BEGIN ""on-shell reduction of restored coefficient"
"SCALAR_OPERATION_END ""on-shell reduction of restored coefficient"" seconds "1.*^-6" bytes "373680
"OWN_ANGULAR_COEFFICIENT "InputForm[<|"Component" -> 19, "Shortcut" -> False, "NontrivialShortcut" -> False, "InputHash" -> 24094399890425410308814959606827516370074092710805322988519999048854448967116, "InputBytes" -> 373680, "Seconds" -> 0.064655|>]
"SCALAR_OPERATION_BEGIN ""restore defining scalar products"
"SCALAR_OPERATION_END ""restore defining scalar products"" seconds "0.000013" bytes "16
"SCALAR_OPERATION_BEGIN ""on-shell reduction of restored coefficient"
"SCALAR_OPERATION_END ""on-shell reduction of restored coefficient"" seconds "1.*^-6" bytes "16
"PASS: ""own accepted angular-zero coefficient {{1, 2}, 20}"
"ZERO_ANGULAR_COEFFICIENT ""7e3123c00b2f9d139705489595f769b9b8d908a0230ff9bba3f573bb7762cdf4"
"OWN_ANGULAR_COEFFICIENT "InputForm[<|"Component" -> 20, "Shortcut" -> True, "NontrivialShortcut" -> False, "InputHash" -> 27658830558030413542493292053419905772267145058542437434135608348105667684271, "InputBytes" -> 16, "Seconds" -> 0.000067|>]
"SCALAR_OPERATION_BEGIN ""restore defining scalar products"
"SCALAR_OPERATION_END ""restore defining scalar products"" seconds "0.00123" bytes "119488
"SCALAR_OPERATION_BEGIN ""on-shell reduction of restored coefficient"
"SCALAR_OPERATION_END ""on-shell reduction of restored coefficient"" seconds "0.000025" bytes "119488
"OWN_ANGULAR_COEFFICIENT "InputForm[<|"Component" -> 21, "Shortcut" -> False, "NontrivialShortcut" -> False, "InputHash" -> 911563369612403713563834275735407391601701053151194049739749923627173579165, "InputBytes" -> 119488, "Seconds" -> 0.07622|>]
"SCALAR_OPERATION_BEGIN ""restore defining scalar products"
"SCALAR_OPERATION_END ""restore defining scalar products"" seconds "0.00119" bytes "119488
"SCALAR_OPERATION_BEGIN ""on-shell reduction of restored coefficient"
"SCALAR_OPERATION_END ""on-shell reduction of restored coefficient"" seconds "1.*^-6" bytes "119488
"OWN_ANGULAR_COEFFICIENT "InputForm[<|"Component" -> 22, "Shortcut" -> False, "NontrivialShortcut" -> False, "InputHash" -> 911563369612403713563834275735407391601701053151194049739749923627173579165, "InputBytes" -> 119488, "Seconds" -> 0.076672|>]
"SCALAR_OPERATION_BEGIN ""restore defining scalar products"
"SCALAR_OPERATION_END ""restore defining scalar products"" seconds "0.000016" bytes "16
"SCALAR_OPERATION_BEGIN ""on-shell reduction of restored coefficient"
"SCALAR_OPERATION_END ""on-shell reduction of restored coefficient"" seconds "1.*^-6" bytes "16
"PASS: ""own accepted angular-zero coefficient {{1, 2}, 23}"
"ZERO_ANGULAR_COEFFICIENT ""7e3123c00b2f9d139705489595f769b9b8d908a0230ff9bba3f573bb7762cdf4"
"OWN_ANGULAR_COEFFICIENT "InputForm[<|"Component" -> 23, "Shortcut" -> True, "NontrivialShortcut" -> False, "InputHash" -> 27658830558030413542493292053419905772267145058542437434135608348105667684271, "InputBytes" -> 16, "Seconds" -> 0.00007|>]
"SCALAR_OPERATION_BEGIN ""restore defining scalar products"
"SCALAR_OPERATION_END ""restore defining scalar products"" seconds "7.*^-6" bytes "16
"SCALAR_OPERATION_BEGIN ""on-shell reduction of restored coefficient"
"SCALAR_OPERATION_END ""on-shell reduction of restored coefficient"" seconds "0." bytes "16
"PASS: ""own accepted angular-zero coefficient {{1, 2}, 24}"
"ZERO_ANGULAR_COEFFICIENT ""7e3123c00b2f9d139705489595f769b9b8d908a0230ff9bba3f573bb7762cdf4"
"OWN_ANGULAR_COEFFICIENT "InputForm[<|"Component" -> 24, "Shortcut" -> True, "NontrivialShortcut" -> False, "InputHash" -> 27658830558030413542493292053419905772267145058542437434135608348105667684271, "InputBytes" -> 16, "Seconds" -> 0.000057|>]
"SCALAR_OPERATION_BEGIN ""restore defining scalar products"
"SCALAR_OPERATION_END ""restore defining scalar products"" seconds "0.001845" bytes "152408
"SCALAR_OPERATION_BEGIN ""on-shell reduction of restored coefficient"
"SCALAR_OPERATION_END ""on-shell reduction of restored coefficient"" seconds "1.*^-6" bytes "152408
"OWN_ANGULAR_COEFFICIENT "InputForm[<|"Component" -> 25, "Shortcut" -> False, "NontrivialShortcut" -> False, "InputHash" -> 33774558514705244867475774732854781628128279000105802616540264587050726908478, "InputBytes" -> 152408, "Seconds" -> 0.000843|>]
"PASS: ""entire own photon projection unchanged {1, 2}"
"PASS: ""own nontrivial angular-zero shortcut exercised"
"PASS: ""own nonzero reduction retained"
"PASS: ""angular zero never saved before angular averaging"
"PASS: ""all original scalar and angular equations unchanged"
"PASS: ""bounded own angular proof output"
"PASS: ""exact own angular proof reload"
"PASS: s05_check_Hgg_zero_angular"
