"PASS: ""authorized local finite assembly"
"PASS: ""complete source syntax"
"PASS: ""known assembly channel"
"PASS: ""pinned original final assembly"
"PASS: ""required input common/s02_result/s02_result.wl"
"PASS: ""required input common/s06_result/s06_result.wl"
"PASS: ""accepted spin basis and scalar library"
"PASS: ""s02 pinned library geometry"
"PASS: ""s08 pinned library geometry"
"PASS: ""required input misc/s11_result/s11_result.wl"
"PASS: ""actual accepted local integrated input"
"PASS: ""required input Hgg/s05_result/s05_result.wl"
"PASS: ""own native-subtraction assembly"
"PASS: ""required input Hgg/s11_native_result/s11_result.wl"
"PASS: ""bound accepted native subtraction"
"PASS: ""accepted integrated real tensor"
"PASS: ""accepted real tensor and subtraction"
"PASS: ""same physical spin and photon bases"
"PASS: ""matching explicit regulator scheme"
"PASS: ""pinned Hgg/s14_result/reference/phase_input.json"
"PASS: ""pinned Hgg/s11_result/reference/github_s09_result_s09_result.wl"
"PASS: ""pinned Hgg/s14_result/reference/unpolarized_F1_hat.wl"
"PASS: ""pinned Hgg/s14_result/reference/unpolarized_F2_hat.wl"
"PASS: ""reference hat symbols match inherited conventions"
"PASS: ""original projectors fully resolved"
"PASS: ""linear original scalar projectors"
"PASS: ""released spin tensor preserves exact frame"
"S14_INPUT_RELEASE "InputForm[<|"TensorBytes" -> 8515568, "MemoryBefore" -> 1005259272, "MemoryAfter" -> 997962216|>]
"PASS: ""incoming vector reconstructed in photon frame"
"PASS: ""original hat weights are independent of recoil and branch"
"PASS: ""small counterterm normalization"
"PASS: ""required input Hgg/s01_result/reference/s01_result/s01_inputs/s01_result/real.wl"
"PASS: ""generated fields match momenta"
"PASS: ""one tagged momentum"
"PASS: ""one small-channel sector"
"PASS: ""spectator weight matches contracted tensor"
"PASS: ""original small-channel phase normalization"
"PASS: ""real and subtraction coupling degrees match"
"PASS: ""no mixed color symbol contexts"
"PASS: ""unique integrated physical components"
"PASS: ""accepted reference phase implementation"
"PASS: ""unique original finite export"
"PASS: ""original finite assembly tail syntax"
"PASS: ""unique finite native export"
"PASS: ""unchanged finite assembly with compact storage"
"PASS: ""complete compact finite assembly syntax"
"PASS: ""accepted complete phase optimization"
"PASS: ""exact phase proof source and runtime"
"PASS: ""all original mathematical assembly inputs unchanged"
"PASS: ""pinned original Laurent implementation"
"PASS: ""unique complete Laurent definition"
"PASS: ""unique regulator expansion change"
"PASS: ""entire original Laurent algorithm retained"
"PASS: ""validated complete phase implementation installed"
"PASS: ""original complete assembly source pinned for reuse"
"PASS: ""accepted exact scoped Laurent predicate"
"PASS: ""bound accepted predicate parent generation"
"PASS: ""accepted exact pole summation proof"
"PASS: ""exact sum proof source and control"
"PASS: ""unique original pole simplifier source"
"PASS: ""all original pole and finite gates retained"
"PASS: ""unique native Hgg finite export"
"PASS: ""all original final Hgg gates retained"
"PASS: ""pinned accepted finite checkpoint {{1, 1, 1}, 1, \"Delta\"}"
"PASS: ""exact accepted finite checkpoint identity {{1, 1, 1}, 1, \"Delta\"}"
"PASS: ""pinned accepted finite checkpoint {{1, 1, 1}, 1, \"L0\"}"
"PASS: ""exact accepted finite checkpoint identity {{1, 1, 1}, 1, \"L0\"}"
"PASS: ""pinned accepted finite checkpoint {{1, 1, 1}, 1, \"L1\"}"
"PASS: ""exact accepted finite checkpoint identity {{1, 1, 1}, 1, \"L1\"}"
"PASS: ""integer finite Laurent support"
"PASS: ""complete Laurent polynomial"
"PASS: ""regulator-independent Laurent coefficients"
"PASS: ""exact Laurent polynomial reconstruction"
"PASS: ""phase kernel has no truncated input series"
"PASS: ""reference phase product evaluated"
"PASS: ""own phase Laurent monomial equals original series {-1, 0}"
"PASS: ""own phase Laurent monomial equals original series {0, 0}"
"PASS: ""pinned accepted finite checkpoint {{1, 1, 1}, 1, \"Regular\"}"
"PASS: ""exact accepted finite checkpoint identity {{1, 1, 1}, 1, \"Regular\"}"
"PASS: ""pinned accepted finite checkpoint {{1, 1, 1}, -1, \"Delta\"}"
"PASS: ""exact accepted finite checkpoint identity {{1, 1, 1}, -1, \"Delta\"}"
"PASS: ""pinned accepted finite checkpoint {{1, 1, 1}, -1, \"L0\"}"
"PASS: ""exact accepted finite checkpoint identity {{1, 1, 1}, -1, \"L0\"}"
"PASS: ""pinned accepted finite checkpoint {{1, 1, 1}, -1, \"L1\"}"
"PASS: ""exact accepted finite checkpoint identity {{1, 1, 1}, -1, \"L1\"}"
"PASS: ""pinned accepted finite checkpoint {{1, 1, 1}, -1, \"Regular\"}"
"PASS: ""exact accepted finite checkpoint identity {{1, 1, 1}, -1, \"Regular\"}"
"PASS: ""real endpoint branches share a boundary"
"PASS: ""pinned accepted finite checkpoint {{1, 1, 1}, 0, \"Delta\"}"
"PASS: ""exact accepted finite checkpoint identity {{1, 1, 1}, 0, \"Delta\"}"
"PASS: ""pinned accepted finite checkpoint {{1, 1, 1}, 0, \"L0\"}"
"PASS: ""exact accepted finite checkpoint identity {{1, 1, 1}, 0, \"L0\"}"
"PASS: ""pinned accepted finite checkpoint {{1, 1, 1}, 0, \"L1\"}"
"PASS: ""exact accepted finite checkpoint identity {{1, 1, 1}, 0, \"L1\"}"
"PASS: ""pinned accepted finite checkpoint {{1, 1, 1}, 0, \"Regular\"}"
"PASS: ""exact accepted finite checkpoint identity {{1, 1, 1}, 0, \"Regular\"}"
"PASS: ""finite physical component"
"FINITE_COMPONENT_MEMORY "{1, 1, 1}" before "1044912960" after "1146208616
"PASS: ""pinned accepted finite checkpoint {{1, 1, 2}, 1, \"Delta\"}"
"PASS: ""exact accepted finite checkpoint identity {{1, 1, 2}, 1, \"Delta\"}"
"PASS: ""pinned accepted finite checkpoint {{1, 1, 2}, 1, \"L0\"}"
"PASS: ""exact accepted finite checkpoint identity {{1, 1, 2}, 1, \"L0\"}"
"PASS: ""pinned accepted finite checkpoint {{1, 1, 2}, 1, \"L1\"}"
"PASS: ""exact accepted finite checkpoint identity {{1, 1, 2}, 1, \"L1\"}"
"PASS: ""integer finite Laurent support"
"PASS: ""complete Laurent polynomial"
"PASS: ""regulator-independent Laurent coefficients"
"PASS: ""exact Laurent polynomial reconstruction"
"PASS: ""phase kernel has no truncated input series"
"PASS: ""reference phase product evaluated"
"PASS: ""pinned accepted finite checkpoint {{1, 1, 2}, 1, \"Regular\"}"
"PASS: ""exact accepted finite checkpoint identity {{1, 1, 2}, 1, \"Regular\"}"
"PASS: ""pinned accepted finite checkpoint {{1, 1, 2}, -1, \"Delta\"}"
"PASS: ""exact accepted finite checkpoint identity {{1, 1, 2}, -1, \"Delta\"}"
"PASS: ""pinned accepted finite checkpoint {{1, 1, 2}, -1, \"L0\"}"
"PASS: ""exact accepted finite checkpoint identity {{1, 1, 2}, -1, \"L0\"}"
"PASS: ""pinned accepted finite checkpoint {{1, 1, 2}, -1, \"L1\"}"
"PASS: ""exact accepted finite checkpoint identity {{1, 1, 2}, -1, \"L1\"}"
"PASS: ""pinned accepted finite checkpoint {{1, 1, 2}, -1, \"Regular\"}"
"PASS: ""exact accepted finite checkpoint identity {{1, 1, 2}, -1, \"Regular\"}"
"PASS: ""real endpoint branches share a boundary"
"PASS: ""pinned accepted finite checkpoint {{1, 1, 2}, 0, \"Delta\"}"
"PASS: ""exact accepted finite checkpoint identity {{1, 1, 2}, 0, \"Delta\"}"
"PASS: ""pinned accepted finite checkpoint {{1, 1, 2}, 0, \"L0\"}"
"PASS: ""exact accepted finite checkpoint identity {{1, 1, 2}, 0, \"L0\"}"
"PASS: ""pinned accepted finite checkpoint {{1, 1, 2}, 0, \"L1\"}"
"PASS: ""exact accepted finite checkpoint identity {{1, 1, 2}, 0, \"L1\"}"
"PASS: ""pinned accepted finite checkpoint {{1, 1, 2}, 0, \"Regular\"}"
"PASS: ""exact accepted finite checkpoint identity {{1, 1, 2}, 0, \"Regular\"}"
"PASS: ""finite physical component"
"FINITE_COMPONENT_MEMORY "{1, 1, 2}" before "1146209728" after "1216805648
"PASS: ""pinned accepted finite checkpoint {{1, 1, 3}, 1, \"Delta\"}"
"PASS: ""exact accepted finite checkpoint identity {{1, 1, 3}, 1, \"Delta\"}"
"PASS: ""pinned accepted finite checkpoint {{1, 1, 3}, 1, \"L0\"}"
"PASS: ""exact accepted finite checkpoint identity {{1, 1, 3}, 1, \"L0\"}"
"PASS: ""pinned accepted finite checkpoint {{1, 1, 3}, 1, \"L1\"}"
"PASS: ""exact accepted finite checkpoint identity {{1, 1, 3}, 1, \"L1\"}"
"PASS: ""pinned accepted finite checkpoint {{1, 1, 3}, 1, \"Regular\"}"
"PASS: ""exact accepted finite checkpoint identity {{1, 1, 3}, 1, \"Regular\"}"
"PASS: ""pinned accepted finite checkpoint {{1, 1, 3}, -1, \"Delta\"}"
"PASS: ""exact accepted finite checkpoint identity {{1, 1, 3}, -1, \"Delta\"}"
"PASS: ""pinned accepted finite checkpoint {{1, 1, 3}, -1, \"L0\"}"
"PASS: ""exact accepted finite checkpoint identity {{1, 1, 3}, -1, \"L0\"}"
"PASS: ""pinned accepted finite checkpoint {{1, 1, 3}, -1, \"L1\"}"
"PASS: ""exact accepted finite checkpoint identity {{1, 1, 3}, -1, \"L1\"}"
"PASS: ""pinned accepted finite checkpoint {{1, 1, 3}, -1, \"Regular\"}"
"PASS: ""exact accepted finite checkpoint identity {{1, 1, 3}, -1, \"Regular\"}"
"PASS: ""real endpoint branches share a boundary"
"PASS: ""pinned accepted finite checkpoint {{1, 1, 3}, 0, \"Delta\"}"
"PASS: ""exact accepted finite checkpoint identity {{1, 1, 3}, 0, \"Delta\"}"
"PASS: ""pinned accepted finite checkpoint {{1, 1, 3}, 0, \"L0\"}"
"PASS: ""exact accepted finite checkpoint identity {{1, 1, 3}, 0, \"L0\"}"
"PASS: ""pinned accepted finite checkpoint {{1, 1, 3}, 0, \"L1\"}"
"PASS: ""exact accepted finite checkpoint identity {{1, 1, 3}, 0, \"L1\"}"
"PASS: ""pinned accepted finite checkpoint {{1, 1, 3}, 0, \"Regular\"}"
"PASS: ""exact accepted finite checkpoint identity {{1, 1, 3}, 0, \"Regular\"}"
"PASS: ""finite physical component"
"FINITE_COMPONENT_MEMORY "{1, 1, 3}" before "1216805544" after "1216823352
"PASS: ""pinned accepted finite checkpoint {{1, 1, 4}, 1, \"Delta\"}"
"PASS: ""exact accepted finite checkpoint identity {{1, 1, 4}, 1, \"Delta\"}"
"PASS: ""pinned accepted finite checkpoint {{1, 1, 4}, 1, \"L0\"}"
"PASS: ""exact accepted finite checkpoint identity {{1, 1, 4}, 1, \"L0\"}"
"PASS: ""pinned accepted finite checkpoint {{1, 1, 4}, 1, \"L1\"}"
"PASS: ""exact accepted finite checkpoint identity {{1, 1, 4}, 1, \"L1\"}"
"PASS: ""pinned accepted finite checkpoint {{1, 1, 4}, 1, \"Regular\"}"
"PASS: ""exact accepted finite checkpoint identity {{1, 1, 4}, 1, \"Regular\"}"
"PASS: ""pinned accepted finite checkpoint {{1, 1, 4}, -1, \"Delta\"}"
"PASS: ""exact accepted finite checkpoint identity {{1, 1, 4}, -1, \"Delta\"}"
"PASS: ""pinned accepted finite checkpoint {{1, 1, 4}, -1, \"L0\"}"
"PASS: ""exact accepted finite checkpoint identity {{1, 1, 4}, -1, \"L0\"}"
"PASS: ""pinned accepted finite checkpoint {{1, 1, 4}, -1, \"L1\"}"
"PASS: ""exact accepted finite checkpoint identity {{1, 1, 4}, -1, \"L1\"}"
"PASS: ""pinned accepted finite checkpoint {{1, 1, 4}, -1, \"Regular\"}"
"PASS: ""exact accepted finite checkpoint identity {{1, 1, 4}, -1, \"Regular\"}"
"PASS: ""real endpoint branches share a boundary"
"PASS: ""pinned accepted finite checkpoint {{1, 1, 4}, 0, \"Delta\"}"
"PASS: ""exact accepted finite checkpoint identity {{1, 1, 4}, 0, \"Delta\"}"
"PASS: ""pinned accepted finite checkpoint {{1, 1, 4}, 0, \"L0\"}"
"PASS: ""exact accepted finite checkpoint identity {{1, 1, 4}, 0, \"L0\"}"
"PASS: ""pinned accepted finite checkpoint {{1, 1, 4}, 0, \"L1\"}"
"PASS: ""exact accepted finite checkpoint identity {{1, 1, 4}, 0, \"L1\"}"
"PASS: ""pinned accepted finite checkpoint {{1, 1, 4}, 0, \"Regular\"}"
"PASS: ""exact accepted finite checkpoint identity {{1, 1, 4}, 0, \"Regular\"}"
"PASS: ""finite physical component"
"FINITE_COMPONENT_MEMORY "{1, 1, 4}" before "1216823248" after "1216841536
"PASS: ""pinned accepted finite checkpoint {{1, 2, 1}, 1, \"Delta\"}"
"PASS: ""exact accepted finite checkpoint identity {{1, 2, 1}, 1, \"Delta\"}"
"PASS: ""pinned accepted finite checkpoint {{1, 2, 1}, 1, \"L0\"}"
"PASS: ""exact accepted finite checkpoint identity {{1, 2, 1}, 1, \"L0\"}"
"PASS: ""pinned accepted finite checkpoint {{1, 2, 1}, 1, \"L1\"}"
"PASS: ""exact accepted finite checkpoint identity {{1, 2, 1}, 1, \"L1\"}"
"PASS: ""integer finite Laurent support"
"PASS: ""complete Laurent polynomial"
"PASS: ""regulator-independent Laurent coefficients"
"PASS: ""exact Laurent polynomial reconstruction"
"PASS: ""phase kernel has no truncated input series"
"PASS: ""reference phase product evaluated"
"PASS: ""pinned accepted finite checkpoint {{1, 2, 1}, 1, \"Regular\"}"
"PASS: ""exact accepted finite checkpoint identity {{1, 2, 1}, 1, \"Regular\"}"
"PASS: ""pinned accepted finite checkpoint {{1, 2, 1}, -1, \"Delta\"}"
"PASS: ""exact accepted finite checkpoint identity {{1, 2, 1}, -1, \"Delta\"}"
"PASS: ""pinned accepted finite checkpoint {{1, 2, 1}, -1, \"L0\"}"
"PASS: ""exact accepted finite checkpoint identity {{1, 2, 1}, -1, \"L0\"}"
"PASS: ""pinned accepted finite checkpoint {{1, 2, 1}, -1, \"L1\"}"
"PASS: ""exact accepted finite checkpoint identity {{1, 2, 1}, -1, \"L1\"}"
"PASS: ""pinned accepted finite checkpoint {{1, 2, 1}, -1, \"Regular\"}"
"PASS: ""exact accepted finite checkpoint identity {{1, 2, 1}, -1, \"Regular\"}"
"PASS: ""real endpoint branches share a boundary"
"PASS: ""pinned accepted finite checkpoint {{1, 2, 1}, 0, \"Delta\"}"
"PASS: ""exact accepted finite checkpoint identity {{1, 2, 1}, 0, \"Delta\"}"
"PASS: ""pinned accepted finite checkpoint {{1, 2, 1}, 0, \"L0\"}"
"PASS: ""exact accepted finite checkpoint identity {{1, 2, 1}, 0, \"L0\"}"
"PASS: ""pinned accepted finite checkpoint {{1, 2, 1}, 0, \"L1\"}"
"PASS: ""exact accepted finite checkpoint identity {{1, 2, 1}, 0, \"L1\"}"
"PASS: ""pinned accepted finite checkpoint {{1, 2, 1}, 0, \"Regular\"}"
"PASS: ""exact accepted finite checkpoint identity {{1, 2, 1}, 0, \"Regular\"}"
"PASS: ""finite physical component"
"FINITE_COMPONENT_MEMORY "{1, 2, 1}" before "1216841432" after "1281198984
"PASS: ""pinned accepted finite checkpoint {{1, 2, 2}, 1, \"Delta\"}"
"PASS: ""exact accepted finite checkpoint identity {{1, 2, 2}, 1, \"Delta\"}"
"PASS: ""pinned accepted finite checkpoint {{1, 2, 2}, 1, \"L0\"}"
"PASS: ""exact accepted finite checkpoint identity {{1, 2, 2}, 1, \"L0\"}"
"PASS: ""pinned accepted finite checkpoint {{1, 2, 2}, 1, \"L1\"}"
"PASS: ""exact accepted finite checkpoint identity {{1, 2, 2}, 1, \"L1\"}"
"PASS: ""integer finite Laurent support"
"PASS: ""complete Laurent polynomial"
"PASS: ""regulator-independent Laurent coefficients"
"PASS: ""exact Laurent polynomial reconstruction"
"PASS: ""phase kernel has no truncated input series"
"PASS: ""reference phase product evaluated"
"PASS: ""pinned accepted finite checkpoint {{1, 2, 2}, 1, \"Regular\"}"
"PASS: ""exact accepted finite checkpoint identity {{1, 2, 2}, 1, \"Regular\"}"
"PASS: ""pinned accepted finite checkpoint {{1, 2, 2}, -1, \"Delta\"}"
"PASS: ""exact accepted finite checkpoint identity {{1, 2, 2}, -1, \"Delta\"}"
"PASS: ""pinned accepted finite checkpoint {{1, 2, 2}, -1, \"L0\"}"
"PASS: ""exact accepted finite checkpoint identity {{1, 2, 2}, -1, \"L0\"}"
"PASS: ""pinned accepted finite checkpoint {{1, 2, 2}, -1, \"L1\"}"
"PASS: ""exact accepted finite checkpoint identity {{1, 2, 2}, -1, \"L1\"}"
"PASS: ""pinned accepted finite checkpoint {{1, 2, 2}, -1, \"Regular\"}"
"PASS: ""exact accepted finite checkpoint identity {{1, 2, 2}, -1, \"Regular\"}"
"PASS: ""real endpoint branches share a boundary"
"PASS: ""pinned accepted finite checkpoint {{1, 2, 2}, 0, \"Delta\"}"
"PASS: ""exact accepted finite checkpoint identity {{1, 2, 2}, 0, \"Delta\"}"
"PASS: ""pinned accepted finite checkpoint {{1, 2, 2}, 0, \"L0\"}"
"PASS: ""exact accepted finite checkpoint identity {{1, 2, 2}, 0, \"L0\"}"
"PASS: ""pinned accepted finite checkpoint {{1, 2, 2}, 0, \"L1\"}"
"PASS: ""exact accepted finite checkpoint identity {{1, 2, 2}, 0, \"L1\"}"
"PASS: ""pinned accepted finite checkpoint {{1, 2, 2}, 0, \"Regular\"}"
"PASS: ""exact accepted finite checkpoint identity {{1, 2, 2}, 0, \"Regular\"}"
"PASS: ""finite physical component"
"FINITE_COMPONENT_MEMORY "{1, 2, 2}" before "1281198880" after "1384969160
"PASS: ""pinned accepted finite checkpoint {{1, 2, 3}, 1, \"Delta\"}"
"PASS: ""exact accepted finite checkpoint identity {{1, 2, 3}, 1, \"Delta\"}"
"PASS: ""pinned accepted finite checkpoint {{1, 2, 3}, 1, \"L0\"}"
"PASS: ""exact accepted finite checkpoint identity {{1, 2, 3}, 1, \"L0\"}"
"PASS: ""pinned accepted finite checkpoint {{1, 2, 3}, 1, \"L1\"}"
"PASS: ""exact accepted finite checkpoint identity {{1, 2, 3}, 1, \"L1\"}"
"PASS: ""pinned accepted finite checkpoint {{1, 2, 3}, 1, \"Regular\"}"
"PASS: ""exact accepted finite checkpoint identity {{1, 2, 3}, 1, \"Regular\"}"
"PASS: ""pinned accepted finite checkpoint {{1, 2, 3}, -1, \"Delta\"}"
"PASS: ""exact accepted finite checkpoint identity {{1, 2, 3}, -1, \"Delta\"}"
"PASS: ""pinned accepted finite checkpoint {{1, 2, 3}, -1, \"L0\"}"
"PASS: ""exact accepted finite checkpoint identity {{1, 2, 3}, -1, \"L0\"}"
"PASS: ""pinned accepted finite checkpoint {{1, 2, 3}, -1, \"L1\"}"
"PASS: ""exact accepted finite checkpoint identity {{1, 2, 3}, -1, \"L1\"}"
"PASS: ""pinned accepted finite checkpoint {{1, 2, 3}, -1, \"Regular\"}"
"PASS: ""exact accepted finite checkpoint identity {{1, 2, 3}, -1, \"Regular\"}"
"PASS: ""real endpoint branches share a boundary"
"PASS: ""pinned accepted finite checkpoint {{1, 2, 3}, 0, \"Delta\"}"
"PASS: ""exact accepted finite checkpoint identity {{1, 2, 3}, 0, \"Delta\"}"
"PASS: ""pinned accepted finite checkpoint {{1, 2, 3}, 0, \"L0\"}"
"PASS: ""exact accepted finite checkpoint identity {{1, 2, 3}, 0, \"L0\"}"
"PASS: ""pinned accepted finite checkpoint {{1, 2, 3}, 0, \"L1\"}"
"PASS: ""exact accepted finite checkpoint identity {{1, 2, 3}, 0, \"L1\"}"
"PASS: ""pinned accepted finite checkpoint {{1, 2, 3}, 0, \"Regular\"}"
"PASS: ""exact accepted finite checkpoint identity {{1, 2, 3}, 0, \"Regular\"}"
"PASS: ""finite physical component"
"FINITE_COMPONENT_MEMORY "{1, 2, 3}" before "1384969056" after "1384987464
"PASS: ""pinned accepted finite checkpoint {{1, 2, 4}, 1, \"Delta\"}"
"PASS: ""exact accepted finite checkpoint identity {{1, 2, 4}, 1, \"Delta\"}"
"PASS: ""pinned accepted finite checkpoint {{1, 2, 4}, 1, \"L0\"}"
"PASS: ""exact accepted finite checkpoint identity {{1, 2, 4}, 1, \"L0\"}"
"PASS: ""pinned accepted finite checkpoint {{1, 2, 4}, 1, \"L1\"}"
"PASS: ""exact accepted finite checkpoint identity {{1, 2, 4}, 1, \"L1\"}"
"PASS: ""pinned accepted finite checkpoint {{1, 2, 4}, 1, \"Regular\"}"
"PASS: ""exact accepted finite checkpoint identity {{1, 2, 4}, 1, \"Regular\"}"
"PASS: ""pinned accepted finite checkpoint {{1, 2, 4}, -1, \"Delta\"}"
"PASS: ""exact accepted finite checkpoint identity {{1, 2, 4}, -1, \"Delta\"}"
"PASS: ""pinned accepted finite checkpoint {{1, 2, 4}, -1, \"L0\"}"
"PASS: ""exact accepted finite checkpoint identity {{1, 2, 4}, -1, \"L0\"}"
"PASS: ""pinned accepted finite checkpoint {{1, 2, 4}, -1, \"L1\"}"
"PASS: ""exact accepted finite checkpoint identity {{1, 2, 4}, -1, \"L1\"}"
"PASS: ""pinned accepted finite checkpoint {{1, 2, 4}, -1, \"Regular\"}"
"PASS: ""exact accepted finite checkpoint identity {{1, 2, 4}, -1, \"Regular\"}"
"PASS: ""real endpoint branches share a boundary"
"PASS: ""pinned accepted finite checkpoint {{1, 2, 4}, 0, \"Delta\"}"
"PASS: ""exact accepted finite checkpoint identity {{1, 2, 4}, 0, \"Delta\"}"
"PASS: ""pinned accepted finite checkpoint {{1, 2, 4}, 0, \"L0\"}"
"PASS: ""exact accepted finite checkpoint identity {{1, 2, 4}, 0, \"L0\"}"
"PASS: ""pinned accepted finite checkpoint {{1, 2, 4}, 0, \"L1\"}"
"PASS: ""exact accepted finite checkpoint identity {{1, 2, 4}, 0, \"L1\"}"
"PASS: ""pinned accepted finite checkpoint {{1, 2, 4}, 0, \"Regular\"}"
"PASS: ""exact accepted finite checkpoint identity {{1, 2, 4}, 0, \"Regular\"}"
"PASS: ""finite physical component"
"FINITE_COMPONENT_MEMORY "{1, 2, 4}" before "1384987360" after "1385005744
"PASS: ""pinned accepted finite checkpoint {{1, 3, 1}, 1, \"Delta\"}"
"PASS: ""exact accepted finite checkpoint identity {{1, 3, 1}, 1, \"Delta\"}"
"PASS: ""pinned accepted finite checkpoint {{1, 3, 1}, 1, \"L0\"}"
"PASS: ""exact accepted finite checkpoint identity {{1, 3, 1}, 1, \"L0\"}"
"PASS: ""pinned accepted finite checkpoint {{1, 3, 1}, 1, \"L1\"}"
"PASS: ""exact accepted finite checkpoint identity {{1, 3, 1}, 1, \"L1\"}"
"PASS: ""pinned accepted finite checkpoint {{1, 3, 1}, 1, \"Regular\"}"
"PASS: ""exact accepted finite checkpoint identity {{1, 3, 1}, 1, \"Regular\"}"
"PASS: ""pinned accepted finite checkpoint {{1, 3, 1}, -1, \"Delta\"}"
"PASS: ""exact accepted finite checkpoint identity {{1, 3, 1}, -1, \"Delta\"}"
"PASS: ""pinned accepted finite checkpoint {{1, 3, 1}, -1, \"L0\"}"
"PASS: ""exact accepted finite checkpoint identity {{1, 3, 1}, -1, \"L0\"}"
"PASS: ""pinned accepted finite checkpoint {{1, 3, 1}, -1, \"L1\"}"
"PASS: ""exact accepted finite checkpoint identity {{1, 3, 1}, -1, \"L1\"}"
"PASS: ""pinned accepted finite checkpoint {{1, 3, 1}, -1, \"Regular\"}"
"PASS: ""exact accepted finite checkpoint identity {{1, 3, 1}, -1, \"Regular\"}"
"PASS: ""real endpoint branches share a boundary"
"PASS: ""pinned accepted finite checkpoint {{1, 3, 1}, 0, \"Delta\"}"
"PASS: ""exact accepted finite checkpoint identity {{1, 3, 1}, 0, \"Delta\"}"
"PASS: ""pinned accepted finite checkpoint {{1, 3, 1}, 0, \"L0\"}"
"PASS: ""exact accepted finite checkpoint identity {{1, 3, 1}, 0, \"L0\"}"
"PASS: ""pinned accepted finite checkpoint {{1, 3, 1}, 0, \"L1\"}"
"PASS: ""exact accepted finite checkpoint identity {{1, 3, 1}, 0, \"L1\"}"
"PASS: ""pinned accepted finite checkpoint {{1, 3, 1}, 0, \"Regular\"}"
"PASS: ""exact accepted finite checkpoint identity {{1, 3, 1}, 0, \"Regular\"}"
"PASS: ""finite physical component"
"FINITE_COMPONENT_MEMORY "{1, 3, 1}" before "1385005640" after "1385023560
"PASS: ""pinned accepted finite checkpoint {{1, 3, 2}, 1, \"Delta\"}"
"PASS: ""exact accepted finite checkpoint identity {{1, 3, 2}, 1, \"Delta\"}"
"PASS: ""pinned accepted finite checkpoint {{1, 3, 2}, 1, \"L0\"}"
"PASS: ""exact accepted finite checkpoint identity {{1, 3, 2}, 1, \"L0\"}"
"PASS: ""pinned accepted finite checkpoint {{1, 3, 2}, 1, \"L1\"}"
"PASS: ""exact accepted finite checkpoint identity {{1, 3, 2}, 1, \"L1\"}"
"PASS: ""pinned accepted finite checkpoint {{1, 3, 2}, 1, \"Regular\"}"
"PASS: ""exact accepted finite checkpoint identity {{1, 3, 2}, 1, \"Regular\"}"
"PASS: ""pinned accepted finite checkpoint {{1, 3, 2}, -1, \"Delta\"}"
"PASS: ""exact accepted finite checkpoint identity {{1, 3, 2}, -1, \"Delta\"}"
"PASS: ""pinned accepted finite checkpoint {{1, 3, 2}, -1, \"L0\"}"
"PASS: ""exact accepted finite checkpoint identity {{1, 3, 2}, -1, \"L0\"}"
"PASS: ""pinned accepted finite checkpoint {{1, 3, 2}, -1, \"L1\"}"
"PASS: ""exact accepted finite checkpoint identity {{1, 3, 2}, -1, \"L1\"}"
"PASS: ""pinned accepted finite checkpoint {{1, 3, 2}, -1, \"Regular\"}"
"PASS: ""exact accepted finite checkpoint identity {{1, 3, 2}, -1, \"Regular\"}"
"PASS: ""real endpoint branches share a boundary"
"PASS: ""pinned accepted finite checkpoint {{1, 3, 2}, 0, \"Delta\"}"
"PASS: ""exact accepted finite checkpoint identity {{1, 3, 2}, 0, \"Delta\"}"
"PASS: ""pinned accepted finite checkpoint {{1, 3, 2}, 0, \"L0\"}"
"PASS: ""exact accepted finite checkpoint identity {{1, 3, 2}, 0, \"L0\"}"
"PASS: ""pinned accepted finite checkpoint {{1, 3, 2}, 0, \"L1\"}"
"PASS: ""exact accepted finite checkpoint identity {{1, 3, 2}, 0, \"L1\"}"
"PASS: ""pinned accepted finite checkpoint {{1, 3, 2}, 0, \"Regular\"}"
"PASS: ""exact accepted finite checkpoint identity {{1, 3, 2}, 0, \"Regular\"}"
"PASS: ""finite physical component"
"FINITE_COMPONENT_MEMORY "{1, 3, 2}" before "1385023456" after "1385041696
"PASS: ""pinned accepted finite checkpoint {{1, 3, 3}, 1, \"Delta\"}"
"PASS: ""exact accepted finite checkpoint identity {{1, 3, 3}, 1, \"Delta\"}"
"PASS: ""pinned accepted finite checkpoint {{1, 3, 3}, 1, \"L0\"}"
"PASS: ""exact accepted finite checkpoint identity {{1, 3, 3}, 1, \"L0\"}"
"PASS: ""pinned accepted finite checkpoint {{1, 3, 3}, 1, \"L1\"}"
"PASS: ""exact accepted finite checkpoint identity {{1, 3, 3}, 1, \"L1\"}"
"PASS: ""integer finite Laurent support"
"PASS: ""complete Laurent polynomial"
"PASS: ""regulator-independent Laurent coefficients"
"PASS: ""exact Laurent polynomial reconstruction"
"PASS: ""phase kernel has no truncated input series"
"PASS: ""reference phase product evaluated"
"PASS: ""pinned accepted finite checkpoint {{1, 3, 3}, 1, \"Regular\"}"
"PASS: ""exact accepted finite checkpoint identity {{1, 3, 3}, 1, \"Regular\"}"
"PASS: ""pinned accepted finite checkpoint {{1, 3, 3}, -1, \"Delta\"}"
"PASS: ""exact accepted finite checkpoint identity {{1, 3, 3}, -1, \"Delta\"}"
"PASS: ""pinned accepted finite checkpoint {{1, 3, 3}, -1, \"L0\"}"
"PASS: ""exact accepted finite checkpoint identity {{1, 3, 3}, -1, \"L0\"}"
"PASS: ""pinned accepted finite checkpoint {{1, 3, 3}, -1, \"L1\"}"
"PASS: ""exact accepted finite checkpoint identity {{1, 3, 3}, -1, \"L1\"}"
"PASS: ""pinned accepted finite checkpoint {{1, 3, 3}, -1, \"Regular\"}"
"PASS: ""exact accepted finite checkpoint identity {{1, 3, 3}, -1, \"Regular\"}"
"PASS: ""real endpoint branches share a boundary"
"PASS: ""pinned accepted finite checkpoint {{1, 3, 3}, 0, \"Delta\"}"
"PASS: ""exact accepted finite checkpoint identity {{1, 3, 3}, 0, \"Delta\"}"
"PASS: ""pinned accepted finite checkpoint {{1, 3, 3}, 0, \"L0\"}"
"PASS: ""exact accepted finite checkpoint identity {{1, 3, 3}, 0, \"L0\"}"
"PASS: ""pinned accepted finite checkpoint {{1, 3, 3}, 0, \"L1\"}"
"PASS: ""exact accepted finite checkpoint identity {{1, 3, 3}, 0, \"L1\"}"
"PASS: ""pinned accepted finite checkpoint {{1, 3, 3}, 0, \"Regular\"}"
"PASS: ""exact accepted finite checkpoint identity {{1, 3, 3}, 0, \"Regular\"}"
"PASS: ""finite physical component"
"FINITE_COMPONENT_MEMORY "{1, 3, 3}" before "1385041592" after "1439745440
"PASS: ""pinned accepted finite checkpoint {{1, 3, 4}, 1, \"Delta\"}"
"PASS: ""exact accepted finite checkpoint identity {{1, 3, 4}, 1, \"Delta\"}"
"PASS: ""pinned accepted finite checkpoint {{1, 3, 4}, 1, \"L0\"}"
"PASS: ""exact accepted finite checkpoint identity {{1, 3, 4}, 1, \"L0\"}"
"PASS: ""pinned accepted finite checkpoint {{1, 3, 4}, 1, \"L1\"}"
"PASS: ""exact accepted finite checkpoint identity {{1, 3, 4}, 1, \"L1\"}"
"PASS: ""pinned accepted finite checkpoint {{1, 3, 4}, 1, \"Regular\"}"
"PASS: ""exact accepted finite checkpoint identity {{1, 3, 4}, 1, \"Regular\"}"
"PASS: ""pinned accepted finite checkpoint {{1, 3, 4}, -1, \"Delta\"}"
"PASS: ""exact accepted finite checkpoint identity {{1, 3, 4}, -1, \"Delta\"}"
"PASS: ""pinned accepted finite checkpoint {{1, 3, 4}, -1, \"L0\"}"
"PASS: ""exact accepted finite checkpoint identity {{1, 3, 4}, -1, \"L0\"}"
"PASS: ""pinned accepted finite checkpoint {{1, 3, 4}, -1, \"L1\"}"
"PASS: ""exact accepted finite checkpoint identity {{1, 3, 4}, -1, \"L1\"}"
"PASS: ""pinned accepted finite checkpoint {{1, 3, 4}, -1, \"Regular\"}"
"PASS: ""exact accepted finite checkpoint identity {{1, 3, 4}, -1, \"Regular\"}"
"PASS: ""real endpoint branches share a boundary"
"PASS: ""pinned accepted finite checkpoint {{1, 3, 4}, 0, \"Delta\"}"
"PASS: ""exact accepted finite checkpoint identity {{1, 3, 4}, 0, \"Delta\"}"
"PASS: ""pinned accepted finite checkpoint {{1, 3, 4}, 0, \"L0\"}"
"PASS: ""exact accepted finite checkpoint identity {{1, 3, 4}, 0, \"L0\"}"
"PASS: ""pinned accepted finite checkpoint {{1, 3, 4}, 0, \"L1\"}"
"PASS: ""exact accepted finite checkpoint identity {{1, 3, 4}, 0, \"L1\"}"
"PASS: ""pinned accepted finite checkpoint {{1, 3, 4}, 0, \"Regular\"}"
"PASS: ""exact accepted finite checkpoint identity {{1, 3, 4}, 0, \"Regular\"}"
"PASS: ""finite physical component"
"FINITE_COMPONENT_MEMORY "{1, 3, 4}" before "1439745336" after "1439763632
"PASS: ""pinned accepted finite checkpoint {{1, 4, 1}, 1, \"Delta\"}"
"PASS: ""exact accepted finite checkpoint identity {{1, 4, 1}, 1, \"Delta\"}"
"PASS: ""pinned accepted finite checkpoint {{1, 4, 1}, 1, \"L0\"}"
"PASS: ""exact accepted finite checkpoint identity {{1, 4, 1}, 1, \"L0\"}"
"PASS: ""pinned accepted finite checkpoint {{1, 4, 1}, 1, \"L1\"}"
"PASS: ""exact accepted finite checkpoint identity {{1, 4, 1}, 1, \"L1\"}"
"PASS: ""pinned accepted finite checkpoint {{1, 4, 1}, 1, \"Regular\"}"
"PASS: ""exact accepted finite checkpoint identity {{1, 4, 1}, 1, \"Regular\"}"
"PASS: ""pinned accepted finite checkpoint {{1, 4, 1}, -1, \"Delta\"}"
"PASS: ""exact accepted finite checkpoint identity {{1, 4, 1}, -1, \"Delta\"}"
"PASS: ""pinned accepted finite checkpoint {{1, 4, 1}, -1, \"L0\"}"
"PASS: ""exact accepted finite checkpoint identity {{1, 4, 1}, -1, \"L0\"}"
"PASS: ""pinned accepted finite checkpoint {{1, 4, 1}, -1, \"L1\"}"
"PASS: ""exact accepted finite checkpoint identity {{1, 4, 1}, -1, \"L1\"}"
"PASS: ""pinned accepted finite checkpoint {{1, 4, 1}, -1, \"Regular\"}"
"PASS: ""exact accepted finite checkpoint identity {{1, 4, 1}, -1, \"Regular\"}"
"PASS: ""real endpoint branches share a boundary"
"PASS: ""pinned accepted finite checkpoint {{1, 4, 1}, 0, \"Delta\"}"
"PASS: ""exact accepted finite checkpoint identity {{1, 4, 1}, 0, \"Delta\"}"
"PASS: ""pinned accepted finite checkpoint {{1, 4, 1}, 0, \"L0\"}"
"PASS: ""exact accepted finite checkpoint identity {{1, 4, 1}, 0, \"L0\"}"
"PASS: ""pinned accepted finite checkpoint {{1, 4, 1}, 0, \"L1\"}"
"PASS: ""exact accepted finite checkpoint identity {{1, 4, 1}, 0, \"L1\"}"
"PASS: ""pinned accepted finite checkpoint {{1, 4, 1}, 0, \"Regular\"}"
"PASS: ""exact accepted finite checkpoint identity {{1, 4, 1}, 0, \"Regular\"}"
"PASS: ""finite physical component"
"FINITE_COMPONENT_MEMORY "{1, 4, 1}" before "1439763528" after "1439781408
"PASS: ""pinned accepted finite checkpoint {{1, 4, 2}, 1, \"Delta\"}"
"PASS: ""exact accepted finite checkpoint identity {{1, 4, 2}, 1, \"Delta\"}"
"PASS: ""pinned accepted finite checkpoint {{1, 4, 2}, 1, \"L0\"}"
"PASS: ""exact accepted finite checkpoint identity {{1, 4, 2}, 1, \"L0\"}"
"PASS: ""pinned accepted finite checkpoint {{1, 4, 2}, 1, \"L1\"}"
"PASS: ""exact accepted finite checkpoint identity {{1, 4, 2}, 1, \"L1\"}"
"PASS: ""pinned accepted finite checkpoint {{1, 4, 2}, 1, \"Regular\"}"
"PASS: ""exact accepted finite checkpoint identity {{1, 4, 2}, 1, \"Regular\"}"
"PASS: ""pinned accepted finite checkpoint {{1, 4, 2}, -1, \"Delta\"}"
"PASS: ""exact accepted finite checkpoint identity {{1, 4, 2}, -1, \"Delta\"}"
"PASS: ""pinned accepted finite checkpoint {{1, 4, 2}, -1, \"L0\"}"
"PASS: ""exact accepted finite checkpoint identity {{1, 4, 2}, -1, \"L0\"}"
"PASS: ""pinned accepted finite checkpoint {{1, 4, 2}, -1, \"L1\"}"
"PASS: ""exact accepted finite checkpoint identity {{1, 4, 2}, -1, \"L1\"}"
"PASS: ""pinned accepted finite checkpoint {{1, 4, 2}, -1, \"Regular\"}"
"PASS: ""exact accepted finite checkpoint identity {{1, 4, 2}, -1, \"Regular\"}"
"PASS: ""real endpoint branches share a boundary"
"PASS: ""pinned accepted finite checkpoint {{1, 4, 2}, 0, \"Delta\"}"
"PASS: ""exact accepted finite checkpoint identity {{1, 4, 2}, 0, \"Delta\"}"
"PASS: ""pinned accepted finite checkpoint {{1, 4, 2}, 0, \"L0\"}"
"PASS: ""exact accepted finite checkpoint identity {{1, 4, 2}, 0, \"L0\"}"
"PASS: ""pinned accepted finite checkpoint {{1, 4, 2}, 0, \"L1\"}"
"PASS: ""exact accepted finite checkpoint identity {{1, 4, 2}, 0, \"L1\"}"
"PASS: ""pinned accepted finite checkpoint {{1, 4, 2}, 0, \"Regular\"}"
"PASS: ""exact accepted finite checkpoint identity {{1, 4, 2}, 0, \"Regular\"}"
"PASS: ""finite physical component"
"FINITE_COMPONENT_MEMORY "{1, 4, 2}" before "1439781304" after "1439799264
"PASS: ""pinned accepted finite checkpoint {{1, 4, 3}, 1, \"Delta\"}"
"PASS: ""exact accepted finite checkpoint identity {{1, 4, 3}, 1, \"Delta\"}"
"PASS: ""pinned accepted finite checkpoint {{1, 4, 3}, 1, \"L0\"}"
"PASS: ""exact accepted finite checkpoint identity {{1, 4, 3}, 1, \"L0\"}"
"PASS: ""pinned accepted finite checkpoint {{1, 4, 3}, 1, \"L1\"}"
"PASS: ""exact accepted finite checkpoint identity {{1, 4, 3}, 1, \"L1\"}"
"PASS: ""pinned accepted finite checkpoint {{1, 4, 3}, 1, \"Regular\"}"
"PASS: ""exact accepted finite checkpoint identity {{1, 4, 3}, 1, \"Regular\"}"
"PASS: ""pinned accepted finite checkpoint {{1, 4, 3}, -1, \"Delta\"}"
"PASS: ""exact accepted finite checkpoint identity {{1, 4, 3}, -1, \"Delta\"}"
"PASS: ""pinned accepted finite checkpoint {{1, 4, 3}, -1, \"L0\"}"
"PASS: ""exact accepted finite checkpoint identity {{1, 4, 3}, -1, \"L0\"}"
"PASS: ""pinned accepted finite checkpoint {{1, 4, 3}, -1, \"L1\"}"
"PASS: ""exact accepted finite checkpoint identity {{1, 4, 3}, -1, \"L1\"}"
"PASS: ""pinned accepted finite checkpoint {{1, 4, 3}, -1, \"Regular\"}"
"PASS: ""exact accepted finite checkpoint identity {{1, 4, 3}, -1, \"Regular\"}"
"PASS: ""real endpoint branches share a boundary"
"PASS: ""pinned accepted finite checkpoint {{1, 4, 3}, 0, \"Delta\"}"
"PASS: ""exact accepted finite checkpoint identity {{1, 4, 3}, 0, \"Delta\"}"
"PASS: ""pinned accepted finite checkpoint {{1, 4, 3}, 0, \"L0\"}"
"PASS: ""exact accepted finite checkpoint identity {{1, 4, 3}, 0, \"L0\"}"
"PASS: ""pinned accepted finite checkpoint {{1, 4, 3}, 0, \"L1\"}"
"PASS: ""exact accepted finite checkpoint identity {{1, 4, 3}, 0, \"L1\"}"
"PASS: ""pinned accepted finite checkpoint {{1, 4, 3}, 0, \"Regular\"}"
"PASS: ""exact accepted finite checkpoint identity {{1, 4, 3}, 0, \"Regular\"}"
"PASS: ""finite physical component"
"FINITE_COMPONENT_MEMORY "{1, 4, 3}" before "1439799160" after "1439817224
"PASS: ""pinned accepted finite checkpoint {{1, 4, 4}, 1, \"Delta\"}"
"PASS: ""exact accepted finite checkpoint identity {{1, 4, 4}, 1, \"Delta\"}"
"PASS: ""pinned accepted finite checkpoint {{1, 4, 4}, 1, \"L0\"}"
"PASS: ""exact accepted finite checkpoint identity {{1, 4, 4}, 1, \"L0\"}"
"PASS: ""pinned accepted finite checkpoint {{1, 4, 4}, 1, \"L1\"}"
"PASS: ""exact accepted finite checkpoint identity {{1, 4, 4}, 1, \"L1\"}"
"PASS: ""integer finite Laurent support"
"PASS: ""complete Laurent polynomial"
"PASS: ""regulator-independent Laurent coefficients"
"PASS: ""exact Laurent polynomial reconstruction"
"PASS: ""phase kernel has no truncated input series"
"PASS: ""reference phase product evaluated"
"PASS: ""pinned accepted finite checkpoint {{1, 4, 4}, 1, \"Regular\"}"
"PASS: ""exact accepted finite checkpoint identity {{1, 4, 4}, 1, \"Regular\"}"
"PASS: ""pinned accepted finite checkpoint {{1, 4, 4}, -1, \"Delta\"}"
"PASS: ""exact accepted finite checkpoint identity {{1, 4, 4}, -1, \"Delta\"}"
"PASS: ""pinned accepted finite checkpoint {{1, 4, 4}, -1, \"L0\"}"
"PASS: ""exact accepted finite checkpoint identity {{1, 4, 4}, -1, \"L0\"}"
"PASS: ""pinned accepted finite checkpoint {{1, 4, 4}, -1, \"L1\"}"
"PASS: ""exact accepted finite checkpoint identity {{1, 4, 4}, -1, \"L1\"}"
"PASS: ""pinned accepted finite checkpoint {{1, 4, 4}, -1, \"Regular\"}"
"PASS: ""exact accepted finite checkpoint identity {{1, 4, 4}, -1, \"Regular\"}"
"PASS: ""real endpoint branches share a boundary"
"PASS: ""pinned accepted finite checkpoint {{1, 4, 4}, 0, \"Delta\"}"
"PASS: ""exact accepted finite checkpoint identity {{1, 4, 4}, 0, \"Delta\"}"
"PASS: ""pinned accepted finite checkpoint {{1, 4, 4}, 0, \"L0\"}"
"PASS: ""exact accepted finite checkpoint identity {{1, 4, 4}, 0, \"L0\"}"
"PASS: ""pinned accepted finite checkpoint {{1, 4, 4}, 0, \"L1\"}"
"PASS: ""exact accepted finite checkpoint identity {{1, 4, 4}, 0, \"L1\"}"
"PASS: ""pinned accepted finite checkpoint {{1, 4, 4}, 0, \"Regular\"}"
"PASS: ""exact accepted finite checkpoint identity {{1, 4, 4}, 0, \"Regular\"}"
"PASS: ""finite physical component"
"FINITE_COMPONENT_MEMORY "{1, 4, 4}" before "1439817120" after "1456667768
"PASS: ""pinned accepted finite checkpoint {{2, 1, 1}, 1, \"Delta\"}"
"PASS: ""exact accepted finite checkpoint identity {{2, 1, 1}, 1, \"Delta\"}"
"PASS: ""pinned accepted finite checkpoint {{2, 1, 1}, 1, \"L0\"}"
"PASS: ""exact accepted finite checkpoint identity {{2, 1, 1}, 1, \"L0\"}"
"PASS: ""pinned accepted finite checkpoint {{2, 1, 1}, 1, \"L1\"}"
"PASS: ""exact accepted finite checkpoint identity {{2, 1, 1}, 1, \"L1\"}"
"PASS: ""integer finite Laurent support"
"PASS: ""complete Laurent polynomial"
"PASS: ""regulator-independent Laurent coefficients"
"PASS: ""exact Laurent polynomial reconstruction"
"PASS: ""phase kernel has no truncated input series"
"PASS: ""reference phase product evaluated"
"PASS: ""pinned accepted finite checkpoint {{2, 1, 1}, 1, \"Regular\"}"
"PASS: ""exact accepted finite checkpoint identity {{2, 1, 1}, 1, \"Regular\"}"
"PASS: ""pinned accepted finite checkpoint {{2, 1, 1}, -1, \"Delta\"}"
"PASS: ""exact accepted finite checkpoint identity {{2, 1, 1}, -1, \"Delta\"}"
"PASS: ""pinned accepted finite checkpoint {{2, 1, 1}, -1, \"L0\"}"
"PASS: ""exact accepted finite checkpoint identity {{2, 1, 1}, -1, \"L0\"}"
"PASS: ""pinned accepted finite checkpoint {{2, 1, 1}, -1, \"L1\"}"
"PASS: ""exact accepted finite checkpoint identity {{2, 1, 1}, -1, \"L1\"}"
"PASS: ""pinned accepted finite checkpoint {{2, 1, 1}, -1, \"Regular\"}"
"PASS: ""exact accepted finite checkpoint identity {{2, 1, 1}, -1, \"Regular\"}"
"PASS: ""real endpoint branches share a boundary"
"PASS: ""pinned accepted finite checkpoint {{2, 1, 1}, 0, \"Delta\"}"
"PASS: ""exact accepted finite checkpoint identity {{2, 1, 1}, 0, \"Delta\"}"
"PASS: ""pinned accepted finite checkpoint {{2, 1, 1}, 0, \"L0\"}"
"PASS: ""exact accepted finite checkpoint identity {{2, 1, 1}, 0, \"L0\"}"
"PASS: ""pinned accepted finite checkpoint {{2, 1, 1}, 0, \"L1\"}"
"PASS: ""exact accepted finite checkpoint identity {{2, 1, 1}, 0, \"L1\"}"
"PASS: ""pinned accepted finite checkpoint {{2, 1, 1}, 0, \"Regular\"}"
"PASS: ""exact accepted finite checkpoint identity {{2, 1, 1}, 0, \"Regular\"}"
"PASS: ""finite physical component"
"FINITE_COMPONENT_MEMORY "{2, 1, 1}" before "1456667664" after "1755099256
"PASS: ""pinned accepted finite checkpoint {{2, 1, 2}, 1, \"Delta\"}"
"PASS: ""exact accepted finite checkpoint identity {{2, 1, 2}, 1, \"Delta\"}"
"PASS: ""pinned accepted finite checkpoint {{2, 1, 2}, 1, \"L0\"}"
"PASS: ""exact accepted finite checkpoint identity {{2, 1, 2}, 1, \"L0\"}"
"PASS: ""pinned accepted finite checkpoint {{2, 1, 2}, 1, \"L1\"}"
"PASS: ""exact accepted finite checkpoint identity {{2, 1, 2}, 1, \"L1\"}"
"PASS: ""integer finite Laurent support"
"PASS: ""complete Laurent polynomial"
"PASS: ""regulator-independent Laurent coefficients"
"PASS: ""exact Laurent polynomial reconstruction"
"PASS: ""phase kernel has no truncated input series"
"PASS: ""reference phase product evaluated"
"PASS: ""pinned accepted finite checkpoint {{2, 1, 2}, 1, \"Regular\"}"
"PASS: ""exact accepted finite checkpoint identity {{2, 1, 2}, 1, \"Regular\"}"
"PASS: ""pinned accepted finite checkpoint {{2, 1, 2}, -1, \"Delta\"}"
"PASS: ""exact accepted finite checkpoint identity {{2, 1, 2}, -1, \"Delta\"}"
"PASS: ""pinned accepted finite checkpoint {{2, 1, 2}, -1, \"L0\"}"
"PASS: ""exact accepted finite checkpoint identity {{2, 1, 2}, -1, \"L0\"}"
"PASS: ""pinned accepted finite checkpoint {{2, 1, 2}, -1, \"L1\"}"
"PASS: ""exact accepted finite checkpoint identity {{2, 1, 2}, -1, \"L1\"}"
"PASS: ""pinned accepted finite checkpoint {{2, 1, 2}, -1, \"Regular\"}"
"PASS: ""exact accepted finite checkpoint identity {{2, 1, 2}, -1, \"Regular\"}"
"PASS: ""real endpoint branches share a boundary"
"PASS: ""pinned accepted finite checkpoint {{2, 1, 2}, 0, \"Delta\"}"
"PASS: ""exact accepted finite checkpoint identity {{2, 1, 2}, 0, \"Delta\"}"
"PASS: ""pinned accepted finite checkpoint {{2, 1, 2}, 0, \"L0\"}"
"PASS: ""exact accepted finite checkpoint identity {{2, 1, 2}, 0, \"L0\"}"
"PASS: ""pinned accepted finite checkpoint {{2, 1, 2}, 0, \"L1\"}"
"PASS: ""exact accepted finite checkpoint identity {{2, 1, 2}, 0, \"L1\"}"
"PASS: ""pinned accepted finite checkpoint {{2, 1, 2}, 0, \"Regular\"}"
"PASS: ""exact accepted finite checkpoint identity {{2, 1, 2}, 0, \"Regular\"}"
"PASS: ""finite physical component"
"FINITE_COMPONENT_MEMORY "{2, 1, 2}" before "1755099152" after "2103443944
"PASS: ""pinned accepted finite checkpoint {{2, 1, 3}, 1, \"Delta\"}"
"PASS: ""exact accepted finite checkpoint identity {{2, 1, 3}, 1, \"Delta\"}"
"PASS: ""pinned accepted finite checkpoint {{2, 1, 3}, 1, \"L0\"}"
"PASS: ""exact accepted finite checkpoint identity {{2, 1, 3}, 1, \"L0\"}"
"PASS: ""pinned accepted finite checkpoint {{2, 1, 3}, 1, \"L1\"}"
"PASS: ""exact accepted finite checkpoint identity {{2, 1, 3}, 1, \"L1\"}"
"PASS: ""pinned accepted finite checkpoint {{2, 1, 3}, 1, \"Regular\"}"
"PASS: ""exact accepted finite checkpoint identity {{2, 1, 3}, 1, \"Regular\"}"
"PASS: ""pinned accepted finite checkpoint {{2, 1, 3}, -1, \"Delta\"}"
"PASS: ""exact accepted finite checkpoint identity {{2, 1, 3}, -1, \"Delta\"}"
"PASS: ""pinned accepted finite checkpoint {{2, 1, 3}, -1, \"L0\"}"
"PASS: ""exact accepted finite checkpoint identity {{2, 1, 3}, -1, \"L0\"}"
"PASS: ""pinned accepted finite checkpoint {{2, 1, 3}, -1, \"L1\"}"
"PASS: ""exact accepted finite checkpoint identity {{2, 1, 3}, -1, \"L1\"}"
"PASS: ""pinned accepted finite checkpoint {{2, 1, 3}, -1, \"Regular\"}"
"PASS: ""exact accepted finite checkpoint identity {{2, 1, 3}, -1, \"Regular\"}"
"PASS: ""real endpoint branches share a boundary"
"PASS: ""pinned accepted finite checkpoint {{2, 1, 3}, 0, \"Delta\"}"
"PASS: ""exact accepted finite checkpoint identity {{2, 1, 3}, 0, \"Delta\"}"
"PASS: ""pinned accepted finite checkpoint {{2, 1, 3}, 0, \"L0\"}"
"PASS: ""exact accepted finite checkpoint identity {{2, 1, 3}, 0, \"L0\"}"
"PASS: ""pinned accepted finite checkpoint {{2, 1, 3}, 0, \"L1\"}"
"PASS: ""exact accepted finite checkpoint identity {{2, 1, 3}, 0, \"L1\"}"
"PASS: ""pinned accepted finite checkpoint {{2, 1, 3}, 0, \"Regular\"}"
"PASS: ""exact accepted finite checkpoint identity {{2, 1, 3}, 0, \"Regular\"}"
"PASS: ""finite physical component"
"FINITE_COMPONENT_MEMORY "{2, 1, 3}" before "2103443840" after "2103461744
"PASS: ""pinned accepted finite checkpoint {{2, 1, 4}, 1, \"Delta\"}"
"PASS: ""exact accepted finite checkpoint identity {{2, 1, 4}, 1, \"Delta\"}"
"PASS: ""pinned accepted finite checkpoint {{2, 1, 4}, 1, \"L0\"}"
"PASS: ""exact accepted finite checkpoint identity {{2, 1, 4}, 1, \"L0\"}"
"PASS: ""pinned accepted finite checkpoint {{2, 1, 4}, 1, \"L1\"}"
"PASS: ""exact accepted finite checkpoint identity {{2, 1, 4}, 1, \"L1\"}"
"PASS: ""pinned accepted finite checkpoint {{2, 1, 4}, 1, \"Regular\"}"
"PASS: ""exact accepted finite checkpoint identity {{2, 1, 4}, 1, \"Regular\"}"
"PASS: ""pinned accepted finite checkpoint {{2, 1, 4}, -1, \"Delta\"}"
"PASS: ""exact accepted finite checkpoint identity {{2, 1, 4}, -1, \"Delta\"}"
"PASS: ""pinned accepted finite checkpoint {{2, 1, 4}, -1, \"L0\"}"
"PASS: ""exact accepted finite checkpoint identity {{2, 1, 4}, -1, \"L0\"}"
"PASS: ""pinned accepted finite checkpoint {{2, 1, 4}, -1, \"L1\"}"
"PASS: ""exact accepted finite checkpoint identity {{2, 1, 4}, -1, \"L1\"}"
"PASS: ""pinned accepted finite checkpoint {{2, 1, 4}, -1, \"Regular\"}"
"PASS: ""exact accepted finite checkpoint identity {{2, 1, 4}, -1, \"Regular\"}"
"PASS: ""real endpoint branches share a boundary"
"PASS: ""pinned accepted finite checkpoint {{2, 1, 4}, 0, \"Delta\"}"
"PASS: ""exact accepted finite checkpoint identity {{2, 1, 4}, 0, \"Delta\"}"
"PASS: ""pinned accepted finite checkpoint {{2, 1, 4}, 0, \"L0\"}"
"PASS: ""exact accepted finite checkpoint identity {{2, 1, 4}, 0, \"L0\"}"
"PASS: ""pinned accepted finite checkpoint {{2, 1, 4}, 0, \"L1\"}"
"PASS: ""exact accepted finite checkpoint identity {{2, 1, 4}, 0, \"L1\"}"
"PASS: ""pinned accepted finite checkpoint {{2, 1, 4}, 0, \"Regular\"}"
"PASS: ""exact accepted finite checkpoint identity {{2, 1, 4}, 0, \"Regular\"}"
"PASS: ""finite physical component"
"FINITE_COMPONENT_MEMORY "{2, 1, 4}" before "2103461640" after "2103479520
"PASS: ""pinned accepted finite checkpoint {{2, 2, 1}, 1, \"Delta\"}"
"PASS: ""exact accepted finite checkpoint identity {{2, 2, 1}, 1, \"Delta\"}"
"PASS: ""pinned accepted finite checkpoint {{2, 2, 1}, 1, \"L0\"}"
"PASS: ""exact accepted finite checkpoint identity {{2, 2, 1}, 1, \"L0\"}"
"PASS: ""pinned accepted finite checkpoint {{2, 2, 1}, 1, \"L1\"}"
"PASS: ""exact accepted finite checkpoint identity {{2, 2, 1}, 1, \"L1\"}"
"PASS: ""integer finite Laurent support"
"PASS: ""complete Laurent polynomial"
"PASS: ""regulator-independent Laurent coefficients"
"PASS: ""exact Laurent polynomial reconstruction"
"PASS: ""phase kernel has no truncated input series"
"PASS: ""reference phase product evaluated"
"PASS: ""pinned accepted finite checkpoint {{2, 2, 1}, 1, \"Regular\"}"
"PASS: ""exact accepted finite checkpoint identity {{2, 2, 1}, 1, \"Regular\"}"
"PASS: ""pinned accepted finite checkpoint {{2, 2, 1}, -1, \"Delta\"}"
"PASS: ""exact accepted finite checkpoint identity {{2, 2, 1}, -1, \"Delta\"}"
"PASS: ""pinned accepted finite checkpoint {{2, 2, 1}, -1, \"L0\"}"
"PASS: ""exact accepted finite checkpoint identity {{2, 2, 1}, -1, \"L0\"}"
"PASS: ""pinned accepted finite checkpoint {{2, 2, 1}, -1, \"L1\"}"
"PASS: ""exact accepted finite checkpoint identity {{2, 2, 1}, -1, \"L1\"}"
"PASS: ""pinned accepted finite checkpoint {{2, 2, 1}, -1, \"Regular\"}"
"PASS: ""exact accepted finite checkpoint identity {{2, 2, 1}, -1, \"Regular\"}"
"PASS: ""real endpoint branches share a boundary"
"PASS: ""pinned accepted finite checkpoint {{2, 2, 1}, 0, \"Delta\"}"
"PASS: ""exact accepted finite checkpoint identity {{2, 2, 1}, 0, \"Delta\"}"
"PASS: ""pinned accepted finite checkpoint {{2, 2, 1}, 0, \"L0\"}"
"PASS: ""exact accepted finite checkpoint identity {{2, 2, 1}, 0, \"L0\"}"
"PASS: ""pinned accepted finite checkpoint {{2, 2, 1}, 0, \"L1\"}"
"PASS: ""exact accepted finite checkpoint identity {{2, 2, 1}, 0, \"L1\"}"
"PASS: ""pinned accepted finite checkpoint {{2, 2, 1}, 0, \"Regular\"}"
"PASS: ""exact accepted finite checkpoint identity {{2, 2, 1}, 0, \"Regular\"}"
"PASS: ""finite physical component"
"FINITE_COMPONENT_MEMORY "{2, 2, 1}" before "2103479416" after "2440804816
"PASS: ""pinned accepted finite checkpoint {{2, 2, 2}, 1, \"Delta\"}"
"PASS: ""exact accepted finite checkpoint identity {{2, 2, 2}, 1, \"Delta\"}"
"PASS: ""pinned accepted finite checkpoint {{2, 2, 2}, 1, \"L0\"}"
"PASS: ""exact accepted finite checkpoint identity {{2, 2, 2}, 1, \"L0\"}"
"PASS: ""pinned accepted finite checkpoint {{2, 2, 2}, 1, \"L1\"}"
"PASS: ""exact accepted finite checkpoint identity {{2, 2, 2}, 1, \"L1\"}"
"PASS: ""integer finite Laurent support"
"PASS: ""complete Laurent polynomial"
"PASS: ""regulator-independent Laurent coefficients"
"PASS: ""exact Laurent polynomial reconstruction"
"PASS: ""phase kernel has no truncated input series"
"PASS: ""reference phase product evaluated"
"PASS: ""pinned accepted finite checkpoint {{2, 2, 2}, 1, \"Regular\"}"
"PASS: ""exact accepted finite checkpoint identity {{2, 2, 2}, 1, \"Regular\"}"
"PASS: ""pinned accepted finite checkpoint {{2, 2, 2}, -1, \"Delta\"}"
"PASS: ""exact accepted finite checkpoint identity {{2, 2, 2}, -1, \"Delta\"}"
"PASS: ""pinned accepted finite checkpoint {{2, 2, 2}, -1, \"L0\"}"
"PASS: ""exact accepted finite checkpoint identity {{2, 2, 2}, -1, \"L0\"}"
"PASS: ""pinned accepted finite checkpoint {{2, 2, 2}, -1, \"L1\"}"
"PASS: ""exact accepted finite checkpoint identity {{2, 2, 2}, -1, \"L1\"}"
"PASS: ""pinned accepted finite checkpoint {{2, 2, 2}, -1, \"Regular\"}"
"PASS: ""exact accepted finite checkpoint identity {{2, 2, 2}, -1, \"Regular\"}"
"PASS: ""real endpoint branches share a boundary"
"PASS: ""pinned accepted finite checkpoint {{2, 2, 2}, 0, \"Delta\"}"
"PASS: ""exact accepted finite checkpoint identity {{2, 2, 2}, 0, \"Delta\"}"
"PASS: ""pinned accepted finite checkpoint {{2, 2, 2}, 0, \"L0\"}"
"PASS: ""exact accepted finite checkpoint identity {{2, 2, 2}, 0, \"L0\"}"
"PASS: ""pinned accepted finite checkpoint {{2, 2, 2}, 0, \"L1\"}"
"PASS: ""exact accepted finite checkpoint identity {{2, 2, 2}, 0, \"L1\"}"
"PASS: ""pinned accepted finite checkpoint {{2, 2, 2}, 0, \"Regular\"}"
"PASS: ""exact accepted finite checkpoint identity {{2, 2, 2}, 0, \"Regular\"}"
"PASS: ""finite physical component"
"FINITE_COMPONENT_MEMORY "{2, 2, 2}" before "2440804712" after "2733019024
"PASS: ""pinned accepted finite checkpoint {{2, 2, 3}, 1, \"Delta\"}"
"PASS: ""exact accepted finite checkpoint identity {{2, 2, 3}, 1, \"Delta\"}"
"PASS: ""pinned accepted finite checkpoint {{2, 2, 3}, 1, \"L0\"}"
"PASS: ""exact accepted finite checkpoint identity {{2, 2, 3}, 1, \"L0\"}"
"PASS: ""pinned accepted finite checkpoint {{2, 2, 3}, 1, \"L1\"}"
"PASS: ""exact accepted finite checkpoint identity {{2, 2, 3}, 1, \"L1\"}"
"PASS: ""pinned accepted finite checkpoint {{2, 2, 3}, 1, \"Regular\"}"
"PASS: ""exact accepted finite checkpoint identity {{2, 2, 3}, 1, \"Regular\"}"
"PASS: ""pinned accepted finite checkpoint {{2, 2, 3}, -1, \"Delta\"}"
"PASS: ""exact accepted finite checkpoint identity {{2, 2, 3}, -1, \"Delta\"}"
"PASS: ""pinned accepted finite checkpoint {{2, 2, 3}, -1, \"L0\"}"
"PASS: ""exact accepted finite checkpoint identity {{2, 2, 3}, -1, \"L0\"}"
"PASS: ""pinned accepted finite checkpoint {{2, 2, 3}, -1, \"L1\"}"
"PASS: ""exact accepted finite checkpoint identity {{2, 2, 3}, -1, \"L1\"}"
"PASS: ""pinned accepted finite checkpoint {{2, 2, 3}, -1, \"Regular\"}"
"PASS: ""exact accepted finite checkpoint identity {{2, 2, 3}, -1, \"Regular\"}"
"PASS: ""real endpoint branches share a boundary"
"PASS: ""pinned accepted finite checkpoint {{2, 2, 3}, 0, \"Delta\"}"
"PASS: ""exact accepted finite checkpoint identity {{2, 2, 3}, 0, \"Delta\"}"
"PASS: ""pinned accepted finite checkpoint {{2, 2, 3}, 0, \"L0\"}"
"PASS: ""exact accepted finite checkpoint identity {{2, 2, 3}, 0, \"L0\"}"
"PASS: ""pinned accepted finite checkpoint {{2, 2, 3}, 0, \"L1\"}"
"PASS: ""exact accepted finite checkpoint identity {{2, 2, 3}, 0, \"L1\"}"
"PASS: ""pinned accepted finite checkpoint {{2, 2, 3}, 0, \"Regular\"}"
"PASS: ""exact accepted finite checkpoint identity {{2, 2, 3}, 0, \"Regular\"}"
"PASS: ""finite physical component"
"FINITE_COMPONENT_MEMORY "{2, 2, 3}" before "2733018920" after "2733036912
"PASS: ""pinned accepted finite checkpoint {{2, 2, 4}, 1, \"Delta\"}"
"PASS: ""exact accepted finite checkpoint identity {{2, 2, 4}, 1, \"Delta\"}"
"PASS: ""pinned accepted finite checkpoint {{2, 2, 4}, 1, \"L0\"}"
"PASS: ""exact accepted finite checkpoint identity {{2, 2, 4}, 1, \"L0\"}"
"PASS: ""pinned accepted finite checkpoint {{2, 2, 4}, 1, \"L1\"}"
"PASS: ""exact accepted finite checkpoint identity {{2, 2, 4}, 1, \"L1\"}"
"PASS: ""pinned accepted finite checkpoint {{2, 2, 4}, 1, \"Regular\"}"
"PASS: ""exact accepted finite checkpoint identity {{2, 2, 4}, 1, \"Regular\"}"
"PASS: ""pinned accepted finite checkpoint {{2, 2, 4}, -1, \"Delta\"}"
"PASS: ""exact accepted finite checkpoint identity {{2, 2, 4}, -1, \"Delta\"}"
"PASS: ""pinned accepted finite checkpoint {{2, 2, 4}, -1, \"L0\"}"
"PASS: ""exact accepted finite checkpoint identity {{2, 2, 4}, -1, \"L0\"}"
"PASS: ""pinned accepted finite checkpoint {{2, 2, 4}, -1, \"L1\"}"
"PASS: ""exact accepted finite checkpoint identity {{2, 2, 4}, -1, \"L1\"}"
"PASS: ""pinned accepted finite checkpoint {{2, 2, 4}, -1, \"Regular\"}"
"PASS: ""exact accepted finite checkpoint identity {{2, 2, 4}, -1, \"Regular\"}"
"PASS: ""real endpoint branches share a boundary"
"PASS: ""pinned accepted finite checkpoint {{2, 2, 4}, 0, \"Delta\"}"
"PASS: ""exact accepted finite checkpoint identity {{2, 2, 4}, 0, \"Delta\"}"
"PASS: ""pinned accepted finite checkpoint {{2, 2, 4}, 0, \"L0\"}"
"PASS: ""exact accepted finite checkpoint identity {{2, 2, 4}, 0, \"L0\"}"
"PASS: ""pinned accepted finite checkpoint {{2, 2, 4}, 0, \"L1\"}"
"PASS: ""exact accepted finite checkpoint identity {{2, 2, 4}, 0, \"L1\"}"
"PASS: ""pinned accepted finite checkpoint {{2, 2, 4}, 0, \"Regular\"}"
"PASS: ""exact accepted finite checkpoint identity {{2, 2, 4}, 0, \"Regular\"}"
"PASS: ""finite physical component"
"FINITE_COMPONENT_MEMORY "{2, 2, 4}" before "2733036808" after "2733054696
"PASS: ""pinned accepted finite checkpoint {{2, 3, 1}, 1, \"Delta\"}"
"PASS: ""exact accepted finite checkpoint identity {{2, 3, 1}, 1, \"Delta\"}"
"PASS: ""pinned accepted finite checkpoint {{2, 3, 1}, 1, \"L0\"}"
"PASS: ""exact accepted finite checkpoint identity {{2, 3, 1}, 1, \"L0\"}"
"PASS: ""pinned accepted finite checkpoint {{2, 3, 1}, 1, \"L1\"}"
"PASS: ""exact accepted finite checkpoint identity {{2, 3, 1}, 1, \"L1\"}"
"PASS: ""pinned accepted finite checkpoint {{2, 3, 1}, 1, \"Regular\"}"
"PASS: ""exact accepted finite checkpoint identity {{2, 3, 1}, 1, \"Regular\"}"
"PASS: ""pinned accepted finite checkpoint {{2, 3, 1}, -1, \"Delta\"}"
"PASS: ""exact accepted finite checkpoint identity {{2, 3, 1}, -1, \"Delta\"}"
"PASS: ""pinned accepted finite checkpoint {{2, 3, 1}, -1, \"L0\"}"
"PASS: ""exact accepted finite checkpoint identity {{2, 3, 1}, -1, \"L0\"}"
"PASS: ""pinned accepted finite checkpoint {{2, 3, 1}, -1, \"L1\"}"
"PASS: ""exact accepted finite checkpoint identity {{2, 3, 1}, -1, \"L1\"}"
"PASS: ""pinned accepted finite checkpoint {{2, 3, 1}, -1, \"Regular\"}"
"PASS: ""exact accepted finite checkpoint identity {{2, 3, 1}, -1, \"Regular\"}"
"PASS: ""real endpoint branches share a boundary"
"PASS: ""pinned accepted finite checkpoint {{2, 3, 1}, 0, \"Delta\"}"
"PASS: ""exact accepted finite checkpoint identity {{2, 3, 1}, 0, \"Delta\"}"
"PASS: ""pinned accepted finite checkpoint {{2, 3, 1}, 0, \"L0\"}"
"PASS: ""exact accepted finite checkpoint identity {{2, 3, 1}, 0, \"L0\"}"
"PASS: ""pinned accepted finite checkpoint {{2, 3, 1}, 0, \"L1\"}"
"PASS: ""exact accepted finite checkpoint identity {{2, 3, 1}, 0, \"L1\"}"
"PASS: ""pinned accepted finite checkpoint {{2, 3, 1}, 0, \"Regular\"}"
"PASS: ""exact accepted finite checkpoint identity {{2, 3, 1}, 0, \"Regular\"}"
"PASS: ""finite physical component"
"FINITE_COMPONENT_MEMORY "{2, 3, 1}" before "2733054592" after "2733072368
"PASS: ""pinned accepted finite checkpoint {{2, 3, 2}, 1, \"Delta\"}"
"PASS: ""exact accepted finite checkpoint identity {{2, 3, 2}, 1, \"Delta\"}"
"PASS: ""pinned accepted finite checkpoint {{2, 3, 2}, 1, \"L0\"}"
"PASS: ""exact accepted finite checkpoint identity {{2, 3, 2}, 1, \"L0\"}"
"PASS: ""pinned accepted finite checkpoint {{2, 3, 2}, 1, \"L1\"}"
"PASS: ""exact accepted finite checkpoint identity {{2, 3, 2}, 1, \"L1\"}"
"PASS: ""pinned accepted finite checkpoint {{2, 3, 2}, 1, \"Regular\"}"
"PASS: ""exact accepted finite checkpoint identity {{2, 3, 2}, 1, \"Regular\"}"
"PASS: ""pinned accepted finite checkpoint {{2, 3, 2}, -1, \"Delta\"}"
"PASS: ""exact accepted finite checkpoint identity {{2, 3, 2}, -1, \"Delta\"}"
"PASS: ""pinned accepted finite checkpoint {{2, 3, 2}, -1, \"L0\"}"
"PASS: ""exact accepted finite checkpoint identity {{2, 3, 2}, -1, \"L0\"}"
"PASS: ""pinned accepted finite checkpoint {{2, 3, 2}, -1, \"L1\"}"
"PASS: ""exact accepted finite checkpoint identity {{2, 3, 2}, -1, \"L1\"}"
"PASS: ""pinned accepted finite checkpoint {{2, 3, 2}, -1, \"Regular\"}"
"PASS: ""exact accepted finite checkpoint identity {{2, 3, 2}, -1, \"Regular\"}"
"PASS: ""real endpoint branches share a boundary"
"PASS: ""pinned accepted finite checkpoint {{2, 3, 2}, 0, \"Delta\"}"
"PASS: ""exact accepted finite checkpoint identity {{2, 3, 2}, 0, \"Delta\"}"
"PASS: ""pinned accepted finite checkpoint {{2, 3, 2}, 0, \"L0\"}"
"PASS: ""exact accepted finite checkpoint identity {{2, 3, 2}, 0, \"L0\"}"
"PASS: ""pinned accepted finite checkpoint {{2, 3, 2}, 0, \"L1\"}"
"PASS: ""exact accepted finite checkpoint identity {{2, 3, 2}, 0, \"L1\"}"
"PASS: ""pinned accepted finite checkpoint {{2, 3, 2}, 0, \"Regular\"}"
"PASS: ""exact accepted finite checkpoint identity {{2, 3, 2}, 0, \"Regular\"}"
"PASS: ""finite physical component"
"FINITE_COMPONENT_MEMORY "{2, 3, 2}" before "2733072264" after "2733090328
"PASS: ""pinned accepted finite checkpoint {{2, 3, 3}, 1, \"Delta\"}"
"PASS: ""exact accepted finite checkpoint identity {{2, 3, 3}, 1, \"Delta\"}"
"PASS: ""pinned accepted finite checkpoint {{2, 3, 3}, 1, \"L0\"}"
"PASS: ""exact accepted finite checkpoint identity {{2, 3, 3}, 1, \"L0\"}"
"PASS: ""pinned accepted finite checkpoint {{2, 3, 3}, 1, \"L1\"}"
"PASS: ""exact accepted finite checkpoint identity {{2, 3, 3}, 1, \"L1\"}"
"PASS: ""integer finite Laurent support"
"PASS: ""complete Laurent polynomial"
"PASS: ""regulator-independent Laurent coefficients"
"PASS: ""exact Laurent polynomial reconstruction"
"PASS: ""phase kernel has no truncated input series"
"PASS: ""reference phase product evaluated"
"PASS: ""pinned accepted finite checkpoint {{2, 3, 3}, 1, \"Regular\"}"
"PASS: ""exact accepted finite checkpoint identity {{2, 3, 3}, 1, \"Regular\"}"
"PASS: ""pinned accepted finite checkpoint {{2, 3, 3}, -1, \"Delta\"}"
"PASS: ""exact accepted finite checkpoint identity {{2, 3, 3}, -1, \"Delta\"}"
"PASS: ""pinned accepted finite checkpoint {{2, 3, 3}, -1, \"L0\"}"
"PASS: ""exact accepted finite checkpoint identity {{2, 3, 3}, -1, \"L0\"}"
"PASS: ""pinned accepted finite checkpoint {{2, 3, 3}, -1, \"L1\"}"
"PASS: ""exact accepted finite checkpoint identity {{2, 3, 3}, -1, \"L1\"}"
"PASS: ""pinned accepted finite checkpoint {{2, 3, 3}, -1, \"Regular\"}"
"PASS: ""exact accepted finite checkpoint identity {{2, 3, 3}, -1, \"Regular\"}"
"PASS: ""real endpoint branches share a boundary"
"PASS: ""pinned accepted finite checkpoint {{2, 3, 3}, 0, \"Delta\"}"
"PASS: ""exact accepted finite checkpoint identity {{2, 3, 3}, 0, \"Delta\"}"
"PASS: ""pinned accepted finite checkpoint {{2, 3, 3}, 0, \"L0\"}"
"PASS: ""exact accepted finite checkpoint identity {{2, 3, 3}, 0, \"L0\"}"
"PASS: ""pinned accepted finite checkpoint {{2, 3, 3}, 0, \"L1\"}"
"PASS: ""exact accepted finite checkpoint identity {{2, 3, 3}, 0, \"L1\"}"
"PASS: ""pinned accepted finite checkpoint {{2, 3, 3}, 0, \"Regular\"}"
"PASS: ""exact accepted finite checkpoint identity {{2, 3, 3}, 0, \"Regular\"}"
"PASS: ""finite physical component"
"FINITE_COMPONENT_MEMORY "{2, 3, 3}" before "2733090224" after "2933607176
"PASS: ""pinned accepted finite checkpoint {{2, 3, 4}, 1, \"Delta\"}"
"PASS: ""exact accepted finite checkpoint identity {{2, 3, 4}, 1, \"Delta\"}"
"PASS: ""pinned accepted finite checkpoint {{2, 3, 4}, 1, \"L0\"}"
"PASS: ""exact accepted finite checkpoint identity {{2, 3, 4}, 1, \"L0\"}"
"PASS: ""pinned accepted finite checkpoint {{2, 3, 4}, 1, \"L1\"}"
"PASS: ""exact accepted finite checkpoint identity {{2, 3, 4}, 1, \"L1\"}"
"PASS: ""pinned accepted finite checkpoint {{2, 3, 4}, 1, \"Regular\"}"
"PASS: ""exact accepted finite checkpoint identity {{2, 3, 4}, 1, \"Regular\"}"
"PASS: ""pinned accepted finite checkpoint {{2, 3, 4}, -1, \"Delta\"}"
"PASS: ""exact accepted finite checkpoint identity {{2, 3, 4}, -1, \"Delta\"}"
"PASS: ""pinned accepted finite checkpoint {{2, 3, 4}, -1, \"L0\"}"
"PASS: ""exact accepted finite checkpoint identity {{2, 3, 4}, -1, \"L0\"}"
"PASS: ""pinned accepted finite checkpoint {{2, 3, 4}, -1, \"L1\"}"
"PASS: ""exact accepted finite checkpoint identity {{2, 3, 4}, -1, \"L1\"}"
"PASS: ""pinned accepted finite checkpoint {{2, 3, 4}, -1, \"Regular\"}"
"PASS: ""exact accepted finite checkpoint identity {{2, 3, 4}, -1, \"Regular\"}"
"PASS: ""real endpoint branches share a boundary"
"PASS: ""pinned accepted finite checkpoint {{2, 3, 4}, 0, \"Delta\"}"
"PASS: ""exact accepted finite checkpoint identity {{2, 3, 4}, 0, \"Delta\"}"
"PASS: ""pinned accepted finite checkpoint {{2, 3, 4}, 0, \"L0\"}"
"PASS: ""exact accepted finite checkpoint identity {{2, 3, 4}, 0, \"L0\"}"
"PASS: ""pinned accepted finite checkpoint {{2, 3, 4}, 0, \"L1\"}"
"PASS: ""exact accepted finite checkpoint identity {{2, 3, 4}, 0, \"L1\"}"
"PASS: ""pinned accepted finite checkpoint {{2, 3, 4}, 0, \"Regular\"}"
"PASS: ""exact accepted finite checkpoint identity {{2, 3, 4}, 0, \"Regular\"}"
"PASS: ""finite physical component"
"FINITE_COMPONENT_MEMORY "{2, 3, 4}" before "2933607072" after "2933625048
"PASS: ""pinned accepted finite checkpoint {{2, 4, 1}, 1, \"Delta\"}"
"PASS: ""exact accepted finite checkpoint identity {{2, 4, 1}, 1, \"Delta\"}"
"PASS: ""pinned accepted finite checkpoint {{2, 4, 1}, 1, \"L0\"}"
"PASS: ""exact accepted finite checkpoint identity {{2, 4, 1}, 1, \"L0\"}"
"PASS: ""pinned accepted finite checkpoint {{2, 4, 1}, 1, \"L1\"}"
"PASS: ""exact accepted finite checkpoint identity {{2, 4, 1}, 1, \"L1\"}"
"PASS: ""pinned accepted finite checkpoint {{2, 4, 1}, 1, \"Regular\"}"
"PASS: ""exact accepted finite checkpoint identity {{2, 4, 1}, 1, \"Regular\"}"
"PASS: ""pinned accepted finite checkpoint {{2, 4, 1}, -1, \"Delta\"}"
"PASS: ""exact accepted finite checkpoint identity {{2, 4, 1}, -1, \"Delta\"}"
"PASS: ""pinned accepted finite checkpoint {{2, 4, 1}, -1, \"L0\"}"
"PASS: ""exact accepted finite checkpoint identity {{2, 4, 1}, -1, \"L0\"}"
"PASS: ""pinned accepted finite checkpoint {{2, 4, 1}, -1, \"L1\"}"
"PASS: ""exact accepted finite checkpoint identity {{2, 4, 1}, -1, \"L1\"}"
"PASS: ""pinned accepted finite checkpoint {{2, 4, 1}, -1, \"Regular\"}"
"PASS: ""exact accepted finite checkpoint identity {{2, 4, 1}, -1, \"Regular\"}"
"PASS: ""real endpoint branches share a boundary"
"PASS: ""pinned accepted finite checkpoint {{2, 4, 1}, 0, \"Delta\"}"
"PASS: ""exact accepted finite checkpoint identity {{2, 4, 1}, 0, \"Delta\"}"
"PASS: ""pinned accepted finite checkpoint {{2, 4, 1}, 0, \"L0\"}"
"PASS: ""exact accepted finite checkpoint identity {{2, 4, 1}, 0, \"L0\"}"
"PASS: ""pinned accepted finite checkpoint {{2, 4, 1}, 0, \"L1\"}"
"PASS: ""exact accepted finite checkpoint identity {{2, 4, 1}, 0, \"L1\"}"
"PASS: ""pinned accepted finite checkpoint {{2, 4, 1}, 0, \"Regular\"}"
"PASS: ""exact accepted finite checkpoint identity {{2, 4, 1}, 0, \"Regular\"}"
"PASS: ""finite physical component"
"FINITE_COMPONENT_MEMORY "{2, 4, 1}" before "2933624944" after "2933643048
"PASS: ""pinned accepted finite checkpoint {{2, 4, 2}, 1, \"Delta\"}"
"PASS: ""exact accepted finite checkpoint identity {{2, 4, 2}, 1, \"Delta\"}"
"PASS: ""pinned accepted finite checkpoint {{2, 4, 2}, 1, \"L0\"}"
"PASS: ""exact accepted finite checkpoint identity {{2, 4, 2}, 1, \"L0\"}"
"PASS: ""pinned accepted finite checkpoint {{2, 4, 2}, 1, \"L1\"}"
"PASS: ""exact accepted finite checkpoint identity {{2, 4, 2}, 1, \"L1\"}"
"PASS: ""pinned accepted finite checkpoint {{2, 4, 2}, 1, \"Regular\"}"
"PASS: ""exact accepted finite checkpoint identity {{2, 4, 2}, 1, \"Regular\"}"
"PASS: ""pinned accepted finite checkpoint {{2, 4, 2}, -1, \"Delta\"}"
"PASS: ""exact accepted finite checkpoint identity {{2, 4, 2}, -1, \"Delta\"}"
"PASS: ""pinned accepted finite checkpoint {{2, 4, 2}, -1, \"L0\"}"
"PASS: ""exact accepted finite checkpoint identity {{2, 4, 2}, -1, \"L0\"}"
"PASS: ""pinned accepted finite checkpoint {{2, 4, 2}, -1, \"L1\"}"
"PASS: ""exact accepted finite checkpoint identity {{2, 4, 2}, -1, \"L1\"}"
"PASS: ""pinned accepted finite checkpoint {{2, 4, 2}, -1, \"Regular\"}"
"PASS: ""exact accepted finite checkpoint identity {{2, 4, 2}, -1, \"Regular\"}"
"PASS: ""real endpoint branches share a boundary"
"PASS: ""pinned accepted finite checkpoint {{2, 4, 2}, 0, \"Delta\"}"
"PASS: ""exact accepted finite checkpoint identity {{2, 4, 2}, 0, \"Delta\"}"
"PASS: ""pinned accepted finite checkpoint {{2, 4, 2}, 0, \"L0\"}"
"PASS: ""exact accepted finite checkpoint identity {{2, 4, 2}, 0, \"L0\"}"
"PASS: ""pinned accepted finite checkpoint {{2, 4, 2}, 0, \"L1\"}"
"PASS: ""exact accepted finite checkpoint identity {{2, 4, 2}, 0, \"L1\"}"
"PASS: ""pinned accepted finite checkpoint {{2, 4, 2}, 0, \"Regular\"}"
"PASS: ""exact accepted finite checkpoint identity {{2, 4, 2}, 0, \"Regular\"}"
"PASS: ""finite physical component"
"FINITE_COMPONENT_MEMORY "{2, 4, 2}" before "2933642944" after "2933660984
"PASS: ""pinned accepted finite checkpoint {{2, 4, 3}, 1, \"Delta\"}"
"PASS: ""exact accepted finite checkpoint identity {{2, 4, 3}, 1, \"Delta\"}"
"PASS: ""pinned accepted finite checkpoint {{2, 4, 3}, 1, \"L0\"}"
"PASS: ""exact accepted finite checkpoint identity {{2, 4, 3}, 1, \"L0\"}"
"PASS: ""pinned accepted finite checkpoint {{2, 4, 3}, 1, \"L1\"}"
"PASS: ""exact accepted finite checkpoint identity {{2, 4, 3}, 1, \"L1\"}"
"PASS: ""pinned accepted finite checkpoint {{2, 4, 3}, 1, \"Regular\"}"
"PASS: ""exact accepted finite checkpoint identity {{2, 4, 3}, 1, \"Regular\"}"
"PASS: ""pinned accepted finite checkpoint {{2, 4, 3}, -1, \"Delta\"}"
"PASS: ""exact accepted finite checkpoint identity {{2, 4, 3}, -1, \"Delta\"}"
"PASS: ""pinned accepted finite checkpoint {{2, 4, 3}, -1, \"L0\"}"
"PASS: ""exact accepted finite checkpoint identity {{2, 4, 3}, -1, \"L0\"}"
"PASS: ""pinned accepted finite checkpoint {{2, 4, 3}, -1, \"L1\"}"
"PASS: ""exact accepted finite checkpoint identity {{2, 4, 3}, -1, \"L1\"}"
"PASS: ""pinned accepted finite checkpoint {{2, 4, 3}, -1, \"Regular\"}"
"PASS: ""exact accepted finite checkpoint identity {{2, 4, 3}, -1, \"Regular\"}"
"PASS: ""real endpoint branches share a boundary"
"PASS: ""pinned accepted finite checkpoint {{2, 4, 3}, 0, \"Delta\"}"
"PASS: ""exact accepted finite checkpoint identity {{2, 4, 3}, 0, \"Delta\"}"
"PASS: ""pinned accepted finite checkpoint {{2, 4, 3}, 0, \"L0\"}"
"PASS: ""exact accepted finite checkpoint identity {{2, 4, 3}, 0, \"L0\"}"
"PASS: ""pinned accepted finite checkpoint {{2, 4, 3}, 0, \"L1\"}"
"PASS: ""exact accepted finite checkpoint identity {{2, 4, 3}, 0, \"L1\"}"
"PASS: ""pinned accepted finite checkpoint {{2, 4, 3}, 0, \"Regular\"}"
"PASS: ""exact accepted finite checkpoint identity {{2, 4, 3}, 0, \"Regular\"}"
"PASS: ""finite physical component"
"FINITE_COMPONENT_MEMORY "{2, 4, 3}" before "2933660880" after "2933678752
"PASS: ""pinned accepted finite checkpoint {{2, 4, 4}, 1, \"Delta\"}"
"PASS: ""exact accepted finite checkpoint identity {{2, 4, 4}, 1, \"Delta\"}"
"PASS: ""pinned accepted finite checkpoint {{2, 4, 4}, 1, \"L0\"}"
"PASS: ""exact accepted finite checkpoint identity {{2, 4, 4}, 1, \"L0\"}"
"PASS: ""pinned accepted finite checkpoint {{2, 4, 4}, 1, \"L1\"}"
"PASS: ""exact accepted finite checkpoint identity {{2, 4, 4}, 1, \"L1\"}"
"PASS: ""integer finite Laurent support"
"PASS: ""complete Laurent polynomial"
"PASS: ""regulator-independent Laurent coefficients"
"PASS: ""exact Laurent polynomial reconstruction"
"PASS: ""phase kernel has no truncated input series"
"PASS: ""reference phase product evaluated"
"PASS: ""pinned accepted finite checkpoint {{2, 4, 4}, 1, \"Regular\"}"
"PASS: ""exact accepted finite checkpoint identity {{2, 4, 4}, 1, \"Regular\"}"
"PASS: ""pinned accepted finite checkpoint {{2, 4, 4}, -1, \"Delta\"}"
"PASS: ""exact accepted finite checkpoint identity {{2, 4, 4}, -1, \"Delta\"}"
"PASS: ""pinned accepted finite checkpoint {{2, 4, 4}, -1, \"L0\"}"
"PASS: ""exact accepted finite checkpoint identity {{2, 4, 4}, -1, \"L0\"}"
"PASS: ""pinned accepted finite checkpoint {{2, 4, 4}, -1, \"L1\"}"
"PASS: ""exact accepted finite checkpoint identity {{2, 4, 4}, -1, \"L1\"}"
"PASS: ""pinned accepted finite checkpoint {{2, 4, 4}, -1, \"Regular\"}"
"PASS: ""exact accepted finite checkpoint identity {{2, 4, 4}, -1, \"Regular\"}"
"PASS: ""real endpoint branches share a boundary"
"PASS: ""pinned accepted finite checkpoint {{2, 4, 4}, 0, \"Delta\"}"
"PASS: ""exact accepted finite checkpoint identity {{2, 4, 4}, 0, \"Delta\"}"
"PASS: ""pinned accepted finite checkpoint {{2, 4, 4}, 0, \"L0\"}"
"PASS: ""exact accepted finite checkpoint identity {{2, 4, 4}, 0, \"L0\"}"
"PASS: ""pinned accepted finite checkpoint {{2, 4, 4}, 0, \"L1\"}"
"PASS: ""exact accepted finite checkpoint identity {{2, 4, 4}, 0, \"L1\"}"
"PASS: ""pinned accepted finite checkpoint {{2, 4, 4}, 0, \"Regular\"}"
"PASS: ""exact accepted finite checkpoint identity {{2, 4, 4}, 0, \"Regular\"}"
"PASS: ""finite physical component"
"FINITE_COMPONENT_MEMORY "{2, 4, 4}" before "2933678648" after "3070523600
"PASS: ""pinned accepted finite checkpoint {{3, 1, 1}, 1, \"Delta\"}"
"PASS: ""exact accepted finite checkpoint identity {{3, 1, 1}, 1, \"Delta\"}"
"PASS: ""pinned accepted finite checkpoint {{3, 1, 1}, 1, \"L0\"}"
"PASS: ""exact accepted finite checkpoint identity {{3, 1, 1}, 1, \"L0\"}"
"PASS: ""pinned accepted finite checkpoint {{3, 1, 1}, 1, \"L1\"}"
"PASS: ""exact accepted finite checkpoint identity {{3, 1, 1}, 1, \"L1\"}"
"PASS: ""integer finite Laurent support"
"PASS: ""complete Laurent polynomial"
"PASS: ""regulator-independent Laurent coefficients"
"PASS: ""exact Laurent polynomial reconstruction"
"PASS: ""phase kernel has no truncated input series"
"PASS: ""reference phase product evaluated"
"PASS: ""pinned accepted finite checkpoint {{3, 1, 1}, 1, \"Regular\"}"
"PASS: ""exact accepted finite checkpoint identity {{3, 1, 1}, 1, \"Regular\"}"
"PASS: ""pinned accepted finite checkpoint {{3, 1, 1}, -1, \"Delta\"}"
"PASS: ""exact accepted finite checkpoint identity {{3, 1, 1}, -1, \"Delta\"}"
"PASS: ""pinned accepted finite checkpoint {{3, 1, 1}, -1, \"L0\"}"
"PASS: ""exact accepted finite checkpoint identity {{3, 1, 1}, -1, \"L0\"}"
"PASS: ""pinned accepted finite checkpoint {{3, 1, 1}, -1, \"L1\"}"
"PASS: ""exact accepted finite checkpoint identity {{3, 1, 1}, -1, \"L1\"}"
"PASS: ""pinned accepted finite checkpoint {{3, 1, 1}, -1, \"Regular\"}"
"PASS: ""exact accepted finite checkpoint identity {{3, 1, 1}, -1, \"Regular\"}"
"PASS: ""real endpoint branches share a boundary"
"PASS: ""pinned accepted finite checkpoint {{3, 1, 1}, 0, \"Delta\"}"
"PASS: ""exact accepted finite checkpoint identity {{3, 1, 1}, 0, \"Delta\"}"
"PASS: ""pinned accepted finite checkpoint {{3, 1, 1}, 0, \"L0\"}"
"PASS: ""exact accepted finite checkpoint identity {{3, 1, 1}, 0, \"L0\"}"
"PASS: ""pinned accepted finite checkpoint {{3, 1, 1}, 0, \"L1\"}"
"PASS: ""exact accepted finite checkpoint identity {{3, 1, 1}, 0, \"L1\"}"
"PASS: ""pinned accepted finite checkpoint {{3, 1, 1}, 0, \"Regular\"}"
"PASS: ""exact accepted finite checkpoint identity {{3, 1, 1}, 0, \"Regular\"}"
"PASS: ""finite physical component"
"FINITE_COMPONENT_MEMORY "{3, 1, 1}" before "3070523496" after "3365509552
"PASS: ""pinned accepted finite checkpoint {{3, 1, 2}, 1, \"Delta\"}"
"PASS: ""exact accepted finite checkpoint identity {{3, 1, 2}, 1, \"Delta\"}"
"PASS: ""pinned accepted finite checkpoint {{3, 1, 2}, 1, \"L0\"}"
"PASS: ""exact accepted finite checkpoint identity {{3, 1, 2}, 1, \"L0\"}"
"PASS: ""pinned accepted finite checkpoint {{3, 1, 2}, 1, \"L1\"}"
"PASS: ""exact accepted finite checkpoint identity {{3, 1, 2}, 1, \"L1\"}"
"PASS: ""integer finite Laurent support"
"PASS: ""complete Laurent polynomial"
"PASS: ""regulator-independent Laurent coefficients"
"PASS: ""exact Laurent polynomial reconstruction"
"PASS: ""phase kernel has no truncated input series"
"PASS: ""reference phase product evaluated"
"PASS: ""pinned accepted finite checkpoint {{3, 1, 2}, 1, \"Regular\"}"
"PASS: ""exact accepted finite checkpoint identity {{3, 1, 2}, 1, \"Regular\"}"
"PASS: ""pinned accepted finite checkpoint {{3, 1, 2}, -1, \"Delta\"}"
"PASS: ""exact accepted finite checkpoint identity {{3, 1, 2}, -1, \"Delta\"}"
"PASS: ""pinned accepted finite checkpoint {{3, 1, 2}, -1, \"L0\"}"
"PASS: ""exact accepted finite checkpoint identity {{3, 1, 2}, -1, \"L0\"}"
"PASS: ""pinned accepted finite checkpoint {{3, 1, 2}, -1, \"L1\"}"
"PASS: ""exact accepted finite checkpoint identity {{3, 1, 2}, -1, \"L1\"}"
"PASS: ""pinned accepted finite checkpoint {{3, 1, 2}, -1, \"Regular\"}"
"PASS: ""exact accepted finite checkpoint identity {{3, 1, 2}, -1, \"Regular\"}"
"PASS: ""real endpoint branches share a boundary"
"PASS: ""pinned accepted finite checkpoint {{3, 1, 2}, 0, \"Delta\"}"
"PASS: ""exact accepted finite checkpoint identity {{3, 1, 2}, 0, \"Delta\"}"
"PASS: ""pinned accepted finite checkpoint {{3, 1, 2}, 0, \"L0\"}"
"PASS: ""exact accepted finite checkpoint identity {{3, 1, 2}, 0, \"L0\"}"
"PASS: ""pinned accepted finite checkpoint {{3, 1, 2}, 0, \"L1\"}"
"PASS: ""exact accepted finite checkpoint identity {{3, 1, 2}, 0, \"L1\"}"
"PASS: ""pinned accepted finite checkpoint {{3, 1, 2}, 0, \"Regular\"}"
"PASS: ""exact accepted finite checkpoint identity {{3, 1, 2}, 0, \"Regular\"}"
"PASS: ""finite physical component"
"FINITE_COMPONENT_MEMORY "{3, 1, 2}" before "3365509448" after "3529997120
"PASS: ""pinned accepted finite checkpoint {{3, 1, 3}, 1, \"Delta\"}"
"PASS: ""exact accepted finite checkpoint identity {{3, 1, 3}, 1, \"Delta\"}"
"PASS: ""pinned accepted finite checkpoint {{3, 1, 3}, 1, \"L0\"}"
"PASS: ""exact accepted finite checkpoint identity {{3, 1, 3}, 1, \"L0\"}"
"PASS: ""pinned accepted finite checkpoint {{3, 1, 3}, 1, \"L1\"}"
"PASS: ""exact accepted finite checkpoint identity {{3, 1, 3}, 1, \"L1\"}"
"PASS: ""pinned accepted finite checkpoint {{3, 1, 3}, 1, \"Regular\"}"
"PASS: ""exact accepted finite checkpoint identity {{3, 1, 3}, 1, \"Regular\"}"
"PASS: ""pinned accepted finite checkpoint {{3, 1, 3}, -1, \"Delta\"}"
"PASS: ""exact accepted finite checkpoint identity {{3, 1, 3}, -1, \"Delta\"}"
"PASS: ""pinned accepted finite checkpoint {{3, 1, 3}, -1, \"L0\"}"
"PASS: ""exact accepted finite checkpoint identity {{3, 1, 3}, -1, \"L0\"}"
"PASS: ""pinned accepted finite checkpoint {{3, 1, 3}, -1, \"L1\"}"
"PASS: ""exact accepted finite checkpoint identity {{3, 1, 3}, -1, \"L1\"}"
"PASS: ""pinned accepted finite checkpoint {{3, 1, 3}, -1, \"Regular\"}"
"PASS: ""exact accepted finite checkpoint identity {{3, 1, 3}, -1, \"Regular\"}"
"PASS: ""real endpoint branches share a boundary"
"PASS: ""pinned accepted finite checkpoint {{3, 1, 3}, 0, \"Delta\"}"
"PASS: ""exact accepted finite checkpoint identity {{3, 1, 3}, 0, \"Delta\"}"
"PASS: ""pinned accepted finite checkpoint {{3, 1, 3}, 0, \"L0\"}"
"PASS: ""exact accepted finite checkpoint identity {{3, 1, 3}, 0, \"L0\"}"
"PASS: ""pinned accepted finite checkpoint {{3, 1, 3}, 0, \"L1\"}"
"PASS: ""exact accepted finite checkpoint identity {{3, 1, 3}, 0, \"L1\"}"
"PASS: ""pinned accepted finite checkpoint {{3, 1, 3}, 0, \"Regular\"}"
"PASS: ""exact accepted finite checkpoint identity {{3, 1, 3}, 0, \"Regular\"}"
"PASS: ""finite physical component"
"FINITE_COMPONENT_MEMORY "{3, 1, 3}" before "3529997016" after "3530015032
"PASS: ""pinned accepted finite checkpoint {{3, 1, 4}, 1, \"Delta\"}"
"PASS: ""exact accepted finite checkpoint identity {{3, 1, 4}, 1, \"Delta\"}"
"PASS: ""pinned accepted finite checkpoint {{3, 1, 4}, 1, \"L0\"}"
"PASS: ""exact accepted finite checkpoint identity {{3, 1, 4}, 1, \"L0\"}"
"PASS: ""pinned accepted finite checkpoint {{3, 1, 4}, 1, \"L1\"}"
"PASS: ""exact accepted finite checkpoint identity {{3, 1, 4}, 1, \"L1\"}"
"PASS: ""pinned accepted finite checkpoint {{3, 1, 4}, 1, \"Regular\"}"
"PASS: ""exact accepted finite checkpoint identity {{3, 1, 4}, 1, \"Regular\"}"
"PASS: ""pinned accepted finite checkpoint {{3, 1, 4}, -1, \"Delta\"}"
"PASS: ""exact accepted finite checkpoint identity {{3, 1, 4}, -1, \"Delta\"}"
"PASS: ""pinned accepted finite checkpoint {{3, 1, 4}, -1, \"L0\"}"
"PASS: ""exact accepted finite checkpoint identity {{3, 1, 4}, -1, \"L0\"}"
"PASS: ""pinned accepted finite checkpoint {{3, 1, 4}, -1, \"L1\"}"
"PASS: ""exact accepted finite checkpoint identity {{3, 1, 4}, -1, \"L1\"}"
"PASS: ""pinned accepted finite checkpoint {{3, 1, 4}, -1, \"Regular\"}"
"PASS: ""exact accepted finite checkpoint identity {{3, 1, 4}, -1, \"Regular\"}"
"PASS: ""real endpoint branches share a boundary"
"PASS: ""pinned accepted finite checkpoint {{3, 1, 4}, 0, \"Delta\"}"
"PASS: ""exact accepted finite checkpoint identity {{3, 1, 4}, 0, \"Delta\"}"
"PASS: ""pinned accepted finite checkpoint {{3, 1, 4}, 0, \"L0\"}"
"PASS: ""exact accepted finite checkpoint identity {{3, 1, 4}, 0, \"L0\"}"
"PASS: ""pinned accepted finite checkpoint {{3, 1, 4}, 0, \"L1\"}"
"PASS: ""exact accepted finite checkpoint identity {{3, 1, 4}, 0, \"L1\"}"
"PASS: ""pinned accepted finite checkpoint {{3, 1, 4}, 0, \"Regular\"}"
"PASS: ""exact accepted finite checkpoint identity {{3, 1, 4}, 0, \"Regular\"}"
"PASS: ""finite physical component"
"FINITE_COMPONENT_MEMORY "{3, 1, 4}" before "3530014928" after "3530032832
"PASS: ""pinned accepted finite checkpoint {{3, 2, 1}, 1, \"Delta\"}"
"PASS: ""exact accepted finite checkpoint identity {{3, 2, 1}, 1, \"Delta\"}"
"PASS: ""pinned accepted finite checkpoint {{3, 2, 1}, 1, \"L0\"}"
"PASS: ""exact accepted finite checkpoint identity {{3, 2, 1}, 1, \"L0\"}"
"PASS: ""pinned accepted finite checkpoint {{3, 2, 1}, 1, \"L1\"}"
"PASS: ""exact accepted finite checkpoint identity {{3, 2, 1}, 1, \"L1\"}"
"PASS: ""integer finite Laurent support"
"PASS: ""complete Laurent polynomial"
"PASS: ""regulator-independent Laurent coefficients"
"PASS: ""exact Laurent polynomial reconstruction"
"PASS: ""phase kernel has no truncated input series"
"PASS: ""reference phase product evaluated"
"PASS: ""pinned accepted finite checkpoint {{3, 2, 1}, 1, \"Regular\"}"
"PASS: ""exact accepted finite checkpoint identity {{3, 2, 1}, 1, \"Regular\"}"
"PASS: ""pinned accepted finite checkpoint {{3, 2, 1}, -1, \"Delta\"}"
"PASS: ""exact accepted finite checkpoint identity {{3, 2, 1}, -1, \"Delta\"}"
"PASS: ""pinned accepted finite checkpoint {{3, 2, 1}, -1, \"L0\"}"
"PASS: ""exact accepted finite checkpoint identity {{3, 2, 1}, -1, \"L0\"}"
"PASS: ""pinned accepted finite checkpoint {{3, 2, 1}, -1, \"L1\"}"
"PASS: ""exact accepted finite checkpoint identity {{3, 2, 1}, -1, \"L1\"}"
"PASS: ""pinned accepted finite checkpoint {{3, 2, 1}, -1, \"Regular\"}"
"PASS: ""exact accepted finite checkpoint identity {{3, 2, 1}, -1, \"Regular\"}"
"PASS: ""real endpoint branches share a boundary"
"PASS: ""pinned accepted finite checkpoint {{3, 2, 1}, 0, \"Delta\"}"
"PASS: ""exact accepted finite checkpoint identity {{3, 2, 1}, 0, \"Delta\"}"
"PASS: ""pinned accepted finite checkpoint {{3, 2, 1}, 0, \"L0\"}"
"PASS: ""exact accepted finite checkpoint identity {{3, 2, 1}, 0, \"L0\"}"
"PASS: ""pinned accepted finite checkpoint {{3, 2, 1}, 0, \"L1\"}"
"PASS: ""exact accepted finite checkpoint identity {{3, 2, 1}, 0, \"L1\"}"
"PASS: ""pinned accepted finite checkpoint {{3, 2, 1}, 0, \"Regular\"}"
"PASS: ""exact accepted finite checkpoint identity {{3, 2, 1}, 0, \"Regular\"}"
"PASS: ""finite physical component"
"FINITE_COMPONENT_MEMORY "{3, 2, 1}" before "3530032728" after "3694708320
"PASS: ""pinned accepted finite checkpoint {{3, 2, 2}, 1, \"Delta\"}"
"PASS: ""exact accepted finite checkpoint identity {{3, 2, 2}, 1, \"Delta\"}"
"PASS: ""pinned accepted finite checkpoint {{3, 2, 2}, 1, \"L0\"}"
"PASS: ""exact accepted finite checkpoint identity {{3, 2, 2}, 1, \"L0\"}"
"PASS: ""pinned accepted finite checkpoint {{3, 2, 2}, 1, \"L1\"}"
"PASS: ""exact accepted finite checkpoint identity {{3, 2, 2}, 1, \"L1\"}"
"PASS: ""integer finite Laurent support"
"PASS: ""complete Laurent polynomial"
"PASS: ""regulator-independent Laurent coefficients"
"PASS: ""exact Laurent polynomial reconstruction"
"PASS: ""phase kernel has no truncated input series"
"PASS: ""reference phase product evaluated"
"PASS: ""pinned accepted finite checkpoint {{3, 2, 2}, 1, \"Regular\"}"
"PASS: ""exact accepted finite checkpoint identity {{3, 2, 2}, 1, \"Regular\"}"
"PASS: ""pinned accepted finite checkpoint {{3, 2, 2}, -1, \"Delta\"}"
"PASS: ""exact accepted finite checkpoint identity {{3, 2, 2}, -1, \"Delta\"}"
"PASS: ""pinned accepted finite checkpoint {{3, 2, 2}, -1, \"L0\"}"
"PASS: ""exact accepted finite checkpoint identity {{3, 2, 2}, -1, \"L0\"}"
"PASS: ""pinned accepted finite checkpoint {{3, 2, 2}, -1, \"L1\"}"
"PASS: ""exact accepted finite checkpoint identity {{3, 2, 2}, -1, \"L1\"}"
"PASS: ""pinned accepted finite checkpoint {{3, 2, 2}, -1, \"Regular\"}"
"PASS: ""exact accepted finite checkpoint identity {{3, 2, 2}, -1, \"Regular\"}"
"PASS: ""real endpoint branches share a boundary"
"PASS: ""pinned accepted finite checkpoint {{3, 2, 2}, 0, \"Delta\"}"
"PASS: ""exact accepted finite checkpoint identity {{3, 2, 2}, 0, \"Delta\"}"
"PASS: ""pinned accepted finite checkpoint {{3, 2, 2}, 0, \"L0\"}"
"PASS: ""exact accepted finite checkpoint identity {{3, 2, 2}, 0, \"L0\"}"
"PASS: ""pinned accepted finite checkpoint {{3, 2, 2}, 0, \"L1\"}"
"PASS: ""exact accepted finite checkpoint identity {{3, 2, 2}, 0, \"L1\"}"
"PASS: ""pinned accepted finite checkpoint {{3, 2, 2}, 0, \"Regular\"}"
"PASS: ""exact accepted finite checkpoint identity {{3, 2, 2}, 0, \"Regular\"}"
"PASS: ""finite physical component"
"FINITE_COMPONENT_MEMORY "{3, 2, 2}" before "3694708216" after "3990841944
"PASS: ""pinned accepted finite checkpoint {{3, 2, 3}, 1, \"Delta\"}"
"PASS: ""exact accepted finite checkpoint identity {{3, 2, 3}, 1, \"Delta\"}"
"PASS: ""pinned accepted finite checkpoint {{3, 2, 3}, 1, \"L0\"}"
"PASS: ""exact accepted finite checkpoint identity {{3, 2, 3}, 1, \"L0\"}"
"PASS: ""pinned accepted finite checkpoint {{3, 2, 3}, 1, \"L1\"}"
"PASS: ""exact accepted finite checkpoint identity {{3, 2, 3}, 1, \"L1\"}"
"PASS: ""pinned accepted finite checkpoint {{3, 2, 3}, 1, \"Regular\"}"
"PASS: ""exact accepted finite checkpoint identity {{3, 2, 3}, 1, \"Regular\"}"
"PASS: ""pinned accepted finite checkpoint {{3, 2, 3}, -1, \"Delta\"}"
"PASS: ""exact accepted finite checkpoint identity {{3, 2, 3}, -1, \"Delta\"}"
"PASS: ""pinned accepted finite checkpoint {{3, 2, 3}, -1, \"L0\"}"
"PASS: ""exact accepted finite checkpoint identity {{3, 2, 3}, -1, \"L0\"}"
"PASS: ""pinned accepted finite checkpoint {{3, 2, 3}, -1, \"L1\"}"
"PASS: ""exact accepted finite checkpoint identity {{3, 2, 3}, -1, \"L1\"}"
"PASS: ""pinned accepted finite checkpoint {{3, 2, 3}, -1, \"Regular\"}"
"PASS: ""exact accepted finite checkpoint identity {{3, 2, 3}, -1, \"Regular\"}"
"PASS: ""real endpoint branches share a boundary"
"PASS: ""pinned accepted finite checkpoint {{3, 2, 3}, 0, \"Delta\"}"
"PASS: ""exact accepted finite checkpoint identity {{3, 2, 3}, 0, \"Delta\"}"
"PASS: ""pinned accepted finite checkpoint {{3, 2, 3}, 0, \"L0\"}"
"PASS: ""exact accepted finite checkpoint identity {{3, 2, 3}, 0, \"L0\"}"
"PASS: ""pinned accepted finite checkpoint {{3, 2, 3}, 0, \"L1\"}"
"PASS: ""exact accepted finite checkpoint identity {{3, 2, 3}, 0, \"L1\"}"
"PASS: ""pinned accepted finite checkpoint {{3, 2, 3}, 0, \"Regular\"}"
"PASS: ""exact accepted finite checkpoint identity {{3, 2, 3}, 0, \"Regular\"}"
"PASS: ""finite physical component"
"FINITE_COMPONENT_MEMORY "{3, 2, 3}" before "3990841840" after "3990859704
"PASS: ""pinned accepted finite checkpoint {{3, 2, 4}, 1, \"Delta\"}"
"PASS: ""exact accepted finite checkpoint identity {{3, 2, 4}, 1, \"Delta\"}"
"PASS: ""pinned accepted finite checkpoint {{3, 2, 4}, 1, \"L0\"}"
"PASS: ""exact accepted finite checkpoint identity {{3, 2, 4}, 1, \"L0\"}"
"PASS: ""pinned accepted finite checkpoint {{3, 2, 4}, 1, \"L1\"}"
"PASS: ""exact accepted finite checkpoint identity {{3, 2, 4}, 1, \"L1\"}"
"PASS: ""pinned accepted finite checkpoint {{3, 2, 4}, 1, \"Regular\"}"
"PASS: ""exact accepted finite checkpoint identity {{3, 2, 4}, 1, \"Regular\"}"
"PASS: ""pinned accepted finite checkpoint {{3, 2, 4}, -1, \"Delta\"}"
"PASS: ""exact accepted finite checkpoint identity {{3, 2, 4}, -1, \"Delta\"}"
"PASS: ""pinned accepted finite checkpoint {{3, 2, 4}, -1, \"L0\"}"
"PASS: ""exact accepted finite checkpoint identity {{3, 2, 4}, -1, \"L0\"}"
"PASS: ""pinned accepted finite checkpoint {{3, 2, 4}, -1, \"L1\"}"
"PASS: ""exact accepted finite checkpoint identity {{3, 2, 4}, -1, \"L1\"}"
"PASS: ""pinned accepted finite checkpoint {{3, 2, 4}, -1, \"Regular\"}"
"PASS: ""exact accepted finite checkpoint identity {{3, 2, 4}, -1, \"Regular\"}"
"PASS: ""real endpoint branches share a boundary"
"PASS: ""pinned accepted finite checkpoint {{3, 2, 4}, 0, \"Delta\"}"
"PASS: ""exact accepted finite checkpoint identity {{3, 2, 4}, 0, \"Delta\"}"
"PASS: ""pinned accepted finite checkpoint {{3, 2, 4}, 0, \"L0\"}"
"PASS: ""exact accepted finite checkpoint identity {{3, 2, 4}, 0, \"L0\"}"
"PASS: ""pinned accepted finite checkpoint {{3, 2, 4}, 0, \"L1\"}"
"PASS: ""exact accepted finite checkpoint identity {{3, 2, 4}, 0, \"L1\"}"
"PASS: ""pinned accepted finite checkpoint {{3, 2, 4}, 0, \"Regular\"}"
"PASS: ""exact accepted finite checkpoint identity {{3, 2, 4}, 0, \"Regular\"}"
"PASS: ""finite physical component"
"FINITE_COMPONENT_MEMORY "{3, 2, 4}" before "3990859600" after "3990877584
"PASS: ""pinned accepted finite checkpoint {{3, 3, 1}, 1, \"Delta\"}"
"PASS: ""exact accepted finite checkpoint identity {{3, 3, 1}, 1, \"Delta\"}"
"PASS: ""pinned accepted finite checkpoint {{3, 3, 1}, 1, \"L0\"}"
"PASS: ""exact accepted finite checkpoint identity {{3, 3, 1}, 1, \"L0\"}"
"PASS: ""pinned accepted finite checkpoint {{3, 3, 1}, 1, \"L1\"}"
"PASS: ""exact accepted finite checkpoint identity {{3, 3, 1}, 1, \"L1\"}"
"PASS: ""pinned accepted finite checkpoint {{3, 3, 1}, 1, \"Regular\"}"
"PASS: ""exact accepted finite checkpoint identity {{3, 3, 1}, 1, \"Regular\"}"
"PASS: ""pinned accepted finite checkpoint {{3, 3, 1}, -1, \"Delta\"}"
"PASS: ""exact accepted finite checkpoint identity {{3, 3, 1}, -1, \"Delta\"}"
"PASS: ""pinned accepted finite checkpoint {{3, 3, 1}, -1, \"L0\"}"
"PASS: ""exact accepted finite checkpoint identity {{3, 3, 1}, -1, \"L0\"}"
"PASS: ""pinned accepted finite checkpoint {{3, 3, 1}, -1, \"L1\"}"
"PASS: ""exact accepted finite checkpoint identity {{3, 3, 1}, -1, \"L1\"}"
"PASS: ""pinned accepted finite checkpoint {{3, 3, 1}, -1, \"Regular\"}"
"PASS: ""exact accepted finite checkpoint identity {{3, 3, 1}, -1, \"Regular\"}"
"PASS: ""real endpoint branches share a boundary"
"PASS: ""pinned accepted finite checkpoint {{3, 3, 1}, 0, \"Delta\"}"
"PASS: ""exact accepted finite checkpoint identity {{3, 3, 1}, 0, \"Delta\"}"
"PASS: ""pinned accepted finite checkpoint {{3, 3, 1}, 0, \"L0\"}"
"PASS: ""exact accepted finite checkpoint identity {{3, 3, 1}, 0, \"L0\"}"
"PASS: ""pinned accepted finite checkpoint {{3, 3, 1}, 0, \"L1\"}"
"PASS: ""exact accepted finite checkpoint identity {{3, 3, 1}, 0, \"L1\"}"
"PASS: ""pinned accepted finite checkpoint {{3, 3, 1}, 0, \"Regular\"}"
"PASS: ""exact accepted finite checkpoint identity {{3, 3, 1}, 0, \"Regular\"}"
"PASS: ""finite physical component"
"FINITE_COMPONENT_MEMORY "{3, 3, 1}" before "3990877480" after "3990895408
"PASS: ""pinned accepted finite checkpoint {{3, 3, 2}, 1, \"Delta\"}"
"PASS: ""exact accepted finite checkpoint identity {{3, 3, 2}, 1, \"Delta\"}"
"PASS: ""pinned accepted finite checkpoint {{3, 3, 2}, 1, \"L0\"}"
"PASS: ""exact accepted finite checkpoint identity {{3, 3, 2}, 1, \"L0\"}"
"PASS: ""pinned accepted finite checkpoint {{3, 3, 2}, 1, \"L1\"}"
"PASS: ""exact accepted finite checkpoint identity {{3, 3, 2}, 1, \"L1\"}"
"PASS: ""pinned accepted finite checkpoint {{3, 3, 2}, 1, \"Regular\"}"
"PASS: ""exact accepted finite checkpoint identity {{3, 3, 2}, 1, \"Regular\"}"
"PASS: ""pinned accepted finite checkpoint {{3, 3, 2}, -1, \"Delta\"}"
"PASS: ""exact accepted finite checkpoint identity {{3, 3, 2}, -1, \"Delta\"}"
"PASS: ""pinned accepted finite checkpoint {{3, 3, 2}, -1, \"L0\"}"
"PASS: ""exact accepted finite checkpoint identity {{3, 3, 2}, -1, \"L0\"}"
"PASS: ""pinned accepted finite checkpoint {{3, 3, 2}, -1, \"L1\"}"
"PASS: ""exact accepted finite checkpoint identity {{3, 3, 2}, -1, \"L1\"}"
"PASS: ""pinned accepted finite checkpoint {{3, 3, 2}, -1, \"Regular\"}"
"PASS: ""exact accepted finite checkpoint identity {{3, 3, 2}, -1, \"Regular\"}"
"PASS: ""real endpoint branches share a boundary"
"PASS: ""pinned accepted finite checkpoint {{3, 3, 2}, 0, \"Delta\"}"
"PASS: ""exact accepted finite checkpoint identity {{3, 3, 2}, 0, \"Delta\"}"
"PASS: ""pinned accepted finite checkpoint {{3, 3, 2}, 0, \"L0\"}"
"PASS: ""exact accepted finite checkpoint identity {{3, 3, 2}, 0, \"L0\"}"
"PASS: ""pinned accepted finite checkpoint {{3, 3, 2}, 0, \"L1\"}"
"PASS: ""exact accepted finite checkpoint identity {{3, 3, 2}, 0, \"L1\"}"
"PASS: ""pinned accepted finite checkpoint {{3, 3, 2}, 0, \"Regular\"}"
"PASS: ""exact accepted finite checkpoint identity {{3, 3, 2}, 0, \"Regular\"}"
"PASS: ""finite physical component"
"FINITE_COMPONENT_MEMORY "{3, 3, 2}" before "3990895304" after "3990913416
"PASS: ""pinned accepted finite checkpoint {{3, 3, 3}, 1, \"Delta\"}"
"PASS: ""exact accepted finite checkpoint identity {{3, 3, 3}, 1, \"Delta\"}"
"PASS: ""pinned accepted finite checkpoint {{3, 3, 3}, 1, \"L0\"}"
"PASS: ""exact accepted finite checkpoint identity {{3, 3, 3}, 1, \"L0\"}"
"PASS: ""pinned accepted finite checkpoint {{3, 3, 3}, 1, \"L1\"}"
"PASS: ""exact accepted finite checkpoint identity {{3, 3, 3}, 1, \"L1\"}"
"PASS: ""integer finite Laurent support"
"PASS: ""complete Laurent polynomial"
"PASS: ""regulator-independent Laurent coefficients"
"PASS: ""exact Laurent polynomial reconstruction"
"PASS: ""phase kernel has no truncated input series"
"PASS: ""reference phase product evaluated"
"PASS: ""pinned accepted finite checkpoint {{3, 3, 3}, 1, \"Regular\"}"
"PASS: ""exact accepted finite checkpoint identity {{3, 3, 3}, 1, \"Regular\"}"
"PASS: ""pinned accepted finite checkpoint {{3, 3, 3}, -1, \"Delta\"}"
"PASS: ""exact accepted finite checkpoint identity {{3, 3, 3}, -1, \"Delta\"}"
"PASS: ""pinned accepted finite checkpoint {{3, 3, 3}, -1, \"L0\"}"
"PASS: ""exact accepted finite checkpoint identity {{3, 3, 3}, -1, \"L0\"}"
"PASS: ""pinned accepted finite checkpoint {{3, 3, 3}, -1, \"L1\"}"
"PASS: ""exact accepted finite checkpoint identity {{3, 3, 3}, -1, \"L1\"}"
"PASS: ""pinned accepted finite checkpoint {{3, 3, 3}, -1, \"Regular\"}"
"PASS: ""exact accepted finite checkpoint identity {{3, 3, 3}, -1, \"Regular\"}"
"PASS: ""real endpoint branches share a boundary"
"PASS: ""pinned accepted finite checkpoint {{3, 3, 3}, 0, \"Delta\"}"
"PASS: ""exact accepted finite checkpoint identity {{3, 3, 3}, 0, \"Delta\"}"
"PASS: ""pinned accepted finite checkpoint {{3, 3, 3}, 0, \"L0\"}"
"PASS: ""exact accepted finite checkpoint identity {{3, 3, 3}, 0, \"L0\"}"
"PASS: ""pinned accepted finite checkpoint {{3, 3, 3}, 0, \"L1\"}"
"PASS: ""exact accepted finite checkpoint identity {{3, 3, 3}, 0, \"L1\"}"
"PASS: ""pinned accepted finite checkpoint {{3, 3, 3}, 0, \"Regular\"}"
"PASS: ""exact accepted finite checkpoint identity {{3, 3, 3}, 0, \"Regular\"}"
"PASS: ""finite physical component"
"FINITE_COMPONENT_MEMORY "{3, 3, 3}" before "3990913312" after "4156123696
"PASS: ""pinned accepted finite checkpoint {{3, 3, 4}, 1, \"Delta\"}"
"PASS: ""exact accepted finite checkpoint identity {{3, 3, 4}, 1, \"Delta\"}"
"PASS: ""pinned accepted finite checkpoint {{3, 3, 4}, 1, \"L0\"}"
"PASS: ""exact accepted finite checkpoint identity {{3, 3, 4}, 1, \"L0\"}"
"PASS: ""pinned accepted finite checkpoint {{3, 3, 4}, 1, \"L1\"}"
"PASS: ""exact accepted finite checkpoint identity {{3, 3, 4}, 1, \"L1\"}"
"PASS: ""pinned accepted finite checkpoint {{3, 3, 4}, 1, \"Regular\"}"
"PASS: ""exact accepted finite checkpoint identity {{3, 3, 4}, 1, \"Regular\"}"
"PASS: ""pinned accepted finite checkpoint {{3, 3, 4}, -1, \"Delta\"}"
"PASS: ""exact accepted finite checkpoint identity {{3, 3, 4}, -1, \"Delta\"}"
"PASS: ""pinned accepted finite checkpoint {{3, 3, 4}, -1, \"L0\"}"
"PASS: ""exact accepted finite checkpoint identity {{3, 3, 4}, -1, \"L0\"}"
"PASS: ""pinned accepted finite checkpoint {{3, 3, 4}, -1, \"L1\"}"
"PASS: ""exact accepted finite checkpoint identity {{3, 3, 4}, -1, \"L1\"}"
"PASS: ""pinned accepted finite checkpoint {{3, 3, 4}, -1, \"Regular\"}"
"PASS: ""exact accepted finite checkpoint identity {{3, 3, 4}, -1, \"Regular\"}"
"PASS: ""real endpoint branches share a boundary"
"PASS: ""pinned accepted finite checkpoint {{3, 3, 4}, 0, \"Delta\"}"
"PASS: ""exact accepted finite checkpoint identity {{3, 3, 4}, 0, \"Delta\"}"
"PASS: ""pinned accepted finite checkpoint {{3, 3, 4}, 0, \"L0\"}"
"PASS: ""exact accepted finite checkpoint identity {{3, 3, 4}, 0, \"L0\"}"
"PASS: ""pinned accepted finite checkpoint {{3, 3, 4}, 0, \"L1\"}"
"PASS: ""exact accepted finite checkpoint identity {{3, 3, 4}, 0, \"L1\"}"
"PASS: ""pinned accepted finite checkpoint {{3, 3, 4}, 0, \"Regular\"}"
"PASS: ""exact accepted finite checkpoint identity {{3, 3, 4}, 0, \"Regular\"}"
"PASS: ""finite physical component"
"FINITE_COMPONENT_MEMORY "{3, 3, 4}" before "4156123592" after "4156141520
"PASS: ""pinned accepted finite checkpoint {{3, 4, 1}, 1, \"Delta\"}"
"PASS: ""exact accepted finite checkpoint identity {{3, 4, 1}, 1, \"Delta\"}"
"PASS: ""pinned accepted finite checkpoint {{3, 4, 1}, 1, \"L0\"}"
"PASS: ""exact accepted finite checkpoint identity {{3, 4, 1}, 1, \"L0\"}"
"PASS: ""pinned accepted finite checkpoint {{3, 4, 1}, 1, \"L1\"}"
"PASS: ""exact accepted finite checkpoint identity {{3, 4, 1}, 1, \"L1\"}"
"PASS: ""pinned accepted finite checkpoint {{3, 4, 1}, 1, \"Regular\"}"
"PASS: ""exact accepted finite checkpoint identity {{3, 4, 1}, 1, \"Regular\"}"
"PASS: ""pinned accepted finite checkpoint {{3, 4, 1}, -1, \"Delta\"}"
"PASS: ""exact accepted finite checkpoint identity {{3, 4, 1}, -1, \"Delta\"}"
"PASS: ""pinned accepted finite checkpoint {{3, 4, 1}, -1, \"L0\"}"
"PASS: ""exact accepted finite checkpoint identity {{3, 4, 1}, -1, \"L0\"}"
"PASS: ""pinned accepted finite checkpoint {{3, 4, 1}, -1, \"L1\"}"
"PASS: ""exact accepted finite checkpoint identity {{3, 4, 1}, -1, \"L1\"}"
"PASS: ""pinned accepted finite checkpoint {{3, 4, 1}, -1, \"Regular\"}"
"PASS: ""exact accepted finite checkpoint identity {{3, 4, 1}, -1, \"Regular\"}"
"PASS: ""real endpoint branches share a boundary"
"PASS: ""pinned accepted finite checkpoint {{3, 4, 1}, 0, \"Delta\"}"
"PASS: ""exact accepted finite checkpoint identity {{3, 4, 1}, 0, \"Delta\"}"
"PASS: ""pinned accepted finite checkpoint {{3, 4, 1}, 0, \"L0\"}"
"PASS: ""exact accepted finite checkpoint identity {{3, 4, 1}, 0, \"L0\"}"
"PASS: ""pinned accepted finite checkpoint {{3, 4, 1}, 0, \"L1\"}"
"PASS: ""exact accepted finite checkpoint identity {{3, 4, 1}, 0, \"L1\"}"
"PASS: ""pinned accepted finite checkpoint {{3, 4, 1}, 0, \"Regular\"}"
"PASS: ""exact accepted finite checkpoint identity {{3, 4, 1}, 0, \"Regular\"}"
"PASS: ""finite physical component"
"FINITE_COMPONENT_MEMORY "{3, 4, 1}" before "4156141416" after "4156159696
"PASS: ""pinned accepted finite checkpoint {{3, 4, 2}, 1, \"Delta\"}"
"PASS: ""exact accepted finite checkpoint identity {{3, 4, 2}, 1, \"Delta\"}"
"PASS: ""pinned accepted finite checkpoint {{3, 4, 2}, 1, \"L0\"}"
"PASS: ""exact accepted finite checkpoint identity {{3, 4, 2}, 1, \"L0\"}"
"PASS: ""pinned accepted finite checkpoint {{3, 4, 2}, 1, \"L1\"}"
"PASS: ""exact accepted finite checkpoint identity {{3, 4, 2}, 1, \"L1\"}"
"PASS: ""pinned accepted finite checkpoint {{3, 4, 2}, 1, \"Regular\"}"
"PASS: ""exact accepted finite checkpoint identity {{3, 4, 2}, 1, \"Regular\"}"
"PASS: ""pinned accepted finite checkpoint {{3, 4, 2}, -1, \"Delta\"}"
"PASS: ""exact accepted finite checkpoint identity {{3, 4, 2}, -1, \"Delta\"}"
"PASS: ""pinned accepted finite checkpoint {{3, 4, 2}, -1, \"L0\"}"
"PASS: ""exact accepted finite checkpoint identity {{3, 4, 2}, -1, \"L0\"}"
"PASS: ""pinned accepted finite checkpoint {{3, 4, 2}, -1, \"L1\"}"
"PASS: ""exact accepted finite checkpoint identity {{3, 4, 2}, -1, \"L1\"}"
"PASS: ""pinned accepted finite checkpoint {{3, 4, 2}, -1, \"Regular\"}"
"PASS: ""exact accepted finite checkpoint identity {{3, 4, 2}, -1, \"Regular\"}"
"PASS: ""real endpoint branches share a boundary"
"PASS: ""pinned accepted finite checkpoint {{3, 4, 2}, 0, \"Delta\"}"
"PASS: ""exact accepted finite checkpoint identity {{3, 4, 2}, 0, \"Delta\"}"
"PASS: ""pinned accepted finite checkpoint {{3, 4, 2}, 0, \"L0\"}"
"PASS: ""exact accepted finite checkpoint identity {{3, 4, 2}, 0, \"L0\"}"
"PASS: ""pinned accepted finite checkpoint {{3, 4, 2}, 0, \"L1\"}"
"PASS: ""exact accepted finite checkpoint identity {{3, 4, 2}, 0, \"L1\"}"
"PASS: ""pinned accepted finite checkpoint {{3, 4, 2}, 0, \"Regular\"}"
"PASS: ""exact accepted finite checkpoint identity {{3, 4, 2}, 0, \"Regular\"}"
"PASS: ""finite physical component"
"FINITE_COMPONENT_MEMORY "{3, 4, 2}" before "4156159592" after "4156177472
"PASS: ""pinned accepted finite checkpoint {{3, 4, 3}, 1, \"Delta\"}"
"PASS: ""exact accepted finite checkpoint identity {{3, 4, 3}, 1, \"Delta\"}"
"PASS: ""pinned accepted finite checkpoint {{3, 4, 3}, 1, \"L0\"}"
"PASS: ""exact accepted finite checkpoint identity {{3, 4, 3}, 1, \"L0\"}"
"PASS: ""pinned accepted finite checkpoint {{3, 4, 3}, 1, \"L1\"}"
"PASS: ""exact accepted finite checkpoint identity {{3, 4, 3}, 1, \"L1\"}"
"PASS: ""pinned accepted finite checkpoint {{3, 4, 3}, 1, \"Regular\"}"
"PASS: ""exact accepted finite checkpoint identity {{3, 4, 3}, 1, \"Regular\"}"
"PASS: ""pinned accepted finite checkpoint {{3, 4, 3}, -1, \"Delta\"}"
"PASS: ""exact accepted finite checkpoint identity {{3, 4, 3}, -1, \"Delta\"}"
"PASS: ""pinned accepted finite checkpoint {{3, 4, 3}, -1, \"L0\"}"
"PASS: ""exact accepted finite checkpoint identity {{3, 4, 3}, -1, \"L0\"}"
"PASS: ""pinned accepted finite checkpoint {{3, 4, 3}, -1, \"L1\"}"
"PASS: ""exact accepted finite checkpoint identity {{3, 4, 3}, -1, \"L1\"}"
"PASS: ""pinned accepted finite checkpoint {{3, 4, 3}, -1, \"Regular\"}"
"PASS: ""exact accepted finite checkpoint identity {{3, 4, 3}, -1, \"Regular\"}"
"PASS: ""real endpoint branches share a boundary"
"PASS: ""pinned accepted finite checkpoint {{3, 4, 3}, 0, \"Delta\"}"
"PASS: ""exact accepted finite checkpoint identity {{3, 4, 3}, 0, \"Delta\"}"
"PASS: ""pinned accepted finite checkpoint {{3, 4, 3}, 0, \"L0\"}"
"PASS: ""exact accepted finite checkpoint identity {{3, 4, 3}, 0, \"L0\"}"
"PASS: ""pinned accepted finite checkpoint {{3, 4, 3}, 0, \"L1\"}"
"PASS: ""exact accepted finite checkpoint identity {{3, 4, 3}, 0, \"L1\"}"
"PASS: ""pinned accepted finite checkpoint {{3, 4, 3}, 0, \"Regular\"}"
"PASS: ""exact accepted finite checkpoint identity {{3, 4, 3}, 0, \"Regular\"}"
"PASS: ""finite physical component"
"FINITE_COMPONENT_MEMORY "{3, 4, 3}" before "4156177368" after "4156195352
"PASS: ""pinned accepted finite checkpoint {{3, 4, 4}, 1, \"Delta\"}"
"PASS: ""exact accepted finite checkpoint identity {{3, 4, 4}, 1, \"Delta\"}"
"PASS: ""pinned accepted finite checkpoint {{3, 4, 4}, 1, \"L0\"}"
"PASS: ""exact accepted finite checkpoint identity {{3, 4, 4}, 1, \"L0\"}"
"PASS: ""pinned accepted finite checkpoint {{3, 4, 4}, 1, \"L1\"}"
"PASS: ""exact accepted finite checkpoint identity {{3, 4, 4}, 1, \"L1\"}"
"PASS: ""integer finite Laurent support"
"PASS: ""complete Laurent polynomial"
"PASS: ""regulator-independent Laurent coefficients"
"PASS: ""exact Laurent polynomial reconstruction"
"PASS: ""phase kernel has no truncated input series"
"PASS: ""reference phase product evaluated"
"PASS: ""pinned accepted finite checkpoint {{3, 4, 4}, 1, \"Regular\"}"
"PASS: ""exact accepted finite checkpoint identity {{3, 4, 4}, 1, \"Regular\"}"
"PASS: ""pinned accepted finite checkpoint {{3, 4, 4}, -1, \"Delta\"}"
"PASS: ""exact accepted finite checkpoint identity {{3, 4, 4}, -1, \"Delta\"}"
"PASS: ""pinned accepted finite checkpoint {{3, 4, 4}, -1, \"L0\"}"
"PASS: ""exact accepted finite checkpoint identity {{3, 4, 4}, -1, \"L0\"}"
"PASS: ""pinned accepted finite checkpoint {{3, 4, 4}, -1, \"L1\"}"
"PASS: ""exact accepted finite checkpoint identity {{3, 4, 4}, -1, \"L1\"}"
"PASS: ""pinned accepted finite checkpoint {{3, 4, 4}, -1, \"Regular\"}"
"PASS: ""exact accepted finite checkpoint identity {{3, 4, 4}, -1, \"Regular\"}"
"PASS: ""real endpoint branches share a boundary"
"PASS: ""pinned accepted finite checkpoint {{3, 4, 4}, 0, \"Delta\"}"
"PASS: ""exact accepted finite checkpoint identity {{3, 4, 4}, 0, \"Delta\"}"
"PASS: ""pinned accepted finite checkpoint {{3, 4, 4}, 0, \"L0\"}"
"PASS: ""exact accepted finite checkpoint identity {{3, 4, 4}, 0, \"L0\"}"
"PASS: ""pinned accepted finite checkpoint {{3, 4, 4}, 0, \"L1\"}"
"PASS: ""exact accepted finite checkpoint identity {{3, 4, 4}, 0, \"L1\"}"
"PASS: ""pinned accepted finite checkpoint {{3, 4, 4}, 0, \"Regular\"}"
"PASS: ""exact accepted finite checkpoint identity {{3, 4, 4}, 0, \"Regular\"}"
"PASS: ""finite physical component"
"FINITE_COMPONENT_MEMORY "{3, 4, 4}" before "4156195248" after "4255253648
"PASS: ""pinned accepted finite checkpoint {{4, 1, 1}, 1, \"Delta\"}"
"PASS: ""exact accepted finite checkpoint identity {{4, 1, 1}, 1, \"Delta\"}"
"PASS: ""pinned accepted finite checkpoint {{4, 1, 1}, 1, \"L0\"}"
"PASS: ""exact accepted finite checkpoint identity {{4, 1, 1}, 1, \"L0\"}"
"PASS: ""pinned accepted finite checkpoint {{4, 1, 1}, 1, \"L1\"}"
"PASS: ""exact accepted finite checkpoint identity {{4, 1, 1}, 1, \"L1\"}"
"PASS: ""integer finite Laurent support"
"PASS: ""complete Laurent polynomial"
"PASS: ""regulator-independent Laurent coefficients"
"PASS: ""exact Laurent polynomial reconstruction"
"PASS: ""phase kernel has no truncated input series"
"PASS: ""reference phase product evaluated"
"PASS: ""pinned accepted finite checkpoint {{4, 1, 1}, 1, \"Regular\"}"
"PASS: ""exact accepted finite checkpoint identity {{4, 1, 1}, 1, \"Regular\"}"
"PASS: ""pinned accepted finite checkpoint {{4, 1, 1}, -1, \"Delta\"}"
"PASS: ""exact accepted finite checkpoint identity {{4, 1, 1}, -1, \"Delta\"}"
"PASS: ""pinned accepted finite checkpoint {{4, 1, 1}, -1, \"L0\"}"
"PASS: ""exact accepted finite checkpoint identity {{4, 1, 1}, -1, \"L0\"}"
"PASS: ""pinned accepted finite checkpoint {{4, 1, 1}, -1, \"L1\"}"
"PASS: ""exact accepted finite checkpoint identity {{4, 1, 1}, -1, \"L1\"}"
"PASS: ""real endpoint branches share a boundary"
"PASS: ""pinned accepted finite checkpoint {{4, 1, 1}, 0, \"Delta\"}"
"PASS: ""exact accepted finite checkpoint identity {{4, 1, 1}, 0, \"Delta\"}"
"PASS: ""pinned accepted finite checkpoint {{4, 1, 1}, 0, \"L0\"}"
"PASS: ""exact accepted finite checkpoint identity {{4, 1, 1}, 0, \"L0\"}"
"PASS: ""pinned accepted finite checkpoint {{4, 1, 1}, 0, \"L1\"}"
"PASS: ""exact accepted finite checkpoint identity {{4, 1, 1}, 0, \"L1\"}"
"PASS: ""pinned accepted finite checkpoint {{4, 1, 1}, 0, \"Regular\"}"
"PASS: ""exact accepted finite checkpoint identity {{4, 1, 1}, 0, \"Regular\"}"
"PASS: ""finite physical component"
"FINITE_COMPONENT_MEMORY "{4, 1, 1}" before "4255253544" after "4283298816
"PASS: ""pinned accepted finite checkpoint {{4, 1, 2}, 1, \"Delta\"}"
"PASS: ""exact accepted finite checkpoint identity {{4, 1, 2}, 1, \"Delta\"}"
"PASS: ""pinned accepted finite checkpoint {{4, 1, 2}, 1, \"L0\"}"
"PASS: ""exact accepted finite checkpoint identity {{4, 1, 2}, 1, \"L0\"}"
"PASS: ""pinned accepted finite checkpoint {{4, 1, 2}, 1, \"L1\"}"
"PASS: ""exact accepted finite checkpoint identity {{4, 1, 2}, 1, \"L1\"}"
"PASS: ""integer finite Laurent support"
"PASS: ""complete Laurent polynomial"
"PASS: ""regulator-independent Laurent coefficients"
"PASS: ""exact Laurent polynomial reconstruction"
"PASS: ""phase kernel has no truncated input series"
"PASS: ""reference phase product evaluated"
"PASS: ""pinned accepted finite checkpoint {{4, 1, 2}, 1, \"Regular\"}"
"PASS: ""exact accepted finite checkpoint identity {{4, 1, 2}, 1, \"Regular\"}"
"PASS: ""pinned accepted finite checkpoint {{4, 1, 2}, -1, \"Delta\"}"
"PASS: ""exact accepted finite checkpoint identity {{4, 1, 2}, -1, \"Delta\"}"
"PASS: ""pinned accepted finite checkpoint {{4, 1, 2}, -1, \"L0\"}"
"PASS: ""exact accepted finite checkpoint identity {{4, 1, 2}, -1, \"L0\"}"
"PASS: ""pinned accepted finite checkpoint {{4, 1, 2}, -1, \"L1\"}"
"PASS: ""exact accepted finite checkpoint identity {{4, 1, 2}, -1, \"L1\"}"
"PASS: ""pinned accepted finite checkpoint {{4, 1, 2}, -1, \"Regular\"}"
"PASS: ""exact accepted finite checkpoint identity {{4, 1, 2}, -1, \"Regular\"}"
"PASS: ""real endpoint branches share a boundary"
"PASS: ""pinned accepted finite checkpoint {{4, 1, 2}, 0, \"Delta\"}"
"PASS: ""exact accepted finite checkpoint identity {{4, 1, 2}, 0, \"Delta\"}"
"PASS: ""pinned accepted finite checkpoint {{4, 1, 2}, 0, \"L0\"}"
"PASS: ""exact accepted finite checkpoint identity {{4, 1, 2}, 0, \"L0\"}"
"PASS: ""pinned accepted finite checkpoint {{4, 1, 2}, 0, \"L1\"}"
"PASS: ""exact accepted finite checkpoint identity {{4, 1, 2}, 0, \"L1\"}"
"PASS: ""pinned accepted finite checkpoint {{4, 1, 2}, 0, \"Regular\"}"
"PASS: ""exact accepted finite checkpoint identity {{4, 1, 2}, 0, \"Regular\"}"
"PASS: ""finite physical component"
"FINITE_COMPONENT_MEMORY "{4, 1, 2}" before "4283298712" after "4305753400
"PASS: ""pinned accepted finite checkpoint {{4, 1, 3}, 1, \"Delta\"}"
"PASS: ""exact accepted finite checkpoint identity {{4, 1, 3}, 1, \"Delta\"}"
"PASS: ""pinned accepted finite checkpoint {{4, 1, 3}, 1, \"L0\"}"
"PASS: ""exact accepted finite checkpoint identity {{4, 1, 3}, 1, \"L0\"}"
"PASS: ""pinned accepted finite checkpoint {{4, 1, 3}, 1, \"L1\"}"
"PASS: ""exact accepted finite checkpoint identity {{4, 1, 3}, 1, \"L1\"}"
"PASS: ""pinned accepted finite checkpoint {{4, 1, 3}, 1, \"Regular\"}"
"PASS: ""exact accepted finite checkpoint identity {{4, 1, 3}, 1, \"Regular\"}"
"PASS: ""pinned accepted finite checkpoint {{4, 1, 3}, -1, \"Delta\"}"
"PASS: ""exact accepted finite checkpoint identity {{4, 1, 3}, -1, \"Delta\"}"
"PASS: ""pinned accepted finite checkpoint {{4, 1, 3}, -1, \"L0\"}"
"PASS: ""exact accepted finite checkpoint identity {{4, 1, 3}, -1, \"L0\"}"
"PASS: ""pinned accepted finite checkpoint {{4, 1, 3}, -1, \"L1\"}"
"PASS: ""exact accepted finite checkpoint identity {{4, 1, 3}, -1, \"L1\"}"
"PASS: ""pinned accepted finite checkpoint {{4, 1, 3}, -1, \"Regular\"}"
"PASS: ""exact accepted finite checkpoint identity {{4, 1, 3}, -1, \"Regular\"}"
"PASS: ""real endpoint branches share a boundary"
"PASS: ""pinned accepted finite checkpoint {{4, 1, 3}, 0, \"Delta\"}"
"PASS: ""exact accepted finite checkpoint identity {{4, 1, 3}, 0, \"Delta\"}"
"PASS: ""pinned accepted finite checkpoint {{4, 1, 3}, 0, \"L0\"}"
"PASS: ""exact accepted finite checkpoint identity {{4, 1, 3}, 0, \"L0\"}"
"PASS: ""pinned accepted finite checkpoint {{4, 1, 3}, 0, \"L1\"}"
"PASS: ""exact accepted finite checkpoint identity {{4, 1, 3}, 0, \"L1\"}"
"PASS: ""pinned accepted finite checkpoint {{4, 1, 3}, 0, \"Regular\"}"
"PASS: ""exact accepted finite checkpoint identity {{4, 1, 3}, 0, \"Regular\"}"
"PASS: ""finite physical component"
"FINITE_COMPONENT_MEMORY "{4, 1, 3}" before "4305753296" after "4305771048
"PASS: ""pinned accepted finite checkpoint {{4, 1, 4}, 1, \"Delta\"}"
"PASS: ""exact accepted finite checkpoint identity {{4, 1, 4}, 1, \"Delta\"}"
"PASS: ""pinned accepted finite checkpoint {{4, 1, 4}, 1, \"L0\"}"
"PASS: ""exact accepted finite checkpoint identity {{4, 1, 4}, 1, \"L0\"}"
"PASS: ""pinned accepted finite checkpoint {{4, 1, 4}, 1, \"L1\"}"
"PASS: ""exact accepted finite checkpoint identity {{4, 1, 4}, 1, \"L1\"}"
"PASS: ""pinned accepted finite checkpoint {{4, 1, 4}, 1, \"Regular\"}"
"PASS: ""exact accepted finite checkpoint identity {{4, 1, 4}, 1, \"Regular\"}"
"PASS: ""pinned accepted finite checkpoint {{4, 1, 4}, -1, \"Delta\"}"
"PASS: ""exact accepted finite checkpoint identity {{4, 1, 4}, -1, \"Delta\"}"
"PASS: ""pinned accepted finite checkpoint {{4, 1, 4}, -1, \"L0\"}"
"PASS: ""exact accepted finite checkpoint identity {{4, 1, 4}, -1, \"L0\"}"
"PASS: ""pinned accepted finite checkpoint {{4, 1, 4}, -1, \"L1\"}"
"PASS: ""exact accepted finite checkpoint identity {{4, 1, 4}, -1, \"L1\"}"
"PASS: ""pinned accepted finite checkpoint {{4, 1, 4}, -1, \"Regular\"}"
"PASS: ""exact accepted finite checkpoint identity {{4, 1, 4}, -1, \"Regular\"}"
"PASS: ""real endpoint branches share a boundary"
"PASS: ""pinned accepted finite checkpoint {{4, 1, 4}, 0, \"Delta\"}"
"PASS: ""exact accepted finite checkpoint identity {{4, 1, 4}, 0, \"Delta\"}"
"PASS: ""pinned accepted finite checkpoint {{4, 1, 4}, 0, \"L0\"}"
"PASS: ""exact accepted finite checkpoint identity {{4, 1, 4}, 0, \"L0\"}"
"PASS: ""pinned accepted finite checkpoint {{4, 1, 4}, 0, \"L1\"}"
"PASS: ""exact accepted finite checkpoint identity {{4, 1, 4}, 0, \"L1\"}"
"PASS: ""pinned accepted finite checkpoint {{4, 1, 4}, 0, \"Regular\"}"
"PASS: ""exact accepted finite checkpoint identity {{4, 1, 4}, 0, \"Regular\"}"
"PASS: ""finite physical component"
"FINITE_COMPONENT_MEMORY "{4, 1, 4}" before "4305770944" after "4305788976
"PASS: ""pinned accepted finite checkpoint {{4, 2, 1}, 1, \"Delta\"}"
"PASS: ""exact accepted finite checkpoint identity {{4, 2, 1}, 1, \"Delta\"}"
"PASS: ""pinned accepted finite checkpoint {{4, 2, 1}, 1, \"L0\"}"
"PASS: ""exact accepted finite checkpoint identity {{4, 2, 1}, 1, \"L0\"}"
"PASS: ""pinned accepted finite checkpoint {{4, 2, 1}, 1, \"L1\"}"
"PASS: ""exact accepted finite checkpoint identity {{4, 2, 1}, 1, \"L1\"}"
"PASS: ""integer finite Laurent support"
"PASS: ""complete Laurent polynomial"
"PASS: ""regulator-independent Laurent coefficients"
"PASS: ""exact Laurent polynomial reconstruction"
"PASS: ""phase kernel has no truncated input series"
"PASS: ""reference phase product evaluated"
"POLE_ASSEMBLY "{{4, 2, 1}, 1, "Regular"}
"PASS: ""finite symbolic input parts"
"PASS: ""evaluated Laurent polynomial"
"PASS: ""accepted exact polynomial backend retained"
"PASS: ""entire finite sum exactly decomposed"
"PASS: ""raw scalar ratio exactly reconstructs"
"PASS: ""unassigned algebraic input generators"
"PASS: ""algebraic generators preserve the exact input"
"PASS: ""complete rational polynomial support"
"PASS: ""unassigned polynomial transfer generators"
"PASS: ""complete polynomial transfer text reconstructs"
"PASS: ""exact native polynomial JSON transfer"
"RECOIL_POLYNOMIAL_BACKEND_START input_bytes "22083760" transfer_bytes "3150618
"EXACT_POLYNOMIAL_SUM recoil_derivative 16 783 0.289\nEXACT_POLYNOMIAL_SUM recoil_derivative 32 783 0.292\nEXACT_POLYNOMIAL_SUM recoil_derivative 48 783 0.299\nEXACT_POLYNOMIAL_SUM recoil_derivative 64 783 0.301\nEXACT_POLYNOMIAL_SUM recoil_derivative 80 783 0.305\nEXACT_POLYNOMIAL_SUM recoil_derivative 96 783 0.309\nEXACT_POLYNOMIAL_SUM recoil_derivative 112 783 0.312\nEXACT_POLYNOMIAL_SUM recoil_derivative 128 783 0.314\nEXACT_POLYNOMIAL_SUM recoil_derivative 144 783 0.317\nEXACT_POLYNOMIAL_SUM recoil_derivative 160 783 0.319\nEXACT_POLYNOMIAL_SUM recoil_derivative 176 783 0.322\nEXACT_POLYNOMIAL_SUM recoil_derivative 192 783 0.324\nEXACT_POLYNOMIAL_SUM recoil_derivative 208 783 0.326\nEXACT_POLYNOMIAL_SUM recoil_derivative 224 783 0.328\nEXACT_POLYNOMIAL_SUM recoil_derivative 240 783 0.331\nEXACT_POLYNOMIAL_SUM recoil_derivative 256 783 0.333\nEXACT_POLYNOMIAL_SUM recoil_derivative 272 783 0.335\nEXACT_POLYNOMIAL_SUM recoil_derivative 288 783 0.338\nEXACT_POLYNOMIAL_SUM recoil_derivative 304 783 0.341\nEXACT_POLYNOMIAL_SUM recoil_derivative 320 783 0.344\nEXACT_POLYNOMIAL_SUM recoil_derivative 336 783 0.346\nEXACT_POLYNOMIAL_SUM recoil_derivative 352 783 0.348\nEXACT_POLYNOMIAL_SUM recoil_derivative 368 783 0.351\nEXACT_POLYNOMIAL_SUM recoil_derivative 384 783 0.353\nEXACT_POLYNOMIAL_SUM recoil_derivative 400 783 0.355\nEXACT_POLYNOMIAL_SUM recoil_derivative 416 783 0.357\nEXACT_POLYNOMIAL_SUM recoil_derivative 432 783 0.359\nEXACT_POLYNOMIAL_SUM recoil_derivative 448 783 0.36\nEXACT_POLYNOMIAL_SUM recoil_derivative 464 783 0.363\nEXACT_POLYNOMIAL_SUM recoil_derivative 480 783 0.364\nEXACT_POLYNOMIAL_SUM recoil_derivative 496 783 0.366\nEXACT_POLYNOMIAL_SUM recoil_derivative 512 783 0.368\nEXACT_POLYNOMIAL_SUM recoil_derivative 528 783 0.371\nEXACT_POLYNOMIAL_SUM recoil_derivative 544 783 0.373\nEXACT_POLYNOMIAL_SUM recoil_derivative 560 783 0.375\nEXACT_POLYNOMIAL_SUM recoil_derivative 576 783 0.377\nEXACT_POLYNOMIAL_SUM recoil_derivative 592 783 0.379\nEXACT_POLYNOMIAL_SUM recoil_derivative 608 783 0.381\nEXACT_POLYNOMIAL_SUM recoil_derivative 624 783 0.384\nEXACT_POLYNOMIAL_SUM recoil_derivative 640 783 0.386\nEXACT_POLYNOMIAL_SUM recoil_derivative 656 783 0.388\nEXACT_POLYNOMIAL_SUM recoil_derivative 672 783 0.39\nEXACT_POLYNOMIAL_SUM recoil_derivative 688 783 0.393\nEXACT_POLYNOMIAL_SUM recoil_derivative 704 783 0.395\nEXACT_POLYNOMIAL_SUM recoil_derivative 720 783 0.399\nEXACT_POLYNOMIAL_SUM recoil_derivative 736 783 0.401\nEXACT_POLYNOMIAL_SUM recoil_derivative 752 783 0.403\nEXACT_POLYNOMIAL_SUM recoil_derivative 768 783 0.405\nEXACT_POLYNOMIAL_SUM recoil_derivative 783 783 0.407\nPASS: exact recoil derivative polynomial sum\n"
""
"PASS: ""exact polynomial normalization completed"
"PASS: ""complete normalization backend identity"
"PASS: ""exact existing cancellation gates passed"
"PASS: ""complete physical scalar reconstruction"
"PASS: ""bounded normalized scalar cache"
"PASS: ""exact normalized scalar reload"
"RECOIL_POLYNOMIAL_ACCEPTED seconds "12.142115`7.535839335327989" input_bytes "22083760" output_bytes "1175968" backend_seconds "0.9178626759967301
"PASS: ""{{4, 2, 1}, 1, \"Regular\"} pole -1"
"PASS: ""finite evaluated tensor"
"POLE_ASSEMBLY "{{4, 2, 1}, -1, "Delta"}
"POLE_ASSEMBLY "{{4, 2, 1}, -1, "L0"}
"POLE_ASSEMBLY "{{4, 2, 1}, -1, "L1"}
"POLE_ASSEMBLY "{{4, 2, 1}, -1, "Regular"}
"RECOIL_POLYNOMIAL_BACKEND_START input_bytes "25308856" transfer_bytes "3150613
"EXACT_POLYNOMIAL_SUM recoil_derivative 16 783 0.289\nEXACT_POLYNOMIAL_SUM recoil_derivative 32 783 0.29\nEXACT_POLYNOMIAL_SUM recoil_derivative 48 783 0.292\nEXACT_POLYNOMIAL_SUM recoil_derivative 64 783 0.294\nEXACT_POLYNOMIAL_SUM recoil_derivative 80 783 0.295\nEXACT_POLYNOMIAL_SUM recoil_derivative 96 783 0.298\nEXACT_POLYNOMIAL_SUM recoil_derivative 112 783 0.3\nEXACT_POLYNOMIAL_SUM recoil_derivative 128 783 0.302\nEXACT_POLYNOMIAL_SUM recoil_derivative 144 783 0.304\nEXACT_POLYNOMIAL_SUM recoil_derivative 160 783 0.306\nEXACT_POLYNOMIAL_SUM recoil_derivative 176 783 0.308\nEXACT_POLYNOMIAL_SUM recoil_derivative 192 783 0.31\nEXACT_POLYNOMIAL_SUM recoil_derivative 208 783 0.312\nEXACT_POLYNOMIAL_SUM recoil_derivative 224 783 0.315\nEXACT_POLYNOMIAL_SUM recoil_derivative 240 783 0.317\nEXACT_POLYNOMIAL_SUM recoil_derivative 256 783 0.319\nEXACT_POLYNOMIAL_SUM recoil_derivative 272 783 0.321\nEXACT_POLYNOMIAL_SUM recoil_derivative 288 783 0.323\nEXACT_POLYNOMIAL_SUM recoil_derivative 304 783 0.325\nEXACT_POLYNOMIAL_SUM recoil_derivative 320 783 0.327\nEXACT_POLYNOMIAL_SUM recoil_derivative 336 783 0.329\nEXACT_POLYNOMIAL_SUM recoil_derivative 352 783 0.331\nEXACT_POLYNOMIAL_SUM recoil_derivative 368 783 0.333\nEXACT_POLYNOMIAL_SUM recoil_derivative 384 783 0.335\nEXACT_POLYNOMIAL_SUM recoil_derivative 400 783 0.337\nEXACT_POLYNOMIAL_SUM recoil_derivative 416 783 0.338\nEXACT_POLYNOMIAL_SUM recoil_derivative 432 783 0.34\nEXACT_POLYNOMIAL_SUM recoil_derivative 448 783 0.341\nEXACT_POLYNOMIAL_SUM recoil_derivative 464 783 0.343\nEXACT_POLYNOMIAL_SUM recoil_derivative 480 783 0.345\nEXACT_POLYNOMIAL_SUM recoil_derivative 496 783 0.347\nEXACT_POLYNOMIAL_SUM recoil_derivative 512 783 0.349\nEXACT_POLYNOMIAL_SUM recoil_derivative 528 783 0.351\nEXACT_POLYNOMIAL_SUM recoil_derivative 544 783 0.352\nEXACT_POLYNOMIAL_SUM recoil_derivative 560 783 0.354\nEXACT_POLYNOMIAL_SUM recoil_derivative 576 783 0.356\nEXACT_POLYNOMIAL_SUM recoil_derivative 592 783 0.358\nEXACT_POLYNOMIAL_SUM recoil_derivative 608 783 0.359\nEXACT_POLYNOMIAL_SUM recoil_derivative 624 783 0.361\nEXACT_POLYNOMIAL_SUM recoil_derivative 640 783 0.363\nEXACT_POLYNOMIAL_SUM recoil_derivative 656 783 0.366\nEXACT_POLYNOMIAL_SUM recoil_derivative 672 783 0.368\nEXACT_POLYNOMIAL_SUM recoil_derivative 688 783 0.37\nEXACT_POLYNOMIAL_SUM recoil_derivative 704 783 0.372\nEXACT_POLYNOMIAL_SUM recoil_derivative 720 783 0.374\nEXACT_POLYNOMIAL_SUM recoil_derivative 736 783 0.377\nEXACT_POLYNOMIAL_SUM recoil_derivative 752 783 0.378\nEXACT_POLYNOMIAL_SUM recoil_derivative 768 783 0.381\nEXACT_POLYNOMIAL_SUM recoil_derivative 783 783 0.382\nPASS: exact recoil derivative polynomial sum\n"
""
"RECOIL_POLYNOMIAL_ACCEPTED seconds "13.00464`7.565643327868891" input_bytes "25308856" output_bytes "1323832" backend_seconds "0.8625105539977085
"PASS: ""{{4, 2, 1}, -1, \"Regular\"} pole -1"
"PASS: ""real endpoint branches share a boundary"
"POLE_ASSEMBLY "{{4, 2, 1}, 0, "Delta"}
"POLE_ASSEMBLY "{{4, 2, 1}, 0, "L0"}
"POLE_ASSEMBLY "{{4, 2, 1}, 0, "L1"}
"POLE_ASSEMBLY "{{4, 2, 1}, 0, "Regular"}
"RECOIL_POLYNOMIAL_BACKEND_START input_bytes "1410016" transfer_bytes "194354
"EXACT_POLYNOMIAL_SUM recoil_derivative 16 237 0.027\nEXACT_POLYNOMIAL_SUM recoil_derivative 32 237 0.028\nEXACT_POLYNOMIAL_SUM recoil_derivative 48 237 0.028\nEXACT_POLYNOMIAL_SUM recoil_derivative 64 237 0.028\nEXACT_POLYNOMIAL_SUM recoil_derivative 80 237 0.029\nEXACT_POLYNOMIAL_SUM recoil_derivative 96 237 0.029\nEXACT_POLYNOMIAL_SUM recoil_derivative 112 237 0.029\nEXACT_POLYNOMIAL_SUM recoil_derivative 128 237 0.03\nEXACT_POLYNOMIAL_SUM recoil_derivative 144 237 0.03\nEXACT_POLYNOMIAL_SUM recoil_derivative 160 237 0.03\nEXACT_POLYNOMIAL_SUM recoil_derivative 176 237 0.03\nEXACT_POLYNOMIAL_SUM recoil_derivative 192 237 0.031\nEXACT_POLYNOMIAL_SUM recoil_derivative 208 237 0.031\nEXACT_POLYNOMIAL_SUM recoil_derivative 224 237 0.031\nEXACT_POLYNOMIAL_SUM recoil_derivative 237 237 0.031\nPASS: exact recoil derivative polynomial sum\n"
""
"RECOIL_POLYNOMIAL_ACCEPTED seconds "2.814069`6.90087973547596" input_bytes "1410016" output_bytes "252720" backend_seconds "0.08272205899993423
"PASS: ""{{4, 2, 1}, 0, \"Regular\"} pole -1"
"PASS: ""finite physical component"
"FINITE_COMPONENT_MEMORY "{4, 2, 1}" before "4305788872" after "4376132360
"POLE_ASSEMBLY "{{4, 2, 2}, 1, "Delta"}
"PASS: ""finite symbolic input parts"
"PASS: ""evaluated Laurent polynomial"
"PASS: ""finite evaluated tensor"
"POLE_ASSEMBLY "{{4, 2, 2}, 1, "L0"}
"POLE_ASSEMBLY "{{4, 2, 2}, 1, "L1"}
"PASS: ""integer finite Laurent support"
"PASS: ""complete Laurent polynomial"
"PASS: ""regulator-independent Laurent coefficients"
"PASS: ""exact Laurent polynomial reconstruction"
"PASS: ""phase kernel has no truncated input series"
"PASS: ""reference phase product evaluated"
"POLE_ASSEMBLY "{{4, 2, 2}, 1, "Regular"}
"PASS: ""accepted exact polynomial backend retained"
"PASS: ""entire finite sum exactly decomposed"
"PASS: ""raw scalar ratio exactly reconstructs"
"PASS: ""unassigned algebraic input generators"
"PASS: ""algebraic generators preserve the exact input"
"PASS: ""complete rational polynomial support"
"PASS: ""unassigned polynomial transfer generators"
"PASS: ""complete polynomial transfer text reconstructs"
"PASS: ""exact native polynomial JSON transfer"
"RECOIL_POLYNOMIAL_BACKEND_START input_bytes "31099744" transfer_bytes "4329894
"EXACT_POLYNOMIAL_SUM recoil_derivative 16 1102 0.418\nEXACT_POLYNOMIAL_SUM recoil_derivative 32 1102 0.419\nEXACT_POLYNOMIAL_SUM recoil_derivative 48 1102 0.425\nEXACT_POLYNOMIAL_SUM recoil_derivative 64 1102 0.428\nEXACT_POLYNOMIAL_SUM recoil_derivative 80 1102 0.431\nEXACT_POLYNOMIAL_SUM recoil_derivative 96 1102 0.433\nEXACT_POLYNOMIAL_SUM recoil_derivative 112 1102 0.436\nEXACT_POLYNOMIAL_SUM recoil_derivative 128 1102 0.439\nEXACT_POLYNOMIAL_SUM recoil_derivative 144 1102 0.442\nEXACT_POLYNOMIAL_SUM recoil_derivative 160 1102 0.445\nEXACT_POLYNOMIAL_SUM recoil_derivative 176 1102 0.448\nEXACT_POLYNOMIAL_SUM recoil_derivative 192 1102 0.451\nEXACT_POLYNOMIAL_SUM recoil_derivative 208 1102 0.454\nEXACT_POLYNOMIAL_SUM recoil_derivative 224 1102 0.457\nEXACT_POLYNOMIAL_SUM recoil_derivative 240 1102 0.46\nEXACT_POLYNOMIAL_SUM recoil_derivative 256 1102 0.466\nEXACT_POLYNOMIAL_SUM recoil_derivative 272 1102 0.47\nEXACT_POLYNOMIAL_SUM recoil_derivative 288 1102 0.472\nEXACT_POLYNOMIAL_SUM recoil_derivative 304 1102 0.475\nEXACT_POLYNOMIAL_SUM recoil_derivative 320 1102 0.478\nEXACT_POLYNOMIAL_SUM recoil_derivative 336 1102 0.481\nEXACT_POLYNOMIAL_SUM recoil_derivative 352 1102 0.484\nEXACT_POLYNOMIAL_SUM recoil_derivative 368 1102 0.487\nEXACT_POLYNOMIAL_SUM recoil_derivative 384 1102 0.49\nEXACT_POLYNOMIAL_SUM recoil_derivative 400 1102 0.492\nEXACT_POLYNOMIAL_SUM recoil_derivative 416 1102 0.495\nEXACT_POLYNOMIAL_SUM recoil_derivative 432 1102 0.498\nEXACT_POLYNOMIAL_SUM recoil_derivative 448 1102 0.502\nEXACT_POLYNOMIAL_SUM recoil_derivative 464 1102 0.504\nEXACT_POLYNOMIAL_SUM recoil_derivative 480 1102 0.507\nEXACT_POLYNOMIAL_SUM recoil_derivative 496 1102 0.51\nEXACT_POLYNOMIAL_SUM recoil_derivative 512 1102 0.513\nEXACT_POLYNOMIAL_SUM recoil_derivative 528 1102 0.515\nEXACT_POLYNOMIAL_SUM recoil_derivative 544 1102 0.518\nEXACT_POLYNOMIAL_SUM recoil_derivative 560 1102 0.521\nEXACT_POLYNOMIAL_SUM recoil_derivative 576 1102 0.523\nEXACT_POLYNOMIAL_SUM recoil_derivative 592 1102 0.526\nEXACT_POLYNOMIAL_SUM recoil_derivative 608 1102 0.529\nEXACT_POLYNOMIAL_SUM recoil_derivative 624 1102 0.531\nEXACT_POLYNOMIAL_SUM recoil_derivative 640 1102 0.534\nEXACT_POLYNOMIAL_SUM recoil_derivative 656 1102 0.537\nEXACT_POLYNOMIAL_SUM recoil_derivative 672 1102 0.539\nEXACT_POLYNOMIAL_SUM recoil_derivative 688 1102 0.542\nEXACT_POLYNOMIAL_SUM recoil_derivative 704 1102 0.544\nEXACT_POLYNOMIAL_SUM recoil_derivative 720 1102 0.547\nEXACT_POLYNOMIAL_SUM recoil_derivative 736 1102 0.549\nEXACT_POLYNOMIAL_SUM recoil_derivative 752 1102 0.552\nEXACT_POLYNOMIAL_SUM recoil_derivative 768 1102 0.554\nEXACT_POLYNOMIAL_SUM recoil_derivative 784 1102 0.557\nEXACT_POLYNOMIAL_SUM recoil_derivative 800 1102 0.56\nEXACT_POLYNOMIAL_SUM recoil_derivative 816 1102 0.562\nEXACT_POLYNOMIAL_SUM recoil_derivative 832 1102 0.565\nEXACT_POLYNOMIAL_SUM recoil_derivative 848 1102 0.567\nEXACT_POLYNOMIAL_SUM recoil_derivative 864 1102 0.574\nEXACT_POLYNOMIAL_SUM recoil_derivative 880 1102 0.577\nEXACT_POLYNOMIAL_SUM recoil_derivative 896 1102 0.579\nEXACT_POLYNOMIAL_SUM recoil_derivative 912 1102 0.582\nEXACT_POLYNOMIAL_SUM recoil_derivative 928 1102 0.584\nEXACT_POLYNOMIAL_SUM recoil_derivative 944 1102 0.588\nEXACT_POLYNOMIAL_SUM recoil_derivative 960 1102 0.591\nEXACT_POLYNOMIAL_SUM recoil_derivative 976 1102 0.594\nEXACT_POLYNOMIAL_SUM recoil_derivative 992 1102 0.596\nEXACT_POLYNOMIAL_SUM recoil_derivative 1008 1102 0.601\nEXACT_POLYNOMIAL_SUM recoil_derivative 1024 1102 0.603\nEXACT_POLYNOMIAL_SUM recoil_derivative 1040 1102 0.606\nEXACT_POLYNOMIAL_SUM recoil_derivative 1056 1102 0.61\nEXACT_POLYNOMIAL_SUM recoil_derivative 1072 1102 0.613\nEXACT_POLYNOMIAL_SUM recoil_derivative 1088 1102 0.616\nEXACT_POLYNOMIAL_SUM recoil_derivative 1102 1102 0.619\nPASS: exact recoil derivative polynomial sum\n"
""
"PASS: ""exact polynomial normalization completed"
"PASS: ""complete normalization backend identity"
"PASS: ""exact existing cancellation gates passed"
"PASS: ""complete physical scalar reconstruction"
"PASS: ""bounded normalized scalar cache"
"PASS: ""exact normalized scalar reload"
"RECOIL_POLYNOMIAL_ACCEPTED seconds "15.454183`7.640591044113646" input_bytes "31099744" output_bytes "1056016" backend_seconds "1.3204162640031427
"PASS: ""{{4, 2, 2}, 1, \"Regular\"} pole -1"
"POLE_ASSEMBLY "{{4, 2, 2}, -1, "Delta"}
"POLE_ASSEMBLY "{{4, 2, 2}, -1, "L0"}
"POLE_ASSEMBLY "{{4, 2, 2}, -1, "L1"}
"POLE_ASSEMBLY "{{4, 2, 2}, -1, "Regular"}
"RECOIL_POLYNOMIAL_BACKEND_START input_bytes "35316304" transfer_bytes "4329890
"EXACT_POLYNOMIAL_SUM recoil_derivative 16 1102 0.404\nEXACT_POLYNOMIAL_SUM recoil_derivative 32 1102 0.405\nEXACT_POLYNOMIAL_SUM recoil_derivative 48 1102 0.408\nEXACT_POLYNOMIAL_SUM recoil_derivative 64 1102 0.411\nEXACT_POLYNOMIAL_SUM recoil_derivative 80 1102 0.413\nEXACT_POLYNOMIAL_SUM recoil_derivative 96 1102 0.418\nEXACT_POLYNOMIAL_SUM recoil_derivative 112 1102 0.421\nEXACT_POLYNOMIAL_SUM recoil_derivative 128 1102 0.424\nEXACT_POLYNOMIAL_SUM recoil_derivative 144 1102 0.427\nEXACT_POLYNOMIAL_SUM recoil_derivative 160 1102 0.43\nEXACT_POLYNOMIAL_SUM recoil_derivative 176 1102 0.432\nEXACT_POLYNOMIAL_SUM recoil_derivative 192 1102 0.435\nEXACT_POLYNOMIAL_SUM recoil_derivative 208 1102 0.438\nEXACT_POLYNOMIAL_SUM recoil_derivative 224 1102 0.441\nEXACT_POLYNOMIAL_SUM recoil_derivative 240 1102 0.444\nEXACT_POLYNOMIAL_SUM recoil_derivative 256 1102 0.447\nEXACT_POLYNOMIAL_SUM recoil_derivative 272 1102 0.45\nEXACT_POLYNOMIAL_SUM recoil_derivative 288 1102 0.452\nEXACT_POLYNOMIAL_SUM recoil_derivative 304 1102 0.456\nEXACT_POLYNOMIAL_SUM recoil_derivative 320 1102 0.459\nEXACT_POLYNOMIAL_SUM recoil_derivative 336 1102 0.462\nEXACT_POLYNOMIAL_SUM recoil_derivative 352 1102 0.465\nEXACT_POLYNOMIAL_SUM recoil_derivative 368 1102 0.468\nEXACT_POLYNOMIAL_SUM recoil_derivative 384 1102 0.47\nEXACT_POLYNOMIAL_SUM recoil_derivative 400 1102 0.473\nEXACT_POLYNOMIAL_SUM recoil_derivative 416 1102 0.476\nEXACT_POLYNOMIAL_SUM recoil_derivative 432 1102 0.479\nEXACT_POLYNOMIAL_SUM recoil_derivative 448 1102 0.482\nEXACT_POLYNOMIAL_SUM recoil_derivative 464 1102 0.485\nEXACT_POLYNOMIAL_SUM recoil_derivative 480 1102 0.488\nEXACT_POLYNOMIAL_SUM recoil_derivative 496 1102 0.49\nEXACT_POLYNOMIAL_SUM recoil_derivative 512 1102 0.493\nEXACT_POLYNOMIAL_SUM recoil_derivative 528 1102 0.496\nEXACT_POLYNOMIAL_SUM recoil_derivative 544 1102 0.498\nEXACT_POLYNOMIAL_SUM recoil_derivative 560 1102 0.501\nEXACT_POLYNOMIAL_SUM recoil_derivative 576 1102 0.504\nEXACT_POLYNOMIAL_SUM recoil_derivative 592 1102 0.506\nEXACT_POLYNOMIAL_SUM recoil_derivative 608 1102 0.509\nEXACT_POLYNOMIAL_SUM recoil_derivative 624 1102 0.511\nEXACT_POLYNOMIAL_SUM recoil_derivative 640 1102 0.514\nEXACT_POLYNOMIAL_SUM recoil_derivative 656 1102 0.516\nEXACT_POLYNOMIAL_SUM recoil_derivative 672 1102 0.519\nEXACT_POLYNOMIAL_SUM recoil_derivative 688 1102 0.521\nEXACT_POLYNOMIAL_SUM recoil_derivative 704 1102 0.524\nEXACT_POLYNOMIAL_SUM recoil_derivative 720 1102 0.526\nEXACT_POLYNOMIAL_SUM recoil_derivative 736 1102 0.529\nEXACT_POLYNOMIAL_SUM recoil_derivative 752 1102 0.531\nEXACT_POLYNOMIAL_SUM recoil_derivative 768 1102 0.534\nEXACT_POLYNOMIAL_SUM recoil_derivative 784 1102 0.536\nEXACT_POLYNOMIAL_SUM recoil_derivative 800 1102 0.539\nEXACT_POLYNOMIAL_SUM recoil_derivative 816 1102 0.541\nEXACT_POLYNOMIAL_SUM recoil_derivative 832 1102 0.544\nEXACT_POLYNOMIAL_SUM recoil_derivative 848 1102 0.55\nEXACT_POLYNOMIAL_SUM recoil_derivative 864 1102 0.554\nEXACT_POLYNOMIAL_SUM recoil_derivative 880 1102 0.558\nEXACT_POLYNOMIAL_SUM recoil_derivative 896 1102 0.56\nEXACT_POLYNOMIAL_SUM recoil_derivative 912 1102 0.563\nEXACT_POLYNOMIAL_SUM recoil_derivative 928 1102 0.566\nEXACT_POLYNOMIAL_SUM recoil_derivative 944 1102 0.569\nEXACT_POLYNOMIAL_SUM recoil_derivative 960 1102 0.571\nEXACT_POLYNOMIAL_SUM recoil_derivative 976 1102 0.574\nEXACT_POLYNOMIAL_SUM recoil_derivative 992 1102 0.576\nEXACT_POLYNOMIAL_SUM recoil_derivative 1008 1102 0.581\nEXACT_POLYNOMIAL_SUM recoil_derivative 1024 1102 0.584\nEXACT_POLYNOMIAL_SUM recoil_derivative 1040 1102 0.587\nEXACT_POLYNOMIAL_SUM recoil_derivative 1056 1102 0.59\nEXACT_POLYNOMIAL_SUM recoil_derivative 1072 1102 0.593\nEXACT_POLYNOMIAL_SUM recoil_derivative 1088 1102 0.596\nEXACT_POLYNOMIAL_SUM recoil_derivative 1102 1102 0.599\nPASS: exact recoil derivative polynomial sum\n"
""
"RECOIL_POLYNOMIAL_ACCEPTED seconds "15.982119`7.65517935351757" input_bytes "35316304" output_bytes "1190920" backend_seconds "1.251174593999167
"PASS: ""{{4, 2, 2}, -1, \"Regular\"} pole -1"
"PASS: ""real endpoint branches share a boundary"
"POLE_ASSEMBLY "{{4, 2, 2}, 0, "Delta"}
"POLE_ASSEMBLY "{{4, 2, 2}, 0, "L0"}
"POLE_ASSEMBLY "{{4, 2, 2}, 0, "L1"}
"POLE_ASSEMBLY "{{4, 2, 2}, 0, "Regular"}
"RECOIL_POLYNOMIAL_BACKEND_START input_bytes "1833536" transfer_bytes "256412
"EXACT_POLYNOMIAL_SUM recoil_derivative 16 257 0.027\nEXACT_POLYNOMIAL_SUM recoil_derivative 32 257 0.027\nEXACT_POLYNOMIAL_SUM recoil_derivative 48 257 0.027\nEXACT_POLYNOMIAL_SUM recoil_derivative 64 257 0.028\nEXACT_POLYNOMIAL_SUM recoil_derivative 80 257 0.028\nEXACT_POLYNOMIAL_SUM recoil_derivative 96 257 0.028\nEXACT_POLYNOMIAL_SUM recoil_derivative 112 257 0.028\nEXACT_POLYNOMIAL_SUM recoil_derivative 128 257 0.029\nEXACT_POLYNOMIAL_SUM recoil_derivative 144 257 0.029\nEXACT_POLYNOMIAL_SUM recoil_derivative 160 257 0.029\nEXACT_POLYNOMIAL_SUM recoil_derivative 176 257 0.029\nEXACT_POLYNOMIAL_SUM recoil_derivative 192 257 0.03\nEXACT_POLYNOMIAL_SUM recoil_derivative 208 257 0.03\nEXACT_POLYNOMIAL_SUM recoil_derivative 224 257 0.03\nEXACT_POLYNOMIAL_SUM recoil_derivative 240 257 0.031\nEXACT_POLYNOMIAL_SUM recoil_derivative 256 257 0.031\nEXACT_POLYNOMIAL_SUM recoil_derivative 257 257 0.031\nPASS: exact recoil derivative polynomial sum\n"
""
"RECOIL_POLYNOMIAL_ACCEPTED seconds "2.797652`6.8983386851102795" input_bytes "1833536" output_bytes "244344" backend_seconds "0.07324490600149147
"PASS: ""{{4, 2, 2}, 0, \"Regular\"} pole -1"
"PASS: ""finite physical component"
"FINITE_COMPONENT_MEMORY "{4, 2, 2}" before "4376132256" after "4390648848
"POLE_ASSEMBLY "{{4, 2, 3}, 1, "Delta"}
"PASS: ""finite symbolic input parts"
"PASS: ""evaluated Laurent polynomial"
"PASS: ""finite evaluated tensor"
"POLE_ASSEMBLY "{{4, 2, 3}, 1, "L0"}
"POLE_ASSEMBLY "{{4, 2, 3}, 1, "L1"}
"POLE_ASSEMBLY "{{4, 2, 3}, 1, "Regular"}
"POLE_ASSEMBLY "{{4, 2, 3}, -1, "Delta"}
"POLE_ASSEMBLY "{{4, 2, 3}, -1, "L0"}
"POLE_ASSEMBLY "{{4, 2, 3}, -1, "L1"}
"POLE_ASSEMBLY "{{4, 2, 3}, -1, "Regular"}
"PASS: ""real endpoint branches share a boundary"
"POLE_ASSEMBLY "{{4, 2, 3}, 0, "Delta"}
"POLE_ASSEMBLY "{{4, 2, 3}, 0, "L0"}
"POLE_ASSEMBLY "{{4, 2, 3}, 0, "L1"}
"POLE_ASSEMBLY "{{4, 2, 3}, 0, "Regular"}
"PASS: ""finite physical component"
"FINITE_COMPONENT_MEMORY "{4, 2, 3}" before "4390648744" after "4390651928
"POLE_ASSEMBLY "{{4, 2, 4}, 1, "Delta"}
"PASS: ""finite symbolic input parts"
"PASS: ""evaluated Laurent polynomial"
"PASS: ""finite evaluated tensor"
"POLE_ASSEMBLY "{{4, 2, 4}, 1, "L0"}
"POLE_ASSEMBLY "{{4, 2, 4}, 1, "L1"}
"POLE_ASSEMBLY "{{4, 2, 4}, 1, "Regular"}
"POLE_ASSEMBLY "{{4, 2, 4}, -1, "Delta"}
"POLE_ASSEMBLY "{{4, 2, 4}, -1, "L0"}
"POLE_ASSEMBLY "{{4, 2, 4}, -1, "L1"}
"POLE_ASSEMBLY "{{4, 2, 4}, -1, "Regular"}
"PASS: ""real endpoint branches share a boundary"
"POLE_ASSEMBLY "{{4, 2, 4}, 0, "Delta"}
"POLE_ASSEMBLY "{{4, 2, 4}, 0, "L0"}
"POLE_ASSEMBLY "{{4, 2, 4}, 0, "L1"}
"POLE_ASSEMBLY "{{4, 2, 4}, 0, "Regular"}
"PASS: ""finite physical component"
"FINITE_COMPONENT_MEMORY "{4, 2, 4}" before "4390651824" after "4390655072
"POLE_ASSEMBLY "{{4, 3, 1}, 1, "Delta"}
"PASS: ""finite symbolic input parts"
"PASS: ""evaluated Laurent polynomial"
"PASS: ""finite evaluated tensor"
"POLE_ASSEMBLY "{{4, 3, 1}, 1, "L0"}
"POLE_ASSEMBLY "{{4, 3, 1}, 1, "L1"}
"POLE_ASSEMBLY "{{4, 3, 1}, 1, "Regular"}
"POLE_ASSEMBLY "{{4, 3, 1}, -1, "Delta"}
"POLE_ASSEMBLY "{{4, 3, 1}, -1, "L0"}
"POLE_ASSEMBLY "{{4, 3, 1}, -1, "L1"}
"POLE_ASSEMBLY "{{4, 3, 1}, -1, "Regular"}
"PASS: ""real endpoint branches share a boundary"
"POLE_ASSEMBLY "{{4, 3, 1}, 0, "Delta"}
"POLE_ASSEMBLY "{{4, 3, 1}, 0, "L0"}
"POLE_ASSEMBLY "{{4, 3, 1}, 0, "L1"}
"POLE_ASSEMBLY "{{4, 3, 1}, 0, "Regular"}
"PASS: ""finite physical component"
"FINITE_COMPONENT_MEMORY "{4, 3, 1}" before "4390654968" after "4390658216
"POLE_ASSEMBLY "{{4, 3, 2}, 1, "Delta"}
"PASS: ""finite symbolic input parts"
"PASS: ""evaluated Laurent polynomial"
"PASS: ""finite evaluated tensor"
"POLE_ASSEMBLY "{{4, 3, 2}, 1, "L0"}
"POLE_ASSEMBLY "{{4, 3, 2}, 1, "L1"}
"POLE_ASSEMBLY "{{4, 3, 2}, 1, "Regular"}
"POLE_ASSEMBLY "{{4, 3, 2}, -1, "Delta"}
"POLE_ASSEMBLY "{{4, 3, 2}, -1, "L0"}
"POLE_ASSEMBLY "{{4, 3, 2}, -1, "L1"}
"POLE_ASSEMBLY "{{4, 3, 2}, -1, "Regular"}
"PASS: ""real endpoint branches share a boundary"
"POLE_ASSEMBLY "{{4, 3, 2}, 0, "Delta"}
"POLE_ASSEMBLY "{{4, 3, 2}, 0, "L0"}
"POLE_ASSEMBLY "{{4, 3, 2}, 0, "L1"}
"POLE_ASSEMBLY "{{4, 3, 2}, 0, "Regular"}
"PASS: ""finite physical component"
"FINITE_COMPONENT_MEMORY "{4, 3, 2}" before "4390658112" after "4390661360
"POLE_ASSEMBLY "{{4, 3, 3}, 1, "Delta"}
"PASS: ""finite symbolic input parts"
"PASS: ""evaluated Laurent polynomial"
"PASS: ""finite evaluated tensor"
"POLE_ASSEMBLY "{{4, 3, 3}, 1, "L0"}
"POLE_ASSEMBLY "{{4, 3, 3}, 1, "L1"}
"PASS: ""integer finite Laurent support"
"PASS: ""complete Laurent polynomial"
"PASS: ""regulator-independent Laurent coefficients"
"PASS: ""exact Laurent polynomial reconstruction"
"PASS: ""phase kernel has no truncated input series"
"PASS: ""reference phase product evaluated"
"POLE_ASSEMBLY "{{4, 3, 3}, 1, "Regular"}
"PASS: ""accepted exact polynomial backend retained"
"PASS: ""entire finite sum exactly decomposed"
"PASS: ""raw scalar ratio exactly reconstructs"
"PASS: ""unassigned algebraic input generators"
"PASS: ""algebraic generators preserve the exact input"
"PASS: ""complete rational polynomial support"
"PASS: ""unassigned polynomial transfer generators"
"PASS: ""complete polynomial transfer text reconstructs"
"PASS: ""exact native polynomial JSON transfer"
"RECOIL_POLYNOMIAL_BACKEND_START input_bytes "31027560" transfer_bytes "4319699
"EXACT_POLYNOMIAL_SUM recoil_derivative 16 1100 0.407\nEXACT_POLYNOMIAL_SUM recoil_derivative 32 1100 0.408\nEXACT_POLYNOMIAL_SUM recoil_derivative 48 1100 0.411\nEXACT_POLYNOMIAL_SUM recoil_derivative 64 1100 0.414\nEXACT_POLYNOMIAL_SUM recoil_derivative 80 1100 0.417\nEXACT_POLYNOMIAL_SUM recoil_derivative 96 1100 0.419\nEXACT_POLYNOMIAL_SUM recoil_derivative 112 1100 0.422\nEXACT_POLYNOMIAL_SUM recoil_derivative 128 1100 0.425\nEXACT_POLYNOMIAL_SUM recoil_derivative 144 1100 0.428\nEXACT_POLYNOMIAL_SUM recoil_derivative 160 1100 0.431\nEXACT_POLYNOMIAL_SUM recoil_derivative 176 1100 0.434\nEXACT_POLYNOMIAL_SUM recoil_derivative 192 1100 0.437\nEXACT_POLYNOMIAL_SUM recoil_derivative 208 1100 0.44\nEXACT_POLYNOMIAL_SUM recoil_derivative 224 1100 0.443\nEXACT_POLYNOMIAL_SUM recoil_derivative 240 1100 0.446\nEXACT_POLYNOMIAL_SUM recoil_derivative 256 1100 0.448\nEXACT_POLYNOMIAL_SUM recoil_derivative 272 1100 0.451\nEXACT_POLYNOMIAL_SUM recoil_derivative 288 1100 0.454\nEXACT_POLYNOMIAL_SUM recoil_derivative 304 1100 0.457\nEXACT_POLYNOMIAL_SUM recoil_derivative 320 1100 0.461\nEXACT_POLYNOMIAL_SUM recoil_derivative 336 1100 0.464\nEXACT_POLYNOMIAL_SUM recoil_derivative 352 1100 0.467\nEXACT_POLYNOMIAL_SUM recoil_derivative 368 1100 0.469\nEXACT_POLYNOMIAL_SUM recoil_derivative 384 1100 0.472\nEXACT_POLYNOMIAL_SUM recoil_derivative 400 1100 0.475\nEXACT_POLYNOMIAL_SUM recoil_derivative 416 1100 0.477\nEXACT_POLYNOMIAL_SUM recoil_derivative 432 1100 0.48\nEXACT_POLYNOMIAL_SUM recoil_derivative 448 1100 0.483\nEXACT_POLYNOMIAL_SUM recoil_derivative 464 1100 0.489\nEXACT_POLYNOMIAL_SUM recoil_derivative 480 1100 0.495\nEXACT_POLYNOMIAL_SUM recoil_derivative 496 1100 0.5\nEXACT_POLYNOMIAL_SUM recoil_derivative 512 1100 0.503\nEXACT_POLYNOMIAL_SUM recoil_derivative 528 1100 0.508\nEXACT_POLYNOMIAL_SUM recoil_derivative 544 1100 0.511\nEXACT_POLYNOMIAL_SUM recoil_derivative 560 1100 0.513\nEXACT_POLYNOMIAL_SUM recoil_derivative 576 1100 0.516\nEXACT_POLYNOMIAL_SUM recoil_derivative 592 1100 0.518\nEXACT_POLYNOMIAL_SUM recoil_derivative 608 1100 0.521\nEXACT_POLYNOMIAL_SUM recoil_derivative 624 1100 0.524\nEXACT_POLYNOMIAL_SUM recoil_derivative 640 1100 0.527\nEXACT_POLYNOMIAL_SUM recoil_derivative 656 1100 0.529\nEXACT_POLYNOMIAL_SUM recoil_derivative 672 1100 0.532\nEXACT_POLYNOMIAL_SUM recoil_derivative 688 1100 0.534\nEXACT_POLYNOMIAL_SUM recoil_derivative 704 1100 0.537\nEXACT_POLYNOMIAL_SUM recoil_derivative 720 1100 0.539\nEXACT_POLYNOMIAL_SUM recoil_derivative 736 1100 0.542\nEXACT_POLYNOMIAL_SUM recoil_derivative 752 1100 0.544\nEXACT_POLYNOMIAL_SUM recoil_derivative 768 1100 0.547\nEXACT_POLYNOMIAL_SUM recoil_derivative 784 1100 0.549\nEXACT_POLYNOMIAL_SUM recoil_derivative 800 1100 0.551\nEXACT_POLYNOMIAL_SUM recoil_derivative 816 1100 0.554\nEXACT_POLYNOMIAL_SUM recoil_derivative 832 1100 0.556\nEXACT_POLYNOMIAL_SUM recoil_derivative 848 1100 0.559\nEXACT_POLYNOMIAL_SUM recoil_derivative 864 1100 0.562\nEXACT_POLYNOMIAL_SUM recoil_derivative 880 1100 0.565\nEXACT_POLYNOMIAL_SUM recoil_derivative 896 1100 0.567\nEXACT_POLYNOMIAL_SUM recoil_derivative 912 1100 0.57\nEXACT_POLYNOMIAL_SUM recoil_derivative 928 1100 0.573\nEXACT_POLYNOMIAL_SUM recoil_derivative 944 1100 0.575\nEXACT_POLYNOMIAL_SUM recoil_derivative 960 1100 0.578\nEXACT_POLYNOMIAL_SUM recoil_derivative 976 1100 0.581\nEXACT_POLYNOMIAL_SUM recoil_derivative 992 1100 0.583\nEXACT_POLYNOMIAL_SUM recoil_derivative 1008 1100 0.59\nEXACT_POLYNOMIAL_SUM recoil_derivative 1024 1100 0.593\nEXACT_POLYNOMIAL_SUM recoil_derivative 1040 1100 0.595\nEXACT_POLYNOMIAL_SUM recoil_derivative 1056 1100 0.598\nEXACT_POLYNOMIAL_SUM recoil_derivative 1072 1100 0.602\nEXACT_POLYNOMIAL_SUM recoil_derivative 1088 1100 0.604\nEXACT_POLYNOMIAL_SUM recoil_derivative 1100 1100 0.606\nPASS: exact recoil derivative polynomial sum\n"
""
"PASS: ""exact polynomial normalization completed"
"PASS: ""complete normalization backend identity"
"PASS: ""exact existing cancellation gates passed"
"PASS: ""complete physical scalar reconstruction"
"PASS: ""bounded normalized scalar cache"
"PASS: ""exact normalized scalar reload"
"RECOIL_POLYNOMIAL_ACCEPTED seconds "15.160946`7.632271294380527" input_bytes "31027560" output_bytes "1054216" backend_seconds "1.2381634609992034
"PASS: ""{{4, 3, 3}, 1, \"Regular\"} pole -1"
"POLE_ASSEMBLY "{{4, 3, 3}, -1, "Delta"}
"POLE_ASSEMBLY "{{4, 3, 3}, -1, "L0"}
"POLE_ASSEMBLY "{{4, 3, 3}, -1, "L1"}
"POLE_ASSEMBLY "{{4, 3, 3}, -1, "Regular"}
"RECOIL_POLYNOMIAL_BACKEND_START input_bytes "35234040" transfer_bytes "4319695
"EXACT_POLYNOMIAL_SUM recoil_derivative 16 1100 0.399\nEXACT_POLYNOMIAL_SUM recoil_derivative 32 1100 0.402\nEXACT_POLYNOMIAL_SUM recoil_derivative 48 1100 0.404\nEXACT_POLYNOMIAL_SUM recoil_derivative 64 1100 0.407\nEXACT_POLYNOMIAL_SUM recoil_derivative 80 1100 0.41\nEXACT_POLYNOMIAL_SUM recoil_derivative 96 1100 0.413\nEXACT_POLYNOMIAL_SUM recoil_derivative 112 1100 0.416\nEXACT_POLYNOMIAL_SUM recoil_derivative 128 1100 0.419\nEXACT_POLYNOMIAL_SUM recoil_derivative 144 1100 0.422\nEXACT_POLYNOMIAL_SUM recoil_derivative 160 1100 0.426\nEXACT_POLYNOMIAL_SUM recoil_derivative 176 1100 0.43\nEXACT_POLYNOMIAL_SUM recoil_derivative 192 1100 0.433\nEXACT_POLYNOMIAL_SUM recoil_derivative 208 1100 0.436\nEXACT_POLYNOMIAL_SUM recoil_derivative 224 1100 0.44\nEXACT_POLYNOMIAL_SUM recoil_derivative 240 1100 0.446\nEXACT_POLYNOMIAL_SUM recoil_derivative 256 1100 0.45\nEXACT_POLYNOMIAL_SUM recoil_derivative 272 1100 0.453\nEXACT_POLYNOMIAL_SUM recoil_derivative 288 1100 0.456\nEXACT_POLYNOMIAL_SUM recoil_derivative 304 1100 0.459\nEXACT_POLYNOMIAL_SUM recoil_derivative 320 1100 0.464\nEXACT_POLYNOMIAL_SUM recoil_derivative 336 1100 0.467\nEXACT_POLYNOMIAL_SUM recoil_derivative 352 1100 0.473\nEXACT_POLYNOMIAL_SUM recoil_derivative 368 1100 0.476\nEXACT_POLYNOMIAL_SUM recoil_derivative 384 1100 0.478\nEXACT_POLYNOMIAL_SUM recoil_derivative 400 1100 0.482\nEXACT_POLYNOMIAL_SUM recoil_derivative 416 1100 0.488\nEXACT_POLYNOMIAL_SUM recoil_derivative 432 1100 0.49\nEXACT_POLYNOMIAL_SUM recoil_derivative 448 1100 0.493\nEXACT_POLYNOMIAL_SUM recoil_derivative 464 1100 0.496\nEXACT_POLYNOMIAL_SUM recoil_derivative 480 1100 0.498\nEXACT_POLYNOMIAL_SUM recoil_derivative 496 1100 0.503\nEXACT_POLYNOMIAL_SUM recoil_derivative 512 1100 0.507\nEXACT_POLYNOMIAL_SUM recoil_derivative 528 1100 0.509\nEXACT_POLYNOMIAL_SUM recoil_derivative 544 1100 0.512\nEXACT_POLYNOMIAL_SUM recoil_derivative 560 1100 0.514\nEXACT_POLYNOMIAL_SUM recoil_derivative 576 1100 0.517\nEXACT_POLYNOMIAL_SUM recoil_derivative 592 1100 0.52\nEXACT_POLYNOMIAL_SUM recoil_derivative 608 1100 0.524\nEXACT_POLYNOMIAL_SUM recoil_derivative 624 1100 0.529\nEXACT_POLYNOMIAL_SUM recoil_derivative 640 1100 0.531\nEXACT_POLYNOMIAL_SUM recoil_derivative 656 1100 0.533\nEXACT_POLYNOMIAL_SUM recoil_derivative 672 1100 0.536\nEXACT_POLYNOMIAL_SUM recoil_derivative 688 1100 0.54\nEXACT_POLYNOMIAL_SUM recoil_derivative 704 1100 0.543\nEXACT_POLYNOMIAL_SUM recoil_derivative 720 1100 0.547\nEXACT_POLYNOMIAL_SUM recoil_derivative 736 1100 0.549\nEXACT_POLYNOMIAL_SUM recoil_derivative 752 1100 0.551\nEXACT_POLYNOMIAL_SUM recoil_derivative 768 1100 0.555\nEXACT_POLYNOMIAL_SUM recoil_derivative 784 1100 0.558\nEXACT_POLYNOMIAL_SUM recoil_derivative 800 1100 0.561\nEXACT_POLYNOMIAL_SUM recoil_derivative 816 1100 0.563\nEXACT_POLYNOMIAL_SUM recoil_derivative 832 1100 0.565\nEXACT_POLYNOMIAL_SUM recoil_derivative 848 1100 0.568\nEXACT_POLYNOMIAL_SUM recoil_derivative 864 1100 0.572\nEXACT_POLYNOMIAL_SUM recoil_derivative 880 1100 0.576\nEXACT_POLYNOMIAL_SUM recoil_derivative 896 1100 0.579\nEXACT_POLYNOMIAL_SUM recoil_derivative 912 1100 0.582\nEXACT_POLYNOMIAL_SUM recoil_derivative 928 1100 0.585\nEXACT_POLYNOMIAL_SUM recoil_derivative 944 1100 0.588\nEXACT_POLYNOMIAL_SUM recoil_derivative 960 1100 0.592\nEXACT_POLYNOMIAL_SUM recoil_derivative 976 1100 0.595\nEXACT_POLYNOMIAL_SUM recoil_derivative 992 1100 0.598\nEXACT_POLYNOMIAL_SUM recoil_derivative 1008 1100 0.604\nEXACT_POLYNOMIAL_SUM recoil_derivative 1024 1100 0.609\nEXACT_POLYNOMIAL_SUM recoil_derivative 1040 1100 0.613\nEXACT_POLYNOMIAL_SUM recoil_derivative 1056 1100 0.616\nEXACT_POLYNOMIAL_SUM recoil_derivative 1072 1100 0.619\nEXACT_POLYNOMIAL_SUM recoil_derivative 1088 1100 0.623\nEXACT_POLYNOMIAL_SUM recoil_derivative 1100 1100 0.625\nPASS: exact recoil derivative polynomial sum\n"
""
"RECOIL_POLYNOMIAL_ACCEPTED seconds "15.868339`7.652076463358127" input_bytes "35234040" output_bytes "1188832" backend_seconds "1.252390055997239
"PASS: ""{{4, 3, 3}, -1, \"Regular\"} pole -1"
"PASS: ""real endpoint branches share a boundary"
"POLE_ASSEMBLY "{{4, 3, 3}, 0, "Delta"}
"POLE_ASSEMBLY "{{4, 3, 3}, 0, "L0"}
"POLE_ASSEMBLY "{{4, 3, 3}, 0, "L1"}
"POLE_ASSEMBLY "{{4, 3, 3}, 0, "Regular"}
"RECOIL_POLYNOMIAL_BACKEND_START input_bytes "1833536" transfer_bytes "256419
"EXACT_POLYNOMIAL_SUM recoil_derivative 16 257 0.025\nEXACT_POLYNOMIAL_SUM recoil_derivative 32 257 0.026\nEXACT_POLYNOMIAL_SUM recoil_derivative 48 257 0.026\nEXACT_POLYNOMIAL_SUM recoil_derivative 64 257 0.027\nEXACT_POLYNOMIAL_SUM recoil_derivative 80 257 0.028\nEXACT_POLYNOMIAL_SUM recoil_derivative 96 257 0.028\nEXACT_POLYNOMIAL_SUM recoil_derivative 112 257 0.029\nEXACT_POLYNOMIAL_SUM recoil_derivative 128 257 0.029\nEXACT_POLYNOMIAL_SUM recoil_derivative 144 257 0.03\nEXACT_POLYNOMIAL_SUM recoil_derivative 160 257 0.03\nEXACT_POLYNOMIAL_SUM recoil_derivative 176 257 0.03\nEXACT_POLYNOMIAL_SUM recoil_derivative 192 257 0.031\nEXACT_POLYNOMIAL_SUM recoil_derivative 208 257 0.031\nEXACT_POLYNOMIAL_SUM recoil_derivative 224 257 0.031\nEXACT_POLYNOMIAL_SUM recoil_derivative 240 257 0.032\nEXACT_POLYNOMIAL_SUM recoil_derivative 256 257 0.032\nEXACT_POLYNOMIAL_SUM recoil_derivative 257 257 0.032\nPASS: exact recoil derivative polynomial sum\n"
""
"RECOIL_POLYNOMIAL_ACCEPTED seconds "2.57284`6.861957772602668" input_bytes "1833536" output_bytes "242664" backend_seconds "0.07316100299794925
"PASS: ""{{4, 3, 3}, 0, \"Regular\"} pole -1"
"PASS: ""finite physical component"
"FINITE_COMPONENT_MEMORY "{4, 3, 3}" before "4390661256" after "4408179040
"POLE_ASSEMBLY "{{4, 3, 4}, 1, "Delta"}
"PASS: ""finite symbolic input parts"
"PASS: ""evaluated Laurent polynomial"
"PASS: ""finite evaluated tensor"
"POLE_ASSEMBLY "{{4, 3, 4}, 1, "L0"}
"POLE_ASSEMBLY "{{4, 3, 4}, 1, "L1"}
"POLE_ASSEMBLY "{{4, 3, 4}, 1, "Regular"}
"POLE_ASSEMBLY "{{4, 3, 4}, -1, "Delta"}
"POLE_ASSEMBLY "{{4, 3, 4}, -1, "L0"}
"POLE_ASSEMBLY "{{4, 3, 4}, -1, "L1"}
"POLE_ASSEMBLY "{{4, 3, 4}, -1, "Regular"}
"PASS: ""real endpoint branches share a boundary"
"POLE_ASSEMBLY "{{4, 3, 4}, 0, "Delta"}
"POLE_ASSEMBLY "{{4, 3, 4}, 0, "L0"}
"POLE_ASSEMBLY "{{4, 3, 4}, 0, "L1"}
"POLE_ASSEMBLY "{{4, 3, 4}, 0, "Regular"}
"PASS: ""finite physical component"
"FINITE_COMPONENT_MEMORY "{4, 3, 4}" before "4408178936" after "4408182120
"POLE_ASSEMBLY "{{4, 4, 1}, 1, "Delta"}
"PASS: ""finite symbolic input parts"
"PASS: ""evaluated Laurent polynomial"
"PASS: ""finite evaluated tensor"
"POLE_ASSEMBLY "{{4, 4, 1}, 1, "L0"}
"POLE_ASSEMBLY "{{4, 4, 1}, 1, "L1"}
"POLE_ASSEMBLY "{{4, 4, 1}, 1, "Regular"}
"POLE_ASSEMBLY "{{4, 4, 1}, -1, "Delta"}
"POLE_ASSEMBLY "{{4, 4, 1}, -1, "L0"}
"POLE_ASSEMBLY "{{4, 4, 1}, -1, "L1"}
"POLE_ASSEMBLY "{{4, 4, 1}, -1, "Regular"}
"PASS: ""real endpoint branches share a boundary"
"POLE_ASSEMBLY "{{4, 4, 1}, 0, "Delta"}
"POLE_ASSEMBLY "{{4, 4, 1}, 0, "L0"}
"POLE_ASSEMBLY "{{4, 4, 1}, 0, "L1"}
"POLE_ASSEMBLY "{{4, 4, 1}, 0, "Regular"}
"PASS: ""finite physical component"
"FINITE_COMPONENT_MEMORY "{4, 4, 1}" before "4408182016" after "4408185264
"POLE_ASSEMBLY "{{4, 4, 2}, 1, "Delta"}
"PASS: ""finite symbolic input parts"
"PASS: ""evaluated Laurent polynomial"
"PASS: ""finite evaluated tensor"
"POLE_ASSEMBLY "{{4, 4, 2}, 1, "L0"}
"POLE_ASSEMBLY "{{4, 4, 2}, 1, "L1"}
"POLE_ASSEMBLY "{{4, 4, 2}, 1, "Regular"}
"POLE_ASSEMBLY "{{4, 4, 2}, -1, "Delta"}
"POLE_ASSEMBLY "{{4, 4, 2}, -1, "L0"}
"POLE_ASSEMBLY "{{4, 4, 2}, -1, "L1"}
"POLE_ASSEMBLY "{{4, 4, 2}, -1, "Regular"}
"PASS: ""real endpoint branches share a boundary"
"POLE_ASSEMBLY "{{4, 4, 2}, 0, "Delta"}
"POLE_ASSEMBLY "{{4, 4, 2}, 0, "L0"}
"POLE_ASSEMBLY "{{4, 4, 2}, 0, "L1"}
"POLE_ASSEMBLY "{{4, 4, 2}, 0, "Regular"}
"PASS: ""finite physical component"
"FINITE_COMPONENT_MEMORY "{4, 4, 2}" before "4408185160" after "4408188408
"POLE_ASSEMBLY "{{4, 4, 3}, 1, "Delta"}
"PASS: ""finite symbolic input parts"
"PASS: ""evaluated Laurent polynomial"
"PASS: ""finite evaluated tensor"
"POLE_ASSEMBLY "{{4, 4, 3}, 1, "L0"}
"POLE_ASSEMBLY "{{4, 4, 3}, 1, "L1"}
"POLE_ASSEMBLY "{{4, 4, 3}, 1, "Regular"}
"POLE_ASSEMBLY "{{4, 4, 3}, -1, "Delta"}
"POLE_ASSEMBLY "{{4, 4, 3}, -1, "L0"}
"POLE_ASSEMBLY "{{4, 4, 3}, -1, "L1"}
"POLE_ASSEMBLY "{{4, 4, 3}, -1, "Regular"}
"PASS: ""real endpoint branches share a boundary"
"POLE_ASSEMBLY "{{4, 4, 3}, 0, "Delta"}
"POLE_ASSEMBLY "{{4, 4, 3}, 0, "L0"}
"POLE_ASSEMBLY "{{4, 4, 3}, 0, "L1"}
"POLE_ASSEMBLY "{{4, 4, 3}, 0, "Regular"}
"PASS: ""finite physical component"
"FINITE_COMPONENT_MEMORY "{4, 4, 3}" before "4408188304" after "4408191552
"POLE_ASSEMBLY "{{4, 4, 4}, 1, "Delta"}
"PASS: ""finite symbolic input parts"
"PASS: ""evaluated Laurent polynomial"
"PASS: ""finite evaluated tensor"
"POLE_ASSEMBLY "{{4, 4, 4}, 1, "L0"}
"POLE_ASSEMBLY "{{4, 4, 4}, 1, "L1"}
"PASS: ""integer finite Laurent support"
"PASS: ""complete Laurent polynomial"
"PASS: ""regulator-independent Laurent coefficients"
"PASS: ""exact Laurent polynomial reconstruction"
"PASS: ""phase kernel has no truncated input series"
"PASS: ""reference phase product evaluated"
"POLE_ASSEMBLY "{{4, 4, 4}, 1, "Regular"}
"PASS: ""accepted exact polynomial backend retained"
"PASS: ""entire finite sum exactly decomposed"
"PASS: ""raw scalar ratio exactly reconstructs"
"PASS: ""unassigned algebraic input generators"
"PASS: ""algebraic generators preserve the exact input"
"PASS: ""complete rational polynomial support"
"PASS: ""unassigned polynomial transfer generators"
"PASS: ""complete polynomial transfer text reconstructs"
"PASS: ""exact native polynomial JSON transfer"
"RECOIL_POLYNOMIAL_BACKEND_START input_bytes "21490808" transfer_bytes "2907920
"EXACT_POLYNOMIAL_SUM recoil_derivative 16 818 0.218\nEXACT_POLYNOMIAL_SUM recoil_derivative 32 818 0.22\nEXACT_POLYNOMIAL_SUM recoil_derivative 48 818 0.221\nEXACT_POLYNOMIAL_SUM recoil_derivative 64 818 0.224\nEXACT_POLYNOMIAL_SUM recoil_derivative 80 818 0.226\nEXACT_POLYNOMIAL_SUM recoil_derivative 96 818 0.228\nEXACT_POLYNOMIAL_SUM recoil_derivative 112 818 0.23\nEXACT_POLYNOMIAL_SUM recoil_derivative 128 818 0.232\nEXACT_POLYNOMIAL_SUM recoil_derivative 144 818 0.234\nEXACT_POLYNOMIAL_SUM recoil_derivative 160 818 0.237\nEXACT_POLYNOMIAL_SUM recoil_derivative 176 818 0.239\nEXACT_POLYNOMIAL_SUM recoil_derivative 192 818 0.241\nEXACT_POLYNOMIAL_SUM recoil_derivative 208 818 0.243\nEXACT_POLYNOMIAL_SUM recoil_derivative 224 818 0.245\nEXACT_POLYNOMIAL_SUM recoil_derivative 240 818 0.247\nEXACT_POLYNOMIAL_SUM recoil_derivative 256 818 0.249\nEXACT_POLYNOMIAL_SUM recoil_derivative 272 818 0.251\nEXACT_POLYNOMIAL_SUM recoil_derivative 288 818 0.253\nEXACT_POLYNOMIAL_SUM recoil_derivative 304 818 0.255\nEXACT_POLYNOMIAL_SUM recoil_derivative 320 818 0.257\nEXACT_POLYNOMIAL_SUM recoil_derivative 336 818 0.259\nEXACT_POLYNOMIAL_SUM recoil_derivative 352 818 0.261\nEXACT_POLYNOMIAL_SUM recoil_derivative 368 818 0.263\nEXACT_POLYNOMIAL_SUM recoil_derivative 384 818 0.264\nEXACT_POLYNOMIAL_SUM recoil_derivative 400 818 0.266\nEXACT_POLYNOMIAL_SUM recoil_derivative 416 818 0.268\nEXACT_POLYNOMIAL_SUM recoil_derivative 432 818 0.27\nEXACT_POLYNOMIAL_SUM recoil_derivative 448 818 0.272\nEXACT_POLYNOMIAL_SUM recoil_derivative 464 818 0.273\nEXACT_POLYNOMIAL_SUM recoil_derivative 480 818 0.275\nEXACT_POLYNOMIAL_SUM recoil_derivative 496 818 0.277\nEXACT_POLYNOMIAL_SUM recoil_derivative 512 818 0.278\nEXACT_POLYNOMIAL_SUM recoil_derivative 528 818 0.28\nEXACT_POLYNOMIAL_SUM recoil_derivative 544 818 0.281\nEXACT_POLYNOMIAL_SUM recoil_derivative 560 818 0.283\nEXACT_POLYNOMIAL_SUM recoil_derivative 576 818 0.285\nEXACT_POLYNOMIAL_SUM recoil_derivative 592 818 0.286\nEXACT_POLYNOMIAL_SUM recoil_derivative 608 818 0.288\nEXACT_POLYNOMIAL_SUM recoil_derivative 624 818 0.289\nEXACT_POLYNOMIAL_SUM recoil_derivative 640 818 0.291\nEXACT_POLYNOMIAL_SUM recoil_derivative 656 818 0.293\nEXACT_POLYNOMIAL_SUM recoil_derivative 672 818 0.294\nEXACT_POLYNOMIAL_SUM recoil_derivative 688 818 0.296\nEXACT_POLYNOMIAL_SUM recoil_derivative 704 818 0.297\nEXACT_POLYNOMIAL_SUM recoil_derivative 720 818 0.299\nEXACT_POLYNOMIAL_SUM recoil_derivative 736 818 0.3\nEXACT_POLYNOMIAL_SUM recoil_derivative 752 818 0.302\nEXACT_POLYNOMIAL_SUM recoil_derivative 768 818 0.303\nEXACT_POLYNOMIAL_SUM recoil_derivative 784 818 0.305\nEXACT_POLYNOMIAL_SUM recoil_derivative 800 818 0.306\nEXACT_POLYNOMIAL_SUM recoil_derivative 816 818 0.308\nEXACT_POLYNOMIAL_SUM recoil_derivative 818 818 0.308\nPASS: exact recoil derivative polynomial sum\n"
""
"PASS: ""exact polynomial normalization completed"
"PASS: ""complete normalization backend identity"
"PASS: ""exact existing cancellation gates passed"
"PASS: ""complete physical scalar reconstruction"
"PASS: ""bounded normalized scalar cache"
"PASS: ""exact normalized scalar reload"
"RECOIL_POLYNOMIAL_ACCEPTED seconds "10.937659`7.490469372881378" input_bytes "21490808" output_bytes "8552" backend_seconds "0.68108545600262
"PASS: ""{{4, 4, 4}, 1, \"Regular\"} pole -1"
"POLE_ASSEMBLY "{{4, 4, 4}, -1, "Delta"}
"POLE_ASSEMBLY "{{4, 4, 4}, -1, "L0"}
"POLE_ASSEMBLY "{{4, 4, 4}, -1, "L1"}
"POLE_ASSEMBLY "{{4, 4, 4}, -1, "Regular"}
"RECOIL_POLYNOMIAL_BACKEND_START input_bytes "24513944" transfer_bytes "2948009
"EXACT_POLYNOMIAL_SUM recoil_derivative 16 818 0.228\nEXACT_POLYNOMIAL_SUM recoil_derivative 32 818 0.23\nEXACT_POLYNOMIAL_SUM recoil_derivative 48 818 0.232\nEXACT_POLYNOMIAL_SUM recoil_derivative 64 818 0.234\nEXACT_POLYNOMIAL_SUM recoil_derivative 80 818 0.237\nEXACT_POLYNOMIAL_SUM recoil_derivative 96 818 0.239\nEXACT_POLYNOMIAL_SUM recoil_derivative 112 818 0.241\nEXACT_POLYNOMIAL_SUM recoil_derivative 128 818 0.243\nEXACT_POLYNOMIAL_SUM recoil_derivative 144 818 0.245\nEXACT_POLYNOMIAL_SUM recoil_derivative 160 818 0.246\nEXACT_POLYNOMIAL_SUM recoil_derivative 176 818 0.248\nEXACT_POLYNOMIAL_SUM recoil_derivative 192 818 0.25\nEXACT_POLYNOMIAL_SUM recoil_derivative 208 818 0.252\nEXACT_POLYNOMIAL_SUM recoil_derivative 224 818 0.254\nEXACT_POLYNOMIAL_SUM recoil_derivative 240 818 0.257\nEXACT_POLYNOMIAL_SUM recoil_derivative 256 818 0.259\nEXACT_POLYNOMIAL_SUM recoil_derivative 272 818 0.261\nEXACT_POLYNOMIAL_SUM recoil_derivative 288 818 0.263\nEXACT_POLYNOMIAL_SUM recoil_derivative 304 818 0.265\nEXACT_POLYNOMIAL_SUM recoil_derivative 320 818 0.267\nEXACT_POLYNOMIAL_SUM recoil_derivative 336 818 0.269\nEXACT_POLYNOMIAL_SUM recoil_derivative 352 818 0.27\nEXACT_POLYNOMIAL_SUM recoil_derivative 368 818 0.272\nEXACT_POLYNOMIAL_SUM recoil_derivative 384 818 0.274\nEXACT_POLYNOMIAL_SUM recoil_derivative 400 818 0.276\nEXACT_POLYNOMIAL_SUM recoil_derivative 416 818 0.277\nEXACT_POLYNOMIAL_SUM recoil_derivative 432 818 0.279\nEXACT_POLYNOMIAL_SUM recoil_derivative 448 818 0.281\nEXACT_POLYNOMIAL_SUM recoil_derivative 464 818 0.283\nEXACT_POLYNOMIAL_SUM recoil_derivative 480 818 0.285\nEXACT_POLYNOMIAL_SUM recoil_derivative 496 818 0.287\nEXACT_POLYNOMIAL_SUM recoil_derivative 512 818 0.288\nEXACT_POLYNOMIAL_SUM recoil_derivative 528 818 0.29\nEXACT_POLYNOMIAL_SUM recoil_derivative 544 818 0.293\nEXACT_POLYNOMIAL_SUM recoil_derivative 560 818 0.294\nEXACT_POLYNOMIAL_SUM recoil_derivative 576 818 0.296\nEXACT_POLYNOMIAL_SUM recoil_derivative 592 818 0.297\nEXACT_POLYNOMIAL_SUM recoil_derivative 608 818 0.299\nEXACT_POLYNOMIAL_SUM recoil_derivative 624 818 0.301\nEXACT_POLYNOMIAL_SUM recoil_derivative 640 818 0.304\nEXACT_POLYNOMIAL_SUM recoil_derivative 656 818 0.307\nEXACT_POLYNOMIAL_SUM recoil_derivative 672 818 0.31\nEXACT_POLYNOMIAL_SUM recoil_derivative 688 818 0.311\nEXACT_POLYNOMIAL_SUM recoil_derivative 704 818 0.313\nEXACT_POLYNOMIAL_SUM recoil_derivative 720 818 0.315\nEXACT_POLYNOMIAL_SUM recoil_derivative 736 818 0.316\nEXACT_POLYNOMIAL_SUM recoil_derivative 752 818 0.318\nEXACT_POLYNOMIAL_SUM recoil_derivative 768 818 0.319\nEXACT_POLYNOMIAL_SUM recoil_derivative 784 818 0.32\nEXACT_POLYNOMIAL_SUM recoil_derivative 800 818 0.322\nEXACT_POLYNOMIAL_SUM recoil_derivative 816 818 0.325\nEXACT_POLYNOMIAL_SUM recoil_derivative 818 818 0.326\nPASS: exact recoil derivative polynomial sum\n"
""
"RECOIL_POLYNOMIAL_ACCEPTED seconds "11.375685`7.507522551155937" input_bytes "24513944" output_bytes "9248" backend_seconds "0.6885416810036986
"PASS: ""{{4, 4, 4}, -1, \"Regular\"} pole -1"
"PASS: ""real endpoint branches share a boundary"
"POLE_ASSEMBLY "{{4, 4, 4}, 0, "Delta"}
"POLE_ASSEMBLY "{{4, 4, 4}, 0, "L0"}
"POLE_ASSEMBLY "{{4, 4, 4}, 0, "L1"}
"POLE_ASSEMBLY "{{4, 4, 4}, 0, "Regular"}
"RECOIL_POLYNOMIAL_BACKEND_START input_bytes "1535504" transfer_bytes "199883
"EXACT_POLYNOMIAL_SUM recoil_derivative 16 259 0.025\nEXACT_POLYNOMIAL_SUM recoil_derivative 32 259 0.025\nEXACT_POLYNOMIAL_SUM recoil_derivative 48 259 0.025\nEXACT_POLYNOMIAL_SUM recoil_derivative 64 259 0.026\nEXACT_POLYNOMIAL_SUM recoil_derivative 80 259 0.026\nEXACT_POLYNOMIAL_SUM recoil_derivative 96 259 0.027\nEXACT_POLYNOMIAL_SUM recoil_derivative 112 259 0.027\nEXACT_POLYNOMIAL_SUM recoil_derivative 128 259 0.027\nEXACT_POLYNOMIAL_SUM recoil_derivative 144 259 0.027\nEXACT_POLYNOMIAL_SUM recoil_derivative 160 259 0.027\nEXACT_POLYNOMIAL_SUM recoil_derivative 176 259 0.028\nEXACT_POLYNOMIAL_SUM recoil_derivative 192 259 0.028\nEXACT_POLYNOMIAL_SUM recoil_derivative 208 259 0.028\nEXACT_POLYNOMIAL_SUM recoil_derivative 224 259 0.028\nEXACT_POLYNOMIAL_SUM recoil_derivative 240 259 0.028\nEXACT_POLYNOMIAL_SUM recoil_derivative 256 259 0.028\nEXACT_POLYNOMIAL_SUM recoil_derivative 259 259 0.028\nPASS: exact recoil derivative polynomial sum\n"
""
"RECOIL_POLYNOMIAL_ACCEPTED seconds "2.82107`6.901958856055652" input_bytes "1535504" output_bytes "5272" backend_seconds "0.06020644800446462
"PASS: ""{{4, 4, 4}, 0, \"Regular\"} pole -1"
"PASS: ""finite physical component"
"FINITE_COMPONENT_MEMORY "{4, 4, 4}" before "4408191448" after "4418634040
"POLE_ASSEMBLY "{{5, 1, 1}, 1, "Delta"}
"PASS: ""finite symbolic input parts"
"PASS: ""evaluated Laurent polynomial"
"PASS: ""finite evaluated tensor"
"POLE_ASSEMBLY "{{5, 1, 1}, 1, "L0"}
"POLE_ASSEMBLY "{{5, 1, 1}, 1, "L1"}
"POLE_ASSEMBLY "{{5, 1, 1}, 1, "Regular"}
"POLE_ASSEMBLY "{{5, 1, 1}, -1, "Delta"}
"POLE_ASSEMBLY "{{5, 1, 1}, -1, "L0"}
"POLE_ASSEMBLY "{{5, 1, 1}, -1, "L1"}
"POLE_ASSEMBLY "{{5, 1, 1}, -1, "Regular"}
"PASS: ""real endpoint branches share a boundary"
"POLE_ASSEMBLY "{{5, 1, 1}, 0, "Delta"}
"POLE_ASSEMBLY "{{5, 1, 1}, 0, "L0"}
"POLE_ASSEMBLY "{{5, 1, 1}, 0, "L1"}
"POLE_ASSEMBLY "{{5, 1, 1}, 0, "Regular"}
"PASS: ""finite physical component"
"FINITE_COMPONENT_MEMORY "{5, 1, 1}" before "4418633936" after "4418637184
"POLE_ASSEMBLY "{{5, 1, 2}, 1, "Delta"}
"PASS: ""finite symbolic input parts"
"PASS: ""evaluated Laurent polynomial"
"PASS: ""finite evaluated tensor"
"POLE_ASSEMBLY "{{5, 1, 2}, 1, "L0"}
"POLE_ASSEMBLY "{{5, 1, 2}, 1, "L1"}
"POLE_ASSEMBLY "{{5, 1, 2}, 1, "Regular"}
"POLE_ASSEMBLY "{{5, 1, 2}, -1, "Delta"}
"POLE_ASSEMBLY "{{5, 1, 2}, -1, "L0"}
"POLE_ASSEMBLY "{{5, 1, 2}, -1, "L1"}
"POLE_ASSEMBLY "{{5, 1, 2}, -1, "Regular"}
"PASS: ""real endpoint branches share a boundary"
"POLE_ASSEMBLY "{{5, 1, 2}, 0, "Delta"}
"POLE_ASSEMBLY "{{5, 1, 2}, 0, "L0"}
"POLE_ASSEMBLY "{{5, 1, 2}, 0, "L1"}
"POLE_ASSEMBLY "{{5, 1, 2}, 0, "Regular"}
"PASS: ""finite physical component"
"FINITE_COMPONENT_MEMORY "{5, 1, 2}" before "4418637080" after "4418640328
"POLE_ASSEMBLY "{{5, 1, 3}, 1, "Delta"}
"PASS: ""finite symbolic input parts"
"PASS: ""evaluated Laurent polynomial"
"PASS: ""finite evaluated tensor"
"POLE_ASSEMBLY "{{5, 1, 3}, 1, "L0"}
"POLE_ASSEMBLY "{{5, 1, 3}, 1, "L1"}
"PASS: ""integer finite Laurent support"
"PASS: ""complete Laurent polynomial"
"PASS: ""regulator-independent Laurent coefficients"
"PASS: ""exact Laurent polynomial reconstruction"
"PASS: ""phase kernel has no truncated input series"
"PASS: ""reference phase product evaluated"
"POLE_ASSEMBLY "{{5, 1, 3}, 1, "Regular"}
"PASS: ""accepted exact polynomial backend retained"
"PASS: ""entire finite sum exactly decomposed"
"PASS: ""raw scalar ratio exactly reconstructs"
"PASS: ""unassigned algebraic input generators"
"PASS: ""algebraic generators preserve the exact input"
"PASS: ""complete rational polynomial support"
"PASS: ""unassigned polynomial transfer generators"
"PASS: ""complete polynomial transfer text reconstructs"
"PASS: ""exact native polynomial JSON transfer"
"RECOIL_POLYNOMIAL_BACKEND_START input_bytes "14087600" transfer_bytes "2003140
"EXACT_POLYNOMIAL_SUM recoil_derivative 16 657 0.23\nEXACT_POLYNOMIAL_SUM recoil_derivative 32 657 0.232\nEXACT_POLYNOMIAL_SUM recoil_derivative 48 657 0.234\nEXACT_POLYNOMIAL_SUM recoil_derivative 64 657 0.238\nEXACT_POLYNOMIAL_SUM recoil_derivative 80 657 0.241\nEXACT_POLYNOMIAL_SUM recoil_derivative 96 657 0.246\nEXACT_POLYNOMIAL_SUM recoil_derivative 112 657 0.25\nEXACT_POLYNOMIAL_SUM recoil_derivative 128 657 0.256\nEXACT_POLYNOMIAL_SUM recoil_derivative 144 657 0.262\nEXACT_POLYNOMIAL_SUM recoil_derivative 160 657 0.267\nEXACT_POLYNOMIAL_SUM recoil_derivative 176 657 0.273\nEXACT_POLYNOMIAL_SUM recoil_derivative 192 657 0.279\nEXACT_POLYNOMIAL_SUM recoil_derivative 208 657 0.284\nEXACT_POLYNOMIAL_SUM recoil_derivative 224 657 0.289\nEXACT_POLYNOMIAL_SUM recoil_derivative 240 657 0.294\nEXACT_POLYNOMIAL_SUM recoil_derivative 256 657 0.3\nEXACT_POLYNOMIAL_SUM recoil_derivative 272 657 0.306\nEXACT_POLYNOMIAL_SUM recoil_derivative 288 657 0.312\nEXACT_POLYNOMIAL_SUM recoil_derivative 304 657 0.317\nEXACT_POLYNOMIAL_SUM recoil_derivative 320 657 0.323\nEXACT_POLYNOMIAL_SUM recoil_derivative 336 657 0.328\nEXACT_POLYNOMIAL_SUM recoil_derivative 352 657 0.333\nEXACT_POLYNOMIAL_SUM recoil_derivative 368 657 0.338\nEXACT_POLYNOMIAL_SUM recoil_derivative 384 657 0.343\nEXACT_POLYNOMIAL_SUM recoil_derivative 400 657 0.348\nEXACT_POLYNOMIAL_SUM recoil_derivative 416 657 0.353\nEXACT_POLYNOMIAL_SUM recoil_derivative 432 657 0.358\nEXACT_POLYNOMIAL_SUM recoil_derivative 448 657 0.364\nEXACT_POLYNOMIAL_SUM recoil_derivative 464 657 0.369\nEXACT_POLYNOMIAL_SUM recoil_derivative 480 657 0.374\nEXACT_POLYNOMIAL_SUM recoil_derivative 496 657 0.379\nEXACT_POLYNOMIAL_SUM recoil_derivative 512 657 0.385\nEXACT_POLYNOMIAL_SUM recoil_derivative 528 657 0.39\nEXACT_POLYNOMIAL_SUM recoil_derivative 544 657 0.396\nEXACT_POLYNOMIAL_SUM recoil_derivative 560 657 0.401\nEXACT_POLYNOMIAL_SUM recoil_derivative 576 657 0.406\nEXACT_POLYNOMIAL_SUM recoil_derivative 592 657 0.412\nEXACT_POLYNOMIAL_SUM recoil_derivative 608 657 0.418\nEXACT_POLYNOMIAL_SUM recoil_derivative 624 657 0.423\nEXACT_POLYNOMIAL_SUM recoil_derivative 640 657 0.428\nEXACT_POLYNOMIAL_SUM recoil_derivative 656 657 0.434\nEXACT_POLYNOMIAL_SUM recoil_derivative 657 657 0.434\nPASS: exact recoil derivative polynomial sum\n"
""
"PASS: ""exact polynomial normalization completed"
"PASS: ""complete normalization backend identity"
"PASS: ""exact existing cancellation gates passed"
"PASS: ""complete physical scalar reconstruction"
"PASS: ""bounded normalized scalar cache"
"PASS: ""exact normalized scalar reload"
"RECOIL_POLYNOMIAL_ACCEPTED seconds "9.887653`7.446638210258763" input_bytes "14087600" output_bytes "377912" backend_seconds "1.0157394480047515
"PASS: ""{{5, 1, 3}, 1, \"Regular\"} pole -1"
"POLE_ASSEMBLY "{{5, 1, 3}, -1, "Delta"}
"POLE_ASSEMBLY "{{5, 1, 3}, -1, "L0"}
"POLE_ASSEMBLY "{{5, 1, 3}, -1, "L1"}
"POLE_ASSEMBLY "{{5, 1, 3}, -1, "Regular"}
"RECOIL_POLYNOMIAL_BACKEND_START input_bytes "16110512" transfer_bytes "2029912
"EXACT_POLYNOMIAL_SUM recoil_derivative 16 657 0.248\nEXACT_POLYNOMIAL_SUM recoil_derivative 32 657 0.251\nEXACT_POLYNOMIAL_SUM recoil_derivative 48 657 0.256\nEXACT_POLYNOMIAL_SUM recoil_derivative 64 657 0.261\nEXACT_POLYNOMIAL_SUM recoil_derivative 80 657 0.264\nEXACT_POLYNOMIAL_SUM recoil_derivative 96 657 0.268\nEXACT_POLYNOMIAL_SUM recoil_derivative 112 657 0.272\nEXACT_POLYNOMIAL_SUM recoil_derivative 128 657 0.278\nEXACT_POLYNOMIAL_SUM recoil_derivative 144 657 0.283\nEXACT_POLYNOMIAL_SUM recoil_derivative 160 657 0.287\nEXACT_POLYNOMIAL_SUM recoil_derivative 176 657 0.292\nEXACT_POLYNOMIAL_SUM recoil_derivative 192 657 0.296\nEXACT_POLYNOMIAL_SUM recoil_derivative 208 657 0.301\nEXACT_POLYNOMIAL_SUM recoil_derivative 224 657 0.305\nEXACT_POLYNOMIAL_SUM recoil_derivative 240 657 0.31\nEXACT_POLYNOMIAL_SUM recoil_derivative 256 657 0.314\nEXACT_POLYNOMIAL_SUM recoil_derivative 272 657 0.319\nEXACT_POLYNOMIAL_SUM recoil_derivative 288 657 0.324\nEXACT_POLYNOMIAL_SUM recoil_derivative 304 657 0.329\nEXACT_POLYNOMIAL_SUM recoil_derivative 320 657 0.333\nEXACT_POLYNOMIAL_SUM recoil_derivative 336 657 0.338\nEXACT_POLYNOMIAL_SUM recoil_derivative 352 657 0.345\nEXACT_POLYNOMIAL_SUM recoil_derivative 368 657 0.354\nEXACT_POLYNOMIAL_SUM recoil_derivative 384 657 0.36\nEXACT_POLYNOMIAL_SUM recoil_derivative 400 657 0.366\nEXACT_POLYNOMIAL_SUM recoil_derivative 416 657 0.37\nEXACT_POLYNOMIAL_SUM recoil_derivative 432 657 0.376\nEXACT_POLYNOMIAL_SUM recoil_derivative 448 657 0.38\nEXACT_POLYNOMIAL_SUM recoil_derivative 464 657 0.386\nEXACT_POLYNOMIAL_SUM recoil_derivative 480 657 0.39\nEXACT_POLYNOMIAL_SUM recoil_derivative 496 657 0.395\nEXACT_POLYNOMIAL_SUM recoil_derivative 512 657 0.4\nEXACT_POLYNOMIAL_SUM recoil_derivative 528 657 0.407\nEXACT_POLYNOMIAL_SUM recoil_derivative 544 657 0.412\nEXACT_POLYNOMIAL_SUM recoil_derivative 560 657 0.418\nEXACT_POLYNOMIAL_SUM recoil_derivative 576 657 0.423\nEXACT_POLYNOMIAL_SUM recoil_derivative 592 657 0.427\nEXACT_POLYNOMIAL_SUM recoil_derivative 608 657 0.432\nEXACT_POLYNOMIAL_SUM recoil_derivative 624 657 0.439\nEXACT_POLYNOMIAL_SUM recoil_derivative 640 657 0.444\nEXACT_POLYNOMIAL_SUM recoil_derivative 656 657 0.449\nEXACT_POLYNOMIAL_SUM recoil_derivative 657 657 0.45\nPASS: exact recoil derivative polynomial sum\n"
""
"RECOIL_POLYNOMIAL_ACCEPTED seconds "10.353608`7.466636711543813" input_bytes "16110512" output_bytes "411104" backend_seconds "1.0354553899960592
"PASS: ""{{5, 1, 3}, -1, \"Regular\"} pole -1"
"PASS: ""real endpoint branches share a boundary"
"POLE_ASSEMBLY "{{5, 1, 3}, 0, "Delta"}
"POLE_ASSEMBLY "{{5, 1, 3}, 0, "L0"}
"POLE_ASSEMBLY "{{5, 1, 3}, 0, "L1"}
"POLE_ASSEMBLY "{{5, 1, 3}, 0, "Regular"}
"RECOIL_POLYNOMIAL_BACKEND_START input_bytes "1265920" transfer_bytes "174378
"EXACT_POLYNOMIAL_SUM recoil_derivative 16 220 0.023\nEXACT_POLYNOMIAL_SUM recoil_derivative 32 220 0.024\nEXACT_POLYNOMIAL_SUM recoil_derivative 48 220 0.024\nEXACT_POLYNOMIAL_SUM recoil_derivative 64 220 0.025\nEXACT_POLYNOMIAL_SUM recoil_derivative 80 220 0.025\nEXACT_POLYNOMIAL_SUM recoil_derivative 96 220 0.026\nEXACT_POLYNOMIAL_SUM recoil_derivative 112 220 0.026\nEXACT_POLYNOMIAL_SUM recoil_derivative 128 220 0.027\nEXACT_POLYNOMIAL_SUM recoil_derivative 144 220 0.027\nEXACT_POLYNOMIAL_SUM recoil_derivative 160 220 0.027\nEXACT_POLYNOMIAL_SUM recoil_derivative 176 220 0.028\nEXACT_POLYNOMIAL_SUM recoil_derivative 192 220 0.028\nEXACT_POLYNOMIAL_SUM recoil_derivative 208 220 0.029\nEXACT_POLYNOMIAL_SUM recoil_derivative 220 220 0.029\nPASS: exact recoil derivative polynomial sum\n"
""
"RECOIL_POLYNOMIAL_ACCEPTED seconds "2.574505`6.862238733112444" input_bytes "1265920" output_bytes "89528" backend_seconds "0.08285191799950553
"PASS: ""{{5, 1, 3}, 0, \"Regular\"} pole -1"
"PASS: ""finite physical component"
"FINITE_COMPONENT_MEMORY "{5, 1, 3}" before "4418640224" after "4426052120
"POLE_ASSEMBLY "{{5, 1, 4}, 1, "Delta"}
"PASS: ""finite symbolic input parts"
"PASS: ""evaluated Laurent polynomial"
"PASS: ""finite evaluated tensor"
"POLE_ASSEMBLY "{{5, 1, 4}, 1, "L0"}
"POLE_ASSEMBLY "{{5, 1, 4}, 1, "L1"}
"POLE_ASSEMBLY "{{5, 1, 4}, 1, "Regular"}
"POLE_ASSEMBLY "{{5, 1, 4}, -1, "Delta"}
"POLE_ASSEMBLY "{{5, 1, 4}, -1, "L0"}
"POLE_ASSEMBLY "{{5, 1, 4}, -1, "L1"}
"POLE_ASSEMBLY "{{5, 1, 4}, -1, "Regular"}
"PASS: ""real endpoint branches share a boundary"
"POLE_ASSEMBLY "{{5, 1, 4}, 0, "Delta"}
"POLE_ASSEMBLY "{{5, 1, 4}, 0, "L0"}
"POLE_ASSEMBLY "{{5, 1, 4}, 0, "L1"}
"POLE_ASSEMBLY "{{5, 1, 4}, 0, "Regular"}
"PASS: ""finite physical component"
"FINITE_COMPONENT_MEMORY "{5, 1, 4}" before "4426052016" after "4426055264
"POLE_ASSEMBLY "{{5, 2, 1}, 1, "Delta"}
"PASS: ""finite symbolic input parts"
"PASS: ""evaluated Laurent polynomial"
"PASS: ""finite evaluated tensor"
"POLE_ASSEMBLY "{{5, 2, 1}, 1, "L0"}
"POLE_ASSEMBLY "{{5, 2, 1}, 1, "L1"}
"POLE_ASSEMBLY "{{5, 2, 1}, 1, "Regular"}
"POLE_ASSEMBLY "{{5, 2, 1}, -1, "Delta"}
"POLE_ASSEMBLY "{{5, 2, 1}, -1, "L0"}
"POLE_ASSEMBLY "{{5, 2, 1}, -1, "L1"}
"POLE_ASSEMBLY "{{5, 2, 1}, -1, "Regular"}
"PASS: ""real endpoint branches share a boundary"
"POLE_ASSEMBLY "{{5, 2, 1}, 0, "Delta"}
"POLE_ASSEMBLY "{{5, 2, 1}, 0, "L0"}
"POLE_ASSEMBLY "{{5, 2, 1}, 0, "L1"}
"POLE_ASSEMBLY "{{5, 2, 1}, 0, "Regular"}
"PASS: ""finite physical component"
"FINITE_COMPONENT_MEMORY "{5, 2, 1}" before "4426055160" after "4426058408
"POLE_ASSEMBLY "{{5, 2, 2}, 1, "Delta"}
"PASS: ""finite symbolic input parts"
"PASS: ""evaluated Laurent polynomial"
"PASS: ""finite evaluated tensor"
"POLE_ASSEMBLY "{{5, 2, 2}, 1, "L0"}
"POLE_ASSEMBLY "{{5, 2, 2}, 1, "L1"}
"POLE_ASSEMBLY "{{5, 2, 2}, 1, "Regular"}
"POLE_ASSEMBLY "{{5, 2, 2}, -1, "Delta"}
"POLE_ASSEMBLY "{{5, 2, 2}, -1, "L0"}
"POLE_ASSEMBLY "{{5, 2, 2}, -1, "L1"}
"POLE_ASSEMBLY "{{5, 2, 2}, -1, "Regular"}
"PASS: ""real endpoint branches share a boundary"
"POLE_ASSEMBLY "{{5, 2, 2}, 0, "Delta"}
"POLE_ASSEMBLY "{{5, 2, 2}, 0, "L0"}
"POLE_ASSEMBLY "{{5, 2, 2}, 0, "L1"}
"POLE_ASSEMBLY "{{5, 2, 2}, 0, "Regular"}
"PASS: ""finite physical component"
"FINITE_COMPONENT_MEMORY "{5, 2, 2}" before "4426058304" after "4426061552
"POLE_ASSEMBLY "{{5, 2, 3}, 1, "Delta"}
"PASS: ""finite symbolic input parts"
"PASS: ""evaluated Laurent polynomial"
"PASS: ""finite evaluated tensor"
"POLE_ASSEMBLY "{{5, 2, 3}, 1, "L0"}
"POLE_ASSEMBLY "{{5, 2, 3}, 1, "L1"}
"PASS: ""integer finite Laurent support"
"PASS: ""complete Laurent polynomial"
"PASS: ""regulator-independent Laurent coefficients"
"PASS: ""exact Laurent polynomial reconstruction"
"PASS: ""phase kernel has no truncated input series"
"PASS: ""reference phase product evaluated"
"POLE_ASSEMBLY "{{5, 2, 3}, 1, "Regular"}
"PASS: ""accepted exact polynomial backend retained"
"PASS: ""entire finite sum exactly decomposed"
"PASS: ""raw scalar ratio exactly reconstructs"
"PASS: ""unassigned algebraic input generators"
"PASS: ""algebraic generators preserve the exact input"
"PASS: ""complete rational polynomial support"
"PASS: ""unassigned polynomial transfer generators"
"PASS: ""complete polynomial transfer text reconstructs"
"PASS: ""exact native polynomial JSON transfer"
"RECOIL_POLYNOMIAL_BACKEND_START input_bytes "20031192" transfer_bytes "2781344
"EXACT_POLYNOMIAL_SUM recoil_derivative 16 855 0.25\nEXACT_POLYNOMIAL_SUM recoil_derivative 32 855 0.254\nEXACT_POLYNOMIAL_SUM recoil_derivative 48 855 0.256\nEXACT_POLYNOMIAL_SUM recoil_derivative 64 855 0.258\nEXACT_POLYNOMIAL_SUM recoil_derivative 80 855 0.261\nEXACT_POLYNOMIAL_SUM recoil_derivative 96 855 0.263\nEXACT_POLYNOMIAL_SUM recoil_derivative 112 855 0.265\nEXACT_POLYNOMIAL_SUM recoil_derivative 128 855 0.267\nEXACT_POLYNOMIAL_SUM recoil_derivative 144 855 0.269\nEXACT_POLYNOMIAL_SUM recoil_derivative 160 855 0.27\nEXACT_POLYNOMIAL_SUM recoil_derivative 176 855 0.275\nEXACT_POLYNOMIAL_SUM recoil_derivative 192 855 0.277\nEXACT_POLYNOMIAL_SUM recoil_derivative 208 855 0.281\nEXACT_POLYNOMIAL_SUM recoil_derivative 224 855 0.285\nEXACT_POLYNOMIAL_SUM recoil_derivative 240 855 0.288\nEXACT_POLYNOMIAL_SUM recoil_derivative 256 855 0.29\nEXACT_POLYNOMIAL_SUM recoil_derivative 272 855 0.292\nEXACT_POLYNOMIAL_SUM recoil_derivative 288 855 0.293\nEXACT_POLYNOMIAL_SUM recoil_derivative 304 855 0.295\nEXACT_POLYNOMIAL_SUM recoil_derivative 320 855 0.296\nEXACT_POLYNOMIAL_SUM recoil_derivative 336 855 0.298\nEXACT_POLYNOMIAL_SUM recoil_derivative 352 855 0.3\nEXACT_POLYNOMIAL_SUM recoil_derivative 368 855 0.302\nEXACT_POLYNOMIAL_SUM recoil_derivative 384 855 0.304\nEXACT_POLYNOMIAL_SUM recoil_derivative 400 855 0.305\nEXACT_POLYNOMIAL_SUM recoil_derivative 416 855 0.307\nEXACT_POLYNOMIAL_SUM recoil_derivative 432 855 0.308\nEXACT_POLYNOMIAL_SUM recoil_derivative 448 855 0.31\nEXACT_POLYNOMIAL_SUM recoil_derivative 464 855 0.311\nEXACT_POLYNOMIAL_SUM recoil_derivative 480 855 0.313\nEXACT_POLYNOMIAL_SUM recoil_derivative 496 855 0.316\nEXACT_POLYNOMIAL_SUM recoil_derivative 512 855 0.318\nEXACT_POLYNOMIAL_SUM recoil_derivative 528 855 0.32\nEXACT_POLYNOMIAL_SUM recoil_derivative 544 855 0.322\nEXACT_POLYNOMIAL_SUM recoil_derivative 560 855 0.323\nEXACT_POLYNOMIAL_SUM recoil_derivative 576 855 0.325\nEXACT_POLYNOMIAL_SUM recoil_derivative 592 855 0.326\nEXACT_POLYNOMIAL_SUM recoil_derivative 608 855 0.328\nEXACT_POLYNOMIAL_SUM recoil_derivative 624 855 0.329\nEXACT_POLYNOMIAL_SUM recoil_derivative 640 855 0.332\nEXACT_POLYNOMIAL_SUM recoil_derivative 656 855 0.335\nEXACT_POLYNOMIAL_SUM recoil_derivative 672 855 0.337\nEXACT_POLYNOMIAL_SUM recoil_derivative 688 855 0.34\nEXACT_POLYNOMIAL_SUM recoil_derivative 704 855 0.342\nEXACT_POLYNOMIAL_SUM recoil_derivative 720 855 0.343\nEXACT_POLYNOMIAL_SUM recoil_derivative 736 855 0.345\nEXACT_POLYNOMIAL_SUM recoil_derivative 752 855 0.347\nEXACT_POLYNOMIAL_SUM recoil_derivative 768 855 0.349\nEXACT_POLYNOMIAL_SUM recoil_derivative 784 855 0.35\nEXACT_POLYNOMIAL_SUM recoil_derivative 800 855 0.352\nEXACT_POLYNOMIAL_SUM recoil_derivative 816 855 0.354\nEXACT_POLYNOMIAL_SUM recoil_derivative 832 855 0.356\nEXACT_POLYNOMIAL_SUM recoil_derivative 848 855 0.357\nEXACT_POLYNOMIAL_SUM recoil_derivative 855 855 0.358\nPASS: exact recoil derivative polynomial sum\n"
""
"PASS: ""exact polynomial normalization completed"
"PASS: ""complete normalization backend identity"
"PASS: ""exact existing cancellation gates passed"
"PASS: ""complete physical scalar reconstruction"
"PASS: ""bounded normalized scalar cache"
"PASS: ""exact normalized scalar reload"
"RECOIL_POLYNOMIAL_ACCEPTED seconds "11.243059`7.502429483205381" input_bytes "20031192" output_bytes "790432" backend_seconds "0.7613777169972309
"PASS: ""{{5, 2, 3}, 1, \"Regular\"} pole -1"
"POLE_ASSEMBLY "{{5, 2, 3}, -1, "Delta"}
"POLE_ASSEMBLY "{{5, 2, 3}, -1, "L0"}
"POLE_ASSEMBLY "{{5, 2, 3}, -1, "L1"}
"POLE_ASSEMBLY "{{5, 2, 3}, -1, "Regular"}
"RECOIL_POLYNOMIAL_BACKEND_START input_bytes "22803840" transfer_bytes "2781334
"EXACT_POLYNOMIAL_SUM recoil_derivative 16 855 0.257\nEXACT_POLYNOMIAL_SUM recoil_derivative 32 855 0.259\nEXACT_POLYNOMIAL_SUM recoil_derivative 48 855 0.261\nEXACT_POLYNOMIAL_SUM recoil_derivative 64 855 0.263\nEXACT_POLYNOMIAL_SUM recoil_derivative 80 855 0.265\nEXACT_POLYNOMIAL_SUM recoil_derivative 96 855 0.266\nEXACT_POLYNOMIAL_SUM recoil_derivative 112 855 0.268\nEXACT_POLYNOMIAL_SUM recoil_derivative 128 855 0.27\nEXACT_POLYNOMIAL_SUM recoil_derivative 144 855 0.272\nEXACT_POLYNOMIAL_SUM recoil_derivative 160 855 0.274\nEXACT_POLYNOMIAL_SUM recoil_derivative 176 855 0.276\nEXACT_POLYNOMIAL_SUM recoil_derivative 192 855 0.278\nEXACT_POLYNOMIAL_SUM recoil_derivative 208 855 0.28\nEXACT_POLYNOMIAL_SUM recoil_derivative 224 855 0.282\nEXACT_POLYNOMIAL_SUM recoil_derivative 240 855 0.284\nEXACT_POLYNOMIAL_SUM recoil_derivative 256 855 0.286\nEXACT_POLYNOMIAL_SUM recoil_derivative 272 855 0.287\nEXACT_POLYNOMIAL_SUM recoil_derivative 288 855 0.289\nEXACT_POLYNOMIAL_SUM recoil_derivative 304 855 0.292\nEXACT_POLYNOMIAL_SUM recoil_derivative 320 855 0.294\nEXACT_POLYNOMIAL_SUM recoil_derivative 336 855 0.295\nEXACT_POLYNOMIAL_SUM recoil_derivative 352 855 0.297\nEXACT_POLYNOMIAL_SUM recoil_derivative 368 855 0.298\nEXACT_POLYNOMIAL_SUM recoil_derivative 384 855 0.3\nEXACT_POLYNOMIAL_SUM recoil_derivative 400 855 0.301\nEXACT_POLYNOMIAL_SUM recoil_derivative 416 855 0.303\nEXACT_POLYNOMIAL_SUM recoil_derivative 432 855 0.304\nEXACT_POLYNOMIAL_SUM recoil_derivative 448 855 0.306\nEXACT_POLYNOMIAL_SUM recoil_derivative 464 855 0.308\nEXACT_POLYNOMIAL_SUM recoil_derivative 480 855 0.31\nEXACT_POLYNOMIAL_SUM recoil_derivative 496 855 0.313\nEXACT_POLYNOMIAL_SUM recoil_derivative 512 855 0.315\nEXACT_POLYNOMIAL_SUM recoil_derivative 528 855 0.318\nEXACT_POLYNOMIAL_SUM recoil_derivative 544 855 0.321\nEXACT_POLYNOMIAL_SUM recoil_derivative 560 855 0.324\nEXACT_POLYNOMIAL_SUM recoil_derivative 576 855 0.326\nEXACT_POLYNOMIAL_SUM recoil_derivative 592 855 0.328\nEXACT_POLYNOMIAL_SUM recoil_derivative 608 855 0.329\nEXACT_POLYNOMIAL_SUM recoil_derivative 624 855 0.331\nEXACT_POLYNOMIAL_SUM recoil_derivative 640 855 0.332\nEXACT_POLYNOMIAL_SUM recoil_derivative 656 855 0.334\nEXACT_POLYNOMIAL_SUM recoil_derivative 672 855 0.336\nEXACT_POLYNOMIAL_SUM recoil_derivative 688 855 0.337\nEXACT_POLYNOMIAL_SUM recoil_derivative 704 855 0.339\nEXACT_POLYNOMIAL_SUM recoil_derivative 720 855 0.341\nEXACT_POLYNOMIAL_SUM recoil_derivative 736 855 0.342\nEXACT_POLYNOMIAL_SUM recoil_derivative 752 855 0.344\nEXACT_POLYNOMIAL_SUM recoil_derivative 768 855 0.345\nEXACT_POLYNOMIAL_SUM recoil_derivative 784 855 0.347\nEXACT_POLYNOMIAL_SUM recoil_derivative 800 855 0.349\nEXACT_POLYNOMIAL_SUM recoil_derivative 816 855 0.35\nEXACT_POLYNOMIAL_SUM recoil_derivative 832 855 0.352\nEXACT_POLYNOMIAL_SUM recoil_derivative 848 855 0.354\nEXACT_POLYNOMIAL_SUM recoil_derivative 855 855 0.355\nPASS: exact recoil derivative polynomial sum\n"
""
"RECOIL_POLYNOMIAL_ACCEPTED seconds "11.895642`7.526932879090231" input_bytes "22803840" output_bytes "890848" backend_seconds "0.7640649850000045
"PASS: ""{{5, 2, 3}, -1, \"Regular\"} pole -1"
"PASS: ""real endpoint branches share a boundary"
"POLE_ASSEMBLY "{{5, 2, 3}, 0, "Delta"}
"POLE_ASSEMBLY "{{5, 2, 3}, 0, "L0"}
"POLE_ASSEMBLY "{{5, 2, 3}, 0, "L1"}
"POLE_ASSEMBLY "{{5, 2, 3}, 0, "Regular"}
"RECOIL_POLYNOMIAL_BACKEND_START input_bytes "1001464" transfer_bytes "132514
"EXACT_POLYNOMIAL_SUM recoil_derivative 16 202 0.018\nEXACT_POLYNOMIAL_SUM recoil_derivative 32 202 0.019\nEXACT_POLYNOMIAL_SUM recoil_derivative 48 202 0.019\nEXACT_POLYNOMIAL_SUM recoil_derivative 64 202 0.019\nEXACT_POLYNOMIAL_SUM recoil_derivative 80 202 0.02\nEXACT_POLYNOMIAL_SUM recoil_derivative 96 202 0.02\nEXACT_POLYNOMIAL_SUM recoil_derivative 112 202 0.02\nEXACT_POLYNOMIAL_SUM recoil_derivative 128 202 0.021\nEXACT_POLYNOMIAL_SUM recoil_derivative 144 202 0.021\nEXACT_POLYNOMIAL_SUM recoil_derivative 160 202 0.021\nEXACT_POLYNOMIAL_SUM recoil_derivative 176 202 0.021\nEXACT_POLYNOMIAL_SUM recoil_derivative 192 202 0.022\nEXACT_POLYNOMIAL_SUM recoil_derivative 202 202 0.022\nPASS: exact recoil derivative polynomial sum\n"
""
"RECOIL_POLYNOMIAL_ACCEPTED seconds "2.363903`6.825174645303736" input_bytes "1001464" output_bytes "188024" backend_seconds "0.06138523799745599
"PASS: ""{{5, 2, 3}, 0, \"Regular\"} pole -1"
"PASS: ""finite physical component"
"FINITE_COMPONENT_MEMORY "{5, 2, 3}" before "4426061448" after "4436334696
"POLE_ASSEMBLY "{{5, 2, 4}, 1, "Delta"}
"PASS: ""finite symbolic input parts"
"PASS: ""evaluated Laurent polynomial"
"PASS: ""finite evaluated tensor"
"POLE_ASSEMBLY "{{5, 2, 4}, 1, "L0"}
"POLE_ASSEMBLY "{{5, 2, 4}, 1, "L1"}
"POLE_ASSEMBLY "{{5, 2, 4}, 1, "Regular"}
"POLE_ASSEMBLY "{{5, 2, 4}, -1, "Delta"}
"POLE_ASSEMBLY "{{5, 2, 4}, -1, "L0"}
"POLE_ASSEMBLY "{{5, 2, 4}, -1, "L1"}
"POLE_ASSEMBLY "{{5, 2, 4}, -1, "Regular"}
"PASS: ""real endpoint branches share a boundary"
"POLE_ASSEMBLY "{{5, 2, 4}, 0, "Delta"}
"POLE_ASSEMBLY "{{5, 2, 4}, 0, "L0"}
"POLE_ASSEMBLY "{{5, 2, 4}, 0, "L1"}
"POLE_ASSEMBLY "{{5, 2, 4}, 0, "Regular"}
"PASS: ""finite physical component"
"FINITE_COMPONENT_MEMORY "{5, 2, 4}" before "4436334592" after "4436337840
"POLE_ASSEMBLY "{{5, 3, 1}, 1, "Delta"}
"PASS: ""finite symbolic input parts"
"PASS: ""evaluated Laurent polynomial"
"PASS: ""finite evaluated tensor"
"POLE_ASSEMBLY "{{5, 3, 1}, 1, "L0"}
"POLE_ASSEMBLY "{{5, 3, 1}, 1, "L1"}
"PASS: ""integer finite Laurent support"
"PASS: ""complete Laurent polynomial"
"PASS: ""regulator-independent Laurent coefficients"
"PASS: ""exact Laurent polynomial reconstruction"
"PASS: ""phase kernel has no truncated input series"
"PASS: ""reference phase product evaluated"
"POLE_ASSEMBLY "{{5, 3, 1}, 1, "Regular"}
"PASS: ""accepted exact polynomial backend retained"
"PASS: ""entire finite sum exactly decomposed"
"PASS: ""raw scalar ratio exactly reconstructs"
"PASS: ""unassigned algebraic input generators"
"PASS: ""algebraic generators preserve the exact input"
"PASS: ""complete rational polynomial support"
"PASS: ""unassigned polynomial transfer generators"
"PASS: ""complete polynomial transfer text reconstructs"
"PASS: ""exact native polynomial JSON transfer"
"RECOIL_POLYNOMIAL_BACKEND_START input_bytes "13047296" transfer_bytes "1839872
"EXACT_POLYNOMIAL_SUM recoil_derivative 16 609 0.254\nEXACT_POLYNOMIAL_SUM recoil_derivative 32 609 0.255\nEXACT_POLYNOMIAL_SUM recoil_derivative 48 609 0.257\nEXACT_POLYNOMIAL_SUM recoil_derivative 64 609 0.258\nEXACT_POLYNOMIAL_SUM recoil_derivative 80 609 0.26\nEXACT_POLYNOMIAL_SUM recoil_derivative 96 609 0.262\nEXACT_POLYNOMIAL_SUM recoil_derivative 112 609 0.265\nEXACT_POLYNOMIAL_SUM recoil_derivative 128 609 0.268\nEXACT_POLYNOMIAL_SUM recoil_derivative 144 609 0.271\nEXACT_POLYNOMIAL_SUM recoil_derivative 160 609 0.276\nEXACT_POLYNOMIAL_SUM recoil_derivative 176 609 0.28\nEXACT_POLYNOMIAL_SUM recoil_derivative 192 609 0.283\nEXACT_POLYNOMIAL_SUM recoil_derivative 208 609 0.287\nEXACT_POLYNOMIAL_SUM recoil_derivative 224 609 0.29\nEXACT_POLYNOMIAL_SUM recoil_derivative 240 609 0.294\nEXACT_POLYNOMIAL_SUM recoil_derivative 256 609 0.297\nEXACT_POLYNOMIAL_SUM recoil_derivative 272 609 0.301\nEXACT_POLYNOMIAL_SUM recoil_derivative 288 609 0.304\nEXACT_POLYNOMIAL_SUM recoil_derivative 304 609 0.309\nEXACT_POLYNOMIAL_SUM recoil_derivative 320 609 0.312\nEXACT_POLYNOMIAL_SUM recoil_derivative 336 609 0.315\nEXACT_POLYNOMIAL_SUM recoil_derivative 352 609 0.319\nEXACT_POLYNOMIAL_SUM recoil_derivative 368 609 0.322\nEXACT_POLYNOMIAL_SUM recoil_derivative 384 609 0.325\nEXACT_POLYNOMIAL_SUM recoil_derivative 400 609 0.329\nEXACT_POLYNOMIAL_SUM recoil_derivative 416 609 0.335\nEXACT_POLYNOMIAL_SUM recoil_derivative 432 609 0.342\nEXACT_POLYNOMIAL_SUM recoil_derivative 448 609 0.346\nEXACT_POLYNOMIAL_SUM recoil_derivative 464 609 0.349\nEXACT_POLYNOMIAL_SUM recoil_derivative 480 609 0.352\nEXACT_POLYNOMIAL_SUM recoil_derivative 496 609 0.356\nEXACT_POLYNOMIAL_SUM recoil_derivative 512 609 0.361\nEXACT_POLYNOMIAL_SUM recoil_derivative 528 609 0.364\nEXACT_POLYNOMIAL_SUM recoil_derivative 544 609 0.367\nEXACT_POLYNOMIAL_SUM recoil_derivative 560 609 0.371\nEXACT_POLYNOMIAL_SUM recoil_derivative 576 609 0.374\nEXACT_POLYNOMIAL_SUM recoil_derivative 592 609 0.379\nEXACT_POLYNOMIAL_SUM recoil_derivative 608 609 0.386\nEXACT_POLYNOMIAL_SUM recoil_derivative 609 609 0.387\nPASS: exact recoil derivative polynomial sum\n"
""
"PASS: ""exact polynomial normalization completed"
"PASS: ""complete normalization backend identity"
"PASS: ""exact existing cancellation gates passed"
"PASS: ""complete physical scalar reconstruction"
"PASS: ""bounded normalized scalar cache"
"PASS: ""exact normalized scalar reload"
"RECOIL_POLYNOMIAL_ACCEPTED seconds "12.14193`7.535832718268997" input_bytes "13047296" output_bytes "2240896" backend_seconds "2.326738582996768
"PASS: ""{{5, 3, 1}, 1, \"Regular\"} pole -1"
"POLE_ASSEMBLY "{{5, 3, 1}, -1, "Delta"}
"POLE_ASSEMBLY "{{5, 3, 1}, -1, "L0"}
"POLE_ASSEMBLY "{{5, 3, 1}, -1, "L1"}
"POLE_ASSEMBLY "{{5, 3, 1}, -1, "Regular"}
"RECOIL_POLYNOMIAL_BACKEND_START input_bytes "14975744" transfer_bytes "1865434
"EXACT_POLYNOMIAL_SUM recoil_derivative 16 609 0.244\nEXACT_POLYNOMIAL_SUM recoil_derivative 32 609 0.246\nEXACT_POLYNOMIAL_SUM recoil_derivative 48 609 0.247\nEXACT_POLYNOMIAL_SUM recoil_derivative 64 609 0.249\nEXACT_POLYNOMIAL_SUM recoil_derivative 80 609 0.251\nEXACT_POLYNOMIAL_SUM recoil_derivative 96 609 0.254\nEXACT_POLYNOMIAL_SUM recoil_derivative 112 609 0.257\nEXACT_POLYNOMIAL_SUM recoil_derivative 128 609 0.26\nEXACT_POLYNOMIAL_SUM recoil_derivative 144 609 0.264\nEXACT_POLYNOMIAL_SUM recoil_derivative 160 609 0.267\nEXACT_POLYNOMIAL_SUM recoil_derivative 176 609 0.273\nEXACT_POLYNOMIAL_SUM recoil_derivative 192 609 0.276\nEXACT_POLYNOMIAL_SUM recoil_derivative 208 609 0.279\nEXACT_POLYNOMIAL_SUM recoil_derivative 224 609 0.283\nEXACT_POLYNOMIAL_SUM recoil_derivative 240 609 0.286\nEXACT_POLYNOMIAL_SUM recoil_derivative 256 609 0.289\nEXACT_POLYNOMIAL_SUM recoil_derivative 272 609 0.295\nEXACT_POLYNOMIAL_SUM recoil_derivative 288 609 0.299\nEXACT_POLYNOMIAL_SUM recoil_derivative 304 609 0.302\nEXACT_POLYNOMIAL_SUM recoil_derivative 320 609 0.305\nEXACT_POLYNOMIAL_SUM recoil_derivative 336 609 0.308\nEXACT_POLYNOMIAL_SUM recoil_derivative 352 609 0.312\nEXACT_POLYNOMIAL_SUM recoil_derivative 368 609 0.316\nEXACT_POLYNOMIAL_SUM recoil_derivative 384 609 0.319\nEXACT_POLYNOMIAL_SUM recoil_derivative 400 609 0.322\nEXACT_POLYNOMIAL_SUM recoil_derivative 416 609 0.326\nEXACT_POLYNOMIAL_SUM recoil_derivative 432 609 0.33\nEXACT_POLYNOMIAL_SUM recoil_derivative 448 609 0.333\nEXACT_POLYNOMIAL_SUM recoil_derivative 464 609 0.336\nEXACT_POLYNOMIAL_SUM recoil_derivative 480 609 0.339\nEXACT_POLYNOMIAL_SUM recoil_derivative 496 609 0.344\nEXACT_POLYNOMIAL_SUM recoil_derivative 512 609 0.349\nEXACT_POLYNOMIAL_SUM recoil_derivative 528 609 0.352\nEXACT_POLYNOMIAL_SUM recoil_derivative 544 609 0.355\nEXACT_POLYNOMIAL_SUM recoil_derivative 560 609 0.359\nEXACT_POLYNOMIAL_SUM recoil_derivative 576 609 0.362\nEXACT_POLYNOMIAL_SUM recoil_derivative 592 609 0.365\nEXACT_POLYNOMIAL_SUM recoil_derivative 608 609 0.369\nEXACT_POLYNOMIAL_SUM recoil_derivative 609 609 0.37\nPASS: exact recoil derivative polynomial sum\n"
""
"RECOIL_POLYNOMIAL_ACCEPTED seconds "12.505127`7.548633100207767" input_bytes "14975744" output_bytes "2522128" backend_seconds "2.0582287819997873
"PASS: ""{{5, 3, 1}, -1, \"Regular\"} pole -1"
"PASS: ""real endpoint branches share a boundary"
"POLE_ASSEMBLY "{{5, 3, 1}, 0, "Delta"}
"POLE_ASSEMBLY "{{5, 3, 1}, 0, "L0"}
"POLE_ASSEMBLY "{{5, 3, 1}, 0, "L1"}
"POLE_ASSEMBLY "{{5, 3, 1}, 0, "Regular"}
"RECOIL_POLYNOMIAL_BACKEND_START input_bytes "1134232" transfer_bytes "157210
"EXACT_POLYNOMIAL_SUM recoil_derivative 16 200 0.019\nEXACT_POLYNOMIAL_SUM recoil_derivative 32 200 0.019\nEXACT_POLYNOMIAL_SUM recoil_derivative 48 200 0.02\nEXACT_POLYNOMIAL_SUM recoil_derivative 64 200 0.021\nEXACT_POLYNOMIAL_SUM recoil_derivative 80 200 0.021\nEXACT_POLYNOMIAL_SUM recoil_derivative 96 200 0.021\nEXACT_POLYNOMIAL_SUM recoil_derivative 112 200 0.022\nEXACT_POLYNOMIAL_SUM recoil_derivative 128 200 0.022\nEXACT_POLYNOMIAL_SUM recoil_derivative 144 200 0.023\nEXACT_POLYNOMIAL_SUM recoil_derivative 160 200 0.023\nEXACT_POLYNOMIAL_SUM recoil_derivative 176 200 0.024\nEXACT_POLYNOMIAL_SUM recoil_derivative 192 200 0.024\nEXACT_POLYNOMIAL_SUM recoil_derivative 200 200 0.024\nPASS: exact recoil derivative polynomial sum\n"
""
"RECOIL_POLYNOMIAL_ACCEPTED seconds "2.630109`6.871518740889761" input_bytes "1134232" output_bytes "334816" backend_seconds "0.07735174600384198
"PASS: ""{{5, 3, 1}, 0, \"Regular\"} pole -1"
"PASS: ""finite physical component"
"FINITE_COMPONENT_MEMORY "{5, 3, 1}" before "4436337736" after "4442993872
"POLE_ASSEMBLY "{{5, 3, 2}, 1, "Delta"}
"PASS: ""finite symbolic input parts"
"PASS: ""evaluated Laurent polynomial"
"PASS: ""finite evaluated tensor"
"POLE_ASSEMBLY "{{5, 3, 2}, 1, "L0"}
"POLE_ASSEMBLY "{{5, 3, 2}, 1, "L1"}
"PASS: ""integer finite Laurent support"
"PASS: ""complete Laurent polynomial"
"PASS: ""regulator-independent Laurent coefficients"
"PASS: ""exact Laurent polynomial reconstruction"
"PASS: ""phase kernel has no truncated input series"
"PASS: ""reference phase product evaluated"
"POLE_ASSEMBLY "{{5, 3, 2}, 1, "Regular"}
"PASS: ""accepted exact polynomial backend retained"
"PASS: ""entire finite sum exactly decomposed"
"PASS: ""raw scalar ratio exactly reconstructs"
"PASS: ""unassigned algebraic input generators"
"PASS: ""algebraic generators preserve the exact input"
"PASS: ""complete rational polynomial support"
"PASS: ""unassigned polynomial transfer generators"
"PASS: ""complete polynomial transfer text reconstructs"
"PASS: ""exact native polynomial JSON transfer"
"RECOIL_POLYNOMIAL_BACKEND_START input_bytes "20031176" transfer_bytes "2781391
"EXACT_POLYNOMIAL_SUM recoil_derivative 16 855 0.248\nEXACT_POLYNOMIAL_SUM recoil_derivative 32 855 0.249\nEXACT_POLYNOMIAL_SUM recoil_derivative 48 855 0.251\nEXACT_POLYNOMIAL_SUM recoil_derivative 64 855 0.253\nEXACT_POLYNOMIAL_SUM recoil_derivative 80 855 0.255\nEXACT_POLYNOMIAL_SUM recoil_derivative 96 855 0.257\nEXACT_POLYNOMIAL_SUM recoil_derivative 112 855 0.259\nEXACT_POLYNOMIAL_SUM recoil_derivative 128 855 0.261\nEXACT_POLYNOMIAL_SUM recoil_derivative 144 855 0.263\nEXACT_POLYNOMIAL_SUM recoil_derivative 160 855 0.265\nEXACT_POLYNOMIAL_SUM recoil_derivative 176 855 0.268\nEXACT_POLYNOMIAL_SUM recoil_derivative 192 855 0.269\nEXACT_POLYNOMIAL_SUM recoil_derivative 208 855 0.271\nEXACT_POLYNOMIAL_SUM recoil_derivative 224 855 0.273\nEXACT_POLYNOMIAL_SUM recoil_derivative 240 855 0.275\nEXACT_POLYNOMIAL_SUM recoil_derivative 256 855 0.277\nEXACT_POLYNOMIAL_SUM recoil_derivative 272 855 0.279\nEXACT_POLYNOMIAL_SUM recoil_derivative 288 855 0.28\nEXACT_POLYNOMIAL_SUM recoil_derivative 304 855 0.282\nEXACT_POLYNOMIAL_SUM recoil_derivative 320 855 0.284\nEXACT_POLYNOMIAL_SUM recoil_derivative 336 855 0.285\nEXACT_POLYNOMIAL_SUM recoil_derivative 352 855 0.287\nEXACT_POLYNOMIAL_SUM recoil_derivative 368 855 0.289\nEXACT_POLYNOMIAL_SUM recoil_derivative 384 855 0.29\nEXACT_POLYNOMIAL_SUM recoil_derivative 400 855 0.292\nEXACT_POLYNOMIAL_SUM recoil_derivative 416 855 0.293\nEXACT_POLYNOMIAL_SUM recoil_derivative 432 855 0.295\nEXACT_POLYNOMIAL_SUM recoil_derivative 448 855 0.297\nEXACT_POLYNOMIAL_SUM recoil_derivative 464 855 0.298\nEXACT_POLYNOMIAL_SUM recoil_derivative 480 855 0.3\nEXACT_POLYNOMIAL_SUM recoil_derivative 496 855 0.301\nEXACT_POLYNOMIAL_SUM recoil_derivative 512 855 0.303\nEXACT_POLYNOMIAL_SUM recoil_derivative 528 855 0.305\nEXACT_POLYNOMIAL_SUM recoil_derivative 544 855 0.306\nEXACT_POLYNOMIAL_SUM recoil_derivative 560 855 0.308\nEXACT_POLYNOMIAL_SUM recoil_derivative 576 855 0.309\nEXACT_POLYNOMIAL_SUM recoil_derivative 592 855 0.311\nEXACT_POLYNOMIAL_SUM recoil_derivative 608 855 0.313\nEXACT_POLYNOMIAL_SUM recoil_derivative 624 855 0.314\nEXACT_POLYNOMIAL_SUM recoil_derivative 640 855 0.316\nEXACT_POLYNOMIAL_SUM recoil_derivative 656 855 0.317\nEXACT_POLYNOMIAL_SUM recoil_derivative 672 855 0.319\nEXACT_POLYNOMIAL_SUM recoil_derivative 688 855 0.321\nEXACT_POLYNOMIAL_SUM recoil_derivative 704 855 0.322\nEXACT_POLYNOMIAL_SUM recoil_derivative 720 855 0.324\nEXACT_POLYNOMIAL_SUM recoil_derivative 736 855 0.326\nEXACT_POLYNOMIAL_SUM recoil_derivative 752 855 0.327\nEXACT_POLYNOMIAL_SUM recoil_derivative 768 855 0.329\nEXACT_POLYNOMIAL_SUM recoil_derivative 784 855 0.331\nEXACT_POLYNOMIAL_SUM recoil_derivative 800 855 0.332\nEXACT_POLYNOMIAL_SUM recoil_derivative 816 855 0.334\nEXACT_POLYNOMIAL_SUM recoil_derivative 832 855 0.336\nEXACT_POLYNOMIAL_SUM recoil_derivative 848 855 0.338\nEXACT_POLYNOMIAL_SUM recoil_derivative 855 855 0.339\nPASS: exact recoil derivative polynomial sum\n"
""
"PASS: ""exact polynomial normalization completed"
"PASS: ""complete normalization backend identity"
"PASS: ""exact existing cancellation gates passed"
"PASS: ""complete physical scalar reconstruction"
"PASS: ""bounded normalized scalar cache"
"PASS: ""exact normalized scalar reload"
"RECOIL_POLYNOMIAL_ACCEPTED seconds "11.335573`7.505988471593134" input_bytes "20031176" output_bytes "792376" backend_seconds "0.7542924410008709
"PASS: ""{{5, 3, 2}, 1, \"Regular\"} pole -1"
"POLE_ASSEMBLY "{{5, 3, 2}, -1, "Delta"}
"POLE_ASSEMBLY "{{5, 3, 2}, -1, "L0"}
"POLE_ASSEMBLY "{{5, 3, 2}, -1, "L1"}
"POLE_ASSEMBLY "{{5, 3, 2}, -1, "Regular"}
"RECOIL_POLYNOMIAL_BACKEND_START input_bytes "22803824" transfer_bytes "2781407
"EXACT_POLYNOMIAL_SUM recoil_derivative 16 855 0.253\nEXACT_POLYNOMIAL_SUM recoil_derivative 32 855 0.255\nEXACT_POLYNOMIAL_SUM recoil_derivative 48 855 0.257\nEXACT_POLYNOMIAL_SUM recoil_derivative 64 855 0.259\nEXACT_POLYNOMIAL_SUM recoil_derivative 80 855 0.261\nEXACT_POLYNOMIAL_SUM recoil_derivative 96 855 0.262\nEXACT_POLYNOMIAL_SUM recoil_derivative 112 855 0.264\nEXACT_POLYNOMIAL_SUM recoil_derivative 128 855 0.266\nEXACT_POLYNOMIAL_SUM recoil_derivative 144 855 0.268\nEXACT_POLYNOMIAL_SUM recoil_derivative 160 855 0.27\nEXACT_POLYNOMIAL_SUM recoil_derivative 176 855 0.272\nEXACT_POLYNOMIAL_SUM recoil_derivative 192 855 0.274\nEXACT_POLYNOMIAL_SUM recoil_derivative 208 855 0.276\nEXACT_POLYNOMIAL_SUM recoil_derivative 224 855 0.278\nEXACT_POLYNOMIAL_SUM recoil_derivative 240 855 0.28\nEXACT_POLYNOMIAL_SUM recoil_derivative 256 855 0.285\nEXACT_POLYNOMIAL_SUM recoil_derivative 272 855 0.287\nEXACT_POLYNOMIAL_SUM recoil_derivative 288 855 0.292\nEXACT_POLYNOMIAL_SUM recoil_derivative 304 855 0.294\nEXACT_POLYNOMIAL_SUM recoil_derivative 320 855 0.296\nEXACT_POLYNOMIAL_SUM recoil_derivative 336 855 0.297\nEXACT_POLYNOMIAL_SUM recoil_derivative 352 855 0.299\nEXACT_POLYNOMIAL_SUM recoil_derivative 368 855 0.3\nEXACT_POLYNOMIAL_SUM recoil_derivative 384 855 0.302\nEXACT_POLYNOMIAL_SUM recoil_derivative 400 855 0.303\nEXACT_POLYNOMIAL_SUM recoil_derivative 416 855 0.304\nEXACT_POLYNOMIAL_SUM recoil_derivative 432 855 0.306\nEXACT_POLYNOMIAL_SUM recoil_derivative 448 855 0.308\nEXACT_POLYNOMIAL_SUM recoil_derivative 464 855 0.31\nEXACT_POLYNOMIAL_SUM recoil_derivative 480 855 0.311\nEXACT_POLYNOMIAL_SUM recoil_derivative 496 855 0.313\nEXACT_POLYNOMIAL_SUM recoil_derivative 512 855 0.314\nEXACT_POLYNOMIAL_SUM recoil_derivative 528 855 0.316\nEXACT_POLYNOMIAL_SUM recoil_derivative 544 855 0.317\nEXACT_POLYNOMIAL_SUM recoil_derivative 560 855 0.319\nEXACT_POLYNOMIAL_SUM recoil_derivative 576 855 0.32\nEXACT_POLYNOMIAL_SUM recoil_derivative 592 855 0.322\nEXACT_POLYNOMIAL_SUM recoil_derivative 608 855 0.324\nEXACT_POLYNOMIAL_SUM recoil_derivative 624 855 0.325\nEXACT_POLYNOMIAL_SUM recoil_derivative 640 855 0.327\nEXACT_POLYNOMIAL_SUM recoil_derivative 656 855 0.328\nEXACT_POLYNOMIAL_SUM recoil_derivative 672 855 0.33\nEXACT_POLYNOMIAL_SUM recoil_derivative 688 855 0.332\nEXACT_POLYNOMIAL_SUM recoil_derivative 704 855 0.333\nEXACT_POLYNOMIAL_SUM recoil_derivative 720 855 0.335\nEXACT_POLYNOMIAL_SUM recoil_derivative 736 855 0.336\nEXACT_POLYNOMIAL_SUM recoil_derivative 752 855 0.338\nEXACT_POLYNOMIAL_SUM recoil_derivative 768 855 0.34\nEXACT_POLYNOMIAL_SUM recoil_derivative 784 855 0.341\nEXACT_POLYNOMIAL_SUM recoil_derivative 800 855 0.343\nEXACT_POLYNOMIAL_SUM recoil_derivative 816 855 0.345\nEXACT_POLYNOMIAL_SUM recoil_derivative 832 855 0.347\nEXACT_POLYNOMIAL_SUM recoil_derivative 848 855 0.349\nEXACT_POLYNOMIAL_SUM recoil_derivative 855 855 0.349\nPASS: exact recoil derivative polynomial sum\n"
""
"RECOIL_POLYNOMIAL_ACCEPTED seconds "11.587394`7.515530767796258" input_bytes "22803824" output_bytes "893032" backend_seconds "0.7448306529986439
"PASS: ""{{5, 3, 2}, -1, \"Regular\"} pole -1"
"PASS: ""real endpoint branches share a boundary"
"POLE_ASSEMBLY "{{5, 3, 2}, 0, "Delta"}
"POLE_ASSEMBLY "{{5, 3, 2}, 0, "L0"}
"POLE_ASSEMBLY "{{5, 3, 2}, 0, "L1"}
"POLE_ASSEMBLY "{{5, 3, 2}, 0, "Regular"}
"RECOIL_POLYNOMIAL_BACKEND_START input_bytes "1001424" transfer_bytes "132579
"EXACT_POLYNOMIAL_SUM recoil_derivative 16 202 0.019\nEXACT_POLYNOMIAL_SUM recoil_derivative 32 202 0.019\nEXACT_POLYNOMIAL_SUM recoil_derivative 48 202 0.019\nEXACT_POLYNOMIAL_SUM recoil_derivative 64 202 0.019\nEXACT_POLYNOMIAL_SUM recoil_derivative 80 202 0.02\nEXACT_POLYNOMIAL_SUM recoil_derivative 96 202 0.02\nEXACT_POLYNOMIAL_SUM recoil_derivative 112 202 0.02\nEXACT_POLYNOMIAL_SUM recoil_derivative 128 202 0.02\nEXACT_POLYNOMIAL_SUM recoil_derivative 144 202 0.021\nEXACT_POLYNOMIAL_SUM recoil_derivative 160 202 0.021\nEXACT_POLYNOMIAL_SUM recoil_derivative 176 202 0.021\nEXACT_POLYNOMIAL_SUM recoil_derivative 192 202 0.021\nEXACT_POLYNOMIAL_SUM recoil_derivative 202 202 0.021\nPASS: exact recoil derivative polynomial sum\n"
""
"RECOIL_POLYNOMIAL_ACCEPTED seconds "2.41795`6.834992309479534" input_bytes "1001424" output_bytes "189728" backend_seconds "0.05219090599712217
"PASS: ""{{5, 3, 2}, 0, \"Regular\"} pole -1"
"PASS: ""finite physical component"
"FINITE_COMPONENT_MEMORY "{5, 3, 2}" before "4442993768" after "4452898920
"POLE_ASSEMBLY "{{5, 3, 3}, 1, "Delta"}
"PASS: ""finite symbolic input parts"
"PASS: ""evaluated Laurent polynomial"
"PASS: ""finite evaluated tensor"
"POLE_ASSEMBLY "{{5, 3, 3}, 1, "L0"}
"POLE_ASSEMBLY "{{5, 3, 3}, 1, "L1"}
"POLE_ASSEMBLY "{{5, 3, 3}, 1, "Regular"}
"POLE_ASSEMBLY "{{5, 3, 3}, -1, "Delta"}
"POLE_ASSEMBLY "{{5, 3, 3}, -1, "L0"}
"POLE_ASSEMBLY "{{5, 3, 3}, -1, "L1"}
"POLE_ASSEMBLY "{{5, 3, 3}, -1, "Regular"}
"PASS: ""real endpoint branches share a boundary"
"POLE_ASSEMBLY "{{5, 3, 3}, 0, "Delta"}
"POLE_ASSEMBLY "{{5, 3, 3}, 0, "L0"}
"POLE_ASSEMBLY "{{5, 3, 3}, 0, "L1"}
"POLE_ASSEMBLY "{{5, 3, 3}, 0, "Regular"}
"PASS: ""finite physical component"
"FINITE_COMPONENT_MEMORY "{5, 3, 3}" before "4452898816" after "4452902064
"POLE_ASSEMBLY "{{5, 3, 4}, 1, "Delta"}
"PASS: ""finite symbolic input parts"
"PASS: ""evaluated Laurent polynomial"
"PASS: ""finite evaluated tensor"
"POLE_ASSEMBLY "{{5, 3, 4}, 1, "L0"}
"POLE_ASSEMBLY "{{5, 3, 4}, 1, "L1"}
"POLE_ASSEMBLY "{{5, 3, 4}, 1, "Regular"}
"POLE_ASSEMBLY "{{5, 3, 4}, -1, "Delta"}
"POLE_ASSEMBLY "{{5, 3, 4}, -1, "L0"}
"POLE_ASSEMBLY "{{5, 3, 4}, -1, "L1"}
"POLE_ASSEMBLY "{{5, 3, 4}, -1, "Regular"}
"PASS: ""real endpoint branches share a boundary"
"POLE_ASSEMBLY "{{5, 3, 4}, 0, "Delta"}
"POLE_ASSEMBLY "{{5, 3, 4}, 0, "L0"}
"POLE_ASSEMBLY "{{5, 3, 4}, 0, "L1"}
"POLE_ASSEMBLY "{{5, 3, 4}, 0, "Regular"}
"PASS: ""finite physical component"
"FINITE_COMPONENT_MEMORY "{5, 3, 4}" before "4452901960" after "4452905208
"POLE_ASSEMBLY "{{5, 4, 1}, 1, "Delta"}
"PASS: ""finite symbolic input parts"
"PASS: ""evaluated Laurent polynomial"
"PASS: ""finite evaluated tensor"
"POLE_ASSEMBLY "{{5, 4, 1}, 1, "L0"}
"POLE_ASSEMBLY "{{5, 4, 1}, 1, "L1"}
"POLE_ASSEMBLY "{{5, 4, 1}, 1, "Regular"}
"POLE_ASSEMBLY "{{5, 4, 1}, -1, "Delta"}
"POLE_ASSEMBLY "{{5, 4, 1}, -1, "L0"}
"POLE_ASSEMBLY "{{5, 4, 1}, -1, "L1"}
"POLE_ASSEMBLY "{{5, 4, 1}, -1, "Regular"}
"PASS: ""real endpoint branches share a boundary"
"POLE_ASSEMBLY "{{5, 4, 1}, 0, "Delta"}
"POLE_ASSEMBLY "{{5, 4, 1}, 0, "L0"}
"POLE_ASSEMBLY "{{5, 4, 1}, 0, "L1"}
"POLE_ASSEMBLY "{{5, 4, 1}, 0, "Regular"}
"PASS: ""finite physical component"
"FINITE_COMPONENT_MEMORY "{5, 4, 1}" before "4452905104" after "4452908352
"POLE_ASSEMBLY "{{5, 4, 2}, 1, "Delta"}
"PASS: ""finite symbolic input parts"
"PASS: ""evaluated Laurent polynomial"
"PASS: ""finite evaluated tensor"
"POLE_ASSEMBLY "{{5, 4, 2}, 1, "L0"}
"POLE_ASSEMBLY "{{5, 4, 2}, 1, "L1"}
"POLE_ASSEMBLY "{{5, 4, 2}, 1, "Regular"}
"POLE_ASSEMBLY "{{5, 4, 2}, -1, "Delta"}
"POLE_ASSEMBLY "{{5, 4, 2}, -1, "L0"}
"POLE_ASSEMBLY "{{5, 4, 2}, -1, "L1"}
"POLE_ASSEMBLY "{{5, 4, 2}, -1, "Regular"}
"PASS: ""real endpoint branches share a boundary"
"POLE_ASSEMBLY "{{5, 4, 2}, 0, "Delta"}
"POLE_ASSEMBLY "{{5, 4, 2}, 0, "L0"}
"POLE_ASSEMBLY "{{5, 4, 2}, 0, "L1"}
"POLE_ASSEMBLY "{{5, 4, 2}, 0, "Regular"}
"PASS: ""finite physical component"
"FINITE_COMPONENT_MEMORY "{5, 4, 2}" before "4452908248" after "4452911496
"POLE_ASSEMBLY "{{5, 4, 3}, 1, "Delta"}
"PASS: ""finite symbolic input parts"
"PASS: ""evaluated Laurent polynomial"
"PASS: ""finite evaluated tensor"
"POLE_ASSEMBLY "{{5, 4, 3}, 1, "L0"}
"POLE_ASSEMBLY "{{5, 4, 3}, 1, "L1"}
"POLE_ASSEMBLY "{{5, 4, 3}, 1, "Regular"}
"POLE_ASSEMBLY "{{5, 4, 3}, -1, "Delta"}
"POLE_ASSEMBLY "{{5, 4, 3}, -1, "L0"}
"POLE_ASSEMBLY "{{5, 4, 3}, -1, "L1"}
"POLE_ASSEMBLY "{{5, 4, 3}, -1, "Regular"}
"PASS: ""real endpoint branches share a boundary"
"POLE_ASSEMBLY "{{5, 4, 3}, 0, "Delta"}
"POLE_ASSEMBLY "{{5, 4, 3}, 0, "L0"}
"POLE_ASSEMBLY "{{5, 4, 3}, 0, "L1"}
"POLE_ASSEMBLY "{{5, 4, 3}, 0, "Regular"}
"PASS: ""finite physical component"
"FINITE_COMPONENT_MEMORY "{5, 4, 3}" before "4452911392" after "4452914640
"POLE_ASSEMBLY "{{5, 4, 4}, 1, "Delta"}
"PASS: ""finite symbolic input parts"
"PASS: ""evaluated Laurent polynomial"
"PASS: ""finite evaluated tensor"
"POLE_ASSEMBLY "{{5, 4, 4}, 1, "L0"}
"POLE_ASSEMBLY "{{5, 4, 4}, 1, "L1"}
"POLE_ASSEMBLY "{{5, 4, 4}, 1, "Regular"}
"POLE_ASSEMBLY "{{5, 4, 4}, -1, "Delta"}
"POLE_ASSEMBLY "{{5, 4, 4}, -1, "L0"}
"POLE_ASSEMBLY "{{5, 4, 4}, -1, "L1"}
"POLE_ASSEMBLY "{{5, 4, 4}, -1, "Regular"}
"PASS: ""real endpoint branches share a boundary"
"POLE_ASSEMBLY "{{5, 4, 4}, 0, "Delta"}
"POLE_ASSEMBLY "{{5, 4, 4}, 0, "L0"}
"POLE_ASSEMBLY "{{5, 4, 4}, 0, "L1"}
"POLE_ASSEMBLY "{{5, 4, 4}, 0, "Regular"}
"PASS: ""finite physical component"
"FINITE_COMPONENT_MEMORY "{5, 4, 4}" before "4452914536" after "4452917784
"POLE_ASSEMBLY "{{6, 1, 1}, 1, "Delta"}
"PASS: ""finite symbolic input parts"
"PASS: ""evaluated Laurent polynomial"
"PASS: ""finite evaluated tensor"
"POLE_ASSEMBLY "{{6, 1, 1}, 1, "L0"}
"POLE_ASSEMBLY "{{6, 1, 1}, 1, "L1"}
"POLE_ASSEMBLY "{{6, 1, 1}, 1, "Regular"}
"POLE_ASSEMBLY "{{6, 1, 1}, -1, "Delta"}
"POLE_ASSEMBLY "{{6, 1, 1}, -1, "L0"}
"POLE_ASSEMBLY "{{6, 1, 1}, -1, "L1"}
"POLE_ASSEMBLY "{{6, 1, 1}, -1, "Regular"}
"PASS: ""real endpoint branches share a boundary"
"POLE_ASSEMBLY "{{6, 1, 1}, 0, "Delta"}
"POLE_ASSEMBLY "{{6, 1, 1}, 0, "L0"}
"POLE_ASSEMBLY "{{6, 1, 1}, 0, "L1"}
"POLE_ASSEMBLY "{{6, 1, 1}, 0, "Regular"}
"PASS: ""finite physical component"
"FINITE_COMPONENT_MEMORY "{6, 1, 1}" before "4452917680" after "4452920928
"POLE_ASSEMBLY "{{6, 1, 2}, 1, "Delta"}
"PASS: ""finite symbolic input parts"
"PASS: ""evaluated Laurent polynomial"
"PASS: ""finite evaluated tensor"
"POLE_ASSEMBLY "{{6, 1, 2}, 1, "L0"}
"POLE_ASSEMBLY "{{6, 1, 2}, 1, "L1"}
"POLE_ASSEMBLY "{{6, 1, 2}, 1, "Regular"}
"POLE_ASSEMBLY "{{6, 1, 2}, -1, "Delta"}
"POLE_ASSEMBLY "{{6, 1, 2}, -1, "L0"}
"POLE_ASSEMBLY "{{6, 1, 2}, -1, "L1"}
"POLE_ASSEMBLY "{{6, 1, 2}, -1, "Regular"}
"PASS: ""real endpoint branches share a boundary"
"POLE_ASSEMBLY "{{6, 1, 2}, 0, "Delta"}
"POLE_ASSEMBLY "{{6, 1, 2}, 0, "L0"}
"POLE_ASSEMBLY "{{6, 1, 2}, 0, "L1"}
"POLE_ASSEMBLY "{{6, 1, 2}, 0, "Regular"}
"PASS: ""finite physical component"
"FINITE_COMPONENT_MEMORY "{6, 1, 2}" before "4452920824" after "4452924072
"POLE_ASSEMBLY "{{6, 1, 3}, 1, "Delta"}
"PASS: ""finite symbolic input parts"
"PASS: ""evaluated Laurent polynomial"
"PASS: ""finite evaluated tensor"
"POLE_ASSEMBLY "{{6, 1, 3}, 1, "L0"}
"POLE_ASSEMBLY "{{6, 1, 3}, 1, "L1"}
"PASS: ""integer finite Laurent support"
"PASS: ""complete Laurent polynomial"
"PASS: ""regulator-independent Laurent coefficients"
"PASS: ""exact Laurent polynomial reconstruction"
"PASS: ""phase kernel has no truncated input series"
"PASS: ""reference phase product evaluated"
"POLE_ASSEMBLY "{{6, 1, 3}, 1, "Regular"}
"PASS: ""accepted exact polynomial backend retained"
"PASS: ""entire finite sum exactly decomposed"
"PASS: ""raw scalar ratio exactly reconstructs"
"PASS: ""unassigned algebraic input generators"
"PASS: ""algebraic generators preserve the exact input"
"PASS: ""complete rational polynomial support"
"PASS: ""unassigned polynomial transfer generators"
"PASS: ""complete polynomial transfer text reconstructs"
"PASS: ""exact native polynomial JSON transfer"
"RECOIL_POLYNOMIAL_BACKEND_START input_bytes "34065616" transfer_bytes "4626739
"EXACT_POLYNOMIAL_SUM recoil_derivative 16 1057 0.206\nEXACT_POLYNOMIAL_SUM recoil_derivative 32 1057 0.207\nEXACT_POLYNOMIAL_SUM recoil_derivative 48 1057 0.209\nEXACT_POLYNOMIAL_SUM recoil_derivative 64 1057 0.212\nEXACT_POLYNOMIAL_SUM recoil_derivative 80 1057 0.214\nEXACT_POLYNOMIAL_SUM recoil_derivative 96 1057 0.217\nEXACT_POLYNOMIAL_SUM recoil_derivative 112 1057 0.219\nEXACT_POLYNOMIAL_SUM recoil_derivative 128 1057 0.22\nEXACT_POLYNOMIAL_SUM recoil_derivative 144 1057 0.221\nEXACT_POLYNOMIAL_SUM recoil_derivative 160 1057 0.222\nEXACT_POLYNOMIAL_SUM recoil_derivative 176 1057 0.223\nEXACT_POLYNOMIAL_SUM recoil_derivative 192 1057 0.224\nEXACT_POLYNOMIAL_SUM recoil_derivative 208 1057 0.225\nEXACT_POLYNOMIAL_SUM recoil_derivative 224 1057 0.226\nEXACT_POLYNOMIAL_SUM recoil_derivative 240 1057 0.227\nEXACT_POLYNOMIAL_SUM recoil_derivative 256 1057 0.227\nEXACT_POLYNOMIAL_SUM recoil_derivative 272 1057 0.228\nEXACT_POLYNOMIAL_SUM recoil_derivative 288 1057 0.229\nEXACT_POLYNOMIAL_SUM recoil_derivative 304 1057 0.23\nEXACT_POLYNOMIAL_SUM recoil_derivative 320 1057 0.231\nEXACT_POLYNOMIAL_SUM recoil_derivative 336 1057 0.232\nEXACT_POLYNOMIAL_SUM recoil_derivative 352 1057 0.233\nEXACT_POLYNOMIAL_SUM recoil_derivative 368 1057 0.234\nEXACT_POLYNOMIAL_SUM recoil_derivative 384 1057 0.235\nEXACT_POLYNOMIAL_SUM recoil_derivative 400 1057 0.236\nEXACT_POLYNOMIAL_SUM recoil_derivative 416 1057 0.237\nEXACT_POLYNOMIAL_SUM recoil_derivative 432 1057 0.238\nEXACT_POLYNOMIAL_SUM recoil_derivative 448 1057 0.239\nEXACT_POLYNOMIAL_SUM recoil_derivative 464 1057 0.24\nEXACT_POLYNOMIAL_SUM recoil_derivative 480 1057 0.241\nEXACT_POLYNOMIAL_SUM recoil_derivative 496 1057 0.241\nEXACT_POLYNOMIAL_SUM recoil_derivative 512 1057 0.242\nEXACT_POLYNOMIAL_SUM recoil_derivative 528 1057 0.243\nEXACT_POLYNOMIAL_SUM recoil_derivative 544 1057 0.244\nEXACT_POLYNOMIAL_SUM recoil_derivative 560 1057 0.245\nEXACT_POLYNOMIAL_SUM recoil_derivative 576 1057 0.246\nEXACT_POLYNOMIAL_SUM recoil_derivative 592 1057 0.247\nEXACT_POLYNOMIAL_SUM recoil_derivative 608 1057 0.248\nEXACT_POLYNOMIAL_SUM recoil_derivative 624 1057 0.248\nEXACT_POLYNOMIAL_SUM recoil_derivative 640 1057 0.249\nEXACT_POLYNOMIAL_SUM recoil_derivative 656 1057 0.25\nEXACT_POLYNOMIAL_SUM recoil_derivative 672 1057 0.251\nEXACT_POLYNOMIAL_SUM recoil_derivative 688 1057 0.252\nEXACT_POLYNOMIAL_SUM recoil_derivative 704 1057 0.253\nEXACT_POLYNOMIAL_SUM recoil_derivative 720 1057 0.254\nEXACT_POLYNOMIAL_SUM recoil_derivative 736 1057 0.255\nEXACT_POLYNOMIAL_SUM recoil_derivative 752 1057 0.256\nEXACT_POLYNOMIAL_SUM recoil_derivative 768 1057 0.256\nEXACT_POLYNOMIAL_SUM recoil_derivative 784 1057 0.257\nEXACT_POLYNOMIAL_SUM recoil_derivative 800 1057 0.258\nEXACT_POLYNOMIAL_SUM recoil_derivative 816 1057 0.259\nEXACT_POLYNOMIAL_SUM recoil_derivative 832 1057 0.26\nEXACT_POLYNOMIAL_SUM recoil_derivative 848 1057 0.261\nEXACT_POLYNOMIAL_SUM recoil_derivative 864 1057 0.262\nEXACT_POLYNOMIAL_SUM recoil_derivative 880 1057 0.263\nEXACT_POLYNOMIAL_SUM recoil_derivative 896 1057 0.265\nEXACT_POLYNOMIAL_SUM recoil_derivative 912 1057 0.266\nEXACT_POLYNOMIAL_SUM recoil_derivative 928 1057 0.267\nEXACT_POLYNOMIAL_SUM recoil_derivative 944 1057 0.267\nEXACT_POLYNOMIAL_SUM recoil_derivative 960 1057 0.268\nEXACT_POLYNOMIAL_SUM recoil_derivative 976 1057 0.269\nEXACT_POLYNOMIAL_SUM recoil_derivative 992 1057 0.27\nEXACT_POLYNOMIAL_SUM recoil_derivative 1008 1057 0.27\nEXACT_POLYNOMIAL_SUM recoil_derivative 1024 1057 0.271\nEXACT_POLYNOMIAL_SUM recoil_derivative 1040 1057 0.272\nEXACT_POLYNOMIAL_SUM recoil_derivative 1056 1057 0.273\nEXACT_POLYNOMIAL_SUM recoil_derivative 1057 1057 0.273\nPASS: exact recoil derivative polynomial sum\n"
""
"PASS: ""exact polynomial normalization completed"
"PASS: ""complete normalization backend identity"
"PASS: ""exact existing cancellation gates passed"
"PASS: ""complete physical scalar reconstruction"
"PASS: ""bounded normalized scalar cache"
"PASS: ""exact normalized scalar reload"
"RECOIL_POLYNOMIAL_ACCEPTED seconds "10.2959`7.464209309282446" input_bytes "34065616" output_bytes "16" backend_seconds "0.6687548909976613
"PASS: ""{{6, 1, 3}, 1, \"Regular\"} pole -1"
"POLE_ASSEMBLY "{{6, 1, 3}, -1, "Delta"}
"POLE_ASSEMBLY "{{6, 1, 3}, -1, "L0"}
"POLE_ASSEMBLY "{{6, 1, 3}, -1, "L1"}
"POLE_ASSEMBLY "{{6, 1, 3}, -1, "Regular"}
"RECOIL_POLYNOMIAL_BACKEND_START input_bytes "38883808" transfer_bytes "4693730
"EXACT_POLYNOMIAL_SUM recoil_derivative 16 1057 0.218\nEXACT_POLYNOMIAL_SUM recoil_derivative 32 1057 0.219\nEXACT_POLYNOMIAL_SUM recoil_derivative 48 1057 0.22\nEXACT_POLYNOMIAL_SUM recoil_derivative 64 1057 0.221\nEXACT_POLYNOMIAL_SUM recoil_derivative 80 1057 0.222\nEXACT_POLYNOMIAL_SUM recoil_derivative 96 1057 0.223\nEXACT_POLYNOMIAL_SUM recoil_derivative 112 1057 0.224\nEXACT_POLYNOMIAL_SUM recoil_derivative 128 1057 0.225\nEXACT_POLYNOMIAL_SUM recoil_derivative 144 1057 0.226\nEXACT_POLYNOMIAL_SUM recoil_derivative 160 1057 0.227\nEXACT_POLYNOMIAL_SUM recoil_derivative 176 1057 0.228\nEXACT_POLYNOMIAL_SUM recoil_derivative 192 1057 0.229\nEXACT_POLYNOMIAL_SUM recoil_derivative 208 1057 0.23\nEXACT_POLYNOMIAL_SUM recoil_derivative 224 1057 0.231\nEXACT_POLYNOMIAL_SUM recoil_derivative 240 1057 0.232\nEXACT_POLYNOMIAL_SUM recoil_derivative 256 1057 0.233\nEXACT_POLYNOMIAL_SUM recoil_derivative 272 1057 0.234\nEXACT_POLYNOMIAL_SUM recoil_derivative 288 1057 0.235\nEXACT_POLYNOMIAL_SUM recoil_derivative 304 1057 0.236\nEXACT_POLYNOMIAL_SUM recoil_derivative 320 1057 0.238\nEXACT_POLYNOMIAL_SUM recoil_derivative 336 1057 0.239\nEXACT_POLYNOMIAL_SUM recoil_derivative 352 1057 0.24\nEXACT_POLYNOMIAL_SUM recoil_derivative 368 1057 0.242\nEXACT_POLYNOMIAL_SUM recoil_derivative 384 1057 0.243\nEXACT_POLYNOMIAL_SUM recoil_derivative 400 1057 0.244\nEXACT_POLYNOMIAL_SUM recoil_derivative 416 1057 0.245\nEXACT_POLYNOMIAL_SUM recoil_derivative 432 1057 0.246\nEXACT_POLYNOMIAL_SUM recoil_derivative 448 1057 0.247\nEXACT_POLYNOMIAL_SUM recoil_derivative 464 1057 0.248\nEXACT_POLYNOMIAL_SUM recoil_derivative 480 1057 0.249\nEXACT_POLYNOMIAL_SUM recoil_derivative 496 1057 0.25\nEXACT_POLYNOMIAL_SUM recoil_derivative 512 1057 0.251\nEXACT_POLYNOMIAL_SUM recoil_derivative 528 1057 0.253\nEXACT_POLYNOMIAL_SUM recoil_derivative 544 1057 0.253\nEXACT_POLYNOMIAL_SUM recoil_derivative 560 1057 0.255\nEXACT_POLYNOMIAL_SUM recoil_derivative 576 1057 0.256\nEXACT_POLYNOMIAL_SUM recoil_derivative 592 1057 0.257\nEXACT_POLYNOMIAL_SUM recoil_derivative 608 1057 0.258\nEXACT_POLYNOMIAL_SUM recoil_derivative 624 1057 0.259\nEXACT_POLYNOMIAL_SUM recoil_derivative 640 1057 0.26\nEXACT_POLYNOMIAL_SUM recoil_derivative 656 1057 0.261\nEXACT_POLYNOMIAL_SUM recoil_derivative 672 1057 0.262\nEXACT_POLYNOMIAL_SUM recoil_derivative 688 1057 0.262\nEXACT_POLYNOMIAL_SUM recoil_derivative 704 1057 0.263\nEXACT_POLYNOMIAL_SUM recoil_derivative 720 1057 0.264\nEXACT_POLYNOMIAL_SUM recoil_derivative 736 1057 0.265\nEXACT_POLYNOMIAL_SUM recoil_derivative 752 1057 0.266\nEXACT_POLYNOMIAL_SUM recoil_derivative 768 1057 0.267\nEXACT_POLYNOMIAL_SUM recoil_derivative 784 1057 0.267\nEXACT_POLYNOMIAL_SUM recoil_derivative 800 1057 0.268\nEXACT_POLYNOMIAL_SUM recoil_derivative 816 1057 0.269\nEXACT_POLYNOMIAL_SUM recoil_derivative 832 1057 0.27\nEXACT_POLYNOMIAL_SUM recoil_derivative 848 1057 0.272\nEXACT_POLYNOMIAL_SUM recoil_derivative 864 1057 0.273\nEXACT_POLYNOMIAL_SUM recoil_derivative 880 1057 0.275\nEXACT_POLYNOMIAL_SUM recoil_derivative 896 1057 0.276\nEXACT_POLYNOMIAL_SUM recoil_derivative 912 1057 0.277\nEXACT_POLYNOMIAL_SUM recoil_derivative 928 1057 0.278\nEXACT_POLYNOMIAL_SUM recoil_derivative 944 1057 0.279\nEXACT_POLYNOMIAL_SUM recoil_derivative 960 1057 0.28\nEXACT_POLYNOMIAL_SUM recoil_derivative 976 1057 0.281\nEXACT_POLYNOMIAL_SUM recoil_derivative 992 1057 0.282\nEXACT_POLYNOMIAL_SUM recoil_derivative 1008 1057 0.283\nEXACT_POLYNOMIAL_SUM recoil_derivative 1024 1057 0.284\nEXACT_POLYNOMIAL_SUM recoil_derivative 1040 1057 0.284\nEXACT_POLYNOMIAL_SUM recoil_derivative 1056 1057 0.285\nEXACT_POLYNOMIAL_SUM recoil_derivative 1057 1057 0.285\nPASS: exact recoil derivative polynomial sum\n"
""
"RECOIL_POLYNOMIAL_ACCEPTED seconds "10.984328`7.4923184862664804" input_bytes "38883808" output_bytes "16" backend_seconds "0.7064552010051557
"PASS: ""{{6, 1, 3}, -1, \"Regular\"} pole -1"
"PASS: ""real endpoint branches share a boundary"
"POLE_ASSEMBLY "{{6, 1, 3}, 0, "Delta"}
"POLE_ASSEMBLY "{{6, 1, 3}, 0, "L0"}
"POLE_ASSEMBLY "{{6, 1, 3}, 0, "L1"}
"POLE_ASSEMBLY "{{6, 1, 3}, 0, "Regular"}
"RECOIL_POLYNOMIAL_BACKEND_START input_bytes "1956880" transfer_bytes "277860
"EXACT_POLYNOMIAL_SUM recoil_derivative 16 277 0.018\nEXACT_POLYNOMIAL_SUM recoil_derivative 32 277 0.019\nEXACT_POLYNOMIAL_SUM recoil_derivative 48 277 0.019\nEXACT_POLYNOMIAL_SUM recoil_derivative 64 277 0.019\nEXACT_POLYNOMIAL_SUM recoil_derivative 80 277 0.019\nEXACT_POLYNOMIAL_SUM recoil_derivative 96 277 0.019\nEXACT_POLYNOMIAL_SUM recoil_derivative 112 277 0.019\nEXACT_POLYNOMIAL_SUM recoil_derivative 128 277 0.02\nEXACT_POLYNOMIAL_SUM recoil_derivative 144 277 0.02\nEXACT_POLYNOMIAL_SUM recoil_derivative 160 277 0.02\nEXACT_POLYNOMIAL_SUM recoil_derivative 176 277 0.02\nEXACT_POLYNOMIAL_SUM recoil_derivative 192 277 0.02\nEXACT_POLYNOMIAL_SUM recoil_derivative 208 277 0.02\nEXACT_POLYNOMIAL_SUM recoil_derivative 224 277 0.021\nEXACT_POLYNOMIAL_SUM recoil_derivative 240 277 0.021\nEXACT_POLYNOMIAL_SUM recoil_derivative 256 277 0.021\nEXACT_POLYNOMIAL_SUM recoil_derivative 272 277 0.021\nEXACT_POLYNOMIAL_SUM recoil_derivative 277 277 0.021\nPASS: exact recoil derivative polynomial sum\n"
""
"RECOIL_POLYNOMIAL_ACCEPTED seconds "2.254529`6.804600819503154" input_bytes "1956880" output_bytes "16" backend_seconds "0.05068799299624516
"PASS: ""{{6, 1, 3}, 0, \"Regular\"} pole -1"
"PASS: ""finite physical component"
"FINITE_COMPONENT_MEMORY "{6, 1, 3}" before "4452923968" after "4458811504
"POLE_ASSEMBLY "{{6, 1, 4}, 1, "Delta"}
"PASS: ""finite symbolic input parts"
"PASS: ""evaluated Laurent polynomial"
"PASS: ""finite evaluated tensor"
"POLE_ASSEMBLY "{{6, 1, 4}, 1, "L0"}
"POLE_ASSEMBLY "{{6, 1, 4}, 1, "L1"}
"POLE_ASSEMBLY "{{6, 1, 4}, 1, "Regular"}
"POLE_ASSEMBLY "{{6, 1, 4}, -1, "Delta"}
"POLE_ASSEMBLY "{{6, 1, 4}, -1, "L0"}
"POLE_ASSEMBLY "{{6, 1, 4}, -1, "L1"}
"POLE_ASSEMBLY "{{6, 1, 4}, -1, "Regular"}
"PASS: ""real endpoint branches share a boundary"
"POLE_ASSEMBLY "{{6, 1, 4}, 0, "Delta"}
"POLE_ASSEMBLY "{{6, 1, 4}, 0, "L0"}
"POLE_ASSEMBLY "{{6, 1, 4}, 0, "L1"}
"POLE_ASSEMBLY "{{6, 1, 4}, 0, "Regular"}
"PASS: ""finite physical component"
"FINITE_COMPONENT_MEMORY "{6, 1, 4}" before "4458811400" after "4458814648
"POLE_ASSEMBLY "{{6, 2, 1}, 1, "Delta"}
"PASS: ""finite symbolic input parts"
"PASS: ""evaluated Laurent polynomial"
"PASS: ""finite evaluated tensor"
"POLE_ASSEMBLY "{{6, 2, 1}, 1, "L0"}
"POLE_ASSEMBLY "{{6, 2, 1}, 1, "L1"}
"POLE_ASSEMBLY "{{6, 2, 1}, 1, "Regular"}
"POLE_ASSEMBLY "{{6, 2, 1}, -1, "Delta"}
"POLE_ASSEMBLY "{{6, 2, 1}, -1, "L0"}
"POLE_ASSEMBLY "{{6, 2, 1}, -1, "L1"}
"POLE_ASSEMBLY "{{6, 2, 1}, -1, "Regular"}
"PASS: ""real endpoint branches share a boundary"
"POLE_ASSEMBLY "{{6, 2, 1}, 0, "Delta"}
"POLE_ASSEMBLY "{{6, 2, 1}, 0, "L0"}
"POLE_ASSEMBLY "{{6, 2, 1}, 0, "L1"}
"POLE_ASSEMBLY "{{6, 2, 1}, 0, "Regular"}
"PASS: ""finite physical component"
"FINITE_COMPONENT_MEMORY "{6, 2, 1}" before "4458814544" after "4458817792
"POLE_ASSEMBLY "{{6, 2, 2}, 1, "Delta"}
"PASS: ""finite symbolic input parts"
"PASS: ""evaluated Laurent polynomial"
"PASS: ""finite evaluated tensor"
"POLE_ASSEMBLY "{{6, 2, 2}, 1, "L0"}
"POLE_ASSEMBLY "{{6, 2, 2}, 1, "L1"}
"POLE_ASSEMBLY "{{6, 2, 2}, 1, "Regular"}
"POLE_ASSEMBLY "{{6, 2, 2}, -1, "Delta"}
"POLE_ASSEMBLY "{{6, 2, 2}, -1, "L0"}
"POLE_ASSEMBLY "{{6, 2, 2}, -1, "L1"}
"POLE_ASSEMBLY "{{6, 2, 2}, -1, "Regular"}
"PASS: ""real endpoint branches share a boundary"
"POLE_ASSEMBLY "{{6, 2, 2}, 0, "Delta"}
"POLE_ASSEMBLY "{{6, 2, 2}, 0, "L0"}
"POLE_ASSEMBLY "{{6, 2, 2}, 0, "L1"}
"POLE_ASSEMBLY "{{6, 2, 2}, 0, "Regular"}
"PASS: ""finite physical component"
"FINITE_COMPONENT_MEMORY "{6, 2, 2}" before "4458817688" after "4458820936
"POLE_ASSEMBLY "{{6, 2, 3}, 1, "Delta"}
"PASS: ""finite symbolic input parts"
"PASS: ""evaluated Laurent polynomial"
"PASS: ""finite evaluated tensor"
"POLE_ASSEMBLY "{{6, 2, 3}, 1, "L0"}
"POLE_ASSEMBLY "{{6, 2, 3}, 1, "L1"}
"PASS: ""integer finite Laurent support"
"PASS: ""complete Laurent polynomial"
"PASS: ""regulator-independent Laurent coefficients"
"PASS: ""exact Laurent polynomial reconstruction"
"PASS: ""phase kernel has no truncated input series"
"PASS: ""reference phase product evaluated"
"POLE_ASSEMBLY "{{6, 2, 3}, 1, "Regular"}
"PASS: ""accepted exact polynomial backend retained"
"PASS: ""entire finite sum exactly decomposed"
"PASS: ""raw scalar ratio exactly reconstructs"
"PASS: ""unassigned algebraic input generators"
"PASS: ""algebraic generators preserve the exact input"
"PASS: ""complete rational polynomial support"
"PASS: ""unassigned polynomial transfer generators"
"PASS: ""complete polynomial transfer text reconstructs"
"PASS: ""exact native polynomial JSON transfer"
"RECOIL_POLYNOMIAL_BACKEND_START input_bytes "30512320" transfer_bytes "4002607
"EXACT_POLYNOMIAL_SUM recoil_derivative 16 998 0.203\nEXACT_POLYNOMIAL_SUM recoil_derivative 32 998 0.203\nEXACT_POLYNOMIAL_SUM recoil_derivative 48 998 0.204\nEXACT_POLYNOMIAL_SUM recoil_derivative 64 998 0.204\nEXACT_POLYNOMIAL_SUM recoil_derivative 80 998 0.205\nEXACT_POLYNOMIAL_SUM recoil_derivative 96 998 0.205\nEXACT_POLYNOMIAL_SUM recoil_derivative 112 998 0.206\nEXACT_POLYNOMIAL_SUM recoil_derivative 128 998 0.207\nEXACT_POLYNOMIAL_SUM recoil_derivative 144 998 0.207\nEXACT_POLYNOMIAL_SUM recoil_derivative 160 998 0.208\nEXACT_POLYNOMIAL_SUM recoil_derivative 176 998 0.208\nEXACT_POLYNOMIAL_SUM recoil_derivative 192 998 0.209\nEXACT_POLYNOMIAL_SUM recoil_derivative 208 998 0.209\nEXACT_POLYNOMIAL_SUM recoil_derivative 224 998 0.21\nEXACT_POLYNOMIAL_SUM recoil_derivative 240 998 0.21\nEXACT_POLYNOMIAL_SUM recoil_derivative 256 998 0.211\nEXACT_POLYNOMIAL_SUM recoil_derivative 272 998 0.211\nEXACT_POLYNOMIAL_SUM recoil_derivative 288 998 0.212\nEXACT_POLYNOMIAL_SUM recoil_derivative 304 998 0.212\nEXACT_POLYNOMIAL_SUM recoil_derivative 320 998 0.213\nEXACT_POLYNOMIAL_SUM recoil_derivative 336 998 0.213\nEXACT_POLYNOMIAL_SUM recoil_derivative 352 998 0.214\nEXACT_POLYNOMIAL_SUM recoil_derivative 368 998 0.214\nEXACT_POLYNOMIAL_SUM recoil_derivative 384 998 0.215\nEXACT_POLYNOMIAL_SUM recoil_derivative 400 998 0.216\nEXACT_POLYNOMIAL_SUM recoil_derivative 416 998 0.216\nEXACT_POLYNOMIAL_SUM recoil_derivative 432 998 0.216\nEXACT_POLYNOMIAL_SUM recoil_derivative 448 998 0.217\nEXACT_POLYNOMIAL_SUM recoil_derivative 464 998 0.217\nEXACT_POLYNOMIAL_SUM recoil_derivative 480 998 0.218\nEXACT_POLYNOMIAL_SUM recoil_derivative 496 998 0.218\nEXACT_POLYNOMIAL_SUM recoil_derivative 512 998 0.219\nEXACT_POLYNOMIAL_SUM recoil_derivative 528 998 0.219\nEXACT_POLYNOMIAL_SUM recoil_derivative 544 998 0.22\nEXACT_POLYNOMIAL_SUM recoil_derivative 560 998 0.22\nEXACT_POLYNOMIAL_SUM recoil_derivative 576 998 0.22\nEXACT_POLYNOMIAL_SUM recoil_derivative 592 998 0.221\nEXACT_POLYNOMIAL_SUM recoil_derivative 608 998 0.221\nEXACT_POLYNOMIAL_SUM recoil_derivative 624 998 0.222\nEXACT_POLYNOMIAL_SUM recoil_derivative 640 998 0.222\nEXACT_POLYNOMIAL_SUM recoil_derivative 656 998 0.223\nEXACT_POLYNOMIAL_SUM recoil_derivative 672 998 0.223\nEXACT_POLYNOMIAL_SUM recoil_derivative 688 998 0.224\nEXACT_POLYNOMIAL_SUM recoil_derivative 704 998 0.224\nEXACT_POLYNOMIAL_SUM recoil_derivative 720 998 0.225\nEXACT_POLYNOMIAL_SUM recoil_derivative 736 998 0.226\nEXACT_POLYNOMIAL_SUM recoil_derivative 752 998 0.226\nEXACT_POLYNOMIAL_SUM recoil_derivative 768 998 0.227\nEXACT_POLYNOMIAL_SUM recoil_derivative 784 998 0.227\nEXACT_POLYNOMIAL_SUM recoil_derivative 800 998 0.227\nEXACT_POLYNOMIAL_SUM recoil_derivative 816 998 0.228\nEXACT_POLYNOMIAL_SUM recoil_derivative 832 998 0.228\nEXACT_POLYNOMIAL_SUM recoil_derivative 848 998 0.229\nEXACT_POLYNOMIAL_SUM recoil_derivative 864 998 0.229\nEXACT_POLYNOMIAL_SUM recoil_derivative 880 998 0.23\nEXACT_POLYNOMIAL_SUM recoil_derivative 896 998 0.23\nEXACT_POLYNOMIAL_SUM recoil_derivative 912 998 0.23\nEXACT_POLYNOMIAL_SUM recoil_derivative 928 998 0.231\nEXACT_POLYNOMIAL_SUM recoil_derivative 944 998 0.231\nEXACT_POLYNOMIAL_SUM recoil_derivative 960 998 0.232\nEXACT_POLYNOMIAL_SUM recoil_derivative 976 998 0.232\nEXACT_POLYNOMIAL_SUM recoil_derivative 992 998 0.232\nEXACT_POLYNOMIAL_SUM recoil_derivative 998 998 0.233\nPASS: exact recoil derivative polynomial sum\n"
""
"PASS: ""exact polynomial normalization completed"
"PASS: ""complete normalization backend identity"
"PASS: ""exact existing cancellation gates passed"
"PASS: ""complete physical scalar reconstruction"
"PASS: ""bounded normalized scalar cache"
"PASS: ""exact normalized scalar reload"
"RECOIL_POLYNOMIAL_ACCEPTED seconds "9.544658`7.431305365055013" input_bytes "30512320" output_bytes "16" backend_seconds "0.6215132340003038
"PASS: ""{{6, 2, 3}, 1, \"Regular\"} pole -1"
"POLE_ASSEMBLY "{{6, 2, 3}, -1, "Delta"}
"POLE_ASSEMBLY "{{6, 2, 3}, -1, "L0"}
"POLE_ASSEMBLY "{{6, 2, 3}, -1, "L1"}
"POLE_ASSEMBLY "{{6, 2, 3}, -1, "Regular"}
"RECOIL_POLYNOMIAL_BACKEND_START input_bytes "34634440" transfer_bytes "4059859
"EXACT_POLYNOMIAL_SUM recoil_derivative 16 998 0.196\nEXACT_POLYNOMIAL_SUM recoil_derivative 32 998 0.197\nEXACT_POLYNOMIAL_SUM recoil_derivative 48 998 0.197\nEXACT_POLYNOMIAL_SUM recoil_derivative 64 998 0.198\nEXACT_POLYNOMIAL_SUM recoil_derivative 80 998 0.198\nEXACT_POLYNOMIAL_SUM recoil_derivative 96 998 0.199\nEXACT_POLYNOMIAL_SUM recoil_derivative 112 998 0.199\nEXACT_POLYNOMIAL_SUM recoil_derivative 128 998 0.2\nEXACT_POLYNOMIAL_SUM recoil_derivative 144 998 0.201\nEXACT_POLYNOMIAL_SUM recoil_derivative 160 998 0.202\nEXACT_POLYNOMIAL_SUM recoil_derivative 176 998 0.203\nEXACT_POLYNOMIAL_SUM recoil_derivative 192 998 0.203\nEXACT_POLYNOMIAL_SUM recoil_derivative 208 998 0.204\nEXACT_POLYNOMIAL_SUM recoil_derivative 224 998 0.205\nEXACT_POLYNOMIAL_SUM recoil_derivative 240 998 0.206\nEXACT_POLYNOMIAL_SUM recoil_derivative 256 998 0.207\nEXACT_POLYNOMIAL_SUM recoil_derivative 272 998 0.208\nEXACT_POLYNOMIAL_SUM recoil_derivative 288 998 0.209\nEXACT_POLYNOMIAL_SUM recoil_derivative 304 998 0.209\nEXACT_POLYNOMIAL_SUM recoil_derivative 320 998 0.21\nEXACT_POLYNOMIAL_SUM recoil_derivative 336 998 0.21\nEXACT_POLYNOMIAL_SUM recoil_derivative 352 998 0.211\nEXACT_POLYNOMIAL_SUM recoil_derivative 368 998 0.211\nEXACT_POLYNOMIAL_SUM recoil_derivative 384 998 0.212\nEXACT_POLYNOMIAL_SUM recoil_derivative 400 998 0.212\nEXACT_POLYNOMIAL_SUM recoil_derivative 416 998 0.213\nEXACT_POLYNOMIAL_SUM recoil_derivative 432 998 0.213\nEXACT_POLYNOMIAL_SUM recoil_derivative 448 998 0.213\nEXACT_POLYNOMIAL_SUM recoil_derivative 464 998 0.214\nEXACT_POLYNOMIAL_SUM recoil_derivative 480 998 0.214\nEXACT_POLYNOMIAL_SUM recoil_derivative 496 998 0.215\nEXACT_POLYNOMIAL_SUM recoil_derivative 512 998 0.215\nEXACT_POLYNOMIAL_SUM recoil_derivative 528 998 0.216\nEXACT_POLYNOMIAL_SUM recoil_derivative 544 998 0.216\nEXACT_POLYNOMIAL_SUM recoil_derivative 560 998 0.217\nEXACT_POLYNOMIAL_SUM recoil_derivative 576 998 0.218\nEXACT_POLYNOMIAL_SUM recoil_derivative 592 998 0.218\nEXACT_POLYNOMIAL_SUM recoil_derivative 608 998 0.219\nEXACT_POLYNOMIAL_SUM recoil_derivative 624 998 0.219\nEXACT_POLYNOMIAL_SUM recoil_derivative 640 998 0.22\nEXACT_POLYNOMIAL_SUM recoil_derivative 656 998 0.22\nEXACT_POLYNOMIAL_SUM recoil_derivative 672 998 0.22\nEXACT_POLYNOMIAL_SUM recoil_derivative 688 998 0.221\nEXACT_POLYNOMIAL_SUM recoil_derivative 704 998 0.221\nEXACT_POLYNOMIAL_SUM recoil_derivative 720 998 0.222\nEXACT_POLYNOMIAL_SUM recoil_derivative 736 998 0.222\nEXACT_POLYNOMIAL_SUM recoil_derivative 752 998 0.223\nEXACT_POLYNOMIAL_SUM recoil_derivative 768 998 0.223\nEXACT_POLYNOMIAL_SUM recoil_derivative 784 998 0.224\nEXACT_POLYNOMIAL_SUM recoil_derivative 800 998 0.224\nEXACT_POLYNOMIAL_SUM recoil_derivative 816 998 0.225\nEXACT_POLYNOMIAL_SUM recoil_derivative 832 998 0.225\nEXACT_POLYNOMIAL_SUM recoil_derivative 848 998 0.225\nEXACT_POLYNOMIAL_SUM recoil_derivative 864 998 0.226\nEXACT_POLYNOMIAL_SUM recoil_derivative 880 998 0.226\nEXACT_POLYNOMIAL_SUM recoil_derivative 896 998 0.227\nEXACT_POLYNOMIAL_SUM recoil_derivative 912 998 0.227\nEXACT_POLYNOMIAL_SUM recoil_derivative 928 998 0.227\nEXACT_POLYNOMIAL_SUM recoil_derivative 944 998 0.228\nEXACT_POLYNOMIAL_SUM recoil_derivative 960 998 0.229\nEXACT_POLYNOMIAL_SUM recoil_derivative 976 998 0.23\nEXACT_POLYNOMIAL_SUM recoil_derivative 992 998 0.23\nEXACT_POLYNOMIAL_SUM recoil_derivative 998 998 0.23\nPASS: exact recoil derivative polynomial sum\n"
""
"RECOIL_POLYNOMIAL_ACCEPTED seconds "10.203508`7.460294502818622" input_bytes "34634440" output_bytes "16" backend_seconds "0.6136241979984334
"PASS: ""{{6, 2, 3}, -1, \"Regular\"} pole -1"
"PASS: ""real endpoint branches share a boundary"
"POLE_ASSEMBLY "{{6, 2, 3}, 0, "Delta"}
"POLE_ASSEMBLY "{{6, 2, 3}, 0, "L0"}
"POLE_ASSEMBLY "{{6, 2, 3}, 0, "L1"}
"POLE_ASSEMBLY "{{6, 2, 3}, 0, "Regular"}
"RECOIL_POLYNOMIAL_BACKEND_START input_bytes "1397504" transfer_bytes "197136
"EXACT_POLYNOMIAL_SUM recoil_derivative 16 214 0.017\nEXACT_POLYNOMIAL_SUM recoil_derivative 32 214 0.018\nEXACT_POLYNOMIAL_SUM recoil_derivative 48 214 0.018\nEXACT_POLYNOMIAL_SUM recoil_derivative 64 214 0.018\nEXACT_POLYNOMIAL_SUM recoil_derivative 80 214 0.018\nEXACT_POLYNOMIAL_SUM recoil_derivative 96 214 0.018\nEXACT_POLYNOMIAL_SUM recoil_derivative 112 214 0.018\nEXACT_POLYNOMIAL_SUM recoil_derivative 128 214 0.018\nEXACT_POLYNOMIAL_SUM recoil_derivative 144 214 0.019\nEXACT_POLYNOMIAL_SUM recoil_derivative 160 214 0.019\nEXACT_POLYNOMIAL_SUM recoil_derivative 176 214 0.019\nEXACT_POLYNOMIAL_SUM recoil_derivative 192 214 0.019\nEXACT_POLYNOMIAL_SUM recoil_derivative 208 214 0.02\nEXACT_POLYNOMIAL_SUM recoil_derivative 214 214 0.02\nPASS: exact recoil derivative polynomial sum\n"
""
"RECOIL_POLYNOMIAL_ACCEPTED seconds "1.932492`6.737662698227062" input_bytes "1397504" output_bytes "16" backend_seconds "0.037497046003409196
"PASS: ""{{6, 2, 3}, 0, \"Regular\"} pole -1"
"PASS: ""finite physical component"
"FINITE_COMPONENT_MEMORY "{6, 2, 3}" before "4458820832" after "4466505336
"POLE_ASSEMBLY "{{6, 2, 4}, 1, "Delta"}
"PASS: ""finite symbolic input parts"
"PASS: ""evaluated Laurent polynomial"
"PASS: ""finite evaluated tensor"
"POLE_ASSEMBLY "{{6, 2, 4}, 1, "L0"}
"POLE_ASSEMBLY "{{6, 2, 4}, 1, "L1"}
"POLE_ASSEMBLY "{{6, 2, 4}, 1, "Regular"}
"POLE_ASSEMBLY "{{6, 2, 4}, -1, "Delta"}
"POLE_ASSEMBLY "{{6, 2, 4}, -1, "L0"}
"POLE_ASSEMBLY "{{6, 2, 4}, -1, "L1"}
"POLE_ASSEMBLY "{{6, 2, 4}, -1, "Regular"}
"PASS: ""real endpoint branches share a boundary"
"POLE_ASSEMBLY "{{6, 2, 4}, 0, "Delta"}
"POLE_ASSEMBLY "{{6, 2, 4}, 0, "L0"}
"POLE_ASSEMBLY "{{6, 2, 4}, 0, "L1"}
"POLE_ASSEMBLY "{{6, 2, 4}, 0, "Regular"}
"PASS: ""finite physical component"
"FINITE_COMPONENT_MEMORY "{6, 2, 4}" before "4466505232" after "4466508480
"POLE_ASSEMBLY "{{6, 3, 1}, 1, "Delta"}
"PASS: ""finite symbolic input parts"
"PASS: ""evaluated Laurent polynomial"
"PASS: ""finite evaluated tensor"
"POLE_ASSEMBLY "{{6, 3, 1}, 1, "L0"}
"POLE_ASSEMBLY "{{6, 3, 1}, 1, "L1"}
"PASS: ""integer finite Laurent support"
"PASS: ""complete Laurent polynomial"
"PASS: ""regulator-independent Laurent coefficients"
"PASS: ""exact Laurent polynomial reconstruction"
"PASS: ""phase kernel has no truncated input series"
"PASS: ""reference phase product evaluated"
"POLE_ASSEMBLY "{{6, 3, 1}, 1, "Regular"}
"PASS: ""accepted exact polynomial backend retained"
"PASS: ""entire finite sum exactly decomposed"
"PASS: ""raw scalar ratio exactly reconstructs"
"PASS: ""unassigned algebraic input generators"
"PASS: ""algebraic generators preserve the exact input"
"PASS: ""complete rational polynomial support"
"PASS: ""unassigned polynomial transfer generators"
"PASS: ""complete polynomial transfer text reconstructs"
"PASS: ""exact native polynomial JSON transfer"
"RECOIL_POLYNOMIAL_BACKEND_START input_bytes "33591872" transfer_bytes "4483680
"EXACT_POLYNOMIAL_SUM recoil_derivative 16 1025 0.223\nEXACT_POLYNOMIAL_SUM recoil_derivative 32 1025 0.224\nEXACT_POLYNOMIAL_SUM recoil_derivative 48 1025 0.225\nEXACT_POLYNOMIAL_SUM recoil_derivative 64 1025 0.226\nEXACT_POLYNOMIAL_SUM recoil_derivative 80 1025 0.227\nEXACT_POLYNOMIAL_SUM recoil_derivative 96 1025 0.228\nEXACT_POLYNOMIAL_SUM recoil_derivative 112 1025 0.23\nEXACT_POLYNOMIAL_SUM recoil_derivative 128 1025 0.231\nEXACT_POLYNOMIAL_SUM recoil_derivative 144 1025 0.232\nEXACT_POLYNOMIAL_SUM recoil_derivative 160 1025 0.233\nEXACT_POLYNOMIAL_SUM recoil_derivative 176 1025 0.234\nEXACT_POLYNOMIAL_SUM recoil_derivative 192 1025 0.235\nEXACT_POLYNOMIAL_SUM recoil_derivative 208 1025 0.236\nEXACT_POLYNOMIAL_SUM recoil_derivative 224 1025 0.237\nEXACT_POLYNOMIAL_SUM recoil_derivative 240 1025 0.237\nEXACT_POLYNOMIAL_SUM recoil_derivative 256 1025 0.238\nEXACT_POLYNOMIAL_SUM recoil_derivative 272 1025 0.239\nEXACT_POLYNOMIAL_SUM recoil_derivative 288 1025 0.24\nEXACT_POLYNOMIAL_SUM recoil_derivative 304 1025 0.241\nEXACT_POLYNOMIAL_SUM recoil_derivative 320 1025 0.242\nEXACT_POLYNOMIAL_SUM recoil_derivative 336 1025 0.243\nEXACT_POLYNOMIAL_SUM recoil_derivative 352 1025 0.243\nEXACT_POLYNOMIAL_SUM recoil_derivative 368 1025 0.244\nEXACT_POLYNOMIAL_SUM recoil_derivative 384 1025 0.245\nEXACT_POLYNOMIAL_SUM recoil_derivative 400 1025 0.246\nEXACT_POLYNOMIAL_SUM recoil_derivative 416 1025 0.247\nEXACT_POLYNOMIAL_SUM recoil_derivative 432 1025 0.247\nEXACT_POLYNOMIAL_SUM recoil_derivative 448 1025 0.248\nEXACT_POLYNOMIAL_SUM recoil_derivative 464 1025 0.249\nEXACT_POLYNOMIAL_SUM recoil_derivative 480 1025 0.249\nEXACT_POLYNOMIAL_SUM recoil_derivative 496 1025 0.25\nEXACT_POLYNOMIAL_SUM recoil_derivative 512 1025 0.251\nEXACT_POLYNOMIAL_SUM recoil_derivative 528 1025 0.251\nEXACT_POLYNOMIAL_SUM recoil_derivative 544 1025 0.252\nEXACT_POLYNOMIAL_SUM recoil_derivative 560 1025 0.252\nEXACT_POLYNOMIAL_SUM recoil_derivative 576 1025 0.253\nEXACT_POLYNOMIAL_SUM recoil_derivative 592 1025 0.254\nEXACT_POLYNOMIAL_SUM recoil_derivative 608 1025 0.254\nEXACT_POLYNOMIAL_SUM recoil_derivative 624 1025 0.255\nEXACT_POLYNOMIAL_SUM recoil_derivative 640 1025 0.256\nEXACT_POLYNOMIAL_SUM recoil_derivative 656 1025 0.256\nEXACT_POLYNOMIAL_SUM recoil_derivative 672 1025 0.257\nEXACT_POLYNOMIAL_SUM recoil_derivative 688 1025 0.258\nEXACT_POLYNOMIAL_SUM recoil_derivative 704 1025 0.258\nEXACT_POLYNOMIAL_SUM recoil_derivative 720 1025 0.259\nEXACT_POLYNOMIAL_SUM recoil_derivative 736 1025 0.26\nEXACT_POLYNOMIAL_SUM recoil_derivative 752 1025 0.261\nEXACT_POLYNOMIAL_SUM recoil_derivative 768 1025 0.261\nEXACT_POLYNOMIAL_SUM recoil_derivative 784 1025 0.262\nEXACT_POLYNOMIAL_SUM recoil_derivative 800 1025 0.262\nEXACT_POLYNOMIAL_SUM recoil_derivative 816 1025 0.263\nEXACT_POLYNOMIAL_SUM recoil_derivative 832 1025 0.264\nEXACT_POLYNOMIAL_SUM recoil_derivative 848 1025 0.264\nEXACT_POLYNOMIAL_SUM recoil_derivative 864 1025 0.265\nEXACT_POLYNOMIAL_SUM recoil_derivative 880 1025 0.265\nEXACT_POLYNOMIAL_SUM recoil_derivative 896 1025 0.266\nEXACT_POLYNOMIAL_SUM recoil_derivative 912 1025 0.267\nEXACT_POLYNOMIAL_SUM recoil_derivative 928 1025 0.267\nEXACT_POLYNOMIAL_SUM recoil_derivative 944 1025 0.268\nEXACT_POLYNOMIAL_SUM recoil_derivative 960 1025 0.268\nEXACT_POLYNOMIAL_SUM recoil_derivative 976 1025 0.269\nEXACT_POLYNOMIAL_SUM recoil_derivative 992 1025 0.269\nEXACT_POLYNOMIAL_SUM recoil_derivative 1008 1025 0.27\nEXACT_POLYNOMIAL_SUM recoil_derivative 1024 1025 0.27\nEXACT_POLYNOMIAL_SUM recoil_derivative 1025 1025 0.27\nPASS: exact recoil derivative polynomial sum\n"
""
"PASS: ""exact polynomial normalization completed"
"PASS: ""complete normalization backend identity"
"PASS: ""exact existing cancellation gates passed"
"PASS: ""complete physical scalar reconstruction"
"PASS: ""bounded normalized scalar cache"
"PASS: ""exact normalized scalar reload"
"RECOIL_POLYNOMIAL_ACCEPTED seconds "10.222002`7.461080955087692" input_bytes "33591872" output_bytes "16" backend_seconds "0.6855204809980933
"PASS: ""{{6, 3, 1}, 1, \"Regular\"} pole -1"
"POLE_ASSEMBLY "{{6, 3, 1}, -1, "Delta"}
"POLE_ASSEMBLY "{{6, 3, 1}, -1, "L0"}
"POLE_ASSEMBLY "{{6, 3, 1}, -1, "L1"}
"POLE_ASSEMBLY "{{6, 3, 1}, -1, "Regular"}
"RECOIL_POLYNOMIAL_BACKEND_START input_bytes "38461880" transfer_bytes "4551272
"EXACT_POLYNOMIAL_SUM recoil_derivative 16 1025 0.229\nEXACT_POLYNOMIAL_SUM recoil_derivative 32 1025 0.23\nEXACT_POLYNOMIAL_SUM recoil_derivative 48 1025 0.231\nEXACT_POLYNOMIAL_SUM recoil_derivative 64 1025 0.232\nEXACT_POLYNOMIAL_SUM recoil_derivative 80 1025 0.233\nEXACT_POLYNOMIAL_SUM recoil_derivative 96 1025 0.234\nEXACT_POLYNOMIAL_SUM recoil_derivative 112 1025 0.235\nEXACT_POLYNOMIAL_SUM recoil_derivative 128 1025 0.236\nEXACT_POLYNOMIAL_SUM recoil_derivative 144 1025 0.237\nEXACT_POLYNOMIAL_SUM recoil_derivative 160 1025 0.238\nEXACT_POLYNOMIAL_SUM recoil_derivative 176 1025 0.239\nEXACT_POLYNOMIAL_SUM recoil_derivative 192 1025 0.24\nEXACT_POLYNOMIAL_SUM recoil_derivative 208 1025 0.241\nEXACT_POLYNOMIAL_SUM recoil_derivative 224 1025 0.242\nEXACT_POLYNOMIAL_SUM recoil_derivative 240 1025 0.243\nEXACT_POLYNOMIAL_SUM recoil_derivative 256 1025 0.244\nEXACT_POLYNOMIAL_SUM recoil_derivative 272 1025 0.245\nEXACT_POLYNOMIAL_SUM recoil_derivative 288 1025 0.246\nEXACT_POLYNOMIAL_SUM recoil_derivative 304 1025 0.246\nEXACT_POLYNOMIAL_SUM recoil_derivative 320 1025 0.247\nEXACT_POLYNOMIAL_SUM recoil_derivative 336 1025 0.248\nEXACT_POLYNOMIAL_SUM recoil_derivative 352 1025 0.249\nEXACT_POLYNOMIAL_SUM recoil_derivative 368 1025 0.25\nEXACT_POLYNOMIAL_SUM recoil_derivative 384 1025 0.251\nEXACT_POLYNOMIAL_SUM recoil_derivative 400 1025 0.252\nEXACT_POLYNOMIAL_SUM recoil_derivative 416 1025 0.252\nEXACT_POLYNOMIAL_SUM recoil_derivative 432 1025 0.253\nEXACT_POLYNOMIAL_SUM recoil_derivative 448 1025 0.254\nEXACT_POLYNOMIAL_SUM recoil_derivative 464 1025 0.255\nEXACT_POLYNOMIAL_SUM recoil_derivative 480 1025 0.256\nEXACT_POLYNOMIAL_SUM recoil_derivative 496 1025 0.256\nEXACT_POLYNOMIAL_SUM recoil_derivative 512 1025 0.257\nEXACT_POLYNOMIAL_SUM recoil_derivative 528 1025 0.257\nEXACT_POLYNOMIAL_SUM recoil_derivative 544 1025 0.258\nEXACT_POLYNOMIAL_SUM recoil_derivative 560 1025 0.259\nEXACT_POLYNOMIAL_SUM recoil_derivative 576 1025 0.259\nEXACT_POLYNOMIAL_SUM recoil_derivative 592 1025 0.26\nEXACT_POLYNOMIAL_SUM recoil_derivative 608 1025 0.261\nEXACT_POLYNOMIAL_SUM recoil_derivative 624 1025 0.262\nEXACT_POLYNOMIAL_SUM recoil_derivative 640 1025 0.262\nEXACT_POLYNOMIAL_SUM recoil_derivative 656 1025 0.263\nEXACT_POLYNOMIAL_SUM recoil_derivative 672 1025 0.264\nEXACT_POLYNOMIAL_SUM recoil_derivative 688 1025 0.264\nEXACT_POLYNOMIAL_SUM recoil_derivative 704 1025 0.265\nEXACT_POLYNOMIAL_SUM recoil_derivative 720 1025 0.266\nEXACT_POLYNOMIAL_SUM recoil_derivative 736 1025 0.266\nEXACT_POLYNOMIAL_SUM recoil_derivative 752 1025 0.269\nEXACT_POLYNOMIAL_SUM recoil_derivative 768 1025 0.27\nEXACT_POLYNOMIAL_SUM recoil_derivative 784 1025 0.27\nEXACT_POLYNOMIAL_SUM recoil_derivative 800 1025 0.271\nEXACT_POLYNOMIAL_SUM recoil_derivative 816 1025 0.271\nEXACT_POLYNOMIAL_SUM recoil_derivative 832 1025 0.272\nEXACT_POLYNOMIAL_SUM recoil_derivative 848 1025 0.273\nEXACT_POLYNOMIAL_SUM recoil_derivative 864 1025 0.273\nEXACT_POLYNOMIAL_SUM recoil_derivative 880 1025 0.274\nEXACT_POLYNOMIAL_SUM recoil_derivative 896 1025 0.274\nEXACT_POLYNOMIAL_SUM recoil_derivative 912 1025 0.275\nEXACT_POLYNOMIAL_SUM recoil_derivative 928 1025 0.275\nEXACT_POLYNOMIAL_SUM recoil_derivative 944 1025 0.277\nEXACT_POLYNOMIAL_SUM recoil_derivative 960 1025 0.278\nEXACT_POLYNOMIAL_SUM recoil_derivative 976 1025 0.279\nEXACT_POLYNOMIAL_SUM recoil_derivative 992 1025 0.28\nEXACT_POLYNOMIAL_SUM recoil_derivative 1008 1025 0.281\nEXACT_POLYNOMIAL_SUM recoil_derivative 1024 1025 0.282\nEXACT_POLYNOMIAL_SUM recoil_derivative 1025 1025 0.282\nPASS: exact recoil derivative polynomial sum\n"
""
"RECOIL_POLYNOMIAL_ACCEPTED seconds "10.853053`7.4870969173529245" input_bytes "38461880" output_bytes "16" backend_seconds "0.7505683050039806
"PASS: ""{{6, 3, 1}, -1, \"Regular\"} pole -1"
"PASS: ""real endpoint branches share a boundary"
"POLE_ASSEMBLY "{{6, 3, 1}, 0, "Delta"}
"POLE_ASSEMBLY "{{6, 3, 1}, 0, "L0"}
"POLE_ASSEMBLY "{{6, 3, 1}, 0, "L1"}
"POLE_ASSEMBLY "{{6, 3, 1}, 0, "Regular"}
"RECOIL_POLYNOMIAL_BACKEND_START input_bytes "1644384" transfer_bytes "230898
"EXACT_POLYNOMIAL_SUM recoil_derivative 16 278 0.019\nEXACT_POLYNOMIAL_SUM recoil_derivative 32 278 0.02\nEXACT_POLYNOMIAL_SUM recoil_derivative 48 278 0.02\nEXACT_POLYNOMIAL_SUM recoil_derivative 64 278 0.02\nEXACT_POLYNOMIAL_SUM recoil_derivative 80 278 0.02\nEXACT_POLYNOMIAL_SUM recoil_derivative 96 278 0.02\nEXACT_POLYNOMIAL_SUM recoil_derivative 112 278 0.02\nEXACT_POLYNOMIAL_SUM recoil_derivative 128 278 0.02\nEXACT_POLYNOMIAL_SUM recoil_derivative 144 278 0.021\nEXACT_POLYNOMIAL_SUM recoil_derivative 160 278 0.021\nEXACT_POLYNOMIAL_SUM recoil_derivative 176 278 0.021\nEXACT_POLYNOMIAL_SUM recoil_derivative 192 278 0.021\nEXACT_POLYNOMIAL_SUM recoil_derivative 208 278 0.021\nEXACT_POLYNOMIAL_SUM recoil_derivative 224 278 0.021\nEXACT_POLYNOMIAL_SUM recoil_derivative 240 278 0.021\nEXACT_POLYNOMIAL_SUM recoil_derivative 256 278 0.021\nEXACT_POLYNOMIAL_SUM recoil_derivative 272 278 0.021\nEXACT_POLYNOMIAL_SUM recoil_derivative 278 278 0.021\nPASS: exact recoil derivative polynomial sum\n"
""
"RECOIL_POLYNOMIAL_ACCEPTED seconds "2.002546`6.7531274944403705" input_bytes "1644384" output_bytes "16" backend_seconds "0.055859192994830664
"PASS: ""{{6, 3, 1}, 0, \"Regular\"} pole -1"
"PASS: ""finite physical component"
"FINITE_COMPONENT_MEMORY "{6, 3, 1}" before "4466508376" after "4472338880
"POLE_ASSEMBLY "{{6, 3, 2}, 1, "Delta"}
"PASS: ""finite symbolic input parts"
"PASS: ""evaluated Laurent polynomial"
"PASS: ""finite evaluated tensor"
"POLE_ASSEMBLY "{{6, 3, 2}, 1, "L0"}
"POLE_ASSEMBLY "{{6, 3, 2}, 1, "L1"}
"PASS: ""integer finite Laurent support"
"PASS: ""complete Laurent polynomial"
"PASS: ""regulator-independent Laurent coefficients"
"PASS: ""exact Laurent polynomial reconstruction"
"PASS: ""phase kernel has no truncated input series"
"PASS: ""reference phase product evaluated"
"POLE_ASSEMBLY "{{6, 3, 2}, 1, "Regular"}
"PASS: ""accepted exact polynomial backend retained"
"PASS: ""entire finite sum exactly decomposed"
"PASS: ""raw scalar ratio exactly reconstructs"
"PASS: ""unassigned algebraic input generators"
"PASS: ""algebraic generators preserve the exact input"
"PASS: ""complete rational polynomial support"
"PASS: ""unassigned polynomial transfer generators"
"PASS: ""complete polynomial transfer text reconstructs"
"PASS: ""exact native polynomial JSON transfer"
"RECOIL_POLYNOMIAL_BACKEND_START input_bytes "30476920" transfer_bytes "3998036
"EXACT_POLYNOMIAL_SUM recoil_derivative 16 997 0.199\nEXACT_POLYNOMIAL_SUM recoil_derivative 32 997 0.199\nEXACT_POLYNOMIAL_SUM recoil_derivative 48 997 0.2\nEXACT_POLYNOMIAL_SUM recoil_derivative 64 997 0.2\nEXACT_POLYNOMIAL_SUM recoil_derivative 80 997 0.201\nEXACT_POLYNOMIAL_SUM recoil_derivative 96 997 0.201\nEXACT_POLYNOMIAL_SUM recoil_derivative 112 997 0.202\nEXACT_POLYNOMIAL_SUM recoil_derivative 128 997 0.203\nEXACT_POLYNOMIAL_SUM recoil_derivative 144 997 0.203\nEXACT_POLYNOMIAL_SUM recoil_derivative 160 997 0.204\nEXACT_POLYNOMIAL_SUM recoil_derivative 176 997 0.204\nEXACT_POLYNOMIAL_SUM recoil_derivative 192 997 0.205\nEXACT_POLYNOMIAL_SUM recoil_derivative 208 997 0.205\nEXACT_POLYNOMIAL_SUM recoil_derivative 224 997 0.206\nEXACT_POLYNOMIAL_SUM recoil_derivative 240 997 0.207\nEXACT_POLYNOMIAL_SUM recoil_derivative 256 997 0.207\nEXACT_POLYNOMIAL_SUM recoil_derivative 272 997 0.208\nEXACT_POLYNOMIAL_SUM recoil_derivative 288 997 0.208\nEXACT_POLYNOMIAL_SUM recoil_derivative 304 997 0.209\nEXACT_POLYNOMIAL_SUM recoil_derivative 320 997 0.209\nEXACT_POLYNOMIAL_SUM recoil_derivative 336 997 0.21\nEXACT_POLYNOMIAL_SUM recoil_derivative 352 997 0.21\nEXACT_POLYNOMIAL_SUM recoil_derivative 368 997 0.211\nEXACT_POLYNOMIAL_SUM recoil_derivative 384 997 0.212\nEXACT_POLYNOMIAL_SUM recoil_derivative 400 997 0.212\nEXACT_POLYNOMIAL_SUM recoil_derivative 416 997 0.213\nEXACT_POLYNOMIAL_SUM recoil_derivative 432 997 0.213\nEXACT_POLYNOMIAL_SUM recoil_derivative 448 997 0.214\nEXACT_POLYNOMIAL_SUM recoil_derivative 464 997 0.214\nEXACT_POLYNOMIAL_SUM recoil_derivative 480 997 0.215\nEXACT_POLYNOMIAL_SUM recoil_derivative 496 997 0.215\nEXACT_POLYNOMIAL_SUM recoil_derivative 512 997 0.216\nEXACT_POLYNOMIAL_SUM recoil_derivative 528 997 0.216\nEXACT_POLYNOMIAL_SUM recoil_derivative 544 997 0.217\nEXACT_POLYNOMIAL_SUM recoil_derivative 560 997 0.217\nEXACT_POLYNOMIAL_SUM recoil_derivative 576 997 0.218\nEXACT_POLYNOMIAL_SUM recoil_derivative 592 997 0.218\nEXACT_POLYNOMIAL_SUM recoil_derivative 608 997 0.218\nEXACT_POLYNOMIAL_SUM recoil_derivative 624 997 0.219\nEXACT_POLYNOMIAL_SUM recoil_derivative 640 997 0.219\nEXACT_POLYNOMIAL_SUM recoil_derivative 656 997 0.22\nEXACT_POLYNOMIAL_SUM recoil_derivative 672 997 0.22\nEXACT_POLYNOMIAL_SUM recoil_derivative 688 997 0.221\nEXACT_POLYNOMIAL_SUM recoil_derivative 704 997 0.221\nEXACT_POLYNOMIAL_SUM recoil_derivative 720 997 0.222\nEXACT_POLYNOMIAL_SUM recoil_derivative 736 997 0.223\nEXACT_POLYNOMIAL_SUM recoil_derivative 752 997 0.223\nEXACT_POLYNOMIAL_SUM recoil_derivative 768 997 0.224\nEXACT_POLYNOMIAL_SUM recoil_derivative 784 997 0.224\nEXACT_POLYNOMIAL_SUM recoil_derivative 800 997 0.225\nEXACT_POLYNOMIAL_SUM recoil_derivative 816 997 0.225\nEXACT_POLYNOMIAL_SUM recoil_derivative 832 997 0.225\nEXACT_POLYNOMIAL_SUM recoil_derivative 848 997 0.226\nEXACT_POLYNOMIAL_SUM recoil_derivative 864 997 0.226\nEXACT_POLYNOMIAL_SUM recoil_derivative 880 997 0.227\nEXACT_POLYNOMIAL_SUM recoil_derivative 896 997 0.227\nEXACT_POLYNOMIAL_SUM recoil_derivative 912 997 0.228\nEXACT_POLYNOMIAL_SUM recoil_derivative 928 997 0.228\nEXACT_POLYNOMIAL_SUM recoil_derivative 944 997 0.228\nEXACT_POLYNOMIAL_SUM recoil_derivative 960 997 0.229\nEXACT_POLYNOMIAL_SUM recoil_derivative 976 997 0.229\nEXACT_POLYNOMIAL_SUM recoil_derivative 992 997 0.23\nEXACT_POLYNOMIAL_SUM recoil_derivative 997 997 0.23\nPASS: exact recoil derivative polynomial sum\n"
""
"PASS: ""exact polynomial normalization completed"
"PASS: ""complete normalization backend identity"
"PASS: ""exact existing cancellation gates passed"
"PASS: ""complete physical scalar reconstruction"
"PASS: ""bounded normalized scalar cache"
"PASS: ""exact normalized scalar reload"
"RECOIL_POLYNOMIAL_ACCEPTED seconds "9.700577`7.438342560799673" input_bytes "30476920" output_bytes "16" backend_seconds "0.6378527580018272
"PASS: ""{{6, 3, 2}, 1, \"Regular\"} pole -1"
"POLE_ASSEMBLY "{{6, 3, 2}, -1, "Delta"}
"POLE_ASSEMBLY "{{6, 3, 2}, -1, "L0"}
"POLE_ASSEMBLY "{{6, 3, 2}, -1, "L1"}
"POLE_ASSEMBLY "{{6, 3, 2}, -1, "Regular"}
"RECOIL_POLYNOMIAL_BACKEND_START input_bytes "34594192" transfer_bytes "4055198
"EXACT_POLYNOMIAL_SUM recoil_derivative 16 997 0.204\nEXACT_POLYNOMIAL_SUM recoil_derivative 32 997 0.206\nEXACT_POLYNOMIAL_SUM recoil_derivative 48 997 0.207\nEXACT_POLYNOMIAL_SUM recoil_derivative 64 997 0.208\nEXACT_POLYNOMIAL_SUM recoil_derivative 80 997 0.208\nEXACT_POLYNOMIAL_SUM recoil_derivative 96 997 0.209\nEXACT_POLYNOMIAL_SUM recoil_derivative 112 997 0.21\nEXACT_POLYNOMIAL_SUM recoil_derivative 128 997 0.21\nEXACT_POLYNOMIAL_SUM recoil_derivative 144 997 0.211\nEXACT_POLYNOMIAL_SUM recoil_derivative 160 997 0.211\nEXACT_POLYNOMIAL_SUM recoil_derivative 176 997 0.212\nEXACT_POLYNOMIAL_SUM recoil_derivative 192 997 0.212\nEXACT_POLYNOMIAL_SUM recoil_derivative 208 997 0.213\nEXACT_POLYNOMIAL_SUM recoil_derivative 224 997 0.213\nEXACT_POLYNOMIAL_SUM recoil_derivative 240 997 0.214\nEXACT_POLYNOMIAL_SUM recoil_derivative 256 997 0.214\nEXACT_POLYNOMIAL_SUM recoil_derivative 272 997 0.215\nEXACT_POLYNOMIAL_SUM recoil_derivative 288 997 0.215\nEXACT_POLYNOMIAL_SUM recoil_derivative 304 997 0.216\nEXACT_POLYNOMIAL_SUM recoil_derivative 320 997 0.217\nEXACT_POLYNOMIAL_SUM recoil_derivative 336 997 0.217\nEXACT_POLYNOMIAL_SUM recoil_derivative 352 997 0.218\nEXACT_POLYNOMIAL_SUM recoil_derivative 368 997 0.218\nEXACT_POLYNOMIAL_SUM recoil_derivative 384 997 0.219\nEXACT_POLYNOMIAL_SUM recoil_derivative 400 997 0.219\nEXACT_POLYNOMIAL_SUM recoil_derivative 416 997 0.22\nEXACT_POLYNOMIAL_SUM recoil_derivative 432 997 0.22\nEXACT_POLYNOMIAL_SUM recoil_derivative 448 997 0.221\nEXACT_POLYNOMIAL_SUM recoil_derivative 464 997 0.221\nEXACT_POLYNOMIAL_SUM recoil_derivative 480 997 0.222\nEXACT_POLYNOMIAL_SUM recoil_derivative 496 997 0.222\nEXACT_POLYNOMIAL_SUM recoil_derivative 512 997 0.223\nEXACT_POLYNOMIAL_SUM recoil_derivative 528 997 0.224\nEXACT_POLYNOMIAL_SUM recoil_derivative 544 997 0.224\nEXACT_POLYNOMIAL_SUM recoil_derivative 560 997 0.225\nEXACT_POLYNOMIAL_SUM recoil_derivative 576 997 0.226\nEXACT_POLYNOMIAL_SUM recoil_derivative 592 997 0.226\nEXACT_POLYNOMIAL_SUM recoil_derivative 608 997 0.227\nEXACT_POLYNOMIAL_SUM recoil_derivative 624 997 0.227\nEXACT_POLYNOMIAL_SUM recoil_derivative 640 997 0.228\nEXACT_POLYNOMIAL_SUM recoil_derivative 656 997 0.228\nEXACT_POLYNOMIAL_SUM recoil_derivative 672 997 0.229\nEXACT_POLYNOMIAL_SUM recoil_derivative 688 997 0.229\nEXACT_POLYNOMIAL_SUM recoil_derivative 704 997 0.23\nEXACT_POLYNOMIAL_SUM recoil_derivative 720 997 0.23\nEXACT_POLYNOMIAL_SUM recoil_derivative 736 997 0.231\nEXACT_POLYNOMIAL_SUM recoil_derivative 752 997 0.231\nEXACT_POLYNOMIAL_SUM recoil_derivative 768 997 0.232\nEXACT_POLYNOMIAL_SUM recoil_derivative 784 997 0.232\nEXACT_POLYNOMIAL_SUM recoil_derivative 800 997 0.233\nEXACT_POLYNOMIAL_SUM recoil_derivative 816 997 0.233\nEXACT_POLYNOMIAL_SUM recoil_derivative 832 997 0.233\nEXACT_POLYNOMIAL_SUM recoil_derivative 848 997 0.234\nEXACT_POLYNOMIAL_SUM recoil_derivative 864 997 0.234\nEXACT_POLYNOMIAL_SUM recoil_derivative 880 997 0.235\nEXACT_POLYNOMIAL_SUM recoil_derivative 896 997 0.235\nEXACT_POLYNOMIAL_SUM recoil_derivative 912 997 0.236\nEXACT_POLYNOMIAL_SUM recoil_derivative 928 997 0.236\nEXACT_POLYNOMIAL_SUM recoil_derivative 944 997 0.237\nEXACT_POLYNOMIAL_SUM recoil_derivative 960 997 0.238\nEXACT_POLYNOMIAL_SUM recoil_derivative 976 997 0.238\nEXACT_POLYNOMIAL_SUM recoil_derivative 992 997 0.239\nEXACT_POLYNOMIAL_SUM recoil_derivative 997 997 0.239\nPASS: exact recoil derivative polynomial sum\n"
""
"RECOIL_POLYNOMIAL_ACCEPTED seconds "10.204244`7.4603258282422935" input_bytes "34594192" output_bytes "16" backend_seconds "0.6321521779973409
"PASS: ""{{6, 3, 2}, -1, \"Regular\"} pole -1"
"PASS: ""real endpoint branches share a boundary"
"POLE_ASSEMBLY "{{6, 3, 2}, 0, "Delta"}
"POLE_ASSEMBLY "{{6, 3, 2}, 0, "L0"}
"POLE_ASSEMBLY "{{6, 3, 2}, 0, "L1"}
"POLE_ASSEMBLY "{{6, 3, 2}, 0, "Regular"}
"RECOIL_POLYNOMIAL_BACKEND_START input_bytes "1397632" transfer_bytes "197170
"EXACT_POLYNOMIAL_SUM recoil_derivative 16 214 0.013\nEXACT_POLYNOMIAL_SUM recoil_derivative 32 214 0.014\nEXACT_POLYNOMIAL_SUM recoil_derivative 48 214 0.014\nEXACT_POLYNOMIAL_SUM recoil_derivative 64 214 0.014\nEXACT_POLYNOMIAL_SUM recoil_derivative 80 214 0.014\nEXACT_POLYNOMIAL_SUM recoil_derivative 96 214 0.014\nEXACT_POLYNOMIAL_SUM recoil_derivative 112 214 0.014\nEXACT_POLYNOMIAL_SUM recoil_derivative 128 214 0.014\nEXACT_POLYNOMIAL_SUM recoil_derivative 144 214 0.014\nEXACT_POLYNOMIAL_SUM recoil_derivative 160 214 0.014\nEXACT_POLYNOMIAL_SUM recoil_derivative 176 214 0.015\nEXACT_POLYNOMIAL_SUM recoil_derivative 192 214 0.015\nEXACT_POLYNOMIAL_SUM recoil_derivative 208 214 0.015\nEXACT_POLYNOMIAL_SUM recoil_derivative 214 214 0.015\nPASS: exact recoil derivative polynomial sum\n"
""
"RECOIL_POLYNOMIAL_ACCEPTED seconds "1.63153`6.664140057347522" input_bytes "1397632" output_bytes "16" backend_seconds "0.035658736000186764
"PASS: ""{{6, 3, 2}, 0, \"Regular\"} pole -1"
"PASS: ""finite physical component"
"FINITE_COMPONENT_MEMORY "{6, 3, 2}" before "4472338776" after "4480005112
"POLE_ASSEMBLY "{{6, 3, 3}, 1, "Delta"}
"PASS: ""finite symbolic input parts"
"PASS: ""evaluated Laurent polynomial"
"PASS: ""finite evaluated tensor"
"POLE_ASSEMBLY "{{6, 3, 3}, 1, "L0"}
"POLE_ASSEMBLY "{{6, 3, 3}, 1, "L1"}
"POLE_ASSEMBLY "{{6, 3, 3}, 1, "Regular"}
"POLE_ASSEMBLY "{{6, 3, 3}, -1, "Delta"}
"POLE_ASSEMBLY "{{6, 3, 3}, -1, "L0"}
"POLE_ASSEMBLY "{{6, 3, 3}, -1, "L1"}
"POLE_ASSEMBLY "{{6, 3, 3}, -1, "Regular"}
"PASS: ""real endpoint branches share a boundary"
"POLE_ASSEMBLY "{{6, 3, 3}, 0, "Delta"}
"POLE_ASSEMBLY "{{6, 3, 3}, 0, "L0"}
"POLE_ASSEMBLY "{{6, 3, 3}, 0, "L1"}
"POLE_ASSEMBLY "{{6, 3, 3}, 0, "Regular"}
"PASS: ""finite physical component"
"FINITE_COMPONENT_MEMORY "{6, 3, 3}" before "4480005008" after "4480008256
"POLE_ASSEMBLY "{{6, 3, 4}, 1, "Delta"}
"PASS: ""finite symbolic input parts"
"PASS: ""evaluated Laurent polynomial"
"PASS: ""finite evaluated tensor"
"POLE_ASSEMBLY "{{6, 3, 4}, 1, "L0"}
"POLE_ASSEMBLY "{{6, 3, 4}, 1, "L1"}
"POLE_ASSEMBLY "{{6, 3, 4}, 1, "Regular"}
"POLE_ASSEMBLY "{{6, 3, 4}, -1, "Delta"}
"POLE_ASSEMBLY "{{6, 3, 4}, -1, "L0"}
"POLE_ASSEMBLY "{{6, 3, 4}, -1, "L1"}
"POLE_ASSEMBLY "{{6, 3, 4}, -1, "Regular"}
"PASS: ""real endpoint branches share a boundary"
"POLE_ASSEMBLY "{{6, 3, 4}, 0, "Delta"}
"POLE_ASSEMBLY "{{6, 3, 4}, 0, "L0"}
"POLE_ASSEMBLY "{{6, 3, 4}, 0, "L1"}
"POLE_ASSEMBLY "{{6, 3, 4}, 0, "Regular"}
"PASS: ""finite physical component"
"FINITE_COMPONENT_MEMORY "{6, 3, 4}" before "4480008152" after "4480011400
"POLE_ASSEMBLY "{{6, 4, 1}, 1, "Delta"}
"PASS: ""finite symbolic input parts"
"PASS: ""evaluated Laurent polynomial"
"PASS: ""finite evaluated tensor"
"POLE_ASSEMBLY "{{6, 4, 1}, 1, "L0"}
"POLE_ASSEMBLY "{{6, 4, 1}, 1, "L1"}
"POLE_ASSEMBLY "{{6, 4, 1}, 1, "Regular"}
"POLE_ASSEMBLY "{{6, 4, 1}, -1, "Delta"}
"POLE_ASSEMBLY "{{6, 4, 1}, -1, "L0"}
"POLE_ASSEMBLY "{{6, 4, 1}, -1, "L1"}
"POLE_ASSEMBLY "{{6, 4, 1}, -1, "Regular"}
"PASS: ""real endpoint branches share a boundary"
"POLE_ASSEMBLY "{{6, 4, 1}, 0, "Delta"}
"POLE_ASSEMBLY "{{6, 4, 1}, 0, "L0"}
"POLE_ASSEMBLY "{{6, 4, 1}, 0, "L1"}
"POLE_ASSEMBLY "{{6, 4, 1}, 0, "Regular"}
"PASS: ""finite physical component"
"FINITE_COMPONENT_MEMORY "{6, 4, 1}" before "4480011296" after "4480014544
"POLE_ASSEMBLY "{{6, 4, 2}, 1, "Delta"}
"PASS: ""finite symbolic input parts"
"PASS: ""evaluated Laurent polynomial"
"PASS: ""finite evaluated tensor"
"POLE_ASSEMBLY "{{6, 4, 2}, 1, "L0"}
"POLE_ASSEMBLY "{{6, 4, 2}, 1, "L1"}
"POLE_ASSEMBLY "{{6, 4, 2}, 1, "Regular"}
"POLE_ASSEMBLY "{{6, 4, 2}, -1, "Delta"}
"POLE_ASSEMBLY "{{6, 4, 2}, -1, "L0"}
"POLE_ASSEMBLY "{{6, 4, 2}, -1, "L1"}
"POLE_ASSEMBLY "{{6, 4, 2}, -1, "Regular"}
"PASS: ""real endpoint branches share a boundary"
"POLE_ASSEMBLY "{{6, 4, 2}, 0, "Delta"}
"POLE_ASSEMBLY "{{6, 4, 2}, 0, "L0"}
"POLE_ASSEMBLY "{{6, 4, 2}, 0, "L1"}
"POLE_ASSEMBLY "{{6, 4, 2}, 0, "Regular"}
"PASS: ""finite physical component"
"FINITE_COMPONENT_MEMORY "{6, 4, 2}" before "4480014440" after "4480017688
"POLE_ASSEMBLY "{{6, 4, 3}, 1, "Delta"}
"PASS: ""finite symbolic input parts"
"PASS: ""evaluated Laurent polynomial"
"PASS: ""finite evaluated tensor"
"POLE_ASSEMBLY "{{6, 4, 3}, 1, "L0"}
"POLE_ASSEMBLY "{{6, 4, 3}, 1, "L1"}
"POLE_ASSEMBLY "{{6, 4, 3}, 1, "Regular"}
"POLE_ASSEMBLY "{{6, 4, 3}, -1, "Delta"}
"POLE_ASSEMBLY "{{6, 4, 3}, -1, "L0"}
"POLE_ASSEMBLY "{{6, 4, 3}, -1, "L1"}
"POLE_ASSEMBLY "{{6, 4, 3}, -1, "Regular"}
"PASS: ""real endpoint branches share a boundary"
"POLE_ASSEMBLY "{{6, 4, 3}, 0, "Delta"}
"POLE_ASSEMBLY "{{6, 4, 3}, 0, "L0"}
"POLE_ASSEMBLY "{{6, 4, 3}, 0, "L1"}
"POLE_ASSEMBLY "{{6, 4, 3}, 0, "Regular"}
"PASS: ""finite physical component"
"FINITE_COMPONENT_MEMORY "{6, 4, 3}" before "4480017584" after "4480020832
"POLE_ASSEMBLY "{{6, 4, 4}, 1, "Delta"}
"PASS: ""finite symbolic input parts"
"PASS: ""evaluated Laurent polynomial"
"PASS: ""finite evaluated tensor"
"POLE_ASSEMBLY "{{6, 4, 4}, 1, "L0"}
"POLE_ASSEMBLY "{{6, 4, 4}, 1, "L1"}
"POLE_ASSEMBLY "{{6, 4, 4}, 1, "Regular"}
"POLE_ASSEMBLY "{{6, 4, 4}, -1, "Delta"}
"POLE_ASSEMBLY "{{6, 4, 4}, -1, "L0"}
"POLE_ASSEMBLY "{{6, 4, 4}, -1, "L1"}
"POLE_ASSEMBLY "{{6, 4, 4}, -1, "Regular"}
"PASS: ""real endpoint branches share a boundary"
"POLE_ASSEMBLY "{{6, 4, 4}, 0, "Delta"}
"POLE_ASSEMBLY "{{6, 4, 4}, 0, "L0"}
"POLE_ASSEMBLY "{{6, 4, 4}, 0, "L1"}
"POLE_ASSEMBLY "{{6, 4, 4}, 0, "Regular"}
"PASS: ""finite physical component"
"FINITE_COMPONENT_MEMORY "{6, 4, 4}" before "4480020728" after "4480023976
"POLE_ASSEMBLY "{{7, 1, 1}, 1, "Delta"}
"PASS: ""finite symbolic input parts"
"PASS: ""evaluated Laurent polynomial"
"PASS: ""finite evaluated tensor"
"POLE_ASSEMBLY "{{7, 1, 1}, 1, "L0"}
"POLE_ASSEMBLY "{{7, 1, 1}, 1, "L1"}
"POLE_ASSEMBLY "{{7, 1, 1}, 1, "Regular"}
"POLE_ASSEMBLY "{{7, 1, 1}, -1, "Delta"}
"POLE_ASSEMBLY "{{7, 1, 1}, -1, "L0"}
"POLE_ASSEMBLY "{{7, 1, 1}, -1, "L1"}
"POLE_ASSEMBLY "{{7, 1, 1}, -1, "Regular"}
"PASS: ""real endpoint branches share a boundary"
"POLE_ASSEMBLY "{{7, 1, 1}, 0, "Delta"}
"POLE_ASSEMBLY "{{7, 1, 1}, 0, "L0"}
"POLE_ASSEMBLY "{{7, 1, 1}, 0, "L1"}
"POLE_ASSEMBLY "{{7, 1, 1}, 0, "Regular"}
"PASS: ""finite physical component"
"FINITE_COMPONENT_MEMORY "{7, 1, 1}" before "4480023872" after "4480027120
"POLE_ASSEMBLY "{{7, 1, 2}, 1, "Delta"}
"PASS: ""finite symbolic input parts"
"PASS: ""evaluated Laurent polynomial"
"PASS: ""finite evaluated tensor"
"POLE_ASSEMBLY "{{7, 1, 2}, 1, "L0"}
"POLE_ASSEMBLY "{{7, 1, 2}, 1, "L1"}
"POLE_ASSEMBLY "{{7, 1, 2}, 1, "Regular"}
"POLE_ASSEMBLY "{{7, 1, 2}, -1, "Delta"}
"POLE_ASSEMBLY "{{7, 1, 2}, -1, "L0"}
"POLE_ASSEMBLY "{{7, 1, 2}, -1, "L1"}
"POLE_ASSEMBLY "{{7, 1, 2}, -1, "Regular"}
"PASS: ""real endpoint branches share a boundary"
"POLE_ASSEMBLY "{{7, 1, 2}, 0, "Delta"}
"POLE_ASSEMBLY "{{7, 1, 2}, 0, "L0"}
"POLE_ASSEMBLY "{{7, 1, 2}, 0, "L1"}
"POLE_ASSEMBLY "{{7, 1, 2}, 0, "Regular"}
"PASS: ""finite physical component"
"FINITE_COMPONENT_MEMORY "{7, 1, 2}" before "4480027016" after "4480030264
"POLE_ASSEMBLY "{{7, 1, 3}, 1, "Delta"}
"PASS: ""finite symbolic input parts"
"PASS: ""evaluated Laurent polynomial"
"PASS: ""finite evaluated tensor"
"POLE_ASSEMBLY "{{7, 1, 3}, 1, "L0"}
"POLE_ASSEMBLY "{{7, 1, 3}, 1, "L1"}
"POLE_ASSEMBLY "{{7, 1, 3}, 1, "Regular"}
"POLE_ASSEMBLY "{{7, 1, 3}, -1, "Delta"}
"POLE_ASSEMBLY "{{7, 1, 3}, -1, "L0"}
"POLE_ASSEMBLY "{{7, 1, 3}, -1, "L1"}
"POLE_ASSEMBLY "{{7, 1, 3}, -1, "Regular"}
"PASS: ""real endpoint branches share a boundary"
"POLE_ASSEMBLY "{{7, 1, 3}, 0, "Delta"}
"POLE_ASSEMBLY "{{7, 1, 3}, 0, "L0"}
"POLE_ASSEMBLY "{{7, 1, 3}, 0, "L1"}
"POLE_ASSEMBLY "{{7, 1, 3}, 0, "Regular"}
"PASS: ""finite physical component"
"FINITE_COMPONENT_MEMORY "{7, 1, 3}" before "4480030160" after "4480033408
"POLE_ASSEMBLY "{{7, 1, 4}, 1, "Delta"}
"PASS: ""finite symbolic input parts"
"PASS: ""evaluated Laurent polynomial"
"PASS: ""finite evaluated tensor"
"POLE_ASSEMBLY "{{7, 1, 4}, 1, "L0"}
"POLE_ASSEMBLY "{{7, 1, 4}, 1, "L1"}
"POLE_ASSEMBLY "{{7, 1, 4}, 1, "Regular"}
"POLE_ASSEMBLY "{{7, 1, 4}, -1, "Delta"}
"POLE_ASSEMBLY "{{7, 1, 4}, -1, "L0"}
"POLE_ASSEMBLY "{{7, 1, 4}, -1, "L1"}
"POLE_ASSEMBLY "{{7, 1, 4}, -1, "Regular"}
"PASS: ""real endpoint branches share a boundary"
"POLE_ASSEMBLY "{{7, 1, 4}, 0, "Delta"}
"POLE_ASSEMBLY "{{7, 1, 4}, 0, "L0"}
"POLE_ASSEMBLY "{{7, 1, 4}, 0, "L1"}
"POLE_ASSEMBLY "{{7, 1, 4}, 0, "Regular"}
"PASS: ""finite physical component"
"FINITE_COMPONENT_MEMORY "{7, 1, 4}" before "4480033304" after "4480036552
"POLE_ASSEMBLY "{{7, 2, 1}, 1, "Delta"}
"PASS: ""finite symbolic input parts"
"PASS: ""evaluated Laurent polynomial"
"PASS: ""finite evaluated tensor"
"POLE_ASSEMBLY "{{7, 2, 1}, 1, "L0"}
"POLE_ASSEMBLY "{{7, 2, 1}, 1, "L1"}
"POLE_ASSEMBLY "{{7, 2, 1}, 1, "Regular"}
"POLE_ASSEMBLY "{{7, 2, 1}, -1, "Delta"}
"POLE_ASSEMBLY "{{7, 2, 1}, -1, "L0"}
"POLE_ASSEMBLY "{{7, 2, 1}, -1, "L1"}
"POLE_ASSEMBLY "{{7, 2, 1}, -1, "Regular"}
"PASS: ""real endpoint branches share a boundary"
"POLE_ASSEMBLY "{{7, 2, 1}, 0, "Delta"}
"POLE_ASSEMBLY "{{7, 2, 1}, 0, "L0"}
"POLE_ASSEMBLY "{{7, 2, 1}, 0, "L1"}
"POLE_ASSEMBLY "{{7, 2, 1}, 0, "Regular"}
"PASS: ""finite physical component"
"FINITE_COMPONENT_MEMORY "{7, 2, 1}" before "4480036448" after "4480039696
"POLE_ASSEMBLY "{{7, 2, 2}, 1, "Delta"}
"PASS: ""finite symbolic input parts"
"PASS: ""evaluated Laurent polynomial"
"PASS: ""finite evaluated tensor"
"POLE_ASSEMBLY "{{7, 2, 2}, 1, "L0"}
"POLE_ASSEMBLY "{{7, 2, 2}, 1, "L1"}
"POLE_ASSEMBLY "{{7, 2, 2}, 1, "Regular"}
"POLE_ASSEMBLY "{{7, 2, 2}, -1, "Delta"}
"POLE_ASSEMBLY "{{7, 2, 2}, -1, "L0"}
"POLE_ASSEMBLY "{{7, 2, 2}, -1, "L1"}
"POLE_ASSEMBLY "{{7, 2, 2}, -1, "Regular"}
"PASS: ""real endpoint branches share a boundary"
"POLE_ASSEMBLY "{{7, 2, 2}, 0, "Delta"}
"POLE_ASSEMBLY "{{7, 2, 2}, 0, "L0"}
"POLE_ASSEMBLY "{{7, 2, 2}, 0, "L1"}
"POLE_ASSEMBLY "{{7, 2, 2}, 0, "Regular"}
"PASS: ""finite physical component"
"FINITE_COMPONENT_MEMORY "{7, 2, 2}" before "4480039592" after "4480042840
"POLE_ASSEMBLY "{{7, 2, 3}, 1, "Delta"}
"PASS: ""finite symbolic input parts"
"PASS: ""evaluated Laurent polynomial"
"PASS: ""finite evaluated tensor"
"POLE_ASSEMBLY "{{7, 2, 3}, 1, "L0"}
"POLE_ASSEMBLY "{{7, 2, 3}, 1, "L1"}
"POLE_ASSEMBLY "{{7, 2, 3}, 1, "Regular"}
"POLE_ASSEMBLY "{{7, 2, 3}, -1, "Delta"}
"POLE_ASSEMBLY "{{7, 2, 3}, -1, "L0"}
"POLE_ASSEMBLY "{{7, 2, 3}, -1, "L1"}
"POLE_ASSEMBLY "{{7, 2, 3}, -1, "Regular"}
"PASS: ""real endpoint branches share a boundary"
"POLE_ASSEMBLY "{{7, 2, 3}, 0, "Delta"}
"POLE_ASSEMBLY "{{7, 2, 3}, 0, "L0"}
"POLE_ASSEMBLY "{{7, 2, 3}, 0, "L1"}
"POLE_ASSEMBLY "{{7, 2, 3}, 0, "Regular"}
"PASS: ""finite physical component"
"FINITE_COMPONENT_MEMORY "{7, 2, 3}" before "4480042736" after "4480045984
"POLE_ASSEMBLY "{{7, 2, 4}, 1, "Delta"}
"PASS: ""finite symbolic input parts"
"PASS: ""evaluated Laurent polynomial"
"PASS: ""finite evaluated tensor"
"POLE_ASSEMBLY "{{7, 2, 4}, 1, "L0"}
"POLE_ASSEMBLY "{{7, 2, 4}, 1, "L1"}
"POLE_ASSEMBLY "{{7, 2, 4}, 1, "Regular"}
"POLE_ASSEMBLY "{{7, 2, 4}, -1, "Delta"}
"POLE_ASSEMBLY "{{7, 2, 4}, -1, "L0"}
"POLE_ASSEMBLY "{{7, 2, 4}, -1, "L1"}
"POLE_ASSEMBLY "{{7, 2, 4}, -1, "Regular"}
"PASS: ""real endpoint branches share a boundary"
"POLE_ASSEMBLY "{{7, 2, 4}, 0, "Delta"}
"POLE_ASSEMBLY "{{7, 2, 4}, 0, "L0"}
"POLE_ASSEMBLY "{{7, 2, 4}, 0, "L1"}
"POLE_ASSEMBLY "{{7, 2, 4}, 0, "Regular"}
"PASS: ""finite physical component"
"FINITE_COMPONENT_MEMORY "{7, 2, 4}" before "4480045880" after "4480049128
"POLE_ASSEMBLY "{{7, 3, 1}, 1, "Delta"}
"PASS: ""finite symbolic input parts"
"PASS: ""evaluated Laurent polynomial"
"PASS: ""finite evaluated tensor"
"POLE_ASSEMBLY "{{7, 3, 1}, 1, "L0"}
"POLE_ASSEMBLY "{{7, 3, 1}, 1, "L1"}
"POLE_ASSEMBLY "{{7, 3, 1}, 1, "Regular"}
"POLE_ASSEMBLY "{{7, 3, 1}, -1, "Delta"}
"POLE_ASSEMBLY "{{7, 3, 1}, -1, "L0"}
"POLE_ASSEMBLY "{{7, 3, 1}, -1, "L1"}
"POLE_ASSEMBLY "{{7, 3, 1}, -1, "Regular"}
"PASS: ""real endpoint branches share a boundary"
"POLE_ASSEMBLY "{{7, 3, 1}, 0, "Delta"}
"POLE_ASSEMBLY "{{7, 3, 1}, 0, "L0"}
"POLE_ASSEMBLY "{{7, 3, 1}, 0, "L1"}
"POLE_ASSEMBLY "{{7, 3, 1}, 0, "Regular"}
"PASS: ""finite physical component"
"FINITE_COMPONENT_MEMORY "{7, 3, 1}" before "4480049024" after "4480052272
"POLE_ASSEMBLY "{{7, 3, 2}, 1, "Delta"}
"PASS: ""finite symbolic input parts"
"PASS: ""evaluated Laurent polynomial"
"PASS: ""finite evaluated tensor"
"POLE_ASSEMBLY "{{7, 3, 2}, 1, "L0"}
"POLE_ASSEMBLY "{{7, 3, 2}, 1, "L1"}
"POLE_ASSEMBLY "{{7, 3, 2}, 1, "Regular"}
"POLE_ASSEMBLY "{{7, 3, 2}, -1, "Delta"}
"POLE_ASSEMBLY "{{7, 3, 2}, -1, "L0"}
"POLE_ASSEMBLY "{{7, 3, 2}, -1, "L1"}
"POLE_ASSEMBLY "{{7, 3, 2}, -1, "Regular"}
"PASS: ""real endpoint branches share a boundary"
"POLE_ASSEMBLY "{{7, 3, 2}, 0, "Delta"}
"POLE_ASSEMBLY "{{7, 3, 2}, 0, "L0"}
"POLE_ASSEMBLY "{{7, 3, 2}, 0, "L1"}
"POLE_ASSEMBLY "{{7, 3, 2}, 0, "Regular"}
"PASS: ""finite physical component"
"FINITE_COMPONENT_MEMORY "{7, 3, 2}" before "4480052168" after "4480055416
"POLE_ASSEMBLY "{{7, 3, 3}, 1, "Delta"}
"PASS: ""finite symbolic input parts"
"PASS: ""evaluated Laurent polynomial"
"PASS: ""finite evaluated tensor"
"POLE_ASSEMBLY "{{7, 3, 3}, 1, "L0"}
"POLE_ASSEMBLY "{{7, 3, 3}, 1, "L1"}
"POLE_ASSEMBLY "{{7, 3, 3}, 1, "Regular"}
"POLE_ASSEMBLY "{{7, 3, 3}, -1, "Delta"}
"POLE_ASSEMBLY "{{7, 3, 3}, -1, "L0"}
"POLE_ASSEMBLY "{{7, 3, 3}, -1, "L1"}
"POLE_ASSEMBLY "{{7, 3, 3}, -1, "Regular"}
"PASS: ""real endpoint branches share a boundary"
"POLE_ASSEMBLY "{{7, 3, 3}, 0, "Delta"}
"POLE_ASSEMBLY "{{7, 3, 3}, 0, "L0"}
"POLE_ASSEMBLY "{{7, 3, 3}, 0, "L1"}
"POLE_ASSEMBLY "{{7, 3, 3}, 0, "Regular"}
"PASS: ""finite physical component"
"FINITE_COMPONENT_MEMORY "{7, 3, 3}" before "4480055312" after "4480058560
"POLE_ASSEMBLY "{{7, 3, 4}, 1, "Delta"}
"PASS: ""finite symbolic input parts"
"PASS: ""evaluated Laurent polynomial"
"PASS: ""finite evaluated tensor"
"POLE_ASSEMBLY "{{7, 3, 4}, 1, "L0"}
"POLE_ASSEMBLY "{{7, 3, 4}, 1, "L1"}
"PASS: ""integer finite Laurent support"
"PASS: ""complete Laurent polynomial"
"PASS: ""regulator-independent Laurent coefficients"
"PASS: ""exact Laurent polynomial reconstruction"
"PASS: ""phase kernel has no truncated input series"
"PASS: ""reference phase product evaluated"
"POLE_ASSEMBLY "{{7, 3, 4}, 1, "Regular"}
"PASS: ""accepted exact polynomial backend retained"
"PASS: ""entire finite sum exactly decomposed"
"PASS: ""raw scalar ratio exactly reconstructs"
"PASS: ""unassigned algebraic input generators"
"PASS: ""algebraic generators preserve the exact input"
"PASS: ""complete rational polynomial support"
"PASS: ""unassigned polynomial transfer generators"
"PASS: ""complete polynomial transfer text reconstructs"
"PASS: ""exact native polynomial JSON transfer"
"RECOIL_POLYNOMIAL_BACKEND_START input_bytes "2173648" transfer_bytes "296483
"EXACT_POLYNOMIAL_SUM recoil_derivative 16 270 0.048\nEXACT_POLYNOMIAL_SUM recoil_derivative 32 270 0.049\nEXACT_POLYNOMIAL_SUM recoil_derivative 48 270 0.049\nEXACT_POLYNOMIAL_SUM recoil_derivative 64 270 0.05\nEXACT_POLYNOMIAL_SUM recoil_derivative 80 270 0.051\nEXACT_POLYNOMIAL_SUM recoil_derivative 96 270 0.052\nEXACT_POLYNOMIAL_SUM recoil_derivative 112 270 0.053\nEXACT_POLYNOMIAL_SUM recoil_derivative 128 270 0.054\nEXACT_POLYNOMIAL_SUM recoil_derivative 144 270 0.056\nEXACT_POLYNOMIAL_SUM recoil_derivative 160 270 0.057\nEXACT_POLYNOMIAL_SUM recoil_derivative 176 270 0.058\nEXACT_POLYNOMIAL_SUM recoil_derivative 192 270 0.06\nEXACT_POLYNOMIAL_SUM recoil_derivative 208 270 0.061\nEXACT_POLYNOMIAL_SUM recoil_derivative 224 270 0.062\nEXACT_POLYNOMIAL_SUM recoil_derivative 240 270 0.063\nEXACT_POLYNOMIAL_SUM recoil_derivative 256 270 0.065\nEXACT_POLYNOMIAL_SUM recoil_derivative 270 270 0.066\nPASS: exact recoil derivative polynomial sum\n"
""
"PASS: ""exact polynomial normalization completed"
"PASS: ""complete normalization backend identity"
"PASS: ""exact existing cancellation gates passed"
"PASS: ""complete physical scalar reconstruction"
"PASS: ""bounded normalized scalar cache"
"PASS: ""exact normalized scalar reload"
"RECOIL_POLYNOMIAL_ACCEPTED seconds "4.012281`7.05493633471272" input_bytes "2173648" output_bytes "1574256" backend_seconds "0.28009485700022196
"PASS: ""{{7, 3, 4}, 1, \"Regular\"} pole -1"
"POLE_ASSEMBLY "{{7, 3, 4}, -1, "Delta"}
"POLE_ASSEMBLY "{{7, 3, 4}, -1, "L0"}
"POLE_ASSEMBLY "{{7, 3, 4}, -1, "L1"}
"POLE_ASSEMBLY "{{7, 3, 4}, -1, "Regular"}
"RECOIL_POLYNOMIAL_BACKEND_START input_bytes "2477056" transfer_bytes "296496
"EXACT_POLYNOMIAL_SUM recoil_derivative 16 270 0.06\nEXACT_POLYNOMIAL_SUM recoil_derivative 32 270 0.06\nEXACT_POLYNOMIAL_SUM recoil_derivative 48 270 0.061\nEXACT_POLYNOMIAL_SUM recoil_derivative 64 270 0.062\nEXACT_POLYNOMIAL_SUM recoil_derivative 80 270 0.063\nEXACT_POLYNOMIAL_SUM recoil_derivative 96 270 0.064\nEXACT_POLYNOMIAL_SUM recoil_derivative 112 270 0.065\nEXACT_POLYNOMIAL_SUM recoil_derivative 128 270 0.066\nEXACT_POLYNOMIAL_SUM recoil_derivative 144 270 0.068\nEXACT_POLYNOMIAL_SUM recoil_derivative 160 270 0.069\nEXACT_POLYNOMIAL_SUM recoil_derivative 176 270 0.07\nEXACT_POLYNOMIAL_SUM recoil_derivative 192 270 0.071\nEXACT_POLYNOMIAL_SUM recoil_derivative 208 270 0.072\nEXACT_POLYNOMIAL_SUM recoil_derivative 224 270 0.073\nEXACT_POLYNOMIAL_SUM recoil_derivative 240 270 0.075\nEXACT_POLYNOMIAL_SUM recoil_derivative 256 270 0.076\nEXACT_POLYNOMIAL_SUM recoil_derivative 270 270 0.077\nPASS: exact recoil derivative polynomial sum\n"
""
"RECOIL_POLYNOMIAL_ACCEPTED seconds "4.56368`7.110860178079474" input_bytes "2477056" output_bytes "1772784" backend_seconds "0.25612348499998916
"PASS: ""{{7, 3, 4}, -1, \"Regular\"} pole -1"
"PASS: ""real endpoint branches share a boundary"
"POLE_ASSEMBLY "{{7, 3, 4}, 0, "Delta"}
"POLE_ASSEMBLY "{{7, 3, 4}, 0, "L0"}
"POLE_ASSEMBLY "{{7, 3, 4}, 0, "L1"}
"POLE_ASSEMBLY "{{7, 3, 4}, 0, "Regular"}
"RECOIL_POLYNOMIAL_BACKEND_START input_bytes "386064" transfer_bytes "50459
"EXACT_POLYNOMIAL_SUM recoil_derivative 16 108 0.008\nEXACT_POLYNOMIAL_SUM recoil_derivative 32 108 0.008\nEXACT_POLYNOMIAL_SUM recoil_derivative 48 108 0.009\nEXACT_POLYNOMIAL_SUM recoil_derivative 64 108 0.009\nEXACT_POLYNOMIAL_SUM recoil_derivative 80 108 0.009\nEXACT_POLYNOMIAL_SUM recoil_derivative 96 108 0.009\nEXACT_POLYNOMIAL_SUM recoil_derivative 108 108 0.009\nPASS: exact recoil derivative polynomial sum\n"
""
"RECOIL_POLYNOMIAL_ACCEPTED seconds "2.228843`6.799624471292025" input_bytes "386064" output_bytes "271936" backend_seconds "0.045256940997205675
"PASS: ""{{7, 3, 4}, 0, \"Regular\"} pole -1"
"PASS: ""finite physical component"
"FINITE_COMPONENT_MEMORY "{7, 3, 4}" before "4480058456" after "4490728600
"POLE_ASSEMBLY "{{7, 4, 1}, 1, "Delta"}
"PASS: ""finite symbolic input parts"
"PASS: ""evaluated Laurent polynomial"
"PASS: ""finite evaluated tensor"
"POLE_ASSEMBLY "{{7, 4, 1}, 1, "L0"}
"POLE_ASSEMBLY "{{7, 4, 1}, 1, "L1"}
"POLE_ASSEMBLY "{{7, 4, 1}, 1, "Regular"}
"POLE_ASSEMBLY "{{7, 4, 1}, -1, "Delta"}
"POLE_ASSEMBLY "{{7, 4, 1}, -1, "L0"}
"POLE_ASSEMBLY "{{7, 4, 1}, -1, "L1"}
"POLE_ASSEMBLY "{{7, 4, 1}, -1, "Regular"}
"PASS: ""real endpoint branches share a boundary"
"POLE_ASSEMBLY "{{7, 4, 1}, 0, "Delta"}
"POLE_ASSEMBLY "{{7, 4, 1}, 0, "L0"}
"POLE_ASSEMBLY "{{7, 4, 1}, 0, "L1"}
"POLE_ASSEMBLY "{{7, 4, 1}, 0, "Regular"}
"PASS: ""finite physical component"
"FINITE_COMPONENT_MEMORY "{7, 4, 1}" before "4490728496" after "4490731680
"POLE_ASSEMBLY "{{7, 4, 2}, 1, "Delta"}
"PASS: ""finite symbolic input parts"
"PASS: ""evaluated Laurent polynomial"
"PASS: ""finite evaluated tensor"
"POLE_ASSEMBLY "{{7, 4, 2}, 1, "L0"}
"POLE_ASSEMBLY "{{7, 4, 2}, 1, "L1"}
"POLE_ASSEMBLY "{{7, 4, 2}, 1, "Regular"}
"POLE_ASSEMBLY "{{7, 4, 2}, -1, "Delta"}
"POLE_ASSEMBLY "{{7, 4, 2}, -1, "L0"}
"POLE_ASSEMBLY "{{7, 4, 2}, -1, "L1"}
"POLE_ASSEMBLY "{{7, 4, 2}, -1, "Regular"}
"PASS: ""real endpoint branches share a boundary"
"POLE_ASSEMBLY "{{7, 4, 2}, 0, "Delta"}
"POLE_ASSEMBLY "{{7, 4, 2}, 0, "L0"}
"POLE_ASSEMBLY "{{7, 4, 2}, 0, "L1"}
"POLE_ASSEMBLY "{{7, 4, 2}, 0, "Regular"}
"PASS: ""finite physical component"
"FINITE_COMPONENT_MEMORY "{7, 4, 2}" before "4490731576" after "4490734824
"POLE_ASSEMBLY "{{7, 4, 3}, 1, "Delta"}
"PASS: ""finite symbolic input parts"
"PASS: ""evaluated Laurent polynomial"
"PASS: ""finite evaluated tensor"
"POLE_ASSEMBLY "{{7, 4, 3}, 1, "L0"}
"POLE_ASSEMBLY "{{7, 4, 3}, 1, "L1"}
"PASS: ""integer finite Laurent support"
"PASS: ""complete Laurent polynomial"
"PASS: ""regulator-independent Laurent coefficients"
"PASS: ""exact Laurent polynomial reconstruction"
"PASS: ""phase kernel has no truncated input series"
"PASS: ""reference phase product evaluated"
"POLE_ASSEMBLY "{{7, 4, 3}, 1, "Regular"}
"PASS: ""accepted exact polynomial backend retained"
"PASS: ""entire finite sum exactly decomposed"
"PASS: ""raw scalar ratio exactly reconstructs"
"PASS: ""unassigned algebraic input generators"
"PASS: ""algebraic generators preserve the exact input"
"PASS: ""complete rational polynomial support"
"PASS: ""unassigned polynomial transfer generators"
"PASS: ""complete polynomial transfer text reconstructs"
"PASS: ""exact native polynomial JSON transfer"
"RECOIL_POLYNOMIAL_BACKEND_START input_bytes "3040968" transfer_bytes "363243
"EXACT_POLYNOMIAL_SUM recoil_derivative 16 728 0.249\nEXACT_POLYNOMIAL_SUM recoil_derivative 32 728 0.251\nEXACT_POLYNOMIAL_SUM recoil_derivative 48 728 0.253\nEXACT_POLYNOMIAL_SUM recoil_derivative 64 728 0.256\nEXACT_POLYNOMIAL_SUM recoil_derivative 80 728 0.258\nEXACT_POLYNOMIAL_SUM recoil_derivative 96 728 0.261\nEXACT_POLYNOMIAL_SUM recoil_derivative 112 728 0.264\nEXACT_POLYNOMIAL_SUM recoil_derivative 128 728 0.266\nEXACT_POLYNOMIAL_SUM recoil_derivative 144 728 0.268\nEXACT_POLYNOMIAL_SUM recoil_derivative 160 728 0.27\nEXACT_POLYNOMIAL_SUM recoil_derivative 176 728 0.272\nEXACT_POLYNOMIAL_SUM recoil_derivative 192 728 0.276\nEXACT_POLYNOMIAL_SUM recoil_derivative 208 728 0.28\nEXACT_POLYNOMIAL_SUM recoil_derivative 224 728 0.283\nEXACT_POLYNOMIAL_SUM recoil_derivative 240 728 0.286\nEXACT_POLYNOMIAL_SUM recoil_derivative 256 728 0.288\nEXACT_POLYNOMIAL_SUM recoil_derivative 272 728 0.29\nEXACT_POLYNOMIAL_SUM recoil_derivative 288 728 0.292\nEXACT_POLYNOMIAL_SUM recoil_derivative 304 728 0.294\nEXACT_POLYNOMIAL_SUM recoil_derivative 320 728 0.296\nEXACT_POLYNOMIAL_SUM recoil_derivative 336 728 0.299\nEXACT_POLYNOMIAL_SUM recoil_derivative 352 728 0.301\nEXACT_POLYNOMIAL_SUM recoil_derivative 368 728 0.304\nEXACT_POLYNOMIAL_SUM recoil_derivative 384 728 0.307\nEXACT_POLYNOMIAL_SUM recoil_derivative 400 728 0.311\nEXACT_POLYNOMIAL_SUM recoil_derivative 416 728 0.314\nEXACT_POLYNOMIAL_SUM recoil_derivative 432 728 0.317\nEXACT_POLYNOMIAL_SUM recoil_derivative 448 728 0.321\nEXACT_POLYNOMIAL_SUM recoil_derivative 464 728 0.325\nEXACT_POLYNOMIAL_SUM recoil_derivative 480 728 0.328\nEXACT_POLYNOMIAL_SUM recoil_derivative 496 728 0.331\nEXACT_POLYNOMIAL_SUM recoil_derivative 512 728 0.334\nEXACT_POLYNOMIAL_SUM recoil_derivative 528 728 0.337\nEXACT_POLYNOMIAL_SUM recoil_derivative 544 728 0.339\nEXACT_POLYNOMIAL_SUM recoil_derivative 560 728 0.342\nEXACT_POLYNOMIAL_SUM recoil_derivative 576 728 0.345\nEXACT_POLYNOMIAL_SUM recoil_derivative 592 728 0.348\nEXACT_POLYNOMIAL_SUM recoil_derivative 608 728 0.35\nEXACT_POLYNOMIAL_SUM recoil_derivative 624 728 0.353\nEXACT_POLYNOMIAL_SUM recoil_derivative 640 728 0.356\nEXACT_POLYNOMIAL_SUM recoil_derivative 656 728 0.363\nEXACT_POLYNOMIAL_SUM recoil_derivative 672 728 0.366\nEXACT_POLYNOMIAL_SUM recoil_derivative 688 728 0.37\nEXACT_POLYNOMIAL_SUM recoil_derivative 704 728 0.374\nEXACT_POLYNOMIAL_SUM recoil_derivative 720 728 0.379\nEXACT_POLYNOMIAL_SUM recoil_derivative 728 728 0.381\nPASS: exact recoil derivative polynomial sum\n"
""
"PASS: ""exact polynomial normalization completed"
"PASS: ""complete normalization backend identity"
"PASS: ""exact existing cancellation gates passed"
"PASS: ""complete physical scalar reconstruction"
"PASS: ""bounded normalized scalar cache"
"PASS: ""exact normalized scalar reload"
"RECOIL_POLYNOMIAL_ACCEPTED seconds "3.999537`7.0535547123280775" input_bytes "3040968" output_bytes "140920" backend_seconds "0.7016871879968676
"PASS: ""{{7, 4, 3}, 1, \"Regular\"} pole -1"
"POLE_ASSEMBLY "{{7, 4, 3}, -1, "Delta"}
"POLE_ASSEMBLY "{{7, 4, 3}, -1, "L0"}
"POLE_ASSEMBLY "{{7, 4, 3}, -1, "L1"}
"POLE_ASSEMBLY "{{7, 4, 3}, -1, "Regular"}
"RECOIL_POLYNOMIAL_BACKEND_START input_bytes "3423576" transfer_bytes "363227
"EXACT_POLYNOMIAL_SUM recoil_derivative 16 728 0.241\nEXACT_POLYNOMIAL_SUM recoil_derivative 32 728 0.244\nEXACT_POLYNOMIAL_SUM recoil_derivative 48 728 0.246\nEXACT_POLYNOMIAL_SUM recoil_derivative 64 728 0.249\nEXACT_POLYNOMIAL_SUM recoil_derivative 80 728 0.252\nEXACT_POLYNOMIAL_SUM recoil_derivative 96 728 0.255\nEXACT_POLYNOMIAL_SUM recoil_derivative 112 728 0.258\nEXACT_POLYNOMIAL_SUM recoil_derivative 128 728 0.26\nEXACT_POLYNOMIAL_SUM recoil_derivative 144 728 0.262\nEXACT_POLYNOMIAL_SUM recoil_derivative 160 728 0.266\nEXACT_POLYNOMIAL_SUM recoil_derivative 176 728 0.268\nEXACT_POLYNOMIAL_SUM recoil_derivative 192 728 0.27\nEXACT_POLYNOMIAL_SUM recoil_derivative 208 728 0.272\nEXACT_POLYNOMIAL_SUM recoil_derivative 224 728 0.274\nEXACT_POLYNOMIAL_SUM recoil_derivative 240 728 0.276\nEXACT_POLYNOMIAL_SUM recoil_derivative 256 728 0.278\nEXACT_POLYNOMIAL_SUM recoil_derivative 272 728 0.28\nEXACT_POLYNOMIAL_SUM recoil_derivative 288 728 0.282\nEXACT_POLYNOMIAL_SUM recoil_derivative 304 728 0.284\nEXACT_POLYNOMIAL_SUM recoil_derivative 320 728 0.287\nEXACT_POLYNOMIAL_SUM recoil_derivative 336 728 0.29\nEXACT_POLYNOMIAL_SUM recoil_derivative 352 728 0.293\nEXACT_POLYNOMIAL_SUM recoil_derivative 368 728 0.295\nEXACT_POLYNOMIAL_SUM recoil_derivative 384 728 0.298\nEXACT_POLYNOMIAL_SUM recoil_derivative 400 728 0.301\nEXACT_POLYNOMIAL_SUM recoil_derivative 416 728 0.305\nEXACT_POLYNOMIAL_SUM recoil_derivative 432 728 0.308\nEXACT_POLYNOMIAL_SUM recoil_derivative 448 728 0.312\nEXACT_POLYNOMIAL_SUM recoil_derivative 464 728 0.316\nEXACT_POLYNOMIAL_SUM recoil_derivative 480 728 0.319\nEXACT_POLYNOMIAL_SUM recoil_derivative 496 728 0.323\nEXACT_POLYNOMIAL_SUM recoil_derivative 512 728 0.326\nEXACT_POLYNOMIAL_SUM recoil_derivative 528 728 0.329\nEXACT_POLYNOMIAL_SUM recoil_derivative 544 728 0.331\nEXACT_POLYNOMIAL_SUM recoil_derivative 560 728 0.335\nEXACT_POLYNOMIAL_SUM recoil_derivative 576 728 0.339\nEXACT_POLYNOMIAL_SUM recoil_derivative 592 728 0.342\nEXACT_POLYNOMIAL_SUM recoil_derivative 608 728 0.345\nEXACT_POLYNOMIAL_SUM recoil_derivative 624 728 0.348\nEXACT_POLYNOMIAL_SUM recoil_derivative 640 728 0.351\nEXACT_POLYNOMIAL_SUM recoil_derivative 656 728 0.354\nEXACT_POLYNOMIAL_SUM recoil_derivative 672 728 0.357\nEXACT_POLYNOMIAL_SUM recoil_derivative 688 728 0.361\nEXACT_POLYNOMIAL_SUM recoil_derivative 704 728 0.364\nEXACT_POLYNOMIAL_SUM recoil_derivative 720 728 0.368\nEXACT_POLYNOMIAL_SUM recoil_derivative 728 728 0.369\nPASS: exact recoil derivative polynomial sum\n"
""
"RECOIL_POLYNOMIAL_ACCEPTED seconds "4.824088`7.13496021500904" input_bytes "3423576" output_bytes "151984" backend_seconds "0.7086606539960485
"PASS: ""{{7, 4, 3}, -1, \"Regular\"} pole -1"
"PASS: ""real endpoint branches share a boundary"
"POLE_ASSEMBLY "{{7, 4, 3}, 0, "Delta"}
"POLE_ASSEMBLY "{{7, 4, 3}, 0, "L0"}
"POLE_ASSEMBLY "{{7, 4, 3}, 0, "L1"}
"POLE_ASSEMBLY "{{7, 4, 3}, 0, "Regular"}
"RECOIL_POLYNOMIAL_BACKEND_START input_bytes "493408" transfer_bytes "54115
"EXACT_POLYNOMIAL_SUM recoil_derivative 16 182 0.019\nEXACT_POLYNOMIAL_SUM recoil_derivative 32 182 0.019\nEXACT_POLYNOMIAL_SUM recoil_derivative 48 182 0.019\nEXACT_POLYNOMIAL_SUM recoil_derivative 64 182 0.019\nEXACT_POLYNOMIAL_SUM recoil_derivative 80 182 0.019\nEXACT_POLYNOMIAL_SUM recoil_derivative 96 182 0.02\nEXACT_POLYNOMIAL_SUM recoil_derivative 112 182 0.02\nEXACT_POLYNOMIAL_SUM recoil_derivative 128 182 0.02\nEXACT_POLYNOMIAL_SUM recoil_derivative 144 182 0.02\nEXACT_POLYNOMIAL_SUM recoil_derivative 160 182 0.021\nEXACT_POLYNOMIAL_SUM recoil_derivative 176 182 0.021\nEXACT_POLYNOMIAL_SUM recoil_derivative 182 182 0.021\nPASS: exact recoil derivative polynomial sum\n"
""
"RECOIL_POLYNOMIAL_ACCEPTED seconds "1.968643`6.745711960427792" input_bytes "493408" output_bytes "45240" backend_seconds "0.0510860629947274
"PASS: ""{{7, 4, 3}, 0, \"Regular\"} pole -1"
"PASS: ""finite physical component"
"FINITE_COMPONENT_MEMORY "{7, 4, 3}" before "4490734720" after "4497230016
"POLE_ASSEMBLY "{{7, 4, 4}, 1, "Delta"}
"PASS: ""finite symbolic input parts"
"PASS: ""evaluated Laurent polynomial"
"PASS: ""finite evaluated tensor"
"POLE_ASSEMBLY "{{7, 4, 4}, 1, "L0"}
"POLE_ASSEMBLY "{{7, 4, 4}, 1, "L1"}
"POLE_ASSEMBLY "{{7, 4, 4}, 1, "Regular"}
"POLE_ASSEMBLY "{{7, 4, 4}, -1, "Delta"}
"POLE_ASSEMBLY "{{7, 4, 4}, -1, "L0"}
"POLE_ASSEMBLY "{{7, 4, 4}, -1, "L1"}
"POLE_ASSEMBLY "{{7, 4, 4}, -1, "Regular"}
"PASS: ""real endpoint branches share a boundary"
"POLE_ASSEMBLY "{{7, 4, 4}, 0, "Delta"}
"POLE_ASSEMBLY "{{7, 4, 4}, 0, "L0"}
"POLE_ASSEMBLY "{{7, 4, 4}, 0, "L1"}
"POLE_ASSEMBLY "{{7, 4, 4}, 0, "Regular"}
"PASS: ""finite physical component"
"FINITE_COMPONENT_MEMORY "{7, 4, 4}" before "4497229912" after "4497233160
"POLE_ASSEMBLY "{{8, 1, 1}, 1, "Delta"}
"PASS: ""finite symbolic input parts"
"PASS: ""evaluated Laurent polynomial"
"PASS: ""finite evaluated tensor"
"POLE_ASSEMBLY "{{8, 1, 1}, 1, "L0"}
"POLE_ASSEMBLY "{{8, 1, 1}, 1, "L1"}
"POLE_ASSEMBLY "{{8, 1, 1}, 1, "Regular"}
"POLE_ASSEMBLY "{{8, 1, 1}, -1, "Delta"}
"POLE_ASSEMBLY "{{8, 1, 1}, -1, "L0"}
"POLE_ASSEMBLY "{{8, 1, 1}, -1, "L1"}
"POLE_ASSEMBLY "{{8, 1, 1}, -1, "Regular"}
"PASS: ""real endpoint branches share a boundary"
"POLE_ASSEMBLY "{{8, 1, 1}, 0, "Delta"}
"POLE_ASSEMBLY "{{8, 1, 1}, 0, "L0"}
"POLE_ASSEMBLY "{{8, 1, 1}, 0, "L1"}
"POLE_ASSEMBLY "{{8, 1, 1}, 0, "Regular"}
"PASS: ""finite physical component"
"FINITE_COMPONENT_MEMORY "{8, 1, 1}" before "4497233056" after "4497236304
"POLE_ASSEMBLY "{{8, 1, 2}, 1, "Delta"}
"PASS: ""finite symbolic input parts"
"PASS: ""evaluated Laurent polynomial"
"PASS: ""finite evaluated tensor"
"POLE_ASSEMBLY "{{8, 1, 2}, 1, "L0"}
"POLE_ASSEMBLY "{{8, 1, 2}, 1, "L1"}
"POLE_ASSEMBLY "{{8, 1, 2}, 1, "Regular"}
"POLE_ASSEMBLY "{{8, 1, 2}, -1, "Delta"}
"POLE_ASSEMBLY "{{8, 1, 2}, -1, "L0"}
"POLE_ASSEMBLY "{{8, 1, 2}, -1, "L1"}
"POLE_ASSEMBLY "{{8, 1, 2}, -1, "Regular"}
"PASS: ""real endpoint branches share a boundary"
"POLE_ASSEMBLY "{{8, 1, 2}, 0, "Delta"}
"POLE_ASSEMBLY "{{8, 1, 2}, 0, "L0"}
"POLE_ASSEMBLY "{{8, 1, 2}, 0, "L1"}
"POLE_ASSEMBLY "{{8, 1, 2}, 0, "Regular"}
"PASS: ""finite physical component"
"FINITE_COMPONENT_MEMORY "{8, 1, 2}" before "4497236200" after "4497239448
"POLE_ASSEMBLY "{{8, 1, 3}, 1, "Delta"}
"PASS: ""finite symbolic input parts"
"PASS: ""evaluated Laurent polynomial"
"PASS: ""finite evaluated tensor"
"POLE_ASSEMBLY "{{8, 1, 3}, 1, "L0"}
"POLE_ASSEMBLY "{{8, 1, 3}, 1, "L1"}
"POLE_ASSEMBLY "{{8, 1, 3}, 1, "Regular"}
"POLE_ASSEMBLY "{{8, 1, 3}, -1, "Delta"}
"POLE_ASSEMBLY "{{8, 1, 3}, -1, "L0"}
"POLE_ASSEMBLY "{{8, 1, 3}, -1, "L1"}
"POLE_ASSEMBLY "{{8, 1, 3}, -1, "Regular"}
"PASS: ""real endpoint branches share a boundary"
"POLE_ASSEMBLY "{{8, 1, 3}, 0, "Delta"}
"POLE_ASSEMBLY "{{8, 1, 3}, 0, "L0"}
"POLE_ASSEMBLY "{{8, 1, 3}, 0, "L1"}
"POLE_ASSEMBLY "{{8, 1, 3}, 0, "Regular"}
"PASS: ""finite physical component"
"FINITE_COMPONENT_MEMORY "{8, 1, 3}" before "4497239344" after "4497242592
"POLE_ASSEMBLY "{{8, 1, 4}, 1, "Delta"}
"PASS: ""finite symbolic input parts"
"PASS: ""evaluated Laurent polynomial"
"PASS: ""finite evaluated tensor"
"POLE_ASSEMBLY "{{8, 1, 4}, 1, "L0"}
"POLE_ASSEMBLY "{{8, 1, 4}, 1, "L1"}
"PASS: ""integer finite Laurent support"
"PASS: ""complete Laurent polynomial"
"PASS: ""regulator-independent Laurent coefficients"
"PASS: ""exact Laurent polynomial reconstruction"
"PASS: ""phase kernel has no truncated input series"
"PASS: ""reference phase product evaluated"
"POLE_ASSEMBLY "{{8, 1, 4}, 1, "Regular"}
"PASS: ""accepted exact polynomial backend retained"
"PASS: ""entire finite sum exactly decomposed"
"PASS: ""raw scalar ratio exactly reconstructs"
"PASS: ""unassigned algebraic input generators"
"PASS: ""algebraic generators preserve the exact input"
"PASS: ""complete rational polynomial support"
"PASS: ""unassigned polynomial transfer generators"
"PASS: ""complete polynomial transfer text reconstructs"
"PASS: ""exact native polynomial JSON transfer"
"RECOIL_POLYNOMIAL_BACKEND_START input_bytes "10843920" transfer_bytes "1461316
"EXACT_POLYNOMIAL_SUM recoil_derivative 16 621 0.134\nEXACT_POLYNOMIAL_SUM recoil_derivative 32 621 0.136\nEXACT_POLYNOMIAL_SUM recoil_derivative 48 621 0.139\nEXACT_POLYNOMIAL_SUM recoil_derivative 64 621 0.141\nEXACT_POLYNOMIAL_SUM recoil_derivative 80 621 0.145\nEXACT_POLYNOMIAL_SUM recoil_derivative 96 621 0.147\nEXACT_POLYNOMIAL_SUM recoil_derivative 112 621 0.149\nEXACT_POLYNOMIAL_SUM recoil_derivative 128 621 0.15\nEXACT_POLYNOMIAL_SUM recoil_derivative 144 621 0.153\nEXACT_POLYNOMIAL_SUM recoil_derivative 160 621 0.155\nEXACT_POLYNOMIAL_SUM recoil_derivative 176 621 0.158\nEXACT_POLYNOMIAL_SUM recoil_derivative 192 621 0.16\nEXACT_POLYNOMIAL_SUM recoil_derivative 208 621 0.163\nEXACT_POLYNOMIAL_SUM recoil_derivative 224 621 0.165\nEXACT_POLYNOMIAL_SUM recoil_derivative 240 621 0.167\nEXACT_POLYNOMIAL_SUM recoil_derivative 256 621 0.17\nEXACT_POLYNOMIAL_SUM recoil_derivative 272 621 0.172\nEXACT_POLYNOMIAL_SUM recoil_derivative 288 621 0.174\nEXACT_POLYNOMIAL_SUM recoil_derivative 304 621 0.176\nEXACT_POLYNOMIAL_SUM recoil_derivative 320 621 0.179\nEXACT_POLYNOMIAL_SUM recoil_derivative 336 621 0.181\nEXACT_POLYNOMIAL_SUM recoil_derivative 352 621 0.186\nEXACT_POLYNOMIAL_SUM recoil_derivative 368 621 0.191\nEXACT_POLYNOMIAL_SUM recoil_derivative 384 621 0.194\nEXACT_POLYNOMIAL_SUM recoil_derivative 400 621 0.197\nEXACT_POLYNOMIAL_SUM recoil_derivative 416 621 0.2\nEXACT_POLYNOMIAL_SUM recoil_derivative 432 621 0.203\nEXACT_POLYNOMIAL_SUM recoil_derivative 448 621 0.204\nEXACT_POLYNOMIAL_SUM recoil_derivative 464 621 0.206\nEXACT_POLYNOMIAL_SUM recoil_derivative 480 621 0.208\nEXACT_POLYNOMIAL_SUM recoil_derivative 496 621 0.21\nEXACT_POLYNOMIAL_SUM recoil_derivative 512 621 0.213\nEXACT_POLYNOMIAL_SUM recoil_derivative 528 621 0.215\nEXACT_POLYNOMIAL_SUM recoil_derivative 544 621 0.217\nEXACT_POLYNOMIAL_SUM recoil_derivative 560 621 0.219\nEXACT_POLYNOMIAL_SUM recoil_derivative 576 621 0.221\nEXACT_POLYNOMIAL_SUM recoil_derivative 592 621 0.223\nEXACT_POLYNOMIAL_SUM recoil_derivative 608 621 0.225\nEXACT_POLYNOMIAL_SUM recoil_derivative 621 621 0.226\nPASS: exact recoil derivative polynomial sum\n"
""
"PASS: ""exact polynomial normalization completed"
"PASS: ""complete normalization backend identity"
"PASS: ""exact existing cancellation gates passed"
"PASS: ""complete physical scalar reconstruction"
"PASS: ""bounded normalized scalar cache"
"PASS: ""exact normalized scalar reload"
"RECOIL_POLYNOMIAL_ACCEPTED seconds "7.329469`7.316617505828337" input_bytes "10843920" output_bytes "14464" backend_seconds "0.44628936600201996
"PASS: ""{{8, 1, 4}, 1, \"Regular\"} pole -1"
"POLE_ASSEMBLY "{{8, 1, 4}, -1, "Delta"}
"POLE_ASSEMBLY "{{8, 1, 4}, -1, "L0"}
"POLE_ASSEMBLY "{{8, 1, 4}, -1, "L1"}
"POLE_ASSEMBLY "{{8, 1, 4}, -1, "Regular"}
"RECOIL_POLYNOMIAL_BACKEND_START input_bytes "12373128" transfer_bytes "1481192
"EXACT_POLYNOMIAL_SUM recoil_derivative 16 621 0.141\nEXACT_POLYNOMIAL_SUM recoil_derivative 32 621 0.143\nEXACT_POLYNOMIAL_SUM recoil_derivative 48 621 0.145\nEXACT_POLYNOMIAL_SUM recoil_derivative 64 621 0.148\nEXACT_POLYNOMIAL_SUM recoil_derivative 80 621 0.15\nEXACT_POLYNOMIAL_SUM recoil_derivative 96 621 0.152\nEXACT_POLYNOMIAL_SUM recoil_derivative 112 621 0.154\nEXACT_POLYNOMIAL_SUM recoil_derivative 128 621 0.156\nEXACT_POLYNOMIAL_SUM recoil_derivative 144 621 0.16\nEXACT_POLYNOMIAL_SUM recoil_derivative 160 621 0.162\nEXACT_POLYNOMIAL_SUM recoil_derivative 176 621 0.165\nEXACT_POLYNOMIAL_SUM recoil_derivative 192 621 0.167\nEXACT_POLYNOMIAL_SUM recoil_derivative 208 621 0.169\nEXACT_POLYNOMIAL_SUM recoil_derivative 224 621 0.172\nEXACT_POLYNOMIAL_SUM recoil_derivative 240 621 0.174\nEXACT_POLYNOMIAL_SUM recoil_derivative 256 621 0.176\nEXACT_POLYNOMIAL_SUM recoil_derivative 272 621 0.179\nEXACT_POLYNOMIAL_SUM recoil_derivative 288 621 0.181\nEXACT_POLYNOMIAL_SUM recoil_derivative 304 621 0.183\nEXACT_POLYNOMIAL_SUM recoil_derivative 320 621 0.186\nEXACT_POLYNOMIAL_SUM recoil_derivative 336 621 0.188\nEXACT_POLYNOMIAL_SUM recoil_derivative 352 621 0.19\nEXACT_POLYNOMIAL_SUM recoil_derivative 368 621 0.192\nEXACT_POLYNOMIAL_SUM recoil_derivative 384 621 0.194\nEXACT_POLYNOMIAL_SUM recoil_derivative 400 621 0.196\nEXACT_POLYNOMIAL_SUM recoil_derivative 416 621 0.198\nEXACT_POLYNOMIAL_SUM recoil_derivative 432 621 0.2\nEXACT_POLYNOMIAL_SUM recoil_derivative 448 621 0.202\nEXACT_POLYNOMIAL_SUM recoil_derivative 464 621 0.204\nEXACT_POLYNOMIAL_SUM recoil_derivative 480 621 0.207\nEXACT_POLYNOMIAL_SUM recoil_derivative 496 621 0.209\nEXACT_POLYNOMIAL_SUM recoil_derivative 512 621 0.211\nEXACT_POLYNOMIAL_SUM recoil_derivative 528 621 0.213\nEXACT_POLYNOMIAL_SUM recoil_derivative 544 621 0.216\nEXACT_POLYNOMIAL_SUM recoil_derivative 560 621 0.218\nEXACT_POLYNOMIAL_SUM recoil_derivative 576 621 0.22\nEXACT_POLYNOMIAL_SUM recoil_derivative 592 621 0.222\nEXACT_POLYNOMIAL_SUM recoil_derivative 608 621 0.224\nEXACT_POLYNOMIAL_SUM recoil_derivative 621 621 0.225\nPASS: exact recoil derivative polynomial sum\n"
""
"RECOIL_POLYNOMIAL_ACCEPTED seconds "7.627966`7.333953742101023" input_bytes "12373128" output_bytes "15160" backend_seconds "0.4490816370016546
"PASS: ""{{8, 1, 4}, -1, \"Regular\"} pole -1"
"PASS: ""real endpoint branches share a boundary"
"POLE_ASSEMBLY "{{8, 1, 4}, 0, "Delta"}
"POLE_ASSEMBLY "{{8, 1, 4}, 0, "L0"}
"POLE_ASSEMBLY "{{8, 1, 4}, 0, "L1"}
"POLE_ASSEMBLY "{{8, 1, 4}, 0, "Regular"}
"RECOIL_POLYNOMIAL_BACKEND_START input_bytes "865520" transfer_bytes "106155
"EXACT_POLYNOMIAL_SUM recoil_derivative 16 213 0.017\nEXACT_POLYNOMIAL_SUM recoil_derivative 32 213 0.017\nEXACT_POLYNOMIAL_SUM recoil_derivative 48 213 0.018\nEXACT_POLYNOMIAL_SUM recoil_derivative 64 213 0.018\nEXACT_POLYNOMIAL_SUM recoil_derivative 80 213 0.018\nEXACT_POLYNOMIAL_SUM recoil_derivative 96 213 0.018\nEXACT_POLYNOMIAL_SUM recoil_derivative 112 213 0.018\nEXACT_POLYNOMIAL_SUM recoil_derivative 128 213 0.019\nEXACT_POLYNOMIAL_SUM recoil_derivative 144 213 0.019\nEXACT_POLYNOMIAL_SUM recoil_derivative 160 213 0.019\nEXACT_POLYNOMIAL_SUM recoil_derivative 176 213 0.019\nEXACT_POLYNOMIAL_SUM recoil_derivative 192 213 0.019\nEXACT_POLYNOMIAL_SUM recoil_derivative 208 213 0.02\nEXACT_POLYNOMIAL_SUM recoil_derivative 213 213 0.02\nPASS: exact recoil derivative polynomial sum\n"
""
"RECOIL_POLYNOMIAL_ACCEPTED seconds "2.160347`6.786068507647673" input_bytes "865520" output_bytes "7144" backend_seconds "0.04291688300145324
"PASS: ""{{8, 1, 4}, 0, \"Regular\"} pole -1"
"PASS: ""finite physical component"
"FINITE_COMPONENT_MEMORY "{8, 1, 4}" before "4497242488" after "4502751792
"POLE_ASSEMBLY "{{8, 2, 1}, 1, "Delta"}
"PASS: ""finite symbolic input parts"
"PASS: ""evaluated Laurent polynomial"
"PASS: ""finite evaluated tensor"
"POLE_ASSEMBLY "{{8, 2, 1}, 1, "L0"}
"POLE_ASSEMBLY "{{8, 2, 1}, 1, "L1"}
"POLE_ASSEMBLY "{{8, 2, 1}, 1, "Regular"}
"POLE_ASSEMBLY "{{8, 2, 1}, -1, "Delta"}
"POLE_ASSEMBLY "{{8, 2, 1}, -1, "L0"}
"POLE_ASSEMBLY "{{8, 2, 1}, -1, "L1"}
"POLE_ASSEMBLY "{{8, 2, 1}, -1, "Regular"}
"PASS: ""real endpoint branches share a boundary"
"POLE_ASSEMBLY "{{8, 2, 1}, 0, "Delta"}
"POLE_ASSEMBLY "{{8, 2, 1}, 0, "L0"}
"POLE_ASSEMBLY "{{8, 2, 1}, 0, "L1"}
"POLE_ASSEMBLY "{{8, 2, 1}, 0, "Regular"}
"PASS: ""finite physical component"
"FINITE_COMPONENT_MEMORY "{8, 2, 1}" before "4502751688" after "4502754936
"POLE_ASSEMBLY "{{8, 2, 2}, 1, "Delta"}
"PASS: ""finite symbolic input parts"
"PASS: ""evaluated Laurent polynomial"
"PASS: ""finite evaluated tensor"
"POLE_ASSEMBLY "{{8, 2, 2}, 1, "L0"}
"POLE_ASSEMBLY "{{8, 2, 2}, 1, "L1"}
"POLE_ASSEMBLY "{{8, 2, 2}, 1, "Regular"}
"POLE_ASSEMBLY "{{8, 2, 2}, -1, "Delta"}
"POLE_ASSEMBLY "{{8, 2, 2}, -1, "L0"}
"POLE_ASSEMBLY "{{8, 2, 2}, -1, "L1"}
"POLE_ASSEMBLY "{{8, 2, 2}, -1, "Regular"}
"PASS: ""real endpoint branches share a boundary"
"POLE_ASSEMBLY "{{8, 2, 2}, 0, "Delta"}
"POLE_ASSEMBLY "{{8, 2, 2}, 0, "L0"}
"POLE_ASSEMBLY "{{8, 2, 2}, 0, "L1"}
"POLE_ASSEMBLY "{{8, 2, 2}, 0, "Regular"}
"PASS: ""finite physical component"
"FINITE_COMPONENT_MEMORY "{8, 2, 2}" before "4502754832" after "4502758080
"POLE_ASSEMBLY "{{8, 2, 3}, 1, "Delta"}
"PASS: ""finite symbolic input parts"
"PASS: ""evaluated Laurent polynomial"
"PASS: ""finite evaluated tensor"
"POLE_ASSEMBLY "{{8, 2, 3}, 1, "L0"}
"POLE_ASSEMBLY "{{8, 2, 3}, 1, "L1"}
"POLE_ASSEMBLY "{{8, 2, 3}, 1, "Regular"}
"POLE_ASSEMBLY "{{8, 2, 3}, -1, "Delta"}
"POLE_ASSEMBLY "{{8, 2, 3}, -1, "L0"}
"POLE_ASSEMBLY "{{8, 2, 3}, -1, "L1"}
"POLE_ASSEMBLY "{{8, 2, 3}, -1, "Regular"}
"PASS: ""real endpoint branches share a boundary"
"POLE_ASSEMBLY "{{8, 2, 3}, 0, "Delta"}
"POLE_ASSEMBLY "{{8, 2, 3}, 0, "L0"}
"POLE_ASSEMBLY "{{8, 2, 3}, 0, "L1"}
"POLE_ASSEMBLY "{{8, 2, 3}, 0, "Regular"}
"PASS: ""finite physical component"
"FINITE_COMPONENT_MEMORY "{8, 2, 3}" before "4502757976" after "4502761224
"POLE_ASSEMBLY "{{8, 2, 4}, 1, "Delta"}
"PASS: ""finite symbolic input parts"
"PASS: ""evaluated Laurent polynomial"
"PASS: ""finite evaluated tensor"
"POLE_ASSEMBLY "{{8, 2, 4}, 1, "L0"}
"POLE_ASSEMBLY "{{8, 2, 4}, 1, "L1"}
"PASS: ""integer finite Laurent support"
"PASS: ""complete Laurent polynomial"
"PASS: ""regulator-independent Laurent coefficients"
"PASS: ""exact Laurent polynomial reconstruction"
"PASS: ""phase kernel has no truncated input series"
"PASS: ""reference phase product evaluated"
"POLE_ASSEMBLY "{{8, 2, 4}, 1, "Regular"}
"PASS: ""accepted exact polynomial backend retained"
"PASS: ""entire finite sum exactly decomposed"
"PASS: ""raw scalar ratio exactly reconstructs"
"PASS: ""unassigned algebraic input generators"
"PASS: ""algebraic generators preserve the exact input"
"PASS: ""complete rational polynomial support"
"PASS: ""unassigned polynomial transfer generators"
"PASS: ""complete polynomial transfer text reconstructs"
"PASS: ""exact native polynomial JSON transfer"
"RECOIL_POLYNOMIAL_BACKEND_START input_bytes "2445928" transfer_bytes "330330
"EXACT_POLYNOMIAL_SUM recoil_derivative 16 336 0.074\nEXACT_POLYNOMIAL_SUM recoil_derivative 32 336 0.074\nEXACT_POLYNOMIAL_SUM recoil_derivative 48 336 0.075\nEXACT_POLYNOMIAL_SUM recoil_derivative 64 336 0.076\nEXACT_POLYNOMIAL_SUM recoil_derivative 80 336 0.077\nEXACT_POLYNOMIAL_SUM recoil_derivative 96 336 0.078\nEXACT_POLYNOMIAL_SUM recoil_derivative 112 336 0.079\nEXACT_POLYNOMIAL_SUM recoil_derivative 128 336 0.08\nEXACT_POLYNOMIAL_SUM recoil_derivative 144 336 0.082\nEXACT_POLYNOMIAL_SUM recoil_derivative 160 336 0.083\nEXACT_POLYNOMIAL_SUM recoil_derivative 176 336 0.086\nEXACT_POLYNOMIAL_SUM recoil_derivative 192 336 0.088\nEXACT_POLYNOMIAL_SUM recoil_derivative 208 336 0.09\nEXACT_POLYNOMIAL_SUM recoil_derivative 224 336 0.092\nEXACT_POLYNOMIAL_SUM recoil_derivative 240 336 0.094\nEXACT_POLYNOMIAL_SUM recoil_derivative 256 336 0.095\nEXACT_POLYNOMIAL_SUM recoil_derivative 272 336 0.097\nEXACT_POLYNOMIAL_SUM recoil_derivative 288 336 0.099\nEXACT_POLYNOMIAL_SUM recoil_derivative 304 336 0.101\nEXACT_POLYNOMIAL_SUM recoil_derivative 320 336 0.102\nEXACT_POLYNOMIAL_SUM recoil_derivative 336 336 0.105\nPASS: exact recoil derivative polynomial sum\n"
""
"PASS: ""exact polynomial normalization completed"
"PASS: ""complete normalization backend identity"
"PASS: ""exact existing cancellation gates passed"
"PASS: ""complete physical scalar reconstruction"
"PASS: ""bounded normalized scalar cache"
"PASS: ""exact normalized scalar reload"
"RECOIL_POLYNOMIAL_ACCEPTED seconds "4.685223`7.122275260088956" input_bytes "2445928" output_bytes "1588248" backend_seconds "0.5030842299966025
"PASS: ""{{8, 2, 4}, 1, \"Regular\"} pole -1"
"POLE_ASSEMBLY "{{8, 2, 4}, -1, "Delta"}
"POLE_ASSEMBLY "{{8, 2, 4}, -1, "L0"}
"POLE_ASSEMBLY "{{8, 2, 4}, -1, "L1"}
"POLE_ASSEMBLY "{{8, 2, 4}, -1, "Regular"}
"RECOIL_POLYNOMIAL_BACKEND_START input_bytes "2780008" transfer_bytes "330366
"EXACT_POLYNOMIAL_SUM recoil_derivative 16 336 0.089\nEXACT_POLYNOMIAL_SUM recoil_derivative 32 336 0.09\nEXACT_POLYNOMIAL_SUM recoil_derivative 48 336 0.09\nEXACT_POLYNOMIAL_SUM recoil_derivative 64 336 0.091\nEXACT_POLYNOMIAL_SUM recoil_derivative 80 336 0.092\nEXACT_POLYNOMIAL_SUM recoil_derivative 96 336 0.094\nEXACT_POLYNOMIAL_SUM recoil_derivative 112 336 0.095\nEXACT_POLYNOMIAL_SUM recoil_derivative 128 336 0.096\nEXACT_POLYNOMIAL_SUM recoil_derivative 144 336 0.097\nEXACT_POLYNOMIAL_SUM recoil_derivative 160 336 0.099\nEXACT_POLYNOMIAL_SUM recoil_derivative 176 336 0.1\nEXACT_POLYNOMIAL_SUM recoil_derivative 192 336 0.102\nEXACT_POLYNOMIAL_SUM recoil_derivative 208 336 0.104\nEXACT_POLYNOMIAL_SUM recoil_derivative 224 336 0.106\nEXACT_POLYNOMIAL_SUM recoil_derivative 240 336 0.107\nEXACT_POLYNOMIAL_SUM recoil_derivative 256 336 0.109\nEXACT_POLYNOMIAL_SUM recoil_derivative 272 336 0.111\nEXACT_POLYNOMIAL_SUM recoil_derivative 288 336 0.112\nEXACT_POLYNOMIAL_SUM recoil_derivative 304 336 0.114\nEXACT_POLYNOMIAL_SUM recoil_derivative 320 336 0.115\nEXACT_POLYNOMIAL_SUM recoil_derivative 336 336 0.117\nPASS: exact recoil derivative polynomial sum\n"
""
"RECOIL_POLYNOMIAL_ACCEPTED seconds "5.340669`7.179140655919693" input_bytes "2780008" output_bytes "1788504" backend_seconds "0.5589572560056695
"PASS: ""{{8, 2, 4}, -1, \"Regular\"} pole -1"
"PASS: ""real endpoint branches share a boundary"
"POLE_ASSEMBLY "{{8, 2, 4}, 0, "Delta"}
"POLE_ASSEMBLY "{{8, 2, 4}, 0, "L0"}
"POLE_ASSEMBLY "{{8, 2, 4}, 0, "L1"}
"POLE_ASSEMBLY "{{8, 2, 4}, 0, "Regular"}
"RECOIL_POLYNOMIAL_BACKEND_START input_bytes "421736" transfer_bytes "54383
"EXACT_POLYNOMIAL_SUM recoil_derivative 16 122 0.01\nEXACT_POLYNOMIAL_SUM recoil_derivative 32 122 0.011\nEXACT_POLYNOMIAL_SUM recoil_derivative 48 122 0.011\nEXACT_POLYNOMIAL_SUM recoil_derivative 64 122 0.011\nEXACT_POLYNOMIAL_SUM recoil_derivative 80 122 0.011\nEXACT_POLYNOMIAL_SUM recoil_derivative 96 122 0.012\nEXACT_POLYNOMIAL_SUM recoil_derivative 112 122 0.012\nEXACT_POLYNOMIAL_SUM recoil_derivative 122 122 0.012\nPASS: exact recoil derivative polynomial sum\n"
""
"RECOIL_POLYNOMIAL_ACCEPTED seconds "1.95572`6.742851670553171" input_bytes "421736" output_bytes "279328" backend_seconds "0.04742548299691407
"PASS: ""{{8, 2, 4}, 0, \"Regular\"} pole -1"
"PASS: ""finite physical component"
"FINITE_COMPONENT_MEMORY "{8, 2, 4}" before "4502761120" after "4505760832
"POLE_ASSEMBLY "{{8, 3, 1}, 1, "Delta"}
"PASS: ""finite symbolic input parts"
"PASS: ""evaluated Laurent polynomial"
"PASS: ""finite evaluated tensor"
"POLE_ASSEMBLY "{{8, 3, 1}, 1, "L0"}
"POLE_ASSEMBLY "{{8, 3, 1}, 1, "L1"}
"POLE_ASSEMBLY "{{8, 3, 1}, 1, "Regular"}
"POLE_ASSEMBLY "{{8, 3, 1}, -1, "Delta"}
"POLE_ASSEMBLY "{{8, 3, 1}, -1, "L0"}
"POLE_ASSEMBLY "{{8, 3, 1}, -1, "L1"}
"POLE_ASSEMBLY "{{8, 3, 1}, -1, "Regular"}
"PASS: ""real endpoint branches share a boundary"
"POLE_ASSEMBLY "{{8, 3, 1}, 0, "Delta"}
"POLE_ASSEMBLY "{{8, 3, 1}, 0, "L0"}
"POLE_ASSEMBLY "{{8, 3, 1}, 0, "L1"}
"POLE_ASSEMBLY "{{8, 3, 1}, 0, "Regular"}
"PASS: ""finite physical component"
"FINITE_COMPONENT_MEMORY "{8, 3, 1}" before "4505760728" after "4505763912
"POLE_ASSEMBLY "{{8, 3, 2}, 1, "Delta"}
"PASS: ""finite symbolic input parts"
"PASS: ""evaluated Laurent polynomial"
"PASS: ""finite evaluated tensor"
"POLE_ASSEMBLY "{{8, 3, 2}, 1, "L0"}
"POLE_ASSEMBLY "{{8, 3, 2}, 1, "L1"}
"POLE_ASSEMBLY "{{8, 3, 2}, 1, "Regular"}
"POLE_ASSEMBLY "{{8, 3, 2}, -1, "Delta"}
"POLE_ASSEMBLY "{{8, 3, 2}, -1, "L0"}
"POLE_ASSEMBLY "{{8, 3, 2}, -1, "L1"}
"POLE_ASSEMBLY "{{8, 3, 2}, -1, "Regular"}
"PASS: ""real endpoint branches share a boundary"
"POLE_ASSEMBLY "{{8, 3, 2}, 0, "Delta"}
"POLE_ASSEMBLY "{{8, 3, 2}, 0, "L0"}
"POLE_ASSEMBLY "{{8, 3, 2}, 0, "L1"}
"POLE_ASSEMBLY "{{8, 3, 2}, 0, "Regular"}
"PASS: ""finite physical component"
"FINITE_COMPONENT_MEMORY "{8, 3, 2}" before "4505763808" after "4505767056
"POLE_ASSEMBLY "{{8, 3, 3}, 1, "Delta"}
"PASS: ""finite symbolic input parts"
"PASS: ""evaluated Laurent polynomial"
"PASS: ""finite evaluated tensor"
"POLE_ASSEMBLY "{{8, 3, 3}, 1, "L0"}
"POLE_ASSEMBLY "{{8, 3, 3}, 1, "L1"}
"POLE_ASSEMBLY "{{8, 3, 3}, 1, "Regular"}
"POLE_ASSEMBLY "{{8, 3, 3}, -1, "Delta"}
"POLE_ASSEMBLY "{{8, 3, 3}, -1, "L0"}
"POLE_ASSEMBLY "{{8, 3, 3}, -1, "L1"}
"POLE_ASSEMBLY "{{8, 3, 3}, -1, "Regular"}
"PASS: ""real endpoint branches share a boundary"
"POLE_ASSEMBLY "{{8, 3, 3}, 0, "Delta"}
"POLE_ASSEMBLY "{{8, 3, 3}, 0, "L0"}
"POLE_ASSEMBLY "{{8, 3, 3}, 0, "L1"}
"POLE_ASSEMBLY "{{8, 3, 3}, 0, "Regular"}
"PASS: ""finite physical component"
"FINITE_COMPONENT_MEMORY "{8, 3, 3}" before "4505766952" after "4505770200
"POLE_ASSEMBLY "{{8, 3, 4}, 1, "Delta"}
"PASS: ""finite symbolic input parts"
"PASS: ""evaluated Laurent polynomial"
"PASS: ""finite evaluated tensor"
"POLE_ASSEMBLY "{{8, 3, 4}, 1, "L0"}
"POLE_ASSEMBLY "{{8, 3, 4}, 1, "L1"}
"POLE_ASSEMBLY "{{8, 3, 4}, 1, "Regular"}
"POLE_ASSEMBLY "{{8, 3, 4}, -1, "Delta"}
"POLE_ASSEMBLY "{{8, 3, 4}, -1, "L0"}
"POLE_ASSEMBLY "{{8, 3, 4}, -1, "L1"}
"POLE_ASSEMBLY "{{8, 3, 4}, -1, "Regular"}
"PASS: ""real endpoint branches share a boundary"
"POLE_ASSEMBLY "{{8, 3, 4}, 0, "Delta"}
"POLE_ASSEMBLY "{{8, 3, 4}, 0, "L0"}
"POLE_ASSEMBLY "{{8, 3, 4}, 0, "L1"}
"POLE_ASSEMBLY "{{8, 3, 4}, 0, "Regular"}
"PASS: ""finite physical component"
"FINITE_COMPONENT_MEMORY "{8, 3, 4}" before "4505770096" after "4505773344
"POLE_ASSEMBLY "{{8, 4, 1}, 1, "Delta"}
"PASS: ""finite symbolic input parts"
"PASS: ""evaluated Laurent polynomial"
"PASS: ""finite evaluated tensor"
"POLE_ASSEMBLY "{{8, 4, 1}, 1, "L0"}
"POLE_ASSEMBLY "{{8, 4, 1}, 1, "L1"}
"PASS: ""integer finite Laurent support"
"PASS: ""complete Laurent polynomial"
"PASS: ""regulator-independent Laurent coefficients"
"PASS: ""exact Laurent polynomial reconstruction"
"PASS: ""phase kernel has no truncated input series"
"PASS: ""reference phase product evaluated"
"POLE_ASSEMBLY "{{8, 4, 1}, 1, "Regular"}
"PASS: ""accepted exact polynomial backend retained"
"PASS: ""entire finite sum exactly decomposed"
"PASS: ""raw scalar ratio exactly reconstructs"
"PASS: ""unassigned algebraic input generators"
"PASS: ""algebraic generators preserve the exact input"
"PASS: ""complete rational polynomial support"
"PASS: ""unassigned polynomial transfer generators"
"PASS: ""complete polynomial transfer text reconstructs"
"PASS: ""exact native polynomial JSON transfer"
"RECOIL_POLYNOMIAL_BACKEND_START input_bytes "10660464" transfer_bytes "1437966
"EXACT_POLYNOMIAL_SUM recoil_derivative 16 593 0.147\nEXACT_POLYNOMIAL_SUM recoil_derivative 32 593 0.149\nEXACT_POLYNOMIAL_SUM recoil_derivative 48 593 0.151\nEXACT_POLYNOMIAL_SUM recoil_derivative 64 593 0.153\nEXACT_POLYNOMIAL_SUM recoil_derivative 80 593 0.155\nEXACT_POLYNOMIAL_SUM recoil_derivative 96 593 0.157\nEXACT_POLYNOMIAL_SUM recoil_derivative 112 593 0.158\nEXACT_POLYNOMIAL_SUM recoil_derivative 128 593 0.162\nEXACT_POLYNOMIAL_SUM recoil_derivative 144 593 0.164\nEXACT_POLYNOMIAL_SUM recoil_derivative 160 593 0.166\nEXACT_POLYNOMIAL_SUM recoil_derivative 176 593 0.168\nEXACT_POLYNOMIAL_SUM recoil_derivative 192 593 0.17\nEXACT_POLYNOMIAL_SUM recoil_derivative 208 593 0.172\nEXACT_POLYNOMIAL_SUM recoil_derivative 224 593 0.173\nEXACT_POLYNOMIAL_SUM recoil_derivative 240 593 0.176\nEXACT_POLYNOMIAL_SUM recoil_derivative 256 593 0.177\nEXACT_POLYNOMIAL_SUM recoil_derivative 272 593 0.182\nEXACT_POLYNOMIAL_SUM recoil_derivative 288 593 0.183\nEXACT_POLYNOMIAL_SUM recoil_derivative 304 593 0.185\nEXACT_POLYNOMIAL_SUM recoil_derivative 320 593 0.186\nEXACT_POLYNOMIAL_SUM recoil_derivative 336 593 0.188\nEXACT_POLYNOMIAL_SUM recoil_derivative 352 593 0.193\nEXACT_POLYNOMIAL_SUM recoil_derivative 368 593 0.194\nEXACT_POLYNOMIAL_SUM recoil_derivative 384 593 0.196\nEXACT_POLYNOMIAL_SUM recoil_derivative 400 593 0.197\nEXACT_POLYNOMIAL_SUM recoil_derivative 416 593 0.198\nEXACT_POLYNOMIAL_SUM recoil_derivative 432 593 0.2\nEXACT_POLYNOMIAL_SUM recoil_derivative 448 593 0.201\nEXACT_POLYNOMIAL_SUM recoil_derivative 464 593 0.203\nEXACT_POLYNOMIAL_SUM recoil_derivative 480 593 0.204\nEXACT_POLYNOMIAL_SUM recoil_derivative 496 593 0.206\nEXACT_POLYNOMIAL_SUM recoil_derivative 512 593 0.207\nEXACT_POLYNOMIAL_SUM recoil_derivative 528 593 0.21\nEXACT_POLYNOMIAL_SUM recoil_derivative 544 593 0.211\nEXACT_POLYNOMIAL_SUM recoil_derivative 560 593 0.213\nEXACT_POLYNOMIAL_SUM recoil_derivative 576 593 0.214\nEXACT_POLYNOMIAL_SUM recoil_derivative 592 593 0.216\nEXACT_POLYNOMIAL_SUM recoil_derivative 593 593 0.216\nPASS: exact recoil derivative polynomial sum\n"
""
"PASS: ""exact polynomial normalization completed"
"PASS: ""complete normalization backend identity"
"PASS: ""exact existing cancellation gates passed"
"PASS: ""complete physical scalar reconstruction"
"PASS: ""bounded normalized scalar cache"
"PASS: ""exact normalized scalar reload"
"RECOIL_POLYNOMIAL_ACCEPTED seconds "7.055234`7.300056416012064" input_bytes "10660464" output_bytes "11632" backend_seconds "0.4451679619960487
"PASS: ""{{8, 4, 1}, 1, \"Regular\"} pole -1"
"POLE_ASSEMBLY "{{8, 4, 1}, -1, "Delta"}
"POLE_ASSEMBLY "{{8, 4, 1}, -1, "L0"}
"POLE_ASSEMBLY "{{8, 4, 1}, -1, "L1"}
"POLE_ASSEMBLY "{{8, 4, 1}, -1, "Regular"}
"RECOIL_POLYNOMIAL_BACKEND_START input_bytes "12159432" transfer_bytes "1457566
"EXACT_POLYNOMIAL_SUM recoil_derivative 16 593 0.124\nEXACT_POLYNOMIAL_SUM recoil_derivative 32 593 0.126\nEXACT_POLYNOMIAL_SUM recoil_derivative 48 593 0.128\nEXACT_POLYNOMIAL_SUM recoil_derivative 64 593 0.129\nEXACT_POLYNOMIAL_SUM recoil_derivative 80 593 0.131\nEXACT_POLYNOMIAL_SUM recoil_derivative 96 593 0.133\nEXACT_POLYNOMIAL_SUM recoil_derivative 112 593 0.134\nEXACT_POLYNOMIAL_SUM recoil_derivative 128 593 0.136\nEXACT_POLYNOMIAL_SUM recoil_derivative 144 593 0.139\nEXACT_POLYNOMIAL_SUM recoil_derivative 160 593 0.141\nEXACT_POLYNOMIAL_SUM recoil_derivative 176 593 0.143\nEXACT_POLYNOMIAL_SUM recoil_derivative 192 593 0.145\nEXACT_POLYNOMIAL_SUM recoil_derivative 208 593 0.147\nEXACT_POLYNOMIAL_SUM recoil_derivative 224 593 0.149\nEXACT_POLYNOMIAL_SUM recoil_derivative 240 593 0.15\nEXACT_POLYNOMIAL_SUM recoil_derivative 256 593 0.152\nEXACT_POLYNOMIAL_SUM recoil_derivative 272 593 0.154\nEXACT_POLYNOMIAL_SUM recoil_derivative 288 593 0.156\nEXACT_POLYNOMIAL_SUM recoil_derivative 304 593 0.157\nEXACT_POLYNOMIAL_SUM recoil_derivative 320 593 0.159\nEXACT_POLYNOMIAL_SUM recoil_derivative 336 593 0.162\nEXACT_POLYNOMIAL_SUM recoil_derivative 352 593 0.165\nEXACT_POLYNOMIAL_SUM recoil_derivative 368 593 0.168\nEXACT_POLYNOMIAL_SUM recoil_derivative 384 593 0.172\nEXACT_POLYNOMIAL_SUM recoil_derivative 400 593 0.173\nEXACT_POLYNOMIAL_SUM recoil_derivative 416 593 0.175\nEXACT_POLYNOMIAL_SUM recoil_derivative 432 593 0.176\nEXACT_POLYNOMIAL_SUM recoil_derivative 448 593 0.178\nEXACT_POLYNOMIAL_SUM recoil_derivative 464 593 0.179\nEXACT_POLYNOMIAL_SUM recoil_derivative 480 593 0.181\nEXACT_POLYNOMIAL_SUM recoil_derivative 496 593 0.182\nEXACT_POLYNOMIAL_SUM recoil_derivative 512 593 0.184\nEXACT_POLYNOMIAL_SUM recoil_derivative 528 593 0.185\nEXACT_POLYNOMIAL_SUM recoil_derivative 544 593 0.187\nEXACT_POLYNOMIAL_SUM recoil_derivative 560 593 0.188\nEXACT_POLYNOMIAL_SUM recoil_derivative 576 593 0.189\nEXACT_POLYNOMIAL_SUM recoil_derivative 592 593 0.191\nEXACT_POLYNOMIAL_SUM recoil_derivative 593 593 0.191\nPASS: exact recoil derivative polynomial sum\n"
""
"RECOIL_POLYNOMIAL_ACCEPTED seconds "7.593627`7.331994254219135" input_bytes "12159432" output_bytes "12184" backend_seconds "0.4116576369997347
"PASS: ""{{8, 4, 1}, -1, \"Regular\"} pole -1"
"PASS: ""real endpoint branches share a boundary"
"POLE_ASSEMBLY "{{8, 4, 1}, 0, "Delta"}
"POLE_ASSEMBLY "{{8, 4, 1}, 0, "L0"}
"POLE_ASSEMBLY "{{8, 4, 1}, 0, "L1"}
"POLE_ASSEMBLY "{{8, 4, 1}, 0, "Regular"}
"RECOIL_POLYNOMIAL_BACKEND_START input_bytes "848464" transfer_bytes "104592
"EXACT_POLYNOMIAL_SUM recoil_derivative 16 205 0.016\nEXACT_POLYNOMIAL_SUM recoil_derivative 32 205 0.016\nEXACT_POLYNOMIAL_SUM recoil_derivative 48 205 0.016\nEXACT_POLYNOMIAL_SUM recoil_derivative 64 205 0.016\nEXACT_POLYNOMIAL_SUM recoil_derivative 80 205 0.017\nEXACT_POLYNOMIAL_SUM recoil_derivative 96 205 0.017\nEXACT_POLYNOMIAL_SUM recoil_derivative 112 205 0.017\nEXACT_POLYNOMIAL_SUM recoil_derivative 128 205 0.017\nEXACT_POLYNOMIAL_SUM recoil_derivative 144 205 0.017\nEXACT_POLYNOMIAL_SUM recoil_derivative 160 205 0.017\nEXACT_POLYNOMIAL_SUM recoil_derivative 176 205 0.018\nEXACT_POLYNOMIAL_SUM recoil_derivative 192 205 0.018\nEXACT_POLYNOMIAL_SUM recoil_derivative 205 205 0.018\nPASS: exact recoil derivative polynomial sum\n"
""
"RECOIL_POLYNOMIAL_ACCEPTED seconds "2.249627`6.803655509264868" input_bytes "848464" output_bytes "7008" backend_seconds "0.03738593799789669
"PASS: ""{{8, 4, 1}, 0, \"Regular\"} pole -1"
"PASS: ""finite physical component"
"FINITE_COMPONENT_MEMORY "{8, 4, 1}" before "4505773240" after "4511182864
"POLE_ASSEMBLY "{{8, 4, 2}, 1, "Delta"}
"PASS: ""finite symbolic input parts"
"PASS: ""evaluated Laurent polynomial"
"PASS: ""finite evaluated tensor"
"POLE_ASSEMBLY "{{8, 4, 2}, 1, "L0"}
"POLE_ASSEMBLY "{{8, 4, 2}, 1, "L1"}
"PASS: ""integer finite Laurent support"
"PASS: ""complete Laurent polynomial"
"PASS: ""regulator-independent Laurent coefficients"
"PASS: ""exact Laurent polynomial reconstruction"
"PASS: ""phase kernel has no truncated input series"
"PASS: ""reference phase product evaluated"
"POLE_ASSEMBLY "{{8, 4, 2}, 1, "Regular"}
"PASS: ""accepted exact polynomial backend retained"
"PASS: ""entire finite sum exactly decomposed"
"PASS: ""raw scalar ratio exactly reconstructs"
"PASS: ""unassigned algebraic input generators"
"PASS: ""algebraic generators preserve the exact input"
"PASS: ""complete rational polynomial support"
"PASS: ""unassigned polynomial transfer generators"
"PASS: ""complete polynomial transfer text reconstructs"
"PASS: ""exact native polynomial JSON transfer"
"RECOIL_POLYNOMIAL_BACKEND_START input_bytes "1729064" transfer_bytes "229469
"EXACT_POLYNOMIAL_SUM recoil_derivative 16 333 0.053\nEXACT_POLYNOMIAL_SUM recoil_derivative 32 333 0.054\nEXACT_POLYNOMIAL_SUM recoil_derivative 48 333 0.055\nEXACT_POLYNOMIAL_SUM recoil_derivative 64 333 0.055\nEXACT_POLYNOMIAL_SUM recoil_derivative 80 333 0.056\nEXACT_POLYNOMIAL_SUM recoil_derivative 96 333 0.057\nEXACT_POLYNOMIAL_SUM recoil_derivative 112 333 0.059\nEXACT_POLYNOMIAL_SUM recoil_derivative 128 333 0.063\nEXACT_POLYNOMIAL_SUM recoil_derivative 144 333 0.064\nEXACT_POLYNOMIAL_SUM recoil_derivative 160 333 0.065\nEXACT_POLYNOMIAL_SUM recoil_derivative 176 333 0.067\nEXACT_POLYNOMIAL_SUM recoil_derivative 192 333 0.069\nEXACT_POLYNOMIAL_SUM recoil_derivative 208 333 0.072\nEXACT_POLYNOMIAL_SUM recoil_derivative 224 333 0.074\nEXACT_POLYNOMIAL_SUM recoil_derivative 240 333 0.077\nEXACT_POLYNOMIAL_SUM recoil_derivative 256 333 0.079\nEXACT_POLYNOMIAL_SUM recoil_derivative 272 333 0.082\nEXACT_POLYNOMIAL_SUM recoil_derivative 288 333 0.084\nEXACT_POLYNOMIAL_SUM recoil_derivative 304 333 0.086\nEXACT_POLYNOMIAL_SUM recoil_derivative 320 333 0.088\nEXACT_POLYNOMIAL_SUM recoil_derivative 333 333 0.09\nPASS: exact recoil derivative polynomial sum\n"
""
"PASS: ""exact polynomial normalization completed"
"PASS: ""complete normalization backend identity"
"PASS: ""exact existing cancellation gates passed"
"PASS: ""complete physical scalar reconstruction"
"PASS: ""bounded normalized scalar cache"
"PASS: ""exact normalized scalar reload"
"RECOIL_POLYNOMIAL_ACCEPTED seconds "4.305478`7.085566367924043" input_bytes "1729064" output_bytes "2055240" backend_seconds "0.5351948940005968
"PASS: ""{{8, 4, 2}, 1, \"Regular\"} pole -1"
"POLE_ASSEMBLY "{{8, 4, 2}, -1, "Delta"}
"POLE_ASSEMBLY "{{8, 4, 2}, -1, "L0"}
"POLE_ASSEMBLY "{{8, 4, 2}, -1, "L1"}
"POLE_ASSEMBLY "{{8, 4, 2}, -1, "Regular"}
"RECOIL_POLYNOMIAL_BACKEND_START input_bytes "1962128" transfer_bytes "229437
"EXACT_POLYNOMIAL_SUM recoil_derivative 16 333 0.057\nEXACT_POLYNOMIAL_SUM recoil_derivative 32 333 0.058\nEXACT_POLYNOMIAL_SUM recoil_derivative 48 333 0.059\nEXACT_POLYNOMIAL_SUM recoil_derivative 64 333 0.06\nEXACT_POLYNOMIAL_SUM recoil_derivative 80 333 0.061\nEXACT_POLYNOMIAL_SUM recoil_derivative 96 333 0.064\nEXACT_POLYNOMIAL_SUM recoil_derivative 112 333 0.065\nEXACT_POLYNOMIAL_SUM recoil_derivative 128 333 0.067\nEXACT_POLYNOMIAL_SUM recoil_derivative 144 333 0.068\nEXACT_POLYNOMIAL_SUM recoil_derivative 160 333 0.07\nEXACT_POLYNOMIAL_SUM recoil_derivative 176 333 0.073\nEXACT_POLYNOMIAL_SUM recoil_derivative 192 333 0.075\nEXACT_POLYNOMIAL_SUM recoil_derivative 208 333 0.077\nEXACT_POLYNOMIAL_SUM recoil_derivative 224 333 0.079\nEXACT_POLYNOMIAL_SUM recoil_derivative 240 333 0.082\nEXACT_POLYNOMIAL_SUM recoil_derivative 256 333 0.084\nEXACT_POLYNOMIAL_SUM recoil_derivative 272 333 0.086\nEXACT_POLYNOMIAL_SUM recoil_derivative 288 333 0.088\nEXACT_POLYNOMIAL_SUM recoil_derivative 304 333 0.09\nEXACT_POLYNOMIAL_SUM recoil_derivative 320 333 0.092\nEXACT_POLYNOMIAL_SUM recoil_derivative 333 333 0.095\nPASS: exact recoil derivative polynomial sum\n"
""
"RECOIL_POLYNOMIAL_ACCEPTED seconds "4.595737`7.113900160875822" input_bytes "1962128" output_bytes "2317752" backend_seconds "0.49974744000064675
"PASS: ""{{8, 4, 2}, -1, \"Regular\"} pole -1"
"PASS: ""real endpoint branches share a boundary"
"POLE_ASSEMBLY "{{8, 4, 2}, 0, "Delta"}
"POLE_ASSEMBLY "{{8, 4, 2}, 0, "L0"}
"POLE_ASSEMBLY "{{8, 4, 2}, 0, "L1"}
"POLE_ASSEMBLY "{{8, 4, 2}, 0, "Regular"}
"RECOIL_POLYNOMIAL_BACKEND_START input_bytes "331600" transfer_bytes "38714
"EXACT_POLYNOMIAL_SUM recoil_derivative 16 132 0.011\nEXACT_POLYNOMIAL_SUM recoil_derivative 32 132 0.011\nEXACT_POLYNOMIAL_SUM recoil_derivative 48 132 0.012\nEXACT_POLYNOMIAL_SUM recoil_derivative 64 132 0.012\nEXACT_POLYNOMIAL_SUM recoil_derivative 80 132 0.012\nEXACT_POLYNOMIAL_SUM recoil_derivative 96 132 0.013\nEXACT_POLYNOMIAL_SUM recoil_derivative 112 132 0.013\nEXACT_POLYNOMIAL_SUM recoil_derivative 128 132 0.013\nEXACT_POLYNOMIAL_SUM recoil_derivative 132 132 0.013\nPASS: exact recoil derivative polynomial sum\n"
""
"RECOIL_POLYNOMIAL_ACCEPTED seconds "2.248188`6.803377618875517" input_bytes "331600" output_bytes "390024" backend_seconds "0.056782801999361254
"PASS: ""{{8, 4, 2}, 0, \"Regular\"} pole -1"
"PASS: ""finite physical component"
"FINITE_COMPONENT_MEMORY "{8, 4, 2}" before "4511182760" after "4514195384
"POLE_ASSEMBLY "{{8, 4, 3}, 1, "Delta"}
"PASS: ""finite symbolic input parts"
"PASS: ""evaluated Laurent polynomial"
"PASS: ""finite evaluated tensor"
"POLE_ASSEMBLY "{{8, 4, 3}, 1, "L0"}
"POLE_ASSEMBLY "{{8, 4, 3}, 1, "L1"}
"POLE_ASSEMBLY "{{8, 4, 3}, 1, "Regular"}
"POLE_ASSEMBLY "{{8, 4, 3}, -1, "Delta"}
"POLE_ASSEMBLY "{{8, 4, 3}, -1, "L0"}
"POLE_ASSEMBLY "{{8, 4, 3}, -1, "L1"}
"POLE_ASSEMBLY "{{8, 4, 3}, -1, "Regular"}
"PASS: ""real endpoint branches share a boundary"
"POLE_ASSEMBLY "{{8, 4, 3}, 0, "Delta"}
"POLE_ASSEMBLY "{{8, 4, 3}, 0, "L0"}
"POLE_ASSEMBLY "{{8, 4, 3}, 0, "L1"}
"POLE_ASSEMBLY "{{8, 4, 3}, 0, "Regular"}
"PASS: ""finite physical component"
"FINITE_COMPONENT_MEMORY "{8, 4, 3}" before "4514195280" after "4514198528
"POLE_ASSEMBLY "{{8, 4, 4}, 1, "Delta"}
"PASS: ""finite symbolic input parts"
"PASS: ""evaluated Laurent polynomial"
"PASS: ""finite evaluated tensor"
"POLE_ASSEMBLY "{{8, 4, 4}, 1, "L0"}
"POLE_ASSEMBLY "{{8, 4, 4}, 1, "L1"}
"POLE_ASSEMBLY "{{8, 4, 4}, 1, "Regular"}
"POLE_ASSEMBLY "{{8, 4, 4}, -1, "Delta"}
"POLE_ASSEMBLY "{{8, 4, 4}, -1, "L0"}
"POLE_ASSEMBLY "{{8, 4, 4}, -1, "L1"}
"POLE_ASSEMBLY "{{8, 4, 4}, -1, "Regular"}
"PASS: ""real endpoint branches share a boundary"
"POLE_ASSEMBLY "{{8, 4, 4}, 0, "Delta"}
"POLE_ASSEMBLY "{{8, 4, 4}, 0, "L0"}
"POLE_ASSEMBLY "{{8, 4, 4}, 0, "L1"}
"POLE_ASSEMBLY "{{8, 4, 4}, 0, "Regular"}
"PASS: ""finite physical component"
"FINITE_COMPONENT_MEMORY "{8, 4, 4}" before "4514198424" after "4514201672
"POLE_ASSEMBLY "{{9, 1, 1}, 1, "Delta"}
"PASS: ""finite symbolic input parts"
"PASS: ""evaluated Laurent polynomial"
"PASS: ""finite evaluated tensor"
"POLE_ASSEMBLY "{{9, 1, 1}, 1, "L0"}
"POLE_ASSEMBLY "{{9, 1, 1}, 1, "L1"}
"POLE_ASSEMBLY "{{9, 1, 1}, 1, "Regular"}
"POLE_ASSEMBLY "{{9, 1, 1}, -1, "Delta"}
"POLE_ASSEMBLY "{{9, 1, 1}, -1, "L0"}
"POLE_ASSEMBLY "{{9, 1, 1}, -1, "L1"}
"POLE_ASSEMBLY "{{9, 1, 1}, -1, "Regular"}
"PASS: ""real endpoint branches share a boundary"
"POLE_ASSEMBLY "{{9, 1, 1}, 0, "Delta"}
"POLE_ASSEMBLY "{{9, 1, 1}, 0, "L0"}
"POLE_ASSEMBLY "{{9, 1, 1}, 0, "L1"}
"POLE_ASSEMBLY "{{9, 1, 1}, 0, "Regular"}
"PASS: ""finite physical component"
"FINITE_COMPONENT_MEMORY "{9, 1, 1}" before "4514201568" after "4514204816
"POLE_ASSEMBLY "{{9, 1, 2}, 1, "Delta"}
"PASS: ""finite symbolic input parts"
"PASS: ""evaluated Laurent polynomial"
"PASS: ""finite evaluated tensor"
"POLE_ASSEMBLY "{{9, 1, 2}, 1, "L0"}
"POLE_ASSEMBLY "{{9, 1, 2}, 1, "L1"}
"POLE_ASSEMBLY "{{9, 1, 2}, 1, "Regular"}
"POLE_ASSEMBLY "{{9, 1, 2}, -1, "Delta"}
"POLE_ASSEMBLY "{{9, 1, 2}, -1, "L0"}
"POLE_ASSEMBLY "{{9, 1, 2}, -1, "L1"}
"POLE_ASSEMBLY "{{9, 1, 2}, -1, "Regular"}
"PASS: ""real endpoint branches share a boundary"
"POLE_ASSEMBLY "{{9, 1, 2}, 0, "Delta"}
"POLE_ASSEMBLY "{{9, 1, 2}, 0, "L0"}
"POLE_ASSEMBLY "{{9, 1, 2}, 0, "L1"}
"POLE_ASSEMBLY "{{9, 1, 2}, 0, "Regular"}
"PASS: ""finite physical component"
"FINITE_COMPONENT_MEMORY "{9, 1, 2}" before "4514204712" after "4514207960
"POLE_ASSEMBLY "{{9, 1, 3}, 1, "Delta"}
"PASS: ""finite symbolic input parts"
"PASS: ""evaluated Laurent polynomial"
"PASS: ""finite evaluated tensor"
"POLE_ASSEMBLY "{{9, 1, 3}, 1, "L0"}
"POLE_ASSEMBLY "{{9, 1, 3}, 1, "L1"}
"POLE_ASSEMBLY "{{9, 1, 3}, 1, "Regular"}
"POLE_ASSEMBLY "{{9, 1, 3}, -1, "Delta"}
"POLE_ASSEMBLY "{{9, 1, 3}, -1, "L0"}
"POLE_ASSEMBLY "{{9, 1, 3}, -1, "L1"}
"POLE_ASSEMBLY "{{9, 1, 3}, -1, "Regular"}
"PASS: ""real endpoint branches share a boundary"
"POLE_ASSEMBLY "{{9, 1, 3}, 0, "Delta"}
"POLE_ASSEMBLY "{{9, 1, 3}, 0, "L0"}
"POLE_ASSEMBLY "{{9, 1, 3}, 0, "L1"}
"POLE_ASSEMBLY "{{9, 1, 3}, 0, "Regular"}
"PASS: ""finite physical component"
"FINITE_COMPONENT_MEMORY "{9, 1, 3}" before "4514207856" after "4514211104
"POLE_ASSEMBLY "{{9, 1, 4}, 1, "Delta"}
"PASS: ""finite symbolic input parts"
"PASS: ""evaluated Laurent polynomial"
"PASS: ""finite evaluated tensor"
"POLE_ASSEMBLY "{{9, 1, 4}, 1, "L0"}
"POLE_ASSEMBLY "{{9, 1, 4}, 1, "L1"}
"PASS: ""integer finite Laurent support"
"PASS: ""complete Laurent polynomial"
"PASS: ""regulator-independent Laurent coefficients"
"PASS: ""exact Laurent polynomial reconstruction"
"PASS: ""phase kernel has no truncated input series"
"PASS: ""reference phase product evaluated"
"POLE_ASSEMBLY "{{9, 1, 4}, 1, "Regular"}
"PASS: ""accepted exact polynomial backend retained"
"PASS: ""entire finite sum exactly decomposed"
"PASS: ""raw scalar ratio exactly reconstructs"
"PASS: ""unassigned algebraic input generators"
"PASS: ""algebraic generators preserve the exact input"
"PASS: ""complete rational polynomial support"
"PASS: ""unassigned polynomial transfer generators"
"PASS: ""complete polynomial transfer text reconstructs"
"PASS: ""exact native polynomial JSON transfer"
"RECOIL_POLYNOMIAL_BACKEND_START input_bytes "1059848" transfer_bytes "146198
"EXACT_POLYNOMIAL_SUM recoil_derivative 16 548 0.055\nEXACT_POLYNOMIAL_SUM recoil_derivative 32 548 0.055\nEXACT_POLYNOMIAL_SUM recoil_derivative 48 548 0.056\nEXACT_POLYNOMIAL_SUM recoil_derivative 64 548 0.056\nEXACT_POLYNOMIAL_SUM recoil_derivative 80 548 0.057\nEXACT_POLYNOMIAL_SUM recoil_derivative 96 548 0.057\nEXACT_POLYNOMIAL_SUM recoil_derivative 112 548 0.057\nEXACT_POLYNOMIAL_SUM recoil_derivative 128 548 0.057\nEXACT_POLYNOMIAL_SUM recoil_derivative 144 548 0.058\nEXACT_POLYNOMIAL_SUM recoil_derivative 160 548 0.058\nEXACT_POLYNOMIAL_SUM recoil_derivative 176 548 0.058\nEXACT_POLYNOMIAL_SUM recoil_derivative 192 548 0.058\nEXACT_POLYNOMIAL_SUM recoil_derivative 208 548 0.059\nEXACT_POLYNOMIAL_SUM recoil_derivative 224 548 0.059\nEXACT_POLYNOMIAL_SUM recoil_derivative 240 548 0.059\nEXACT_POLYNOMIAL_SUM recoil_derivative 256 548 0.059\nEXACT_POLYNOMIAL_SUM recoil_derivative 272 548 0.06\nEXACT_POLYNOMIAL_SUM recoil_derivative 288 548 0.06\nEXACT_POLYNOMIAL_SUM recoil_derivative 304 548 0.06\nEXACT_POLYNOMIAL_SUM recoil_derivative 320 548 0.061\nEXACT_POLYNOMIAL_SUM recoil_derivative 336 548 0.061\nEXACT_POLYNOMIAL_SUM recoil_derivative 352 548 0.061\nEXACT_POLYNOMIAL_SUM recoil_derivative 368 548 0.062\nEXACT_POLYNOMIAL_SUM recoil_derivative 384 548 0.062\nEXACT_POLYNOMIAL_SUM recoil_derivative 400 548 0.062\nEXACT_POLYNOMIAL_SUM recoil_derivative 416 548 0.062\nEXACT_POLYNOMIAL_SUM recoil_derivative 432 548 0.063\nEXACT_POLYNOMIAL_SUM recoil_derivative 448 548 0.063\nEXACT_POLYNOMIAL_SUM recoil_derivative 464 548 0.064\nEXACT_POLYNOMIAL_SUM recoil_derivative 480 548 0.064\nEXACT_POLYNOMIAL_SUM recoil_derivative 496 548 0.065\nEXACT_POLYNOMIAL_SUM recoil_derivative 512 548 0.065\nEXACT_POLYNOMIAL_SUM recoil_derivative 528 548 0.065\nEXACT_POLYNOMIAL_SUM recoil_derivative 544 548 0.066\nEXACT_POLYNOMIAL_SUM recoil_derivative 548 548 0.066\nPASS: exact recoil derivative polynomial sum\n"
""
"PASS: ""exact polynomial normalization completed"
"PASS: ""complete normalization backend identity"
"PASS: ""exact existing cancellation gates passed"
"PASS: ""complete physical scalar reconstruction"
"PASS: ""bounded normalized scalar cache"
"PASS: ""exact normalized scalar reload"
"RECOIL_POLYNOMIAL_ACCEPTED seconds "2.0843`6.7705052220235125" input_bytes "1059848" output_bytes "16" backend_seconds "0.13957330400444334
"PASS: ""{{9, 1, 4}, 1, \"Regular\"} pole -1"
"POLE_ASSEMBLY "{{9, 1, 4}, -1, "Delta"}
"POLE_ASSEMBLY "{{9, 1, 4}, -1, "L0"}
"POLE_ASSEMBLY "{{9, 1, 4}, -1, "L1"}
"POLE_ASSEMBLY "{{9, 1, 4}, -1, "Regular"}
"RECOIL_POLYNOMIAL_BACKEND_START input_bytes "1155968" transfer_bytes "147537
"EXACT_POLYNOMIAL_SUM recoil_derivative 16 548 0.055\nEXACT_POLYNOMIAL_SUM recoil_derivative 32 548 0.055\nEXACT_POLYNOMIAL_SUM recoil_derivative 48 548 0.055\nEXACT_POLYNOMIAL_SUM recoil_derivative 64 548 0.056\nEXACT_POLYNOMIAL_SUM recoil_derivative 80 548 0.056\nEXACT_POLYNOMIAL_SUM recoil_derivative 96 548 0.056\nEXACT_POLYNOMIAL_SUM recoil_derivative 112 548 0.057\nEXACT_POLYNOMIAL_SUM recoil_derivative 128 548 0.057\nEXACT_POLYNOMIAL_SUM recoil_derivative 144 548 0.057\nEXACT_POLYNOMIAL_SUM recoil_derivative 160 548 0.057\nEXACT_POLYNOMIAL_SUM recoil_derivative 176 548 0.058\nEXACT_POLYNOMIAL_SUM recoil_derivative 192 548 0.058\nEXACT_POLYNOMIAL_SUM recoil_derivative 208 548 0.058\nEXACT_POLYNOMIAL_SUM recoil_derivative 224 548 0.059\nEXACT_POLYNOMIAL_SUM recoil_derivative 240 548 0.059\nEXACT_POLYNOMIAL_SUM recoil_derivative 256 548 0.059\nEXACT_POLYNOMIAL_SUM recoil_derivative 272 548 0.059\nEXACT_POLYNOMIAL_SUM recoil_derivative 288 548 0.06\nEXACT_POLYNOMIAL_SUM recoil_derivative 304 548 0.06\nEXACT_POLYNOMIAL_SUM recoil_derivative 320 548 0.06\nEXACT_POLYNOMIAL_SUM recoil_derivative 336 548 0.061\nEXACT_POLYNOMIAL_SUM recoil_derivative 352 548 0.061\nEXACT_POLYNOMIAL_SUM recoil_derivative 368 548 0.061\nEXACT_POLYNOMIAL_SUM recoil_derivative 384 548 0.061\nEXACT_POLYNOMIAL_SUM recoil_derivative 400 548 0.062\nEXACT_POLYNOMIAL_SUM recoil_derivative 416 548 0.062\nEXACT_POLYNOMIAL_SUM recoil_derivative 432 548 0.062\nEXACT_POLYNOMIAL_SUM recoil_derivative 448 548 0.063\nEXACT_POLYNOMIAL_SUM recoil_derivative 464 548 0.063\nEXACT_POLYNOMIAL_SUM recoil_derivative 480 548 0.063\nEXACT_POLYNOMIAL_SUM recoil_derivative 496 548 0.064\nEXACT_POLYNOMIAL_SUM recoil_derivative 512 548 0.064\nEXACT_POLYNOMIAL_SUM recoil_derivative 528 548 0.064\nEXACT_POLYNOMIAL_SUM recoil_derivative 544 548 0.064\nEXACT_POLYNOMIAL_SUM recoil_derivative 548 548 0.064\nPASS: exact recoil derivative polynomial sum\n"
""
"RECOIL_POLYNOMIAL_ACCEPTED seconds "2.269968`6.8075647284329825" input_bytes "1155968" output_bytes "16" backend_seconds "0.13705396000295877
"PASS: ""{{9, 1, 4}, -1, \"Regular\"} pole -1"
"PASS: ""real endpoint branches share a boundary"
"POLE_ASSEMBLY "{{9, 1, 4}, 0, "Delta"}
"POLE_ASSEMBLY "{{9, 1, 4}, 0, "L0"}
"POLE_ASSEMBLY "{{9, 1, 4}, 0, "L1"}
"POLE_ASSEMBLY "{{9, 1, 4}, 0, "Regular"}
"RECOIL_POLYNOMIAL_BACKEND_START input_bytes "306600" transfer_bytes "40684
"EXACT_POLYNOMIAL_SUM recoil_derivative 16 196 0.009\nEXACT_POLYNOMIAL_SUM recoil_derivative 32 196 0.009\nEXACT_POLYNOMIAL_SUM recoil_derivative 48 196 0.009\nEXACT_POLYNOMIAL_SUM recoil_derivative 64 196 0.009\nEXACT_POLYNOMIAL_SUM recoil_derivative 80 196 0.009\nEXACT_POLYNOMIAL_SUM recoil_derivative 96 196 0.009\nEXACT_POLYNOMIAL_SUM recoil_derivative 112 196 0.009\nEXACT_POLYNOMIAL_SUM recoil_derivative 128 196 0.009\nEXACT_POLYNOMIAL_SUM recoil_derivative 144 196 0.01\nEXACT_POLYNOMIAL_SUM recoil_derivative 160 196 0.01\nEXACT_POLYNOMIAL_SUM recoil_derivative 176 196 0.01\nEXACT_POLYNOMIAL_SUM recoil_derivative 192 196 0.01\nEXACT_POLYNOMIAL_SUM recoil_derivative 196 196 0.01\nPASS: exact recoil derivative polynomial sum\n"
""
"RECOIL_POLYNOMIAL_ACCEPTED seconds "1.293011`6.563147213054623" input_bytes "306600" output_bytes "16" backend_seconds "0.021741579002991784
"PASS: ""{{9, 1, 4}, 0, \"Regular\"} pole -1"
"PASS: ""finite physical component"
"FINITE_COMPONENT_MEMORY "{9, 1, 4}" before "4514211000" after "4517143592
"POLE_ASSEMBLY "{{9, 2, 1}, 1, "Delta"}
"PASS: ""finite symbolic input parts"
"PASS: ""evaluated Laurent polynomial"
"PASS: ""finite evaluated tensor"
"POLE_ASSEMBLY "{{9, 2, 1}, 1, "L0"}
"POLE_ASSEMBLY "{{9, 2, 1}, 1, "L1"}
"POLE_ASSEMBLY "{{9, 2, 1}, 1, "Regular"}
"POLE_ASSEMBLY "{{9, 2, 1}, -1, "Delta"}
"POLE_ASSEMBLY "{{9, 2, 1}, -1, "L0"}
"POLE_ASSEMBLY "{{9, 2, 1}, -1, "L1"}
"POLE_ASSEMBLY "{{9, 2, 1}, -1, "Regular"}
"PASS: ""real endpoint branches share a boundary"
"POLE_ASSEMBLY "{{9, 2, 1}, 0, "Delta"}
"POLE_ASSEMBLY "{{9, 2, 1}, 0, "L0"}
"POLE_ASSEMBLY "{{9, 2, 1}, 0, "L1"}
"POLE_ASSEMBLY "{{9, 2, 1}, 0, "Regular"}
"PASS: ""finite physical component"
"FINITE_COMPONENT_MEMORY "{9, 2, 1}" before "4517143488" after "4517146736
"POLE_ASSEMBLY "{{9, 2, 2}, 1, "Delta"}
"PASS: ""finite symbolic input parts"
"PASS: ""evaluated Laurent polynomial"
"PASS: ""finite evaluated tensor"
"POLE_ASSEMBLY "{{9, 2, 2}, 1, "L0"}
"POLE_ASSEMBLY "{{9, 2, 2}, 1, "L1"}
"POLE_ASSEMBLY "{{9, 2, 2}, 1, "Regular"}
"POLE_ASSEMBLY "{{9, 2, 2}, -1, "Delta"}
"POLE_ASSEMBLY "{{9, 2, 2}, -1, "L0"}
"POLE_ASSEMBLY "{{9, 2, 2}, -1, "L1"}
"POLE_ASSEMBLY "{{9, 2, 2}, -1, "Regular"}
"PASS: ""real endpoint branches share a boundary"
"POLE_ASSEMBLY "{{9, 2, 2}, 0, "Delta"}
"POLE_ASSEMBLY "{{9, 2, 2}, 0, "L0"}
"POLE_ASSEMBLY "{{9, 2, 2}, 0, "L1"}
"POLE_ASSEMBLY "{{9, 2, 2}, 0, "Regular"}
"PASS: ""finite physical component"
"FINITE_COMPONENT_MEMORY "{9, 2, 2}" before "4517146632" after "4517149880
"POLE_ASSEMBLY "{{9, 2, 3}, 1, "Delta"}
"PASS: ""finite symbolic input parts"
"PASS: ""evaluated Laurent polynomial"
"PASS: ""finite evaluated tensor"
"POLE_ASSEMBLY "{{9, 2, 3}, 1, "L0"}
"POLE_ASSEMBLY "{{9, 2, 3}, 1, "L1"}
"POLE_ASSEMBLY "{{9, 2, 3}, 1, "Regular"}
"POLE_ASSEMBLY "{{9, 2, 3}, -1, "Delta"}
"POLE_ASSEMBLY "{{9, 2, 3}, -1, "L0"}
"POLE_ASSEMBLY "{{9, 2, 3}, -1, "L1"}
"POLE_ASSEMBLY "{{9, 2, 3}, -1, "Regular"}
"PASS: ""real endpoint branches share a boundary"
"POLE_ASSEMBLY "{{9, 2, 3}, 0, "Delta"}
"POLE_ASSEMBLY "{{9, 2, 3}, 0, "L0"}
"POLE_ASSEMBLY "{{9, 2, 3}, 0, "L1"}
"POLE_ASSEMBLY "{{9, 2, 3}, 0, "Regular"}
"PASS: ""finite physical component"
"FINITE_COMPONENT_MEMORY "{9, 2, 3}" before "4517149776" after "4517153024
"POLE_ASSEMBLY "{{9, 2, 4}, 1, "Delta"}
"PASS: ""finite symbolic input parts"
"PASS: ""evaluated Laurent polynomial"
"PASS: ""finite evaluated tensor"
"POLE_ASSEMBLY "{{9, 2, 4}, 1, "L0"}
"POLE_ASSEMBLY "{{9, 2, 4}, 1, "L1"}
"PASS: ""integer finite Laurent support"
"PASS: ""complete Laurent polynomial"
"PASS: ""regulator-independent Laurent coefficients"
"PASS: ""exact Laurent polynomial reconstruction"
"PASS: ""phase kernel has no truncated input series"
"PASS: ""reference phase product evaluated"
"POLE_ASSEMBLY "{{9, 2, 4}, 1, "Regular"}
"PASS: ""accepted exact polynomial backend retained"
"PASS: ""entire finite sum exactly decomposed"
"PASS: ""raw scalar ratio exactly reconstructs"
"PASS: ""unassigned algebraic input generators"
"PASS: ""algebraic generators preserve the exact input"
"PASS: ""complete rational polynomial support"
"PASS: ""unassigned polynomial transfer generators"
"PASS: ""complete polynomial transfer text reconstructs"
"PASS: ""exact native polynomial JSON transfer"
"RECOIL_POLYNOMIAL_BACKEND_START input_bytes "279264" transfer_bytes "39691
"EXACT_POLYNOMIAL_SUM recoil_derivative 16 133 0.007\nEXACT_POLYNOMIAL_SUM recoil_derivative 32 133 0.008\nEXACT_POLYNOMIAL_SUM recoil_derivative 48 133 0.008\nEXACT_POLYNOMIAL_SUM recoil_derivative 64 133 0.008\nEXACT_POLYNOMIAL_SUM recoil_derivative 80 133 0.008\nEXACT_POLYNOMIAL_SUM recoil_derivative 96 133 0.008\nEXACT_POLYNOMIAL_SUM recoil_derivative 112 133 0.008\nEXACT_POLYNOMIAL_SUM recoil_derivative 128 133 0.008\nEXACT_POLYNOMIAL_SUM recoil_derivative 133 133 0.008\nPASS: exact recoil derivative polynomial sum\n"
""
"PASS: ""exact polynomial normalization completed"
"PASS: ""complete normalization backend identity"
"PASS: ""exact existing cancellation gates passed"
"PASS: ""complete physical scalar reconstruction"
"PASS: ""bounded normalized scalar cache"
"PASS: ""exact normalized scalar reload"
"RECOIL_POLYNOMIAL_ACCEPTED seconds "1.243051`6.546033940773343" input_bytes "279264" output_bytes "16" backend_seconds "0.01824629699694924
"PASS: ""{{9, 2, 4}, 1, \"Regular\"} pole -1"
"POLE_ASSEMBLY "{{9, 2, 4}, -1, "Delta"}
"POLE_ASSEMBLY "{{9, 2, 4}, -1, "L0"}
"POLE_ASSEMBLY "{{9, 2, 4}, -1, "L1"}
"POLE_ASSEMBLY "{{9, 2, 4}, -1, "Regular"}
"RECOIL_POLYNOMIAL_BACKEND_START input_bytes "318360" transfer_bytes "40235
"EXACT_POLYNOMIAL_SUM recoil_derivative 16 133 0.007\nEXACT_POLYNOMIAL_SUM recoil_derivative 32 133 0.007\nEXACT_POLYNOMIAL_SUM recoil_derivative 48 133 0.008\nEXACT_POLYNOMIAL_SUM recoil_derivative 64 133 0.008\nEXACT_POLYNOMIAL_SUM recoil_derivative 80 133 0.008\nEXACT_POLYNOMIAL_SUM recoil_derivative 96 133 0.008\nEXACT_POLYNOMIAL_SUM recoil_derivative 112 133 0.008\nEXACT_POLYNOMIAL_SUM recoil_derivative 128 133 0.008\nEXACT_POLYNOMIAL_SUM recoil_derivative 133 133 0.008\nPASS: exact recoil derivative polynomial sum\n"
""
"RECOIL_POLYNOMIAL_ACCEPTED seconds "1.173838`6.521153158073071" input_bytes "318360" output_bytes "16" backend_seconds "0.01766096900246339
"PASS: ""{{9, 2, 4}, -1, \"Regular\"} pole -1"
"PASS: ""real endpoint branches share a boundary"
"POLE_ASSEMBLY "{{9, 2, 4}, 0, "Delta"}
"POLE_ASSEMBLY "{{9, 2, 4}, 0, "L0"}
"POLE_ASSEMBLY "{{9, 2, 4}, 0, "L1"}
"POLE_ASSEMBLY "{{9, 2, 4}, 0, "Regular"}
"RECOIL_POLYNOMIAL_BACKEND_START input_bytes "104424" transfer_bytes "13687
"EXACT_POLYNOMIAL_SUM recoil_derivative 16 65 0.004\nEXACT_POLYNOMIAL_SUM recoil_derivative 32 65 0.004\nEXACT_POLYNOMIAL_SUM recoil_derivative 48 65 0.005\nEXACT_POLYNOMIAL_SUM recoil_derivative 64 65 0.005\nEXACT_POLYNOMIAL_SUM recoil_derivative 65 65 0.005\nPASS: exact recoil derivative polynomial sum\n"
""
"RECOIL_POLYNOMIAL_ACCEPTED seconds "0.986471`6.445629316003493" input_bytes "104424" output_bytes "16" backend_seconds "0.008527760997822043
"PASS: ""{{9, 2, 4}, 0, \"Regular\"} pole -1"
"PASS: ""finite physical component"
"FINITE_COMPONENT_MEMORY "{9, 2, 4}" before "4517152920" after "4518879600
"POLE_ASSEMBLY "{{9, 3, 1}, 1, "Delta"}
"PASS: ""finite symbolic input parts"
"PASS: ""evaluated Laurent polynomial"
"PASS: ""finite evaluated tensor"
"POLE_ASSEMBLY "{{9, 3, 1}, 1, "L0"}
"POLE_ASSEMBLY "{{9, 3, 1}, 1, "L1"}
"POLE_ASSEMBLY "{{9, 3, 1}, 1, "Regular"}
"POLE_ASSEMBLY "{{9, 3, 1}, -1, "Delta"}
"POLE_ASSEMBLY "{{9, 3, 1}, -1, "L0"}
"POLE_ASSEMBLY "{{9, 3, 1}, -1, "L1"}
"POLE_ASSEMBLY "{{9, 3, 1}, -1, "Regular"}
"PASS: ""real endpoint branches share a boundary"
"POLE_ASSEMBLY "{{9, 3, 1}, 0, "Delta"}
"POLE_ASSEMBLY "{{9, 3, 1}, 0, "L0"}
"POLE_ASSEMBLY "{{9, 3, 1}, 0, "L1"}
"POLE_ASSEMBLY "{{9, 3, 1}, 0, "Regular"}
"PASS: ""finite physical component"
"FINITE_COMPONENT_MEMORY "{9, 3, 1}" before "4518879496" after "4518882744
"POLE_ASSEMBLY "{{9, 3, 2}, 1, "Delta"}
"PASS: ""finite symbolic input parts"
"PASS: ""evaluated Laurent polynomial"
"PASS: ""finite evaluated tensor"
"POLE_ASSEMBLY "{{9, 3, 2}, 1, "L0"}
"POLE_ASSEMBLY "{{9, 3, 2}, 1, "L1"}
"POLE_ASSEMBLY "{{9, 3, 2}, 1, "Regular"}
"POLE_ASSEMBLY "{{9, 3, 2}, -1, "Delta"}
"POLE_ASSEMBLY "{{9, 3, 2}, -1, "L0"}
"POLE_ASSEMBLY "{{9, 3, 2}, -1, "L1"}
"POLE_ASSEMBLY "{{9, 3, 2}, -1, "Regular"}
"PASS: ""real endpoint branches share a boundary"
"POLE_ASSEMBLY "{{9, 3, 2}, 0, "Delta"}
"POLE_ASSEMBLY "{{9, 3, 2}, 0, "L0"}
"POLE_ASSEMBLY "{{9, 3, 2}, 0, "L1"}
"POLE_ASSEMBLY "{{9, 3, 2}, 0, "Regular"}
"PASS: ""finite physical component"
"FINITE_COMPONENT_MEMORY "{9, 3, 2}" before "4518882640" after "4518885888
"POLE_ASSEMBLY "{{9, 3, 3}, 1, "Delta"}
"PASS: ""finite symbolic input parts"
"PASS: ""evaluated Laurent polynomial"
"PASS: ""finite evaluated tensor"
"POLE_ASSEMBLY "{{9, 3, 3}, 1, "L0"}
"POLE_ASSEMBLY "{{9, 3, 3}, 1, "L1"}
"POLE_ASSEMBLY "{{9, 3, 3}, 1, "Regular"}
"POLE_ASSEMBLY "{{9, 3, 3}, -1, "Delta"}
"POLE_ASSEMBLY "{{9, 3, 3}, -1, "L0"}
"POLE_ASSEMBLY "{{9, 3, 3}, -1, "L1"}
"POLE_ASSEMBLY "{{9, 3, 3}, -1, "Regular"}
"PASS: ""real endpoint branches share a boundary"
"POLE_ASSEMBLY "{{9, 3, 3}, 0, "Delta"}
"POLE_ASSEMBLY "{{9, 3, 3}, 0, "L0"}
"POLE_ASSEMBLY "{{9, 3, 3}, 0, "L1"}
"POLE_ASSEMBLY "{{9, 3, 3}, 0, "Regular"}
"PASS: ""finite physical component"
"FINITE_COMPONENT_MEMORY "{9, 3, 3}" before "4518885784" after "4518889032
"POLE_ASSEMBLY "{{9, 3, 4}, 1, "Delta"}
"PASS: ""finite symbolic input parts"
"PASS: ""evaluated Laurent polynomial"
"PASS: ""finite evaluated tensor"
"POLE_ASSEMBLY "{{9, 3, 4}, 1, "L0"}
"POLE_ASSEMBLY "{{9, 3, 4}, 1, "L1"}
"POLE_ASSEMBLY "{{9, 3, 4}, 1, "Regular"}
"POLE_ASSEMBLY "{{9, 3, 4}, -1, "Delta"}
"POLE_ASSEMBLY "{{9, 3, 4}, -1, "L0"}
"POLE_ASSEMBLY "{{9, 3, 4}, -1, "L1"}
"POLE_ASSEMBLY "{{9, 3, 4}, -1, "Regular"}
"PASS: ""real endpoint branches share a boundary"
"POLE_ASSEMBLY "{{9, 3, 4}, 0, "Delta"}
"POLE_ASSEMBLY "{{9, 3, 4}, 0, "L0"}
"POLE_ASSEMBLY "{{9, 3, 4}, 0, "L1"}
"POLE_ASSEMBLY "{{9, 3, 4}, 0, "Regular"}
"PASS: ""finite physical component"
"FINITE_COMPONENT_MEMORY "{9, 3, 4}" before "4518888928" after "4518892176
"POLE_ASSEMBLY "{{9, 4, 1}, 1, "Delta"}
"PASS: ""finite symbolic input parts"
"PASS: ""evaluated Laurent polynomial"
"PASS: ""finite evaluated tensor"
"POLE_ASSEMBLY "{{9, 4, 1}, 1, "L0"}
"POLE_ASSEMBLY "{{9, 4, 1}, 1, "L1"}
"PASS: ""integer finite Laurent support"
"PASS: ""complete Laurent polynomial"
"PASS: ""regulator-independent Laurent coefficients"
"PASS: ""exact Laurent polynomial reconstruction"
"PASS: ""phase kernel has no truncated input series"
"PASS: ""reference phase product evaluated"
"POLE_ASSEMBLY "{{9, 4, 1}, 1, "Regular"}
"PASS: ""accepted exact polynomial backend retained"
"PASS: ""entire finite sum exactly decomposed"
"PASS: ""raw scalar ratio exactly reconstructs"
"PASS: ""unassigned algebraic input generators"
"PASS: ""algebraic generators preserve the exact input"
"PASS: ""complete rational polynomial support"
"PASS: ""unassigned polynomial transfer generators"
"PASS: ""complete polynomial transfer text reconstructs"
"PASS: ""exact native polynomial JSON transfer"
"RECOIL_POLYNOMIAL_BACKEND_START input_bytes "1126080" transfer_bytes "157281
"EXACT_POLYNOMIAL_SUM recoil_derivative 16 583 0.069\nEXACT_POLYNOMIAL_SUM recoil_derivative 32 583 0.07\nEXACT_POLYNOMIAL_SUM recoil_derivative 48 583 0.07\nEXACT_POLYNOMIAL_SUM recoil_derivative 64 583 0.071\nEXACT_POLYNOMIAL_SUM recoil_derivative 80 583 0.071\nEXACT_POLYNOMIAL_SUM recoil_derivative 96 583 0.071\nEXACT_POLYNOMIAL_SUM recoil_derivative 112 583 0.072\nEXACT_POLYNOMIAL_SUM recoil_derivative 128 583 0.072\nEXACT_POLYNOMIAL_SUM recoil_derivative 144 583 0.072\nEXACT_POLYNOMIAL_SUM recoil_derivative 160 583 0.073\nEXACT_POLYNOMIAL_SUM recoil_derivative 176 583 0.073\nEXACT_POLYNOMIAL_SUM recoil_derivative 192 583 0.073\nEXACT_POLYNOMIAL_SUM recoil_derivative 208 583 0.073\nEXACT_POLYNOMIAL_SUM recoil_derivative 224 583 0.074\nEXACT_POLYNOMIAL_SUM recoil_derivative 240 583 0.074\nEXACT_POLYNOMIAL_SUM recoil_derivative 256 583 0.074\nEXACT_POLYNOMIAL_SUM recoil_derivative 272 583 0.074\nEXACT_POLYNOMIAL_SUM recoil_derivative 288 583 0.075\nEXACT_POLYNOMIAL_SUM recoil_derivative 304 583 0.075\nEXACT_POLYNOMIAL_SUM recoil_derivative 320 583 0.075\nEXACT_POLYNOMIAL_SUM recoil_derivative 336 583 0.076\nEXACT_POLYNOMIAL_SUM recoil_derivative 352 583 0.076\nEXACT_POLYNOMIAL_SUM recoil_derivative 368 583 0.076\nEXACT_POLYNOMIAL_SUM recoil_derivative 384 583 0.077\nEXACT_POLYNOMIAL_SUM recoil_derivative 400 583 0.077\nEXACT_POLYNOMIAL_SUM recoil_derivative 416 583 0.077\nEXACT_POLYNOMIAL_SUM recoil_derivative 432 583 0.077\nEXACT_POLYNOMIAL_SUM recoil_derivative 448 583 0.078\nEXACT_POLYNOMIAL_SUM recoil_derivative 464 583 0.078\nEXACT_POLYNOMIAL_SUM recoil_derivative 480 583 0.078\nEXACT_POLYNOMIAL_SUM recoil_derivative 496 583 0.079\nEXACT_POLYNOMIAL_SUM recoil_derivative 512 583 0.079\nEXACT_POLYNOMIAL_SUM recoil_derivative 528 583 0.079\nEXACT_POLYNOMIAL_SUM recoil_derivative 544 583 0.079\nEXACT_POLYNOMIAL_SUM recoil_derivative 560 583 0.08\nEXACT_POLYNOMIAL_SUM recoil_derivative 576 583 0.08\nEXACT_POLYNOMIAL_SUM recoil_derivative 583 583 0.08\nPASS: exact recoil derivative polynomial sum\n"
""
"PASS: ""exact polynomial normalization completed"
"PASS: ""complete normalization backend identity"
"PASS: ""exact existing cancellation gates passed"
"PASS: ""complete physical scalar reconstruction"
"PASS: ""bounded normalized scalar cache"
"PASS: ""exact normalized scalar reload"
"RECOIL_POLYNOMIAL_ACCEPTED seconds "1.960701`6.743956363833453" input_bytes "1126080" output_bytes "16" backend_seconds "0.17512486399937188
"PASS: ""{{9, 4, 1}, 1, \"Regular\"} pole -1"
"POLE_ASSEMBLY "{{9, 4, 1}, -1, "Delta"}
"POLE_ASSEMBLY "{{9, 4, 1}, -1, "L0"}
"POLE_ASSEMBLY "{{9, 4, 1}, -1, "L1"}
"POLE_ASSEMBLY "{{9, 4, 1}, -1, "Regular"}
"RECOIL_POLYNOMIAL_BACKEND_START input_bytes "1215000" transfer_bytes "158523
"EXACT_POLYNOMIAL_SUM recoil_derivative 16 583 0.06\nEXACT_POLYNOMIAL_SUM recoil_derivative 32 583 0.061\nEXACT_POLYNOMIAL_SUM recoil_derivative 48 583 0.061\nEXACT_POLYNOMIAL_SUM recoil_derivative 64 583 0.061\nEXACT_POLYNOMIAL_SUM recoil_derivative 80 583 0.062\nEXACT_POLYNOMIAL_SUM recoil_derivative 96 583 0.062\nEXACT_POLYNOMIAL_SUM recoil_derivative 112 583 0.062\nEXACT_POLYNOMIAL_SUM recoil_derivative 128 583 0.063\nEXACT_POLYNOMIAL_SUM recoil_derivative 144 583 0.063\nEXACT_POLYNOMIAL_SUM recoil_derivative 160 583 0.063\nEXACT_POLYNOMIAL_SUM recoil_derivative 176 583 0.064\nEXACT_POLYNOMIAL_SUM recoil_derivative 192 583 0.064\nEXACT_POLYNOMIAL_SUM recoil_derivative 208 583 0.064\nEXACT_POLYNOMIAL_SUM recoil_derivative 224 583 0.064\nEXACT_POLYNOMIAL_SUM recoil_derivative 240 583 0.065\nEXACT_POLYNOMIAL_SUM recoil_derivative 256 583 0.065\nEXACT_POLYNOMIAL_SUM recoil_derivative 272 583 0.065\nEXACT_POLYNOMIAL_SUM recoil_derivative 288 583 0.066\nEXACT_POLYNOMIAL_SUM recoil_derivative 304 583 0.066\nEXACT_POLYNOMIAL_SUM recoil_derivative 320 583 0.066\nEXACT_POLYNOMIAL_SUM recoil_derivative 336 583 0.067\nEXACT_POLYNOMIAL_SUM recoil_derivative 352 583 0.068\nEXACT_POLYNOMIAL_SUM recoil_derivative 368 583 0.068\nEXACT_POLYNOMIAL_SUM recoil_derivative 384 583 0.068\nEXACT_POLYNOMIAL_SUM recoil_derivative 400 583 0.069\nEXACT_POLYNOMIAL_SUM recoil_derivative 416 583 0.069\nEXACT_POLYNOMIAL_SUM recoil_derivative 432 583 0.069\nEXACT_POLYNOMIAL_SUM recoil_derivative 448 583 0.07\nEXACT_POLYNOMIAL_SUM recoil_derivative 464 583 0.07\nEXACT_POLYNOMIAL_SUM recoil_derivative 480 583 0.07\nEXACT_POLYNOMIAL_SUM recoil_derivative 496 583 0.07\nEXACT_POLYNOMIAL_SUM recoil_derivative 512 583 0.071\nEXACT_POLYNOMIAL_SUM recoil_derivative 528 583 0.071\nEXACT_POLYNOMIAL_SUM recoil_derivative 544 583 0.071\nEXACT_POLYNOMIAL_SUM recoil_derivative 560 583 0.071\nEXACT_POLYNOMIAL_SUM recoil_derivative 576 583 0.072\nEXACT_POLYNOMIAL_SUM recoil_derivative 583 583 0.072\nPASS: exact recoil derivative polynomial sum\n"
""
"RECOIL_POLYNOMIAL_ACCEPTED seconds "2.087718`6.771216829150452" input_bytes "1215000" output_bytes "16" backend_seconds "0.15792483500263188
"PASS: ""{{9, 4, 1}, -1, \"Regular\"} pole -1"
"PASS: ""real endpoint branches share a boundary"
"POLE_ASSEMBLY "{{9, 4, 1}, 0, "Delta"}
"POLE_ASSEMBLY "{{9, 4, 1}, 0, "L0"}
"POLE_ASSEMBLY "{{9, 4, 1}, 0, "L1"}
"POLE_ASSEMBLY "{{9, 4, 1}, 0, "Regular"}
"RECOIL_POLYNOMIAL_BACKEND_START input_bytes "296600" transfer_bytes "39836
"EXACT_POLYNOMIAL_SUM recoil_derivative 16 192 0.009\nEXACT_POLYNOMIAL_SUM recoil_derivative 32 192 0.009\nEXACT_POLYNOMIAL_SUM recoil_derivative 48 192 0.009\nEXACT_POLYNOMIAL_SUM recoil_derivative 64 192 0.009\nEXACT_POLYNOMIAL_SUM recoil_derivative 80 192 0.009\nEXACT_POLYNOMIAL_SUM recoil_derivative 96 192 0.009\nEXACT_POLYNOMIAL_SUM recoil_derivative 112 192 0.01\nEXACT_POLYNOMIAL_SUM recoil_derivative 128 192 0.01\nEXACT_POLYNOMIAL_SUM recoil_derivative 144 192 0.01\nEXACT_POLYNOMIAL_SUM recoil_derivative 160 192 0.01\nEXACT_POLYNOMIAL_SUM recoil_derivative 176 192 0.01\nEXACT_POLYNOMIAL_SUM recoil_derivative 192 192 0.01\nPASS: exact recoil derivative polynomial sum\n"
""
"RECOIL_POLYNOMIAL_ACCEPTED seconds "1.170423`6.519887841024486" input_bytes "296600" output_bytes "16" backend_seconds "0.022413954000512604
"PASS: ""{{9, 4, 1}, 0, \"Regular\"} pole -1"
"PASS: ""finite physical component"
"FINITE_COMPONENT_MEMORY "{9, 4, 1}" before "4518892072" after "4521944152
"POLE_ASSEMBLY "{{9, 4, 2}, 1, "Delta"}
"PASS: ""finite symbolic input parts"
"PASS: ""evaluated Laurent polynomial"
"PASS: ""finite evaluated tensor"
"POLE_ASSEMBLY "{{9, 4, 2}, 1, "L0"}
"POLE_ASSEMBLY "{{9, 4, 2}, 1, "L1"}
"PASS: ""integer finite Laurent support"
"PASS: ""complete Laurent polynomial"
"PASS: ""regulator-independent Laurent coefficients"
"PASS: ""exact Laurent polynomial reconstruction"
"PASS: ""phase kernel has no truncated input series"
"PASS: ""reference phase product evaluated"
"POLE_ASSEMBLY "{{9, 4, 2}, 1, "Regular"}
"PASS: ""accepted exact polynomial backend retained"
"PASS: ""entire finite sum exactly decomposed"
"PASS: ""raw scalar ratio exactly reconstructs"
"PASS: ""unassigned algebraic input generators"
"PASS: ""algebraic generators preserve the exact input"
"PASS: ""complete rational polynomial support"
"PASS: ""unassigned polynomial transfer generators"
"PASS: ""complete polynomial transfer text reconstructs"
"PASS: ""exact native polynomial JSON transfer"
"RECOIL_POLYNOMIAL_BACKEND_START input_bytes "424088" transfer_bytes "59687
"EXACT_POLYNOMIAL_SUM recoil_derivative 16 225 0.016\nEXACT_POLYNOMIAL_SUM recoil_derivative 32 225 0.016\nEXACT_POLYNOMIAL_SUM recoil_derivative 48 225 0.016\nEXACT_POLYNOMIAL_SUM recoil_derivative 64 225 0.016\nEXACT_POLYNOMIAL_SUM recoil_derivative 80 225 0.016\nEXACT_POLYNOMIAL_SUM recoil_derivative 96 225 0.017\nEXACT_POLYNOMIAL_SUM recoil_derivative 112 225 0.017\nEXACT_POLYNOMIAL_SUM recoil_derivative 128 225 0.017\nEXACT_POLYNOMIAL_SUM recoil_derivative 144 225 0.017\nEXACT_POLYNOMIAL_SUM recoil_derivative 160 225 0.017\nEXACT_POLYNOMIAL_SUM recoil_derivative 176 225 0.017\nEXACT_POLYNOMIAL_SUM recoil_derivative 192 225 0.017\nEXACT_POLYNOMIAL_SUM recoil_derivative 208 225 0.017\nEXACT_POLYNOMIAL_SUM recoil_derivative 224 225 0.017\nEXACT_POLYNOMIAL_SUM recoil_derivative 225 225 0.017\nPASS: exact recoil derivative polynomial sum\n"
""
"PASS: ""exact polynomial normalization completed"
"PASS: ""complete normalization backend identity"
"PASS: ""exact existing cancellation gates passed"
"PASS: ""complete physical scalar reconstruction"
"PASS: ""bounded normalized scalar cache"
"PASS: ""exact normalized scalar reload"
"RECOIL_POLYNOMIAL_ACCEPTED seconds "1.423909`6.605027228540712" input_bytes "424088" output_bytes "16" backend_seconds "0.03822586900059832
"PASS: ""{{9, 4, 2}, 1, \"Regular\"} pole -1"
"POLE_ASSEMBLY "{{9, 4, 2}, -1, "Delta"}
"POLE_ASSEMBLY "{{9, 4, 2}, -1, "L0"}
"POLE_ASSEMBLY "{{9, 4, 2}, -1, "L1"}
"POLE_ASSEMBLY "{{9, 4, 2}, -1, "Regular"}
"RECOIL_POLYNOMIAL_BACKEND_START input_bytes "470888" transfer_bytes "60338
"EXACT_POLYNOMIAL_SUM recoil_derivative 16 225 0.025\nEXACT_POLYNOMIAL_SUM recoil_derivative 32 225 0.025\nEXACT_POLYNOMIAL_SUM recoil_derivative 48 225 0.025\nEXACT_POLYNOMIAL_SUM recoil_derivative 64 225 0.025\nEXACT_POLYNOMIAL_SUM recoil_derivative 80 225 0.025\nEXACT_POLYNOMIAL_SUM recoil_derivative 96 225 0.025\nEXACT_POLYNOMIAL_SUM recoil_derivative 112 225 0.026\nEXACT_POLYNOMIAL_SUM recoil_derivative 128 225 0.026\nEXACT_POLYNOMIAL_SUM recoil_derivative 144 225 0.026\nEXACT_POLYNOMIAL_SUM recoil_derivative 160 225 0.026\nEXACT_POLYNOMIAL_SUM recoil_derivative 176 225 0.026\nEXACT_POLYNOMIAL_SUM recoil_derivative 192 225 0.026\nEXACT_POLYNOMIAL_SUM recoil_derivative 208 225 0.026\nEXACT_POLYNOMIAL_SUM recoil_derivative 224 225 0.026\nEXACT_POLYNOMIAL_SUM recoil_derivative 225 225 0.026\nPASS: exact recoil derivative polynomial sum\n"
""
"RECOIL_POLYNOMIAL_ACCEPTED seconds "1.306615`6.567692633098911" input_bytes "470888" output_bytes "16" backend_seconds "0.04831080900476081
"PASS: ""{{9, 4, 2}, -1, \"Regular\"} pole -1"
"PASS: ""real endpoint branches share a boundary"
"POLE_ASSEMBLY "{{9, 4, 2}, 0, "Delta"}
"POLE_ASSEMBLY "{{9, 4, 2}, 0, "L0"}
"POLE_ASSEMBLY "{{9, 4, 2}, 0, "L1"}
"POLE_ASSEMBLY "{{9, 4, 2}, 0, "Regular"}
"RECOIL_POLYNOMIAL_BACKEND_START input_bytes "172680" transfer_bytes "21882
"EXACT_POLYNOMIAL_SUM recoil_derivative 16 101 0.01\nEXACT_POLYNOMIAL_SUM recoil_derivative 32 101 0.01\nEXACT_POLYNOMIAL_SUM recoil_derivative 48 101 0.01\nEXACT_POLYNOMIAL_SUM recoil_derivative 64 101 0.011\nEXACT_POLYNOMIAL_SUM recoil_derivative 80 101 0.011\nEXACT_POLYNOMIAL_SUM recoil_derivative 96 101 0.011\nEXACT_POLYNOMIAL_SUM recoil_derivative 101 101 0.011\nPASS: exact recoil derivative polynomial sum\n"
""
"RECOIL_POLYNOMIAL_ACCEPTED seconds "1.221577`6.538465840672109" input_bytes "172680" output_bytes "16" backend_seconds "0.017186399003549013
"PASS: ""{{9, 4, 2}, 0, \"Regular\"} pole -1"
"PASS: ""finite physical component"
"FINITE_COMPONENT_MEMORY "{9, 4, 2}" before "4521944048" after "4524034296
"POLE_ASSEMBLY "{{9, 4, 3}, 1, "Delta"}
"PASS: ""finite symbolic input parts"
"PASS: ""evaluated Laurent polynomial"
"PASS: ""finite evaluated tensor"
"POLE_ASSEMBLY "{{9, 4, 3}, 1, "L0"}
"POLE_ASSEMBLY "{{9, 4, 3}, 1, "L1"}
"POLE_ASSEMBLY "{{9, 4, 3}, 1, "Regular"}
"POLE_ASSEMBLY "{{9, 4, 3}, -1, "Delta"}
"POLE_ASSEMBLY "{{9, 4, 3}, -1, "L0"}
"POLE_ASSEMBLY "{{9, 4, 3}, -1, "L1"}
"POLE_ASSEMBLY "{{9, 4, 3}, -1, "Regular"}
"PASS: ""real endpoint branches share a boundary"
"POLE_ASSEMBLY "{{9, 4, 3}, 0, "Delta"}
"POLE_ASSEMBLY "{{9, 4, 3}, 0, "L0"}
"POLE_ASSEMBLY "{{9, 4, 3}, 0, "L1"}
"POLE_ASSEMBLY "{{9, 4, 3}, 0, "Regular"}
"PASS: ""finite physical component"
"FINITE_COMPONENT_MEMORY "{9, 4, 3}" before "4524034192" after "4524037440
"POLE_ASSEMBLY "{{9, 4, 4}, 1, "Delta"}
"PASS: ""finite symbolic input parts"
"PASS: ""evaluated Laurent polynomial"
"PASS: ""finite evaluated tensor"
"POLE_ASSEMBLY "{{9, 4, 4}, 1, "L0"}
"POLE_ASSEMBLY "{{9, 4, 4}, 1, "L1"}
"POLE_ASSEMBLY "{{9, 4, 4}, 1, "Regular"}
"POLE_ASSEMBLY "{{9, 4, 4}, -1, "Delta"}
"POLE_ASSEMBLY "{{9, 4, 4}, -1, "L0"}
"POLE_ASSEMBLY "{{9, 4, 4}, -1, "L1"}
"POLE_ASSEMBLY "{{9, 4, 4}, -1, "Regular"}
"PASS: ""real endpoint branches share a boundary"
"POLE_ASSEMBLY "{{9, 4, 4}, 0, "Delta"}
"POLE_ASSEMBLY "{{9, 4, 4}, 0, "L0"}
"POLE_ASSEMBLY "{{9, 4, 4}, 0, "L1"}
"POLE_ASSEMBLY "{{9, 4, 4}, 0, "Regular"}
"PASS: ""finite physical component"
"FINITE_COMPONENT_MEMORY "{9, 4, 4}" before "4524037336" after "4524040584
"PASS: ""all physical components finite"
"PASS: ""all component checks accepted"
"PASS: ""finite original hat projections"
"PASS: ""F1 original unpolarized Born hat"
"PASS: ""F1 original unpolarized finite hat {1, \"Delta\"}"
"PASS: ""F1 original unpolarized finite hat {1, \"L0\"}"
"PASS: ""F1 original unpolarized finite hat {1, \"L1\"}"
"FAIL: ""{\"F1\", 1, \"Regular\", \"original finite hat comparison\"} memory limit"
