MONITOR_START job=14687952 host=n6406 kernel_pid=210287
"PASS: ""complete evaluated angular masters exist"
"PASS: ""S05 source identity"
"PASS: ""S06 source identity"
"PASS: ""dilogarithm inversion follows from derivative and anchor"
"PASS: ""regulated endpoint integral evaluated"
"Parallel budget inputs: "InputForm[{4, 1, Infinity}]
"PASS: ""angular workers share compute node and runtime"
"Angular worker count = "4
"From remote kernel:"
"\"Pg\"\" real term \"4\"/\"187\"; memory = \"53287888\n"
"From remote kernel:"
"\"Pg\"\" real term \"2\"/\"187\"; memory = \"53289008\n"
"From remote kernel:"
"\"Pg\"\" real term \"3\"/\"187\"; memory = \"53287600\n"
"From remote kernel:"
"\"Pg\"\" real term \"1\"/\"187\"; memory = \"53287752\n"
"From remote kernel:"
"\"PASS: \"\"one mixed denominator is massive\"\n"
"From remote kernel:"
"\"PASS: \"\"one mixed denominator is massive\"\n"
"From remote kernel:"
"\"PASS: \"\"one mixed denominator is massive\"\n"
"From remote kernel:"
"\"PASS: \"\"ordinary real term is fully evaluated\"\n"
"From remote kernel:"
"\"PASS: \"\"ordinary real term is fully evaluated\"\n"
"From remote kernel:"
"\"PASS: \"\"ordinary real term is fully evaluated\"\n"
"From remote kernel:"
"\"PASS: \"\"one mixed denominator is massive\"\n"
"From remote kernel:"
"\"PASS: \"\"ordinary real term is fully evaluated\"\n"
"From remote kernel:"
"\"PASS: \"\"massive angular denominator stays separated at the soft endpoint\"\n"
"From remote kernel:"
"\"PASS: \"\"soft expansion is a Laurent series\"\n"
"From remote kernel:"
"\"PASS: \"\"massive angular denominator stays separated at the soft endpoint\"\n"
"From remote kernel:"
"\"PASS: \"\"soft series covers the requested pole order\"\n"
"From remote kernel:"
"\"PASS: \"\"massive angular denominator stays separated at the soft endpoint\"\n"
"From remote kernel:"
"\"PASS: \"\"soft coefficients contain no recoil variable\"\n"
"From remote kernel:"
"\"PASS: \"\"soft expansion is a Laurent series\"\n"
"From remote kernel:"
"\"PASS: \"\"soft expansion is a Laurent series\"\n"
"From remote kernel:"
"\"PASS: \"\"soft series covers the requested pole order\"\n"
"From remote kernel:"
"\"PASS: \"\"soft series covers the requested pole order\"\n"
"From remote kernel:"
"\"PASS: \"\"massive angular denominator stays separated at the soft endpoint\"\n"
"From remote kernel:"
"\"PASS: \"\"massive angular denominator stays separated at the soft endpoint\"\n"
"From remote kernel:"
"\"PASS: \"\"soft coefficients contain no recoil variable\"\n"
"From remote kernel:"
"\"PASS: \"\"soft expansion is a Laurent series\"\n"
"From remote kernel:"
"\"PASS: \"\"soft expansion is a Laurent series\"\n"
"From remote kernel:"
"\"PASS: \"\"soft series covers the requested pole order\"\n"
"From remote kernel:"
"\"PASS: \"\"soft series covers the requested pole order\"\n"
"From remote kernel:"
"\"PASS: \"\"soft coefficients contain no recoil variable\"\n"
"From remote kernel:"
"\"PASS: \"\"massive angular denominator stays separated at the soft endpoint\"\n"
"From remote kernel:"
"\"PASS: \"\"soft coefficients contain no recoil variable\"\n"
"From remote kernel:"
"\"PASS: \"\"soft coefficients contain no recoil variable\"\n"
"From remote kernel:"
"\"Pg\"\" real term \"5\"/\"187\"; memory = \"219364616\n"
"From remote kernel:"
"\"PASS: \"\"soft expansion is a Laurent series\"\n"
"From remote kernel:"
"\"PASS: \"\"massive angular denominator stays separated at the soft endpoint\"\n"
"From remote kernel:"
"\"PASS: \"\"soft series covers the requested pole order\"\n"
"From remote kernel:"
"\"PASS: \"\"massive angular denominator stays separated at the soft endpoint\"\n"
"From remote kernel:"
"\"PASS: \"\"soft expansion is a Laurent series\"\n"
"From remote kernel:"
"\"PASS: \"\"soft coefficients contain no recoil variable\"\n"
"From remote kernel:"
"\"PASS: \"\"soft series covers the requested pole order\"\n"
"From remote kernel:"
"\"PASS: \"\"ordinary real term is fully evaluated\"\n"
"From remote kernel:"
"\"Pg\"\" real term \"6\"/\"187\"; memory = \"220837040\n"
"From remote kernel:"
"\"PASS: \"\"soft expansion is a Laurent series\"\n"
"From remote kernel:"
"\"PASS: \"\"massive angular denominator stays separated at the soft endpoint\"\n"
"From remote kernel:"
"\"PASS: \"\"soft series covers the requested pole order\"\n"
"From remote kernel:"
"\"PASS: \"\"ordinary real term is fully evaluated\"\n"
"From remote kernel:"
"\"PASS: \"\"soft expansion is a Laurent series\"\n"
"From remote kernel:"
"\"PASS: \"\"soft series covers the requested pole order\"\n"
"From remote kernel:"
"\"PASS: \"\"soft coefficients contain no recoil variable\"\n"
"From remote kernel:"
"\"PASS: \"\"massive angular denominator stays separated at the soft endpoint\"\n"
"From remote kernel:"
"\"Pg\"\" real term \"7\"/\"187\"; memory = \"219554728\n"
"From remote kernel:"
"\"PASS: \"\"soft expansion is a Laurent series\"\n"
"From remote kernel:"
"\"PASS: \"\"soft coefficients contain no recoil variable\"\n"
"From remote kernel:"
"\"PASS: \"\"soft series covers the requested pole order\"\n"
"From remote kernel:"
"\"PASS: \"\"soft coefficients contain no recoil variable\"\n"
"From remote kernel:"
"\"Pg\"\" real term \"8\"/\"187\"; memory = \"220621920\n"
"From remote kernel:"
"\"PASS: \"\"massive angular denominator stays separated at the soft endpoint\"\n"
"From remote kernel:"
"\"PASS: \"\"soft coefficients contain no recoil variable\"\n"
"From remote kernel:"
"\"PASS: \"\"ordinary real term is fully evaluated\"\n"
"From remote kernel:"
"\"PASS: \"\"soft expansion is a Laurent series\"\n"
"From remote kernel:"
"\"PASS: \"\"massive angular denominator stays separated at the soft endpoint\"\n"
"From remote kernel:"
"\"PASS: \"\"soft series covers the requested pole order\"\n"
"From remote kernel:"
"\"PASS: \"\"massive angular denominator stays separated at the soft endpoint\"\n"
"From remote kernel:"
"\"PASS: \"\"soft expansion is a Laurent series\"\n"
"From remote kernel:"
"\"PASS: \"\"soft series covers the requested pole order\"\n"
"From remote kernel:"
"\"PASS: \"\"soft expansion is a Laurent series\"\n"
"From remote kernel:"
"\"PASS: \"\"soft series covers the requested pole order\"\n"
"From remote kernel:"
"\"PASS: \"\"soft coefficients contain no recoil variable\"\n"
"From remote kernel:"
"\"Pg\"\" real term \"9\"/\"187\"; memory = \"222006112\n"
"From remote kernel:"
"\"PASS: \"\"soft coefficients contain no recoil variable\"\n"
"From remote kernel:"
"\"Pg\"\" real term \"10\"/\"187\"; memory = \"223775280\n"
"From remote kernel:"
"\"PASS: \"\"soft coefficients contain no recoil variable\"\n"
"From remote kernel:"
"\"PASS: \"\"ordinary real term is fully evaluated\"\n"
"From remote kernel:"
"\"PASS: \"\"massive angular denominator stays separated at the soft endpoint\"\n"
"From remote kernel:"
"\"PASS: \"\"massive angular denominator stays separated at the soft endpoint\"\n"
"From remote kernel:"
"\"PASS: \"\"soft expansion is a Laurent series\"\n"
"From remote kernel:"
"\"PASS: \"\"soft series covers the requested pole order\"\n"
"From remote kernel:"
"\"PASS: \"\"soft expansion is a Laurent series\"\n"
"From remote kernel:"
"\"PASS: \"\"soft series covers the requested pole order\"\n"
"From remote kernel:"
"\"PASS: \"\"ordinary real term is fully evaluated\"\n"
"From remote kernel:"
"\"PASS: \"\"ordinary real term is fully evaluated\"\n"
"From remote kernel:"
"\"PASS: \"\"massive angular denominator stays separated at the soft endpoint\"\n"
"From remote kernel:"
"\"PASS: \"\"massive angular denominator stays separated at the soft endpoint\"\n"
"From remote kernel:"
"\"PASS: \"\"soft coefficients contain no recoil variable\"\n"
"From remote kernel:"
"\"PASS: \"\"massive angular denominator stays separated at the soft endpoint\"\n"
"From remote kernel:"
"\"PASS: \"\"soft coefficients contain no recoil variable\"\n"
"From remote kernel:"
"\"PASS: \"\"soft expansion is a Laurent series\"\n"
"From remote kernel:"
"\"PASS: \"\"soft expansion is a Laurent series\"\n"
"From remote kernel:"
"\"Pg\"\" real term \"11\"/\"187\"; memory = \"222966112\n"
"From remote kernel:"
"\"PASS: \"\"soft series covers the requested pole order\"\n"
"From remote kernel:"
"\"PASS: \"\"soft series covers the requested pole order\"\n"
"From remote kernel:"
"\"PASS: \"\"soft expansion is a Laurent series\"\n"
"From remote kernel:"
"\"PASS: \"\"soft series covers the requested pole order\"\n"
"From remote kernel:"
"\"PASS: \"\"soft coefficients contain no recoil variable\"\n"
"From remote kernel:"
"\"PASS: \"\"ordinary real term is fully evaluated\"\n"
"From remote kernel:"
"\"PASS: \"\"soft coefficients contain no recoil variable\"\n"
"From remote kernel:"
"\"PASS: \"\"soft coefficients contain no recoil variable\"\n"
"From remote kernel:"
"\"PASS: \"\"massive angular denominator stays separated at the soft endpoint\"\n"
"From remote kernel:"
"\"PASS: \"\"massive angular denominator stays separated at the soft endpoint\"\n"
"From remote kernel:"
"\"Pg\"\" real term \"12\"/\"187\"; memory = \"225351504\n"
"From remote kernel:"
"\"PASS: \"\"massive angular denominator stays separated at the soft endpoint\"\n"
"From remote kernel:"
"\"PASS: \"\"soft expansion is a Laurent series\"\n"
"From remote kernel:"
"\"PASS: \"\"soft expansion is a Laurent series\"\n"
"From remote kernel:"
"\"PASS: \"\"soft series covers the requested pole order\"\n"
"From remote kernel:"
"\"PASS: \"\"soft series covers the requested pole order\"\n"
"From remote kernel:"
"\"PASS: \"\"soft coefficients contain no recoil variable\"\n"
"From remote kernel:"
"\"PASS: \"\"soft expansion is a Laurent series\"\n"
"From remote kernel:"
"\"PASS: \"\"soft series covers the requested pole order\"\n"
"From remote kernel:"
"\"Pg\"\" real term \"13\"/\"187\"; memory = \"225060680\n"
"From remote kernel:"
"\"PASS: \"\"soft coefficients contain no recoil variable\"\n"
"From remote kernel:"
"\"PASS: \"\"ordinary real term is fully evaluated\"\n"
"From remote kernel:"
"\"PASS: \"\"massive angular denominator stays separated at the soft endpoint\"\n"
"From remote kernel:"
"\"Pg\"\" real term \"14\"/\"187\"; memory = \"217353472\n"
"From remote kernel:"
"\"PASS: \"\"soft expansion is a Laurent series\"\n"
"From remote kernel:"
"\"PASS: \"\"soft series covers the requested pole order\"\n"
"From remote kernel:"
"\"PASS: \"\"soft coefficients contain no recoil variable\"\n"
"From remote kernel:"
"\"PASS: \"\"massive angular denominator stays separated at the soft endpoint\"\n"
"From remote kernel:"
"\"PASS: \"\"ordinary real term is fully evaluated\"\n"
"From remote kernel:"
"\"PASS: \"\"soft coefficients contain no recoil variable\"\n"
"From remote kernel:"
"\"PASS: \"\"massive angular denominator stays separated at the soft endpoint\"\n"
"From remote kernel:"
"\"PASS: \"\"massive angular denominator stays separated at the soft endpoint\"\n"
"From remote kernel:"
"\"PASS: \"\"soft expansion is a Laurent series\"\n"
"From remote kernel:"
"\"PASS: \"\"soft series covers the requested pole order\"\n"
"From remote kernel:"
"\"PASS: \"\"soft expansion is a Laurent series\"\n"
"From remote kernel:"
"\"PASS: \"\"soft series covers the requested pole order\"\n"
"From remote kernel:"
"\"PASS: \"\"soft expansion is a Laurent series\"\n"
"From remote kernel:"
"\"PASS: \"\"soft coefficients contain no recoil variable\"\n"
"From remote kernel:"
"\"PASS: \"\"soft series covers the requested pole order\"\n"
"From remote kernel:"
"\"Pg\"\" real term \"15\"/\"187\"; memory = \"226641296\n"
"From remote kernel:"
"\"PASS: \"\"soft coefficients contain no recoil variable\"\n"
"From remote kernel:"
"\"PASS: \"\"massive angular denominator stays separated at the soft endpoint\"\n"
"From remote kernel:"
"\"PASS: \"\"soft expansion is a Laurent series\"\n"
"From remote kernel:"
"\"PASS: \"\"soft coefficients contain no recoil variable\"\n"
"From remote kernel:"
"\"PASS: \"\"soft series covers the requested pole order\"\n"
"From remote kernel:"
"\"PASS: \"\"ordinary real term is fully evaluated\"\n"
"From remote kernel:"
"\"Pg\"\" real term \"16\"/\"187\"; memory = \"230270368\n"
"From remote kernel:"
"\"PASS: \"\"ordinary real term is fully evaluated\"\n"
"From remote kernel:"
"\"PASS: \"\"soft coefficients contain no recoil variable\"\n"
"From remote kernel:"
"\"PASS: \"\"massive angular denominator stays separated at the soft endpoint\"\n"
"From remote kernel:"
"\"PASS: \"\"massive angular denominator stays separated at the soft endpoint\"\n"
"From remote kernel:"
"\"Pg\"\" real term \"17\"/\"187\"; memory = \"220630872\n"
"From remote kernel:"
"\"PASS: \"\"soft expansion is a Laurent series\"\n"
"From remote kernel:"
"\"PASS: \"\"soft series covers the requested pole order\"\n"
"From remote kernel:"
"\"PASS: \"\"soft expansion is a Laurent series\"\n"
"From remote kernel:"
"\"PASS: \"\"soft series covers the requested pole order\"\n"
"From remote kernel:"
"\"PASS: \"\"ordinary real term is fully evaluated\"\n"
"From remote kernel:"
"\"PASS: \"\"soft coefficients contain no recoil variable\"\n"
"From remote kernel:"
"\"PASS: \"\"soft coefficients contain no recoil variable\"\n"
"From remote kernel:"
"\"PASS: \"\"massive angular denominator stays separated at the soft endpoint\"\n"
"From remote kernel:"
"\"PASS: \"\"massive angular denominator stays separated at the soft endpoint\"\n"
"From remote kernel:"
"\"PASS: \"\"massive angular denominator stays separated at the soft endpoint\"\n"
"From remote kernel:"
"\"PASS: \"\"soft expansion is a Laurent series\"\n"
"From remote kernel:"
"\"PASS: \"\"ordinary real term is fully evaluated\"\n"
"From remote kernel:"
"\"PASS: \"\"soft series covers the requested pole order\"\n"
"From remote kernel:"
"\"PASS: \"\"soft expansion is a Laurent series\"\n"
"From remote kernel:"
"\"PASS: \"\"soft series covers the requested pole order\"\n"
"From remote kernel:"
"\"PASS: \"\"soft expansion is a Laurent series\"\n"
"From remote kernel:"
"\"PASS: \"\"soft series covers the requested pole order\"\n"
"From remote kernel:"
"\"PASS: \"\"soft coefficients contain no recoil variable\"\n"
"From remote kernel:"
"\"PASS: \"\"massive angular denominator stays separated at the soft endpoint\"\n"
"From remote kernel:"
"\"PASS: \"\"soft coefficients contain no recoil variable\"\n"
"From remote kernel:"
"\"Pg\"\" real term \"18\"/\"187\"; memory = \"233173784\n"
"From remote kernel:"
"\"Pg\"\" real term \"19\"/\"187\"; memory = \"235664920\n"
"From remote kernel:"
"\"PASS: \"\"ordinary real term is fully evaluated\"\n"
"From remote kernel:"
"\"PASS: \"\"massive angular denominator stays separated at the soft endpoint\"\n"
"From remote kernel:"
"\"PASS: \"\"soft coefficients contain no recoil variable\"\n"
"From remote kernel:"
"\"PASS: \"\"soft expansion is a Laurent series\"\n"
"From remote kernel:"
"\"PASS: \"\"soft series covers the requested pole order\"\n"
"From remote kernel:"
"\"PASS: \"\"soft coefficients contain no recoil variable\"\n"
"From remote kernel:"
"\"PASS: \"\"massive angular denominator stays separated at the soft endpoint\"\n"
"From remote kernel:"
"\"PASS: \"\"soft expansion is a Laurent series\"\n"
"From remote kernel:"
"\"PASS: \"\"soft series covers the requested pole order\"\n"
"From remote kernel:"
"\"PASS: \"\"soft coefficients contain no recoil variable\"\n"
"From remote kernel:"
"\"Pg\"\" real term \"20\"/\"187\"; memory = \"235971640\n"
"From remote kernel:"
"\"PASS: \"\"massive angular denominator stays separated at the soft endpoint\"\n"
"From remote kernel:"
"\"PASS: \"\"ordinary real term is fully evaluated\"\n"
"From remote kernel:"
"\"PASS: \"\"massive angular denominator stays separated at the soft endpoint\"\n"
"From remote kernel:"
"\"PASS: \"\"soft expansion is a Laurent series\"\n"
"From remote kernel:"
"\"PASS: \"\"soft series covers the requested pole order\"\n"
"From remote kernel:"
"\"PASS: \"\"soft expansion is a Laurent series\"\n"
"From remote kernel:"
"\"PASS: \"\"soft series covers the requested pole order\"\n"
"From remote kernel:"
"\"PASS: \"\"soft expansion is a Laurent series\"\n"
"From remote kernel:"
"\"PASS: \"\"ordinary real term is fully evaluated\"\n"
"From remote kernel:"
"\"PASS: \"\"soft series covers the requested pole order\"\n"
"From remote kernel:"
"\"PASS: \"\"soft coefficients contain no recoil variable\"\n"
"From remote kernel:"
"\"PASS: \"\"soft coefficients contain no recoil variable\"\n"
"From remote kernel:"
"\"PASS: \"\"massive angular denominator stays separated at the soft endpoint\"\n"
"From remote kernel:"
"\"PASS: \"\"soft coefficients contain no recoil variable\"\n"
"From remote kernel:"
"\"PASS: \"\"massive angular denominator stays separated at the soft endpoint\"\n"
"From remote kernel:"
"\"Pg\"\" real term \"21\"/\"187\"; memory = \"240759024\n"
"From remote kernel:"
"\"PASS: \"\"massive angular denominator stays separated at the soft endpoint\"\n"
"From remote kernel:"
"\"PASS: \"\"soft expansion is a Laurent series\"\n"
"From remote kernel:"
"\"PASS: \"\"soft series covers the requested pole order\"\n"
"From remote kernel:"
"\"PASS: \"\"ordinary real term is fully evaluated\"\n"
"From remote kernel:"
"\"PASS: \"\"massive angular denominator stays separated at the soft endpoint\"\n"
"From remote kernel:"
"\"PASS: \"\"soft expansion is a Laurent series\"\n"
"From remote kernel:"
"\"PASS: \"\"soft coefficients contain no recoil variable\"\n"
"From remote kernel:"
"\"PASS: \"\"soft series covers the requested pole order\"\n"
"From remote kernel:"
"\"PASS: \"\"soft expansion is a Laurent series\"\n"
"From remote kernel:"
"\"PASS: \"\"soft series covers the requested pole order\"\n"
"From remote kernel:"
"\"Pg\"\" real term \"22\"/\"187\"; memory = \"217387992\n"
"From remote kernel:"
"\"PASS: \"\"soft coefficients contain no recoil variable\"\n"
"From remote kernel:"
"\"PASS: \"\"soft expansion is a Laurent series\"\n"
"From remote kernel:"
"\"PASS: \"\"soft coefficients contain no recoil variable\"\n"
"From remote kernel:"
"\"PASS: \"\"soft series covers the requested pole order\"\n"
"From remote kernel:"
"\"PASS: \"\"massive angular denominator stays separated at the soft endpoint\"\n"
"From remote kernel:"
"\"PASS: \"\"massive angular denominator stays separated at the soft endpoint\"\n"
"From remote kernel:"
"\"PASS: \"\"ordinary real term is fully evaluated\"\n"
"From remote kernel:"
"\"PASS: \"\"soft coefficients contain no recoil variable\"\n"
"From remote kernel:"
"\"PASS: \"\"soft expansion is a Laurent series\"\n"
"From remote kernel:"
"\"PASS: \"\"soft series covers the requested pole order\"\n"
"From remote kernel:"
"\"PASS: \"\"massive angular denominator stays separated at the soft endpoint\"\n"
"From remote kernel:"
"\"Pg\"\" real term \"23\"/\"187\"; memory = \"236234600\n"
"From remote kernel:"
"\"PASS: \"\"soft expansion is a Laurent series\"\n"
"From remote kernel:"
"\"PASS: \"\"soft series covers the requested pole order\"\n"
"From remote kernel:"
"\"PASS: \"\"soft coefficients contain no recoil variable\"\n"
"From remote kernel:"
"\"Pg\"\" real term \"24\"/\"187\"; memory = \"246365408\n"
"From remote kernel:"
"\"PASS: \"\"soft coefficients contain no recoil variable\"\n"
"From remote kernel:"
"\"Pg\"\" real term \"25\"/\"187\"; memory = \"242802536\n"
"From remote kernel:"
"\"PASS: \"\"soft expansion is a Laurent series\"\n"
"From remote kernel:"
"\"PASS: \"\"soft series covers the requested pole order\"\n"
"From remote kernel:"
"\"PASS: \"\"ordinary real term is fully evaluated\"\n"
"From remote kernel:"
"\"PASS: \"\"massive angular denominator stays separated at the soft endpoint\"\n"
"From remote kernel:"
"\"PASS: \"\"soft coefficients contain no recoil variable\"\n"
"From remote kernel:"
"\"PASS: \"\"massive angular denominator stays separated at the soft endpoint\"\n"
"From remote kernel:"
"\"PASS: \"\"soft expansion is a Laurent series\"\n"
"From remote kernel:"
"\"PASS: \"\"ordinary real term is fully evaluated\"\n"
"From remote kernel:"
"\"PASS: \"\"soft series covers the requested pole order\"\n"
"From remote kernel:"
"\"PASS: \"\"ordinary real term is fully evaluated\"\n"
"From remote kernel:"
"\"PASS: \"\"massive angular denominator stays separated at the soft endpoint\"\n"
"From remote kernel:"
"\"PASS: \"\"soft expansion is a Laurent series\"\n"
"From remote kernel:"
"\"PASS: \"\"massive angular denominator stays separated at the soft endpoint\"\n"
"From remote kernel:"
"\"PASS: \"\"soft series covers the requested pole order\"\n"
"From remote kernel:"
"\"PASS: \"\"soft coefficients contain no recoil variable\"\n"
"From remote kernel:"
"\"Pg\"\" real term \"26\"/\"187\"; memory = \"229699344\n"
"From remote kernel:"
"\"PASS: \"\"soft coefficients contain no recoil variable\"\n"
"From remote kernel:"
"\"PASS: \"\"massive angular denominator stays separated at the soft endpoint\"\n"
"From remote kernel:"
"\"PASS: \"\"soft expansion is a Laurent series\"\n"
"From remote kernel:"
"\"PASS: \"\"soft series covers the requested pole order\"\n"
"From remote kernel:"
"\"PASS: \"\"soft expansion is a Laurent series\"\n"
"From remote kernel:"
"\"PASS: \"\"soft series covers the requested pole order\"\n"
"From remote kernel:"
"\"PASS: \"\"soft coefficients contain no recoil variable\"\n"
"From remote kernel:"
"\"PASS: \"\"soft expansion is a Laurent series\"\n"
"From remote kernel:"
"\"PASS: \"\"soft series covers the requested pole order\"\n"
"From remote kernel:"
"\"PASS: \"\"soft coefficients contain no recoil variable\"\n"
"From remote kernel:"
"\"PASS: \"\"massive angular denominator stays separated at the soft endpoint\"\n"
"From remote kernel:"
"\"PASS: \"\"soft coefficients contain no recoil variable\"\n"
"From remote kernel:"
"\"PASS: \"\"massive angular denominator stays separated at the soft endpoint\"\n"
"From remote kernel:"
"\"Pg\"\" real term \"27\"/\"187\"; memory = \"254554816\n"
"From remote kernel:"
"\"PASS: \"\"soft expansion is a Laurent series\"\n"
"From remote kernel:"
"\"PASS: \"\"soft series covers the requested pole order\"\n"
"From remote kernel:"
"\"PASS: \"\"soft coefficients contain no recoil variable\"\n"
"From remote kernel:"
"\"Pg\"\" real term \"28\"/\"187\"; memory = \"261665688\n"
"From remote kernel:"
"\"PASS: \"\"soft expansion is a Laurent series\"\n"
"From remote kernel:"
"\"PASS: \"\"soft series covers the requested pole order\"\n"
"From remote kernel:"
"\"PASS: \"\"soft coefficients contain no recoil variable\"\n"
"From remote kernel:"
"\"Pg\"\" real term \"29\"/\"187\"; memory = \"270314064\n"
"From remote kernel:"
"\"PASS: \"\"ordinary real term is fully evaluated\"\n"
"From remote kernel:"
"\"PASS: \"\"massive angular denominator stays separated at the soft endpoint\"\n"
"From remote kernel:"
"\"PASS: \"\"mixed angular endpoint approach follows from its domain\"\n"
"From remote kernel:"
"\"PASS: \"\"inverted dilogarithm arguments are negative on the real domain\"\n"
"From remote kernel:"
"\"PASS: \"\"inverse hyperbolic logarithms preserve derivative and anchor\"\n"
"From remote kernel:"
"\"PASS: \"\"ordinary real term is fully evaluated\"\n"
"From remote kernel:"
"\"PASS: \"\"massive angular denominator stays separated at the soft endpoint\"\n"
"From remote kernel:"
"\"PASS: \"\"mixed angular endpoint approach follows from its domain\"\n"
"From remote kernel:"
"\"PASS: \"\"inverted dilogarithm arguments are negative on the real domain\"\n"
"From remote kernel:"
"\"PASS: \"\"inverse hyperbolic logarithms preserve derivative and anchor\"\n"
"From remote kernel:"
"\"PASS: \"\"ordinary real term is fully evaluated\"\n"
"From remote kernel:"
"\"PASS: \"\"massive angular denominator stays separated at the soft endpoint\"\n"
"From remote kernel:"
"\"PASS: \"\"mixed angular endpoint approach follows from its domain\"\n"
"From remote kernel:"
"\"PASS: \"\"inverted dilogarithm arguments are negative on the real domain\"\n"
"From remote kernel:"
"\"PASS: \"\"inverse hyperbolic logarithms preserve derivative and anchor\"\n"
"From remote kernel:"
"\"PASS: \"\"soft expansion is a Laurent series\"\n"
"From remote kernel:"
"\"PASS: \"\"soft series covers the requested pole order\"\n"
"From remote kernel:"
"\"PASS: \"\"soft coefficients contain no recoil variable\"\n"
"From remote kernel:"
"\"PASS: \"\"massive angular denominator stays separated at the soft endpoint\"\n"
"From remote kernel:"
"\"PASS: \"\"mixed angular endpoint approach follows from its domain\"\n"
"From remote kernel:"
"\"PASS: \"\"inverted dilogarithm arguments are negative on the real domain\"\n"
"From remote kernel:"
"\"PASS: \"\"inverse hyperbolic logarithms preserve derivative and anchor\"\n"
"From remote kernel:"
"\"PASS: \"\"soft expansion is a Laurent series\"\n"
"From remote kernel:"
"\"PASS: \"\"soft series covers the requested pole order\"\n"
"From remote kernel:"
"\"PASS: \"\"soft coefficients contain no recoil variable\"\n"
"From remote kernel:"
"\"PASS: \"\"massive angular denominator stays separated at the soft endpoint\"\n"
"From remote kernel:"
"\"PASS: \"\"mixed angular endpoint approach follows from its domain\"\n"
"From remote kernel:"
"\"PASS: \"\"inverted dilogarithm arguments are negative on the real domain\"\n"
"From remote kernel:"
"\"PASS: \"\"inverse hyperbolic logarithms preserve derivative and anchor\"\n"
"From remote kernel:"
"\"PASS: \"\"soft expansion is a Laurent series\"\n"
"From remote kernel:"
"\"PASS: \"\"soft series covers the requested pole order\"\n"
"From remote kernel:"
"\"PASS: \"\"soft expansion is a Laurent series\"\n"
"From remote kernel:"
"\"PASS: \"\"soft series covers the requested pole order\"\n"
"From remote kernel:"
"\"PASS: \"\"soft coefficients contain no recoil variable\"\n"
"From remote kernel:"
"\"PASS: \"\"massive angular denominator stays separated at the soft endpoint\"\n"
"From remote kernel:"
"\"PASS: \"\"mixed angular endpoint approach follows from its domain\"\n"
"From remote kernel:"
"\"PASS: \"\"inverted dilogarithm arguments are negative on the real domain\"\n"
"From remote kernel:"
"\"PASS: \"\"inverse hyperbolic logarithms preserve derivative and anchor\"\n"
"From remote kernel:"
"\"PASS: \"\"soft coefficients contain no recoil variable\"\n"
"From remote kernel:"
"\"Pg\"\" real term \"30\"/\"187\"; memory = \"294472968\n"
"From remote kernel:"
"\"PASS: \"\"ordinary real term is fully evaluated\"\n"
"From remote kernel:"
"\"PASS: \"\"massive angular denominator stays separated at the soft endpoint\"\n"
"From remote kernel:"
"\"PASS: \"\"mixed angular endpoint approach follows from its domain\"\n"
"From remote kernel:"
"\"PASS: \"\"inverted dilogarithm arguments are negative on the real domain\"\n"
"From remote kernel:"
"\"PASS: \"\"inverse hyperbolic logarithms preserve derivative and anchor\"\n"
"From remote kernel:"
"\"PASS: \"\"soft expansion is a Laurent series\"\n"
"From remote kernel:"
"\"PASS: \"\"soft series covers the requested pole order\"\n"
"From remote kernel:"
"\"PASS: \"\"soft coefficients contain no recoil variable\"\n"
"From remote kernel:"
"\"Pg\"\" real term \"31\"/\"187\"; memory = \"286820160\n"
"From remote kernel:"
"\"PASS: \"\"one mixed denominator is massive\"\n"
"From remote kernel:"
"\"PASS: \"\"ordinary real term is fully evaluated\"\n"
"From remote kernel:"
"\"PASS: \"\"massive angular denominator stays separated at the soft endpoint\"\n"
"From remote kernel:"
"\"PASS: \"\"soft expansion is a Laurent series\"\n"
"From remote kernel:"
"\"PASS: \"\"soft series covers the requested pole order\"\n"
"From remote kernel:"
"\"PASS: \"\"soft coefficients contain no recoil variable\"\n"
MONITOR_HEARTBEAT elapsed=30s rss=1684.0MiB peak=1685.1MiB
"From remote kernel:"
"\"PASS: \"\"massive angular denominator stays separated at the soft endpoint\"\n"
"From remote kernel:"
"\"PASS: \"\"soft expansion is a Laurent series\"\n"
"From remote kernel:"
"\"PASS: \"\"soft series covers the requested pole order\"\n"
"From remote kernel:"
"\"PASS: \"\"soft coefficients contain no recoil variable\"\n"
"From remote kernel:"
"\"Pg\"\" real term \"32\"/\"187\"; memory = \"285956520\n"
"From remote kernel:"
"\"PASS: \"\"ordinary real term is fully evaluated\"\n"
"From remote kernel:"
"\"PASS: \"\"massive angular denominator stays separated at the soft endpoint\"\n"
"From remote kernel:"
"\"PASS: \"\"soft expansion is a Laurent series\"\n"
"From remote kernel:"
"\"PASS: \"\"soft series covers the requested pole order\"\n"
"From remote kernel:"
"\"PASS: \"\"soft coefficients contain no recoil variable\"\n"
"From remote kernel:"
"\"PASS: \"\"massive angular denominator stays separated at the soft endpoint\"\n"
"From remote kernel:"
"\"PASS: \"\"soft expansion is a Laurent series\"\n"
"From remote kernel:"
"\"PASS: \"\"soft series covers the requested pole order\"\n"
"From remote kernel:"
"\"PASS: \"\"soft coefficients contain no recoil variable\"\n"
"From remote kernel:"
"\"Pg\"\" real term \"33\"/\"187\"; memory = \"285411424\n"
"From remote kernel:"
"\"PASS: \"\"soft expansion is a Laurent series\"\n"
"From remote kernel:"
"\"PASS: \"\"soft series covers the requested pole order\"\n"
"From remote kernel:"
"\"PASS: \"\"ordinary real term is fully evaluated\"\n"
"From remote kernel:"
"\"PASS: \"\"massive angular denominator stays separated at the soft endpoint\"\n"
"From remote kernel:"
"\"PASS: \"\"soft expansion is a Laurent series\"\n"
"From remote kernel:"
"\"PASS: \"\"ordinary real term is fully evaluated\"\n"
"From remote kernel:"
"\"PASS: \"\"soft series covers the requested pole order\"\n"
"From remote kernel:"
"\"PASS: \"\"massive angular denominator stays separated at the soft endpoint\"\n"
"From remote kernel:"
"\"PASS: \"\"mixed angular endpoint approach follows from its domain\"\n"
"From remote kernel:"
"\"PASS: \"\"inverted dilogarithm arguments are negative on the real domain\"\n"
"From remote kernel:"
"\"PASS: \"\"inverse hyperbolic logarithms preserve derivative and anchor\"\n"
"From remote kernel:"
"\"PASS: \"\"soft coefficients contain no recoil variable\"\n"
"From remote kernel:"
"\"PASS: \"\"massive angular denominator stays separated at the soft endpoint\"\n"
"From remote kernel:"
"\"PASS: \"\"soft coefficients contain no recoil variable\"\n"
"From remote kernel:"
"\"PASS: \"\"soft expansion is a Laurent series\"\n"
"From remote kernel:"
"\"Pg\"\" real term \"34\"/\"187\"; memory = \"283518688\n"
"From remote kernel:"
"\"PASS: \"\"soft series covers the requested pole order\"\n"
"From remote kernel:"
"\"PASS: \"\"one mixed denominator is massive\"\n"
"From remote kernel:"
"\"PASS: \"\"soft coefficients contain no recoil variable\"\n"
"From remote kernel:"
"\"Pg\"\" real term \"35\"/\"187\"; memory = \"285633896\n"
"From remote kernel:"
"\"PASS: \"\"ordinary real term is fully evaluated\"\n"
"From remote kernel:"
"\"PASS: \"\"soft expansion is a Laurent series\"\n"
"From remote kernel:"
"\"PASS: \"\"soft series covers the requested pole order\"\n"
"From remote kernel:"
"\"PASS: \"\"massive angular denominator stays separated at the soft endpoint\"\n"
"From remote kernel:"
"\"PASS: \"\"ordinary real term is fully evaluated\"\n"
"From remote kernel:"
"\"PASS: \"\"massive angular denominator stays separated at the soft endpoint\"\n"
"From remote kernel:"
"\"PASS: \"\"soft coefficients contain no recoil variable\"\n"
"From remote kernel:"
"\"PASS: \"\"soft expansion is a Laurent series\"\n"
"From remote kernel:"
"\"PASS: \"\"soft series covers the requested pole order\"\n"
"From remote kernel:"
"\"PASS: \"\"soft expansion is a Laurent series\"\n"
"From remote kernel:"
"\"PASS: \"\"soft series covers the requested pole order\"\n"
"From remote kernel:"
"\"PASS: \"\"soft coefficients contain no recoil variable\"\n"
"From remote kernel:"
"\"PASS: \"\"massive angular denominator stays separated at the soft endpoint\"\n"
"From remote kernel:"
"\"PASS: \"\"soft coefficients contain no recoil variable\"\n"
"From remote kernel:"
"\"PASS: \"\"mixed angular endpoint approach follows from its domain\"\n"
"From remote kernel:"
"\"PASS: \"\"inverted dilogarithm arguments are negative on the real domain\"\n"
"From remote kernel:"
"\"PASS: \"\"massive angular denominator stays separated at the soft endpoint\"\n"
"From remote kernel:"
"\"PASS: \"\"inverse hyperbolic logarithms preserve derivative and anchor\"\n"
"From remote kernel:"
"\"PASS: \"\"soft expansion is a Laurent series\"\n"
"From remote kernel:"
"\"PASS: \"\"soft series covers the requested pole order\"\n"
"From remote kernel:"
"\"PASS: \"\"massive angular denominator stays separated at the soft endpoint\"\n"
"From remote kernel:"
"\"PASS: \"\"soft coefficients contain no recoil variable\"\n"
"From remote kernel:"
"\"PASS: \"\"soft expansion is a Laurent series\"\n"
"From remote kernel:"
"\"PASS: \"\"soft series covers the requested pole order\"\n"
"From remote kernel:"
"\"Pg\"\" real term \"36\"/\"187\"; memory = \"285773664\n"
"From remote kernel:"
"\"PASS: \"\"ordinary real term is fully evaluated\"\n"
"From remote kernel:"
"\"PASS: \"\"massive angular denominator stays separated at the soft endpoint\"\n"
"From remote kernel:"
"\"PASS: \"\"soft coefficients contain no recoil variable\"\n"
"From remote kernel:"
"\"Pg\"\" real term \"37\"/\"187\"; memory = \"283793128\n"
"From remote kernel:"
"\"PASS: \"\"soft expansion is a Laurent series\"\n"
"From remote kernel:"
"\"PASS: \"\"soft series covers the requested pole order\"\n"
"From remote kernel:"
"\"PASS: \"\"ordinary real term is fully evaluated\"\n"
"From remote kernel:"
"\"PASS: \"\"massive angular denominator stays separated at the soft endpoint\"\n"
"From remote kernel:"
"\"PASS: \"\"soft expansion is a Laurent series\"\n"
"From remote kernel:"
"\"PASS: \"\"soft coefficients contain no recoil variable\"\n"
"From remote kernel:"
"\"PASS: \"\"soft series covers the requested pole order\"\n"
"From remote kernel:"
"\"PASS: \"\"massive angular denominator stays separated at the soft endpoint\"\n"
"From remote kernel:"
"\"PASS: \"\"soft expansion is a Laurent series\"\n"
"From remote kernel:"
"\"PASS: \"\"soft series covers the requested pole order\"\n"
"From remote kernel:"
"\"PASS: \"\"soft coefficients contain no recoil variable\"\n"
"From remote kernel:"
"\"PASS: \"\"massive angular denominator stays separated at the soft endpoint\"\n"
"From remote kernel:"
"\"PASS: \"\"soft coefficients contain no recoil variable\"\n"
"From remote kernel:"
"\"Pg\"\" real term \"38\"/\"187\"; memory = \"284868648\n"
"From remote kernel:"
"\"PASS: \"\"soft expansion is a Laurent series\"\n"
"From remote kernel:"
"\"PASS: \"\"soft series covers the requested pole order\"\n"
"From remote kernel:"
"\"PASS: \"\"ordinary real term is fully evaluated\"\n"
"From remote kernel:"
"\"PASS: \"\"massive angular denominator stays separated at the soft endpoint\"\n"
"From remote kernel:"
"\"PASS: \"\"soft coefficients contain no recoil variable\"\n"
"From remote kernel:"
"\"Pg\"\" real term \"39\"/\"187\"; memory = \"285747128\n"
"From remote kernel:"
"\"PASS: \"\"soft expansion is a Laurent series\"\n"
"From remote kernel:"
"\"PASS: \"\"soft series covers the requested pole order\"\n"
"From remote kernel:"
"\"PASS: \"\"ordinary real term is fully evaluated\"\n"
"From remote kernel:"
"\"PASS: \"\"massive angular denominator stays separated at the soft endpoint\"\n"
"From remote kernel:"
"\"PASS: \"\"soft coefficients contain no recoil variable\"\n"
"From remote kernel:"
"\"PASS: \"\"massive angular denominator stays separated at the soft endpoint\"\n"
"From remote kernel:"
"\"PASS: \"\"soft expansion is a Laurent series\"\n"
"From remote kernel:"
"\"PASS: \"\"soft expansion is a Laurent series\"\n"
"From remote kernel:"
"\"PASS: \"\"soft series covers the requested pole order\"\n"
"From remote kernel:"
"\"PASS: \"\"soft series covers the requested pole order\"\n"
"From remote kernel:"
"\"PASS: \"\"soft coefficients contain no recoil variable\"\n"
"From remote kernel:"
"\"PASS: \"\"soft coefficients contain no recoil variable\"\n"
"From remote kernel:"
"\"PASS: \"\"massive angular denominator stays separated at the soft endpoint\"\n"
"From remote kernel:"
"\"Pg\"\" real term \"40\"/\"187\"; memory = \"289392912\n"
"From remote kernel:"
"\"PASS: \"\"soft expansion is a Laurent series\"\n"
"From remote kernel:"
"\"PASS: \"\"soft series covers the requested pole order\"\n"
"From remote kernel:"
"\"PASS: \"\"soft coefficients contain no recoil variable\"\n"
"From remote kernel:"
"\"PASS: \"\"ordinary real term is fully evaluated\"\n"
"From remote kernel:"
"\"PASS: \"\"massive angular denominator stays separated at the soft endpoint\"\n"
"From remote kernel:"
"\"Pg\"\" real term \"41\"/\"187\"; memory = \"293117936\n"
"From remote kernel:"
"\"PASS: \"\"ordinary real term is fully evaluated\"\n"
"From remote kernel:"
"\"PASS: \"\"massive angular denominator stays separated at the soft endpoint\"\n"
"From remote kernel:"
"\"PASS: \"\"soft expansion is a Laurent series\"\n"
"From remote kernel:"
"\"PASS: \"\"soft expansion is a Laurent series\"\n"
"From remote kernel:"
"\"PASS: \"\"soft series covers the requested pole order\"\n"
"From remote kernel:"
"\"PASS: \"\"soft series covers the requested pole order\"\n"
"From remote kernel:"
"\"PASS: \"\"soft coefficients contain no recoil variable\"\n"
"From remote kernel:"
"\"PASS: \"\"massive angular denominator stays separated at the soft endpoint\"\n"
"From remote kernel:"
"\"PASS: \"\"soft coefficients contain no recoil variable\"\n"
"From remote kernel:"
"\"PASS: \"\"massive angular denominator stays separated at the soft endpoint\"\n"
"From remote kernel:"
"\"PASS: \"\"soft expansion is a Laurent series\"\n"
"From remote kernel:"
"\"PASS: \"\"soft series covers the requested pole order\"\n"
"From remote kernel:"
"\"PASS: \"\"soft expansion is a Laurent series\"\n"
"From remote kernel:"
"\"PASS: \"\"soft coefficients contain no recoil variable\"\n"
"From remote kernel:"
"\"PASS: \"\"soft series covers the requested pole order\"\n"
"From remote kernel:"
"\"Pg\"\" real term \"42\"/\"187\"; memory = \"293142864\n"
"From remote kernel:"
"\"PASS: \"\"soft coefficients contain no recoil variable\"\n"
"From remote kernel:"
"\"PASS: \"\"ordinary real term is fully evaluated\"\n"
"From remote kernel:"
"\"PASS: \"\"massive angular denominator stays separated at the soft endpoint\"\n"
"From remote kernel:"
"\"Pg\"\" real term \"43\"/\"187\"; memory = \"220505776\n"
"From remote kernel:"
"\"PASS: \"\"soft expansion is a Laurent series\"\n"
"From remote kernel:"
"\"PASS: \"\"soft series covers the requested pole order\"\n"
"From remote kernel:"
"\"PASS: \"\"soft coefficients contain no recoil variable\"\n"
"From remote kernel:"
"\"PASS: \"\"soft expansion is a Laurent series\"\n"
"From remote kernel:"
"\"PASS: \"\"soft series covers the requested pole order\"\n"
"From remote kernel:"
"\"PASS: \"\"massive angular denominator stays separated at the soft endpoint\"\n"
"From remote kernel:"
"\"PASS: \"\"ordinary real term is fully evaluated\"\n"
"From remote kernel:"
"\"PASS: \"\"soft expansion is a Laurent series\"\n"
"From remote kernel:"
"\"PASS: \"\"soft series covers the requested pole order\"\n"
"From remote kernel:"
"\"PASS: \"\"massive angular denominator stays separated at the soft endpoint\"\n"
"From remote kernel:"
"\"PASS: \"\"soft expansion is a Laurent series\"\n"
"From remote kernel:"
"\"PASS: \"\"soft series covers the requested pole order\"\n"
"From remote kernel:"
"\"PASS: \"\"soft coefficients contain no recoil variable\"\n"
"From remote kernel:"
"\"PASS: \"\"soft coefficients contain no recoil variable\"\n"
"From remote kernel:"
"\"Pg\"\" real term \"44\"/\"187\"; memory = \"295398296\n"
"From remote kernel:"
"\"PASS: \"\"soft expansion is a Laurent series\"\n"
"From remote kernel:"
"\"PASS: \"\"soft series covers the requested pole order\"\n"
"From remote kernel:"
"\"PASS: \"\"soft coefficients contain no recoil variable\"\n"
"From remote kernel:"
"\"PASS: \"\"massive angular denominator stays separated at the soft endpoint\"\n"
"From remote kernel:"
"\"PASS: \"\"mixed angular endpoint approach follows from its domain\"\n"
"From remote kernel:"
"\"PASS: \"\"inverted dilogarithm arguments are negative on the real domain\"\n"
"From remote kernel:"
"\"PASS: \"\"inverse hyperbolic logarithms preserve derivative and anchor\"\n"
"From remote kernel:"
"\"Pg\"\" real term \"45\"/\"187\"; memory = \"220561112\n"
"From remote kernel:"
"\"PASS: \"\"soft coefficients contain no recoil variable\"\n"
"From remote kernel:"
"\"PASS: \"\"ordinary real term is fully evaluated\"\n"
"From remote kernel:"
"\"PASS: \"\"one mixed denominator is massive\"\n"
"From remote kernel:"
"\"PASS: \"\"massive angular denominator stays separated at the soft endpoint\"\n"
"From remote kernel:"
"\"PASS: \"\"massive angular denominator stays separated at the soft endpoint\"\n"
"From remote kernel:"
"\"PASS: \"\"soft expansion is a Laurent series\"\n"
"From remote kernel:"
"\"PASS: \"\"soft series covers the requested pole order\"\n"
"From remote kernel:"
"\"PASS: \"\"ordinary real term is fully evaluated\"\n"
"From remote kernel:"
"\"PASS: \"\"soft coefficients contain no recoil variable\"\n"
"From remote kernel:"
"\"Pg\"\" real term \"46\"/\"187\"; memory = \"234565880\n"
"From remote kernel:"
"\"PASS: \"\"ordinary real term is fully evaluated\"\n"
"From remote kernel:"
"\"PASS: \"\"massive angular denominator stays separated at the soft endpoint\"\n"
"From remote kernel:"
"\"PASS: \"\"soft expansion is a Laurent series\"\n"
"From remote kernel:"
"\"PASS: \"\"soft series covers the requested pole order\"\n"
"From remote kernel:"
"\"PASS: \"\"massive angular denominator stays separated at the soft endpoint\"\n"
"From remote kernel:"
"\"PASS: \"\"soft expansion is a Laurent series\"\n"
"From remote kernel:"
"\"PASS: \"\"soft series covers the requested pole order\"\n"
"From remote kernel:"
"\"PASS: \"\"soft coefficients contain no recoil variable\"\n"
"From remote kernel:"
"\"PASS: \"\"massive angular denominator stays separated at the soft endpoint\"\n"
"From remote kernel:"
"\"PASS: \"\"soft coefficients contain no recoil variable\"\n"
"From remote kernel:"
"\"PASS: \"\"soft expansion is a Laurent series\"\n"
"From remote kernel:"
"\"PASS: \"\"soft series covers the requested pole order\"\n"
"From remote kernel:"
"\"PASS: \"\"soft expansion is a Laurent series\"\n"
"From remote kernel:"
"\"PASS: \"\"soft series covers the requested pole order\"\n"
"From remote kernel:"
"\"PASS: \"\"soft coefficients contain no recoil variable\"\n"
"From remote kernel:"
"\"PASS: \"\"soft coefficients contain no recoil variable\"\n"
"From remote kernel:"
"\"PASS: \"\"massive angular denominator stays separated at the soft endpoint\"\n"
"From remote kernel:"
"\"Pg\"\" real term \"47\"/\"187\"; memory = \"238429232\n"
"From remote kernel:"
"\"PASS: \"\"ordinary real term is fully evaluated\"\n"
"From remote kernel:"
"\"PASS: \"\"massive angular denominator stays separated at the soft endpoint\"\n"
"From remote kernel:"
"\"PASS: \"\"soft expansion is a Laurent series\"\n"
"From remote kernel:"
"\"PASS: \"\"soft series covers the requested pole order\"\n"
"From remote kernel:"
"\"PASS: \"\"soft coefficients contain no recoil variable\"\n"
"From remote kernel:"
"\"PASS: \"\"massive angular denominator stays separated at the soft endpoint\"\n"
"From remote kernel:"
"\"PASS: \"\"soft expansion is a Laurent series\"\n"
"From remote kernel:"
"\"PASS: \"\"soft series covers the requested pole order\"\n"
"From remote kernel:"
"\"PASS: \"\"soft coefficients contain no recoil variable\"\n"
"From remote kernel:"
"\"Pg\"\" real term \"48\"/\"187\"; memory = \"239360336\n"
"From remote kernel:"
"\"PASS: \"\"massive angular denominator stays separated at the soft endpoint\"\n"
"From remote kernel:"
"\"PASS: \"\"ordinary real term is fully evaluated\"\n"
"From remote kernel:"
"\"PASS: \"\"massive angular denominator stays separated at the soft endpoint\"\n"
"From remote kernel:"
"\"PASS: \"\"soft expansion is a Laurent series\"\n"
"From remote kernel:"
"\"PASS: \"\"soft expansion is a Laurent series\"\n"
"From remote kernel:"
"\"PASS: \"\"soft series covers the requested pole order\"\n"
"From remote kernel:"
"\"PASS: \"\"soft series covers the requested pole order\"\n"
"From remote kernel:"
"\"PASS: \"\"soft expansion is a Laurent series\"\n"
"From remote kernel:"
"\"PASS: \"\"soft series covers the requested pole order\"\n"
"From remote kernel:"
"\"PASS: \"\"soft coefficients contain no recoil variable\"\n"
"From remote kernel:"
"\"PASS: \"\"massive angular denominator stays separated at the soft endpoint\"\n"
"From remote kernel:"
"\"PASS: \"\"soft coefficients contain no recoil variable\"\n"
"From remote kernel:"
"\"Pg\"\" real term \"49\"/\"187\"; memory = \"235010056\n"
"From remote kernel:"
"\"PASS: \"\"soft coefficients contain no recoil variable\"\n"
"From remote kernel:"
"\"PASS: \"\"soft expansion is a Laurent series\"\n"
"From remote kernel:"
"\"PASS: \"\"soft series covers the requested pole order\"\n"
"From remote kernel:"
"\"Pg\"\" real term \"50\"/\"187\"; memory = \"304421472\n"
"From remote kernel:"
"\"PASS: \"\"soft coefficients contain no recoil variable\"\n"
"From remote kernel:"
"\"Pg\"\" real term \"51\"/\"187\"; memory = \"245404024\n"
"From remote kernel:"
"\"PASS: \"\"ordinary real term is fully evaluated\"\n"
"From remote kernel:"
"\"PASS: \"\"massive angular denominator stays separated at the soft endpoint\"\n"
"From remote kernel:"
"\"PASS: \"\"ordinary real term is fully evaluated\"\n"
"From remote kernel:"
"\"PASS: \"\"soft expansion is a Laurent series\"\n"
"From remote kernel:"
"\"PASS: \"\"soft series covers the requested pole order\"\n"
"From remote kernel:"
"\"PASS: \"\"massive angular denominator stays separated at the soft endpoint\"\n"
"From remote kernel:"
"\"PASS: \"\"ordinary real term is fully evaluated\"\n"
"From remote kernel:"
"\"PASS: \"\"soft coefficients contain no recoil variable\"\n"
"From remote kernel:"
"\"PASS: \"\"massive angular denominator stays separated at the soft endpoint\"\n"
"From remote kernel:"
"\"PASS: \"\"massive angular denominator stays separated at the soft endpoint\"\n"
"From remote kernel:"
"\"PASS: \"\"soft expansion is a Laurent series\"\n"
"From remote kernel:"
"\"PASS: \"\"soft series covers the requested pole order\"\n"
"From remote kernel:"
"\"PASS: \"\"soft expansion is a Laurent series\"\n"
"From remote kernel:"
"\"PASS: \"\"soft series covers the requested pole order\"\n"
"From remote kernel:"
"\"PASS: \"\"soft expansion is a Laurent series\"\n"
"From remote kernel:"
"\"PASS: \"\"soft series covers the requested pole order\"\n"
"From remote kernel:"
"\"PASS: \"\"soft coefficients contain no recoil variable\"\n"
"From remote kernel:"
"\"Pg\"\" real term \"52\"/\"187\"; memory = \"247719504\n"
"From remote kernel:"
"\"PASS: \"\"soft coefficients contain no recoil variable\"\n"
"From remote kernel:"
"\"PASS: \"\"soft coefficients contain no recoil variable\"\n"
"From remote kernel:"
"\"PASS: \"\"massive angular denominator stays separated at the soft endpoint\"\n"
"From remote kernel:"
"\"PASS: \"\"ordinary real term is fully evaluated\"\n"
"From remote kernel:"
"\"PASS: \"\"massive angular denominator stays separated at the soft endpoint\"\n"
"From remote kernel:"
"\"PASS: \"\"massive angular denominator stays separated at the soft endpoint\"\n"
"From remote kernel:"
"\"PASS: \"\"soft expansion is a Laurent series\"\n"
"From remote kernel:"
"\"PASS: \"\"soft series covers the requested pole order\"\n"
"From remote kernel:"
"\"PASS: \"\"soft expansion is a Laurent series\"\n"
"From remote kernel:"
"\"PASS: \"\"soft series covers the requested pole order\"\n"
"From remote kernel:"
"\"PASS: \"\"soft coefficients contain no recoil variable\"\n"
"From remote kernel:"
"\"PASS: \"\"soft expansion is a Laurent series\"\n"
"From remote kernel:"
"\"PASS: \"\"soft series covers the requested pole order\"\n"
"From remote kernel:"
"\"PASS: \"\"massive angular denominator stays separated at the soft endpoint\"\n"
"From remote kernel:"
"\"PASS: \"\"soft coefficients contain no recoil variable\"\n"
"From remote kernel:"
"\"Pg\"\" real term \"53\"/\"187\"; memory = \"261201072\n"
"From remote kernel:"
"\"PASS: \"\"ordinary real term is fully evaluated\"\n"
"From remote kernel:"
"\"PASS: \"\"massive angular denominator stays separated at the soft endpoint\"\n"
"From remote kernel:"
"\"PASS: \"\"soft expansion is a Laurent series\"\n"
"From remote kernel:"
"\"PASS: \"\"soft series covers the requested pole order\"\n"
"From remote kernel:"
"\"PASS: \"\"soft coefficients contain no recoil variable\"\n"
"From remote kernel:"
"\"PASS: \"\"soft coefficients contain no recoil variable\"\n"
"From remote kernel:"
"\"PASS: \"\"soft expansion is a Laurent series\"\n"
"From remote kernel:"
"\"PASS: \"\"massive angular denominator stays separated at the soft endpoint\"\n"
"From remote kernel:"
"\"PASS: \"\"soft series covers the requested pole order\"\n"
"From remote kernel:"
"\"PASS: \"\"soft expansion is a Laurent series\"\n"
"From remote kernel:"
"\"PASS: \"\"soft coefficients contain no recoil variable\"\n"
"From remote kernel:"
"\"PASS: \"\"soft series covers the requested pole order\"\n"
"From remote kernel:"
"\"Pg\"\" real term \"54\"/\"187\"; memory = \"259620544\n"
"From remote kernel:"
"\"PASS: \"\"soft coefficients contain no recoil variable\"\n"
"From remote kernel:"
"\"Pg\"\" real term \"55\"/\"187\"; memory = \"262821440\n"
"From remote kernel:"
"\"Pg\"\" real term \"56\"/\"187\"; memory = \"220675016\n"
"From remote kernel:"
"\"PASS: \"\"soft expansion is a Laurent series\"\n"
"From remote kernel:"
"\"PASS: \"\"soft series covers the requested pole order\"\n"
"From remote kernel:"
"\"PASS: \"\"soft coefficients contain no recoil variable\"\n"
"From remote kernel:"
"\"Pg\"\" real term \"57\"/\"187\"; memory = \"271959480\n"
"From remote kernel:"
"\"PASS: \"\"one mixed denominator is massive\"\n"
"From remote kernel:"
"\"PASS: \"\"ordinary real term is fully evaluated\"\n"
"From remote kernel:"
"\"PASS: \"\"massive angular denominator stays separated at the soft endpoint\"\n"
"From remote kernel:"
"\"PASS: \"\"mixed angular endpoint approach follows from its domain\"\n"
"From remote kernel:"
"\"PASS: \"\"inverted dilogarithm arguments are negative on the real domain\"\n"
"From remote kernel:"
"\"PASS: \"\"inverse hyperbolic logarithms preserve derivative and anchor\"\n"
"From remote kernel:"
"\"PASS: \"\"ordinary real term is fully evaluated\"\n"
"From remote kernel:"
"\"PASS: \"\"massive angular denominator stays separated at the soft endpoint\"\n"
"From remote kernel:"
"\"PASS: \"\"mixed angular endpoint approach follows from its domain\"\n"
"From remote kernel:"
"\"PASS: \"\"inverted dilogarithm arguments are negative on the real domain\"\n"
"From remote kernel:"
"\"PASS: \"\"inverse hyperbolic logarithms preserve derivative and anchor\"\n"
"From remote kernel:"
"\"PASS: \"\"soft expansion is a Laurent series\"\n"
"From remote kernel:"
"\"PASS: \"\"soft series covers the requested pole order\"\n"
"From remote kernel:"
"\"PASS: \"\"soft coefficients contain no recoil variable\"\n"
"From remote kernel:"
"\"PASS: \"\"massive angular denominator stays separated at the soft endpoint\"\n"
"From remote kernel:"
"\"PASS: \"\"mixed angular endpoint approach follows from its domain\"\n"
"From remote kernel:"
"\"PASS: \"\"inverted dilogarithm arguments are negative on the real domain\"\n"
"From remote kernel:"
"\"PASS: \"\"inverse hyperbolic logarithms preserve derivative and anchor\"\n"
"From remote kernel:"
"\"PASS: \"\"soft expansion is a Laurent series\"\n"
"From remote kernel:"
"\"PASS: \"\"soft series covers the requested pole order\"\n"
"From remote kernel:"
"\"PASS: \"\"ordinary real term is fully evaluated\"\n"
"From remote kernel:"
"\"PASS: \"\"massive angular denominator stays separated at the soft endpoint\"\n"
"From remote kernel:"
"\"PASS: \"\"mixed angular endpoint approach follows from its domain\"\n"
"From remote kernel:"
"\"PASS: \"\"inverted dilogarithm arguments are negative on the real domain\"\n"
"From remote kernel:"
"\"PASS: \"\"inverse hyperbolic logarithms preserve derivative and anchor\"\n"
"From remote kernel:"
"\"PASS: \"\"soft coefficients contain no recoil variable\"\n"
"From remote kernel:"
"\"PASS: \"\"massive angular denominator stays separated at the soft endpoint\"\n"
"From remote kernel:"
"\"PASS: \"\"mixed angular endpoint approach follows from its domain\"\n"
"From remote kernel:"
"\"PASS: \"\"inverted dilogarithm arguments are negative on the real domain\"\n"
"From remote kernel:"
"\"PASS: \"\"inverse hyperbolic logarithms preserve derivative and anchor\"\n"
"From remote kernel:"
"\"PASS: \"\"soft expansion is a Laurent series\"\n"
"From remote kernel:"
"\"PASS: \"\"soft series covers the requested pole order\"\n"
"From remote kernel:"
"\"PASS: \"\"soft coefficients contain no recoil variable\"\n"
"From remote kernel:"
"\"Pg\"\" real term \"58\"/\"187\"; memory = \"291238168\n"
"From remote kernel:"
"\"PASS: \"\"ordinary real term is fully evaluated\"\n"
"From remote kernel:"
"\"PASS: \"\"massive angular denominator stays separated at the soft endpoint\"\n"
"From remote kernel:"
"\"PASS: \"\"mixed angular endpoint approach follows from its domain\"\n"
"From remote kernel:"
"\"PASS: \"\"inverted dilogarithm arguments are negative on the real domain\"\n"
"From remote kernel:"
"\"PASS: \"\"inverse hyperbolic logarithms preserve derivative and anchor\"\n"
"From remote kernel:"
"\"PASS: \"\"soft expansion is a Laurent series\"\n"
"From remote kernel:"
"\"PASS: \"\"soft series covers the requested pole order\"\n"
"From remote kernel:"
"\"PASS: \"\"soft expansion is a Laurent series\"\n"
"From remote kernel:"
"\"PASS: \"\"soft series covers the requested pole order\"\n"
"From remote kernel:"
"\"PASS: \"\"soft coefficients contain no recoil variable\"\n"
"From remote kernel:"
"\"PASS: \"\"massive angular denominator stays separated at the soft endpoint\"\n"
"From remote kernel:"
"\"PASS: \"\"mixed angular endpoint approach follows from its domain\"\n"
"From remote kernel:"
"\"PASS: \"\"inverted dilogarithm arguments are negative on the real domain\"\n"
"From remote kernel:"
"\"PASS: \"\"inverse hyperbolic logarithms preserve derivative and anchor\"\n"
"From remote kernel:"
"\"PASS: \"\"soft coefficients contain no recoil variable\"\n"
"From remote kernel:"
"\"Pg\"\" real term \"59\"/\"187\"; memory = \"270534992\n"
"From remote kernel:"
"\"PASS: \"\"ordinary real term is fully evaluated\"\n"
"From remote kernel:"
"\"PASS: \"\"massive angular denominator stays separated at the soft endpoint\"\n"
"From remote kernel:"
"\"PASS: \"\"mixed angular endpoint approach follows from its domain\"\n"
"From remote kernel:"
"\"PASS: \"\"inverted dilogarithm arguments are negative on the real domain\"\n"
"From remote kernel:"
"\"PASS: \"\"inverse hyperbolic logarithms preserve derivative and anchor\"\n"
"From remote kernel:"
"\"PASS: \"\"soft expansion is a Laurent series\"\n"
"From remote kernel:"
"\"PASS: \"\"soft series covers the requested pole order\"\n"
"From remote kernel:"
"\"PASS: \"\"soft coefficients contain no recoil variable\"\n"
"From remote kernel:"
"\"PASS: \"\"massive angular denominator stays separated at the soft endpoint\"\n"
"From remote kernel:"
"\"PASS: \"\"mixed angular endpoint approach follows from its domain\"\n"
"From remote kernel:"
"\"PASS: \"\"inverted dilogarithm arguments are negative on the real domain\"\n"
"From remote kernel:"
"\"PASS: \"\"inverse hyperbolic logarithms preserve derivative and anchor\"\n"
"From remote kernel:"
"\"PASS: \"\"soft expansion is a Laurent series\"\n"
"From remote kernel:"
"\"PASS: \"\"soft series covers the requested pole order\"\n"
"From remote kernel:"
"\"PASS: \"\"soft coefficients contain no recoil variable\"\n"
"From remote kernel:"
"\"PASS: \"\"massive angular denominator stays separated at the soft endpoint\"\n"
"From remote kernel:"
"\"PASS: \"\"mixed angular endpoint approach follows from its domain\"\n"
"From remote kernel:"
"\"PASS: \"\"inverted dilogarithm arguments are negative on the real domain\"\n"
"From remote kernel:"
"\"PASS: \"\"inverse hyperbolic logarithms preserve derivative and anchor\"\n"
"From remote kernel:"
"\"PASS: \"\"soft expansion is a Laurent series\"\n"
"From remote kernel:"
"\"PASS: \"\"soft series covers the requested pole order\"\n"
"From remote kernel:"
"\"PASS: \"\"soft expansion is a Laurent series\"\n"
"From remote kernel:"
"\"PASS: \"\"soft series covers the requested pole order\"\n"
"From remote kernel:"
"\"PASS: \"\"soft coefficients contain no recoil variable\"\n"
"From remote kernel:"
"\"Pg\"\" real term \"60\"/\"187\"; memory = \"303768632\n"
"From remote kernel:"
"\"PASS: \"\"soft coefficients contain no recoil variable\"\n"
"From remote kernel:"
"\"Pg\"\" real term \"61\"/\"187\"; memory = \"300872376\n"
"From remote kernel:"
"\"PASS: \"\"ordinary real term is fully evaluated\"\n"
"From remote kernel:"
"\"PASS: \"\"massive angular denominator stays separated at the soft endpoint\"\n"
"From remote kernel:"
"\"PASS: \"\"soft expansion is a Laurent series\"\n"
"From remote kernel:"
"\"PASS: \"\"soft series covers the requested pole order\"\n"
"From remote kernel:"
"\"PASS: \"\"soft coefficients contain no recoil variable\"\n"
"From remote kernel:"
"\"PASS: \"\"massive angular denominator stays separated at the soft endpoint\"\n"
"From remote kernel:"
"\"PASS: \"\"ordinary real term is fully evaluated\"\n"
"From remote kernel:"
"\"PASS: \"\"massive angular denominator stays separated at the soft endpoint\"\n"
"From remote kernel:"
"\"PASS: \"\"soft expansion is a Laurent series\"\n"
"From remote kernel:"
"\"PASS: \"\"soft series covers the requested pole order\"\n"
"From remote kernel:"
"\"PASS: \"\"soft expansion is a Laurent series\"\n"
"From remote kernel:"
"\"PASS: \"\"soft series covers the requested pole order\"\n"
"From remote kernel:"
"\"PASS: \"\"soft coefficients contain no recoil variable\"\n"
"From remote kernel:"
"\"PASS: \"\"soft coefficients contain no recoil variable\"\n"
"From remote kernel:"
"\"PASS: \"\"massive angular denominator stays separated at the soft endpoint\"\n"
"From remote kernel:"
"\"PASS: \"\"soft expansion is a Laurent series\"\n"
"From remote kernel:"
"\"PASS: \"\"soft series covers the requested pole order\"\n"
"From remote kernel:"
"\"PASS: \"\"soft coefficients contain no recoil variable\"\n"
"From remote kernel:"
"\"Pg\"\" real term \"62\"/\"187\"; memory = \"220742040\n"
"From remote kernel:"
"\"Pg\"\" real term \"63\"/\"187\"; memory = \"301266040\n"
"From remote kernel:"
"\"PASS: \"\"ordinary real term is fully evaluated\"\n"
"From remote kernel:"
"\"PASS: \"\"massive angular denominator stays separated at the soft endpoint\"\n"
"From remote kernel:"
"\"PASS: \"\"ordinary real term is fully evaluated\"\n"
"From remote kernel:"
"\"PASS: \"\"soft expansion is a Laurent series\"\n"
"From remote kernel:"
"\"PASS: \"\"massive angular denominator stays separated at the soft endpoint\"\n"
"From remote kernel:"
"\"PASS: \"\"soft series covers the requested pole order\"\n"
"From remote kernel:"
"\"PASS: \"\"soft expansion is a Laurent series\"\n"
"From remote kernel:"
"\"PASS: \"\"massive angular denominator stays separated at the soft endpoint\"\n"
"From remote kernel:"
"\"PASS: \"\"soft series covers the requested pole order\"\n"
"From remote kernel:"
"\"PASS: \"\"soft expansion is a Laurent series\"\n"
"From remote kernel:"
"\"PASS: \"\"massive angular denominator stays separated at the soft endpoint\"\n"
"From remote kernel:"
"\"PASS: \"\"soft series covers the requested pole order\"\n"
"From remote kernel:"
"\"PASS: \"\"soft expansion is a Laurent series\"\n"
"From remote kernel:"
"\"PASS: \"\"soft series covers the requested pole order\"\n"
"From remote kernel:"
"\"Pg\"\" real term \"64\"/\"187\"; memory = \"301313624\n"
"From remote kernel:"
"\"Pg\"\" real term \"65\"/\"187\"; memory = \"221501816\n"
"From remote kernel:"
"\"PASS: \"\"ordinary real term is fully evaluated\"\n"
"From remote kernel:"
"\"PASS: \"\"massive angular denominator stays separated at the soft endpoint\"\n"
"From remote kernel:"
"\"PASS: \"\"soft expansion is a Laurent series\"\n"
"From remote kernel:"
"\"PASS: \"\"soft series covers the requested pole order\"\n"
"From remote kernel:"
"\"PASS: \"\"massive angular denominator stays separated at the soft endpoint\"\n"
"From remote kernel:"
"\"PASS: \"\"soft expansion is a Laurent series\"\n"
"From remote kernel:"
"\"PASS: \"\"soft series covers the requested pole order\"\n"
"From remote kernel:"
"\"Pg\"\" real term \"66\"/\"187\"; memory = \"301289048\n"
"From remote kernel:"
"\"PASS: \"\"ordinary real term is fully evaluated\"\n"
"From remote kernel:"
"\"PASS: \"\"massive angular denominator stays separated at the soft endpoint\"\n"
"From remote kernel:"
"\"PASS: \"\"mixed angular endpoint approach follows from its domain\"\n"
"From remote kernel:"
"\"PASS: \"\"inverted dilogarithm arguments are negative on the real domain\"\n"
"From remote kernel:"
"\"PASS: \"\"inverse hyperbolic logarithms preserve derivative and anchor\"\n"
"From remote kernel:"
"\"PASS: \"\"soft expansion is a Laurent series\"\n"
"From remote kernel:"
"\"PASS: \"\"soft series covers the requested pole order\"\n"
"From remote kernel:"
"\"PASS: \"\"massive angular denominator stays separated at the soft endpoint\"\n"
"From remote kernel:"
"\"PASS: \"\"mixed angular endpoint approach follows from its domain\"\n"
"From remote kernel:"
"\"PASS: \"\"inverted dilogarithm arguments are negative on the real domain\"\n"
"From remote kernel:"
"\"PASS: \"\"inverse hyperbolic logarithms preserve derivative and anchor\"\n"
"From remote kernel:"
"\"PASS: \"\"ordinary real term is fully evaluated\"\n"
"From remote kernel:"
"\"PASS: \"\"massive angular denominator stays separated at the soft endpoint\"\n"
"From remote kernel:"
"\"PASS: \"\"mixed angular endpoint approach follows from its domain\"\n"
"From remote kernel:"
"\"PASS: \"\"inverted dilogarithm arguments are negative on the real domain\"\n"
"From remote kernel:"
"\"PASS: \"\"inverse hyperbolic logarithms preserve derivative and anchor\"\n"
"From remote kernel:"
"\"PASS: \"\"soft expansion is a Laurent series\"\n"
"From remote kernel:"
"\"PASS: \"\"soft series covers the requested pole order\"\n"
"From remote kernel:"
"\"PASS: \"\"soft coefficients contain no recoil variable\"\n"
"From remote kernel:"
"\"Pg\"\" real term \"67\"/\"187\"; memory = \"280657240\n"
"From remote kernel:"
"\"PASS: \"\"ordinary real term is fully evaluated\"\n"
"From remote kernel:"
"\"PASS: \"\"massive angular denominator stays separated at the soft endpoint\"\n"
"From remote kernel:"
"\"PASS: \"\"soft expansion is a Laurent series\"\n"
"From remote kernel:"
"\"PASS: \"\"soft series covers the requested pole order\"\n"
"From remote kernel:"
"\"PASS: \"\"soft coefficients contain no recoil variable\"\n"
"From remote kernel:"
"\"PASS: \"\"massive angular denominator stays separated at the soft endpoint\"\n"
"From remote kernel:"
"\"PASS: \"\"mixed angular endpoint approach follows from its domain\"\n"
"From remote kernel:"
"\"PASS: \"\"inverted dilogarithm arguments are negative on the real domain\"\n"
"From remote kernel:"
"\"PASS: \"\"inverse hyperbolic logarithms preserve derivative and anchor\"\n"
"From remote kernel:"
"\"PASS: \"\"soft expansion is a Laurent series\"\n"
MONITOR_HEARTBEAT elapsed=61s rss=1752.3MiB peak=1752.3MiB
"From remote kernel:"
"\"PASS: \"\"soft series covers the requested pole order\"\n"
"From remote kernel:"
"\"PASS: \"\"massive angular denominator stays separated at the soft endpoint\"\n"
"From remote kernel:"
"\"PASS: \"\"soft expansion is a Laurent series\"\n"
"From remote kernel:"
"\"PASS: \"\"soft series covers the requested pole order\"\n"
"From remote kernel:"
"\"Pg\"\" real term \"68\"/\"187\"; memory = \"244432696\n"
"From remote kernel:"
"\"PASS: \"\"soft expansion is a Laurent series\"\n"
"From remote kernel:"
"\"PASS: \"\"soft series covers the requested pole order\"\n"
"From remote kernel:"
"\"Pg\"\" real term \"69\"/\"187\"; memory = \"287584840\n"
"From remote kernel:"
"\"PASS: \"\"soft expansion is a Laurent series\"\n"
"From remote kernel:"
"\"PASS: \"\"soft series covers the requested pole order\"\n"
"From remote kernel:"
"\"PASS: \"\"soft coefficients contain no recoil variable\"\n"
"From remote kernel:"
"\"Pg\"\" real term \"70\"/\"187\"; memory = \"309095792\n"
"From remote kernel:"
"\"PASS: \"\"ordinary real term is fully evaluated\"\n"
"From remote kernel:"
"\"PASS: \"\"massive angular denominator stays separated at the soft endpoint\"\n"
"From remote kernel:"
"\"PASS: \"\"mixed angular endpoint approach follows from its domain\"\n"
"From remote kernel:"
"\"PASS: \"\"inverted dilogarithm arguments are negative on the real domain\"\n"
"From remote kernel:"
"\"PASS: \"\"inverse hyperbolic logarithms preserve derivative and anchor\"\n"
"From remote kernel:"
"\"PASS: \"\"ordinary real term is fully evaluated\"\n"
"From remote kernel:"
"\"PASS: \"\"massive angular denominator stays separated at the soft endpoint\"\n"
"From remote kernel:"
"\"PASS: \"\"mixed angular endpoint approach follows from its domain\"\n"
"From remote kernel:"
"\"PASS: \"\"inverted dilogarithm arguments are negative on the real domain\"\n"
"From remote kernel:"
"\"PASS: \"\"inverse hyperbolic logarithms preserve derivative and anchor\"\n"
"From remote kernel:"
"\"PASS: \"\"soft expansion is a Laurent series\"\n"
"From remote kernel:"
"\"PASS: \"\"soft series covers the requested pole order\"\n"
"From remote kernel:"
"\"PASS: \"\"massive angular denominator stays separated at the soft endpoint\"\n"
"From remote kernel:"
"\"PASS: \"\"mixed angular endpoint approach follows from its domain\"\n"
"From remote kernel:"
"\"PASS: \"\"inverted dilogarithm arguments are negative on the real domain\"\n"
"From remote kernel:"
"\"PASS: \"\"inverse hyperbolic logarithms preserve derivative and anchor\"\n"
"From remote kernel:"
"\"PASS: \"\"soft expansion is a Laurent series\"\n"
"From remote kernel:"
"\"PASS: \"\"soft series covers the requested pole order\"\n"
"From remote kernel:"
"\"PASS: \"\"massive angular denominator stays separated at the soft endpoint\"\n"
"From remote kernel:"
"\"PASS: \"\"mixed angular endpoint approach follows from its domain\"\n"
"From remote kernel:"
"\"PASS: \"\"inverted dilogarithm arguments are negative on the real domain\"\n"
"From remote kernel:"
"\"PASS: \"\"inverse hyperbolic logarithms preserve derivative and anchor\"\n"
"From remote kernel:"
"\"PASS: \"\"soft expansion is a Laurent series\"\n"
"From remote kernel:"
"\"PASS: \"\"soft series covers the requested pole order\"\n"
"From remote kernel:"
"\"Pg\"\" real term \"71\"/\"187\"; memory = \"220879368\n"
"From remote kernel:"
"\"PASS: \"\"ordinary real term is fully evaluated\"\n"
"From remote kernel:"
"\"PASS: \"\"massive angular denominator stays separated at the soft endpoint\"\n"
"From remote kernel:"
"\"PASS: \"\"mixed angular endpoint approach follows from its domain\"\n"
"From remote kernel:"
"\"PASS: \"\"inverted dilogarithm arguments are negative on the real domain\"\n"
"From remote kernel:"
"\"PASS: \"\"inverse hyperbolic logarithms preserve derivative and anchor\"\n"
"From remote kernel:"
"\"PASS: \"\"ordinary real term is fully evaluated\"\n"
"From remote kernel:"
"\"PASS: \"\"massive angular denominator stays separated at the soft endpoint\"\n"
"From remote kernel:"
"\"PASS: \"\"mixed angular endpoint approach follows from its domain\"\n"
"From remote kernel:"
"\"PASS: \"\"inverted dilogarithm arguments are negative on the real domain\"\n"
"From remote kernel:"
"\"PASS: \"\"inverse hyperbolic logarithms preserve derivative and anchor\"\n"
"From remote kernel:"
"\"PASS: \"\"soft expansion is a Laurent series\"\n"
"From remote kernel:"
"\"PASS: \"\"soft series covers the requested pole order\"\n"
"From remote kernel:"
"\"Pg\"\" real term \"72\"/\"187\"; memory = \"311736528\n"
"From remote kernel:"
"\"PASS: \"\"ordinary real term is fully evaluated\"\n"
"From remote kernel:"
"\"PASS: \"\"massive angular denominator stays separated at the soft endpoint\"\n"
"From remote kernel:"
"\"PASS: \"\"mixed angular endpoint approach follows from its domain\"\n"
"From remote kernel:"
"\"PASS: \"\"inverted dilogarithm arguments are negative on the real domain\"\n"
"From remote kernel:"
"\"PASS: \"\"inverse hyperbolic logarithms preserve derivative and anchor\"\n"
"From remote kernel:"
"\"PASS: \"\"soft expansion is a Laurent series\"\n"
"From remote kernel:"
"\"PASS: \"\"soft series covers the requested pole order\"\n"
"From remote kernel:"
"\"PASS: \"\"massive angular denominator stays separated at the soft endpoint\"\n"
"From remote kernel:"
"\"PASS: \"\"mixed angular endpoint approach follows from its domain\"\n"
"From remote kernel:"
"\"PASS: \"\"inverted dilogarithm arguments are negative on the real domain\"\n"
"From remote kernel:"
"\"PASS: \"\"inverse hyperbolic logarithms preserve derivative and anchor\"\n"
"From remote kernel:"
"\"PASS: \"\"soft expansion is a Laurent series\"\n"
"From remote kernel:"
"\"PASS: \"\"soft series covers the requested pole order\"\n"
"From remote kernel:"
"\"Pg\"\" real term \"73\"/\"187\"; memory = \"311557488\n"
"From remote kernel:"
"\"PASS: \"\"soft expansion is a Laurent series\"\n"
"From remote kernel:"
"\"PASS: \"\"soft series covers the requested pole order\"\n"
"From remote kernel:"
"\"PASS: \"\"massive angular denominator stays separated at the soft endpoint\"\n"
"From remote kernel:"
"\"PASS: \"\"mixed angular endpoint approach follows from its domain\"\n"
"From remote kernel:"
"\"PASS: \"\"inverted dilogarithm arguments are negative on the real domain\"\n"
"From remote kernel:"
"\"PASS: \"\"inverse hyperbolic logarithms preserve derivative and anchor\"\n"
"From remote kernel:"
"\"PASS: \"\"soft expansion is a Laurent series\"\n"
"From remote kernel:"
"\"PASS: \"\"soft series covers the requested pole order\"\n"
"From remote kernel:"
"\"PASS: \"\"massive angular denominator stays separated at the soft endpoint\"\n"
"From remote kernel:"
"\"PASS: \"\"mixed angular endpoint approach follows from its domain\"\n"
"From remote kernel:"
"\"PASS: \"\"inverted dilogarithm arguments are negative on the real domain\"\n"
"From remote kernel:"
"\"PASS: \"\"inverse hyperbolic logarithms preserve derivative and anchor\"\n"
"From remote kernel:"
"\"PASS: \"\"soft expansion is a Laurent series\"\n"
"From remote kernel:"
"\"PASS: \"\"soft series covers the requested pole order\"\n"
"From remote kernel:"
"\"Pg\"\" real term \"74\"/\"187\"; memory = \"232388184\n"
"From remote kernel:"
"\"PASS: \"\"soft expansion is a Laurent series\"\n"
"From remote kernel:"
"\"PASS: \"\"soft series covers the requested pole order\"\n"
"From remote kernel:"
"\"Pg\"\" real term \"75\"/\"187\"; memory = \"304046600\n"
"From remote kernel:"
"\"PASS: \"\"ordinary real term is fully evaluated\"\n"
"From remote kernel:"
"\"PASS: \"\"massive angular denominator stays separated at the soft endpoint\"\n"
"From remote kernel:"
"\"PASS: \"\"mixed angular endpoint approach follows from its domain\"\n"
"From remote kernel:"
"\"PASS: \"\"inverted dilogarithm arguments are negative on the real domain\"\n"
"From remote kernel:"
"\"PASS: \"\"inverse hyperbolic logarithms preserve derivative and anchor\"\n"
"From remote kernel:"
"\"PASS: \"\"ordinary real term is fully evaluated\"\n"
"From remote kernel:"
"\"PASS: \"\"massive angular denominator stays separated at the soft endpoint\"\n"
"From remote kernel:"
"\"PASS: \"\"mixed angular endpoint approach follows from its domain\"\n"
"From remote kernel:"
"\"PASS: \"\"inverted dilogarithm arguments are negative on the real domain\"\n"
"From remote kernel:"
"\"PASS: \"\"inverse hyperbolic logarithms preserve derivative and anchor\"\n"
"From remote kernel:"
"\"PASS: \"\"soft expansion is a Laurent series\"\n"
"From remote kernel:"
"\"PASS: \"\"soft series covers the requested pole order\"\n"
"From remote kernel:"
"\"PASS: \"\"massive angular denominator stays separated at the soft endpoint\"\n"
"From remote kernel:"
"\"PASS: \"\"mixed angular endpoint approach follows from its domain\"\n"
"From remote kernel:"
"\"PASS: \"\"inverted dilogarithm arguments are negative on the real domain\"\n"
"From remote kernel:"
"\"PASS: \"\"inverse hyperbolic logarithms preserve derivative and anchor\"\n"
"From remote kernel:"
"\"PASS: \"\"ordinary real term is fully evaluated\"\n"
"From remote kernel:"
"\"PASS: \"\"massive angular denominator stays separated at the soft endpoint\"\n"
"From remote kernel:"
"\"PASS: \"\"mixed angular endpoint approach follows from its domain\"\n"
"From remote kernel:"
"\"PASS: \"\"inverted dilogarithm arguments are negative on the real domain\"\n"
"From remote kernel:"
"\"PASS: \"\"inverse hyperbolic logarithms preserve derivative and anchor\"\n"
"From remote kernel:"
"\"PASS: \"\"soft expansion is a Laurent series\"\n"
"From remote kernel:"
"\"PASS: \"\"soft series covers the requested pole order\"\n"
"From remote kernel:"
"\"PASS: \"\"soft coefficients contain no recoil variable\"\n"
"From remote kernel:"
"\"PASS: \"\"massive angular denominator stays separated at the soft endpoint\"\n"
"From remote kernel:"
"\"PASS: \"\"mixed angular endpoint approach follows from its domain\"\n"
"From remote kernel:"
"\"PASS: \"\"inverted dilogarithm arguments are negative on the real domain\"\n"
"From remote kernel:"
"\"PASS: \"\"inverse hyperbolic logarithms preserve derivative and anchor\"\n"
"From remote kernel:"
"\"PASS: \"\"soft expansion is a Laurent series\"\n"
"From remote kernel:"
"\"PASS: \"\"soft series covers the requested pole order\"\n"
"From remote kernel:"
"\"Pg\"\" real term \"76\"/\"187\"; memory = \"330660704\n"
MONITOR_HEARTBEAT elapsed=91s rss=1901.6MiB peak=1902.2MiB
"From remote kernel:"
"\"PASS: \"\"soft expansion is a Laurent series\"\n"
"From remote kernel:"
"\"PASS: \"\"soft series covers the requested pole order\"\n"
"From remote kernel:"
"\"PASS: \"\"massive angular denominator stays separated at the soft endpoint\"\n"
"From remote kernel:"
"\"PASS: \"\"mixed angular endpoint approach follows from its domain\"\n"
"From remote kernel:"
"\"PASS: \"\"inverted dilogarithm arguments are negative on the real domain\"\n"
"From remote kernel:"
"\"PASS: \"\"inverse hyperbolic logarithms preserve derivative and anchor\"\n"
"From remote kernel:"
"\"PASS: \"\"soft expansion is a Laurent series\"\n"
"From remote kernel:"
"\"PASS: \"\"soft series covers the requested pole order\"\n"
"From remote kernel:"
"\"PASS: \"\"soft coefficients contain no recoil variable\"\n"
"From remote kernel:"
"\"Pg\"\" real term \"77\"/\"187\"; memory = \"329128312\n"
"From remote kernel:"
"\"PASS: \"\"ordinary real term is fully evaluated\"\n"
"From remote kernel:"
"\"PASS: \"\"massive angular denominator stays separated at the soft endpoint\"\n"
"From remote kernel:"
"\"PASS: \"\"mixed angular endpoint approach follows from its domain\"\n"
"From remote kernel:"
"\"PASS: \"\"inverted dilogarithm arguments are negative on the real domain\"\n"
"From remote kernel:"
"\"PASS: \"\"inverse hyperbolic logarithms preserve derivative and anchor\"\n"
"From remote kernel:"
"\"PASS: \"\"ordinary real term is fully evaluated\"\n"
"From remote kernel:"
"\"PASS: \"\"massive angular denominator stays separated at the soft endpoint\"\n"
"From remote kernel:"
"\"PASS: \"\"mixed angular endpoint approach follows from its domain\"\n"
"From remote kernel:"
"\"PASS: \"\"inverted dilogarithm arguments are negative on the real domain\"\n"
"From remote kernel:"
"\"PASS: \"\"inverse hyperbolic logarithms preserve derivative and anchor\"\n"
"From remote kernel:"
"\"PASS: \"\"soft expansion is a Laurent series\"\n"
"From remote kernel:"
"\"PASS: \"\"soft series covers the requested pole order\"\n"
"From remote kernel:"
"\"Pg\"\" real term \"78\"/\"187\"; memory = \"307519456\n"
"From remote kernel:"
"\"PASS: \"\"ordinary real term is fully evaluated\"\n"
"From remote kernel:"
"\"PASS: \"\"massive angular denominator stays separated at the soft endpoint\"\n"
"From remote kernel:"
"\"PASS: \"\"mixed angular endpoint approach follows from its domain\"\n"
"From remote kernel:"
"\"PASS: \"\"inverted dilogarithm arguments are negative on the real domain\"\n"
"From remote kernel:"
"\"PASS: \"\"inverse hyperbolic logarithms preserve derivative and anchor\"\n"
"From remote kernel:"
"\"PASS: \"\"soft expansion is a Laurent series\"\n"
"From remote kernel:"
"\"PASS: \"\"soft series covers the requested pole order\"\n"
"From remote kernel:"
"\"PASS: \"\"massive angular denominator stays separated at the soft endpoint\"\n"
"From remote kernel:"
"\"PASS: \"\"mixed angular endpoint approach follows from its domain\"\n"
"From remote kernel:"
"\"PASS: \"\"inverted dilogarithm arguments are negative on the real domain\"\n"
"From remote kernel:"
"\"PASS: \"\"inverse hyperbolic logarithms preserve derivative and anchor\"\n"
"From remote kernel:"
"\"PASS: \"\"soft expansion is a Laurent series\"\n"
"From remote kernel:"
"\"PASS: \"\"soft series covers the requested pole order\"\n"
"From remote kernel:"
"\"PASS: \"\"massive angular denominator stays separated at the soft endpoint\"\n"
"From remote kernel:"
"\"PASS: \"\"mixed angular endpoint approach follows from its domain\"\n"
"From remote kernel:"
"\"PASS: \"\"inverted dilogarithm arguments are negative on the real domain\"\n"
"From remote kernel:"
"\"PASS: \"\"inverse hyperbolic logarithms preserve derivative and anchor\"\n"
"From remote kernel:"
"\"PASS: \"\"soft expansion is a Laurent series\"\n"
"From remote kernel:"
"\"PASS: \"\"soft series covers the requested pole order\"\n"
"From remote kernel:"
"\"PASS: \"\"massive angular denominator stays separated at the soft endpoint\"\n"
"From remote kernel:"
"\"PASS: \"\"mixed angular endpoint approach follows from its domain\"\n"
"From remote kernel:"
"\"PASS: \"\"inverted dilogarithm arguments are negative on the real domain\"\n"
"From remote kernel:"
"\"PASS: \"\"inverse hyperbolic logarithms preserve derivative and anchor\"\n"
"From remote kernel:"
"\"PASS: \"\"soft expansion is a Laurent series\"\n"
"From remote kernel:"
"\"PASS: \"\"soft series covers the requested pole order\"\n"
"From remote kernel:"
"\"Pg\"\" real term \"79\"/\"187\"; memory = \"307798512\n"
"From remote kernel:"
"\"PASS: \"\"ordinary real term is fully evaluated\"\n"
"From remote kernel:"
"\"PASS: \"\"massive angular denominator stays separated at the soft endpoint\"\n"
"From remote kernel:"
"\"PASS: \"\"mixed angular endpoint approach follows from its domain\"\n"
"From remote kernel:"
"\"PASS: \"\"inverted dilogarithm arguments are negative on the real domain\"\n"
"From remote kernel:"
"\"PASS: \"\"inverse hyperbolic logarithms preserve derivative and anchor\"\n"
"From remote kernel:"
"\"PASS: \"\"soft expansion is a Laurent series\"\n"
"From remote kernel:"
"\"PASS: \"\"soft series covers the requested pole order\"\n"
"From remote kernel:"
"\"Pg\"\" real term \"80\"/\"187\"; memory = \"328540848\n"
"From remote kernel:"
"\"PASS: \"\"soft expansion is a Laurent series\"\n"
"From remote kernel:"
"\"PASS: \"\"soft series covers the requested pole order\"\n"
"From remote kernel:"
"\"PASS: \"\"massive angular denominator stays separated at the soft endpoint\"\n"
"From remote kernel:"
"\"PASS: \"\"mixed angular endpoint approach follows from its domain\"\n"
"From remote kernel:"
"\"PASS: \"\"inverted dilogarithm arguments are negative on the real domain\"\n"
"From remote kernel:"
"\"PASS: \"\"inverse hyperbolic logarithms preserve derivative and anchor\"\n"
"From remote kernel:"
"\"PASS: \"\"soft expansion is a Laurent series\"\n"
"From remote kernel:"
"\"PASS: \"\"soft series covers the requested pole order\"\n"
"From remote kernel:"
"\"Pg\"\" real term \"81\"/\"187\"; memory = \"338405488\n"
"From remote kernel:"
"\"PASS: \"\"ordinary real term is fully evaluated\"\n"
"From remote kernel:"
"\"PASS: \"\"endpoint valuation is rational\"\n"
"From remote kernel:"
"\"PASS: \"\"soft expansion is a Laurent series\"\n"
"From remote kernel:"
"\"PASS: \"\"soft series covers the requested pole order\"\n"
"From remote kernel:"
"\"PASS: \"\"ordinary real term is fully evaluated\"\n"
"From remote kernel:"
"\"PASS: \"\"massive angular denominator stays separated at the soft endpoint\"\n"
"From remote kernel:"
"\"PASS: \"\"mixed angular endpoint approach follows from its domain\"\n"
"From remote kernel:"
"\"PASS: \"\"inverted dilogarithm arguments are negative on the real domain\"\n"
"From remote kernel:"
"\"PASS: \"\"soft coefficients contain no recoil variable\"\n"
"From remote kernel:"
"\"PASS: \"\"inverse hyperbolic logarithms preserve derivative and anchor\"\n"
"From remote kernel:"
"\"PASS: \"\"endpoint valuation is rational\"\n"
"From remote kernel:"
"\"PASS: \"\"soft expansion is a Laurent series\"\n"
"From remote kernel:"
"\"PASS: \"\"soft series covers the requested pole order\"\n"
"From remote kernel:"
"\"PASS: \"\"soft coefficients contain no recoil variable\"\n"
"From remote kernel:"
"\"Pg\"\" real term \"82\"/\"187\"; memory = \"337764648\n"
"From remote kernel:"
"\"PASS: \"\"ordinary real term is fully evaluated\"\n"
"From remote kernel:"
"\"PASS: \"\"endpoint valuation is rational\"\n"
"From remote kernel:"
"\"PASS: \"\"soft expansion is a Laurent series\"\n"
"From remote kernel:"
"\"PASS: \"\"soft series covers the requested pole order\"\n"
"From remote kernel:"
"\"PASS: \"\"soft coefficients contain no recoil variable\"\n"
"From remote kernel:"
"\"PASS: \"\"endpoint valuation is rational\"\n"
"From remote kernel:"
"\"PASS: \"\"soft expansion is a Laurent series\"\n"
"From remote kernel:"
"\"PASS: \"\"soft series covers the requested pole order\"\n"
"From remote kernel:"
"\"PASS: \"\"soft coefficients contain no recoil variable\"\n"
"From remote kernel:"
"\"Pg\"\" real term \"83\"/\"187\"; memory = \"337996864\n"
"From remote kernel:"
"\"PASS: \"\"ordinary real term is fully evaluated\"\n"
"From remote kernel:"
"\"PASS: \"\"endpoint valuation is rational\"\n"
"From remote kernel:"
"\"PASS: \"\"soft expansion is a Laurent series\"\n"
"From remote kernel:"
"\"PASS: \"\"soft series covers the requested pole order\"\n"
"From remote kernel:"
"\"PASS: \"\"soft coefficients contain no recoil variable\"\n"
"From remote kernel:"
"\"PASS: \"\"endpoint valuation is rational\"\n"
"From remote kernel:"
"\"PASS: \"\"soft expansion is a Laurent series\"\n"
"From remote kernel:"
"\"PASS: \"\"soft series covers the requested pole order\"\n"
"From remote kernel:"
"\"PASS: \"\"soft coefficients contain no recoil variable\"\n"
"From remote kernel:"
"\"Pg\"\" real term \"84\"/\"187\"; memory = \"339330752\n"
"From remote kernel:"
"\"PASS: \"\"ordinary real term is fully evaluated\"\n"
"From remote kernel:"
"\"PASS: \"\"endpoint valuation is rational\"\n"
"From remote kernel:"
"\"PASS: \"\"soft expansion is a Laurent series\"\n"
"From remote kernel:"
"\"PASS: \"\"soft series covers the requested pole order\"\n"
"From remote kernel:"
"\"PASS: \"\"soft coefficients contain no recoil variable\"\n"
"From remote kernel:"
"\"PASS: \"\"endpoint valuation is rational\"\n"
"From remote kernel:"
"\"PASS: \"\"soft expansion is a Laurent series\"\n"
"From remote kernel:"
"\"PASS: \"\"soft series covers the requested pole order\"\n"
"From remote kernel:"
"\"PASS: \"\"soft coefficients contain no recoil variable\"\n"
"From remote kernel:"
"\"Pg\"\" real term \"85\"/\"187\"; memory = \"334361696\n"
"From remote kernel:"
"\"PASS: \"\"ordinary real term is fully evaluated\"\n"
"From remote kernel:"
"\"PASS: \"\"endpoint valuation is rational\"\n"
"From remote kernel:"
"\"PASS: \"\"soft expansion is a Laurent series\"\n"
"From remote kernel:"
"\"PASS: \"\"soft series covers the requested pole order\"\n"
"From remote kernel:"
"\"PASS: \"\"soft coefficients contain no recoil variable\"\n"
"From remote kernel:"
"\"PASS: \"\"endpoint valuation is rational\"\n"
"From remote kernel:"
"\"PASS: \"\"soft expansion is a Laurent series\"\n"
"From remote kernel:"
"\"PASS: \"\"soft series covers the requested pole order\"\n"
"From remote kernel:"
"\"PASS: \"\"soft coefficients contain no recoil variable\"\n"
"From remote kernel:"
"\"Pg\"\" real term \"86\"/\"187\"; memory = \"334310280\n"
"From remote kernel:"
"\"PASS: \"\"ordinary real term is fully evaluated\"\n"
"From remote kernel:"
"\"PASS: \"\"endpoint valuation is rational\"\n"
"From remote kernel:"
"\"PASS: \"\"soft expansion is a Laurent series\"\n"
"From remote kernel:"
"\"PASS: \"\"soft series covers the requested pole order\"\n"
"From remote kernel:"
"\"PASS: \"\"soft coefficients contain no recoil variable\"\n"
"From remote kernel:"
"\"PASS: \"\"endpoint valuation is rational\"\n"
"From remote kernel:"
"\"PASS: \"\"soft expansion is a Laurent series\"\n"
"From remote kernel:"
"\"PASS: \"\"soft series covers the requested pole order\"\n"
"From remote kernel:"
"\"PASS: \"\"soft coefficients contain no recoil variable\"\n"
"From remote kernel:"
"\"Pg\"\" real term \"87\"/\"187\"; memory = \"333769128\n"
"From remote kernel:"
"\"PASS: \"\"ordinary real term is fully evaluated\"\n"
"From remote kernel:"
"\"PASS: \"\"endpoint valuation is rational\"\n"
"From remote kernel:"
"\"PASS: \"\"soft expansion is a Laurent series\"\n"
"From remote kernel:"
"\"PASS: \"\"soft series covers the requested pole order\"\n"
"From remote kernel:"
"\"PASS: \"\"soft coefficients contain no recoil variable\"\n"
"From remote kernel:"
"\"PASS: \"\"endpoint valuation is rational\"\n"
"From remote kernel:"
"\"PASS: \"\"soft expansion is a Laurent series\"\n"
"From remote kernel:"
"\"PASS: \"\"soft series covers the requested pole order\"\n"
"From remote kernel:"
"\"PASS: \"\"soft coefficients contain no recoil variable\"\n"
"From remote kernel:"
"\"Pg\"\" real term \"88\"/\"187\"; memory = \"334669600\n"
"From remote kernel:"
"\"PASS: \"\"ordinary real term is fully evaluated\"\n"
"From remote kernel:"
"\"PASS: \"\"endpoint valuation is rational\"\n"
"From remote kernel:"
"\"PASS: \"\"soft expansion is a Laurent series\"\n"
"From remote kernel:"
"\"PASS: \"\"soft series covers the requested pole order\"\n"
"From remote kernel:"
"\"PASS: \"\"soft coefficients contain no recoil variable\"\n"
"From remote kernel:"
"\"PASS: \"\"endpoint valuation is rational\"\n"
"From remote kernel:"
"\"PASS: \"\"soft expansion is a Laurent series\"\n"
"From remote kernel:"
"\"PASS: \"\"soft series covers the requested pole order\"\n"
"From remote kernel:"
"\"PASS: \"\"soft expansion is a Laurent series\"\n"
"From remote kernel:"
"\"PASS: \"\"soft series covers the requested pole order\"\n"
"From remote kernel:"
"\"PASS: \"\"massive angular denominator stays separated at the soft endpoint\"\n"
"From remote kernel:"
"\"PASS: \"\"mixed angular endpoint approach follows from its domain\"\n"
"From remote kernel:"
"\"PASS: \"\"inverted dilogarithm arguments are negative on the real domain\"\n"
"From remote kernel:"
"\"PASS: \"\"inverse hyperbolic logarithms preserve derivative and anchor\"\n"
"From remote kernel:"
"\"PASS: \"\"soft coefficients contain no recoil variable\"\n"
"From remote kernel:"
"\"Pg\"\" real term \"89\"/\"187\"; memory = \"333125840\n"
"From remote kernel:"
"\"PASS: \"\"ordinary real term is fully evaluated\"\n"
"From remote kernel:"
"\"PASS: \"\"endpoint valuation is rational\"\n"
"From remote kernel:"
"\"PASS: \"\"soft expansion is a Laurent series\"\n"
"From remote kernel:"
"\"PASS: \"\"soft series covers the requested pole order\"\n"
"From remote kernel:"
"\"PASS: \"\"soft coefficients contain no recoil variable\"\n"
"From remote kernel:"
"\"PASS: \"\"endpoint valuation is rational\"\n"
"From remote kernel:"
"\"PASS: \"\"soft expansion is a Laurent series\"\n"
"From remote kernel:"
"\"PASS: \"\"soft series covers the requested pole order\"\n"
"From remote kernel:"
"\"PASS: \"\"soft coefficients contain no recoil variable\"\n"
"From remote kernel:"
"\"Pg\"\" real term \"90\"/\"187\"; memory = \"333513872\n"
"From remote kernel:"
"\"PASS: \"\"ordinary real term is fully evaluated\"\n"
"From remote kernel:"
"\"PASS: \"\"endpoint valuation is rational\"\n"
"From remote kernel:"
"\"PASS: \"\"soft expansion is a Laurent series\"\n"
"From remote kernel:"
"\"PASS: \"\"soft series covers the requested pole order\"\n"
"From remote kernel:"
"\"PASS: \"\"soft coefficients contain no recoil variable\"\n"
"From remote kernel:"
"\"PASS: \"\"endpoint valuation is rational\"\n"
"From remote kernel:"
"\"PASS: \"\"soft expansion is a Laurent series\"\n"
"From remote kernel:"
"\"PASS: \"\"soft series covers the requested pole order\"\n"
"From remote kernel:"
"\"PASS: \"\"soft coefficients contain no recoil variable\"\n"
"From remote kernel:"
"\"Pg\"\" real term \"91\"/\"187\"; memory = \"222334496\n"
"From remote kernel:"
"\"PASS: \"\"ordinary real term is fully evaluated\"\n"
"From remote kernel:"
"\"PASS: \"\"endpoint valuation is rational\"\n"
"From remote kernel:"
"\"PASS: \"\"soft expansion is a Laurent series\"\n"
"From remote kernel:"
"\"PASS: \"\"soft series covers the requested pole order\"\n"
"From remote kernel:"
"\"PASS: \"\"soft coefficients contain no recoil variable\"\n"
"From remote kernel:"
"\"PASS: \"\"endpoint valuation is rational\"\n"
"From remote kernel:"
"\"PASS: \"\"soft expansion is a Laurent series\"\n"
"From remote kernel:"
"\"PASS: \"\"soft series covers the requested pole order\"\n"
"From remote kernel:"
"\"PASS: \"\"soft coefficients contain no recoil variable\"\n"
"From remote kernel:"
"\"Pg\"\" real term \"92\"/\"187\"; memory = \"229734616\n"
"From remote kernel:"
"\"PASS: \"\"ordinary real term is fully evaluated\"\n"
"From remote kernel:"
"\"PASS: \"\"endpoint valuation is rational\"\n"
"From remote kernel:"
"\"PASS: \"\"soft expansion is a Laurent series\"\n"
"From remote kernel:"
"\"PASS: \"\"soft series covers the requested pole order\"\n"
"From remote kernel:"
"\"PASS: \"\"soft coefficients contain no recoil variable\"\n"
"From remote kernel:"
"\"PASS: \"\"endpoint valuation is rational\"\n"
"From remote kernel:"
"\"PASS: \"\"soft expansion is a Laurent series\"\n"
"From remote kernel:"
"\"PASS: \"\"soft series covers the requested pole order\"\n"
"From remote kernel:"
"\"PASS: \"\"soft coefficients contain no recoil variable\"\n"
"From remote kernel:"
"\"Pg\"\" real term \"93\"/\"187\"; memory = \"237661880\n"
"From remote kernel:"
"\"PASS: \"\"ordinary real term is fully evaluated\"\n"
"From remote kernel:"
"\"PASS: \"\"endpoint valuation is rational\"\n"
"From remote kernel:"
"\"PASS: \"\"soft expansion is a Laurent series\"\n"
"From remote kernel:"
"\"PASS: \"\"soft series covers the requested pole order\"\n"
"From remote kernel:"
"\"PASS: \"\"soft coefficients contain no recoil variable\"\n"
"From remote kernel:"
"\"PASS: \"\"endpoint valuation is rational\"\n"
"From remote kernel:"
"\"PASS: \"\"soft expansion is a Laurent series\"\n"
"From remote kernel:"
"\"PASS: \"\"soft series covers the requested pole order\"\n"
"From remote kernel:"
"\"PASS: \"\"soft coefficients contain no recoil variable\"\n"
"From remote kernel:"
"\"Pg\"\" real term \"94\"/\"187\"; memory = \"238952408\n"
"From remote kernel:"
"\"PASS: \"\"ordinary real term is fully evaluated\"\n"
"From remote kernel:"
"\"PASS: \"\"endpoint valuation is rational\"\n"
"From remote kernel:"
"\"PASS: \"\"soft expansion is a Laurent series\"\n"
"From remote kernel:"
"\"PASS: \"\"soft series covers the requested pole order\"\n"
"From remote kernel:"
"\"PASS: \"\"soft coefficients contain no recoil variable\"\n"
"From remote kernel:"
"\"PASS: \"\"endpoint valuation is rational\"\n"
"From remote kernel:"
"\"PASS: \"\"soft expansion is a Laurent series\"\n"
"From remote kernel:"
"\"PASS: \"\"soft series covers the requested pole order\"\n"
"From remote kernel:"
"\"PASS: \"\"soft coefficients contain no recoil variable\"\n"
"From remote kernel:"
"\"Pg\"\" real term \"95\"/\"187\"; memory = \"242715864\n"
"From remote kernel:"
"\"PASS: \"\"ordinary real term is fully evaluated\"\n"
"From remote kernel:"
"\"PASS: \"\"endpoint valuation is rational\"\n"
"From remote kernel:"
"\"PASS: \"\"soft expansion is a Laurent series\"\n"
"From remote kernel:"
"\"PASS: \"\"soft series covers the requested pole order\"\n"
"From remote kernel:"
"\"Pg\"\" real term \"96\"/\"187\"; memory = \"311099168\n"
"From remote kernel:"
"\"PASS: \"\"soft expansion is a Laurent series\"\n"
"From remote kernel:"
"\"PASS: \"\"soft series covers the requested pole order\"\n"
"From remote kernel:"
"\"PASS: \"\"soft coefficients contain no recoil variable\"\n"
"From remote kernel:"
"\"PASS: \"\"ordinary real term is fully evaluated\"\n"
"From remote kernel:"
"\"PASS: \"\"endpoint valuation is rational\"\n"
"From remote kernel:"
"\"PASS: \"\"soft expansion is a Laurent series\"\n"
"From remote kernel:"
"\"PASS: \"\"endpoint valuation is rational\"\n"
"From remote kernel:"
"\"PASS: \"\"soft series covers the requested pole order\"\n"
"From remote kernel:"
"\"PASS: \"\"soft coefficients contain no recoil variable\"\n"
"From remote kernel:"
"\"Pg\"\" real term \"97\"/\"187\"; memory = \"248128072\n"
"From remote kernel:"
"\"PASS: \"\"soft expansion is a Laurent series\"\n"
"From remote kernel:"
"\"PASS: \"\"soft series covers the requested pole order\"\n"
"From remote kernel:"
"\"PASS: \"\"ordinary real term is fully evaluated\"\n"
"From remote kernel:"
"\"PASS: \"\"soft coefficients contain no recoil variable\"\n"
"From remote kernel:"
"\"PASS: \"\"endpoint valuation is rational\"\n"
"From remote kernel:"
"\"PASS: \"\"endpoint valuation is rational\"\n"
"From remote kernel:"
"\"PASS: \"\"soft expansion is a Laurent series\"\n"
"From remote kernel:"
"\"PASS: \"\"soft series covers the requested pole order\"\n"
"From remote kernel:"
"\"PASS: \"\"soft expansion is a Laurent series\"\n"
"From remote kernel:"
"\"PASS: \"\"soft series covers the requested pole order\"\n"
"From remote kernel:"
"\"PASS: \"\"soft coefficients contain no recoil variable\"\n"
"From remote kernel:"
"\"PASS: \"\"soft coefficients contain no recoil variable\"\n"
"From remote kernel:"
"\"Pg\"\" real term \"98\"/\"187\"; memory = \"317794472\n"
"From remote kernel:"
"\"PASS: \"\"endpoint valuation is rational\"\n"
"From remote kernel:"
"\"PASS: \"\"ordinary real term is fully evaluated\"\n"
"From remote kernel:"
"\"PASS: \"\"soft expansion is a Laurent series\"\n"
"From remote kernel:"
"\"PASS: \"\"soft series covers the requested pole order\"\n"
"From remote kernel:"
"\"PASS: \"\"endpoint valuation is rational\"\n"
"From remote kernel:"
"\"PASS: \"\"soft coefficients contain no recoil variable\"\n"
"From remote kernel:"
"\"Pg\"\" real term \"99\"/\"187\"; memory = \"261424360\n"
"From remote kernel:"
"\"PASS: \"\"ordinary real term is fully evaluated\"\n"
"From remote kernel:"
"\"PASS: \"\"endpoint valuation is rational\"\n"
"From remote kernel:"
"\"PASS: \"\"soft expansion is a Laurent series\"\n"
"From remote kernel:"
"\"PASS: \"\"soft series covers the requested pole order\"\n"
"From remote kernel:"
"\"PASS: \"\"soft expansion is a Laurent series\"\n"
"From remote kernel:"
"\"PASS: \"\"soft series covers the requested pole order\"\n"
"From remote kernel:"
"\"PASS: \"\"soft coefficients contain no recoil variable\"\n"
"From remote kernel:"
"\"PASS: \"\"endpoint valuation is rational\"\n"
"From remote kernel:"
"\"PASS: \"\"soft expansion is a Laurent series\"\n"
"From remote kernel:"
"\"PASS: \"\"soft series covers the requested pole order\"\n"
"From remote kernel:"
"\"PASS: \"\"soft coefficients contain no recoil variable\"\n"
"From remote kernel:"
"\"Pg\"\" real term \"100\"/\"187\"; memory = \"262343624\n"
"From remote kernel:"
"\"PASS: \"\"ordinary real term is fully evaluated\"\n"
"From remote kernel:"
"\"PASS: \"\"endpoint valuation is rational\"\n"
"From remote kernel:"
"\"PASS: \"\"soft expansion is a Laurent series\"\n"
"From remote kernel:"
"\"PASS: \"\"soft series covers the requested pole order\"\n"
"From remote kernel:"
"\"PASS: \"\"soft coefficients contain no recoil variable\"\n"
"From remote kernel:"
"\"PASS: \"\"soft coefficients contain no recoil variable\"\n"
"From remote kernel:"
"\"PASS: \"\"endpoint valuation is rational\"\n"
"From remote kernel:"
"\"PASS: \"\"endpoint valuation is rational\"\n"
"From remote kernel:"
"\"PASS: \"\"soft expansion is a Laurent series\"\n"
"From remote kernel:"
"\"PASS: \"\"soft series covers the requested pole order\"\n"
"From remote kernel:"
"\"PASS: \"\"soft coefficients contain no recoil variable\"\n"
"From remote kernel:"
"\"PASS: \"\"soft expansion is a Laurent series\"\n"
"From remote kernel:"
"\"PASS: \"\"soft series covers the requested pole order\"\n"
"From remote kernel:"
"\"Pg\"\" real term \"101\"/\"187\"; memory = \"222646136\n"
"From remote kernel:"
"\"PASS: \"\"ordinary real term is fully evaluated\"\n"
"From remote kernel:"
"\"PASS: \"\"endpoint valuation is rational\"\n"
"From remote kernel:"
"\"PASS: \"\"soft expansion is a Laurent series\"\n"
"From remote kernel:"
"\"PASS: \"\"soft series covers the requested pole order\"\n"
"From remote kernel:"
"\"PASS: \"\"soft coefficients contain no recoil variable\"\n"
"From remote kernel:"
"\"Pg\"\" real term \"102\"/\"187\"; memory = \"327631496\n"
"From remote kernel:"
"\"PASS: \"\"soft coefficients contain no recoil variable\"\n"
"From remote kernel:"
"\"PASS: \"\"endpoint valuation is rational\"\n"
"From remote kernel:"
"\"PASS: \"\"ordinary real term is fully evaluated\"\n"
"From remote kernel:"
"\"PASS: \"\"endpoint valuation is rational\"\n"
"From remote kernel:"
"\"PASS: \"\"soft expansion is a Laurent series\"\n"
"From remote kernel:"
"\"PASS: \"\"soft series covers the requested pole order\"\n"
"From remote kernel:"
"\"PASS: \"\"soft coefficients contain no recoil variable\"\n"
"From remote kernel:"
"\"PASS: \"\"soft expansion is a Laurent series\"\n"
"From remote kernel:"
"\"PASS: \"\"soft series covers the requested pole order\"\n"
"From remote kernel:"
"\"Pg\"\" real term \"103\"/\"187\"; memory = \"229885032\n"
"From remote kernel:"
"\"PASS: \"\"soft coefficients contain no recoil variable\"\n"
"From remote kernel:"
"\"PASS: \"\"endpoint valuation is rational\"\n"
"From remote kernel:"
"\"PASS: \"\"ordinary real term is fully evaluated\"\n"
"From remote kernel:"
"\"PASS: \"\"endpoint valuation is rational\"\n"
"From remote kernel:"
"\"PASS: \"\"soft expansion is a Laurent series\"\n"
"From remote kernel:"
"\"PASS: \"\"soft series covers the requested pole order\"\n"
"From remote kernel:"
"\"PASS: \"\"soft expansion is a Laurent series\"\n"
"From remote kernel:"
"\"PASS: \"\"soft series covers the requested pole order\"\n"
"From remote kernel:"
"\"PASS: \"\"soft coefficients contain no recoil variable\"\n"
"From remote kernel:"
"\"Pg\"\" real term \"104\"/\"187\"; memory = \"333473816\n"
"From remote kernel:"
"\"PASS: \"\"soft expansion is a Laurent series\"\n"
"From remote kernel:"
"\"PASS: \"\"soft series covers the requested pole order\"\n"
"From remote kernel:"
"\"Pg\"\" real term \"105\"/\"187\"; memory = \"221904248\n"
"From remote kernel:"
"\"PASS: \"\"soft coefficients contain no recoil variable\"\n"
"From remote kernel:"
"\"PASS: \"\"endpoint valuation is rational\"\n"
"From remote kernel:"
"\"PASS: \"\"ordinary real term is fully evaluated\"\n"
"From remote kernel:"
"\"PASS: \"\"ordinary real term is fully evaluated\"\n"
"From remote kernel:"
"\"PASS: \"\"soft expansion is a Laurent series\"\n"
"From remote kernel:"
"\"PASS: \"\"soft series covers the requested pole order\"\n"
"From remote kernel:"
"\"PASS: \"\"endpoint valuation is rational\"\n"
"From remote kernel:"
"\"PASS: \"\"endpoint valuation is rational\"\n"
"From remote kernel:"
"\"PASS: \"\"soft coefficients contain no recoil variable\"\n"
"From remote kernel:"
"\"Pg\"\" real term \"106\"/\"187\"; memory = \"248504752\n"
"From remote kernel:"
"\"PASS: \"\"ordinary real term is fully evaluated\"\n"
"From remote kernel:"
"\"PASS: \"\"endpoint valuation is rational\"\n"
"From remote kernel:"
"\"PASS: \"\"soft expansion is a Laurent series\"\n"
"From remote kernel:"
"\"PASS: \"\"soft series covers the requested pole order\"\n"
"From remote kernel:"
"\"PASS: \"\"soft expansion is a Laurent series\"\n"
"From remote kernel:"
"\"PASS: \"\"soft series covers the requested pole order\"\n"
"From remote kernel:"
"\"PASS: \"\"soft expansion is a Laurent series\"\n"
"From remote kernel:"
"\"PASS: \"\"soft series covers the requested pole order\"\n"
"From remote kernel:"
"\"PASS: \"\"soft coefficients contain no recoil variable\"\n"
"From remote kernel:"
"\"PASS: \"\"endpoint valuation is rational\"\n"
"From remote kernel:"
"\"PASS: \"\"soft expansion is a Laurent series\"\n"
"From remote kernel:"
"\"PASS: \"\"soft series covers the requested pole order\"\n"
"From remote kernel:"
"\"PASS: \"\"soft coefficients contain no recoil variable\"\n"
"From remote kernel:"
"\"PASS: \"\"soft coefficients contain no recoil variable\"\n"
"From remote kernel:"
"\"PASS: \"\"endpoint valuation is rational\"\n"
"From remote kernel:"
"\"PASS: \"\"soft coefficients contain no recoil variable\"\n"
"From remote kernel:"
"\"Pg\"\" real term \"107\"/\"187\"; memory = \"251560712\n"
"From remote kernel:"
"\"PASS: \"\"endpoint valuation is rational\"\n"
"From remote kernel:"
"\"PASS: \"\"ordinary real term is fully evaluated\"\n"
"From remote kernel:"
"\"PASS: \"\"endpoint valuation is rational\"\n"
"From remote kernel:"
"\"PASS: \"\"soft expansion is a Laurent series\"\n"
"From remote kernel:"
"\"PASS: \"\"soft series covers the requested pole order\"\n"
"From remote kernel:"
"\"PASS: \"\"soft expansion is a Laurent series\"\n"
"From remote kernel:"
"\"PASS: \"\"soft series covers the requested pole order\"\n"
"From remote kernel:"
"\"PASS: \"\"soft expansion is a Laurent series\"\n"
"From remote kernel:"
"\"PASS: \"\"soft series covers the requested pole order\"\n"
"From remote kernel:"
"\"PASS: \"\"soft coefficients contain no recoil variable\"\n"
"From remote kernel:"
"\"PASS: \"\"endpoint valuation is rational\"\n"
"From remote kernel:"
"\"PASS: \"\"soft coefficients contain no recoil variable\"\n"
"From remote kernel:"
"\"PASS: \"\"soft expansion is a Laurent series\"\n"
"From remote kernel:"
"\"PASS: \"\"soft series covers the requested pole order\"\n"
"From remote kernel:"
"\"Pg\"\" real term \"108\"/\"187\"; memory = \"350147200\n"
"From remote kernel:"
"\"PASS: \"\"soft coefficients contain no recoil variable\"\n"
"From remote kernel:"
"\"PASS: \"\"ordinary real term is fully evaluated\"\n"
"From remote kernel:"
"\"Pg\"\" real term \"109\"/\"187\"; memory = \"245772832\n"
"From remote kernel:"
"\"PASS: \"\"endpoint valuation is rational\"\n"
"From remote kernel:"
"\"PASS: \"\"soft expansion is a Laurent series\"\n"
"From remote kernel:"
"\"PASS: \"\"soft series covers the requested pole order\"\n"
"From remote kernel:"
"\"PASS: \"\"soft coefficients contain no recoil variable\"\n"
"From remote kernel:"
"\"PASS: \"\"ordinary real term is fully evaluated\"\n"
"From remote kernel:"
"\"Pg\"\" real term \"110\"/\"187\"; memory = \"257090736\n"
"From remote kernel:"
"\"PASS: \"\"endpoint valuation is rational\"\n"
"From remote kernel:"
"\"PASS: \"\"soft expansion is a Laurent series\"\n"
"From remote kernel:"
"\"PASS: \"\"soft series covers the requested pole order\"\n"
"From remote kernel:"
"\"PASS: \"\"ordinary real term is fully evaluated\"\n"
"From remote kernel:"
"\"PASS: \"\"soft coefficients contain no recoil variable\"\n"
"From remote kernel:"
"\"PASS: \"\"endpoint valuation is rational\"\n"
"From remote kernel:"
"\"PASS: \"\"endpoint valuation is rational\"\n"
"From remote kernel:"
"\"PASS: \"\"soft expansion is a Laurent series\"\n"
"From remote kernel:"
"\"PASS: \"\"soft series covers the requested pole order\"\n"
"From remote kernel:"
"\"PASS: \"\"soft coefficients contain no recoil variable\"\n"
"From remote kernel:"
"\"PASS: \"\"endpoint valuation is rational\"\n"
"From remote kernel:"
"\"PASS: \"\"soft expansion is a Laurent series\"\n"
"From remote kernel:"
"\"PASS: \"\"soft series covers the requested pole order\"\n"
"From remote kernel:"
"\"PASS: \"\"soft coefficients contain no recoil variable\"\n"
"From remote kernel:"
"\"PASS: \"\"soft expansion is a Laurent series\"\n"
"From remote kernel:"
"\"PASS: \"\"soft series covers the requested pole order\"\n"
"From remote kernel:"
"\"Pg\"\" real term \"111\"/\"187\"; memory = \"350225312\n"
"From remote kernel:"
"\"PASS: \"\"soft coefficients contain no recoil variable\"\n"
"From remote kernel:"
"\"PASS: \"\"endpoint valuation is rational\"\n"
"From remote kernel:"
"\"PASS: \"\"soft coefficients contain no recoil variable\"\n"
"From remote kernel:"
"\"Pg\"\" real term \"112\"/\"187\"; memory = \"256723488\n"
"From remote kernel:"
"\"PASS: \"\"ordinary real term is fully evaluated\"\n"
"From remote kernel:"
"\"PASS: \"\"soft expansion is a Laurent series\"\n"
"From remote kernel:"
"\"PASS: \"\"soft series covers the requested pole order\"\n"
"From remote kernel:"
"\"PASS: \"\"ordinary real term is fully evaluated\"\n"
"From remote kernel:"
"\"PASS: \"\"endpoint valuation is rational\"\n"
"From remote kernel:"
"\"PASS: \"\"endpoint valuation is rational\"\n"
"From remote kernel:"
"\"PASS: \"\"massless soft argument is a hypergeometric endpoint\"\n"
"From remote kernel:"
"\"PASS: \"\"endpoint valuation is rational\"\n"
"From remote kernel:"
"\"PASS: \"\"soft coefficients contain no recoil variable\"\n"
"From remote kernel:"
"\"PASS: \"\"soft expansion is a Laurent series\"\n"
"From remote kernel:"
"\"PASS: \"\"soft series covers the requested pole order\"\n"
"From remote kernel:"
"\"PASS: \"\"soft expansion is a Laurent series\"\n"
"From remote kernel:"
"\"PASS: \"\"soft series covers the requested pole order\"\n"
"From remote kernel:"
"\"Pg\"\" real term \"113\"/\"187\"; memory = \"222857384\n"
"From remote kernel:"
"\"PASS: \"\"ordinary real term is fully evaluated\"\n"
"From remote kernel:"
"\"PASS: \"\"endpoint valuation is rational\"\n"
"From remote kernel:"
"\"PASS: \"\"soft expansion is a Laurent series\"\n"
"From remote kernel:"
"\"PASS: \"\"soft series covers the requested pole order\"\n"
"From remote kernel:"
"\"PASS: \"\"soft coefficients contain no recoil variable\"\n"
"From remote kernel:"
"\"PASS: \"\"soft coefficients contain no recoil variable\"\n"
"From remote kernel:"
"\"PASS: \"\"endpoint valuation is rational\"\n"
"From remote kernel:"
"\"PASS: \"\"soft expansion is a Laurent series\"\n"
"From remote kernel:"
"\"PASS: \"\"soft series covers the requested pole order\"\n"
"From remote kernel:"
"\"PASS: \"\"endpoint valuation is rational\"\n"
"From remote kernel:"
"\"PASS: \"\"massless soft argument is a hypergeometric endpoint\"\n"
"From remote kernel:"
"\"PASS: \"\"soft coefficients contain no recoil variable\"\n"
"From remote kernel:"
"\"PASS: \"\"soft coefficients contain no recoil variable\"\n"
"From remote kernel:"
"\"PASS: \"\"endpoint valuation is rational\"\n"
"From remote kernel:"
"\"Pg\"\" real term \"114\"/\"187\"; memory = \"224564504\n"
"From remote kernel:"
"\"PASS: \"\"ordinary real term is fully evaluated\"\n"
"From remote kernel:"
"\"PASS: \"\"endpoint valuation is rational\"\n"
"From remote kernel:"
"\"PASS: \"\"soft expansion is a Laurent series\"\n"
"From remote kernel:"
"\"PASS: \"\"soft series covers the requested pole order\"\n"
"From remote kernel:"
"\"PASS: \"\"soft coefficients contain no recoil variable\"\n"
"From remote kernel:"
"\"PASS: \"\"endpoint valuation is rational\"\n"
"From remote kernel:"
"\"PASS: \"\"soft expansion is a Laurent series\"\n"
"From remote kernel:"
"\"PASS: \"\"soft series covers the requested pole order\"\n"
"From remote kernel:"
"\"PASS: \"\"endpoint valuation is rational\"\n"
"From remote kernel:"
"\"PASS: \"\"soft expansion is a Laurent series\"\n"
"From remote kernel:"
"\"PASS: \"\"soft coefficients contain no recoil variable\"\n"
"From remote kernel:"
"\"PASS: \"\"soft series covers the requested pole order\"\n"
"From remote kernel:"
"\"Pg\"\" real term \"115\"/\"187\"; memory = \"225389176\n"
"From remote kernel:"
"\"PASS: \"\"ordinary real term is fully evaluated\"\n"
"From remote kernel:"
"\"PASS: \"\"endpoint valuation is rational\"\n"
"From remote kernel:"
"\"PASS: \"\"soft expansion is a Laurent series\"\n"
"From remote kernel:"
"\"PASS: \"\"soft series covers the requested pole order\"\n"
"From remote kernel:"
"\"PASS: \"\"soft coefficients contain no recoil variable\"\n"
"From remote kernel:"
"\"PASS: \"\"endpoint valuation is rational\"\n"
"From remote kernel:"
"\"PASS: \"\"soft expansion is a Laurent series\"\n"
"From remote kernel:"
"\"PASS: \"\"soft series covers the requested pole order\"\n"
"From remote kernel:"
"\"PASS: \"\"soft coefficients contain no recoil variable\"\n"
"From remote kernel:"
"\"Pg\"\" real term \"116\"/\"187\"; memory = \"267348968\n"
"From remote kernel:"
"\"PASS: \"\"soft coefficients contain no recoil variable\"\n"
"From remote kernel:"
"\"PASS: \"\"soft expansion is a Laurent series\"\n"
"From remote kernel:"
"\"PASS: \"\"soft series covers the requested pole order\"\n"
"From remote kernel:"
"\"Pg\"\" real term \"117\"/\"187\"; memory = \"227057080\n"
"From remote kernel:"
"\"PASS: \"\"ordinary real term is fully evaluated\"\n"
"From remote kernel:"
"\"PASS: \"\"endpoint valuation is rational\"\n"
"From remote kernel:"
"\"PASS: \"\"ordinary real term is fully evaluated\"\n"
"From remote kernel:"
"\"PASS: \"\"soft expansion is a Laurent series\"\n"
"From remote kernel:"
"\"PASS: \"\"soft series covers the requested pole order\"\n"
"From remote kernel:"
"\"PASS: \"\"endpoint valuation is rational\"\n"
"From remote kernel:"
"\"PASS: \"\"soft expansion is a Laurent series\"\n"
"From remote kernel:"
"\"PASS: \"\"soft series covers the requested pole order\"\n"
"From remote kernel:"
"\"PASS: \"\"soft coefficients contain no recoil variable\"\n"
"From remote kernel:"
"\"PASS: \"\"endpoint valuation is rational\"\n"
"From remote kernel:"
"\"PASS: \"\"soft coefficients contain no recoil variable\"\n"
"From remote kernel:"
"\"PASS: \"\"soft expansion is a Laurent series\"\n"
"From remote kernel:"
"\"PASS: \"\"soft series covers the requested pole order\"\n"
"From remote kernel:"
"\"PASS: \"\"endpoint valuation is rational\"\n"
"From remote kernel:"
"\"PASS: \"\"soft coefficients contain no recoil variable\"\n"
"From remote kernel:"
"\"Pg\"\" real term \"118\"/\"187\"; memory = \"358815160\n"
"From remote kernel:"
"\"PASS: \"\"soft expansion is a Laurent series\"\n"
"From remote kernel:"
"\"PASS: \"\"soft series covers the requested pole order\"\n"
"From remote kernel:"
"\"PASS: \"\"soft coefficients contain no recoil variable\"\n"
"From remote kernel:"
"\"PASS: \"\"ordinary real term is fully evaluated\"\n"
"From remote kernel:"
"\"PASS: \"\"endpoint valuation is rational\"\n"
"From remote kernel:"
"\"Pg\"\" real term \"119\"/\"187\"; memory = \"268707984\n"
"From remote kernel:"
"\"PASS: \"\"soft expansion is a Laurent series\"\n"
"From remote kernel:"
"\"PASS: \"\"soft series covers the requested pole order\"\n"
"From remote kernel:"
"\"PASS: \"\"soft coefficients contain no recoil variable\"\n"
"From remote kernel:"
"\"Pg\"\" real term \"120\"/\"187\"; memory = \"231295104\n"
"From remote kernel:"
"\"PASS: \"\"ordinary real term is fully evaluated\"\n"
"From remote kernel:"
"\"PASS: \"\"endpoint valuation is rational\"\n"
"From remote kernel:"
"\"PASS: \"\"ordinary real term is fully evaluated\"\n"
"From remote kernel:"
"\"PASS: \"\"soft coefficients contain no recoil variable\"\n"
"From remote kernel:"
"\"PASS: \"\"soft expansion is a Laurent series\"\n"
"From remote kernel:"
"\"PASS: \"\"endpoint valuation is rational\"\n"
"From remote kernel:"
"\"PASS: \"\"soft series covers the requested pole order\"\n"
"From remote kernel:"
"\"PASS: \"\"endpoint valuation is rational\"\n"
"From remote kernel:"
"\"PASS: \"\"soft expansion is a Laurent series\"\n"
"From remote kernel:"
"\"PASS: \"\"soft series covers the requested pole order\"\n"
"From remote kernel:"
"\"PASS: \"\"soft coefficients contain no recoil variable\"\n"
"From remote kernel:"
"\"PASS: \"\"soft expansion is a Laurent series\"\n"
"From remote kernel:"
"\"PASS: \"\"endpoint valuation is rational\"\n"
"From remote kernel:"
"\"PASS: \"\"soft series covers the requested pole order\"\n"
"From remote kernel:"
"\"PASS: \"\"soft coefficients contain no recoil variable\"\n"
"From remote kernel:"
"\"Pg\"\" real term \"121\"/\"187\"; memory = \"355228640\n"
"From remote kernel:"
"\"PASS: \"\"soft expansion is a Laurent series\"\n"
"From remote kernel:"
"\"PASS: \"\"soft series covers the requested pole order\"\n"
"From remote kernel:"
"\"PASS: \"\"soft coefficients contain no recoil variable\"\n"
"From remote kernel:"
"\"PASS: \"\"endpoint valuation is rational\"\n"
"From remote kernel:"
"\"PASS: \"\"ordinary real term is fully evaluated\"\n"
"From remote kernel:"
"\"PASS: \"\"soft coefficients contain no recoil variable\"\n"
"From remote kernel:"
"\"Pg\"\" real term \"122\"/\"187\"; memory = \"271051384\n"
"From remote kernel:"
"\"PASS: \"\"endpoint valuation is rational\"\n"
"From remote kernel:"
"\"PASS: \"\"ordinary real term is fully evaluated\"\n"
"From remote kernel:"
"\"PASS: \"\"endpoint valuation is rational\"\n"
"From remote kernel:"
"\"PASS: \"\"soft expansion is a Laurent series\"\n"
"From remote kernel:"
"\"PASS: \"\"soft series covers the requested pole order\"\n"
"From remote kernel:"
"\"PASS: \"\"soft expansion is a Laurent series\"\n"
"From remote kernel:"
"\"PASS: \"\"soft series covers the requested pole order\"\n"
"From remote kernel:"
"\"PASS: \"\"soft coefficients contain no recoil variable\"\n"
"From remote kernel:"
"\"PASS: \"\"soft expansion is a Laurent series\"\n"
"From remote kernel:"
"\"PASS: \"\"soft series covers the requested pole order\"\n"
"From remote kernel:"
"\"Pg\"\" real term \"123\"/\"187\"; memory = \"222935784\n"
"From remote kernel:"
"\"PASS: \"\"ordinary real term is fully evaluated\"\n"
"From remote kernel:"
"\"PASS: \"\"endpoint valuation is rational\"\n"
"From remote kernel:"
"\"PASS: \"\"soft expansion is a Laurent series\"\n"
"From remote kernel:"
"\"PASS: \"\"soft coefficients contain no recoil variable\"\n"
"From remote kernel:"
"\"PASS: \"\"soft series covers the requested pole order\"\n"
"From remote kernel:"
"\"PASS: \"\"endpoint valuation is rational\"\n"
"From remote kernel:"
"\"PASS: \"\"soft coefficients contain no recoil variable\"\n"
"From remote kernel:"
"\"PASS: \"\"soft expansion is a Laurent series\"\n"
"From remote kernel:"
"\"PASS: \"\"soft series covers the requested pole order\"\n"
"From remote kernel:"
"\"PASS: \"\"endpoint valuation is rational\"\n"
"From remote kernel:"
"\"PASS: \"\"soft coefficients contain no recoil variable\"\n"
"From remote kernel:"
"\"PASS: \"\"endpoint valuation is rational\"\n"
"From remote kernel:"
"\"PASS: \"\"soft expansion is a Laurent series\"\n"
"From remote kernel:"
"\"PASS: \"\"soft series covers the requested pole order\"\n"
"From remote kernel:"
"\"PASS: \"\"soft coefficients contain no recoil variable\"\n"
"From remote kernel:"
"\"PASS: \"\"soft coefficients contain no recoil variable\"\n"
"From remote kernel:"
"\"Pg\"\" real term \"124\"/\"187\"; memory = \"225172376\n"
"From remote kernel:"
"\"Pg\"\" real term \"125\"/\"187\"; memory = \"271289920\n"
"From remote kernel:"
"\"PASS: \"\"soft expansion is a Laurent series\"\n"
"From remote kernel:"
"\"PASS: \"\"soft series covers the requested pole order\"\n"
"From remote kernel:"
"\"PASS: \"\"ordinary real term is fully evaluated\"\n"
"From remote kernel:"
"\"PASS: \"\"endpoint valuation is rational\"\n"
"From remote kernel:"
"\"PASS: \"\"soft coefficients contain no recoil variable\"\n"
"From remote kernel:"
"\"PASS: \"\"ordinary real term is fully evaluated\"\n"
"From remote kernel:"
"\"Pg\"\" real term \"126\"/\"187\"; memory = \"355000664\n"
"From remote kernel:"
"\"PASS: \"\"endpoint valuation is rational\"\n"
"From remote kernel:"
"\"PASS: \"\"soft expansion is a Laurent series\"\n"
"From remote kernel:"
"\"PASS: \"\"soft series covers the requested pole order\"\n"
"From remote kernel:"
"\"PASS: \"\"soft expansion is a Laurent series\"\n"
"From remote kernel:"
"\"PASS: \"\"ordinary real term is fully evaluated\"\n"
"From remote kernel:"
"\"PASS: \"\"soft series covers the requested pole order\"\n"
"From remote kernel:"
"\"PASS: \"\"soft coefficients contain no recoil variable\"\n"
"From remote kernel:"
"\"PASS: \"\"endpoint valuation is rational\"\n"
"From remote kernel:"
"\"PASS: \"\"endpoint valuation is rational\"\n"
"From remote kernel:"
"\"PASS: \"\"soft expansion is a Laurent series\"\n"
"From remote kernel:"
"\"PASS: \"\"soft series covers the requested pole order\"\n"
"From remote kernel:"
"\"PASS: \"\"soft coefficients contain no recoil variable\"\n"
"From remote kernel:"
"\"PASS: \"\"endpoint valuation is rational\"\n"
"From remote kernel:"
"\"PASS: \"\"soft coefficients contain no recoil variable\"\n"
"From remote kernel:"
"\"Pg\"\" real term \"127\"/\"187\"; memory = \"233297680\n"
"From remote kernel:"
"\"PASS: \"\"soft expansion is a Laurent series\"\n"
"From remote kernel:"
"\"PASS: \"\"soft series covers the requested pole order\"\n"
"From remote kernel:"
"\"PASS: \"\"soft expansion is a Laurent series\"\n"
"From remote kernel:"
"\"PASS: \"\"soft series covers the requested pole order\"\n"
"From remote kernel:"
"\"PASS: \"\"ordinary real term is fully evaluated\"\n"
"From remote kernel:"
"\"PASS: \"\"soft coefficients contain no recoil variable\"\n"
"From remote kernel:"
"\"Pg\"\" real term \"128\"/\"187\"; memory = \"276964328\n"
"From remote kernel:"
"\"PASS: \"\"endpoint valuation is rational\"\n"
"From remote kernel:"
"\"PASS: \"\"soft coefficients contain no recoil variable\"\n"
"From remote kernel:"
"\"PASS: \"\"ordinary real term is fully evaluated\"\n"
"From remote kernel:"
"\"PASS: \"\"endpoint valuation is rational\"\n"
"From remote kernel:"
"\"PASS: \"\"soft expansion is a Laurent series\"\n"
"From remote kernel:"
"\"PASS: \"\"soft series covers the requested pole order\"\n"
"From remote kernel:"
"\"PASS: \"\"endpoint valuation is rational\"\n"
"From remote kernel:"
"\"PASS: \"\"soft expansion is a Laurent series\"\n"
"From remote kernel:"
"\"PASS: \"\"soft series covers the requested pole order\"\n"
"From remote kernel:"
"\"PASS: \"\"soft coefficients contain no recoil variable\"\n"
"From remote kernel:"
"\"PASS: \"\"soft coefficients contain no recoil variable\"\n"
"From remote kernel:"
"\"PASS: \"\"endpoint valuation is rational\"\n"
"From remote kernel:"
"\"PASS: \"\"soft expansion is a Laurent series\"\n"
"From remote kernel:"
"\"PASS: \"\"endpoint valuation is rational\"\n"
"From remote kernel:"
"\"PASS: \"\"soft series covers the requested pole order\"\n"
"From remote kernel:"
"\"PASS: \"\"soft expansion is a Laurent series\"\n"
"From remote kernel:"
"\"PASS: \"\"soft series covers the requested pole order\"\n"
"From remote kernel:"
"\"PASS: \"\"soft expansion is a Laurent series\"\n"
"From remote kernel:"
"\"PASS: \"\"soft series covers the requested pole order\"\n"
"From remote kernel:"
"\"PASS: \"\"soft coefficients contain no recoil variable\"\n"
"From remote kernel:"
"\"PASS: \"\"soft coefficients contain no recoil variable\"\n"
"From remote kernel:"
"\"Pg\"\" real term \"129\"/\"187\"; memory = \"276715496\n"
"From remote kernel:"
"\"Pg\"\" real term \"130\"/\"187\"; memory = \"357964240\n"
"From remote kernel:"
"\"PASS: \"\"ordinary real term is fully evaluated\"\n"
"From remote kernel:"
"\"PASS: \"\"endpoint valuation is rational\"\n"
"From remote kernel:"
"\"PASS: \"\"soft expansion is a Laurent series\"\n"
"From remote kernel:"
"\"PASS: \"\"soft series covers the requested pole order\"\n"
"From remote kernel:"
"\"PASS: \"\"soft coefficients contain no recoil variable\"\n"
"From remote kernel:"
"\"PASS: \"\"ordinary real term is fully evaluated\"\n"
"From remote kernel:"
"\"Pg\"\" real term \"131\"/\"187\"; memory = \"246612968\n"
"From remote kernel:"
"\"PASS: \"\"endpoint valuation is rational\"\n"
"From remote kernel:"
"\"PASS: \"\"soft coefficients contain no recoil variable\"\n"
"From remote kernel:"
"\"PASS: \"\"endpoint valuation is rational\"\n"
"From remote kernel:"
"\"PASS: \"\"soft expansion is a Laurent series\"\n"
"From remote kernel:"
"\"PASS: \"\"soft series covers the requested pole order\"\n"
"From remote kernel:"
"\"PASS: \"\"soft expansion is a Laurent series\"\n"
"From remote kernel:"
"\"PASS: \"\"soft series covers the requested pole order\"\n"
"From remote kernel:"
"\"PASS: \"\"ordinary real term is fully evaluated\"\n"
"From remote kernel:"
"\"PASS: \"\"soft coefficients contain no recoil variable\"\n"
"From remote kernel:"
"\"PASS: \"\"endpoint valuation is rational\"\n"
"From remote kernel:"
"\"Pg\"\" real term \"132\"/\"187\"; memory = \"276985128\n"
"From remote kernel:"
"\"PASS: \"\"soft coefficients contain no recoil variable\"\n"
"From remote kernel:"
"\"PASS: \"\"endpoint valuation is rational\"\n"
"From remote kernel:"
"\"PASS: \"\"soft expansion is a Laurent series\"\n"
"From remote kernel:"
"\"PASS: \"\"soft series covers the requested pole order\"\n"
"From remote kernel:"
"\"PASS: \"\"soft expansion is a Laurent series\"\n"
"From remote kernel:"
"\"PASS: \"\"soft series covers the requested pole order\"\n"
"From remote kernel:"
"\"PASS: \"\"ordinary real term is fully evaluated\"\n"
"From remote kernel:"
"\"PASS: \"\"soft coefficients contain no recoil variable\"\n"
"From remote kernel:"
"\"PASS: \"\"endpoint valuation is rational\"\n"
"From remote kernel:"
"\"PASS: \"\"soft coefficients contain no recoil variable\"\n"
"From remote kernel:"
"\"PASS: \"\"endpoint valuation is rational\"\n"
"From remote kernel:"
"\"PASS: \"\"soft expansion is a Laurent series\"\n"
"From remote kernel:"
"\"PASS: \"\"soft series covers the requested pole order\"\n"
"From remote kernel:"
"\"Pg\"\" real term \"133\"/\"187\"; memory = \"222962808\n"
"From remote kernel:"
"\"PASS: \"\"soft expansion is a Laurent series\"\n"
"From remote kernel:"
"\"PASS: \"\"soft series covers the requested pole order\"\n"
"From remote kernel:"
"\"PASS: \"\"soft coefficients contain no recoil variable\"\n"
"From remote kernel:"
"\"Pg\"\" real term \"134\"/\"187\"; memory = \"259750400\n"
"From remote kernel:"
"\"PASS: \"\"soft coefficients contain no recoil variable\"\n"
"From remote kernel:"
"\"PASS: \"\"ordinary real term is fully evaluated\"\n"
"From remote kernel:"
"\"PASS: \"\"endpoint valuation is rational\"\n"
"From remote kernel:"
"\"PASS: \"\"ordinary real term is fully evaluated\"\n"
"From remote kernel:"
"\"PASS: \"\"endpoint valuation is rational\"\n"
"From remote kernel:"
"\"PASS: \"\"endpoint valuation is rational\"\n"
"From remote kernel:"
"\"PASS: \"\"soft expansion is a Laurent series\"\n"
"From remote kernel:"
"\"PASS: \"\"soft series covers the requested pole order\"\n"
"From remote kernel:"
"\"PASS: \"\"soft expansion is a Laurent series\"\n"
"From remote kernel:"
"\"PASS: \"\"soft expansion is a Laurent series\"\n"
"From remote kernel:"
"\"PASS: \"\"soft series covers the requested pole order\"\n"
"From remote kernel:"
"\"PASS: \"\"soft series covers the requested pole order\"\n"
"From remote kernel:"
"\"PASS: \"\"soft coefficients contain no recoil variable\"\n"
"From remote kernel:"
"\"PASS: \"\"endpoint valuation is rational\"\n"
"From remote kernel:"
"\"PASS: \"\"soft coefficients contain no recoil variable\"\n"
"From remote kernel:"
"\"PASS: \"\"soft coefficients contain no recoil variable\"\n"
"From remote kernel:"
"\"Pg\"\" real term \"135\"/\"187\"; memory = \"291540552\n"
"From remote kernel:"
"\"PASS: \"\"ordinary real term is fully evaluated\"\n"
"From remote kernel:"
"\"PASS: \"\"endpoint valuation is rational\"\n"
"From remote kernel:"
"\"PASS: \"\"endpoint valuation is rational\"\n"
"From remote kernel:"
"\"PASS: \"\"soft expansion is a Laurent series\"\n"
"From remote kernel:"
"\"PASS: \"\"soft expansion is a Laurent series\"\n"
"From remote kernel:"
"\"PASS: \"\"soft series covers the requested pole order\"\n"
"From remote kernel:"
"\"PASS: \"\"soft series covers the requested pole order\"\n"
"From remote kernel:"
"\"PASS: \"\"soft coefficients contain no recoil variable\"\n"
"From remote kernel:"
"\"Pg\"\" real term \"136\"/\"187\"; memory = \"268873288\n"
"From remote kernel:"
"\"PASS: \"\"ordinary real term is fully evaluated\"\n"
"From remote kernel:"
"\"PASS: \"\"endpoint valuation is rational\"\n"
"From remote kernel:"
"\"PASS: \"\"soft expansion is a Laurent series\"\n"
"From remote kernel:"
"\"PASS: \"\"soft series covers the requested pole order\"\n"
"From remote kernel:"
"\"PASS: \"\"soft expansion is a Laurent series\"\n"
"From remote kernel:"
"\"PASS: \"\"soft coefficients contain no recoil variable\"\n"
"From remote kernel:"
"\"PASS: \"\"soft series covers the requested pole order\"\n"
"From remote kernel:"
"\"PASS: \"\"endpoint valuation is rational\"\n"
"From remote kernel:"
"\"PASS: \"\"soft expansion is a Laurent series\"\n"
"From remote kernel:"
"\"PASS: \"\"soft series covers the requested pole order\"\n"
"From remote kernel:"
"\"PASS: \"\"soft coefficients contain no recoil variable\"\n"
"From remote kernel:"
"\"Pg\"\" real term \"137\"/\"187\"; memory = \"241814936\n"
"From remote kernel:"
"\"PASS: \"\"soft coefficients contain no recoil variable\"\n"
"From remote kernel:"
"\"PASS: \"\"endpoint valuation is rational\"\n"
"From remote kernel:"
"\"PASS: \"\"soft expansion is a Laurent series\"\n"
"From remote kernel:"
"\"PASS: \"\"soft series covers the requested pole order\"\n"
"From remote kernel:"
"\"PASS: \"\"soft coefficients contain no recoil variable\"\n"
"From remote kernel:"
"\"Pg\"\" real term \"138\"/\"187\"; memory = \"291840336\n"
"From remote kernel:"
"\"PASS: \"\"ordinary real term is fully evaluated\"\n"
"From remote kernel:"
"\"PASS: \"\"endpoint valuation is rational\"\n"
"From remote kernel:"
"\"PASS: \"\"soft coefficients contain no recoil variable\"\n"
"From remote kernel:"
"\"PASS: \"\"ordinary real term is fully evaluated\"\n"
"From remote kernel:"
"\"Pg\"\" real term \"139\"/\"187\"; memory = \"270945440\n"
"From remote kernel:"
"\"PASS: \"\"soft expansion is a Laurent series\"\n"
"From remote kernel:"
"\"PASS: \"\"soft series covers the requested pole order\"\n"
"From remote kernel:"
"\"PASS: \"\"endpoint valuation is rational\"\n"
"From remote kernel:"
"\"PASS: \"\"ordinary real term is fully evaluated\"\n"
"From remote kernel:"
"\"PASS: \"\"endpoint valuation is rational\"\n"
"From remote kernel:"
"\"PASS: \"\"soft expansion is a Laurent series\"\n"
"From remote kernel:"
"\"PASS: \"\"soft series covers the requested pole order\"\n"
"From remote kernel:"
"\"PASS: \"\"soft coefficients contain no recoil variable\"\n"
"From remote kernel:"
"\"PASS: \"\"soft expansion is a Laurent series\"\n"
"From remote kernel:"
"\"PASS: \"\"soft series covers the requested pole order\"\n"
"From remote kernel:"
"\"PASS: \"\"endpoint valuation is rational\"\n"
"From remote kernel:"
"\"PASS: \"\"soft expansion is a Laurent series\"\n"
"From remote kernel:"
"\"PASS: \"\"soft coefficients contain no recoil variable\"\n"
"From remote kernel:"
"\"PASS: \"\"soft series covers the requested pole order\"\n"
"From remote kernel:"
"\"PASS: \"\"endpoint valuation is rational\"\n"
"From remote kernel:"
"\"PASS: \"\"soft coefficients contain no recoil variable\"\n"
"From remote kernel:"
"\"PASS: \"\"soft coefficients contain no recoil variable\"\n"
"From remote kernel:"
"\"PASS: \"\"soft expansion is a Laurent series\"\n"
"From remote kernel:"
"\"PASS: \"\"soft series covers the requested pole order\"\n"
"From remote kernel:"
"\"PASS: \"\"endpoint valuation is rational\"\n"
"From remote kernel:"
"\"Pg\"\" real term \"140\"/\"187\"; memory = \"249241216\n"
"From remote kernel:"
"\"PASS: \"\"soft expansion is a Laurent series\"\n"
"From remote kernel:"
"\"PASS: \"\"soft series covers the requested pole order\"\n"
"From remote kernel:"
"\"PASS: \"\"ordinary real term is fully evaluated\"\n"
"From remote kernel:"
"\"PASS: \"\"soft coefficients contain no recoil variable\"\n"
"From remote kernel:"
"\"PASS: \"\"endpoint valuation is rational\"\n"
"From remote kernel:"
"\"Pg\"\" real term \"141\"/\"187\"; memory = \"294308856\n"
"From remote kernel:"
"\"PASS: \"\"soft expansion is a Laurent series\"\n"
"From remote kernel:"
"\"PASS: \"\"soft series covers the requested pole order\"\n"
"From remote kernel:"
"\"PASS: \"\"ordinary real term is fully evaluated\"\n"
"From remote kernel:"
"\"PASS: \"\"soft coefficients contain no recoil variable\"\n"
"From remote kernel:"
"\"Pg\"\" real term \"142\"/\"187\"; memory = \"276359616\n"
"From remote kernel:"
"\"PASS: \"\"endpoint valuation is rational\"\n"
"From remote kernel:"
"\"PASS: \"\"ordinary real term is fully evaluated\"\n"
"From remote kernel:"
"\"PASS: \"\"endpoint valuation is rational\"\n"
"From remote kernel:"
"\"PASS: \"\"soft expansion is a Laurent series\"\n"
"From remote kernel:"
"\"PASS: \"\"soft series covers the requested pole order\"\n"
"From remote kernel:"
"\"PASS: \"\"soft expansion is a Laurent series\"\n"
"From remote kernel:"
"\"PASS: \"\"soft series covers the requested pole order\"\n"
"From remote kernel:"
"\"PASS: \"\"soft coefficients contain no recoil variable\"\n"
"From remote kernel:"
"\"PASS: \"\"endpoint valuation is rational\"\n"
"From remote kernel:"
"\"PASS: \"\"soft coefficients contain no recoil variable\"\n"
"From remote kernel:"
"\"PASS: \"\"endpoint valuation is rational\"\n"
"From remote kernel:"
"\"PASS: \"\"soft expansion is a Laurent series\"\n"
"From remote kernel:"
"\"PASS: \"\"soft series covers the requested pole order\"\n"
"From remote kernel:"
"\"PASS: \"\"soft expansion is a Laurent series\"\n"
"From remote kernel:"
"\"PASS: \"\"soft series covers the requested pole order\"\n"
"From remote kernel:"
"\"PASS: \"\"soft coefficients contain no recoil variable\"\n"
"From remote kernel:"
"\"PASS: \"\"endpoint valuation is rational\"\n"
"From remote kernel:"
"\"PASS: \"\"soft expansion is a Laurent series\"\n"
"From remote kernel:"
"\"PASS: \"\"soft series covers the requested pole order\"\n"
"From remote kernel:"
"\"PASS: \"\"soft coefficients contain no recoil variable\"\n"
"From remote kernel:"
"\"Pg\"\" real term \"143\"/\"187\"; memory = \"276985432\n"
"From remote kernel:"
"\"PASS: \"\"soft coefficients contain no recoil variable\"\n"
"From remote kernel:"
"\"PASS: \"\"ordinary real term is fully evaluated\"\n"
"From remote kernel:"
"\"PASS: \"\"endpoint valuation is rational\"\n"
"From remote kernel:"
"\"PASS: \"\"soft expansion is a Laurent series\"\n"
"From remote kernel:"
"\"PASS: \"\"soft series covers the requested pole order\"\n"
"From remote kernel:"
"\"Pg\"\" real term \"144\"/\"187\"; memory = \"223101976\n"
"From remote kernel:"
"\"PASS: \"\"ordinary real term is fully evaluated\"\n"
"From remote kernel:"
"\"PASS: \"\"endpoint valuation is rational\"\n"
"From remote kernel:"
"\"PASS: \"\"soft expansion is a Laurent series\"\n"
"From remote kernel:"
"\"PASS: \"\"soft series covers the requested pole order\"\n"
"From remote kernel:"
"\"PASS: \"\"soft coefficients contain no recoil variable\"\n"
"From remote kernel:"
"\"PASS: \"\"endpoint valuation is rational\"\n"
"From remote kernel:"
"\"PASS: \"\"soft expansion is a Laurent series\"\n"
"From remote kernel:"
"\"PASS: \"\"soft series covers the requested pole order\"\n"
"From remote kernel:"
"\"Pg\"\" real term \"145\"/\"187\"; memory = \"295472792\n"
"From remote kernel:"
"\"Pg\"\" real term \"146\"/\"187\"; memory = \"223428576\n"
"From remote kernel:"
"\"PASS: \"\"ordinary real term is fully evaluated\"\n"
"From remote kernel:"
"\"PASS: \"\"ordinary real term is fully evaluated\"\n"
"From remote kernel:"
"\"PASS: \"\"endpoint valuation is rational\"\n"
"From remote kernel:"
"\"PASS: \"\"endpoint valuation is rational\"\n"
"From remote kernel:"
"\"PASS: \"\"soft expansion is a Laurent series\"\n"
"From remote kernel:"
"\"PASS: \"\"soft expansion is a Laurent series\"\n"
"From remote kernel:"
"\"PASS: \"\"soft series covers the requested pole order\"\n"
"From remote kernel:"
"\"PASS: \"\"soft series covers the requested pole order\"\n"
"From remote kernel:"
"\"PASS: \"\"endpoint valuation is rational\"\n"
"From remote kernel:"
"\"PASS: \"\"endpoint valuation is rational\"\n"
"From remote kernel:"
"\"PASS: \"\"soft expansion is a Laurent series\"\n"
"From remote kernel:"
"\"PASS: \"\"soft expansion is a Laurent series\"\n"
"From remote kernel:"
"\"PASS: \"\"soft series covers the requested pole order\"\n"
"From remote kernel:"
"\"PASS: \"\"soft series covers the requested pole order\"\n"
"From remote kernel:"
"\"PASS: \"\"soft coefficients contain no recoil variable\"\n"
"From remote kernel:"
"\"Pg\"\" real term \"147\"/\"187\"; memory = \"295379944\n"
"From remote kernel:"
"\"Pg\"\" real term \"148\"/\"187\"; memory = \"223482816\n"
"From remote kernel:"
"\"PASS: \"\"endpoint valuation is rational\"\n"
"From remote kernel:"
"\"PASS: \"\"soft expansion is a Laurent series\"\n"
"From remote kernel:"
"\"PASS: \"\"soft series covers the requested pole order\"\n"
"From remote kernel:"
"\"PASS: \"\"ordinary real term is fully evaluated\"\n"
"From remote kernel:"
"\"PASS: \"\"endpoint valuation is rational\"\n"
"From remote kernel:"
"\"PASS: \"\"massless soft argument is a hypergeometric endpoint\"\n"
"From remote kernel:"
"\"PASS: \"\"endpoint valuation is rational\"\n"
"From remote kernel:"
"\"PASS: \"\"coalescing variable has a positive regular factor\"\n"
"From remote kernel:"
"\"PASS: \"\"soft expansion is a Laurent series\"\n"
"From remote kernel:"
"\"PASS: \"\"soft series covers the requested pole order\"\n"
"From remote kernel:"
"\"PASS: \"\"soft expansion is a Laurent series\"\n"
"From remote kernel:"
"\"PASS: \"\"soft series covers the requested pole order\"\n"
"From remote kernel:"
"\"PASS: \"\"one mixed denominator is massive\"\n"
"From remote kernel:"
"\"PASS: \"\"ordinary real term is fully evaluated\"\n"
"From remote kernel:"
"\"PASS: \"\"soft coefficients contain no recoil variable\"\n"
"From remote kernel:"
"\"Pg\"\" real term \"149\"/\"187\"; memory = \"277477816\n"
"From remote kernel:"
"\"PASS: \"\"massive angular denominator stays separated at the soft endpoint\"\n"
"From remote kernel:"
"\"PASS: \"\"soft expansion is a Laurent series\"\n"
"From remote kernel:"
"\"PASS: \"\"soft series covers the requested pole order\"\n"
"From remote kernel:"
"\"PASS: \"\"soft coefficients contain no recoil variable\"\n"
"From remote kernel:"
"\"PASS: \"\"massive angular denominator stays separated at the soft endpoint\"\n"
"From remote kernel:"
"\"PASS: \"\"soft expansion is a Laurent series\"\n"
"From remote kernel:"
"\"PASS: \"\"soft series covers the requested pole order\"\n"
"From remote kernel:"
"\"PASS: \"\"one mixed denominator is massive\"\n"
"From remote kernel:"
"\"PASS: \"\"soft coefficients contain no recoil variable\"\n"
"From remote kernel:"
"\"PASS: \"\"soft coefficients contain no recoil variable\"\n"
"From remote kernel:"
"\"PASS: \"\"endpoint valuation is rational\"\n"
"From remote kernel:"
"\"PASS: \"\"massless soft argument is a hypergeometric endpoint\"\n"
"From remote kernel:"
"\"PASS: \"\"endpoint valuation is rational\"\n"
"From remote kernel:"
"\"Pg\"\" real term \"150\"/\"187\"; memory = \"224799280\n"
"From remote kernel:"
"\"PASS: \"\"coalescing variable has a positive regular factor\"\n"
"From remote kernel:"
"\"PASS: \"\"ordinary real term is fully evaluated\"\n"
"From remote kernel:"
"\"PASS: \"\"soft expansion is a Laurent series\"\n"
"From remote kernel:"
"\"PASS: \"\"soft series covers the requested pole order\"\n"
"From remote kernel:"
"\"PASS: \"\"soft expansion is a Laurent series\"\n"
"From remote kernel:"
"\"PASS: \"\"soft series covers the requested pole order\"\n"
"From remote kernel:"
"\"PASS: \"\"massive angular denominator stays separated at the soft endpoint\"\n"
"From remote kernel:"
"\"PASS: \"\"ordinary real term is fully evaluated\"\n"
"From remote kernel:"
"\"PASS: \"\"massive angular denominator stays separated at the soft endpoint\"\n"
"From remote kernel:"
"\"PASS: \"\"soft expansion is a Laurent series\"\n"
"From remote kernel:"
"\"PASS: \"\"soft series covers the requested pole order\"\n"
"From remote kernel:"
"\"PASS: \"\"soft expansion is a Laurent series\"\n"
"From remote kernel:"
"\"PASS: \"\"soft series covers the requested pole order\"\n"
"From remote kernel:"
"\"PASS: \"\"soft coefficients contain no recoil variable\"\n"
"From remote kernel:"
"\"PASS: \"\"soft coefficients contain no recoil variable\"\n"
"From remote kernel:"
"\"PASS: \"\"massive angular denominator stays separated at the soft endpoint\"\n"
"From remote kernel:"
"\"PASS: \"\"soft coefficients contain no recoil variable\"\n"
"From remote kernel:"
"\"PASS: \"\"massive angular denominator stays separated at the soft endpoint\"\n"
"From remote kernel:"
"\"Pg\"\" real term \"151\"/\"187\"; memory = \"294975296\n"
"From remote kernel:"
"\"PASS: \"\"soft expansion is a Laurent series\"\n"
"From remote kernel:"
"\"PASS: \"\"soft series covers the requested pole order\"\n"
"From remote kernel:"
"\"PASS: \"\"soft expansion is a Laurent series\"\n"
"From remote kernel:"
"\"PASS: \"\"soft series covers the requested pole order\"\n"
"From remote kernel:"
"\"PASS: \"\"one mixed denominator is massive\"\n"
"From remote kernel:"
"\"PASS: \"\"soft coefficients contain no recoil variable\"\n"
"From remote kernel:"
"\"PASS: \"\"soft coefficients contain no recoil variable\"\n"
"From remote kernel:"
"\"Pg\"\" real term \"152\"/\"187\"; memory = \"223147616\n"
"From remote kernel:"
"\"Pg\"\" real term \"153\"/\"187\"; memory = \"278154640\n"
"From remote kernel:"
"\"PASS: \"\"ordinary real term is fully evaluated\"\n"
"From remote kernel:"
"\"PASS: \"\"massive angular denominator stays separated at the soft endpoint\"\n"
"From remote kernel:"
"\"PASS: \"\"soft expansion is a Laurent series\"\n"
"From remote kernel:"
"\"PASS: \"\"soft series covers the requested pole order\"\n"
"From remote kernel:"
"\"PASS: \"\"ordinary real term is fully evaluated\"\n"
"From remote kernel:"
"\"PASS: \"\"massive angular denominator stays separated at the soft endpoint\"\n"
MONITOR_HEARTBEAT elapsed=121s rss=1827.0MiB peak=1913.2MiB
"From remote kernel:"
"\"PASS: \"\"soft coefficients contain no recoil variable\"\n"
"From remote kernel:"
"\"PASS: \"\"massive angular denominator stays separated at the soft endpoint\"\n"
"From remote kernel:"
"\"PASS: \"\"soft expansion is a Laurent series\"\n"
"From remote kernel:"
"\"PASS: \"\"soft expansion is a Laurent series\"\n"
"From remote kernel:"
"\"PASS: \"\"soft series covers the requested pole order\"\n"
"From remote kernel:"
"\"PASS: \"\"soft series covers the requested pole order\"\n"
"From remote kernel:"
"\"PASS: \"\"soft coefficients contain no recoil variable\"\n"
"From remote kernel:"
"\"PASS: \"\"massive angular denominator stays separated at the soft endpoint\"\n"
"From remote kernel:"
"\"PASS: \"\"soft coefficients contain no recoil variable\"\n"
"From remote kernel:"
"\"Pg\"\" real term \"154\"/\"187\"; memory = \"227042976\n"
"From remote kernel:"
"\"PASS: \"\"soft expansion is a Laurent series\"\n"
"From remote kernel:"
"\"PASS: \"\"soft series covers the requested pole order\"\n"
"From remote kernel:"
"\"PASS: \"\"ordinary real term is fully evaluated\"\n"
"From remote kernel:"
"\"PASS: \"\"massive angular denominator stays separated at the soft endpoint\"\n"
"From remote kernel:"
"\"PASS: \"\"soft coefficients contain no recoil variable\"\n"
"From remote kernel:"
"\"Pg\"\" real term \"155\"/\"187\"; memory = \"281256368\n"
"From remote kernel:"
"\"PASS: \"\"soft expansion is a Laurent series\"\n"
"From remote kernel:"
"\"PASS: \"\"soft series covers the requested pole order\"\n"
"From remote kernel:"
"\"PASS: \"\"soft coefficients contain no recoil variable\"\n"
"From remote kernel:"
"\"PASS: \"\"massive angular denominator stays separated at the soft endpoint\"\n"
"From remote kernel:"
"\"PASS: \"\"soft expansion is a Laurent series\"\n"
"From remote kernel:"
"\"PASS: \"\"soft series covers the requested pole order\"\n"
"From remote kernel:"
"\"PASS: \"\"soft coefficients contain no recoil variable\"\n"
"From remote kernel:"
"\"Pg\"\" real term \"156\"/\"187\"; memory = \"240500128\n"
"From remote kernel:"
"\"PASS: \"\"ordinary real term is fully evaluated\"\n"
"From remote kernel:"
"\"PASS: \"\"massive angular denominator stays separated at the soft endpoint\"\n"
"From remote kernel:"
"\"PASS: \"\"soft expansion is a Laurent series\"\n"
"From remote kernel:"
"\"PASS: \"\"soft series covers the requested pole order\"\n"
"From remote kernel:"
"\"PASS: \"\"soft coefficients contain no recoil variable\"\n"
"From remote kernel:"
"\"PASS: \"\"massive angular denominator stays separated at the soft endpoint\"\n"
"From remote kernel:"
"\"PASS: \"\"soft expansion is a Laurent series\"\n"
"From remote kernel:"
"\"PASS: \"\"soft series covers the requested pole order\"\n"
"From remote kernel:"
"\"PASS: \"\"soft coefficients contain no recoil variable\"\n"
"From remote kernel:"
"\"Pg\"\" real term \"157\"/\"187\"; memory = \"245060824\n"
"From remote kernel:"
"\"PASS: \"\"ordinary real term is fully evaluated\"\n"
"From remote kernel:"
"\"PASS: \"\"massive angular denominator stays separated at the soft endpoint\"\n"
"From remote kernel:"
"\"PASS: \"\"soft expansion is a Laurent series\"\n"
"From remote kernel:"
"\"PASS: \"\"soft series covers the requested pole order\"\n"
"From remote kernel:"
"\"PASS: \"\"soft coefficients contain no recoil variable\"\n"
"From remote kernel:"
"\"PASS: \"\"massive angular denominator stays separated at the soft endpoint\"\n"
"From remote kernel:"
"\"PASS: \"\"soft expansion is a Laurent series\"\n"
"From remote kernel:"
"\"PASS: \"\"soft series covers the requested pole order\"\n"
"From remote kernel:"
"\"PASS: \"\"soft coefficients contain no recoil variable\"\n"
"From remote kernel:"
"\"Pg\"\" real term \"158\"/\"187\"; memory = \"252927648\n"
"From remote kernel:"
"\"PASS: \"\"ordinary real term is fully evaluated\"\n"
"From remote kernel:"
"\"PASS: \"\"massive angular denominator stays separated at the soft endpoint\"\n"
"From remote kernel:"
"\"PASS: \"\"soft expansion is a Laurent series\"\n"
"From remote kernel:"
"\"PASS: \"\"soft series covers the requested pole order\"\n"
"From remote kernel:"
"\"PASS: \"\"soft coefficients contain no recoil variable\"\n"
"From remote kernel:"
"\"PASS: \"\"massive angular denominator stays separated at the soft endpoint\"\n"
"From remote kernel:"
"\"PASS: \"\"soft expansion is a Laurent series\"\n"
"From remote kernel:"
"\"PASS: \"\"soft series covers the requested pole order\"\n"
"From remote kernel:"
"\"PASS: \"\"soft coefficients contain no recoil variable\"\n"
"From remote kernel:"
"\"Pg\"\" real term \"159\"/\"187\"; memory = \"266051496\n"
"From remote kernel:"
"\"PASS: \"\"ordinary real term is fully evaluated\"\n"
"From remote kernel:"
"\"PASS: \"\"massive angular denominator stays separated at the soft endpoint\"\n"
"From remote kernel:"
"\"PASS: \"\"soft expansion is a Laurent series\"\n"
"From remote kernel:"
"\"PASS: \"\"soft series covers the requested pole order\"\n"
"From remote kernel:"
"\"PASS: \"\"soft coefficients contain no recoil variable\"\n"
"From remote kernel:"
"\"PASS: \"\"massive angular denominator stays separated at the soft endpoint\"\n"
"From remote kernel:"
"\"PASS: \"\"soft expansion is a Laurent series\"\n"
"From remote kernel:"
"\"PASS: \"\"soft series covers the requested pole order\"\n"
"From remote kernel:"
"\"PASS: \"\"soft coefficients contain no recoil variable\"\n"
"From remote kernel:"
"\"Pg\"\" real term \"160\"/\"187\"; memory = \"283977360\n"
"From remote kernel:"
"\"PASS: \"\"ordinary real term is fully evaluated\"\n"
"From remote kernel:"
"\"PASS: \"\"massive angular denominator stays separated at the soft endpoint\"\n"
"From remote kernel:"
"\"PASS: \"\"ordinary real term is fully evaluated\"\n"
"From remote kernel:"
"\"PASS: \"\"massive angular denominator stays separated at the soft endpoint\"\n"
"From remote kernel:"
"\"PASS: \"\"mixed angular endpoint approach follows from its domain\"\n"
"From remote kernel:"
"\"PASS: \"\"inverted dilogarithm arguments are negative on the real domain\"\n"
"From remote kernel:"
"\"PASS: \"\"inverse hyperbolic logarithms preserve derivative and anchor\"\n"
"From remote kernel:"
"\"PASS: \"\"soft expansion is a Laurent series\"\n"
"From remote kernel:"
"\"PASS: \"\"soft series covers the requested pole order\"\n"
"From remote kernel:"
"\"PASS: \"\"soft coefficients contain no recoil variable\"\n"
"From remote kernel:"
"\"PASS: \"\"massive angular denominator stays separated at the soft endpoint\"\n"
"From remote kernel:"
"\"PASS: \"\"soft expansion is a Laurent series\"\n"
"From remote kernel:"
"\"PASS: \"\"soft series covers the requested pole order\"\n"
"From remote kernel:"
"\"PASS: \"\"soft coefficients contain no recoil variable\"\n"
"From remote kernel:"
"\"PASS: \"\"massive angular denominator stays separated at the soft endpoint\"\n"
"From remote kernel:"
"\"PASS: \"\"mixed angular endpoint approach follows from its domain\"\n"
"From remote kernel:"
"\"PASS: \"\"inverted dilogarithm arguments are negative on the real domain\"\n"
"From remote kernel:"
"\"PASS: \"\"inverse hyperbolic logarithms preserve derivative and anchor\"\n"
"From remote kernel:"
"\"PASS: \"\"ordinary real term is fully evaluated\"\n"
"From remote kernel:"
"\"PASS: \"\"massive angular denominator stays separated at the soft endpoint\"\n"
"From remote kernel:"
"\"PASS: \"\"soft expansion is a Laurent series\"\n"
"From remote kernel:"
"\"PASS: \"\"soft series covers the requested pole order\"\n"
"From remote kernel:"
"\"PASS: \"\"soft expansion is a Laurent series\"\n"
"From remote kernel:"
"\"PASS: \"\"soft series covers the requested pole order\"\n"
"From remote kernel:"
"\"PASS: \"\"soft coefficients contain no recoil variable\"\n"
"From remote kernel:"
"\"Pg\"\" real term \"161\"/\"187\"; memory = \"305123064\n"
"From remote kernel:"
"\"PASS: \"\"ordinary real term is fully evaluated\"\n"
"From remote kernel:"
"\"PASS: \"\"massive angular denominator stays separated at the soft endpoint\"\n"
"From remote kernel:"
"\"PASS: \"\"soft expansion is a Laurent series\"\n"
"From remote kernel:"
"\"PASS: \"\"soft series covers the requested pole order\"\n"
"From remote kernel:"
"\"PASS: \"\"soft coefficients contain no recoil variable\"\n"
"From remote kernel:"
"\"PASS: \"\"soft coefficients contain no recoil variable\"\n"
"From remote kernel:"
"\"PASS: \"\"massive angular denominator stays separated at the soft endpoint\"\n"
"From remote kernel:"
"\"PASS: \"\"soft expansion is a Laurent series\"\n"
"From remote kernel:"
"\"PASS: \"\"soft series covers the requested pole order\"\n"
"From remote kernel:"
"\"Pg\"\" real term \"162\"/\"187\"; memory = \"223434808\n"
"From remote kernel:"
"\"PASS: \"\"ordinary real term is fully evaluated\"\n"
"From remote kernel:"
"\"PASS: \"\"massive angular denominator stays separated at the soft endpoint\"\n"
"From remote kernel:"
"\"PASS: \"\"soft coefficients contain no recoil variable\"\n"
"From remote kernel:"
"\"Pg\"\" real term \"163\"/\"187\"; memory = \"303477864\n"
"From remote kernel:"
"\"PASS: \"\"soft expansion is a Laurent series\"\n"
"From remote kernel:"
"\"PASS: \"\"soft series covers the requested pole order\"\n"
"From remote kernel:"
"\"PASS: \"\"ordinary real term is fully evaluated\"\n"
"From remote kernel:"
"\"PASS: \"\"massive angular denominator stays separated at the soft endpoint\"\n"
"From remote kernel:"
"\"PASS: \"\"soft coefficients contain no recoil variable\"\n"
"From remote kernel:"
"\"PASS: \"\"massive angular denominator stays separated at the soft endpoint\"\n"
"From remote kernel:"
"\"PASS: \"\"soft expansion is a Laurent series\"\n"
"From remote kernel:"
"\"PASS: \"\"soft series covers the requested pole order\"\n"
"From remote kernel:"
"\"PASS: \"\"soft expansion is a Laurent series\"\n"
"From remote kernel:"
"\"PASS: \"\"soft series covers the requested pole order\"\n"
"From remote kernel:"
"\"PASS: \"\"soft coefficients contain no recoil variable\"\n"
"From remote kernel:"
"\"PASS: \"\"soft coefficients contain no recoil variable\"\n"
"From remote kernel:"
"\"Pg\"\" real term \"164\"/\"187\"; memory = \"234957184\n"
"From remote kernel:"
"\"PASS: \"\"massive angular denominator stays separated at the soft endpoint\"\n"
"From remote kernel:"
"\"PASS: \"\"soft expansion is a Laurent series\"\n"
"From remote kernel:"
"\"PASS: \"\"soft series covers the requested pole order\"\n"
"From remote kernel:"
"\"PASS: \"\"ordinary real term is fully evaluated\"\n"
"From remote kernel:"
"\"PASS: \"\"massive angular denominator stays separated at the soft endpoint\"\n"
"From remote kernel:"
"\"PASS: \"\"soft coefficients contain no recoil variable\"\n"
"From remote kernel:"
"\"Pg\"\" real term \"165\"/\"187\"; memory = \"308595376\n"
"From remote kernel:"
"\"PASS: \"\"soft expansion is a Laurent series\"\n"
"From remote kernel:"
"\"PASS: \"\"soft series covers the requested pole order\"\n"
"From remote kernel:"
"\"PASS: \"\"soft expansion is a Laurent series\"\n"
"From remote kernel:"
"\"PASS: \"\"soft series covers the requested pole order\"\n"
"From remote kernel:"
"\"PASS: \"\"ordinary real term is fully evaluated\"\n"
"From remote kernel:"
"\"PASS: \"\"massive angular denominator stays separated at the soft endpoint\"\n"
"From remote kernel:"
"\"PASS: \"\"soft coefficients contain no recoil variable\"\n"
"From remote kernel:"
"\"PASS: \"\"massive angular denominator stays separated at the soft endpoint\"\n"
"From remote kernel:"
"\"PASS: \"\"soft expansion is a Laurent series\"\n"
"From remote kernel:"
"\"PASS: \"\"soft series covers the requested pole order\"\n"
"From remote kernel:"
"\"PASS: \"\"soft coefficients contain no recoil variable\"\n"
"From remote kernel:"
"\"PASS: \"\"soft expansion is a Laurent series\"\n"
"From remote kernel:"
"\"PASS: \"\"soft series covers the requested pole order\"\n"
"From remote kernel:"
"\"PASS: \"\"massive angular denominator stays separated at the soft endpoint\"\n"
"From remote kernel:"
"\"PASS: \"\"soft coefficients contain no recoil variable\"\n"
"From remote kernel:"
"\"PASS: \"\"soft coefficients contain no recoil variable\"\n"
"From remote kernel:"
"\"Pg\"\" real term \"166\"/\"187\"; memory = \"259805544\n"
"From remote kernel:"
"\"PASS: \"\"massive angular denominator stays separated at the soft endpoint\"\n"
"From remote kernel:"
"\"PASS: \"\"soft expansion is a Laurent series\"\n"
"From remote kernel:"
"\"PASS: \"\"soft series covers the requested pole order\"\n"
"From remote kernel:"
"\"PASS: \"\"soft coefficients contain no recoil variable\"\n"
"From remote kernel:"
"\"Pg\"\" real term \"167\"/\"187\"; memory = \"320946616\n"
"From remote kernel:"
"\"PASS: \"\"ordinary real term is fully evaluated\"\n"
"From remote kernel:"
"\"PASS: \"\"massive angular denominator stays separated at the soft endpoint\"\n"
"From remote kernel:"
"\"PASS: \"\"soft expansion is a Laurent series\"\n"
"From remote kernel:"
"\"PASS: \"\"soft series covers the requested pole order\"\n"
"From remote kernel:"
"\"PASS: \"\"ordinary real term is fully evaluated\"\n"
"From remote kernel:"
"\"PASS: \"\"massive angular denominator stays separated at the soft endpoint\"\n"
"From remote kernel:"
"\"PASS: \"\"soft coefficients contain no recoil variable\"\n"
"From remote kernel:"
"\"PASS: \"\"massive angular denominator stays separated at the soft endpoint\"\n"
"From remote kernel:"
"\"PASS: \"\"soft expansion is a Laurent series\"\n"
"From remote kernel:"
"\"PASS: \"\"soft series covers the requested pole order\"\n"
"From remote kernel:"
"\"PASS: \"\"soft coefficients contain no recoil variable\"\n"
"From remote kernel:"
"\"Pg\"\" real term \"168\"/\"187\"; memory = \"320004960\n"
"From remote kernel:"
"\"PASS: \"\"ordinary real term is fully evaluated\"\n"
"From remote kernel:"
"\"PASS: \"\"massive angular denominator stays separated at the soft endpoint\"\n"
"From remote kernel:"
"\"PASS: \"\"soft expansion is a Laurent series\"\n"
"From remote kernel:"
"\"PASS: \"\"soft series covers the requested pole order\"\n"
"From remote kernel:"
"\"PASS: \"\"soft coefficients contain no recoil variable\"\n"
"From remote kernel:"
"\"PASS: \"\"massive angular denominator stays separated at the soft endpoint\"\n"
"From remote kernel:"
"\"PASS: \"\"soft expansion is a Laurent series\"\n"
"From remote kernel:"
"\"PASS: \"\"soft series covers the requested pole order\"\n"
"From remote kernel:"
"\"PASS: \"\"soft coefficients contain no recoil variable\"\n"
"From remote kernel:"
"\"Pg\"\" real term \"169\"/\"187\"; memory = \"319496144\n"
"From remote kernel:"
"\"PASS: \"\"ordinary real term is fully evaluated\"\n"
"From remote kernel:"
"\"PASS: \"\"massive angular denominator stays separated at the soft endpoint\"\n"
"From remote kernel:"
"\"PASS: \"\"soft expansion is a Laurent series\"\n"
"From remote kernel:"
"\"PASS: \"\"soft series covers the requested pole order\"\n"
"From remote kernel:"
"\"PASS: \"\"soft coefficients contain no recoil variable\"\n"
"From remote kernel:"
"\"PASS: \"\"massive angular denominator stays separated at the soft endpoint\"\n"
"From remote kernel:"
"\"PASS: \"\"soft expansion is a Laurent series\"\n"
"From remote kernel:"
"\"PASS: \"\"soft series covers the requested pole order\"\n"
"From remote kernel:"
"\"PASS: \"\"soft coefficients contain no recoil variable\"\n"
"From remote kernel:"
"\"Pg\"\" real term \"170\"/\"187\"; memory = \"323074784\n"
"From remote kernel:"
"\"PASS: \"\"soft expansion is a Laurent series\"\n"
"From remote kernel:"
"\"PASS: \"\"soft series covers the requested pole order\"\n"
"From remote kernel:"
"\"PASS: \"\"soft expansion is a Laurent series\"\n"
"From remote kernel:"
"\"PASS: \"\"soft series covers the requested pole order\"\n"
"From remote kernel:"
"\"PASS: \"\"ordinary real term is fully evaluated\"\n"
"From remote kernel:"
"\"PASS: \"\"massive angular denominator stays separated at the soft endpoint\"\n"
"From remote kernel:"
"\"PASS: \"\"soft coefficients contain no recoil variable\"\n"
"From remote kernel:"
"\"PASS: \"\"massive angular denominator stays separated at the soft endpoint\"\n"
"From remote kernel:"
"\"PASS: \"\"soft expansion is a Laurent series\"\n"
"From remote kernel:"
"\"PASS: \"\"soft series covers the requested pole order\"\n"
"From remote kernel:"
"\"PASS: \"\"soft coefficients contain no recoil variable\"\n"
"From remote kernel:"
"\"Pg\"\" real term \"171\"/\"187\"; memory = \"311540992\n"
"From remote kernel:"
"\"PASS: \"\"soft coefficients contain no recoil variable\"\n"
"From remote kernel:"
"\"PASS: \"\"massive angular denominator stays separated at the soft endpoint\"\n"
"From remote kernel:"
"\"PASS: \"\"ordinary real term is fully evaluated\"\n"
"From remote kernel:"
"\"PASS: \"\"soft expansion is a Laurent series\"\n"
"From remote kernel:"
"\"PASS: \"\"soft series covers the requested pole order\"\n"
"From remote kernel:"
"\"PASS: \"\"massive angular denominator stays separated at the soft endpoint\"\n"
"From remote kernel:"
"\"PASS: \"\"soft coefficients contain no recoil variable\"\n"
"From remote kernel:"
"\"PASS: \"\"soft expansion is a Laurent series\"\n"
"From remote kernel:"
"\"PASS: \"\"soft series covers the requested pole order\"\n"
"From remote kernel:"
"\"PASS: \"\"soft coefficients contain no recoil variable\"\n"
"From remote kernel:"
"\"PASS: \"\"massive angular denominator stays separated at the soft endpoint\"\n"
"From remote kernel:"
"\"Pg\"\" real term \"172\"/\"187\"; memory = \"223624304\n"
"From remote kernel:"
"\"PASS: \"\"ordinary real term is fully evaluated\"\n"
"From remote kernel:"
"\"PASS: \"\"soft expansion is a Laurent series\"\n"
"From remote kernel:"
"\"PASS: \"\"soft series covers the requested pole order\"\n"
"From remote kernel:"
"\"PASS: \"\"massive angular denominator stays separated at the soft endpoint\"\n"
"From remote kernel:"
"\"PASS: \"\"soft coefficients contain no recoil variable\"\n"
"From remote kernel:"
"\"Pg\"\" real term \"173\"/\"187\"; memory = \"323996272\n"
"From remote kernel:"
"\"PASS: \"\"soft expansion is a Laurent series\"\n"
"From remote kernel:"
"\"PASS: \"\"soft series covers the requested pole order\"\n"
"From remote kernel:"
"\"PASS: \"\"ordinary real term is fully evaluated\"\n"
"From remote kernel:"
"\"PASS: \"\"massive angular denominator stays separated at the soft endpoint\"\n"
"From remote kernel:"
"\"PASS: \"\"soft coefficients contain no recoil variable\"\n"
"From remote kernel:"
"\"PASS: \"\"massive angular denominator stays separated at the soft endpoint\"\n"
"From remote kernel:"
"\"PASS: \"\"soft expansion is a Laurent series\"\n"
"From remote kernel:"
"\"PASS: \"\"soft series covers the requested pole order\"\n"
"From remote kernel:"
"\"PASS: \"\"soft coefficients contain no recoil variable\"\n"
"From remote kernel:"
"\"Pg\"\" real term \"174\"/\"187\"; memory = \"244949224\n"
"From remote kernel:"
"\"PASS: \"\"soft expansion is a Laurent series\"\n"
"From remote kernel:"
"\"PASS: \"\"soft series covers the requested pole order\"\n"
"From remote kernel:"
"\"PASS: \"\"soft coefficients contain no recoil variable\"\n"
"From remote kernel:"
"\"Pg\"\" real term \"175\"/\"187\"; memory = \"281928456\n"
"From remote kernel:"
"\"PASS: \"\"ordinary real term is fully evaluated\"\n"
"From remote kernel:"
"\"PASS: \"\"massive angular denominator stays separated at the soft endpoint\"\n"
"From remote kernel:"
"\"PASS: \"\"ordinary real term is fully evaluated\"\n"
"From remote kernel:"
"\"PASS: \"\"massive angular denominator stays separated at the soft endpoint\"\n"
"From remote kernel:"
"\"PASS: \"\"soft expansion is a Laurent series\"\n"
"From remote kernel:"
"\"PASS: \"\"soft series covers the requested pole order\"\n"
"From remote kernel:"
"\"PASS: \"\"soft expansion is a Laurent series\"\n"
"From remote kernel:"
"\"PASS: \"\"soft series covers the requested pole order\"\n"
"From remote kernel:"
"\"PASS: \"\"soft coefficients contain no recoil variable\"\n"
"From remote kernel:"
"\"PASS: \"\"massive angular denominator stays separated at the soft endpoint\"\n"
"From remote kernel:"
"\"PASS: \"\"soft coefficients contain no recoil variable\"\n"
"From remote kernel:"
"\"PASS: \"\"soft expansion is a Laurent series\"\n"
"From remote kernel:"
"\"PASS: \"\"soft series covers the requested pole order\"\n"
"From remote kernel:"
"\"PASS: \"\"massive angular denominator stays separated at the soft endpoint\"\n"
"From remote kernel:"
"\"PASS: \"\"soft expansion is a Laurent series\"\n"
"From remote kernel:"
"\"PASS: \"\"soft series covers the requested pole order\"\n"
"From remote kernel:"
"\"PASS: \"\"soft coefficients contain no recoil variable\"\n"
"From remote kernel:"
"\"Pg\"\" real term \"176\"/\"187\"; memory = \"257365632\n"
"From remote kernel:"
"\"PASS: \"\"soft coefficients contain no recoil variable\"\n"
"From remote kernel:"
"\"Pg\"\" real term \"177\"/\"187\"; memory = \"285896624\n"
"From remote kernel:"
"\"PASS: \"\"ordinary real term is fully evaluated\"\n"
"From remote kernel:"
"\"PASS: \"\"ordinary real term is fully evaluated\"\n"
"From remote kernel:"
"\"PASS: \"\"massive angular denominator stays separated at the soft endpoint\"\n"
"From remote kernel:"
"\"PASS: \"\"massive angular denominator stays separated at the soft endpoint\"\n"
"From remote kernel:"
"\"PASS: \"\"soft expansion is a Laurent series\"\n"
"From remote kernel:"
"\"PASS: \"\"soft expansion is a Laurent series\"\n"
"From remote kernel:"
"\"PASS: \"\"soft series covers the requested pole order\"\n"
"From remote kernel:"
"\"PASS: \"\"soft series covers the requested pole order\"\n"
"From remote kernel:"
"\"PASS: \"\"soft expansion is a Laurent series\"\n"
"From remote kernel:"
"\"PASS: \"\"soft series covers the requested pole order\"\n"
"From remote kernel:"
"\"PASS: \"\"soft coefficients contain no recoil variable\"\n"
"From remote kernel:"
"\"PASS: \"\"soft coefficients contain no recoil variable\"\n"
"From remote kernel:"
"\"PASS: \"\"soft coefficients contain no recoil variable\"\n"
"From remote kernel:"
"\"PASS: \"\"massive angular denominator stays separated at the soft endpoint\"\n"
"From remote kernel:"
"\"PASS: \"\"massive angular denominator stays separated at the soft endpoint\"\n"
"From remote kernel:"
"\"PASS: \"\"massive angular denominator stays separated at the soft endpoint\"\n"
"From remote kernel:"
"\"PASS: \"\"soft expansion is a Laurent series\"\n"
"From remote kernel:"
"\"PASS: \"\"soft series covers the requested pole order\"\n"
"From remote kernel:"
"\"PASS: \"\"soft expansion is a Laurent series\"\n"
"From remote kernel:"
"\"PASS: \"\"soft series covers the requested pole order\"\n"
"From remote kernel:"
"\"PASS: \"\"soft coefficients contain no recoil variable\"\n"
"From remote kernel:"
"\"Pg\"\" real term \"178\"/\"187\"; memory = \"292970864\n"
"From remote kernel:"
"\"PASS: \"\"soft coefficients contain no recoil variable\"\n"
"From remote kernel:"
"\"Pg\"\" real term \"179\"/\"187\"; memory = \"269272800\n"
"From remote kernel:"
"\"PASS: \"\"ordinary real term is fully evaluated\"\n"
"From remote kernel:"
"\"PASS: \"\"ordinary real term is fully evaluated\"\n"
"From remote kernel:"
"\"PASS: \"\"massive angular denominator stays separated at the soft endpoint\"\n"
"From remote kernel:"
"\"PASS: \"\"massive angular denominator stays separated at the soft endpoint\"\n"
"From remote kernel:"
"\"PASS: \"\"soft expansion is a Laurent series\"\n"
"From remote kernel:"
"\"PASS: \"\"soft expansion is a Laurent series\"\n"
"From remote kernel:"
"\"PASS: \"\"soft series covers the requested pole order\"\n"
"From remote kernel:"
"\"PASS: \"\"soft series covers the requested pole order\"\n"
"From remote kernel:"
"\"PASS: \"\"soft coefficients contain no recoil variable\"\n"
"From remote kernel:"
"\"PASS: \"\"massive angular denominator stays separated at the soft endpoint\"\n"
"From remote kernel:"
"\"PASS: \"\"soft coefficients contain no recoil variable\"\n"
"From remote kernel:"
"\"PASS: \"\"massive angular denominator stays separated at the soft endpoint\"\n"
"From remote kernel:"
"\"PASS: \"\"soft expansion is a Laurent series\"\n"
"From remote kernel:"
"\"PASS: \"\"soft series covers the requested pole order\"\n"
"From remote kernel:"
"\"PASS: \"\"soft coefficients contain no recoil variable\"\n"
"From remote kernel:"
"\"PASS: \"\"soft expansion is a Laurent series\"\n"
"From remote kernel:"
"\"PASS: \"\"soft series covers the requested pole order\"\n"
"From remote kernel:"
"\"Pg\"\" real term \"180\"/\"187\"; memory = \"275010848\n"
"From remote kernel:"
"\"PASS: \"\"soft coefficients contain no recoil variable\"\n"
"From remote kernel:"
"\"Pg\"\" real term \"181\"/\"187\"; memory = \"296289144\n"
"From remote kernel:"
"\"PASS: \"\"ordinary real term is fully evaluated\"\n"
"From remote kernel:"
"\"PASS: \"\"massive angular denominator stays separated at the soft endpoint\"\n"
"From remote kernel:"
"\"PASS: \"\"mixed angular endpoint approach follows from its domain\"\n"
"From remote kernel:"
"\"PASS: \"\"inverted dilogarithm arguments are negative on the real domain\"\n"
"From remote kernel:"
"\"PASS: \"\"inverse hyperbolic logarithms preserve derivative and anchor\"\n"
"From remote kernel:"
"\"PASS: \"\"ordinary real term is fully evaluated\"\n"
"From remote kernel:"
"\"PASS: \"\"massive angular denominator stays separated at the soft endpoint\"\n"
"From remote kernel:"
"\"PASS: \"\"mixed angular endpoint approach follows from its domain\"\n"
"From remote kernel:"
"\"PASS: \"\"inverted dilogarithm arguments are negative on the real domain\"\n"
"From remote kernel:"
"\"PASS: \"\"inverse hyperbolic logarithms preserve derivative and anchor\"\n"
"From remote kernel:"
"\"PASS: \"\"soft expansion is a Laurent series\"\n"
"From remote kernel:"
"\"PASS: \"\"soft series covers the requested pole order\"\n"
"From remote kernel:"
"\"PASS: \"\"soft coefficients contain no recoil variable\"\n"
"From remote kernel:"
"\"Pg\"\" real term \"182\"/\"187\"; memory = \"327725672\n"
"From remote kernel:"
"\"PASS: \"\"soft expansion is a Laurent series\"\n"
"From remote kernel:"
"\"PASS: \"\"soft series covers the requested pole order\"\n"
"From remote kernel:"
"\"PASS: \"\"soft coefficients contain no recoil variable\"\n"
MONITOR_HEARTBEAT elapsed=151s rss=1866.5MiB peak=1913.2MiB
"From remote kernel:"
"\"PASS: \"\"massive angular denominator stays separated at the soft endpoint\"\n"
"From remote kernel:"
"\"PASS: \"\"mixed angular endpoint approach follows from its domain\"\n"
"From remote kernel:"
"\"PASS: \"\"inverted dilogarithm arguments are negative on the real domain\"\n"
"From remote kernel:"
"\"PASS: \"\"inverse hyperbolic logarithms preserve derivative and anchor\"\n"
"From remote kernel:"
"\"PASS: \"\"soft expansion is a Laurent series\"\n"
"From remote kernel:"
"\"PASS: \"\"soft series covers the requested pole order\"\n"
"From remote kernel:"
"\"PASS: \"\"soft coefficients contain no recoil variable\"\n"
"From remote kernel:"
"\"PASS: \"\"massive angular denominator stays separated at the soft endpoint\"\n"
"From remote kernel:"
"\"PASS: \"\"mixed angular endpoint approach follows from its domain\"\n"
"From remote kernel:"
"\"PASS: \"\"inverted dilogarithm arguments are negative on the real domain\"\n"
"From remote kernel:"
"\"PASS: \"\"inverse hyperbolic logarithms preserve derivative and anchor\"\n"
"From remote kernel:"
"\"PASS: \"\"soft expansion is a Laurent series\"\n"
"From remote kernel:"
"\"PASS: \"\"soft series covers the requested pole order\"\n"
"From remote kernel:"
"\"PASS: \"\"soft expansion is a Laurent series\"\n"
"From remote kernel:"
"\"PASS: \"\"soft series covers the requested pole order\"\n"
"From remote kernel:"
"\"PASS: \"\"soft coefficients contain no recoil variable\"\n"
"From remote kernel:"
"\"PASS: \"\"soft coefficients contain no recoil variable\"\n"
"From remote kernel:"
"\"Pg\"\" real term \"183\"/\"187\"; memory = \"326200624\n"
"From remote kernel:"
"\"PASS: \"\"one mixed denominator is massive\"\n"
"From remote kernel:"
"\"Pg\"\" real term \"184\"/\"187\"; memory = \"223816800\n"
"From remote kernel:"
"\"PASS: \"\"ordinary real term is fully evaluated\"\n"
"From remote kernel:"
"\"PASS: \"\"massive angular denominator stays separated at the soft endpoint\"\n"
"From remote kernel:"
"\"PASS: \"\"ordinary real term is fully evaluated\"\n"
"From remote kernel:"
"\"PASS: \"\"massive angular denominator stays separated at the soft endpoint\"\n"
"From remote kernel:"
"\"PASS: \"\"mixed angular endpoint approach follows from its domain\"\n"
"From remote kernel:"
"\"PASS: \"\"inverted dilogarithm arguments are negative on the real domain\"\n"
"From remote kernel:"
"\"PASS: \"\"inverse hyperbolic logarithms preserve derivative and anchor\"\n"
"From remote kernel:"
"\"PASS: \"\"ordinary real term is fully evaluated\"\n"
"From remote kernel:"
"\"PASS: \"\"massive angular denominator stays separated at the soft endpoint\"\n"
"From remote kernel:"
"\"PASS: \"\"soft expansion is a Laurent series\"\n"
"From remote kernel:"
"\"PASS: \"\"soft series covers the requested pole order\"\n"
"From remote kernel:"
"\"PASS: \"\"massive angular denominator stays separated at the soft endpoint\"\n"
"From remote kernel:"
"\"PASS: \"\"soft expansion is a Laurent series\"\n"
"From remote kernel:"
"\"PASS: \"\"soft series covers the requested pole order\"\n"
"From remote kernel:"
"\"PASS: \"\"massive angular denominator stays separated at the soft endpoint\"\n"
"From remote kernel:"
"\"PASS: \"\"mixed angular endpoint approach follows from its domain\"\n"
"From remote kernel:"
"\"PASS: \"\"inverted dilogarithm arguments are negative on the real domain\"\n"
"From remote kernel:"
"\"PASS: \"\"inverse hyperbolic logarithms preserve derivative and anchor\"\n"
"From remote kernel:"
"\"PASS: \"\"soft expansion is a Laurent series\"\n"
"From remote kernel:"
"\"PASS: \"\"soft series covers the requested pole order\"\n"
"From remote kernel:"
"\"PASS: \"\"massive angular denominator stays separated at the soft endpoint\"\n"
"From remote kernel:"
"\"PASS: \"\"soft expansion is a Laurent series\"\n"
"From remote kernel:"
"\"PASS: \"\"soft series covers the requested pole order\"\n"
"From remote kernel:"
"\"Pg\"\" real term \"185\"/\"187\"; memory = \"253038256\n"
"From remote kernel:"
"\"PASS: \"\"ordinary real term is fully evaluated\"\n"
"From remote kernel:"
"\"PASS: \"\"massive angular denominator stays separated at the soft endpoint\"\n"
"From remote kernel:"
"\"PASS: \"\"mixed angular endpoint approach follows from its domain\"\n"
"From remote kernel:"
"\"PASS: \"\"inverted dilogarithm arguments are negative on the real domain\"\n"
"From remote kernel:"
"\"PASS: \"\"inverse hyperbolic logarithms preserve derivative and anchor\"\n"
"From remote kernel:"
"\"PASS: \"\"soft expansion is a Laurent series\"\n"
"From remote kernel:"
"\"PASS: \"\"soft series covers the requested pole order\"\n"
"From remote kernel:"
"\"Pg\"\" real term \"186\"/\"187\"; memory = \"378862272\n"
"From remote kernel:"
"\"PASS: \"\"ordinary real term is fully evaluated\"\n"
"From remote kernel:"
"\"PASS: \"\"massive angular denominator stays separated at the soft endpoint\"\n"
"From remote kernel:"
"\"PASS: \"\"mixed angular endpoint approach follows from its domain\"\n"
"From remote kernel:"
"\"PASS: \"\"inverted dilogarithm arguments are negative on the real domain\"\n"
"From remote kernel:"
"\"PASS: \"\"inverse hyperbolic logarithms preserve derivative and anchor\"\n"
"From remote kernel:"
"\"PASS: \"\"soft expansion is a Laurent series\"\n"
"From remote kernel:"
"\"PASS: \"\"soft series covers the requested pole order\"\n"
"From remote kernel:"
"\"PASS: \"\"massive angular denominator stays separated at the soft endpoint\"\n"
"From remote kernel:"
"\"PASS: \"\"mixed angular endpoint approach follows from its domain\"\n"
"From remote kernel:"
"\"PASS: \"\"inverted dilogarithm arguments are negative on the real domain\"\n"
"From remote kernel:"
"\"PASS: \"\"inverse hyperbolic logarithms preserve derivative and anchor\"\n"
"From remote kernel:"
"\"PASS: \"\"soft expansion is a Laurent series\"\n"
"From remote kernel:"
"\"PASS: \"\"soft series covers the requested pole order\"\n"
"From remote kernel:"
"\"Pg\"\" real term \"187\"/\"187\"; memory = \"376224512\n"
"From remote kernel:"
"\"PASS: \"\"ordinary real term is fully evaluated\"\n"
"From remote kernel:"
"\"PASS: \"\"massive angular denominator stays separated at the soft endpoint\"\n"
"From remote kernel:"
"\"PASS: \"\"mixed angular endpoint approach follows from its domain\"\n"
"From remote kernel:"
"\"PASS: \"\"inverted dilogarithm arguments are negative on the real domain\"\n"
"From remote kernel:"
"\"PASS: \"\"inverse hyperbolic logarithms preserve derivative and anchor\"\n"
"From remote kernel:"
"\"PASS: \"\"soft expansion is a Laurent series\"\n"
"From remote kernel:"
"\"PASS: \"\"soft series covers the requested pole order\"\n"
"From remote kernel:"
"\"PASS: \"\"soft expansion is a Laurent series\"\n"
"From remote kernel:"
"\"PASS: \"\"soft series covers the requested pole order\"\n"
"From remote kernel:"
"\"PASS: \"\"massive angular denominator stays separated at the soft endpoint\"\n"
"From remote kernel:"
"\"PASS: \"\"mixed angular endpoint approach follows from its domain\"\n"
"From remote kernel:"
"\"PASS: \"\"inverted dilogarithm arguments are negative on the real domain\"\n"
"From remote kernel:"
"\"PASS: \"\"inverse hyperbolic logarithms preserve derivative and anchor\"\n"
"From remote kernel:"
"\"PASS: \"\"soft expansion is a Laurent series\"\n"
"From remote kernel:"
"\"PASS: \"\"soft series covers the requested pole order\"\n"
"From remote kernel:"
"\"PASS: \"\"massive angular denominator stays separated at the soft endpoint\"\n"
"From remote kernel:"
"\"PASS: \"\"mixed angular endpoint approach follows from its domain\"\n"
"From remote kernel:"
"\"PASS: \"\"inverted dilogarithm arguments are negative on the real domain\"\n"
"From remote kernel:"
"\"PASS: \"\"inverse hyperbolic logarithms preserve derivative and anchor\"\n"
"From remote kernel:"
"\"PASS: \"\"soft expansion is a Laurent series\"\n"
"From remote kernel:"
"\"PASS: \"\"soft series covers the requested pole order\"\n"
"From remote kernel:"
"\"PASS: \"\"soft expansion is a Laurent series\"\n"
"From remote kernel:"
"\"PASS: \"\"soft series covers the requested pole order\"\n"
MONITOR_HEARTBEAT elapsed=181s rss=1963.2MiB peak=1970.5MiB
MONITOR_HEARTBEAT elapsed=212s rss=1967.9MiB peak=1971.0MiB
"From remote kernel:"
"\"PASS: \"\"ordinary real term is fully evaluated\"\n"
"From remote kernel:"
"\"PASS: \"\"massive angular denominator stays separated at the soft endpoint\"\n"
"From remote kernel:"
"\"PASS: \"\"mixed angular endpoint approach follows from its domain\"\n"
"From remote kernel:"
"\"PASS: \"\"inverted dilogarithm arguments are negative on the real domain\"\n"
"From remote kernel:"
"\"PASS: \"\"inverse hyperbolic logarithms preserve derivative and anchor\"\n"
"From remote kernel:"
"\"PASS: \"\"soft expansion is a Laurent series\"\n"
"From remote kernel:"
"\"PASS: \"\"soft series covers the requested pole order\"\n"
"From remote kernel:"
"\"PASS: \"\"soft coefficients contain no recoil variable\"\n"
"From remote kernel:"
"\"PASS: \"\"massive angular denominator stays separated at the soft endpoint\"\n"
"From remote kernel:"
"\"PASS: \"\"mixed angular endpoint approach follows from its domain\"\n"
"From remote kernel:"
"\"PASS: \"\"inverted dilogarithm arguments are negative on the real domain\"\n"
"From remote kernel:"
"\"PASS: \"\"inverse hyperbolic logarithms preserve derivative and anchor\"\n"
"From remote kernel:"
"\"PASS: \"\"soft expansion is a Laurent series\"\n"
"From remote kernel:"
"\"PASS: \"\"soft series covers the requested pole order\"\n"
"From remote kernel:"
"\"PASS: \"\"soft coefficients contain no recoil variable\"\n"
"PASS: ""Pg all real phase-space terms completed"
"Pg"" assembling distribution branch "1
"Pg"" branch "1" soft group "{1, -1}
"Pg"" branch "1" soft group "{2, -1}
"Pg"" branch "1" delta coefficient"
"Pg"" branch "1" plus coefficients"
"PASS: ""no higher logarithmic plus distribution survives"
"Pg"" branch "1" regular remainder"
"Pg"" distribution branch "1" saved."
"Pg"" assembling distribution branch "-1
"Pg"" branch "-1" soft group "{1, -1}
"Pg"" branch "-1" soft group "{2, -1}
"Pg"" branch "-1" delta coefficient"
"Pg"" branch "-1" plus coefficients"
"PASS: ""no higher logarithmic plus distribution survives"
"Pg"" branch "-1" regular remainder"
"Pg"" distribution branch "-1" saved."
"From remote kernel:"
"\"Ppp\"\" real term \"1\"/\"182\"; memory = \"258337688\n"
"From remote kernel:"
"\"Ppp\"\" real term \"2\"/\"182\"; memory = \"358099224\n"
"From remote kernel:"
"\"Ppp\"\" real term \"3\"/\"182\"; memory = \"354392904\n"
"From remote kernel:"
"\"Ppp\"\" real term \"4\"/\"182\"; memory = \"314698536\n"
"From remote kernel:"
"\"PASS: \"\"one mixed denominator is massive\"\n"
"From remote kernel:"
"\"PASS: \"\"one mixed denominator is massive\"\n"
"From remote kernel:"
"\"PASS: \"\"ordinary real term is fully evaluated\"\n"
"From remote kernel:"
"\"PASS: \"\"massive angular denominator stays separated at the soft endpoint\"\n"
"From remote kernel:"
"\"PASS: \"\"one mixed denominator is massive\"\n"
"From remote kernel:"
"\"PASS: \"\"soft expansion is a Laurent series\"\n"
"From remote kernel:"
"\"PASS: \"\"one mixed denominator is massive\"\n"
"From remote kernel:"
"\"PASS: \"\"soft series covers the requested pole order\"\n"
"From remote kernel:"
"\"PASS: \"\"soft coefficients contain no recoil variable\"\n"
"From remote kernel:"
"\"PASS: \"\"ordinary real term is fully evaluated\"\n"
"From remote kernel:"
"\"PASS: \"\"massive angular denominator stays separated at the soft endpoint\"\n"
"From remote kernel:"
"\"PASS: \"\"massive angular denominator stays separated at the soft endpoint\"\n"
"From remote kernel:"
"\"PASS: \"\"soft expansion is a Laurent series\"\n"
"From remote kernel:"
"\"PASS: \"\"ordinary real term is fully evaluated\"\n"
"From remote kernel:"
"\"PASS: \"\"soft series covers the requested pole order\"\n"
"From remote kernel:"
"\"PASS: \"\"massive angular denominator stays separated at the soft endpoint\"\n"
"From remote kernel:"
"\"PASS: \"\"soft expansion is a Laurent series\"\n"
"From remote kernel:"
"\"PASS: \"\"soft series covers the requested pole order\"\n"
"From remote kernel:"
"\"PASS: \"\"soft coefficients contain no recoil variable\"\n"
"From remote kernel:"
"\"Ppp\"\" real term \"5\"/\"182\"; memory = \"350328416\n"
"From remote kernel:"
"\"PASS: \"\"soft expansion is a Laurent series\"\n"
"From remote kernel:"
"\"PASS: \"\"soft coefficients contain no recoil variable\"\n"
"From remote kernel:"
"\"PASS: \"\"soft series covers the requested pole order\"\n"
"From remote kernel:"
"\"PASS: \"\"massive angular denominator stays separated at the soft endpoint\"\n"
"From remote kernel:"
"\"PASS: \"\"soft coefficients contain no recoil variable\"\n"
"From remote kernel:"
"\"PASS: \"\"massive angular denominator stays separated at the soft endpoint\"\n"
"From remote kernel:"
"\"PASS: \"\"soft expansion is a Laurent series\"\n"
"From remote kernel:"
"\"PASS: \"\"ordinary real term is fully evaluated\"\n"
"From remote kernel:"
"\"PASS: \"\"soft series covers the requested pole order\"\n"
"From remote kernel:"
"\"PASS: \"\"massive angular denominator stays separated at the soft endpoint\"\n"
"From remote kernel:"
"\"PASS: \"\"soft expansion is a Laurent series\"\n"
"From remote kernel:"
"\"PASS: \"\"ordinary real term is fully evaluated\"\n"
"From remote kernel:"
"\"PASS: \"\"soft series covers the requested pole order\"\n"
"From remote kernel:"
"\"PASS: \"\"massive angular denominator stays separated at the soft endpoint\"\n"
"From remote kernel:"
"\"PASS: \"\"soft coefficients contain no recoil variable\"\n"
"From remote kernel:"
"\"PASS: \"\"soft expansion is a Laurent series\"\n"
"From remote kernel:"
"\"PASS: \"\"soft coefficients contain no recoil variable\"\n"
"From remote kernel:"
"\"PASS: \"\"soft series covers the requested pole order\"\n"
"From remote kernel:"
"\"Ppp\"\" real term \"6\"/\"182\"; memory = \"357037480\n"
"From remote kernel:"
"\"PASS: \"\"soft expansion is a Laurent series\"\n"
"From remote kernel:"
"\"Ppp\"\" real term \"7\"/\"182\"; memory = \"312669816\n"
"From remote kernel:"
"\"PASS: \"\"soft series covers the requested pole order\"\n"
"From remote kernel:"
"\"PASS: \"\"soft coefficients contain no recoil variable\"\n"
"From remote kernel:"
"\"PASS: \"\"massive angular denominator stays separated at the soft endpoint\"\n"
"From remote kernel:"
"\"PASS: \"\"soft expansion is a Laurent series\"\n"
"From remote kernel:"
"\"PASS: \"\"soft coefficients contain no recoil variable\"\n"
"From remote kernel:"
"\"PASS: \"\"soft series covers the requested pole order\"\n"
"From remote kernel:"
"\"PASS: \"\"massive angular denominator stays separated at the soft endpoint\"\n"
"From remote kernel:"
"\"PASS: \"\"soft coefficients contain no recoil variable\"\n"
"From remote kernel:"
"\"PASS: \"\"ordinary real term is fully evaluated\"\n"
"From remote kernel:"
"\"PASS: \"\"soft expansion is a Laurent series\"\n"
"From remote kernel:"
"\"PASS: \"\"massive angular denominator stays separated at the soft endpoint\"\n"
"From remote kernel:"
"\"PASS: \"\"soft series covers the requested pole order\"\n"
"From remote kernel:"
"\"Ppp\"\" real term \"8\"/\"182\"; memory = \"259892896\n"
"From remote kernel:"
"\"PASS: \"\"ordinary real term is fully evaluated\"\n"
"From remote kernel:"
"\"PASS: \"\"massive angular denominator stays separated at the soft endpoint\"\n"
"From remote kernel:"
"\"PASS: \"\"soft expansion is a Laurent series\"\n"
"From remote kernel:"
"\"PASS: \"\"soft series covers the requested pole order\"\n"
"From remote kernel:"
"\"PASS: \"\"soft coefficients contain no recoil variable\"\n"
"From remote kernel:"
"\"Ppp\"\" real term \"9\"/\"182\"; memory = \"346494360\n"
"From remote kernel:"
"\"PASS: \"\"soft expansion is a Laurent series\"\n"
"From remote kernel:"
"\"PASS: \"\"soft series covers the requested pole order\"\n"
"From remote kernel:"
"\"PASS: \"\"ordinary real term is fully evaluated\"\n"
"From remote kernel:"
"\"PASS: \"\"massive angular denominator stays separated at the soft endpoint\"\n"
"From remote kernel:"
"\"PASS: \"\"soft coefficients contain no recoil variable\"\n"
"From remote kernel:"
"\"PASS: \"\"soft coefficients contain no recoil variable\"\n"
"From remote kernel:"
"\"PASS: \"\"massive angular denominator stays separated at the soft endpoint\"\n"
"From remote kernel:"
"\"PASS: \"\"massive angular denominator stays separated at the soft endpoint\"\n"
"From remote kernel:"
"\"PASS: \"\"soft expansion is a Laurent series\"\n"
"From remote kernel:"
"\"PASS: \"\"soft series covers the requested pole order\"\n"
"From remote kernel:"
"\"PASS: \"\"soft expansion is a Laurent series\"\n"
"From remote kernel:"
"\"PASS: \"\"soft series covers the requested pole order\"\n"
"From remote kernel:"
"\"PASS: \"\"soft coefficients contain no recoil variable\"\n"
"From remote kernel:"
"\"PASS: \"\"soft expansion is a Laurent series\"\n"
"From remote kernel:"
"\"PASS: \"\"soft series covers the requested pole order\"\n"
"From remote kernel:"
"\"PASS: \"\"massive angular denominator stays separated at the soft endpoint\"\n"
"From remote kernel:"
"\"PASS: \"\"soft coefficients contain no recoil variable\"\n"
"From remote kernel:"
"\"PASS: \"\"soft expansion is a Laurent series\"\n"
"From remote kernel:"
"\"Ppp\"\" real term \"10\"/\"182\"; memory = \"310845648\n"
"From remote kernel:"
"\"PASS: \"\"soft series covers the requested pole order\"\n"
"From remote kernel:"
"\"PASS: \"\"soft coefficients contain no recoil variable\"\n"
"From remote kernel:"
"\"Ppp\"\" real term \"11\"/\"182\"; memory = \"355452944\n"
"From remote kernel:"
"\"PASS: \"\"ordinary real term is fully evaluated\"\n"
"From remote kernel:"
"\"PASS: \"\"soft coefficients contain no recoil variable\"\n"
"From remote kernel:"
"\"PASS: \"\"massive angular denominator stays separated at the soft endpoint\"\n"
"From remote kernel:"
"\"Ppp\"\" real term \"12\"/\"182\"; memory = \"264698424\n"
"From remote kernel:"
"\"PASS: \"\"soft expansion is a Laurent series\"\n"
"From remote kernel:"
"\"PASS: \"\"soft series covers the requested pole order\"\n"
"From remote kernel:"
"\"PASS: \"\"ordinary real term is fully evaluated\"\n"
"From remote kernel:"
"\"PASS: \"\"massive angular denominator stays separated at the soft endpoint\"\n"
"From remote kernel:"
"\"PASS: \"\"soft coefficients contain no recoil variable\"\n"
"From remote kernel:"
"\"PASS: \"\"soft expansion is a Laurent series\"\n"
"From remote kernel:"
"\"PASS: \"\"massive angular denominator stays separated at the soft endpoint\"\n"
"From remote kernel:"
"\"PASS: \"\"soft series covers the requested pole order\"\n"
"From remote kernel:"
"\"PASS: \"\"soft expansion is a Laurent series\"\n"
"From remote kernel:"
"\"PASS: \"\"ordinary real term is fully evaluated\"\n"
"From remote kernel:"
"\"PASS: \"\"soft series covers the requested pole order\"\n"
"From remote kernel:"
"\"PASS: \"\"massive angular denominator stays separated at the soft endpoint\"\n"
"From remote kernel:"
"\"PASS: \"\"soft coefficients contain no recoil variable\"\n"
"From remote kernel:"
"\"PASS: \"\"massive angular denominator stays separated at the soft endpoint\"\n"
"From remote kernel:"
"\"PASS: \"\"soft coefficients contain no recoil variable\"\n"
"From remote kernel:"
"\"PASS: \"\"soft expansion is a Laurent series\"\n"
"From remote kernel:"
"\"PASS: \"\"soft expansion is a Laurent series\"\n"
"From remote kernel:"
"\"PASS: \"\"soft series covers the requested pole order\"\n"
"From remote kernel:"
"\"PASS: \"\"soft series covers the requested pole order\"\n"
"From remote kernel:"
"\"PASS: \"\"soft coefficients contain no recoil variable\"\n"
"From remote kernel:"
"\"PASS: \"\"soft coefficients contain no recoil variable\"\n"
"From remote kernel:"
"\"Ppp\"\" real term \"13\"/\"182\"; memory = \"354511344\n"
"From remote kernel:"
"\"PASS: \"\"massive angular denominator stays separated at the soft endpoint\"\n"
"From remote kernel:"
"\"PASS: \"\"ordinary real term is fully evaluated\"\n"
"From remote kernel:"
"\"PASS: \"\"massive angular denominator stays separated at the soft endpoint\"\n"
"From remote kernel:"
"\"Ppp\"\" real term \"14\"/\"182\"; memory = \"223854448\n"
"From remote kernel:"
"\"PASS: \"\"soft expansion is a Laurent series\"\n"
"From remote kernel:"
"\"PASS: \"\"soft series covers the requested pole order\"\n"
"From remote kernel:"
"\"PASS: \"\"soft expansion is a Laurent series\"\n"
"From remote kernel:"
"\"PASS: \"\"soft series covers the requested pole order\"\n"
"From remote kernel:"
"\"PASS: \"\"soft coefficients contain no recoil variable\"\n"
"From remote kernel:"
"\"PASS: \"\"soft coefficients contain no recoil variable\"\n"
"From remote kernel:"
"\"Ppp\"\" real term \"15\"/\"182\"; memory = \"270391232\n"
"From remote kernel:"
"\"PASS: \"\"ordinary real term is fully evaluated\"\n"
"From remote kernel:"
"\"PASS: \"\"massive angular denominator stays separated at the soft endpoint\"\n"
"From remote kernel:"
"\"PASS: \"\"ordinary real term is fully evaluated\"\n"
"From remote kernel:"
"\"PASS: \"\"massive angular denominator stays separated at the soft endpoint\"\n"
"From remote kernel:"
"\"PASS: \"\"soft expansion is a Laurent series\"\n"
"From remote kernel:"
"\"PASS: \"\"soft series covers the requested pole order\"\n"
"From remote kernel:"
"\"PASS: \"\"soft coefficients contain no recoil variable\"\n"
"From remote kernel:"
"\"PASS: \"\"ordinary real term is fully evaluated\"\n"
"From remote kernel:"
"\"Ppp\"\" real term \"16\"/\"182\"; memory = \"347914688\n"
"From remote kernel:"
"\"PASS: \"\"massive angular denominator stays separated at the soft endpoint\"\n"
"From remote kernel:"
"\"PASS: \"\"ordinary real term is fully evaluated\"\n"
"From remote kernel:"
"\"PASS: \"\"massive angular denominator stays separated at the soft endpoint\"\n"
"From remote kernel:"
"\"PASS: \"\"massive angular denominator stays separated at the soft endpoint\"\n"
"From remote kernel:"
"\"PASS: \"\"soft expansion is a Laurent series\"\n"
"From remote kernel:"
"\"PASS: \"\"soft expansion is a Laurent series\"\n"
"From remote kernel:"
"\"PASS: \"\"soft series covers the requested pole order\"\n"
"From remote kernel:"
"\"PASS: \"\"soft series covers the requested pole order\"\n"
"From remote kernel:"
"\"PASS: \"\"soft coefficients contain no recoil variable\"\n"
"From remote kernel:"
"\"PASS: \"\"soft expansion is a Laurent series\"\n"
"From remote kernel:"
"\"PASS: \"\"massive angular denominator stays separated at the soft endpoint\"\n"
"From remote kernel:"
"\"PASS: \"\"soft series covers the requested pole order\"\n"
"From remote kernel:"
"\"PASS: \"\"soft expansion is a Laurent series\"\n"
"From remote kernel:"
"\"PASS: \"\"soft coefficients contain no recoil variable\"\n"
"From remote kernel:"
"\"PASS: \"\"soft series covers the requested pole order\"\n"
"From remote kernel:"
"\"PASS: \"\"soft coefficients contain no recoil variable\"\n"
"From remote kernel:"
"\"PASS: \"\"soft coefficients contain no recoil variable\"\n"
"From remote kernel:"
"\"Ppp\"\" real term \"17\"/\"182\"; memory = \"346168616\n"
"From remote kernel:"
"\"PASS: \"\"massive angular denominator stays separated at the soft endpoint\"\n"
"From remote kernel:"
"\"PASS: \"\"massive angular denominator stays separated at the soft endpoint\"\n"
"From remote kernel:"
"\"PASS: \"\"ordinary real term is fully evaluated\"\n"
"From remote kernel:"
"\"PASS: \"\"massive angular denominator stays separated at the soft endpoint\"\n"
"From remote kernel:"
"\"PASS: \"\"soft expansion is a Laurent series\"\n"
"From remote kernel:"
"\"PASS: \"\"soft series covers the requested pole order\"\n"
"From remote kernel:"
"\"PASS: \"\"soft expansion is a Laurent series\"\n"
"From remote kernel:"
"\"PASS: \"\"soft coefficients contain no recoil variable\"\n"
"From remote kernel:"
"\"PASS: \"\"soft series covers the requested pole order\"\n"
"From remote kernel:"
"\"PASS: \"\"soft expansion is a Laurent series\"\n"
"From remote kernel:"
"\"PASS: \"\"soft series covers the requested pole order\"\n"
"From remote kernel:"
"\"PASS: \"\"soft coefficients contain no recoil variable\"\n"
"From remote kernel:"
"\"Ppp\"\" real term \"18\"/\"182\"; memory = \"274550944\n"
"From remote kernel:"
"\"PASS: \"\"soft expansion is a Laurent series\"\n"
"From remote kernel:"
"\"PASS: \"\"soft coefficients contain no recoil variable\"\n"
"From remote kernel:"
"\"PASS: \"\"soft series covers the requested pole order\"\n"
"From remote kernel:"
"\"PASS: \"\"massive angular denominator stays separated at the soft endpoint\"\n"
"From remote kernel:"
"\"PASS: \"\"massive angular denominator stays separated at the soft endpoint\"\n"
"From remote kernel:"
"\"PASS: \"\"soft coefficients contain no recoil variable\"\n"
"From remote kernel:"
"\"PASS: \"\"soft expansion is a Laurent series\"\n"
"From remote kernel:"
"\"PASS: \"\"soft series covers the requested pole order\"\n"
"From remote kernel:"
"\"PASS: \"\"ordinary real term is fully evaluated\"\n"
"From remote kernel:"
"\"Ppp\"\" real term \"19\"/\"182\"; memory = \"357984136\n"
"From remote kernel:"
"\"PASS: \"\"massive angular denominator stays separated at the soft endpoint\"\n"
"From remote kernel:"
"\"PASS: \"\"soft coefficients contain no recoil variable\"\n"
"From remote kernel:"
"\"Ppp\"\" real term \"20\"/\"182\"; memory = \"346780456\n"
"From remote kernel:"
"\"PASS: \"\"soft expansion is a Laurent series\"\n"
"From remote kernel:"
"\"PASS: \"\"soft series covers the requested pole order\"\n"
"From remote kernel:"
"\"PASS: \"\"soft expansion is a Laurent series\"\n"
"From remote kernel:"
"\"PASS: \"\"soft series covers the requested pole order\"\n"
"From remote kernel:"
"\"PASS: \"\"soft coefficients contain no recoil variable\"\n"
"From remote kernel:"
"\"PASS: \"\"soft coefficients contain no recoil variable\"\n"
"From remote kernel:"
"\"PASS: \"\"massive angular denominator stays separated at the soft endpoint\"\n"
"From remote kernel:"
"\"Ppp\"\" real term \"21\"/\"182\"; memory = \"235829256\n"
"From remote kernel:"
"\"PASS: \"\"soft expansion is a Laurent series\"\n"
"From remote kernel:"
"\"PASS: \"\"soft series covers the requested pole order\"\n"
"From remote kernel:"
"\"PASS: \"\"ordinary real term is fully evaluated\"\n"
"From remote kernel:"
"\"PASS: \"\"massive angular denominator stays separated at the soft endpoint\"\n"
"From remote kernel:"
"\"PASS: \"\"soft coefficients contain no recoil variable\"\n"
"From remote kernel:"
"\"Ppp\"\" real term \"22\"/\"182\"; memory = \"280577392\n"
"From remote kernel:"
"\"PASS: \"\"ordinary real term is fully evaluated\"\n"
"From remote kernel:"
"\"PASS: \"\"soft expansion is a Laurent series\"\n"
"From remote kernel:"
"\"PASS: \"\"massive angular denominator stays separated at the soft endpoint\"\n"
"From remote kernel:"
"\"PASS: \"\"soft series covers the requested pole order\"\n"
"From remote kernel:"
"\"PASS: \"\"soft coefficients contain no recoil variable\"\n"
"From remote kernel:"
"\"PASS: \"\"massive angular denominator stays separated at the soft endpoint\"\n"
"From remote kernel:"
"\"PASS: \"\"ordinary real term is fully evaluated\"\n"
"From remote kernel:"
"\"PASS: \"\"soft expansion is a Laurent series\"\n"
"From remote kernel:"
"\"PASS: \"\"soft series covers the requested pole order\"\n"
"From remote kernel:"
"\"PASS: \"\"massive angular denominator stays separated at the soft endpoint\"\n"
"From remote kernel:"
"\"PASS: \"\"soft expansion is a Laurent series\"\n"
"From remote kernel:"
"\"PASS: \"\"soft series covers the requested pole order\"\n"
"From remote kernel:"
"\"PASS: \"\"soft coefficients contain no recoil variable\"\n"
"From remote kernel:"
"\"PASS: \"\"soft coefficients contain no recoil variable\"\n"
"From remote kernel:"
"\"PASS: \"\"massive angular denominator stays separated at the soft endpoint\"\n"
"From remote kernel:"
"\"Ppp\"\" real term \"23\"/\"182\"; memory = \"363252256\n"
"From remote kernel:"
"\"PASS: \"\"ordinary real term is fully evaluated\"\n"
"From remote kernel:"
"\"PASS: \"\"massive angular denominator stays separated at the soft endpoint\"\n"
"From remote kernel:"
"\"PASS: \"\"soft expansion is a Laurent series\"\n"
"From remote kernel:"
"\"PASS: \"\"soft series covers the requested pole order\"\n"
"From remote kernel:"
"\"PASS: \"\"soft coefficients contain no recoil variable\"\n"
"From remote kernel:"
"\"PASS: \"\"soft expansion is a Laurent series\"\n"
"From remote kernel:"
"\"PASS: \"\"soft series covers the requested pole order\"\n"
"From remote kernel:"
"\"PASS: \"\"massive angular denominator stays separated at the soft endpoint\"\n"
"From remote kernel:"
"\"PASS: \"\"soft coefficients contain no recoil variable\"\n"
"From remote kernel:"
"\"PASS: \"\"soft expansion is a Laurent series\"\n"
"From remote kernel:"
"\"PASS: \"\"soft series covers the requested pole order\"\n"
"From remote kernel:"
"\"PASS: \"\"soft coefficients contain no recoil variable\"\n"
"From remote kernel:"
"\"PASS: \"\"massive angular denominator stays separated at the soft endpoint\"\n"
"From remote kernel:"
"\"PASS: \"\"soft expansion is a Laurent series\"\n"
"From remote kernel:"
"\"PASS: \"\"soft series covers the requested pole order\"\n"
"From remote kernel:"
"\"PASS: \"\"soft coefficients contain no recoil variable\"\n"
"From remote kernel:"
"\"Ppp\"\" real term \"24\"/\"182\"; memory = \"255048528\n"
"From remote kernel:"
"\"Ppp\"\" real term \"25\"/\"182\"; memory = \"222326936\n"
"From remote kernel:"
"\"PASS: \"\"soft expansion is a Laurent series\"\n"
"From remote kernel:"
"\"PASS: \"\"soft series covers the requested pole order\"\n"
"From remote kernel:"
"\"PASS: \"\"soft coefficients contain no recoil variable\"\n"
"From remote kernel:"
"\"Ppp\"\" real term \"26\"/\"182\"; memory = \"294553384\n"
MONITOR_HEARTBEAT elapsed=243s rss=2032.1MiB peak=2102.8MiB
"From remote kernel:"
"\"PASS: \"\"ordinary real term is fully evaluated\"\n"
"From remote kernel:"
"\"PASS: \"\"massive angular denominator stays separated at the soft endpoint\"\n"
"From remote kernel:"
"\"PASS: \"\"soft expansion is a Laurent series\"\n"
"From remote kernel:"
"\"PASS: \"\"soft series covers the requested pole order\"\n"
"From remote kernel:"
"\"PASS: \"\"soft coefficients contain no recoil variable\"\n"
"From remote kernel:"
"\"PASS: \"\"massive angular denominator stays separated at the soft endpoint\"\n"
"From remote kernel:"
"\"PASS: \"\"soft expansion is a Laurent series\"\n"
"From remote kernel:"
"\"PASS: \"\"soft series covers the requested pole order\"\n"
"From remote kernel:"
"\"PASS: \"\"soft coefficients contain no recoil variable\"\n"
"From remote kernel:"
"\"Ppp\"\" real term \"27\"/\"182\"; memory = \"311322000\n"
"From remote kernel:"
"\"PASS: \"\"ordinary real term is fully evaluated\"\n"
"From remote kernel:"
"\"PASS: \"\"massive angular denominator stays separated at the soft endpoint\"\n"
"From remote kernel:"
"\"PASS: \"\"mixed angular endpoint approach follows from its domain\"\n"
"From remote kernel:"
"\"PASS: \"\"inverted dilogarithm arguments are negative on the real domain\"\n"
"From remote kernel:"
"\"PASS: \"\"inverse hyperbolic logarithms preserve derivative and anchor\"\n"
"From remote kernel:"
"\"PASS: \"\"ordinary real term is fully evaluated\"\n"
"From remote kernel:"
"\"PASS: \"\"massive angular denominator stays separated at the soft endpoint\"\n"
"From remote kernel:"
"\"PASS: \"\"soft expansion is a Laurent series\"\n"
"From remote kernel:"
"\"PASS: \"\"soft series covers the requested pole order\"\n"
"From remote kernel:"
"\"PASS: \"\"soft coefficients contain no recoil variable\"\n"
"From remote kernel:"
"\"PASS: \"\"massive angular denominator stays separated at the soft endpoint\"\n"
"From remote kernel:"
"\"PASS: \"\"mixed angular endpoint approach follows from its domain\"\n"
"From remote kernel:"
"\"PASS: \"\"inverted dilogarithm arguments are negative on the real domain\"\n"
"From remote kernel:"
"\"PASS: \"\"inverse hyperbolic logarithms preserve derivative and anchor\"\n"
"From remote kernel:"
"\"PASS: \"\"soft expansion is a Laurent series\"\n"
"From remote kernel:"
"\"PASS: \"\"soft series covers the requested pole order\"\n"
"From remote kernel:"
"\"PASS: \"\"soft coefficients contain no recoil variable\"\n"
"From remote kernel:"
"\"PASS: \"\"massive angular denominator stays separated at the soft endpoint\"\n"
"From remote kernel:"
"\"PASS: \"\"soft expansion is a Laurent series\"\n"
"From remote kernel:"
"\"PASS: \"\"soft series covers the requested pole order\"\n"
"From remote kernel:"
"\"PASS: \"\"soft expansion is a Laurent series\"\n"
"From remote kernel:"
"\"PASS: \"\"soft series covers the requested pole order\"\n"
"From remote kernel:"
"\"PASS: \"\"soft coefficients contain no recoil variable\"\n"
"From remote kernel:"
"\"Ppp\"\" real term \"28\"/\"182\"; memory = \"320205104\n"
"From remote kernel:"
"\"PASS: \"\"soft coefficients contain no recoil variable\"\n"
"From remote kernel:"
"\"Ppp\"\" real term \"29\"/\"182\"; memory = \"266182384\n"
"From remote kernel:"
"\"PASS: \"\"one mixed denominator is massive\"\n"
"From remote kernel:"
"\"PASS: \"\"ordinary real term is fully evaluated\"\n"
"From remote kernel:"
"\"PASS: \"\"massive angular denominator stays separated at the soft endpoint\"\n"
"From remote kernel:"
"\"PASS: \"\"soft expansion is a Laurent series\"\n"
"From remote kernel:"
"\"PASS: \"\"soft series covers the requested pole order\"\n"
"From remote kernel:"
"\"PASS: \"\"soft coefficients contain no recoil variable\"\n"
"From remote kernel:"
"\"PASS: \"\"massive angular denominator stays separated at the soft endpoint\"\n"
"From remote kernel:"
"\"PASS: \"\"ordinary real term is fully evaluated\"\n"
"From remote kernel:"
"\"PASS: \"\"soft expansion is a Laurent series\"\n"
"From remote kernel:"
"\"PASS: \"\"soft series covers the requested pole order\"\n"
"From remote kernel:"
"\"PASS: \"\"massive angular denominator stays separated at the soft endpoint\"\n"
"From remote kernel:"
"\"PASS: \"\"mixed angular endpoint approach follows from its domain\"\n"
"From remote kernel:"
"\"PASS: \"\"inverted dilogarithm arguments are negative on the real domain\"\n"
"From remote kernel:"
"\"PASS: \"\"inverse hyperbolic logarithms preserve derivative and anchor\"\n"
"From remote kernel:"
"\"PASS: \"\"soft coefficients contain no recoil variable\"\n"
"From remote kernel:"
"\"Ppp\"\" real term \"30\"/\"182\"; memory = \"268337696\n"
"From remote kernel:"
"\"PASS: \"\"ordinary real term is fully evaluated\"\n"
"From remote kernel:"
"\"PASS: \"\"massive angular denominator stays separated at the soft endpoint\"\n"
"From remote kernel:"
"\"PASS: \"\"soft expansion is a Laurent series\"\n"
"From remote kernel:"
"\"PASS: \"\"soft series covers the requested pole order\"\n"
"From remote kernel:"
"\"PASS: \"\"soft coefficients contain no recoil variable\"\n"
"From remote kernel:"
"\"PASS: \"\"massive angular denominator stays separated at the soft endpoint\"\n"
"From remote kernel:"
"\"PASS: \"\"soft expansion is a Laurent series\"\n"
"From remote kernel:"
"\"PASS: \"\"soft series covers the requested pole order\"\n"
"From remote kernel:"
"\"PASS: \"\"soft coefficients contain no recoil variable\"\n"
"From remote kernel:"
"\"Ppp\"\" real term \"31\"/\"182\"; memory = \"222468704\n"
"From remote kernel:"
"\"PASS: \"\"ordinary real term is fully evaluated\"\n"
"From remote kernel:"
"\"PASS: \"\"massive angular denominator stays separated at the soft endpoint\"\n"
"From remote kernel:"
"\"PASS: \"\"soft expansion is a Laurent series\"\n"
"From remote kernel:"
"\"PASS: \"\"soft series covers the requested pole order\"\n"
"From remote kernel:"
"\"PASS: \"\"soft coefficients contain no recoil variable\"\n"
"From remote kernel:"
"\"PASS: \"\"massive angular denominator stays separated at the soft endpoint\"\n"
"From remote kernel:"
"\"PASS: \"\"soft expansion is a Laurent series\"\n"
"From remote kernel:"
"\"PASS: \"\"soft series covers the requested pole order\"\n"
"From remote kernel:"
"\"PASS: \"\"soft coefficients contain no recoil variable\"\n"
"From remote kernel:"
"\"Ppp\"\" real term \"32\"/\"182\"; memory = \"224211072\n"
"From remote kernel:"
"\"PASS: \"\"ordinary real term is fully evaluated\"\n"
"From remote kernel:"
"\"PASS: \"\"massive angular denominator stays separated at the soft endpoint\"\n"
"From remote kernel:"
"\"PASS: \"\"soft expansion is a Laurent series\"\n"
"From remote kernel:"
"\"PASS: \"\"soft series covers the requested pole order\"\n"
"From remote kernel:"
"\"PASS: \"\"soft coefficients contain no recoil variable\"\n"
"From remote kernel:"
"\"PASS: \"\"massive angular denominator stays separated at the soft endpoint\"\n"
"From remote kernel:"
"\"PASS: \"\"soft expansion is a Laurent series\"\n"
"From remote kernel:"
"\"PASS: \"\"soft series covers the requested pole order\"\n"
"From remote kernel:"
"\"PASS: \"\"soft coefficients contain no recoil variable\"\n"
"From remote kernel:"
"\"Ppp\"\" real term \"33\"/\"182\"; memory = \"227857096\n"
"From remote kernel:"
"\"PASS: \"\"ordinary real term is fully evaluated\"\n"
"From remote kernel:"
"\"PASS: \"\"massive angular denominator stays separated at the soft endpoint\"\n"
"From remote kernel:"
"\"PASS: \"\"mixed angular endpoint approach follows from its domain\"\n"
"From remote kernel:"
"\"PASS: \"\"inverted dilogarithm arguments are negative on the real domain\"\n"
"From remote kernel:"
"\"PASS: \"\"inverse hyperbolic logarithms preserve derivative and anchor\"\n"
"From remote kernel:"
"\"PASS: \"\"ordinary real term is fully evaluated\"\n"
"From remote kernel:"
"\"PASS: \"\"massive angular denominator stays separated at the soft endpoint\"\n"
"From remote kernel:"
"\"PASS: \"\"soft expansion is a Laurent series\"\n"
"From remote kernel:"
"\"PASS: \"\"soft series covers the requested pole order\"\n"
"From remote kernel:"
"\"PASS: \"\"soft coefficients contain no recoil variable\"\n"
"From remote kernel:"
"\"PASS: \"\"massive angular denominator stays separated at the soft endpoint\"\n"
"From remote kernel:"
"\"PASS: \"\"soft expansion is a Laurent series\"\n"
"From remote kernel:"
"\"PASS: \"\"soft series covers the requested pole order\"\n"
"From remote kernel:"
"\"PASS: \"\"soft coefficients contain no recoil variable\"\n"
"From remote kernel:"
"\"Ppp\"\" real term \"34\"/\"182\"; memory = \"236445824\n"
"From remote kernel:"
"\"PASS: \"\"ordinary real term is fully evaluated\"\n"
"From remote kernel:"
"\"PASS: \"\"massive angular denominator stays separated at the soft endpoint\"\n"
"From remote kernel:"
"\"PASS: \"\"soft expansion is a Laurent series\"\n"
"From remote kernel:"
"\"PASS: \"\"soft series covers the requested pole order\"\n"
"From remote kernel:"
"\"PASS: \"\"soft coefficients contain no recoil variable\"\n"
"From remote kernel:"
"\"PASS: \"\"massive angular denominator stays separated at the soft endpoint\"\n"
"From remote kernel:"
"\"PASS: \"\"soft expansion is a Laurent series\"\n"
"From remote kernel:"
"\"PASS: \"\"soft series covers the requested pole order\"\n"
"From remote kernel:"
"\"PASS: \"\"soft coefficients contain no recoil variable\"\n"
"From remote kernel:"
"\"Ppp\"\" real term \"35\"/\"182\"; memory = \"244820656\n"
"From remote kernel:"
"\"PASS: \"\"ordinary real term is fully evaluated\"\n"
"From remote kernel:"
"\"PASS: \"\"massive angular denominator stays separated at the soft endpoint\"\n"
"From remote kernel:"
"\"PASS: \"\"soft expansion is a Laurent series\"\n"
"From remote kernel:"
"\"PASS: \"\"soft series covers the requested pole order\"\n"
"From remote kernel:"
"\"PASS: \"\"soft coefficients contain no recoil variable\"\n"
"From remote kernel:"
"\"PASS: \"\"massive angular denominator stays separated at the soft endpoint\"\n"
"From remote kernel:"
"\"PASS: \"\"soft expansion is a Laurent series\"\n"
"From remote kernel:"
"\"PASS: \"\"soft series covers the requested pole order\"\n"
"From remote kernel:"
"\"PASS: \"\"soft coefficients contain no recoil variable\"\n"
"From remote kernel:"
"\"Ppp\"\" real term \"36\"/\"182\"; memory = \"248213456\n"
"From remote kernel:"
"\"PASS: \"\"ordinary real term is fully evaluated\"\n"
"From remote kernel:"
"\"PASS: \"\"massive angular denominator stays separated at the soft endpoint\"\n"
"From remote kernel:"
"\"PASS: \"\"soft expansion is a Laurent series\"\n"
"From remote kernel:"
"\"PASS: \"\"soft series covers the requested pole order\"\n"
"From remote kernel:"
"\"PASS: \"\"soft expansion is a Laurent series\"\n"
"From remote kernel:"
"\"PASS: \"\"soft series covers the requested pole order\"\n"
"From remote kernel:"
"\"PASS: \"\"soft coefficients contain no recoil variable\"\n"
"From remote kernel:"
"\"PASS: \"\"massive angular denominator stays separated at the soft endpoint\"\n"
"From remote kernel:"
"\"PASS: \"\"soft expansion is a Laurent series\"\n"
"From remote kernel:"
"\"PASS: \"\"soft series covers the requested pole order\"\n"
"From remote kernel:"
"\"PASS: \"\"soft coefficients contain no recoil variable\"\n"
"From remote kernel:"
"\"Ppp\"\" real term \"37\"/\"182\"; memory = \"251037696\n"
"From remote kernel:"
"\"PASS: \"\"ordinary real term is fully evaluated\"\n"
"From remote kernel:"
"\"PASS: \"\"massive angular denominator stays separated at the soft endpoint\"\n"
"From remote kernel:"
"\"PASS: \"\"soft coefficients contain no recoil variable\"\n"
"From remote kernel:"
"\"PASS: \"\"soft expansion is a Laurent series\"\n"
"From remote kernel:"
"\"PASS: \"\"soft series covers the requested pole order\"\n"
"From remote kernel:"
"\"PASS: \"\"massive angular denominator stays separated at the soft endpoint\"\n"
"From remote kernel:"
"\"PASS: \"\"mixed angular endpoint approach follows from its domain\"\n"
"From remote kernel:"
"\"PASS: \"\"inverted dilogarithm arguments are negative on the real domain\"\n"
"From remote kernel:"
"\"PASS: \"\"soft coefficients contain no recoil variable\"\n"
"From remote kernel:"
"\"PASS: \"\"inverse hyperbolic logarithms preserve derivative and anchor\"\n"
"From remote kernel:"
"\"PASS: \"\"massive angular denominator stays separated at the soft endpoint\"\n"
"From remote kernel:"
"\"PASS: \"\"soft expansion is a Laurent series\"\n"
"From remote kernel:"
"\"PASS: \"\"soft series covers the requested pole order\"\n"
"From remote kernel:"
"\"PASS: \"\"soft coefficients contain no recoil variable\"\n"
"From remote kernel:"
"\"Ppp\"\" real term \"38\"/\"182\"; memory = \"252883728\n"
"From remote kernel:"
"\"PASS: \"\"ordinary real term is fully evaluated\"\n"
"From remote kernel:"
"\"PASS: \"\"massive angular denominator stays separated at the soft endpoint\"\n"
"From remote kernel:"
"\"PASS: \"\"soft expansion is a Laurent series\"\n"
"From remote kernel:"
"\"PASS: \"\"soft series covers the requested pole order\"\n"
"From remote kernel:"
"\"PASS: \"\"soft coefficients contain no recoil variable\"\n"
"From remote kernel:"
"\"PASS: \"\"massive angular denominator stays separated at the soft endpoint\"\n"
"From remote kernel:"
"\"PASS: \"\"soft expansion is a Laurent series\"\n"
"From remote kernel:"
"\"PASS: \"\"soft series covers the requested pole order\"\n"
"From remote kernel:"
"\"PASS: \"\"soft coefficients contain no recoil variable\"\n"
"From remote kernel:"
"\"Ppp\"\" real term \"39\"/\"182\"; memory = \"260216208\n"
"From remote kernel:"
"\"PASS: \"\"ordinary real term is fully evaluated\"\n"
"From remote kernel:"
"\"PASS: \"\"massive angular denominator stays separated at the soft endpoint\"\n"
"From remote kernel:"
"\"PASS: \"\"soft expansion is a Laurent series\"\n"
"From remote kernel:"
"\"PASS: \"\"soft series covers the requested pole order\"\n"
"From remote kernel:"
"\"PASS: \"\"soft coefficients contain no recoil variable\"\n"
"From remote kernel:"
"\"PASS: \"\"massive angular denominator stays separated at the soft endpoint\"\n"
"From remote kernel:"
"\"PASS: \"\"soft expansion is a Laurent series\"\n"
"From remote kernel:"
"\"PASS: \"\"soft series covers the requested pole order\"\n"
"From remote kernel:"
"\"PASS: \"\"soft coefficients contain no recoil variable\"\n"
"From remote kernel:"
"\"Ppp\"\" real term \"40\"/\"182\"; memory = \"268780640\n"
"From remote kernel:"
"\"PASS: \"\"ordinary real term is fully evaluated\"\n"
"From remote kernel:"
"\"PASS: \"\"massive angular denominator stays separated at the soft endpoint\"\n"
"From remote kernel:"
"\"PASS: \"\"soft expansion is a Laurent series\"\n"
"From remote kernel:"
"\"PASS: \"\"soft expansion is a Laurent series\"\n"
"From remote kernel:"
"\"PASS: \"\"soft series covers the requested pole order\"\n"
"From remote kernel:"
"\"PASS: \"\"soft series covers the requested pole order\"\n"
"From remote kernel:"
"\"PASS: \"\"massive angular denominator stays separated at the soft endpoint\"\n"
"From remote kernel:"
"\"PASS: \"\"mixed angular endpoint approach follows from its domain\"\n"
"From remote kernel:"
"\"PASS: \"\"soft coefficients contain no recoil variable\"\n"
"From remote kernel:"
"\"PASS: \"\"inverted dilogarithm arguments are negative on the real domain\"\n"
"From remote kernel:"
"\"PASS: \"\"inverse hyperbolic logarithms preserve derivative and anchor\"\n"
"From remote kernel:"
"\"PASS: \"\"massive angular denominator stays separated at the soft endpoint\"\n"
"From remote kernel:"
"\"PASS: \"\"soft expansion is a Laurent series\"\n"
"From remote kernel:"
"\"PASS: \"\"soft series covers the requested pole order\"\n"
"From remote kernel:"
"\"PASS: \"\"soft coefficients contain no recoil variable\"\n"
"From remote kernel:"
"\"Ppp\"\" real term \"41\"/\"182\"; memory = \"222637624\n"
"From remote kernel:"
"\"PASS: \"\"ordinary real term is fully evaluated\"\n"
"From remote kernel:"
"\"PASS: \"\"massive angular denominator stays separated at the soft endpoint\"\n"
"From remote kernel:"
"\"PASS: \"\"soft expansion is a Laurent series\"\n"
"From remote kernel:"
"\"PASS: \"\"soft series covers the requested pole order\"\n"
"From remote kernel:"
"\"PASS: \"\"soft expansion is a Laurent series\"\n"
"From remote kernel:"
"\"PASS: \"\"soft series covers the requested pole order\"\n"
"From remote kernel:"
"\"PASS: \"\"soft coefficients contain no recoil variable\"\n"
"From remote kernel:"
"\"PASS: \"\"massive angular denominator stays separated at the soft endpoint\"\n"
"From remote kernel:"
"\"PASS: \"\"soft expansion is a Laurent series\"\n"
"From remote kernel:"
"\"PASS: \"\"soft series covers the requested pole order\"\n"
"From remote kernel:"
"\"PASS: \"\"soft coefficients contain no recoil variable\"\n"
"From remote kernel:"
"\"PASS: \"\"soft coefficients contain no recoil variable\"\n"
"From remote kernel:"
"\"Ppp\"\" real term \"42\"/\"182\"; memory = \"323649168\n"
"From remote kernel:"
"\"Ppp\"\" real term \"43\"/\"182\"; memory = \"227620232\n"
"From remote kernel:"
"\"PASS: \"\"ordinary real term is fully evaluated\"\n"
"From remote kernel:"
"\"PASS: \"\"massive angular denominator stays separated at the soft endpoint\"\n"
"From remote kernel:"
"\"PASS: \"\"soft expansion is a Laurent series\"\n"
"From remote kernel:"
"\"PASS: \"\"soft series covers the requested pole order\"\n"
"From remote kernel:"
"\"PASS: \"\"one mixed denominator is massive\"\n"
"From remote kernel:"
"\"PASS: \"\"soft coefficients contain no recoil variable\"\n"
"From remote kernel:"
"\"PASS: \"\"massive angular denominator stays separated at the soft endpoint\"\n"
"From remote kernel:"
"\"PASS: \"\"ordinary real term is fully evaluated\"\n"
"From remote kernel:"
"\"PASS: \"\"massive angular denominator stays separated at the soft endpoint\"\n"
"From remote kernel:"
"\"PASS: \"\"soft expansion is a Laurent series\"\n"
"From remote kernel:"
"\"PASS: \"\"soft series covers the requested pole order\"\n"
"From remote kernel:"
"\"PASS: \"\"soft expansion is a Laurent series\"\n"
"From remote kernel:"
"\"PASS: \"\"soft series covers the requested pole order\"\n"
"From remote kernel:"
"\"PASS: \"\"soft coefficients contain no recoil variable\"\n"
"From remote kernel:"
"\"PASS: \"\"soft coefficients contain no recoil variable\"\n"
"From remote kernel:"
"\"Ppp\"\" real term \"44\"/\"182\"; memory = \"228625104\n"
"From remote kernel:"
"\"PASS: \"\"massive angular denominator stays separated at the soft endpoint\"\n"
"From remote kernel:"
"\"PASS: \"\"soft expansion is a Laurent series\"\n"
"From remote kernel:"
"\"PASS: \"\"soft series covers the requested pole order\"\n"
"From remote kernel:"
"\"PASS: \"\"soft coefficients contain no recoil variable\"\n"
"From remote kernel:"
"\"Ppp\"\" real term \"45\"/\"182\"; memory = \"323042216\n"
"From remote kernel:"
"\"PASS: \"\"ordinary real term is fully evaluated\"\n"
"From remote kernel:"
"\"PASS: \"\"massive angular denominator stays separated at the soft endpoint\"\n"
"From remote kernel:"
"\"PASS: \"\"soft expansion is a Laurent series\"\n"
"From remote kernel:"
"\"PASS: \"\"soft series covers the requested pole order\"\n"
"From remote kernel:"
"\"PASS: \"\"soft coefficients contain no recoil variable\"\n"
"From remote kernel:"
"\"PASS: \"\"massive angular denominator stays separated at the soft endpoint\"\n"
"From remote kernel:"
"\"PASS: \"\"ordinary real term is fully evaluated\"\n"
"From remote kernel:"
"\"PASS: \"\"massive angular denominator stays separated at the soft endpoint\"\n"
"From remote kernel:"
"\"PASS: \"\"soft expansion is a Laurent series\"\n"
"From remote kernel:"
"\"PASS: \"\"soft series covers the requested pole order\"\n"
"From remote kernel:"
"\"PASS: \"\"soft coefficients contain no recoil variable\"\n"
"From remote kernel:"
"\"Ppp\"\" real term \"46\"/\"182\"; memory = \"237828840\n"
"From remote kernel:"
"\"PASS: \"\"soft expansion is a Laurent series\"\n"
"From remote kernel:"
"\"PASS: \"\"soft series covers the requested pole order\"\n"
"From remote kernel:"
"\"PASS: \"\"soft coefficients contain no recoil variable\"\n"
"From remote kernel:"
"\"PASS: \"\"massive angular denominator stays separated at the soft endpoint\"\n"
"From remote kernel:"
"\"PASS: \"\"ordinary real term is fully evaluated\"\n"
"From remote kernel:"
"\"PASS: \"\"massive angular denominator stays separated at the soft endpoint\"\n"
"From remote kernel:"
"\"PASS: \"\"soft expansion is a Laurent series\"\n"
"From remote kernel:"
"\"PASS: \"\"soft series covers the requested pole order\"\n"
"From remote kernel:"
"\"PASS: \"\"soft coefficients contain no recoil variable\"\n"
"From remote kernel:"
"\"PASS: \"\"soft expansion is a Laurent series\"\n"
"From remote kernel:"
"\"PASS: \"\"soft series covers the requested pole order\"\n"
"From remote kernel:"
"\"Ppp\"\" real term \"47\"/\"182\"; memory = \"328613256\n"
"From remote kernel:"
"\"PASS: \"\"soft coefficients contain no recoil variable\"\n"
"From remote kernel:"
"\"PASS: \"\"ordinary real term is fully evaluated\"\n"
"From remote kernel:"
"\"PASS: \"\"massive angular denominator stays separated at the soft endpoint\"\n"
"From remote kernel:"
"\"PASS: \"\"massive angular denominator stays separated at the soft endpoint\"\n"
"From remote kernel:"
"\"PASS: \"\"soft expansion is a Laurent series\"\n"
"From remote kernel:"
"\"PASS: \"\"soft series covers the requested pole order\"\n"
"From remote kernel:"
"\"PASS: \"\"soft coefficients contain no recoil variable\"\n"
"From remote kernel:"
"\"PASS: \"\"massive angular denominator stays separated at the soft endpoint\"\n"
"From remote kernel:"
"\"PASS: \"\"soft expansion is a Laurent series\"\n"
"From remote kernel:"
"\"PASS: \"\"soft series covers the requested pole order\"\n"
"From remote kernel:"
"\"PASS: \"\"soft coefficients contain no recoil variable\"\n"
"From remote kernel:"
"\"PASS: \"\"soft expansion is a Laurent series\"\n"
"From remote kernel:"
"\"Ppp\"\" real term \"48\"/\"182\"; memory = \"249712456\n"
"From remote kernel:"
"\"PASS: \"\"soft series covers the requested pole order\"\n"
"From remote kernel:"
"\"PASS: \"\"soft coefficients contain no recoil variable\"\n"
"From remote kernel:"
"\"PASS: \"\"ordinary real term is fully evaluated\"\n"
"From remote kernel:"
"\"Ppp\"\" real term \"49\"/\"182\"; memory = \"328858968\n"
"From remote kernel:"
"\"PASS: \"\"ordinary real term is fully evaluated\"\n"
"From remote kernel:"
"\"PASS: \"\"massive angular denominator stays separated at the soft endpoint\"\n"
"From remote kernel:"
"\"PASS: \"\"massive angular denominator stays separated at the soft endpoint\"\n"
"From remote kernel:"
"\"PASS: \"\"soft expansion is a Laurent series\"\n"
"From remote kernel:"
"\"PASS: \"\"soft series covers the requested pole order\"\n"
"From remote kernel:"
"\"PASS: \"\"soft coefficients contain no recoil variable\"\n"
"From remote kernel:"
"\"PASS: \"\"massive angular denominator stays separated at the soft endpoint\"\n"
"From remote kernel:"
"\"PASS: \"\"soft expansion is a Laurent series\"\n"
"From remote kernel:"
"\"PASS: \"\"soft series covers the requested pole order\"\n"
"From remote kernel:"
"\"PASS: \"\"soft coefficients contain no recoil variable\"\n"
"From remote kernel:"
"\"PASS: \"\"soft expansion is a Laurent series\"\n"
"From remote kernel:"
"\"PASS: \"\"soft series covers the requested pole order\"\n"
"From remote kernel:"
"\"Ppp\"\" real term \"50\"/\"182\"; memory = \"328538560\n"
"From remote kernel:"
"\"PASS: \"\"soft coefficients contain no recoil variable\"\n"
"From remote kernel:"
"\"PASS: \"\"massive angular denominator stays separated at the soft endpoint\"\n"
"From remote kernel:"
"\"PASS: \"\"soft expansion is a Laurent series\"\n"
"From remote kernel:"
"\"PASS: \"\"soft series covers the requested pole order\"\n"
"From remote kernel:"
"\"PASS: \"\"soft coefficients contain no recoil variable\"\n"
"From remote kernel:"
"\"Ppp\"\" real term \"51\"/\"182\"; memory = \"253830384\n"
"From remote kernel:"
"\"PASS: \"\"soft expansion is a Laurent series\"\n"
"From remote kernel:"
"\"PASS: \"\"soft series covers the requested pole order\"\n"
"From remote kernel:"
"\"Ppp\"\" real term \"52\"/\"182\"; memory = \"401068264\n"
"From remote kernel:"
"\"PASS: \"\"one mixed denominator is massive\"\n"
MONITOR_HEARTBEAT elapsed=273s rss=2137.7MiB peak=2137.7MiB
"From remote kernel:"
"\"PASS: \"\"ordinary real term is fully evaluated\"\n"
"From remote kernel:"
"\"PASS: \"\"massive angular denominator stays separated at the soft endpoint\"\n"
"From remote kernel:"
"\"PASS: \"\"soft expansion is a Laurent series\"\n"
"From remote kernel:"
"\"PASS: \"\"soft series covers the requested pole order\"\n"
"From remote kernel:"
"\"PASS: \"\"soft coefficients contain no recoil variable\"\n"
"From remote kernel:"
"\"PASS: \"\"massive angular denominator stays separated at the soft endpoint\"\n"
"From remote kernel:"
"\"PASS: \"\"soft expansion is a Laurent series\"\n"
"From remote kernel:"
"\"PASS: \"\"soft series covers the requested pole order\"\n"
"From remote kernel:"
"\"PASS: \"\"soft coefficients contain no recoil variable\"\n"
"From remote kernel:"
"\"Ppp\"\" real term \"53\"/\"182\"; memory = \"303626376\n"
"From remote kernel:"
"\"PASS: \"\"one mixed denominator is massive\"\n"
"From remote kernel:"
"\"PASS: \"\"ordinary real term is fully evaluated\"\n"
"From remote kernel:"
"\"PASS: \"\"massive angular denominator stays separated at the soft endpoint\"\n"
"From remote kernel:"
"\"PASS: \"\"soft expansion is a Laurent series\"\n"
"From remote kernel:"
"\"PASS: \"\"soft series covers the requested pole order\"\n"
"From remote kernel:"
"\"PASS: \"\"ordinary real term is fully evaluated\"\n"
"From remote kernel:"
"\"PASS: \"\"massive angular denominator stays separated at the soft endpoint\"\n"
"From remote kernel:"
"\"PASS: \"\"mixed angular endpoint approach follows from its domain\"\n"
"From remote kernel:"
"\"PASS: \"\"inverted dilogarithm arguments are negative on the real domain\"\n"
"From remote kernel:"
"\"PASS: \"\"inverse hyperbolic logarithms preserve derivative and anchor\"\n"
"From remote kernel:"
"\"PASS: \"\"soft coefficients contain no recoil variable\"\n"
"From remote kernel:"
"\"PASS: \"\"massive angular denominator stays separated at the soft endpoint\"\n"
"From remote kernel:"
"\"PASS: \"\"ordinary real term is fully evaluated\"\n"
"From remote kernel:"
"\"PASS: \"\"massive angular denominator stays separated at the soft endpoint\"\n"
"From remote kernel:"
"\"PASS: \"\"mixed angular endpoint approach follows from its domain\"\n"
"From remote kernel:"
"\"PASS: \"\"inverted dilogarithm arguments are negative on the real domain\"\n"
"From remote kernel:"
"\"PASS: \"\"inverse hyperbolic logarithms preserve derivative and anchor\"\n"
"From remote kernel:"
"\"PASS: \"\"soft expansion is a Laurent series\"\n"
"From remote kernel:"
"\"PASS: \"\"soft series covers the requested pole order\"\n"
"From remote kernel:"
"\"PASS: \"\"soft coefficients contain no recoil variable\"\n"
"From remote kernel:"
"\"PASS: \"\"massive angular denominator stays separated at the soft endpoint\"\n"
"From remote kernel:"
"\"PASS: \"\"mixed angular endpoint approach follows from its domain\"\n"
"From remote kernel:"
"\"PASS: \"\"inverted dilogarithm arguments are negative on the real domain\"\n"
"From remote kernel:"
"\"PASS: \"\"inverse hyperbolic logarithms preserve derivative and anchor\"\n"
"From remote kernel:"
"\"PASS: \"\"soft expansion is a Laurent series\"\n"
"From remote kernel:"
"\"PASS: \"\"soft series covers the requested pole order\"\n"
"From remote kernel:"
"\"PASS: \"\"soft coefficients contain no recoil variable\"\n"
"From remote kernel:"
"\"Ppp\"\" real term \"54\"/\"182\"; memory = \"404322896\n"
"From remote kernel:"
"\"PASS: \"\"soft expansion is a Laurent series\"\n"
"From remote kernel:"
"\"PASS: \"\"soft series covers the requested pole order\"\n"
"From remote kernel:"
"\"PASS: \"\"ordinary real term is fully evaluated\"\n"
"From remote kernel:"
"\"PASS: \"\"massive angular denominator stays separated at the soft endpoint\"\n"
"From remote kernel:"
"\"PASS: \"\"mixed angular endpoint approach follows from its domain\"\n"
"From remote kernel:"
"\"PASS: \"\"inverted dilogarithm arguments are negative on the real domain\"\n"
"From remote kernel:"
"\"PASS: \"\"inverse hyperbolic logarithms preserve derivative and anchor\"\n"
"From remote kernel:"
"\"PASS: \"\"soft coefficients contain no recoil variable\"\n"
"From remote kernel:"
"\"Ppp\"\" real term \"55\"/\"182\"; memory = \"326130280\n"
"From remote kernel:"
"\"PASS: \"\"soft expansion is a Laurent series\"\n"
"From remote kernel:"
"\"PASS: \"\"soft series covers the requested pole order\"\n"
"From remote kernel:"
"\"PASS: \"\"massive angular denominator stays separated at the soft endpoint\"\n"
"From remote kernel:"
"\"PASS: \"\"mixed angular endpoint approach follows from its domain\"\n"
"From remote kernel:"
"\"PASS: \"\"inverted dilogarithm arguments are negative on the real domain\"\n"
"From remote kernel:"
"\"PASS: \"\"inverse hyperbolic logarithms preserve derivative and anchor\"\n"
"From remote kernel:"
"\"PASS: \"\"ordinary real term is fully evaluated\"\n"
"From remote kernel:"
"\"PASS: \"\"massive angular denominator stays separated at the soft endpoint\"\n"
"From remote kernel:"
"\"PASS: \"\"soft expansion is a Laurent series\"\n"
"From remote kernel:"
"\"PASS: \"\"soft series covers the requested pole order\"\n"
"From remote kernel:"
"\"PASS: \"\"soft expansion is a Laurent series\"\n"
"From remote kernel:"
"\"PASS: \"\"soft series covers the requested pole order\"\n"
"From remote kernel:"
"\"PASS: \"\"soft coefficients contain no recoil variable\"\n"
"From remote kernel:"
"\"PASS: \"\"soft coefficients contain no recoil variable\"\n"
"From remote kernel:"
"\"PASS: \"\"massive angular denominator stays separated at the soft endpoint\"\n"
"From remote kernel:"
"\"PASS: \"\"massive angular denominator stays separated at the soft endpoint\"\n"
"From remote kernel:"
"\"PASS: \"\"mixed angular endpoint approach follows from its domain\"\n"
"From remote kernel:"
"\"PASS: \"\"inverted dilogarithm arguments are negative on the real domain\"\n"
"From remote kernel:"
"\"PASS: \"\"inverse hyperbolic logarithms preserve derivative and anchor\"\n"
"From remote kernel:"
"\"PASS: \"\"soft expansion is a Laurent series\"\n"
"From remote kernel:"
"\"PASS: \"\"soft series covers the requested pole order\"\n"
"From remote kernel:"
"\"Ppp\"\" real term \"56\"/\"182\"; memory = \"224658696\n"
"From remote kernel:"
"\"PASS: \"\"ordinary real term is fully evaluated\"\n"
"From remote kernel:"
"\"PASS: \"\"massive angular denominator stays separated at the soft endpoint\"\n"
"From remote kernel:"
"\"PASS: \"\"mixed angular endpoint approach follows from its domain\"\n"
"From remote kernel:"
"\"PASS: \"\"inverted dilogarithm arguments are negative on the real domain\"\n"
"From remote kernel:"
"\"PASS: \"\"inverse hyperbolic logarithms preserve derivative and anchor\"\n"
"From remote kernel:"
"\"PASS: \"\"soft expansion is a Laurent series\"\n"
"From remote kernel:"
"\"PASS: \"\"soft series covers the requested pole order\"\n"
"From remote kernel:"
"\"PASS: \"\"soft coefficients contain no recoil variable\"\n"
"From remote kernel:"
"\"Ppp\"\" real term \"57\"/\"182\"; memory = \"323969896\n"
"From remote kernel:"
"\"PASS: \"\"soft expansion is a Laurent series\"\n"
"From remote kernel:"
"\"PASS: \"\"soft series covers the requested pole order\"\n"
"From remote kernel:"
"\"PASS: \"\"ordinary real term is fully evaluated\"\n"
"From remote kernel:"
"\"PASS: \"\"massive angular denominator stays separated at the soft endpoint\"\n"
"From remote kernel:"
"\"PASS: \"\"mixed angular endpoint approach follows from its domain\"\n"
"From remote kernel:"
"\"PASS: \"\"inverted dilogarithm arguments are negative on the real domain\"\n"
"From remote kernel:"
"\"PASS: \"\"inverse hyperbolic logarithms preserve derivative and anchor\"\n"
"From remote kernel:"
"\"PASS: \"\"soft coefficients contain no recoil variable\"\n"
"From remote kernel:"
"\"Ppp\"\" real term \"58\"/\"182\"; memory = \"408382312\n"
"From remote kernel:"
"\"PASS: \"\"ordinary real term is fully evaluated\"\n"
"From remote kernel:"
"\"PASS: \"\"massive angular denominator stays separated at the soft endpoint\"\n"
"From remote kernel:"
"\"PASS: \"\"soft expansion is a Laurent series\"\n"
"From remote kernel:"
"\"PASS: \"\"soft series covers the requested pole order\"\n"
"From remote kernel:"
"\"PASS: \"\"soft coefficients contain no recoil variable\"\n"
"From remote kernel:"
"\"PASS: \"\"massive angular denominator stays separated at the soft endpoint\"\n"
"From remote kernel:"
"\"PASS: \"\"soft expansion is a Laurent series\"\n"
"From remote kernel:"
"\"PASS: \"\"soft series covers the requested pole order\"\n"
"From remote kernel:"
"\"PASS: \"\"soft coefficients contain no recoil variable\"\n"
"From remote kernel:"
"\"Ppp\"\" real term \"59\"/\"182\"; memory = \"406065912\n"
"From remote kernel:"
"\"PASS: \"\"ordinary real term is fully evaluated\"\n"
"From remote kernel:"
"\"PASS: \"\"massive angular denominator stays separated at the soft endpoint\"\n"
"From remote kernel:"
"\"PASS: \"\"soft expansion is a Laurent series\"\n"
"From remote kernel:"
"\"PASS: \"\"soft series covers the requested pole order\"\n"
"From remote kernel:"
"\"PASS: \"\"massive angular denominator stays separated at the soft endpoint\"\n"
"From remote kernel:"
"\"PASS: \"\"soft expansion is a Laurent series\"\n"
"From remote kernel:"
"\"PASS: \"\"soft series covers the requested pole order\"\n"
"From remote kernel:"
"\"Ppp\"\" real term \"60\"/\"182\"; memory = \"405313272\n"
"From remote kernel:"
"\"PASS: \"\"ordinary real term is fully evaluated\"\n"
"From remote kernel:"
"\"PASS: \"\"massive angular denominator stays separated at the soft endpoint\"\n"
"From remote kernel:"
"\"PASS: \"\"soft expansion is a Laurent series\"\n"
"From remote kernel:"
"\"PASS: \"\"soft series covers the requested pole order\"\n"
"From remote kernel:"
"\"PASS: \"\"massive angular denominator stays separated at the soft endpoint\"\n"
"From remote kernel:"
"\"PASS: \"\"soft expansion is a Laurent series\"\n"
"From remote kernel:"
"\"PASS: \"\"soft series covers the requested pole order\"\n"
"From remote kernel:"
"\"Ppp\"\" real term \"61\"/\"182\"; memory = \"223427616\n"
"From remote kernel:"
"\"PASS: \"\"ordinary real term is fully evaluated\"\n"
"From remote kernel:"
"\"PASS: \"\"massive angular denominator stays separated at the soft endpoint\"\n"
"From remote kernel:"
"\"PASS: \"\"soft expansion is a Laurent series\"\n"
"From remote kernel:"
"\"PASS: \"\"soft series covers the requested pole order\"\n"
"From remote kernel:"
"\"PASS: \"\"massive angular denominator stays separated at the soft endpoint\"\n"
"From remote kernel:"
"\"PASS: \"\"soft expansion is a Laurent series\"\n"
"From remote kernel:"
"\"PASS: \"\"soft series covers the requested pole order\"\n"
"From remote kernel:"
"\"Ppp\"\" real term \"62\"/\"182\"; memory = \"223610032\n"
"From remote kernel:"
"\"PASS: \"\"soft expansion is a Laurent series\"\n"
"From remote kernel:"
"\"PASS: \"\"soft series covers the requested pole order\"\n"
"From remote kernel:"
"\"PASS: \"\"soft coefficients contain no recoil variable\"\n"
"From remote kernel:"
"\"PASS: \"\"massive angular denominator stays separated at the soft endpoint\"\n"
"From remote kernel:"
"\"PASS: \"\"mixed angular endpoint approach follows from its domain\"\n"
"From remote kernel:"
"\"PASS: \"\"inverted dilogarithm arguments are negative on the real domain\"\n"
"From remote kernel:"
"\"PASS: \"\"inverse hyperbolic logarithms preserve derivative and anchor\"\n"
"From remote kernel:"
"\"PASS: \"\"ordinary real term is fully evaluated\"\n"
"From remote kernel:"
"\"PASS: \"\"massive angular denominator stays separated at the soft endpoint\"\n"
"From remote kernel:"
"\"PASS: \"\"mixed angular endpoint approach follows from its domain\"\n"
"From remote kernel:"
"\"PASS: \"\"inverted dilogarithm arguments are negative on the real domain\"\n"
"From remote kernel:"
"\"PASS: \"\"inverse hyperbolic logarithms preserve derivative and anchor\"\n"
"From remote kernel:"
"\"PASS: \"\"soft expansion is a Laurent series\"\n"
"From remote kernel:"
"\"PASS: \"\"soft series covers the requested pole order\"\n"
"From remote kernel:"
"\"PASS: \"\"soft coefficients contain no recoil variable\"\n"
"From remote kernel:"
"\"PASS: \"\"massive angular denominator stays separated at the soft endpoint\"\n"
"From remote kernel:"
"\"PASS: \"\"mixed angular endpoint approach follows from its domain\"\n"
"From remote kernel:"
"\"PASS: \"\"inverted dilogarithm arguments are negative on the real domain\"\n"
"From remote kernel:"
"\"PASS: \"\"inverse hyperbolic logarithms preserve derivative and anchor\"\n"
"From remote kernel:"
"\"PASS: \"\"soft expansion is a Laurent series\"\n"
"From remote kernel:"
"\"PASS: \"\"soft series covers the requested pole order\"\n"
"From remote kernel:"
"\"PASS: \"\"massive angular denominator stays separated at the soft endpoint\"\n"
"From remote kernel:"
"\"PASS: \"\"mixed angular endpoint approach follows from its domain\"\n"
"From remote kernel:"
"\"PASS: \"\"inverted dilogarithm arguments are negative on the real domain\"\n"
"From remote kernel:"
"\"PASS: \"\"inverse hyperbolic logarithms preserve derivative and anchor\"\n"
"From remote kernel:"
"\"PASS: \"\"soft expansion is a Laurent series\"\n"
"From remote kernel:"
"\"PASS: \"\"soft series covers the requested pole order\"\n"
"From remote kernel:"
"\"PASS: \"\"soft coefficients contain no recoil variable\"\n"
MONITOR_HEARTBEAT elapsed=303s rss=2029.7MiB peak=2194.8MiB
"From remote kernel:"
"\"Ppp\"\" real term \"63\"/\"182\"; memory = \"231397864\n"
"From remote kernel:"
"\"PASS: \"\"ordinary real term is fully evaluated\"\n"
"From remote kernel:"
"\"PASS: \"\"massive angular denominator stays separated at the soft endpoint\"\n"
"From remote kernel:"
"\"PASS: \"\"soft expansion is a Laurent series\"\n"
"From remote kernel:"
"\"PASS: \"\"soft series covers the requested pole order\"\n"
"From remote kernel:"
"\"PASS: \"\"soft coefficients contain no recoil variable\"\n"
"From remote kernel:"
"\"PASS: \"\"massive angular denominator stays separated at the soft endpoint\"\n"
"From remote kernel:"
"\"PASS: \"\"soft expansion is a Laurent series\"\n"
"From remote kernel:"
"\"PASS: \"\"soft series covers the requested pole order\"\n"
"From remote kernel:"
"\"PASS: \"\"soft coefficients contain no recoil variable\"\n"
"From remote kernel:"
"\"Ppp\"\" real term \"64\"/\"182\"; memory = \"244228584\n"
"From remote kernel:"
"\"PASS: \"\"ordinary real term is fully evaluated\"\n"
"From remote kernel:"
"\"PASS: \"\"massive angular denominator stays separated at the soft endpoint\"\n"
"From remote kernel:"
"\"PASS: \"\"soft expansion is a Laurent series\"\n"
"From remote kernel:"
"\"PASS: \"\"soft series covers the requested pole order\"\n"
"From remote kernel:"
"\"PASS: \"\"soft coefficients contain no recoil variable\"\n"
"From remote kernel:"
"\"Ppp\"\" real term \"65\"/\"182\"; memory = \"321477712\n"
"From remote kernel:"
"\"PASS: \"\"soft expansion is a Laurent series\"\n"
"From remote kernel:"
"\"PASS: \"\"soft series covers the requested pole order\"\n"
"From remote kernel:"
"\"PASS: \"\"massive angular denominator stays separated at the soft endpoint\"\n"
"From remote kernel:"
"\"PASS: \"\"soft expansion is a Laurent series\"\n"
"From remote kernel:"
"\"PASS: \"\"soft series covers the requested pole order\"\n"
"From remote kernel:"
"\"Ppp\"\" real term \"66\"/\"182\"; memory = \"245645256\n"
"From remote kernel:"
"\"PASS: \"\"soft expansion is a Laurent series\"\n"
"From remote kernel:"
"\"PASS: \"\"soft series covers the requested pole order\"\n"
"From remote kernel:"
"\"Ppp\"\" real term \"67\"/\"182\"; memory = \"263865184\n"
"From remote kernel:"
"\"PASS: \"\"ordinary real term is fully evaluated\"\n"
"From remote kernel:"
"\"PASS: \"\"massive angular denominator stays separated at the soft endpoint\"\n"
"From remote kernel:"
"\"PASS: \"\"soft expansion is a Laurent series\"\n"
"From remote kernel:"
"\"PASS: \"\"soft series covers the requested pole order\"\n"
"From remote kernel:"
"\"PASS: \"\"massive angular denominator stays separated at the soft endpoint\"\n"
"From remote kernel:"
"\"PASS: \"\"soft expansion is a Laurent series\"\n"
"From remote kernel:"
"\"PASS: \"\"soft series covers the requested pole order\"\n"
"From remote kernel:"
"\"Ppp\"\" real term \"68\"/\"182\"; memory = \"321367336\n"
"From remote kernel:"
"\"PASS: \"\"ordinary real term is fully evaluated\"\n"
"From remote kernel:"
"\"PASS: \"\"massive angular denominator stays separated at the soft endpoint\"\n"
"From remote kernel:"
"\"PASS: \"\"mixed angular endpoint approach follows from its domain\"\n"
"From remote kernel:"
"\"PASS: \"\"inverted dilogarithm arguments are negative on the real domain\"\n"
"From remote kernel:"
"\"PASS: \"\"inverse hyperbolic logarithms preserve derivative and anchor\"\n"
"From remote kernel:"
"\"PASS: \"\"ordinary real term is fully evaluated\"\n"
MONITOR_HEARTBEAT elapsed=334s rss=2103.2MiB peak=2194.8MiB
"From remote kernel:"
"\"PASS: \"\"massive angular denominator stays separated at the soft endpoint\"\n"
"From remote kernel:"
"\"PASS: \"\"soft expansion is a Laurent series\"\n"
"From remote kernel:"
"\"PASS: \"\"soft series covers the requested pole order\"\n"
"From remote kernel:"
"\"PASS: \"\"massive angular denominator stays separated at the soft endpoint\"\n"
"From remote kernel:"
"\"PASS: \"\"soft expansion is a Laurent series\"\n"
"From remote kernel:"
"\"PASS: \"\"soft series covers the requested pole order\"\n"
"From remote kernel:"
"\"PASS: \"\"massive angular denominator stays separated at the soft endpoint\"\n"
"From remote kernel:"
"\"PASS: \"\"mixed angular endpoint approach follows from its domain\"\n"
"From remote kernel:"
"\"PASS: \"\"inverted dilogarithm arguments are negative on the real domain\"\n"
"From remote kernel:"
"\"PASS: \"\"inverse hyperbolic logarithms preserve derivative and anchor\"\n"
"From remote kernel:"
"\"PASS: \"\"soft expansion is a Laurent series\"\n"
"From remote kernel:"
"\"PASS: \"\"soft series covers the requested pole order\"\n"
"From remote kernel:"
"\"Ppp\"\" real term \"69\"/\"182\"; memory = \"343431936\n"
"From remote kernel:"
"\"PASS: \"\"ordinary real term is fully evaluated\"\n"
"From remote kernel:"
"\"PASS: \"\"massive angular denominator stays separated at the soft endpoint\"\n"
"From remote kernel:"
"\"PASS: \"\"ordinary real term is fully evaluated\"\n"
"From remote kernel:"
"\"PASS: \"\"massive angular denominator stays separated at the soft endpoint\"\n"
"From remote kernel:"
"\"PASS: \"\"soft expansion is a Laurent series\"\n"
"From remote kernel:"
"\"PASS: \"\"soft series covers the requested pole order\"\n"
"From remote kernel:"
"\"Ppp\"\" real term \"70\"/\"182\"; memory = \"334560864\n"
"From remote kernel:"
"\"PASS: \"\"soft expansion is a Laurent series\"\n"
"From remote kernel:"
"\"PASS: \"\"soft series covers the requested pole order\"\n"
"From remote kernel:"
"\"PASS: \"\"massive angular denominator stays separated at the soft endpoint\"\n"
"From remote kernel:"
"\"PASS: \"\"ordinary real term is fully evaluated\"\n"
"From remote kernel:"
"\"PASS: \"\"massive angular denominator stays separated at the soft endpoint\"\n"
"From remote kernel:"
"\"PASS: \"\"soft expansion is a Laurent series\"\n"
"From remote kernel:"
"\"PASS: \"\"soft series covers the requested pole order\"\n"
"From remote kernel:"
"\"PASS: \"\"soft coefficients contain no recoil variable\"\n"
"From remote kernel:"
"\"PASS: \"\"massive angular denominator stays separated at the soft endpoint\"\n"
"From remote kernel:"
"\"PASS: \"\"soft expansion is a Laurent series\"\n"
"From remote kernel:"
"\"PASS: \"\"soft series covers the requested pole order\"\n"
"From remote kernel:"
"\"Ppp\"\" real term \"71\"/\"182\"; memory = \"347479176\n"
"From remote kernel:"
"\"PASS: \"\"soft expansion is a Laurent series\"\n"
"From remote kernel:"
"\"PASS: \"\"soft series covers the requested pole order\"\n"
"From remote kernel:"
"\"PASS: \"\"massive angular denominator stays separated at the soft endpoint\"\n"
"From remote kernel:"
"\"PASS: \"\"soft expansion is a Laurent series\"\n"
"From remote kernel:"
"\"PASS: \"\"soft series covers the requested pole order\"\n"
"From remote kernel:"
"\"PASS: \"\"soft expansion is a Laurent series\"\n"
"From remote kernel:"
"\"PASS: \"\"soft series covers the requested pole order\"\n"
"From remote kernel:"
"\"Ppp\"\" real term \"72\"/\"182\"; memory = \"224820624\n"
"From remote kernel:"
"\"PASS: \"\"soft coefficients contain no recoil variable\"\n"
"From remote kernel:"
"\"Ppp\"\" real term \"73\"/\"182\"; memory = \"305467808\n"
"From remote kernel:"
"\"PASS: \"\"ordinary real term is fully evaluated\"\n"
"From remote kernel:"
"\"PASS: \"\"massive angular denominator stays separated at the soft endpoint\"\n"
"From remote kernel:"
"\"PASS: \"\"mixed angular endpoint approach follows from its domain\"\n"
"From remote kernel:"
"\"PASS: \"\"inverted dilogarithm arguments are negative on the real domain\"\n"
"From remote kernel:"
"\"PASS: \"\"inverse hyperbolic logarithms preserve derivative and anchor\"\n"
MONITOR_HEARTBEAT elapsed=364s rss=2154.4MiB peak=2194.8MiB
"From remote kernel:"
"\"PASS: \"\"soft expansion is a Laurent series\"\n"
"From remote kernel:"
"\"PASS: \"\"soft series covers the requested pole order\"\n"
"From remote kernel:"
"\"PASS: \"\"massive angular denominator stays separated at the soft endpoint\"\n"
"From remote kernel:"
"\"PASS: \"\"mixed angular endpoint approach follows from its domain\"\n"
"From remote kernel:"
"\"PASS: \"\"inverted dilogarithm arguments are negative on the real domain\"\n"
"From remote kernel:"
"\"PASS: \"\"inverse hyperbolic logarithms preserve derivative and anchor\"\n"
"From remote kernel:"
"\"PASS: \"\"ordinary real term is fully evaluated\"\n"
"From remote kernel:"
"\"PASS: \"\"massive angular denominator stays separated at the soft endpoint\"\n"
"From remote kernel:"
"\"PASS: \"\"mixed angular endpoint approach follows from its domain\"\n"
"From remote kernel:"
"\"PASS: \"\"inverted dilogarithm arguments are negative on the real domain\"\n"
"From remote kernel:"
"\"PASS: \"\"inverse hyperbolic logarithms preserve derivative and anchor\"\n"
"From remote kernel:"
"\"PASS: \"\"ordinary real term is fully evaluated\"\n"
"From remote kernel:"
"\"PASS: \"\"massive angular denominator stays separated at the soft endpoint\"\n"
"From remote kernel:"
"\"PASS: \"\"mixed angular endpoint approach follows from its domain\"\n"
"From remote kernel:"
"\"PASS: \"\"inverted dilogarithm arguments are negative on the real domain\"\n"
"From remote kernel:"
"\"PASS: \"\"inverse hyperbolic logarithms preserve derivative and anchor\"\n"
"From remote kernel:"
"\"PASS: \"\"soft expansion is a Laurent series\"\n"
"From remote kernel:"
"\"PASS: \"\"soft series covers the requested pole order\"\n"
"From remote kernel:"
"\"Ppp\"\" real term \"74\"/\"182\"; memory = \"353637736\n"
"From remote kernel:"
"\"PASS: \"\"soft expansion is a Laurent series\"\n"
"From remote kernel:"
"\"PASS: \"\"soft series covers the requested pole order\"\n"
"From remote kernel:"
"\"PASS: \"\"massive angular denominator stays separated at the soft endpoint\"\n"
"From remote kernel:"
"\"PASS: \"\"mixed angular endpoint approach follows from its domain\"\n"
"From remote kernel:"
"\"PASS: \"\"inverted dilogarithm arguments are negative on the real domain\"\n"
"From remote kernel:"
"\"PASS: \"\"inverse hyperbolic logarithms preserve derivative and anchor\"\n"
"From remote kernel:"
"\"PASS: \"\"ordinary real term is fully evaluated\"\n"
"From remote kernel:"
"\"PASS: \"\"massive angular denominator stays separated at the soft endpoint\"\n"
"From remote kernel:"
"\"PASS: \"\"soft expansion is a Laurent series\"\n"
"From remote kernel:"
"\"PASS: \"\"soft series covers the requested pole order\"\n"
"From remote kernel:"
"\"Ppp\"\" real term \"75\"/\"182\"; memory = \"311532616\n"
"From remote kernel:"
"\"PASS: \"\"soft expansion is a Laurent series\"\n"
"From remote kernel:"
"\"PASS: \"\"soft series covers the requested pole order\"\n"
"From remote kernel:"
"\"PASS: \"\"massive angular denominator stays separated at the soft endpoint\"\n"
"From remote kernel:"
"\"PASS: \"\"ordinary real term is fully evaluated\"\n"
"From remote kernel:"
"\"PASS: \"\"massive angular denominator stays separated at the soft endpoint\"\n"
"From remote kernel:"
"\"PASS: \"\"mixed angular endpoint approach follows from its domain\"\n"
"From remote kernel:"
"\"PASS: \"\"inverted dilogarithm arguments are negative on the real domain\"\n"
"From remote kernel:"
"\"PASS: \"\"inverse hyperbolic logarithms preserve derivative and anchor\"\n"
"From remote kernel:"
"\"PASS: \"\"soft expansion is a Laurent series\"\n"
"From remote kernel:"
"\"PASS: \"\"soft series covers the requested pole order\"\n"
"From remote kernel:"
"\"PASS: \"\"massive angular denominator stays separated at the soft endpoint\"\n"
"From remote kernel:"
"\"PASS: \"\"mixed angular endpoint approach follows from its domain\"\n"
"From remote kernel:"
"\"PASS: \"\"inverted dilogarithm arguments are negative on the real domain\"\n"
"From remote kernel:"
"\"PASS: \"\"inverse hyperbolic logarithms preserve derivative and anchor\"\n"
"From remote kernel:"
"\"PASS: \"\"soft expansion is a Laurent series\"\n"
"From remote kernel:"
"\"PASS: \"\"soft series covers the requested pole order\"\n"
"From remote kernel:"
"\"Ppp\"\" real term \"76\"/\"182\"; memory = \"369678256\n"
"From remote kernel:"
"\"PASS: \"\"ordinary real term is fully evaluated\"\n"
"From remote kernel:"
"\"PASS: \"\"massive angular denominator stays separated at the soft endpoint\"\n"
"From remote kernel:"
"\"PASS: \"\"mixed angular endpoint approach follows from its domain\"\n"
"From remote kernel:"
"\"PASS: \"\"inverted dilogarithm arguments are negative on the real domain\"\n"
"From remote kernel:"
"\"PASS: \"\"inverse hyperbolic logarithms preserve derivative and anchor\"\n"
"From remote kernel:"
"\"PASS: \"\"soft expansion is a Laurent series\"\n"
"From remote kernel:"
"\"PASS: \"\"soft series covers the requested pole order\"\n"
"From remote kernel:"
"\"PASS: \"\"massive angular denominator stays separated at the soft endpoint\"\n"
"From remote kernel:"
"\"PASS: \"\"mixed angular endpoint approach follows from its domain\"\n"
"From remote kernel:"
"\"PASS: \"\"inverted dilogarithm arguments are negative on the real domain\"\n"
"From remote kernel:"
"\"PASS: \"\"inverse hyperbolic logarithms preserve derivative and anchor\"\n"
"From remote kernel:"
"\"PASS: \"\"soft expansion is a Laurent series\"\n"
"From remote kernel:"
"\"PASS: \"\"soft series covers the requested pole order\"\n"
"From remote kernel:"
"\"PASS: \"\"massive angular denominator stays separated at the soft endpoint\"\n"
"From remote kernel:"
"\"PASS: \"\"mixed angular endpoint approach follows from its domain\"\n"
"From remote kernel:"
"\"PASS: \"\"inverted dilogarithm arguments are negative on the real domain\"\n"
"From remote kernel:"
"\"PASS: \"\"inverse hyperbolic logarithms preserve derivative and anchor\"\n"
"From remote kernel:"
"\"PASS: \"\"soft expansion is a Laurent series\"\n"
"From remote kernel:"
"\"PASS: \"\"soft series covers the requested pole order\"\n"
"From remote kernel:"
"\"Ppp\"\" real term \"77\"/\"182\"; memory = \"326136536\n"
"From remote kernel:"
"\"PASS: \"\"ordinary real term is fully evaluated\"\n"
"From remote kernel:"
"\"PASS: \"\"massive angular denominator stays separated at the soft endpoint\"\n"
"From remote kernel:"
"\"PASS: \"\"soft expansion is a Laurent series\"\n"
"From remote kernel:"
"\"PASS: \"\"soft series covers the requested pole order\"\n"
"From remote kernel:"
"\"PASS: \"\"massive angular denominator stays separated at the soft endpoint\"\n"
"From remote kernel:"
"\"PASS: \"\"soft expansion is a Laurent series\"\n"
"From remote kernel:"
"\"PASS: \"\"soft series covers the requested pole order\"\n"
"From remote kernel:"
"\"Ppp\"\" real term \"78\"/\"182\"; memory = \"325870736\n"
"From remote kernel:"
"\"PASS: \"\"ordinary real term is fully evaluated\"\n"
"From remote kernel:"
"\"PASS: \"\"massive angular denominator stays separated at the soft endpoint\"\n"
"From remote kernel:"
"\"PASS: \"\"soft expansion is a Laurent series\"\n"
"From remote kernel:"
"\"PASS: \"\"soft series covers the requested pole order\"\n"
"From remote kernel:"
"\"PASS: \"\"massive angular denominator stays separated at the soft endpoint\"\n"
"From remote kernel:"
"\"PASS: \"\"soft expansion is a Laurent series\"\n"
"From remote kernel:"
"\"PASS: \"\"soft series covers the requested pole order\"\n"
"From remote kernel:"
"\"Ppp\"\" real term \"79\"/\"182\"; memory = \"365763104\n"
"From remote kernel:"
"\"PASS: \"\"ordinary real term is fully evaluated\"\n"
"From remote kernel:"
"\"PASS: \"\"massive angular denominator stays separated at the soft endpoint\"\n"
"From remote kernel:"
"\"PASS: \"\"mixed angular endpoint approach follows from its domain\"\n"
"From remote kernel:"
"\"PASS: \"\"inverted dilogarithm arguments are negative on the real domain\"\n"
"From remote kernel:"
"\"PASS: \"\"inverse hyperbolic logarithms preserve derivative and anchor\"\n"
"From remote kernel:"
"\"PASS: \"\"soft expansion is a Laurent series\"\n"
"From remote kernel:"
"\"PASS: \"\"soft series covers the requested pole order\"\n"
"From remote kernel:"
"\"Ppp\"\" real term \"80\"/\"182\"; memory = \"353807320\n"
"From remote kernel:"
"\"PASS: \"\"ordinary real term is fully evaluated\"\n"
"From remote kernel:"
"\"PASS: \"\"endpoint valuation is rational\"\n"
"From remote kernel:"
"\"PASS: \"\"soft expansion is a Laurent series\"\n"
"From remote kernel:"
"\"PASS: \"\"soft series covers the requested pole order\"\n"
"From remote kernel:"
"\"PASS: \"\"soft coefficients contain no recoil variable\"\n"
"From remote kernel:"
"\"PASS: \"\"endpoint valuation is rational\"\n"
"From remote kernel:"
"\"PASS: \"\"soft expansion is a Laurent series\"\n"
"From remote kernel:"
"\"PASS: \"\"soft series covers the requested pole order\"\n"
"From remote kernel:"
"\"PASS: \"\"soft coefficients contain no recoil variable\"\n"
"From remote kernel:"
"\"Ppp\"\" real term \"81\"/\"182\"; memory = \"225201168\n"
"From remote kernel:"
"\"PASS: \"\"ordinary real term is fully evaluated\"\n"
"From remote kernel:"
"\"PASS: \"\"endpoint valuation is rational\"\n"
"From remote kernel:"
"\"PASS: \"\"soft expansion is a Laurent series\"\n"
"From remote kernel:"
"\"PASS: \"\"soft series covers the requested pole order\"\n"
"From remote kernel:"
"\"PASS: \"\"soft coefficients contain no recoil variable\"\n"
"From remote kernel:"
"\"PASS: \"\"endpoint valuation is rational\"\n"
"From remote kernel:"
"\"PASS: \"\"soft expansion is a Laurent series\"\n"
"From remote kernel:"
"\"PASS: \"\"soft series covers the requested pole order\"\n"
"From remote kernel:"
"\"PASS: \"\"soft coefficients contain no recoil variable\"\n"
"From remote kernel:"
"\"Ppp\"\" real term \"82\"/\"182\"; memory = \"225852760\n"
"From remote kernel:"
"\"PASS: \"\"ordinary real term is fully evaluated\"\n"
"From remote kernel:"
"\"PASS: \"\"endpoint valuation is rational\"\n"
"From remote kernel:"
"\"PASS: \"\"soft expansion is a Laurent series\"\n"
"From remote kernel:"
"\"PASS: \"\"soft series covers the requested pole order\"\n"
"From remote kernel:"
"\"PASS: \"\"soft coefficients contain no recoil variable\"\n"
"From remote kernel:"
"\"PASS: \"\"endpoint valuation is rational\"\n"
"From remote kernel:"
"\"PASS: \"\"soft expansion is a Laurent series\"\n"
"From remote kernel:"
"\"PASS: \"\"soft series covers the requested pole order\"\n"
"From remote kernel:"
"\"PASS: \"\"soft expansion is a Laurent series\"\n"
"From remote kernel:"
"\"PASS: \"\"soft series covers the requested pole order\"\n"
"From remote kernel:"
"\"PASS: \"\"massive angular denominator stays separated at the soft endpoint\"\n"
"From remote kernel:"
"\"PASS: \"\"soft coefficients contain no recoil variable\"\n"
"From remote kernel:"
"\"PASS: \"\"mixed angular endpoint approach follows from its domain\"\n"
"From remote kernel:"
"\"PASS: \"\"inverted dilogarithm arguments are negative on the real domain\"\n"
"From remote kernel:"
"\"PASS: \"\"inverse hyperbolic logarithms preserve derivative and anchor\"\n"
"From remote kernel:"
"\"Ppp\"\" real term \"83\"/\"182\"; memory = \"226294488\n"
"From remote kernel:"
"\"PASS: \"\"ordinary real term is fully evaluated\"\n"
"From remote kernel:"
"\"PASS: \"\"endpoint valuation is rational\"\n"
"From remote kernel:"
"\"PASS: \"\"soft expansion is a Laurent series\"\n"
"From remote kernel:"
"\"PASS: \"\"soft series covers the requested pole order\"\n"
"From remote kernel:"
"\"PASS: \"\"soft coefficients contain no recoil variable\"\n"
"From remote kernel:"
"\"PASS: \"\"endpoint valuation is rational\"\n"
"From remote kernel:"
"\"PASS: \"\"soft expansion is a Laurent series\"\n"
"From remote kernel:"
"\"PASS: \"\"soft series covers the requested pole order\"\n"
"From remote kernel:"
"\"PASS: \"\"soft coefficients contain no recoil variable\"\n"
"From remote kernel:"
"\"Ppp\"\" real term \"84\"/\"182\"; memory = \"228112000\n"
"From remote kernel:"
"\"PASS: \"\"ordinary real term is fully evaluated\"\n"
"From remote kernel:"
"\"PASS: \"\"endpoint valuation is rational\"\n"
"From remote kernel:"
"\"PASS: \"\"soft expansion is a Laurent series\"\n"
"From remote kernel:"
"\"PASS: \"\"soft series covers the requested pole order\"\n"
"From remote kernel:"
"\"PASS: \"\"soft coefficients contain no recoil variable\"\n"
"From remote kernel:"
"\"PASS: \"\"endpoint valuation is rational\"\n"
"From remote kernel:"
"\"PASS: \"\"soft expansion is a Laurent series\"\n"
"From remote kernel:"
"\"PASS: \"\"soft series covers the requested pole order\"\n"
"From remote kernel:"
"\"PASS: \"\"soft coefficients contain no recoil variable\"\n"
"From remote kernel:"
"\"Ppp\"\" real term \"85\"/\"182\"; memory = \"229332128\n"
"From remote kernel:"
"\"PASS: \"\"ordinary real term is fully evaluated\"\n"
"From remote kernel:"
"\"PASS: \"\"endpoint valuation is rational\"\n"
"From remote kernel:"
"\"PASS: \"\"soft expansion is a Laurent series\"\n"
"From remote kernel:"
"\"PASS: \"\"soft series covers the requested pole order\"\n"
"From remote kernel:"
"\"PASS: \"\"soft coefficients contain no recoil variable\"\n"
"From remote kernel:"
"\"PASS: \"\"endpoint valuation is rational\"\n"
"From remote kernel:"
"\"PASS: \"\"soft expansion is a Laurent series\"\n"
"From remote kernel:"
"\"PASS: \"\"soft series covers the requested pole order\"\n"
"From remote kernel:"
"\"PASS: \"\"soft coefficients contain no recoil variable\"\n"
"From remote kernel:"
"\"Ppp\"\" real term \"86\"/\"182\"; memory = \"232652872\n"
"From remote kernel:"
"\"PASS: \"\"ordinary real term is fully evaluated\"\n"
"From remote kernel:"
"\"PASS: \"\"endpoint valuation is rational\"\n"
"From remote kernel:"
"\"PASS: \"\"soft expansion is a Laurent series\"\n"
"From remote kernel:"
"\"PASS: \"\"soft series covers the requested pole order\"\n"
"From remote kernel:"
"\"PASS: \"\"soft coefficients contain no recoil variable\"\n"
"From remote kernel:"
"\"PASS: \"\"endpoint valuation is rational\"\n"
"From remote kernel:"
"\"PASS: \"\"soft expansion is a Laurent series\"\n"
"From remote kernel:"
"\"PASS: \"\"soft series covers the requested pole order\"\n"
"From remote kernel:"
"\"PASS: \"\"soft coefficients contain no recoil variable\"\n"
"From remote kernel:"
"\"PASS: \"\"soft expansion is a Laurent series\"\n"
"From remote kernel:"
"\"PASS: \"\"soft series covers the requested pole order\"\n"
"From remote kernel:"
"\"Ppp\"\" real term \"87\"/\"182\"; memory = \"237326168\n"
"From remote kernel:"
"\"Ppp\"\" real term \"88\"/\"182\"; memory = \"324817680\n"
"From remote kernel:"
"\"PASS: \"\"ordinary real term is fully evaluated\"\n"
"From remote kernel:"
"\"PASS: \"\"endpoint valuation is rational\"\n"
"From remote kernel:"
"\"PASS: \"\"soft expansion is a Laurent series\"\n"
"From remote kernel:"
"\"PASS: \"\"soft series covers the requested pole order\"\n"
"From remote kernel:"
"\"PASS: \"\"ordinary real term is fully evaluated\"\n"
"From remote kernel:"
"\"PASS: \"\"endpoint valuation is rational\"\n"
"From remote kernel:"
"\"PASS: \"\"soft coefficients contain no recoil variable\"\n"
"From remote kernel:"
"\"PASS: \"\"endpoint valuation is rational\"\n"
"From remote kernel:"
"\"PASS: \"\"soft expansion is a Laurent series\"\n"
"From remote kernel:"
"\"PASS: \"\"soft series covers the requested pole order\"\n"
"From remote kernel:"
"\"PASS: \"\"soft expansion is a Laurent series\"\n"
"From remote kernel:"
"\"PASS: \"\"soft series covers the requested pole order\"\n"
"From remote kernel:"
"\"PASS: \"\"soft coefficients contain no recoil variable\"\n"
"From remote kernel:"
"\"Ppp\"\" real term \"89\"/\"182\"; memory = \"240813008\n"
"From remote kernel:"
"\"PASS: \"\"ordinary real term is fully evaluated\"\n"
"From remote kernel:"
"\"PASS: \"\"endpoint valuation is rational\"\n"
"From remote kernel:"
"\"PASS: \"\"soft expansion is a Laurent series\"\n"
"From remote kernel:"
"\"PASS: \"\"soft series covers the requested pole order\"\n"
"From remote kernel:"
"\"PASS: \"\"soft coefficients contain no recoil variable\"\n"
"From remote kernel:"
"\"PASS: \"\"soft coefficients contain no recoil variable\"\n"
"From remote kernel:"
"\"PASS: \"\"endpoint valuation is rational\"\n"
"From remote kernel:"
"\"PASS: \"\"soft expansion is a Laurent series\"\n"
"From remote kernel:"
"\"PASS: \"\"soft series covers the requested pole order\"\n"
"From remote kernel:"
"\"PASS: \"\"endpoint valuation is rational\"\n"
"From remote kernel:"
"\"PASS: \"\"soft coefficients contain no recoil variable\"\n"
"From remote kernel:"
"\"PASS: \"\"soft expansion is a Laurent series\"\n"
"From remote kernel:"
"\"PASS: \"\"soft series covers the requested pole order\"\n"
"From remote kernel:"
"\"Ppp\"\" real term \"90\"/\"182\"; memory = \"242014056\n"
"From remote kernel:"
"\"PASS: \"\"ordinary real term is fully evaluated\"\n"
"From remote kernel:"
"\"PASS: \"\"endpoint valuation is rational\"\n"
"From remote kernel:"
"\"PASS: \"\"soft expansion is a Laurent series\"\n"
"From remote kernel:"
"\"PASS: \"\"soft series covers the requested pole order\"\n"
"From remote kernel:"
"\"PASS: \"\"soft coefficients contain no recoil variable\"\n"
"From remote kernel:"
"\"Ppp\"\" real term \"91\"/\"182\"; memory = \"327920224\n"
"From remote kernel:"
"\"PASS: \"\"soft coefficients contain no recoil variable\"\n"
"From remote kernel:"
"\"PASS: \"\"endpoint valuation is rational\"\n"
"From remote kernel:"
"\"PASS: \"\"soft expansion is a Laurent series\"\n"
"From remote kernel:"
"\"PASS: \"\"soft series covers the requested pole order\"\n"
"From remote kernel:"
"\"PASS: \"\"ordinary real term is fully evaluated\"\n"
"From remote kernel:"
"\"PASS: \"\"endpoint valuation is rational\"\n"
"From remote kernel:"
"\"PASS: \"\"soft coefficients contain no recoil variable\"\n"
"From remote kernel:"
"\"Ppp\"\" real term \"92\"/\"182\"; memory = \"225320832\n"
"From remote kernel:"
"\"PASS: \"\"soft expansion is a Laurent series\"\n"
"From remote kernel:"
"\"PASS: \"\"soft series covers the requested pole order\"\n"
"From remote kernel:"
"\"PASS: \"\"soft coefficients contain no recoil variable\"\n"
"From remote kernel:"
"\"PASS: \"\"endpoint valuation is rational\"\n"
"From remote kernel:"
"\"PASS: \"\"ordinary real term is fully evaluated\"\n"
"From remote kernel:"
"\"PASS: \"\"soft expansion is a Laurent series\"\n"
"From remote kernel:"
"\"PASS: \"\"soft series covers the requested pole order\"\n"
"From remote kernel:"
"\"PASS: \"\"endpoint valuation is rational\"\n"
"From remote kernel:"
"\"PASS: \"\"soft coefficients contain no recoil variable\"\n"
"From remote kernel:"
"\"Ppp\"\" real term \"93\"/\"182\"; memory = \"331031600\n"
"From remote kernel:"
"\"PASS: \"\"soft expansion is a Laurent series\"\n"
"From remote kernel:"
"\"PASS: \"\"soft series covers the requested pole order\"\n"
"From remote kernel:"
"\"PASS: \"\"soft coefficients contain no recoil variable\"\n"
"From remote kernel:"
"\"PASS: \"\"endpoint valuation is rational\"\n"
"From remote kernel:"
"\"PASS: \"\"ordinary real term is fully evaluated\"\n"
"From remote kernel:"
"\"PASS: \"\"soft expansion is a Laurent series\"\n"
"From remote kernel:"
"\"PASS: \"\"soft series covers the requested pole order\"\n"
"From remote kernel:"
"\"PASS: \"\"endpoint valuation is rational\"\n"
"From remote kernel:"
"\"PASS: \"\"soft coefficients contain no recoil variable\"\n"
"From remote kernel:"
"\"Ppp\"\" real term \"94\"/\"182\"; memory = \"234765672\n"
"From remote kernel:"
"\"PASS: \"\"soft expansion is a Laurent series\"\n"
"From remote kernel:"
"\"PASS: \"\"soft series covers the requested pole order\"\n"
"From remote kernel:"
"\"PASS: \"\"soft coefficients contain no recoil variable\"\n"
"From remote kernel:"
"\"PASS: \"\"endpoint valuation is rational\"\n"
"From remote kernel:"
"\"PASS: \"\"ordinary real term is fully evaluated\"\n"
"From remote kernel:"
"\"PASS: \"\"soft expansion is a Laurent series\"\n"
"From remote kernel:"
"\"PASS: \"\"soft series covers the requested pole order\"\n"
"From remote kernel:"
"\"PASS: \"\"endpoint valuation is rational\"\n"
"From remote kernel:"
"\"PASS: \"\"soft coefficients contain no recoil variable\"\n"
"From remote kernel:"
"\"Ppp\"\" real term \"95\"/\"182\"; memory = \"337987168\n"
"From remote kernel:"
"\"PASS: \"\"ordinary real term is fully evaluated\"\n"
"From remote kernel:"
"\"PASS: \"\"endpoint valuation is rational\"\n"
"From remote kernel:"
"\"PASS: \"\"soft expansion is a Laurent series\"\n"
"From remote kernel:"
"\"PASS: \"\"soft series covers the requested pole order\"\n"
"From remote kernel:"
"\"PASS: \"\"soft expansion is a Laurent series\"\n"
"From remote kernel:"
"\"PASS: \"\"soft series covers the requested pole order\"\n"
"From remote kernel:"
"\"PASS: \"\"soft coefficients contain no recoil variable\"\n"
"From remote kernel:"
"\"PASS: \"\"endpoint valuation is rational\"\n"
"From remote kernel:"
"\"PASS: \"\"soft expansion is a Laurent series\"\n"
"From remote kernel:"
"\"PASS: \"\"soft series covers the requested pole order\"\n"
"From remote kernel:"
"\"PASS: \"\"soft coefficients contain no recoil variable\"\n"
"From remote kernel:"
"\"Ppp\"\" real term \"96\"/\"182\"; memory = \"337306656\n"
"From remote kernel:"
"\"PASS: \"\"ordinary real term is fully evaluated\"\n"
"From remote kernel:"
"\"PASS: \"\"endpoint valuation is rational\"\n"
"From remote kernel:"
"\"PASS: \"\"soft coefficients contain no recoil variable\"\n"
"From remote kernel:"
"\"PASS: \"\"soft expansion is a Laurent series\"\n"
"From remote kernel:"
"\"PASS: \"\"soft series covers the requested pole order\"\n"
"From remote kernel:"
"\"PASS: \"\"endpoint valuation is rational\"\n"
"From remote kernel:"
"\"PASS: \"\"soft coefficients contain no recoil variable\"\n"
"From remote kernel:"
"\"PASS: \"\"endpoint valuation is rational\"\n"
"From remote kernel:"
"\"PASS: \"\"soft expansion is a Laurent series\"\n"
"From remote kernel:"
"\"PASS: \"\"soft series covers the requested pole order\"\n"
"From remote kernel:"
"\"PASS: \"\"soft coefficients contain no recoil variable\"\n"
"From remote kernel:"
"\"PASS: \"\"soft expansion is a Laurent series\"\n"
"From remote kernel:"
"\"PASS: \"\"soft series covers the requested pole order\"\n"
"From remote kernel:"
"\"Ppp\"\" real term \"97\"/\"182\"; memory = \"337411224\n"
"From remote kernel:"
"\"PASS: \"\"ordinary real term is fully evaluated\"\n"
"From remote kernel:"
"\"PASS: \"\"endpoint valuation is rational\"\n"
"From remote kernel:"
"\"PASS: \"\"soft expansion is a Laurent series\"\n"
"From remote kernel:"
"\"PASS: \"\"soft series covers the requested pole order\"\n"
"From remote kernel:"
"\"PASS: \"\"soft coefficients contain no recoil variable\"\n"
"From remote kernel:"
"\"Ppp\"\" real term \"98\"/\"182\"; memory = \"246462456\n"
"From remote kernel:"
"\"PASS: \"\"soft coefficients contain no recoil variable\"\n"
"From remote kernel:"
"\"PASS: \"\"endpoint valuation is rational\"\n"
"From remote kernel:"
"\"PASS: \"\"soft expansion is a Laurent series\"\n"
"From remote kernel:"
"\"PASS: \"\"soft series covers the requested pole order\"\n"
"From remote kernel:"
"\"PASS: \"\"ordinary real term is fully evaluated\"\n"
"From remote kernel:"
"\"PASS: \"\"soft coefficients contain no recoil variable\"\n"
"From remote kernel:"
"\"PASS: \"\"endpoint valuation is rational\"\n"
"From remote kernel:"
"\"Ppp\"\" real term \"99\"/\"182\"; memory = \"338612776\n"
"From remote kernel:"
"\"PASS: \"\"soft expansion is a Laurent series\"\n"
MONITOR_HEARTBEAT elapsed=394s rss=2109.9MiB peak=2194.8MiB
"From remote kernel:"
"\"PASS: \"\"soft series covers the requested pole order\"\n"
"From remote kernel:"
"\"PASS: \"\"soft coefficients contain no recoil variable\"\n"
"From remote kernel:"
"\"PASS: \"\"ordinary real term is fully evaluated\"\n"
"From remote kernel:"
"\"PASS: \"\"massive angular denominator stays separated at the soft endpoint\"\n"
"From remote kernel:"
"\"PASS: \"\"mixed angular endpoint approach follows from its domain\"\n"
"From remote kernel:"
"\"PASS: \"\"endpoint valuation is rational\"\n"
"From remote kernel:"
"\"PASS: \"\"inverted dilogarithm arguments are negative on the real domain\"\n"
"From remote kernel:"
"\"PASS: \"\"inverse hyperbolic logarithms preserve derivative and anchor\"\n"
"From remote kernel:"
"\"PASS: \"\"ordinary real term is fully evaluated\"\n"
"From remote kernel:"
"\"PASS: \"\"soft expansion is a Laurent series\"\n"
"From remote kernel:"
"\"PASS: \"\"endpoint valuation is rational\"\n"
"From remote kernel:"
"\"PASS: \"\"soft series covers the requested pole order\"\n"
"From remote kernel:"
"\"PASS: \"\"soft coefficients contain no recoil variable\"\n"
"From remote kernel:"
"\"Ppp\"\" real term \"100\"/\"182\"; memory = \"255100488\n"
"From remote kernel:"
"\"PASS: \"\"soft expansion is a Laurent series\"\n"
"From remote kernel:"
"\"PASS: \"\"soft series covers the requested pole order\"\n"
"From remote kernel:"
"\"PASS: \"\"soft coefficients contain no recoil variable\"\n"
"From remote kernel:"
"\"PASS: \"\"endpoint valuation is rational\"\n"
"From remote kernel:"
"\"PASS: \"\"ordinary real term is fully evaluated\"\n"
"From remote kernel:"
"\"PASS: \"\"soft expansion is a Laurent series\"\n"
"From remote kernel:"
"\"PASS: \"\"soft series covers the requested pole order\"\n"
"From remote kernel:"
"\"PASS: \"\"soft expansion is a Laurent series\"\n"
"From remote kernel:"
"\"PASS: \"\"soft series covers the requested pole order\"\n"
"From remote kernel:"
"\"PASS: \"\"soft coefficients contain no recoil variable\"\n"
"From remote kernel:"
"\"Ppp\"\" real term \"101\"/\"182\"; memory = \"359899144\n"
"From remote kernel:"
"\"Ppp\"\" real term \"102\"/\"182\"; memory = \"345888096\n"
"From remote kernel:"
"\"PASS: \"\"endpoint valuation is rational\"\n"
"From remote kernel:"
"\"PASS: \"\"ordinary real term is fully evaluated\"\n"
"From remote kernel:"
"\"PASS: \"\"endpoint valuation is rational\"\n"
"From remote kernel:"
"\"PASS: \"\"soft expansion is a Laurent series\"\n"
"From remote kernel:"
"\"PASS: \"\"soft series covers the requested pole order\"\n"
"From remote kernel:"
"\"PASS: \"\"soft expansion is a Laurent series\"\n"
"From remote kernel:"
"\"PASS: \"\"soft series covers the requested pole order\"\n"
"From remote kernel:"
"\"PASS: \"\"soft coefficients contain no recoil variable\"\n"
"From remote kernel:"
"\"PASS: \"\"endpoint valuation is rational\"\n"
"From remote kernel:"
"\"PASS: \"\"soft expansion is a Laurent series\"\n"
"From remote kernel:"
"\"PASS: \"\"soft series covers the requested pole order\"\n"
"From remote kernel:"
"\"PASS: \"\"soft coefficients contain no recoil variable\"\n"
"From remote kernel:"
"\"PASS: \"\"endpoint valuation is rational\"\n"
"From remote kernel:"
"\"PASS: \"\"soft coefficients contain no recoil variable\"\n"
"From remote kernel:"
"\"Ppp\"\" real term \"103\"/\"182\"; memory = \"345397224\n"
"From remote kernel:"
"\"PASS: \"\"ordinary real term is fully evaluated\"\n"
"From remote kernel:"
"\"PASS: \"\"endpoint valuation is rational\"\n"
"From remote kernel:"
"\"PASS: \"\"soft expansion is a Laurent series\"\n"
"From remote kernel:"
"\"PASS: \"\"soft series covers the requested pole order\"\n"
"From remote kernel:"
"\"PASS: \"\"soft expansion is a Laurent series\"\n"
"From remote kernel:"
"\"PASS: \"\"soft series covers the requested pole order\"\n"
"From remote kernel:"
"\"PASS: \"\"soft coefficients contain no recoil variable\"\n"
"From remote kernel:"
"\"PASS: \"\"soft coefficients contain no recoil variable\"\n"
"From remote kernel:"
"\"PASS: \"\"endpoint valuation is rational\"\n"
"From remote kernel:"
"\"Ppp\"\" real term \"104\"/\"182\"; memory = \"225560024\n"
"From remote kernel:"
"\"PASS: \"\"soft expansion is a Laurent series\"\n"
"From remote kernel:"
"\"PASS: \"\"soft series covers the requested pole order\"\n"
"From remote kernel:"
"\"PASS: \"\"ordinary real term is fully evaluated\"\n"
"From remote kernel:"
"\"PASS: \"\"endpoint valuation is rational\"\n"
"From remote kernel:"
"\"PASS: \"\"soft expansion is a Laurent series\"\n"
"From remote kernel:"
"\"PASS: \"\"soft series covers the requested pole order\"\n"
"From remote kernel:"
"\"PASS: \"\"soft coefficients contain no recoil variable\"\n"
"From remote kernel:"
"\"Ppp\"\" real term \"105\"/\"182\"; memory = \"345239920\n"
"From remote kernel:"
"\"PASS: \"\"soft coefficients contain no recoil variable\"\n"
"From remote kernel:"
"\"PASS: \"\"endpoint valuation is rational\"\n"
"From remote kernel:"
"\"PASS: \"\"ordinary real term is fully evaluated\"\n"
"From remote kernel:"
"\"PASS: \"\"soft expansion is a Laurent series\"\n"
"From remote kernel:"
"\"PASS: \"\"endpoint valuation is rational\"\n"
"From remote kernel:"
"\"PASS: \"\"soft series covers the requested pole order\"\n"
"From remote kernel:"
"\"PASS: \"\"soft expansion is a Laurent series\"\n"
"From remote kernel:"
"\"PASS: \"\"soft series covers the requested pole order\"\n"
"From remote kernel:"
"\"PASS: \"\"soft coefficients contain no recoil variable\"\n"
"From remote kernel:"
"\"Ppp\"\" real term \"106\"/\"182\"; memory = \"232309416\n"
"From remote kernel:"
"\"PASS: \"\"soft coefficients contain no recoil variable\"\n"
"From remote kernel:"
"\"PASS: \"\"endpoint valuation is rational\"\n"
"From remote kernel:"
"\"PASS: \"\"ordinary real term is fully evaluated\"\n"
"From remote kernel:"
"\"PASS: \"\"soft expansion is a Laurent series\"\n"
"From remote kernel:"
"\"PASS: \"\"soft series covers the requested pole order\"\n"
"From remote kernel:"
"\"PASS: \"\"endpoint valuation is rational\"\n"
"From remote kernel:"
"\"PASS: \"\"soft expansion is a Laurent series\"\n"
"From remote kernel:"
"\"PASS: \"\"soft series covers the requested pole order\"\n"
"From remote kernel:"
"\"PASS: \"\"soft coefficients contain no recoil variable\"\n"
"From remote kernel:"
"\"Ppp\"\" real term \"107\"/\"182\"; memory = \"345412432\n"
"From remote kernel:"
"\"PASS: \"\"soft coefficients contain no recoil variable\"\n"
"From remote kernel:"
"\"PASS: \"\"endpoint valuation is rational\"\n"
"From remote kernel:"
"\"PASS: \"\"ordinary real term is fully evaluated\"\n"
"From remote kernel:"
"\"PASS: \"\"soft expansion is a Laurent series\"\n"
"From remote kernel:"
"\"PASS: \"\"ordinary real term is fully evaluated\"\n"
"From remote kernel:"
"\"PASS: \"\"soft series covers the requested pole order\"\n"
"From remote kernel:"
"\"PASS: \"\"endpoint valuation is rational\"\n"
"From remote kernel:"
"\"PASS: \"\"endpoint valuation is rational\"\n"
"From remote kernel:"
"\"PASS: \"\"soft expansion is a Laurent series\"\n"
"From remote kernel:"
"\"PASS: \"\"soft series covers the requested pole order\"\n"
"From remote kernel:"
"\"PASS: \"\"soft coefficients contain no recoil variable\"\n"
"From remote kernel:"
"\"Ppp\"\" real term \"108\"/\"182\"; memory = \"240891416\n"
"From remote kernel:"
"\"PASS: \"\"ordinary real term is fully evaluated\"\n"
"From remote kernel:"
"\"PASS: \"\"endpoint valuation is rational\"\n"
"From remote kernel:"
"\"PASS: \"\"massless soft argument is a hypergeometric endpoint\"\n"
"From remote kernel:"
"\"PASS: \"\"endpoint valuation is rational\"\n"
"From remote kernel:"
"\"PASS: \"\"soft expansion is a Laurent series\"\n"
"From remote kernel:"
"\"PASS: \"\"soft series covers the requested pole order\"\n"
"From remote kernel:"
"\"PASS: \"\"soft expansion is a Laurent series\"\n"
"From remote kernel:"
"\"PASS: \"\"soft series covers the requested pole order\"\n"
"From remote kernel:"
"\"PASS: \"\"soft coefficients contain no recoil variable\"\n"
"From remote kernel:"
"\"PASS: \"\"endpoint valuation is rational\"\n"
"From remote kernel:"
"\"PASS: \"\"soft coefficients contain no recoil variable\"\n"
"From remote kernel:"
"\"PASS: \"\"endpoint valuation is rational\"\n"
"From remote kernel:"
"\"PASS: \"\"massless soft argument is a hypergeometric endpoint\"\n"
"From remote kernel:"
"\"PASS: \"\"endpoint valuation is rational\"\n"
"From remote kernel:"
"\"PASS: \"\"soft expansion is a Laurent series\"\n"
"From remote kernel:"
"\"PASS: \"\"soft expansion is a Laurent series\"\n"
"From remote kernel:"
"\"PASS: \"\"soft series covers the requested pole order\"\n"
"From remote kernel:"
"\"PASS: \"\"soft series covers the requested pole order\"\n"
"From remote kernel:"
"\"PASS: \"\"soft coefficients contain no recoil variable\"\n"
"From remote kernel:"
"\"PASS: \"\"soft expansion is a Laurent series\"\n"
"From remote kernel:"
"\"PASS: \"\"soft series covers the requested pole order\"\n"
"From remote kernel:"
"\"PASS: \"\"massive angular denominator stays separated at the soft endpoint\"\n"
"From remote kernel:"
"\"PASS: \"\"mixed angular endpoint approach follows from its domain\"\n"
"From remote kernel:"
"\"PASS: \"\"inverted dilogarithm arguments are negative on the real domain\"\n"
"From remote kernel:"
"\"PASS: \"\"inverse hyperbolic logarithms preserve derivative and anchor\"\n"
"From remote kernel:"
"\"PASS: \"\"endpoint valuation is rational\"\n"
"From remote kernel:"
"\"PASS: \"\"soft coefficients contain no recoil variable\"\n"
"From remote kernel:"
"\"PASS: \"\"soft coefficients contain no recoil variable\"\n"
"From remote kernel:"
"\"Ppp\"\" real term \"109\"/\"182\"; memory = \"346688904\n"
"From remote kernel:"
"\"Ppp\"\" real term \"110\"/\"182\"; memory = \"243940696\n"
"From remote kernel:"
"\"PASS: \"\"ordinary real term is fully evaluated\"\n"
"From remote kernel:"
"\"PASS: \"\"endpoint valuation is rational\"\n"
"From remote kernel:"
"\"PASS: \"\"ordinary real term is fully evaluated\"\n"
"From remote kernel:"
"\"PASS: \"\"soft expansion is a Laurent series\"\n"
"From remote kernel:"
"\"PASS: \"\"endpoint valuation is rational\"\n"
"From remote kernel:"
"\"PASS: \"\"soft series covers the requested pole order\"\n"
"From remote kernel:"
"\"PASS: \"\"soft expansion is a Laurent series\"\n"
"From remote kernel:"
"\"PASS: \"\"soft series covers the requested pole order\"\n"
"From remote kernel:"
"\"PASS: \"\"soft coefficients contain no recoil variable\"\n"
"From remote kernel:"
"\"PASS: \"\"endpoint valuation is rational\"\n"
"From remote kernel:"
"\"PASS: \"\"soft coefficients contain no recoil variable\"\n"
"From remote kernel:"
"\"PASS: \"\"endpoint valuation is rational\"\n"
"From remote kernel:"
"\"PASS: \"\"soft expansion is a Laurent series\"\n"
"From remote kernel:"
"\"PASS: \"\"soft expansion is a Laurent series\"\n"
"From remote kernel:"
"\"PASS: \"\"soft expansion is a Laurent series\"\n"
"From remote kernel:"
"\"PASS: \"\"soft series covers the requested pole order\"\n"
"From remote kernel:"
"\"PASS: \"\"soft series covers the requested pole order\"\n"
"From remote kernel:"
"\"PASS: \"\"soft series covers the requested pole order\"\n"
"From remote kernel:"
"\"PASS: \"\"soft coefficients contain no recoil variable\"\n"
"From remote kernel:"
"\"PASS: \"\"soft coefficients contain no recoil variable\"\n"
"From remote kernel:"
"\"Ppp\"\" real term \"111\"/\"182\"; memory = \"345897064\n"
"From remote kernel:"
"\"PASS: \"\"ordinary real term is fully evaluated\"\n"
"From remote kernel:"
"\"PASS: \"\"endpoint valuation is rational\"\n"
"From remote kernel:"
"\"PASS: \"\"soft expansion is a Laurent series\"\n"
"From remote kernel:"
"\"PASS: \"\"soft series covers the requested pole order\"\n"
"From remote kernel:"
"\"Ppp\"\" real term \"112\"/\"182\"; memory = \"225670888\n"
"From remote kernel:"
"\"PASS: \"\"ordinary real term is fully evaluated\"\n"
"From remote kernel:"
"\"PASS: \"\"endpoint valuation is rational\"\n"
"From remote kernel:"
"\"PASS: \"\"soft coefficients contain no recoil variable\"\n"
"From remote kernel:"
"\"PASS: \"\"soft expansion is a Laurent series\"\n"
"From remote kernel:"
"\"PASS: \"\"endpoint valuation is rational\"\n"
"From remote kernel:"
"\"PASS: \"\"soft series covers the requested pole order\"\n"
"From remote kernel:"
"\"PASS: \"\"soft expansion is a Laurent series\"\n"
"From remote kernel:"
"\"PASS: \"\"soft series covers the requested pole order\"\n"
"From remote kernel:"
"\"PASS: \"\"soft coefficients contain no recoil variable\"\n"
"From remote kernel:"
"\"Ppp\"\" real term \"113\"/\"182\"; memory = \"370067360\n"
"From remote kernel:"
"\"PASS: \"\"soft coefficients contain no recoil variable\"\n"
"From remote kernel:"
"\"PASS: \"\"soft coefficients contain no recoil variable\"\n"
"From remote kernel:"
"\"Ppp\"\" real term \"114\"/\"182\"; memory = \"344911072\n"
"From remote kernel:"
"\"PASS: \"\"endpoint valuation is rational\"\n"
"From remote kernel:"
"\"PASS: \"\"soft expansion is a Laurent series\"\n"
"From remote kernel:"
"\"PASS: \"\"soft series covers the requested pole order\"\n"
"From remote kernel:"
"\"PASS: \"\"ordinary real term is fully evaluated\"\n"
"From remote kernel:"
"\"PASS: \"\"soft coefficients contain no recoil variable\"\n"
"From remote kernel:"
"\"PASS: \"\"endpoint valuation is rational\"\n"
"From remote kernel:"
"\"PASS: \"\"ordinary real term is fully evaluated\"\n"
"From remote kernel:"
"\"Ppp\"\" real term \"115\"/\"182\"; memory = \"227695544\n"
"From remote kernel:"
"\"PASS: \"\"endpoint valuation is rational\"\n"
"From remote kernel:"
"\"PASS: \"\"ordinary real term is fully evaluated\"\n"
"From remote kernel:"
"\"PASS: \"\"endpoint valuation is rational\"\n"
"From remote kernel:"
"\"PASS: \"\"soft expansion is a Laurent series\"\n"
"From remote kernel:"
"\"PASS: \"\"soft series covers the requested pole order\"\n"
"From remote kernel:"
"\"PASS: \"\"soft expansion is a Laurent series\"\n"
"From remote kernel:"
"\"PASS: \"\"soft series covers the requested pole order\"\n"
"From remote kernel:"
"\"PASS: \"\"soft expansion is a Laurent series\"\n"
"From remote kernel:"
"\"PASS: \"\"soft series covers the requested pole order\"\n"
"From remote kernel:"
"\"PASS: \"\"soft coefficients contain no recoil variable\"\n"
"From remote kernel:"
"\"PASS: \"\"soft coefficients contain no recoil variable\"\n"
"From remote kernel:"
"\"PASS: \"\"endpoint valuation is rational\"\n"
"From remote kernel:"
"\"PASS: \"\"endpoint valuation is rational\"\n"
"From remote kernel:"
"\"PASS: \"\"soft coefficients contain no recoil variable\"\n"
"From remote kernel:"
"\"PASS: \"\"soft expansion is a Laurent series\"\n"
"From remote kernel:"
"\"PASS: \"\"soft series covers the requested pole order\"\n"
"From remote kernel:"
"\"PASS: \"\"endpoint valuation is rational\"\n"
"From remote kernel:"
"\"PASS: \"\"soft coefficients contain no recoil variable\"\n"
"From remote kernel:"
"\"PASS: \"\"soft expansion is a Laurent series\"\n"
"From remote kernel:"
"\"PASS: \"\"soft series covers the requested pole order\"\n"
"From remote kernel:"
"\"Ppp\"\" real term \"116\"/\"182\"; memory = \"231586952\n"
"From remote kernel:"
"\"PASS: \"\"soft expansion is a Laurent series\"\n"
"From remote kernel:"
"\"PASS: \"\"soft series covers the requested pole order\"\n"
"From remote kernel:"
"\"PASS: \"\"ordinary real term is fully evaluated\"\n"
"From remote kernel:"
"\"PASS: \"\"endpoint valuation is rational\"\n"
"From remote kernel:"
"\"PASS: \"\"soft expansion is a Laurent series\"\n"
"From remote kernel:"
"\"PASS: \"\"soft series covers the requested pole order\"\n"
"From remote kernel:"
"\"PASS: \"\"soft coefficients contain no recoil variable\"\n"
"From remote kernel:"
"\"Ppp\"\" real term \"117\"/\"182\"; memory = \"345968752\n"
"From remote kernel:"
"\"PASS: \"\"ordinary real term is fully evaluated\"\n"
"From remote kernel:"
"\"PASS: \"\"endpoint valuation is rational\"\n"
"From remote kernel:"
"\"PASS: \"\"soft expansion is a Laurent series\"\n"
"From remote kernel:"
"\"PASS: \"\"soft coefficients contain no recoil variable\"\n"
"From remote kernel:"
"\"PASS: \"\"soft series covers the requested pole order\"\n"
"From remote kernel:"
"\"Ppp\"\" real term \"118\"/\"182\"; memory = \"371368280\n"
"From remote kernel:"
"\"PASS: \"\"soft coefficients contain no recoil variable\"\n"
"From remote kernel:"
"\"PASS: \"\"endpoint valuation is rational\"\n"
"From remote kernel:"
"\"PASS: \"\"soft coefficients contain no recoil variable\"\n"
"From remote kernel:"
"\"PASS: \"\"ordinary real term is fully evaluated\"\n"
"From remote kernel:"
"\"PASS: \"\"soft expansion is a Laurent series\"\n"
"From remote kernel:"
"\"PASS: \"\"endpoint valuation is rational\"\n"
"From remote kernel:"
"\"PASS: \"\"soft series covers the requested pole order\"\n"
"From remote kernel:"
"\"PASS: \"\"soft expansion is a Laurent series\"\n"
"From remote kernel:"
"\"PASS: \"\"soft series covers the requested pole order\"\n"
"From remote kernel:"
"\"PASS: \"\"endpoint valuation is rational\"\n"
"From remote kernel:"
"\"PASS: \"\"soft expansion is a Laurent series\"\n"
"From remote kernel:"
"\"PASS: \"\"soft series covers the requested pole order\"\n"
"From remote kernel:"
"\"PASS: \"\"soft coefficients contain no recoil variable\"\n"
"From remote kernel:"
"\"Ppp\"\" real term \"119\"/\"182\"; memory = \"344675400\n"
"From remote kernel:"
"\"PASS: \"\"soft coefficients contain no recoil variable\"\n"
"From remote kernel:"
"\"Ppp\"\" real term \"120\"/\"182\"; memory = \"234531776\n"
"From remote kernel:"
"\"PASS: \"\"soft coefficients contain no recoil variable\"\n"
"From remote kernel:"
"\"PASS: \"\"ordinary real term is fully evaluated\"\n"
"From remote kernel:"
"\"PASS: \"\"endpoint valuation is rational\"\n"
"From remote kernel:"
"\"PASS: \"\"endpoint valuation is rational\"\n"
"From remote kernel:"
"\"PASS: \"\"soft expansion is a Laurent series\"\n"
"From remote kernel:"
"\"PASS: \"\"soft series covers the requested pole order\"\n"
"From remote kernel:"
"\"PASS: \"\"ordinary real term is fully evaluated\"\n"
"From remote kernel:"
"\"PASS: \"\"soft expansion is a Laurent series\"\n"
"From remote kernel:"
"\"PASS: \"\"soft series covers the requested pole order\"\n"
"From remote kernel:"
"\"PASS: \"\"endpoint valuation is rational\"\n"
"From remote kernel:"
"\"PASS: \"\"soft coefficients contain no recoil variable\"\n"
"From remote kernel:"
"\"PASS: \"\"soft coefficients contain no recoil variable\"\n"
"From remote kernel:"
"\"PASS: \"\"endpoint valuation is rational\"\n"
"From remote kernel:"
"\"Ppp\"\" real term \"121\"/\"182\"; memory = \"373559456\n"
"From remote kernel:"
"\"PASS: \"\"soft expansion is a Laurent series\"\n"
"From remote kernel:"
"\"PASS: \"\"ordinary real term is fully evaluated\"\n"
"From remote kernel:"
"\"PASS: \"\"soft series covers the requested pole order\"\n"
"From remote kernel:"
"\"PASS: \"\"soft expansion is a Laurent series\"\n"
"From remote kernel:"
"\"PASS: \"\"soft series covers the requested pole order\"\n"
"From remote kernel:"
"\"PASS: \"\"endpoint valuation is rational\"\n"
"From remote kernel:"
"\"PASS: \"\"soft coefficients contain no recoil variable\"\n"
"From remote kernel:"
"\"PASS: \"\"soft coefficients contain no recoil variable\"\n"
"From remote kernel:"
"\"PASS: \"\"soft expansion is a Laurent series\"\n"
"From remote kernel:"
"\"PASS: \"\"soft series covers the requested pole order\"\n"
"From remote kernel:"
"\"Ppp\"\" real term \"122\"/\"182\"; memory = \"225748600\n"
"From remote kernel:"
"\"PASS: \"\"ordinary real term is fully evaluated\"\n"
"From remote kernel:"
"\"PASS: \"\"endpoint valuation is rational\"\n"
"From remote kernel:"
"\"PASS: \"\"endpoint valuation is rational\"\n"
"From remote kernel:"
"\"PASS: \"\"soft coefficients contain no recoil variable\"\n"
"From remote kernel:"
"\"PASS: \"\"soft expansion is a Laurent series\"\n"
"From remote kernel:"
"\"PASS: \"\"soft series covers the requested pole order\"\n"
"From remote kernel:"
"\"PASS: \"\"endpoint valuation is rational\"\n"
"From remote kernel:"
"\"PASS: \"\"soft expansion is a Laurent series\"\n"
"From remote kernel:"
"\"PASS: \"\"soft series covers the requested pole order\"\n"
"From remote kernel:"
"\"PASS: \"\"soft expansion is a Laurent series\"\n"
"From remote kernel:"
"\"PASS: \"\"soft series covers the requested pole order\"\n"
"From remote kernel:"
"\"PASS: \"\"soft coefficients contain no recoil variable\"\n"
"From remote kernel:"
"\"PASS: \"\"endpoint valuation is rational\"\n"
"From remote kernel:"
"\"PASS: \"\"soft coefficients contain no recoil variable\"\n"
"From remote kernel:"
"\"PASS: \"\"soft expansion is a Laurent series\"\n"
"From remote kernel:"
"\"Ppp\"\" real term \"123\"/\"182\"; memory = \"373762320\n"
"From remote kernel:"
"\"PASS: \"\"soft series covers the requested pole order\"\n"
"From remote kernel:"
"\"PASS: \"\"soft coefficients contain no recoil variable\"\n"
"From remote kernel:"
"\"PASS: \"\"ordinary real term is fully evaluated\"\n"
"From remote kernel:"
"\"PASS: \"\"endpoint valuation is rational\"\n"
"From remote kernel:"
"\"Ppp\"\" real term \"124\"/\"182\"; memory = \"349061784\n"
"From remote kernel:"
"\"PASS: \"\"soft expansion is a Laurent series\"\n"
"From remote kernel:"
"\"PASS: \"\"soft series covers the requested pole order\"\n"
"From remote kernel:"
"\"PASS: \"\"ordinary real term is fully evaluated\"\n"
"From remote kernel:"
"\"PASS: \"\"endpoint valuation is rational\"\n"
"From remote kernel:"
"\"PASS: \"\"soft coefficients contain no recoil variable\"\n"
"From remote kernel:"
"\"PASS: \"\"endpoint valuation is rational\"\n"
"From remote kernel:"
"\"PASS: \"\"soft coefficients contain no recoil variable\"\n"
"From remote kernel:"
"\"PASS: \"\"soft expansion is a Laurent series\"\n"
"From remote kernel:"
"\"PASS: \"\"soft series covers the requested pole order\"\n"
"From remote kernel:"
"\"Ppp\"\" real term \"125\"/\"182\"; memory = \"228461568\n"
"From remote kernel:"
"\"PASS: \"\"soft expansion is a Laurent series\"\n"
"From remote kernel:"
"\"PASS: \"\"soft series covers the requested pole order\"\n"
"From remote kernel:"
"\"PASS: \"\"soft coefficients contain no recoil variable\"\n"
"From remote kernel:"
"\"Ppp\"\" real term \"126\"/\"182\"; memory = \"372435128\n"
"From remote kernel:"
"\"PASS: \"\"ordinary real term is fully evaluated\"\n"
"From remote kernel:"
"\"PASS: \"\"soft coefficients contain no recoil variable\"\n"
"From remote kernel:"
"\"PASS: \"\"endpoint valuation is rational\"\n"
"From remote kernel:"
"\"PASS: \"\"endpoint valuation is rational\"\n"
"From remote kernel:"
"\"PASS: \"\"soft expansion is a Laurent series\"\n"
"From remote kernel:"
"\"PASS: \"\"soft series covers the requested pole order\"\n"
"From remote kernel:"
"\"PASS: \"\"ordinary real term is fully evaluated\"\n"
"From remote kernel:"
"\"PASS: \"\"soft expansion is a Laurent series\"\n"
"From remote kernel:"
"\"PASS: \"\"soft series covers the requested pole order\"\n"
"From remote kernel:"
"\"PASS: \"\"endpoint valuation is rational\"\n"
"From remote kernel:"
"\"PASS: \"\"soft coefficients contain no recoil variable\"\n"
"From remote kernel:"
"\"Ppp\"\" real term \"127\"/\"182\"; memory = \"349684232\n"
"From remote kernel:"
"\"PASS: \"\"soft coefficients contain no recoil variable\"\n"
"From remote kernel:"
"\"PASS: \"\"soft expansion is a Laurent series\"\n"
"From remote kernel:"
"\"PASS: \"\"endpoint valuation is rational\"\n"
"From remote kernel:"
"\"PASS: \"\"soft series covers the requested pole order\"\n"
"From remote kernel:"
"\"PASS: \"\"ordinary real term is fully evaluated\"\n"
"From remote kernel:"
"\"PASS: \"\"endpoint valuation is rational\"\n"
"From remote kernel:"
"\"PASS: \"\"soft coefficients contain no recoil variable\"\n"
"From remote kernel:"
"\"PASS: \"\"soft expansion is a Laurent series\"\n"
"From remote kernel:"
"\"PASS: \"\"soft series covers the requested pole order\"\n"
"From remote kernel:"
"\"PASS: \"\"soft expansion is a Laurent series\"\n"
"From remote kernel:"
"\"PASS: \"\"soft series covers the requested pole order\"\n"
"From remote kernel:"
"\"PASS: \"\"endpoint valuation is rational\"\n"
"From remote kernel:"
"\"PASS: \"\"soft coefficients contain no recoil variable\"\n"
"From remote kernel:"
"\"PASS: \"\"endpoint valuation is rational\"\n"
"From remote kernel:"
"\"PASS: \"\"soft coefficients contain no recoil variable\"\n"
"From remote kernel:"
"\"Ppp\"\" real term \"128\"/\"182\"; memory = \"242288904\n"
"From remote kernel:"
"\"PASS: \"\"soft expansion is a Laurent series\"\n"
"From remote kernel:"
"\"PASS: \"\"soft series covers the requested pole order\"\n"
"From remote kernel:"
"\"PASS: \"\"soft expansion is a Laurent series\"\n"
"From remote kernel:"
"\"PASS: \"\"ordinary real term is fully evaluated\"\n"
"From remote kernel:"
"\"PASS: \"\"soft series covers the requested pole order\"\n"
"From remote kernel:"
"\"PASS: \"\"endpoint valuation is rational\"\n"
"From remote kernel:"
"\"PASS: \"\"soft coefficients contain no recoil variable\"\n"
"From remote kernel:"
"\"Ppp\"\" real term \"129\"/\"182\"; memory = \"349798384\n"
"From remote kernel:"
"\"PASS: \"\"soft coefficients contain no recoil variable\"\n"
"From remote kernel:"
"\"PASS: \"\"ordinary real term is fully evaluated\"\n"
"From remote kernel:"
"\"PASS: \"\"soft expansion is a Laurent series\"\n"
"From remote kernel:"
"\"PASS: \"\"endpoint valuation is rational\"\n"
"From remote kernel:"
"\"Ppp\"\" real term \"130\"/\"182\"; memory = \"375477128\n"
"From remote kernel:"
"\"PASS: \"\"soft series covers the requested pole order\"\n"
"From remote kernel:"
"\"PASS: \"\"soft expansion is a Laurent series\"\n"
"From remote kernel:"
"\"PASS: \"\"soft series covers the requested pole order\"\n"
"From remote kernel:"
"\"PASS: \"\"soft coefficients contain no recoil variable\"\n"
"From remote kernel:"
"\"PASS: \"\"ordinary real term is fully evaluated\"\n"
"From remote kernel:"
"\"PASS: \"\"endpoint valuation is rational\"\n"
"From remote kernel:"
"\"PASS: \"\"endpoint valuation is rational\"\n"
"From remote kernel:"
"\"PASS: \"\"soft expansion is a Laurent series\"\n"
"From remote kernel:"
"\"PASS: \"\"soft series covers the requested pole order\"\n"
"From remote kernel:"
"\"PASS: \"\"soft expansion is a Laurent series\"\n"
"From remote kernel:"
"\"PASS: \"\"soft series covers the requested pole order\"\n"
"From remote kernel:"
"\"PASS: \"\"soft coefficients contain no recoil variable\"\n"
"From remote kernel:"
"\"PASS: \"\"endpoint valuation is rational\"\n"
"From remote kernel:"
"\"PASS: \"\"soft coefficients contain no recoil variable\"\n"
"From remote kernel:"
"\"PASS: \"\"soft expansion is a Laurent series\"\n"
"From remote kernel:"
"\"PASS: \"\"soft series covers the requested pole order\"\n"
"From remote kernel:"
"\"PASS: \"\"soft expansion is a Laurent series\"\n"
"From remote kernel:"
"\"PASS: \"\"soft series covers the requested pole order\"\n"
"From remote kernel:"
"\"Ppp\"\" real term \"131\"/\"182\"; memory = \"245852744\n"
"From remote kernel:"
"\"Ppp\"\" real term \"132\"/\"182\"; memory = \"308732840\n"
"From remote kernel:"
"\"PASS: \"\"soft coefficients contain no recoil variable\"\n"
"From remote kernel:"
"\"PASS: \"\"endpoint valuation is rational\"\n"
"From remote kernel:"
"\"PASS: \"\"soft expansion is a Laurent series\"\n"
"From remote kernel:"
"\"PASS: \"\"soft series covers the requested pole order\"\n"
"From remote kernel:"
"\"PASS: \"\"soft coefficients contain no recoil variable\"\n"
"From remote kernel:"
"\"Ppp\"\" real term \"133\"/\"182\"; memory = \"349490792\n"
"From remote kernel:"
"\"PASS: \"\"ordinary real term is fully evaluated\"\n"
"From remote kernel:"
"\"PASS: \"\"ordinary real term is fully evaluated\"\n"
"From remote kernel:"
"\"PASS: \"\"endpoint valuation is rational\"\n"
"From remote kernel:"
"\"PASS: \"\"endpoint valuation is rational\"\n"
"From remote kernel:"
"\"PASS: \"\"soft expansion is a Laurent series\"\n"
"From remote kernel:"
"\"PASS: \"\"soft expansion is a Laurent series\"\n"
"From remote kernel:"
"\"PASS: \"\"soft series covers the requested pole order\"\n"
"From remote kernel:"
"\"PASS: \"\"soft series covers the requested pole order\"\n"
"From remote kernel:"
"\"PASS: \"\"ordinary real term is fully evaluated\"\n"
"From remote kernel:"
"\"PASS: \"\"endpoint valuation is rational\"\n"
"From remote kernel:"
"\"PASS: \"\"soft coefficients contain no recoil variable\"\n"
"From remote kernel:"
"\"PASS: \"\"soft expansion is a Laurent series\"\n"
"From remote kernel:"
"\"PASS: \"\"soft series covers the requested pole order\"\n"
"From remote kernel:"
"\"PASS: \"\"soft coefficients contain no recoil variable\"\n"
"From remote kernel:"
"\"PASS: \"\"soft coefficients contain no recoil variable\"\n"
"From remote kernel:"
"\"PASS: \"\"endpoint valuation is rational\"\n"
"From remote kernel:"
"\"PASS: \"\"endpoint valuation is rational\"\n"
"From remote kernel:"
"\"PASS: \"\"soft expansion is a Laurent series\"\n"
"From remote kernel:"
"\"PASS: \"\"soft expansion is a Laurent series\"\n"
"From remote kernel:"
"\"PASS: \"\"soft series covers the requested pole order\"\n"
"From remote kernel:"
"\"PASS: \"\"soft series covers the requested pole order\"\n"
"From remote kernel:"
"\"PASS: \"\"soft coefficients contain no recoil variable\"\n"
"From remote kernel:"
"\"PASS: \"\"endpoint valuation is rational\"\n"
"From remote kernel:"
"\"PASS: \"\"soft expansion is a Laurent series\"\n"
"From remote kernel:"
"\"PASS: \"\"soft series covers the requested pole order\"\n"
"From remote kernel:"
"\"PASS: \"\"soft coefficients contain no recoil variable\"\n"
"From remote kernel:"
"\"PASS: \"\"soft coefficients contain no recoil variable\"\n"
"From remote kernel:"
"\"Ppp\"\" real term \"134\"/\"182\"; memory = \"223401600\n"
"From remote kernel:"
"\"Ppp\"\" real term \"135\"/\"182\"; memory = \"251529320\n"
"From remote kernel:"
"\"Ppp\"\" real term \"136\"/\"182\"; memory = \"313909616\n"
"From remote kernel:"
"\"PASS: \"\"ordinary real term is fully evaluated\"\n"
"From remote kernel:"
"\"PASS: \"\"ordinary real term is fully evaluated\"\n"
"From remote kernel:"
"\"PASS: \"\"endpoint valuation is rational\"\n"
"From remote kernel:"
"\"PASS: \"\"endpoint valuation is rational\"\n"
"From remote kernel:"
"\"PASS: \"\"soft expansion is a Laurent series\"\n"
"From remote kernel:"
"\"PASS: \"\"soft expansion is a Laurent series\"\n"
"From remote kernel:"
"\"PASS: \"\"soft series covers the requested pole order\"\n"
"From remote kernel:"
"\"PASS: \"\"ordinary real term is fully evaluated\"\n"
"From remote kernel:"
"\"PASS: \"\"soft series covers the requested pole order\"\n"
"From remote kernel:"
"\"PASS: \"\"endpoint valuation is rational\"\n"
"From remote kernel:"
"\"PASS: \"\"soft coefficients contain no recoil variable\"\n"
"From remote kernel:"
"\"PASS: \"\"soft expansion is a Laurent series\"\n"
"From remote kernel:"
"\"PASS: \"\"soft series covers the requested pole order\"\n"
"From remote kernel:"
"\"Ppp\"\" real term \"137\"/\"182\"; memory = \"349528016\n"
"From remote kernel:"
"\"PASS: \"\"endpoint valuation is rational\"\n"
"From remote kernel:"
"\"PASS: \"\"ordinary real term is fully evaluated\"\n"
"From remote kernel:"
"\"PASS: \"\"soft expansion is a Laurent series\"\n"
"From remote kernel:"
"\"PASS: \"\"endpoint valuation is rational\"\n"
"From remote kernel:"
"\"PASS: \"\"soft series covers the requested pole order\"\n"
"From remote kernel:"
"\"PASS: \"\"soft expansion is a Laurent series\"\n"
"From remote kernel:"
"\"PASS: \"\"soft series covers the requested pole order\"\n"
"From remote kernel:"
"\"PASS: \"\"endpoint valuation is rational\"\n"
"From remote kernel:"
"\"Ppp\"\" real term \"138\"/\"182\"; memory = \"225177272\n"
"From remote kernel:"
"\"PASS: \"\"soft expansion is a Laurent series\"\n"
"From remote kernel:"
"\"PASS: \"\"soft series covers the requested pole order\"\n"
"From remote kernel:"
"\"PASS: \"\"ordinary real term is fully evaluated\"\n"
"From remote kernel:"
"\"PASS: \"\"endpoint valuation is rational\"\n"
"From remote kernel:"
"\"Ppp\"\" real term \"139\"/\"182\"; memory = \"349372120\n"
"From remote kernel:"
"\"PASS: \"\"soft expansion is a Laurent series\"\n"
"From remote kernel:"
"\"PASS: \"\"ordinary real term is fully evaluated\"\n"
"From remote kernel:"
"\"PASS: \"\"soft series covers the requested pole order\"\n"
"From remote kernel:"
"\"PASS: \"\"endpoint valuation is rational\"\n"
"From remote kernel:"
"\"PASS: \"\"endpoint valuation is rational\"\n"
"From remote kernel:"
"\"PASS: \"\"soft coefficients contain no recoil variable\"\n"
"From remote kernel:"
"\"PASS: \"\"soft coefficients contain no recoil variable\"\n"
"From remote kernel:"
"\"PASS: \"\"soft expansion is a Laurent series\"\n"
"From remote kernel:"
"\"PASS: \"\"soft expansion is a Laurent series\"\n"
"From remote kernel:"
"\"PASS: \"\"endpoint valuation is rational\"\n"
"From remote kernel:"
"\"PASS: \"\"endpoint valuation is rational\"\n"
"From remote kernel:"
"\"PASS: \"\"soft series covers the requested pole order\"\n"
"From remote kernel:"
"\"PASS: \"\"soft series covers the requested pole order\"\n"
"From remote kernel:"
"\"PASS: \"\"soft expansion is a Laurent series\"\n"
"From remote kernel:"
"\"PASS: \"\"soft expansion is a Laurent series\"\n"
"From remote kernel:"
"\"PASS: \"\"endpoint valuation is rational\"\n"
"From remote kernel:"
"\"PASS: \"\"soft series covers the requested pole order\"\n"
"From remote kernel:"
"\"PASS: \"\"soft series covers the requested pole order\"\n"
"From remote kernel:"
"\"PASS: \"\"soft expansion is a Laurent series\"\n"
"From remote kernel:"
"\"PASS: \"\"soft coefficients contain no recoil variable\"\n"
"From remote kernel:"
"\"PASS: \"\"soft series covers the requested pole order\"\n"
"From remote kernel:"
"\"Ppp\"\" real term \"140\"/\"182\"; memory = \"225351696\n"
"From remote kernel:"
"\"Ppp\"\" real term \"141\"/\"182\"; memory = \"252519008\n"
"From remote kernel:"
"\"Ppp\"\" real term \"142\"/\"182\"; memory = \"349337336\n"
"From remote kernel:"
"\"PASS: \"\"ordinary real term is fully evaluated\"\n"
"From remote kernel:"
"\"PASS: \"\"endpoint valuation is rational\"\n"
"From remote kernel:"
"\"PASS: \"\"massless soft argument is a hypergeometric endpoint\"\n"
"From remote kernel:"
"\"PASS: \"\"endpoint valuation is rational\"\n"
"From remote kernel:"
"\"PASS: \"\"coalescing variable has a positive regular factor\"\n"
"From remote kernel:"
"\"PASS: \"\"soft expansion is a Laurent series\"\n"
"From remote kernel:"
"\"PASS: \"\"soft series covers the requested pole order\"\n"
"From remote kernel:"
"\"PASS: \"\"soft expansion is a Laurent series\"\n"
"From remote kernel:"
"\"PASS: \"\"soft series covers the requested pole order\"\n"
"From remote kernel:"
"\"PASS: \"\"one mixed denominator is massive\"\n"
"From remote kernel:"
"\"PASS: \"\"soft coefficients contain no recoil variable\"\n"
"From remote kernel:"
"\"Ppp\"\" real term \"143\"/\"182\"; memory = \"315331928\n"
"From remote kernel:"
"\"PASS: \"\"one mixed denominator is massive\"\n"
"From remote kernel:"
"\"PASS: \"\"ordinary real term is fully evaluated\"\n"
"From remote kernel:"
"\"PASS: \"\"massive angular denominator stays separated at the soft endpoint\"\n"
"From remote kernel:"
"\"PASS: \"\"soft expansion is a Laurent series\"\n"
"From remote kernel:"
"\"PASS: \"\"soft series covers the requested pole order\"\n"
"From remote kernel:"
"\"PASS: \"\"one mixed denominator is massive\"\n"
"From remote kernel:"
"\"PASS: \"\"soft coefficients contain no recoil variable\"\n"
"From remote kernel:"
"\"PASS: \"\"massive angular denominator stays separated at the soft endpoint\"\n"
"From remote kernel:"
"\"PASS: \"\"soft expansion is a Laurent series\"\n"
"From remote kernel:"
"\"PASS: \"\"soft series covers the requested pole order\"\n"
"From remote kernel:"
"\"PASS: \"\"soft coefficients contain no recoil variable\"\n"
"From remote kernel:"
"\"PASS: \"\"soft coefficients contain no recoil variable\"\n"
"From remote kernel:"
"\"Ppp\"\" real term \"144\"/\"182\"; memory = \"348498120\n"
"From remote kernel:"
"\"PASS: \"\"endpoint valuation is rational\"\n"
"From remote kernel:"
"\"PASS: \"\"massless soft argument is a hypergeometric endpoint\"\n"
"From remote kernel:"
"\"PASS: \"\"endpoint valuation is rational\"\n"
"From remote kernel:"
"\"PASS: \"\"coalescing variable has a positive regular factor\"\n"
"From remote kernel:"
"\"PASS: \"\"ordinary real term is fully evaluated\"\n"
"From remote kernel:"
"\"PASS: \"\"soft expansion is a Laurent series\"\n"
"From remote kernel:"
"\"PASS: \"\"massive angular denominator stays separated at the soft endpoint\"\n"
"From remote kernel:"
"\"PASS: \"\"soft series covers the requested pole order\"\n"
"From remote kernel:"
"\"PASS: \"\"soft expansion is a Laurent series\"\n"
"From remote kernel:"
"\"PASS: \"\"soft series covers the requested pole order\"\n"
"From remote kernel:"
"\"PASS: \"\"soft expansion is a Laurent series\"\n"
"From remote kernel:"
"\"PASS: \"\"soft series covers the requested pole order\"\n"
"From remote kernel:"
"\"PASS: \"\"soft coefficients contain no recoil variable\"\n"
"From remote kernel:"
"\"PASS: \"\"massive angular denominator stays separated at the soft endpoint\"\n"
"From remote kernel:"
"\"PASS: \"\"soft coefficients contain no recoil variable\"\n"
"From remote kernel:"
"\"PASS: \"\"soft expansion is a Laurent series\"\n"
"From remote kernel:"
"\"Ppp\"\" real term \"145\"/\"182\"; memory = \"223435064\n"
"From remote kernel:"
"\"PASS: \"\"soft series covers the requested pole order\"\n"
"From remote kernel:"
"\"PASS: \"\"one mixed denominator is massive\"\n"
"From remote kernel:"
"\"PASS: \"\"soft coefficients contain no recoil variable\"\n"
"From remote kernel:"
"\"Ppp\"\" real term \"146\"/\"182\"; memory = \"346341120\n"
"From remote kernel:"
"\"PASS: \"\"ordinary real term is fully evaluated\"\n"
"From remote kernel:"
"\"PASS: \"\"massive angular denominator stays separated at the soft endpoint\"\n"
"From remote kernel:"
"\"PASS: \"\"soft expansion is a Laurent series\"\n"
"From remote kernel:"
"\"PASS: \"\"soft series covers the requested pole order\"\n"
"From remote kernel:"
"\"PASS: \"\"soft coefficients contain no recoil variable\"\n"
"From remote kernel:"
"\"PASS: \"\"massive angular denominator stays separated at the soft endpoint\"\n"
"From remote kernel:"
"\"PASS: \"\"soft expansion is a Laurent series\"\n"
"From remote kernel:"
"\"PASS: \"\"soft series covers the requested pole order\"\n"
"From remote kernel:"
"\"PASS: \"\"soft coefficients contain no recoil variable\"\n"
"From remote kernel:"
"\"Ppp\"\" real term \"147\"/\"182\"; memory = \"232014216\n"
"From remote kernel:"
"\"PASS: \"\"ordinary real term is fully evaluated\"\n"
"From remote kernel:"
"\"PASS: \"\"massive angular denominator stays separated at the soft endpoint\"\n"
"From remote kernel:"
"\"PASS: \"\"soft expansion is a Laurent series\"\n"
"From remote kernel:"
"\"PASS: \"\"soft series covers the requested pole order\"\n"
"From remote kernel:"
"\"PASS: \"\"soft coefficients contain no recoil variable\"\n"
"From remote kernel:"
"\"PASS: \"\"massive angular denominator stays separated at the soft endpoint\"\n"
"From remote kernel:"
"\"PASS: \"\"soft expansion is a Laurent series\"\n"
"From remote kernel:"
"\"PASS: \"\"soft series covers the requested pole order\"\n"
"From remote kernel:"
"\"PASS: \"\"soft coefficients contain no recoil variable\"\n"
"From remote kernel:"
"\"Ppp\"\" real term \"148\"/\"182\"; memory = \"235334976\n"
"From remote kernel:"
"\"PASS: \"\"ordinary real term is fully evaluated\"\n"
"From remote kernel:"
"\"PASS: \"\"massive angular denominator stays separated at the soft endpoint\"\n"
"From remote kernel:"
"\"PASS: \"\"soft expansion is a Laurent series\"\n"
"From remote kernel:"
"\"PASS: \"\"soft series covers the requested pole order\"\n"
"From remote kernel:"
"\"PASS: \"\"soft coefficients contain no recoil variable\"\n"
"From remote kernel:"
"\"PASS: \"\"massive angular denominator stays separated at the soft endpoint\"\n"
"From remote kernel:"
"\"PASS: \"\"soft expansion is a Laurent series\"\n"
"From remote kernel:"
"\"PASS: \"\"soft series covers the requested pole order\"\n"
"From remote kernel:"
"\"PASS: \"\"soft coefficients contain no recoil variable\"\n"
"From remote kernel:"
"\"Ppp\"\" real term \"149\"/\"182\"; memory = \"245718672\n"
"From remote kernel:"
"\"PASS: \"\"ordinary real term is fully evaluated\"\n"
"From remote kernel:"
"\"PASS: \"\"massive angular denominator stays separated at the soft endpoint\"\n"
"From remote kernel:"
"\"PASS: \"\"soft expansion is a Laurent series\"\n"
"From remote kernel:"
"\"PASS: \"\"soft series covers the requested pole order\"\n"
"From remote kernel:"
"\"PASS: \"\"soft coefficients contain no recoil variable\"\n"
"From remote kernel:"
"\"PASS: \"\"massive angular denominator stays separated at the soft endpoint\"\n"
"From remote kernel:"
"\"PASS: \"\"soft expansion is a Laurent series\"\n"
"From remote kernel:"
"\"PASS: \"\"soft series covers the requested pole order\"\n"
"From remote kernel:"
"\"PASS: \"\"soft coefficients contain no recoil variable\"\n"
"From remote kernel:"
"\"Ppp\"\" real term \"150\"/\"182\"; memory = \"259945304\n"
"From remote kernel:"
"\"PASS: \"\"ordinary real term is fully evaluated\"\n"
"From remote kernel:"
"\"PASS: \"\"massive angular denominator stays separated at the soft endpoint\"\n"
"From remote kernel:"
"\"PASS: \"\"soft expansion is a Laurent series\"\n"
"From remote kernel:"
"\"PASS: \"\"soft series covers the requested pole order\"\n"
"From remote kernel:"
"\"PASS: \"\"soft coefficients contain no recoil variable\"\n"
"From remote kernel:"
"\"PASS: \"\"massive angular denominator stays separated at the soft endpoint\"\n"
"From remote kernel:"
"\"PASS: \"\"ordinary real term is fully evaluated\"\n"
"From remote kernel:"
"\"PASS: \"\"massive angular denominator stays separated at the soft endpoint\"\n"
"From remote kernel:"
"\"PASS: \"\"soft expansion is a Laurent series\"\n"
"From remote kernel:"
"\"PASS: \"\"soft series covers the requested pole order\"\n"
"From remote kernel:"
"\"PASS: \"\"soft expansion is a Laurent series\"\n"
"From remote kernel:"
"\"PASS: \"\"soft series covers the requested pole order\"\n"
"From remote kernel:"
"\"PASS: \"\"soft coefficients contain no recoil variable\"\n"
"From remote kernel:"
"\"Ppp\"\" real term \"151\"/\"182\"; memory = \"223589832\n"
"From remote kernel:"
"\"PASS: \"\"ordinary real term is fully evaluated\"\n"
"From remote kernel:"
"\"PASS: \"\"massive angular denominator stays separated at the soft endpoint\"\n"
"From remote kernel:"
"\"PASS: \"\"soft expansion is a Laurent series\"\n"
"From remote kernel:"
"\"PASS: \"\"soft series covers the requested pole order\"\n"
"From remote kernel:"
"\"PASS: \"\"soft coefficients contain no recoil variable\"\n"
"From remote kernel:"
"\"PASS: \"\"massive angular denominator stays separated at the soft endpoint\"\n"
"From remote kernel:"
"\"PASS: \"\"soft coefficients contain no recoil variable\"\n"
"From remote kernel:"
"\"PASS: \"\"soft expansion is a Laurent series\"\n"
"From remote kernel:"
"\"PASS: \"\"massive angular denominator stays separated at the soft endpoint\"\n"
"From remote kernel:"
"\"PASS: \"\"soft series covers the requested pole order\"\n"
"From remote kernel:"
"\"PASS: \"\"soft coefficients contain no recoil variable\"\n"
"From remote kernel:"
"\"Ppp\"\" real term \"152\"/\"182\"; memory = \"228540784\n"
"From remote kernel:"
"\"PASS: \"\"ordinary real term is fully evaluated\"\n"
"From remote kernel:"
"\"PASS: \"\"massive angular denominator stays separated at the soft endpoint\"\n"
"From remote kernel:"
"\"PASS: \"\"soft expansion is a Laurent series\"\n"
"From remote kernel:"
"\"PASS: \"\"soft series covers the requested pole order\"\n"
"From remote kernel:"
"\"PASS: \"\"soft coefficients contain no recoil variable\"\n"
"From remote kernel:"
"\"PASS: \"\"massive angular denominator stays separated at the soft endpoint\"\n"
"From remote kernel:"
"\"PASS: \"\"soft expansion is a Laurent series\"\n"
"From remote kernel:"
"\"PASS: \"\"soft series covers the requested pole order\"\n"
"From remote kernel:"
"\"PASS: \"\"soft coefficients contain no recoil variable\"\n"
"From remote kernel:"
"\"Ppp\"\" real term \"153\"/\"182\"; memory = \"240645240\n"
"From remote kernel:"
"\"PASS: \"\"ordinary real term is fully evaluated\"\n"
MONITOR_HEARTBEAT elapsed=424s rss=2158.9MiB peak=2194.8MiB
"From remote kernel:"
"\"PASS: \"\"massive angular denominator stays separated at the soft endpoint\"\n"
"From remote kernel:"
"\"PASS: \"\"soft expansion is a Laurent series\"\n"
"From remote kernel:"
"\"PASS: \"\"soft series covers the requested pole order\"\n"
"From remote kernel:"
"\"PASS: \"\"soft coefficients contain no recoil variable\"\n"
"From remote kernel:"
"\"PASS: \"\"massive angular denominator stays separated at the soft endpoint\"\n"
"From remote kernel:"
"\"PASS: \"\"soft expansion is a Laurent series\"\n"
"From remote kernel:"
"\"PASS: \"\"soft series covers the requested pole order\"\n"
"From remote kernel:"
"\"PASS: \"\"soft coefficients contain no recoil variable\"\n"
"From remote kernel:"
"\"Ppp\"\" real term \"154\"/\"182\"; memory = \"258878464\n"
"From remote kernel:"
"\"PASS: \"\"ordinary real term is fully evaluated\"\n"
"From remote kernel:"
"\"PASS: \"\"massive angular denominator stays separated at the soft endpoint\"\n"
"From remote kernel:"
"\"PASS: \"\"ordinary real term is fully evaluated\"\n"
"From remote kernel:"
"\"PASS: \"\"massive angular denominator stays separated at the soft endpoint\"\n"
"From remote kernel:"
"\"PASS: \"\"soft expansion is a Laurent series\"\n"
"From remote kernel:"
"\"PASS: \"\"soft series covers the requested pole order\"\n"
"From remote kernel:"
"\"PASS: \"\"soft expansion is a Laurent series\"\n"
"From remote kernel:"
"\"PASS: \"\"soft series covers the requested pole order\"\n"
"From remote kernel:"
"\"PASS: \"\"soft coefficients contain no recoil variable\"\n"
"From remote kernel:"
"\"PASS: \"\"massive angular denominator stays separated at the soft endpoint\"\n"
"From remote kernel:"
"\"PASS: \"\"soft expansion is a Laurent series\"\n"
"From remote kernel:"
"\"PASS: \"\"soft series covers the requested pole order\"\n"
"From remote kernel:"
"\"PASS: \"\"soft coefficients contain no recoil variable\"\n"
"From remote kernel:"
"\"Ppp\"\" real term \"155\"/\"182\"; memory = \"271287704\n"
"From remote kernel:"
"\"PASS: \"\"soft coefficients contain no recoil variable\"\n"
"From remote kernel:"
"\"Ppp\"\" real term \"156\"/\"182\"; memory = \"371467472\n"
"From remote kernel:"
"\"PASS: \"\"ordinary real term is fully evaluated\"\n"
"From remote kernel:"
"\"PASS: \"\"massive angular denominator stays separated at the soft endpoint\"\n"
"From remote kernel:"
"\"PASS: \"\"soft expansion is a Laurent series\"\n"
"From remote kernel:"
"\"PASS: \"\"soft series covers the requested pole order\"\n"
"From remote kernel:"
"\"PASS: \"\"soft coefficients contain no recoil variable\"\n"
"From remote kernel:"
"\"PASS: \"\"massive angular denominator stays separated at the soft endpoint\"\n"
"From remote kernel:"
"\"PASS: \"\"soft expansion is a Laurent series\"\n"
"From remote kernel:"
"\"PASS: \"\"soft series covers the requested pole order\"\n"
"From remote kernel:"
"\"PASS: \"\"soft coefficients contain no recoil variable\"\n"
"From remote kernel:"
"\"Ppp\"\" real term \"157\"/\"182\"; memory = \"367831808\n"
"From remote kernel:"
"\"PASS: \"\"ordinary real term is fully evaluated\"\n"
"From remote kernel:"
"\"PASS: \"\"massive angular denominator stays separated at the soft endpoint\"\n"
"From remote kernel:"
"\"PASS: \"\"soft expansion is a Laurent series\"\n"
"From remote kernel:"
"\"PASS: \"\"soft series covers the requested pole order\"\n"
"From remote kernel:"
"\"PASS: \"\"soft coefficients contain no recoil variable\"\n"
"From remote kernel:"
"\"PASS: \"\"massive angular denominator stays separated at the soft endpoint\"\n"
"From remote kernel:"
"\"PASS: \"\"soft expansion is a Laurent series\"\n"
"From remote kernel:"
"\"PASS: \"\"soft series covers the requested pole order\"\n"
"From remote kernel:"
"\"PASS: \"\"ordinary real term is fully evaluated\"\n"
"From remote kernel:"
"\"PASS: \"\"massive angular denominator stays separated at the soft endpoint\"\n"
"From remote kernel:"
"\"PASS: \"\"soft coefficients contain no recoil variable\"\n"
"From remote kernel:"
"\"Ppp\"\" real term \"158\"/\"182\"; memory = \"369784848\n"
"From remote kernel:"
"\"PASS: \"\"ordinary real term is fully evaluated\"\n"
"From remote kernel:"
"\"PASS: \"\"massive angular denominator stays separated at the soft endpoint\"\n"
"From remote kernel:"
"\"PASS: \"\"soft expansion is a Laurent series\"\n"
"From remote kernel:"
"\"PASS: \"\"soft series covers the requested pole order\"\n"
"From remote kernel:"
"\"PASS: \"\"soft coefficients contain no recoil variable\"\n"
"From remote kernel:"
"\"PASS: \"\"massive angular denominator stays separated at the soft endpoint\"\n"
"From remote kernel:"
"\"PASS: \"\"soft expansion is a Laurent series\"\n"
"From remote kernel:"
"\"PASS: \"\"soft series covers the requested pole order\"\n"
"From remote kernel:"
"\"PASS: \"\"soft coefficients contain no recoil variable\"\n"
"From remote kernel:"
"\"Ppp\"\" real term \"159\"/\"182\"; memory = \"375845160\n"
"From remote kernel:"
"\"PASS: \"\"ordinary real term is fully evaluated\"\n"
"From remote kernel:"
"\"PASS: \"\"massive angular denominator stays separated at the soft endpoint\"\n"
"From remote kernel:"
"\"PASS: \"\"soft expansion is a Laurent series\"\n"
"From remote kernel:"
"\"PASS: \"\"soft series covers the requested pole order\"\n"
"From remote kernel:"
"\"PASS: \"\"massive angular denominator stays separated at the soft endpoint\"\n"
"From remote kernel:"
"\"PASS: \"\"soft expansion is a Laurent series\"\n"
"From remote kernel:"
"\"PASS: \"\"soft series covers the requested pole order\"\n"
"From remote kernel:"
"\"PASS: \"\"soft coefficients contain no recoil variable\"\n"
"From remote kernel:"
"\"PASS: \"\"massive angular denominator stays separated at the soft endpoint\"\n"
"From remote kernel:"
"\"PASS: \"\"soft expansion is a Laurent series\"\n"
"From remote kernel:"
"\"PASS: \"\"soft series covers the requested pole order\"\n"
"From remote kernel:"
"\"PASS: \"\"soft coefficients contain no recoil variable\"\n"
"From remote kernel:"
"\"Ppp\"\" real term \"160\"/\"182\"; memory = \"380379720\n"
"From remote kernel:"
"\"PASS: \"\"ordinary real term is fully evaluated\"\n"
"From remote kernel:"
"\"PASS: \"\"massive angular denominator stays separated at the soft endpoint\"\n"
"From remote kernel:"
"\"PASS: \"\"soft expansion is a Laurent series\"\n"
"From remote kernel:"
"\"PASS: \"\"soft series covers the requested pole order\"\n"
"From remote kernel:"
"\"PASS: \"\"soft coefficients contain no recoil variable\"\n"
"From remote kernel:"
"\"PASS: \"\"massive angular denominator stays separated at the soft endpoint\"\n"
"From remote kernel:"
"\"PASS: \"\"soft expansion is a Laurent series\"\n"
"From remote kernel:"
"\"PASS: \"\"soft series covers the requested pole order\"\n"
"From remote kernel:"
"\"PASS: \"\"soft expansion is a Laurent series\"\n"
"From remote kernel:"
"\"PASS: \"\"soft series covers the requested pole order\"\n"
"From remote kernel:"
"\"PASS: \"\"soft coefficients contain no recoil variable\"\n"
"From remote kernel:"
"\"PASS: \"\"soft coefficients contain no recoil variable\"\n"
"From remote kernel:"
"\"PASS: \"\"massive angular denominator stays separated at the soft endpoint\"\n"
"From remote kernel:"
"\"Ppp\"\" real term \"161\"/\"182\"; memory = \"224478768\n"
"From remote kernel:"
"\"PASS: \"\"ordinary real term is fully evaluated\"\n"
"From remote kernel:"
"\"PASS: \"\"massive angular denominator stays separated at the soft endpoint\"\n"
"From remote kernel:"
"\"PASS: \"\"soft expansion is a Laurent series\"\n"
"From remote kernel:"
"\"PASS: \"\"soft series covers the requested pole order\"\n"
"From remote kernel:"
"\"Ppp\"\" real term \"162\"/\"182\"; memory = \"328535120\n"
"From remote kernel:"
"\"PASS: \"\"ordinary real term is fully evaluated\"\n"
"From remote kernel:"
"\"PASS: \"\"massive angular denominator stays separated at the soft endpoint\"\n"
"From remote kernel:"
"\"PASS: \"\"soft expansion is a Laurent series\"\n"
"From remote kernel:"
"\"PASS: \"\"soft series covers the requested pole order\"\n"
"From remote kernel:"
"\"PASS: \"\"soft coefficients contain no recoil variable\"\n"
"From remote kernel:"
"\"PASS: \"\"massive angular denominator stays separated at the soft endpoint\"\n"
"From remote kernel:"
"\"PASS: \"\"soft expansion is a Laurent series\"\n"
"From remote kernel:"
"\"PASS: \"\"soft series covers the requested pole order\"\n"
"From remote kernel:"
"\"PASS: \"\"soft expansion is a Laurent series\"\n"
"From remote kernel:"
"\"PASS: \"\"soft series covers the requested pole order\"\n"
"From remote kernel:"
"\"PASS: \"\"soft coefficients contain no recoil variable\"\n"
"From remote kernel:"
"\"Ppp\"\" real term \"163\"/\"182\"; memory = \"327687688\n"
"From remote kernel:"
"\"PASS: \"\"soft expansion is a Laurent series\"\n"
"From remote kernel:"
"\"PASS: \"\"soft series covers the requested pole order\"\n"
"From remote kernel:"
"\"PASS: \"\"ordinary real term is fully evaluated\"\n"
"From remote kernel:"
"\"PASS: \"\"massive angular denominator stays separated at the soft endpoint\"\n"
"From remote kernel:"
"\"PASS: \"\"soft expansion is a Laurent series\"\n"
"From remote kernel:"
"\"PASS: \"\"soft series covers the requested pole order\"\n"
"From remote kernel:"
"\"PASS: \"\"soft coefficients contain no recoil variable\"\n"
"From remote kernel:"
"\"PASS: \"\"massive angular denominator stays separated at the soft endpoint\"\n"
"From remote kernel:"
"\"PASS: \"\"soft coefficients contain no recoil variable\"\n"
"From remote kernel:"
"\"PASS: \"\"massive angular denominator stays separated at the soft endpoint\"\n"
"From remote kernel:"
"\"PASS: \"\"soft coefficients contain no recoil variable\"\n"
"From remote kernel:"
"\"Ppp\"\" real term \"164\"/\"182\"; memory = \"287391056\n"
"From remote kernel:"
"\"PASS: \"\"soft expansion is a Laurent series\"\n"
"From remote kernel:"
"\"PASS: \"\"soft series covers the requested pole order\"\n"
"From remote kernel:"
"\"PASS: \"\"ordinary real term is fully evaluated\"\n"
"From remote kernel:"
"\"PASS: \"\"soft coefficients contain no recoil variable\"\n"
"From remote kernel:"
"\"Ppp\"\" real term \"165\"/\"182\"; memory = \"331616752\n"
"From remote kernel:"
"\"PASS: \"\"massive angular denominator stays separated at the soft endpoint\"\n"
"From remote kernel:"
"\"PASS: \"\"ordinary real term is fully evaluated\"\n"
"From remote kernel:"
"\"PASS: \"\"soft expansion is a Laurent series\"\n"
"From remote kernel:"
"\"PASS: \"\"soft series covers the requested pole order\"\n"
"From remote kernel:"
"\"PASS: \"\"massive angular denominator stays separated at the soft endpoint\"\n"
"From remote kernel:"
"\"PASS: \"\"soft expansion is a Laurent series\"\n"
"From remote kernel:"
"\"PASS: \"\"soft series covers the requested pole order\"\n"
"From remote kernel:"
"\"PASS: \"\"soft coefficients contain no recoil variable\"\n"
"From remote kernel:"
"\"PASS: \"\"massive angular denominator stays separated at the soft endpoint\"\n"
"From remote kernel:"
"\"PASS: \"\"soft coefficients contain no recoil variable\"\n"
"From remote kernel:"
"\"PASS: \"\"massive angular denominator stays separated at the soft endpoint\"\n"
"From remote kernel:"
"\"PASS: \"\"soft expansion is a Laurent series\"\n"
"From remote kernel:"
"\"PASS: \"\"soft series covers the requested pole order\"\n"
"From remote kernel:"
"\"PASS: \"\"soft expansion is a Laurent series\"\n"
"From remote kernel:"
"\"PASS: \"\"soft series covers the requested pole order\"\n"
"From remote kernel:"
"\"PASS: \"\"soft coefficients contain no recoil variable\"\n"
"From remote kernel:"
"\"Ppp\"\" real term \"166\"/\"182\"; memory = \"295668000\n"
"From remote kernel:"
"\"PASS: \"\"soft coefficients contain no recoil variable\"\n"
"From remote kernel:"
"\"Ppp\"\" real term \"167\"/\"182\"; memory = \"340368336\n"
"From remote kernel:"
"\"PASS: \"\"ordinary real term is fully evaluated\"\n"
"From remote kernel:"
"\"PASS: \"\"ordinary real term is fully evaluated\"\n"
"From remote kernel:"
"\"PASS: \"\"massive angular denominator stays separated at the soft endpoint\"\n"
"From remote kernel:"
"\"PASS: \"\"massive angular denominator stays separated at the soft endpoint\"\n"
"From remote kernel:"
"\"PASS: \"\"soft expansion is a Laurent series\"\n"
"From remote kernel:"
"\"PASS: \"\"soft series covers the requested pole order\"\n"
"From remote kernel:"
"\"PASS: \"\"soft expansion is a Laurent series\"\n"
"From remote kernel:"
"\"PASS: \"\"soft series covers the requested pole order\"\n"
"From remote kernel:"
"\"PASS: \"\"soft coefficients contain no recoil variable\"\n"
"From remote kernel:"
"\"PASS: \"\"soft coefficients contain no recoil variable\"\n"
"From remote kernel:"
"\"PASS: \"\"massive angular denominator stays separated at the soft endpoint\"\n"
"From remote kernel:"
"\"PASS: \"\"massive angular denominator stays separated at the soft endpoint\"\n"
"From remote kernel:"
"\"PASS: \"\"soft expansion is a Laurent series\"\n"
"From remote kernel:"
"\"PASS: \"\"soft series covers the requested pole order\"\n"
"From remote kernel:"
"\"PASS: \"\"soft expansion is a Laurent series\"\n"
"From remote kernel:"
"\"PASS: \"\"soft series covers the requested pole order\"\n"
"From remote kernel:"
"\"PASS: \"\"soft coefficients contain no recoil variable\"\n"
"From remote kernel:"
"\"Ppp\"\" real term \"168\"/\"182\"; memory = \"346508552\n"
"From remote kernel:"
"\"PASS: \"\"soft coefficients contain no recoil variable\"\n"
"From remote kernel:"
"\"Ppp\"\" real term \"169\"/\"182\"; memory = \"299462224\n"
"From remote kernel:"
"\"PASS: \"\"ordinary real term is fully evaluated\"\n"
"From remote kernel:"
"\"PASS: \"\"massive angular denominator stays separated at the soft endpoint\"\n"
"From remote kernel:"
"\"PASS: \"\"soft expansion is a Laurent series\"\n"
"From remote kernel:"
"\"PASS: \"\"soft series covers the requested pole order\"\n"
"From remote kernel:"
"\"PASS: \"\"soft coefficients contain no recoil variable\"\n"
"From remote kernel:"
"\"Ppp\"\" real term \"170\"/\"182\"; memory = \"240797096\n"
"From remote kernel:"
"\"PASS: \"\"ordinary real term is fully evaluated\"\n"
"From remote kernel:"
"\"PASS: \"\"massive angular denominator stays separated at the soft endpoint\"\n"
"From remote kernel:"
"\"PASS: \"\"soft expansion is a Laurent series\"\n"
"From remote kernel:"
"\"PASS: \"\"soft series covers the requested pole order\"\n"
"From remote kernel:"
"\"PASS: \"\"ordinary real term is fully evaluated\"\n"
"From remote kernel:"
"\"PASS: \"\"massive angular denominator stays separated at the soft endpoint\"\n"
"From remote kernel:"
"\"PASS: \"\"soft expansion is a Laurent series\"\n"
"From remote kernel:"
"\"PASS: \"\"soft series covers the requested pole order\"\n"
"From remote kernel:"
"\"PASS: \"\"soft coefficients contain no recoil variable\"\n"
"From remote kernel:"
"\"PASS: \"\"massive angular denominator stays separated at the soft endpoint\"\n"
"From remote kernel:"
"\"PASS: \"\"soft expansion is a Laurent series\"\n"
"From remote kernel:"
"\"PASS: \"\"soft series covers the requested pole order\"\n"
"From remote kernel:"
"\"PASS: \"\"soft coefficients contain no recoil variable\"\n"
"From remote kernel:"
"\"PASS: \"\"massive angular denominator stays separated at the soft endpoint\"\n"
"From remote kernel:"
"\"PASS: \"\"soft expansion is a Laurent series\"\n"
"From remote kernel:"
"\"PASS: \"\"soft series covers the requested pole order\"\n"
"From remote kernel:"
"\"PASS: \"\"soft coefficients contain no recoil variable\"\n"
"From remote kernel:"
"\"Ppp\"\" real term \"171\"/\"182\"; memory = \"302786160\n"
"From remote kernel:"
"\"PASS: \"\"soft coefficients contain no recoil variable\"\n"
"From remote kernel:"
"\"Ppp\"\" real term \"172\"/\"182\"; memory = \"224511040\n"
"From remote kernel:"
"\"PASS: \"\"ordinary real term is fully evaluated\"\n"
"From remote kernel:"
"\"PASS: \"\"massive angular denominator stays separated at the soft endpoint\"\n"
"From remote kernel:"
"\"PASS: \"\"soft expansion is a Laurent series\"\n"
"From remote kernel:"
"\"PASS: \"\"soft series covers the requested pole order\"\n"
"From remote kernel:"
"\"PASS: \"\"soft expansion is a Laurent series\"\n"
"From remote kernel:"
"\"PASS: \"\"soft series covers the requested pole order\"\n"
"From remote kernel:"
"\"PASS: \"\"ordinary real term is fully evaluated\"\n"
"From remote kernel:"
"\"PASS: \"\"massive angular denominator stays separated at the soft endpoint\"\n"
"From remote kernel:"
"\"PASS: \"\"soft coefficients contain no recoil variable\"\n"
"From remote kernel:"
"\"PASS: \"\"massive angular denominator stays separated at the soft endpoint\"\n"
"From remote kernel:"
"\"PASS: \"\"soft expansion is a Laurent series\"\n"
"From remote kernel:"
"\"PASS: \"\"soft coefficients contain no recoil variable\"\n"
"From remote kernel:"
"\"PASS: \"\"soft series covers the requested pole order\"\n"
"From remote kernel:"
"\"PASS: \"\"massive angular denominator stays separated at the soft endpoint\"\n"
"From remote kernel:"
"\"PASS: \"\"soft expansion is a Laurent series\"\n"
"From remote kernel:"
"\"PASS: \"\"soft series covers the requested pole order\"\n"
"From remote kernel:"
"\"PASS: \"\"soft coefficients contain no recoil variable\"\n"
"From remote kernel:"
"\"PASS: \"\"massive angular denominator stays separated at the soft endpoint\"\n"
"From remote kernel:"
"\"PASS: \"\"soft coefficients contain no recoil variable\"\n"
"From remote kernel:"
"\"Ppp\"\" real term \"173\"/\"182\"; memory = \"233434744\n"
"From remote kernel:"
"\"PASS: \"\"soft expansion is a Laurent series\"\n"
"From remote kernel:"
"\"PASS: \"\"soft series covers the requested pole order\"\n"
"From remote kernel:"
"\"PASS: \"\"ordinary real term is fully evaluated\"\n"
"From remote kernel:"
"\"PASS: \"\"massive angular denominator stays separated at the soft endpoint\"\n"
"From remote kernel:"
"\"PASS: \"\"soft expansion is a Laurent series\"\n"
"From remote kernel:"
"\"PASS: \"\"soft series covers the requested pole order\"\n"
"From remote kernel:"
"\"PASS: \"\"soft coefficients contain no recoil variable\"\n"
"From remote kernel:"
"\"Ppp\"\" real term \"174\"/\"182\"; memory = \"303093464\n"
"From remote kernel:"
"\"PASS: \"\"ordinary real term is fully evaluated\"\n"
"From remote kernel:"
"\"PASS: \"\"massive angular denominator stays separated at the soft endpoint\"\n"
"From remote kernel:"
"\"PASS: \"\"soft expansion is a Laurent series\"\n"
"From remote kernel:"
"\"PASS: \"\"soft coefficients contain no recoil variable\"\n"
"From remote kernel:"
"\"PASS: \"\"soft series covers the requested pole order\"\n"
"From remote kernel:"
"\"PASS: \"\"massive angular denominator stays separated at the soft endpoint\"\n"
"From remote kernel:"
"\"PASS: \"\"soft coefficients contain no recoil variable\"\n"
"From remote kernel:"
"\"PASS: \"\"massive angular denominator stays separated at the soft endpoint\"\n"
"From remote kernel:"
"\"PASS: \"\"soft expansion is a Laurent series\"\n"
"From remote kernel:"
"\"PASS: \"\"soft series covers the requested pole order\"\n"
"From remote kernel:"
"\"PASS: \"\"soft expansion is a Laurent series\"\n"
"From remote kernel:"
"\"PASS: \"\"soft series covers the requested pole order\"\n"
"From remote kernel:"
"\"PASS: \"\"soft coefficients contain no recoil variable\"\n"
"From remote kernel:"
"\"Ppp\"\" real term \"175\"/\"182\"; memory = \"302203392\n"
"From remote kernel:"
"\"PASS: \"\"soft coefficients contain no recoil variable\"\n"
"From remote kernel:"
"\"Ppp\"\" real term \"176\"/\"182\"; memory = \"238768704\n"
"From remote kernel:"
"\"PASS: \"\"soft expansion is a Laurent series\"\n"
"From remote kernel:"
"\"PASS: \"\"soft series covers the requested pole order\"\n"
"From remote kernel:"
"\"PASS: \"\"soft coefficients contain no recoil variable\"\n"
"From remote kernel:"
"\"Ppp\"\" real term \"177\"/\"182\"; memory = \"346705528\n"
MONITOR_HEARTBEAT elapsed=454s rss=2212.9MiB peak=2223.6MiB
"From remote kernel:"
"\"PASS: \"\"ordinary real term is fully evaluated\"\n"
"From remote kernel:"
"\"PASS: \"\"massive angular denominator stays separated at the soft endpoint\"\n"
"From remote kernel:"
"\"PASS: \"\"soft expansion is a Laurent series\"\n"
"From remote kernel:"
"\"PASS: \"\"soft series covers the requested pole order\"\n"
"From remote kernel:"
"\"PASS: \"\"massive angular denominator stays separated at the soft endpoint\"\n"
"From remote kernel:"
"\"PASS: \"\"soft expansion is a Laurent series\"\n"
"From remote kernel:"
"\"PASS: \"\"soft series covers the requested pole order\"\n"
"From remote kernel:"
"\"Ppp\"\" real term \"178\"/\"182\"; memory = \"404430392\n"
"From remote kernel:"
"\"PASS: \"\"ordinary real term is fully evaluated\"\n"
"From remote kernel:"
"\"PASS: \"\"massive angular denominator stays separated at the soft endpoint\"\n"
"From remote kernel:"
"\"PASS: \"\"mixed angular endpoint approach follows from its domain\"\n"
"From remote kernel:"
"\"PASS: \"\"inverted dilogarithm arguments are negative on the real domain\"\n"
"From remote kernel:"
"\"PASS: \"\"inverse hyperbolic logarithms preserve derivative and anchor\"\n"
"From remote kernel:"
"\"PASS: \"\"ordinary real term is fully evaluated\"\n"
"From remote kernel:"
"\"PASS: \"\"massive angular denominator stays separated at the soft endpoint\"\n"
"From remote kernel:"
"\"PASS: \"\"soft expansion is a Laurent series\"\n"
"From remote kernel:"
"\"PASS: \"\"soft series covers the requested pole order\"\n"
"From remote kernel:"
"\"PASS: \"\"massive angular denominator stays separated at the soft endpoint\"\n"
"From remote kernel:"
"\"PASS: \"\"soft expansion is a Laurent series\"\n"
"From remote kernel:"
"\"PASS: \"\"soft series covers the requested pole order\"\n"
"From remote kernel:"
"\"PASS: \"\"massive angular denominator stays separated at the soft endpoint\"\n"
"From remote kernel:"
"\"PASS: \"\"mixed angular endpoint approach follows from its domain\"\n"
"From remote kernel:"
"\"PASS: \"\"inverted dilogarithm arguments are negative on the real domain\"\n"
"From remote kernel:"
"\"PASS: \"\"inverse hyperbolic logarithms preserve derivative and anchor\"\n"
"From remote kernel:"
"\"PASS: \"\"soft expansion is a Laurent series\"\n"
"From remote kernel:"
"\"PASS: \"\"soft series covers the requested pole order\"\n"
"From remote kernel:"
"\"Ppp\"\" real term \"179\"/\"182\"; memory = \"422139816\n"
"From remote kernel:"
"\"PASS: \"\"ordinary real term is fully evaluated\"\n"
"From remote kernel:"
"\"PASS: \"\"massive angular denominator stays separated at the soft endpoint\"\n"
"From remote kernel:"
"\"PASS: \"\"ordinary real term is fully evaluated\"\n"
"From remote kernel:"
"\"PASS: \"\"massive angular denominator stays separated at the soft endpoint\"\n"
"From remote kernel:"
"\"PASS: \"\"ordinary real term is fully evaluated\"\n"
"From remote kernel:"
"\"PASS: \"\"massive angular denominator stays separated at the soft endpoint\"\n"
"From remote kernel:"
"\"PASS: \"\"soft expansion is a Laurent series\"\n"
"From remote kernel:"
"\"PASS: \"\"soft series covers the requested pole order\"\n"
"From remote kernel:"
"\"PASS: \"\"massive angular denominator stays separated at the soft endpoint\"\n"
"From remote kernel:"
"\"PASS: \"\"soft expansion is a Laurent series\"\n"
"From remote kernel:"
"\"PASS: \"\"soft series covers the requested pole order\"\n"
"From remote kernel:"
"\"PASS: \"\"massive angular denominator stays separated at the soft endpoint\"\n"
"From remote kernel:"
"\"PASS: \"\"soft expansion is a Laurent series\"\n"
"From remote kernel:"
"\"PASS: \"\"soft series covers the requested pole order\"\n"
"From remote kernel:"
"\"PASS: \"\"soft coefficients contain no recoil variable\"\n"
"From remote kernel:"
"\"PASS: \"\"massive angular denominator stays separated at the soft endpoint\"\n"
"From remote kernel:"
"\"PASS: \"\"soft expansion is a Laurent series\"\n"
"From remote kernel:"
"\"PASS: \"\"soft series covers the requested pole order\"\n"
"From remote kernel:"
"\"Ppp\"\" real term \"180\"/\"182\"; memory = \"428169024\n"
"From remote kernel:"
"\"PASS: \"\"ordinary real term is fully evaluated\"\n"
"From remote kernel:"
"\"PASS: \"\"massive angular denominator stays separated at the soft endpoint\"\n"
"From remote kernel:"
"\"PASS: \"\"soft expansion is a Laurent series\"\n"
"From remote kernel:"
"\"PASS: \"\"soft series covers the requested pole order\"\n"
"From remote kernel:"
"\"Ppp\"\" real term \"181\"/\"182\"; memory = \"313673208\n"
"From remote kernel:"
"\"PASS: \"\"ordinary real term is fully evaluated\"\n"
"From remote kernel:"
"\"PASS: \"\"massive angular denominator stays separated at the soft endpoint\"\n"
"From remote kernel:"
"\"PASS: \"\"soft expansion is a Laurent series\"\n"
"From remote kernel:"
"\"PASS: \"\"soft series covers the requested pole order\"\n"
"From remote kernel:"
"\"PASS: \"\"massive angular denominator stays separated at the soft endpoint\"\n"
"From remote kernel:"
"\"PASS: \"\"soft expansion is a Laurent series\"\n"
"From remote kernel:"
"\"PASS: \"\"soft series covers the requested pole order\"\n"
"From remote kernel:"
"\"Ppp\"\" real term \"182\"/\"182\"; memory = \"316788128\n"
"From remote kernel:"
"\"PASS: \"\"soft expansion is a Laurent series\"\n"
"From remote kernel:"
"\"PASS: \"\"soft series covers the requested pole order\"\n"
"From remote kernel:"
"\"PASS: \"\"ordinary real term is fully evaluated\"\n"
"From remote kernel:"
"\"PASS: \"\"massive angular denominator stays separated at the soft endpoint\"\n"
"From remote kernel:"
"\"PASS: \"\"mixed angular endpoint approach follows from its domain\"\n"
"From remote kernel:"
"\"PASS: \"\"inverted dilogarithm arguments are negative on the real domain\"\n"
"From remote kernel:"
"\"PASS: \"\"inverse hyperbolic logarithms preserve derivative and anchor\"\n"
"From remote kernel:"
"\"PASS: \"\"soft expansion is a Laurent series\"\n"
"From remote kernel:"
"\"PASS: \"\"soft series covers the requested pole order\"\n"
"From remote kernel:"
"\"PASS: \"\"soft coefficients contain no recoil variable\"\n"
"From remote kernel:"
"\"PASS: \"\"soft expansion is a Laurent series\"\n"
"From remote kernel:"
"\"PASS: \"\"soft series covers the requested pole order\"\n"
"From remote kernel:"
"\"PASS: \"\"massive angular denominator stays separated at the soft endpoint\"\n"
"From remote kernel:"
"\"PASS: \"\"soft expansion is a Laurent series\"\n"
"From remote kernel:"
"\"PASS: \"\"soft series covers the requested pole order\"\n"
"From remote kernel:"
"\"PASS: \"\"soft coefficients contain no recoil variable\"\n"
"From remote kernel:"
"\"PASS: \"\"massive angular denominator stays separated at the soft endpoint\"\n"
"From remote kernel:"
"\"PASS: \"\"mixed angular endpoint approach follows from its domain\"\n"
"From remote kernel:"
"\"PASS: \"\"inverted dilogarithm arguments are negative on the real domain\"\n"
"From remote kernel:"
"\"PASS: \"\"inverse hyperbolic logarithms preserve derivative and anchor\"\n"
MONITOR_HEARTBEAT elapsed=485s rss=2220.7MiB peak=2245.1MiB
"From remote kernel:"
"\"PASS: \"\"soft expansion is a Laurent series\"\n"
"From remote kernel:"
"\"PASS: \"\"soft series covers the requested pole order\"\n"
"From remote kernel:"
"\"PASS: \"\"soft expansion is a Laurent series\"\n"
"From remote kernel:"
"\"PASS: \"\"soft series covers the requested pole order\"\n"
"From remote kernel:"
"\"PASS: \"\"soft coefficients contain no recoil variable\"\n"
"PASS: ""Ppp all real phase-space terms completed"
"Ppp"" assembling distribution branch "1
"Ppp"" branch "1" soft group "{1, -1}
"Ppp"" branch "1" soft group "{2, -1}
"Ppp"" branch "1" delta coefficient"
"Ppp"" branch "1" plus coefficients"
"PASS: ""no higher logarithmic plus distribution survives"
"Ppp"" branch "1" regular remainder"
"Ppp"" distribution branch "1" saved."
"Ppp"" assembling distribution branch "-1
"Ppp"" branch "-1" soft group "{1, -1}
"Ppp"" branch "-1" soft group "{2, -1}
"Ppp"" branch "-1" delta coefficient"
"Ppp"" branch "-1" plus coefficients"
"PASS: ""no higher logarithmic plus distribution survives"
"Ppp"" branch "-1" regular remainder"
"Ppp"" distribution branch "-1" saved."
"S09_SUCCESS; peak memory = "416535080" bytes."
MONITOR_WAKE {"stage": "s09", "source": "s09_real_phase_space.wl", "source_sha256": "39568d8eca4cfd7c4ee8bc72e14a124bebb0cebaa1af19f7c360f016966b0c92", "job_id": "14687952", "host": "n6406", "exit_code": 0, "success_marker": true, "accepted_execution": true, "guard": null, "peak_rss_bytes": 2354106368, "elapsed_seconds": 497.4243691600859, "completed_utc": "2026-09-06T11:58:04.533795+00:00"}
