"PASS: ""authorized local coefficient execution"
"PASS: ""bound complete local source"
"PASS: ""pinned local coefficient input .cluster/s02_execute.py"
"PASS: ""pinned local coefficient input Hgg/s05_result/s05_metadata.wl"
"PASS: ""pinned local coefficient input Hgg/s05_result/s05_result.wl"
"PASS: ""pinned local coefficient input Hqqprime/s08_cancel_denominator_result/s08_result.wl"
"PASS: ""pinned local coefficient input Hqqprime/s08_streamed_result/s08_execution.json"
"PASS: ""pinned local coefficient input Hqqprime/s08_streamed_result/s08_result.wl"
"PASS: ""pinned local coefficient input cache/s08_coefficient_check/5f814c41b2ea52650d1f94ce8379c9b37f7b551f6b6020ca41c440a024093df4/s08_raw_map.wl"
"PASS: ""pinned local coefficient input common/native/python_flint/flint/__init__.py"
"PASS: ""pinned local coefficient input common/native/python_flint/flint/flint_base/__init__.py"
"PASS: ""pinned local coefficient input common/native/python_flint/flint/flint_base/flint_base.cpython-313-x86_64-linux-gnu.so"
"PASS: ""pinned local coefficient input common/native/python_flint/flint/flint_base/flint_context.cpython-313-x86_64-linux-gnu.so"
"PASS: ""pinned local coefficient input common/native/python_flint/flint/functions/__init__.py"
"PASS: ""pinned local coefficient input common/native/python_flint/flint/functions/showgood.cpython-313-x86_64-linux-gnu.so"
"PASS: ""pinned local coefficient input common/native/python_flint/flint/pyflint.cpython-313-x86_64-linux-gnu.so"
"PASS: ""pinned local coefficient input common/native/python_flint/flint/test/__init__.py"
"PASS: ""pinned local coefficient input common/native/python_flint/flint/types/__init__.py"
"PASS: ""pinned local coefficient input common/native/python_flint/flint/types/_gr.cpython-313-x86_64-linux-gnu.so"
"PASS: ""pinned local coefficient input common/native/python_flint/flint/types/acb.cpython-313-x86_64-linux-gnu.so"
"PASS: ""pinned local coefficient input common/native/python_flint/flint/types/acb_mat.cpython-313-x86_64-linux-gnu.so"
"PASS: ""pinned local coefficient input common/native/python_flint/flint/types/acb_poly.cpython-313-x86_64-linux-gnu.so"
"PASS: ""pinned local coefficient input common/native/python_flint/flint/types/acb_series.cpython-313-x86_64-linux-gnu.so"
"PASS: ""pinned local coefficient input common/native/python_flint/flint/types/acb_theta.cpython-313-x86_64-linux-gnu.so"
"PASS: ""pinned local coefficient input common/native/python_flint/flint/types/arb.cpython-313-x86_64-linux-gnu.so"
"PASS: ""pinned local coefficient input common/native/python_flint/flint/types/arb_mat.cpython-313-x86_64-linux-gnu.so"
"PASS: ""pinned local coefficient input common/native/python_flint/flint/types/arb_poly.cpython-313-x86_64-linux-gnu.so"
"PASS: ""pinned local coefficient input common/native/python_flint/flint/types/arb_series.cpython-313-x86_64-linux-gnu.so"
"PASS: ""pinned local coefficient input common/native/python_flint/flint/types/arf.cpython-313-x86_64-linux-gnu.so"
"PASS: ""pinned local coefficient input common/native/python_flint/flint/types/dirichlet.cpython-313-x86_64-linux-gnu.so"
"PASS: ""pinned local coefficient input common/native/python_flint/flint/types/fmpq.cpython-313-x86_64-linux-gnu.so"
"PASS: ""pinned local coefficient input common/native/python_flint/flint/types/fmpq_mat.cpython-313-x86_64-linux-gnu.so"
"PASS: ""pinned local coefficient input common/native/python_flint/flint/types/fmpq_mpoly.cpython-313-x86_64-linux-gnu.so"
"PASS: ""pinned local coefficient input common/native/python_flint/flint/types/fmpq_poly.cpython-313-x86_64-linux-gnu.so"
"PASS: ""pinned local coefficient input common/native/python_flint/flint/types/fmpq_series.cpython-313-x86_64-linux-gnu.so"
"PASS: ""pinned local coefficient input common/native/python_flint/flint/types/fmpq_vec.cpython-313-x86_64-linux-gnu.so"
"PASS: ""pinned local coefficient input common/native/python_flint/flint/types/fmpz.cpython-313-x86_64-linux-gnu.so"
"PASS: ""pinned local coefficient input common/native/python_flint/flint/types/fmpz_mat.cpython-313-x86_64-linux-gnu.so"
"PASS: ""pinned local coefficient input common/native/python_flint/flint/types/fmpz_mod.cpython-313-x86_64-linux-gnu.so"
"PASS: ""pinned local coefficient input common/native/python_flint/flint/types/fmpz_mod_mat.cpython-313-x86_64-linux-gnu.so"
"PASS: ""pinned local coefficient input common/native/python_flint/flint/types/fmpz_mod_mpoly.cpython-313-x86_64-linux-gnu.so"
"PASS: ""pinned local coefficient input common/native/python_flint/flint/types/fmpz_mod_poly.cpython-313-x86_64-linux-gnu.so"
"PASS: ""pinned local coefficient input common/native/python_flint/flint/types/fmpz_mpoly.cpython-313-x86_64-linux-gnu.so"
"PASS: ""pinned local coefficient input common/native/python_flint/flint/types/fmpz_poly.cpython-313-x86_64-linux-gnu.so"
"PASS: ""pinned local coefficient input common/native/python_flint/flint/types/fmpz_series.cpython-313-x86_64-linux-gnu.so"
"PASS: ""pinned local coefficient input common/native/python_flint/flint/types/fmpz_vec.cpython-313-x86_64-linux-gnu.so"
"PASS: ""pinned local coefficient input common/native/python_flint/flint/types/fq_default.cpython-313-x86_64-linux-gnu.so"
"PASS: ""pinned local coefficient input common/native/python_flint/flint/types/fq_default_poly.cpython-313-x86_64-linux-gnu.so"
"PASS: ""pinned local coefficient input common/native/python_flint/flint/types/nmod.cpython-313-x86_64-linux-gnu.so"
"PASS: ""pinned local coefficient input common/native/python_flint/flint/types/nmod_mat.cpython-313-x86_64-linux-gnu.so"
"PASS: ""pinned local coefficient input common/native/python_flint/flint/types/nmod_mpoly.cpython-313-x86_64-linux-gnu.so"
"PASS: ""pinned local coefficient input common/native/python_flint/flint/types/nmod_poly.cpython-313-x86_64-linux-gnu.so"
"PASS: ""pinned local coefficient input common/native/python_flint/flint/types/nmod_series.cpython-313-x86_64-linux-gnu.so"
"PASS: ""pinned local coefficient input common/native/python_flint/flint/utils/__init__.py"
"PASS: ""pinned local coefficient input common/native/python_flint/python_flint-0.8.0.dist-info/RECORD"
"PASS: ""pinned local coefficient input common/native/python_flint/python_flint.libs/libflint-24205715.so.21.0.0"
"PASS: ""pinned local coefficient input common/native/python_flint/python_flint.libs/libgmp-e0c82b6b.so.10.5.0"
"PASS: ""pinned local coefficient input common/native/python_flint/python_flint.libs/libmpfr-be332c05.so.6.2.2"
"PASS: ""pinned local coefficient input common/s06_result/s06_result.wl"
"PASS: ""pinned local coefficient input common/s08_extend_real_reduction.wls"
"PASS: ""pinned local coefficient input common/s08_inputs.json"
"PASS: ""pinned local coefficient input common/s08_map_real_spin.wls"
"PASS: ""pinned local coefficient input common/s08_map_real_spin_compact_inputs.wls"
"PASS: ""pinned local coefficient input common/s08_map_real_spin_streamed.wls"
"PASS: ""pinned local coefficient input common/s08_rational_sum_inputs.json"
"PASS: ""pinned local coefficient input common/s08_result/reference/s03_real_families.wl"
"PASS: ""pinned local coefficient input common/s08_result/reference/s08_map_real_spin_before_known_denominator.wls"
"PASS: ""pinned local coefficient input common/s08_result/reference/s11_real_master_coefficients.wl"
"PASS: ""pinned local coefficient input misc/s08_collect_Hgg_targets.wls"
"PASS: ""pinned local coefficient input misc/s08_inputs.json"
"PASS: ""pinned local coefficient input misc/s08_result/s08_execution.json"
"PASS: ""pinned local coefficient input misc/s08_result/s08_result.wl"
"PASS: ""pinned local coefficient input misc/s09_inputs.json"
"PASS: ""pinned local coefficient input misc/s09_reduce_Hgg_targets.wls"
"PASS: ""pinned local coefficient input misc/s09_result/s09_execution.json"
"PASS: ""pinned local coefficient input misc/s09_result/s09_reduction.wl"
"PASS: ""pinned local coefficient input misc/s10_interface_review.json"
"PASS: ""pinned local coefficient input misc/s10_source_changes.json"
"PASS: ""pinned local coefficient input misc/s18_sum_exact_polynomials.py"
"PASS: ""pinned local coefficient input misc/s19_result/s19_execution.json"
"PASS: ""pinned local coefficient input misc/s19_result/s19_result.wl"
"PASS: ""pinned local coefficient input misc/s19_validate_Hgg_polynomial_sum.wls"
"PASS: ""pinned local coefficient input misc/s20_Hgg_exact_sum.wls"
"PASS: ""pinned local coefficient input misc/s20_interface_review.json"
"PASS: ""pinned local coefficient input misc/s20_result/s20_review_execution.json"
"PASS: ""pinned local coefficient input misc/s21_review_Hgg_exact_sum.wls"
"PASS: ""accepted local component storage"
"PASS: ""accepted local upstream receipt misc/s08_result/s08_execution.json"
"PASS: ""accepted local upstream receipt misc/s09_result/s09_execution.json"
"PASS: ""complete source syntax"
"PASS: ""unchanged streamed baseline"
"PASS: ""pinned original mapper"

ReadByteArray::bfmt: The stream /home/physics/projects/AI_Assisted_SIDIS/scripts/polarized_SIDIS/misc/s10_reduce_Hgg_coefficients.wls has been opened with BinaryFormat -> False and cannot be used with binary data.
"PASS: ""unchanged mapping functions"
"PASS: ""accepted real spin input"
"PASS: ""accepted scalar reuse library"
"PASS: ""s02 unchanged scalar input"
"PASS: ""s04 unchanged scalar input"
"PASS: ""accepted geometry and reduction"
"PASS: ""same cut momenta"
"PASS: ""same positive-energy support"
"PASS: ""unique loop-coordinate conversion"
"PASS: ""all scalar products reconstruct"
"PASS: ""coordinate change preserves measured transverse constraint"
"PASS: ""pinned GitHub coefficient assembly"
"PASS: ""unchanged GitHub coefficient loop"
"PASS: ""pinned unchanged coefficient implementation"
"PASS: ""same original task inventory"
"PASS: ""same original bookkeeping"
"PASS: ""unique saved reduction targets"
"PASS: ""pinned previous production mapper"
"PASS: ""pinned complete rational-sum validation"
"PASS: ""accepted complete rational-sum validation"
"PASS: ""executed rational-sum definitions"
"PASS: ""accepted coefficient control raw-map identity"
"PASS: ""accepted coefficient control reconstruction"
"PASS: ""validation used these original reduction rules"
"PASS: ""accepted real reduction extension"
"PASS: ""real reduction extension original input identities"
"PASS: ""real reduction extension source identity"
"PASS: ""real reduction extension retains original masters and cuts"
"PASS: ""unique extended reduction targets"
"PASS: ""accepted complete raw-target map"
"PASS: ""raw-target map identical physical inputs"
"PASS: ""raw-target component ordering"
"PASS: ""accepted streamed numerator receipt"
"PASS: ""accepted streamed numerator comparison"
"PASS: ""streamed numerator comparison source binding"
"PASS: ""streamed numerator comparison native versions"
"PASS: ""streamed numerator preserves accepted original equations"
"PASS: ""executed supported-factor cancellation installed"
"PASS: ""executed streamed numerator definition installed"
"PASS: ""accepted own Hgg polynomial validation receipt"
"PASS: ""complete own Hgg polynomial validation"
"PASS: ""accepted complete polynomial interface receipt"
"PASS: ""unchanged validated polynomial interface"
"PASS: ""compact workers require complete accepted raw map"
"PASS: ""compact tasks preserve complete component metadata"
"PASS: ""compact tasks preserve original zero-input values"
"PASS: ""every omitted value has executed nonempty reconstruction checks"
"PASS: ""complete downstream spin metadata"
"PASS: ""compact spin metadata exact equality"
"S08_COMPACT_INPUTS "InputForm[<|"TaskBytesBefore" -> 68176, "SpinBytesBefore" -> 8468480, "MemoryBefore" -> 296277248, "TaskBytesAfter" -> 65040, "SpinBytesAfter" -> 3728, "MemoryAfter" -> 289306736, "RetainedValuePositions" -> {}|>]
"PASS: ""scalar-map workers share compute node"
"kernel 1 (localhost):"
"Style[\"Loading FeynCalc from /home/physics/.WolframEngine/Applications/FeynCalc/\", \"Text\"]\n"
"kernel 2 (localhost):"
"Style[\"Loading FeynCalc from /home/physics/.WolframEngine/Applications/FeynCalc/\", \"Text\"]\n"
"kernel 2 (localhost):"
"$PrePrint is set to FeynCalcForm. Use FI and FC to change the display format.\n"
"kernel 2 (localhost):"
"Style[\"FeynCalc \", \"Text\", Bold]Style[\"10.2.1 (stable version). For help, use the \", \"Text\"]Style[DisplayForm[ButtonBox[\"online documentation,\", ButtonData :> {URL[\"https://feyncalc.github.io/referenceDev\"], None}, BaseStyle -> \"Hyperlink\", ButtonNote -> \"https://feyncalc.github.io/referenceDev\"]], \"Text\"]Style[\" visit the \", \"Text\"]Style[DisplayForm[ButtonBox[\"forum\", ButtonData :> {URL[\"https://github.com/FeynCalc/feyncalc/discussions\"], None}, BaseStyle -> \"Hyperlink\", ButtonNote -> \"https://github.com/FeynCalc/feyncalc/discussions/\"]], \"Text\"]Style[\" and have a look at the supplied \", \"Text\"]Style[DisplayForm[ButtonBox[\"examples.\", BaseStyle -> \"Hyperlink\", ButtonFunction :> SystemOpen[FileNameJoin[{$FeynCalcDirectory, \"Examples\"}]], Evaluator -> Automatic, Method -> \"Preemptive\"]], \"Text\"]Style[\" The PDF-version of the manual can be downloaded \", \"Text\"]Style[DisplayForm[ButtonBox[\"here.\", ButtonData :> {URL[\"https://github.com/FeynCalc/feyncalc-manual/releases/download/dev-manual/FeynCalcManual.pdf\"], None}, BaseStyle -> \"Hyperlink\", ButtonNote -> \"https://github.com/FeynCalc/feyncalc-manual/releases/download/dev-manual/FeynCalcManual.pdf\"]], \"Text\"]\n"
"kernel 2 (localhost):"
"Style[\"If you use FeynCalc in your research, please evaluate FeynCalcHowToCite[] to learn how to cite this software.\", \"Text\"]\n"
"kernel 1 (localhost):"
"$PrePrint is set to FeynCalcForm. Use FI and FC to change the display format.\n"
"kernel 2 (localhost):"
"Style[\"Please keep in mind that the proper academic attribution of our work is crucial to ensure the future development of this package!\", {\"Text\", Italic}]\n"
"kernel 1 (localhost):"
"Style[\"FeynCalc \", \"Text\", Bold]Style[\"10.2.1 (stable version). For help, use the \", \"Text\"]Style[DisplayForm[ButtonBox[\"online documentation,\", ButtonData :> {URL[\"https://feyncalc.github.io/referenceDev\"], None}, BaseStyle -> \"Hyperlink\", ButtonNote -> \"https://feyncalc.github.io/referenceDev\"]], \"Text\"]Style[\" visit the \", \"Text\"]Style[DisplayForm[ButtonBox[\"forum\", ButtonData :> {URL[\"https://github.com/FeynCalc/feyncalc/discussions\"], None}, BaseStyle -> \"Hyperlink\", ButtonNote -> \"https://github.com/FeynCalc/feyncalc/discussions/\"]], \"Text\"]Style[\" and have a look at the supplied \", \"Text\"]Style[DisplayForm[ButtonBox[\"examples.\", BaseStyle -> \"Hyperlink\", ButtonFunction :> SystemOpen[FileNameJoin[{$FeynCalcDirectory, \"Examples\"}]], Evaluator -> Automatic, Method -> \"Preemptive\"]], \"Text\"]Style[\" The PDF-version of the manual can be downloaded \", \"Text\"]Style[DisplayForm[ButtonBox[\"here.\", ButtonData :> {URL[\"https://github.com/FeynCalc/feyncalc-manual/releases/download/dev-manual/FeynCalcManual.pdf\"], None}, BaseStyle -> \"Hyperlink\", ButtonNote -> \"https://github.com/FeynCalc/feyncalc-manual/releases/download/dev-manual/FeynCalcManual.pdf\"]], \"Text\"]\n"
"kernel 1 (localhost):"
"Style[\"If you use FeynCalc in your research, please evaluate FeynCalcHowToCite[] to learn how to cite this software.\", \"Text\"]\n"
"kernel 1 (localhost):"
"Style[\"Please keep in mind that the proper academic attribution of our work is crucial to ensure the future development of this package!\", {\"Text\", Italic}]\n"
"PASS: ""scalar-map worker native versions agree"
"S08_WORKER_DISTRIBUTION_SECONDS "29.550133`7.922104433401438
"kernel 1 (localhost):"
"\"PASS: \"\"exact polynomial transfer supports rational coefficients\"\n"
"kernel 1 (localhost):"
"\"PASS: \"\"unassigned exact polynomial variables\"\n"
"kernel 1 (localhost):"
"\"PASS: \"\"native JSON header shape\"\n"
"kernel 1 (localhost):"
"\"PASS: \"\"complete polynomial variable support\"\n"
"kernel 1 (localhost):"
"\"PASS: \"\"exported polynomial denominator reconstructs\"\n"
"kernel 1 (localhost):"
"\"PASS: \"\"native polynomial text reconstructs\"\n"
"kernel 1 (localhost):"
"\"PASS: \"\"native JSON term reconstructs\"\n"
"kernel 1 (localhost):"
"\"PASS: \"\"bounded polynomial transfer file\"\n"
"kernel 1 (localhost):"
"\"PASS: \"\"unchanged validated exact backend\"\n"
"kernel 1 (localhost):"
"\"EXACT_POLYNOMIAL_BACKEND_START \"InputForm[\"fresh production worker control\"]\" terms \"2\" bytes \"1990\n"
"kernel 1 (localhost):"
"\"EXACT_POLYNOMIAL_SUM production_sum 2 2 0.001\\nPASS: exact polynomial comparison backend\\n\"\n"
"kernel 1 (localhost):"
"\"\"\n"
"kernel 1 (localhost):"
"\"PASS: \"\"exact production backend completed\"\n"
"kernel 1 (localhost):"
"\"PASS: \"\"exact production backend input and source\"\n"
"kernel 1 (localhost):"
"\"PASS: \"\"complete production termwise reconstruction\"\n"
"kernel 1 (localhost):"
"\"PASS: \"\"exact scalar coefficient import\"\n"
"kernel 1 (localhost):"
"\"EXACT_POLYNOMIAL_ACCEPTED \"InputForm[\"fresh production worker control\"]\" seconds \"0.403108`6.056966410655175\" bytes \"71432\n"
"kernel 1 (localhost):"
"\"PASS: \"\"fresh worker reproduces accepted original coefficient\"\n"
"PASS: ""production worker coefficient control accepted"
"kernel 1 (localhost):"
"\"REAL_MAP \"\"Hgg\"\" \"1\"/\"98\" \"<|\"Sector\" -> \"Real\", \"Kind\" -> \"ExtendedResponse\", \"Index\" -> {1, 1, 1}|>\" kernel \"1\n"
"kernel 2 (localhost):"
"\"REAL_MAP \"\"Hgg\"\" \"2\"/\"98\" \"<|\"Sector\" -> \"Real\", \"Kind\" -> \"ExtendedResponse\", \"Index\" -> {1, 1, 2}|>\" kernel \"2\n"
"kernel 1 (localhost):"
"\"PASS: \"\"exact saved raw file\"\n"
"kernel 2 (localhost):"
"\"PASS: \"\"exact saved raw file\"\n"
"kernel 1 (localhost):"
"\"PASS: \"\"raw reader returns complete original record\"\n"
"kernel 1 (localhost):"
"\"PASS: \"\"raw component retains executed reconstruction\"\n"
"kernel 2 (localhost):"
"\"PASS: \"\"raw reader returns complete original record\"\n"
"kernel 1 (localhost):"
"\"PASS: \"\"known rules end in saved masters\"\n"
"kernel 2 (localhost):"
"\"PASS: \"\"raw component retains executed reconstruction\"\n"
"kernel 1 (localhost):"
"\"PASS: \"\"exact individual reduction-rule reconstruction\"\n"
"kernel 2 (localhost):"
"\"PASS: \"\"known rules end in saved masters\"\n"
"kernel 2 (localhost):"
"\"PASS: \"\"exact individual reduction-rule reconstruction\"\n"
"kernel 1 (localhost):"
"\"REAL_MASTER_COEFFICIENT \"\"Hgg\"\" \"1\" \"InputForm[CutIntegral[\"R01\", {1, 1, 0, 0}]]\n"
"kernel 2 (localhost):"
"\"REAL_MASTER_COEFFICIENT \"\"Hgg\"\" \"2\" \"InputForm[CutIntegral[\"R01\", {1, 1, 0, 0}]]\n"
"kernel 1 (localhost):"
"\"PASS: \"\"exact polynomial transfer supports rational coefficients\"\n"
"kernel 1 (localhost):"
"\"PASS: \"\"unassigned exact polynomial variables\"\n"
"kernel 1 (localhost):"
"\"PASS: \"\"native JSON header shape\"\n"
"kernel 2 (localhost):"
"\"PASS: \"\"exact polynomial transfer supports rational coefficients\"\n"
"kernel 1 (localhost):"
"\"PASS: \"\"complete polynomial variable support\"\n"
"kernel 2 (localhost):"
"\"PASS: \"\"unassigned exact polynomial variables\"\n"
"kernel 1 (localhost):"
"\"PASS: \"\"exported polynomial denominator reconstructs\"\n"
"kernel 2 (localhost):"
"\"PASS: \"\"native JSON header shape\"\n"
"kernel 1 (localhost):"
"\"PASS: \"\"native polynomial text reconstructs\"\n"
"kernel 1 (localhost):"
"\"PASS: \"\"native JSON term reconstructs\"\n"
"kernel 2 (localhost):"
"\"PASS: \"\"complete polynomial variable support\"\n"
"kernel 2 (localhost):"
"\"PASS: \"\"exported polynomial denominator reconstructs\"\n"
"kernel 2 (localhost):"
"\"PASS: \"\"native polynomial text reconstructs\"\n"
"kernel 2 (localhost):"
"\"PASS: \"\"native JSON term reconstructs\"\n"
"kernel 2 (localhost):"
"\"EXACT_POLYNOMIAL_TRANSFER \"\"production_sum\"\" \"64\"/\"406\n"
"kernel 1 (localhost):"
"\"EXACT_POLYNOMIAL_TRANSFER \"\"production_sum\"\" \"64\"/\"406\n"
"kernel 2 (localhost):"
"\"EXACT_POLYNOMIAL_TRANSFER \"\"production_sum\"\" \"128\"/\"406\n"
"kernel 1 (localhost):"
"\"EXACT_POLYNOMIAL_TRANSFER \"\"production_sum\"\" \"128\"/\"406\n"
"kernel 2 (localhost):"
"\"EXACT_POLYNOMIAL_TRANSFER \"\"production_sum\"\" \"192\"/\"406\n"
"kernel 1 (localhost):"
"\"EXACT_POLYNOMIAL_TRANSFER \"\"production_sum\"\" \"192\"/\"406\n"
"kernel 2 (localhost):"
"\"EXACT_POLYNOMIAL_TRANSFER \"\"production_sum\"\" \"256\"/\"406\n"
"kernel 1 (localhost):"
"\"EXACT_POLYNOMIAL_TRANSFER \"\"production_sum\"\" \"256\"/\"406\n"
"kernel 2 (localhost):"
"\"EXACT_POLYNOMIAL_TRANSFER \"\"production_sum\"\" \"320\"/\"406\n"
"kernel 1 (localhost):"
"\"EXACT_POLYNOMIAL_TRANSFER \"\"production_sum\"\" \"320\"/\"406\n"
"kernel 2 (localhost):"
"\"EXACT_POLYNOMIAL_TRANSFER \"\"production_sum\"\" \"384\"/\"406\n"
"kernel 1 (localhost):"
"\"EXACT_POLYNOMIAL_TRANSFER \"\"production_sum\"\" \"384\"/\"406\n"
"kernel 2 (localhost):"
"\"PASS: \"\"bounded polynomial transfer file\"\n"
"kernel 2 (localhost):"
"\"PASS: \"\"unchanged validated exact backend\"\n"
"kernel 2 (localhost):"
"\"EXACT_POLYNOMIAL_BACKEND_START \"InputForm[{2, CutIntegral[\"R01\", {1, 1, 0, 0}]}]\" terms \"406\" bytes \"30927526\n"
"kernel 1 (localhost):"
"\"PASS: \"\"bounded polynomial transfer file\"\n"
"kernel 1 (localhost):"
"\"PASS: \"\"unchanged validated exact backend\"\n"
"kernel 1 (localhost):"
"\"EXACT_POLYNOMIAL_BACKEND_START \"InputForm[{1, CutIntegral[\"R01\", {1, 1, 0, 0}]}]\" terms \"406\" bytes \"31766218\n"
"kernel 2 (localhost):"
"\"EXACT_POLYNOMIAL_SUM production_sum 16 406 21.164\\nEXACT_POLYNOMIAL_SUM production_sum 32 406 26.259\\nEXACT_POLYNOMIAL_SUM production_sum 48 406 32.149\\nEXACT_POLYNOMIAL_SUM production_sum 64 406 36.05\\nEXACT_POLYNOMIAL_SUM production_sum 80 406 41.454\\nEXACT_POLYNOMIAL_SUM production_sum 96 406 45.609\\nEXACT_POLYNOMIAL_SUM production_sum 112 406 51.152\\nEXACT_POLYNOMIAL_SUM production_sum 128 406 57.078\\nEXACT_POLYNOMIAL_SUM production_sum 144 406 63.3\\nEXACT_POLYNOMIAL_SUM production_sum 160 406 68.924\\nEXACT_POLYNOMIAL_SUM production_sum 176 406 74.945\\nEXACT_POLYNOMIAL_SUM production_sum 192 406 81.037\\nEXACT_POLYNOMIAL_SUM production_sum 208 406 86.893\\nEXACT_POLYNOMIAL_SUM production_sum 224 406 93.121\\nEXACT_POLYNOMIAL_SUM production_sum 240 406 96.936\\nEXACT_POLYNOMIAL_SUM production_sum 256 406 102.079\\nEXACT_POLYNOMIAL_SUM production_sum 272 406 105.131\\nEXACT_POLYNOMIAL_SUM production_sum 288 406 109.421\\nEXACT_POLYNOMIAL_SUM production_sum 304 406 115.254\\nEXACT_POLYNOMIAL_SUM production_sum 320 406 118.665\\nEXACT_POLYNOMIAL_SUM production_sum 336 406 124.673\\nEXACT_POLYNOMIAL_SUM production_sum 352 406 128.152\\nEXACT_POLYNOMIAL_SUM production_sum 368 406 132.233\\nEXACT_POLYNOMIAL_SUM production_sum 384 406 136.741\\nEXACT_POLYNOMIAL_SUM production_sum 400 406 139.773\\nEXACT_POLYNOMIAL_SUM production_sum 406 406 141.006\\nPASS: exact polynomial comparison backend\\n\"\n"
"kernel 2 (localhost):"
"\"\"\n"
"kernel 2 (localhost):"
"\"PASS: \"\"exact production backend completed\"\n"
"kernel 2 (localhost):"
"\"PASS: \"\"exact production backend input and source\"\n"
"kernel 2 (localhost):"
"\"PASS: \"\"complete production termwise reconstruction\"\n"
"kernel 2 (localhost):"
"\"PASS: \"\"exact scalar coefficient import\"\n"
"kernel 2 (localhost):"
"\"EXACT_POLYNOMIAL_ACCEPTED \"InputForm[{2, CutIntegral[\"R01\", {1, 1, 0, 0}]}]\" seconds \"190.527105`8.731501762035501\" bytes \"4325928\n"
"kernel 2 (localhost):"
"\"PASS: \"\"compressed scalar map below file bound\"\n"
"kernel 2 (localhost):"
"\"PASS: \"\"compressed scalar map exact round trip\"\n"
"kernel 2 (localhost):"
"\"PASS: \"\"master coefficient retains exact reconstruction\"\n"
"kernel 2 (localhost):"
"\"REAL_MASTER_COEFFICIENT \"\"Hgg\"\" \"2\" \"InputForm[CutIntegral[\"R01\", {1, 1, 1, 1}]]\n"
"kernel 2 (localhost):"
"\"EXACT_POLYNOMIAL_BACKEND_START \"InputForm[{2, CutIntegral[\"R01\", {1, 1, 1, 1}]}]\" terms \"2\" bytes \"6285\n"
"kernel 2 (localhost):"
"\"EXACT_POLYNOMIAL_SUM production_sum 2 2 0.002\\nPASS: exact polynomial comparison backend\\n\"\n"
"kernel 2 (localhost):"
"\"\"\n"
"kernel 2 (localhost):"
"\"EXACT_POLYNOMIAL_ACCEPTED \"InputForm[{2, CutIntegral[\"R01\", {1, 1, 1, 1}]}]\" seconds \"0.148619`5.623619328275015\" bytes \"76160\n"
"kernel 2 (localhost):"
"\"REAL_MASTER_COEFFICIENT \"\"Hgg\"\" \"2\" \"InputForm[CutIntegral[\"R02\", {1, 1, 1, 1}]]\n"
"kernel 2 (localhost):"
"\"EXACT_POLYNOMIAL_BACKEND_START \"InputForm[{2, CutIntegral[\"R02\", {1, 1, 1, 1}]}]\" terms \"6\" bytes \"50495\n"
"kernel 2 (localhost):"
"\"EXACT_POLYNOMIAL_SUM production_sum 6 6 0.01\\nPASS: exact polynomial comparison backend\\n\"\n"
"kernel 2 (localhost):"
"\"\"\n"
"kernel 2 (localhost):"
"\"EXACT_POLYNOMIAL_ACCEPTED \"InputForm[{2, CutIntegral[\"R02\", {1, 1, 1, 1}]}]\" seconds \"0.23901`5.829961065381205\" bytes \"569776\n"
"kernel 2 (localhost):"
"\"REAL_MASTER_COEFFICIENT \"\"Hgg\"\" \"2\" \"InputForm[CutIntegral[\"R03\", {1, 1, 0, 1}]]\n"
"kernel 1 (localhost):"
"\"EXACT_POLYNOMIAL_SUM production_sum 16 406 21.399\\nEXACT_POLYNOMIAL_SUM production_sum 32 406 26.521\\nEXACT_POLYNOMIAL_SUM production_sum 48 406 32.483\\nEXACT_POLYNOMIAL_SUM production_sum 64 406 37.844\\nEXACT_POLYNOMIAL_SUM production_sum 80 406 43.51\\nEXACT_POLYNOMIAL_SUM production_sum 96 406 49.592\\nEXACT_POLYNOMIAL_SUM production_sum 112 406 56.035\\nEXACT_POLYNOMIAL_SUM production_sum 128 406 61.759\\nEXACT_POLYNOMIAL_SUM production_sum 144 406 67.765\\nEXACT_POLYNOMIAL_SUM production_sum 160 406 73.743\\nEXACT_POLYNOMIAL_SUM production_sum 176 406 79.887\\nEXACT_POLYNOMIAL_SUM production_sum 192 406 85.715\\nEXACT_POLYNOMIAL_SUM production_sum 208 406 91.909\\nEXACT_POLYNOMIAL_SUM production_sum 224 406 96.524\\nEXACT_POLYNOMIAL_SUM production_sum 240 406 102.224\\nEXACT_POLYNOMIAL_SUM production_sum 256 406 107.587\\nEXACT_POLYNOMIAL_SUM production_sum 272 406 110.857\\nEXACT_POLYNOMIAL_SUM production_sum 288 406 116.027\\nEXACT_POLYNOMIAL_SUM production_sum 304 406 120.436\\nEXACT_POLYNOMIAL_SUM production_sum 320 406 125.083\\nEXACT_POLYNOMIAL_SUM production_sum 336 406 129.317\\nEXACT_POLYNOMIAL_SUM production_sum 352 406 133.077\\nEXACT_POLYNOMIAL_SUM production_sum 368 406 136.313\\nEXACT_POLYNOMIAL_SUM production_sum 384 406 140.887\\nEXACT_POLYNOMIAL_SUM production_sum 400 406 143.994\\nEXACT_POLYNOMIAL_SUM production_sum 406 406 145.356\\nPASS: exact polynomial comparison backend\\n\"\n"
"kernel 1 (localhost):"
"\"\"\n"
"kernel 1 (localhost):"
"\"PASS: \"\"exact production backend completed\"\n"
"kernel 1 (localhost):"
"\"PASS: \"\"exact production backend input and source\"\n"
"kernel 1 (localhost):"
"\"PASS: \"\"complete production termwise reconstruction\"\n"
"kernel 1 (localhost):"
"\"PASS: \"\"exact scalar coefficient import\"\n"
"kernel 1 (localhost):"
"\"EXACT_POLYNOMIAL_ACCEPTED \"InputForm[{1, CutIntegral[\"R01\", {1, 1, 0, 0}]}]\" seconds \"196.197306`8.744238033250571\" bytes \"6623096\n"
"kernel 1 (localhost):"
"\"PASS: \"\"compressed scalar map below file bound\"\n"
"kernel 1 (localhost):"
"\"PASS: \"\"compressed scalar map exact round trip\"\n"
"kernel 1 (localhost):"
"\"PASS: \"\"master coefficient retains exact reconstruction\"\n"
"kernel 1 (localhost):"
"\"REAL_MASTER_COEFFICIENT \"\"Hgg\"\" \"1\" \"InputForm[CutIntegral[\"R01\", {1, 1, 1, 1}]]\n"
"kernel 1 (localhost):"
"\"EXACT_POLYNOMIAL_BACKEND_START \"InputForm[{1, CutIntegral[\"R01\", {1, 1, 1, 1}]}]\" terms \"2\" bytes \"6149\n"
"kernel 1 (localhost):"
"\"EXACT_POLYNOMIAL_SUM production_sum 2 2 0.001\\nPASS: exact polynomial comparison backend\\n\"\n"
"kernel 1 (localhost):"
"\"\"\n"
"kernel 1 (localhost):"
"\"EXACT_POLYNOMIAL_ACCEPTED \"InputForm[{1, CutIntegral[\"R01\", {1, 1, 1, 1}]}]\" seconds \"0.141747`5.603058869546046\" bytes \"74712\n"
"kernel 1 (localhost):"
"\"REAL_MASTER_COEFFICIENT \"\"Hgg\"\" \"1\" \"InputForm[CutIntegral[\"R02\", {1, 1, 1, 1}]]\n"
"kernel 1 (localhost):"
"\"EXACT_POLYNOMIAL_BACKEND_START \"InputForm[{1, CutIntegral[\"R02\", {1, 1, 1, 1}]}]\" terms \"6\" bytes \"51289\n"
"kernel 1 (localhost):"
"\"EXACT_POLYNOMIAL_SUM production_sum 6 6 0.01\\nPASS: exact polynomial comparison backend\\n\"\n"
"kernel 1 (localhost):"
"\"\"\n"
"kernel 1 (localhost):"
"\"EXACT_POLYNOMIAL_ACCEPTED \"InputForm[{1, CutIntegral[\"R02\", {1, 1, 1, 1}]}]\" seconds \"0.352472`5.998669616302883\" bytes \"568216\n"
"kernel 1 (localhost):"
"\"REAL_MASTER_COEFFICIENT \"\"Hgg\"\" \"1\" \"InputForm[CutIntegral[\"R03\", {1, 1, 0, 1}]]\n"
"kernel 2 (localhost):"
"\"EXACT_POLYNOMIAL_TRANSFER \"\"production_sum\"\" \"64\"/\"86\n"
"kernel 2 (localhost):"
"\"EXACT_POLYNOMIAL_BACKEND_START \"InputForm[{2, CutIntegral[\"R03\", {1, 1, 0, 1}]}]\" terms \"86\" bytes \"5522951\n"
"kernel 1 (localhost):"
"\"EXACT_POLYNOMIAL_TRANSFER \"\"production_sum\"\" \"64\"/\"86\n"
"kernel 2 (localhost):"
"\"EXACT_POLYNOMIAL_SUM production_sum 16 86 3.672\\nEXACT_POLYNOMIAL_SUM production_sum 32 86 4.061\\nEXACT_POLYNOMIAL_SUM production_sum 48 86 4.432\\nEXACT_POLYNOMIAL_SUM production_sum 64 86 4.841\\nEXACT_POLYNOMIAL_SUM production_sum 80 86 5.158\\nEXACT_POLYNOMIAL_SUM production_sum 86 86 5.222\\nPASS: exact polynomial comparison backend\\n\"\n"
"kernel 2 (localhost):"
"\"\"\n"
"kernel 2 (localhost):"
"\"EXACT_POLYNOMIAL_ACCEPTED \"InputForm[{2, CutIntegral[\"R03\", {1, 1, 0, 1}]}]\" seconds \"15.206567`7.633576173279511\" bytes \"4067088\n"
"kernel 1 (localhost):"
"\"EXACT_POLYNOMIAL_BACKEND_START \"InputForm[{1, CutIntegral[\"R03\", {1, 1, 0, 1}]}]\" terms \"86\" bytes \"5701302\n"
"kernel 2 (localhost):"
"\"REAL_MASTER_COEFFICIENT \"\"Hgg\"\" \"2\" \"InputForm[CutIntegral[\"R03\", {1, 1, 1, 1}]]\n"
"kernel 2 (localhost):"
"\"EXACT_POLYNOMIAL_BACKEND_START \"InputForm[{2, CutIntegral[\"R03\", {1, 1, 1, 1}]}]\" terms \"2\" bytes \"4021\n"
"kernel 2 (localhost):"
"\"EXACT_POLYNOMIAL_SUM production_sum 2 2 0.005\\nPASS: exact polynomial comparison backend\\n\"\n"
"kernel 2 (localhost):"
"\"\"\n"
"kernel 2 (localhost):"
"\"EXACT_POLYNOMIAL_ACCEPTED \"InputForm[{2, CutIntegral[\"R03\", {1, 1, 1, 1}]}]\" seconds \"0.159264`5.653662612559902\" bytes \"271432\n"
"kernel 2 (localhost):"
"\"REAL_MASTER_COEFFICIENT \"\"Hgg\"\" \"2\" \"InputForm[CutIntegral[\"R04\", {1, 1, 1, 1}]]\n"
"kernel 2 (localhost):"
"\"EXACT_POLYNOMIAL_BACKEND_START \"InputForm[{2, CutIntegral[\"R04\", {1, 1, 1, 1}]}]\" terms \"8\" bytes \"51919\n"
"kernel 2 (localhost):"
"\"EXACT_POLYNOMIAL_SUM production_sum 8 8 0.018\\nPASS: exact polynomial comparison backend\\n\"\n"
"kernel 2 (localhost):"
"\"\"\n"
"kernel 2 (localhost):"
"\"EXACT_POLYNOMIAL_ACCEPTED \"InputForm[{2, CutIntegral[\"R04\", {1, 1, 1, 1}]}]\" seconds \"0.304606`5.935283447129051\" bytes \"629536\n"
"kernel 2 (localhost):"
"\"REAL_MASTER_COEFFICIENT \"\"Hgg\"\" \"2\" \"InputForm[CutIntegral[\"R09\", {1, 1, 1, 1}]]\n"
"kernel 2 (localhost):"
"\"EXACT_POLYNOMIAL_BACKEND_START \"InputForm[{2, CutIntegral[\"R09\", {1, 1, 1, 1}]}]\" terms \"2\" bytes \"27173\n"
"kernel 2 (localhost):"
"\"EXACT_POLYNOMIAL_SUM production_sum 2 2 0.012\\nPASS: exact polynomial comparison backend\\n\"\n"
"kernel 2 (localhost):"
"\"\"\n"
"kernel 2 (localhost):"
"\"EXACT_POLYNOMIAL_ACCEPTED \"InputForm[{2, CutIntegral[\"R09\", {1, 1, 1, 1}]}]\" seconds \"0.23432`5.8213543521695135\" bytes \"720776\n"
"kernel 2 (localhost):"
"\"REAL_MASTER_COEFFICIENT \"\"Hgg\"\" \"2\" \"InputForm[CutIntegral[\"R10\", {1, 1, 1, 1}]]\n"
"kernel 2 (localhost):"
"\"EXACT_POLYNOMIAL_BACKEND_START \"InputForm[{2, CutIntegral[\"R10\", {1, 1, 1, 1}]}]\" terms \"6\" bytes \"28249\n"
"kernel 2 (localhost):"
"\"EXACT_POLYNOMIAL_SUM production_sum 6 6 0.006\\nPASS: exact polynomial comparison backend\\n\"\n"
"kernel 2 (localhost):"
"\"\"\n"
"kernel 2 (localhost):"
"\"EXACT_POLYNOMIAL_ACCEPTED \"InputForm[{2, CutIntegral[\"R10\", {1, 1, 1, 1}]}]\" seconds \"0.206557`5.766584910842276\" bytes \"315680\n"
"kernel 2 (localhost):"
"\"PASS: \"\"complete linear reduced coefficient reconstruction\"\n"
"kernel 2 (localhost):"
"\"PASS: \"\"reduced coefficients are scalar rational expressions\"\n"
"kernel 1 (localhost):"
"\"EXACT_POLYNOMIAL_SUM production_sum 16 86 3.663\\nEXACT_POLYNOMIAL_SUM production_sum 32 86 4.034\\nEXACT_POLYNOMIAL_SUM production_sum 48 86 4.512\\nEXACT_POLYNOMIAL_SUM production_sum 64 86 4.953\\nEXACT_POLYNOMIAL_SUM production_sum 80 86 5.128\\nEXACT_POLYNOMIAL_SUM production_sum 86 86 5.217\\nPASS: exact polynomial comparison backend\\n\"\n"
"kernel 1 (localhost):"
"\"\"\n"
"kernel 1 (localhost):"
"\"EXACT_POLYNOMIAL_ACCEPTED \"InputForm[{1, CutIntegral[\"R03\", {1, 1, 0, 1}]}]\" seconds \"15.413431`7.639444316089306\" bytes \"6032632\n"
"kernel 1 (localhost):"
"\"REAL_MASTER_COEFFICIENT \"\"Hgg\"\" \"1\" \"InputForm[CutIntegral[\"R03\", {1, 1, 1, 1}]]\n"
"kernel 1 (localhost):"
"\"EXACT_POLYNOMIAL_BACKEND_START \"InputForm[{1, CutIntegral[\"R03\", {1, 1, 1, 1}]}]\" terms \"2\" bytes \"5525\n"
"kernel 1 (localhost):"
"\"EXACT_POLYNOMIAL_SUM production_sum 2 2 0.006\\nPASS: exact polynomial comparison backend\\n\"\n"
"kernel 1 (localhost):"
"\"\"\n"
"kernel 1 (localhost):"
"\"EXACT_POLYNOMIAL_ACCEPTED \"InputForm[{1, CutIntegral[\"R03\", {1, 1, 1, 1}]}]\" seconds \"0.167852`5.676471513841929\" bytes \"275368\n"
"kernel 1 (localhost):"
"\"REAL_MASTER_COEFFICIENT \"\"Hgg\"\" \"1\" \"InputForm[CutIntegral[\"R04\", {1, 1, 1, 1}]]\n"
"kernel 1 (localhost):"
"\"EXACT_POLYNOMIAL_BACKEND_START \"InputForm[{1, CutIntegral[\"R04\", {1, 1, 1, 1}]}]\" terms \"8\" bytes \"57229\n"
"kernel 1 (localhost):"
"\"EXACT_POLYNOMIAL_SUM production_sum 8 8 0.019\\nPASS: exact polynomial comparison backend\\n\"\n"
"kernel 1 (localhost):"
"\"\"\n"
"kernel 1 (localhost):"
"\"EXACT_POLYNOMIAL_ACCEPTED \"InputForm[{1, CutIntegral[\"R04\", {1, 1, 1, 1}]}]\" seconds \"0.328223`5.967714004165203\" bytes \"716520\n"
"kernel 1 (localhost):"
"\"REAL_MASTER_COEFFICIENT \"\"Hgg\"\" \"1\" \"InputForm[CutIntegral[\"R09\", {1, 1, 1, 1}]]\n"
"kernel 1 (localhost):"
"\"EXACT_POLYNOMIAL_BACKEND_START \"InputForm[{1, CutIntegral[\"R09\", {1, 1, 1, 1}]}]\" terms \"2\" bytes \"27263\n"
"kernel 1 (localhost):"
"\"EXACT_POLYNOMIAL_SUM production_sum 2 2 0.013\\nPASS: exact polynomial comparison backend\\n\"\n"
"kernel 1 (localhost):"
"\"\"\n"
"kernel 1 (localhost):"
"\"EXACT_POLYNOMIAL_ACCEPTED \"InputForm[{1, CutIntegral[\"R09\", {1, 1, 1, 1}]}]\" seconds \"0.228363`5.810170733185705\" bytes \"721912\n"
"kernel 1 (localhost):"
"\"REAL_MASTER_COEFFICIENT \"\"Hgg\"\" \"1\" \"InputForm[CutIntegral[\"R10\", {1, 1, 1, 1}]]\n"
"kernel 1 (localhost):"
"\"EXACT_POLYNOMIAL_BACKEND_START \"InputForm[{1, CutIntegral[\"R10\", {1, 1, 1, 1}]}]\" terms \"6\" bytes \"28987\n"
"kernel 1 (localhost):"
"\"EXACT_POLYNOMIAL_SUM production_sum 6 6 0.009\\nPASS: exact polynomial comparison backend\\n\"\n"
"kernel 1 (localhost):"
"\"\"\n"
"kernel 1 (localhost):"
"\"EXACT_POLYNOMIAL_ACCEPTED \"InputForm[{1, CutIntegral[\"R10\", {1, 1, 1, 1}]}]\" seconds \"0.225474`5.804641462958113\" bytes \"323096\n"
"kernel 1 (localhost):"
"\"PASS: \"\"complete linear reduced coefficient reconstruction\"\n"
"kernel 1 (localhost):"
"\"PASS: \"\"reduced coefficients are scalar rational expressions\"\n"
"kernel 2 (localhost):"
"\"REAL_MAP_ACCEPTED \"\"Hgg\"\" \"2\n"
"kernel 2 (localhost):"
"\"PASS: \"\"complete reduced output accepted before storage projection\"\n"
"From kernel 2 (localhost):"
"AssociateTo::invak: The argument checks is not a valid Association."
"kernel 2 (localhost):"
"\"PASS: \"\"exact downstream coefficient interface\"\n"
"From kernel 2 (localhost):"
"AssociateTo::invak: The argument checks is not a valid Association."
"kernel 2 (localhost):"
"\"REAL_MAP \"\"Hgg\"\" \"3\"/\"98\" \"<|\"Sector\" -> \"Real\", \"Kind\" -> \"ExtendedResponse\", \"Index\" -> {1, 1, 5}|>\" kernel \"2\n"
"kernel 2 (localhost):"
"\"PASS: \"\"exact saved raw file\"\n"
"kernel 2 (localhost):"
"\"PASS: \"\"raw reader returns complete original record\"\n"
"kernel 2 (localhost):"
"\"PASS: \"\"raw component retains executed reconstruction\"\n"
"kernel 2 (localhost):"
"\"PASS: \"\"known rules end in saved masters\"\n"
"kernel 2 (localhost):"
"\"PASS: \"\"exact individual reduction-rule reconstruction\"\n"
"kernel 2 (localhost):"
"\"REAL_MASTER_COEFFICIENT \"\"Hgg\"\" \"3\" \"InputForm[CutIntegral[\"R01\", {1, 1, 0, 0}]]\n"
"kernel 2 (localhost):"
"\"PASS: \"\"exact polynomial transfer supports rational coefficients\"\n"
"kernel 2 (localhost):"
"\"PASS: \"\"unassigned exact polynomial variables\"\n"
"kernel 2 (localhost):"
"\"PASS: \"\"native JSON header shape\"\n"
"kernel 2 (localhost):"
"\"PASS: \"\"complete polynomial variable support\"\n"
"kernel 2 (localhost):"
"\"PASS: \"\"exported polynomial denominator reconstructs\"\n"
"kernel 2 (localhost):"
"\"PASS: \"\"native polynomial text reconstructs\"\n"
"kernel 2 (localhost):"
"\"PASS: \"\"native JSON term reconstructs\"\n"
"kernel 1 (localhost):"
"\"REAL_MAP_ACCEPTED \"\"Hgg\"\" \"1\n"
"kernel 1 (localhost):"
"\"PASS: \"\"complete reduced output accepted before storage projection\"\n"
"From kernel 1 (localhost):"
"AssociateTo::invak: The argument checks is not a valid Association."
"kernel 1 (localhost):"
"\"PASS: \"\"exact downstream coefficient interface\"\n"
"From kernel 1 (localhost):"
"AssociateTo::invak: The argument checks is not a valid Association."
"kernel 1 (localhost):"
"\"REAL_MAP \"\"Hgg\"\" \"4\"/\"98\" \"<|\"Sector\" -> \"Real\", \"Kind\" -> \"ExtendedResponse\", \"Index\" -> {1, 2, 1}|>\" kernel \"1\n"
"kernel 1 (localhost):"
"\"PASS: \"\"exact saved raw file\"\n"
"kernel 1 (localhost):"
"\"PASS: \"\"raw reader returns complete original record\"\n"
"kernel 1 (localhost):"
"\"PASS: \"\"raw component retains executed reconstruction\"\n"
"kernel 1 (localhost):"
"\"PASS: \"\"known rules end in saved masters\"\n"
"kernel 1 (localhost):"
"\"PASS: \"\"exact individual reduction-rule reconstruction\"\n"
"kernel 1 (localhost):"
"\"REAL_MASTER_COEFFICIENT \"\"Hgg\"\" \"4\" \"InputForm[CutIntegral[\"R01\", {1, 1, 0, 0}]]\n"
"kernel 1 (localhost):"
"\"PASS: \"\"exact polynomial transfer supports rational coefficients\"\n"
"kernel 1 (localhost):"
"\"PASS: \"\"unassigned exact polynomial variables\"\n"
"kernel 1 (localhost):"
"\"PASS: \"\"native JSON header shape\"\n"
"kernel 1 (localhost):"
"\"PASS: \"\"complete polynomial variable support\"\n"
"kernel 1 (localhost):"
"\"PASS: \"\"exported polynomial denominator reconstructs\"\n"
"kernel 1 (localhost):"
"\"PASS: \"\"native polynomial text reconstructs\"\n"
"kernel 1 (localhost):"
"\"PASS: \"\"native JSON term reconstructs\"\n"
"kernel 2 (localhost):"
"\"EXACT_POLYNOMIAL_TRANSFER \"\"production_sum\"\" \"64\"/\"406\n"
"kernel 2 (localhost):"
"\"EXACT_POLYNOMIAL_TRANSFER \"\"production_sum\"\" \"128\"/\"406\n"
"kernel 1 (localhost):"
"\"EXACT_POLYNOMIAL_TRANSFER \"\"production_sum\"\" \"64\"/\"406\n"
"kernel 2 (localhost):"
"\"EXACT_POLYNOMIAL_TRANSFER \"\"production_sum\"\" \"192\"/\"406\n"
"kernel 1 (localhost):"
"\"EXACT_POLYNOMIAL_TRANSFER \"\"production_sum\"\" \"128\"/\"406\n"
"kernel 2 (localhost):"
"\"EXACT_POLYNOMIAL_TRANSFER \"\"production_sum\"\" \"256\"/\"406\n"
"kernel 2 (localhost):"
"\"EXACT_POLYNOMIAL_TRANSFER \"\"production_sum\"\" \"320\"/\"406\n"
"kernel 2 (localhost):"
"\"EXACT_POLYNOMIAL_TRANSFER \"\"production_sum\"\" \"384\"/\"406\n"
"kernel 2 (localhost):"
"\"PASS: \"\"bounded polynomial transfer file\"\n"
"kernel 2 (localhost):"
"\"PASS: \"\"unchanged validated exact backend\"\n"
"kernel 2 (localhost):"
"\"EXACT_POLYNOMIAL_BACKEND_START \"InputForm[{3, CutIntegral[\"R01\", {1, 1, 0, 0}]}]\" terms \"406\" bytes \"22750782\n"
"kernel 1 (localhost):"
"\"EXACT_POLYNOMIAL_TRANSFER \"\"production_sum\"\" \"192\"/\"406\n"
"kernel 1 (localhost):"
"\"EXACT_POLYNOMIAL_TRANSFER \"\"production_sum\"\" \"256\"/\"406\n"
"kernel 1 (localhost):"
"\"EXACT_POLYNOMIAL_TRANSFER \"\"production_sum\"\" \"320\"/\"406\n"
"kernel 1 (localhost):"
"\"EXACT_POLYNOMIAL_TRANSFER \"\"production_sum\"\" \"384\"/\"406\n"
"kernel 1 (localhost):"
"\"PASS: \"\"bounded polynomial transfer file\"\n"
"kernel 1 (localhost):"
"\"PASS: \"\"unchanged validated exact backend\"\n"
"kernel 1 (localhost):"
"\"EXACT_POLYNOMIAL_BACKEND_START \"InputForm[{4, CutIntegral[\"R01\", {1, 1, 0, 0}]}]\" terms \"406\" bytes \"29353617\n"
"kernel 2 (localhost):"
"\"EXACT_POLYNOMIAL_SUM production_sum 16 406 14.547\\nEXACT_POLYNOMIAL_SUM production_sum 32 406 16.578\\nEXACT_POLYNOMIAL_SUM production_sum 48 406 18.698\\nEXACT_POLYNOMIAL_SUM production_sum 64 406 21.173\\nEXACT_POLYNOMIAL_SUM production_sum 80 406 23.624\\nEXACT_POLYNOMIAL_SUM production_sum 96 406 25.889\\nEXACT_POLYNOMIAL_SUM production_sum 112 406 28.012\\nEXACT_POLYNOMIAL_SUM production_sum 128 406 30.393\\nEXACT_POLYNOMIAL_SUM production_sum 144 406 32.696\\nEXACT_POLYNOMIAL_SUM production_sum 160 406 35.143\\nEXACT_POLYNOMIAL_SUM production_sum 176 406 37.477\\nEXACT_POLYNOMIAL_SUM production_sum 192 406 39.864\\nEXACT_POLYNOMIAL_SUM production_sum 208 406 42.226\\nEXACT_POLYNOMIAL_SUM production_sum 224 406 44.245\\nEXACT_POLYNOMIAL_SUM production_sum 240 406 45.965\\nEXACT_POLYNOMIAL_SUM production_sum 256 406 47.993\\nEXACT_POLYNOMIAL_SUM production_sum 272 406 49.279\\nEXACT_POLYNOMIAL_SUM production_sum 288 406 50.631\\nEXACT_POLYNOMIAL_SUM production_sum 304 406 52.144\\nEXACT_POLYNOMIAL_SUM production_sum 320 406 53.096\\nEXACT_POLYNOMIAL_SUM production_sum 336 406 54.242\\nEXACT_POLYNOMIAL_SUM production_sum 352 406 55.603\\nEXACT_POLYNOMIAL_SUM production_sum 368 406 57.568\\nEXACT_POLYNOMIAL_SUM production_sum 384 406 58.811\\nEXACT_POLYNOMIAL_SUM production_sum 400 406 60.075\\nEXACT_POLYNOMIAL_SUM production_sum 406 406 60.633\\nPASS: exact polynomial comparison backend\\n\"\n"
"kernel 2 (localhost):"
"\"\"\n"
"kernel 2 (localhost):"
"\"PASS: \"\"exact production backend completed\"\n"
"kernel 2 (localhost):"
"\"PASS: \"\"exact production backend input and source\"\n"
"kernel 2 (localhost):"
"\"PASS: \"\"complete production termwise reconstruction\"\n"
"kernel 2 (localhost):"
"\"PASS: \"\"exact scalar coefficient import\"\n"
"kernel 2 (localhost):"
"\"EXACT_POLYNOMIAL_ACCEPTED \"InputForm[{3, CutIntegral[\"R01\", {1, 1, 0, 0}]}]\" seconds \"99.516534`8.44944023533139\" bytes \"2795296\n"
"kernel 2 (localhost):"
"\"PASS: \"\"compressed scalar map below file bound\"\n"
"kernel 2 (localhost):"
"\"PASS: \"\"compressed scalar map exact round trip\"\n"
"kernel 2 (localhost):"
"\"PASS: \"\"master coefficient retains exact reconstruction\"\n"
"kernel 2 (localhost):"
"\"REAL_MASTER_COEFFICIENT \"\"Hgg\"\" \"3\" \"InputForm[CutIntegral[\"R01\", {1, 1, 1, 1}]]\n"
"kernel 2 (localhost):"
"\"EXACT_POLYNOMIAL_BACKEND_START \"InputForm[{3, CutIntegral[\"R01\", {1, 1, 1, 1}]}]\" terms \"2\" bytes \"2699\n"
"kernel 2 (localhost):"
"\"EXACT_POLYNOMIAL_SUM production_sum 2 2 0.001\\nPASS: exact polynomial comparison backend\\n\"\n"
"kernel 2 (localhost):"
"\"\"\n"
"kernel 2 (localhost):"
"\"EXACT_POLYNOMIAL_ACCEPTED \"InputForm[{3, CutIntegral[\"R01\", {1, 1, 1, 1}]}]\" seconds \"0.143447`5.608236463491238\" bytes \"50560\n"
"kernel 2 (localhost):"
"\"REAL_MASTER_COEFFICIENT \"\"Hgg\"\" \"3\" \"InputForm[CutIntegral[\"R02\", {1, 1, 1, 1}]]\n"
"kernel 2 (localhost):"
"\"EXACT_POLYNOMIAL_BACKEND_START \"InputForm[{3, CutIntegral[\"R02\", {1, 1, 1, 1}]}]\" terms \"6\" bytes \"32481\n"
"kernel 2 (localhost):"
"\"EXACT_POLYNOMIAL_SUM production_sum 6 6 0.01\\nPASS: exact polynomial comparison backend\\n\"\n"
"kernel 2 (localhost):"
"\"\"\n"
"kernel 2 (localhost):"
"\"EXACT_POLYNOMIAL_ACCEPTED \"InputForm[{3, CutIntegral[\"R02\", {1, 1, 1, 1}]}]\" seconds \"0.232605`5.818164039439008\" bytes \"556560\n"
"kernel 2 (localhost):"
"\"REAL_MASTER_COEFFICIENT \"\"Hgg\"\" \"3\" \"InputForm[CutIntegral[\"R03\", {1, 1, 0, 1}]]\n"
"kernel 2 (localhost):"
"\"EXACT_POLYNOMIAL_TRANSFER \"\"production_sum\"\" \"64\"/\"86\n"
"kernel 2 (localhost):"
"\"EXACT_POLYNOMIAL_BACKEND_START \"InputForm[{3, CutIntegral[\"R03\", {1, 1, 0, 1}]}]\" terms \"86\" bytes \"3871042\n"
"kernel 2 (localhost):"
"\"EXACT_POLYNOMIAL_SUM production_sum 16 86 2.784\\nEXACT_POLYNOMIAL_SUM production_sum 32 86 3.017\\nEXACT_POLYNOMIAL_SUM production_sum 48 86 3.282\\nEXACT_POLYNOMIAL_SUM production_sum 64 86 3.556\\nEXACT_POLYNOMIAL_SUM production_sum 80 86 3.672\\nEXACT_POLYNOMIAL_SUM production_sum 86 86 3.724\\nPASS: exact polynomial comparison backend\\n\"\n"
"kernel 2 (localhost):"
"\"\"\n"
"kernel 2 (localhost):"
"\"EXACT_POLYNOMIAL_ACCEPTED \"InputForm[{3, CutIntegral[\"R03\", {1, 1, 0, 1}]}]\" seconds \"11.428875`7.509548476267625\" bytes \"4720984\n"
"kernel 2 (localhost):"
"\"REAL_MASTER_COEFFICIENT \"\"Hgg\"\" \"3\" \"InputForm[CutIntegral[\"R03\", {1, 1, 1, 1}]]\n"
"kernel 2 (localhost):"
"\"EXACT_POLYNOMIAL_BACKEND_START \"InputForm[{3, CutIntegral[\"R03\", {1, 1, 1, 1}]}]\" terms \"2\" bytes \"4297\n"
"kernel 2 (localhost):"
"\"EXACT_POLYNOMIAL_SUM production_sum 2 2 0.005\\nPASS: exact polynomial comparison backend\\n\"\n"
"kernel 2 (localhost):"
"\"\"\n"
"kernel 2 (localhost):"
"\"EXACT_POLYNOMIAL_ACCEPTED \"InputForm[{3, CutIntegral[\"R03\", {1, 1, 1, 1}]}]\" seconds \"0.164828`5.6685759824868\" bytes \"286120\n"
"kernel 2 (localhost):"
"\"REAL_MASTER_COEFFICIENT \"\"Hgg\"\" \"3\" \"InputForm[CutIntegral[\"R04\", {1, 1, 1, 1}]]\n"
"kernel 2 (localhost):"
"\"EXACT_POLYNOMIAL_BACKEND_START \"InputForm[{3, CutIntegral[\"R04\", {1, 1, 1, 1}]}]\" terms \"8\" bytes \"40451\n"
"kernel 2 (localhost):"
"\"EXACT_POLYNOMIAL_SUM production_sum 8 8 0.02\\nPASS: exact polynomial comparison backend\\n\"\n"
"kernel 2 (localhost):"
"\"\"\n"
"kernel 2 (localhost):"
"\"EXACT_POLYNOMIAL_ACCEPTED \"InputForm[{3, CutIntegral[\"R04\", {1, 1, 1, 1}]}]\" seconds \"0.303977`5.9343857180554895\" bytes \"764416\n"
"kernel 2 (localhost):"
"\"REAL_MASTER_COEFFICIENT \"\"Hgg\"\" \"3\" \"InputForm[CutIntegral[\"R09\", {1, 1, 1, 1}]]\n"
"kernel 2 (localhost):"
"\"EXACT_POLYNOMIAL_BACKEND_START \"InputForm[{3, CutIntegral[\"R09\", {1, 1, 1, 1}]}]\" terms \"2\" bytes \"7803\n"
"kernel 2 (localhost):"
"\"EXACT_POLYNOMIAL_SUM production_sum 2 2 0.009\\nPASS: exact polynomial comparison backend\\n\"\n"
"kernel 2 (localhost):"
"\"\"\n"
"kernel 2 (localhost):"
"\"EXACT_POLYNOMIAL_ACCEPTED \"InputForm[{3, CutIntegral[\"R09\", {1, 1, 1, 1}]}]\" seconds \"0.180813`5.708774645438967\" bytes \"513992\n"
"kernel 2 (localhost):"
"\"REAL_MASTER_COEFFICIENT \"\"Hgg\"\" \"3\" \"InputForm[CutIntegral[\"R10\", {1, 1, 1, 1}]]\n"
"kernel 2 (localhost):"
"\"EXACT_POLYNOMIAL_BACKEND_START \"InputForm[{3, CutIntegral[\"R10\", {1, 1, 1, 1}]}]\" terms \"6\" bytes \"17107\n"
"kernel 2 (localhost):"
"\"EXACT_POLYNOMIAL_SUM production_sum 6 6 0.007\\nPASS: exact polynomial comparison backend\\n\"\n"
"kernel 2 (localhost):"
"\"\"\n"
"kernel 2 (localhost):"
"\"EXACT_POLYNOMIAL_ACCEPTED \"InputForm[{3, CutIntegral[\"R10\", {1, 1, 1, 1}]}]\" seconds \"0.211171`5.776179270024715\" bytes \"302856\n"
"kernel 2 (localhost):"
"\"PASS: \"\"complete linear reduced coefficient reconstruction\"\n"
"kernel 2 (localhost):"
"\"PASS: \"\"reduced coefficients are scalar rational expressions\"\n"
"kernel 2 (localhost):"
"\"REAL_MAP_ACCEPTED \"\"Hgg\"\" \"3\n"
"kernel 2 (localhost):"
"\"PASS: \"\"complete reduced output accepted before storage projection\"\n"
"From kernel 2 (localhost):"
"AssociateTo::invak: The argument checks is not a valid Association."
"kernel 2 (localhost):"
"\"PASS: \"\"exact downstream coefficient interface\"\n"

General::stop: Further output of AssociateTo::invak will be suppressed during this calculation.
"kernel 2 (localhost):"
"\"REAL_MAP \"\"Hgg\"\" \"5\"/\"98\" \"<|\"Sector\" -> \"Real\", \"Kind\" -> \"ExtendedResponse\", \"Index\" -> {1, 2, 2}|>\" kernel \"2\n"
"kernel 2 (localhost):"
"\"PASS: \"\"exact saved raw file\"\n"
"kernel 2 (localhost):"
"\"PASS: \"\"raw reader returns complete original record\"\n"
"kernel 2 (localhost):"
"\"PASS: \"\"raw component retains executed reconstruction\"\n"
"kernel 2 (localhost):"
"\"PASS: \"\"known rules end in saved masters\"\n"
"kernel 2 (localhost):"
"\"PASS: \"\"exact individual reduction-rule reconstruction\"\n"
"kernel 2 (localhost):"
"\"REAL_MASTER_COEFFICIENT \"\"Hgg\"\" \"5\" \"InputForm[CutIntegral[\"R01\", {1, 1, 0, 0}]]\n"
"kernel 2 (localhost):"
"\"PASS: \"\"exact polynomial transfer supports rational coefficients\"\n"
"kernel 2 (localhost):"
"\"PASS: \"\"unassigned exact polynomial variables\"\n"
"kernel 2 (localhost):"
"\"PASS: \"\"native JSON header shape\"\n"
"kernel 2 (localhost):"
"\"PASS: \"\"complete polynomial variable support\"\n"
"kernel 2 (localhost):"
"\"PASS: \"\"exported polynomial denominator reconstructs\"\n"
"kernel 2 (localhost):"
"\"PASS: \"\"native polynomial text reconstructs\"\n"
"kernel 2 (localhost):"
"\"PASS: \"\"native JSON term reconstructs\"\n"
"kernel 2 (localhost):"
"\"EXACT_POLYNOMIAL_TRANSFER \"\"production_sum\"\" \"64\"/\"406\n"
"kernel 2 (localhost):"
"\"EXACT_POLYNOMIAL_TRANSFER \"\"production_sum\"\" \"128\"/\"406\n"
"kernel 2 (localhost):"
"\"EXACT_POLYNOMIAL_TRANSFER \"\"production_sum\"\" \"192\"/\"406\n"
"kernel 2 (localhost):"
"\"EXACT_POLYNOMIAL_TRANSFER \"\"production_sum\"\" \"256\"/\"406\n"
"kernel 2 (localhost):"
"\"EXACT_POLYNOMIAL_TRANSFER \"\"production_sum\"\" \"320\"/\"406\n"
"kernel 2 (localhost):"
"\"EXACT_POLYNOMIAL_TRANSFER \"\"production_sum\"\" \"384\"/\"406\n"
"kernel 2 (localhost):"
"\"PASS: \"\"bounded polynomial transfer file\"\n"
"kernel 2 (localhost):"
"\"PASS: \"\"unchanged validated exact backend\"\n"
"kernel 2 (localhost):"
"\"EXACT_POLYNOMIAL_BACKEND_START \"InputForm[{5, CutIntegral[\"R01\", {1, 1, 0, 0}]}]\" terms \"406\" bytes \"29170605\n"
"kernel 1 (localhost):"
"\"EXACT_POLYNOMIAL_SUM production_sum 16 406 20.541\\nEXACT_POLYNOMIAL_SUM production_sum 32 406 25.437\\nEXACT_POLYNOMIAL_SUM production_sum 48 406 31.086\\nEXACT_POLYNOMIAL_SUM production_sum 64 406 36.07\\nEXACT_POLYNOMIAL_SUM production_sum 80 406 41.297\\nEXACT_POLYNOMIAL_SUM production_sum 96 406 47.074\\nEXACT_POLYNOMIAL_SUM production_sum 112 406 53.366\\nEXACT_POLYNOMIAL_SUM production_sum 128 406 59.043\\nEXACT_POLYNOMIAL_SUM production_sum 144 406 65.005\\nEXACT_POLYNOMIAL_SUM production_sum 160 406 70.359\\nEXACT_POLYNOMIAL_SUM production_sum 176 406 76.264\\nEXACT_POLYNOMIAL_SUM production_sum 192 406 81.778\\nEXACT_POLYNOMIAL_SUM production_sum 208 406 88.168\\nEXACT_POLYNOMIAL_SUM production_sum 224 406 93.37\\nEXACT_POLYNOMIAL_SUM production_sum 240 406 97.531\\nEXACT_POLYNOMIAL_SUM production_sum 256 406 100.684\\nEXACT_POLYNOMIAL_SUM production_sum 272 406 106.315\\nEXACT_POLYNOMIAL_SUM production_sum 288 406 111.61\\nEXACT_POLYNOMIAL_SUM production_sum 304 406 114.335\\nEXACT_POLYNOMIAL_SUM production_sum 320 406 117.699\\nEXACT_POLYNOMIAL_SUM production_sum 336 406 123.599\\nEXACT_POLYNOMIAL_SUM production_sum 352 406 126.182\\nEXACT_POLYNOMIAL_SUM production_sum 368 406 130.599\\nEXACT_POLYNOMIAL_SUM production_sum 384 406 133.764\\nEXACT_POLYNOMIAL_SUM production_sum 400 406 136.242\\nEXACT_POLYNOMIAL_SUM production_sum 406 406 137.777\\nPASS: exact polynomial comparison backend\\n\"\n"
"kernel 1 (localhost):"
"\"\"\n"
"kernel 1 (localhost):"
"\"PASS: \"\"exact production backend completed\"\n"
"kernel 1 (localhost):"
"\"PASS: \"\"exact production backend input and source\"\n"
"kernel 1 (localhost):"
"\"PASS: \"\"complete production termwise reconstruction\"\n"
"kernel 1 (localhost):"
"\"PASS: \"\"exact scalar coefficient import\"\n"
"kernel 1 (localhost):"
"\"EXACT_POLYNOMIAL_ACCEPTED \"InputForm[{4, CutIntegral[\"R01\", {1, 1, 0, 0}]}]\" seconds \"184.75697`8.718145824733016\" bytes \"4322512\n"
"kernel 1 (localhost):"
"\"PASS: \"\"compressed scalar map below file bound\"\n"
"kernel 1 (localhost):"
"\"PASS: \"\"compressed scalar map exact round trip\"\n"
"kernel 1 (localhost):"
"\"PASS: \"\"master coefficient retains exact reconstruction\"\n"
"kernel 1 (localhost):"
"\"REAL_MASTER_COEFFICIENT \"\"Hgg\"\" \"4\" \"InputForm[CutIntegral[\"R01\", {1, 1, 1, 1}]]\n"
"kernel 1 (localhost):"
"\"EXACT_POLYNOMIAL_BACKEND_START \"InputForm[{4, CutIntegral[\"R01\", {1, 1, 1, 1}]}]\" terms \"2\" bytes \"5603\n"
"kernel 1 (localhost):"
"\"EXACT_POLYNOMIAL_SUM production_sum 2 2 0.001\\nPASS: exact polynomial comparison backend\\n\"\n"
"kernel 1 (localhost):"
"\"\"\n"
"kernel 1 (localhost):"
"\"EXACT_POLYNOMIAL_ACCEPTED \"InputForm[{4, CutIntegral[\"R01\", {1, 1, 1, 1}]}]\" seconds \"0.136742`5.587446921134087\" bytes \"72824\n"
"kernel 1 (localhost):"
"\"REAL_MASTER_COEFFICIENT \"\"Hgg\"\" \"4\" \"InputForm[CutIntegral[\"R02\", {1, 1, 1, 1}]]\n"
"kernel 1 (localhost):"
"\"EXACT_POLYNOMIAL_BACKEND_START \"InputForm[{4, CutIntegral[\"R02\", {1, 1, 1, 1}]}]\" terms \"6\" bytes \"21865\n"
"kernel 1 (localhost):"
"\"EXACT_POLYNOMIAL_SUM production_sum 6 6 0.005\\nPASS: exact polynomial comparison backend\\n\"\n"
"kernel 1 (localhost):"
"\"\"\n"
"kernel 1 (localhost):"
"\"EXACT_POLYNOMIAL_ACCEPTED \"InputForm[{4, CutIntegral[\"R02\", {1, 1, 1, 1}]}]\" seconds \"0.19281`5.736674548126035\" bytes \"375104\n"
"kernel 1 (localhost):"
"\"REAL_MASTER_COEFFICIENT \"\"Hgg\"\" \"4\" \"InputForm[CutIntegral[\"R03\", {1, 1, 0, 1}]]\n"
"kernel 1 (localhost):"
"\"EXACT_POLYNOMIAL_TRANSFER \"\"production_sum\"\" \"64\"/\"86\n"
"kernel 1 (localhost):"
"\"EXACT_POLYNOMIAL_BACKEND_START \"InputForm[{4, CutIntegral[\"R03\", {1, 1, 0, 1}]}]\" terms \"86\" bytes \"5288292\n"
"kernel 1 (localhost):"
"\"EXACT_POLYNOMIAL_SUM production_sum 16 86 3.03\\nEXACT_POLYNOMIAL_SUM production_sum 32 86 3.347\\nEXACT_POLYNOMIAL_SUM production_sum 48 86 3.714\\nEXACT_POLYNOMIAL_SUM production_sum 64 86 4.103\\nEXACT_POLYNOMIAL_SUM production_sum 80 86 4.229\\nEXACT_POLYNOMIAL_SUM production_sum 86 86 4.293\\nPASS: exact polynomial comparison backend\\n\"\n"
"kernel 1 (localhost):"
"\"\"\n"
"kernel 1 (localhost):"
"\"EXACT_POLYNOMIAL_ACCEPTED \"InputForm[{4, CutIntegral[\"R03\", {1, 1, 0, 1}]}]\" seconds \"12.688746`7.55496369737236\" bytes \"4058712\n"
"kernel 1 (localhost):"
"\"REAL_MASTER_COEFFICIENT \"\"Hgg\"\" \"4\" \"InputForm[CutIntegral[\"R03\", {1, 1, 1, 1}]]\n"
"kernel 1 (localhost):"
"\"EXACT_POLYNOMIAL_BACKEND_START \"InputForm[{4, CutIntegral[\"R03\", {1, 1, 1, 1}]}]\" terms \"2\" bytes \"2781\n"
"kernel 1 (localhost):"
"\"EXACT_POLYNOMIAL_SUM production_sum 2 2 0.002\\nPASS: exact polynomial comparison backend\\n\"\n"
"kernel 1 (localhost):"
"\"\"\n"
"kernel 1 (localhost):"
"\"EXACT_POLYNOMIAL_ACCEPTED \"InputForm[{4, CutIntegral[\"R03\", {1, 1, 1, 1}]}]\" seconds \"0.142721`5.606032873499998\" bytes \"175048\n"
"kernel 1 (localhost):"
"\"REAL_MASTER_COEFFICIENT \"\"Hgg\"\" \"4\" \"InputForm[CutIntegral[\"R04\", {1, 1, 1, 1}]]\n"
"kernel 1 (localhost):"
"\"EXACT_POLYNOMIAL_BACKEND_START \"InputForm[{4, CutIntegral[\"R04\", {1, 1, 1, 1}]}]\" terms \"8\" bytes \"50041\n"
"kernel 1 (localhost):"
"\"EXACT_POLYNOMIAL_SUM production_sum 8 8 0.014\\nPASS: exact polynomial comparison backend\\n\"\n"
"kernel 1 (localhost):"
"\"\"\n"
"kernel 1 (localhost):"
"\"EXACT_POLYNOMIAL_ACCEPTED \"InputForm[{4, CutIntegral[\"R04\", {1, 1, 1, 1}]}]\" seconds \"0.279637`5.89813962778246\" bytes \"612488\n"
"kernel 1 (localhost):"
"\"REAL_MASTER_COEFFICIENT \"\"Hgg\"\" \"4\" \"InputForm[CutIntegral[\"R09\", {1, 1, 1, 1}]]\n"
"kernel 1 (localhost):"
"\"EXACT_POLYNOMIAL_BACKEND_START \"InputForm[{4, CutIntegral[\"R09\", {1, 1, 1, 1}]}]\" terms \"2\" bytes \"10355\n"
"kernel 1 (localhost):"
"\"EXACT_POLYNOMIAL_SUM production_sum 2 2 0.011\\nPASS: exact polynomial comparison backend\\n\"\n"
"kernel 1 (localhost):"
"\"\"\n"
"kernel 1 (localhost):"
"\"EXACT_POLYNOMIAL_ACCEPTED \"InputForm[{4, CutIntegral[\"R09\", {1, 1, 1, 1}]}]\" seconds \"0.193345`5.737877938974173\" bytes \"708064\n"
"kernel 1 (localhost):"
"\"REAL_MASTER_COEFFICIENT \"\"Hgg\"\" \"4\" \"InputForm[CutIntegral[\"R10\", {1, 1, 1, 1}]]\n"
"kernel 1 (localhost):"
"\"EXACT_POLYNOMIAL_BACKEND_START \"InputForm[{4, CutIntegral[\"R10\", {1, 1, 1, 1}]}]\" terms \"6\" bytes \"15945\n"
"kernel 1 (localhost):"
"\"EXACT_POLYNOMIAL_SUM production_sum 6 6 0.006\\nPASS: exact polynomial comparison backend\\n\"\n"
"kernel 1 (localhost):"
"\"\"\n"
"kernel 1 (localhost):"
"\"EXACT_POLYNOMIAL_ACCEPTED \"InputForm[{4, CutIntegral[\"R10\", {1, 1, 1, 1}]}]\" seconds \"0.195565`5.7428361258137395\" bytes \"202800\n"
"kernel 1 (localhost):"
"\"PASS: \"\"complete linear reduced coefficient reconstruction\"\n"
"kernel 1 (localhost):"
"\"PASS: \"\"reduced coefficients are scalar rational expressions\"\n"
"kernel 1 (localhost):"
"\"REAL_MAP_ACCEPTED \"\"Hgg\"\" \"4\n"
"kernel 1 (localhost):"
"\"PASS: \"\"complete reduced output accepted before storage projection\"\n"
"kernel 1 (localhost):"
"\"PASS: \"\"exact downstream coefficient interface\"\n"
"kernel 1 (localhost):"
"\"REAL_MAP \"\"Hgg\"\" \"6\"/\"98\" \"<|\"Sector\" -> \"Real\", \"Kind\" -> \"ExtendedResponse\", \"Index\" -> {1, 2, 5}|>\" kernel \"1\n"
"kernel 1 (localhost):"
"\"PASS: \"\"exact saved raw file\"\n"
"kernel 1 (localhost):"
"\"PASS: \"\"raw reader returns complete original record\"\n"
"kernel 1 (localhost):"
"\"PASS: \"\"raw component retains executed reconstruction\"\n"
"kernel 1 (localhost):"
"\"PASS: \"\"known rules end in saved masters\"\n"
"kernel 1 (localhost):"
"\"PASS: \"\"exact individual reduction-rule reconstruction\"\n"
"kernel 1 (localhost):"
"\"REAL_MASTER_COEFFICIENT \"\"Hgg\"\" \"6\" \"InputForm[CutIntegral[\"R01\", {1, 1, 0, 0}]]\n"
"kernel 1 (localhost):"
"\"PASS: \"\"exact polynomial transfer supports rational coefficients\"\n"
"kernel 1 (localhost):"
"\"PASS: \"\"unassigned exact polynomial variables\"\n"
"kernel 1 (localhost):"
"\"PASS: \"\"native JSON header shape\"\n"
"kernel 1 (localhost):"
"\"PASS: \"\"complete polynomial variable support\"\n"
"kernel 1 (localhost):"
"\"PASS: \"\"exported polynomial denominator reconstructs\"\n"
"kernel 1 (localhost):"
"\"PASS: \"\"native polynomial text reconstructs\"\n"
"kernel 1 (localhost):"
"\"PASS: \"\"native JSON term reconstructs\"\n"
"kernel 1 (localhost):"
"\"EXACT_POLYNOMIAL_TRANSFER \"\"production_sum\"\" \"64\"/\"406\n"
"kernel 1 (localhost):"
"\"EXACT_POLYNOMIAL_TRANSFER \"\"production_sum\"\" \"128\"/\"406\n"
"kernel 1 (localhost):"
"\"EXACT_POLYNOMIAL_TRANSFER \"\"production_sum\"\" \"192\"/\"406\n"
"kernel 1 (localhost):"
"\"EXACT_POLYNOMIAL_TRANSFER \"\"production_sum\"\" \"256\"/\"406\n"
"kernel 1 (localhost):"
"\"EXACT_POLYNOMIAL_TRANSFER \"\"production_sum\"\" \"320\"/\"406\n"
"kernel 1 (localhost):"
"\"EXACT_POLYNOMIAL_TRANSFER \"\"production_sum\"\" \"384\"/\"406\n"
"kernel 1 (localhost):"
"\"PASS: \"\"bounded polynomial transfer file\"\n"
"kernel 1 (localhost):"
"\"PASS: \"\"unchanged validated exact backend\"\n"
"kernel 1 (localhost):"
"\"EXACT_POLYNOMIAL_BACKEND_START \"InputForm[{6, CutIntegral[\"R01\", {1, 1, 0, 0}]}]\" terms \"406\" bytes \"20534062\n"
"kernel 2 (localhost):"
"\"EXACT_POLYNOMIAL_SUM production_sum 16 406 20.604\\nEXACT_POLYNOMIAL_SUM production_sum 32 406 25.12\\nEXACT_POLYNOMIAL_SUM production_sum 48 406 30.444\\nEXACT_POLYNOMIAL_SUM production_sum 64 406 33.63\\nEXACT_POLYNOMIAL_SUM production_sum 80 406 38.122\\nEXACT_POLYNOMIAL_SUM production_sum 96 406 41.747\\nEXACT_POLYNOMIAL_SUM production_sum 112 406 47.095\\nEXACT_POLYNOMIAL_SUM production_sum 128 406 52.807\\nEXACT_POLYNOMIAL_SUM production_sum 144 406 59.078\\nEXACT_POLYNOMIAL_SUM production_sum 160 406 64.579\\nEXACT_POLYNOMIAL_SUM production_sum 176 406 70.24\\nEXACT_POLYNOMIAL_SUM production_sum 192 406 75.533\\nEXACT_POLYNOMIAL_SUM production_sum 208 406 81.368\\nEXACT_POLYNOMIAL_SUM production_sum 224 406 86.953\\nEXACT_POLYNOMIAL_SUM production_sum 240 406 91.364\\nEXACT_POLYNOMIAL_SUM production_sum 256 406 96.13\\nEXACT_POLYNOMIAL_SUM production_sum 272 406 100.588\\nEXACT_POLYNOMIAL_SUM production_sum 288 406 103.363\\nEXACT_POLYNOMIAL_SUM production_sum 304 406 107.478\\nEXACT_POLYNOMIAL_SUM production_sum 320 406 110.344\\nEXACT_POLYNOMIAL_SUM production_sum 336 406 114.638\\nEXACT_POLYNOMIAL_SUM production_sum 352 406 118.282\\nEXACT_POLYNOMIAL_SUM production_sum 368 406 122.311\\nEXACT_POLYNOMIAL_SUM production_sum 384 406 125.535\\nEXACT_POLYNOMIAL_SUM production_sum 400 406 128.212\\nEXACT_POLYNOMIAL_SUM production_sum 406 406 129.537\\nPASS: exact polynomial comparison backend\\n\"\n"
"kernel 2 (localhost):"
"\"\"\n"
"kernel 2 (localhost):"
"\"PASS: \"\"exact production backend completed\"\n"
"kernel 2 (localhost):"
"\"PASS: \"\"exact production backend input and source\"\n"
"kernel 2 (localhost):"
"\"PASS: \"\"complete production termwise reconstruction\"\n"
"kernel 2 (localhost):"
"\"PASS: \"\"exact scalar coefficient import\"\n"
"kernel 2 (localhost):"
"\"EXACT_POLYNOMIAL_ACCEPTED \"InputForm[{5, CutIntegral[\"R01\", {1, 1, 0, 0}]}]\" seconds \"176.347665`8.697914707092174\" bytes \"6212112\n"
"kernel 2 (localhost):"
"\"PASS: \"\"compressed scalar map below file bound\"\n"
"kernel 2 (localhost):"
"\"PASS: \"\"compressed scalar map exact round trip\"\n"
"kernel 2 (localhost):"
"\"PASS: \"\"master coefficient retains exact reconstruction\"\n"
"kernel 2 (localhost):"
"\"REAL_MASTER_COEFFICIENT \"\"Hgg\"\" \"5\" \"InputForm[CutIntegral[\"R01\", {1, 1, 1, 1}]]\n"
"kernel 2 (localhost):"
"\"EXACT_POLYNOMIAL_BACKEND_START \"InputForm[{5, CutIntegral[\"R01\", {1, 1, 1, 1}]}]\" terms \"2\" bytes \"5737\n"
"kernel 2 (localhost):"
"\"EXACT_POLYNOMIAL_SUM production_sum 2 2 0.002\\nPASS: exact polynomial comparison backend\\n\"\n"
"kernel 2 (localhost):"
"\"\"\n"
"kernel 2 (localhost):"
"\"EXACT_POLYNOMIAL_ACCEPTED \"InputForm[{5, CutIntegral[\"R01\", {1, 1, 1, 1}]}]\" seconds \"0.157941`5.6500398769077735\" bytes \"72592\n"
"kernel 2 (localhost):"
"\"REAL_MASTER_COEFFICIENT \"\"Hgg\"\" \"5\" \"InputForm[CutIntegral[\"R02\", {1, 1, 1, 1}]]\n"
"kernel 2 (localhost):"
"\"EXACT_POLYNOMIAL_BACKEND_START \"InputForm[{5, CutIntegral[\"R02\", {1, 1, 1, 1}]}]\" terms \"6\" bytes \"32313\n"
"kernel 2 (localhost):"
"\"EXACT_POLYNOMIAL_SUM production_sum 6 6 0.006\\nPASS: exact polynomial comparison backend\\n\"\n"
"kernel 2 (localhost):"
"\"\"\n"
"kernel 2 (localhost):"
"\"EXACT_POLYNOMIAL_ACCEPTED \"InputForm[{5, CutIntegral[\"R02\", {1, 1, 1, 1}]}]\" seconds \"0.213239`5.780411630697706\" bytes \"371488\n"
"kernel 2 (localhost):"
"\"REAL_MASTER_COEFFICIENT \"\"Hgg\"\" \"5\" \"InputForm[CutIntegral[\"R03\", {1, 1, 0, 1}]]\n"
"kernel 1 (localhost):"
"\"EXACT_POLYNOMIAL_SUM production_sum 16 406 12.742\\nEXACT_POLYNOMIAL_SUM production_sum 32 406 14.508\\nEXACT_POLYNOMIAL_SUM production_sum 48 406 16.407\\nEXACT_POLYNOMIAL_SUM production_sum 64 406 18.63\\nEXACT_POLYNOMIAL_SUM production_sum 80 406 20.919\\nEXACT_POLYNOMIAL_SUM production_sum 96 406 22.925\\nEXACT_POLYNOMIAL_SUM production_sum 112 406 24.78\\nEXACT_POLYNOMIAL_SUM production_sum 128 406 26.951\\nEXACT_POLYNOMIAL_SUM production_sum 144 406 28.892\\nEXACT_POLYNOMIAL_SUM production_sum 160 406 31.009\\nEXACT_POLYNOMIAL_SUM production_sum 176 406 33.141\\nEXACT_POLYNOMIAL_SUM production_sum 192 406 35.216\\nEXACT_POLYNOMIAL_SUM production_sum 208 406 37.336\\nEXACT_POLYNOMIAL_SUM production_sum 224 406 39.212\\nEXACT_POLYNOMIAL_SUM production_sum 240 406 40.97\\nEXACT_POLYNOMIAL_SUM production_sum 256 406 42.145\\nEXACT_POLYNOMIAL_SUM production_sum 272 406 43.776\\nEXACT_POLYNOMIAL_SUM production_sum 288 406 44.91\\nEXACT_POLYNOMIAL_SUM production_sum 304 406 46.009\\nEXACT_POLYNOMIAL_SUM production_sum 320 406 47.295\\nEXACT_POLYNOMIAL_SUM production_sum 336 406 48.504\\nEXACT_POLYNOMIAL_SUM production_sum 352 406 49.508\\nEXACT_POLYNOMIAL_SUM production_sum 368 406 51.282\\nEXACT_POLYNOMIAL_SUM production_sum 384 406 52.758\\nEXACT_POLYNOMIAL_SUM production_sum 400 406 53.923\\nEXACT_POLYNOMIAL_SUM production_sum 406 406 54.429\\nPASS: exact polynomial comparison backend\\n\"\n"
"kernel 1 (localhost):"
"\"\"\n"
"kernel 1 (localhost):"
"\"PASS: \"\"exact production backend completed\"\n"
"kernel 1 (localhost):"
"\"PASS: \"\"exact production backend input and source\"\n"
"kernel 1 (localhost):"
"\"PASS: \"\"complete production termwise reconstruction\"\n"
"kernel 1 (localhost):"
"\"PASS: \"\"exact scalar coefficient import\"\n"
"kernel 1 (localhost):"
"\"EXACT_POLYNOMIAL_ACCEPTED \"InputForm[{6, CutIntegral[\"R01\", {1, 1, 0, 0}]}]\" seconds \"88.58173`8.398889151292952\" bytes \"2335584\n"
"kernel 1 (localhost):"
"\"PASS: \"\"compressed scalar map below file bound\"\n"
"kernel 1 (localhost):"
"\"PASS: \"\"compressed scalar map exact round trip\"\n"
"kernel 1 (localhost):"
"\"PASS: \"\"master coefficient retains exact reconstruction\"\n"
"kernel 1 (localhost):"
"\"REAL_MASTER_COEFFICIENT \"\"Hgg\"\" \"6\" \"InputForm[CutIntegral[\"R01\", {1, 1, 1, 1}]]\n"
"kernel 1 (localhost):"
"\"EXACT_POLYNOMIAL_BACKEND_START \"InputForm[{6, CutIntegral[\"R01\", {1, 1, 1, 1}]}]\" terms \"2\" bytes \"2157\n"
"kernel 1 (localhost):"
"\"EXACT_POLYNOMIAL_SUM production_sum 2 2 0.001\\nPASS: exact polynomial comparison backend\\n\"\n"
"kernel 1 (localhost):"
"\"\"\n"
"kernel 1 (localhost):"
"\"EXACT_POLYNOMIAL_ACCEPTED \"InputForm[{6, CutIntegral[\"R01\", {1, 1, 1, 1}]}]\" seconds \"0.155186`5.642397532602448\" bytes \"42336\n"
"kernel 1 (localhost):"
"\"REAL_MASTER_COEFFICIENT \"\"Hgg\"\" \"6\" \"InputForm[CutIntegral[\"R02\", {1, 1, 1, 1}]]\n"
"kernel 1 (localhost):"
"\"EXACT_POLYNOMIAL_BACKEND_START \"InputForm[{6, CutIntegral[\"R02\", {1, 1, 1, 1}]}]\" terms \"6\" bytes \"20857\n"
"kernel 1 (localhost):"
"\"EXACT_POLYNOMIAL_SUM production_sum 6 6 0.007\\nPASS: exact polynomial comparison backend\\n\"\n"
"kernel 1 (localhost):"
"\"\"\n"
"kernel 1 (localhost):"
"\"EXACT_POLYNOMIAL_ACCEPTED \"InputForm[{6, CutIntegral[\"R02\", {1, 1, 1, 1}]}]\" seconds \"0.204801`5.762877066373114\" bytes \"363984\n"
"kernel 1 (localhost):"
"\"REAL_MASTER_COEFFICIENT \"\"Hgg\"\" \"6\" \"InputForm[CutIntegral[\"R03\", {1, 1, 0, 1}]]\n"
"kernel 2 (localhost):"
"\"EXACT_POLYNOMIAL_TRANSFER \"\"production_sum\"\" \"64\"/\"86\n"
"kernel 2 (localhost):"
"\"EXACT_POLYNOMIAL_BACKEND_START \"InputForm[{5, CutIntegral[\"R03\", {1, 1, 0, 1}]}]\" terms \"86\" bytes \"5315855\n"
"kernel 1 (localhost):"
"\"EXACT_POLYNOMIAL_TRANSFER \"\"production_sum\"\" \"64\"/\"86\n"
"kernel 1 (localhost):"
"\"EXACT_POLYNOMIAL_BACKEND_START \"InputForm[{6, CutIntegral[\"R03\", {1, 1, 0, 1}]}]\" terms \"86\" bytes \"3438527\n"
"kernel 2 (localhost):"
"\"EXACT_POLYNOMIAL_SUM production_sum 16 86 3.481\\nEXACT_POLYNOMIAL_SUM production_sum 32 86 3.841\\nEXACT_POLYNOMIAL_SUM production_sum 48 86 4.184\\nEXACT_POLYNOMIAL_SUM production_sum 64 86 4.637\\nEXACT_POLYNOMIAL_SUM production_sum 80 86 4.888\\nEXACT_POLYNOMIAL_SUM production_sum 86 86 4.969\\nPASS: exact polynomial comparison backend\\n\"\n"
"kernel 2 (localhost):"
"\"\"\n"
"kernel 2 (localhost):"
"\"EXACT_POLYNOMIAL_ACCEPTED \"InputForm[{5, CutIntegral[\"R03\", {1, 1, 0, 1}]}]\" seconds \"14.409098`7.610181788613672\" bytes \"5687072\n"
"kernel 2 (localhost):"
"\"REAL_MASTER_COEFFICIENT \"\"Hgg\"\" \"5\" \"InputForm[CutIntegral[\"R03\", {1, 1, 1, 1}]]\n"
"kernel 2 (localhost):"
"\"EXACT_POLYNOMIAL_BACKEND_START \"InputForm[{5, CutIntegral[\"R03\", {1, 1, 1, 1}]}]\" terms \"2\" bytes \"3427\n"
"kernel 2 (localhost):"
"\"EXACT_POLYNOMIAL_SUM production_sum 2 2 0.003\\nPASS: exact polynomial comparison backend\\n\"\n"
"kernel 2 (localhost):"
"\"\"\n"
"kernel 2 (localhost):"
"\"EXACT_POLYNOMIAL_ACCEPTED \"InputForm[{5, CutIntegral[\"R03\", {1, 1, 1, 1}]}]\" seconds \"0.168121`5.677166958062719\" bytes \"176176\n"
"kernel 2 (localhost):"
"\"REAL_MASTER_COEFFICIENT \"\"Hgg\"\" \"5\" \"InputForm[CutIntegral[\"R04\", {1, 1, 1, 1}]]\n"
"kernel 2 (localhost):"
"\"EXACT_POLYNOMIAL_BACKEND_START \"InputForm[{5, CutIntegral[\"R04\", {1, 1, 1, 1}]}]\" terms \"8\" bytes \"53699\n"
"kernel 2 (localhost):"
"\"EXACT_POLYNOMIAL_SUM production_sum 8 8 0.018\\nPASS: exact polynomial comparison backend\\n\"\n"
"kernel 2 (localhost):"
"\"\"\n"
"kernel 2 (localhost):"
"\"EXACT_POLYNOMIAL_ACCEPTED \"InputForm[{5, CutIntegral[\"R04\", {1, 1, 1, 1}]}]\" seconds \"0.284355`5.905405862635307\" bytes \"616568\n"
"kernel 2 (localhost):"
"\"REAL_MASTER_COEFFICIENT \"\"Hgg\"\" \"5\" \"InputForm[CutIntegral[\"R09\", {1, 1, 1, 1}]]\n"
"kernel 2 (localhost):"
"\"EXACT_POLYNOMIAL_BACKEND_START \"InputForm[{5, CutIntegral[\"R09\", {1, 1, 1, 1}]}]\" terms \"2\" bytes \"10421\n"
"kernel 2 (localhost):"
"\"EXACT_POLYNOMIAL_SUM production_sum 2 2 0.012\\nPASS: exact polynomial comparison backend\\n\"\n"
"kernel 2 (localhost):"
"\"\"\n"
"kernel 2 (localhost):"
"\"EXACT_POLYNOMIAL_ACCEPTED \"InputForm[{5, CutIntegral[\"R09\", {1, 1, 1, 1}]}]\" seconds \"0.212044`5.777970981662805\" bytes \"710776\n"
"kernel 2 (localhost):"
"\"REAL_MASTER_COEFFICIENT \"\"Hgg\"\" \"5\" \"InputForm[CutIntegral[\"R10\", {1, 1, 1, 1}]]\n"
"kernel 2 (localhost):"
"\"EXACT_POLYNOMIAL_BACKEND_START \"InputForm[{5, CutIntegral[\"R10\", {1, 1, 1, 1}]}]\" terms \"6\" bytes \"16315\n"
"kernel 2 (localhost):"
"\"EXACT_POLYNOMIAL_SUM production_sum 6 6 0.004\\nPASS: exact polynomial comparison backend\\n\"\n"
"kernel 2 (localhost):"
"\"\"\n"
"kernel 2 (localhost):"
"\"EXACT_POLYNOMIAL_ACCEPTED \"InputForm[{5, CutIntegral[\"R10\", {1, 1, 1, 1}]}]\" seconds \"0.19831`5.748889608030664\" bytes \"209248\n"
"kernel 2 (localhost):"
"\"PASS: \"\"complete linear reduced coefficient reconstruction\"\n"
"kernel 2 (localhost):"
"\"PASS: \"\"reduced coefficients are scalar rational expressions\"\n"
"kernel 1 (localhost):"
"\"EXACT_POLYNOMIAL_SUM production_sum 16 86 2.6\\nEXACT_POLYNOMIAL_SUM production_sum 32 86 2.818\\nEXACT_POLYNOMIAL_SUM production_sum 48 86 3.066\\nEXACT_POLYNOMIAL_SUM production_sum 64 86 3.332\\nEXACT_POLYNOMIAL_SUM production_sum 80 86 3.448\\nEXACT_POLYNOMIAL_SUM production_sum 86 86 3.499\\nPASS: exact polynomial comparison backend\\n\"\n"
"kernel 1 (localhost):"
"\"\"\n"
"kernel 1 (localhost):"
"\"EXACT_POLYNOMIAL_ACCEPTED \"InputForm[{6, CutIntegral[\"R03\", {1, 1, 0, 1}]}]\" seconds \"10.524694`7.473754471301221\" bytes \"4048240\n"
"kernel 1 (localhost):"
"\"REAL_MASTER_COEFFICIENT \"\"Hgg\"\" \"6\" \"InputForm[CutIntegral[\"R03\", {1, 1, 1, 1}]]\n"
"kernel 1 (localhost):"
"\"EXACT_POLYNOMIAL_BACKEND_START \"InputForm[{6, CutIntegral[\"R03\", {1, 1, 1, 1}]}]\" terms \"2\" bytes \"2035\n"
"kernel 1 (localhost):"
"\"EXACT_POLYNOMIAL_SUM production_sum 2 2 0.002\\nPASS: exact polynomial comparison backend\\n\"\n"
"kernel 1 (localhost):"
"\"\"\n"
"kernel 1 (localhost):"
"\"EXACT_POLYNOMIAL_ACCEPTED \"InputForm[{6, CutIntegral[\"R03\", {1, 1, 1, 1}]}]\" seconds \"0.15654`5.646170322979839\" bytes \"160840\n"
"kernel 1 (localhost):"
"\"REAL_MASTER_COEFFICIENT \"\"Hgg\"\" \"6\" \"InputForm[CutIntegral[\"R04\", {1, 1, 1, 1}]]\n"
"kernel 1 (localhost):"
"\"EXACT_POLYNOMIAL_BACKEND_START \"InputForm[{6, CutIntegral[\"R04\", {1, 1, 1, 1}]}]\" terms \"8\" bytes \"34333\n"
"kernel 1 (localhost):"
"\"EXACT_POLYNOMIAL_SUM production_sum 8 8 0.016\\nPASS: exact polynomial comparison backend\\n\"\n"
"kernel 1 (localhost):"
"\"\"\n"
"kernel 1 (localhost):"
"\"EXACT_POLYNOMIAL_ACCEPTED \"InputForm[{6, CutIntegral[\"R04\", {1, 1, 1, 1}]}]\" seconds \"0.284493`5.905616578466875\" bytes \"610568\n"
"kernel 1 (localhost):"
"\"REAL_MASTER_COEFFICIENT \"\"Hgg\"\" \"6\" \"InputForm[CutIntegral[\"R09\", {1, 1, 1, 1}]]\n"
"kernel 1 (localhost):"
"\"EXACT_POLYNOMIAL_BACKEND_START \"InputForm[{6, CutIntegral[\"R09\", {1, 1, 1, 1}]}]\" terms \"2\" bytes \"2449\n"
"kernel 1 (localhost):"
"\"EXACT_POLYNOMIAL_SUM production_sum 2 2 0.007\\nPASS: exact polynomial comparison backend\\n\"\n"
"kernel 1 (localhost):"
"\"\"\n"
"kernel 1 (localhost):"
"\"EXACT_POLYNOMIAL_ACCEPTED \"InputForm[{6, CutIntegral[\"R09\", {1, 1, 1, 1}]}]\" seconds \"0.174981`5.6945358876500825\" bytes \"459024\n"
"kernel 1 (localhost):"
"\"REAL_MASTER_COEFFICIENT \"\"Hgg\"\" \"6\" \"InputForm[CutIntegral[\"R10\", {1, 1, 1, 1}]]\n"
"kernel 1 (localhost):"
"\"EXACT_POLYNOMIAL_BACKEND_START \"InputForm[{6, CutIntegral[\"R10\", {1, 1, 1, 1}]}]\" terms \"6\" bytes \"10535\n"
"kernel 1 (localhost):"
"\"EXACT_POLYNOMIAL_SUM production_sum 6 6 0.004\\nPASS: exact polynomial comparison backend\\n\"\n"
"kernel 1 (localhost):"
"\"\"\n"
"kernel 1 (localhost):"
"\"EXACT_POLYNOMIAL_ACCEPTED \"InputForm[{6, CutIntegral[\"R10\", {1, 1, 1, 1}]}]\" seconds \"0.188422`5.726676602785067\" bytes \"199200\n"
"kernel 1 (localhost):"
"\"PASS: \"\"complete linear reduced coefficient reconstruction\"\n"
"kernel 1 (localhost):"
"\"PASS: \"\"reduced coefficients are scalar rational expressions\"\n"
"kernel 1 (localhost):"
"\"REAL_MAP_ACCEPTED \"\"Hgg\"\" \"6\n"
"kernel 1 (localhost):"
"\"PASS: \"\"complete reduced output accepted before storage projection\"\n"
"kernel 1 (localhost):"
"\"PASS: \"\"exact downstream coefficient interface\"\n"
"kernel 1 (localhost):"
"\"REAL_MAP \"\"Hgg\"\" \"7\"/\"98\" \"<|\"Sector\" -> \"Real\", \"Kind\" -> \"ExtendedResponse\", \"Index\" -> {1, 3, 3}|>\" kernel \"1\n"
"kernel 1 (localhost):"
"\"PASS: \"\"exact saved raw file\"\n"
"kernel 1 (localhost):"
"\"PASS: \"\"raw reader returns complete original record\"\n"
"kernel 1 (localhost):"
"\"PASS: \"\"raw component retains executed reconstruction\"\n"
"kernel 1 (localhost):"
"\"PASS: \"\"known rules end in saved masters\"\n"
"kernel 1 (localhost):"
"\"PASS: \"\"exact individual reduction-rule reconstruction\"\n"
"kernel 1 (localhost):"
"\"REAL_MASTER_COEFFICIENT \"\"Hgg\"\" \"7\" \"InputForm[CutIntegral[\"R01\", {1, 1, 0, 0}]]\n"
"kernel 2 (localhost):"
"\"REAL_MAP_ACCEPTED \"\"Hgg\"\" \"5\n"
"kernel 2 (localhost):"
"\"PASS: \"\"complete reduced output accepted before storage projection\"\n"
"kernel 2 (localhost):"
"\"PASS: \"\"exact downstream coefficient interface\"\n"
"kernel 2 (localhost):"
"\"REAL_MAP \"\"Hgg\"\" \"8\"/\"98\" \"<|\"Sector\" -> \"Real\", \"Kind\" -> \"ExtendedResponse\", \"Index\" -> {1, 4, 4}|>\" kernel \"2\n"
"kernel 2 (localhost):"
"\"PASS: \"\"exact saved raw file\"\n"
"kernel 1 (localhost):"
"\"PASS: \"\"exact polynomial transfer supports rational coefficients\"\n"
"kernel 1 (localhost):"
"\"PASS: \"\"unassigned exact polynomial variables\"\n"
"kernel 1 (localhost):"
"\"PASS: \"\"native JSON header shape\"\n"
"kernel 1 (localhost):"
"\"PASS: \"\"complete polynomial variable support\"\n"
"kernel 1 (localhost):"
"\"PASS: \"\"exported polynomial denominator reconstructs\"\n"
"kernel 1 (localhost):"
"\"PASS: \"\"native polynomial text reconstructs\"\n"
"kernel 1 (localhost):"
"\"PASS: \"\"native JSON term reconstructs\"\n"
"kernel 2 (localhost):"
"\"PASS: \"\"raw reader returns complete original record\"\n"
"kernel 2 (localhost):"
"\"PASS: \"\"raw component retains executed reconstruction\"\n"
"kernel 2 (localhost):"
"\"PASS: \"\"known rules end in saved masters\"\n"
"kernel 2 (localhost):"
"\"PASS: \"\"exact individual reduction-rule reconstruction\"\n"
"kernel 2 (localhost):"
"\"REAL_MASTER_COEFFICIENT \"\"Hgg\"\" \"8\" \"InputForm[CutIntegral[\"R01\", {1, 1, 0, 0}]]\n"
"kernel 2 (localhost):"
"\"PASS: \"\"exact polynomial transfer supports rational coefficients\"\n"
"kernel 2 (localhost):"
"\"PASS: \"\"unassigned exact polynomial variables\"\n"
"kernel 2 (localhost):"
"\"PASS: \"\"native JSON header shape\"\n"
"kernel 2 (localhost):"
"\"PASS: \"\"complete polynomial variable support\"\n"
"kernel 2 (localhost):"
"\"PASS: \"\"exported polynomial denominator reconstructs\"\n"
"kernel 2 (localhost):"
"\"PASS: \"\"native polynomial text reconstructs\"\n"
"kernel 2 (localhost):"
"\"PASS: \"\"native JSON term reconstructs\"\n"
"kernel 2 (localhost):"
"\"EXACT_POLYNOMIAL_TRANSFER \"\"production_sum\"\" \"64\"/\"296\n"
"kernel 1 (localhost):"
"\"EXACT_POLYNOMIAL_TRANSFER \"\"production_sum\"\" \"64\"/\"404\n"
"kernel 2 (localhost):"
"\"EXACT_POLYNOMIAL_TRANSFER \"\"production_sum\"\" \"128\"/\"296\n"
"kernel 1 (localhost):"
"\"EXACT_POLYNOMIAL_TRANSFER \"\"production_sum\"\" \"128\"/\"404\n"
"kernel 2 (localhost):"
"\"EXACT_POLYNOMIAL_TRANSFER \"\"production_sum\"\" \"192\"/\"296\n"
"kernel 1 (localhost):"
"\"EXACT_POLYNOMIAL_TRANSFER \"\"production_sum\"\" \"192\"/\"404\n"
"kernel 2 (localhost):"
"\"EXACT_POLYNOMIAL_TRANSFER \"\"production_sum\"\" \"256\"/\"296\n"
"kernel 2 (localhost):"
"\"PASS: \"\"bounded polynomial transfer file\"\n"
"kernel 2 (localhost):"
"\"PASS: \"\"unchanged validated exact backend\"\n"
"kernel 2 (localhost):"
"\"EXACT_POLYNOMIAL_BACKEND_START \"InputForm[{8, CutIntegral[\"R01\", {1, 1, 0, 0}]}]\" terms \"296\" bytes \"8265977\n"
"kernel 1 (localhost):"
"\"EXACT_POLYNOMIAL_TRANSFER \"\"production_sum\"\" \"256\"/\"404\n"
"kernel 1 (localhost):"
"\"EXACT_POLYNOMIAL_TRANSFER \"\"production_sum\"\" \"320\"/\"404\n"
"kernel 1 (localhost):"
"\"EXACT_POLYNOMIAL_TRANSFER \"\"production_sum\"\" \"384\"/\"404\n"
"kernel 1 (localhost):"
"\"PASS: \"\"bounded polynomial transfer file\"\n"
"kernel 1 (localhost):"
"\"PASS: \"\"unchanged validated exact backend\"\n"
"kernel 1 (localhost):"
"\"EXACT_POLYNOMIAL_BACKEND_START \"InputForm[{7, CutIntegral[\"R01\", {1, 1, 0, 0}]}]\" terms \"404\" bytes \"12601636\n"
"kernel 2 (localhost):"
"\"EXACT_POLYNOMIAL_SUM production_sum 16 296 4.083\\nEXACT_POLYNOMIAL_SUM production_sum 32 296 4.782\\nEXACT_POLYNOMIAL_SUM production_sum 48 296 5.412\\nEXACT_POLYNOMIAL_SUM production_sum 64 296 6.085\\nEXACT_POLYNOMIAL_SUM production_sum 80 296 6.715\\nEXACT_POLYNOMIAL_SUM production_sum 96 296 7.515\\nEXACT_POLYNOMIAL_SUM production_sum 112 296 8.308\\nEXACT_POLYNOMIAL_SUM production_sum 128 296 9.119\\nEXACT_POLYNOMIAL_SUM production_sum 144 296 9.917\\nEXACT_POLYNOMIAL_SUM production_sum 160 296 10.404\\nEXACT_POLYNOMIAL_SUM production_sum 176 296 11.09\\nEXACT_POLYNOMIAL_SUM production_sum 192 296 11.85\\nEXACT_POLYNOMIAL_SUM production_sum 208 296 12.515\\nEXACT_POLYNOMIAL_SUM production_sum 224 296 13.176\\nEXACT_POLYNOMIAL_SUM production_sum 240 296 13.875\\nEXACT_POLYNOMIAL_SUM production_sum 256 296 14.427\\nEXACT_POLYNOMIAL_SUM production_sum 272 296 15.038\\nEXACT_POLYNOMIAL_SUM production_sum 288 296 15.526\\nEXACT_POLYNOMIAL_SUM production_sum 296 296 15.826\\nPASS: exact polynomial comparison backend\\n\"\n"
"kernel 2 (localhost):"
"\"\"\n"
"kernel 2 (localhost):"
"\"PASS: \"\"exact production backend completed\"\n"
"kernel 2 (localhost):"
"\"PASS: \"\"exact production backend input and source\"\n"
"kernel 2 (localhost):"
"\"PASS: \"\"complete production termwise reconstruction\"\n"
"kernel 2 (localhost):"
"\"PASS: \"\"exact scalar coefficient import\"\n"
"kernel 2 (localhost):"
"\"EXACT_POLYNOMIAL_ACCEPTED \"InputForm[{8, CutIntegral[\"R01\", {1, 1, 0, 0}]}]\" seconds \"29.537088`7.921912670393715\" bytes \"2254736\n"
"kernel 2 (localhost):"
"\"PASS: \"\"compressed scalar map below file bound\"\n"
"kernel 2 (localhost):"
"\"PASS: \"\"compressed scalar map exact round trip\"\n"
"kernel 2 (localhost):"
"\"PASS: \"\"master coefficient retains exact reconstruction\"\n"
"kernel 2 (localhost):"
"\"REAL_MASTER_COEFFICIENT \"\"Hgg\"\" \"8\" \"InputForm[CutIntegral[\"R01\", {1, 1, 1, 1}]]\n"
"kernel 2 (localhost):"
"\"EXACT_POLYNOMIAL_BACKEND_START \"InputForm[{8, CutIntegral[\"R01\", {1, 1, 1, 1}]}]\" terms \"2\" bytes \"1765\n"
"kernel 2 (localhost):"
"\"EXACT_POLYNOMIAL_SUM production_sum 2 2 0.002\\nPASS: exact polynomial comparison backend\\n\"\n"
"kernel 2 (localhost):"
"\"\"\n"
"kernel 2 (localhost):"
"\"EXACT_POLYNOMIAL_ACCEPTED \"InputForm[{8, CutIntegral[\"R01\", {1, 1, 1, 1}]}]\" seconds \"0.130669`5.567717560986129\" bytes \"16640\n"
"kernel 2 (localhost):"
"\"REAL_MASTER_COEFFICIENT \"\"Hgg\"\" \"8\" \"InputForm[CutIntegral[\"R02\", {1, 1, 1, 1}]]\n"
"kernel 2 (localhost):"
"\"EXACT_POLYNOMIAL_BACKEND_START \"InputForm[{8, CutIntegral[\"R02\", {1, 1, 1, 1}]}]\" terms \"2\" bytes \"6845\n"
"kernel 2 (localhost):"
"\"EXACT_POLYNOMIAL_SUM production_sum 2 2 0.001\\nPASS: exact polynomial comparison backend\\n\"\n"
"kernel 2 (localhost):"
"\"\"\n"
"kernel 2 (localhost):"
"\"EXACT_POLYNOMIAL_ACCEPTED \"InputForm[{8, CutIntegral[\"R02\", {1, 1, 1, 1}]}]\" seconds \"0.14291`5.606607612719894\" bytes \"66040\n"
"kernel 2 (localhost):"
"\"REAL_MASTER_COEFFICIENT \"\"Hgg\"\" \"8\" \"InputForm[CutIntegral[\"R03\", {1, 1, 0, 1}]]\n"
"kernel 2 (localhost):"
"\"EXACT_POLYNOMIAL_TRANSFER \"\"production_sum\"\" \"64\"/\"72\n"
"kernel 2 (localhost):"
"\"EXACT_POLYNOMIAL_BACKEND_START \"InputForm[{8, CutIntegral[\"R03\", {1, 1, 0, 1}]}]\" terms \"72\" bytes \"1261291\n"
"kernel 2 (localhost):"
"\"EXACT_POLYNOMIAL_SUM production_sum 16 72 0.871\\nEXACT_POLYNOMIAL_SUM production_sum 32 72 0.994\\nEXACT_POLYNOMIAL_SUM production_sum 48 72 1.092\\nEXACT_POLYNOMIAL_SUM production_sum 64 72 1.182\\nEXACT_POLYNOMIAL_SUM production_sum 72 72 1.23\\nPASS: exact polynomial comparison backend\\n\"\n"
"kernel 2 (localhost):"
"\"\"\n"
"kernel 2 (localhost):"
"\"EXACT_POLYNOMIAL_ACCEPTED \"InputForm[{8, CutIntegral[\"R03\", {1, 1, 0, 1}]}]\" seconds \"4.018548`7.055614153670284\" bytes \"3265832\n"
"kernel 2 (localhost):"
"\"REAL_MASTER_COEFFICIENT \"\"Hgg\"\" \"8\" \"InputForm[CutIntegral[\"R03\", {1, 1, 1, 1}]]\n"
"kernel 2 (localhost):"
"\"EXACT_POLYNOMIAL_BACKEND_START \"InputForm[{8, CutIntegral[\"R03\", {1, 1, 1, 1}]}]\" terms \"2\" bytes \"1925\n"
"kernel 2 (localhost):"
"\"EXACT_POLYNOMIAL_SUM production_sum 2 2 0.001\\nPASS: exact polynomial comparison backend\\n\"\n"
"kernel 2 (localhost):"
"\"\"\n"
"kernel 2 (localhost):"
"\"EXACT_POLYNOMIAL_ACCEPTED \"InputForm[{8, CutIntegral[\"R03\", {1, 1, 1, 1}]}]\" seconds \"0.134583`5.5805351984621705\" bytes \"62992\n"
"kernel 2 (localhost):"
"\"REAL_MASTER_COEFFICIENT \"\"Hgg\"\" \"8\" \"InputForm[CutIntegral[\"R04\", {1, 1, 1, 1}]]\n"
"kernel 2 (localhost):"
"\"EXACT_POLYNOMIAL_BACKEND_START \"InputForm[{8, CutIntegral[\"R04\", {1, 1, 1, 1}]}]\" terms \"8\" bytes \"15271\n"
"kernel 2 (localhost):"
"\"EXACT_POLYNOMIAL_SUM production_sum 8 8 0.007\\nPASS: exact polynomial comparison backend\\n\"\n"
"kernel 2 (localhost):"
"\"\"\n"
"kernel 2 (localhost):"
"\"EXACT_POLYNOMIAL_ACCEPTED \"InputForm[{8, CutIntegral[\"R04\", {1, 1, 1, 1}]}]\" seconds \"0.194139`5.739657781761309\" bytes \"223760\n"
"kernel 2 (localhost):"
"\"REAL_MASTER_COEFFICIENT \"\"Hgg\"\" \"8\" \"InputForm[CutIntegral[\"R09\", {1, 1, 1, 1}]]\n"
"kernel 2 (localhost):"
"\"EXACT_POLYNOMIAL_BACKEND_START \"InputForm[{8, CutIntegral[\"R09\", {1, 1, 1, 1}]}]\" terms \"2\" bytes \"3753\n"
"kernel 2 (localhost):"
"\"EXACT_POLYNOMIAL_SUM production_sum 2 2 0.005\\nPASS: exact polynomial comparison backend\\n\"\n"
"kernel 2 (localhost):"
"\"\"\n"
"kernel 2 (localhost):"
"\"EXACT_POLYNOMIAL_ACCEPTED \"InputForm[{8, CutIntegral[\"R09\", {1, 1, 1, 1}]}]\" seconds \"0.152251`5.63410514730043\" bytes \"255512\n"
"kernel 2 (localhost):"
"\"REAL_MASTER_COEFFICIENT \"\"Hgg\"\" \"8\" \"InputForm[CutIntegral[\"R10\", {1, 1, 1, 1}]]\n"
"kernel 2 (localhost):"
"\"EXACT_POLYNOMIAL_BACKEND_START \"InputForm[{8, CutIntegral[\"R10\", {1, 1, 1, 1}]}]\" terms \"4\" bytes \"9231\n"
"kernel 2 (localhost):"
"\"EXACT_POLYNOMIAL_SUM production_sum 4 4 0.002\\nPASS: exact polynomial comparison backend\\n\"\n"
"kernel 2 (localhost):"
"\"\"\n"
"kernel 2 (localhost):"
"\"EXACT_POLYNOMIAL_ACCEPTED \"InputForm[{8, CutIntegral[\"R10\", {1, 1, 1, 1}]}]\" seconds \"0.154861`5.6414870528473475\" bytes \"139152\n"
"kernel 2 (localhost):"
"\"PASS: \"\"complete linear reduced coefficient reconstruction\"\n"
"kernel 2 (localhost):"
"\"PASS: \"\"reduced coefficients are scalar rational expressions\"\n"
"kernel 2 (localhost):"
"\"REAL_MAP_ACCEPTED \"\"Hgg\"\" \"8\n"
"kernel 2 (localhost):"
"\"PASS: \"\"complete reduced output accepted before storage projection\"\n"
"kernel 2 (localhost):"
"\"PASS: \"\"exact downstream coefficient interface\"\n"
"kernel 2 (localhost):"
"\"REAL_MAP \"\"Hgg\"\" \"9\"/\"98\" \"<|\"Sector\" -> \"Real\", \"Kind\" -> \"ExtendedResponse\", \"Index\" -> {1, 5, 1}|>\" kernel \"2\n"
"kernel 2 (localhost):"
"\"PASS: \"\"exact saved raw file\"\n"
"kernel 2 (localhost):"
"\"PASS: \"\"raw reader returns complete original record\"\n"
"kernel 2 (localhost):"
"\"PASS: \"\"raw component retains executed reconstruction\"\n"
"kernel 2 (localhost):"
"\"PASS: \"\"known rules end in saved masters\"\n"
"kernel 2 (localhost):"
"\"PASS: \"\"exact individual reduction-rule reconstruction\"\n"
"kernel 2 (localhost):"
"\"REAL_MASTER_COEFFICIENT \"\"Hgg\"\" \"9\" \"InputForm[CutIntegral[\"R01\", {1, 1, 0, 0}]]\n"
"kernel 2 (localhost):"
"\"PASS: \"\"exact polynomial transfer supports rational coefficients\"\n"
"kernel 2 (localhost):"
"\"PASS: \"\"unassigned exact polynomial variables\"\n"
"kernel 2 (localhost):"
"\"PASS: \"\"native JSON header shape\"\n"
"kernel 2 (localhost):"
"\"PASS: \"\"complete polynomial variable support\"\n"
"kernel 2 (localhost):"
"\"PASS: \"\"exported polynomial denominator reconstructs\"\n"
"kernel 2 (localhost):"
"\"PASS: \"\"native polynomial text reconstructs\"\n"
"kernel 2 (localhost):"
"\"PASS: \"\"native JSON term reconstructs\"\n"
"kernel 2 (localhost):"
"\"EXACT_POLYNOMIAL_TRANSFER \"\"production_sum\"\" \"64\"/\"406\n"
"kernel 2 (localhost):"
"\"EXACT_POLYNOMIAL_TRANSFER \"\"production_sum\"\" \"128\"/\"406\n"
"kernel 2 (localhost):"
"\"EXACT_POLYNOMIAL_TRANSFER \"\"production_sum\"\" \"192\"/\"406\n"
"kernel 2 (localhost):"
"\"EXACT_POLYNOMIAL_TRANSFER \"\"production_sum\"\" \"256\"/\"406\n"
"kernel 2 (localhost):"
"\"EXACT_POLYNOMIAL_TRANSFER \"\"production_sum\"\" \"320\"/\"406\n"
"kernel 1 (localhost):"
"\"EXACT_POLYNOMIAL_SUM production_sum 16 404 8.245\\nEXACT_POLYNOMIAL_SUM production_sum 32 404 9.61\\nEXACT_POLYNOMIAL_SUM production_sum 48 404 11.151\\nEXACT_POLYNOMIAL_SUM production_sum 64 404 12.172\\nEXACT_POLYNOMIAL_SUM production_sum 80 404 13.544\\nEXACT_POLYNOMIAL_SUM production_sum 96 404 14.602\\nEXACT_POLYNOMIAL_SUM production_sum 112 404 16.194\\nEXACT_POLYNOMIAL_SUM production_sum 128 404 17.841\\nEXACT_POLYNOMIAL_SUM production_sum 144 404 19.559\\nEXACT_POLYNOMIAL_SUM production_sum 160 404 21.289\\nEXACT_POLYNOMIAL_SUM production_sum 176 404 22.705\\nEXACT_POLYNOMIAL_SUM production_sum 192 404 24.378\\nEXACT_POLYNOMIAL_SUM production_sum 208 404 26.018\\nEXACT_POLYNOMIAL_SUM production_sum 224 404 27.655\\nEXACT_POLYNOMIAL_SUM production_sum 240 404 28.995\\nEXACT_POLYNOMIAL_SUM production_sum 256 404 30.368\\nEXACT_POLYNOMIAL_SUM production_sum 272 404 31.678\\nEXACT_POLYNOMIAL_SUM production_sum 288 404 32.567\\nEXACT_POLYNOMIAL_SUM production_sum 304 404 33.873\\nEXACT_POLYNOMIAL_SUM production_sum 320 404 34.965\\nEXACT_POLYNOMIAL_SUM production_sum 336 404 35.649\\nEXACT_POLYNOMIAL_SUM production_sum 352 404 36.424\\nEXACT_POLYNOMIAL_SUM production_sum 368 404 37.894\\nEXACT_POLYNOMIAL_SUM production_sum 384 404 39.114\\nEXACT_POLYNOMIAL_SUM production_sum 400 404 40.007\\nEXACT_POLYNOMIAL_SUM production_sum 404 404 40.296\\nPASS: exact polynomial comparison backend\\n\"\n"
"kernel 1 (localhost):"
"\"\"\n"
"kernel 1 (localhost):"
"\"PASS: \"\"exact production backend completed\"\n"
"kernel 1 (localhost):"
"\"PASS: \"\"exact production backend input and source\"\n"
"kernel 1 (localhost):"
"\"PASS: \"\"complete production termwise reconstruction\"\n"
"kernel 1 (localhost):"
"\"PASS: \"\"exact scalar coefficient import\"\n"
"kernel 1 (localhost):"
"\"EXACT_POLYNOMIAL_ACCEPTED \"InputForm[{7, CutIntegral[\"R01\", {1, 1, 0, 0}]}]\" seconds \"62.88535`8.250094475901369\" bytes \"2927032\n"
"kernel 1 (localhost):"
"\"PASS: \"\"compressed scalar map below file bound\"\n"
"kernel 1 (localhost):"
"\"PASS: \"\"compressed scalar map exact round trip\"\n"
"kernel 1 (localhost):"
"\"PASS: \"\"master coefficient retains exact reconstruction\"\n"
"kernel 1 (localhost):"
"\"REAL_MASTER_COEFFICIENT \"\"Hgg\"\" \"7\" \"InputForm[CutIntegral[\"R01\", {1, 1, 1, 1}]]\n"
"kernel 1 (localhost):"
"\"EXACT_POLYNOMIAL_BACKEND_START \"InputForm[{7, CutIntegral[\"R01\", {1, 1, 1, 1}]}]\" terms \"2\" bytes \"1105\n"
"kernel 1 (localhost):"
"\"EXACT_POLYNOMIAL_SUM production_sum 2 2 0.0\\nPASS: exact polynomial comparison backend\\n\"\n"
"kernel 1 (localhost):"
"\"\"\n"
"kernel 1 (localhost):"
"\"EXACT_POLYNOMIAL_ACCEPTED \"InputForm[{7, CutIntegral[\"R01\", {1, 1, 1, 1}]}]\" seconds \"0.127971`5.558656557152308\" bytes \"10544\n"
"kernel 1 (localhost):"
"\"REAL_MASTER_COEFFICIENT \"\"Hgg\"\" \"7\" \"InputForm[CutIntegral[\"R02\", {1, 1, 1, 1}]]\n"
"kernel 1 (localhost):"
"\"EXACT_POLYNOMIAL_BACKEND_START \"InputForm[{7, CutIntegral[\"R02\", {1, 1, 1, 1}]}]\" terms \"4\" bytes \"2957\n"
"kernel 1 (localhost):"
"\"EXACT_POLYNOMIAL_SUM production_sum 4 4 0.001\\nPASS: exact polynomial comparison backend\\n\"\n"
"kernel 1 (localhost):"
"\"\"\n"
"kernel 1 (localhost):"
"\"EXACT_POLYNOMIAL_ACCEPTED \"InputForm[{7, CutIntegral[\"R02\", {1, 1, 1, 1}]}]\" seconds \"0.143235`5.60759414589232\" bytes \"31408\n"
"kernel 1 (localhost):"
"\"REAL_MASTER_COEFFICIENT \"\"Hgg\"\" \"7\" \"InputForm[CutIntegral[\"R03\", {1, 1, 0, 1}]]\n"
"kernel 2 (localhost):"
"\"EXACT_POLYNOMIAL_TRANSFER \"\"production_sum\"\" \"384\"/\"406\n"
"kernel 2 (localhost):"
"\"PASS: \"\"bounded polynomial transfer file\"\n"
"kernel 2 (localhost):"
"\"PASS: \"\"unchanged validated exact backend\"\n"
"kernel 2 (localhost):"
"\"EXACT_POLYNOMIAL_BACKEND_START \"InputForm[{9, CutIntegral[\"R01\", {1, 1, 0, 0}]}]\" terms \"406\" bytes \"14361628\n"
"kernel 1 (localhost):"
"\"EXACT_POLYNOMIAL_TRANSFER \"\"production_sum\"\" \"64\"/\"86\n"
"kernel 1 (localhost):"
"\"EXACT_POLYNOMIAL_BACKEND_START \"InputForm[{7, CutIntegral[\"R03\", {1, 1, 0, 1}]}]\" terms \"86\" bytes \"2079337\n"
"kernel 1 (localhost):"
"\"EXACT_POLYNOMIAL_SUM production_sum 16 86 1.406\\nEXACT_POLYNOMIAL_SUM production_sum 32 86 1.542\\nEXACT_POLYNOMIAL_SUM production_sum 48 86 1.662\\nEXACT_POLYNOMIAL_SUM production_sum 64 86 1.785\\nEXACT_POLYNOMIAL_SUM production_sum 80 86 1.895\\nEXACT_POLYNOMIAL_SUM production_sum 86 86 1.924\\nPASS: exact polynomial comparison backend\\n\"\n"
"kernel 1 (localhost):"
"\"\"\n"
"kernel 1 (localhost):"
"\"EXACT_POLYNOMIAL_ACCEPTED \"InputForm[{7, CutIntegral[\"R03\", {1, 1, 0, 1}]}]\" seconds \"6.436621`7.260202931325509\" bytes \"3288872\n"
"kernel 1 (localhost):"
"\"REAL_MASTER_COEFFICIENT \"\"Hgg\"\" \"7\" \"InputForm[CutIntegral[\"R03\", {1, 1, 1, 1}]]\n"
"kernel 1 (localhost):"
"\"EXACT_POLYNOMIAL_BACKEND_START \"InputForm[{7, CutIntegral[\"R03\", {1, 1, 1, 1}]}]\" terms \"2\" bytes \"1817\n"
"kernel 1 (localhost):"
"\"EXACT_POLYNOMIAL_SUM production_sum 2 2 0.001\\nPASS: exact polynomial comparison backend\\n\"\n"
"kernel 1 (localhost):"
"\"\"\n"
"kernel 1 (localhost):"
"\"EXACT_POLYNOMIAL_ACCEPTED \"InputForm[{7, CutIntegral[\"R03\", {1, 1, 1, 1}]}]\" seconds \"0.135456`5.583343240289888\" bytes \"59464\n"
"kernel 1 (localhost):"
"\"REAL_MASTER_COEFFICIENT \"\"Hgg\"\" \"7\" \"InputForm[CutIntegral[\"R04\", {1, 1, 1, 1}]]\n"
"kernel 1 (localhost):"
"\"EXACT_POLYNOMIAL_BACKEND_START \"InputForm[{7, CutIntegral[\"R04\", {1, 1, 1, 1}]}]\" terms \"8\" bytes \"20595\n"
"kernel 1 (localhost):"
"\"EXACT_POLYNOMIAL_SUM production_sum 8 8 0.01\\nPASS: exact polynomial comparison backend\\n\"\n"
"kernel 1 (localhost):"
"\"\"\n"
"kernel 1 (localhost):"
"\"EXACT_POLYNOMIAL_ACCEPTED \"InputForm[{7, CutIntegral[\"R04\", {1, 1, 1, 1}]}]\" seconds \"0.23444`5.8215767062055574\" bytes \"191472\n"
"kernel 1 (localhost):"
"\"REAL_MASTER_COEFFICIENT \"\"Hgg\"\" \"7\" \"InputForm[CutIntegral[\"R09\", {1, 1, 1, 1}]]\n"
"kernel 1 (localhost):"
"\"EXACT_POLYNOMIAL_BACKEND_START \"InputForm[{7, CutIntegral[\"R09\", {1, 1, 1, 1}]}]\" terms \"2\" bytes \"4129\n"
"kernel 1 (localhost):"
"\"EXACT_POLYNOMIAL_SUM production_sum 2 2 0.005\\nPASS: exact polynomial comparison backend\\n\"\n"
"kernel 1 (localhost):"
"\"\"\n"
"kernel 1 (localhost):"
"\"EXACT_POLYNOMIAL_ACCEPTED \"InputForm[{7, CutIntegral[\"R09\", {1, 1, 1, 1}]}]\" seconds \"0.145606`5.61472426485488\" bytes \"281648\n"
"kernel 1 (localhost):"
"\"REAL_MASTER_COEFFICIENT \"\"Hgg\"\" \"7\" \"InputForm[CutIntegral[\"R10\", {1, 1, 1, 1}]]\n"
"kernel 1 (localhost):"
"\"EXACT_POLYNOMIAL_BACKEND_START \"InputForm[{7, CutIntegral[\"R10\", {1, 1, 1, 1}]}]\" terms \"6\" bytes \"7381\n"
"kernel 1 (localhost):"
"\"EXACT_POLYNOMIAL_SUM production_sum 6 6 0.004\\nPASS: exact polynomial comparison backend\\n\"\n"
"kernel 1 (localhost):"
"\"\"\n"
"kernel 1 (localhost):"
"\"EXACT_POLYNOMIAL_ACCEPTED \"InputForm[{7, CutIntegral[\"R10\", {1, 1, 1, 1}]}]\" seconds \"0.158728`5.652198537597274\" bytes \"67584\n"
"kernel 1 (localhost):"
"\"PASS: \"\"complete linear reduced coefficient reconstruction\"\n"
"kernel 1 (localhost):"
"\"PASS: \"\"reduced coefficients are scalar rational expressions\"\n"
"kernel 1 (localhost):"
"\"REAL_MAP_ACCEPTED \"\"Hgg\"\" \"7\n"
"kernel 1 (localhost):"
"\"PASS: \"\"complete reduced output accepted before storage projection\"\n"
"kernel 1 (localhost):"
"\"PASS: \"\"exact downstream coefficient interface\"\n"
"kernel 1 (localhost):"
"\"REAL_MAP \"\"Hgg\"\" \"10\"/\"98\" \"<|\"Sector\" -> \"Real\", \"Kind\" -> \"ExtendedResponse\", \"Index\" -> {1, 5, 2}|>\" kernel \"1\n"
"kernel 1 (localhost):"
"\"PASS: \"\"exact saved raw file\"\n"
"kernel 1 (localhost):"
"\"PASS: \"\"raw reader returns complete original record\"\n"
"kernel 1 (localhost):"
"\"PASS: \"\"raw component retains executed reconstruction\"\n"
"kernel 1 (localhost):"
"\"PASS: \"\"known rules end in saved masters\"\n"
"kernel 1 (localhost):"
"\"PASS: \"\"exact individual reduction-rule reconstruction\"\n"
"kernel 1 (localhost):"
"\"REAL_MASTER_COEFFICIENT \"\"Hgg\"\" \"10\" \"InputForm[CutIntegral[\"R01\", {1, 1, 0, 0}]]\n"
"kernel 1 (localhost):"
"\"PASS: \"\"exact polynomial transfer supports rational coefficients\"\n"
"kernel 1 (localhost):"
"\"PASS: \"\"unassigned exact polynomial variables\"\n"
"kernel 1 (localhost):"
"\"PASS: \"\"native JSON header shape\"\n"
"kernel 1 (localhost):"
"\"PASS: \"\"complete polynomial variable support\"\n"
"kernel 1 (localhost):"
"\"PASS: \"\"exported polynomial denominator reconstructs\"\n"
"kernel 1 (localhost):"
"\"PASS: \"\"native polynomial text reconstructs\"\n"
"kernel 1 (localhost):"
"\"PASS: \"\"native JSON term reconstructs\"\n"
"kernel 1 (localhost):"
"\"EXACT_POLYNOMIAL_TRANSFER \"\"production_sum\"\" \"64\"/\"406\n"
"kernel 1 (localhost):"
"\"EXACT_POLYNOMIAL_TRANSFER \"\"production_sum\"\" \"128\"/\"406\n"
"kernel 1 (localhost):"
"\"EXACT_POLYNOMIAL_TRANSFER \"\"production_sum\"\" \"192\"/\"406\n"
"kernel 1 (localhost):"
"\"EXACT_POLYNOMIAL_TRANSFER \"\"production_sum\"\" \"256\"/\"406\n"
"kernel 1 (localhost):"
"\"EXACT_POLYNOMIAL_TRANSFER \"\"production_sum\"\" \"320\"/\"406\n"
"kernel 1 (localhost):"
"\"EXACT_POLYNOMIAL_TRANSFER \"\"production_sum\"\" \"384\"/\"406\n"
"kernel 1 (localhost):"
"\"PASS: \"\"bounded polynomial transfer file\"\n"
"kernel 1 (localhost):"
"\"PASS: \"\"unchanged validated exact backend\"\n"
"kernel 1 (localhost):"
"\"EXACT_POLYNOMIAL_BACKEND_START \"InputForm[{10, CutIntegral[\"R01\", {1, 1, 0, 0}]}]\" terms \"406\" bytes \"13858578\n"
"kernel 2 (localhost):"
"\"EXACT_POLYNOMIAL_SUM production_sum 16 406 10.051\\nEXACT_POLYNOMIAL_SUM production_sum 32 406 11.385\\nEXACT_POLYNOMIAL_SUM production_sum 48 406 12.763\\nEXACT_POLYNOMIAL_SUM production_sum 64 406 14.534\\nEXACT_POLYNOMIAL_SUM production_sum 80 406 16.266\\nEXACT_POLYNOMIAL_SUM production_sum 96 406 17.722\\nEXACT_POLYNOMIAL_SUM production_sum 112 406 19.212\\nEXACT_POLYNOMIAL_SUM production_sum 128 406 20.811\\nEXACT_POLYNOMIAL_SUM production_sum 144 406 22.336\\nEXACT_POLYNOMIAL_SUM production_sum 160 406 24.108\\nEXACT_POLYNOMIAL_SUM production_sum 176 406 25.55\\nEXACT_POLYNOMIAL_SUM production_sum 192 406 27.153\\nEXACT_POLYNOMIAL_SUM production_sum 208 406 29.013\\nEXACT_POLYNOMIAL_SUM production_sum 224 406 30.539\\nEXACT_POLYNOMIAL_SUM production_sum 240 406 31.78\\nEXACT_POLYNOMIAL_SUM production_sum 256 406 33.095\\nEXACT_POLYNOMIAL_SUM production_sum 272 406 34.098\\nEXACT_POLYNOMIAL_SUM production_sum 288 406 34.925\\nEXACT_POLYNOMIAL_SUM production_sum 304 406 35.753\\nEXACT_POLYNOMIAL_SUM production_sum 320 406 36.673\\nEXACT_POLYNOMIAL_SUM production_sum 336 406 37.335\\nEXACT_POLYNOMIAL_SUM production_sum 352 406 38.485\\nEXACT_POLYNOMIAL_SUM production_sum 368 406 39.677\\nEXACT_POLYNOMIAL_SUM production_sum 384 406 40.666\\nEXACT_POLYNOMIAL_SUM production_sum 400 406 41.438\\nEXACT_POLYNOMIAL_SUM production_sum 406 406 41.764\\nPASS: exact polynomial comparison backend\\n\"\n"
"kernel 2 (localhost):"
"\"\"\n"
"kernel 2 (localhost):"
"\"PASS: \"\"exact production backend completed\"\n"
"kernel 2 (localhost):"
"\"PASS: \"\"exact production backend input and source\"\n"
"kernel 2 (localhost):"
"\"PASS: \"\"complete production termwise reconstruction\"\n"
"kernel 2 (localhost):"
"\"PASS: \"\"exact scalar coefficient import\"\n"
"kernel 2 (localhost):"
"\"EXACT_POLYNOMIAL_ACCEPTED \"InputForm[{9, CutIntegral[\"R01\", {1, 1, 0, 0}]}]\" seconds \"66.348309`8.27337485210069\" bytes \"4195256\n"
"kernel 2 (localhost):"
"\"PASS: \"\"compressed scalar map below file bound\"\n"
"kernel 2 (localhost):"
"\"PASS: \"\"compressed scalar map exact round trip\"\n"
"kernel 2 (localhost):"
"\"PASS: \"\"master coefficient retains exact reconstruction\"\n"
"kernel 2 (localhost):"
"\"REAL_MASTER_COEFFICIENT \"\"Hgg\"\" \"9\" \"InputForm[CutIntegral[\"R01\", {1, 1, 1, 1}]]\n"
"kernel 2 (localhost):"
"\"EXACT_POLYNOMIAL_BACKEND_START \"InputForm[{9, CutIntegral[\"R01\", {1, 1, 1, 1}]}]\" terms \"2\" bytes \"4883\n"
"kernel 2 (localhost):"
"\"EXACT_POLYNOMIAL_SUM production_sum 2 2 0.002\\nPASS: exact polynomial comparison backend\\n\"\n"
"kernel 2 (localhost):"
"\"\"\n"
"kernel 2 (localhost):"
"\"EXACT_POLYNOMIAL_ACCEPTED \"InputForm[{9, CutIntegral[\"R01\", {1, 1, 1, 1}]}]\" seconds \"0.146474`5.617305535191987\" bytes \"89016\n"
"kernel 2 (localhost):"
"\"REAL_MASTER_COEFFICIENT \"\"Hgg\"\" \"9\" \"InputForm[CutIntegral[\"R02\", {1, 1, 1, 1}]]\n"
"kernel 2 (localhost):"
"\"EXACT_POLYNOMIAL_BACKEND_START \"InputForm[{9, CutIntegral[\"R02\", {1, 1, 1, 1}]}]\" terms \"6\" bytes \"50479\n"
"kernel 2 (localhost):"
"\"EXACT_POLYNOMIAL_SUM production_sum 6 6 0.013\\nPASS: exact polynomial comparison backend\\n\"\n"
"kernel 2 (localhost):"
"\"\"\n"
"kernel 2 (localhost):"
"\"EXACT_POLYNOMIAL_ACCEPTED \"InputForm[{9, CutIntegral[\"R02\", {1, 1, 1, 1}]}]\" seconds \"0.274082`5.889425508213273\" bytes \"686632\n"
"kernel 2 (localhost):"
"\"REAL_MASTER_COEFFICIENT \"\"Hgg\"\" \"9\" \"InputForm[CutIntegral[\"R03\", {1, 1, 0, 1}]]\n"
"kernel 2 (localhost):"
"\"EXACT_POLYNOMIAL_TRANSFER \"\"production_sum\"\" \"64\"/\"86\n"
"kernel 2 (localhost):"
"\"EXACT_POLYNOMIAL_BACKEND_START \"InputForm[{9, CutIntegral[\"R03\", {1, 1, 0, 1}]}]\" terms \"86\" bytes \"2400262\n"
"kernel 2 (localhost):"
"\"EXACT_POLYNOMIAL_SUM production_sum 16 86 1.858\\nEXACT_POLYNOMIAL_SUM production_sum 32 86 2.011\\nEXACT_POLYNOMIAL_SUM production_sum 48 86 2.188\\nEXACT_POLYNOMIAL_SUM production_sum 64 86 2.37\\nEXACT_POLYNOMIAL_SUM production_sum 80 86 2.463\\nEXACT_POLYNOMIAL_SUM production_sum 86 86 2.507\\nPASS: exact polynomial comparison backend\\n\"\n"
"kernel 2 (localhost):"
"\"\"\n"
"kernel 2 (localhost):"
"\"EXACT_POLYNOMIAL_ACCEPTED \"InputForm[{9, CutIntegral[\"R03\", {1, 1, 0, 1}]}]\" seconds \"7.582042`7.331331179326002\" bytes \"4721016\n"
"kernel 2 (localhost):"
"\"REAL_MASTER_COEFFICIENT \"\"Hgg\"\" \"9\" \"InputForm[CutIntegral[\"R03\", {1, 1, 1, 1}]]\n"
"kernel 2 (localhost):"
"\"EXACT_POLYNOMIAL_BACKEND_START \"InputForm[{9, CutIntegral[\"R03\", {1, 1, 1, 1}]}]\" terms \"2\" bytes \"5201\n"
"kernel 2 (localhost):"
"\"EXACT_POLYNOMIAL_SUM production_sum 2 2 0.008\\nPASS: exact polynomial comparison backend\\n\"\n"
"kernel 2 (localhost):"
"\"\"\n"
"kernel 2 (localhost):"
"\"EXACT_POLYNOMIAL_ACCEPTED \"InputForm[{9, CutIntegral[\"R03\", {1, 1, 1, 1}]}]\" seconds \"0.152938`5.63606040003253\" bytes \"350936\n"
"kernel 2 (localhost):"
"\"REAL_MASTER_COEFFICIENT \"\"Hgg\"\" \"9\" \"InputForm[CutIntegral[\"R04\", {1, 1, 1, 1}]]\n"
"kernel 2 (localhost):"
"\"EXACT_POLYNOMIAL_BACKEND_START \"InputForm[{9, CutIntegral[\"R04\", {1, 1, 1, 1}]}]\" terms \"8\" bytes \"49433\n"
"kernel 2 (localhost):"
"\"EXACT_POLYNOMIAL_SUM production_sum 8 8 0.024\\nPASS: exact polynomial comparison backend\\n\"\n"
"kernel 2 (localhost):"
"\"\"\n"
"kernel 2 (localhost):"
"\"EXACT_POLYNOMIAL_ACCEPTED \"InputForm[{9, CutIntegral[\"R04\", {1, 1, 1, 1}]}]\" seconds \"0.299926`5.928559109029056\" bytes \"768064\n"
"kernel 2 (localhost):"
"\"REAL_MASTER_COEFFICIENT \"\"Hgg\"\" \"9\" \"InputForm[CutIntegral[\"R09\", {1, 1, 1, 1}]]\n"
"kernel 2 (localhost):"
"\"EXACT_POLYNOMIAL_BACKEND_START \"InputForm[{9, CutIntegral[\"R09\", {1, 1, 1, 1}]}]\" terms \"2\" bytes \"25209\n"
"kernel 2 (localhost):"
"\"EXACT_POLYNOMIAL_SUM production_sum 2 2 0.019\\nPASS: exact polynomial comparison backend\\n\"\n"
"kernel 2 (localhost):"
"\"\"\n"
"kernel 2 (localhost):"
"\"EXACT_POLYNOMIAL_ACCEPTED \"InputForm[{9, CutIntegral[\"R09\", {1, 1, 1, 1}]}]\" seconds \"0.232855`5.8186305612922995\" bytes \"905408\n"
"kernel 2 (localhost):"
"\"REAL_MASTER_COEFFICIENT \"\"Hgg\"\" \"9\" \"InputForm[CutIntegral[\"R10\", {1, 1, 1, 1}]]\n"
"kernel 2 (localhost):"
"\"EXACT_POLYNOMIAL_BACKEND_START \"InputForm[{9, CutIntegral[\"R10\", {1, 1, 1, 1}]}]\" terms \"6\" bytes \"24973\n"
"kernel 2 (localhost):"
"\"EXACT_POLYNOMIAL_SUM production_sum 6 6 0.008\\nPASS: exact polynomial comparison backend\\n\"\n"
"kernel 2 (localhost):"
"\"\"\n"
"kernel 2 (localhost):"
"\"EXACT_POLYNOMIAL_ACCEPTED \"InputForm[{9, CutIntegral[\"R10\", {1, 1, 1, 1}]}]\" seconds \"0.211902`5.77768004923869\" bytes \"344728\n"
"kernel 2 (localhost):"
"\"PASS: \"\"complete linear reduced coefficient reconstruction\"\n"
"kernel 2 (localhost):"
"\"PASS: \"\"reduced coefficients are scalar rational expressions\"\n"
"kernel 2 (localhost):"
"\"REAL_MAP_ACCEPTED \"\"Hgg\"\" \"9\n"
"kernel 2 (localhost):"
"\"PASS: \"\"complete reduced output accepted before storage projection\"\n"
"kernel 2 (localhost):"
"\"PASS: \"\"exact downstream coefficient interface\"\n"
"kernel 2 (localhost):"
"\"REAL_MAP \"\"Hgg\"\" \"11\"/\"98\" \"<|\"Sector\" -> \"Real\", \"Kind\" -> \"ExtendedResponse\", \"Index\" -> {1, 5, 5}|>\" kernel \"2\n"
"kernel 2 (localhost):"
"\"PASS: \"\"exact saved raw file\"\n"
"kernel 2 (localhost):"
"\"PASS: \"\"raw reader returns complete original record\"\n"
"kernel 2 (localhost):"
"\"PASS: \"\"raw component retains executed reconstruction\"\n"
"kernel 2 (localhost):"
"\"PASS: \"\"known rules end in saved masters\"\n"
"kernel 2 (localhost):"
"\"PASS: \"\"exact individual reduction-rule reconstruction\"\n"
"kernel 2 (localhost):"
"\"REAL_MASTER_COEFFICIENT \"\"Hgg\"\" \"11\" \"InputForm[CutIntegral[\"R01\", {1, 1, 0, 0}]]\n"
"kernel 2 (localhost):"
"\"PASS: \"\"exact polynomial transfer supports rational coefficients\"\n"
"kernel 2 (localhost):"
"\"PASS: \"\"unassigned exact polynomial variables\"\n"
"kernel 2 (localhost):"
"\"PASS: \"\"native JSON header shape\"\n"
"kernel 2 (localhost):"
"\"PASS: \"\"complete polynomial variable support\"\n"
"kernel 2 (localhost):"
"\"PASS: \"\"exported polynomial denominator reconstructs\"\n"
"kernel 2 (localhost):"
"\"PASS: \"\"native polynomial text reconstructs\"\n"
"kernel 2 (localhost):"
"\"PASS: \"\"native JSON term reconstructs\"\n"
"kernel 2 (localhost):"
"\"EXACT_POLYNOMIAL_TRANSFER \"\"production_sum\"\" \"64\"/\"406\n"
"kernel 2 (localhost):"
"\"EXACT_POLYNOMIAL_TRANSFER \"\"production_sum\"\" \"128\"/\"406\n"
"kernel 2 (localhost):"
"\"EXACT_POLYNOMIAL_TRANSFER \"\"production_sum\"\" \"192\"/\"406\n"
"kernel 1 (localhost):"
"\"EXACT_POLYNOMIAL_SUM production_sum 16 406 9.782\\nEXACT_POLYNOMIAL_SUM production_sum 32 406 11.192\\nEXACT_POLYNOMIAL_SUM production_sum 48 406 12.765\\nEXACT_POLYNOMIAL_SUM production_sum 64 406 13.894\\nEXACT_POLYNOMIAL_SUM production_sum 80 406 15.42\\nEXACT_POLYNOMIAL_SUM production_sum 96 406 16.425\\nEXACT_POLYNOMIAL_SUM production_sum 112 406 18.227\\nEXACT_POLYNOMIAL_SUM production_sum 128 406 19.989\\nEXACT_POLYNOMIAL_SUM production_sum 144 406 21.418\\nEXACT_POLYNOMIAL_SUM production_sum 160 406 22.915\\nEXACT_POLYNOMIAL_SUM production_sum 176 406 24.537\\nEXACT_POLYNOMIAL_SUM production_sum 192 406 26.206\\nEXACT_POLYNOMIAL_SUM production_sum 208 406 27.747\\nEXACT_POLYNOMIAL_SUM production_sum 224 406 29.497\\nEXACT_POLYNOMIAL_SUM production_sum 240 406 30.784\\nEXACT_POLYNOMIAL_SUM production_sum 256 406 31.803\\nEXACT_POLYNOMIAL_SUM production_sum 272 406 32.577\\nEXACT_POLYNOMIAL_SUM production_sum 288 406 33.818\\nEXACT_POLYNOMIAL_SUM production_sum 304 406 34.795\\nEXACT_POLYNOMIAL_SUM production_sum 320 406 35.794\\nEXACT_POLYNOMIAL_SUM production_sum 336 406 36.468\\nEXACT_POLYNOMIAL_SUM production_sum 352 406 37.738\\nEXACT_POLYNOMIAL_SUM production_sum 368 406 38.846\\nEXACT_POLYNOMIAL_SUM production_sum 384 406 39.832\\nEXACT_POLYNOMIAL_SUM production_sum 400 406 40.592\\nEXACT_POLYNOMIAL_SUM production_sum 406 406 40.861\\nPASS: exact polynomial comparison backend\\n\"\n"
"kernel 1 (localhost):"
"\"\"\n"
"kernel 1 (localhost):"
"\"PASS: \"\"exact production backend completed\"\n"
"kernel 1 (localhost):"
"\"PASS: \"\"exact production backend input and source\"\n"
"kernel 1 (localhost):"
"\"PASS: \"\"complete production termwise reconstruction\"\n"
"kernel 1 (localhost):"
"\"PASS: \"\"exact scalar coefficient import\"\n"
"kernel 1 (localhost):"
"\"EXACT_POLYNOMIAL_ACCEPTED \"InputForm[{10, CutIntegral[\"R01\", {1, 1, 0, 0}]}]\" seconds \"64.205756`8.259118957499123\" bytes \"3544152\n"
"kernel 1 (localhost):"
"\"PASS: \"\"compressed scalar map below file bound\"\n"
"kernel 1 (localhost):"
"\"PASS: \"\"compressed scalar map exact round trip\"\n"
"kernel 1 (localhost):"
"\"PASS: \"\"master coefficient retains exact reconstruction\"\n"
"kernel 1 (localhost):"
"\"REAL_MASTER_COEFFICIENT \"\"Hgg\"\" \"10\" \"InputForm[CutIntegral[\"R01\", {1, 1, 1, 1}]]\n"
"kernel 1 (localhost):"
"\"EXACT_POLYNOMIAL_BACKEND_START \"InputForm[{10, CutIntegral[\"R01\", {1, 1, 1, 1}]}]\" terms \"2\" bytes \"4881\n"
"kernel 1 (localhost):"
"\"EXACT_POLYNOMIAL_SUM production_sum 2 2 0.002\\nPASS: exact polynomial comparison backend\\n\"\n"
"kernel 1 (localhost):"
"\"\"\n"
"kernel 1 (localhost):"
"\"EXACT_POLYNOMIAL_ACCEPTED \"InputForm[{10, CutIntegral[\"R01\", {1, 1, 1, 1}]}]\" seconds \"0.14497`5.612823132403681\" bytes \"88688\n"
"kernel 1 (localhost):"
"\"REAL_MASTER_COEFFICIENT \"\"Hgg\"\" \"10\" \"InputForm[CutIntegral[\"R02\", {1, 1, 1, 1}]]\n"
"kernel 1 (localhost):"
"\"EXACT_POLYNOMIAL_BACKEND_START \"InputForm[{10, CutIntegral[\"R02\", {1, 1, 1, 1}]}]\" terms \"6\" bytes \"49651\n"
"kernel 1 (localhost):"
"\"EXACT_POLYNOMIAL_SUM production_sum 6 6 0.014\\nPASS: exact polynomial comparison backend\\n\"\n"
"kernel 1 (localhost):"
"\"\"\n"
"kernel 1 (localhost):"
"\"EXACT_POLYNOMIAL_ACCEPTED \"InputForm[{10, CutIntegral[\"R02\", {1, 1, 1, 1}]}]\" seconds \"0.244528`5.8398735892634\" bytes \"685720\n"
"kernel 1 (localhost):"
"\"REAL_MASTER_COEFFICIENT \"\"Hgg\"\" \"10\" \"InputForm[CutIntegral[\"R03\", {1, 1, 0, 1}]]\n"
"kernel 2 (localhost):"
"\"EXACT_POLYNOMIAL_TRANSFER \"\"production_sum\"\" \"256\"/\"406\n"
"kernel 2 (localhost):"
"\"EXACT_POLYNOMIAL_TRANSFER \"\"production_sum\"\" \"320\"/\"406\n"
"kernel 1 (localhost):"
"\"EXACT_POLYNOMIAL_TRANSFER \"\"production_sum\"\" \"64\"/\"86\n"
"kernel 1 (localhost):"
"\"EXACT_POLYNOMIAL_BACKEND_START \"InputForm[{10, CutIntegral[\"R03\", {1, 1, 0, 1}]}]\" terms \"86\" bytes \"2289357\n"
"kernel 2 (localhost):"
"\"EXACT_POLYNOMIAL_TRANSFER \"\"production_sum\"\" \"384\"/\"406\n"
"kernel 2 (localhost):"
"\"PASS: \"\"bounded polynomial transfer file\"\n"
"kernel 2 (localhost):"
"\"PASS: \"\"unchanged validated exact backend\"\n"
"kernel 2 (localhost):"
"\"EXACT_POLYNOMIAL_BACKEND_START \"InputForm[{11, CutIntegral[\"R01\", {1, 1, 0, 0}]}]\" terms \"406\" bytes \"13294252\n"
"kernel 1 (localhost):"
"\"EXACT_POLYNOMIAL_SUM production_sum 16 86 1.819\\nEXACT_POLYNOMIAL_SUM production_sum 32 86 1.965\\nEXACT_POLYNOMIAL_SUM production_sum 48 86 2.123\\nEXACT_POLYNOMIAL_SUM production_sum 64 86 2.296\\nEXACT_POLYNOMIAL_SUM production_sum 80 86 2.409\\nEXACT_POLYNOMIAL_SUM production_sum 86 86 2.449\\nPASS: exact polynomial comparison backend\\n\"\n"
"kernel 1 (localhost):"
"\"\"\n"
"kernel 1 (localhost):"
"\"EXACT_POLYNOMIAL_ACCEPTED \"InputForm[{10, CutIntegral[\"R03\", {1, 1, 0, 1}]}]\" seconds \"7.416202`7.321726543959623\" bytes \"4105672\n"
"kernel 1 (localhost):"
"\"REAL_MASTER_COEFFICIENT \"\"Hgg\"\" \"10\" \"InputForm[CutIntegral[\"R03\", {1, 1, 1, 1}]]\n"
"kernel 1 (localhost):"
"\"EXACT_POLYNOMIAL_BACKEND_START \"InputForm[{10, CutIntegral[\"R03\", {1, 1, 1, 1}]}]\" terms \"2\" bytes \"5185\n"
"kernel 1 (localhost):"
"\"EXACT_POLYNOMIAL_SUM production_sum 2 2 0.007\\nPASS: exact polynomial comparison backend\\n\"\n"
"kernel 1 (localhost):"
"\"\"\n"
"kernel 1 (localhost):"
"\"EXACT_POLYNOMIAL_ACCEPTED \"InputForm[{10, CutIntegral[\"R03\", {1, 1, 1, 1}]}]\" seconds \"0.166668`5.673397217454285\" bytes \"347856\n"
"kernel 1 (localhost):"
"\"REAL_MASTER_COEFFICIENT \"\"Hgg\"\" \"10\" \"InputForm[CutIntegral[\"R04\", {1, 1, 1, 1}]]\n"
"kernel 1 (localhost):"
"\"EXACT_POLYNOMIAL_BACKEND_START \"InputForm[{10, CutIntegral[\"R04\", {1, 1, 1, 1}]}]\" terms \"8\" bytes \"44353\n"
"kernel 1 (localhost):"
"\"EXACT_POLYNOMIAL_SUM production_sum 8 8 0.017\\nPASS: exact polynomial comparison backend\\n\"\n"
"kernel 1 (localhost):"
"\"\"\n"
"kernel 1 (localhost):"
"\"EXACT_POLYNOMIAL_ACCEPTED \"InputForm[{10, CutIntegral[\"R04\", {1, 1, 1, 1}]}]\" seconds \"0.276401`5.893084603448845\" bytes \"658880\n"
"kernel 1 (localhost):"
"\"REAL_MASTER_COEFFICIENT \"\"Hgg\"\" \"10\" \"InputForm[CutIntegral[\"R09\", {1, 1, 1, 1}]]\n"
"kernel 1 (localhost):"
"\"EXACT_POLYNOMIAL_BACKEND_START \"InputForm[{10, CutIntegral[\"R09\", {1, 1, 1, 1}]}]\" terms \"2\" bytes \"24965\n"
"kernel 1 (localhost):"
"\"EXACT_POLYNOMIAL_SUM production_sum 2 2 0.016\\nPASS: exact polynomial comparison backend\\n\"\n"
"kernel 1 (localhost):"
"\"\"\n"
"kernel 1 (localhost):"
"\"EXACT_POLYNOMIAL_ACCEPTED \"InputForm[{10, CutIntegral[\"R09\", {1, 1, 1, 1}]}]\" seconds \"0.22703`5.807628242643265\" bytes \"902864\n"
"kernel 1 (localhost):"
"\"REAL_MASTER_COEFFICIENT \"\"Hgg\"\" \"10\" \"InputForm[CutIntegral[\"R10\", {1, 1, 1, 1}]]\n"
"kernel 1 (localhost):"
"\"EXACT_POLYNOMIAL_BACKEND_START \"InputForm[{10, CutIntegral[\"R10\", {1, 1, 1, 1}]}]\" terms \"6\" bytes \"24219\n"
"kernel 1 (localhost):"
"\"EXACT_POLYNOMIAL_SUM production_sum 6 6 0.008\\nPASS: exact polynomial comparison backend\\n\"\n"
"kernel 1 (localhost):"
"\"\"\n"
"kernel 1 (localhost):"
"\"EXACT_POLYNOMIAL_ACCEPTED \"InputForm[{10, CutIntegral[\"R10\", {1, 1, 1, 1}]}]\" seconds \"0.213562`5.781068972852177\" bytes \"337224\n"
"kernel 1 (localhost):"
"\"PASS: \"\"complete linear reduced coefficient reconstruction\"\n"
"kernel 1 (localhost):"
"\"PASS: \"\"reduced coefficients are scalar rational expressions\"\n"
"kernel 1 (localhost):"
"\"REAL_MAP_ACCEPTED \"\"Hgg\"\" \"10\n"
"kernel 1 (localhost):"
"\"PASS: \"\"complete reduced output accepted before storage projection\"\n"
"kernel 1 (localhost):"
"\"PASS: \"\"exact downstream coefficient interface\"\n"
"kernel 1 (localhost):"
"\"REAL_MAP \"\"Hgg\"\" \"12\"/\"98\" \"<|\"Sector\" -> \"Real\", \"Kind\" -> \"ExtendedResponse\", \"Index\" -> {2, 1, 1}|>\" kernel \"1\n"
"kernel 1 (localhost):"
"\"PASS: \"\"exact saved raw file\"\n"
"kernel 1 (localhost):"
"\"PASS: \"\"raw reader returns complete original record\"\n"
"kernel 1 (localhost):"
"\"PASS: \"\"raw component retains executed reconstruction\"\n"
"kernel 1 (localhost):"
"\"PASS: \"\"known rules end in saved masters\"\n"
"kernel 1 (localhost):"
"\"PASS: \"\"exact individual reduction-rule reconstruction\"\n"
"kernel 1 (localhost):"
"\"REAL_MASTER_COEFFICIENT \"\"Hgg\"\" \"12\" \"InputForm[CutIntegral[\"R01\", {1, 1, 0, 0}]]\n"
"kernel 1 (localhost):"
"\"PASS: \"\"exact polynomial transfer supports rational coefficients\"\n"
"kernel 1 (localhost):"
"\"PASS: \"\"unassigned exact polynomial variables\"\n"
"kernel 1 (localhost):"
"\"PASS: \"\"native JSON header shape\"\n"
"kernel 1 (localhost):"
"\"PASS: \"\"complete polynomial variable support\"\n"
"kernel 1 (localhost):"
"\"PASS: \"\"exported polynomial denominator reconstructs\"\n"
"kernel 1 (localhost):"
"\"PASS: \"\"native polynomial text reconstructs\"\n"
"kernel 1 (localhost):"
"\"PASS: \"\"native JSON term reconstructs\"\n"
"kernel 2 (localhost):"
"\"EXACT_POLYNOMIAL_SUM production_sum 16 406 7.064\\nEXACT_POLYNOMIAL_SUM production_sum 32 406 7.978\\nEXACT_POLYNOMIAL_SUM production_sum 48 406 8.971\\nEXACT_POLYNOMIAL_SUM production_sum 64 406 9.952\\nEXACT_POLYNOMIAL_SUM production_sum 80 406 11.02\\nEXACT_POLYNOMIAL_SUM production_sum 96 406 11.991\\nEXACT_POLYNOMIAL_SUM production_sum 112 406 12.953\\nEXACT_POLYNOMIAL_SUM production_sum 128 406 13.889\\nEXACT_POLYNOMIAL_SUM production_sum 144 406 14.941\\nEXACT_POLYNOMIAL_SUM production_sum 160 406 15.89\\nEXACT_POLYNOMIAL_SUM production_sum 176 406 16.898\\nEXACT_POLYNOMIAL_SUM production_sum 192 406 17.951\\nEXACT_POLYNOMIAL_SUM production_sum 208 406 18.905\\nEXACT_POLYNOMIAL_SUM production_sum 224 406 19.586\\nEXACT_POLYNOMIAL_SUM production_sum 240 406 20.304\\nEXACT_POLYNOMIAL_SUM production_sum 256 406 20.93\\nEXACT_POLYNOMIAL_SUM production_sum 272 406 21.518\\nEXACT_POLYNOMIAL_SUM production_sum 288 406 22.007\\nEXACT_POLYNOMIAL_SUM production_sum 304 406 22.725\\nEXACT_POLYNOMIAL_SUM production_sum 320 406 23.29\\nEXACT_POLYNOMIAL_SUM production_sum 336 406 23.834\\nEXACT_POLYNOMIAL_SUM production_sum 352 406 24.441\\nEXACT_POLYNOMIAL_SUM production_sum 368 406 25.083\\nEXACT_POLYNOMIAL_SUM production_sum 384 406 25.691\\nEXACT_POLYNOMIAL_SUM production_sum 400 406 26.171\\nEXACT_POLYNOMIAL_SUM production_sum 406 406 26.386\\nPASS: exact polynomial comparison backend\\n\"\n"
"kernel 2 (localhost):"
"\"\"\n"
"kernel 2 (localhost):"
"\"PASS: \"\"exact production backend completed\"\n"
"kernel 2 (localhost):"
"\"PASS: \"\"exact production backend input and source\"\n"
"kernel 2 (localhost):"
"\"PASS: \"\"complete production termwise reconstruction\"\n"
"kernel 2 (localhost):"
"\"PASS: \"\"exact scalar coefficient import\"\n"
"kernel 2 (localhost):"
"\"EXACT_POLYNOMIAL_ACCEPTED \"InputForm[{11, CutIntegral[\"R01\", {1, 1, 0, 0}]}]\" seconds \"49.652496`8.14748607858881\" bytes \"4359000\n"
"kernel 2 (localhost):"
"\"PASS: \"\"compressed scalar map below file bound\"\n"
"kernel 2 (localhost):"
"\"PASS: \"\"compressed scalar map exact round trip\"\n"
"kernel 2 (localhost):"
"\"PASS: \"\"master coefficient retains exact reconstruction\"\n"
"kernel 2 (localhost):"
"\"REAL_MASTER_COEFFICIENT \"\"Hgg\"\" \"11\" \"InputForm[CutIntegral[\"R01\", {1, 1, 1, 1}]]\n"
"kernel 2 (localhost):"
"\"EXACT_POLYNOMIAL_BACKEND_START \"InputForm[{11, CutIntegral[\"R01\", {1, 1, 1, 1}]}]\" terms \"2\" bytes \"2871\n"
"kernel 2 (localhost):"
"\"EXACT_POLYNOMIAL_SUM production_sum 2 2 0.001\\nPASS: exact polynomial comparison backend\\n\"\n"
"kernel 2 (localhost):"
"\"\"\n"
"kernel 2 (localhost):"
"\"EXACT_POLYNOMIAL_ACCEPTED \"InputForm[{11, CutIntegral[\"R01\", {1, 1, 1, 1}]}]\" seconds \"0.129642`5.564290715811899\" bytes \"56128\n"
"kernel 2 (localhost):"
"\"REAL_MASTER_COEFFICIENT \"\"Hgg\"\" \"11\" \"InputForm[CutIntegral[\"R02\", {1, 1, 1, 1}]]\n"
"kernel 2 (localhost):"
"\"EXACT_POLYNOMIAL_BACKEND_START \"InputForm[{11, CutIntegral[\"R02\", {1, 1, 1, 1}]}]\" terms \"6\" bytes \"50181\n"
"kernel 2 (localhost):"
"\"EXACT_POLYNOMIAL_SUM production_sum 6 6 0.015\\nPASS: exact polynomial comparison backend\\n\"\n"
"kernel 2 (localhost):"
"\"\"\n"
"kernel 2 (localhost):"
"\"EXACT_POLYNOMIAL_ACCEPTED \"InputForm[{11, CutIntegral[\"R02\", {1, 1, 1, 1}]}]\" seconds \"0.250381`5.850146363129286\" bytes \"675712\n"
"kernel 2 (localhost):"
"\"REAL_MASTER_COEFFICIENT \"\"Hgg\"\" \"11\" \"InputForm[CutIntegral[\"R03\", {1, 1, 0, 1}]]\n"
"kernel 2 (localhost):"
"\"EXACT_POLYNOMIAL_TRANSFER \"\"production_sum\"\" \"64\"/\"86\n"
"kernel 1 (localhost):"
"\"EXACT_POLYNOMIAL_TRANSFER \"\"production_sum\"\" \"64\"/\"411\n"
"kernel 2 (localhost):"
"\"EXACT_POLYNOMIAL_BACKEND_START \"InputForm[{11, CutIntegral[\"R03\", {1, 1, 0, 1}]}]\" terms \"86\" bytes \"2030568\n"
"kernel 2 (localhost):"
"\"EXACT_POLYNOMIAL_SUM production_sum 16 86 1.358\\nEXACT_POLYNOMIAL_SUM production_sum 32 86 1.496\\nEXACT_POLYNOMIAL_SUM production_sum 48 86 1.65\\nEXACT_POLYNOMIAL_SUM production_sum 64 86 1.78\\nEXACT_POLYNOMIAL_SUM production_sum 80 86 1.881\\nEXACT_POLYNOMIAL_SUM production_sum 86 86 1.919\\nPASS: exact polynomial comparison backend\\n\"\n"
"kernel 2 (localhost):"
"\"\"\n"
"kernel 2 (localhost):"
"\"EXACT_POLYNOMIAL_ACCEPTED \"InputForm[{11, CutIntegral[\"R03\", {1, 1, 0, 1}]}]\" seconds \"6.617869`7.2722631595926694\" bytes \"7095952\n"
"kernel 2 (localhost):"
"\"REAL_MASTER_COEFFICIENT \"\"Hgg\"\" \"11\" \"InputForm[CutIntegral[\"R03\", {1, 1, 1, 1}]]\n"
"kernel 2 (localhost):"
"\"EXACT_POLYNOMIAL_BACKEND_START \"InputForm[{11, CutIntegral[\"R03\", {1, 1, 1, 1}]}]\" terms \"2\" bytes \"5275\n"
"kernel 2 (localhost):"
"\"EXACT_POLYNOMIAL_SUM production_sum 2 2 0.006\\nPASS: exact polynomial comparison backend\\n\"\n"
"kernel 2 (localhost):"
"\"\"\n"
"kernel 2 (localhost):"
"\"EXACT_POLYNOMIAL_ACCEPTED \"InputForm[{11, CutIntegral[\"R03\", {1, 1, 1, 1}]}]\" seconds \"0.172753`5.688970591493776\" bytes \"352080\n"
"kernel 2 (localhost):"
"\"REAL_MASTER_COEFFICIENT \"\"Hgg\"\" \"11\" \"InputForm[CutIntegral[\"R04\", {1, 1, 1, 1}]]\n"
"kernel 2 (localhost):"
"\"EXACT_POLYNOMIAL_BACKEND_START \"InputForm[{11, CutIntegral[\"R04\", {1, 1, 1, 1}]}]\" terms \"8\" bytes \"52631\n"
"kernel 2 (localhost):"
"\"EXACT_POLYNOMIAL_SUM production_sum 8 8 0.025\\nPASS: exact polynomial comparison backend\\n\"\n"
"kernel 2 (localhost):"
"\"\"\n"
"kernel 2 (localhost):"
"\"EXACT_POLYNOMIAL_ACCEPTED \"InputForm[{11, CutIntegral[\"R04\", {1, 1, 1, 1}]}]\" seconds \"0.314699`5.949440356380046\" bytes \"887376\n"
"kernel 2 (localhost):"
"\"REAL_MASTER_COEFFICIENT \"\"Hgg\"\" \"11\" \"InputForm[CutIntegral[\"R09\", {1, 1, 1, 1}]]\n"
"kernel 2 (localhost):"
"\"EXACT_POLYNOMIAL_BACKEND_START \"InputForm[{11, CutIntegral[\"R09\", {1, 1, 1, 1}]}]\" terms \"2\" bytes \"10413\n"
"kernel 2 (localhost):"
"\"EXACT_POLYNOMIAL_SUM production_sum 2 2 0.011\\nPASS: exact polynomial comparison backend\\n\"\n"
"kernel 2 (localhost):"
"\"\"\n"
"kernel 2 (localhost):"
"\"EXACT_POLYNOMIAL_ACCEPTED \"InputForm[{11, CutIntegral[\"R09\", {1, 1, 1, 1}]}]\" seconds \"0.205067`5.7634407715094245\" bytes \"633456\n"
"kernel 2 (localhost):"
"\"REAL_MASTER_COEFFICIENT \"\"Hgg\"\" \"11\" \"InputForm[CutIntegral[\"R10\", {1, 1, 1, 1}]]\n"
"kernel 2 (localhost):"
"\"EXACT_POLYNOMIAL_BACKEND_START \"InputForm[{11, CutIntegral[\"R10\", {1, 1, 1, 1}]}]\" terms \"6\" bytes \"21541\n"
"kernel 2 (localhost):"
"\"EXACT_POLYNOMIAL_SUM production_sum 6 6 0.009\\nPASS: exact polynomial comparison backend\\n\"\n"
"kernel 2 (localhost):"
"\"\"\n"
"kernel 2 (localhost):"
"\"EXACT_POLYNOMIAL_ACCEPTED \"InputForm[{11, CutIntegral[\"R10\", {1, 1, 1, 1}]}]\" seconds \"0.218063`5.790126976089787\" bytes \"315432\n"
"kernel 2 (localhost):"
"\"PASS: \"\"complete linear reduced coefficient reconstruction\"\n"
"kernel 2 (localhost):"
"\"PASS: \"\"reduced coefficients are scalar rational expressions\"\n"
"kernel 2 (localhost):"
"\"REAL_MAP_ACCEPTED \"\"Hgg\"\" \"11\n"
"kernel 2 (localhost):"
"\"PASS: \"\"complete reduced output accepted before storage projection\"\n"
"kernel 2 (localhost):"
"\"PASS: \"\"exact downstream coefficient interface\"\n"
"kernel 2 (localhost):"
"\"REAL_MAP \"\"Hgg\"\" \"13\"/\"98\" \"<|\"Sector\" -> \"Real\", \"Kind\" -> \"ExtendedResponse\", \"Index\" -> {2, 1, 2}|>\" kernel \"2\n"
"kernel 2 (localhost):"
"\"PASS: \"\"exact saved raw file\"\n"
"kernel 2 (localhost):"
"\"PASS: \"\"raw reader returns complete original record\"\n"
"kernel 2 (localhost):"
"\"PASS: \"\"raw component retains executed reconstruction\"\n"
"kernel 2 (localhost):"
"\"PASS: \"\"known rules end in saved masters\"\n"
"kernel 2 (localhost):"
"\"PASS: \"\"exact individual reduction-rule reconstruction\"\n"
"kernel 2 (localhost):"
"\"REAL_MASTER_COEFFICIENT \"\"Hgg\"\" \"13\" \"InputForm[CutIntegral[\"R01\", {1, 1, 0, 0}]]\n"
"kernel 2 (localhost):"
"\"PASS: \"\"exact polynomial transfer supports rational coefficients\"\n"
"kernel 2 (localhost):"
"\"PASS: \"\"unassigned exact polynomial variables\"\n"
"kernel 2 (localhost):"
"\"PASS: \"\"native JSON header shape\"\n"
"kernel 2 (localhost):"
"\"PASS: \"\"complete polynomial variable support\"\n"
"kernel 2 (localhost):"
"\"PASS: \"\"exported polynomial denominator reconstructs\"\n"
"kernel 2 (localhost):"
"\"PASS: \"\"native polynomial text reconstructs\"\n"
"kernel 2 (localhost):"
"\"PASS: \"\"native JSON term reconstructs\"\n"
"kernel 1 (localhost):"
"\"EXACT_POLYNOMIAL_TRANSFER \"\"production_sum\"\" \"128\"/\"411\n"
"kernel 2 (localhost):"
"\"EXACT_POLYNOMIAL_TRANSFER \"\"production_sum\"\" \"64\"/\"411\n"
"kernel 1 (localhost):"
"\"EXACT_POLYNOMIAL_TRANSFER \"\"production_sum\"\" \"192\"/\"411\n"
"kernel 1 (localhost):"
"\"EXACT_POLYNOMIAL_TRANSFER \"\"production_sum\"\" \"256\"/\"411\n"
"kernel 1 (localhost):"
"\"EXACT_POLYNOMIAL_TRANSFER \"\"production_sum\"\" \"320\"/\"411\n"
"kernel 2 (localhost):"
"\"EXACT_POLYNOMIAL_TRANSFER \"\"production_sum\"\" \"128\"/\"411\n"
"kernel 1 (localhost):"
"\"EXACT_POLYNOMIAL_TRANSFER \"\"production_sum\"\" \"384\"/\"411\n"
"kernel 1 (localhost):"
"\"PASS: \"\"bounded polynomial transfer file\"\n"
"kernel 1 (localhost):"
"\"PASS: \"\"unchanged validated exact backend\"\n"
"kernel 1 (localhost):"
"\"EXACT_POLYNOMIAL_BACKEND_START \"InputForm[{12, CutIntegral[\"R01\", {1, 1, 0, 0}]}]\" terms \"411\" bytes \"46729852\n"
"kernel 2 (localhost):"
"\"EXACT_POLYNOMIAL_TRANSFER \"\"production_sum\"\" \"192\"/\"411\n"
"kernel 2 (localhost):"
"\"EXACT_POLYNOMIAL_TRANSFER \"\"production_sum\"\" \"256\"/\"411\n"
"kernel 2 (localhost):"
"\"EXACT_POLYNOMIAL_TRANSFER \"\"production_sum\"\" \"320\"/\"411\n"
"kernel 2 (localhost):"
"\"EXACT_POLYNOMIAL_TRANSFER \"\"production_sum\"\" \"384\"/\"411\n"
"kernel 2 (localhost):"
"\"PASS: \"\"bounded polynomial transfer file\"\n"
"kernel 2 (localhost):"
"\"PASS: \"\"unchanged validated exact backend\"\n"
"kernel 2 (localhost):"
"\"EXACT_POLYNOMIAL_BACKEND_START \"InputForm[{13, CutIntegral[\"R01\", {1, 1, 0, 0}]}]\" terms \"411\" bytes \"45942883\n"
"kernel 1 (localhost):"
"\"EXACT_POLYNOMIAL_SUM production_sum 16 411 26.833\\nEXACT_POLYNOMIAL_SUM production_sum 32 411 34.804\\nEXACT_POLYNOMIAL_SUM production_sum 48 411 42.322\\nEXACT_POLYNOMIAL_SUM production_sum 64 411 48.54\\nEXACT_POLYNOMIAL_SUM production_sum 80 411 55.55\\nEXACT_POLYNOMIAL_SUM production_sum 96 411 62.582\\nEXACT_POLYNOMIAL_SUM production_sum 112 411 70.077\\nEXACT_POLYNOMIAL_SUM production_sum 128 411 77.257\\nEXACT_POLYNOMIAL_SUM production_sum 144 411 84.397\\nEXACT_POLYNOMIAL_SUM production_sum 160 411 91.248\\nEXACT_POLYNOMIAL_SUM production_sum 176 411 99.016\\nEXACT_POLYNOMIAL_SUM production_sum 192 411 105.771\\nEXACT_POLYNOMIAL_SUM production_sum 208 411 112.898\\nEXACT_POLYNOMIAL_SUM production_sum 224 411 119.956\\nEXACT_POLYNOMIAL_SUM production_sum 240 411 125.722\\nEXACT_POLYNOMIAL_SUM production_sum 256 411 129.959\\nEXACT_POLYNOMIAL_SUM production_sum 272 411 135.281\\nEXACT_POLYNOMIAL_SUM production_sum 288 411 140.123\\nEXACT_POLYNOMIAL_SUM production_sum 304 411 143.969\\nEXACT_POLYNOMIAL_SUM production_sum 320 411 149.615\\nEXACT_POLYNOMIAL_SUM production_sum 336 411 154.617\\nEXACT_POLYNOMIAL_SUM production_sum 352 411 160.678\\nEXACT_POLYNOMIAL_SUM production_sum 368 411 165.402\\nEXACT_POLYNOMIAL_SUM production_sum 384 411 170.119\\nEXACT_POLYNOMIAL_SUM production_sum 400 411 173.662\\nEXACT_POLYNOMIAL_SUM production_sum 411 411 176.735\\nPASS: exact polynomial comparison backend\\n\"\n"
"kernel 1 (localhost):"
"\"\"\n"
"kernel 1 (localhost):"
"\"PASS: \"\"exact production backend completed\"\n"
"kernel 1 (localhost):"
"\"PASS: \"\"exact production backend input and source\"\n"
"kernel 1 (localhost):"
"\"PASS: \"\"complete production termwise reconstruction\"\n"
"kernel 1 (localhost):"
"\"PASS: \"\"exact scalar coefficient import\"\n"
"kernel 1 (localhost):"
"\"EXACT_POLYNOMIAL_ACCEPTED \"InputForm[{12, CutIntegral[\"R01\", {1, 1, 0, 0}]}]\" seconds \"259.460685`8.865616553826541\" bytes \"15245056\n"
"kernel 1 (localhost):"
"\"PASS: \"\"compressed scalar map below file bound\"\n"
"kernel 1 (localhost):"
"\"PASS: \"\"compressed scalar map exact round trip\"\n"
"kernel 1 (localhost):"
"\"PASS: \"\"master coefficient retains exact reconstruction\"\n"
"kernel 1 (localhost):"
"\"REAL_MASTER_COEFFICIENT \"\"Hgg\"\" \"12\" \"InputForm[CutIntegral[\"R01\", {1, 1, 1, 1}]]\n"
"kernel 1 (localhost):"
"\"EXACT_POLYNOMIAL_BACKEND_START \"InputForm[{12, CutIntegral[\"R01\", {1, 1, 1, 1}]}]\" terms \"2\" bytes \"29973\n"
"kernel 1 (localhost):"
"\"EXACT_POLYNOMIAL_SUM production_sum 2 2 0.003\\nPASS: exact polynomial comparison backend\\n\"\n"
"kernel 1 (localhost):"
"\"\"\n"
"kernel 1 (localhost):"
"\"EXACT_POLYNOMIAL_ACCEPTED \"InputForm[{12, CutIntegral[\"R01\", {1, 1, 1, 1}]}]\" seconds \"0.201133`5.755028324869105\" bytes \"177768\n"
"kernel 1 (localhost):"
"\"REAL_MASTER_COEFFICIENT \"\"Hgg\"\" \"12\" \"InputForm[CutIntegral[\"R02\", {1, 1, 1, 1}]]\n"
"kernel 1 (localhost):"
"\"EXACT_POLYNOMIAL_BACKEND_START \"InputForm[{12, CutIntegral[\"R02\", {1, 1, 1, 1}]}]\" terms \"8\" bytes \"160295\n"
"kernel 1 (localhost):"
"\"EXACT_POLYNOMIAL_SUM production_sum 8 8 0.028\\nPASS: exact polynomial comparison backend\\n\"\n"
"kernel 1 (localhost):"
"\"\"\n"
"kernel 1 (localhost):"
"\"EXACT_POLYNOMIAL_ACCEPTED \"InputForm[{12, CutIntegral[\"R02\", {1, 1, 1, 1}]}]\" seconds \"0.478476`6.13140515226721\" bytes \"1214360\n"
"kernel 1 (localhost):"
"\"REAL_MASTER_COEFFICIENT \"\"Hgg\"\" \"12\" \"InputForm[CutIntegral[\"R03\", {1, 1, 0, 1}]]\n"
"kernel 1 (localhost):"
"\"EXACT_POLYNOMIAL_TRANSFER \"\"production_sum\"\" \"64\"/\"89\n"
"kernel 1 (localhost):"
"\"EXACT_POLYNOMIAL_BACKEND_START \"InputForm[{12, CutIntegral[\"R03\", {1, 1, 0, 1}]}]\" terms \"89\" bytes \"9323240\n"
"kernel 1 (localhost):"
"\"EXACT_POLYNOMIAL_SUM production_sum 16 89 5.331\\nEXACT_POLYNOMIAL_SUM production_sum 32 89 6.034\\nEXACT_POLYNOMIAL_SUM production_sum 48 89 6.638\\nEXACT_POLYNOMIAL_SUM production_sum 64 89 7.353\\nEXACT_POLYNOMIAL_SUM production_sum 80 89 7.876\\nEXACT_POLYNOMIAL_SUM production_sum 89 89 8.142\\nPASS: exact polynomial comparison backend\\n\"\n"
"kernel 1 (localhost):"
"\"\"\n"
"kernel 1 (localhost):"
"\"EXACT_POLYNOMIAL_ACCEPTED \"InputForm[{12, CutIntegral[\"R03\", {1, 1, 0, 1}]}]\" seconds \"26.296896`7.871449482304043\" bytes \"10673600\n"
"kernel 1 (localhost):"
"\"REAL_MASTER_COEFFICIENT \"\"Hgg\"\" \"12\" \"InputForm[CutIntegral[\"R03\", {1, 1, 1, 1}]]\n"
"kernel 1 (localhost):"
"\"EXACT_POLYNOMIAL_BACKEND_START \"InputForm[{12, CutIntegral[\"R03\", {1, 1, 1, 1}]}]\" terms \"2\" bytes \"57309\n"
"kernel 1 (localhost):"
"\"EXACT_POLYNOMIAL_SUM production_sum 2 2 0.022\\nPASS: exact polynomial comparison backend\\n\"\n"
"kernel 1 (localhost):"
"\"\"\n"
"kernel 1 (localhost):"
"\"EXACT_POLYNOMIAL_ACCEPTED \"InputForm[{12, CutIntegral[\"R03\", {1, 1, 1, 1}]}]\" seconds \"0.319136`5.955520790856163\" bytes \"1275472\n"
"kernel 2 (localhost):"
"\"EXACT_POLYNOMIAL_SUM production_sum 16 411 26.636\\nEXACT_POLYNOMIAL_SUM production_sum 32 411 33.67\\nEXACT_POLYNOMIAL_SUM production_sum 48 411 41.119\\nEXACT_POLYNOMIAL_SUM production_sum 64 411 47.336\\nEXACT_POLYNOMIAL_SUM production_sum 80 411 54.33\\nEXACT_POLYNOMIAL_SUM production_sum 96 411 61.07\\nEXACT_POLYNOMIAL_SUM production_sum 112 411 68.412\\nEXACT_POLYNOMIAL_SUM production_sum 128 411 75.489\\nEXACT_POLYNOMIAL_SUM production_sum 144 411 82.878\\nEXACT_POLYNOMIAL_SUM production_sum 160 411 90.117\\nEXACT_POLYNOMIAL_SUM production_sum 176 411 97.022\\nEXACT_POLYNOMIAL_SUM production_sum 192 411 103.859\\nEXACT_POLYNOMIAL_SUM production_sum 208 411 110.672\\nEXACT_POLYNOMIAL_SUM production_sum 224 411 117.638\\nEXACT_POLYNOMIAL_SUM production_sum 240 411 123.178\\nEXACT_POLYNOMIAL_SUM production_sum 256 411 129.412\\nEXACT_POLYNOMIAL_SUM production_sum 272 411 135.41\\nEXACT_POLYNOMIAL_SUM production_sum 288 411 139.172\\nEXACT_POLYNOMIAL_SUM production_sum 304 411 142.748\\nEXACT_POLYNOMIAL_SUM production_sum 320 411 148.574\\nEXACT_POLYNOMIAL_SUM production_sum 336 411 152.423\\nEXACT_POLYNOMIAL_SUM production_sum 352 411 156.284\\nEXACT_POLYNOMIAL_SUM production_sum 368 411 160.327\\nEXACT_POLYNOMIAL_SUM production_sum 384 411 165.199\\nEXACT_POLYNOMIAL_SUM production_sum 400 411 168.727\\nEXACT_POLYNOMIAL_SUM production_sum 411 411 171.356\\nPASS: exact polynomial comparison backend\\n\"\n"
"kernel 2 (localhost):"
"\"\"\n"
"kernel 2 (localhost):"
"\"PASS: \"\"exact production backend completed\"\n"
"kernel 2 (localhost):"
"\"PASS: \"\"exact production backend input and source\"\n"
"kernel 2 (localhost):"
"\"PASS: \"\"complete production termwise reconstruction\"\n"
"kernel 1 (localhost):"
"\"REAL_MASTER_COEFFICIENT \"\"Hgg\"\" \"12\" \"InputForm[CutIntegral[\"R04\", {1, 1, 1, 1}]]\n"
"kernel 2 (localhost):"
"\"PASS: \"\"exact scalar coefficient import\"\n"
"kernel 1 (localhost):"
"\"EXACT_POLYNOMIAL_BACKEND_START \"InputForm[{12, CutIntegral[\"R04\", {1, 1, 1, 1}]}]\" terms \"8\" bytes \"203693\n"
"kernel 2 (localhost):"
"\"EXACT_POLYNOMIAL_ACCEPTED \"InputForm[{13, CutIntegral[\"R01\", {1, 1, 0, 0}]}]\" seconds \"256.542959`8.860705093136726\" bytes \"11058840\n"
"kernel 2 (localhost):"
"\"PASS: \"\"compressed scalar map below file bound\"\n"
"kernel 1 (localhost):"
"\"EXACT_POLYNOMIAL_SUM production_sum 8 8 0.047\\nPASS: exact polynomial comparison backend\\n\"\n"
"kernel 1 (localhost):"
"\"\"\n"
"kernel 1 (localhost):"
"\"EXACT_POLYNOMIAL_ACCEPTED \"InputForm[{12, CutIntegral[\"R04\", {1, 1, 1, 1}]}]\" seconds \"0.603084`6.231922800156473\" bytes \"1313920\n"
"kernel 1 (localhost):"
"\"REAL_MASTER_COEFFICIENT \"\"Hgg\"\" \"12\" \"InputForm[CutIntegral[\"R09\", {1, 1, 1, 1}]]\n"
"kernel 2 (localhost):"
"\"PASS: \"\"compressed scalar map exact round trip\"\n"
"kernel 2 (localhost):"
"\"PASS: \"\"master coefficient retains exact reconstruction\"\n"
"kernel 1 (localhost):"
"\"EXACT_POLYNOMIAL_BACKEND_START \"InputForm[{12, CutIntegral[\"R09\", {1, 1, 1, 1}]}]\" terms \"2\" bytes \"79243\n"
"kernel 2 (localhost):"
"\"REAL_MASTER_COEFFICIENT \"\"Hgg\"\" \"13\" \"InputForm[CutIntegral[\"R01\", {1, 1, 1, 1}]]\n"
"kernel 2 (localhost):"
"\"EXACT_POLYNOMIAL_BACKEND_START \"InputForm[{13, CutIntegral[\"R01\", {1, 1, 1, 1}]}]\" terms \"2\" bytes \"28999\n"
"kernel 1 (localhost):"
"\"EXACT_POLYNOMIAL_SUM production_sum 2 2 0.034\\nPASS: exact polynomial comparison backend\\n\"\n"
"kernel 1 (localhost):"
"\"\"\n"
"kernel 2 (localhost):"
"\"EXACT_POLYNOMIAL_SUM production_sum 2 2 0.004\\nPASS: exact polynomial comparison backend\\n\"\n"
"kernel 1 (localhost):"
"\"EXACT_POLYNOMIAL_ACCEPTED \"InputForm[{12, CutIntegral[\"R09\", {1, 1, 1, 1}]}]\" seconds \"0.428447`6.083442099729167\" bytes \"1738632\n"
"kernel 2 (localhost):"
"\"\"\n"
"kernel 2 (localhost):"
"\"EXACT_POLYNOMIAL_ACCEPTED \"InputForm[{13, CutIntegral[\"R01\", {1, 1, 1, 1}]}]\" seconds \"0.219573`5.793123929128635\" bytes \"173552\n"
"kernel 2 (localhost):"
"\"REAL_MASTER_COEFFICIENT \"\"Hgg\"\" \"13\" \"InputForm[CutIntegral[\"R02\", {1, 1, 1, 1}]]\n"
"kernel 1 (localhost):"
"\"REAL_MASTER_COEFFICIENT \"\"Hgg\"\" \"12\" \"InputForm[CutIntegral[\"R10\", {1, 1, 1, 1}]]\n"
"kernel 2 (localhost):"
"\"EXACT_POLYNOMIAL_BACKEND_START \"InputForm[{13, CutIntegral[\"R02\", {1, 1, 1, 1}]}]\" terms \"8\" bytes \"145629\n"
"kernel 1 (localhost):"
"\"EXACT_POLYNOMIAL_BACKEND_START \"InputForm[{12, CutIntegral[\"R10\", {1, 1, 1, 1}]}]\" terms \"8\" bytes \"125823\n"
"kernel 2 (localhost):"
"\"EXACT_POLYNOMIAL_SUM production_sum 8 8 0.025\\nPASS: exact polynomial comparison backend\\n\"\n"
"kernel 2 (localhost):"
"\"\"\n"
"kernel 2 (localhost):"
"\"EXACT_POLYNOMIAL_ACCEPTED \"InputForm[{13, CutIntegral[\"R02\", {1, 1, 1, 1}]}]\" seconds \"0.473672`6.12702270669153\" bytes \"1108408\n"
"kernel 1 (localhost):"
"\"EXACT_POLYNOMIAL_SUM production_sum 8 8 0.023\\nPASS: exact polynomial comparison backend\\n\"\n"
"kernel 1 (localhost):"
"\"\"\n"
"kernel 1 (localhost):"
"\"EXACT_POLYNOMIAL_ACCEPTED \"InputForm[{12, CutIntegral[\"R10\", {1, 1, 1, 1}]}]\" seconds \"0.460313`6.114598233757186\" bytes \"815760\n"
"kernel 1 (localhost):"
"\"PASS: \"\"complete linear reduced coefficient reconstruction\"\n"
"kernel 2 (localhost):"
"\"REAL_MASTER_COEFFICIENT \"\"Hgg\"\" \"13\" \"InputForm[CutIntegral[\"R03\", {1, 1, 0, 1}]]\n"
"kernel 1 (localhost):"
"\"PASS: \"\"reduced coefficients are scalar rational expressions\"\n"
"kernel 2 (localhost):"
"\"EXACT_POLYNOMIAL_TRANSFER \"\"production_sum\"\" \"64\"/\"89\n"
"kernel 2 (localhost):"
"\"EXACT_POLYNOMIAL_BACKEND_START \"InputForm[{13, CutIntegral[\"R03\", {1, 1, 0, 1}]}]\" terms \"89\" bytes \"9068522\n"
"kernel 1 (localhost):"
"\"REAL_MAP_ACCEPTED \"\"Hgg\"\" \"12\n"
"kernel 1 (localhost):"
"\"PASS: \"\"complete reduced output accepted before storage projection\"\n"
"kernel 1 (localhost):"
"\"PASS: \"\"exact downstream coefficient interface\"\n"
"kernel 1 (localhost):"
"\"REAL_MAP \"\"Hgg\"\" \"14\"/\"98\" \"<|\"Sector\" -> \"Real\", \"Kind\" -> \"ExtendedResponse\", \"Index\" -> {2, 1, 5}|>\" kernel \"1\n"
"kernel 1 (localhost):"
"\"PASS: \"\"exact saved raw file\"\n"
"kernel 1 (localhost):"
"\"PASS: \"\"raw reader returns complete original record\"\n"
"kernel 1 (localhost):"
"\"PASS: \"\"raw component retains executed reconstruction\"\n"
"kernel 1 (localhost):"
"\"PASS: \"\"known rules end in saved masters\"\n"
"kernel 1 (localhost):"
"\"PASS: \"\"exact individual reduction-rule reconstruction\"\n"
"kernel 1 (localhost):"
"\"REAL_MASTER_COEFFICIENT \"\"Hgg\"\" \"14\" \"InputForm[CutIntegral[\"R01\", {1, 1, 0, 0}]]\n"
"kernel 1 (localhost):"
"\"PASS: \"\"exact polynomial transfer supports rational coefficients\"\n"
"kernel 1 (localhost):"
"\"PASS: \"\"unassigned exact polynomial variables\"\n"
"kernel 1 (localhost):"
"\"PASS: \"\"native JSON header shape\"\n"
"kernel 1 (localhost):"
"\"PASS: \"\"complete polynomial variable support\"\n"
"kernel 1 (localhost):"
"\"PASS: \"\"exported polynomial denominator reconstructs\"\n"
"kernel 1 (localhost):"
"\"PASS: \"\"native polynomial text reconstructs\"\n"
"kernel 1 (localhost):"
"\"PASS: \"\"native JSON term reconstructs\"\n"
"kernel 2 (localhost):"
"\"EXACT_POLYNOMIAL_SUM production_sum 16 89 5.295\\nEXACT_POLYNOMIAL_SUM production_sum 32 89 5.996\\nEXACT_POLYNOMIAL_SUM production_sum 48 89 6.633\\nEXACT_POLYNOMIAL_SUM production_sum 64 89 7.435\\nEXACT_POLYNOMIAL_SUM production_sum 80 89 7.816\\nEXACT_POLYNOMIAL_SUM production_sum 89 89 8.083\\nPASS: exact polynomial comparison backend\\n\"\n"
"kernel 2 (localhost):"
"\"\"\n"
"kernel 2 (localhost):"
"\"EXACT_POLYNOMIAL_ACCEPTED \"InputForm[{13, CutIntegral[\"R03\", {1, 1, 0, 1}]}]\" seconds \"26.108119`7.868320577025258\" bytes \"7599736\n"
"kernel 2 (localhost):"
"\"REAL_MASTER_COEFFICIENT \"\"Hgg\"\" \"13\" \"InputForm[CutIntegral[\"R03\", {1, 1, 1, 1}]]\n"
"kernel 2 (localhost):"
"\"EXACT_POLYNOMIAL_BACKEND_START \"InputForm[{13, CutIntegral[\"R03\", {1, 1, 1, 1}]}]\" terms \"2\" bytes \"55697\n"
"kernel 2 (localhost):"
"\"EXACT_POLYNOMIAL_SUM production_sum 2 2 0.026\\nPASS: exact polynomial comparison backend\\n\"\n"
"kernel 2 (localhost):"
"\"\"\n"
"kernel 2 (localhost):"
"\"EXACT_POLYNOMIAL_ACCEPTED \"InputForm[{13, CutIntegral[\"R03\", {1, 1, 1, 1}]}]\" seconds \"0.321556`5.958801611108061\" bytes \"1270824\n"
"kernel 2 (localhost):"
"\"REAL_MASTER_COEFFICIENT \"\"Hgg\"\" \"13\" \"InputForm[CutIntegral[\"R04\", {1, 1, 1, 1}]]\n"
"kernel 2 (localhost):"
"\"EXACT_POLYNOMIAL_BACKEND_START \"InputForm[{13, CutIntegral[\"R04\", {1, 1, 1, 1}]}]\" terms \"8\" bytes \"160723\n"
"kernel 2 (localhost):"
"\"EXACT_POLYNOMIAL_SUM production_sum 8 8 0.038\\nPASS: exact polynomial comparison backend\\n\"\n"
"kernel 2 (localhost):"
"\"\"\n"
"kernel 2 (localhost):"
"\"EXACT_POLYNOMIAL_ACCEPTED \"InputForm[{13, CutIntegral[\"R04\", {1, 1, 1, 1}]}]\" seconds \"0.506022`6.155714392294073\" bytes \"1131200\n"
"kernel 2 (localhost):"
"\"REAL_MASTER_COEFFICIENT \"\"Hgg\"\" \"13\" \"InputForm[CutIntegral[\"R09\", {1, 1, 1, 1}]]\n"
"kernel 2 (localhost):"
"\"EXACT_POLYNOMIAL_BACKEND_START \"InputForm[{13, CutIntegral[\"R09\", {1, 1, 1, 1}]}]\" terms \"2\" bytes \"69759\n"
"kernel 2 (localhost):"
"\"EXACT_POLYNOMIAL_SUM production_sum 2 2 0.03\\nPASS: exact polynomial comparison backend\\n\"\n"
"kernel 2 (localhost):"
"\"\"\n"
"kernel 2 (localhost):"
"\"EXACT_POLYNOMIAL_ACCEPTED \"InputForm[{13, CutIntegral[\"R09\", {1, 1, 1, 1}]}]\" seconds \"0.362925`6.011361878996297\" bytes \"1566584\n"
"kernel 2 (localhost):"
"\"REAL_MASTER_COEFFICIENT \"\"Hgg\"\" \"13\" \"InputForm[CutIntegral[\"R10\", {1, 1, 1, 1}]]\n"
"kernel 2 (localhost):"
"\"EXACT_POLYNOMIAL_BACKEND_START \"InputForm[{13, CutIntegral[\"R10\", {1, 1, 1, 1}]}]\" terms \"8\" bytes \"107217\n"
"kernel 2 (localhost):"
"\"EXACT_POLYNOMIAL_SUM production_sum 8 8 0.02\\nPASS: exact polynomial comparison backend\\n\"\n"
"kernel 2 (localhost):"
"\"\"\n"
"kernel 2 (localhost):"
"\"EXACT_POLYNOMIAL_ACCEPTED \"InputForm[{13, CutIntegral[\"R10\", {1, 1, 1, 1}]}]\" seconds \"0.401853`6.055612208361141\" bytes \"740144\n"
"kernel 2 (localhost):"
"\"PASS: \"\"complete linear reduced coefficient reconstruction\"\n"
"kernel 2 (localhost):"
"\"PASS: \"\"reduced coefficients are scalar rational expressions\"\n"
"kernel 1 (localhost):"
"\"EXACT_POLYNOMIAL_TRANSFER \"\"production_sum\"\" \"64\"/\"411\n"
"kernel 2 (localhost):"
"\"REAL_MAP_ACCEPTED \"\"Hgg\"\" \"13\n"
"kernel 2 (localhost):"
"\"PASS: \"\"complete reduced output accepted before storage projection\"\n"
"kernel 2 (localhost):"
"\"PASS: \"\"exact downstream coefficient interface\"\n"
"kernel 2 (localhost):"
"\"REAL_MAP \"\"Hgg\"\" \"15\"/\"98\" \"<|\"Sector\" -> \"Real\", \"Kind\" -> \"ExtendedResponse\", \"Index\" -> {2, 2, 1}|>\" kernel \"2\n"
"kernel 2 (localhost):"
"\"PASS: \"\"exact saved raw file\"\n"
"kernel 2 (localhost):"
"\"PASS: \"\"raw reader returns complete original record\"\n"
"kernel 2 (localhost):"
"\"PASS: \"\"raw component retains executed reconstruction\"\n"
"kernel 2 (localhost):"
"\"PASS: \"\"known rules end in saved masters\"\n"
"kernel 2 (localhost):"
"\"PASS: \"\"exact individual reduction-rule reconstruction\"\n"
"kernel 2 (localhost):"
"\"REAL_MASTER_COEFFICIENT \"\"Hgg\"\" \"15\" \"InputForm[CutIntegral[\"R01\", {1, 1, 0, 0}]]\n"
"kernel 2 (localhost):"
"\"PASS: \"\"exact polynomial transfer supports rational coefficients\"\n"
"kernel 2 (localhost):"
"\"PASS: \"\"unassigned exact polynomial variables\"\n"
"kernel 2 (localhost):"
"\"PASS: \"\"native JSON header shape\"\n"
"kernel 2 (localhost):"
"\"PASS: \"\"complete polynomial variable support\"\n"
"kernel 2 (localhost):"
"\"PASS: \"\"exported polynomial denominator reconstructs\"\n"
"kernel 2 (localhost):"
"\"PASS: \"\"native polynomial text reconstructs\"\n"
"kernel 2 (localhost):"
"\"PASS: \"\"native JSON term reconstructs\"\n"
"kernel 1 (localhost):"
"\"EXACT_POLYNOMIAL_TRANSFER \"\"production_sum\"\" \"128\"/\"411\n"
"kernel 1 (localhost):"
"\"EXACT_POLYNOMIAL_TRANSFER \"\"production_sum\"\" \"192\"/\"411\n"
"kernel 2 (localhost):"
"\"EXACT_POLYNOMIAL_TRANSFER \"\"production_sum\"\" \"64\"/\"411\n"
"kernel 1 (localhost):"
"\"EXACT_POLYNOMIAL_TRANSFER \"\"production_sum\"\" \"256\"/\"411\n"
"kernel 1 (localhost):"
"\"EXACT_POLYNOMIAL_TRANSFER \"\"production_sum\"\" \"320\"/\"411\n"
"kernel 1 (localhost):"
"\"EXACT_POLYNOMIAL_TRANSFER \"\"production_sum\"\" \"384\"/\"411\n"
"kernel 1 (localhost):"
"\"PASS: \"\"bounded polynomial transfer file\"\n"
"kernel 1 (localhost):"
"\"PASS: \"\"unchanged validated exact backend\"\n"
"kernel 1 (localhost):"
"\"EXACT_POLYNOMIAL_BACKEND_START \"InputForm[{14, CutIntegral[\"R01\", {1, 1, 0, 0}]}]\" terms \"411\" bytes \"33900615\n"
"kernel 2 (localhost):"
"\"EXACT_POLYNOMIAL_TRANSFER \"\"production_sum\"\" \"128\"/\"411\n"
"kernel 2 (localhost):"
"\"EXACT_POLYNOMIAL_TRANSFER \"\"production_sum\"\" \"192\"/\"411\n"
"kernel 2 (localhost):"
"\"EXACT_POLYNOMIAL_TRANSFER \"\"production_sum\"\" \"256\"/\"411\n"
"kernel 2 (localhost):"
"\"EXACT_POLYNOMIAL_TRANSFER \"\"production_sum\"\" \"320\"/\"411\n"
"kernel 2 (localhost):"
"\"EXACT_POLYNOMIAL_TRANSFER \"\"production_sum\"\" \"384\"/\"411\n"
"kernel 2 (localhost):"
"\"PASS: \"\"bounded polynomial transfer file\"\n"
"kernel 2 (localhost):"
"\"PASS: \"\"unchanged validated exact backend\"\n"
"kernel 2 (localhost):"
"\"EXACT_POLYNOMIAL_BACKEND_START \"InputForm[{15, CutIntegral[\"R01\", {1, 1, 0, 0}]}]\" terms \"411\" bytes \"43841883\n"
"kernel 1 (localhost):"
"\"EXACT_POLYNOMIAL_SUM production_sum 16 411 20.395\\nEXACT_POLYNOMIAL_SUM production_sum 32 411 22.858\\nEXACT_POLYNOMIAL_SUM production_sum 48 411 25.466\\nEXACT_POLYNOMIAL_SUM production_sum 64 411 28.251\\nEXACT_POLYNOMIAL_SUM production_sum 80 411 31.076\\nEXACT_POLYNOMIAL_SUM production_sum 96 411 33.98\\nEXACT_POLYNOMIAL_SUM production_sum 112 411 36.996\\nEXACT_POLYNOMIAL_SUM production_sum 128 411 39.902\\nEXACT_POLYNOMIAL_SUM production_sum 144 411 42.399\\nEXACT_POLYNOMIAL_SUM production_sum 160 411 45.201\\nEXACT_POLYNOMIAL_SUM production_sum 176 411 48.227\\nEXACT_POLYNOMIAL_SUM production_sum 192 411 51.017\\nEXACT_POLYNOMIAL_SUM production_sum 208 411 53.558\\nEXACT_POLYNOMIAL_SUM production_sum 224 411 56.349\\nEXACT_POLYNOMIAL_SUM production_sum 240 411 58.161\\nEXACT_POLYNOMIAL_SUM production_sum 256 411 60.267\\nEXACT_POLYNOMIAL_SUM production_sum 272 411 62.336\\nEXACT_POLYNOMIAL_SUM production_sum 288 411 64.246\\nEXACT_POLYNOMIAL_SUM production_sum 304 411 65.726\\nEXACT_POLYNOMIAL_SUM production_sum 320 411 67.149\\nEXACT_POLYNOMIAL_SUM production_sum 336 411 69.138\\nEXACT_POLYNOMIAL_SUM production_sum 352 411 70.84\\nEXACT_POLYNOMIAL_SUM production_sum 368 411 72.418\\nEXACT_POLYNOMIAL_SUM production_sum 384 411 73.981\\nEXACT_POLYNOMIAL_SUM production_sum 400 411 75.642\\nEXACT_POLYNOMIAL_SUM production_sum 411 411 76.955\\nPASS: exact polynomial comparison backend\\n\"\n"
"kernel 1 (localhost):"
"\"\"\n"
"kernel 1 (localhost):"
"\"PASS: \"\"exact production backend completed\"\n"
"kernel 1 (localhost):"
"\"PASS: \"\"exact production backend input and source\"\n"
"kernel 1 (localhost):"
"\"PASS: \"\"complete production termwise reconstruction\"\n"
"kernel 1 (localhost):"
"\"PASS: \"\"exact scalar coefficient import\"\n"
"kernel 1 (localhost):"
"\"EXACT_POLYNOMIAL_ACCEPTED \"InputForm[{14, CutIntegral[\"R01\", {1, 1, 0, 0}]}]\" seconds \"140.45258`8.599074714744301\" bytes \"7638288\n"
"kernel 1 (localhost):"
"\"PASS: \"\"compressed scalar map below file bound\"\n"
"kernel 1 (localhost):"
"\"PASS: \"\"compressed scalar map exact round trip\"\n"
"kernel 1 (localhost):"
"\"PASS: \"\"master coefficient retains exact reconstruction\"\n"
"kernel 1 (localhost):"
"\"REAL_MASTER_COEFFICIENT \"\"Hgg\"\" \"14\" \"InputForm[CutIntegral[\"R01\", {1, 1, 1, 1}]]\n"
"kernel 1 (localhost):"
"\"EXACT_POLYNOMIAL_BACKEND_START \"InputForm[{14, CutIntegral[\"R01\", {1, 1, 1, 1}]}]\" terms \"2\" bytes \"15927\n"
"kernel 1 (localhost):"
"\"EXACT_POLYNOMIAL_SUM production_sum 2 2 0.003\\nPASS: exact polynomial comparison backend\\n\"\n"
"kernel 1 (localhost):"
"\"\"\n"
"kernel 1 (localhost):"
"\"EXACT_POLYNOMIAL_ACCEPTED \"InputForm[{14, CutIntegral[\"R01\", {1, 1, 1, 1}]}]\" seconds \"0.199517`5.751524899491903\" bytes \"132168\n"
"kernel 1 (localhost):"
"\"REAL_MASTER_COEFFICIENT \"\"Hgg\"\" \"14\" \"InputForm[CutIntegral[\"R02\", {1, 1, 1, 1}]]\n"
"kernel 1 (localhost):"
"\"EXACT_POLYNOMIAL_BACKEND_START \"InputForm[{14, CutIntegral[\"R02\", {1, 1, 1, 1}]}]\" terms \"8\" bytes \"162021\n"
"kernel 1 (localhost):"
"\"EXACT_POLYNOMIAL_SUM production_sum 8 8 0.034\\nPASS: exact polynomial comparison backend\\n\"\n"
"kernel 1 (localhost):"
"\"\"\n"
"kernel 1 (localhost):"
"\"EXACT_POLYNOMIAL_ACCEPTED \"InputForm[{14, CutIntegral[\"R02\", {1, 1, 1, 1}]}]\" seconds \"0.532786`6.178097797866496\" bytes \"1291536\n"
"kernel 1 (localhost):"
"\"REAL_MASTER_COEFFICIENT \"\"Hgg\"\" \"14\" \"InputForm[CutIntegral[\"R03\", {1, 1, 0, 1}]]\n"
"kernel 1 (localhost):"
"\"EXACT_POLYNOMIAL_TRANSFER \"\"production_sum\"\" \"64\"/\"89\n"
"kernel 1 (localhost):"
"\"EXACT_POLYNOMIAL_BACKEND_START \"InputForm[{14, CutIntegral[\"R03\", {1, 1, 0, 1}]}]\" terms \"89\" bytes \"6732813\n"
"kernel 1 (localhost):"
"\"EXACT_POLYNOMIAL_SUM production_sum 16 89 4.396\\nEXACT_POLYNOMIAL_SUM production_sum 32 89 4.763\\nEXACT_POLYNOMIAL_SUM production_sum 48 89 5.303\\nEXACT_POLYNOMIAL_SUM production_sum 64 89 5.764\\nEXACT_POLYNOMIAL_SUM production_sum 80 89 6.04\\nEXACT_POLYNOMIAL_SUM production_sum 89 89 6.197\\nPASS: exact polynomial comparison backend\\n\"\n"
"kernel 1 (localhost):"
"\"\"\n"
"kernel 1 (localhost):"
"\"EXACT_POLYNOMIAL_ACCEPTED \"InputForm[{14, CutIntegral[\"R03\", {1, 1, 0, 1}]}]\" seconds \"20.691116`7.7673289089838855\" bytes \"8598424\n"
"kernel 1 (localhost):"
"\"REAL_MASTER_COEFFICIENT \"\"Hgg\"\" \"14\" \"InputForm[CutIntegral[\"R03\", {1, 1, 1, 1}]]\n"
"kernel 1 (localhost):"
"\"EXACT_POLYNOMIAL_BACKEND_START \"InputForm[{14, CutIntegral[\"R03\", {1, 1, 1, 1}]}]\" terms \"2\" bytes \"55551\n"
"kernel 1 (localhost):"
"\"EXACT_POLYNOMIAL_SUM production_sum 2 2 0.03\\nPASS: exact polynomial comparison backend\\n\"\n"
"kernel 1 (localhost):"
"\"\"\n"
"kernel 1 (localhost):"
"\"EXACT_POLYNOMIAL_ACCEPTED \"InputForm[{14, CutIntegral[\"R03\", {1, 1, 1, 1}]}]\" seconds \"0.518137`6.165989599722639\" bytes \"1663088\n"
"kernel 1 (localhost):"
"\"REAL_MASTER_COEFFICIENT \"\"Hgg\"\" \"14\" \"InputForm[CutIntegral[\"R04\", {1, 1, 1, 1}]]\n"
"kernel 1 (localhost):"
"\"EXACT_POLYNOMIAL_BACKEND_START \"InputForm[{14, CutIntegral[\"R04\", {1, 1, 1, 1}]}]\" terms \"8\" bytes \"182277\n"
"kernel 1 (localhost):"
"\"EXACT_POLYNOMIAL_SUM production_sum 8 8 0.051\\nPASS: exact polynomial comparison backend\\n\"\n"
"kernel 1 (localhost):"
"\"\"\n"
"kernel 1 (localhost):"
"\"EXACT_POLYNOMIAL_ACCEPTED \"InputForm[{14, CutIntegral[\"R04\", {1, 1, 1, 1}]}]\" seconds \"0.575925`6.211910924476639\" bytes \"1406464\n"
"kernel 1 (localhost):"
"\"REAL_MASTER_COEFFICIENT \"\"Hgg\"\" \"14\" \"InputForm[CutIntegral[\"R09\", {1, 1, 1, 1}]]\n"
"kernel 1 (localhost):"
"\"EXACT_POLYNOMIAL_BACKEND_START \"InputForm[{14, CutIntegral[\"R09\", {1, 1, 1, 1}]}]\" terms \"2\" bytes \"56049\n"
"kernel 1 (localhost):"
"\"EXACT_POLYNOMIAL_SUM production_sum 2 2 0.035\\nPASS: exact polynomial comparison backend\\n\"\n"
"kernel 1 (localhost):"
"\"\"\n"
"kernel 1 (localhost):"
"\"EXACT_POLYNOMIAL_ACCEPTED \"InputForm[{14, CutIntegral[\"R09\", {1, 1, 1, 1}]}]\" seconds \"0.375841`6.026549148458198\" bytes \"1724792\n"
"kernel 1 (localhost):"
"\"REAL_MASTER_COEFFICIENT \"\"Hgg\"\" \"14\" \"InputForm[CutIntegral[\"R10\", {1, 1, 1, 1}]]\n"
"kernel 1 (localhost):"
"\"EXACT_POLYNOMIAL_BACKEND_START \"InputForm[{14, CutIntegral[\"R10\", {1, 1, 1, 1}]}]\" terms \"8\" bytes \"116965\n"
"kernel 1 (localhost):"
"\"EXACT_POLYNOMIAL_SUM production_sum 8 8 0.025\\nPASS: exact polynomial comparison backend\\n\"\n"
"kernel 1 (localhost):"
"\"\"\n"
"kernel 1 (localhost):"
"\"EXACT_POLYNOMIAL_ACCEPTED \"InputForm[{14, CutIntegral[\"R10\", {1, 1, 1, 1}]}]\" seconds \"0.474262`6.127563321918774\" bytes \"901200\n"
"kernel 1 (localhost):"
"\"PASS: \"\"complete linear reduced coefficient reconstruction\"\n"
"kernel 1 (localhost):"
"\"PASS: \"\"reduced coefficients are scalar rational expressions\"\n"
"kernel 1 (localhost):"
"\"REAL_MAP_ACCEPTED \"\"Hgg\"\" \"14\n"
"kernel 1 (localhost):"
"\"PASS: \"\"complete reduced output accepted before storage projection\"\n"
"kernel 1 (localhost):"
"\"PASS: \"\"exact downstream coefficient interface\"\n"
"kernel 1 (localhost):"
"\"REAL_MAP \"\"Hgg\"\" \"16\"/\"98\" \"<|\"Sector\" -> \"Real\", \"Kind\" -> \"ExtendedResponse\", \"Index\" -> {2, 2, 2}|>\" kernel \"1\n"
"kernel 1 (localhost):"
"\"PASS: \"\"exact saved raw file\"\n"
"kernel 1 (localhost):"
"\"PASS: \"\"raw reader returns complete original record\"\n"
"kernel 1 (localhost):"
"\"PASS: \"\"raw component retains executed reconstruction\"\n"
"kernel 1 (localhost):"
"\"PASS: \"\"known rules end in saved masters\"\n"
"kernel 1 (localhost):"
"\"PASS: \"\"exact individual reduction-rule reconstruction\"\n"
"kernel 1 (localhost):"
"\"REAL_MASTER_COEFFICIENT \"\"Hgg\"\" \"16\" \"InputForm[CutIntegral[\"R01\", {1, 1, 0, 0}]]\n"
"kernel 1 (localhost):"
"\"PASS: \"\"exact polynomial transfer supports rational coefficients\"\n"
"kernel 1 (localhost):"
"\"PASS: \"\"unassigned exact polynomial variables\"\n"
"kernel 1 (localhost):"
"\"PASS: \"\"native JSON header shape\"\n"
"kernel 1 (localhost):"
"\"PASS: \"\"complete polynomial variable support\"\n"
"kernel 1 (localhost):"
"\"PASS: \"\"exported polynomial denominator reconstructs\"\n"
"kernel 1 (localhost):"
"\"PASS: \"\"native polynomial text reconstructs\"\n"
"kernel 1 (localhost):"
"\"PASS: \"\"native JSON term reconstructs\"\n"
"kernel 1 (localhost):"
"\"EXACT_POLYNOMIAL_TRANSFER \"\"production_sum\"\" \"64\"/\"411\n"
"kernel 1 (localhost):"
"\"EXACT_POLYNOMIAL_TRANSFER \"\"production_sum\"\" \"128\"/\"411\n"
"kernel 1 (localhost):"
"\"EXACT_POLYNOMIAL_TRANSFER \"\"production_sum\"\" \"192\"/\"411\n"
"kernel 1 (localhost):"
"\"EXACT_POLYNOMIAL_TRANSFER \"\"production_sum\"\" \"256\"/\"411\n"
"kernel 1 (localhost):"
"\"EXACT_POLYNOMIAL_TRANSFER \"\"production_sum\"\" \"320\"/\"411\n"
"kernel 1 (localhost):"
"\"EXACT_POLYNOMIAL_TRANSFER \"\"production_sum\"\" \"384\"/\"411\n"
"kernel 1 (localhost):"
"\"PASS: \"\"bounded polynomial transfer file\"\n"
"kernel 1 (localhost):"
"\"PASS: \"\"unchanged validated exact backend\"\n"
"kernel 1 (localhost):"
"\"EXACT_POLYNOMIAL_BACKEND_START \"InputForm[{16, CutIntegral[\"R01\", {1, 1, 0, 0}]}]\" terms \"411\" bytes \"43665020\n"
"kernel 2 (localhost):"
"\"EXACT_POLYNOMIAL_SUM production_sum 16 411 25.552\\nEXACT_POLYNOMIAL_SUM production_sum 32 411 32.625\\nEXACT_POLYNOMIAL_SUM production_sum 48 411 39.925\\nEXACT_POLYNOMIAL_SUM production_sum 64 411 45.931\\nEXACT_POLYNOMIAL_SUM production_sum 80 411 52.757\\nEXACT_POLYNOMIAL_SUM production_sum 96 411 59.453\\nEXACT_POLYNOMIAL_SUM production_sum 112 411 66.757\\nEXACT_POLYNOMIAL_SUM production_sum 128 411 73.816\\nEXACT_POLYNOMIAL_SUM production_sum 144 411 80.968\\nEXACT_POLYNOMIAL_SUM production_sum 160 411 88.086\\nEXACT_POLYNOMIAL_SUM production_sum 176 411 95.317\\nEXACT_POLYNOMIAL_SUM production_sum 192 411 102.522\\nEXACT_POLYNOMIAL_SUM production_sum 208 411 108.669\\nEXACT_POLYNOMIAL_SUM production_sum 224 411 114.716\\nEXACT_POLYNOMIAL_SUM production_sum 240 411 120.013\\nEXACT_POLYNOMIAL_SUM production_sum 256 411 124.879\\nEXACT_POLYNOMIAL_SUM production_sum 272 411 128.855\\nEXACT_POLYNOMIAL_SUM production_sum 288 411 134.723\\nEXACT_POLYNOMIAL_SUM production_sum 304 411 140.761\\nEXACT_POLYNOMIAL_SUM production_sum 320 411 145.147\\nEXACT_POLYNOMIAL_SUM production_sum 336 411 147.936\\nEXACT_POLYNOMIAL_SUM production_sum 352 411 151.925\\nEXACT_POLYNOMIAL_SUM production_sum 368 411 158.44\\nEXACT_POLYNOMIAL_SUM production_sum 384 411 163.762\\nEXACT_POLYNOMIAL_SUM production_sum 400 411 167.528\\nEXACT_POLYNOMIAL_SUM production_sum 411 411 170.073\\nPASS: exact polynomial comparison backend\\n\"\n"
"kernel 2 (localhost):"
"\"\"\n"
"kernel 2 (localhost):"
"\"PASS: \"\"exact production backend completed\"\n"
"kernel 2 (localhost):"
"\"PASS: \"\"exact production backend input and source\"\n"
"kernel 2 (localhost):"
"\"PASS: \"\"complete production termwise reconstruction\"\n"
"kernel 2 (localhost):"
"\"PASS: \"\"exact scalar coefficient import\"\n"
"kernel 2 (localhost):"
"\"EXACT_POLYNOMIAL_ACCEPTED \"InputForm[{15, CutIntegral[\"R01\", {1, 1, 0, 0}]}]\" seconds \"245.187688`8.84104365196915\" bytes \"11059688\n"
"kernel 2 (localhost):"
"\"PASS: \"\"compressed scalar map below file bound\"\n"
"kernel 2 (localhost):"
"\"PASS: \"\"compressed scalar map exact round trip\"\n"
"kernel 2 (localhost):"
"\"PASS: \"\"master coefficient retains exact reconstruction\"\n"
"kernel 2 (localhost):"
"\"REAL_MASTER_COEFFICIENT \"\"Hgg\"\" \"15\" \"InputForm[CutIntegral[\"R01\", {1, 1, 1, 1}]]\n"
"kernel 2 (localhost):"
"\"EXACT_POLYNOMIAL_BACKEND_START \"InputForm[{15, CutIntegral[\"R01\", {1, 1, 1, 1}]}]\" terms \"2\" bytes \"28453\n"
"kernel 2 (localhost):"
"\"EXACT_POLYNOMIAL_SUM production_sum 2 2 0.003\\nPASS: exact polynomial comparison backend\\n\"\n"
"kernel 2 (localhost):"
"\"\"\n"
"kernel 2 (localhost):"
"\"EXACT_POLYNOMIAL_ACCEPTED \"InputForm[{15, CutIntegral[\"R01\", {1, 1, 1, 1}]}]\" seconds \"0.207796`5.769182176781388\" bytes \"171000\n"
"kernel 2 (localhost):"
"\"REAL_MASTER_COEFFICIENT \"\"Hgg\"\" \"15\" \"InputForm[CutIntegral[\"R02\", {1, 1, 1, 1}]]\n"
"kernel 2 (localhost):"
"\"EXACT_POLYNOMIAL_BACKEND_START \"InputForm[{15, CutIntegral[\"R02\", {1, 1, 1, 1}]}]\" terms \"8\" bytes \"111593\n"
"kernel 2 (localhost):"
"\"EXACT_POLYNOMIAL_SUM production_sum 8 8 0.02\\nPASS: exact polynomial comparison backend\\n\"\n"
"kernel 2 (localhost):"
"\"\"\n"
"kernel 2 (localhost):"
"\"EXACT_POLYNOMIAL_ACCEPTED \"InputForm[{15, CutIntegral[\"R02\", {1, 1, 1, 1}]}]\" seconds \"0.42215`6.0770117871052145\" bytes \"878960\n"
"kernel 2 (localhost):"
"\"REAL_MASTER_COEFFICIENT \"\"Hgg\"\" \"15\" \"InputForm[CutIntegral[\"R03\", {1, 1, 0, 1}]]\n"
"kernel 2 (localhost):"
"\"EXACT_POLYNOMIAL_TRANSFER \"\"production_sum\"\" \"64\"/\"89\n"
"kernel 2 (localhost):"
"\"EXACT_POLYNOMIAL_BACKEND_START \"InputForm[{15, CutIntegral[\"R03\", {1, 1, 0, 1}]}]\" terms \"89\" bytes \"8710499\n"
"kernel 2 (localhost):"
"\"EXACT_POLYNOMIAL_SUM production_sum 16 89 4.984\\nEXACT_POLYNOMIAL_SUM production_sum 32 89 5.648\\nEXACT_POLYNOMIAL_SUM production_sum 48 89 6.216\\nEXACT_POLYNOMIAL_SUM production_sum 64 89 6.874\\nEXACT_POLYNOMIAL_SUM production_sum 80 89 7.369\\nEXACT_POLYNOMIAL_SUM production_sum 89 89 7.531\\nPASS: exact polynomial comparison backend\\n\"\n"
"kernel 2 (localhost):"
"\"\"\n"
"kernel 2 (localhost):"
"\"EXACT_POLYNOMIAL_ACCEPTED \"InputForm[{15, CutIntegral[\"R03\", {1, 1, 0, 1}]}]\" seconds \"23.668688`7.825719178330325\" bytes \"7594680\n"
"kernel 2 (localhost):"
"\"REAL_MASTER_COEFFICIENT \"\"Hgg\"\" \"15\" \"InputForm[CutIntegral[\"R03\", {1, 1, 1, 1}]]\n"
"kernel 2 (localhost):"
"\"EXACT_POLYNOMIAL_BACKEND_START \"InputForm[{15, CutIntegral[\"R03\", {1, 1, 1, 1}]}]\" terms \"2\" bytes \"39687\n"
"kernel 2 (localhost):"
"\"EXACT_POLYNOMIAL_SUM production_sum 2 2 0.017\\nPASS: exact polynomial comparison backend\\n\"\n"
"kernel 2 (localhost):"
"\"\"\n"
"kernel 2 (localhost):"
"\"EXACT_POLYNOMIAL_ACCEPTED \"InputForm[{15, CutIntegral[\"R03\", {1, 1, 1, 1}]}]\" seconds \"0.254148`5.85663168989794\" bytes \"954432\n"
"kernel 2 (localhost):"
"\"REAL_MASTER_COEFFICIENT \"\"Hgg\"\" \"15\" \"InputForm[CutIntegral[\"R04\", {1, 1, 1, 1}]]\n"
"kernel 2 (localhost):"
"\"EXACT_POLYNOMIAL_BACKEND_START \"InputForm[{15, CutIntegral[\"R04\", {1, 1, 1, 1}]}]\" terms \"8\" bytes \"166783\n"
"kernel 2 (localhost):"
"\"EXACT_POLYNOMIAL_SUM production_sum 8 8 0.036\\nPASS: exact polynomial comparison backend\\n\"\n"
"kernel 2 (localhost):"
"\"\"\n"
"kernel 2 (localhost):"
"\"EXACT_POLYNOMIAL_ACCEPTED \"InputForm[{15, CutIntegral[\"R04\", {1, 1, 1, 1}]}]\" seconds \"0.516779`6.164849850709348\" bytes \"1160576\n"
"kernel 2 (localhost):"
"\"REAL_MASTER_COEFFICIENT \"\"Hgg\"\" \"15\" \"InputForm[CutIntegral[\"R09\", {1, 1, 1, 1}]]\n"
"kernel 2 (localhost):"
"\"EXACT_POLYNOMIAL_BACKEND_START \"InputForm[{15, CutIntegral[\"R09\", {1, 1, 1, 1}]}]\" terms \"2\" bytes \"75705\n"
"kernel 2 (localhost):"
"\"EXACT_POLYNOMIAL_SUM production_sum 2 2 0.03\\nPASS: exact polynomial comparison backend\\n\"\n"
"kernel 2 (localhost):"
"\"\"\n"
"kernel 2 (localhost):"
"\"EXACT_POLYNOMIAL_ACCEPTED \"InputForm[{15, CutIntegral[\"R09\", {1, 1, 1, 1}]}]\" seconds \"0.37972`6.03100846569737\" bytes \"1696256\n"
"kernel 2 (localhost):"
"\"REAL_MASTER_COEFFICIENT \"\"Hgg\"\" \"15\" \"InputForm[CutIntegral[\"R10\", {1, 1, 1, 1}]]\n"
"kernel 2 (localhost):"
"\"EXACT_POLYNOMIAL_BACKEND_START \"InputForm[{15, CutIntegral[\"R10\", {1, 1, 1, 1}]}]\" terms \"8\" bytes \"79159\n"
"kernel 2 (localhost):"
"\"EXACT_POLYNOMIAL_SUM production_sum 8 8 0.018\\nPASS: exact polynomial comparison backend\\n\"\n"
"kernel 2 (localhost):"
"\"\"\n"
"kernel 2 (localhost):"
"\"EXACT_POLYNOMIAL_ACCEPTED \"InputForm[{15, CutIntegral[\"R10\", {1, 1, 1, 1}]}]\" seconds \"0.344821`5.989138700493192\" bytes \"567456\n"
"kernel 2 (localhost):"
"\"PASS: \"\"complete linear reduced coefficient reconstruction\"\n"
"kernel 2 (localhost):"
"\"PASS: \"\"reduced coefficients are scalar rational expressions\"\n"
"kernel 2 (localhost):"
"\"REAL_MAP_ACCEPTED \"\"Hgg\"\" \"15\n"
"kernel 2 (localhost):"
"\"PASS: \"\"complete reduced output accepted before storage projection\"\n"
"kernel 2 (localhost):"
"\"PASS: \"\"exact downstream coefficient interface\"\n"
"kernel 2 (localhost):"
"\"REAL_MAP \"\"Hgg\"\" \"17\"/\"98\" \"<|\"Sector\" -> \"Real\", \"Kind\" -> \"ExtendedResponse\", \"Index\" -> {2, 2, 5}|>\" kernel \"2\n"
"kernel 2 (localhost):"
"\"PASS: \"\"exact saved raw file\"\n"
"kernel 2 (localhost):"
"\"PASS: \"\"raw reader returns complete original record\"\n"
"kernel 2 (localhost):"
"\"PASS: \"\"raw component retains executed reconstruction\"\n"
"kernel 2 (localhost):"
"\"PASS: \"\"known rules end in saved masters\"\n"
"kernel 2 (localhost):"
"\"PASS: \"\"exact individual reduction-rule reconstruction\"\n"
"kernel 2 (localhost):"
"\"REAL_MASTER_COEFFICIENT \"\"Hgg\"\" \"17\" \"InputForm[CutIntegral[\"R01\", {1, 1, 0, 0}]]\n"
"kernel 2 (localhost):"
"\"PASS: \"\"exact polynomial transfer supports rational coefficients\"\n"
"kernel 2 (localhost):"
"\"PASS: \"\"unassigned exact polynomial variables\"\n"
"kernel 2 (localhost):"
"\"PASS: \"\"native JSON header shape\"\n"
"kernel 2 (localhost):"
"\"PASS: \"\"complete polynomial variable support\"\n"
"kernel 2 (localhost):"
"\"PASS: \"\"exported polynomial denominator reconstructs\"\n"
"kernel 2 (localhost):"
"\"PASS: \"\"native polynomial text reconstructs\"\n"
"kernel 2 (localhost):"
"\"PASS: \"\"native JSON term reconstructs\"\n"
"kernel 2 (localhost):"
"\"EXACT_POLYNOMIAL_TRANSFER \"\"production_sum\"\" \"64\"/\"411\n"
"kernel 2 (localhost):"
"\"EXACT_POLYNOMIAL_TRANSFER \"\"production_sum\"\" \"128\"/\"411\n"
"kernel 2 (localhost):"
"\"EXACT_POLYNOMIAL_TRANSFER \"\"production_sum\"\" \"192\"/\"411\n"
"kernel 2 (localhost):"
"\"EXACT_POLYNOMIAL_TRANSFER \"\"production_sum\"\" \"256\"/\"411\n"
"kernel 2 (localhost):"
"\"EXACT_POLYNOMIAL_TRANSFER \"\"production_sum\"\" \"320\"/\"411\n"
"kernel 2 (localhost):"
"\"EXACT_POLYNOMIAL_TRANSFER \"\"production_sum\"\" \"384\"/\"411\n"
"kernel 2 (localhost):"
"\"PASS: \"\"bounded polynomial transfer file\"\n"
"kernel 2 (localhost):"
"\"PASS: \"\"unchanged validated exact backend\"\n"
"kernel 2 (localhost):"
"\"EXACT_POLYNOMIAL_BACKEND_START \"InputForm[{17, CutIntegral[\"R01\", {1, 1, 0, 0}]}]\" terms \"411\" bytes \"31278748\n"
"kernel 1 (localhost):"
"\"EXACT_POLYNOMIAL_SUM production_sum 16 411 25.998\\nEXACT_POLYNOMIAL_SUM production_sum 32 411 33.021\\nEXACT_POLYNOMIAL_SUM production_sum 48 411 40.106\\nEXACT_POLYNOMIAL_SUM production_sum 64 411 45.95\\nEXACT_POLYNOMIAL_SUM production_sum 80 411 52.591\\nEXACT_POLYNOMIAL_SUM production_sum 96 411 59.149\\nEXACT_POLYNOMIAL_SUM production_sum 112 411 66.555\\nEXACT_POLYNOMIAL_SUM production_sum 128 411 73.646\\nEXACT_POLYNOMIAL_SUM production_sum 144 411 80.544\\nEXACT_POLYNOMIAL_SUM production_sum 160 411 87.085\\nEXACT_POLYNOMIAL_SUM production_sum 176 411 94.488\\nEXACT_POLYNOMIAL_SUM production_sum 192 411 101.078\\nEXACT_POLYNOMIAL_SUM production_sum 208 411 107.568\\nEXACT_POLYNOMIAL_SUM production_sum 224 411 113.562\\nEXACT_POLYNOMIAL_SUM production_sum 240 411 119.107\\nEXACT_POLYNOMIAL_SUM production_sum 256 411 124.806\\nEXACT_POLYNOMIAL_SUM production_sum 272 411 130.351\\nEXACT_POLYNOMIAL_SUM production_sum 288 411 135.019\\nEXACT_POLYNOMIAL_SUM production_sum 304 411 138.132\\nEXACT_POLYNOMIAL_SUM production_sum 320 411 143.725\\nEXACT_POLYNOMIAL_SUM production_sum 336 411 147.824\\nEXACT_POLYNOMIAL_SUM production_sum 352 411 151.239\\nEXACT_POLYNOMIAL_SUM production_sum 368 411 155.003\\nEXACT_POLYNOMIAL_SUM production_sum 384 411 159.844\\nEXACT_POLYNOMIAL_SUM production_sum 400 411 163.519\\nEXACT_POLYNOMIAL_SUM production_sum 411 411 165.772\\nPASS: exact polynomial comparison backend\\n\"\n"
"kernel 1 (localhost):"
"\"\"\n"
"kernel 1 (localhost):"
"\"PASS: \"\"exact production backend completed\"\n"
"kernel 1 (localhost):"
"\"PASS: \"\"exact production backend input and source\"\n"
"kernel 1 (localhost):"
"\"PASS: \"\"complete production termwise reconstruction\"\n"
"kernel 1 (localhost):"
"\"PASS: \"\"exact scalar coefficient import\"\n"
"kernel 1 (localhost):"
"\"EXACT_POLYNOMIAL_ACCEPTED \"InputForm[{16, CutIntegral[\"R01\", {1, 1, 0, 0}]}]\" seconds \"240.254559`8.83221663095938\" bytes \"14126720\n"
"kernel 1 (localhost):"
"\"PASS: \"\"compressed scalar map below file bound\"\n"
"kernel 1 (localhost):"
"\"PASS: \"\"compressed scalar map exact round trip\"\n"
"kernel 1 (localhost):"
"\"PASS: \"\"master coefficient retains exact reconstruction\"\n"
"kernel 1 (localhost):"
"\"REAL_MASTER_COEFFICIENT \"\"Hgg\"\" \"16\" \"InputForm[CutIntegral[\"R01\", {1, 1, 1, 1}]]\n"
"kernel 1 (localhost):"
"\"EXACT_POLYNOMIAL_BACKEND_START \"InputForm[{16, CutIntegral[\"R01\", {1, 1, 1, 1}]}]\" terms \"2\" bytes \"29557\n"
"kernel 1 (localhost):"
"\"EXACT_POLYNOMIAL_SUM production_sum 2 2 0.004\\nPASS: exact polynomial comparison backend\\n\"\n"
"kernel 1 (localhost):"
"\"\"\n"
"kernel 1 (localhost):"
"\"EXACT_POLYNOMIAL_ACCEPTED \"InputForm[{16, CutIntegral[\"R01\", {1, 1, 1, 1}]}]\" seconds \"0.21868`5.79135405871549\" bytes \"176552\n"
"kernel 1 (localhost):"
"\"REAL_MASTER_COEFFICIENT \"\"Hgg\"\" \"16\" \"InputForm[CutIntegral[\"R02\", {1, 1, 1, 1}]]\n"
"kernel 1 (localhost):"
"\"EXACT_POLYNOMIAL_BACKEND_START \"InputForm[{16, CutIntegral[\"R02\", {1, 1, 1, 1}]}]\" terms \"8\" bytes \"97967\n"
"kernel 1 (localhost):"
"\"EXACT_POLYNOMIAL_SUM production_sum 8 8 0.017\\nPASS: exact polynomial comparison backend\\n\"\n"
"kernel 1 (localhost):"
"\"\"\n"
"kernel 1 (localhost):"
"\"EXACT_POLYNOMIAL_ACCEPTED \"InputForm[{16, CutIntegral[\"R02\", {1, 1, 1, 1}]}]\" seconds \"0.367995`6.017386911389161\" bytes \"800440\n"
"kernel 1 (localhost):"
"\"REAL_MASTER_COEFFICIENT \"\"Hgg\"\" \"16\" \"InputForm[CutIntegral[\"R03\", {1, 1, 0, 1}]]\n"
"kernel 1 (localhost):"
"\"EXACT_POLYNOMIAL_TRANSFER \"\"production_sum\"\" \"64\"/\"89\n"
"kernel 1 (localhost):"
"\"EXACT_POLYNOMIAL_BACKEND_START \"InputForm[{16, CutIntegral[\"R03\", {1, 1, 0, 1}]}]\" terms \"89\" bytes \"8639891\n"
"kernel 1 (localhost):"
"\"EXACT_POLYNOMIAL_SUM production_sum 16 89 4.975\\nEXACT_POLYNOMIAL_SUM production_sum 32 89 5.596\\nEXACT_POLYNOMIAL_SUM production_sum 48 89 6.151\\nEXACT_POLYNOMIAL_SUM production_sum 64 89 6.846\\nEXACT_POLYNOMIAL_SUM production_sum 80 89 7.35\\nEXACT_POLYNOMIAL_SUM production_sum 89 89 7.565\\nPASS: exact polynomial comparison backend\\n\"\n"
"kernel 1 (localhost):"
"\"\"\n"
"kernel 1 (localhost):"
"\"EXACT_POLYNOMIAL_ACCEPTED \"InputForm[{16, CutIntegral[\"R03\", {1, 1, 0, 1}]}]\" seconds \"24.172001`7.834857597039234\" bytes \"9785800\n"
"kernel 1 (localhost):"
"\"REAL_MASTER_COEFFICIENT \"\"Hgg\"\" \"16\" \"InputForm[CutIntegral[\"R03\", {1, 1, 1, 1}]]\n"
"kernel 1 (localhost):"
"\"EXACT_POLYNOMIAL_BACKEND_START \"InputForm[{16, CutIntegral[\"R03\", {1, 1, 1, 1}]}]\" terms \"2\" bytes \"40433\n"
"kernel 1 (localhost):"
"\"EXACT_POLYNOMIAL_SUM production_sum 2 2 0.016\\nPASS: exact polynomial comparison backend\\n\"\n"
"kernel 1 (localhost):"
"\"\"\n"
"kernel 1 (localhost):"
"\"EXACT_POLYNOMIAL_ACCEPTED \"InputForm[{16, CutIntegral[\"R03\", {1, 1, 1, 1}]}]\" seconds \"0.261013`5.868207131821474\" bytes \"969248\n"
"kernel 1 (localhost):"
"\"REAL_MASTER_COEFFICIENT \"\"Hgg\"\" \"16\" \"InputForm[CutIntegral[\"R04\", {1, 1, 1, 1}]]\n"
"kernel 2 (localhost):"
"\"EXACT_POLYNOMIAL_SUM production_sum 16 411 18.711\\nEXACT_POLYNOMIAL_SUM production_sum 32 411 21.032\\nEXACT_POLYNOMIAL_SUM production_sum 48 411 23.438\\nEXACT_POLYNOMIAL_SUM production_sum 64 411 25.947\\nEXACT_POLYNOMIAL_SUM production_sum 80 411 28.479\\nEXACT_POLYNOMIAL_SUM production_sum 96 411 31.134\\nEXACT_POLYNOMIAL_SUM production_sum 112 411 33.879\\nEXACT_POLYNOMIAL_SUM production_sum 128 411 36.505\\nEXACT_POLYNOMIAL_SUM production_sum 144 411 38.868\\nEXACT_POLYNOMIAL_SUM production_sum 160 411 41.571\\nEXACT_POLYNOMIAL_SUM production_sum 176 411 44.251\\nEXACT_POLYNOMIAL_SUM production_sum 192 411 47.033\\nEXACT_POLYNOMIAL_SUM production_sum 208 411 49.6\\nEXACT_POLYNOMIAL_SUM production_sum 224 411 52.48\\nEXACT_POLYNOMIAL_SUM production_sum 240 411 54.292\\nEXACT_POLYNOMIAL_SUM production_sum 256 411 56.181\\nEXACT_POLYNOMIAL_SUM production_sum 272 411 57.556\\nEXACT_POLYNOMIAL_SUM production_sum 288 411 59.099\\nEXACT_POLYNOMIAL_SUM production_sum 304 411 61.021\\nEXACT_POLYNOMIAL_SUM production_sum 320 411 62.615\\nEXACT_POLYNOMIAL_SUM production_sum 336 411 64.127\\nEXACT_POLYNOMIAL_SUM production_sum 352 411 65.974\\nEXACT_POLYNOMIAL_SUM production_sum 368 411 67.358\\nEXACT_POLYNOMIAL_SUM production_sum 384 411 68.88\\nEXACT_POLYNOMIAL_SUM production_sum 400 411 70.748\\nEXACT_POLYNOMIAL_SUM production_sum 411 411 71.96\\nPASS: exact polynomial comparison backend\\n\"\n"
"kernel 2 (localhost):"
"\"\"\n"
"kernel 2 (localhost):"
"\"PASS: \"\"exact production backend completed\"\n"
"kernel 2 (localhost):"
"\"PASS: \"\"exact production backend input and source\"\n"
"kernel 2 (localhost):"
"\"PASS: \"\"complete production termwise reconstruction\"\n"
"kernel 1 (localhost):"
"\"EXACT_POLYNOMIAL_BACKEND_START \"InputForm[{16, CutIntegral[\"R04\", {1, 1, 1, 1}]}]\" terms \"8\" bytes \"160951\n"
"kernel 2 (localhost):"
"\"PASS: \"\"exact scalar coefficient import\"\n"
"kernel 1 (localhost):"
"\"EXACT_POLYNOMIAL_SUM production_sum 8 8 0.033\\nPASS: exact polynomial comparison backend\\n\"\n"
"kernel 1 (localhost):"
"\"\"\n"
"kernel 1 (localhost):"
"\"EXACT_POLYNOMIAL_ACCEPTED \"InputForm[{16, CutIntegral[\"R04\", {1, 1, 1, 1}]}]\" seconds \"0.483201`6.135672817896368\" bytes \"1057200\n"
"kernel 2 (localhost):"
"\"EXACT_POLYNOMIAL_ACCEPTED \"InputForm[{17, CutIntegral[\"R01\", {1, 1, 0, 0}]}]\" seconds \"129.548678`8.563977979013616\" bytes \"6702936\n"
"kernel 2 (localhost):"
"\"PASS: \"\"compressed scalar map below file bound\"\n"
"kernel 1 (localhost):"
"\"REAL_MASTER_COEFFICIENT \"\"Hgg\"\" \"16\" \"InputForm[CutIntegral[\"R09\", {1, 1, 1, 1}]]\n"
"kernel 2 (localhost):"
"\"PASS: \"\"compressed scalar map exact round trip\"\n"
"kernel 2 (localhost):"
"\"PASS: \"\"master coefficient retains exact reconstruction\"\n"
"kernel 1 (localhost):"
"\"EXACT_POLYNOMIAL_BACKEND_START \"InputForm[{16, CutIntegral[\"R09\", {1, 1, 1, 1}]}]\" terms \"2\" bytes \"68873\n"
"kernel 2 (localhost):"
"\"REAL_MASTER_COEFFICIENT \"\"Hgg\"\" \"17\" \"InputForm[CutIntegral[\"R01\", {1, 1, 1, 1}]]\n"
"kernel 2 (localhost):"
"\"EXACT_POLYNOMIAL_BACKEND_START \"InputForm[{17, CutIntegral[\"R01\", {1, 1, 1, 1}]}]\" terms \"2\" bytes \"16771\n"
"kernel 1 (localhost):"
"\"EXACT_POLYNOMIAL_SUM production_sum 2 2 0.031\\nPASS: exact polynomial comparison backend\\n\"\n"
"kernel 1 (localhost):"
"\"\"\n"
"kernel 1 (localhost):"
"\"EXACT_POLYNOMIAL_ACCEPTED \"InputForm[{16, CutIntegral[\"R09\", {1, 1, 1, 1}]}]\" seconds \"0.403228`6.0570956752253124\" bytes \"1558192\n"
"kernel 2 (localhost):"
"\"EXACT_POLYNOMIAL_SUM production_sum 2 2 0.003\\nPASS: exact polynomial comparison backend\\n\"\n"
"kernel 2 (localhost):"
"\"\"\n"
"kernel 2 (localhost):"
"\"EXACT_POLYNOMIAL_ACCEPTED \"InputForm[{17, CutIntegral[\"R01\", {1, 1, 1, 1}]}]\" seconds \"0.196391`5.744666575012606\" bytes \"136792\n"
"kernel 2 (localhost):"
"\"REAL_MASTER_COEFFICIENT \"\"Hgg\"\" \"17\" \"InputForm[CutIntegral[\"R02\", {1, 1, 1, 1}]]\n"
"kernel 1 (localhost):"
"\"REAL_MASTER_COEFFICIENT \"\"Hgg\"\" \"16\" \"InputForm[CutIntegral[\"R10\", {1, 1, 1, 1}]]\n"
"kernel 2 (localhost):"
"\"EXACT_POLYNOMIAL_BACKEND_START \"InputForm[{17, CutIntegral[\"R02\", {1, 1, 1, 1}]}]\" terms \"8\" bytes \"111327\n"
"kernel 1 (localhost):"
"\"EXACT_POLYNOMIAL_BACKEND_START \"InputForm[{16, CutIntegral[\"R10\", {1, 1, 1, 1}]}]\" terms \"8\" bytes \"79363\n"
"kernel 2 (localhost):"
"\"EXACT_POLYNOMIAL_SUM production_sum 8 8 0.021\\nPASS: exact polynomial comparison backend\\n\"\n"
"kernel 2 (localhost):"
"\"\"\n"
"kernel 2 (localhost):"
"\"EXACT_POLYNOMIAL_ACCEPTED \"InputForm[{17, CutIntegral[\"R02\", {1, 1, 1, 1}]}]\" seconds \"0.40979`6.064106349713886\" bytes \"947464\n"
"kernel 1 (localhost):"
"\"EXACT_POLYNOMIAL_SUM production_sum 8 8 0.017\\nPASS: exact polynomial comparison backend\\n\"\n"
"kernel 1 (localhost):"
"\"\"\n"
"kernel 1 (localhost):"
"\"EXACT_POLYNOMIAL_ACCEPTED \"InputForm[{16, CutIntegral[\"R10\", {1, 1, 1, 1}]}]\" seconds \"0.374337`6.024807749014531\" bytes \"537592\n"
"kernel 1 (localhost):"
"\"PASS: \"\"complete linear reduced coefficient reconstruction\"\n"
"kernel 2 (localhost):"
"\"REAL_MASTER_COEFFICIENT \"\"Hgg\"\" \"17\" \"InputForm[CutIntegral[\"R03\", {1, 1, 0, 1}]]\n"
"kernel 1 (localhost):"
"\"PASS: \"\"reduced coefficients are scalar rational expressions\"\n"
"kernel 2 (localhost):"
"\"EXACT_POLYNOMIAL_TRANSFER \"\"production_sum\"\" \"64\"/\"89\n"
"kernel 2 (localhost):"
"\"EXACT_POLYNOMIAL_BACKEND_START \"InputForm[{17, CutIntegral[\"R03\", {1, 1, 0, 1}]}]\" terms \"89\" bytes \"6170182\n"
"kernel 1 (localhost):"
"\"REAL_MAP_ACCEPTED \"\"Hgg\"\" \"16\n"
"kernel 1 (localhost):"
"\"PASS: \"\"complete reduced output accepted before storage projection\"\n"
"kernel 1 (localhost):"
"\"PASS: \"\"exact downstream coefficient interface\"\n"
"kernel 1 (localhost):"
"\"REAL_MAP \"\"Hgg\"\" \"18\"/\"98\" \"<|\"Sector\" -> \"Real\", \"Kind\" -> \"ExtendedResponse\", \"Index\" -> {2, 3, 3}|>\" kernel \"1\n"
"kernel 1 (localhost):"
"\"PASS: \"\"exact saved raw file\"\n"
"kernel 1 (localhost):"
"\"PASS: \"\"raw reader returns complete original record\"\n"
"kernel 1 (localhost):"
"\"PASS: \"\"raw component retains executed reconstruction\"\n"
"kernel 2 (localhost):"
"\"EXACT_POLYNOMIAL_SUM production_sum 16 89 4.33\\nEXACT_POLYNOMIAL_SUM production_sum 32 89 4.662\\nEXACT_POLYNOMIAL_SUM production_sum 48 89 5.158\\nEXACT_POLYNOMIAL_SUM production_sum 64 89 5.594\\nEXACT_POLYNOMIAL_SUM production_sum 80 89 5.888\\nEXACT_POLYNOMIAL_SUM production_sum 89 89 6.02\\nPASS: exact polynomial comparison backend\\n\"\n"
"kernel 2 (localhost):"
"\"\"\n"
"kernel 1 (localhost):"
"\"PASS: \"\"known rules end in saved masters\"\n"
"kernel 1 (localhost):"
"\"PASS: \"\"exact individual reduction-rule reconstruction\"\n"
"kernel 1 (localhost):"
"\"REAL_MASTER_COEFFICIENT \"\"Hgg\"\" \"18\" \"InputForm[CutIntegral[\"R01\", {1, 1, 0, 0}]]\n"
"kernel 2 (localhost):"
"\"EXACT_POLYNOMIAL_ACCEPTED \"InputForm[{17, CutIntegral[\"R03\", {1, 1, 0, 1}]}]\" seconds \"18.93072`7.728712125477758\" bytes \"7598344\n"
"kernel 2 (localhost):"
"\"REAL_MASTER_COEFFICIENT \"\"Hgg\"\" \"17\" \"InputForm[CutIntegral[\"R03\", {1, 1, 1, 1}]]\n"
"kernel 2 (localhost):"
"\"EXACT_POLYNOMIAL_BACKEND_START \"InputForm[{17, CutIntegral[\"R03\", {1, 1, 1, 1}]}]\" terms \"2\" bytes \"37155\n"
"kernel 1 (localhost):"
"\"PASS: \"\"exact polynomial transfer supports rational coefficients\"\n"
"kernel 1 (localhost):"
"\"PASS: \"\"unassigned exact polynomial variables\"\n"
"kernel 1 (localhost):"
"\"PASS: \"\"native JSON header shape\"\n"
"kernel 1 (localhost):"
"\"PASS: \"\"complete polynomial variable support\"\n"
"kernel 1 (localhost):"
"\"PASS: \"\"exported polynomial denominator reconstructs\"\n"
"kernel 1 (localhost):"
"\"PASS: \"\"native polynomial text reconstructs\"\n"
"kernel 1 (localhost):"
"\"PASS: \"\"native JSON term reconstructs\"\n"
"kernel 2 (localhost):"
"\"EXACT_POLYNOMIAL_SUM production_sum 2 2 0.023\\nPASS: exact polynomial comparison backend\\n\"\n"
"kernel 2 (localhost):"
"\"\"\n"
"kernel 2 (localhost):"
"\"EXACT_POLYNOMIAL_ACCEPTED \"InputForm[{17, CutIntegral[\"R03\", {1, 1, 1, 1}]}]\" seconds \"0.310405`5.943473701748749\" bytes \"1224000\n"
"kernel 2 (localhost):"
"\"REAL_MASTER_COEFFICIENT \"\"Hgg\"\" \"17\" \"InputForm[CutIntegral[\"R04\", {1, 1, 1, 1}]]\n"
"kernel 2 (localhost):"
"\"EXACT_POLYNOMIAL_BACKEND_START \"InputForm[{17, CutIntegral[\"R04\", {1, 1, 1, 1}]}]\" terms \"8\" bytes \"149619\n"
"kernel 2 (localhost):"
"\"EXACT_POLYNOMIAL_SUM production_sum 8 8 0.035\\nPASS: exact polynomial comparison backend\\n\"\n"
"kernel 2 (localhost):"
"\"\"\n"
"kernel 2 (localhost):"
"\"EXACT_POLYNOMIAL_ACCEPTED \"InputForm[{17, CutIntegral[\"R04\", {1, 1, 1, 1}]}]\" seconds \"0.545881`6.188642971958818\" bytes \"1218552\n"
"kernel 2 (localhost):"
"\"REAL_MASTER_COEFFICIENT \"\"Hgg\"\" \"17\" \"InputForm[CutIntegral[\"R09\", {1, 1, 1, 1}]]\n"
"kernel 2 (localhost):"
"\"EXACT_POLYNOMIAL_BACKEND_START \"InputForm[{17, CutIntegral[\"R09\", {1, 1, 1, 1}]}]\" terms \"2\" bytes \"56307\n"
"kernel 2 (localhost):"
"\"EXACT_POLYNOMIAL_SUM production_sum 2 2 0.039\\nPASS: exact polynomial comparison backend\\n\"\n"
"kernel 2 (localhost):"
"\"\"\n"
"kernel 2 (localhost):"
"\"EXACT_POLYNOMIAL_ACCEPTED \"InputForm[{17, CutIntegral[\"R09\", {1, 1, 1, 1}]}]\" seconds \"0.368977`6.018544288965606\" bytes \"1735248\n"
"kernel 2 (localhost):"
"\"REAL_MASTER_COEFFICIENT \"\"Hgg\"\" \"17\" \"InputForm[CutIntegral[\"R10\", {1, 1, 1, 1}]]\n"
"kernel 2 (localhost):"
"\"EXACT_POLYNOMIAL_BACKEND_START \"InputForm[{17, CutIntegral[\"R10\", {1, 1, 1, 1}]}]\" terms \"8\" bytes \"69563\n"
"kernel 2 (localhost):"
"\"EXACT_POLYNOMIAL_SUM production_sum 8 8 0.016\\nPASS: exact polynomial comparison backend\\n\"\n"
"kernel 2 (localhost):"
"\"\"\n"
"kernel 2 (localhost):"
"\"EXACT_POLYNOMIAL_ACCEPTED \"InputForm[{17, CutIntegral[\"R10\", {1, 1, 1, 1}]}]\" seconds \"0.37616`6.026917605276838\" bytes \"594512\n"
"kernel 2 (localhost):"
"\"PASS: \"\"complete linear reduced coefficient reconstruction\"\n"
"kernel 2 (localhost):"
"\"PASS: \"\"reduced coefficients are scalar rational expressions\"\n"
"kernel 1 (localhost):"
"\"EXACT_POLYNOMIAL_TRANSFER \"\"production_sum\"\" \"64\"/\"411\n"
"kernel 1 (localhost):"
"\"EXACT_POLYNOMIAL_TRANSFER \"\"production_sum\"\" \"128\"/\"411\n"
"kernel 2 (localhost):"
"\"REAL_MAP_ACCEPTED \"\"Hgg\"\" \"17\n"
"kernel 2 (localhost):"
"\"PASS: \"\"complete reduced output accepted before storage projection\"\n"
"kernel 2 (localhost):"
"\"PASS: \"\"exact downstream coefficient interface\"\n"
"kernel 2 (localhost):"
"\"REAL_MAP \"\"Hgg\"\" \"19\"/\"98\" \"<|\"Sector\" -> \"Real\", \"Kind\" -> \"ExtendedResponse\", \"Index\" -> {2, 4, 4}|>\" kernel \"2\n"
"kernel 2 (localhost):"
"\"PASS: \"\"exact saved raw file\"\n"
"kernel 2 (localhost):"
"\"PASS: \"\"raw reader returns complete original record\"\n"
"kernel 2 (localhost):"
"\"PASS: \"\"raw component retains executed reconstruction\"\n"
"kernel 2 (localhost):"
"\"PASS: \"\"known rules end in saved masters\"\n"
"kernel 2 (localhost):"
"\"PASS: \"\"exact individual reduction-rule reconstruction\"\n"
"kernel 2 (localhost):"
"\"REAL_MASTER_COEFFICIENT \"\"Hgg\"\" \"19\" \"InputForm[CutIntegral[\"R01\", {1, 1, 0, 0}]]\n"
"kernel 2 (localhost):"
"\"PASS: \"\"exact polynomial transfer supports rational coefficients\"\n"
"kernel 2 (localhost):"
"\"PASS: \"\"unassigned exact polynomial variables\"\n"
"kernel 2 (localhost):"
"\"PASS: \"\"native JSON header shape\"\n"
"kernel 2 (localhost):"
"\"PASS: \"\"complete polynomial variable support\"\n"
"kernel 2 (localhost):"
"\"PASS: \"\"exported polynomial denominator reconstructs\"\n"
"kernel 2 (localhost):"
"\"PASS: \"\"native polynomial text reconstructs\"\n"
"kernel 2 (localhost):"
"\"PASS: \"\"native JSON term reconstructs\"\n"
"kernel 2 (localhost):"
"\"EXACT_POLYNOMIAL_TRANSFER \"\"production_sum\"\" \"64\"/\"305\n"
"kernel 1 (localhost):"
"\"EXACT_POLYNOMIAL_TRANSFER \"\"production_sum\"\" \"192\"/\"411\n"
"kernel 1 (localhost):"
"\"EXACT_POLYNOMIAL_TRANSFER \"\"production_sum\"\" \"256\"/\"411\n"
"kernel 2 (localhost):"
"\"EXACT_POLYNOMIAL_TRANSFER \"\"production_sum\"\" \"128\"/\"305\n"
"kernel 1 (localhost):"
"\"EXACT_POLYNOMIAL_TRANSFER \"\"production_sum\"\" \"320\"/\"411\n"
"kernel 1 (localhost):"
"\"EXACT_POLYNOMIAL_TRANSFER \"\"production_sum\"\" \"384\"/\"411\n"
"kernel 2 (localhost):"
"\"EXACT_POLYNOMIAL_TRANSFER \"\"production_sum\"\" \"192\"/\"305\n"
"kernel 1 (localhost):"
"\"PASS: \"\"bounded polynomial transfer file\"\n"
"kernel 1 (localhost):"
"\"PASS: \"\"unchanged validated exact backend\"\n"
"kernel 1 (localhost):"
"\"EXACT_POLYNOMIAL_BACKEND_START \"InputForm[{18, CutIntegral[\"R01\", {1, 1, 0, 0}]}]\" terms \"411\" bytes \"17706590\n"
"kernel 2 (localhost):"
"\"EXACT_POLYNOMIAL_TRANSFER \"\"production_sum\"\" \"256\"/\"305\n"
"kernel 2 (localhost):"
"\"PASS: \"\"bounded polynomial transfer file\"\n"
"kernel 2 (localhost):"
"\"PASS: \"\"unchanged validated exact backend\"\n"
"kernel 2 (localhost):"
"\"EXACT_POLYNOMIAL_BACKEND_START \"InputForm[{19, CutIntegral[\"R01\", {1, 1, 0, 0}]}]\" terms \"305\" bytes \"12465543\n"
"kernel 2 (localhost):"
"\"EXACT_POLYNOMIAL_SUM production_sum 16 305 5.957\\nEXACT_POLYNOMIAL_SUM production_sum 32 305 7.075\\nEXACT_POLYNOMIAL_SUM production_sum 48 305 7.757\\nEXACT_POLYNOMIAL_SUM production_sum 64 305 8.493\\nEXACT_POLYNOMIAL_SUM production_sum 80 305 9.553\\nEXACT_POLYNOMIAL_SUM production_sum 96 305 10.458\\nEXACT_POLYNOMIAL_SUM production_sum 112 305 11.353\\nEXACT_POLYNOMIAL_SUM production_sum 128 305 12.449\\nEXACT_POLYNOMIAL_SUM production_sum 144 305 13.523\\nEXACT_POLYNOMIAL_SUM production_sum 160 305 14.499\\nEXACT_POLYNOMIAL_SUM production_sum 176 305 15.371\\nEXACT_POLYNOMIAL_SUM production_sum 192 305 16.281\\nEXACT_POLYNOMIAL_SUM production_sum 208 305 17.37\\nEXACT_POLYNOMIAL_SUM production_sum 224 305 18.412\\nEXACT_POLYNOMIAL_SUM production_sum 240 305 19.263\\nEXACT_POLYNOMIAL_SUM production_sum 256 305 20.316\\nEXACT_POLYNOMIAL_SUM production_sum 272 305 21.233\\nEXACT_POLYNOMIAL_SUM production_sum 288 305 21.973\\nEXACT_POLYNOMIAL_SUM production_sum 304 305 22.799\\nEXACT_POLYNOMIAL_SUM production_sum 305 305 22.808\\nPASS: exact polynomial comparison backend\\n\"\n"
"kernel 2 (localhost):"
"\"\"\n"
"kernel 2 (localhost):"
"\"PASS: \"\"exact production backend completed\"\n"
"kernel 2 (localhost):"
"\"PASS: \"\"exact production backend input and source\"\n"
"kernel 2 (localhost):"
"\"PASS: \"\"complete production termwise reconstruction\"\n"
"kernel 2 (localhost):"
"\"PASS: \"\"exact scalar coefficient import\"\n"
"kernel 2 (localhost):"
"\"EXACT_POLYNOMIAL_ACCEPTED \"InputForm[{19, CutIntegral[\"R01\", {1, 1, 0, 0}]}]\" seconds \"43.042077`8.085438213586343\" bytes \"5614216\n"
"kernel 2 (localhost):"
"\"PASS: \"\"compressed scalar map below file bound\"\n"
"kernel 2 (localhost):"
"\"PASS: \"\"compressed scalar map exact round trip\"\n"
"kernel 2 (localhost):"
"\"PASS: \"\"master coefficient retains exact reconstruction\"\n"
"kernel 2 (localhost):"
"\"REAL_MASTER_COEFFICIENT \"\"Hgg\"\" \"19\" \"InputForm[CutIntegral[\"R01\", {1, 1, 1, 1}]]\n"
"kernel 2 (localhost):"
"\"EXACT_POLYNOMIAL_BACKEND_START \"InputForm[{19, CutIntegral[\"R01\", {1, 1, 1, 1}]}]\" terms \"2\" bytes \"12521\n"
"kernel 2 (localhost):"
"\"EXACT_POLYNOMIAL_SUM production_sum 2 2 0.002\\nPASS: exact polynomial comparison backend\\n\"\n"
"kernel 2 (localhost):"
"\"\"\n"
"kernel 2 (localhost):"
"\"EXACT_POLYNOMIAL_ACCEPTED \"InputForm[{19, CutIntegral[\"R01\", {1, 1, 1, 1}]}]\" seconds \"0.153537`5.637758044055103\" bytes \"69616\n"
"kernel 2 (localhost):"
"\"REAL_MASTER_COEFFICIENT \"\"Hgg\"\" \"19\" \"InputForm[CutIntegral[\"R02\", {1, 1, 1, 1}]]\n"
"kernel 2 (localhost):"
"\"EXACT_POLYNOMIAL_BACKEND_START \"InputForm[{19, CutIntegral[\"R02\", {1, 1, 1, 1}]}]\" terms \"6\" bytes \"94159\n"
"kernel 2 (localhost):"
"\"EXACT_POLYNOMIAL_SUM production_sum 6 6 0.014\\nPASS: exact polynomial comparison backend\\n\"\n"
"kernel 2 (localhost):"
"\"\"\n"
"kernel 2 (localhost):"
"\"EXACT_POLYNOMIAL_ACCEPTED \"InputForm[{19, CutIntegral[\"R02\", {1, 1, 1, 1}]}]\" seconds \"0.309833`5.942672665649462\" bytes \"763960\n"
"kernel 2 (localhost):"
"\"REAL_MASTER_COEFFICIENT \"\"Hgg\"\" \"19\" \"InputForm[CutIntegral[\"R03\", {1, 1, 0, 1}]]\n"
"kernel 2 (localhost):"
"\"EXACT_POLYNOMIAL_TRANSFER \"\"production_sum\"\" \"64\"/\"77\n"
"kernel 2 (localhost):"
"\"EXACT_POLYNOMIAL_BACKEND_START \"InputForm[{19, CutIntegral[\"R03\", {1, 1, 0, 1}]}]\" terms \"77\" bytes \"2232835\n"
"kernel 2 (localhost):"
"\"EXACT_POLYNOMIAL_SUM production_sum 16 77 1.448\\nEXACT_POLYNOMIAL_SUM production_sum 32 77 1.629\\nEXACT_POLYNOMIAL_SUM production_sum 48 77 1.851\\nEXACT_POLYNOMIAL_SUM production_sum 64 77 2.027\\nEXACT_POLYNOMIAL_SUM production_sum 77 77 2.226\\nPASS: exact polynomial comparison backend\\n\"\n"
"kernel 2 (localhost):"
"\"\"\n"
"kernel 2 (localhost):"
"\"EXACT_POLYNOMIAL_ACCEPTED \"InputForm[{19, CutIntegral[\"R03\", {1, 1, 0, 1}]}]\" seconds \"6.589838`7.270419731827335\" bytes \"7277440\n"
"kernel 2 (localhost):"
"\"REAL_MASTER_COEFFICIENT \"\"Hgg\"\" \"19\" \"InputForm[CutIntegral[\"R03\", {1, 1, 1, 1}]]\n"
"kernel 2 (localhost):"
"\"EXACT_POLYNOMIAL_BACKEND_START \"InputForm[{19, CutIntegral[\"R03\", {1, 1, 1, 1}]}]\" terms \"2\" bytes \"27671\n"
"kernel 2 (localhost):"
"\"EXACT_POLYNOMIAL_SUM production_sum 2 2 0.012\\nPASS: exact polynomial comparison backend\\n\"\n"
"kernel 2 (localhost):"
"\"\"\n"
"kernel 2 (localhost):"
"\"EXACT_POLYNOMIAL_ACCEPTED \"InputForm[{19, CutIntegral[\"R03\", {1, 1, 1, 1}]}]\" seconds \"0.223832`5.801467168762279\" bytes \"627744\n"
"kernel 2 (localhost):"
"\"REAL_MASTER_COEFFICIENT \"\"Hgg\"\" \"19\" \"InputForm[CutIntegral[\"R04\", {1, 1, 1, 1}]]\n"
"kernel 2 (localhost):"
"\"EXACT_POLYNOMIAL_BACKEND_START \"InputForm[{19, CutIntegral[\"R04\", {1, 1, 1, 1}]}]\" terms \"8\" bytes \"88047\n"
"kernel 2 (localhost):"
"\"EXACT_POLYNOMIAL_SUM production_sum 8 8 0.02\\nPASS: exact polynomial comparison backend\\n\"\n"
"kernel 2 (localhost):"
"\"\"\n"
"kernel 2 (localhost):"
"\"EXACT_POLYNOMIAL_ACCEPTED \"InputForm[{19, CutIntegral[\"R04\", {1, 1, 1, 1}]}]\" seconds \"0.348793`5.994112753896757\" bytes \"769920\n"
"kernel 2 (localhost):"
"\"REAL_MASTER_COEFFICIENT \"\"Hgg\"\" \"19\" \"InputForm[CutIntegral[\"R09\", {1, 1, 1, 1}]]\n"
"kernel 2 (localhost):"
"\"EXACT_POLYNOMIAL_BACKEND_START \"InputForm[{19, CutIntegral[\"R09\", {1, 1, 1, 1}]}]\" terms \"2\" bytes \"37807\n"
"kernel 2 (localhost):"
"\"EXACT_POLYNOMIAL_SUM production_sum 2 2 0.016\\nPASS: exact polynomial comparison backend\\n\"\n"
"kernel 2 (localhost):"
"\"\"\n"
"kernel 2 (localhost):"
"\"EXACT_POLYNOMIAL_ACCEPTED \"InputForm[{19, CutIntegral[\"R09\", {1, 1, 1, 1}]}]\" seconds \"0.251496`5.852076075564891\" bytes \"852400\n"
"kernel 2 (localhost):"
"\"REAL_MASTER_COEFFICIENT \"\"Hgg\"\" \"19\" \"InputForm[CutIntegral[\"R10\", {1, 1, 1, 1}]]\n"
"kernel 2 (localhost):"
"\"EXACT_POLYNOMIAL_BACKEND_START \"InputForm[{19, CutIntegral[\"R10\", {1, 1, 1, 1}]}]\" terms \"8\" bytes \"53701\n"
"kernel 2 (localhost):"
"\"EXACT_POLYNOMIAL_SUM production_sum 8 8 0.012\\nPASS: exact polynomial comparison backend\\n\"\n"
"kernel 2 (localhost):"
"\"\"\n"
"kernel 2 (localhost):"
"\"EXACT_POLYNOMIAL_ACCEPTED \"InputForm[{19, CutIntegral[\"R10\", {1, 1, 1, 1}]}]\" seconds \"0.279516`5.897951666229429\" bytes \"457448\n"
"kernel 2 (localhost):"
"\"PASS: \"\"complete linear reduced coefficient reconstruction\"\n"
"kernel 2 (localhost):"
"\"PASS: \"\"reduced coefficients are scalar rational expressions\"\n"
"kernel 2 (localhost):"
"\"REAL_MAP_ACCEPTED \"\"Hgg\"\" \"19\n"
"kernel 2 (localhost):"
"\"PASS: \"\"complete reduced output accepted before storage projection\"\n"
"kernel 2 (localhost):"
"\"PASS: \"\"exact downstream coefficient interface\"\n"
"kernel 2 (localhost):"
"\"REAL_MAP \"\"Hgg\"\" \"20\"/\"98\" \"<|\"Sector\" -> \"Real\", \"Kind\" -> \"ExtendedResponse\", \"Index\" -> {2, 5, 1}|>\" kernel \"2\n"
"kernel 2 (localhost):"
"\"PASS: \"\"exact saved raw file\"\n"
"kernel 2 (localhost):"
"\"PASS: \"\"raw reader returns complete original record\"\n"
"kernel 2 (localhost):"
"\"PASS: \"\"raw component retains executed reconstruction\"\n"
"kernel 2 (localhost):"
"\"PASS: \"\"known rules end in saved masters\"\n"
"kernel 2 (localhost):"
"\"PASS: \"\"exact individual reduction-rule reconstruction\"\n"
"kernel 2 (localhost):"
"\"REAL_MASTER_COEFFICIENT \"\"Hgg\"\" \"20\" \"InputForm[CutIntegral[\"R01\", {1, 1, 0, 0}]]\n"
"kernel 2 (localhost):"
"\"PASS: \"\"exact polynomial transfer supports rational coefficients\"\n"
"kernel 2 (localhost):"
"\"PASS: \"\"unassigned exact polynomial variables\"\n"
"kernel 2 (localhost):"
"\"PASS: \"\"native JSON header shape\"\n"
"kernel 2 (localhost):"
"\"PASS: \"\"complete polynomial variable support\"\n"
"kernel 2 (localhost):"
"\"PASS: \"\"exported polynomial denominator reconstructs\"\n"
"kernel 2 (localhost):"
"\"PASS: \"\"native polynomial text reconstructs\"\n"
"kernel 2 (localhost):"
"\"PASS: \"\"native JSON term reconstructs\"\n"
"kernel 2 (localhost):"
"\"EXACT_POLYNOMIAL_TRANSFER \"\"production_sum\"\" \"64\"/\"411\n"
"kernel 1 (localhost):"
"\"EXACT_POLYNOMIAL_SUM production_sum 16 411 11.59\\nEXACT_POLYNOMIAL_SUM production_sum 32 411 13.821\\nEXACT_POLYNOMIAL_SUM production_sum 48 411 15.563\\nEXACT_POLYNOMIAL_SUM production_sum 64 411 17.633\\nEXACT_POLYNOMIAL_SUM production_sum 80 411 19.653\\nEXACT_POLYNOMIAL_SUM production_sum 96 411 21.546\\nEXACT_POLYNOMIAL_SUM production_sum 112 411 23.815\\nEXACT_POLYNOMIAL_SUM production_sum 128 411 26.025\\nEXACT_POLYNOMIAL_SUM production_sum 144 411 28.089\\nEXACT_POLYNOMIAL_SUM production_sum 160 411 30.231\\nEXACT_POLYNOMIAL_SUM production_sum 176 411 32.329\\nEXACT_POLYNOMIAL_SUM production_sum 192 411 34.516\\nEXACT_POLYNOMIAL_SUM production_sum 208 411 36.389\\nEXACT_POLYNOMIAL_SUM production_sum 224 411 38.382\\nEXACT_POLYNOMIAL_SUM production_sum 240 411 39.858\\nEXACT_POLYNOMIAL_SUM production_sum 256 411 41.345\\nEXACT_POLYNOMIAL_SUM production_sum 272 411 42.858\\nEXACT_POLYNOMIAL_SUM production_sum 288 411 44.131\\nEXACT_POLYNOMIAL_SUM production_sum 304 411 45.908\\nEXACT_POLYNOMIAL_SUM production_sum 320 411 47.115\\nEXACT_POLYNOMIAL_SUM production_sum 336 411 48.089\\nEXACT_POLYNOMIAL_SUM production_sum 352 411 49.23\\nEXACT_POLYNOMIAL_SUM production_sum 368 411 51.069\\nEXACT_POLYNOMIAL_SUM production_sum 384 411 52.858\\nEXACT_POLYNOMIAL_SUM production_sum 400 411 54.133\\nEXACT_POLYNOMIAL_SUM production_sum 411 411 54.991\\nPASS: exact polynomial comparison backend\\n\"\n"
"kernel 1 (localhost):"
"\"\"\n"
"kernel 1 (localhost):"
"\"PASS: \"\"exact production backend completed\"\n"
"kernel 1 (localhost):"
"\"PASS: \"\"exact production backend input and source\"\n"
"kernel 1 (localhost):"
"\"PASS: \"\"complete production termwise reconstruction\"\n"
"kernel 1 (localhost):"
"\"PASS: \"\"exact scalar coefficient import\"\n"
"kernel 1 (localhost):"
"\"EXACT_POLYNOMIAL_ACCEPTED \"InputForm[{18, CutIntegral[\"R01\", {1, 1, 0, 0}]}]\" seconds \"87.907635`8.395571589779877\" bytes \"6262976\n"
"kernel 1 (localhost):"
"\"PASS: \"\"compressed scalar map below file bound\"\n"
"kernel 1 (localhost):"
"\"PASS: \"\"compressed scalar map exact round trip\"\n"
"kernel 1 (localhost):"
"\"PASS: \"\"master coefficient retains exact reconstruction\"\n"
"kernel 1 (localhost):"
"\"REAL_MASTER_COEFFICIENT \"\"Hgg\"\" \"18\" \"InputForm[CutIntegral[\"R01\", {1, 1, 1, 1}]]\n"
"kernel 1 (localhost):"
"\"EXACT_POLYNOMIAL_BACKEND_START \"InputForm[{18, CutIntegral[\"R01\", {1, 1, 1, 1}]}]\" terms \"2\" bytes \"14849\n"
"kernel 1 (localhost):"
"\"EXACT_POLYNOMIAL_SUM production_sum 2 2 0.002\\nPASS: exact polynomial comparison backend\\n\"\n"
"kernel 1 (localhost):"
"\"\"\n"
"kernel 1 (localhost):"
"\"EXACT_POLYNOMIAL_ACCEPTED \"InputForm[{18, CutIntegral[\"R01\", {1, 1, 1, 1}]}]\" seconds \"0.180567`5.708183376087865\" bytes \"91792\n"
"kernel 1 (localhost):"
"\"REAL_MASTER_COEFFICIENT \"\"Hgg\"\" \"18\" \"InputForm[CutIntegral[\"R02\", {1, 1, 1, 1}]]\n"
"kernel 1 (localhost):"
"\"EXACT_POLYNOMIAL_BACKEND_START \"InputForm[{18, CutIntegral[\"R02\", {1, 1, 1, 1}]}]\" terms \"8\" bytes \"24869\n"
"kernel 1 (localhost):"
"\"EXACT_POLYNOMIAL_SUM production_sum 8 8 0.007\\nPASS: exact polynomial comparison backend\\n\"\n"
"kernel 1 (localhost):"
"\"\"\n"
"kernel 1 (localhost):"
"\"EXACT_POLYNOMIAL_ACCEPTED \"InputForm[{18, CutIntegral[\"R02\", {1, 1, 1, 1}]}]\" seconds \"0.224203`5.802186412971383\" bytes \"257928\n"
"kernel 1 (localhost):"
"\"REAL_MASTER_COEFFICIENT \"\"Hgg\"\" \"18\" \"InputForm[CutIntegral[\"R03\", {1, 1, 0, 1}]]\n"
"kernel 1 (localhost):"
"\"EXACT_POLYNOMIAL_TRANSFER \"\"production_sum\"\" \"64\"/\"89\n"
"kernel 2 (localhost):"
"\"EXACT_POLYNOMIAL_TRANSFER \"\"production_sum\"\" \"128\"/\"411\n"
"kernel 1 (localhost):"
"\"EXACT_POLYNOMIAL_BACKEND_START \"InputForm[{18, CutIntegral[\"R03\", {1, 1, 0, 1}]}]\" terms \"89\" bytes \"3214131\n"
"kernel 1 (localhost):"
"\"EXACT_POLYNOMIAL_SUM production_sum 16 89 2.301\\nEXACT_POLYNOMIAL_SUM production_sum 32 89 2.543\\nEXACT_POLYNOMIAL_SUM production_sum 48 89 2.733\\nEXACT_POLYNOMIAL_SUM production_sum 64 89 2.971\\nEXACT_POLYNOMIAL_SUM production_sum 80 89 3.166\\nEXACT_POLYNOMIAL_SUM production_sum 89 89 3.247\\nPASS: exact polynomial comparison backend\\n\"\n"
"kernel 1 (localhost):"
"\"\"\n"
"kernel 1 (localhost):"
"\"EXACT_POLYNOMIAL_ACCEPTED \"InputForm[{18, CutIntegral[\"R03\", {1, 1, 0, 1}]}]\" seconds \"9.980919`7.4507155245883405\" bytes \"5739136\n"
"kernel 1 (localhost):"
"\"REAL_MASTER_COEFFICIENT \"\"Hgg\"\" \"18\" \"InputForm[CutIntegral[\"R03\", {1, 1, 1, 1}]]\n"
"kernel 1 (localhost):"
"\"EXACT_POLYNOMIAL_BACKEND_START \"InputForm[{18, CutIntegral[\"R03\", {1, 1, 1, 1}]}]\" terms \"2\" bytes \"21319\n"
"kernel 1 (localhost):"
"\"EXACT_POLYNOMIAL_SUM production_sum 2 2 0.012\\nPASS: exact polynomial comparison backend\\n\"\n"
"kernel 1 (localhost):"
"\"\"\n"
"kernel 1 (localhost):"
"\"EXACT_POLYNOMIAL_ACCEPTED \"InputForm[{18, CutIntegral[\"R03\", {1, 1, 1, 1}]}]\" seconds \"0.211091`5.776014710774925\" bytes \"515816\n"
"kernel 1 (localhost):"
"\"REAL_MASTER_COEFFICIENT \"\"Hgg\"\" \"18\" \"InputForm[CutIntegral[\"R04\", {1, 1, 1, 1}]]\n"
"kernel 1 (localhost):"
"\"EXACT_POLYNOMIAL_BACKEND_START \"InputForm[{18, CutIntegral[\"R04\", {1, 1, 1, 1}]}]\" terms \"8\" bytes \"79177\n"
"kernel 1 (localhost):"
"\"EXACT_POLYNOMIAL_SUM production_sum 8 8 0.017\\nPASS: exact polynomial comparison backend\\n\"\n"
"kernel 1 (localhost):"
"\"\"\n"
"kernel 1 (localhost):"
"\"EXACT_POLYNOMIAL_ACCEPTED \"InputForm[{18, CutIntegral[\"R04\", {1, 1, 1, 1}]}]\" seconds \"0.339729`5.982677614261825\" bytes \"466840\n"
"kernel 1 (localhost):"
"\"REAL_MASTER_COEFFICIENT \"\"Hgg\"\" \"18\" \"InputForm[CutIntegral[\"R09\", {1, 1, 1, 1}]]\n"
"kernel 1 (localhost):"
"\"EXACT_POLYNOMIAL_BACKEND_START \"InputForm[{18, CutIntegral[\"R09\", {1, 1, 1, 1}]}]\" terms \"2\" bytes \"35927\n"
"kernel 1 (localhost):"
"\"EXACT_POLYNOMIAL_SUM production_sum 2 2 0.015\\nPASS: exact polynomial comparison backend\\n\"\n"
"kernel 1 (localhost):"
"\"\"\n"
"kernel 1 (localhost):"
"\"EXACT_POLYNOMIAL_ACCEPTED \"InputForm[{18, CutIntegral[\"R09\", {1, 1, 1, 1}]}]\" seconds \"0.250728`5.850747829913191\" bytes \"833024\n"
"kernel 1 (localhost):"
"\"REAL_MASTER_COEFFICIENT \"\"Hgg\"\" \"18\" \"InputForm[CutIntegral[\"R10\", {1, 1, 1, 1}]]\n"
"kernel 1 (localhost):"
"\"EXACT_POLYNOMIAL_BACKEND_START \"InputForm[{18, CutIntegral[\"R10\", {1, 1, 1, 1}]}]\" terms \"8\" bytes \"48231\n"
"kernel 1 (localhost):"
"\"EXACT_POLYNOMIAL_SUM production_sum 8 8 0.009\\nPASS: exact polynomial comparison backend\\n\"\n"
"kernel 1 (localhost):"
"\"\"\n"
"kernel 1 (localhost):"
"\"EXACT_POLYNOMIAL_ACCEPTED \"InputForm[{18, CutIntegral[\"R10\", {1, 1, 1, 1}]}]\" seconds \"0.291598`5.916329534431543\" bytes \"284936\n"
"kernel 1 (localhost):"
"\"PASS: \"\"complete linear reduced coefficient reconstruction\"\n"
"kernel 1 (localhost):"
"\"PASS: \"\"reduced coefficients are scalar rational expressions\"\n"
"kernel 2 (localhost):"
"\"EXACT_POLYNOMIAL_TRANSFER \"\"production_sum\"\" \"192\"/\"411\n"
"kernel 1 (localhost):"
"\"REAL_MAP_ACCEPTED \"\"Hgg\"\" \"18\n"
"kernel 1 (localhost):"
"\"PASS: \"\"complete reduced output accepted before storage projection\"\n"
"kernel 1 (localhost):"
"\"PASS: \"\"exact downstream coefficient interface\"\n"
"kernel 1 (localhost):"
"\"REAL_MAP \"\"Hgg\"\" \"21\"/\"98\" \"<|\"Sector\" -> \"Real\", \"Kind\" -> \"ExtendedResponse\", \"Index\" -> {2, 5, 2}|>\" kernel \"1\n"
"kernel 1 (localhost):"
"\"PASS: \"\"exact saved raw file\"\n"
"kernel 2 (localhost):"
"\"EXACT_POLYNOMIAL_TRANSFER \"\"production_sum\"\" \"256\"/\"411\n"
"kernel 1 (localhost):"
"\"PASS: \"\"raw reader returns complete original record\"\n"
"kernel 1 (localhost):"
"\"PASS: \"\"raw component retains executed reconstruction\"\n"
"kernel 1 (localhost):"
"\"PASS: \"\"known rules end in saved masters\"\n"
"kernel 1 (localhost):"
"\"PASS: \"\"exact individual reduction-rule reconstruction\"\n"
"kernel 1 (localhost):"
"\"REAL_MASTER_COEFFICIENT \"\"Hgg\"\" \"21\" \"InputForm[CutIntegral[\"R01\", {1, 1, 0, 0}]]\n"
"kernel 1 (localhost):"
"\"PASS: \"\"exact polynomial transfer supports rational coefficients\"\n"
"kernel 1 (localhost):"
"\"PASS: \"\"unassigned exact polynomial variables\"\n"
"kernel 1 (localhost):"
"\"PASS: \"\"native JSON header shape\"\n"
"kernel 1 (localhost):"
"\"PASS: \"\"complete polynomial variable support\"\n"
"kernel 1 (localhost):"
"\"PASS: \"\"exported polynomial denominator reconstructs\"\n"
"kernel 1 (localhost):"
"\"PASS: \"\"native polynomial text reconstructs\"\n"
"kernel 1 (localhost):"
"\"PASS: \"\"native JSON term reconstructs\"\n"
"kernel 2 (localhost):"
"\"EXACT_POLYNOMIAL_TRANSFER \"\"production_sum\"\" \"320\"/\"411\n"
"kernel 2 (localhost):"
"\"EXACT_POLYNOMIAL_TRANSFER \"\"production_sum\"\" \"384\"/\"411\n"
"kernel 2 (localhost):"
"\"PASS: \"\"bounded polynomial transfer file\"\n"
"kernel 2 (localhost):"
"\"PASS: \"\"unchanged validated exact backend\"\n"
"kernel 2 (localhost):"
"\"EXACT_POLYNOMIAL_BACKEND_START \"InputForm[{20, CutIntegral[\"R01\", {1, 1, 0, 0}]}]\" terms \"411\" bytes \"21811281\n"
"kernel 1 (localhost):"
"\"EXACT_POLYNOMIAL_TRANSFER \"\"production_sum\"\" \"64\"/\"411\n"
"kernel 1 (localhost):"
"\"EXACT_POLYNOMIAL_TRANSFER \"\"production_sum\"\" \"128\"/\"411\n"
"kernel 1 (localhost):"
"\"EXACT_POLYNOMIAL_TRANSFER \"\"production_sum\"\" \"192\"/\"411\n"
"kernel 1 (localhost):"
"\"EXACT_POLYNOMIAL_TRANSFER \"\"production_sum\"\" \"256\"/\"411\n"
"kernel 1 (localhost):"
"\"EXACT_POLYNOMIAL_TRANSFER \"\"production_sum\"\" \"320\"/\"411\n"
"kernel 1 (localhost):"
"\"EXACT_POLYNOMIAL_TRANSFER \"\"production_sum\"\" \"384\"/\"411\n"
"kernel 1 (localhost):"
"\"PASS: \"\"bounded polynomial transfer file\"\n"
"kernel 1 (localhost):"
"\"PASS: \"\"unchanged validated exact backend\"\n"
"kernel 1 (localhost):"
"\"EXACT_POLYNOMIAL_BACKEND_START \"InputForm[{21, CutIntegral[\"R01\", {1, 1, 0, 0}]}]\" terms \"411\" bytes \"21389860\n"
"kernel 2 (localhost):"
"\"EXACT_POLYNOMIAL_SUM production_sum 16 411 14.871\\nEXACT_POLYNOMIAL_SUM production_sum 32 411 17.203\\nEXACT_POLYNOMIAL_SUM production_sum 48 411 19.505\\nEXACT_POLYNOMIAL_SUM production_sum 64 411 22.028\\nEXACT_POLYNOMIAL_SUM production_sum 80 411 24.858\\nEXACT_POLYNOMIAL_SUM production_sum 96 411 27.591\\nEXACT_POLYNOMIAL_SUM production_sum 112 411 30.262\\nEXACT_POLYNOMIAL_SUM production_sum 128 411 32.723\\nEXACT_POLYNOMIAL_SUM production_sum 144 411 35.435\\nEXACT_POLYNOMIAL_SUM production_sum 160 411 38.096\\nEXACT_POLYNOMIAL_SUM production_sum 176 411 40.579\\nEXACT_POLYNOMIAL_SUM production_sum 192 411 43.151\\nEXACT_POLYNOMIAL_SUM production_sum 208 411 45.749\\nEXACT_POLYNOMIAL_SUM production_sum 224 411 48.419\\nEXACT_POLYNOMIAL_SUM production_sum 240 411 50.311\\nEXACT_POLYNOMIAL_SUM production_sum 256 411 52.148\\nEXACT_POLYNOMIAL_SUM production_sum 272 411 53.462\\nEXACT_POLYNOMIAL_SUM production_sum 288 411 54.849\\nEXACT_POLYNOMIAL_SUM production_sum 304 411 56.693\\nEXACT_POLYNOMIAL_SUM production_sum 320 411 58.135\\nEXACT_POLYNOMIAL_SUM production_sum 336 411 59.63\\nEXACT_POLYNOMIAL_SUM production_sum 352 411 60.953\\nEXACT_POLYNOMIAL_SUM production_sum 368 411 62.596\\nEXACT_POLYNOMIAL_SUM production_sum 384 411 64.307\\nEXACT_POLYNOMIAL_SUM production_sum 400 411 65.587\\nEXACT_POLYNOMIAL_SUM production_sum 411 411 66.402\\nPASS: exact polynomial comparison backend\\n\"\n"
"kernel 2 (localhost):"
"\"\"\n"
"kernel 2 (localhost):"
"\"PASS: \"\"exact production backend completed\"\n"
"kernel 2 (localhost):"
"\"PASS: \"\"exact production backend input and source\"\n"
"kernel 2 (localhost):"
"\"PASS: \"\"complete production termwise reconstruction\"\n"
"kernel 2 (localhost):"
"\"PASS: \"\"exact scalar coefficient import\"\n"
"kernel 2 (localhost):"
"\"EXACT_POLYNOMIAL_ACCEPTED \"InputForm[{20, CutIntegral[\"R01\", {1, 1, 0, 0}]}]\" seconds \"104.774771`8.471801713791216\" bytes \"7656048\n"
"kernel 2 (localhost):"
"\"PASS: \"\"compressed scalar map below file bound\"\n"
"kernel 2 (localhost):"
"\"PASS: \"\"compressed scalar map exact round trip\"\n"
"kernel 2 (localhost):"
"\"PASS: \"\"master coefficient retains exact reconstruction\"\n"
"kernel 2 (localhost):"
"\"REAL_MASTER_COEFFICIENT \"\"Hgg\"\" \"20\" \"InputForm[CutIntegral[\"R01\", {1, 1, 1, 1}]]\n"
"kernel 2 (localhost):"
"\"EXACT_POLYNOMIAL_BACKEND_START \"InputForm[{20, CutIntegral[\"R01\", {1, 1, 1, 1}]}]\" terms \"2\" bytes \"23043\n"
"kernel 2 (localhost):"
"\"EXACT_POLYNOMIAL_SUM production_sum 2 2 0.004\\nPASS: exact polynomial comparison backend\\n\"\n"
"kernel 2 (localhost):"
"\"\"\n"
"kernel 2 (localhost):"
"\"EXACT_POLYNOMIAL_ACCEPTED \"InputForm[{20, CutIntegral[\"R01\", {1, 1, 1, 1}]}]\" seconds \"0.201995`5.756885612946138\" bytes \"195208\n"
"kernel 2 (localhost):"
"\"REAL_MASTER_COEFFICIENT \"\"Hgg\"\" \"20\" \"InputForm[CutIntegral[\"R02\", {1, 1, 1, 1}]]\n"
"kernel 2 (localhost):"
"\"EXACT_POLYNOMIAL_BACKEND_START \"InputForm[{20, CutIntegral[\"R02\", {1, 1, 1, 1}]}]\" terms \"8\" bytes \"166049\n"
"kernel 2 (localhost):"
"\"EXACT_POLYNOMIAL_SUM production_sum 8 8 0.039\\nPASS: exact polynomial comparison backend\\n\"\n"
"kernel 2 (localhost):"
"\"\"\n"
"kernel 2 (localhost):"
"\"EXACT_POLYNOMIAL_ACCEPTED \"InputForm[{20, CutIntegral[\"R02\", {1, 1, 1, 1}]}]\" seconds \"0.492916`6.1443179090313675\" bytes \"1316328\n"
"kernel 2 (localhost):"
"\"REAL_MASTER_COEFFICIENT \"\"Hgg\"\" \"20\" \"InputForm[CutIntegral[\"R03\", {1, 1, 0, 1}]]\n"
"kernel 2 (localhost):"
"\"EXACT_POLYNOMIAL_TRANSFER \"\"production_sum\"\" \"64\"/\"89\n"
"kernel 2 (localhost):"
"\"EXACT_POLYNOMIAL_BACKEND_START \"InputForm[{20, CutIntegral[\"R03\", {1, 1, 0, 1}]}]\" terms \"89\" bytes \"4367804\n"
"kernel 2 (localhost):"
"\"EXACT_POLYNOMIAL_SUM production_sum 16 89 3.036\\nEXACT_POLYNOMIAL_SUM production_sum 32 89 3.302\\nEXACT_POLYNOMIAL_SUM production_sum 48 89 3.626\\nEXACT_POLYNOMIAL_SUM production_sum 64 89 3.965\\nEXACT_POLYNOMIAL_SUM production_sum 80 89 4.219\\nEXACT_POLYNOMIAL_SUM production_sum 89 89 4.325\\nPASS: exact polynomial comparison backend\\n\"\n"
"kernel 2 (localhost):"
"\"\"\n"
"kernel 2 (localhost):"
"\"EXACT_POLYNOMIAL_ACCEPTED \"InputForm[{20, CutIntegral[\"R03\", {1, 1, 0, 1}]}]\" seconds \"12.988514`7.565104460310635\" bytes \"8596184\n"
"kernel 2 (localhost):"
"\"REAL_MASTER_COEFFICIENT \"\"Hgg\"\" \"20\" \"InputForm[CutIntegral[\"R03\", {1, 1, 1, 1}]]\n"
"kernel 2 (localhost):"
"\"EXACT_POLYNOMIAL_BACKEND_START \"InputForm[{20, CutIntegral[\"R03\", {1, 1, 1, 1}]}]\" terms \"2\" bytes \"51813\n"
"kernel 2 (localhost):"
"\"EXACT_POLYNOMIAL_SUM production_sum 2 2 0.027\\nPASS: exact polynomial comparison backend\\n\"\n"
"kernel 2 (localhost):"
"\"\"\n"
"kernel 2 (localhost):"
"\"EXACT_POLYNOMIAL_ACCEPTED \"InputForm[{20, CutIntegral[\"R03\", {1, 1, 1, 1}]}]\" seconds \"0.342713`5.986475572163315\" bytes \"1579192\n"
"kernel 2 (localhost):"
"\"REAL_MASTER_COEFFICIENT \"\"Hgg\"\" \"20\" \"InputForm[CutIntegral[\"R04\", {1, 1, 1, 1}]]\n"
"kernel 2 (localhost):"
"\"EXACT_POLYNOMIAL_BACKEND_START \"InputForm[{20, CutIntegral[\"R04\", {1, 1, 1, 1}]}]\" terms \"8\" bytes \"188481\n"
"kernel 2 (localhost):"
"\"EXACT_POLYNOMIAL_SUM production_sum 8 8 0.049\\nPASS: exact polynomial comparison backend\\n\"\n"
"kernel 2 (localhost):"
"\"\"\n"
"kernel 2 (localhost):"
"\"EXACT_POLYNOMIAL_ACCEPTED \"InputForm[{20, CutIntegral[\"R04\", {1, 1, 1, 1}]}]\" seconds \"0.565152`6.203710262347709\" bytes \"1407384\n"
"kernel 2 (localhost):"
"\"REAL_MASTER_COEFFICIENT \"\"Hgg\"\" \"20\" \"InputForm[CutIntegral[\"R09\", {1, 1, 1, 1}]]\n"
"kernel 2 (localhost):"
"\"EXACT_POLYNOMIAL_BACKEND_START \"InputForm[{20, CutIntegral[\"R09\", {1, 1, 1, 1}]}]\" terms \"2\" bytes \"74825\n"
"kernel 2 (localhost):"
"\"EXACT_POLYNOMIAL_SUM production_sum 2 2 0.041\\nPASS: exact polynomial comparison backend\\n\"\n"
"kernel 2 (localhost):"
"\"\"\n"
"kernel 2 (localhost):"
"\"EXACT_POLYNOMIAL_ACCEPTED \"InputForm[{20, CutIntegral[\"R09\", {1, 1, 1, 1}]}]\" seconds \"0.410054`6.0643860462102595\" bytes \"2232488\n"
"kernel 2 (localhost):"
"\"REAL_MASTER_COEFFICIENT \"\"Hgg\"\" \"20\" \"InputForm[CutIntegral[\"R10\", {1, 1, 1, 1}]]\n"
"kernel 2 (localhost):"
"\"EXACT_POLYNOMIAL_BACKEND_START \"InputForm[{20, CutIntegral[\"R10\", {1, 1, 1, 1}]}]\" terms \"8\" bytes \"114669\n"
"kernel 2 (localhost):"
"\"EXACT_POLYNOMIAL_SUM production_sum 8 8 0.025\\nPASS: exact polynomial comparison backend\\n\"\n"
"kernel 2 (localhost):"
"\"\"\n"
"kernel 2 (localhost):"
"\"EXACT_POLYNOMIAL_ACCEPTED \"InputForm[{20, CutIntegral[\"R10\", {1, 1, 1, 1}]}]\" seconds \"0.45925`6.113594158473819\" bytes \"895264\n"
"kernel 2 (localhost):"
"\"PASS: \"\"complete linear reduced coefficient reconstruction\"\n"
"kernel 2 (localhost):"
"\"PASS: \"\"reduced coefficients are scalar rational expressions\"\n"
"kernel 2 (localhost):"
"\"REAL_MAP_ACCEPTED \"\"Hgg\"\" \"20\n"
"kernel 2 (localhost):"
"\"PASS: \"\"complete reduced output accepted before storage projection\"\n"
"kernel 2 (localhost):"
"\"PASS: \"\"exact downstream coefficient interface\"\n"
"kernel 2 (localhost):"
"\"REAL_MAP \"\"Hgg\"\" \"22\"/\"98\" \"<|\"Sector\" -> \"Real\", \"Kind\" -> \"ExtendedResponse\", \"Index\" -> {2, 5, 5}|>\" kernel \"2\n"
"kernel 2 (localhost):"
"\"PASS: \"\"exact saved raw file\"\n"
"kernel 2 (localhost):"
"\"PASS: \"\"raw reader returns complete original record\"\n"
"kernel 2 (localhost):"
"\"PASS: \"\"raw component retains executed reconstruction\"\n"
"kernel 2 (localhost):"
"\"PASS: \"\"known rules end in saved masters\"\n"
"kernel 2 (localhost):"
"\"PASS: \"\"exact individual reduction-rule reconstruction\"\n"
"kernel 2 (localhost):"
"\"REAL_MASTER_COEFFICIENT \"\"Hgg\"\" \"22\" \"InputForm[CutIntegral[\"R01\", {1, 1, 0, 0}]]\n"
"kernel 1 (localhost):"
"\"EXACT_POLYNOMIAL_SUM production_sum 16 411 14.724\\nEXACT_POLYNOMIAL_SUM production_sum 32 411 16.987\\nEXACT_POLYNOMIAL_SUM production_sum 48 411 19.273\\nEXACT_POLYNOMIAL_SUM production_sum 64 411 21.747\\nEXACT_POLYNOMIAL_SUM production_sum 80 411 24.48\\nEXACT_POLYNOMIAL_SUM production_sum 96 411 27.033\\nEXACT_POLYNOMIAL_SUM production_sum 112 411 29.587\\nEXACT_POLYNOMIAL_SUM production_sum 128 411 31.883\\nEXACT_POLYNOMIAL_SUM production_sum 144 411 34.566\\nEXACT_POLYNOMIAL_SUM production_sum 160 411 37.146\\nEXACT_POLYNOMIAL_SUM production_sum 176 411 39.546\\nEXACT_POLYNOMIAL_SUM production_sum 192 411 42.12\\nEXACT_POLYNOMIAL_SUM production_sum 208 411 44.706\\nEXACT_POLYNOMIAL_SUM production_sum 224 411 47.18\\nEXACT_POLYNOMIAL_SUM production_sum 240 411 48.831\\nEXACT_POLYNOMIAL_SUM production_sum 256 411 50.691\\nEXACT_POLYNOMIAL_SUM production_sum 272 411 52.225\\nEXACT_POLYNOMIAL_SUM production_sum 288 411 53.784\\nEXACT_POLYNOMIAL_SUM production_sum 304 411 55.113\\nEXACT_POLYNOMIAL_SUM production_sum 320 411 56.373\\nEXACT_POLYNOMIAL_SUM production_sum 336 411 57.726\\nEXACT_POLYNOMIAL_SUM production_sum 352 411 59.096\\nEXACT_POLYNOMIAL_SUM production_sum 368 411 60.758\\nEXACT_POLYNOMIAL_SUM production_sum 384 411 62.323\\nEXACT_POLYNOMIAL_SUM production_sum 400 411 63.624\\nEXACT_POLYNOMIAL_SUM production_sum 411 411 64.367\\nPASS: exact polynomial comparison backend\\n\"\n"
"kernel 1 (localhost):"
"\"\"\n"
"kernel 1 (localhost):"
"\"PASS: \"\"exact production backend completed\"\n"
"kernel 1 (localhost):"
"\"PASS: \"\"exact production backend input and source\"\n"
"kernel 1 (localhost):"
"\"PASS: \"\"complete production termwise reconstruction\"\n"
"kernel 1 (localhost):"
"\"PASS: \"\"exact scalar coefficient import\"\n"
"kernel 1 (localhost):"
"\"EXACT_POLYNOMIAL_ACCEPTED \"InputForm[{21, CutIntegral[\"R01\", {1, 1, 0, 0}]}]\" seconds \"101.365264`8.457434149305762\" bytes \"6721736\n"
"kernel 1 (localhost):"
"\"PASS: \"\"compressed scalar map below file bound\"\n"
"kernel 2 (localhost):"
"\"PASS: \"\"exact polynomial transfer supports rational coefficients\"\n"
"kernel 2 (localhost):"
"\"PASS: \"\"unassigned exact polynomial variables\"\n"
"kernel 2 (localhost):"
"\"PASS: \"\"native JSON header shape\"\n"
"kernel 1 (localhost):"
"\"PASS: \"\"compressed scalar map exact round trip\"\n"
"kernel 1 (localhost):"
"\"PASS: \"\"master coefficient retains exact reconstruction\"\n"
"kernel 2 (localhost):"
"\"PASS: \"\"complete polynomial variable support\"\n"
"kernel 2 (localhost):"
"\"PASS: \"\"exported polynomial denominator reconstructs\"\n"
"kernel 2 (localhost):"
"\"PASS: \"\"native polynomial text reconstructs\"\n"
"kernel 2 (localhost):"
"\"PASS: \"\"native JSON term reconstructs\"\n"
"kernel 1 (localhost):"
"\"REAL_MASTER_COEFFICIENT \"\"Hgg\"\" \"21\" \"InputForm[CutIntegral[\"R01\", {1, 1, 1, 1}]]\n"
"kernel 1 (localhost):"
"\"EXACT_POLYNOMIAL_BACKEND_START \"InputForm[{21, CutIntegral[\"R01\", {1, 1, 1, 1}]}]\" terms \"2\" bytes \"24521\n"
"kernel 1 (localhost):"
"\"EXACT_POLYNOMIAL_SUM production_sum 2 2 0.004\\nPASS: exact polynomial comparison backend\\n\"\n"
"kernel 1 (localhost):"
"\"\"\n"
"kernel 1 (localhost):"
"\"EXACT_POLYNOMIAL_ACCEPTED \"InputForm[{21, CutIntegral[\"R01\", {1, 1, 1, 1}]}]\" seconds \"0.226274`5.806179647736879\" bytes \"203584\n"
"kernel 1 (localhost):"
"\"REAL_MASTER_COEFFICIENT \"\"Hgg\"\" \"21\" \"InputForm[CutIntegral[\"R02\", {1, 1, 1, 1}]]\n"
"kernel 1 (localhost):"
"\"EXACT_POLYNOMIAL_BACKEND_START \"InputForm[{21, CutIntegral[\"R02\", {1, 1, 1, 1}]}]\" terms \"8\" bytes \"146955\n"
"kernel 1 (localhost):"
"\"EXACT_POLYNOMIAL_SUM production_sum 8 8 0.034\\nPASS: exact polynomial comparison backend\\n\"\n"
"kernel 1 (localhost):"
"\"\"\n"
"kernel 1 (localhost):"
"\"EXACT_POLYNOMIAL_ACCEPTED \"InputForm[{21, CutIntegral[\"R02\", {1, 1, 1, 1}]}]\" seconds \"0.471485`6.125012873982144\" bytes \"1211864\n"
"kernel 1 (localhost):"
"\"REAL_MASTER_COEFFICIENT \"\"Hgg\"\" \"21\" \"InputForm[CutIntegral[\"R03\", {1, 1, 0, 1}]]\n"
"kernel 1 (localhost):"
"\"EXACT_POLYNOMIAL_TRANSFER \"\"production_sum\"\" \"64\"/\"89\n"
"kernel 2 (localhost):"
"\"EXACT_POLYNOMIAL_TRANSFER \"\"production_sum\"\" \"64\"/\"411\n"
"kernel 1 (localhost):"
"\"EXACT_POLYNOMIAL_BACKEND_START \"InputForm[{21, CutIntegral[\"R03\", {1, 1, 0, 1}]}]\" terms \"89\" bytes \"4204577\n"
"kernel 1 (localhost):"
"\"EXACT_POLYNOMIAL_SUM production_sum 16 89 3.027\\nEXACT_POLYNOMIAL_SUM production_sum 32 89 3.289\\nEXACT_POLYNOMIAL_SUM production_sum 48 89 3.6\\nEXACT_POLYNOMIAL_SUM production_sum 64 89 3.921\\nEXACT_POLYNOMIAL_SUM production_sum 80 89 4.155\\nEXACT_POLYNOMIAL_SUM production_sum 89 89 4.256\\nPASS: exact polynomial comparison backend\\n\"\n"
"kernel 1 (localhost):"
"\"\"\n"
"kernel 1 (localhost):"
"\"EXACT_POLYNOMIAL_ACCEPTED \"InputForm[{21, CutIntegral[\"R03\", {1, 1, 0, 1}]}]\" seconds \"12.57667`7.551110659083169\" bytes \"7610344\n"
"kernel 1 (localhost):"
"\"REAL_MASTER_COEFFICIENT \"\"Hgg\"\" \"21\" \"InputForm[CutIntegral[\"R03\", {1, 1, 1, 1}]]\n"
"kernel 1 (localhost):"
"\"EXACT_POLYNOMIAL_BACKEND_START \"InputForm[{21, CutIntegral[\"R03\", {1, 1, 1, 1}]}]\" terms \"2\" bytes \"53005\n"
"kernel 1 (localhost):"
"\"EXACT_POLYNOMIAL_SUM production_sum 2 2 0.032\\nPASS: exact polynomial comparison backend\\n\"\n"
"kernel 1 (localhost):"
"\"\"\n"
"kernel 1 (localhost):"
"\"EXACT_POLYNOMIAL_ACCEPTED \"InputForm[{21, CutIntegral[\"R03\", {1, 1, 1, 1}]}]\" seconds \"0.334071`5.975383770580943\" bytes \"1617488\n"
"kernel 1 (localhost):"
"\"REAL_MASTER_COEFFICIENT \"\"Hgg\"\" \"21\" \"InputForm[CutIntegral[\"R04\", {1, 1, 1, 1}]]\n"
"kernel 1 (localhost):"
"\"EXACT_POLYNOMIAL_BACKEND_START \"InputForm[{21, CutIntegral[\"R04\", {1, 1, 1, 1}]}]\" terms \"8\" bytes \"143361\n"
"kernel 1 (localhost):"
"\"EXACT_POLYNOMIAL_SUM production_sum 8 8 0.045\\nPASS: exact polynomial comparison backend\\n\"\n"
"kernel 1 (localhost):"
"\"\"\n"
"kernel 1 (localhost):"
"\"EXACT_POLYNOMIAL_ACCEPTED \"InputForm[{21, CutIntegral[\"R04\", {1, 1, 1, 1}]}]\" seconds \"0.476388`6.12950580676133\" bytes \"1175048\n"
"kernel 1 (localhost):"
"\"REAL_MASTER_COEFFICIENT \"\"Hgg\"\" \"21\" \"InputForm[CutIntegral[\"R09\", {1, 1, 1, 1}]]\n"
"kernel 1 (localhost):"
"\"EXACT_POLYNOMIAL_BACKEND_START \"InputForm[{21, CutIntegral[\"R09\", {1, 1, 1, 1}]}]\" terms \"2\" bytes \"65269\n"
"kernel 1 (localhost):"
"\"EXACT_POLYNOMIAL_SUM production_sum 2 2 0.036\\nPASS: exact polynomial comparison backend\\n\"\n"
"kernel 1 (localhost):"
"\"\"\n"
"kernel 1 (localhost):"
"\"EXACT_POLYNOMIAL_ACCEPTED \"InputForm[{21, CutIntegral[\"R09\", {1, 1, 1, 1}]}]\" seconds \"0.378332`6.029418069749514\" bytes \"2006448\n"
"kernel 1 (localhost):"
"\"REAL_MASTER_COEFFICIENT \"\"Hgg\"\" \"21\" \"InputForm[CutIntegral[\"R10\", {1, 1, 1, 1}]]\n"
"kernel 1 (localhost):"
"\"EXACT_POLYNOMIAL_BACKEND_START \"InputForm[{21, CutIntegral[\"R10\", {1, 1, 1, 1}]}]\" terms \"8\" bytes \"99741\n"
"kernel 2 (localhost):"
"\"EXACT_POLYNOMIAL_TRANSFER \"\"production_sum\"\" \"128\"/\"411\n"
"kernel 1 (localhost):"
"\"EXACT_POLYNOMIAL_SUM production_sum 8 8 0.025\\nPASS: exact polynomial comparison backend\\n\"\n"
"kernel 1 (localhost):"
"\"\"\n"
"kernel 1 (localhost):"
"\"EXACT_POLYNOMIAL_ACCEPTED \"InputForm[{21, CutIntegral[\"R10\", {1, 1, 1, 1}]}]\" seconds \"0.402686`6.056511524448235\" bytes \"796952\n"
"kernel 1 (localhost):"
"\"PASS: \"\"complete linear reduced coefficient reconstruction\"\n"
"kernel 1 (localhost):"
"\"PASS: \"\"reduced coefficients are scalar rational expressions\"\n"
"kernel 1 (localhost):"
"\"REAL_MAP_ACCEPTED \"\"Hgg\"\" \"21\n"
"kernel 1 (localhost):"
"\"PASS: \"\"complete reduced output accepted before storage projection\"\n"
"kernel 1 (localhost):"
"\"PASS: \"\"exact downstream coefficient interface\"\n"
"kernel 1 (localhost):"
"\"REAL_MAP \"\"Hgg\"\" \"23\"/\"98\" \"<|\"Sector\" -> \"Real\", \"Kind\" -> \"ExtendedResponse\", \"Index\" -> {3, 1, 1}|>\" kernel \"1\n"
"kernel 1 (localhost):"
"\"PASS: \"\"exact saved raw file\"\n"
"kernel 2 (localhost):"
"\"EXACT_POLYNOMIAL_TRANSFER \"\"production_sum\"\" \"192\"/\"411\n"
"kernel 2 (localhost):"
"\"EXACT_POLYNOMIAL_TRANSFER \"\"production_sum\"\" \"256\"/\"411\n"
"kernel 1 (localhost):"
"\"PASS: \"\"raw reader returns complete original record\"\n"
"kernel 1 (localhost):"
"\"PASS: \"\"raw component retains executed reconstruction\"\n"
"kernel 1 (localhost):"
"\"PASS: \"\"known rules end in saved masters\"\n"
"kernel 1 (localhost):"
"\"PASS: \"\"exact individual reduction-rule reconstruction\"\n"
"kernel 1 (localhost):"
"\"REAL_MASTER_COEFFICIENT \"\"Hgg\"\" \"23\" \"InputForm[CutIntegral[\"R01\", {1, 1, 0, 0}]]\n"
"kernel 2 (localhost):"
"\"EXACT_POLYNOMIAL_TRANSFER \"\"production_sum\"\" \"320\"/\"411\n"
"kernel 1 (localhost):"
"\"PASS: \"\"exact polynomial transfer supports rational coefficients\"\n"
"kernel 1 (localhost):"
"\"PASS: \"\"unassigned exact polynomial variables\"\n"
"kernel 1 (localhost):"
"\"PASS: \"\"native JSON header shape\"\n"
"kernel 1 (localhost):"
"\"PASS: \"\"complete polynomial variable support\"\n"
"kernel 1 (localhost):"
"\"PASS: \"\"exported polynomial denominator reconstructs\"\n"
"kernel 1 (localhost):"
"\"PASS: \"\"native polynomial text reconstructs\"\n"
"kernel 1 (localhost):"
"\"PASS: \"\"native JSON term reconstructs\"\n"
"kernel 2 (localhost):"
"\"EXACT_POLYNOMIAL_TRANSFER \"\"production_sum\"\" \"384\"/\"411\n"
"kernel 2 (localhost):"
"\"PASS: \"\"bounded polynomial transfer file\"\n"
"kernel 2 (localhost):"
"\"PASS: \"\"unchanged validated exact backend\"\n"
"kernel 2 (localhost):"
"\"EXACT_POLYNOMIAL_BACKEND_START \"InputForm[{22, CutIntegral[\"R01\", {1, 1, 0, 0}]}]\" terms \"411\" bytes \"21214701\n"
"kernel 1 (localhost):"
"\"EXACT_POLYNOMIAL_TRANSFER \"\"production_sum\"\" \"64\"/\"411\n"
"kernel 1 (localhost):"
"\"EXACT_POLYNOMIAL_TRANSFER \"\"production_sum\"\" \"128\"/\"411\n"
"kernel 2 (localhost):"
"\"EXACT_POLYNOMIAL_SUM production_sum 16 411 9.991\\nEXACT_POLYNOMIAL_SUM production_sum 32 411 11.538\\nEXACT_POLYNOMIAL_SUM production_sum 48 411 13.137\\nEXACT_POLYNOMIAL_SUM production_sum 64 411 14.752\\nEXACT_POLYNOMIAL_SUM production_sum 80 411 16.335\\nEXACT_POLYNOMIAL_SUM production_sum 96 411 17.864\\nEXACT_POLYNOMIAL_SUM production_sum 112 411 19.376\\nEXACT_POLYNOMIAL_SUM production_sum 128 411 20.989\\nEXACT_POLYNOMIAL_SUM production_sum 144 411 22.662\\nEXACT_POLYNOMIAL_SUM production_sum 160 411 24.185\\nEXACT_POLYNOMIAL_SUM production_sum 176 411 25.608\\nEXACT_POLYNOMIAL_SUM production_sum 192 411 27.246\\nEXACT_POLYNOMIAL_SUM production_sum 208 411 28.797\\nEXACT_POLYNOMIAL_SUM production_sum 224 411 30.265\\nEXACT_POLYNOMIAL_SUM production_sum 240 411 31.174\\nEXACT_POLYNOMIAL_SUM production_sum 256 411 32.045\\nEXACT_POLYNOMIAL_SUM production_sum 272 411 33.061\\nEXACT_POLYNOMIAL_SUM production_sum 288 411 34.07\\nEXACT_POLYNOMIAL_SUM production_sum 304 411 35.126\\nEXACT_POLYNOMIAL_SUM production_sum 320 411 36.112\\nEXACT_POLYNOMIAL_SUM production_sum 336 411 37.002\\nEXACT_POLYNOMIAL_SUM production_sum 352 411 37.775\\nEXACT_POLYNOMIAL_SUM production_sum 368 411 38.663\\nEXACT_POLYNOMIAL_SUM production_sum 384 411 39.428\\nEXACT_POLYNOMIAL_SUM production_sum 400 411 40.369\\nEXACT_POLYNOMIAL_SUM production_sum 411 411 40.985\\nPASS: exact polynomial comparison backend\\n\"\n"
"kernel 2 (localhost):"
"\"\"\n"
"kernel 2 (localhost):"
"\"PASS: \"\"exact production backend completed\"\n"
"kernel 2 (localhost):"
"\"PASS: \"\"exact production backend input and source\"\n"
"kernel 2 (localhost):"
"\"PASS: \"\"complete production termwise reconstruction\"\n"
"kernel 2 (localhost):"
"\"PASS: \"\"exact scalar coefficient import\"\n"
"kernel 2 (localhost):"
"\"EXACT_POLYNOMIAL_ACCEPTED \"InputForm[{22, CutIntegral[\"R01\", {1, 1, 0, 0}]}]\" seconds \"77.265344`8.339529735998132\" bytes \"8187904\n"
"kernel 2 (localhost):"
"\"PASS: \"\"compressed scalar map below file bound\"\n"
"kernel 2 (localhost):"
"\"PASS: \"\"compressed scalar map exact round trip\"\n"
"kernel 2 (localhost):"
"\"PASS: \"\"master coefficient retains exact reconstruction\"\n"
"kernel 2 (localhost):"
"\"REAL_MASTER_COEFFICIENT \"\"Hgg\"\" \"22\" \"InputForm[CutIntegral[\"R01\", {1, 1, 1, 1}]]\n"
"kernel 2 (localhost):"
"\"EXACT_POLYNOMIAL_BACKEND_START \"InputForm[{22, CutIntegral[\"R01\", {1, 1, 1, 1}]}]\" terms \"2\" bytes \"22323\n"
"kernel 2 (localhost):"
"\"EXACT_POLYNOMIAL_SUM production_sum 2 2 0.003\\nPASS: exact polynomial comparison backend\\n\"\n"
"kernel 2 (localhost):"
"\"\"\n"
"kernel 2 (localhost):"
"\"EXACT_POLYNOMIAL_ACCEPTED \"InputForm[{22, CutIntegral[\"R01\", {1, 1, 1, 1}]}]\" seconds \"0.207345`5.768238560571986\" bytes \"164104\n"
"kernel 2 (localhost):"
"\"REAL_MASTER_COEFFICIENT \"\"Hgg\"\" \"22\" \"InputForm[CutIntegral[\"R02\", {1, 1, 1, 1}]]\n"
"kernel 2 (localhost):"
"\"EXACT_POLYNOMIAL_BACKEND_START \"InputForm[{22, CutIntegral[\"R02\", {1, 1, 1, 1}]}]\" terms \"8\" bytes \"221033\n"
"kernel 2 (localhost):"
"\"EXACT_POLYNOMIAL_SUM production_sum 8 8 0.041\\nPASS: exact polynomial comparison backend\\n\"\n"
"kernel 2 (localhost):"
"\"\"\n"
"kernel 2 (localhost):"
"\"EXACT_POLYNOMIAL_ACCEPTED \"InputForm[{22, CutIntegral[\"R02\", {1, 1, 1, 1}]}]\" seconds \"0.583225`6.2173811252828175\" bytes \"1361488\n"
"kernel 2 (localhost):"
"\"REAL_MASTER_COEFFICIENT \"\"Hgg\"\" \"22\" \"InputForm[CutIntegral[\"R03\", {1, 1, 0, 1}]]\n"
"kernel 2 (localhost):"
"\"EXACT_POLYNOMIAL_TRANSFER \"\"production_sum\"\" \"64\"/\"89\n"
"kernel 2 (localhost):"
"\"EXACT_POLYNOMIAL_BACKEND_START \"InputForm[{22, CutIntegral[\"R03\", {1, 1, 0, 1}]}]\" terms \"89\" bytes \"4229857\n"
"kernel 2 (localhost):"
"\"EXACT_POLYNOMIAL_SUM production_sum 16 89 2.244\\nEXACT_POLYNOMIAL_SUM production_sum 32 89 2.509\\nEXACT_POLYNOMIAL_SUM production_sum 48 89 2.778\\nEXACT_POLYNOMIAL_SUM production_sum 64 89 3.028\\nEXACT_POLYNOMIAL_SUM production_sum 80 89 3.297\\nEXACT_POLYNOMIAL_SUM production_sum 89 89 3.394\\nPASS: exact polynomial comparison backend\\n\"\n"
"kernel 2 (localhost):"
"\"\"\n"
"kernel 2 (localhost):"
"\"EXACT_POLYNOMIAL_ACCEPTED \"InputForm[{22, CutIntegral[\"R03\", {1, 1, 0, 1}]}]\" seconds \"11.574037`7.515029859882765\" bytes \"12232672\n"
"kernel 2 (localhost):"
"\"REAL_MASTER_COEFFICIENT \"\"Hgg\"\" \"22\" \"InputForm[CutIntegral[\"R03\", {1, 1, 1, 1}]]\n"
"kernel 2 (localhost):"
"\"EXACT_POLYNOMIAL_BACKEND_START \"InputForm[{22, CutIntegral[\"R03\", {1, 1, 1, 1}]}]\" terms \"2\" bytes \"73409\n"
"kernel 1 (localhost):"
"\"EXACT_POLYNOMIAL_TRANSFER \"\"production_sum\"\" \"192\"/\"411\n"
"kernel 2 (localhost):"
"\"EXACT_POLYNOMIAL_SUM production_sum 2 2 0.038\\nPASS: exact polynomial comparison backend\\n\"\n"
"kernel 2 (localhost):"
"\"\"\n"
"kernel 2 (localhost):"
"\"EXACT_POLYNOMIAL_ACCEPTED \"InputForm[{22, CutIntegral[\"R03\", {1, 1, 1, 1}]}]\" seconds \"0.401678`6.0554230394665085\" bytes \"2006896\n"
"kernel 2 (localhost):"
"\"REAL_MASTER_COEFFICIENT \"\"Hgg\"\" \"22\" \"InputForm[CutIntegral[\"R04\", {1, 1, 1, 1}]]\n"
"kernel 2 (localhost):"
"\"EXACT_POLYNOMIAL_BACKEND_START \"InputForm[{22, CutIntegral[\"R04\", {1, 1, 1, 1}]}]\" terms \"8\" bytes \"236593\n"
"kernel 2 (localhost):"
"\"EXACT_POLYNOMIAL_SUM production_sum 8 8 0.054\\nPASS: exact polynomial comparison backend\\n\"\n"
"kernel 2 (localhost):"
"\"\"\n"
"kernel 2 (localhost):"
"\"EXACT_POLYNOMIAL_ACCEPTED \"InputForm[{22, CutIntegral[\"R04\", {1, 1, 1, 1}]}]\" seconds \"0.684611`6.286988866388575\" bytes \"1648920\n"
"kernel 2 (localhost):"
"\"REAL_MASTER_COEFFICIENT \"\"Hgg\"\" \"22\" \"InputForm[CutIntegral[\"R09\", {1, 1, 1, 1}]]\n"
"kernel 2 (localhost):"
"\"EXACT_POLYNOMIAL_BACKEND_START \"InputForm[{22, CutIntegral[\"R09\", {1, 1, 1, 1}]}]\" terms \"2\" bytes \"78217\n"
"kernel 2 (localhost):"
"\"EXACT_POLYNOMIAL_SUM production_sum 2 2 0.042\\nPASS: exact polynomial comparison backend\\n\"\n"
"kernel 2 (localhost):"
"\"\"\n"
"kernel 2 (localhost):"
"\"EXACT_POLYNOMIAL_ACCEPTED \"InputForm[{22, CutIntegral[\"R09\", {1, 1, 1, 1}]}]\" seconds \"0.428532`6.083528251270999\" bytes \"2176536\n"
"kernel 2 (localhost):"
"\"REAL_MASTER_COEFFICIENT \"\"Hgg\"\" \"22\" \"InputForm[CutIntegral[\"R10\", {1, 1, 1, 1}]]\n"
"kernel 2 (localhost):"
"\"EXACT_POLYNOMIAL_BACKEND_START \"InputForm[{22, CutIntegral[\"R10\", {1, 1, 1, 1}]}]\" terms \"8\" bytes \"149735\n"
"kernel 2 (localhost):"
"\"EXACT_POLYNOMIAL_SUM production_sum 8 8 0.034\\nPASS: exact polynomial comparison backend\\n\"\n"
"kernel 2 (localhost):"
"\"\"\n"
"kernel 2 (localhost):"
"\"EXACT_POLYNOMIAL_ACCEPTED \"InputForm[{22, CutIntegral[\"R10\", {1, 1, 1, 1}]}]\" seconds \"0.472895`6.126309715665576\" bytes \"1063248\n"
"kernel 2 (localhost):"
"\"PASS: \"\"complete linear reduced coefficient reconstruction\"\n"
"kernel 2 (localhost):"
"\"PASS: \"\"reduced coefficients are scalar rational expressions\"\n"
"kernel 2 (localhost):"
"\"REAL_MAP_ACCEPTED \"\"Hgg\"\" \"22\n"
"kernel 2 (localhost):"
"\"PASS: \"\"complete reduced output accepted before storage projection\"\n"
"kernel 2 (localhost):"
"\"PASS: \"\"exact downstream coefficient interface\"\n"
"kernel 2 (localhost):"
"\"REAL_MAP \"\"Hgg\"\" \"24\"/\"98\" \"<|\"Sector\" -> \"Real\", \"Kind\" -> \"ExtendedResponse\", \"Index\" -> {3, 1, 2}|>\" kernel \"2\n"
"kernel 2 (localhost):"
"\"PASS: \"\"exact saved raw file\"\n"
"kernel 1 (localhost):"
"\"EXACT_POLYNOMIAL_TRANSFER \"\"production_sum\"\" \"256\"/\"411\n"
"kernel 2 (localhost):"
"\"PASS: \"\"raw reader returns complete original record\"\n"
"kernel 2 (localhost):"
"\"PASS: \"\"raw component retains executed reconstruction\"\n"
"kernel 2 (localhost):"
"\"PASS: \"\"known rules end in saved masters\"\n"
"kernel 2 (localhost):"
"\"PASS: \"\"exact individual reduction-rule reconstruction\"\n"
"kernel 2 (localhost):"
"\"REAL_MASTER_COEFFICIENT \"\"Hgg\"\" \"24\" \"InputForm[CutIntegral[\"R01\", {1, 1, 0, 0}]]\n"
"kernel 1 (localhost):"
"\"EXACT_POLYNOMIAL_TRANSFER \"\"production_sum\"\" \"320\"/\"411\n"
"kernel 2 (localhost):"
"\"PASS: \"\"exact polynomial transfer supports rational coefficients\"\n"
"kernel 2 (localhost):"
"\"PASS: \"\"unassigned exact polynomial variables\"\n"
"kernel 2 (localhost):"
"\"PASS: \"\"native JSON header shape\"\n"
"kernel 2 (localhost):"
"\"PASS: \"\"complete polynomial variable support\"\n"
"kernel 2 (localhost):"
"\"PASS: \"\"exported polynomial denominator reconstructs\"\n"
"kernel 2 (localhost):"
"\"PASS: \"\"native polynomial text reconstructs\"\n"
"kernel 2 (localhost):"
"\"PASS: \"\"native JSON term reconstructs\"\n"
"kernel 1 (localhost):"
"\"EXACT_POLYNOMIAL_TRANSFER \"\"production_sum\"\" \"384\"/\"411\n"
"kernel 1 (localhost):"
"\"PASS: \"\"bounded polynomial transfer file\"\n"
"kernel 1 (localhost):"
"\"PASS: \"\"unchanged validated exact backend\"\n"
"kernel 1 (localhost):"
"\"EXACT_POLYNOMIAL_BACKEND_START \"InputForm[{23, CutIntegral[\"R01\", {1, 1, 0, 0}]}]\" terms \"411\" bytes \"46965984\n"
"kernel 2 (localhost):"
"\"EXACT_POLYNOMIAL_TRANSFER \"\"production_sum\"\" \"64\"/\"411\n"
"kernel 2 (localhost):"
"\"EXACT_POLYNOMIAL_TRANSFER \"\"production_sum\"\" \"128\"/\"411\n"
"kernel 2 (localhost):"
"\"EXACT_POLYNOMIAL_TRANSFER \"\"production_sum\"\" \"192\"/\"411\n"
"kernel 2 (localhost):"
"\"EXACT_POLYNOMIAL_TRANSFER \"\"production_sum\"\" \"256\"/\"411\n"
"kernel 2 (localhost):"
"\"EXACT_POLYNOMIAL_TRANSFER \"\"production_sum\"\" \"320\"/\"411\n"
"kernel 2 (localhost):"
"\"EXACT_POLYNOMIAL_TRANSFER \"\"production_sum\"\" \"384\"/\"411\n"
"kernel 2 (localhost):"
"\"PASS: \"\"bounded polynomial transfer file\"\n"
"kernel 2 (localhost):"
"\"PASS: \"\"unchanged validated exact backend\"\n"
"kernel 2 (localhost):"
"\"EXACT_POLYNOMIAL_BACKEND_START \"InputForm[{24, CutIntegral[\"R01\", {1, 1, 0, 0}]}]\" terms \"411\" bytes \"46155169\n"
"kernel 1 (localhost):"
"\"EXACT_POLYNOMIAL_SUM production_sum 16 411 21.975\\nEXACT_POLYNOMIAL_SUM production_sum 32 411 25.989\\nEXACT_POLYNOMIAL_SUM production_sum 48 411 29.621\\nEXACT_POLYNOMIAL_SUM production_sum 64 411 33.041\\nEXACT_POLYNOMIAL_SUM production_sum 80 411 36.66\\nEXACT_POLYNOMIAL_SUM production_sum 96 411 40.513\\nEXACT_POLYNOMIAL_SUM production_sum 112 411 44.398\\nEXACT_POLYNOMIAL_SUM production_sum 128 411 48.148\\nEXACT_POLYNOMIAL_SUM production_sum 144 411 51.86\\nEXACT_POLYNOMIAL_SUM production_sum 160 411 55.638\\nEXACT_POLYNOMIAL_SUM production_sum 176 411 59.461\\nEXACT_POLYNOMIAL_SUM production_sum 192 411 63.476\\nEXACT_POLYNOMIAL_SUM production_sum 208 411 66.826\\nEXACT_POLYNOMIAL_SUM production_sum 224 411 70.401\\nEXACT_POLYNOMIAL_SUM production_sum 240 411 73.065\\nEXACT_POLYNOMIAL_SUM production_sum 256 411 75.828\\nEXACT_POLYNOMIAL_SUM production_sum 272 411 78.725\\nEXACT_POLYNOMIAL_SUM production_sum 288 411 81.127\\nEXACT_POLYNOMIAL_SUM production_sum 304 411 83.808\\nEXACT_POLYNOMIAL_SUM production_sum 320 411 85.993\\nEXACT_POLYNOMIAL_SUM production_sum 336 411 88.227\\nEXACT_POLYNOMIAL_SUM production_sum 352 411 90.933\\nEXACT_POLYNOMIAL_SUM production_sum 368 411 93.58\\nEXACT_POLYNOMIAL_SUM production_sum 384 411 95.81\\nEXACT_POLYNOMIAL_SUM production_sum 400 411 98.001\\nEXACT_POLYNOMIAL_SUM production_sum 411 411 99.149\\nPASS: exact polynomial comparison backend\\n\"\n"
"kernel 1 (localhost):"
"\"\"\n"
"kernel 1 (localhost):"
"\"PASS: \"\"exact production backend completed\"\n"
"kernel 1 (localhost):"
"\"PASS: \"\"exact production backend input and source\"\n"
"kernel 1 (localhost):"
"\"PASS: \"\"complete production termwise reconstruction\"\n"
"kernel 1 (localhost):"
"\"PASS: \"\"exact scalar coefficient import\"\n"
"kernel 1 (localhost):"
"\"EXACT_POLYNOMIAL_ACCEPTED \"InputForm[{23, CutIntegral[\"R01\", {1, 1, 0, 0}]}]\" seconds \"183.616039`8.715455607969908\" bytes \"11998112\n"
"kernel 1 (localhost):"
"\"PASS: \"\"compressed scalar map below file bound\"\n"
"kernel 1 (localhost):"
"\"PASS: \"\"compressed scalar map exact round trip\"\n"
"kernel 1 (localhost):"
"\"PASS: \"\"master coefficient retains exact reconstruction\"\n"
"kernel 1 (localhost):"
"\"REAL_MASTER_COEFFICIENT \"\"Hgg\"\" \"23\" \"InputForm[CutIntegral[\"R01\", {1, 1, 1, 1}]]\n"
"kernel 1 (localhost):"
"\"EXACT_POLYNOMIAL_BACKEND_START \"InputForm[{23, CutIntegral[\"R01\", {1, 1, 1, 1}]}]\" terms \"2\" bytes \"18429\n"
"kernel 1 (localhost):"
"\"EXACT_POLYNOMIAL_SUM production_sum 2 2 0.003\\nPASS: exact polynomial comparison backend\\n\"\n"
"kernel 1 (localhost):"
"\"\"\n"
"kernel 1 (localhost):"
"\"EXACT_POLYNOMIAL_ACCEPTED \"InputForm[{23, CutIntegral[\"R01\", {1, 1, 1, 1}]}]\" seconds \"0.197654`5.747450601248319\" bytes \"106112\n"
"kernel 1 (localhost):"
"\"REAL_MASTER_COEFFICIENT \"\"Hgg\"\" \"23\" \"InputForm[CutIntegral[\"R02\", {1, 1, 1, 1}]]\n"
"kernel 1 (localhost):"
"\"EXACT_POLYNOMIAL_BACKEND_START \"InputForm[{23, CutIntegral[\"R02\", {1, 1, 1, 1}]}]\" terms \"8\" bytes \"171079\n"
"kernel 1 (localhost):"
"\"EXACT_POLYNOMIAL_SUM production_sum 8 8 0.032\\nPASS: exact polynomial comparison backend\\n\"\n"
"kernel 1 (localhost):"
"\"\"\n"
"kernel 1 (localhost):"
"\"EXACT_POLYNOMIAL_ACCEPTED \"InputForm[{23, CutIntegral[\"R02\", {1, 1, 1, 1}]}]\" seconds \"0.527107`6.173443777195634\" bytes \"1217928\n"
"kernel 1 (localhost):"
"\"REAL_MASTER_COEFFICIENT \"\"Hgg\"\" \"23\" \"InputForm[CutIntegral[\"R03\", {1, 1, 0, 1}]]\n"
"kernel 1 (localhost):"
"\"EXACT_POLYNOMIAL_TRANSFER \"\"production_sum\"\" \"64\"/\"89\n"
"kernel 1 (localhost):"
"\"EXACT_POLYNOMIAL_BACKEND_START \"InputForm[{23, CutIntegral[\"R03\", {1, 1, 0, 1}]}]\" terms \"89\" bytes \"9657526\n"
"kernel 1 (localhost):"
"\"EXACT_POLYNOMIAL_SUM production_sum 16 89 4.515\\nEXACT_POLYNOMIAL_SUM production_sum 32 89 4.912\\nEXACT_POLYNOMIAL_SUM production_sum 48 89 5.36\\nEXACT_POLYNOMIAL_SUM production_sum 64 89 5.855\\nEXACT_POLYNOMIAL_SUM production_sum 80 89 6.208\\nEXACT_POLYNOMIAL_SUM production_sum 89 89 6.364\\nPASS: exact polynomial comparison backend\\n\"\n"
"kernel 1 (localhost):"
"\"\"\n"
"kernel 1 (localhost):"
"\"EXACT_POLYNOMIAL_ACCEPTED \"InputForm[{23, CutIntegral[\"R03\", {1, 1, 0, 1}]}]\" seconds \"25.741734`7.862182791746829\" bytes \"8175432\n"
"kernel 1 (localhost):"
"\"REAL_MASTER_COEFFICIENT \"\"Hgg\"\" \"23\" \"InputForm[CutIntegral[\"R03\", {1, 1, 1, 1}]]\n"
"kernel 1 (localhost):"
"\"EXACT_POLYNOMIAL_BACKEND_START \"InputForm[{23, CutIntegral[\"R03\", {1, 1, 1, 1}]}]\" terms \"2\" bytes \"60895\n"
"kernel 1 (localhost):"
"\"EXACT_POLYNOMIAL_SUM production_sum 2 2 0.026\\nPASS: exact polynomial comparison backend\\n\"\n"
"kernel 1 (localhost):"
"\"\"\n"
"kernel 1 (localhost):"
"\"EXACT_POLYNOMIAL_ACCEPTED \"InputForm[{23, CutIntegral[\"R03\", {1, 1, 1, 1}]}]\" seconds \"0.343864`5.9879317042998625\" bytes \"1479544\n"
"kernel 1 (localhost):"
"\"REAL_MASTER_COEFFICIENT \"\"Hgg\"\" \"23\" \"InputForm[CutIntegral[\"R04\", {1, 1, 1, 1}]]\n"
"kernel 1 (localhost):"
"\"EXACT_POLYNOMIAL_BACKEND_START \"InputForm[{23, CutIntegral[\"R04\", {1, 1, 1, 1}]}]\" terms \"8\" bytes \"127079\n"
"kernel 1 (localhost):"
"\"EXACT_POLYNOMIAL_SUM production_sum 8 8 0.023\\nPASS: exact polynomial comparison backend\\n\"\n"
"kernel 1 (localhost):"
"\"\"\n"
"kernel 1 (localhost):"
"\"EXACT_POLYNOMIAL_ACCEPTED \"InputForm[{23, CutIntegral[\"R04\", {1, 1, 1, 1}]}]\" seconds \"0.439522`6.094525611789666\" bytes \"816320\n"
"kernel 1 (localhost):"
"\"REAL_MASTER_COEFFICIENT \"\"Hgg\"\" \"23\" \"InputForm[CutIntegral[\"R09\", {1, 1, 1, 1}]]\n"
"kernel 1 (localhost):"
"\"EXACT_POLYNOMIAL_BACKEND_START \"InputForm[{23, CutIntegral[\"R09\", {1, 1, 1, 1}]}]\" terms \"2\" bytes \"60885\n"
"kernel 1 (localhost):"
"\"EXACT_POLYNOMIAL_SUM production_sum 2 2 0.04\\nPASS: exact polynomial comparison backend\\n\"\n"
"kernel 1 (localhost):"
"\"\"\n"
"kernel 1 (localhost):"
"\"EXACT_POLYNOMIAL_ACCEPTED \"InputForm[{23, CutIntegral[\"R09\", {1, 1, 1, 1}]}]\" seconds \"0.390205`6.042837823542932\" bytes \"1479616\n"
"kernel 1 (localhost):"
"\"REAL_MASTER_COEFFICIENT \"\"Hgg\"\" \"23\" \"InputForm[CutIntegral[\"R10\", {1, 1, 1, 1}]]\n"
"kernel 1 (localhost):"
"\"EXACT_POLYNOMIAL_BACKEND_START \"InputForm[{23, CutIntegral[\"R10\", {1, 1, 1, 1}]}]\" terms \"8\" bytes \"127077\n"
"kernel 1 (localhost):"
"\"EXACT_POLYNOMIAL_SUM production_sum 8 8 0.024\\nPASS: exact polynomial comparison backend\\n\"\n"
"kernel 1 (localhost):"
"\"\"\n"
"kernel 1 (localhost):"
"\"EXACT_POLYNOMIAL_ACCEPTED \"InputForm[{23, CutIntegral[\"R10\", {1, 1, 1, 1}]}]\" seconds \"0.448542`6.103348108689302\" bytes \"816392\n"
"kernel 1 (localhost):"
"\"PASS: \"\"complete linear reduced coefficient reconstruction\"\n"
"kernel 1 (localhost):"
"\"PASS: \"\"reduced coefficients are scalar rational expressions\"\n"
"kernel 1 (localhost):"
"\"REAL_MAP_ACCEPTED \"\"Hgg\"\" \"23\n"
"kernel 1 (localhost):"
"\"PASS: \"\"complete reduced output accepted before storage projection\"\n"
"kernel 1 (localhost):"
"\"PASS: \"\"exact downstream coefficient interface\"\n"
"kernel 1 (localhost):"
"\"REAL_MAP \"\"Hgg\"\" \"25\"/\"98\" \"<|\"Sector\" -> \"Real\", \"Kind\" -> \"ExtendedResponse\", \"Index\" -> {3, 1, 5}|>\" kernel \"1\n"
"kernel 1 (localhost):"
"\"PASS: \"\"exact saved raw file\"\n"
"kernel 1 (localhost):"
"\"PASS: \"\"raw reader returns complete original record\"\n"
"kernel 1 (localhost):"
"\"PASS: \"\"raw component retains executed reconstruction\"\n"
"kernel 1 (localhost):"
"\"PASS: \"\"known rules end in saved masters\"\n"
"kernel 1 (localhost):"
"\"PASS: \"\"exact individual reduction-rule reconstruction\"\n"
"kernel 1 (localhost):"
"\"REAL_MASTER_COEFFICIENT \"\"Hgg\"\" \"25\" \"InputForm[CutIntegral[\"R01\", {1, 1, 0, 0}]]\n"
"kernel 1 (localhost):"
"\"PASS: \"\"exact polynomial transfer supports rational coefficients\"\n"
"kernel 1 (localhost):"
"\"PASS: \"\"unassigned exact polynomial variables\"\n"
"kernel 1 (localhost):"
"\"PASS: \"\"native JSON header shape\"\n"
"kernel 1 (localhost):"
"\"PASS: \"\"complete polynomial variable support\"\n"
"kernel 1 (localhost):"
"\"PASS: \"\"exported polynomial denominator reconstructs\"\n"
"kernel 1 (localhost):"
"\"PASS: \"\"native polynomial text reconstructs\"\n"
"kernel 1 (localhost):"
"\"PASS: \"\"native JSON term reconstructs\"\n"
"kernel 1 (localhost):"
"\"EXACT_POLYNOMIAL_TRANSFER \"\"production_sum\"\" \"64\"/\"411\n"
"kernel 2 (localhost):"
"\"EXACT_POLYNOMIAL_SUM production_sum 16 411 20.992\\nEXACT_POLYNOMIAL_SUM production_sum 32 411 24.766\\nEXACT_POLYNOMIAL_SUM production_sum 48 411 27.767\\nEXACT_POLYNOMIAL_SUM production_sum 64 411 31.169\\nEXACT_POLYNOMIAL_SUM production_sum 80 411 34.747\\nEXACT_POLYNOMIAL_SUM production_sum 96 411 38.417\\nEXACT_POLYNOMIAL_SUM production_sum 112 411 41.845\\nEXACT_POLYNOMIAL_SUM production_sum 128 411 45.193\\nEXACT_POLYNOMIAL_SUM production_sum 144 411 49.095\\nEXACT_POLYNOMIAL_SUM production_sum 160 411 52.618\\nEXACT_POLYNOMIAL_SUM production_sum 176 411 56.093\\nEXACT_POLYNOMIAL_SUM production_sum 192 411 59.569\\nEXACT_POLYNOMIAL_SUM production_sum 208 411 63.368\\nEXACT_POLYNOMIAL_SUM production_sum 224 411 66.569\\nEXACT_POLYNOMIAL_SUM production_sum 240 411 69.149\\nEXACT_POLYNOMIAL_SUM production_sum 256 411 71.702\\nEXACT_POLYNOMIAL_SUM production_sum 272 411 74.589\\nEXACT_POLYNOMIAL_SUM production_sum 288 411 76.86\\nEXACT_POLYNOMIAL_SUM production_sum 304 411 79.37\\nEXACT_POLYNOMIAL_SUM production_sum 320 411 81.606\\nEXACT_POLYNOMIAL_SUM production_sum 336 411 83.76\\nEXACT_POLYNOMIAL_SUM production_sum 352 411 85.978\\nEXACT_POLYNOMIAL_SUM production_sum 368 411 88.266\\nEXACT_POLYNOMIAL_SUM production_sum 384 411 90.986\\nEXACT_POLYNOMIAL_SUM production_sum 400 411 93.406\\nEXACT_POLYNOMIAL_SUM production_sum 411 411 94.659\\nPASS: exact polynomial comparison backend\\n\"\n"
"kernel 2 (localhost):"
"\"\"\n"
"kernel 2 (localhost):"
"\"PASS: \"\"exact production backend completed\"\n"
"kernel 2 (localhost):"
"\"PASS: \"\"exact production backend input and source\"\n"
"kernel 2 (localhost):"
"\"PASS: \"\"complete production termwise reconstruction\"\n"
"kernel 1 (localhost):"
"\"EXACT_POLYNOMIAL_TRANSFER \"\"production_sum\"\" \"128\"/\"411\n"
"kernel 2 (localhost):"
"\"PASS: \"\"exact scalar coefficient import\"\n"
"kernel 2 (localhost):"
"\"EXACT_POLYNOMIAL_ACCEPTED \"InputForm[{24, CutIntegral[\"R01\", {1, 1, 0, 0}]}]\" seconds \"184.012427`8.716392146914663\" bytes \"8247768\n"
"kernel 2 (localhost):"
"\"PASS: \"\"compressed scalar map below file bound\"\n"
"kernel 2 (localhost):"
"\"PASS: \"\"compressed scalar map exact round trip\"\n"
"kernel 2 (localhost):"
"\"PASS: \"\"master coefficient retains exact reconstruction\"\n"
"kernel 2 (localhost):"
"\"REAL_MASTER_COEFFICIENT \"\"Hgg\"\" \"24\" \"InputForm[CutIntegral[\"R01\", {1, 1, 1, 1}]]\n"
"kernel 2 (localhost):"
"\"EXACT_POLYNOMIAL_BACKEND_START \"InputForm[{24, CutIntegral[\"R01\", {1, 1, 1, 1}]}]\" terms \"2\" bytes \"18209\n"
"kernel 2 (localhost):"
"\"EXACT_POLYNOMIAL_SUM production_sum 2 2 0.003\\nPASS: exact polynomial comparison backend\\n\"\n"
"kernel 2 (localhost):"
"\"\"\n"
"kernel 2 (localhost):"
"\"EXACT_POLYNOMIAL_ACCEPTED \"InputForm[{24, CutIntegral[\"R01\", {1, 1, 1, 1}]}]\" seconds \"0.172724`5.688897680475068\" bytes \"105720\n"
"kernel 2 (localhost):"
"\"REAL_MASTER_COEFFICIENT \"\"Hgg\"\" \"24\" \"InputForm[CutIntegral[\"R02\", {1, 1, 1, 1}]]\n"
"kernel 2 (localhost):"
"\"EXACT_POLYNOMIAL_BACKEND_START \"InputForm[{24, CutIntegral[\"R02\", {1, 1, 1, 1}]}]\" terms \"8\" bytes \"145021\n"
"kernel 2 (localhost):"
"\"EXACT_POLYNOMIAL_SUM production_sum 8 8 0.025\\nPASS: exact polynomial comparison backend\\n\"\n"
"kernel 2 (localhost):"
"\"\"\n"
"kernel 2 (localhost):"
"\"EXACT_POLYNOMIAL_ACCEPTED \"InputForm[{24, CutIntegral[\"R02\", {1, 1, 1, 1}]}]\" seconds \"0.464334`6.118375478738207\" bytes \"1075152\n"
"kernel 2 (localhost):"
"\"REAL_MASTER_COEFFICIENT \"\"Hgg\"\" \"24\" \"InputForm[CutIntegral[\"R03\", {1, 1, 0, 1}]]\n"
"kernel 1 (localhost):"
"\"EXACT_POLYNOMIAL_TRANSFER \"\"production_sum\"\" \"192\"/\"411\n"
"kernel 2 (localhost):"
"\"EXACT_POLYNOMIAL_TRANSFER \"\"production_sum\"\" \"64\"/\"89\n"
"kernel 2 (localhost):"
"\"EXACT_POLYNOMIAL_BACKEND_START \"InputForm[{24, CutIntegral[\"R03\", {1, 1, 0, 1}]}]\" terms \"89\" bytes \"9389251\n"
"kernel 1 (localhost):"
"\"EXACT_POLYNOMIAL_TRANSFER \"\"production_sum\"\" \"256\"/\"411\n"
"kernel 1 (localhost):"
"\"EXACT_POLYNOMIAL_TRANSFER \"\"production_sum\"\" \"320\"/\"411\n"
"kernel 2 (localhost):"
"\"EXACT_POLYNOMIAL_SUM production_sum 16 89 4.54\\nEXACT_POLYNOMIAL_SUM production_sum 32 89 4.963\\nEXACT_POLYNOMIAL_SUM production_sum 48 89 5.4\\nEXACT_POLYNOMIAL_SUM production_sum 64 89 5.892\\nEXACT_POLYNOMIAL_SUM production_sum 80 89 6.223\\nEXACT_POLYNOMIAL_SUM production_sum 89 89 6.377\\nPASS: exact polynomial comparison backend\\n\"\n"
"kernel 2 (localhost):"
"\"\"\n"
"kernel 2 (localhost):"
"\"EXACT_POLYNOMIAL_ACCEPTED \"InputForm[{24, CutIntegral[\"R03\", {1, 1, 0, 1}]}]\" seconds \"25.516856`7.858372156258015\" bytes \"5552528\n"
"kernel 2 (localhost):"
"\"REAL_MASTER_COEFFICIENT \"\"Hgg\"\" \"24\" \"InputForm[CutIntegral[\"R03\", {1, 1, 1, 1}]]\n"
"kernel 2 (localhost):"
"\"EXACT_POLYNOMIAL_BACKEND_START \"InputForm[{24, CutIntegral[\"R03\", {1, 1, 1, 1}]}]\" terms \"2\" bytes \"59023\n"
"kernel 2 (localhost):"
"\"EXACT_POLYNOMIAL_SUM production_sum 2 2 0.026\\nPASS: exact polynomial comparison backend\\n\"\n"
"kernel 2 (localhost):"
"\"\"\n"
"kernel 2 (localhost):"
"\"EXACT_POLYNOMIAL_ACCEPTED \"InputForm[{24, CutIntegral[\"R03\", {1, 1, 1, 1}]}]\" seconds \"0.340721`5.983943895197274\" bytes \"1456096\n"
"kernel 2 (localhost):"
"\"REAL_MASTER_COEFFICIENT \"\"Hgg\"\" \"24\" \"InputForm[CutIntegral[\"R04\", {1, 1, 1, 1}]]\n"
"kernel 2 (localhost):"
"\"EXACT_POLYNOMIAL_BACKEND_START \"InputForm[{24, CutIntegral[\"R04\", {1, 1, 1, 1}]}]\" terms \"8\" bytes \"96151\n"
"kernel 2 (localhost):"
"\"EXACT_POLYNOMIAL_SUM production_sum 8 8 0.019\\nPASS: exact polynomial comparison backend\\n\"\n"
"kernel 2 (localhost):"
"\"\"\n"
"kernel 2 (localhost):"
"\"EXACT_POLYNOMIAL_ACCEPTED \"InputForm[{24, CutIntegral[\"R04\", {1, 1, 1, 1}]}]\" seconds \"0.394129`6.047183384912225\" bytes \"673136\n"
"kernel 2 (localhost):"
"\"REAL_MASTER_COEFFICIENT \"\"Hgg\"\" \"24\" \"InputForm[CutIntegral[\"R09\", {1, 1, 1, 1}]]\n"
"kernel 2 (localhost):"
"\"EXACT_POLYNOMIAL_BACKEND_START \"InputForm[{24, CutIntegral[\"R09\", {1, 1, 1, 1}]}]\" terms \"2\" bytes \"50433\n"
"kernel 2 (localhost):"
"\"EXACT_POLYNOMIAL_SUM production_sum 2 2 0.022\\nPASS: exact polynomial comparison backend\\n\"\n"
"kernel 2 (localhost):"
"\"\"\n"
"kernel 2 (localhost):"
"\"EXACT_POLYNOMIAL_ACCEPTED \"InputForm[{24, CutIntegral[\"R09\", {1, 1, 1, 1}]}]\" seconds \"0.342841`5.98663774668007\" bytes \"1278680\n"
"kernel 2 (localhost):"
"\"REAL_MASTER_COEFFICIENT \"\"Hgg\"\" \"24\" \"InputForm[CutIntegral[\"R10\", {1, 1, 1, 1}]]\n"
"kernel 1 (localhost):"
"\"EXACT_POLYNOMIAL_TRANSFER \"\"production_sum\"\" \"384\"/\"411\n"
"kernel 2 (localhost):"
"\"EXACT_POLYNOMIAL_BACKEND_START \"InputForm[{24, CutIntegral[\"R10\", {1, 1, 1, 1}]}]\" terms \"8\" bytes \"108985\n"
"kernel 2 (localhost):"
"\"EXACT_POLYNOMIAL_SUM production_sum 8 8 0.022\\nPASS: exact polynomial comparison backend\\n\"\n"
"kernel 2 (localhost):"
"\"\"\n"
"kernel 2 (localhost):"
"\"EXACT_POLYNOMIAL_ACCEPTED \"InputForm[{24, CutIntegral[\"R10\", {1, 1, 1, 1}]}]\" seconds \"0.428924`6.083925340914702\" bytes \"728024\n"
"kernel 2 (localhost):"
"\"PASS: \"\"complete linear reduced coefficient reconstruction\"\n"
"kernel 2 (localhost):"
"\"PASS: \"\"reduced coefficients are scalar rational expressions\"\n"
"kernel 1 (localhost):"
"\"PASS: \"\"bounded polynomial transfer file\"\n"
"kernel 1 (localhost):"
"\"PASS: \"\"unchanged validated exact backend\"\n"
"kernel 1 (localhost):"
"\"EXACT_POLYNOMIAL_BACKEND_START \"InputForm[{25, CutIntegral[\"R01\", {1, 1, 0, 0}]}]\" terms \"411\" bytes \"29826546\n"
"kernel 2 (localhost):"
"\"REAL_MAP_ACCEPTED \"\"Hgg\"\" \"24\n"
"kernel 2 (localhost):"
"\"PASS: \"\"complete reduced output accepted before storage projection\"\n"
"kernel 2 (localhost):"
"\"PASS: \"\"exact downstream coefficient interface\"\n"
"kernel 2 (localhost):"
"\"REAL_MAP \"\"Hgg\"\" \"26\"/\"98\" \"<|\"Sector\" -> \"Real\", \"Kind\" -> \"ExtendedResponse\", \"Index\" -> {3, 2, 1}|>\" kernel \"2\n"
"kernel 2 (localhost):"
"\"PASS: \"\"exact saved raw file\"\n"
"kernel 2 (localhost):"
"\"PASS: \"\"raw reader returns complete original record\"\n"
"kernel 2 (localhost):"
"\"PASS: \"\"raw component retains executed reconstruction\"\n"
"kernel 2 (localhost):"
"\"PASS: \"\"known rules end in saved masters\"\n"
"kernel 2 (localhost):"
"\"PASS: \"\"exact individual reduction-rule reconstruction\"\n"
"kernel 2 (localhost):"
"\"REAL_MASTER_COEFFICIENT \"\"Hgg\"\" \"26\" \"InputForm[CutIntegral[\"R01\", {1, 1, 0, 0}]]\n"
"kernel 2 (localhost):"
"\"PASS: \"\"exact polynomial transfer supports rational coefficients\"\n"
"kernel 2 (localhost):"
"\"PASS: \"\"unassigned exact polynomial variables\"\n"
"kernel 2 (localhost):"
"\"PASS: \"\"native JSON header shape\"\n"
"kernel 2 (localhost):"
"\"PASS: \"\"complete polynomial variable support\"\n"
"kernel 2 (localhost):"
"\"PASS: \"\"exported polynomial denominator reconstructs\"\n"
"kernel 2 (localhost):"
"\"PASS: \"\"native polynomial text reconstructs\"\n"
"kernel 2 (localhost):"
"\"PASS: \"\"native JSON term reconstructs\"\n"
"kernel 2 (localhost):"
"\"EXACT_POLYNOMIAL_TRANSFER \"\"production_sum\"\" \"64\"/\"411\n"
"kernel 1 (localhost):"
"\"EXACT_POLYNOMIAL_SUM production_sum 16 411 14.863\\nEXACT_POLYNOMIAL_SUM production_sum 32 411 16.708\\nEXACT_POLYNOMIAL_SUM production_sum 48 411 18.316\\nEXACT_POLYNOMIAL_SUM production_sum 64 411 20.115\\nEXACT_POLYNOMIAL_SUM production_sum 80 411 21.763\\nEXACT_POLYNOMIAL_SUM production_sum 96 411 23.265\\nEXACT_POLYNOMIAL_SUM production_sum 112 411 25.22\\nEXACT_POLYNOMIAL_SUM production_sum 128 411 26.993\\nEXACT_POLYNOMIAL_SUM production_sum 144 411 28.612\\nEXACT_POLYNOMIAL_SUM production_sum 160 411 30.377\\nEXACT_POLYNOMIAL_SUM production_sum 176 411 32.403\\nEXACT_POLYNOMIAL_SUM production_sum 192 411 33.971\\nEXACT_POLYNOMIAL_SUM production_sum 208 411 35.884\\nEXACT_POLYNOMIAL_SUM production_sum 224 411 37.526\\nEXACT_POLYNOMIAL_SUM production_sum 240 411 38.778\\nEXACT_POLYNOMIAL_SUM production_sum 256 411 39.941\\nEXACT_POLYNOMIAL_SUM production_sum 272 411 41.029\\nEXACT_POLYNOMIAL_SUM production_sum 288 411 42.098\\nEXACT_POLYNOMIAL_SUM production_sum 304 411 43.211\\nEXACT_POLYNOMIAL_SUM production_sum 320 411 44.253\\nEXACT_POLYNOMIAL_SUM production_sum 336 411 45.218\\nEXACT_POLYNOMIAL_SUM production_sum 352 411 46.544\\nEXACT_POLYNOMIAL_SUM production_sum 368 411 47.684\\nEXACT_POLYNOMIAL_SUM production_sum 384 411 48.77\\nEXACT_POLYNOMIAL_SUM production_sum 400 411 49.785\\nEXACT_POLYNOMIAL_SUM production_sum 411 411 50.34\\nPASS: exact polynomial comparison backend\\n\"\n"
"kernel 1 (localhost):"
"\"\"\n"
"kernel 1 (localhost):"
"\"PASS: \"\"exact production backend completed\"\n"
"kernel 1 (localhost):"
"\"PASS: \"\"exact production backend input and source\"\n"
"kernel 1 (localhost):"
"\"PASS: \"\"complete production termwise reconstruction\"\n"
"kernel 1 (localhost):"
"\"PASS: \"\"exact scalar coefficient import\"\n"
"kernel 1 (localhost):"
"\"EXACT_POLYNOMIAL_ACCEPTED \"InputForm[{25, CutIntegral[\"R01\", {1, 1, 0, 0}]}]\" seconds \"107.999462`8.484966585547614\" bytes \"5694144\n"
"kernel 1 (localhost):"
"\"PASS: \"\"compressed scalar map below file bound\"\n"
"kernel 1 (localhost):"
"\"PASS: \"\"compressed scalar map exact round trip\"\n"
"kernel 1 (localhost):"
"\"PASS: \"\"master coefficient retains exact reconstruction\"\n"
"kernel 1 (localhost):"
"\"REAL_MASTER_COEFFICIENT \"\"Hgg\"\" \"25\" \"InputForm[CutIntegral[\"R01\", {1, 1, 1, 1}]]\n"
"kernel 1 (localhost):"
"\"EXACT_POLYNOMIAL_BACKEND_START \"InputForm[{25, CutIntegral[\"R01\", {1, 1, 1, 1}]}]\" terms \"2\" bytes \"8667\n"
"kernel 1 (localhost):"
"\"EXACT_POLYNOMIAL_SUM production_sum 2 2 0.002\\nPASS: exact polynomial comparison backend\\n\"\n"
"kernel 1 (localhost):"
"\"\"\n"
"kernel 1 (localhost):"
"\"EXACT_POLYNOMIAL_ACCEPTED \"InputForm[{25, CutIntegral[\"R01\", {1, 1, 1, 1}]}]\" seconds \"0.191074`5.732746588846438\" bytes \"101792\n"
"kernel 1 (localhost):"
"\"REAL_MASTER_COEFFICIENT \"\"Hgg\"\" \"25\" \"InputForm[CutIntegral[\"R02\", {1, 1, 1, 1}]]\n"
"kernel 1 (localhost):"
"\"EXACT_POLYNOMIAL_BACKEND_START \"InputForm[{25, CutIntegral[\"R02\", {1, 1, 1, 1}]}]\" terms \"8\" bytes \"174055\n"
"kernel 1 (localhost):"
"\"EXACT_POLYNOMIAL_SUM production_sum 8 8 0.045\\nPASS: exact polynomial comparison backend\\n\"\n"
"kernel 1 (localhost):"
"\"\"\n"
"kernel 1 (localhost):"
"\"EXACT_POLYNOMIAL_ACCEPTED \"InputForm[{25, CutIntegral[\"R02\", {1, 1, 1, 1}]}]\" seconds \"0.574634`6.210936312289976\" bytes \"1297696\n"
"kernel 1 (localhost):"
"\"REAL_MASTER_COEFFICIENT \"\"Hgg\"\" \"25\" \"InputForm[CutIntegral[\"R03\", {1, 1, 0, 1}]]\n"
"kernel 1 (localhost):"
"\"EXACT_POLYNOMIAL_TRANSFER \"\"production_sum\"\" \"64\"/\"89\n"
"kernel 2 (localhost):"
"\"EXACT_POLYNOMIAL_TRANSFER \"\"production_sum\"\" \"128\"/\"411\n"
"kernel 1 (localhost):"
"\"EXACT_POLYNOMIAL_BACKEND_START \"InputForm[{25, CutIntegral[\"R03\", {1, 1, 0, 1}]}]\" terms \"89\" bytes \"5844617\n"
"kernel 1 (localhost):"
"\"EXACT_POLYNOMIAL_SUM production_sum 16 89 3.223\\nEXACT_POLYNOMIAL_SUM production_sum 32 89 3.506\\nEXACT_POLYNOMIAL_SUM production_sum 48 89 3.813\\nEXACT_POLYNOMIAL_SUM production_sum 64 89 4.116\\nEXACT_POLYNOMIAL_SUM production_sum 80 89 4.297\\nEXACT_POLYNOMIAL_SUM production_sum 89 89 4.396\\nPASS: exact polynomial comparison backend\\n\"\n"
"kernel 1 (localhost):"
"\"\"\n"
"kernel 1 (localhost):"
"\"EXACT_POLYNOMIAL_ACCEPTED \"InputForm[{25, CutIntegral[\"R03\", {1, 1, 0, 1}]}]\" seconds \"16.759603`7.67580872038263\" bytes \"6331208\n"
"kernel 1 (localhost):"
"\"REAL_MASTER_COEFFICIENT \"\"Hgg\"\" \"25\" \"InputForm[CutIntegral[\"R03\", {1, 1, 1, 1}]]\n"
"kernel 1 (localhost):"
"\"EXACT_POLYNOMIAL_BACKEND_START \"InputForm[{25, CutIntegral[\"R03\", {1, 1, 1, 1}]}]\" terms \"2\" bytes \"58273\n"
"kernel 1 (localhost):"
"\"EXACT_POLYNOMIAL_SUM production_sum 2 2 0.032\\nPASS: exact polynomial comparison backend\\n\"\n"
"kernel 1 (localhost):"
"\"\"\n"
"kernel 1 (localhost):"
"\"EXACT_POLYNOMIAL_ACCEPTED \"InputForm[{25, CutIntegral[\"R03\", {1, 1, 1, 1}]}]\" seconds \"0.374926`6.025490551989005\" bytes \"1814440\n"
"kernel 1 (localhost):"
"\"REAL_MASTER_COEFFICIENT \"\"Hgg\"\" \"25\" \"InputForm[CutIntegral[\"R04\", {1, 1, 1, 1}]]\n"
"kernel 1 (localhost):"
"\"EXACT_POLYNOMIAL_BACKEND_START \"InputForm[{25, CutIntegral[\"R04\", {1, 1, 1, 1}]}]\" terms \"8\" bytes \"112535\n"
"kernel 1 (localhost):"
"\"EXACT_POLYNOMIAL_SUM production_sum 8 8 0.026\\nPASS: exact polynomial comparison backend\\n\"\n"
"kernel 1 (localhost):"
"\"\"\n"
"kernel 1 (localhost):"
"\"EXACT_POLYNOMIAL_ACCEPTED \"InputForm[{25, CutIntegral[\"R04\", {1, 1, 1, 1}]}]\" seconds \"0.485092`6.137369105919392\" bytes \"879016\n"
"kernel 1 (localhost):"
"\"REAL_MASTER_COEFFICIENT \"\"Hgg\"\" \"25\" \"InputForm[CutIntegral[\"R09\", {1, 1, 1, 1}]]\n"
"kernel 1 (localhost):"
"\"EXACT_POLYNOMIAL_BACKEND_START \"InputForm[{25, CutIntegral[\"R09\", {1, 1, 1, 1}]}]\" terms \"2\" bytes \"40075\n"
"kernel 1 (localhost):"
"\"EXACT_POLYNOMIAL_SUM production_sum 2 2 0.034\\nPASS: exact polynomial comparison backend\\n\"\n"
"kernel 1 (localhost):"
"\"\"\n"
"kernel 1 (localhost):"
"\"EXACT_POLYNOMIAL_ACCEPTED \"InputForm[{25, CutIntegral[\"R09\", {1, 1, 1, 1}]}]\" seconds \"0.343949`5.988039044612271\" bytes \"1706424\n"
"kernel 1 (localhost):"
"\"REAL_MASTER_COEFFICIENT \"\"Hgg\"\" \"25\" \"InputForm[CutIntegral[\"R10\", {1, 1, 1, 1}]]\n"
"kernel 1 (localhost):"
"\"EXACT_POLYNOMIAL_BACKEND_START \"InputForm[{25, CutIntegral[\"R10\", {1, 1, 1, 1}]}]\" terms \"8\" bytes \"118277\n"
"kernel 1 (localhost):"
"\"EXACT_POLYNOMIAL_SUM production_sum 8 8 0.025\\nPASS: exact polynomial comparison backend\\n\"\n"
"kernel 1 (localhost):"
"\"\"\n"
"kernel 1 (localhost):"
"\"EXACT_POLYNOMIAL_ACCEPTED \"InputForm[{25, CutIntegral[\"R10\", {1, 1, 1, 1}]}]\" seconds \"0.463851`6.11792349071062\" bytes \"874592\n"
"kernel 1 (localhost):"
"\"PASS: \"\"complete linear reduced coefficient reconstruction\"\n"
"kernel 1 (localhost):"
"\"PASS: \"\"reduced coefficients are scalar rational expressions\"\n"
"kernel 1 (localhost):"
"\"REAL_MAP_ACCEPTED \"\"Hgg\"\" \"25\n"
"kernel 1 (localhost):"
"\"PASS: \"\"complete reduced output accepted before storage projection\"\n"
"kernel 1 (localhost):"
"\"PASS: \"\"exact downstream coefficient interface\"\n"
"kernel 1 (localhost):"
"\"REAL_MAP \"\"Hgg\"\" \"27\"/\"98\" \"<|\"Sector\" -> \"Real\", \"Kind\" -> \"ExtendedResponse\", \"Index\" -> {3, 2, 2}|>\" kernel \"1\n"
"kernel 1 (localhost):"
"\"PASS: \"\"exact saved raw file\"\n"
"kernel 2 (localhost):"
"\"EXACT_POLYNOMIAL_TRANSFER \"\"production_sum\"\" \"192\"/\"411\n"
"kernel 1 (localhost):"
"\"PASS: \"\"raw reader returns complete original record\"\n"
"kernel 1 (localhost):"
"\"PASS: \"\"raw component retains executed reconstruction\"\n"
"kernel 1 (localhost):"
"\"PASS: \"\"known rules end in saved masters\"\n"
"kernel 1 (localhost):"
"\"PASS: \"\"exact individual reduction-rule reconstruction\"\n"
"kernel 1 (localhost):"
"\"REAL_MASTER_COEFFICIENT \"\"Hgg\"\" \"27\" \"InputForm[CutIntegral[\"R01\", {1, 1, 0, 0}]]\n"
"kernel 1 (localhost):"
"\"PASS: \"\"exact polynomial transfer supports rational coefficients\"\n"
"kernel 1 (localhost):"
"\"PASS: \"\"unassigned exact polynomial variables\"\n"
"kernel 1 (localhost):"
"\"PASS: \"\"native JSON header shape\"\n"
"kernel 1 (localhost):"
"\"PASS: \"\"complete polynomial variable support\"\n"
"kernel 1 (localhost):"
"\"PASS: \"\"exported polynomial denominator reconstructs\"\n"
"kernel 1 (localhost):"
"\"PASS: \"\"native polynomial text reconstructs\"\n"
"kernel 1 (localhost):"
"\"PASS: \"\"native JSON term reconstructs\"\n"
"kernel 2 (localhost):"
"\"EXACT_POLYNOMIAL_TRANSFER \"\"production_sum\"\" \"256\"/\"411\n"
"kernel 2 (localhost):"
"\"EXACT_POLYNOMIAL_TRANSFER \"\"production_sum\"\" \"320\"/\"411\n"
"kernel 2 (localhost):"
"\"EXACT_POLYNOMIAL_TRANSFER \"\"production_sum\"\" \"384\"/\"411\n"
"kernel 2 (localhost):"
"\"PASS: \"\"bounded polynomial transfer file\"\n"
"kernel 2 (localhost):"
"\"PASS: \"\"unchanged validated exact backend\"\n"
"kernel 2 (localhost):"
"\"EXACT_POLYNOMIAL_BACKEND_START \"InputForm[{26, CutIntegral[\"R01\", {1, 1, 0, 0}]}]\" terms \"411\" bytes \"44818649\n"
"kernel 1 (localhost):"
"\"EXACT_POLYNOMIAL_TRANSFER \"\"production_sum\"\" \"64\"/\"411\n"
"kernel 1 (localhost):"
"\"EXACT_POLYNOMIAL_TRANSFER \"\"production_sum\"\" \"128\"/\"411\n"
"kernel 1 (localhost):"
"\"EXACT_POLYNOMIAL_TRANSFER \"\"production_sum\"\" \"192\"/\"411\n"
"kernel 1 (localhost):"
"\"EXACT_POLYNOMIAL_TRANSFER \"\"production_sum\"\" \"256\"/\"411\n"
"kernel 1 (localhost):"
"\"EXACT_POLYNOMIAL_TRANSFER \"\"production_sum\"\" \"320\"/\"411\n"
"kernel 1 (localhost):"
"\"EXACT_POLYNOMIAL_TRANSFER \"\"production_sum\"\" \"384\"/\"411\n"
"kernel 1 (localhost):"
"\"PASS: \"\"bounded polynomial transfer file\"\n"
"kernel 1 (localhost):"
"\"PASS: \"\"unchanged validated exact backend\"\n"
"kernel 1 (localhost):"
"\"EXACT_POLYNOMIAL_BACKEND_START \"InputForm[{27, CutIntegral[\"R01\", {1, 1, 0, 0}]}]\" terms \"411\" bytes \"44622135\n"
"kernel 2 (localhost):"
"\"EXACT_POLYNOMIAL_SUM production_sum 16 411 21.123\\nEXACT_POLYNOMIAL_SUM production_sum 32 411 24.406\\nEXACT_POLYNOMIAL_SUM production_sum 48 411 27.787\\nEXACT_POLYNOMIAL_SUM production_sum 64 411 31.273\\nEXACT_POLYNOMIAL_SUM production_sum 80 411 35.153\\nEXACT_POLYNOMIAL_SUM production_sum 96 411 38.393\\nEXACT_POLYNOMIAL_SUM production_sum 112 411 41.994\\nEXACT_POLYNOMIAL_SUM production_sum 128 411 45.852\\nEXACT_POLYNOMIAL_SUM production_sum 144 411 49.188\\nEXACT_POLYNOMIAL_SUM production_sum 160 411 52.874\\nEXACT_POLYNOMIAL_SUM production_sum 176 411 56.373\\nEXACT_POLYNOMIAL_SUM production_sum 192 411 59.749\\nEXACT_POLYNOMIAL_SUM production_sum 208 411 63.666\\nEXACT_POLYNOMIAL_SUM production_sum 224 411 66.563\\nEXACT_POLYNOMIAL_SUM production_sum 240 411 69.214\\nEXACT_POLYNOMIAL_SUM production_sum 256 411 71.354\\nEXACT_POLYNOMIAL_SUM production_sum 272 411 73.66\\nEXACT_POLYNOMIAL_SUM production_sum 288 411 76.874\\nEXACT_POLYNOMIAL_SUM production_sum 304 411 79.536\\nEXACT_POLYNOMIAL_SUM production_sum 320 411 81.595\\nEXACT_POLYNOMIAL_SUM production_sum 336 411 83.498\\nEXACT_POLYNOMIAL_SUM production_sum 352 411 86.426\\nEXACT_POLYNOMIAL_SUM production_sum 368 411 88.657\\nEXACT_POLYNOMIAL_SUM production_sum 384 411 90.976\\nEXACT_POLYNOMIAL_SUM production_sum 400 411 93.604\\nEXACT_POLYNOMIAL_SUM production_sum 411 411 94.654\\nPASS: exact polynomial comparison backend\\n\"\n"
"kernel 2 (localhost):"
"\"\"\n"
"kernel 2 (localhost):"
"\"PASS: \"\"exact production backend completed\"\n"
"kernel 2 (localhost):"
"\"PASS: \"\"exact production backend input and source\"\n"
"kernel 2 (localhost):"
"\"PASS: \"\"complete production termwise reconstruction\"\n"
"kernel 2 (localhost):"
"\"PASS: \"\"exact scalar coefficient import\"\n"
"kernel 2 (localhost):"
"\"EXACT_POLYNOMIAL_ACCEPTED \"InputForm[{26, CutIntegral[\"R01\", {1, 1, 0, 0}]}]\" seconds \"181.215733`8.709740893561204\" bytes \"8247768\n"
"kernel 2 (localhost):"
"\"PASS: \"\"compressed scalar map below file bound\"\n"
"kernel 2 (localhost):"
"\"PASS: \"\"compressed scalar map exact round trip\"\n"
"kernel 2 (localhost):"
"\"PASS: \"\"master coefficient retains exact reconstruction\"\n"
"kernel 2 (localhost):"
"\"REAL_MASTER_COEFFICIENT \"\"Hgg\"\" \"26\" \"InputForm[CutIntegral[\"R01\", {1, 1, 1, 1}]]\n"
"kernel 2 (localhost):"
"\"EXACT_POLYNOMIAL_BACKEND_START \"InputForm[{26, CutIntegral[\"R01\", {1, 1, 1, 1}]}]\" terms \"2\" bytes \"18213\n"
"kernel 2 (localhost):"
"\"EXACT_POLYNOMIAL_SUM production_sum 2 2 0.002\\nPASS: exact polynomial comparison backend\\n\"\n"
"kernel 2 (localhost):"
"\"\"\n"
"kernel 2 (localhost):"
"\"EXACT_POLYNOMIAL_ACCEPTED \"InputForm[{26, CutIntegral[\"R01\", {1, 1, 1, 1}]}]\" seconds \"0.230512`5.814238532324156\" bytes \"105720\n"
"kernel 2 (localhost):"
"\"REAL_MASTER_COEFFICIENT \"\"Hgg\"\" \"26\" \"InputForm[CutIntegral[\"R02\", {1, 1, 1, 1}]]\n"
"kernel 2 (localhost):"
"\"EXACT_POLYNOMIAL_BACKEND_START \"InputForm[{26, CutIntegral[\"R02\", {1, 1, 1, 1}]}]\" terms \"8\" bytes \"145007\n"
"kernel 2 (localhost):"
"\"EXACT_POLYNOMIAL_SUM production_sum 8 8 0.025\\nPASS: exact polynomial comparison backend\\n\"\n"
"kernel 2 (localhost):"
"\"\"\n"
"kernel 2 (localhost):"
"\"EXACT_POLYNOMIAL_ACCEPTED \"InputForm[{26, CutIntegral[\"R02\", {1, 1, 1, 1}]}]\" seconds \"0.500885`6.15128301956606\" bytes \"1075152\n"
"kernel 2 (localhost):"
"\"REAL_MASTER_COEFFICIENT \"\"Hgg\"\" \"26\" \"InputForm[CutIntegral[\"R03\", {1, 1, 0, 1}]]\n"
"kernel 2 (localhost):"
"\"EXACT_POLYNOMIAL_TRANSFER \"\"production_sum\"\" \"64\"/\"89\n"
"kernel 2 (localhost):"
"\"EXACT_POLYNOMIAL_BACKEND_START \"InputForm[{26, CutIntegral[\"R03\", {1, 1, 0, 1}]}]\" terms \"89\" bytes \"9138922\n"
"kernel 2 (localhost):"
"\"EXACT_POLYNOMIAL_SUM production_sum 16 89 4.247\\nEXACT_POLYNOMIAL_SUM production_sum 32 89 4.705\\nEXACT_POLYNOMIAL_SUM production_sum 48 89 5.151\\nEXACT_POLYNOMIAL_SUM production_sum 64 89 5.598\\nEXACT_POLYNOMIAL_SUM production_sum 80 89 5.962\\nEXACT_POLYNOMIAL_SUM production_sum 89 89 6.101\\nPASS: exact polynomial comparison backend\\n\"\n"
"kernel 2 (localhost):"
"\"\"\n"
"kernel 2 (localhost):"
"\"EXACT_POLYNOMIAL_ACCEPTED \"InputForm[{26, CutIntegral[\"R03\", {1, 1, 0, 1}]}]\" seconds \"25.739148`7.862139160577839\" bytes \"5552528\n"
"kernel 2 (localhost):"
"\"REAL_MASTER_COEFFICIENT \"\"Hgg\"\" \"26\" \"InputForm[CutIntegral[\"R03\", {1, 1, 1, 1}]]\n"
"kernel 2 (localhost):"
"\"EXACT_POLYNOMIAL_BACKEND_START \"InputForm[{26, CutIntegral[\"R03\", {1, 1, 1, 1}]}]\" terms \"2\" bytes \"50423\n"
"kernel 2 (localhost):"
"\"EXACT_POLYNOMIAL_SUM production_sum 2 2 0.027\\nPASS: exact polynomial comparison backend\\n\"\n"
"kernel 2 (localhost):"
"\"\"\n"
"kernel 2 (localhost):"
"\"EXACT_POLYNOMIAL_ACCEPTED \"InputForm[{26, CutIntegral[\"R03\", {1, 1, 1, 1}]}]\" seconds \"0.334391`5.975799573557999\" bytes \"1278680\n"
"kernel 2 (localhost):"
"\"REAL_MASTER_COEFFICIENT \"\"Hgg\"\" \"26\" \"InputForm[CutIntegral[\"R04\", {1, 1, 1, 1}]]\n"
"kernel 2 (localhost):"
"\"EXACT_POLYNOMIAL_BACKEND_START \"InputForm[{26, CutIntegral[\"R04\", {1, 1, 1, 1}]}]\" terms \"8\" bytes \"108991\n"
"kernel 2 (localhost):"
"\"EXACT_POLYNOMIAL_SUM production_sum 8 8 0.022\\nPASS: exact polynomial comparison backend\\n\"\n"
"kernel 2 (localhost):"
"\"\"\n"
"kernel 2 (localhost):"
"\"EXACT_POLYNOMIAL_ACCEPTED \"InputForm[{26, CutIntegral[\"R04\", {1, 1, 1, 1}]}]\" seconds \"0.439762`6.094762692592333\" bytes \"728072\n"
"kernel 2 (localhost):"
"\"REAL_MASTER_COEFFICIENT \"\"Hgg\"\" \"26\" \"InputForm[CutIntegral[\"R09\", {1, 1, 1, 1}]]\n"
"kernel 2 (localhost):"
"\"EXACT_POLYNOMIAL_BACKEND_START \"InputForm[{26, CutIntegral[\"R09\", {1, 1, 1, 1}]}]\" terms \"2\" bytes \"59013\n"
"kernel 2 (localhost):"
"\"EXACT_POLYNOMIAL_SUM production_sum 2 2 0.028\\nPASS: exact polynomial comparison backend\\n\"\n"
"kernel 2 (localhost):"
"\"\"\n"
"kernel 2 (localhost):"
"\"EXACT_POLYNOMIAL_ACCEPTED \"InputForm[{26, CutIntegral[\"R09\", {1, 1, 1, 1}]}]\" seconds \"0.373246`6.023540155674051\" bytes \"1456072\n"
"kernel 2 (localhost):"
"\"REAL_MASTER_COEFFICIENT \"\"Hgg\"\" \"26\" \"InputForm[CutIntegral[\"R10\", {1, 1, 1, 1}]]\n"
"kernel 2 (localhost):"
"\"EXACT_POLYNOMIAL_BACKEND_START \"InputForm[{26, CutIntegral[\"R10\", {1, 1, 1, 1}]}]\" terms \"8\" bytes \"96153\n"
"kernel 2 (localhost):"
"\"EXACT_POLYNOMIAL_SUM production_sum 8 8 0.024\\nPASS: exact polynomial comparison backend\\n\"\n"
"kernel 2 (localhost):"
"\"\"\n"
"kernel 2 (localhost):"
"\"EXACT_POLYNOMIAL_ACCEPTED \"InputForm[{26, CutIntegral[\"R10\", {1, 1, 1, 1}]}]\" seconds \"0.418272`6.073003786471295\" bytes \"673112\n"
"kernel 2 (localhost):"
"\"PASS: \"\"complete linear reduced coefficient reconstruction\"\n"
"kernel 2 (localhost):"
"\"PASS: \"\"reduced coefficients are scalar rational expressions\"\n"
"kernel 2 (localhost):"
"\"REAL_MAP_ACCEPTED \"\"Hgg\"\" \"26\n"
"kernel 2 (localhost):"
"\"PASS: \"\"complete reduced output accepted before storage projection\"\n"
"kernel 2 (localhost):"
"\"PASS: \"\"exact downstream coefficient interface\"\n"
"kernel 2 (localhost):"
"\"REAL_MAP \"\"Hgg\"\" \"28\"/\"98\" \"<|\"Sector\" -> \"Real\", \"Kind\" -> \"ExtendedResponse\", \"Index\" -> {3, 2, 5}|>\" kernel \"2\n"
"kernel 2 (localhost):"
"\"PASS: \"\"exact saved raw file\"\n"
"kernel 2 (localhost):"
"\"PASS: \"\"raw reader returns complete original record\"\n"
"kernel 2 (localhost):"
"\"PASS: \"\"raw component retains executed reconstruction\"\n"
"kernel 2 (localhost):"
"\"PASS: \"\"known rules end in saved masters\"\n"
"kernel 2 (localhost):"
"\"PASS: \"\"exact individual reduction-rule reconstruction\"\n"
"kernel 2 (localhost):"
"\"REAL_MASTER_COEFFICIENT \"\"Hgg\"\" \"28\" \"InputForm[CutIntegral[\"R01\", {1, 1, 0, 0}]]\n"
"kernel 2 (localhost):"
"\"PASS: \"\"exact polynomial transfer supports rational coefficients\"\n"
"kernel 2 (localhost):"
"\"PASS: \"\"unassigned exact polynomial variables\"\n"
"kernel 2 (localhost):"
"\"PASS: \"\"native JSON header shape\"\n"
"kernel 2 (localhost):"
"\"PASS: \"\"complete polynomial variable support\"\n"
"kernel 2 (localhost):"
"\"PASS: \"\"exported polynomial denominator reconstructs\"\n"
"kernel 2 (localhost):"
"\"PASS: \"\"native polynomial text reconstructs\"\n"
"kernel 2 (localhost):"
"\"PASS: \"\"native JSON term reconstructs\"\n"
"kernel 1 (localhost):"
"\"EXACT_POLYNOMIAL_SUM production_sum 16 411 21.733\\nEXACT_POLYNOMIAL_SUM production_sum 32 411 24.858\\nEXACT_POLYNOMIAL_SUM production_sum 48 411 28.2\\nEXACT_POLYNOMIAL_SUM production_sum 64 411 31.867\\nEXACT_POLYNOMIAL_SUM production_sum 80 411 35.551\\nEXACT_POLYNOMIAL_SUM production_sum 96 411 39.06\\nEXACT_POLYNOMIAL_SUM production_sum 112 411 42.377\\nEXACT_POLYNOMIAL_SUM production_sum 128 411 46.1\\nEXACT_POLYNOMIAL_SUM production_sum 144 411 49.737\\nEXACT_POLYNOMIAL_SUM production_sum 160 411 53.243\\nEXACT_POLYNOMIAL_SUM production_sum 176 411 56.499\\nEXACT_POLYNOMIAL_SUM production_sum 192 411 60.215\\nEXACT_POLYNOMIAL_SUM production_sum 208 411 63.65\\nEXACT_POLYNOMIAL_SUM production_sum 224 411 67.004\\nEXACT_POLYNOMIAL_SUM production_sum 240 411 69.561\\nEXACT_POLYNOMIAL_SUM production_sum 256 411 72.108\\nEXACT_POLYNOMIAL_SUM production_sum 272 411 74.384\\nEXACT_POLYNOMIAL_SUM production_sum 288 411 76.68\\nEXACT_POLYNOMIAL_SUM production_sum 304 411 79.546\\nEXACT_POLYNOMIAL_SUM production_sum 320 411 81.912\\nEXACT_POLYNOMIAL_SUM production_sum 336 411 83.857\\nEXACT_POLYNOMIAL_SUM production_sum 352 411 86.012\\nEXACT_POLYNOMIAL_SUM production_sum 368 411 88.322\\nEXACT_POLYNOMIAL_SUM production_sum 384 411 90.881\\nEXACT_POLYNOMIAL_SUM production_sum 400 411 93.51\\nEXACT_POLYNOMIAL_SUM production_sum 411 411 94.602\\nPASS: exact polynomial comparison backend\\n\"\n"
"kernel 1 (localhost):"
"\"\"\n"
"kernel 1 (localhost):"
"\"PASS: \"\"exact production backend completed\"\n"
"kernel 1 (localhost):"
"\"PASS: \"\"exact production backend input and source\"\n"
"kernel 1 (localhost):"
"\"PASS: \"\"complete production termwise reconstruction\"\n"
"kernel 1 (localhost):"
"\"PASS: \"\"exact scalar coefficient import\"\n"
"kernel 1 (localhost):"
"\"EXACT_POLYNOMIAL_ACCEPTED \"InputForm[{27, CutIntegral[\"R01\", {1, 1, 0, 0}]}]\" seconds \"177.385887`8.70046405745933\" bytes \"11008184\n"
"kernel 1 (localhost):"
"\"PASS: \"\"compressed scalar map below file bound\"\n"
"kernel 1 (localhost):"
"\"PASS: \"\"compressed scalar map exact round trip\"\n"
"kernel 1 (localhost):"
"\"PASS: \"\"master coefficient retains exact reconstruction\"\n"
"kernel 2 (localhost):"
"\"EXACT_POLYNOMIAL_TRANSFER \"\"production_sum\"\" \"64\"/\"411\n"
"kernel 1 (localhost):"
"\"REAL_MASTER_COEFFICIENT \"\"Hgg\"\" \"27\" \"InputForm[CutIntegral[\"R01\", {1, 1, 1, 1}]]\n"
"kernel 1 (localhost):"
"\"EXACT_POLYNOMIAL_BACKEND_START \"InputForm[{27, CutIntegral[\"R01\", {1, 1, 1, 1}]}]\" terms \"2\" bytes \"19461\n"
"kernel 1 (localhost):"
"\"EXACT_POLYNOMIAL_SUM production_sum 2 2 0.003\\nPASS: exact polynomial comparison backend\\n\"\n"
"kernel 1 (localhost):"
"\"\"\n"
"kernel 1 (localhost):"
"\"EXACT_POLYNOMIAL_ACCEPTED \"InputForm[{27, CutIntegral[\"R01\", {1, 1, 1, 1}]}]\" seconds \"0.2048489999999999999`5.762978841719029\" bytes \"111592\n"
"kernel 1 (localhost):"
"\"REAL_MASTER_COEFFICIENT \"\"Hgg\"\" \"27\" \"InputForm[CutIntegral[\"R02\", {1, 1, 1, 1}]]\n"
"kernel 1 (localhost):"
"\"EXACT_POLYNOMIAL_BACKEND_START \"InputForm[{27, CutIntegral[\"R02\", {1, 1, 1, 1}]}]\" terms \"8\" bytes \"127969\n"
"kernel 1 (localhost):"
"\"EXACT_POLYNOMIAL_SUM production_sum 8 8 0.024\\nPASS: exact polynomial comparison backend\\n\"\n"
"kernel 1 (localhost):"
"\"\"\n"
"kernel 1 (localhost):"
"\"EXACT_POLYNOMIAL_ACCEPTED \"InputForm[{27, CutIntegral[\"R02\", {1, 1, 1, 1}]}]\" seconds \"0.504339`6.154267546485361\" bytes \"977624\n"
"kernel 1 (localhost):"
"\"REAL_MASTER_COEFFICIENT \"\"Hgg\"\" \"27\" \"InputForm[CutIntegral[\"R03\", {1, 1, 0, 1}]]\n"
"kernel 2 (localhost):"
"\"EXACT_POLYNOMIAL_TRANSFER \"\"production_sum\"\" \"128\"/\"411\n"
"kernel 1 (localhost):"
"\"EXACT_POLYNOMIAL_TRANSFER \"\"production_sum\"\" \"64\"/\"89\n"
"kernel 1 (localhost):"
"\"EXACT_POLYNOMIAL_BACKEND_START \"InputForm[{27, CutIntegral[\"R03\", {1, 1, 0, 1}]}]\" terms \"89\" bytes \"9045863\n"
"kernel 1 (localhost):"
"\"EXACT_POLYNOMIAL_SUM production_sum 16 89 4.524\\nEXACT_POLYNOMIAL_SUM production_sum 32 89 4.902\\nEXACT_POLYNOMIAL_SUM production_sum 48 89 5.374\\nEXACT_POLYNOMIAL_SUM production_sum 64 89 5.796\\nEXACT_POLYNOMIAL_SUM production_sum 80 89 6.149\\nEXACT_POLYNOMIAL_SUM production_sum 89 89 6.305\\nPASS: exact polynomial comparison backend\\n\"\n"
"kernel 1 (localhost):"
"\"\"\n"
"kernel 1 (localhost):"
"\"EXACT_POLYNOMIAL_ACCEPTED \"InputForm[{27, CutIntegral[\"R03\", {1, 1, 0, 1}]}]\" seconds \"24.637714`7.843145403025603\" bytes \"7437608\n"
"kernel 1 (localhost):"
"\"REAL_MASTER_COEFFICIENT \"\"Hgg\"\" \"27\" \"InputForm[CutIntegral[\"R03\", {1, 1, 1, 1}]]\n"
"kernel 1 (localhost):"
"\"EXACT_POLYNOMIAL_BACKEND_START \"InputForm[{27, CutIntegral[\"R03\", {1, 1, 1, 1}]}]\" terms \"2\" bytes \"50687\n"
"kernel 2 (localhost):"
"\"EXACT_POLYNOMIAL_TRANSFER \"\"production_sum\"\" \"192\"/\"411\n"
"kernel 1 (localhost):"
"\"EXACT_POLYNOMIAL_SUM production_sum 2 2 0.024\\nPASS: exact polynomial comparison backend\\n\"\n"
"kernel 1 (localhost):"
"\"\"\n"
"kernel 1 (localhost):"
"\"EXACT_POLYNOMIAL_ACCEPTED \"InputForm[{27, CutIntegral[\"R03\", {1, 1, 1, 1}]}]\" seconds \"0.328887`5.968591700849576\" bytes \"1284760\n"
"kernel 1 (localhost):"
"\"REAL_MASTER_COEFFICIENT \"\"Hgg\"\" \"27\" \"InputForm[CutIntegral[\"R04\", {1, 1, 1, 1}]]\n"
"kernel 1 (localhost):"
"\"EXACT_POLYNOMIAL_BACKEND_START \"InputForm[{27, CutIntegral[\"R04\", {1, 1, 1, 1}]}]\" terms \"8\" bytes \"92455\n"
"kernel 1 (localhost):"
"\"EXACT_POLYNOMIAL_SUM production_sum 8 8 0.019\\nPASS: exact polynomial comparison backend\\n\"\n"
"kernel 1 (localhost):"
"\"\"\n"
"kernel 1 (localhost):"
"\"EXACT_POLYNOMIAL_ACCEPTED \"InputForm[{27, CutIntegral[\"R04\", {1, 1, 1, 1}]}]\" seconds \"0.412837`6.067323606959439\" bytes \"624088\n"
"kernel 1 (localhost):"
"\"REAL_MASTER_COEFFICIENT \"\"Hgg\"\" \"27\" \"InputForm[CutIntegral[\"R09\", {1, 1, 1, 1}]]\n"
"kernel 1 (localhost):"
"\"EXACT_POLYNOMIAL_BACKEND_START \"InputForm[{27, CutIntegral[\"R09\", {1, 1, 1, 1}]}]\" terms \"2\" bytes \"50695\n"
"kernel 1 (localhost):"
"\"EXACT_POLYNOMIAL_SUM production_sum 2 2 0.023\\nPASS: exact polynomial comparison backend\\n\"\n"
"kernel 1 (localhost):"
"\"\"\n"
"kernel 1 (localhost):"
"\"EXACT_POLYNOMIAL_ACCEPTED \"InputForm[{27, CutIntegral[\"R09\", {1, 1, 1, 1}]}]\" seconds \"0.342426`5.986111726217906\" bytes \"1284760\n"
"kernel 1 (localhost):"
"\"REAL_MASTER_COEFFICIENT \"\"Hgg\"\" \"27\" \"InputForm[CutIntegral[\"R10\", {1, 1, 1, 1}]]\n"
"kernel 1 (localhost):"
"\"EXACT_POLYNOMIAL_BACKEND_START \"InputForm[{27, CutIntegral[\"R10\", {1, 1, 1, 1}]}]\" terms \"8\" bytes \"92447\n"
"kernel 1 (localhost):"
"\"EXACT_POLYNOMIAL_SUM production_sum 8 8 0.017\\nPASS: exact polynomial comparison backend\\n\"\n"
"kernel 1 (localhost):"
"\"\"\n"
"kernel 1 (localhost):"
"\"EXACT_POLYNOMIAL_ACCEPTED \"InputForm[{27, CutIntegral[\"R10\", {1, 1, 1, 1}]}]\" seconds \"0.409407`6.0637002574096215\" bytes \"624064\n"
"kernel 1 (localhost):"
"\"PASS: \"\"complete linear reduced coefficient reconstruction\"\n"
"kernel 1 (localhost):"
"\"PASS: \"\"reduced coefficients are scalar rational expressions\"\n"
"kernel 2 (localhost):"
"\"EXACT_POLYNOMIAL_TRANSFER \"\"production_sum\"\" \"256\"/\"411\n"
"kernel 2 (localhost):"
"\"EXACT_POLYNOMIAL_TRANSFER \"\"production_sum\"\" \"320\"/\"411\n"
"kernel 2 (localhost):"
"\"EXACT_POLYNOMIAL_TRANSFER \"\"production_sum\"\" \"384\"/\"411\n"
"kernel 2 (localhost):"
"\"PASS: \"\"bounded polynomial transfer file\"\n"
"kernel 2 (localhost):"
"\"PASS: \"\"unchanged validated exact backend\"\n"
"kernel 2 (localhost):"
"\"EXACT_POLYNOMIAL_BACKEND_START \"InputForm[{28, CutIntegral[\"R01\", {1, 1, 0, 0}]}]\" terms \"411\" bytes \"29359889\n"
"kernel 1 (localhost):"
"\"REAL_MAP_ACCEPTED \"\"Hgg\"\" \"27\n"
"kernel 1 (localhost):"
"\"PASS: \"\"complete reduced output accepted before storage projection\"\n"
"kernel 1 (localhost):"
"\"PASS: \"\"exact downstream coefficient interface\"\n"
"kernel 1 (localhost):"
"\"REAL_MAP \"\"Hgg\"\" \"29\"/\"98\" \"<|\"Sector\" -> \"Real\", \"Kind\" -> \"ExtendedResponse\", \"Index\" -> {3, 3, 3}|>\" kernel \"1\n"
"kernel 1 (localhost):"
"\"PASS: \"\"exact saved raw file\"\n"
"kernel 1 (localhost):"
"\"PASS: \"\"raw reader returns complete original record\"\n"
"kernel 1 (localhost):"
"\"PASS: \"\"raw component retains executed reconstruction\"\n"
"kernel 1 (localhost):"
"\"PASS: \"\"known rules end in saved masters\"\n"
"kernel 1 (localhost):"
"\"PASS: \"\"exact individual reduction-rule reconstruction\"\n"
"kernel 1 (localhost):"
"\"REAL_MASTER_COEFFICIENT \"\"Hgg\"\" \"29\" \"InputForm[CutIntegral[\"R01\", {1, 1, 0, 0}]]\n"
"kernel 1 (localhost):"
"\"PASS: \"\"exact polynomial transfer supports rational coefficients\"\n"
"kernel 1 (localhost):"
"\"PASS: \"\"unassigned exact polynomial variables\"\n"
"kernel 1 (localhost):"
"\"PASS: \"\"native JSON header shape\"\n"
"kernel 1 (localhost):"
"\"PASS: \"\"complete polynomial variable support\"\n"
"kernel 1 (localhost):"
"\"PASS: \"\"exported polynomial denominator reconstructs\"\n"
"kernel 1 (localhost):"
"\"PASS: \"\"native polynomial text reconstructs\"\n"
"kernel 1 (localhost):"
"\"PASS: \"\"native JSON term reconstructs\"\n"
"kernel 1 (localhost):"
"\"EXACT_POLYNOMIAL_TRANSFER \"\"production_sum\"\" \"64\"/\"411\n"
"kernel 1 (localhost):"
"\"EXACT_POLYNOMIAL_TRANSFER \"\"production_sum\"\" \"128\"/\"411\n"
"kernel 1 (localhost):"
"\"EXACT_POLYNOMIAL_TRANSFER \"\"production_sum\"\" \"192\"/\"411\n"
"kernel 1 (localhost):"
"\"EXACT_POLYNOMIAL_TRANSFER \"\"production_sum\"\" \"256\"/\"411\n"
"kernel 1 (localhost):"
"\"EXACT_POLYNOMIAL_TRANSFER \"\"production_sum\"\" \"320\"/\"411\n"
"kernel 1 (localhost):"
"\"EXACT_POLYNOMIAL_TRANSFER \"\"production_sum\"\" \"384\"/\"411\n"
"kernel 1 (localhost):"
"\"PASS: \"\"bounded polynomial transfer file\"\n"
"kernel 1 (localhost):"
"\"PASS: \"\"unchanged validated exact backend\"\n"
"kernel 1 (localhost):"
"\"EXACT_POLYNOMIAL_BACKEND_START \"InputForm[{29, CutIntegral[\"R01\", {1, 1, 0, 0}]}]\" terms \"411\" bytes \"18893786\n"
"kernel 2 (localhost):"
"\"EXACT_POLYNOMIAL_SUM production_sum 16 411 15.005\\nEXACT_POLYNOMIAL_SUM production_sum 32 411 16.821\\nEXACT_POLYNOMIAL_SUM production_sum 48 411 18.37\\nEXACT_POLYNOMIAL_SUM production_sum 64 411 20.148\\nEXACT_POLYNOMIAL_SUM production_sum 80 411 21.75\\nEXACT_POLYNOMIAL_SUM production_sum 96 411 23.232\\nEXACT_POLYNOMIAL_SUM production_sum 112 411 25.107\\nEXACT_POLYNOMIAL_SUM production_sum 128 411 26.887\\nEXACT_POLYNOMIAL_SUM production_sum 144 411 28.541\\nEXACT_POLYNOMIAL_SUM production_sum 160 411 30.277\\nEXACT_POLYNOMIAL_SUM production_sum 176 411 32.166\\nEXACT_POLYNOMIAL_SUM production_sum 192 411 33.728\\nEXACT_POLYNOMIAL_SUM production_sum 208 411 35.584\\nEXACT_POLYNOMIAL_SUM production_sum 224 411 37.185\\nEXACT_POLYNOMIAL_SUM production_sum 240 411 38.243\\nEXACT_POLYNOMIAL_SUM production_sum 256 411 39.414\\nEXACT_POLYNOMIAL_SUM production_sum 272 411 40.407\\nEXACT_POLYNOMIAL_SUM production_sum 288 411 41.456\\nEXACT_POLYNOMIAL_SUM production_sum 304 411 42.663\\nEXACT_POLYNOMIAL_SUM production_sum 320 411 43.706\\nEXACT_POLYNOMIAL_SUM production_sum 336 411 44.608\\nEXACT_POLYNOMIAL_SUM production_sum 352 411 45.593\\nEXACT_POLYNOMIAL_SUM production_sum 368 411 46.751\\nEXACT_POLYNOMIAL_SUM production_sum 384 411 47.813\\nEXACT_POLYNOMIAL_SUM production_sum 400 411 48.793\\nEXACT_POLYNOMIAL_SUM production_sum 411 411 49.32\\nPASS: exact polynomial comparison backend\\n\"\n"
"kernel 2 (localhost):"
"\"\"\n"
"kernel 2 (localhost):"
"\"PASS: \"\"exact production backend completed\"\n"
"kernel 2 (localhost):"
"\"PASS: \"\"exact production backend input and source\"\n"
"kernel 2 (localhost):"
"\"PASS: \"\"complete production termwise reconstruction\"\n"
"kernel 2 (localhost):"
"\"PASS: \"\"exact scalar coefficient import\"\n"
"kernel 2 (localhost):"
"\"EXACT_POLYNOMIAL_ACCEPTED \"InputForm[{28, CutIntegral[\"R01\", {1, 1, 0, 0}]}]\" seconds \"107.463316`8.482805230978256\" bytes \"5048928\n"
"kernel 2 (localhost):"
"\"PASS: \"\"compressed scalar map below file bound\"\n"
"kernel 2 (localhost):"
"\"PASS: \"\"compressed scalar map exact round trip\"\n"
"kernel 2 (localhost):"
"\"PASS: \"\"master coefficient retains exact reconstruction\"\n"
"kernel 2 (localhost):"
"\"REAL_MASTER_COEFFICIENT \"\"Hgg\"\" \"28\" \"InputForm[CutIntegral[\"R01\", {1, 1, 1, 1}]]\n"
"kernel 2 (localhost):"
"\"EXACT_POLYNOMIAL_BACKEND_START \"InputForm[{28, CutIntegral[\"R01\", {1, 1, 1, 1}]}]\" terms \"2\" bytes \"9505\n"
"kernel 2 (localhost):"
"\"EXACT_POLYNOMIAL_SUM production_sum 2 2 0.005\\nPASS: exact polynomial comparison backend\\n\"\n"
"kernel 2 (localhost):"
"\"\"\n"
"kernel 2 (localhost):"
"\"EXACT_POLYNOMIAL_ACCEPTED \"InputForm[{28, CutIntegral[\"R01\", {1, 1, 1, 1}]}]\" seconds \"0.172683`5.688794578489051\" bytes \"114360\n"
"kernel 2 (localhost):"
"\"REAL_MASTER_COEFFICIENT \"\"Hgg\"\" \"28\" \"InputForm[CutIntegral[\"R02\", {1, 1, 1, 1}]]\n"
"kernel 2 (localhost):"
"\"EXACT_POLYNOMIAL_BACKEND_START \"InputForm[{28, CutIntegral[\"R02\", {1, 1, 1, 1}]}]\" terms \"8\" bytes \"146361\n"
"kernel 2 (localhost):"
"\"EXACT_POLYNOMIAL_SUM production_sum 8 8 0.029\\nPASS: exact polynomial comparison backend\\n\"\n"
"kernel 2 (localhost):"
"\"\"\n"
"kernel 2 (localhost):"
"\"EXACT_POLYNOMIAL_ACCEPTED \"InputForm[{28, CutIntegral[\"R02\", {1, 1, 1, 1}]}]\" seconds \"0.48564`6.137859443935162\" bytes \"1152376\n"
"kernel 2 (localhost):"
"\"REAL_MASTER_COEFFICIENT \"\"Hgg\"\" \"28\" \"InputForm[CutIntegral[\"R03\", {1, 1, 0, 1}]]\n"
"kernel 2 (localhost):"
"\"EXACT_POLYNOMIAL_TRANSFER \"\"production_sum\"\" \"64\"/\"89\n"
"kernel 2 (localhost):"
"\"EXACT_POLYNOMIAL_BACKEND_START \"InputForm[{28, CutIntegral[\"R03\", {1, 1, 0, 1}]}]\" terms \"89\" bytes \"5647691\n"
"kernel 2 (localhost):"
"\"EXACT_POLYNOMIAL_SUM production_sum 16 89 3.184\\nEXACT_POLYNOMIAL_SUM production_sum 32 89 3.455\\nEXACT_POLYNOMIAL_SUM production_sum 48 89 3.725\\nEXACT_POLYNOMIAL_SUM production_sum 64 89 4.005\\nEXACT_POLYNOMIAL_SUM production_sum 80 89 4.162\\nEXACT_POLYNOMIAL_SUM production_sum 89 89 4.266\\nPASS: exact polynomial comparison backend\\n\"\n"
"kernel 2 (localhost):"
"\"\"\n"
"kernel 2 (localhost):"
"\"EXACT_POLYNOMIAL_ACCEPTED \"InputForm[{28, CutIntegral[\"R03\", {1, 1, 0, 1}]}]\" seconds \"15.386787`7.638692935364516\" bytes \"5567744\n"
"kernel 2 (localhost):"
"\"REAL_MASTER_COEFFICIENT \"\"Hgg\"\" \"28\" \"InputForm[CutIntegral[\"R03\", {1, 1, 1, 1}]]\n"
"kernel 2 (localhost):"
"\"EXACT_POLYNOMIAL_BACKEND_START \"InputForm[{28, CutIntegral[\"R03\", {1, 1, 1, 1}]}]\" terms \"2\" bytes \"48387\n"
"kernel 2 (localhost):"
"\"EXACT_POLYNOMIAL_SUM production_sum 2 2 0.028\\nPASS: exact polynomial comparison backend\\n\"\n"
"kernel 2 (localhost):"
"\"\"\n"
"kernel 2 (localhost):"
"\"EXACT_POLYNOMIAL_ACCEPTED \"InputForm[{28, CutIntegral[\"R03\", {1, 1, 1, 1}]}]\" seconds \"0.337886`5.980315191045632\" bytes \"1558808\n"
"kernel 2 (localhost):"
"\"REAL_MASTER_COEFFICIENT \"\"Hgg\"\" \"28\" \"InputForm[CutIntegral[\"R04\", {1, 1, 1, 1}]]\n"
"kernel 2 (localhost):"
"\"EXACT_POLYNOMIAL_BACKEND_START \"InputForm[{28, CutIntegral[\"R04\", {1, 1, 1, 1}]}]\" terms \"8\" bytes \"100739\n"
"kernel 2 (localhost):"
"\"EXACT_POLYNOMIAL_SUM production_sum 8 8 0.021\\nPASS: exact polynomial comparison backend\\n\"\n"
"kernel 2 (localhost):"
"\"\"\n"
"kernel 2 (localhost):"
"\"EXACT_POLYNOMIAL_ACCEPTED \"InputForm[{28, CutIntegral[\"R04\", {1, 1, 1, 1}]}]\" seconds \"0.428789`6.083788629087921\" bytes \"769488\n"
"kernel 2 (localhost):"
"\"REAL_MASTER_COEFFICIENT \"\"Hgg\"\" \"28\" \"InputForm[CutIntegral[\"R09\", {1, 1, 1, 1}]]\n"
"kernel 2 (localhost):"
"\"EXACT_POLYNOMIAL_BACKEND_START \"InputForm[{28, CutIntegral[\"R09\", {1, 1, 1, 1}]}]\" terms \"2\" bytes \"41101\n"
"kernel 2 (localhost):"
"\"EXACT_POLYNOMIAL_SUM production_sum 2 2 0.033\\nPASS: exact polynomial comparison backend\\n\"\n"
"kernel 2 (localhost):"
"\"\"\n"
"kernel 2 (localhost):"
"\"EXACT_POLYNOMIAL_ACCEPTED \"InputForm[{28, CutIntegral[\"R09\", {1, 1, 1, 1}]}]\" seconds \"0.364444`6.013175798140589\" bytes \"1721320\n"
"kernel 2 (localhost):"
"\"REAL_MASTER_COEFFICIENT \"\"Hgg\"\" \"28\" \"InputForm[CutIntegral[\"R10\", {1, 1, 1, 1}]]\n"
"kernel 2 (localhost):"
"\"EXACT_POLYNOMIAL_BACKEND_START \"InputForm[{28, CutIntegral[\"R10\", {1, 1, 1, 1}]}]\" terms \"8\" bytes \"91045\n"
"kernel 2 (localhost):"
"\"EXACT_POLYNOMIAL_SUM production_sum 8 8 0.021\\nPASS: exact polynomial comparison backend\\n\"\n"
"kernel 2 (localhost):"
"\"\"\n"
"kernel 2 (localhost):"
"\"EXACT_POLYNOMIAL_ACCEPTED \"InputForm[{28, CutIntegral[\"R10\", {1, 1, 1, 1}]}]\" seconds \"0.429903`6.084915469268711\" bytes \"702776\n"
"kernel 2 (localhost):"
"\"PASS: \"\"complete linear reduced coefficient reconstruction\"\n"
"kernel 2 (localhost):"
"\"PASS: \"\"reduced coefficients are scalar rational expressions\"\n"
"kernel 1 (localhost):"
"\"EXACT_POLYNOMIAL_SUM production_sum 16 411 9.016\\nEXACT_POLYNOMIAL_SUM production_sum 32 411 10.148\\nEXACT_POLYNOMIAL_SUM production_sum 48 411 11.284\\nEXACT_POLYNOMIAL_SUM production_sum 64 411 12.506\\nEXACT_POLYNOMIAL_SUM production_sum 80 411 13.821\\nEXACT_POLYNOMIAL_SUM production_sum 96 411 14.958\\nEXACT_POLYNOMIAL_SUM production_sum 112 411 16.196\\nEXACT_POLYNOMIAL_SUM production_sum 128 411 17.421\\nEXACT_POLYNOMIAL_SUM production_sum 144 411 18.682\\nEXACT_POLYNOMIAL_SUM production_sum 160 411 19.922\\nEXACT_POLYNOMIAL_SUM production_sum 176 411 21.055\\nEXACT_POLYNOMIAL_SUM production_sum 192 411 22.349\\nEXACT_POLYNOMIAL_SUM production_sum 208 411 23.507\\nEXACT_POLYNOMIAL_SUM production_sum 224 411 24.687\\nEXACT_POLYNOMIAL_SUM production_sum 240 411 25.629\\nEXACT_POLYNOMIAL_SUM production_sum 256 411 26.352\\nEXACT_POLYNOMIAL_SUM production_sum 272 411 26.981\\nEXACT_POLYNOMIAL_SUM production_sum 288 411 27.743\\nEXACT_POLYNOMIAL_SUM production_sum 304 411 28.506\\nEXACT_POLYNOMIAL_SUM production_sum 320 411 29.3\\nEXACT_POLYNOMIAL_SUM production_sum 336 411 30.137\\nEXACT_POLYNOMIAL_SUM production_sum 352 411 30.908\\nEXACT_POLYNOMIAL_SUM production_sum 368 411 31.691\\nEXACT_POLYNOMIAL_SUM production_sum 384 411 32.657\\nEXACT_POLYNOMIAL_SUM production_sum 400 411 33.464\\nEXACT_POLYNOMIAL_SUM production_sum 411 411 33.847\\nPASS: exact polynomial comparison backend\\n\"\n"
"kernel 1 (localhost):"
"\"\"\n"
"kernel 1 (localhost):"
"\"PASS: \"\"exact production backend completed\"\n"
"kernel 1 (localhost):"
"\"PASS: \"\"exact production backend input and source\"\n"
"kernel 1 (localhost):"
"\"PASS: \"\"complete production termwise reconstruction\"\n"
"kernel 1 (localhost):"
"\"PASS: \"\"exact scalar coefficient import\"\n"
"kernel 1 (localhost):"
"\"EXACT_POLYNOMIAL_ACCEPTED \"InputForm[{29, CutIntegral[\"R01\", {1, 1, 0, 0}]}]\" seconds \"65.318851`8.266583530112525\" bytes \"4088992\n"
"kernel 1 (localhost):"
"\"PASS: \"\"compressed scalar map below file bound\"\n"
"kernel 1 (localhost):"
"\"PASS: \"\"compressed scalar map exact round trip\"\n"
"kernel 1 (localhost):"
"\"PASS: \"\"master coefficient retains exact reconstruction\"\n"
"kernel 1 (localhost):"
"\"REAL_MASTER_COEFFICIENT \"\"Hgg\"\" \"29\" \"InputForm[CutIntegral[\"R01\", {1, 1, 1, 1}]]\n"
"kernel 1 (localhost):"
"\"EXACT_POLYNOMIAL_BACKEND_START \"InputForm[{29, CutIntegral[\"R01\", {1, 1, 1, 1}]}]\" terms \"2\" bytes \"15515\n"
"kernel 1 (localhost):"
"\"EXACT_POLYNOMIAL_SUM production_sum 2 2 0.002\\nPASS: exact polynomial comparison backend\\n\"\n"
"kernel 1 (localhost):"
"\"\"\n"
"kernel 1 (localhost):"
"\"EXACT_POLYNOMIAL_ACCEPTED \"InputForm[{29, CutIntegral[\"R01\", {1, 1, 1, 1}]}]\" seconds \"0.183949`5.716242424719046\" bytes \"86272\n"
"kernel 1 (localhost):"
"\"REAL_MASTER_COEFFICIENT \"\"Hgg\"\" \"29\" \"InputForm[CutIntegral[\"R02\", {1, 1, 1, 1}]]\n"
"kernel 1 (localhost):"
"\"EXACT_POLYNOMIAL_BACKEND_START \"InputForm[{29, CutIntegral[\"R02\", {1, 1, 1, 1}]}]\" terms \"8\" bytes \"37973\n"
"kernel 1 (localhost):"
"\"EXACT_POLYNOMIAL_SUM production_sum 8 8 0.008\\nPASS: exact polynomial comparison backend\\n\"\n"
"kernel 1 (localhost):"
"\"\"\n"
"kernel 1 (localhost):"
"\"EXACT_POLYNOMIAL_ACCEPTED \"InputForm[{29, CutIntegral[\"R02\", {1, 1, 1, 1}]}]\" seconds \"0.258651`5.864259155319529\" bytes \"370208\n"
"kernel 1 (localhost):"
"\"REAL_MASTER_COEFFICIENT \"\"Hgg\"\" \"29\" \"InputForm[CutIntegral[\"R03\", {1, 1, 0, 1}]]\n"
"kernel 1 (localhost):"
"\"EXACT_POLYNOMIAL_TRANSFER \"\"production_sum\"\" \"64\"/\"89\n"
"kernel 1 (localhost):"
"\"EXACT_POLYNOMIAL_BACKEND_START \"InputForm[{29, CutIntegral[\"R03\", {1, 1, 0, 1}]}]\" terms \"89\" bytes \"3416776\n"
"kernel 1 (localhost):"
"\"EXACT_POLYNOMIAL_SUM production_sum 16 89 1.618\\nEXACT_POLYNOMIAL_SUM production_sum 32 89 1.77\\nEXACT_POLYNOMIAL_SUM production_sum 48 89 1.934\\nEXACT_POLYNOMIAL_SUM production_sum 64 89 2.077\\nEXACT_POLYNOMIAL_SUM production_sum 80 89 2.207\\nEXACT_POLYNOMIAL_SUM production_sum 89 89 2.249\\nPASS: exact polynomial comparison backend\\n\"\n"
"kernel 1 (localhost):"
"\"\"\n"
"kernel 1 (localhost):"
"\"EXACT_POLYNOMIAL_ACCEPTED \"InputForm[{29, CutIntegral[\"R03\", {1, 1, 0, 1}]}]\" seconds \"9.266123`7.418443054295845\" bytes \"3776632\n"
"kernel 1 (localhost):"
"\"REAL_MASTER_COEFFICIENT \"\"Hgg\"\" \"29\" \"InputForm[CutIntegral[\"R03\", {1, 1, 1, 1}]]\n"
"kernel 1 (localhost):"
"\"EXACT_POLYNOMIAL_BACKEND_START \"InputForm[{29, CutIntegral[\"R03\", {1, 1, 1, 1}]}]\" terms \"2\" bytes \"30741\n"
"kernel 1 (localhost):"
"\"EXACT_POLYNOMIAL_SUM production_sum 2 2 0.016\\nPASS: exact polynomial comparison backend\\n\"\n"
"kernel 1 (localhost):"
"\"\"\n"
"kernel 2 (localhost):"
"\"REAL_MAP_ACCEPTED \"\"Hgg\"\" \"28\n"
"kernel 1 (localhost):"
"\"EXACT_POLYNOMIAL_ACCEPTED \"InputForm[{29, CutIntegral[\"R03\", {1, 1, 1, 1}]}]\" seconds \"0.300151`5.928884788110264\" bytes \"791712\n"
"kernel 2 (localhost):"
"\"PASS: \"\"complete reduced output accepted before storage projection\"\n"
"kernel 2 (localhost):"
"\"PASS: \"\"exact downstream coefficient interface\"\n"
"kernel 1 (localhost):"
"\"REAL_MASTER_COEFFICIENT \"\"Hgg\"\" \"29\" \"InputForm[CutIntegral[\"R04\", {1, 1, 1, 1}]]\n"
"kernel 1 (localhost):"
"\"EXACT_POLYNOMIAL_BACKEND_START \"InputForm[{29, CutIntegral[\"R04\", {1, 1, 1, 1}]}]\" terms \"8\" bytes \"48913\n"
"kernel 2 (localhost):"
"\"REAL_MAP \"\"Hgg\"\" \"30\"/\"98\" \"<|\"Sector\" -> \"Real\", \"Kind\" -> \"ExtendedResponse\", \"Index\" -> {3, 3, 4}|>\" kernel \"2\n"
"kernel 2 (localhost):"
"\"PASS: \"\"exact saved raw file\"\n"
"kernel 2 (localhost):"
"\"PASS: \"\"raw reader returns complete original record\"\n"
"kernel 1 (localhost):"
"\"EXACT_POLYNOMIAL_SUM production_sum 8 8 0.01\\nPASS: exact polynomial comparison backend\\n\"\n"
"kernel 2 (localhost):"
"\"PASS: \"\"raw component retains executed reconstruction\"\n"
"kernel 1 (localhost):"
"\"\"\n"
"kernel 1 (localhost):"
"\"EXACT_POLYNOMIAL_ACCEPTED \"InputForm[{29, CutIntegral[\"R04\", {1, 1, 1, 1}]}]\" seconds \"0.304323`5.934879770026371\" bytes \"296936\n"
"kernel 2 (localhost):"
"\"PASS: \"\"known rules end in saved masters\"\n"
"kernel 2 (localhost):"
"\"PASS: \"\"complete linear reduced coefficient reconstruction\"\n"
"kernel 2 (localhost):"
"\"PASS: \"\"reduced coefficients are scalar rational expressions\"\n"
"kernel 2 (localhost):"
"\"PASS: \"\"compressed scalar map below file bound\"\n"
"kernel 2 (localhost):"
"\"PASS: \"\"compressed scalar map exact round trip\"\n"
"kernel 1 (localhost):"
"\"REAL_MASTER_COEFFICIENT \"\"Hgg\"\" \"29\" \"InputForm[CutIntegral[\"R09\", {1, 1, 1, 1}]]\n"
"kernel 2 (localhost):"
"\"REAL_MAP_ACCEPTED \"\"Hgg\"\" \"30\n"
"kernel 2 (localhost):"
"\"PASS: \"\"complete reduced output accepted before storage projection\"\n"
"kernel 2 (localhost):"
"\"PASS: \"\"exact downstream coefficient interface\"\n"
"kernel 1 (localhost):"
"\"EXACT_POLYNOMIAL_BACKEND_START \"InputForm[{29, CutIntegral[\"R09\", {1, 1, 1, 1}]}]\" terms \"2\" bytes \"30749\n"
"kernel 2 (localhost):"
"\"REAL_MAP \"\"Hgg\"\" \"31\"/\"98\" \"<|\"Sector\" -> \"Real\", \"Kind\" -> \"ExtendedResponse\", \"Index\" -> {3, 4, 3}|>\" kernel \"2\n"
"kernel 2 (localhost):"
"\"PASS: \"\"exact saved raw file\"\n"
"kernel 2 (localhost):"
"\"PASS: \"\"raw reader returns complete original record\"\n"
"kernel 2 (localhost):"
"\"PASS: \"\"raw component retains executed reconstruction\"\n"
"kernel 2 (localhost):"
"\"PASS: \"\"known rules end in saved masters\"\n"
"kernel 2 (localhost):"
"\"PASS: \"\"complete linear reduced coefficient reconstruction\"\n"
"kernel 2 (localhost):"
"\"PASS: \"\"reduced coefficients are scalar rational expressions\"\n"
"kernel 2 (localhost):"
"\"PASS: \"\"compressed scalar map below file bound\"\n"
"kernel 2 (localhost):"
"\"PASS: \"\"compressed scalar map exact round trip\"\n"
"kernel 2 (localhost):"
"\"REAL_MAP_ACCEPTED \"\"Hgg\"\" \"31\n"
"kernel 1 (localhost):"
"\"EXACT_POLYNOMIAL_SUM production_sum 2 2 0.019\\nPASS: exact polynomial comparison backend\\n\"\n"
"kernel 2 (localhost):"
"\"PASS: \"\"complete reduced output accepted before storage projection\"\n"
"kernel 1 (localhost):"
"\"\"\n"
"kernel 1 (localhost):"
"\"EXACT_POLYNOMIAL_ACCEPTED \"InputForm[{29, CutIntegral[\"R09\", {1, 1, 1, 1}]}]\" seconds \"0.266455`5.87716886763956\" bytes \"791568\n"
"kernel 2 (localhost):"
"\"PASS: \"\"exact downstream coefficient interface\"\n"
"kernel 2 (localhost):"
"\"REAL_MAP \"\"Hgg\"\" \"32\"/\"98\" \"<|\"Sector\" -> \"Real\", \"Kind\" -> \"ExtendedResponse\", \"Index\" -> {3, 4, 4}|>\" kernel \"2\n"
"kernel 2 (localhost):"
"\"PASS: \"\"exact saved raw file\"\n"
"kernel 1 (localhost):"
"\"REAL_MASTER_COEFFICIENT \"\"Hgg\"\" \"29\" \"InputForm[CutIntegral[\"R10\", {1, 1, 1, 1}]]\n"
"kernel 1 (localhost):"
"\"EXACT_POLYNOMIAL_BACKEND_START \"InputForm[{29, CutIntegral[\"R10\", {1, 1, 1, 1}]}]\" terms \"8\" bytes \"48899\n"
"kernel 1 (localhost):"
"\"EXACT_POLYNOMIAL_SUM production_sum 8 8 0.01\\nPASS: exact polynomial comparison backend\\n\"\n"
"kernel 1 (localhost):"
"\"\"\n"
"kernel 1 (localhost):"
"\"EXACT_POLYNOMIAL_ACCEPTED \"InputForm[{29, CutIntegral[\"R10\", {1, 1, 1, 1}]}]\" seconds \"0.284771`5.90604075380755\" bytes \"296864\n"
"kernel 1 (localhost):"
"\"PASS: \"\"complete linear reduced coefficient reconstruction\"\n"
"kernel 1 (localhost):"
"\"PASS: \"\"reduced coefficients are scalar rational expressions\"\n"
"kernel 2 (localhost):"
"\"PASS: \"\"raw reader returns complete original record\"\n"
"kernel 2 (localhost):"
"\"PASS: \"\"raw component retains executed reconstruction\"\n"
"kernel 2 (localhost):"
"\"PASS: \"\"known rules end in saved masters\"\n"
"kernel 2 (localhost):"
"\"PASS: \"\"exact individual reduction-rule reconstruction\"\n"
"kernel 2 (localhost):"
"\"REAL_MASTER_COEFFICIENT \"\"Hgg\"\" \"32\" \"InputForm[CutIntegral[\"R01\", {1, 1, 0, 0}]]\n"
"kernel 2 (localhost):"
"\"PASS: \"\"exact polynomial transfer supports rational coefficients\"\n"
"kernel 2 (localhost):"
"\"PASS: \"\"unassigned exact polynomial variables\"\n"
"kernel 2 (localhost):"
"\"PASS: \"\"native JSON header shape\"\n"
"kernel 2 (localhost):"
"\"PASS: \"\"complete polynomial variable support\"\n"
"kernel 2 (localhost):"
"\"PASS: \"\"exported polynomial denominator reconstructs\"\n"
"kernel 2 (localhost):"
"\"PASS: \"\"native polynomial text reconstructs\"\n"
"kernel 2 (localhost):"
"\"PASS: \"\"native JSON term reconstructs\"\n"
"kernel 1 (localhost):"
"\"REAL_MAP_ACCEPTED \"\"Hgg\"\" \"29\n"
"kernel 1 (localhost):"
"\"PASS: \"\"complete reduced output accepted before storage projection\"\n"
"kernel 1 (localhost):"
"\"PASS: \"\"exact downstream coefficient interface\"\n"
"kernel 1 (localhost):"
"\"REAL_MAP \"\"Hgg\"\" \"33\"/\"98\" \"<|\"Sector\" -> \"Real\", \"Kind\" -> \"ExtendedResponse\", \"Index\" -> {3, 5, 1}|>\" kernel \"1\n"
"kernel 1 (localhost):"
"\"PASS: \"\"exact saved raw file\"\n"
"kernel 2 (localhost):"
"\"EXACT_POLYNOMIAL_TRANSFER \"\"production_sum\"\" \"64\"/\"307\n"
"kernel 1 (localhost):"
"\"PASS: \"\"raw reader returns complete original record\"\n"
"kernel 1 (localhost):"
"\"PASS: \"\"raw component retains executed reconstruction\"\n"
"kernel 1 (localhost):"
"\"PASS: \"\"known rules end in saved masters\"\n"
"kernel 1 (localhost):"
"\"PASS: \"\"exact individual reduction-rule reconstruction\"\n"
"kernel 1 (localhost):"
"\"REAL_MASTER_COEFFICIENT \"\"Hgg\"\" \"33\" \"InputForm[CutIntegral[\"R01\", {1, 1, 0, 0}]]\n"
"kernel 1 (localhost):"
"\"PASS: \"\"exact polynomial transfer supports rational coefficients\"\n"
"kernel 1 (localhost):"
"\"PASS: \"\"unassigned exact polynomial variables\"\n"
"kernel 1 (localhost):"
"\"PASS: \"\"native JSON header shape\"\n"
"kernel 1 (localhost):"
"\"PASS: \"\"complete polynomial variable support\"\n"
"kernel 1 (localhost):"
"\"PASS: \"\"exported polynomial denominator reconstructs\"\n"
"kernel 1 (localhost):"
"\"PASS: \"\"native polynomial text reconstructs\"\n"
"kernel 1 (localhost):"
"\"PASS: \"\"native JSON term reconstructs\"\n"
"kernel 2 (localhost):"
"\"EXACT_POLYNOMIAL_TRANSFER \"\"production_sum\"\" \"128\"/\"307\n"
"kernel 2 (localhost):"
"\"EXACT_POLYNOMIAL_TRANSFER \"\"production_sum\"\" \"192\"/\"307\n"
"kernel 1 (localhost):"
"\"EXACT_POLYNOMIAL_TRANSFER \"\"production_sum\"\" \"64\"/\"411\n"
"kernel 2 (localhost):"
"\"EXACT_POLYNOMIAL_TRANSFER \"\"production_sum\"\" \"256\"/\"307\n"
"kernel 2 (localhost):"
"\"PASS: \"\"bounded polynomial transfer file\"\n"
"kernel 2 (localhost):"
"\"PASS: \"\"unchanged validated exact backend\"\n"
"kernel 2 (localhost):"
"\"EXACT_POLYNOMIAL_BACKEND_START \"InputForm[{32, CutIntegral[\"R01\", {1, 1, 0, 0}]}]\" terms \"307\" bytes \"13727497\n"
"kernel 1 (localhost):"
"\"EXACT_POLYNOMIAL_TRANSFER \"\"production_sum\"\" \"128\"/\"411\n"
"kernel 1 (localhost):"
"\"EXACT_POLYNOMIAL_TRANSFER \"\"production_sum\"\" \"192\"/\"411\n"
"kernel 2 (localhost):"
"\"EXACT_POLYNOMIAL_SUM production_sum 16 307 5.048\\nEXACT_POLYNOMIAL_SUM production_sum 32 307 5.661\\nEXACT_POLYNOMIAL_SUM production_sum 48 307 6.185\\nEXACT_POLYNOMIAL_SUM production_sum 64 307 6.776\\nEXACT_POLYNOMIAL_SUM production_sum 80 307 7.437\\nEXACT_POLYNOMIAL_SUM production_sum 96 307 7.875\\nEXACT_POLYNOMIAL_SUM production_sum 112 307 8.559\\nEXACT_POLYNOMIAL_SUM production_sum 128 307 9.223\\nEXACT_POLYNOMIAL_SUM production_sum 144 307 9.892\\nEXACT_POLYNOMIAL_SUM production_sum 160 307 10.384\\nEXACT_POLYNOMIAL_SUM production_sum 176 307 10.86\\nEXACT_POLYNOMIAL_SUM production_sum 192 307 11.47\\nEXACT_POLYNOMIAL_SUM production_sum 208 307 11.996\\nEXACT_POLYNOMIAL_SUM production_sum 224 307 12.663\\nEXACT_POLYNOMIAL_SUM production_sum 240 307 13.238\\nEXACT_POLYNOMIAL_SUM production_sum 256 307 13.843\\nEXACT_POLYNOMIAL_SUM production_sum 272 307 14.355\\nEXACT_POLYNOMIAL_SUM production_sum 288 307 14.71\\nEXACT_POLYNOMIAL_SUM production_sum 304 307 14.993\\nEXACT_POLYNOMIAL_SUM production_sum 307 307 15.013\\nPASS: exact polynomial comparison backend\\n\"\n"
"kernel 2 (localhost):"
"\"\"\n"
"kernel 2 (localhost):"
"\"PASS: \"\"exact production backend completed\"\n"
"kernel 2 (localhost):"
"\"PASS: \"\"exact production backend input and source\"\n"
"kernel 2 (localhost):"
"\"PASS: \"\"complete production termwise reconstruction\"\n"
"kernel 2 (localhost):"
"\"PASS: \"\"exact scalar coefficient import\"\n"
"kernel 2 (localhost):"
"\"EXACT_POLYNOMIAL_ACCEPTED \"InputForm[{32, CutIntegral[\"R01\", {1, 1, 0, 0}]}]\" seconds \"37.389893`8.024299215815848\" bytes \"4129712\n"
"kernel 2 (localhost):"
"\"PASS: \"\"compressed scalar map below file bound\"\n"
"kernel 2 (localhost):"
"\"PASS: \"\"compressed scalar map exact round trip\"\n"
"kernel 2 (localhost):"
"\"PASS: \"\"master coefficient retains exact reconstruction\"\n"
"kernel 2 (localhost):"
"\"REAL_MASTER_COEFFICIENT \"\"Hgg\"\" \"32\" \"InputForm[CutIntegral[\"R01\", {1, 1, 1, 1}]]\n"
"kernel 2 (localhost):"
"\"EXACT_POLYNOMIAL_BACKEND_START \"InputForm[{32, CutIntegral[\"R01\", {1, 1, 1, 1}]}]\" terms \"2\" bytes \"10089\n"
"kernel 2 (localhost):"
"\"EXACT_POLYNOMIAL_SUM production_sum 2 2 0.001\\nPASS: exact polynomial comparison backend\\n\"\n"
"kernel 2 (localhost):"
"\"\"\n"
"kernel 2 (localhost):"
"\"EXACT_POLYNOMIAL_ACCEPTED \"InputForm[{32, CutIntegral[\"R01\", {1, 1, 1, 1}]}]\" seconds \"0.165087`5.669257868996483\" bytes \"54504\n"
"kernel 2 (localhost):"
"\"REAL_MASTER_COEFFICIENT \"\"Hgg\"\" \"32\" \"InputForm[CutIntegral[\"R02\", {1, 1, 1, 1}]]\n"
"kernel 2 (localhost):"
"\"EXACT_POLYNOMIAL_BACKEND_START \"InputForm[{32, CutIntegral[\"R02\", {1, 1, 1, 1}]}]\" terms \"8\" bytes \"122569\n"
"kernel 2 (localhost):"
"\"EXACT_POLYNOMIAL_SUM production_sum 8 8 0.02\\nPASS: exact polynomial comparison backend\\n\"\n"
"kernel 2 (localhost):"
"\"\"\n"
"kernel 2 (localhost):"
"\"EXACT_POLYNOMIAL_ACCEPTED \"InputForm[{32, CutIntegral[\"R02\", {1, 1, 1, 1}]}]\" seconds \"0.409416`6.06370980440656\" bytes \"1031880\n"
"kernel 2 (localhost):"
"\"REAL_MASTER_COEFFICIENT \"\"Hgg\"\" \"32\" \"InputForm[CutIntegral[\"R03\", {1, 1, 0, 1}]]\n"
"kernel 1 (localhost):"
"\"EXACT_POLYNOMIAL_TRANSFER \"\"production_sum\"\" \"256\"/\"411\n"
"kernel 1 (localhost):"
"\"EXACT_POLYNOMIAL_TRANSFER \"\"production_sum\"\" \"320\"/\"411\n"
"kernel 2 (localhost):"
"\"EXACT_POLYNOMIAL_TRANSFER \"\"production_sum\"\" \"64\"/\"77\n"
"kernel 2 (localhost):"
"\"EXACT_POLYNOMIAL_BACKEND_START \"InputForm[{32, CutIntegral[\"R03\", {1, 1, 0, 1}]}]\" terms \"77\" bytes \"2373643\n"
"kernel 1 (localhost):"
"\"EXACT_POLYNOMIAL_TRANSFER \"\"production_sum\"\" \"384\"/\"411\n"
"kernel 1 (localhost):"
"\"PASS: \"\"bounded polynomial transfer file\"\n"
"kernel 1 (localhost):"
"\"PASS: \"\"unchanged validated exact backend\"\n"
"kernel 1 (localhost):"
"\"EXACT_POLYNOMIAL_BACKEND_START \"InputForm[{33, CutIntegral[\"R01\", {1, 1, 0, 0}]}]\" terms \"411\" bytes \"20338330\n"
"kernel 2 (localhost):"
"\"EXACT_POLYNOMIAL_SUM production_sum 16 77 1.176\\nEXACT_POLYNOMIAL_SUM production_sum 32 77 1.315\\nEXACT_POLYNOMIAL_SUM production_sum 48 77 1.476\\nEXACT_POLYNOMIAL_SUM production_sum 64 77 1.586\\nEXACT_POLYNOMIAL_SUM production_sum 77 77 1.691\\nPASS: exact polynomial comparison backend\\n\"\n"
"kernel 2 (localhost):"
"\"\"\n"
"kernel 2 (localhost):"
"\"EXACT_POLYNOMIAL_ACCEPTED \"InputForm[{32, CutIntegral[\"R03\", {1, 1, 0, 1}]}]\" seconds \"6.497128`7.264266416386644\" bytes \"5571112\n"
"kernel 2 (localhost):"
"\"REAL_MASTER_COEFFICIENT \"\"Hgg\"\" \"32\" \"InputForm[CutIntegral[\"R03\", {1, 1, 1, 1}]]\n"
"kernel 2 (localhost):"
"\"EXACT_POLYNOMIAL_BACKEND_START \"InputForm[{32, CutIntegral[\"R03\", {1, 1, 1, 1}]}]\" terms \"2\" bytes \"33693\n"
"kernel 2 (localhost):"
"\"EXACT_POLYNOMIAL_SUM production_sum 2 2 0.016\\nPASS: exact polynomial comparison backend\\n\"\n"
"kernel 2 (localhost):"
"\"\"\n"
"kernel 2 (localhost):"
"\"EXACT_POLYNOMIAL_ACCEPTED \"InputForm[{32, CutIntegral[\"R03\", {1, 1, 1, 1}]}]\" seconds \"0.259471`5.865633819095599\" bytes \"828784\n"
"kernel 2 (localhost):"
"\"REAL_MASTER_COEFFICIENT \"\"Hgg\"\" \"32\" \"InputForm[CutIntegral[\"R04\", {1, 1, 1, 1}]]\n"
"kernel 2 (localhost):"
"\"EXACT_POLYNOMIAL_BACKEND_START \"InputForm[{32, CutIntegral[\"R04\", {1, 1, 1, 1}]}]\" terms \"8\" bytes \"62297\n"
"kernel 2 (localhost):"
"\"EXACT_POLYNOMIAL_SUM production_sum 8 8 0.012\\nPASS: exact polynomial comparison backend\\n\"\n"
"kernel 2 (localhost):"
"\"\"\n"
"kernel 2 (localhost):"
"\"EXACT_POLYNOMIAL_ACCEPTED \"InputForm[{32, CutIntegral[\"R04\", {1, 1, 1, 1}]}]\" seconds \"0.306896`5.938536221487103\" bytes \"458800\n"
"kernel 2 (localhost):"
"\"REAL_MASTER_COEFFICIENT \"\"Hgg\"\" \"32\" \"InputForm[CutIntegral[\"R09\", {1, 1, 1, 1}]]\n"
"kernel 2 (localhost):"
"\"EXACT_POLYNOMIAL_BACKEND_START \"InputForm[{32, CutIntegral[\"R09\", {1, 1, 1, 1}]}]\" terms \"2\" bytes \"33683\n"
"kernel 2 (localhost):"
"\"EXACT_POLYNOMIAL_SUM production_sum 2 2 0.016\\nPASS: exact polynomial comparison backend\\n\"\n"
"kernel 2 (localhost):"
"\"\"\n"
"kernel 2 (localhost):"
"\"EXACT_POLYNOMIAL_ACCEPTED \"InputForm[{32, CutIntegral[\"R09\", {1, 1, 1, 1}]}]\" seconds \"0.26975`5.882506446850921\" bytes \"828712\n"
"kernel 2 (localhost):"
"\"REAL_MASTER_COEFFICIENT \"\"Hgg\"\" \"32\" \"InputForm[CutIntegral[\"R10\", {1, 1, 1, 1}]]\n"
"kernel 2 (localhost):"
"\"EXACT_POLYNOMIAL_BACKEND_START \"InputForm[{32, CutIntegral[\"R10\", {1, 1, 1, 1}]}]\" terms \"8\" bytes \"62301\n"
"kernel 2 (localhost):"
"\"EXACT_POLYNOMIAL_SUM production_sum 8 8 0.013\\nPASS: exact polynomial comparison backend\\n\"\n"
"kernel 2 (localhost):"
"\"\"\n"
"kernel 2 (localhost):"
"\"EXACT_POLYNOMIAL_ACCEPTED \"InputForm[{32, CutIntegral[\"R10\", {1, 1, 1, 1}]}]\" seconds \"0.319589`5.9561368163234265\" bytes \"458872\n"
"kernel 2 (localhost):"
"\"PASS: \"\"complete linear reduced coefficient reconstruction\"\n"
"kernel 2 (localhost):"
"\"PASS: \"\"reduced coefficients are scalar rational expressions\"\n"
"kernel 2 (localhost):"
"\"REAL_MAP_ACCEPTED \"\"Hgg\"\" \"32\n"
"kernel 2 (localhost):"
"\"PASS: \"\"complete reduced output accepted before storage projection\"\n"
"kernel 2 (localhost):"
"\"PASS: \"\"exact downstream coefficient interface\"\n"
"kernel 2 (localhost):"
"\"REAL_MAP \"\"Hgg\"\" \"34\"/\"98\" \"<|\"Sector\" -> \"Real\", \"Kind\" -> \"ExtendedResponse\", \"Index\" -> {3, 5, 2}|>\" kernel \"2\n"
"kernel 2 (localhost):"
"\"PASS: \"\"exact saved raw file\"\n"
"kernel 2 (localhost):"
"\"PASS: \"\"raw reader returns complete original record\"\n"
"kernel 2 (localhost):"
"\"PASS: \"\"raw component retains executed reconstruction\"\n"
"kernel 2 (localhost):"
"\"PASS: \"\"known rules end in saved masters\"\n"
"kernel 2 (localhost):"
"\"PASS: \"\"exact individual reduction-rule reconstruction\"\n"
"kernel 2 (localhost):"
"\"REAL_MASTER_COEFFICIENT \"\"Hgg\"\" \"34\" \"InputForm[CutIntegral[\"R01\", {1, 1, 0, 0}]]\n"
"kernel 2 (localhost):"
"\"PASS: \"\"exact polynomial transfer supports rational coefficients\"\n"
"kernel 2 (localhost):"
"\"PASS: \"\"unassigned exact polynomial variables\"\n"
"kernel 2 (localhost):"
"\"PASS: \"\"native JSON header shape\"\n"
"kernel 2 (localhost):"
"\"PASS: \"\"complete polynomial variable support\"\n"
"kernel 2 (localhost):"
"\"PASS: \"\"exported polynomial denominator reconstructs\"\n"
"kernel 2 (localhost):"
"\"PASS: \"\"native polynomial text reconstructs\"\n"
"kernel 2 (localhost):"
"\"PASS: \"\"native JSON term reconstructs\"\n"
"kernel 2 (localhost):"
"\"EXACT_POLYNOMIAL_TRANSFER \"\"production_sum\"\" \"64\"/\"411\n"
"kernel 2 (localhost):"
"\"EXACT_POLYNOMIAL_TRANSFER \"\"production_sum\"\" \"128\"/\"411\n"
"kernel 2 (localhost):"
"\"EXACT_POLYNOMIAL_TRANSFER \"\"production_sum\"\" \"192\"/\"411\n"
"kernel 1 (localhost):"
"\"EXACT_POLYNOMIAL_SUM production_sum 16 411 10.474\\nEXACT_POLYNOMIAL_SUM production_sum 32 411 11.775\\nEXACT_POLYNOMIAL_SUM production_sum 48 411 12.869\\nEXACT_POLYNOMIAL_SUM production_sum 64 411 14.187\\nEXACT_POLYNOMIAL_SUM production_sum 80 411 15.337\\nEXACT_POLYNOMIAL_SUM production_sum 96 411 16.627\\nEXACT_POLYNOMIAL_SUM production_sum 112 411 17.826\\nEXACT_POLYNOMIAL_SUM production_sum 128 411 19.058\\nEXACT_POLYNOMIAL_SUM production_sum 144 411 20.314\\nEXACT_POLYNOMIAL_SUM production_sum 160 411 21.563\\nEXACT_POLYNOMIAL_SUM production_sum 176 411 22.873\\nEXACT_POLYNOMIAL_SUM production_sum 192 411 24.036\\nEXACT_POLYNOMIAL_SUM production_sum 208 411 25.354\\nEXACT_POLYNOMIAL_SUM production_sum 224 411 26.561\\nEXACT_POLYNOMIAL_SUM production_sum 240 411 27.356\\nEXACT_POLYNOMIAL_SUM production_sum 256 411 28.073\\nEXACT_POLYNOMIAL_SUM production_sum 272 411 28.776\\nEXACT_POLYNOMIAL_SUM production_sum 288 411 29.553\\nEXACT_POLYNOMIAL_SUM production_sum 304 411 30.499\\nEXACT_POLYNOMIAL_SUM production_sum 320 411 31.263\\nEXACT_POLYNOMIAL_SUM production_sum 336 411 32.084\\nEXACT_POLYNOMIAL_SUM production_sum 352 411 32.951\\nEXACT_POLYNOMIAL_SUM production_sum 368 411 33.714\\nEXACT_POLYNOMIAL_SUM production_sum 384 411 34.371\\nEXACT_POLYNOMIAL_SUM production_sum 400 411 35.045\\nEXACT_POLYNOMIAL_SUM production_sum 411 411 35.468\\nPASS: exact polynomial comparison backend\\n\"\n"
"kernel 1 (localhost):"
"\"\"\n"
"kernel 1 (localhost):"
"\"PASS: \"\"exact production backend completed\"\n"
"kernel 1 (localhost):"
"\"PASS: \"\"exact production backend input and source\"\n"
"kernel 1 (localhost):"
"\"PASS: \"\"complete production termwise reconstruction\"\n"
"kernel 1 (localhost):"
"\"PASS: \"\"exact scalar coefficient import\"\n"
"kernel 1 (localhost):"
"\"EXACT_POLYNOMIAL_ACCEPTED \"InputForm[{33, CutIntegral[\"R01\", {1, 1, 0, 0}]}]\" seconds \"72.843155`8.313933741291793\" bytes \"5694144\n"
"kernel 1 (localhost):"
"\"PASS: \"\"compressed scalar map below file bound\"\n"
"kernel 1 (localhost):"
"\"PASS: \"\"compressed scalar map exact round trip\"\n"
"kernel 1 (localhost):"
"\"PASS: \"\"master coefficient retains exact reconstruction\"\n"
"kernel 1 (localhost):"
"\"REAL_MASTER_COEFFICIENT \"\"Hgg\"\" \"33\" \"InputForm[CutIntegral[\"R01\", {1, 1, 1, 1}]]\n"
"kernel 1 (localhost):"
"\"EXACT_POLYNOMIAL_BACKEND_START \"InputForm[{33, CutIntegral[\"R01\", {1, 1, 1, 1}]}]\" terms \"2\" bytes \"8675\n"
"kernel 1 (localhost):"
"\"EXACT_POLYNOMIAL_SUM production_sum 2 2 0.002\\nPASS: exact polynomial comparison backend\\n\"\n"
"kernel 1 (localhost):"
"\"\"\n"
"kernel 1 (localhost):"
"\"EXACT_POLYNOMIAL_ACCEPTED \"InputForm[{33, CutIntegral[\"R01\", {1, 1, 1, 1}]}]\" seconds \"0.168566`5.678314974808143\" bytes \"101792\n"
"kernel 1 (localhost):"
"\"REAL_MASTER_COEFFICIENT \"\"Hgg\"\" \"33\" \"InputForm[CutIntegral[\"R02\", {1, 1, 1, 1}]]\n"
"kernel 1 (localhost):"
"\"EXACT_POLYNOMIAL_BACKEND_START \"InputForm[{33, CutIntegral[\"R02\", {1, 1, 1, 1}]}]\" terms \"8\" bytes \"174067\n"
"kernel 1 (localhost):"
"\"EXACT_POLYNOMIAL_SUM production_sum 8 8 0.038\\nPASS: exact polynomial comparison backend\\n\"\n"
"kernel 1 (localhost):"
"\"\"\n"
"kernel 1 (localhost):"
"\"EXACT_POLYNOMIAL_ACCEPTED \"InputForm[{33, CutIntegral[\"R02\", {1, 1, 1, 1}]}]\" seconds \"0.557861`6.198070994489013\" bytes \"1297696\n"
"kernel 1 (localhost):"
"\"REAL_MASTER_COEFFICIENT \"\"Hgg\"\" \"33\" \"InputForm[CutIntegral[\"R03\", {1, 1, 0, 1}]]\n"
"kernel 2 (localhost):"
"\"EXACT_POLYNOMIAL_TRANSFER \"\"production_sum\"\" \"256\"/\"411\n"
"kernel 1 (localhost):"
"\"EXACT_POLYNOMIAL_TRANSFER \"\"production_sum\"\" \"64\"/\"89\n"
"kernel 2 (localhost):"
"\"EXACT_POLYNOMIAL_TRANSFER \"\"production_sum\"\" \"320\"/\"411\n"
"kernel 1 (localhost):"
"\"EXACT_POLYNOMIAL_BACKEND_START \"InputForm[{33, CutIntegral[\"R03\", {1, 1, 0, 1}]}]\" terms \"89\" bytes \"3848725\n"
"kernel 2 (localhost):"
"\"EXACT_POLYNOMIAL_TRANSFER \"\"production_sum\"\" \"384\"/\"411\n"
"kernel 2 (localhost):"
"\"PASS: \"\"bounded polynomial transfer file\"\n"
"kernel 2 (localhost):"
"\"PASS: \"\"unchanged validated exact backend\"\n"
"kernel 2 (localhost):"
"\"EXACT_POLYNOMIAL_BACKEND_START \"InputForm[{34, CutIntegral[\"R01\", {1, 1, 0, 0}]}]\" terms \"411\" bytes \"20154009\n"
"kernel 1 (localhost):"
"\"EXACT_POLYNOMIAL_SUM production_sum 16 89 2.398\\nEXACT_POLYNOMIAL_SUM production_sum 32 89 2.618\\nEXACT_POLYNOMIAL_SUM production_sum 48 89 2.813\\nEXACT_POLYNOMIAL_SUM production_sum 64 89 3.027\\nEXACT_POLYNOMIAL_SUM production_sum 80 89 3.184\\nEXACT_POLYNOMIAL_SUM production_sum 89 89 3.241\\nPASS: exact polynomial comparison backend\\n\"\n"
"kernel 1 (localhost):"
"\"\"\n"
"kernel 1 (localhost):"
"\"EXACT_POLYNOMIAL_ACCEPTED \"InputForm[{33, CutIntegral[\"R03\", {1, 1, 0, 1}]}]\" seconds \"11.58443`7.515419663132996\" bytes \"6331208\n"
"kernel 1 (localhost):"
"\"REAL_MASTER_COEFFICIENT \"\"Hgg\"\" \"33\" \"InputForm[CutIntegral[\"R03\", {1, 1, 1, 1}]]\n"
"kernel 1 (localhost):"
"\"EXACT_POLYNOMIAL_BACKEND_START \"InputForm[{33, CutIntegral[\"R03\", {1, 1, 1, 1}]}]\" terms \"2\" bytes \"40075\n"
"kernel 1 (localhost):"
"\"EXACT_POLYNOMIAL_SUM production_sum 2 2 0.029\\nPASS: exact polynomial comparison backend\\n\"\n"
"kernel 1 (localhost):"
"\"\"\n"
"kernel 1 (localhost):"
"\"EXACT_POLYNOMIAL_ACCEPTED \"InputForm[{33, CutIntegral[\"R03\", {1, 1, 1, 1}]}]\" seconds \"0.331062`5.9714543278650405\" bytes \"1706568\n"
"kernel 1 (localhost):"
"\"REAL_MASTER_COEFFICIENT \"\"Hgg\"\" \"33\" \"InputForm[CutIntegral[\"R04\", {1, 1, 1, 1}]]\n"
"kernel 1 (localhost):"
"\"EXACT_POLYNOMIAL_BACKEND_START \"InputForm[{33, CutIntegral[\"R04\", {1, 1, 1, 1}]}]\" terms \"8\" bytes \"118285\n"
"kernel 1 (localhost):"
"\"EXACT_POLYNOMIAL_SUM production_sum 8 8 0.035\\nPASS: exact polynomial comparison backend\\n\"\n"
"kernel 1 (localhost):"
"\"\"\n"
"kernel 1 (localhost):"
"\"EXACT_POLYNOMIAL_ACCEPTED \"InputForm[{33, CutIntegral[\"R04\", {1, 1, 1, 1}]}]\" seconds \"0.458566`6.112946844675378\" bytes \"874640\n"
"kernel 1 (localhost):"
"\"REAL_MASTER_COEFFICIENT \"\"Hgg\"\" \"33\" \"InputForm[CutIntegral[\"R09\", {1, 1, 1, 1}]]\n"
"kernel 1 (localhost):"
"\"EXACT_POLYNOMIAL_BACKEND_START \"InputForm[{33, CutIntegral[\"R09\", {1, 1, 1, 1}]}]\" terms \"2\" bytes \"58271\n"
"kernel 1 (localhost):"
"\"EXACT_POLYNOMIAL_SUM production_sum 2 2 0.035\\nPASS: exact polynomial comparison backend\\n\"\n"
"kernel 1 (localhost):"
"\"\"\n"
"kernel 1 (localhost):"
"\"EXACT_POLYNOMIAL_ACCEPTED \"InputForm[{33, CutIntegral[\"R09\", {1, 1, 1, 1}]}]\" seconds \"0.390225`6.0428600827837124\" bytes \"1814248\n"
"kernel 1 (localhost):"
"\"REAL_MASTER_COEFFICIENT \"\"Hgg\"\" \"33\" \"InputForm[CutIntegral[\"R10\", {1, 1, 1, 1}]]\n"
"kernel 1 (localhost):"
"\"EXACT_POLYNOMIAL_BACKEND_START \"InputForm[{33, CutIntegral[\"R10\", {1, 1, 1, 1}]}]\" terms \"8\" bytes \"112523\n"
"kernel 1 (localhost):"
"\"EXACT_POLYNOMIAL_SUM production_sum 8 8 0.025\\nPASS: exact polynomial comparison backend\\n\"\n"
"kernel 1 (localhost):"
"\"\"\n"
"kernel 1 (localhost):"
"\"EXACT_POLYNOMIAL_ACCEPTED \"InputForm[{33, CutIntegral[\"R10\", {1, 1, 1, 1}]}]\" seconds \"0.43919`6.094197436517558\" bytes \"878944\n"
"kernel 1 (localhost):"
"\"PASS: \"\"complete linear reduced coefficient reconstruction\"\n"
"kernel 1 (localhost):"
"\"PASS: \"\"reduced coefficients are scalar rational expressions\"\n"
"kernel 1 (localhost):"
"\"REAL_MAP_ACCEPTED \"\"Hgg\"\" \"33\n"
"kernel 1 (localhost):"
"\"PASS: \"\"complete reduced output accepted before storage projection\"\n"
"kernel 1 (localhost):"
"\"PASS: \"\"exact downstream coefficient interface\"\n"
"kernel 1 (localhost):"
"\"REAL_MAP \"\"Hgg\"\" \"35\"/\"98\" \"<|\"Sector\" -> \"Real\", \"Kind\" -> \"ExtendedResponse\", \"Index\" -> {3, 5, 5}|>\" kernel \"1\n"
"kernel 1 (localhost):"
"\"PASS: \"\"exact saved raw file\"\n"
"kernel 1 (localhost):"
"\"PASS: \"\"raw reader returns complete original record\"\n"
"kernel 1 (localhost):"
"\"PASS: \"\"raw component retains executed reconstruction\"\n"
"kernel 1 (localhost):"
"\"PASS: \"\"known rules end in saved masters\"\n"
"kernel 1 (localhost):"
"\"PASS: \"\"exact individual reduction-rule reconstruction\"\n"
"kernel 1 (localhost):"
"\"REAL_MASTER_COEFFICIENT \"\"Hgg\"\" \"35\" \"InputForm[CutIntegral[\"R01\", {1, 1, 0, 0}]]\n"
"kernel 1 (localhost):"
"\"PASS: \"\"exact polynomial transfer supports rational coefficients\"\n"
"kernel 1 (localhost):"
"\"PASS: \"\"unassigned exact polynomial variables\"\n"
"kernel 1 (localhost):"
"\"PASS: \"\"native JSON header shape\"\n"
"kernel 1 (localhost):"
"\"PASS: \"\"complete polynomial variable support\"\n"
"kernel 1 (localhost):"
"\"PASS: \"\"exported polynomial denominator reconstructs\"\n"
"kernel 1 (localhost):"
"\"PASS: \"\"native polynomial text reconstructs\"\n"
"kernel 1 (localhost):"
"\"PASS: \"\"native JSON term reconstructs\"\n"
"kernel 1 (localhost):"
"\"EXACT_POLYNOMIAL_TRANSFER \"\"production_sum\"\" \"64\"/\"411\n"
"kernel 1 (localhost):"
"\"EXACT_POLYNOMIAL_TRANSFER \"\"production_sum\"\" \"128\"/\"411\n"
"kernel 1 (localhost):"
"\"EXACT_POLYNOMIAL_TRANSFER \"\"production_sum\"\" \"192\"/\"411\n"
"kernel 1 (localhost):"
"\"EXACT_POLYNOMIAL_TRANSFER \"\"production_sum\"\" \"256\"/\"411\n"
"kernel 2 (localhost):"
"\"EXACT_POLYNOMIAL_SUM production_sum 16 411 10.789\\nEXACT_POLYNOMIAL_SUM production_sum 32 411 12.143\\nEXACT_POLYNOMIAL_SUM production_sum 48 411 13.235\\nEXACT_POLYNOMIAL_SUM production_sum 64 411 14.546\\nEXACT_POLYNOMIAL_SUM production_sum 80 411 15.728\\nEXACT_POLYNOMIAL_SUM production_sum 96 411 17.044\\nEXACT_POLYNOMIAL_SUM production_sum 112 411 18.303\\nEXACT_POLYNOMIAL_SUM production_sum 128 411 19.545\\nEXACT_POLYNOMIAL_SUM production_sum 144 411 20.796\\nEXACT_POLYNOMIAL_SUM production_sum 160 411 21.996\\nEXACT_POLYNOMIAL_SUM production_sum 176 411 23.278\\nEXACT_POLYNOMIAL_SUM production_sum 192 411 24.415\\nEXACT_POLYNOMIAL_SUM production_sum 208 411 25.662\\nEXACT_POLYNOMIAL_SUM production_sum 224 411 26.851\\nEXACT_POLYNOMIAL_SUM production_sum 240 411 27.649\\nEXACT_POLYNOMIAL_SUM production_sum 256 411 28.471\\nEXACT_POLYNOMIAL_SUM production_sum 272 411 29.157\\nEXACT_POLYNOMIAL_SUM production_sum 288 411 29.875\\nEXACT_POLYNOMIAL_SUM production_sum 304 411 30.616\\nEXACT_POLYNOMIAL_SUM production_sum 320 411 31.315\\nEXACT_POLYNOMIAL_SUM production_sum 336 411 32.227\\nEXACT_POLYNOMIAL_SUM production_sum 352 411 33.036\\nEXACT_POLYNOMIAL_SUM production_sum 368 411 33.785\\nEXACT_POLYNOMIAL_SUM production_sum 384 411 34.416\\nEXACT_POLYNOMIAL_SUM production_sum 400 411 35.095\\nEXACT_POLYNOMIAL_SUM production_sum 411 411 35.535\\nPASS: exact polynomial comparison backend\\n\"\n"
"kernel 2 (localhost):"
"\"\"\n"
"kernel 2 (localhost):"
"\"PASS: \"\"exact production backend completed\"\n"
"kernel 2 (localhost):"
"\"PASS: \"\"exact production backend input and source\"\n"
"kernel 2 (localhost):"
"\"PASS: \"\"complete production termwise reconstruction\"\n"
"kernel 2 (localhost):"
"\"PASS: \"\"exact scalar coefficient import\"\n"
"kernel 2 (localhost):"
"\"EXACT_POLYNOMIAL_ACCEPTED \"InputForm[{34, CutIntegral[\"R01\", {1, 1, 0, 0}]}]\" seconds \"73.48475`8.317742214511826\" bytes \"5048928\n"
"kernel 2 (localhost):"
"\"PASS: \"\"compressed scalar map below file bound\"\n"
"kernel 2 (localhost):"
"\"PASS: \"\"compressed scalar map exact round trip\"\n"
"kernel 2 (localhost):"
"\"PASS: \"\"master coefficient retains exact reconstruction\"\n"
"kernel 2 (localhost):"
"\"REAL_MASTER_COEFFICIENT \"\"Hgg\"\" \"34\" \"InputForm[CutIntegral[\"R01\", {1, 1, 1, 1}]]\n"
"kernel 2 (localhost):"
"\"EXACT_POLYNOMIAL_BACKEND_START \"InputForm[{34, CutIntegral[\"R01\", {1, 1, 1, 1}]}]\" terms \"2\" bytes \"9505\n"
"kernel 2 (localhost):"
"\"EXACT_POLYNOMIAL_SUM production_sum 2 2 0.002\\nPASS: exact polynomial comparison backend\\n\"\n"
"kernel 2 (localhost):"
"\"\"\n"
"kernel 2 (localhost):"
"\"EXACT_POLYNOMIAL_ACCEPTED \"InputForm[{34, CutIntegral[\"R01\", {1, 1, 1, 1}]}]\" seconds \"0.16968`5.6811756490044765\" bytes \"114360\n"
"kernel 2 (localhost):"
"\"REAL_MASTER_COEFFICIENT \"\"Hgg\"\" \"34\" \"InputForm[CutIntegral[\"R02\", {1, 1, 1, 1}]]\n"
"kernel 1 (localhost):"
"\"EXACT_POLYNOMIAL_TRANSFER \"\"production_sum\"\" \"320\"/\"411\n"
"kernel 2 (localhost):"
"\"EXACT_POLYNOMIAL_BACKEND_START \"InputForm[{34, CutIntegral[\"R02\", {1, 1, 1, 1}]}]\" terms \"8\" bytes \"146363\n"
"kernel 2 (localhost):"
"\"EXACT_POLYNOMIAL_SUM production_sum 8 8 0.03\\nPASS: exact polynomial comparison backend\\n\"\n"
"kernel 2 (localhost):"
"\"\"\n"
"kernel 2 (localhost):"
"\"EXACT_POLYNOMIAL_ACCEPTED \"InputForm[{34, CutIntegral[\"R02\", {1, 1, 1, 1}]}]\" seconds \"0.475564`6.128753964772525\" bytes \"1152376\n"
"kernel 2 (localhost):"
"\"REAL_MASTER_COEFFICIENT \"\"Hgg\"\" \"34\" \"InputForm[CutIntegral[\"R03\", {1, 1, 0, 1}]]\n"
"kernel 1 (localhost):"
"\"EXACT_POLYNOMIAL_TRANSFER \"\"production_sum\"\" \"384\"/\"411\n"
"kernel 1 (localhost):"
"\"PASS: \"\"bounded polynomial transfer file\"\n"
"kernel 1 (localhost):"
"\"PASS: \"\"unchanged validated exact backend\"\n"
"kernel 1 (localhost):"
"\"EXACT_POLYNOMIAL_BACKEND_START \"InputForm[{35, CutIntegral[\"R01\", {1, 1, 0, 0}]}]\" terms \"411\" bytes \"15048087\n"
"kernel 2 (localhost):"
"\"EXACT_POLYNOMIAL_TRANSFER \"\"production_sum\"\" \"64\"/\"89\n"
"kernel 2 (localhost):"
"\"EXACT_POLYNOMIAL_BACKEND_START \"InputForm[{34, CutIntegral[\"R03\", {1, 1, 0, 1}]}]\" terms \"89\" bytes \"3792609\n"
"kernel 2 (localhost):"
"\"EXACT_POLYNOMIAL_SUM production_sum 16 89 2.306\\nEXACT_POLYNOMIAL_SUM production_sum 32 89 2.497\\nEXACT_POLYNOMIAL_SUM production_sum 48 89 2.682\\nEXACT_POLYNOMIAL_SUM production_sum 64 89 2.881\\nEXACT_POLYNOMIAL_SUM production_sum 80 89 3.016\\nEXACT_POLYNOMIAL_SUM production_sum 89 89 3.081\\nPASS: exact polynomial comparison backend\\n\"\n"
"kernel 2 (localhost):"
"\"\"\n"
"kernel 2 (localhost):"
"\"EXACT_POLYNOMIAL_ACCEPTED \"InputForm[{34, CutIntegral[\"R03\", {1, 1, 0, 1}]}]\" seconds \"11.225994`7.501769799260655\" bytes \"5567744\n"
"kernel 2 (localhost):"
"\"REAL_MASTER_COEFFICIENT \"\"Hgg\"\" \"34\" \"InputForm[CutIntegral[\"R03\", {1, 1, 1, 1}]]\n"
"kernel 2 (localhost):"
"\"EXACT_POLYNOMIAL_BACKEND_START \"InputForm[{34, CutIntegral[\"R03\", {1, 1, 1, 1}]}]\" terms \"2\" bytes \"41101\n"
"kernel 2 (localhost):"
"\"EXACT_POLYNOMIAL_SUM production_sum 2 2 0.034\\nPASS: exact polynomial comparison backend\\n\"\n"
"kernel 2 (localhost):"
"\"\"\n"
"kernel 2 (localhost):"
"\"EXACT_POLYNOMIAL_ACCEPTED \"InputForm[{34, CutIntegral[\"R03\", {1, 1, 1, 1}]}]\" seconds \"0.332288`5.973059651272171\" bytes \"1721440\n"
"kernel 2 (localhost):"
"\"REAL_MASTER_COEFFICIENT \"\"Hgg\"\" \"34\" \"InputForm[CutIntegral[\"R04\", {1, 1, 1, 1}]]\n"
"kernel 2 (localhost):"
"\"EXACT_POLYNOMIAL_BACKEND_START \"InputForm[{34, CutIntegral[\"R04\", {1, 1, 1, 1}]}]\" terms \"8\" bytes \"91051\n"
"kernel 2 (localhost):"
"\"EXACT_POLYNOMIAL_SUM production_sum 8 8 0.021\\nPASS: exact polynomial comparison backend\\n\"\n"
"kernel 2 (localhost):"
"\"\"\n"
"kernel 2 (localhost):"
"\"EXACT_POLYNOMIAL_ACCEPTED \"InputForm[{34, CutIntegral[\"R04\", {1, 1, 1, 1}]}]\" seconds \"0.415772`6.070400232087028\" bytes \"702776\n"
"kernel 2 (localhost):"
"\"REAL_MASTER_COEFFICIENT \"\"Hgg\"\" \"34\" \"InputForm[CutIntegral[\"R09\", {1, 1, 1, 1}]]\n"
"kernel 2 (localhost):"
"\"EXACT_POLYNOMIAL_BACKEND_START \"InputForm[{34, CutIntegral[\"R09\", {1, 1, 1, 1}]}]\" terms \"2\" bytes \"48395\n"
"kernel 2 (localhost):"
"\"EXACT_POLYNOMIAL_SUM production_sum 2 2 0.028\\nPASS: exact polynomial comparison backend\\n\"\n"
"kernel 2 (localhost):"
"\"\"\n"
"kernel 2 (localhost):"
"\"EXACT_POLYNOMIAL_ACCEPTED \"InputForm[{34, CutIntegral[\"R09\", {1, 1, 1, 1}]}]\" seconds \"0.348121`5.993275215886935\" bytes \"1558736\n"
"kernel 2 (localhost):"
"\"REAL_MASTER_COEFFICIENT \"\"Hgg\"\" \"34\" \"InputForm[CutIntegral[\"R10\", {1, 1, 1, 1}]]\n"
"kernel 2 (localhost):"
"\"EXACT_POLYNOMIAL_BACKEND_START \"InputForm[{34, CutIntegral[\"R10\", {1, 1, 1, 1}]}]\" terms \"8\" bytes \"100729\n"
"kernel 2 (localhost):"
"\"EXACT_POLYNOMIAL_SUM production_sum 8 8 0.022\\nPASS: exact polynomial comparison backend\\n\"\n"
"kernel 2 (localhost):"
"\"\"\n"
"kernel 2 (localhost):"
"\"EXACT_POLYNOMIAL_ACCEPTED \"InputForm[{34, CutIntegral[\"R10\", {1, 1, 1, 1}]}]\" seconds \"0.430449`6.085466696717369\" bytes \"769536\n"
"kernel 2 (localhost):"
"\"PASS: \"\"complete linear reduced coefficient reconstruction\"\n"
"kernel 2 (localhost):"
"\"PASS: \"\"reduced coefficients are scalar rational expressions\"\n"
"kernel 2 (localhost):"
"\"REAL_MAP_ACCEPTED \"\"Hgg\"\" \"34\n"
"kernel 2 (localhost):"
"\"PASS: \"\"complete reduced output accepted before storage projection\"\n"
"kernel 2 (localhost):"
"\"PASS: \"\"exact downstream coefficient interface\"\n"
"kernel 2 (localhost):"
"\"REAL_MAP \"\"Hgg\"\" \"36\"/\"98\" \"<|\"Sector\" -> \"Real\", \"Kind\" -> \"ExtendedResponse\", \"Index\" -> {4, 1, 1}|>\" kernel \"2\n"
"kernel 2 (localhost):"
"\"PASS: \"\"exact saved raw file\"\n"
"kernel 2 (localhost):"
"\"PASS: \"\"raw reader returns complete original record\"\n"
"kernel 2 (localhost):"
"\"PASS: \"\"raw component retains executed reconstruction\"\n"
"kernel 2 (localhost):"
"\"PASS: \"\"known rules end in saved masters\"\n"
"kernel 2 (localhost):"
"\"PASS: \"\"exact individual reduction-rule reconstruction\"\n"
"kernel 2 (localhost):"
"\"REAL_MASTER_COEFFICIENT \"\"Hgg\"\" \"36\" \"InputForm[CutIntegral[\"R01\", {1, 1, 0, 0}]]\n"
"kernel 2 (localhost):"
"\"PASS: \"\"exact polynomial transfer supports rational coefficients\"\n"
"kernel 2 (localhost):"
"\"PASS: \"\"unassigned exact polynomial variables\"\n"
"kernel 2 (localhost):"
"\"PASS: \"\"native JSON header shape\"\n"
"kernel 2 (localhost):"
"\"PASS: \"\"complete polynomial variable support\"\n"
"kernel 2 (localhost):"
"\"PASS: \"\"exported polynomial denominator reconstructs\"\n"
"kernel 2 (localhost):"
"\"PASS: \"\"native polynomial text reconstructs\"\n"
"kernel 2 (localhost):"
"\"PASS: \"\"native JSON term reconstructs\"\n"
"kernel 1 (localhost):"
"\"EXACT_POLYNOMIAL_SUM production_sum 16 411 7.208\\nEXACT_POLYNOMIAL_SUM production_sum 32 411 8.159\\nEXACT_POLYNOMIAL_SUM production_sum 48 411 8.998\\nEXACT_POLYNOMIAL_SUM production_sum 64 411 9.943\\nEXACT_POLYNOMIAL_SUM production_sum 80 411 10.902\\nEXACT_POLYNOMIAL_SUM production_sum 96 411 11.773\\nEXACT_POLYNOMIAL_SUM production_sum 112 411 12.733\\nEXACT_POLYNOMIAL_SUM production_sum 128 411 13.647\\nEXACT_POLYNOMIAL_SUM production_sum 144 411 14.623\\nEXACT_POLYNOMIAL_SUM production_sum 160 411 15.549\\nEXACT_POLYNOMIAL_SUM production_sum 176 411 16.413\\nEXACT_POLYNOMIAL_SUM production_sum 192 411 17.427\\nEXACT_POLYNOMIAL_SUM production_sum 208 411 18.374\\nEXACT_POLYNOMIAL_SUM production_sum 224 411 19.186\\nEXACT_POLYNOMIAL_SUM production_sum 240 411 19.792\\nEXACT_POLYNOMIAL_SUM production_sum 256 411 20.313\\nEXACT_POLYNOMIAL_SUM production_sum 272 411 20.806\\nEXACT_POLYNOMIAL_SUM production_sum 288 411 21.374\\nEXACT_POLYNOMIAL_SUM production_sum 304 411 21.839\\nEXACT_POLYNOMIAL_SUM production_sum 320 411 22.352\\nEXACT_POLYNOMIAL_SUM production_sum 336 411 23.0\\nEXACT_POLYNOMIAL_SUM production_sum 352 411 23.656\\nEXACT_POLYNOMIAL_SUM production_sum 368 411 24.299\\nEXACT_POLYNOMIAL_SUM production_sum 384 411 24.918\\nEXACT_POLYNOMIAL_SUM production_sum 400 411 25.527\\nEXACT_POLYNOMIAL_SUM production_sum 411 411 25.876\\nPASS: exact polynomial comparison backend\\n\"\n"
"kernel 1 (localhost):"
"\"\"\n"
"kernel 1 (localhost):"
"\"PASS: \"\"exact production backend completed\"\n"
"kernel 1 (localhost):"
"\"PASS: \"\"exact production backend input and source\"\n"
"kernel 1 (localhost):"
"\"PASS: \"\"complete production termwise reconstruction\"\n"
"kernel 1 (localhost):"
"\"PASS: \"\"exact scalar coefficient import\"\n"
"kernel 1 (localhost):"
"\"EXACT_POLYNOMIAL_ACCEPTED \"InputForm[{35, CutIntegral[\"R01\", {1, 1, 0, 0}]}]\" seconds \"52.887413`8.174897317419804\" bytes \"6110784\n"
"kernel 1 (localhost):"
"\"PASS: \"\"compressed scalar map below file bound\"\n"
"kernel 1 (localhost):"
"\"PASS: \"\"compressed scalar map exact round trip\"\n"
"kernel 1 (localhost):"
"\"PASS: \"\"master coefficient retains exact reconstruction\"\n"
"kernel 1 (localhost):"
"\"REAL_MASTER_COEFFICIENT \"\"Hgg\"\" \"35\" \"InputForm[CutIntegral[\"R01\", {1, 1, 1, 1}]]\n"
"kernel 1 (localhost):"
"\"EXACT_POLYNOMIAL_BACKEND_START \"InputForm[{35, CutIntegral[\"R01\", {1, 1, 1, 1}]}]\" terms \"2\" bytes \"6307\n"
"kernel 1 (localhost):"
"\"EXACT_POLYNOMIAL_SUM production_sum 2 2 0.002\\nPASS: exact polynomial comparison backend\\n\"\n"
"kernel 1 (localhost):"
"\"\"\n"
"kernel 1 (localhost):"
"\"EXACT_POLYNOMIAL_ACCEPTED \"InputForm[{35, CutIntegral[\"R01\", {1, 1, 1, 1}]}]\" seconds \"0.16989`5.681712809842165\" bytes \"118848\n"
"kernel 1 (localhost):"
"\"REAL_MASTER_COEFFICIENT \"\"Hgg\"\" \"35\" \"InputForm[CutIntegral[\"R02\", {1, 1, 1, 1}]]\n"
"kernel 1 (localhost):"
"\"EXACT_POLYNOMIAL_BACKEND_START \"InputForm[{35, CutIntegral[\"R02\", {1, 1, 1, 1}]}]\" terms \"8\" bytes \"217151\n"
"kernel 1 (localhost):"
"\"EXACT_POLYNOMIAL_SUM production_sum 8 8 0.043\\nPASS: exact polynomial comparison backend\\n\"\n"
"kernel 1 (localhost):"
"\"\"\n"
"kernel 1 (localhost):"
"\"EXACT_POLYNOMIAL_ACCEPTED \"InputForm[{35, CutIntegral[\"R02\", {1, 1, 1, 1}]}]\" seconds \"0.600547`6.230091995312988\" bytes \"1341352\n"
"kernel 1 (localhost):"
"\"REAL_MASTER_COEFFICIENT \"\"Hgg\"\" \"35\" \"InputForm[CutIntegral[\"R03\", {1, 1, 0, 1}]]\n"
"kernel 1 (localhost):"
"\"EXACT_POLYNOMIAL_TRANSFER \"\"production_sum\"\" \"64\"/\"89\n"
"kernel 1 (localhost):"
"\"EXACT_POLYNOMIAL_BACKEND_START \"InputForm[{35, CutIntegral[\"R03\", {1, 1, 0, 1}]}]\" terms \"89\" bytes \"2787318\n"
"kernel 1 (localhost):"
"\"EXACT_POLYNOMIAL_SUM production_sum 16 89 1.508\\nEXACT_POLYNOMIAL_SUM production_sum 32 89 1.663\\nEXACT_POLYNOMIAL_SUM production_sum 48 89 1.83\\nEXACT_POLYNOMIAL_SUM production_sum 64 89 1.987\\nEXACT_POLYNOMIAL_SUM production_sum 80 89 2.138\\nEXACT_POLYNOMIAL_SUM production_sum 89 89 2.187\\nPASS: exact polynomial comparison backend\\n\"\n"
"kernel 1 (localhost):"
"\"\"\n"
"kernel 1 (localhost):"
"\"EXACT_POLYNOMIAL_ACCEPTED \"InputForm[{35, CutIntegral[\"R03\", {1, 1, 0, 1}]}]\" seconds \"8.358015`7.373648139725856\" bytes \"9220768\n"
"kernel 1 (localhost):"
"\"REAL_MASTER_COEFFICIENT \"\"Hgg\"\" \"35\" \"InputForm[CutIntegral[\"R03\", {1, 1, 1, 1}]]\n"
"kernel 1 (localhost):"
"\"EXACT_POLYNOMIAL_BACKEND_START \"InputForm[{35, CutIntegral[\"R03\", {1, 1, 1, 1}]}]\" terms \"2\" bytes \"51379\n"
"kernel 1 (localhost):"
"\"EXACT_POLYNOMIAL_SUM production_sum 2 2 0.053\\nPASS: exact polynomial comparison backend\\n\"\n"
"kernel 1 (localhost):"
"\"\"\n"
"kernel 1 (localhost):"
"\"EXACT_POLYNOMIAL_ACCEPTED \"InputForm[{35, CutIntegral[\"R03\", {1, 1, 1, 1}]}]\" seconds \"0.3676`6.01692049621005\" bytes \"2075192\n"
"kernel 1 (localhost):"
"\"REAL_MASTER_COEFFICIENT \"\"Hgg\"\" \"35\" \"InputForm[CutIntegral[\"R04\", {1, 1, 1, 1}]]\n"
"kernel 1 (localhost):"
"\"EXACT_POLYNOMIAL_BACKEND_START \"InputForm[{35, CutIntegral[\"R04\", {1, 1, 1, 1}]}]\" terms \"8\" bytes \"139311\n"
"kernel 1 (localhost):"
"\"EXACT_POLYNOMIAL_SUM production_sum 8 8 0.031\\nPASS: exact polynomial comparison backend\\n\"\n"
"kernel 1 (localhost):"
"\"\"\n"
"kernel 1 (localhost):"
"\"EXACT_POLYNOMIAL_ACCEPTED \"InputForm[{35, CutIntegral[\"R04\", {1, 1, 1, 1}]}]\" seconds \"0.468211`6.121986606152567\" bytes \"977784\n"
"kernel 1 (localhost):"
"\"REAL_MASTER_COEFFICIENT \"\"Hgg\"\" \"35\" \"InputForm[CutIntegral[\"R09\", {1, 1, 1, 1}]]\n"
"kernel 1 (localhost):"
"\"EXACT_POLYNOMIAL_BACKEND_START \"InputForm[{35, CutIntegral[\"R09\", {1, 1, 1, 1}]}]\" terms \"2\" bytes \"51377\n"
"kernel 1 (localhost):"
"\"EXACT_POLYNOMIAL_SUM production_sum 2 2 0.036\\nPASS: exact polynomial comparison backend\\n\"\n"
"kernel 1 (localhost):"
"\"\"\n"
"kernel 1 (localhost):"
"\"EXACT_POLYNOMIAL_ACCEPTED \"InputForm[{35, CutIntegral[\"R09\", {1, 1, 1, 1}]}]\" seconds \"0.371355`6.021334269217069\" bytes \"2075312\n"
"kernel 1 (localhost):"
"\"REAL_MASTER_COEFFICIENT \"\"Hgg\"\" \"35\" \"InputForm[CutIntegral[\"R10\", {1, 1, 1, 1}]]\n"
"kernel 1 (localhost):"
"\"EXACT_POLYNOMIAL_BACKEND_START \"InputForm[{35, CutIntegral[\"R10\", {1, 1, 1, 1}]}]\" terms \"8\" bytes \"139299\n"
"kernel 1 (localhost):"
"\"EXACT_POLYNOMIAL_SUM production_sum 8 8 0.03\\nPASS: exact polynomial comparison backend\\n\"\n"
"kernel 1 (localhost):"
"\"\"\n"
"kernel 1 (localhost):"
"\"EXACT_POLYNOMIAL_ACCEPTED \"InputForm[{35, CutIntegral[\"R10\", {1, 1, 1, 1}]}]\" seconds \"0.46903`6.122745615353435\" bytes \"977760\n"
"kernel 1 (localhost):"
"\"PASS: \"\"complete linear reduced coefficient reconstruction\"\n"
"kernel 1 (localhost):"
"\"PASS: \"\"reduced coefficients are scalar rational expressions\"\n"
"kernel 2 (localhost):"
"\"EXACT_POLYNOMIAL_TRANSFER \"\"production_sum\"\" \"64\"/\"411\n"
"kernel 1 (localhost):"
"\"REAL_MAP_ACCEPTED \"\"Hgg\"\" \"35\n"
"kernel 1 (localhost):"
"\"PASS: \"\"complete reduced output accepted before storage projection\"\n"
"kernel 1 (localhost):"
"\"PASS: \"\"exact downstream coefficient interface\"\n"
"kernel 1 (localhost):"
"\"REAL_MAP \"\"Hgg\"\" \"37\"/\"98\" \"<|\"Sector\" -> \"Real\", \"Kind\" -> \"ExtendedResponse\", \"Index\" -> {4, 1, 2}|>\" kernel \"1\n"
"kernel 1 (localhost):"
"\"PASS: \"\"exact saved raw file\"\n"
"kernel 1 (localhost):"
"\"PASS: \"\"raw reader returns complete original record\"\n"
"kernel 1 (localhost):"
"\"PASS: \"\"raw component retains executed reconstruction\"\n"
"kernel 1 (localhost):"
"\"PASS: \"\"known rules end in saved masters\"\n"
"kernel 1 (localhost):"
"\"PASS: \"\"exact individual reduction-rule reconstruction\"\n"
"kernel 1 (localhost):"
"\"REAL_MASTER_COEFFICIENT \"\"Hgg\"\" \"37\" \"InputForm[CutIntegral[\"R01\", {1, 1, 0, 0}]]\n"
"kernel 1 (localhost):"
"\"PASS: \"\"exact polynomial transfer supports rational coefficients\"\n"
"kernel 1 (localhost):"
"\"PASS: \"\"unassigned exact polynomial variables\"\n"
"kernel 1 (localhost):"
"\"PASS: \"\"native JSON header shape\"\n"
"kernel 1 (localhost):"
"\"PASS: \"\"complete polynomial variable support\"\n"
"kernel 1 (localhost):"
"\"PASS: \"\"exported polynomial denominator reconstructs\"\n"
"kernel 1 (localhost):"
"\"PASS: \"\"native polynomial text reconstructs\"\n"
"kernel 1 (localhost):"
"\"PASS: \"\"native JSON term reconstructs\"\n"
"kernel 2 (localhost):"
"\"EXACT_POLYNOMIAL_TRANSFER \"\"production_sum\"\" \"128\"/\"411\n"
"kernel 1 (localhost):"
"\"EXACT_POLYNOMIAL_TRANSFER \"\"production_sum\"\" \"64\"/\"411\n"
"kernel 1 (localhost):"
"\"EXACT_POLYNOMIAL_TRANSFER \"\"production_sum\"\" \"128\"/\"411\n"
"kernel 2 (localhost):"
"\"EXACT_POLYNOMIAL_TRANSFER \"\"production_sum\"\" \"192\"/\"411\n"
"kernel 2 (localhost):"
"\"EXACT_POLYNOMIAL_TRANSFER \"\"production_sum\"\" \"256\"/\"411\n"
"kernel 2 (localhost):"
"\"EXACT_POLYNOMIAL_TRANSFER \"\"production_sum\"\" \"320\"/\"411\n"
"kernel 2 (localhost):"
"\"EXACT_POLYNOMIAL_TRANSFER \"\"production_sum\"\" \"384\"/\"411\n"
"kernel 1 (localhost):"
"\"EXACT_POLYNOMIAL_TRANSFER \"\"production_sum\"\" \"192\"/\"411\n"
"kernel 2 (localhost):"
"\"PASS: \"\"bounded polynomial transfer file\"\n"
"kernel 2 (localhost):"
"\"PASS: \"\"unchanged validated exact backend\"\n"
"kernel 2 (localhost):"
"\"EXACT_POLYNOMIAL_BACKEND_START \"InputForm[{36, CutIntegral[\"R01\", {1, 1, 0, 0}]}]\" terms \"411\" bytes \"41665312\n"
"kernel 1 (localhost):"
"\"EXACT_POLYNOMIAL_TRANSFER \"\"production_sum\"\" \"256\"/\"411\n"
"kernel 1 (localhost):"
"\"EXACT_POLYNOMIAL_TRANSFER \"\"production_sum\"\" \"320\"/\"411\n"
"kernel 1 (localhost):"
"\"EXACT_POLYNOMIAL_TRANSFER \"\"production_sum\"\" \"384\"/\"411\n"
"kernel 1 (localhost):"
"\"PASS: \"\"bounded polynomial transfer file\"\n"
"kernel 1 (localhost):"
"\"PASS: \"\"unchanged validated exact backend\"\n"
"kernel 1 (localhost):"
"\"EXACT_POLYNOMIAL_BACKEND_START \"InputForm[{37, CutIntegral[\"R01\", {1, 1, 0, 0}]}]\" terms \"411\" bytes \"40808500\n"
"kernel 2 (localhost):"
"\"EXACT_POLYNOMIAL_SUM production_sum 16 411 26.899\\nEXACT_POLYNOMIAL_SUM production_sum 32 411 33.941\\nEXACT_POLYNOMIAL_SUM production_sum 48 411 40.833\\nEXACT_POLYNOMIAL_SUM production_sum 64 411 47.619\\nEXACT_POLYNOMIAL_SUM production_sum 80 411 54.502\\nEXACT_POLYNOMIAL_SUM production_sum 96 411 61.417\\nEXACT_POLYNOMIAL_SUM production_sum 112 411 68.45\\nEXACT_POLYNOMIAL_SUM production_sum 128 411 75.406\\nEXACT_POLYNOMIAL_SUM production_sum 144 411 82.775\\nEXACT_POLYNOMIAL_SUM production_sum 160 411 89.195\\nEXACT_POLYNOMIAL_SUM production_sum 176 411 96.096\\nEXACT_POLYNOMIAL_SUM production_sum 192 411 103.629\\nEXACT_POLYNOMIAL_SUM production_sum 208 411 109.844\\nEXACT_POLYNOMIAL_SUM production_sum 224 411 117.137\\nEXACT_POLYNOMIAL_SUM production_sum 240 411 122.05\\nEXACT_POLYNOMIAL_SUM production_sum 256 411 128.068\\nEXACT_POLYNOMIAL_SUM production_sum 272 411 132.707\\nEXACT_POLYNOMIAL_SUM production_sum 288 411 139.505\\nEXACT_POLYNOMIAL_SUM production_sum 304 411 143.447\\nEXACT_POLYNOMIAL_SUM production_sum 320 411 149.16\\nEXACT_POLYNOMIAL_SUM production_sum 336 411 154.029\\nEXACT_POLYNOMIAL_SUM production_sum 352 411 157.984\\nEXACT_POLYNOMIAL_SUM production_sum 368 411 163.018\\nEXACT_POLYNOMIAL_SUM production_sum 384 411 166.724\\nEXACT_POLYNOMIAL_SUM production_sum 400 411 170.995\\nEXACT_POLYNOMIAL_SUM production_sum 411 411 173.973\\nPASS: exact polynomial comparison backend\\n\"\n"
"kernel 2 (localhost):"
"\"\"\n"
"kernel 2 (localhost):"
"\"PASS: \"\"exact production backend completed\"\n"
"kernel 2 (localhost):"
"\"PASS: \"\"exact production backend input and source\"\n"
"kernel 2 (localhost):"
"\"PASS: \"\"complete production termwise reconstruction\"\n"
"kernel 2 (localhost):"
"\"PASS: \"\"exact scalar coefficient import\"\n"
"kernel 2 (localhost):"
"\"EXACT_POLYNOMIAL_ACCEPTED \"InputForm[{36, CutIntegral[\"R01\", {1, 1, 0, 0}]}]\" seconds \"269.210907`8.8816376447164\" bytes \"10319480\n"
"kernel 2 (localhost):"
"\"PASS: \"\"compressed scalar map below file bound\"\n"
"kernel 2 (localhost):"
"\"PASS: \"\"compressed scalar map exact round trip\"\n"
"kernel 2 (localhost):"
"\"PASS: \"\"master coefficient retains exact reconstruction\"\n"
"kernel 2 (localhost):"
"\"REAL_MASTER_COEFFICIENT \"\"Hgg\"\" \"36\" \"InputForm[CutIntegral[\"R01\", {1, 1, 1, 1}]]\n"
"kernel 2 (localhost):"
"\"EXACT_POLYNOMIAL_BACKEND_START \"InputForm[{36, CutIntegral[\"R01\", {1, 1, 1, 1}]}]\" terms \"2\" bytes \"16390\n"
"kernel 2 (localhost):"
"\"EXACT_POLYNOMIAL_SUM production_sum 2 2 0.002\\nPASS: exact polynomial comparison backend\\n\"\n"
"kernel 2 (localhost):"
"\"\"\n"
"kernel 2 (localhost):"
"\"EXACT_POLYNOMIAL_ACCEPTED \"InputForm[{36, CutIntegral[\"R01\", {1, 1, 1, 1}]}]\" seconds \"0.223062`5.799970585313011\" bytes \"100032\n"
"kernel 2 (localhost):"
"\"REAL_MASTER_COEFFICIENT \"\"Hgg\"\" \"36\" \"InputForm[CutIntegral[\"R02\", {1, 1, 1, 1}]]\n"
"kernel 2 (localhost):"
"\"EXACT_POLYNOMIAL_BACKEND_START \"InputForm[{36, CutIntegral[\"R02\", {1, 1, 1, 1}]}]\" terms \"8\" bytes \"98828\n"
"kernel 2 (localhost):"
"\"EXACT_POLYNOMIAL_SUM production_sum 8 8 0.018\\nPASS: exact polynomial comparison backend\\n\"\n"
"kernel 2 (localhost):"
"\"\"\n"
"kernel 2 (localhost):"
"\"EXACT_POLYNOMIAL_ACCEPTED \"InputForm[{36, CutIntegral[\"R02\", {1, 1, 1, 1}]}]\" seconds \"0.472022`6.125507234197733\" bytes \"785160\n"
"kernel 2 (localhost):"
"\"REAL_MASTER_COEFFICIENT \"\"Hgg\"\" \"36\" \"InputForm[CutIntegral[\"R03\", {1, 1, 0, 1}]]\n"
"kernel 1 (localhost):"
"\"EXACT_POLYNOMIAL_SUM production_sum 16 411 27.692\\nEXACT_POLYNOMIAL_SUM production_sum 32 411 33.41\\nEXACT_POLYNOMIAL_SUM production_sum 48 411 40.188\\nEXACT_POLYNOMIAL_SUM production_sum 64 411 47.244\\nEXACT_POLYNOMIAL_SUM production_sum 80 411 54.259\\nEXACT_POLYNOMIAL_SUM production_sum 96 411 61.175\\nEXACT_POLYNOMIAL_SUM production_sum 112 411 68.416\\nEXACT_POLYNOMIAL_SUM production_sum 128 411 74.672\\nEXACT_POLYNOMIAL_SUM production_sum 144 411 81.454\\nEXACT_POLYNOMIAL_SUM production_sum 160 411 88.105\\nEXACT_POLYNOMIAL_SUM production_sum 176 411 95.412\\nEXACT_POLYNOMIAL_SUM production_sum 192 411 102.905\\nEXACT_POLYNOMIAL_SUM production_sum 208 411 109.208\\nEXACT_POLYNOMIAL_SUM production_sum 224 411 115.695\\nEXACT_POLYNOMIAL_SUM production_sum 240 411 119.204\\nEXACT_POLYNOMIAL_SUM production_sum 256 411 125.913\\nEXACT_POLYNOMIAL_SUM production_sum 272 411 129.356\\nEXACT_POLYNOMIAL_SUM production_sum 288 411 135.4\\nEXACT_POLYNOMIAL_SUM production_sum 304 411 140.18\\nEXACT_POLYNOMIAL_SUM production_sum 320 411 144.284\\nEXACT_POLYNOMIAL_SUM production_sum 336 411 149.109\\nEXACT_POLYNOMIAL_SUM production_sum 352 411 155.76\\nEXACT_POLYNOMIAL_SUM production_sum 368 411 159.688\\nEXACT_POLYNOMIAL_SUM production_sum 384 411 163.85\\nEXACT_POLYNOMIAL_SUM production_sum 400 411 169.11\\nEXACT_POLYNOMIAL_SUM production_sum 411 411 171.277\\nPASS: exact polynomial comparison backend\\n\"\n"
"kernel 1 (localhost):"
"\"\"\n"
"kernel 1 (localhost):"
"\"PASS: \"\"exact production backend completed\"\n"
"kernel 1 (localhost):"
"\"PASS: \"\"exact production backend input and source\"\n"
"kernel 1 (localhost):"
"\"PASS: \"\"complete production termwise reconstruction\"\n"
"kernel 1 (localhost):"
"\"PASS: \"\"exact scalar coefficient import\"\n"
"kernel 1 (localhost):"
"\"EXACT_POLYNOMIAL_ACCEPTED \"InputForm[{37, CutIntegral[\"R01\", {1, 1, 0, 0}]}]\" seconds \"263.352111`8.872081797457659\" bytes \"7479448\n"
"kernel 1 (localhost):"
"\"PASS: \"\"compressed scalar map below file bound\"\n"
"kernel 1 (localhost):"
"\"PASS: \"\"compressed scalar map exact round trip\"\n"
"kernel 1 (localhost):"
"\"PASS: \"\"master coefficient retains exact reconstruction\"\n"
"kernel 2 (localhost):"
"\"EXACT_POLYNOMIAL_TRANSFER \"\"production_sum\"\" \"64\"/\"89\n"
"kernel 1 (localhost):"
"\"REAL_MASTER_COEFFICIENT \"\"Hgg\"\" \"37\" \"InputForm[CutIntegral[\"R01\", {1, 1, 1, 1}]]\n"
"kernel 1 (localhost):"
"\"EXACT_POLYNOMIAL_BACKEND_START \"InputForm[{37, CutIntegral[\"R01\", {1, 1, 1, 1}]}]\" terms \"2\" bytes \"15820\n"
"kernel 1 (localhost):"
"\"EXACT_POLYNOMIAL_SUM production_sum 2 2 0.003\\nPASS: exact polynomial comparison backend\\n\"\n"
"kernel 1 (localhost):"
"\"\"\n"
"kernel 1 (localhost):"
"\"EXACT_POLYNOMIAL_ACCEPTED \"InputForm[{37, CutIntegral[\"R01\", {1, 1, 1, 1}]}]\" seconds \"0.189546`5.729259617414019\" bytes \"97008\n"
"kernel 1 (localhost):"
"\"REAL_MASTER_COEFFICIENT \"\"Hgg\"\" \"37\" \"InputForm[CutIntegral[\"R02\", {1, 1, 1, 1}]]\n"
"kernel 1 (localhost):"
"\"EXACT_POLYNOMIAL_BACKEND_START \"InputForm[{37, CutIntegral[\"R02\", {1, 1, 1, 1}]}]\" terms \"8\" bytes \"94970\n"
"kernel 1 (localhost):"
"\"EXACT_POLYNOMIAL_SUM production_sum 8 8 0.02\\nPASS: exact polynomial comparison backend\\n\"\n"
"kernel 1 (localhost):"
"\"\"\n"
"kernel 1 (localhost):"
"\"EXACT_POLYNOMIAL_ACCEPTED \"InputForm[{37, CutIntegral[\"R02\", {1, 1, 1, 1}]}]\" seconds \"0.407519`6.06169285541318\" bytes \"761456\n"
"kernel 1 (localhost):"
"\"REAL_MASTER_COEFFICIENT \"\"Hgg\"\" \"37\" \"InputForm[CutIntegral[\"R03\", {1, 1, 0, 1}]]\n"
"kernel 2 (localhost):"
"\"EXACT_POLYNOMIAL_BACKEND_START \"InputForm[{36, CutIntegral[\"R03\", {1, 1, 0, 1}]}]\" terms \"89\" bytes \"7953024\n"
"kernel 2 (localhost):"
"\"EXACT_POLYNOMIAL_SUM production_sum 16 89 4.968\\nEXACT_POLYNOMIAL_SUM production_sum 32 89 5.6\\nEXACT_POLYNOMIAL_SUM production_sum 48 89 6.12\\nEXACT_POLYNOMIAL_SUM production_sum 64 89 6.763\\nEXACT_POLYNOMIAL_SUM production_sum 80 89 7.09\\nEXACT_POLYNOMIAL_SUM production_sum 89 89 7.282\\nPASS: exact polynomial comparison backend\\n\"\n"
"kernel 2 (localhost):"
"\"\"\n"
"kernel 2 (localhost):"
"\"EXACT_POLYNOMIAL_ACCEPTED \"InputForm[{36, CutIntegral[\"R03\", {1, 1, 0, 1}]}]\" seconds \"29.659112`7.923703137515605\" bytes \"8115352\n"
"kernel 2 (localhost):"
"\"REAL_MASTER_COEFFICIENT \"\"Hgg\"\" \"36\" \"InputForm[CutIntegral[\"R03\", {1, 1, 1, 1}]]\n"
"kernel 2 (localhost):"
"\"EXACT_POLYNOMIAL_BACKEND_START \"InputForm[{36, CutIntegral[\"R03\", {1, 1, 1, 1}]}]\" terms \"2\" bytes \"34620\n"
"kernel 2 (localhost):"
"\"EXACT_POLYNOMIAL_SUM production_sum 2 2 0.015\\nPASS: exact polynomial comparison backend\\n\"\n"
"kernel 2 (localhost):"
"\"\"\n"
"kernel 2 (localhost):"
"\"EXACT_POLYNOMIAL_ACCEPTED \"InputForm[{36, CutIntegral[\"R03\", {1, 1, 1, 1}]}]\" seconds \"0.300786`5.929802611771151\" bytes \"882512\n"
"kernel 2 (localhost):"
"\"REAL_MASTER_COEFFICIENT \"\"Hgg\"\" \"36\" \"InputForm[CutIntegral[\"R04\", {1, 1, 1, 1}]]\n"
"kernel 2 (localhost):"
"\"EXACT_POLYNOMIAL_BACKEND_START \"InputForm[{36, CutIntegral[\"R04\", {1, 1, 1, 1}]}]\" terms \"8\" bytes \"121982\n"
"kernel 2 (localhost):"
"\"EXACT_POLYNOMIAL_SUM production_sum 8 8 0.028\\nPASS: exact polynomial comparison backend\\n\"\n"
"kernel 2 (localhost):"
"\"\"\n"
"kernel 2 (localhost):"
"\"EXACT_POLYNOMIAL_ACCEPTED \"InputForm[{36, CutIntegral[\"R04\", {1, 1, 1, 1}]}]\" seconds \"0.493466`6.144802228473126\" bytes \"843680\n"
"kernel 2 (localhost):"
"\"REAL_MASTER_COEFFICIENT \"\"Hgg\"\" \"36\" \"InputForm[CutIntegral[\"R09\", {1, 1, 1, 1}]]\n"
"kernel 2 (localhost):"
"\"EXACT_POLYNOMIAL_BACKEND_START \"InputForm[{36, CutIntegral[\"R09\", {1, 1, 1, 1}]}]\" terms \"2\" bytes \"51662\n"
"kernel 2 (localhost):"
"\"EXACT_POLYNOMIAL_SUM production_sum 2 2 0.024\\nPASS: exact polynomial comparison backend\\n\"\n"
"kernel 2 (localhost):"
"\"\"\n"
"kernel 2 (localhost):"
"\"EXACT_POLYNOMIAL_ACCEPTED \"InputForm[{36, CutIntegral[\"R09\", {1, 1, 1, 1}]}]\" seconds \"0.386449`6.038637181323342\" bytes \"1256480\n"
"kernel 2 (localhost):"
"\"REAL_MASTER_COEFFICIENT \"\"Hgg\"\" \"36\" \"InputForm[CutIntegral[\"R10\", {1, 1, 1, 1}]]\n"
"kernel 2 (localhost):"
"\"EXACT_POLYNOMIAL_BACKEND_START \"InputForm[{36, CutIntegral[\"R10\", {1, 1, 1, 1}]}]\" terms \"8\" bytes \"68004\n"
"kernel 2 (localhost):"
"\"EXACT_POLYNOMIAL_SUM production_sum 8 8 0.013\\nPASS: exact polynomial comparison backend\\n\"\n"
"kernel 2 (localhost):"
"\"\"\n"
"kernel 2 (localhost):"
"\"EXACT_POLYNOMIAL_ACCEPTED \"InputForm[{36, CutIntegral[\"R10\", {1, 1, 1, 1}]}]\" seconds \"0.36485`6.013659344084659\" bytes \"471752\n"
"kernel 2 (localhost):"
"\"PASS: \"\"complete linear reduced coefficient reconstruction\"\n"
"kernel 2 (localhost):"
"\"PASS: \"\"reduced coefficients are scalar rational expressions\"\n"
"kernel 1 (localhost):"
"\"EXACT_POLYNOMIAL_TRANSFER \"\"production_sum\"\" \"64\"/\"89\n"
"kernel 1 (localhost):"
"\"EXACT_POLYNOMIAL_BACKEND_START \"InputForm[{37, CutIntegral[\"R03\", {1, 1, 0, 1}]}]\" terms \"89\" bytes \"7708718\n"
"kernel 1 (localhost):"
"\"EXACT_POLYNOMIAL_SUM production_sum 16 89 4.696\\nEXACT_POLYNOMIAL_SUM production_sum 32 89 5.239\\nEXACT_POLYNOMIAL_SUM production_sum 48 89 5.808\\nEXACT_POLYNOMIAL_SUM production_sum 64 89 6.354\\nEXACT_POLYNOMIAL_SUM production_sum 80 89 6.698\\nEXACT_POLYNOMIAL_SUM production_sum 89 89 6.878\\nPASS: exact polynomial comparison backend\\n\"\n"
"kernel 1 (localhost):"
"\"\"\n"
"kernel 1 (localhost):"
"\"EXACT_POLYNOMIAL_ACCEPTED \"InputForm[{37, CutIntegral[\"R03\", {1, 1, 0, 1}]}]\" seconds \"27.743854`7.894711783855194\" bytes \"5851816\n"
"kernel 2 (localhost):"
"\"REAL_MAP_ACCEPTED \"\"Hgg\"\" \"36\n"
"kernel 1 (localhost):"
"\"REAL_MASTER_COEFFICIENT \"\"Hgg\"\" \"37\" \"InputForm[CutIntegral[\"R03\", {1, 1, 1, 1}]]\n"
"kernel 2 (localhost):"
"\"PASS: \"\"complete reduced output accepted before storage projection\"\n"
"kernel 2 (localhost):"
"\"PASS: \"\"exact downstream coefficient interface\"\n"
"kernel 1 (localhost):"
"\"EXACT_POLYNOMIAL_BACKEND_START \"InputForm[{37, CutIntegral[\"R03\", {1, 1, 1, 1}]}]\" terms \"2\" bytes \"34082\n"
"kernel 1 (localhost):"
"\"EXACT_POLYNOMIAL_SUM production_sum 2 2 0.016\\nPASS: exact polynomial comparison backend\\n\"\n"
"kernel 1 (localhost):"
"\"\"\n"
"kernel 1 (localhost):"
"\"EXACT_POLYNOMIAL_ACCEPTED \"InputForm[{37, CutIntegral[\"R03\", {1, 1, 1, 1}]}]\" seconds \"0.330969`5.971332311261339\" bytes \"886440\n"
"kernel 2 (localhost):"
"\"REAL_MAP \"\"Hgg\"\" \"38\"/\"98\" \"<|\"Sector\" -> \"Real\", \"Kind\" -> \"ExtendedResponse\", \"Index\" -> {4, 1, 5}|>\" kernel \"2\n"
"kernel 1 (localhost):"
"\"REAL_MASTER_COEFFICIENT \"\"Hgg\"\" \"37\" \"InputForm[CutIntegral[\"R04\", {1, 1, 1, 1}]]\n"
"kernel 2 (localhost):"
"\"PASS: \"\"exact saved raw file\"\n"
"kernel 1 (localhost):"
"\"EXACT_POLYNOMIAL_BACKEND_START \"InputForm[{37, CutIntegral[\"R04\", {1, 1, 1, 1}]}]\" terms \"8\" bytes \"98090\n"
"kernel 1 (localhost):"
"\"EXACT_POLYNOMIAL_SUM production_sum 8 8 0.024\\nPASS: exact polynomial comparison backend\\n\"\n"
"kernel 1 (localhost):"
"\"\"\n"
"kernel 1 (localhost):"
"\"EXACT_POLYNOMIAL_ACCEPTED \"InputForm[{37, CutIntegral[\"R04\", {1, 1, 1, 1}]}]\" seconds \"0.464706`6.118723273356099\" bytes \"730088\n"
"kernel 1 (localhost):"
"\"REAL_MASTER_COEFFICIENT \"\"Hgg\"\" \"37\" \"InputForm[CutIntegral[\"R09\", {1, 1, 1, 1}]]\n"
"kernel 1 (localhost):"
"\"EXACT_POLYNOMIAL_BACKEND_START \"InputForm[{37, CutIntegral[\"R09\", {1, 1, 1, 1}]}]\" terms \"2\" bytes \"46812\n"
"kernel 1 (localhost):"
"\"EXACT_POLYNOMIAL_SUM production_sum 2 2 0.021\\nPASS: exact polynomial comparison backend\\n\"\n"
"kernel 1 (localhost):"
"\"\"\n"
"kernel 1 (localhost):"
"\"EXACT_POLYNOMIAL_ACCEPTED \"InputForm[{37, CutIntegral[\"R09\", {1, 1, 1, 1}]}]\" seconds \"0.367677`6.017011456964234\" bytes \"1161312\n"
"kernel 1 (localhost):"
"\"REAL_MASTER_COEFFICIENT \"\"Hgg\"\" \"37\" \"InputForm[CutIntegral[\"R10\", {1, 1, 1, 1}]]\n"
"kernel 1 (localhost):"
"\"EXACT_POLYNOMIAL_BACKEND_START \"InputForm[{37, CutIntegral[\"R10\", {1, 1, 1, 1}]}]\" terms \"8\" bytes \"61054\n"
"kernel 1 (localhost):"
"\"EXACT_POLYNOMIAL_SUM production_sum 8 8 0.013\\nPASS: exact polynomial comparison backend\\n\"\n"
"kernel 1 (localhost):"
"\"\"\n"
"kernel 1 (localhost):"
"\"EXACT_POLYNOMIAL_ACCEPTED \"InputForm[{37, CutIntegral[\"R10\", {1, 1, 1, 1}]}]\" seconds \"0.373778`6.024158729383681\" bytes \"437496\n"
"kernel 1 (localhost):"
"\"PASS: \"\"complete linear reduced coefficient reconstruction\"\n"
"kernel 1 (localhost):"
"\"PASS: \"\"reduced coefficients are scalar rational expressions\"\n"
"kernel 2 (localhost):"
"\"PASS: \"\"raw reader returns complete original record\"\n"
"kernel 2 (localhost):"
"\"PASS: \"\"raw component retains executed reconstruction\"\n"
"kernel 2 (localhost):"
"\"PASS: \"\"known rules end in saved masters\"\n"
"kernel 2 (localhost):"
"\"PASS: \"\"exact individual reduction-rule reconstruction\"\n"
"kernel 2 (localhost):"
"\"REAL_MASTER_COEFFICIENT \"\"Hgg\"\" \"38\" \"InputForm[CutIntegral[\"R01\", {1, 1, 0, 0}]]\n"
"kernel 2 (localhost):"
"\"PASS: \"\"exact polynomial transfer supports rational coefficients\"\n"
"kernel 2 (localhost):"
"\"PASS: \"\"unassigned exact polynomial variables\"\n"
"kernel 2 (localhost):"
"\"PASS: \"\"native JSON header shape\"\n"
"kernel 2 (localhost):"
"\"PASS: \"\"complete polynomial variable support\"\n"
"kernel 2 (localhost):"
"\"PASS: \"\"exported polynomial denominator reconstructs\"\n"
"kernel 2 (localhost):"
"\"PASS: \"\"native polynomial text reconstructs\"\n"
"kernel 2 (localhost):"
"\"PASS: \"\"native JSON term reconstructs\"\n"
"kernel 1 (localhost):"
"\"REAL_MAP_ACCEPTED \"\"Hgg\"\" \"37\n"
"kernel 1 (localhost):"
"\"PASS: \"\"complete reduced output accepted before storage projection\"\n"
"kernel 1 (localhost):"
"\"PASS: \"\"exact downstream coefficient interface\"\n"
"kernel 1 (localhost):"
"\"REAL_MAP \"\"Hgg\"\" \"39\"/\"98\" \"<|\"Sector\" -> \"Real\", \"Kind\" -> \"ExtendedResponse\", \"Index\" -> {4, 2, 1}|>\" kernel \"1\n"
"kernel 1 (localhost):"
"\"PASS: \"\"exact saved raw file\"\n"
"kernel 2 (localhost):"
"\"EXACT_POLYNOMIAL_TRANSFER \"\"production_sum\"\" \"64\"/\"411\n"
"kernel 1 (localhost):"
"\"PASS: \"\"raw reader returns complete original record\"\n"
"kernel 1 (localhost):"
"\"PASS: \"\"raw component retains executed reconstruction\"\n"
"kernel 1 (localhost):"
"\"PASS: \"\"known rules end in saved masters\"\n"
"kernel 1 (localhost):"
"\"PASS: \"\"exact individual reduction-rule reconstruction\"\n"
"kernel 1 (localhost):"
"\"REAL_MASTER_COEFFICIENT \"\"Hgg\"\" \"39\" \"InputForm[CutIntegral[\"R01\", {1, 1, 0, 0}]]\n"
"kernel 1 (localhost):"
"\"PASS: \"\"exact polynomial transfer supports rational coefficients\"\n"
"kernel 1 (localhost):"
"\"PASS: \"\"unassigned exact polynomial variables\"\n"
"kernel 1 (localhost):"
"\"PASS: \"\"native JSON header shape\"\n"
"kernel 1 (localhost):"
"\"PASS: \"\"complete polynomial variable support\"\n"
"kernel 1 (localhost):"
"\"PASS: \"\"exported polynomial denominator reconstructs\"\n"
"kernel 1 (localhost):"
"\"PASS: \"\"native polynomial text reconstructs\"\n"
"kernel 1 (localhost):"
"\"PASS: \"\"native JSON term reconstructs\"\n"
"kernel 2 (localhost):"
"\"EXACT_POLYNOMIAL_TRANSFER \"\"production_sum\"\" \"128\"/\"411\n"
"kernel 1 (localhost):"
"\"EXACT_POLYNOMIAL_TRANSFER \"\"production_sum\"\" \"64\"/\"411\n"
"kernel 2 (localhost):"
"\"EXACT_POLYNOMIAL_TRANSFER \"\"production_sum\"\" \"192\"/\"411\n"
"kernel 2 (localhost):"
"\"EXACT_POLYNOMIAL_TRANSFER \"\"production_sum\"\" \"256\"/\"411\n"
"kernel 2 (localhost):"
"\"EXACT_POLYNOMIAL_TRANSFER \"\"production_sum\"\" \"320\"/\"411\n"
"kernel 1 (localhost):"
"\"EXACT_POLYNOMIAL_TRANSFER \"\"production_sum\"\" \"128\"/\"411\n"
"kernel 2 (localhost):"
"\"EXACT_POLYNOMIAL_TRANSFER \"\"production_sum\"\" \"384\"/\"411\n"
"kernel 2 (localhost):"
"\"PASS: \"\"bounded polynomial transfer file\"\n"
"kernel 2 (localhost):"
"\"PASS: \"\"unchanged validated exact backend\"\n"
"kernel 2 (localhost):"
"\"EXACT_POLYNOMIAL_BACKEND_START \"InputForm[{38, CutIntegral[\"R01\", {1, 1, 0, 0}]}]\" terms \"411\" bytes \"29902280\n"
"kernel 1 (localhost):"
"\"EXACT_POLYNOMIAL_TRANSFER \"\"production_sum\"\" \"192\"/\"411\n"
"kernel 1 (localhost):"
"\"EXACT_POLYNOMIAL_TRANSFER \"\"production_sum\"\" \"256\"/\"411\n"
"kernel 1 (localhost):"
"\"EXACT_POLYNOMIAL_TRANSFER \"\"production_sum\"\" \"320\"/\"411\n"
"kernel 1 (localhost):"
"\"EXACT_POLYNOMIAL_TRANSFER \"\"production_sum\"\" \"384\"/\"411\n"
"kernel 1 (localhost):"
"\"PASS: \"\"bounded polynomial transfer file\"\n"
"kernel 1 (localhost):"
"\"PASS: \"\"unchanged validated exact backend\"\n"
"kernel 1 (localhost):"
"\"EXACT_POLYNOMIAL_BACKEND_START \"InputForm[{39, CutIntegral[\"R01\", {1, 1, 0, 0}]}]\" terms \"411\" bytes \"38893812\n"
"kernel 2 (localhost):"
"\"EXACT_POLYNOMIAL_SUM production_sum 16 411 19.164\\nEXACT_POLYNOMIAL_SUM production_sum 32 411 22.141\\nEXACT_POLYNOMIAL_SUM production_sum 48 411 24.449\\nEXACT_POLYNOMIAL_SUM production_sum 64 411 27.38\\nEXACT_POLYNOMIAL_SUM production_sum 80 411 29.921\\nEXACT_POLYNOMIAL_SUM production_sum 96 411 32.64\\nEXACT_POLYNOMIAL_SUM production_sum 112 411 35.444\\nEXACT_POLYNOMIAL_SUM production_sum 128 411 37.817\\nEXACT_POLYNOMIAL_SUM production_sum 144 411 40.751\\nEXACT_POLYNOMIAL_SUM production_sum 160 411 43.544\\nEXACT_POLYNOMIAL_SUM production_sum 176 411 46.165\\nEXACT_POLYNOMIAL_SUM production_sum 192 411 48.687\\nEXACT_POLYNOMIAL_SUM production_sum 208 411 51.426\\nEXACT_POLYNOMIAL_SUM production_sum 224 411 53.645\\nEXACT_POLYNOMIAL_SUM production_sum 240 411 55.283\\nEXACT_POLYNOMIAL_SUM production_sum 256 411 57.177\\nEXACT_POLYNOMIAL_SUM production_sum 272 411 58.655\\nEXACT_POLYNOMIAL_SUM production_sum 288 411 60.124\\nEXACT_POLYNOMIAL_SUM production_sum 304 411 61.669\\nEXACT_POLYNOMIAL_SUM production_sum 320 411 63.545\\nEXACT_POLYNOMIAL_SUM production_sum 336 411 65.707\\nEXACT_POLYNOMIAL_SUM production_sum 352 411 67.317\\nEXACT_POLYNOMIAL_SUM production_sum 368 411 68.854\\nEXACT_POLYNOMIAL_SUM production_sum 384 411 70.402\\nEXACT_POLYNOMIAL_SUM production_sum 400 411 71.595\\nEXACT_POLYNOMIAL_SUM production_sum 411 411 72.737\\nPASS: exact polynomial comparison backend\\n\"\n"
"kernel 2 (localhost):"
"\"\"\n"
"kernel 2 (localhost):"
"\"PASS: \"\"exact production backend completed\"\n"
"kernel 2 (localhost):"
"\"PASS: \"\"exact production backend input and source\"\n"
"kernel 2 (localhost):"
"\"PASS: \"\"complete production termwise reconstruction\"\n"
"kernel 2 (localhost):"
"\"PASS: \"\"exact scalar coefficient import\"\n"
"kernel 2 (localhost):"
"\"EXACT_POLYNOMIAL_ACCEPTED \"InputForm[{38, CutIntegral[\"R01\", {1, 1, 0, 0}]}]\" seconds \"140.80119`8.600151318815204\" bytes \"4772240\n"
"kernel 2 (localhost):"
"\"PASS: \"\"compressed scalar map below file bound\"\n"
"kernel 2 (localhost):"
"\"PASS: \"\"compressed scalar map exact round trip\"\n"
"kernel 2 (localhost):"
"\"PASS: \"\"master coefficient retains exact reconstruction\"\n"
"kernel 2 (localhost):"
"\"REAL_MASTER_COEFFICIENT \"\"Hgg\"\" \"38\" \"InputForm[CutIntegral[\"R01\", {1, 1, 1, 1}]]\n"
"kernel 2 (localhost):"
"\"EXACT_POLYNOMIAL_BACKEND_START \"InputForm[{38, CutIntegral[\"R01\", {1, 1, 1, 1}]}]\" terms \"2\" bytes \"6174\n"
"kernel 2 (localhost):"
"\"EXACT_POLYNOMIAL_SUM production_sum 2 2 0.001\\nPASS: exact polynomial comparison backend\\n\"\n"
"kernel 2 (localhost):"
"\"\"\n"
"kernel 2 (localhost):"
"\"EXACT_POLYNOMIAL_ACCEPTED \"InputForm[{38, CutIntegral[\"R01\", {1, 1, 1, 1}]}]\" seconds \"0.180861`5.708889921268875\" bytes \"58040\n"
"kernel 2 (localhost):"
"\"REAL_MASTER_COEFFICIENT \"\"Hgg\"\" \"38\" \"InputForm[CutIntegral[\"R02\", {1, 1, 1, 1}]]\n"
"kernel 2 (localhost):"
"\"EXACT_POLYNOMIAL_BACKEND_START \"InputForm[{38, CutIntegral[\"R02\", {1, 1, 1, 1}]}]\" terms \"8\" bytes \"94886\n"
"kernel 2 (localhost):"
"\"EXACT_POLYNOMIAL_SUM production_sum 8 8 0.021\\nPASS: exact polynomial comparison backend\\n\"\n"
"kernel 2 (localhost):"
"\"\"\n"
"kernel 2 (localhost):"
"\"EXACT_POLYNOMIAL_ACCEPTED \"InputForm[{38, CutIntegral[\"R02\", {1, 1, 1, 1}]}]\" seconds \"0.454946`6.10950484445246\" bytes \"798232\n"
"kernel 2 (localhost):"
"\"REAL_MASTER_COEFFICIENT \"\"Hgg\"\" \"38\" \"InputForm[CutIntegral[\"R03\", {1, 1, 0, 1}]]\n"
"kernel 2 (localhost):"
"\"EXACT_POLYNOMIAL_TRANSFER \"\"production_sum\"\" \"64\"/\"89\n"
"kernel 2 (localhost):"
"\"EXACT_POLYNOMIAL_BACKEND_START \"InputForm[{38, CutIntegral[\"R03\", {1, 1, 0, 1}]}]\" terms \"89\" bytes \"5597547\n"
"kernel 2 (localhost):"
"\"EXACT_POLYNOMIAL_SUM production_sum 16 89 3.8\\nEXACT_POLYNOMIAL_SUM production_sum 32 89 4.183\\nEXACT_POLYNOMIAL_SUM production_sum 48 89 4.506\\nEXACT_POLYNOMIAL_SUM production_sum 64 89 4.816\\nEXACT_POLYNOMIAL_SUM production_sum 80 89 5.06\\nEXACT_POLYNOMIAL_SUM production_sum 89 89 5.181\\nPASS: exact polynomial comparison backend\\n\"\n"
"kernel 2 (localhost):"
"\"\"\n"
"kernel 2 (localhost):"
"\"EXACT_POLYNOMIAL_ACCEPTED \"InputForm[{38, CutIntegral[\"R03\", {1, 1, 0, 1}]}]\" seconds \"21.468022`7.783337025167507\" bytes \"6368504\n"
"kernel 2 (localhost):"
"\"REAL_MASTER_COEFFICIENT \"\"Hgg\"\" \"38\" \"InputForm[CutIntegral[\"R03\", {1, 1, 1, 1}]]\n"
"kernel 2 (localhost):"
"\"EXACT_POLYNOMIAL_BACKEND_START \"InputForm[{38, CutIntegral[\"R03\", {1, 1, 1, 1}]}]\" terms \"2\" bytes \"33394\n"
"kernel 2 (localhost):"
"\"EXACT_POLYNOMIAL_SUM production_sum 2 2 0.024\\nPASS: exact polynomial comparison backend\\n\"\n"
"kernel 2 (localhost):"
"\"\"\n"
"kernel 2 (localhost):"
"\"EXACT_POLYNOMIAL_ACCEPTED \"InputForm[{38, CutIntegral[\"R03\", {1, 1, 1, 1}]}]\" seconds \"0.346907`5.991758056758908\" bytes \"1144024\n"
"kernel 2 (localhost):"
"\"REAL_MASTER_COEFFICIENT \"\"Hgg\"\" \"38\" \"InputForm[CutIntegral[\"R04\", {1, 1, 1, 1}]]\n"
"kernel 2 (localhost):"
"\"EXACT_POLYNOMIAL_BACKEND_START \"InputForm[{38, CutIntegral[\"R04\", {1, 1, 1, 1}]}]\" terms \"8\" bytes \"106212\n"
"kernel 2 (localhost):"
"\"EXACT_POLYNOMIAL_SUM production_sum 8 8 0.032\\nPASS: exact polynomial comparison backend\\n\"\n"
"kernel 2 (localhost):"
"\"\"\n"
"kernel 2 (localhost):"
"\"EXACT_POLYNOMIAL_ACCEPTED \"InputForm[{38, CutIntegral[\"R04\", {1, 1, 1, 1}]}]\" seconds \"0.528839`6.174868468831803\" bytes \"901824\n"
"kernel 2 (localhost):"
"\"REAL_MASTER_COEFFICIENT \"\"Hgg\"\" \"38\" \"InputForm[CutIntegral[\"R09\", {1, 1, 1, 1}]]\n"
"kernel 2 (localhost):"
"\"EXACT_POLYNOMIAL_BACKEND_START \"InputForm[{38, CutIntegral[\"R09\", {1, 1, 1, 1}]}]\" terms \"2\" bytes \"33688\n"
"kernel 2 (localhost):"
"\"EXACT_POLYNOMIAL_SUM production_sum 2 2 0.026\\nPASS: exact polynomial comparison backend\\n\"\n"
"kernel 2 (localhost):"
"\"\"\n"
"kernel 2 (localhost):"
"\"EXACT_POLYNOMIAL_ACCEPTED \"InputForm[{38, CutIntegral[\"R09\", {1, 1, 1, 1}]}]\" seconds \"0.334631`5.976111164746712\" bytes \"1182480\n"
"kernel 2 (localhost):"
"\"REAL_MASTER_COEFFICIENT \"\"Hgg\"\" \"38\" \"InputForm[CutIntegral[\"R10\", {1, 1, 1, 1}]]\n"
"kernel 2 (localhost):"
"\"EXACT_POLYNOMIAL_BACKEND_START \"InputForm[{38, CutIntegral[\"R10\", {1, 1, 1, 1}]}]\" terms \"8\" bytes \"60954\n"
"kernel 2 (localhost):"
"\"EXACT_POLYNOMIAL_SUM production_sum 8 8 0.013\\nPASS: exact polynomial comparison backend\\n\"\n"
"kernel 2 (localhost):"
"\"\"\n"
"kernel 2 (localhost):"
"\"EXACT_POLYNOMIAL_ACCEPTED \"InputForm[{38, CutIntegral[\"R10\", {1, 1, 1, 1}]}]\" seconds \"0.37927`6.030493485158087\" bytes \"524536\n"
"kernel 2 (localhost):"
"\"PASS: \"\"complete linear reduced coefficient reconstruction\"\n"
"kernel 2 (localhost):"
"\"PASS: \"\"reduced coefficients are scalar rational expressions\"\n"
"kernel 2 (localhost):"
"\"REAL_MAP_ACCEPTED \"\"Hgg\"\" \"38\n"
"kernel 2 (localhost):"
"\"PASS: \"\"complete reduced output accepted before storage projection\"\n"
"kernel 2 (localhost):"
"\"PASS: \"\"exact downstream coefficient interface\"\n"
"kernel 2 (localhost):"
"\"REAL_MAP \"\"Hgg\"\" \"40\"/\"98\" \"<|\"Sector\" -> \"Real\", \"Kind\" -> \"ExtendedResponse\", \"Index\" -> {4, 2, 2}|>\" kernel \"2\n"
"kernel 2 (localhost):"
"\"PASS: \"\"exact saved raw file\"\n"
"kernel 2 (localhost):"
"\"PASS: \"\"raw reader returns complete original record\"\n"
"kernel 2 (localhost):"
"\"PASS: \"\"raw component retains executed reconstruction\"\n"
"kernel 2 (localhost):"
"\"PASS: \"\"known rules end in saved masters\"\n"
"kernel 2 (localhost):"
"\"PASS: \"\"exact individual reduction-rule reconstruction\"\n"
"kernel 2 (localhost):"
"\"REAL_MASTER_COEFFICIENT \"\"Hgg\"\" \"40\" \"InputForm[CutIntegral[\"R01\", {1, 1, 0, 0}]]\n"
"kernel 2 (localhost):"
"\"PASS: \"\"exact polynomial transfer supports rational coefficients\"\n"
"kernel 2 (localhost):"
"\"PASS: \"\"unassigned exact polynomial variables\"\n"
"kernel 2 (localhost):"
"\"PASS: \"\"native JSON header shape\"\n"
"kernel 2 (localhost):"
"\"PASS: \"\"complete polynomial variable support\"\n"
"kernel 2 (localhost):"
"\"PASS: \"\"exported polynomial denominator reconstructs\"\n"
"kernel 2 (localhost):"
"\"PASS: \"\"native polynomial text reconstructs\"\n"
"kernel 2 (localhost):"
"\"PASS: \"\"native JSON term reconstructs\"\n"
"kernel 2 (localhost):"
"\"EXACT_POLYNOMIAL_TRANSFER \"\"production_sum\"\" \"64\"/\"411\n"
"kernel 2 (localhost):"
"\"EXACT_POLYNOMIAL_TRANSFER \"\"production_sum\"\" \"128\"/\"411\n"
"kernel 2 (localhost):"
"\"EXACT_POLYNOMIAL_TRANSFER \"\"production_sum\"\" \"192\"/\"411\n"
"kernel 2 (localhost):"
"\"EXACT_POLYNOMIAL_TRANSFER \"\"production_sum\"\" \"256\"/\"411\n"
"kernel 2 (localhost):"
"\"EXACT_POLYNOMIAL_TRANSFER \"\"production_sum\"\" \"320\"/\"411\n"
"kernel 2 (localhost):"
"\"EXACT_POLYNOMIAL_TRANSFER \"\"production_sum\"\" \"384\"/\"411\n"
"kernel 2 (localhost):"
"\"PASS: \"\"bounded polynomial transfer file\"\n"
"kernel 2 (localhost):"
"\"PASS: \"\"unchanged validated exact backend\"\n"
"kernel 2 (localhost):"
"\"EXACT_POLYNOMIAL_BACKEND_START \"InputForm[{40, CutIntegral[\"R01\", {1, 1, 0, 0}]}]\" terms \"411\" bytes \"38609418\n"
"kernel 1 (localhost):"
"\"EXACT_POLYNOMIAL_SUM production_sum 16 411 25.726\\nEXACT_POLYNOMIAL_SUM production_sum 32 411 30.897\\nEXACT_POLYNOMIAL_SUM production_sum 48 411 37.418\\nEXACT_POLYNOMIAL_SUM production_sum 64 411 43.927\\nEXACT_POLYNOMIAL_SUM production_sum 80 411 49.926\\nEXACT_POLYNOMIAL_SUM production_sum 96 411 56.556\\nEXACT_POLYNOMIAL_SUM production_sum 112 411 63.214\\nEXACT_POLYNOMIAL_SUM production_sum 128 411 70.159\\nEXACT_POLYNOMIAL_SUM production_sum 144 411 76.527\\nEXACT_POLYNOMIAL_SUM production_sum 160 411 82.92\\nEXACT_POLYNOMIAL_SUM production_sum 176 411 89.392\\nEXACT_POLYNOMIAL_SUM production_sum 192 411 96.143\\nEXACT_POLYNOMIAL_SUM production_sum 208 411 102.098\\nEXACT_POLYNOMIAL_SUM production_sum 224 411 108.285\\nEXACT_POLYNOMIAL_SUM production_sum 240 411 112.805\\nEXACT_POLYNOMIAL_SUM production_sum 256 411 118.186\\nEXACT_POLYNOMIAL_SUM production_sum 272 411 122.094\\nEXACT_POLYNOMIAL_SUM production_sum 288 411 128.262\\nEXACT_POLYNOMIAL_SUM production_sum 304 411 131.557\\nEXACT_POLYNOMIAL_SUM production_sum 320 411 136.612\\nEXACT_POLYNOMIAL_SUM production_sum 336 411 141.842\\nEXACT_POLYNOMIAL_SUM production_sum 352 411 146.383\\nEXACT_POLYNOMIAL_SUM production_sum 368 411 150.052\\nEXACT_POLYNOMIAL_SUM production_sum 384 411 154.665\\nEXACT_POLYNOMIAL_SUM production_sum 400 411 158.404\\nEXACT_POLYNOMIAL_SUM production_sum 411 411 161.031\\nPASS: exact polynomial comparison backend\\n\"\n"
"kernel 1 (localhost):"
"\"\"\n"
"kernel 1 (localhost):"
"\"PASS: \"\"exact production backend completed\"\n"
"kernel 1 (localhost):"
"\"PASS: \"\"exact production backend input and source\"\n"
"kernel 1 (localhost):"
"\"PASS: \"\"complete production termwise reconstruction\"\n"
"kernel 1 (localhost):"
"\"PASS: \"\"exact scalar coefficient import\"\n"
"kernel 1 (localhost):"
"\"EXACT_POLYNOMIAL_ACCEPTED \"InputForm[{39, CutIntegral[\"R01\", {1, 1, 0, 0}]}]\" seconds \"247.981087`8.845963552851408\" bytes \"7478152\n"
"kernel 1 (localhost):"
"\"PASS: \"\"compressed scalar map below file bound\"\n"
"kernel 1 (localhost):"
"\"PASS: \"\"compressed scalar map exact round trip\"\n"
"kernel 1 (localhost):"
"\"PASS: \"\"master coefficient retains exact reconstruction\"\n"
"kernel 1 (localhost):"
"\"REAL_MASTER_COEFFICIENT \"\"Hgg\"\" \"39\" \"InputForm[CutIntegral[\"R01\", {1, 1, 1, 1}]]\n"
"kernel 1 (localhost):"
"\"EXACT_POLYNOMIAL_BACKEND_START \"InputForm[{39, CutIntegral[\"R01\", {1, 1, 1, 1}]}]\" terms \"2\" bytes \"15324\n"
"kernel 1 (localhost):"
"\"EXACT_POLYNOMIAL_SUM production_sum 2 2 0.002\\nPASS: exact polynomial comparison backend\\n\"\n"
"kernel 1 (localhost):"
"\"\"\n"
"kernel 1 (localhost):"
"\"EXACT_POLYNOMIAL_ACCEPTED \"InputForm[{39, CutIntegral[\"R01\", {1, 1, 1, 1}]}]\" seconds \"0.190567`5.731592690644429\" bytes \"94280\n"
"kernel 1 (localhost):"
"\"REAL_MASTER_COEFFICIENT \"\"Hgg\"\" \"39\" \"InputForm[CutIntegral[\"R02\", {1, 1, 1, 1}]]\n"
"kernel 1 (localhost):"
"\"EXACT_POLYNOMIAL_BACKEND_START \"InputForm[{39, CutIntegral[\"R02\", {1, 1, 1, 1}]}]\" terms \"8\" bytes \"70332\n"
"kernel 1 (localhost):"
"\"EXACT_POLYNOMIAL_SUM production_sum 8 8 0.013\\nPASS: exact polynomial comparison backend\\n\"\n"
"kernel 1 (localhost):"
"\"\"\n"
"kernel 1 (localhost):"
"\"EXACT_POLYNOMIAL_ACCEPTED \"InputForm[{39, CutIntegral[\"R02\", {1, 1, 1, 1}]}]\" seconds \"0.353193`5.99955708112093\" bytes \"559592\n"
"kernel 1 (localhost):"
"\"REAL_MASTER_COEFFICIENT \"\"Hgg\"\" \"39\" \"InputForm[CutIntegral[\"R03\", {1, 1, 0, 1}]]\n"
"kernel 1 (localhost):"
"\"EXACT_POLYNOMIAL_TRANSFER \"\"production_sum\"\" \"64\"/\"89\n"
"kernel 1 (localhost):"
"\"EXACT_POLYNOMIAL_BACKEND_START \"InputForm[{39, CutIntegral[\"R03\", {1, 1, 0, 1}]}]\" terms \"89\" bytes \"7400709\n"
"kernel 1 (localhost):"
"\"EXACT_POLYNOMIAL_SUM production_sum 16 89 4.52\\nEXACT_POLYNOMIAL_SUM production_sum 32 89 5.057\\nEXACT_POLYNOMIAL_SUM production_sum 48 89 5.529\\nEXACT_POLYNOMIAL_SUM production_sum 64 89 6.048\\nEXACT_POLYNOMIAL_SUM production_sum 80 89 6.375\\nEXACT_POLYNOMIAL_SUM production_sum 89 89 6.536\\nPASS: exact polynomial comparison backend\\n\"\n"
"kernel 1 (localhost):"
"\"\"\n"
"kernel 1 (localhost):"
"\"EXACT_POLYNOMIAL_ACCEPTED \"InputForm[{39, CutIntegral[\"R03\", {1, 1, 0, 1}]}]\" seconds \"27.125645`7.884925067232208\" bytes \"5846688\n"
"kernel 1 (localhost):"
"\"REAL_MASTER_COEFFICIENT \"\"Hgg\"\" \"39\" \"InputForm[CutIntegral[\"R03\", {1, 1, 1, 1}]]\n"
"kernel 1 (localhost):"
"\"EXACT_POLYNOMIAL_BACKEND_START \"InputForm[{39, CutIntegral[\"R03\", {1, 1, 1, 1}]}]\" terms \"2\" bytes \"23338\n"
"kernel 1 (localhost):"
"\"EXACT_POLYNOMIAL_SUM production_sum 2 2 0.015\\nPASS: exact polynomial comparison backend\\n\"\n"
"kernel 1 (localhost):"
"\"\"\n"
"kernel 1 (localhost):"
"\"EXACT_POLYNOMIAL_ACCEPTED \"InputForm[{39, CutIntegral[\"R03\", {1, 1, 1, 1}]}]\" seconds \"0.288594`5.911832291168281\" bytes \"646272\n"
"kernel 1 (localhost):"
"\"REAL_MASTER_COEFFICIENT \"\"Hgg\"\" \"39\" \"InputForm[CutIntegral[\"R04\", {1, 1, 1, 1}]]\n"
"kernel 1 (localhost):"
"\"EXACT_POLYNOMIAL_BACKEND_START \"InputForm[{39, CutIntegral[\"R04\", {1, 1, 1, 1}]}]\" terms \"8\" bytes \"103408\n"
"kernel 1 (localhost):"
"\"EXACT_POLYNOMIAL_SUM production_sum 8 8 0.024\\nPASS: exact polynomial comparison backend\\n\"\n"
"kernel 1 (localhost):"
"\"\"\n"
"kernel 1 (localhost):"
"\"EXACT_POLYNOMIAL_ACCEPTED \"InputForm[{39, CutIntegral[\"R04\", {1, 1, 1, 1}]}]\" seconds \"0.444838`6.099746872981407\" bytes \"756928\n"
"kernel 1 (localhost):"
"\"REAL_MASTER_COEFFICIENT \"\"Hgg\"\" \"39\" \"InputForm[CutIntegral[\"R09\", {1, 1, 1, 1}]]\n"
"kernel 1 (localhost):"
"\"EXACT_POLYNOMIAL_BACKEND_START \"InputForm[{39, CutIntegral[\"R09\", {1, 1, 1, 1}]}]\" terms \"2\" bytes \"50126\n"
"kernel 1 (localhost):"
"\"EXACT_POLYNOMIAL_SUM production_sum 2 2 0.023\\nPASS: exact polynomial comparison backend\\n\"\n"
"kernel 1 (localhost):"
"\"\"\n"
"kernel 1 (localhost):"
"\"EXACT_POLYNOMIAL_ACCEPTED \"InputForm[{39, CutIntegral[\"R09\", {1, 1, 1, 1}]}]\" seconds \"0.347502`5.992502301951502\" bytes \"1228032\n"
"kernel 1 (localhost):"
"\"REAL_MASTER_COEFFICIENT \"\"Hgg\"\" \"39\" \"InputForm[CutIntegral[\"R10\", {1, 1, 1, 1}]]\n"
"kernel 1 (localhost):"
"\"EXACT_POLYNOMIAL_BACKEND_START \"InputForm[{39, CutIntegral[\"R10\", {1, 1, 1, 1}]}]\" terms \"8\" bytes \"39900\n"
"kernel 1 (localhost):"
"\"EXACT_POLYNOMIAL_SUM production_sum 8 8 0.009\\nPASS: exact polynomial comparison backend\\n\"\n"
"kernel 1 (localhost):"
"\"\"\n"
"kernel 1 (localhost):"
"\"EXACT_POLYNOMIAL_ACCEPTED \"InputForm[{39, CutIntegral[\"R10\", {1, 1, 1, 1}]}]\" seconds \"0.308662`5.941028159401322\" bytes \"300016\n"
"kernel 1 (localhost):"
"\"PASS: \"\"complete linear reduced coefficient reconstruction\"\n"
"kernel 1 (localhost):"
"\"PASS: \"\"reduced coefficients are scalar rational expressions\"\n"
"kernel 1 (localhost):"
"\"REAL_MAP_ACCEPTED \"\"Hgg\"\" \"39\n"
"kernel 1 (localhost):"
"\"PASS: \"\"complete reduced output accepted before storage projection\"\n"
"kernel 1 (localhost):"
"\"PASS: \"\"exact downstream coefficient interface\"\n"
"kernel 1 (localhost):"
"\"REAL_MAP \"\"Hgg\"\" \"41\"/\"98\" \"<|\"Sector\" -> \"Real\", \"Kind\" -> \"ExtendedResponse\", \"Index\" -> {4, 2, 5}|>\" kernel \"1\n"
"kernel 1 (localhost):"
"\"PASS: \"\"exact saved raw file\"\n"
"kernel 1 (localhost):"
"\"PASS: \"\"raw reader returns complete original record\"\n"
"kernel 1 (localhost):"
"\"PASS: \"\"raw component retains executed reconstruction\"\n"
"kernel 1 (localhost):"
"\"PASS: \"\"known rules end in saved masters\"\n"
"kernel 1 (localhost):"
"\"PASS: \"\"exact individual reduction-rule reconstruction\"\n"
"kernel 1 (localhost):"
"\"REAL_MASTER_COEFFICIENT \"\"Hgg\"\" \"41\" \"InputForm[CutIntegral[\"R01\", {1, 1, 0, 0}]]\n"
"kernel 1 (localhost):"
"\"PASS: \"\"exact polynomial transfer supports rational coefficients\"\n"
"kernel 1 (localhost):"
"\"PASS: \"\"unassigned exact polynomial variables\"\n"
"kernel 1 (localhost):"
"\"PASS: \"\"native JSON header shape\"\n"
"kernel 1 (localhost):"
"\"PASS: \"\"complete polynomial variable support\"\n"
"kernel 1 (localhost):"
"\"PASS: \"\"exported polynomial denominator reconstructs\"\n"
"kernel 1 (localhost):"
"\"PASS: \"\"native polynomial text reconstructs\"\n"
"kernel 1 (localhost):"
"\"PASS: \"\"native JSON term reconstructs\"\n"
"kernel 1 (localhost):"
"\"EXACT_POLYNOMIAL_TRANSFER \"\"production_sum\"\" \"64\"/\"411\n"
"kernel 1 (localhost):"
"\"EXACT_POLYNOMIAL_TRANSFER \"\"production_sum\"\" \"128\"/\"411\n"
"kernel 1 (localhost):"
"\"EXACT_POLYNOMIAL_TRANSFER \"\"production_sum\"\" \"192\"/\"411\n"
"kernel 1 (localhost):"
"\"EXACT_POLYNOMIAL_TRANSFER \"\"production_sum\"\" \"256\"/\"411\n"
"kernel 1 (localhost):"
"\"EXACT_POLYNOMIAL_TRANSFER \"\"production_sum\"\" \"320\"/\"411\n"
"kernel 1 (localhost):"
"\"EXACT_POLYNOMIAL_TRANSFER \"\"production_sum\"\" \"384\"/\"411\n"
"kernel 1 (localhost):"
"\"PASS: \"\"bounded polynomial transfer file\"\n"
"kernel 1 (localhost):"
"\"PASS: \"\"unchanged validated exact backend\"\n"
"kernel 1 (localhost):"
"\"EXACT_POLYNOMIAL_BACKEND_START \"InputForm[{41, CutIntegral[\"R01\", {1, 1, 0, 0}]}]\" terms \"411\" bytes \"27347666\n"
"kernel 2 (localhost):"
"\"EXACT_POLYNOMIAL_SUM production_sum 16 411 24.887\\nEXACT_POLYNOMIAL_SUM production_sum 32 411 31.268\\nEXACT_POLYNOMIAL_SUM production_sum 48 411 37.874\\nEXACT_POLYNOMIAL_SUM production_sum 64 411 44.12\\nEXACT_POLYNOMIAL_SUM production_sum 80 411 50.474\\nEXACT_POLYNOMIAL_SUM production_sum 96 411 56.991\\nEXACT_POLYNOMIAL_SUM production_sum 112 411 63.791\\nEXACT_POLYNOMIAL_SUM production_sum 128 411 70.192\\nEXACT_POLYNOMIAL_SUM production_sum 144 411 76.572\\nEXACT_POLYNOMIAL_SUM production_sum 160 411 82.422\\nEXACT_POLYNOMIAL_SUM production_sum 176 411 88.761\\nEXACT_POLYNOMIAL_SUM production_sum 192 411 95.535\\nEXACT_POLYNOMIAL_SUM production_sum 208 411 101.08\\nEXACT_POLYNOMIAL_SUM production_sum 224 411 107.818\\nEXACT_POLYNOMIAL_SUM production_sum 240 411 110.707\\nEXACT_POLYNOMIAL_SUM production_sum 256 411 113.57\\nEXACT_POLYNOMIAL_SUM production_sum 272 411 115.908\\nEXACT_POLYNOMIAL_SUM production_sum 288 411 121.369\\nEXACT_POLYNOMIAL_SUM production_sum 304 411 127.708\\nEXACT_POLYNOMIAL_SUM production_sum 320 411 132.591\\nEXACT_POLYNOMIAL_SUM production_sum 336 411 136.865\\nEXACT_POLYNOMIAL_SUM production_sum 352 411 140.347\\nEXACT_POLYNOMIAL_SUM production_sum 368 411 146.85\\nEXACT_POLYNOMIAL_SUM production_sum 384 411 151.866\\nEXACT_POLYNOMIAL_SUM production_sum 400 411 155.439\\nEXACT_POLYNOMIAL_SUM production_sum 411 411 158.081\\nPASS: exact polynomial comparison backend\\n\"\n"
"kernel 2 (localhost):"
"\"\"\n"
"kernel 2 (localhost):"
"\"PASS: \"\"exact production backend completed\"\n"
"kernel 2 (localhost):"
"\"PASS: \"\"exact production backend input and source\"\n"
"kernel 2 (localhost):"
"\"PASS: \"\"complete production termwise reconstruction\"\n"
"kernel 2 (localhost):"
"\"PASS: \"\"exact scalar coefficient import\"\n"
"kernel 2 (localhost):"
"\"EXACT_POLYNOMIAL_ACCEPTED \"InputForm[{40, CutIntegral[\"R01\", {1, 1, 0, 0}]}]\" seconds \"240.542083`8.832736060966129\" bytes \"9831672\n"
"kernel 2 (localhost):"
"\"PASS: \"\"compressed scalar map below file bound\"\n"
"kernel 2 (localhost):"
"\"PASS: \"\"compressed scalar map exact round trip\"\n"
"kernel 2 (localhost):"
"\"PASS: \"\"master coefficient retains exact reconstruction\"\n"
"kernel 2 (localhost):"
"\"REAL_MASTER_COEFFICIENT \"\"Hgg\"\" \"40\" \"InputForm[CutIntegral[\"R01\", {1, 1, 1, 1}]]\n"
"kernel 2 (localhost):"
"\"EXACT_POLYNOMIAL_BACKEND_START \"InputForm[{40, CutIntegral[\"R01\", {1, 1, 1, 1}]}]\" terms \"2\" bytes \"15786\n"
"kernel 2 (localhost):"
"\"EXACT_POLYNOMIAL_SUM production_sum 2 2 0.002\\nPASS: exact polynomial comparison backend\\n\"\n"
"kernel 2 (localhost):"
"\"\"\n"
"kernel 2 (localhost):"
"\"EXACT_POLYNOMIAL_ACCEPTED \"InputForm[{40, CutIntegral[\"R01\", {1, 1, 1, 1}]}]\" seconds \"0.262811`5.871188532235025\" bytes \"97080\n"
"kernel 2 (localhost):"
"\"REAL_MASTER_COEFFICIENT \"\"Hgg\"\" \"40\" \"InputForm[CutIntegral[\"R02\", {1, 1, 1, 1}]]\n"
"kernel 2 (localhost):"
"\"EXACT_POLYNOMIAL_BACKEND_START \"InputForm[{40, CutIntegral[\"R02\", {1, 1, 1, 1}]}]\" terms \"8\" bytes \"62928\n"
"kernel 2 (localhost):"
"\"EXACT_POLYNOMIAL_SUM production_sum 8 8 0.014\\nPASS: exact polynomial comparison backend\\n\"\n"
"kernel 2 (localhost):"
"\"\"\n"
"kernel 2 (localhost):"
"\"EXACT_POLYNOMIAL_ACCEPTED \"InputForm[{40, CutIntegral[\"R02\", {1, 1, 1, 1}]}]\" seconds \"0.37551`6.026166500447324\" bytes \"524712\n"
"kernel 2 (localhost):"
"\"REAL_MASTER_COEFFICIENT \"\"Hgg\"\" \"40\" \"InputForm[CutIntegral[\"R03\", {1, 1, 0, 1}]]\n"
"kernel 1 (localhost):"
"\"EXACT_POLYNOMIAL_SUM production_sum 16 411 17.707\\nEXACT_POLYNOMIAL_SUM production_sum 32 411 20.438\\nEXACT_POLYNOMIAL_SUM production_sum 48 411 22.503\\nEXACT_POLYNOMIAL_SUM production_sum 64 411 25.199\\nEXACT_POLYNOMIAL_SUM production_sum 80 411 27.402\\nEXACT_POLYNOMIAL_SUM production_sum 96 411 29.85\\nEXACT_POLYNOMIAL_SUM production_sum 112 411 32.455\\nEXACT_POLYNOMIAL_SUM production_sum 128 411 34.78\\nEXACT_POLYNOMIAL_SUM production_sum 144 411 37.588\\nEXACT_POLYNOMIAL_SUM production_sum 160 411 40.347\\nEXACT_POLYNOMIAL_SUM production_sum 176 411 42.864\\nEXACT_POLYNOMIAL_SUM production_sum 192 411 45.299\\nEXACT_POLYNOMIAL_SUM production_sum 208 411 47.885\\nEXACT_POLYNOMIAL_SUM production_sum 224 411 50.012\\nEXACT_POLYNOMIAL_SUM production_sum 240 411 51.433\\nEXACT_POLYNOMIAL_SUM production_sum 256 411 53.229\\nEXACT_POLYNOMIAL_SUM production_sum 272 411 54.81\\nEXACT_POLYNOMIAL_SUM production_sum 288 411 56.33\\nEXACT_POLYNOMIAL_SUM production_sum 304 411 57.819\\nEXACT_POLYNOMIAL_SUM production_sum 320 411 59.473\\nEXACT_POLYNOMIAL_SUM production_sum 336 411 61.419\\nEXACT_POLYNOMIAL_SUM production_sum 352 411 63.464\\nEXACT_POLYNOMIAL_SUM production_sum 368 411 64.964\\nEXACT_POLYNOMIAL_SUM production_sum 384 411 66.742\\nEXACT_POLYNOMIAL_SUM production_sum 400 411 67.928\\nEXACT_POLYNOMIAL_SUM production_sum 411 411 68.91\\nPASS: exact polynomial comparison backend\\n\"\n"
"kernel 1 (localhost):"
"\"\"\n"
"kernel 1 (localhost):"
"\"PASS: \"\"exact production backend completed\"\n"
"kernel 1 (localhost):"
"\"PASS: \"\"exact production backend input and source\"\n"
"kernel 1 (localhost):"
"\"PASS: \"\"complete production termwise reconstruction\"\n"
"kernel 1 (localhost):"
"\"PASS: \"\"exact scalar coefficient import\"\n"
"kernel 1 (localhost):"
"\"EXACT_POLYNOMIAL_ACCEPTED \"InputForm[{41, CutIntegral[\"R01\", {1, 1, 0, 0}]}]\" seconds \"126.889502`8.554970686417585\" bytes \"4357656\n"
"kernel 2 (localhost):"
"\"EXACT_POLYNOMIAL_TRANSFER \"\"production_sum\"\" \"64\"/\"89\n"
"kernel 1 (localhost):"
"\"PASS: \"\"compressed scalar map below file bound\"\n"
"kernel 1 (localhost):"
"\"PASS: \"\"compressed scalar map exact round trip\"\n"
"kernel 1 (localhost):"
"\"PASS: \"\"master coefficient retains exact reconstruction\"\n"
"kernel 1 (localhost):"
"\"REAL_MASTER_COEFFICIENT \"\"Hgg\"\" \"41\" \"InputForm[CutIntegral[\"R01\", {1, 1, 1, 1}]]\n"
"kernel 1 (localhost):"
"\"EXACT_POLYNOMIAL_BACKEND_START \"InputForm[{41, CutIntegral[\"R01\", {1, 1, 1, 1}]}]\" terms \"2\" bytes \"7822\n"
"kernel 1 (localhost):"
"\"EXACT_POLYNOMIAL_SUM production_sum 2 2 0.002\\nPASS: exact polynomial comparison backend\\n\"\n"
"kernel 1 (localhost):"
"\"\"\n"
"kernel 1 (localhost):"
"\"EXACT_POLYNOMIAL_ACCEPTED \"InputForm[{41, CutIntegral[\"R01\", {1, 1, 1, 1}]}]\" seconds \"0.197269`5.746603836544815\" bytes \"67632\n"
"kernel 1 (localhost):"
"\"REAL_MASTER_COEFFICIENT \"\"Hgg\"\" \"41\" \"InputForm[CutIntegral[\"R02\", {1, 1, 1, 1}]]\n"
"kernel 1 (localhost):"
"\"EXACT_POLYNOMIAL_BACKEND_START \"InputForm[{41, CutIntegral[\"R02\", {1, 1, 1, 1}]}]\" terms \"8\" bytes \"69432\n"
"kernel 1 (localhost):"
"\"EXACT_POLYNOMIAL_SUM production_sum 8 8 0.016\\nPASS: exact polynomial comparison backend\\n\"\n"
"kernel 1 (localhost):"
"\"\"\n"
"kernel 1 (localhost):"
"\"EXACT_POLYNOMIAL_ACCEPTED \"InputForm[{41, CutIntegral[\"R02\", {1, 1, 1, 1}]}]\" seconds \"0.405378`6.05940516918533\" bytes \"568800\n"
"kernel 1 (localhost):"
"\"REAL_MASTER_COEFFICIENT \"\"Hgg\"\" \"41\" \"InputForm[CutIntegral[\"R03\", {1, 1, 0, 1}]]\n"
"kernel 2 (localhost):"
"\"EXACT_POLYNOMIAL_BACKEND_START \"InputForm[{40, CutIntegral[\"R03\", {1, 1, 0, 1}]}]\" terms \"89\" bytes \"7407395\n"
"kernel 2 (localhost):"
"\"EXACT_POLYNOMIAL_SUM production_sum 16 89 4.864\\nEXACT_POLYNOMIAL_SUM production_sum 32 89 5.463\\nEXACT_POLYNOMIAL_SUM production_sum 48 89 5.961\\nEXACT_POLYNOMIAL_SUM production_sum 64 89 6.555\\nEXACT_POLYNOMIAL_SUM production_sum 80 89 6.897\\nEXACT_POLYNOMIAL_SUM production_sum 89 89 7.068\\nPASS: exact polynomial comparison backend\\n\"\n"
"kernel 2 (localhost):"
"\"\"\n"
"kernel 2 (localhost):"
"\"EXACT_POLYNOMIAL_ACCEPTED \"InputForm[{40, CutIntegral[\"R03\", {1, 1, 0, 1}]}]\" seconds \"27.546336`7.891608834041123\" bytes \"7710864\n"
"kernel 2 (localhost):"
"\"REAL_MASTER_COEFFICIENT \"\"Hgg\"\" \"40\" \"InputForm[CutIntegral[\"R03\", {1, 1, 1, 1}]]\n"
"kernel 2 (localhost):"
"\"EXACT_POLYNOMIAL_BACKEND_START \"InputForm[{40, CutIntegral[\"R03\", {1, 1, 1, 1}]}]\" terms \"2\" bytes \"23058\n"
"kernel 2 (localhost):"
"\"EXACT_POLYNOMIAL_SUM production_sum 2 2 0.012\\nPASS: exact polynomial comparison backend\\n\"\n"
"kernel 2 (localhost):"
"\"\"\n"
"kernel 2 (localhost):"
"\"EXACT_POLYNOMIAL_ACCEPTED \"InputForm[{40, CutIntegral[\"R03\", {1, 1, 1, 1}]}]\" seconds \"0.255494`5.858925699150705\" bytes \"630280\n"
"kernel 2 (localhost):"
"\"REAL_MASTER_COEFFICIENT \"\"Hgg\"\" \"40\" \"InputForm[CutIntegral[\"R04\", {1, 1, 1, 1}]]\n"
"kernel 2 (localhost):"
"\"EXACT_POLYNOMIAL_BACKEND_START \"InputForm[{40, CutIntegral[\"R04\", {1, 1, 1, 1}]}]\" terms \"8\" bytes \"103132\n"
"kernel 2 (localhost):"
"\"EXACT_POLYNOMIAL_SUM production_sum 8 8 0.025\\nPASS: exact polynomial comparison backend\\n\"\n"
"kernel 2 (localhost):"
"\"\"\n"
"kernel 2 (localhost):"
"\"EXACT_POLYNOMIAL_ACCEPTED \"InputForm[{40, CutIntegral[\"R04\", {1, 1, 1, 1}]}]\" seconds \"0.453292`6.107923047903185\" bytes \"716536\n"
"kernel 2 (localhost):"
"\"REAL_MASTER_COEFFICIENT \"\"Hgg\"\" \"40\" \"InputForm[CutIntegral[\"R09\", {1, 1, 1, 1}]]\n"
"kernel 2 (localhost):"
"\"EXACT_POLYNOMIAL_BACKEND_START \"InputForm[{40, CutIntegral[\"R09\", {1, 1, 1, 1}]}]\" terms \"2\" bytes \"45388\n"
"kernel 2 (localhost):"
"\"EXACT_POLYNOMIAL_SUM production_sum 2 2 0.023\\nPASS: exact polynomial comparison backend\\n\"\n"
"kernel 2 (localhost):"
"\"\"\n"
"kernel 2 (localhost):"
"\"EXACT_POLYNOMIAL_ACCEPTED \"InputForm[{40, CutIntegral[\"R09\", {1, 1, 1, 1}]}]\" seconds \"0.33021`5.970335214691248\" bytes \"1136608\n"
"kernel 2 (localhost):"
"\"REAL_MASTER_COEFFICIENT \"\"Hgg\"\" \"40\" \"InputForm[CutIntegral[\"R10\", {1, 1, 1, 1}]]\n"
"kernel 2 (localhost):"
"\"EXACT_POLYNOMIAL_BACKEND_START \"InputForm[{40, CutIntegral[\"R10\", {1, 1, 1, 1}]}]\" terms \"8\" bytes \"42420\n"
"kernel 2 (localhost):"
"\"EXACT_POLYNOMIAL_SUM production_sum 8 8 0.009\\nPASS: exact polynomial comparison backend\\n\"\n"
"kernel 2 (localhost):"
"\"\"\n"
"kernel 2 (localhost):"
"\"EXACT_POLYNOMIAL_ACCEPTED \"InputForm[{40, CutIntegral[\"R10\", {1, 1, 1, 1}]}]\" seconds \"0.325498`5.964093317915906\" bytes \"308528\n"
"kernel 2 (localhost):"
"\"PASS: \"\"complete linear reduced coefficient reconstruction\"\n"
"kernel 2 (localhost):"
"\"PASS: \"\"reduced coefficients are scalar rational expressions\"\n"
"kernel 1 (localhost):"
"\"EXACT_POLYNOMIAL_TRANSFER \"\"production_sum\"\" \"64\"/\"89\n"
"kernel 1 (localhost):"
"\"EXACT_POLYNOMIAL_BACKEND_START \"InputForm[{41, CutIntegral[\"R03\", {1, 1, 0, 1}]}]\" terms \"89\" bytes \"5097526\n"
"kernel 1 (localhost):"
"\"EXACT_POLYNOMIAL_SUM production_sum 16 89 3.736\\nEXACT_POLYNOMIAL_SUM production_sum 32 89 4.124\\nEXACT_POLYNOMIAL_SUM production_sum 48 89 4.454\\nEXACT_POLYNOMIAL_SUM production_sum 64 89 4.786\\nEXACT_POLYNOMIAL_SUM production_sum 80 89 5.045\\nEXACT_POLYNOMIAL_SUM production_sum 89 89 5.134\\nPASS: exact polynomial comparison backend\\n\"\n"
"kernel 1 (localhost):"
"\"\"\n"
"kernel 1 (localhost):"
"\"EXACT_POLYNOMIAL_ACCEPTED \"InputForm[{41, CutIntegral[\"R03\", {1, 1, 0, 1}]}]\" seconds \"20.222239`7.7573742323628165\" bytes \"5839744\n"
"kernel 1 (localhost):"
"\"REAL_MASTER_COEFFICIENT \"\"Hgg\"\" \"41\" \"InputForm[CutIntegral[\"R03\", {1, 1, 1, 1}]]\n"
"kernel 1 (localhost):"
"\"EXACT_POLYNOMIAL_BACKEND_START \"InputForm[{41, CutIntegral[\"R03\", {1, 1, 1, 1}]}]\" terms \"2\" bytes \"9666\n"
"kernel 1 (localhost):"
"\"EXACT_POLYNOMIAL_SUM production_sum 2 2 0.011\\nPASS: exact polynomial comparison backend\\n\"\n"
"kernel 1 (localhost):"
"\"\"\n"
"kernel 1 (localhost):"
"\"EXACT_POLYNOMIAL_ACCEPTED \"InputForm[{41, CutIntegral[\"R03\", {1, 1, 1, 1}]}]\" seconds \"0.235782`5.824055640739097\" bytes \"622944\n"
"kernel 1 (localhost):"
"\"REAL_MASTER_COEFFICIENT \"\"Hgg\"\" \"41\" \"InputForm[CutIntegral[\"R04\", {1, 1, 1, 1}]]\n"
"kernel 1 (localhost):"
"\"EXACT_POLYNOMIAL_BACKEND_START \"InputForm[{41, CutIntegral[\"R04\", {1, 1, 1, 1}]}]\" terms \"8\" bytes \"88478\n"
"kernel 1 (localhost):"
"\"EXACT_POLYNOMIAL_SUM production_sum 8 8 0.027\\nPASS: exact polynomial comparison backend\\n\"\n"
"kernel 1 (localhost):"
"\"\"\n"
"kernel 1 (localhost):"
"\"EXACT_POLYNOMIAL_ACCEPTED \"InputForm[{41, CutIntegral[\"R04\", {1, 1, 1, 1}]}]\" seconds \"0.49077`6.142423000622119\" bytes \"775984\n"
"kernel 1 (localhost):"
"\"REAL_MASTER_COEFFICIENT \"\"Hgg\"\" \"41\" \"InputForm[CutIntegral[\"R09\", {1, 1, 1, 1}]]\n"
"kernel 1 (localhost):"
"\"EXACT_POLYNOMIAL_BACKEND_START \"InputForm[{41, CutIntegral[\"R09\", {1, 1, 1, 1}]}]\" terms \"2\" bytes \"35054\n"
"kernel 1 (localhost):"
"\"EXACT_POLYNOMIAL_SUM production_sum 2 2 0.026\\nPASS: exact polynomial comparison backend\\n\"\n"
"kernel 1 (localhost):"
"\"\"\n"
"kernel 1 (localhost):"
"\"EXACT_POLYNOMIAL_ACCEPTED \"InputForm[{41, CutIntegral[\"R09\", {1, 1, 1, 1}]}]\" seconds \"0.350972`5.996817464005832\" bytes \"1211504\n"
"kernel 1 (localhost):"
"\"REAL_MASTER_COEFFICIENT \"\"Hgg\"\" \"41\" \"InputForm[CutIntegral[\"R10\", {1, 1, 1, 1}]]\n"
"kernel 1 (localhost):"
"\"EXACT_POLYNOMIAL_BACKEND_START \"InputForm[{41, CutIntegral[\"R10\", {1, 1, 1, 1}]}]\" terms \"8\" bytes \"33802\n"
"kernel 1 (localhost):"
"\"EXACT_POLYNOMIAL_SUM production_sum 8 8 0.01\\nPASS: exact polynomial comparison backend\\n\"\n"
"kernel 1 (localhost):"
"\"\"\n"
"kernel 1 (localhost):"
"\"EXACT_POLYNOMIAL_ACCEPTED \"InputForm[{41, CutIntegral[\"R10\", {1, 1, 1, 1}]}]\" seconds \"0.315392`5.950395666636232\" bytes \"292296\n"
"kernel 1 (localhost):"
"\"PASS: \"\"complete linear reduced coefficient reconstruction\"\n"
"kernel 1 (localhost):"
"\"PASS: \"\"reduced coefficients are scalar rational expressions\"\n"
"kernel 2 (localhost):"
"\"REAL_MAP_ACCEPTED \"\"Hgg\"\" \"40\n"
"kernel 2 (localhost):"
"\"PASS: \"\"complete reduced output accepted before storage projection\"\n"
"kernel 2 (localhost):"
"\"PASS: \"\"exact downstream coefficient interface\"\n"
"kernel 2 (localhost):"
"\"REAL_MAP \"\"Hgg\"\" \"42\"/\"98\" \"<|\"Sector\" -> \"Real\", \"Kind\" -> \"ExtendedResponse\", \"Index\" -> {4, 3, 3}|>\" kernel \"2\n"
"kernel 2 (localhost):"
"\"PASS: \"\"exact saved raw file\"\n"
"kernel 2 (localhost):"
"\"PASS: \"\"raw reader returns complete original record\"\n"
"kernel 2 (localhost):"
"\"PASS: \"\"raw component retains executed reconstruction\"\n"
"kernel 2 (localhost):"
"\"PASS: \"\"known rules end in saved masters\"\n"
"kernel 2 (localhost):"
"\"PASS: \"\"exact individual reduction-rule reconstruction\"\n"
"kernel 2 (localhost):"
"\"REAL_MASTER_COEFFICIENT \"\"Hgg\"\" \"42\" \"InputForm[CutIntegral[\"R01\", {1, 1, 0, 0}]]\n"
"kernel 2 (localhost):"
"\"PASS: \"\"exact polynomial transfer supports rational coefficients\"\n"
"kernel 2 (localhost):"
"\"PASS: \"\"unassigned exact polynomial variables\"\n"
"kernel 2 (localhost):"
"\"PASS: \"\"native JSON header shape\"\n"
"kernel 2 (localhost):"
"\"PASS: \"\"complete polynomial variable support\"\n"
"kernel 2 (localhost):"
"\"PASS: \"\"exported polynomial denominator reconstructs\"\n"
"kernel 2 (localhost):"
"\"PASS: \"\"native polynomial text reconstructs\"\n"
"kernel 2 (localhost):"
"\"PASS: \"\"native JSON term reconstructs\"\n"
"kernel 1 (localhost):"
"\"REAL_MAP_ACCEPTED \"\"Hgg\"\" \"41\n"
"kernel 1 (localhost):"
"\"PASS: \"\"complete reduced output accepted before storage projection\"\n"
"kernel 1 (localhost):"
"\"PASS: \"\"exact downstream coefficient interface\"\n"
"kernel 1 (localhost):"
"\"REAL_MAP \"\"Hgg\"\" \"43\"/\"98\" \"<|\"Sector\" -> \"Real\", \"Kind\" -> \"ExtendedResponse\", \"Index\" -> {4, 3, 4}|>\" kernel \"1\n"
"kernel 1 (localhost):"
"\"PASS: \"\"exact saved raw file\"\n"
"kernel 1 (localhost):"
"\"PASS: \"\"raw reader returns complete original record\"\n"
"kernel 1 (localhost):"
"\"PASS: \"\"raw component retains executed reconstruction\"\n"
"kernel 1 (localhost):"
"\"PASS: \"\"known rules end in saved masters\"\n"
"kernel 1 (localhost):"
"\"PASS: \"\"complete linear reduced coefficient reconstruction\"\n"
"kernel 1 (localhost):"
"\"PASS: \"\"reduced coefficients are scalar rational expressions\"\n"
"kernel 1 (localhost):"
"\"PASS: \"\"compressed scalar map below file bound\"\n"
"kernel 1 (localhost):"
"\"PASS: \"\"compressed scalar map exact round trip\"\n"
"kernel 1 (localhost):"
"\"REAL_MAP_ACCEPTED \"\"Hgg\"\" \"43\n"
"kernel 1 (localhost):"
"\"PASS: \"\"complete reduced output accepted before storage projection\"\n"
"kernel 1 (localhost):"
"\"PASS: \"\"exact downstream coefficient interface\"\n"
"kernel 1 (localhost):"
"\"REAL_MAP \"\"Hgg\"\" \"44\"/\"98\" \"<|\"Sector\" -> \"Real\", \"Kind\" -> \"ExtendedResponse\", \"Index\" -> {4, 4, 3}|>\" kernel \"1\n"
"kernel 1 (localhost):"
"\"PASS: \"\"exact saved raw file\"\n"
"kernel 1 (localhost):"
"\"PASS: \"\"raw reader returns complete original record\"\n"
"kernel 1 (localhost):"
"\"PASS: \"\"raw component retains executed reconstruction\"\n"
"kernel 1 (localhost):"
"\"PASS: \"\"known rules end in saved masters\"\n"
"kernel 1 (localhost):"
"\"PASS: \"\"complete linear reduced coefficient reconstruction\"\n"
"kernel 1 (localhost):"
"\"PASS: \"\"reduced coefficients are scalar rational expressions\"\n"
"kernel 1 (localhost):"
"\"PASS: \"\"compressed scalar map below file bound\"\n"
"kernel 1 (localhost):"
"\"PASS: \"\"compressed scalar map exact round trip\"\n"
"kernel 1 (localhost):"
"\"REAL_MAP_ACCEPTED \"\"Hgg\"\" \"44\n"
"kernel 1 (localhost):"
"\"PASS: \"\"complete reduced output accepted before storage projection\"\n"
"kernel 1 (localhost):"
"\"PASS: \"\"exact downstream coefficient interface\"\n"
"kernel 1 (localhost):"
"\"REAL_MAP \"\"Hgg\"\" \"45\"/\"98\" \"<|\"Sector\" -> \"Real\", \"Kind\" -> \"ExtendedResponse\", \"Index\" -> {4, 4, 4}|>\" kernel \"1\n"
"kernel 1 (localhost):"
"\"PASS: \"\"exact saved raw file\"\n"
"kernel 2 (localhost):"
"\"EXACT_POLYNOMIAL_TRANSFER \"\"production_sum\"\" \"64\"/\"411\n"
"kernel 1 (localhost):"
"\"PASS: \"\"raw reader returns complete original record\"\n"
"kernel 1 (localhost):"
"\"PASS: \"\"raw component retains executed reconstruction\"\n"
"kernel 1 (localhost):"
"\"PASS: \"\"known rules end in saved masters\"\n"
"kernel 1 (localhost):"
"\"PASS: \"\"exact individual reduction-rule reconstruction\"\n"
"kernel 1 (localhost):"
"\"REAL_MASTER_COEFFICIENT \"\"Hgg\"\" \"45\" \"InputForm[CutIntegral[\"R01\", {1, 1, 0, 0}]]\n"
"kernel 1 (localhost):"
"\"PASS: \"\"exact polynomial transfer supports rational coefficients\"\n"
"kernel 1 (localhost):"
"\"PASS: \"\"unassigned exact polynomial variables\"\n"
"kernel 1 (localhost):"
"\"PASS: \"\"native JSON header shape\"\n"
"kernel 1 (localhost):"
"\"PASS: \"\"complete polynomial variable support\"\n"
"kernel 1 (localhost):"
"\"PASS: \"\"exported polynomial denominator reconstructs\"\n"
"kernel 1 (localhost):"
"\"PASS: \"\"native polynomial text reconstructs\"\n"
"kernel 1 (localhost):"
"\"PASS: \"\"native JSON term reconstructs\"\n"
"kernel 1 (localhost):"
"\"EXACT_POLYNOMIAL_TRANSFER \"\"production_sum\"\" \"64\"/\"305\n"
"kernel 2 (localhost):"
"\"EXACT_POLYNOMIAL_TRANSFER \"\"production_sum\"\" \"128\"/\"411\n"
"kernel 1 (localhost):"
"\"EXACT_POLYNOMIAL_TRANSFER \"\"production_sum\"\" \"128\"/\"305\n"
"kernel 1 (localhost):"
"\"EXACT_POLYNOMIAL_TRANSFER \"\"production_sum\"\" \"192\"/\"305\n"
"kernel 2 (localhost):"
"\"EXACT_POLYNOMIAL_TRANSFER \"\"production_sum\"\" \"192\"/\"411\n"
"kernel 1 (localhost):"
"\"EXACT_POLYNOMIAL_TRANSFER \"\"production_sum\"\" \"256\"/\"305\n"
"kernel 2 (localhost):"
"\"EXACT_POLYNOMIAL_TRANSFER \"\"production_sum\"\" \"256\"/\"411\n"
"kernel 1 (localhost):"
"\"PASS: \"\"bounded polynomial transfer file\"\n"
"kernel 1 (localhost):"
"\"PASS: \"\"unchanged validated exact backend\"\n"
"kernel 1 (localhost):"
"\"EXACT_POLYNOMIAL_BACKEND_START \"InputForm[{45, CutIntegral[\"R01\", {1, 1, 0, 0}]}]\" terms \"305\" bytes \"10993695\n"
"kernel 2 (localhost):"
"\"EXACT_POLYNOMIAL_TRANSFER \"\"production_sum\"\" \"320\"/\"411\n"
"kernel 2 (localhost):"
"\"EXACT_POLYNOMIAL_TRANSFER \"\"production_sum\"\" \"384\"/\"411\n"
"kernel 2 (localhost):"
"\"PASS: \"\"bounded polynomial transfer file\"\n"
"kernel 2 (localhost):"
"\"PASS: \"\"unchanged validated exact backend\"\n"
"kernel 2 (localhost):"
"\"EXACT_POLYNOMIAL_BACKEND_START \"InputForm[{42, CutIntegral[\"R01\", {1, 1, 0, 0}]}]\" terms \"411\" bytes \"16228638\n"
"kernel 1 (localhost):"
"\"EXACT_POLYNOMIAL_SUM production_sum 16 305 5.668\\nEXACT_POLYNOMIAL_SUM production_sum 32 305 6.488\\nEXACT_POLYNOMIAL_SUM production_sum 48 305 7.302\\nEXACT_POLYNOMIAL_SUM production_sum 64 305 8.226\\nEXACT_POLYNOMIAL_SUM production_sum 80 305 8.95\\nEXACT_POLYNOMIAL_SUM production_sum 96 305 9.663\\nEXACT_POLYNOMIAL_SUM production_sum 112 305 10.531\\nEXACT_POLYNOMIAL_SUM production_sum 128 305 11.473\\nEXACT_POLYNOMIAL_SUM production_sum 144 305 12.44\\nEXACT_POLYNOMIAL_SUM production_sum 160 305 13.103\\nEXACT_POLYNOMIAL_SUM production_sum 176 305 13.853\\nEXACT_POLYNOMIAL_SUM production_sum 192 305 14.815\\nEXACT_POLYNOMIAL_SUM production_sum 208 305 15.726\\nEXACT_POLYNOMIAL_SUM production_sum 224 305 16.726\\nEXACT_POLYNOMIAL_SUM production_sum 240 305 17.625\\nEXACT_POLYNOMIAL_SUM production_sum 256 305 18.568\\nEXACT_POLYNOMIAL_SUM production_sum 272 305 19.148\\nEXACT_POLYNOMIAL_SUM production_sum 288 305 19.833\\nEXACT_POLYNOMIAL_SUM production_sum 304 305 20.569\\nEXACT_POLYNOMIAL_SUM production_sum 305 305 20.614\\nPASS: exact polynomial comparison backend\\n\"\n"
"kernel 1 (localhost):"
"\"\"\n"
"kernel 1 (localhost):"
"\"PASS: \"\"exact production backend completed\"\n"
"kernel 1 (localhost):"
"\"PASS: \"\"exact production backend input and source\"\n"
"kernel 1 (localhost):"
"\"PASS: \"\"complete production termwise reconstruction\"\n"
"kernel 1 (localhost):"
"\"PASS: \"\"exact scalar coefficient import\"\n"
"kernel 1 (localhost):"
"\"EXACT_POLYNOMIAL_ACCEPTED \"InputForm[{45, CutIntegral[\"R01\", {1, 1, 0, 0}]}]\" seconds \"42.3866039999999999999`8.07877361593488\" bytes \"4004536\n"
"kernel 1 (localhost):"
"\"PASS: \"\"compressed scalar map below file bound\"\n"
"kernel 1 (localhost):"
"\"PASS: \"\"compressed scalar map exact round trip\"\n"
"kernel 1 (localhost):"
"\"PASS: \"\"master coefficient retains exact reconstruction\"\n"
"kernel 1 (localhost):"
"\"REAL_MASTER_COEFFICIENT \"\"Hgg\"\" \"45\" \"InputForm[CutIntegral[\"R01\", {1, 1, 1, 1}]]\n"
"kernel 1 (localhost):"
"\"EXACT_POLYNOMIAL_BACKEND_START \"InputForm[{45, CutIntegral[\"R01\", {1, 1, 1, 1}]}]\" terms \"2\" bytes \"6132\n"
"kernel 1 (localhost):"
"\"EXACT_POLYNOMIAL_SUM production_sum 2 2 0.001\\nPASS: exact polynomial comparison backend\\n\"\n"
"kernel 1 (localhost):"
"\"\"\n"
"kernel 1 (localhost):"
"\"EXACT_POLYNOMIAL_ACCEPTED \"InputForm[{45, CutIntegral[\"R01\", {1, 1, 1, 1}]}]\" seconds \"0.161066`5.658548866809168\" bytes \"36800\n"
"kernel 1 (localhost):"
"\"REAL_MASTER_COEFFICIENT \"\"Hgg\"\" \"45\" \"InputForm[CutIntegral[\"R02\", {1, 1, 1, 1}]]\n"
"kernel 1 (localhost):"
"\"EXACT_POLYNOMIAL_BACKEND_START \"InputForm[{45, CutIntegral[\"R02\", {1, 1, 1, 1}]}]\" terms \"6\" bytes \"59780\n"
"kernel 1 (localhost):"
"\"EXACT_POLYNOMIAL_SUM production_sum 6 6 0.009\\nPASS: exact polynomial comparison backend\\n\"\n"
"kernel 1 (localhost):"
"\"\"\n"
"kernel 1 (localhost):"
"\"EXACT_POLYNOMIAL_ACCEPTED \"InputForm[{45, CutIntegral[\"R02\", {1, 1, 1, 1}]}]\" seconds \"0.301161`5.930343724034467\" bytes \"506992\n"
"kernel 1 (localhost):"
"\"REAL_MASTER_COEFFICIENT \"\"Hgg\"\" \"45\" \"InputForm[CutIntegral[\"R03\", {1, 1, 0, 1}]]\n"
"kernel 1 (localhost):"
"\"EXACT_POLYNOMIAL_TRANSFER \"\"production_sum\"\" \"64\"/\"77\n"
"kernel 1 (localhost):"
"\"EXACT_POLYNOMIAL_BACKEND_START \"InputForm[{45, CutIntegral[\"R03\", {1, 1, 0, 1}]}]\" terms \"77\" bytes \"1909323\n"
"kernel 1 (localhost):"
"\"EXACT_POLYNOMIAL_SUM production_sum 16 77 1.356\\nEXACT_POLYNOMIAL_SUM production_sum 32 77 1.509\\nEXACT_POLYNOMIAL_SUM production_sum 48 77 1.675\\nEXACT_POLYNOMIAL_SUM production_sum 64 77 1.829\\nEXACT_POLYNOMIAL_SUM production_sum 77 77 1.974\\nPASS: exact polynomial comparison backend\\n\"\n"
"kernel 1 (localhost):"
"\"\"\n"
"kernel 1 (localhost):"
"\"EXACT_POLYNOMIAL_ACCEPTED \"InputForm[{45, CutIntegral[\"R03\", {1, 1, 0, 1}]}]\" seconds \"6.927898`7.292146478399712\" bytes \"5375688\n"
"kernel 1 (localhost):"
"\"REAL_MASTER_COEFFICIENT \"\"Hgg\"\" \"45\" \"InputForm[CutIntegral[\"R03\", {1, 1, 1, 1}]]\n"
"kernel 1 (localhost):"
"\"EXACT_POLYNOMIAL_BACKEND_START \"InputForm[{45, CutIntegral[\"R03\", {1, 1, 1, 1}]}]\" terms \"2\" bytes \"15760\n"
"kernel 1 (localhost):"
"\"EXACT_POLYNOMIAL_SUM production_sum 2 2 0.007\\nPASS: exact polynomial comparison backend\\n\"\n"
"kernel 1 (localhost):"
"\"\"\n"
"kernel 1 (localhost):"
"\"EXACT_POLYNOMIAL_ACCEPTED \"InputForm[{45, CutIntegral[\"R03\", {1, 1, 1, 1}]}]\" seconds \"0.224673`5.803095877861857\" bytes \"412864\n"
"kernel 1 (localhost):"
"\"REAL_MASTER_COEFFICIENT \"\"Hgg\"\" \"45\" \"InputForm[CutIntegral[\"R04\", {1, 1, 1, 1}]]\n"
"kernel 1 (localhost):"
"\"EXACT_POLYNOMIAL_BACKEND_START \"InputForm[{45, CutIntegral[\"R04\", {1, 1, 1, 1}]}]\" terms \"8\" bytes \"52944\n"
"kernel 1 (localhost):"
"\"EXACT_POLYNOMIAL_SUM production_sum 8 8 0.014\\nPASS: exact polynomial comparison backend\\n\"\n"
"kernel 1 (localhost):"
"\"\"\n"
"kernel 1 (localhost):"
"\"EXACT_POLYNOMIAL_ACCEPTED \"InputForm[{45, CutIntegral[\"R04\", {1, 1, 1, 1}]}]\" seconds \"0.33073`5.97101858436833\" bytes \"478064\n"
"kernel 1 (localhost):"
"\"REAL_MASTER_COEFFICIENT \"\"Hgg\"\" \"45\" \"InputForm[CutIntegral[\"R09\", {1, 1, 1, 1}]]\n"
"kernel 1 (localhost):"
"\"EXACT_POLYNOMIAL_BACKEND_START \"InputForm[{45, CutIntegral[\"R09\", {1, 1, 1, 1}]}]\" terms \"2\" bytes \"23958\n"
"kernel 1 (localhost):"
"\"EXACT_POLYNOMIAL_SUM production_sum 2 2 0.013\\nPASS: exact polynomial comparison backend\\n\"\n"
"kernel 1 (localhost):"
"\"\"\n"
"kernel 1 (localhost):"
"\"EXACT_POLYNOMIAL_ACCEPTED \"InputForm[{45, CutIntegral[\"R09\", {1, 1, 1, 1}]}]\" seconds \"0.259029`5.86489338242251\" bytes \"608400\n"
"kernel 1 (localhost):"
"\"REAL_MASTER_COEFFICIENT \"\"Hgg\"\" \"45\" \"InputForm[CutIntegral[\"R10\", {1, 1, 1, 1}]]\n"
"kernel 1 (localhost):"
"\"EXACT_POLYNOMIAL_BACKEND_START \"InputForm[{45, CutIntegral[\"R10\", {1, 1, 1, 1}]}]\" terms \"8\" bytes \"28348\n"
"kernel 1 (localhost):"
"\"EXACT_POLYNOMIAL_SUM production_sum 8 8 0.008\\nPASS: exact polynomial comparison backend\\n\"\n"
"kernel 1 (localhost):"
"\"\"\n"
"kernel 1 (localhost):"
"\"EXACT_POLYNOMIAL_ACCEPTED \"InputForm[{45, CutIntegral[\"R10\", {1, 1, 1, 1}]}]\" seconds \"0.272359`5.88668672443891\" bytes \"239744\n"
"kernel 1 (localhost):"
"\"PASS: \"\"complete linear reduced coefficient reconstruction\"\n"
"kernel 1 (localhost):"
"\"PASS: \"\"reduced coefficients are scalar rational expressions\"\n"
"kernel 1 (localhost):"
"\"REAL_MAP_ACCEPTED \"\"Hgg\"\" \"45\n"
"kernel 1 (localhost):"
"\"PASS: \"\"complete reduced output accepted before storage projection\"\n"
"kernel 1 (localhost):"
"\"PASS: \"\"exact downstream coefficient interface\"\n"
"kernel 1 (localhost):"
"\"REAL_MAP \"\"Hgg\"\" \"46\"/\"98\" \"<|\"Sector\" -> \"Real\", \"Kind\" -> \"ExtendedResponse\", \"Index\" -> {4, 5, 1}|>\" kernel \"1\n"
"kernel 1 (localhost):"
"\"PASS: \"\"exact saved raw file\"\n"
"kernel 1 (localhost):"
"\"PASS: \"\"raw reader returns complete original record\"\n"
"kernel 1 (localhost):"
"\"PASS: \"\"raw component retains executed reconstruction\"\n"
"kernel 1 (localhost):"
"\"PASS: \"\"known rules end in saved masters\"\n"
"kernel 1 (localhost):"
"\"PASS: \"\"exact individual reduction-rule reconstruction\"\n"
"kernel 1 (localhost):"
"\"REAL_MASTER_COEFFICIENT \"\"Hgg\"\" \"46\" \"InputForm[CutIntegral[\"R01\", {1, 1, 0, 0}]]\n"
"kernel 1 (localhost):"
"\"PASS: \"\"exact polynomial transfer supports rational coefficients\"\n"
"kernel 1 (localhost):"
"\"PASS: \"\"unassigned exact polynomial variables\"\n"
"kernel 1 (localhost):"
"\"PASS: \"\"native JSON header shape\"\n"
"kernel 1 (localhost):"
"\"PASS: \"\"complete polynomial variable support\"\n"
"kernel 1 (localhost):"
"\"PASS: \"\"exported polynomial denominator reconstructs\"\n"
"kernel 1 (localhost):"
"\"PASS: \"\"native polynomial text reconstructs\"\n"
"kernel 1 (localhost):"
"\"PASS: \"\"native JSON term reconstructs\"\n"
"kernel 1 (localhost):"
"\"EXACT_POLYNOMIAL_TRANSFER \"\"production_sum\"\" \"64\"/\"411\n"
"kernel 1 (localhost):"
"\"EXACT_POLYNOMIAL_TRANSFER \"\"production_sum\"\" \"128\"/\"411\n"
"kernel 2 (localhost):"
"\"EXACT_POLYNOMIAL_SUM production_sum 16 411 11.081\\nEXACT_POLYNOMIAL_SUM production_sum 32 411 12.183\\nEXACT_POLYNOMIAL_SUM production_sum 48 411 13.653\\nEXACT_POLYNOMIAL_SUM production_sum 64 411 15.007\\nEXACT_POLYNOMIAL_SUM production_sum 80 411 16.875\\nEXACT_POLYNOMIAL_SUM production_sum 96 411 18.526\\nEXACT_POLYNOMIAL_SUM production_sum 112 411 20.094\\nEXACT_POLYNOMIAL_SUM production_sum 128 411 21.84\\nEXACT_POLYNOMIAL_SUM production_sum 144 411 23.952\\nEXACT_POLYNOMIAL_SUM production_sum 160 411 26.028\\nEXACT_POLYNOMIAL_SUM production_sum 176 411 27.859\\nEXACT_POLYNOMIAL_SUM production_sum 192 411 29.902\\nEXACT_POLYNOMIAL_SUM production_sum 208 411 31.93\\nEXACT_POLYNOMIAL_SUM production_sum 224 411 33.732\\nEXACT_POLYNOMIAL_SUM production_sum 240 411 35.486\\nEXACT_POLYNOMIAL_SUM production_sum 256 411 36.678\\nEXACT_POLYNOMIAL_SUM production_sum 272 411 37.48\\nEXACT_POLYNOMIAL_SUM production_sum 288 411 38.982\\nEXACT_POLYNOMIAL_SUM production_sum 304 411 40.699\\nEXACT_POLYNOMIAL_SUM production_sum 320 411 42.296\\nEXACT_POLYNOMIAL_SUM production_sum 336 411 43.485\\nEXACT_POLYNOMIAL_SUM production_sum 352 411 44.686\\nEXACT_POLYNOMIAL_SUM production_sum 368 411 46.097\\nEXACT_POLYNOMIAL_SUM production_sum 384 411 47.27\\nEXACT_POLYNOMIAL_SUM production_sum 400 411 48.764\\nEXACT_POLYNOMIAL_SUM production_sum 411 411 49.662\\nPASS: exact polynomial comparison backend\\n\"\n"
"kernel 2 (localhost):"
"\"\"\n"
"kernel 2 (localhost):"
"\"PASS: \"\"exact production backend completed\"\n"
"kernel 2 (localhost):"
"\"PASS: \"\"exact production backend input and source\"\n"
"kernel 2 (localhost):"
"\"PASS: \"\"complete production termwise reconstruction\"\n"
"kernel 2 (localhost):"
"\"PASS: \"\"exact scalar coefficient import\"\n"
"kernel 2 (localhost):"
"\"EXACT_POLYNOMIAL_ACCEPTED \"InputForm[{42, CutIntegral[\"R01\", {1, 1, 0, 0}]}]\" seconds \"85.881537`8.385444801787495\" bytes \"4863976\n"
"kernel 2 (localhost):"
"\"PASS: \"\"compressed scalar map below file bound\"\n"
"kernel 2 (localhost):"
"\"PASS: \"\"compressed scalar map exact round trip\"\n"
"kernel 2 (localhost):"
"\"PASS: \"\"master coefficient retains exact reconstruction\"\n"
"kernel 2 (localhost):"
"\"REAL_MASTER_COEFFICIENT \"\"Hgg\"\" \"42\" \"InputForm[CutIntegral[\"R01\", {1, 1, 1, 1}]]\n"
"kernel 2 (localhost):"
"\"EXACT_POLYNOMIAL_BACKEND_START \"InputForm[{42, CutIntegral[\"R01\", {1, 1, 1, 1}]}]\" terms \"2\" bytes \"7484\n"
"kernel 2 (localhost):"
"\"EXACT_POLYNOMIAL_SUM production_sum 2 2 0.002\\nPASS: exact polynomial comparison backend\\n\"\n"
"kernel 2 (localhost):"
"\"\"\n"
"kernel 2 (localhost):"
"\"EXACT_POLYNOMIAL_ACCEPTED \"InputForm[{42, CutIntegral[\"R01\", {1, 1, 1, 1}]}]\" seconds \"0.1845829999999999999`5.717736693727755\" bytes \"47832\n"
"kernel 2 (localhost):"
"\"REAL_MASTER_COEFFICIENT \"\"Hgg\"\" \"42\" \"InputForm[CutIntegral[\"R02\", {1, 1, 1, 1}]]\n"
"kernel 2 (localhost):"
"\"EXACT_POLYNOMIAL_BACKEND_START \"InputForm[{42, CutIntegral[\"R02\", {1, 1, 1, 1}]}]\" terms \"8\" bytes \"21292\n"
"kernel 2 (localhost):"
"\"EXACT_POLYNOMIAL_SUM production_sum 8 8 0.004\\nPASS: exact polynomial comparison backend\\n\"\n"
"kernel 2 (localhost):"
"\"\"\n"
"kernel 2 (localhost):"
"\"EXACT_POLYNOMIAL_ACCEPTED \"InputForm[{42, CutIntegral[\"R02\", {1, 1, 1, 1}]}]\" seconds \"0.238974`5.829895646449282\" bytes \"146112\n"
"kernel 2 (localhost):"
"\"REAL_MASTER_COEFFICIENT \"\"Hgg\"\" \"42\" \"InputForm[CutIntegral[\"R03\", {1, 1, 0, 1}]]\n"
"kernel 1 (localhost):"
"\"EXACT_POLYNOMIAL_TRANSFER \"\"production_sum\"\" \"192\"/\"411\n"
"kernel 2 (localhost):"
"\"EXACT_POLYNOMIAL_TRANSFER \"\"production_sum\"\" \"64\"/\"89\n"
"kernel 2 (localhost):"
"\"EXACT_POLYNOMIAL_BACKEND_START \"InputForm[{42, CutIntegral[\"R03\", {1, 1, 0, 1}]}]\" terms \"89\" bytes \"2843331\n"
"kernel 1 (localhost):"
"\"EXACT_POLYNOMIAL_TRANSFER \"\"production_sum\"\" \"256\"/\"411\n"
"kernel 2 (localhost):"
"\"EXACT_POLYNOMIAL_SUM production_sum 16 89 2.016\\nEXACT_POLYNOMIAL_SUM production_sum 32 89 2.203\\nEXACT_POLYNOMIAL_SUM production_sum 48 89 2.373\\nEXACT_POLYNOMIAL_SUM production_sum 64 89 2.571\\nEXACT_POLYNOMIAL_SUM production_sum 80 89 2.72\\nEXACT_POLYNOMIAL_SUM production_sum 89 89 2.778\\nPASS: exact polynomial comparison backend\\n\"\n"
"kernel 2 (localhost):"
"\"\"\n"
"kernel 2 (localhost):"
"\"EXACT_POLYNOMIAL_ACCEPTED \"InputForm[{42, CutIntegral[\"R03\", {1, 1, 0, 1}]}]\" seconds \"10.282673`7.463651018491025\" bytes \"4478856\n"
"kernel 2 (localhost):"
"\"REAL_MASTER_COEFFICIENT \"\"Hgg\"\" \"42\" \"InputForm[CutIntegral[\"R03\", {1, 1, 1, 1}]]\n"
"kernel 2 (localhost):"
"\"EXACT_POLYNOMIAL_BACKEND_START \"InputForm[{42, CutIntegral[\"R03\", {1, 1, 1, 1}]}]\" terms \"2\" bytes \"11780\n"
"kernel 2 (localhost):"
"\"EXACT_POLYNOMIAL_SUM production_sum 2 2 0.009\\nPASS: exact polynomial comparison backend\\n\"\n"
"kernel 2 (localhost):"
"\"\"\n"
"kernel 2 (localhost):"
"\"EXACT_POLYNOMIAL_ACCEPTED \"InputForm[{42, CutIntegral[\"R03\", {1, 1, 1, 1}]}]\" seconds \"0.224413`5.802593005013846\" bytes \"323784\n"
"kernel 2 (localhost):"
"\"REAL_MASTER_COEFFICIENT \"\"Hgg\"\" \"42\" \"InputForm[CutIntegral[\"R04\", {1, 1, 1, 1}]]\n"
"kernel 2 (localhost):"
"\"EXACT_POLYNOMIAL_BACKEND_START \"InputForm[{42, CutIntegral[\"R04\", {1, 1, 1, 1}]}]\" terms \"8\" bytes \"50776\n"
"kernel 2 (localhost):"
"\"EXACT_POLYNOMIAL_SUM production_sum 8 8 0.013\\nPASS: exact polynomial comparison backend\\n\"\n"
"kernel 2 (localhost):"
"\"\"\n"
"kernel 2 (localhost):"
"\"EXACT_POLYNOMIAL_ACCEPTED \"InputForm[{42, CutIntegral[\"R04\", {1, 1, 1, 1}]}]\" seconds \"0.318338`5.954433476934069\" bytes \"301408\n"
"kernel 2 (localhost):"
"\"REAL_MASTER_COEFFICIENT \"\"Hgg\"\" \"42\" \"InputForm[CutIntegral[\"R09\", {1, 1, 1, 1}]]\n"
"kernel 2 (localhost):"
"\"EXACT_POLYNOMIAL_BACKEND_START \"InputForm[{42, CutIntegral[\"R09\", {1, 1, 1, 1}]}]\" terms \"2\" bytes \"23094\n"
"kernel 2 (localhost):"
"\"EXACT_POLYNOMIAL_SUM production_sum 2 2 0.011\\nPASS: exact polynomial comparison backend\\n\"\n"
"kernel 2 (localhost):"
"\"\"\n"
"kernel 2 (localhost):"
"\"EXACT_POLYNOMIAL_ACCEPTED \"InputForm[{42, CutIntegral[\"R09\", {1, 1, 1, 1}]}]\" seconds \"0.2688299999999999999`5.881022725539428\" bytes \"588448\n"
"kernel 2 (localhost):"
"\"REAL_MASTER_COEFFICIENT \"\"Hgg\"\" \"42\" \"InputForm[CutIntegral[\"R10\", {1, 1, 1, 1}]]\n"
"kernel 2 (localhost):"
"\"EXACT_POLYNOMIAL_BACKEND_START \"InputForm[{42, CutIntegral[\"R10\", {1, 1, 1, 1}]}]\" terms \"8\" bytes \"26402\n"
"kernel 2 (localhost):"
"\"EXACT_POLYNOMIAL_SUM production_sum 8 8 0.008\\nPASS: exact polynomial comparison backend\\n\"\n"
"kernel 2 (localhost):"
"\"\"\n"
"kernel 2 (localhost):"
"\"EXACT_POLYNOMIAL_ACCEPTED \"InputForm[{42, CutIntegral[\"R10\", {1, 1, 1, 1}]}]\" seconds \"0.273521`5.88853566907951\" bytes \"154128\n"
"kernel 2 (localhost):"
"\"PASS: \"\"complete linear reduced coefficient reconstruction\"\n"
"kernel 2 (localhost):"
"\"PASS: \"\"reduced coefficients are scalar rational expressions\"\n"
"kernel 1 (localhost):"
"\"EXACT_POLYNOMIAL_TRANSFER \"\"production_sum\"\" \"320\"/\"411\n"
"kernel 1 (localhost):"
"\"EXACT_POLYNOMIAL_TRANSFER \"\"production_sum\"\" \"384\"/\"411\n"
"kernel 1 (localhost):"
"\"PASS: \"\"bounded polynomial transfer file\"\n"
"kernel 1 (localhost):"
"\"PASS: \"\"unchanged validated exact backend\"\n"
"kernel 1 (localhost):"
"\"EXACT_POLYNOMIAL_BACKEND_START \"InputForm[{46, CutIntegral[\"R01\", {1, 1, 0, 0}]}]\" terms \"411\" bytes \"19203028\n"
"kernel 2 (localhost):"
"\"REAL_MAP_ACCEPTED \"\"Hgg\"\" \"42\n"
"kernel 2 (localhost):"
"\"PASS: \"\"complete reduced output accepted before storage projection\"\n"
"kernel 2 (localhost):"
"\"PASS: \"\"exact downstream coefficient interface\"\n"
"kernel 2 (localhost):"
"\"REAL_MAP \"\"Hgg\"\" \"47\"/\"98\" \"<|\"Sector\" -> \"Real\", \"Kind\" -> \"ExtendedResponse\", \"Index\" -> {4, 5, 2}|>\" kernel \"2\n"
"kernel 2 (localhost):"
"\"PASS: \"\"exact saved raw file\"\n"
"kernel 2 (localhost):"
"\"PASS: \"\"raw reader returns complete original record\"\n"
"kernel 2 (localhost):"
"\"PASS: \"\"raw component retains executed reconstruction\"\n"
"kernel 2 (localhost):"
"\"PASS: \"\"known rules end in saved masters\"\n"
"kernel 2 (localhost):"
"\"PASS: \"\"exact individual reduction-rule reconstruction\"\n"
"kernel 2 (localhost):"
"\"REAL_MASTER_COEFFICIENT \"\"Hgg\"\" \"47\" \"InputForm[CutIntegral[\"R01\", {1, 1, 0, 0}]]\n"
"kernel 2 (localhost):"
"\"PASS: \"\"exact polynomial transfer supports rational coefficients\"\n"
"kernel 2 (localhost):"
"\"PASS: \"\"unassigned exact polynomial variables\"\n"
"kernel 2 (localhost):"
"\"PASS: \"\"native JSON header shape\"\n"
"kernel 2 (localhost):"
"\"PASS: \"\"complete polynomial variable support\"\n"
"kernel 2 (localhost):"
"\"PASS: \"\"exported polynomial denominator reconstructs\"\n"
"kernel 2 (localhost):"
"\"PASS: \"\"native polynomial text reconstructs\"\n"
"kernel 2 (localhost):"
"\"PASS: \"\"native JSON term reconstructs\"\n"
"kernel 2 (localhost):"
"\"EXACT_POLYNOMIAL_TRANSFER \"\"production_sum\"\" \"64\"/\"411\n"
"kernel 2 (localhost):"
"\"EXACT_POLYNOMIAL_TRANSFER \"\"production_sum\"\" \"128\"/\"411\n"
"kernel 2 (localhost):"
"\"EXACT_POLYNOMIAL_TRANSFER \"\"production_sum\"\" \"192\"/\"411\n"
"kernel 2 (localhost):"
"\"EXACT_POLYNOMIAL_TRANSFER \"\"production_sum\"\" \"256\"/\"411\n"
"kernel 2 (localhost):"
"\"EXACT_POLYNOMIAL_TRANSFER \"\"production_sum\"\" \"320\"/\"411\n"
"kernel 2 (localhost):"
"\"EXACT_POLYNOMIAL_TRANSFER \"\"production_sum\"\" \"384\"/\"411\n"
"kernel 2 (localhost):"
"\"PASS: \"\"bounded polynomial transfer file\"\n"
"kernel 2 (localhost):"
"\"PASS: \"\"unchanged validated exact backend\"\n"
"kernel 2 (localhost):"
"\"EXACT_POLYNOMIAL_BACKEND_START \"InputForm[{47, CutIntegral[\"R01\", {1, 1, 0, 0}]}]\" terms \"411\" bytes \"18712307\n"
"kernel 1 (localhost):"
"\"EXACT_POLYNOMIAL_SUM production_sum 16 411 13.87\\nEXACT_POLYNOMIAL_SUM production_sum 32 411 16.197\\nEXACT_POLYNOMIAL_SUM production_sum 48 411 18.13\\nEXACT_POLYNOMIAL_SUM production_sum 64 411 19.99\\nEXACT_POLYNOMIAL_SUM production_sum 80 411 22.227\\nEXACT_POLYNOMIAL_SUM production_sum 96 411 24.53\\nEXACT_POLYNOMIAL_SUM production_sum 112 411 26.855\\nEXACT_POLYNOMIAL_SUM production_sum 128 411 29.092\\nEXACT_POLYNOMIAL_SUM production_sum 144 411 31.439\\nEXACT_POLYNOMIAL_SUM production_sum 160 411 33.874\\nEXACT_POLYNOMIAL_SUM production_sum 176 411 36.224\\nEXACT_POLYNOMIAL_SUM production_sum 192 411 38.402\\nEXACT_POLYNOMIAL_SUM production_sum 208 411 40.706\\nEXACT_POLYNOMIAL_SUM production_sum 224 411 42.487\\nEXACT_POLYNOMIAL_SUM production_sum 240 411 43.908\\nEXACT_POLYNOMIAL_SUM production_sum 256 411 45.406\\nEXACT_POLYNOMIAL_SUM production_sum 272 411 46.657\\nEXACT_POLYNOMIAL_SUM production_sum 288 411 48.304\\nEXACT_POLYNOMIAL_SUM production_sum 304 411 49.348\\nEXACT_POLYNOMIAL_SUM production_sum 320 411 50.733\\nEXACT_POLYNOMIAL_SUM production_sum 336 411 51.818\\nEXACT_POLYNOMIAL_SUM production_sum 352 411 53.436\\nEXACT_POLYNOMIAL_SUM production_sum 368 411 54.667\\nEXACT_POLYNOMIAL_SUM production_sum 384 411 55.753\\nEXACT_POLYNOMIAL_SUM production_sum 400 411 57.239\\nEXACT_POLYNOMIAL_SUM production_sum 411 411 57.945\\nPASS: exact polynomial comparison backend\\n\"\n"
"kernel 1 (localhost):"
"\"\"\n"
"kernel 1 (localhost):"
"\"PASS: \"\"exact production backend completed\"\n"
"kernel 1 (localhost):"
"\"PASS: \"\"exact production backend input and source\"\n"
"kernel 1 (localhost):"
"\"PASS: \"\"complete production termwise reconstruction\"\n"
"kernel 1 (localhost):"
"\"PASS: \"\"exact scalar coefficient import\"\n"
"kernel 1 (localhost):"
"\"EXACT_POLYNOMIAL_ACCEPTED \"InputForm[{46, CutIntegral[\"R01\", {1, 1, 0, 0}]}]\" seconds \"97.003022`8.438330257839336\" bytes \"5667664\n"
"kernel 1 (localhost):"
"\"PASS: \"\"compressed scalar map below file bound\"\n"
"kernel 1 (localhost):"
"\"PASS: \"\"compressed scalar map exact round trip\"\n"
"kernel 1 (localhost):"
"\"PASS: \"\"master coefficient retains exact reconstruction\"\n"
"kernel 1 (localhost):"
"\"REAL_MASTER_COEFFICIENT \"\"Hgg\"\" \"46\" \"InputForm[CutIntegral[\"R01\", {1, 1, 1, 1}]]\n"
"kernel 1 (localhost):"
"\"EXACT_POLYNOMIAL_BACKEND_START \"InputForm[{46, CutIntegral[\"R01\", {1, 1, 1, 1}]}]\" terms \"2\" bytes \"12470\n"
"kernel 1 (localhost):"
"\"EXACT_POLYNOMIAL_SUM production_sum 2 2 0.002\\nPASS: exact polynomial comparison backend\\n\"\n"
"kernel 1 (localhost):"
"\"\"\n"
"kernel 1 (localhost):"
"\"EXACT_POLYNOMIAL_ACCEPTED \"InputForm[{46, CutIntegral[\"R01\", {1, 1, 1, 1}]}]\" seconds \"0.192991`5.737082049957248\" bytes \"107712\n"
"kernel 1 (localhost):"
"\"REAL_MASTER_COEFFICIENT \"\"Hgg\"\" \"46\" \"InputForm[CutIntegral[\"R02\", {1, 1, 1, 1}]]\n"
"kernel 1 (localhost):"
"\"EXACT_POLYNOMIAL_BACKEND_START \"InputForm[{46, CutIntegral[\"R02\", {1, 1, 1, 1}]}]\" terms \"8\" bytes \"103108\n"
"kernel 1 (localhost):"
"\"EXACT_POLYNOMIAL_SUM production_sum 8 8 0.027\\nPASS: exact polynomial comparison backend\\n\"\n"
"kernel 1 (localhost):"
"\"\"\n"
"kernel 1 (localhost):"
"\"EXACT_POLYNOMIAL_ACCEPTED \"InputForm[{46, CutIntegral[\"R02\", {1, 1, 1, 1}]}]\" seconds \"0.437853`6.092873323168266\" bytes \"857560\n"
"kernel 1 (localhost):"
"\"REAL_MASTER_COEFFICIENT \"\"Hgg\"\" \"46\" \"InputForm[CutIntegral[\"R03\", {1, 1, 0, 1}]]\n"
"kernel 1 (localhost):"
"\"EXACT_POLYNOMIAL_TRANSFER \"\"production_sum\"\" \"64\"/\"89\n"
"kernel 1 (localhost):"
"\"EXACT_POLYNOMIAL_BACKEND_START \"InputForm[{46, CutIntegral[\"R03\", {1, 1, 0, 1}]}]\" terms \"89\" bytes \"3568280\n"
"kernel 1 (localhost):"
"\"EXACT_POLYNOMIAL_SUM production_sum 16 89 2.876\\nEXACT_POLYNOMIAL_SUM production_sum 32 89 3.129\\nEXACT_POLYNOMIAL_SUM production_sum 48 89 3.372\\nEXACT_POLYNOMIAL_SUM production_sum 64 89 3.642\\nEXACT_POLYNOMIAL_SUM production_sum 80 89 3.855\\nEXACT_POLYNOMIAL_SUM production_sum 89 89 3.955\\nPASS: exact polynomial comparison backend\\n\"\n"
"kernel 1 (localhost):"
"\"\"\n"
"kernel 1 (localhost):"
"\"EXACT_POLYNOMIAL_ACCEPTED \"InputForm[{46, CutIntegral[\"R03\", {1, 1, 0, 1}]}]\" seconds \"13.189731`7.571780931846968\" bytes \"6368392\n"
"kernel 1 (localhost):"
"\"REAL_MASTER_COEFFICIENT \"\"Hgg\"\" \"46\" \"InputForm[CutIntegral[\"R03\", {1, 1, 1, 1}]]\n"
"kernel 1 (localhost):"
"\"EXACT_POLYNOMIAL_BACKEND_START \"InputForm[{46, CutIntegral[\"R03\", {1, 1, 1, 1}]}]\" terms \"2\" bytes \"31322\n"
"kernel 1 (localhost):"
"\"EXACT_POLYNOMIAL_SUM production_sum 2 2 0.021\\nPASS: exact polynomial comparison backend\\n\"\n"
"kernel 1 (localhost):"
"\"\"\n"
"kernel 1 (localhost):"
"\"EXACT_POLYNOMIAL_ACCEPTED \"InputForm[{46, CutIntegral[\"R03\", {1, 1, 1, 1}]}]\" seconds \"0.323366`5.9612393480006896\" bytes \"1087536\n"
"kernel 1 (localhost):"
"\"REAL_MASTER_COEFFICIENT \"\"Hgg\"\" \"46\" \"InputForm[CutIntegral[\"R04\", {1, 1, 1, 1}]]\n"
"kernel 1 (localhost):"
"\"EXACT_POLYNOMIAL_BACKEND_START \"InputForm[{46, CutIntegral[\"R04\", {1, 1, 1, 1}]}]\" terms \"8\" bytes \"109218\n"
"kernel 1 (localhost):"
"\"EXACT_POLYNOMIAL_SUM production_sum 8 8 0.033\\nPASS: exact polynomial comparison backend\\n\"\n"
"kernel 1 (localhost):"
"\"\"\n"
"kernel 1 (localhost):"
"\"EXACT_POLYNOMIAL_ACCEPTED \"InputForm[{46, CutIntegral[\"R04\", {1, 1, 1, 1}]}]\" seconds \"0.492036`6.143541872745809\" bytes \"915584\n"
"kernel 1 (localhost):"
"\"REAL_MASTER_COEFFICIENT \"\"Hgg\"\" \"46\" \"InputForm[CutIntegral[\"R09\", {1, 1, 1, 1}]]\n"
"kernel 1 (localhost):"
"\"EXACT_POLYNOMIAL_BACKEND_START \"InputForm[{46, CutIntegral[\"R09\", {1, 1, 1, 1}]}]\" terms \"2\" bytes \"48928\n"
"kernel 1 (localhost):"
"\"EXACT_POLYNOMIAL_SUM production_sum 2 2 0.031\\nPASS: exact polynomial comparison backend\\n\"\n"
"kernel 1 (localhost):"
"\"\"\n"
"kernel 1 (localhost):"
"\"EXACT_POLYNOMIAL_ACCEPTED \"InputForm[{46, CutIntegral[\"R09\", {1, 1, 1, 1}]}]\" seconds \"0.389644`6.042212986564558\" bytes \"1610792\n"
"kernel 1 (localhost):"
"\"REAL_MASTER_COEFFICIENT \"\"Hgg\"\" \"46\" \"InputForm[CutIntegral[\"R10\", {1, 1, 1, 1}]]\n"
"kernel 1 (localhost):"
"\"EXACT_POLYNOMIAL_BACKEND_START \"InputForm[{46, CutIntegral[\"R10\", {1, 1, 1, 1}]}]\" terms \"8\" bytes \"60966\n"
"kernel 1 (localhost):"
"\"EXACT_POLYNOMIAL_SUM production_sum 8 8 0.013\\nPASS: exact polynomial comparison backend\\n\"\n"
"kernel 1 (localhost):"
"\"\"\n"
"kernel 1 (localhost):"
"\"EXACT_POLYNOMIAL_ACCEPTED \"InputForm[{46, CutIntegral[\"R10\", {1, 1, 1, 1}]}]\" seconds \"0.376246`6.027016884989137\" bytes \"523744\n"
"kernel 1 (localhost):"
"\"PASS: \"\"complete linear reduced coefficient reconstruction\"\n"
"kernel 1 (localhost):"
"\"PASS: \"\"reduced coefficients are scalar rational expressions\"\n"
"kernel 1 (localhost):"
"\"REAL_MAP_ACCEPTED \"\"Hgg\"\" \"46\n"
"kernel 1 (localhost):"
"\"PASS: \"\"complete reduced output accepted before storage projection\"\n"
"kernel 1 (localhost):"
"\"PASS: \"\"exact downstream coefficient interface\"\n"
"kernel 1 (localhost):"
"\"REAL_MAP \"\"Hgg\"\" \"48\"/\"98\" \"<|\"Sector\" -> \"Real\", \"Kind\" -> \"ExtendedResponse\", \"Index\" -> {4, 5, 5}|>\" kernel \"1\n"
"kernel 1 (localhost):"
"\"PASS: \"\"exact saved raw file\"\n"
"kernel 1 (localhost):"
"\"PASS: \"\"raw reader returns complete original record\"\n"
"kernel 1 (localhost):"
"\"PASS: \"\"raw component retains executed reconstruction\"\n"
"kernel 1 (localhost):"
"\"PASS: \"\"known rules end in saved masters\"\n"
"kernel 1 (localhost):"
"\"PASS: \"\"exact individual reduction-rule reconstruction\"\n"
"kernel 1 (localhost):"
"\"REAL_MASTER_COEFFICIENT \"\"Hgg\"\" \"48\" \"InputForm[CutIntegral[\"R01\", {1, 1, 0, 0}]]\n"
"kernel 1 (localhost):"
"\"PASS: \"\"exact polynomial transfer supports rational coefficients\"\n"
"kernel 1 (localhost):"
"\"PASS: \"\"unassigned exact polynomial variables\"\n"
"kernel 1 (localhost):"
"\"PASS: \"\"native JSON header shape\"\n"
"kernel 1 (localhost):"
"\"PASS: \"\"complete polynomial variable support\"\n"
"kernel 1 (localhost):"
"\"PASS: \"\"exported polynomial denominator reconstructs\"\n"
"kernel 1 (localhost):"
"\"PASS: \"\"native polynomial text reconstructs\"\n"
"kernel 1 (localhost):"
"\"PASS: \"\"native JSON term reconstructs\"\n"
"kernel 1 (localhost):"
"\"EXACT_POLYNOMIAL_TRANSFER \"\"production_sum\"\" \"64\"/\"411\n"
"kernel 2 (localhost):"
"\"EXACT_POLYNOMIAL_SUM production_sum 16 411 13.585\\nEXACT_POLYNOMIAL_SUM production_sum 32 411 15.803\\nEXACT_POLYNOMIAL_SUM production_sum 48 411 17.687\\nEXACT_POLYNOMIAL_SUM production_sum 64 411 19.505\\nEXACT_POLYNOMIAL_SUM production_sum 80 411 21.699\\nEXACT_POLYNOMIAL_SUM production_sum 96 411 23.934\\nEXACT_POLYNOMIAL_SUM production_sum 112 411 26.189\\nEXACT_POLYNOMIAL_SUM production_sum 128 411 28.367\\nEXACT_POLYNOMIAL_SUM production_sum 144 411 30.638\\nEXACT_POLYNOMIAL_SUM production_sum 160 411 33.036\\nEXACT_POLYNOMIAL_SUM production_sum 176 411 35.33\\nEXACT_POLYNOMIAL_SUM production_sum 192 411 37.457\\nEXACT_POLYNOMIAL_SUM production_sum 208 411 39.755\\nEXACT_POLYNOMIAL_SUM production_sum 224 411 41.453\\nEXACT_POLYNOMIAL_SUM production_sum 240 411 42.583\\nEXACT_POLYNOMIAL_SUM production_sum 256 411 44.288\\nEXACT_POLYNOMIAL_SUM production_sum 272 411 45.377\\nEXACT_POLYNOMIAL_SUM production_sum 288 411 46.735\\nEXACT_POLYNOMIAL_SUM production_sum 304 411 47.849\\nEXACT_POLYNOMIAL_SUM production_sum 320 411 49.442\\nEXACT_POLYNOMIAL_SUM production_sum 336 411 50.776\\nEXACT_POLYNOMIAL_SUM production_sum 352 411 51.955\\nEXACT_POLYNOMIAL_SUM production_sum 368 411 53.282\\nEXACT_POLYNOMIAL_SUM production_sum 384 411 54.969\\nEXACT_POLYNOMIAL_SUM production_sum 400 411 56.129\\nEXACT_POLYNOMIAL_SUM production_sum 411 411 56.833\\nPASS: exact polynomial comparison backend\\n\"\n"
"kernel 2 (localhost):"
"\"\"\n"
"kernel 2 (localhost):"
"\"PASS: \"\"exact production backend completed\"\n"
"kernel 2 (localhost):"
"\"PASS: \"\"exact production backend input and source\"\n"
"kernel 2 (localhost):"
"\"PASS: \"\"complete production termwise reconstruction\"\n"
"kernel 2 (localhost):"
"\"PASS: \"\"exact scalar coefficient import\"\n"
"kernel 2 (localhost):"
"\"EXACT_POLYNOMIAL_ACCEPTED \"InputForm[{47, CutIntegral[\"R01\", {1, 1, 0, 0}]}]\" seconds \"95.200893`8.430186015653067\" bytes \"5140976\n"
"kernel 2 (localhost):"
"\"PASS: \"\"compressed scalar map below file bound\"\n"
"kernel 2 (localhost):"
"\"PASS: \"\"compressed scalar map exact round trip\"\n"
"kernel 2 (localhost):"
"\"PASS: \"\"master coefficient retains exact reconstruction\"\n"
"kernel 2 (localhost):"
"\"REAL_MASTER_COEFFICIENT \"\"Hgg\"\" \"47\" \"InputForm[CutIntegral[\"R01\", {1, 1, 1, 1}]]\n"
"kernel 2 (localhost):"
"\"EXACT_POLYNOMIAL_BACKEND_START \"InputForm[{47, CutIntegral[\"R01\", {1, 1, 1, 1}]}]\" terms \"2\" bytes \"12546\n"
"kernel 2 (localhost):"
"\"EXACT_POLYNOMIAL_SUM production_sum 2 2 0.002\\nPASS: exact polynomial comparison backend\\n\"\n"
"kernel 2 (localhost):"
"\"\"\n"
"kernel 2 (localhost):"
"\"EXACT_POLYNOMIAL_ACCEPTED \"InputForm[{47, CutIntegral[\"R01\", {1, 1, 1, 1}]}]\" seconds \"0.192042`5.73494121372812\" bytes \"107824\n"
"kernel 2 (localhost):"
"\"REAL_MASTER_COEFFICIENT \"\"Hgg\"\" \"47\" \"InputForm[CutIntegral[\"R02\", {1, 1, 1, 1}]]\n"
"kernel 2 (localhost):"
"\"EXACT_POLYNOMIAL_BACKEND_START \"InputForm[{47, CutIntegral[\"R02\", {1, 1, 1, 1}]}]\" terms \"8\" bytes \"94694\n"
"kernel 2 (localhost):"
"\"EXACT_POLYNOMIAL_SUM production_sum 8 8 0.022\\nPASS: exact polynomial comparison backend\\n\"\n"
"kernel 2 (localhost):"
"\"\"\n"
"kernel 2 (localhost):"
"\"EXACT_POLYNOMIAL_ACCEPTED \"InputForm[{47, CutIntegral[\"R02\", {1, 1, 1, 1}]}]\" seconds \"0.413781`6.06831553834526\" bytes \"812496\n"
"kernel 2 (localhost):"
"\"REAL_MASTER_COEFFICIENT \"\"Hgg\"\" \"47\" \"InputForm[CutIntegral[\"R03\", {1, 1, 0, 1}]]\n"
"kernel 1 (localhost):"
"\"EXACT_POLYNOMIAL_TRANSFER \"\"production_sum\"\" \"128\"/\"411\n"
"kernel 2 (localhost):"
"\"EXACT_POLYNOMIAL_TRANSFER \"\"production_sum\"\" \"64\"/\"89\n"
"kernel 2 (localhost):"
"\"EXACT_POLYNOMIAL_BACKEND_START \"InputForm[{47, CutIntegral[\"R03\", {1, 1, 0, 1}]}]\" terms \"89\" bytes \"3414072\n"
"kernel 2 (localhost):"
"\"EXACT_POLYNOMIAL_SUM production_sum 16 89 2.708\\nEXACT_POLYNOMIAL_SUM production_sum 32 89 2.942\\nEXACT_POLYNOMIAL_SUM production_sum 48 89 3.18\\nEXACT_POLYNOMIAL_SUM production_sum 64 89 3.427\\nEXACT_POLYNOMIAL_SUM production_sum 80 89 3.613\\nEXACT_POLYNOMIAL_SUM production_sum 89 89 3.71\\nPASS: exact polynomial comparison backend\\n\"\n"
"kernel 2 (localhost):"
"\"\"\n"
"kernel 1 (localhost):"
"\"EXACT_POLYNOMIAL_TRANSFER \"\"production_sum\"\" \"192\"/\"411\n"
"kernel 2 (localhost):"
"\"EXACT_POLYNOMIAL_ACCEPTED \"InputForm[{47, CutIntegral[\"R03\", {1, 1, 0, 1}]}]\" seconds \"12.322536`7.542245089105731\" bytes \"5862088\n"
"kernel 2 (localhost):"
"\"REAL_MASTER_COEFFICIENT \"\"Hgg\"\" \"47\" \"InputForm[CutIntegral[\"R03\", {1, 1, 1, 1}]]\n"
"kernel 2 (localhost):"
"\"EXACT_POLYNOMIAL_BACKEND_START \"InputForm[{47, CutIntegral[\"R03\", {1, 1, 1, 1}]}]\" terms \"2\" bytes \"32086\n"
"kernel 2 (localhost):"
"\"EXACT_POLYNOMIAL_SUM production_sum 2 2 0.022\\nPASS: exact polynomial comparison backend\\n\"\n"
"kernel 2 (localhost):"
"\"\"\n"
"kernel 2 (localhost):"
"\"EXACT_POLYNOMIAL_ACCEPTED \"InputForm[{47, CutIntegral[\"R03\", {1, 1, 1, 1}]}]\" seconds \"0.306645`5.938180881188609\" bytes \"1115800\n"
"kernel 2 (localhost):"
"\"REAL_MASTER_COEFFICIENT \"\"Hgg\"\" \"47\" \"InputForm[CutIntegral[\"R04\", {1, 1, 1, 1}]]\n"
"kernel 2 (localhost):"
"\"EXACT_POLYNOMIAL_BACKEND_START \"InputForm[{47, CutIntegral[\"R04\", {1, 1, 1, 1}]}]\" terms \"8\" bytes \"85406\n"
"kernel 2 (localhost):"
"\"EXACT_POLYNOMIAL_SUM production_sum 8 8 0.025\\nPASS: exact polynomial comparison backend\\n\"\n"
"kernel 2 (localhost):"
"\"\"\n"
"kernel 2 (localhost):"
"\"EXACT_POLYNOMIAL_ACCEPTED \"InputForm[{47, CutIntegral[\"R04\", {1, 1, 1, 1}]}]\" seconds \"0.42013`6.07492868757687\" bytes \"752216\n"
"kernel 2 (localhost):"
"\"REAL_MASTER_COEFFICIENT \"\"Hgg\"\" \"47\" \"InputForm[CutIntegral[\"R09\", {1, 1, 1, 1}]]\n"
"kernel 2 (localhost):"
"\"EXACT_POLYNOMIAL_BACKEND_START \"InputForm[{47, CutIntegral[\"R09\", {1, 1, 1, 1}]}]\" terms \"2\" bytes \"42692\n"
"kernel 2 (localhost):"
"\"EXACT_POLYNOMIAL_SUM production_sum 2 2 0.028\\nPASS: exact polynomial comparison backend\\n\"\n"
"kernel 2 (localhost):"
"\"\"\n"
"kernel 2 (localhost):"
"\"EXACT_POLYNOMIAL_ACCEPTED \"InputForm[{47, CutIntegral[\"R09\", {1, 1, 1, 1}]}]\" seconds \"0.359091`6.006749513912167\" bytes \"1438744\n"
"kernel 2 (localhost):"
"\"REAL_MASTER_COEFFICIENT \"\"Hgg\"\" \"47\" \"InputForm[CutIntegral[\"R10\", {1, 1, 1, 1}]]\n"
"kernel 2 (localhost):"
"\"EXACT_POLYNOMIAL_BACKEND_START \"InputForm[{47, CutIntegral[\"R10\", {1, 1, 1, 1}]}]\" terms \"8\" bytes \"55030\n"
"kernel 2 (localhost):"
"\"EXACT_POLYNOMIAL_SUM production_sum 8 8 0.012\\nPASS: exact polynomial comparison backend\\n\"\n"
"kernel 2 (localhost):"
"\"\"\n"
"kernel 2 (localhost):"
"\"EXACT_POLYNOMIAL_ACCEPTED \"InputForm[{47, CutIntegral[\"R10\", {1, 1, 1, 1}]}]\" seconds \"0.32394`5.962009571350857\" bytes \"464080\n"
"kernel 2 (localhost):"
"\"PASS: \"\"complete linear reduced coefficient reconstruction\"\n"
"kernel 2 (localhost):"
"\"PASS: \"\"reduced coefficients are scalar rational expressions\"\n"
"kernel 1 (localhost):"
"\"EXACT_POLYNOMIAL_TRANSFER \"\"production_sum\"\" \"256\"/\"411\n"
"kernel 1 (localhost):"
"\"EXACT_POLYNOMIAL_TRANSFER \"\"production_sum\"\" \"320\"/\"411\n"
"kernel 1 (localhost):"
"\"EXACT_POLYNOMIAL_TRANSFER \"\"production_sum\"\" \"384\"/\"411\n"
"kernel 2 (localhost):"
"\"REAL_MAP_ACCEPTED \"\"Hgg\"\" \"47\n"
"kernel 2 (localhost):"
"\"PASS: \"\"complete reduced output accepted before storage projection\"\n"
"kernel 2 (localhost):"
"\"PASS: \"\"exact downstream coefficient interface\"\n"
"kernel 2 (localhost):"
"\"REAL_MAP \"\"Hgg\"\" \"49\"/\"98\" \"<|\"Sector\" -> \"Real\", \"Kind\" -> \"ExtendedResponse\", \"Index\" -> {5, 1, 3}|>\" kernel \"2\n"
"kernel 1 (localhost):"
"\"PASS: \"\"bounded polynomial transfer file\"\n"
"kernel 1 (localhost):"
"\"PASS: \"\"unchanged validated exact backend\"\n"
"kernel 2 (localhost):"
"\"PASS: \"\"exact saved raw file\"\n"
"kernel 1 (localhost):"
"\"EXACT_POLYNOMIAL_BACKEND_START \"InputForm[{48, CutIntegral[\"R01\", {1, 1, 0, 0}]}]\" terms \"411\" bytes \"17870883\n"
"kernel 2 (localhost):"
"\"PASS: \"\"raw reader returns complete original record\"\n"
"kernel 2 (localhost):"
"\"PASS: \"\"raw component retains executed reconstruction\"\n"
"kernel 2 (localhost):"
"\"PASS: \"\"known rules end in saved masters\"\n"
"kernel 2 (localhost):"
"\"PASS: \"\"exact individual reduction-rule reconstruction\"\n"
"kernel 2 (localhost):"
"\"REAL_MASTER_COEFFICIENT \"\"Hgg\"\" \"49\" \"InputForm[CutIntegral[\"R01\", {1, 1, 0, 0}]]\n"
"kernel 2 (localhost):"
"\"PASS: \"\"exact polynomial transfer supports rational coefficients\"\n"
"kernel 2 (localhost):"
"\"PASS: \"\"unassigned exact polynomial variables\"\n"
"kernel 2 (localhost):"
"\"PASS: \"\"native JSON header shape\"\n"
"kernel 2 (localhost):"
"\"PASS: \"\"complete polynomial variable support\"\n"
"kernel 2 (localhost):"
"\"PASS: \"\"exported polynomial denominator reconstructs\"\n"
"kernel 2 (localhost):"
"\"PASS: \"\"native polynomial text reconstructs\"\n"
"kernel 2 (localhost):"
"\"PASS: \"\"native JSON term reconstructs\"\n"
"kernel 2 (localhost):"
"\"EXACT_POLYNOMIAL_TRANSFER \"\"production_sum\"\" \"64\"/\"411\n"
"kernel 2 (localhost):"
"\"EXACT_POLYNOMIAL_TRANSFER \"\"production_sum\"\" \"128\"/\"411\n"
"kernel 1 (localhost):"
"\"EXACT_POLYNOMIAL_SUM production_sum 16 411 10.361\\nEXACT_POLYNOMIAL_SUM production_sum 32 411 11.627\\nEXACT_POLYNOMIAL_SUM production_sum 48 411 12.921\\nEXACT_POLYNOMIAL_SUM production_sum 64 411 14.356\\nEXACT_POLYNOMIAL_SUM production_sum 80 411 15.69\\nEXACT_POLYNOMIAL_SUM production_sum 96 411 17.11\\nEXACT_POLYNOMIAL_SUM production_sum 112 411 18.477\\nEXACT_POLYNOMIAL_SUM production_sum 128 411 19.994\\nEXACT_POLYNOMIAL_SUM production_sum 144 411 21.361\\nEXACT_POLYNOMIAL_SUM production_sum 160 411 22.948\\nEXACT_POLYNOMIAL_SUM production_sum 176 411 24.349\\nEXACT_POLYNOMIAL_SUM production_sum 192 411 25.729\\nEXACT_POLYNOMIAL_SUM production_sum 208 411 27.09\\nEXACT_POLYNOMIAL_SUM production_sum 224 411 28.222\\nEXACT_POLYNOMIAL_SUM production_sum 240 411 29.061\\nEXACT_POLYNOMIAL_SUM production_sum 256 411 29.982\\nEXACT_POLYNOMIAL_SUM production_sum 272 411 30.816\\nEXACT_POLYNOMIAL_SUM production_sum 288 411 31.748\\nEXACT_POLYNOMIAL_SUM production_sum 304 411 32.475\\nEXACT_POLYNOMIAL_SUM production_sum 320 411 33.315\\nEXACT_POLYNOMIAL_SUM production_sum 336 411 34.288\\nEXACT_POLYNOMIAL_SUM production_sum 352 411 35.058\\nEXACT_POLYNOMIAL_SUM production_sum 368 411 35.796\\nEXACT_POLYNOMIAL_SUM production_sum 384 411 36.477\\nEXACT_POLYNOMIAL_SUM production_sum 400 411 37.402\\nEXACT_POLYNOMIAL_SUM production_sum 411 411 37.898\\nPASS: exact polynomial comparison backend\\n\"\n"
"kernel 1 (localhost):"
"\"\"\n"
"kernel 1 (localhost):"
"\"PASS: \"\"exact production backend completed\"\n"
"kernel 1 (localhost):"
"\"PASS: \"\"exact production backend input and source\"\n"
"kernel 1 (localhost):"
"\"PASS: \"\"complete production termwise reconstruction\"\n"
"kernel 1 (localhost):"
"\"PASS: \"\"exact scalar coefficient import\"\n"
"kernel 1 (localhost):"
"\"EXACT_POLYNOMIAL_ACCEPTED \"InputForm[{48, CutIntegral[\"R01\", {1, 1, 0, 0}]}]\" seconds \"75.318971`8.328449371594788\" bytes \"5970920\n"
"kernel 1 (localhost):"
"\"PASS: \"\"compressed scalar map below file bound\"\n"
"kernel 1 (localhost):"
"\"PASS: \"\"compressed scalar map exact round trip\"\n"
"kernel 1 (localhost):"
"\"PASS: \"\"master coefficient retains exact reconstruction\"\n"
"kernel 1 (localhost):"
"\"REAL_MASTER_COEFFICIENT \"\"Hgg\"\" \"48\" \"InputForm[CutIntegral[\"R01\", {1, 1, 1, 1}]]\n"
"kernel 1 (localhost):"
"\"EXACT_POLYNOMIAL_BACKEND_START \"InputForm[{48, CutIntegral[\"R01\", {1, 1, 1, 1}]}]\" terms \"2\" bytes \"10712\n"
"kernel 1 (localhost):"
"\"EXACT_POLYNOMIAL_SUM production_sum 2 2 0.002\\nPASS: exact polynomial comparison backend\\n\"\n"
"kernel 1 (localhost):"
"\"\"\n"
"kernel 1 (localhost):"
"\"EXACT_POLYNOMIAL_ACCEPTED \"InputForm[{48, CutIntegral[\"R01\", {1, 1, 1, 1}]}]\" seconds \"0.191958`5.7347512098892555\" bytes \"82104\n"
"kernel 1 (localhost):"
"\"REAL_MASTER_COEFFICIENT \"\"Hgg\"\" \"48\" \"InputForm[CutIntegral[\"R02\", {1, 1, 1, 1}]]\n"
"kernel 1 (localhost):"
"\"EXACT_POLYNOMIAL_BACKEND_START \"InputForm[{48, CutIntegral[\"R02\", {1, 1, 1, 1}]}]\" terms \"8\" bytes \"137928\n"
"kernel 1 (localhost):"
"\"EXACT_POLYNOMIAL_SUM production_sum 8 8 0.028\\nPASS: exact polynomial comparison backend\\n\"\n"
"kernel 1 (localhost):"
"\"\"\n"
"kernel 1 (localhost):"
"\"EXACT_POLYNOMIAL_ACCEPTED \"InputForm[{48, CutIntegral[\"R02\", {1, 1, 1, 1}]}]\" seconds \"0.530198`6.175983078661059\" bytes \"901912\n"
"kernel 1 (localhost):"
"\"REAL_MASTER_COEFFICIENT \"\"Hgg\"\" \"48\" \"InputForm[CutIntegral[\"R03\", {1, 1, 0, 1}]]\n"
"kernel 1 (localhost):"
"\"EXACT_POLYNOMIAL_TRANSFER \"\"production_sum\"\" \"64\"/\"89\n"
"kernel 1 (localhost):"
"\"EXACT_POLYNOMIAL_BACKEND_START \"InputForm[{48, CutIntegral[\"R03\", {1, 1, 0, 1}]}]\" terms \"89\" bytes \"3266129\n"
"kernel 2 (localhost):"
"\"EXACT_POLYNOMIAL_TRANSFER \"\"production_sum\"\" \"192\"/\"411\n"
"kernel 1 (localhost):"
"\"EXACT_POLYNOMIAL_SUM production_sum 16 89 2.13\\nEXACT_POLYNOMIAL_SUM production_sum 32 89 2.365\\nEXACT_POLYNOMIAL_SUM production_sum 48 89 2.576\\nEXACT_POLYNOMIAL_SUM production_sum 64 89 2.82\\nEXACT_POLYNOMIAL_SUM production_sum 80 89 3.018\\nEXACT_POLYNOMIAL_SUM production_sum 89 89 3.105\\nPASS: exact polynomial comparison backend\\n\"\n"
"kernel 1 (localhost):"
"\"\"\n"
"kernel 1 (localhost):"
"\"EXACT_POLYNOMIAL_ACCEPTED \"InputForm[{48, CutIntegral[\"R03\", {1, 1, 0, 1}]}]\" seconds \"11.884077`7.526510450542675\" bytes \"9275912\n"
"kernel 1 (localhost):"
"\"REAL_MASTER_COEFFICIENT \"\"Hgg\"\" \"48\" \"InputForm[CutIntegral[\"R03\", {1, 1, 1, 1}]]\n"
"kernel 1 (localhost):"
"\"EXACT_POLYNOMIAL_BACKEND_START \"InputForm[{48, CutIntegral[\"R03\", {1, 1, 1, 1}]}]\" terms \"2\" bytes \"44178\n"
"kernel 1 (localhost):"
"\"EXACT_POLYNOMIAL_SUM production_sum 2 2 0.033\\nPASS: exact polynomial comparison backend\\n\"\n"
"kernel 1 (localhost):"
"\"\"\n"
"kernel 1 (localhost):"
"\"EXACT_POLYNOMIAL_ACCEPTED \"InputForm[{48, CutIntegral[\"R03\", {1, 1, 1, 1}]}]\" seconds \"0.384212`6.036115918447462\" bytes \"1381336\n"
"kernel 1 (localhost):"
"\"REAL_MASTER_COEFFICIENT \"\"Hgg\"\" \"48\" \"InputForm[CutIntegral[\"R04\", {1, 1, 1, 1}]]\n"
"kernel 1 (localhost):"
"\"EXACT_POLYNOMIAL_BACKEND_START \"InputForm[{48, CutIntegral[\"R04\", {1, 1, 1, 1}]}]\" terms \"8\" bytes \"136288\n"
"kernel 1 (localhost):"
"\"EXACT_POLYNOMIAL_SUM production_sum 8 8 0.036\\nPASS: exact polynomial comparison backend\\n\"\n"
"kernel 1 (localhost):"
"\"\"\n"
"kernel 1 (localhost):"
"\"EXACT_POLYNOMIAL_ACCEPTED \"InputForm[{48, CutIntegral[\"R04\", {1, 1, 1, 1}]}]\" seconds \"0.587283`6.220392423058411\" bytes \"1070640\n"
"kernel 1 (localhost):"
"\"REAL_MASTER_COEFFICIENT \"\"Hgg\"\" \"48\" \"InputForm[CutIntegral[\"R09\", {1, 1, 1, 1}]]\n"
"kernel 1 (localhost):"
"\"EXACT_POLYNOMIAL_BACKEND_START \"InputForm[{48, CutIntegral[\"R09\", {1, 1, 1, 1}]}]\" terms \"2\" bytes \"49490\n"
"kernel 1 (localhost):"
"\"EXACT_POLYNOMIAL_SUM production_sum 2 2 0.032\\nPASS: exact polynomial comparison backend\\n\"\n"
"kernel 1 (localhost):"
"\"\"\n"
"kernel 1 (localhost):"
"\"EXACT_POLYNOMIAL_ACCEPTED \"InputForm[{48, CutIntegral[\"R09\", {1, 1, 1, 1}]}]\" seconds \"0.399042`6.05256360198545\" bytes \"1519528\n"
"kernel 1 (localhost):"
"\"REAL_MASTER_COEFFICIENT \"\"Hgg\"\" \"48\" \"InputForm[CutIntegral[\"R10\", {1, 1, 1, 1}]]\n"
"kernel 1 (localhost):"
"\"EXACT_POLYNOMIAL_BACKEND_START \"InputForm[{48, CutIntegral[\"R10\", {1, 1, 1, 1}]}]\" terms \"8\" bytes \"78028\n"
"kernel 1 (localhost):"
"\"EXACT_POLYNOMIAL_SUM production_sum 8 8 0.02\\nPASS: exact polynomial comparison backend\\n\"\n"
"kernel 1 (localhost):"
"\"\"\n"
"kernel 1 (localhost):"
"\"EXACT_POLYNOMIAL_ACCEPTED \"InputForm[{48, CutIntegral[\"R10\", {1, 1, 1, 1}]}]\" seconds \"0.384036`6.035916931062781\" bytes \"611360\n"
"kernel 1 (localhost):"
"\"PASS: \"\"complete linear reduced coefficient reconstruction\"\n"
"kernel 1 (localhost):"
"\"PASS: \"\"reduced coefficients are scalar rational expressions\"\n"
"kernel 2 (localhost):"
"\"EXACT_POLYNOMIAL_TRANSFER \"\"production_sum\"\" \"256\"/\"411\n"
"kernel 1 (localhost):"
"\"REAL_MAP_ACCEPTED \"\"Hgg\"\" \"48\n"
"kernel 1 (localhost):"
"\"PASS: \"\"complete reduced output accepted before storage projection\"\n"
"kernel 1 (localhost):"
"\"PASS: \"\"exact downstream coefficient interface\"\n"
"kernel 1 (localhost):"
"\"REAL_MAP \"\"Hgg\"\" \"50\"/\"98\" \"<|\"Sector\" -> \"Real\", \"Kind\" -> \"ExtendedResponse\", \"Index\" -> {5, 1, 4}|>\" kernel \"1\n"
"kernel 1 (localhost):"
"\"PASS: \"\"exact saved raw file\"\n"
"kernel 1 (localhost):"
"\"PASS: \"\"raw reader returns complete original record\"\n"
"kernel 1 (localhost):"
"\"PASS: \"\"raw component retains executed reconstruction\"\n"
"kernel 1 (localhost):"
"\"PASS: \"\"known rules end in saved masters\"\n"
"kernel 1 (localhost):"
"\"PASS: \"\"complete linear reduced coefficient reconstruction\"\n"
"kernel 1 (localhost):"
"\"PASS: \"\"reduced coefficients are scalar rational expressions\"\n"
"kernel 1 (localhost):"
"\"PASS: \"\"compressed scalar map below file bound\"\n"
"kernel 1 (localhost):"
"\"PASS: \"\"compressed scalar map exact round trip\"\n"
"kernel 1 (localhost):"
"\"REAL_MAP_ACCEPTED \"\"Hgg\"\" \"50\n"
"kernel 1 (localhost):"
"\"PASS: \"\"complete reduced output accepted before storage projection\"\n"
"kernel 1 (localhost):"
"\"PASS: \"\"exact downstream coefficient interface\"\n"
"kernel 1 (localhost):"
"\"REAL_MAP \"\"Hgg\"\" \"51\"/\"98\" \"<|\"Sector\" -> \"Real\", \"Kind\" -> \"ExtendedResponse\", \"Index\" -> {5, 2, 3}|>\" kernel \"1\n"
"kernel 1 (localhost):"
"\"PASS: \"\"exact saved raw file\"\n"
"kernel 1 (localhost):"
"\"PASS: \"\"raw reader returns complete original record\"\n"
"kernel 1 (localhost):"
"\"PASS: \"\"raw component retains executed reconstruction\"\n"
"kernel 1 (localhost):"
"\"PASS: \"\"known rules end in saved masters\"\n"
"kernel 1 (localhost):"
"\"PASS: \"\"exact individual reduction-rule reconstruction\"\n"
"kernel 1 (localhost):"
"\"REAL_MASTER_COEFFICIENT \"\"Hgg\"\" \"51\" \"InputForm[CutIntegral[\"R01\", {1, 1, 0, 0}]]\n"
"kernel 2 (localhost):"
"\"EXACT_POLYNOMIAL_TRANSFER \"\"production_sum\"\" \"320\"/\"411\n"
"kernel 1 (localhost):"
"\"PASS: \"\"exact polynomial transfer supports rational coefficients\"\n"
"kernel 1 (localhost):"
"\"PASS: \"\"unassigned exact polynomial variables\"\n"
"kernel 1 (localhost):"
"\"PASS: \"\"native JSON header shape\"\n"
"kernel 1 (localhost):"
"\"PASS: \"\"complete polynomial variable support\"\n"
"kernel 1 (localhost):"
"\"PASS: \"\"exported polynomial denominator reconstructs\"\n"
"kernel 1 (localhost):"
"\"PASS: \"\"native polynomial text reconstructs\"\n"
"kernel 1 (localhost):"
"\"PASS: \"\"native JSON term reconstructs\"\n"
"kernel 2 (localhost):"
"\"EXACT_POLYNOMIAL_TRANSFER \"\"production_sum\"\" \"384\"/\"411\n"
"kernel 2 (localhost):"
"\"PASS: \"\"bounded polynomial transfer file\"\n"
"kernel 2 (localhost):"
"\"PASS: \"\"unchanged validated exact backend\"\n"
"kernel 2 (localhost):"
"\"EXACT_POLYNOMIAL_BACKEND_START \"InputForm[{49, CutIntegral[\"R01\", {1, 1, 0, 0}]}]\" terms \"411\" bytes \"32192419\n"
"kernel 1 (localhost):"
"\"EXACT_POLYNOMIAL_TRANSFER \"\"production_sum\"\" \"64\"/\"411\n"
"kernel 1 (localhost):"
"\"EXACT_POLYNOMIAL_TRANSFER \"\"production_sum\"\" \"128\"/\"411\n"
"kernel 1 (localhost):"
"\"EXACT_POLYNOMIAL_TRANSFER \"\"production_sum\"\" \"192\"/\"411\n"
"kernel 1 (localhost):"
"\"EXACT_POLYNOMIAL_TRANSFER \"\"production_sum\"\" \"256\"/\"411\n"
"kernel 1 (localhost):"
"\"EXACT_POLYNOMIAL_TRANSFER \"\"production_sum\"\" \"320\"/\"411\n"
"kernel 1 (localhost):"
"\"EXACT_POLYNOMIAL_TRANSFER \"\"production_sum\"\" \"384\"/\"411\n"
"kernel 1 (localhost):"
"\"PASS: \"\"bounded polynomial transfer file\"\n"
"kernel 1 (localhost):"
"\"PASS: \"\"unchanged validated exact backend\"\n"
"kernel 1 (localhost):"
"\"EXACT_POLYNOMIAL_BACKEND_START \"InputForm[{51, CutIntegral[\"R01\", {1, 1, 0, 0}]}]\" terms \"411\" bytes \"30862338\n"
"kernel 2 (localhost):"
"\"EXACT_POLYNOMIAL_SUM production_sum 16 411 17.845\\nEXACT_POLYNOMIAL_SUM production_sum 32 411 20.984\\nEXACT_POLYNOMIAL_SUM production_sum 48 411 23.885\\nEXACT_POLYNOMIAL_SUM production_sum 64 411 26.831\\nEXACT_POLYNOMIAL_SUM production_sum 80 411 29.0\\nEXACT_POLYNOMIAL_SUM production_sum 96 411 31.519\\nEXACT_POLYNOMIAL_SUM production_sum 112 411 34.424\\nEXACT_POLYNOMIAL_SUM production_sum 128 411 37.947\\nEXACT_POLYNOMIAL_SUM production_sum 144 411 41.538\\nEXACT_POLYNOMIAL_SUM production_sum 160 411 44.878\\nEXACT_POLYNOMIAL_SUM production_sum 176 411 48.411\\nEXACT_POLYNOMIAL_SUM production_sum 192 411 51.971\\nEXACT_POLYNOMIAL_SUM production_sum 208 411 54.905\\nEXACT_POLYNOMIAL_SUM production_sum 224 411 58.361\\nEXACT_POLYNOMIAL_SUM production_sum 240 411 62.129\\nEXACT_POLYNOMIAL_SUM production_sum 256 411 64.356\\nEXACT_POLYNOMIAL_SUM production_sum 272 411 66.397\\nEXACT_POLYNOMIAL_SUM production_sum 288 411 68.702\\nEXACT_POLYNOMIAL_SUM production_sum 304 411 70.691\\nEXACT_POLYNOMIAL_SUM production_sum 320 411 73.418\\nEXACT_POLYNOMIAL_SUM production_sum 336 411 76.288\\nEXACT_POLYNOMIAL_SUM production_sum 352 411 79.343\\nEXACT_POLYNOMIAL_SUM production_sum 368 411 81.743\\nEXACT_POLYNOMIAL_SUM production_sum 384 411 83.776\\nEXACT_POLYNOMIAL_SUM production_sum 400 411 85.717\\nEXACT_POLYNOMIAL_SUM production_sum 411 411 86.796\\nPASS: exact polynomial comparison backend\\n\"\n"
"kernel 2 (localhost):"
"\"\"\n"
"kernel 2 (localhost):"
"\"PASS: \"\"exact production backend completed\"\n"
"kernel 2 (localhost):"
"\"PASS: \"\"exact production backend input and source\"\n"
"kernel 2 (localhost):"
"\"PASS: \"\"complete production termwise reconstruction\"\n"
"kernel 2 (localhost):"
"\"PASS: \"\"exact scalar coefficient import\"\n"
"kernel 2 (localhost):"
"\"EXACT_POLYNOMIAL_ACCEPTED \"InputForm[{49, CutIntegral[\"R01\", {1, 1, 0, 0}]}]\" seconds \"156.613294`8.646373617538432\" bytes \"3963040\n"
"kernel 2 (localhost):"
"\"PASS: \"\"compressed scalar map below file bound\"\n"
"kernel 2 (localhost):"
"\"PASS: \"\"compressed scalar map exact round trip\"\n"
"kernel 2 (localhost):"
"\"PASS: \"\"master coefficient retains exact reconstruction\"\n"
"kernel 2 (localhost):"
"\"REAL_MASTER_COEFFICIENT \"\"Hgg\"\" \"49\" \"InputForm[CutIntegral[\"R01\", {1, 1, 1, 1}]]\n"
"kernel 2 (localhost):"
"\"EXACT_POLYNOMIAL_BACKEND_START \"InputForm[{49, CutIntegral[\"R01\", {1, 1, 1, 1}]}]\" terms \"2\" bytes \"11096\n"
"kernel 2 (localhost):"
"\"EXACT_POLYNOMIAL_SUM production_sum 2 2 0.002\\nPASS: exact polynomial comparison backend\\n\"\n"
"kernel 2 (localhost):"
"\"\"\n"
"kernel 2 (localhost):"
"\"EXACT_POLYNOMIAL_ACCEPTED \"InputForm[{49, CutIntegral[\"R01\", {1, 1, 1, 1}]}]\" seconds \"0.193218`5.7375925759094875\" bytes \"65928\n"
"kernel 2 (localhost):"
"\"REAL_MASTER_COEFFICIENT \"\"Hgg\"\" \"49\" \"InputForm[CutIntegral[\"R02\", {1, 1, 1, 1}]]\n"
"kernel 2 (localhost):"
"\"EXACT_POLYNOMIAL_BACKEND_START \"InputForm[{49, CutIntegral[\"R02\", {1, 1, 1, 1}]}]\" terms \"8\" bytes \"50898\n"
"kernel 2 (localhost):"
"\"EXACT_POLYNOMIAL_SUM production_sum 8 8 0.009\\nPASS: exact polynomial comparison backend\\n\"\n"
"kernel 2 (localhost):"
"\"\"\n"
"kernel 2 (localhost):"
"\"EXACT_POLYNOMIAL_ACCEPTED \"InputForm[{49, CutIntegral[\"R02\", {1, 1, 1, 1}]}]\" seconds \"0.309369`5.9420217870110825\" bytes \"314688\n"
"kernel 2 (localhost):"
"\"REAL_MASTER_COEFFICIENT \"\"Hgg\"\" \"49\" \"InputForm[CutIntegral[\"R03\", {1, 1, 0, 1}]]\n"
"kernel 2 (localhost):"
"\"EXACT_POLYNOMIAL_TRANSFER \"\"production_sum\"\" \"64\"/\"89\n"
"kernel 2 (localhost):"
"\"EXACT_POLYNOMIAL_BACKEND_START \"InputForm[{49, CutIntegral[\"R03\", {1, 1, 0, 1}]}]\" terms \"89\" bytes \"5475225\n"
"kernel 2 (localhost):"
"\"EXACT_POLYNOMIAL_SUM production_sum 16 89 3.155\\nEXACT_POLYNOMIAL_SUM production_sum 32 89 3.442\\nEXACT_POLYNOMIAL_SUM production_sum 48 89 3.672\\nEXACT_POLYNOMIAL_SUM production_sum 64 89 3.943\\nEXACT_POLYNOMIAL_SUM production_sum 80 89 4.187\\nEXACT_POLYNOMIAL_SUM production_sum 89 89 4.265\\nPASS: exact polynomial comparison backend\\n\"\n"
"kernel 2 (localhost):"
"\"\"\n"
"kernel 2 (localhost):"
"\"EXACT_POLYNOMIAL_ACCEPTED \"InputForm[{49, CutIntegral[\"R03\", {1, 1, 0, 1}]}]\" seconds \"19.285471`7.736775243397705\" bytes \"3087144\n"
"kernel 2 (localhost):"
"\"REAL_MASTER_COEFFICIENT \"\"Hgg\"\" \"49\" \"InputForm[CutIntegral[\"R03\", {1, 1, 1, 1}]]\n"
"kernel 2 (localhost):"
"\"EXACT_POLYNOMIAL_BACKEND_START \"InputForm[{49, CutIntegral[\"R03\", {1, 1, 1, 1}]}]\" terms \"2\" bytes \"20128\n"
"kernel 2 (localhost):"
"\"EXACT_POLYNOMIAL_SUM production_sum 2 2 0.015\\nPASS: exact polynomial comparison backend\\n\"\n"
"kernel 2 (localhost):"
"\"\"\n"
"kernel 2 (localhost):"
"\"EXACT_POLYNOMIAL_ACCEPTED \"InputForm[{49, CutIntegral[\"R03\", {1, 1, 1, 1}]}]\" seconds \"0.252425`5.853677358427725\" bytes \"583472\n"
"kernel 2 (localhost):"
"\"REAL_MASTER_COEFFICIENT \"\"Hgg\"\" \"49\" \"InputForm[CutIntegral[\"R04\", {1, 1, 1, 1}]]\n"
"kernel 2 (localhost):"
"\"EXACT_POLYNOMIAL_BACKEND_START \"InputForm[{49, CutIntegral[\"R04\", {1, 1, 1, 1}]}]\" terms \"8\" bytes \"58176\n"
"kernel 2 (localhost):"
"\"EXACT_POLYNOMIAL_SUM production_sum 8 8 0.014\\nPASS: exact polynomial comparison backend\\n\"\n"
"kernel 2 (localhost):"
"\"\"\n"
"kernel 2 (localhost):"
"\"EXACT_POLYNOMIAL_ACCEPTED \"InputForm[{49, CutIntegral[\"R04\", {1, 1, 1, 1}]}]\" seconds \"0.355984`6.0029754721770905\" bytes \"387240\n"
"kernel 2 (localhost):"
"\"REAL_MASTER_COEFFICIENT \"\"Hgg\"\" \"49\" \"InputForm[CutIntegral[\"R09\", {1, 1, 1, 1}]]\n"
"kernel 2 (localhost):"
"\"EXACT_POLYNOMIAL_BACKEND_START \"InputForm[{49, CutIntegral[\"R09\", {1, 1, 1, 1}]}]\" terms \"2\" bytes \"34462\n"
"kernel 2 (localhost):"
"\"EXACT_POLYNOMIAL_SUM production_sum 2 2 0.02\\nPASS: exact polynomial comparison backend\\n\"\n"
"kernel 2 (localhost):"
"\"\"\n"
"kernel 2 (localhost):"
"\"EXACT_POLYNOMIAL_ACCEPTED \"InputForm[{49, CutIntegral[\"R09\", {1, 1, 1, 1}]}]\" seconds \"0.319308`5.955754793063701\" bytes \"890760\n"
"kernel 2 (localhost):"
"\"REAL_MASTER_COEFFICIENT \"\"Hgg\"\" \"49\" \"InputForm[CutIntegral[\"R10\", {1, 1, 1, 1}]]\n"
"kernel 2 (localhost):"
"\"EXACT_POLYNOMIAL_BACKEND_START \"InputForm[{49, CutIntegral[\"R10\", {1, 1, 1, 1}]}]\" terms \"8\" bytes \"35186\n"
"kernel 2 (localhost):"
"\"EXACT_POLYNOMIAL_SUM production_sum 8 8 0.007\\nPASS: exact polynomial comparison backend\\n\"\n"
"kernel 2 (localhost):"
"\"\"\n"
"kernel 2 (localhost):"
"\"EXACT_POLYNOMIAL_ACCEPTED \"InputForm[{49, CutIntegral[\"R10\", {1, 1, 1, 1}]}]\" seconds \"0.35256`5.998778030997836\" bytes \"214400\n"
"kernel 2 (localhost):"
"\"PASS: \"\"complete linear reduced coefficient reconstruction\"\n"
"kernel 2 (localhost):"
"\"PASS: \"\"reduced coefficients are scalar rational expressions\"\n"
"kernel 2 (localhost):"
"\"REAL_MAP_ACCEPTED \"\"Hgg\"\" \"49\n"
"kernel 2 (localhost):"
"\"PASS: \"\"complete reduced output accepted before storage projection\"\n"
"kernel 2 (localhost):"
"\"PASS: \"\"exact downstream coefficient interface\"\n"
"kernel 2 (localhost):"
"\"REAL_MAP \"\"Hgg\"\" \"52\"/\"98\" \"<|\"Sector\" -> \"Real\", \"Kind\" -> \"ExtendedResponse\", \"Index\" -> {5, 2, 4}|>\" kernel \"2\n"
"kernel 2 (localhost):"
"\"PASS: \"\"exact saved raw file\"\n"
"kernel 2 (localhost):"
"\"PASS: \"\"raw reader returns complete original record\"\n"
"kernel 2 (localhost):"
"\"PASS: \"\"raw component retains executed reconstruction\"\n"
"kernel 2 (localhost):"
"\"PASS: \"\"known rules end in saved masters\"\n"
"kernel 2 (localhost):"
"\"PASS: \"\"complete linear reduced coefficient reconstruction\"\n"
"kernel 2 (localhost):"
"\"PASS: \"\"reduced coefficients are scalar rational expressions\"\n"
"kernel 2 (localhost):"
"\"PASS: \"\"compressed scalar map below file bound\"\n"
"kernel 2 (localhost):"
"\"PASS: \"\"compressed scalar map exact round trip\"\n"
"kernel 2 (localhost):"
"\"REAL_MAP_ACCEPTED \"\"Hgg\"\" \"52\n"
"kernel 2 (localhost):"
"\"PASS: \"\"complete reduced output accepted before storage projection\"\n"
"kernel 2 (localhost):"
"\"PASS: \"\"exact downstream coefficient interface\"\n"
"kernel 2 (localhost):"
"\"REAL_MAP \"\"Hgg\"\" \"53\"/\"98\" \"<|\"Sector\" -> \"Real\", \"Kind\" -> \"ExtendedResponse\", \"Index\" -> {5, 3, 1}|>\" kernel \"2\n"
"kernel 2 (localhost):"
"\"PASS: \"\"exact saved raw file\"\n"
"kernel 2 (localhost):"
"\"PASS: \"\"raw reader returns complete original record\"\n"
"kernel 2 (localhost):"
"\"PASS: \"\"raw component retains executed reconstruction\"\n"
"kernel 2 (localhost):"
"\"PASS: \"\"known rules end in saved masters\"\n"
"kernel 2 (localhost):"
"\"PASS: \"\"exact individual reduction-rule reconstruction\"\n"
"kernel 2 (localhost):"
"\"REAL_MASTER_COEFFICIENT \"\"Hgg\"\" \"53\" \"InputForm[CutIntegral[\"R01\", {1, 1, 0, 0}]]\n"
"kernel 2 (localhost):"
"\"PASS: \"\"exact polynomial transfer supports rational coefficients\"\n"
"kernel 2 (localhost):"
"\"PASS: \"\"unassigned exact polynomial variables\"\n"
"kernel 2 (localhost):"
"\"PASS: \"\"native JSON header shape\"\n"
"kernel 2 (localhost):"
"\"PASS: \"\"complete polynomial variable support\"\n"
"kernel 2 (localhost):"
"\"PASS: \"\"exported polynomial denominator reconstructs\"\n"
"kernel 2 (localhost):"
"\"PASS: \"\"native polynomial text reconstructs\"\n"
"kernel 2 (localhost):"
"\"PASS: \"\"native JSON term reconstructs\"\n"
"kernel 2 (localhost):"
"\"EXACT_POLYNOMIAL_TRANSFER \"\"production_sum\"\" \"64\"/\"411\n"
"kernel 1 (localhost):"
"\"EXACT_POLYNOMIAL_SUM production_sum 16 411 18.321\\nEXACT_POLYNOMIAL_SUM production_sum 32 411 21.728\\nEXACT_POLYNOMIAL_SUM production_sum 48 411 23.974\\nEXACT_POLYNOMIAL_SUM production_sum 64 411 26.273\\nEXACT_POLYNOMIAL_SUM production_sum 80 411 29.237\\nEXACT_POLYNOMIAL_SUM production_sum 96 411 32.611\\nEXACT_POLYNOMIAL_SUM production_sum 112 411 35.962\\nEXACT_POLYNOMIAL_SUM production_sum 128 411 39.23\\nEXACT_POLYNOMIAL_SUM production_sum 144 411 42.17\\nEXACT_POLYNOMIAL_SUM production_sum 160 411 45.44\\nEXACT_POLYNOMIAL_SUM production_sum 176 411 48.83\\nEXACT_POLYNOMIAL_SUM production_sum 192 411 51.877\\nEXACT_POLYNOMIAL_SUM production_sum 208 411 55.154\\nEXACT_POLYNOMIAL_SUM production_sum 224 411 58.48\\nEXACT_POLYNOMIAL_SUM production_sum 240 411 60.942\\nEXACT_POLYNOMIAL_SUM production_sum 256 411 62.528\\nEXACT_POLYNOMIAL_SUM production_sum 272 411 64.613\\nEXACT_POLYNOMIAL_SUM production_sum 288 411 67.311\\nEXACT_POLYNOMIAL_SUM production_sum 304 411 70.062\\nEXACT_POLYNOMIAL_SUM production_sum 320 411 72.015\\nEXACT_POLYNOMIAL_SUM production_sum 336 411 74.29\\nEXACT_POLYNOMIAL_SUM production_sum 352 411 76.945\\nEXACT_POLYNOMIAL_SUM production_sum 368 411 79.082\\nEXACT_POLYNOMIAL_SUM production_sum 384 411 80.988\\nEXACT_POLYNOMIAL_SUM production_sum 400 411 83.261\\nEXACT_POLYNOMIAL_SUM production_sum 411 411 84.237\\nPASS: exact polynomial comparison backend\\n\"\n"
"kernel 1 (localhost):"
"\"\"\n"
"kernel 1 (localhost):"
"\"PASS: \"\"exact production backend completed\"\n"
"kernel 1 (localhost):"
"\"PASS: \"\"exact production backend input and source\"\n"
"kernel 1 (localhost):"
"\"PASS: \"\"complete production termwise reconstruction\"\n"
"kernel 1 (localhost):"
"\"PASS: \"\"exact scalar coefficient import\"\n"
"kernel 1 (localhost):"
"\"EXACT_POLYNOMIAL_ACCEPTED \"InputForm[{51, CutIntegral[\"R01\", {1, 1, 0, 0}]}]\" seconds \"148.172975`8.622313994179523\" bytes \"5493080\n"
"kernel 1 (localhost):"
"\"PASS: \"\"compressed scalar map below file bound\"\n"
"kernel 1 (localhost):"
"\"PASS: \"\"compressed scalar map exact round trip\"\n"
"kernel 1 (localhost):"
"\"PASS: \"\"master coefficient retains exact reconstruction\"\n"
"kernel 1 (localhost):"
"\"REAL_MASTER_COEFFICIENT \"\"Hgg\"\" \"51\" \"InputForm[CutIntegral[\"R01\", {1, 1, 1, 1}]]\n"
"kernel 1 (localhost):"
"\"EXACT_POLYNOMIAL_BACKEND_START \"InputForm[{51, CutIntegral[\"R01\", {1, 1, 1, 1}]}]\" terms \"2\" bytes \"10698\n"
"kernel 1 (localhost):"
"\"EXACT_POLYNOMIAL_SUM production_sum 2 2 0.002\\nPASS: exact polynomial comparison backend\\n\"\n"
"kernel 1 (localhost):"
"\"\"\n"
"kernel 1 (localhost):"
"\"EXACT_POLYNOMIAL_ACCEPTED \"InputForm[{51, CutIntegral[\"R01\", {1, 1, 1, 1}]}]\" seconds \"0.185809`5.720611739513522\" bytes \"63784\n"
"kernel 1 (localhost):"
"\"REAL_MASTER_COEFFICIENT \"\"Hgg\"\" \"51\" \"InputForm[CutIntegral[\"R02\", {1, 1, 1, 1}]]\n"
"kernel 1 (localhost):"
"\"EXACT_POLYNOMIAL_BACKEND_START \"InputForm[{51, CutIntegral[\"R02\", {1, 1, 1, 1}]}]\" terms \"8\" bytes \"44316\n"
"kernel 1 (localhost):"
"\"EXACT_POLYNOMIAL_SUM production_sum 8 8 0.011\\nPASS: exact polynomial comparison backend\\n\"\n"
"kernel 1 (localhost):"
"\"\"\n"
"kernel 1 (localhost):"
"\"EXACT_POLYNOMIAL_ACCEPTED \"InputForm[{51, CutIntegral[\"R02\", {1, 1, 1, 1}]}]\" seconds \"0.291974`5.916889173166072\" bytes \"297960\n"
"kernel 1 (localhost):"
"\"REAL_MASTER_COEFFICIENT \"\"Hgg\"\" \"51\" \"InputForm[CutIntegral[\"R03\", {1, 1, 0, 1}]]\n"
"kernel 2 (localhost):"
"\"EXACT_POLYNOMIAL_TRANSFER \"\"production_sum\"\" \"128\"/\"411\n"
"kernel 2 (localhost):"
"\"EXACT_POLYNOMIAL_TRANSFER \"\"production_sum\"\" \"192\"/\"411\n"
"kernel 1 (localhost):"
"\"EXACT_POLYNOMIAL_TRANSFER \"\"production_sum\"\" \"64\"/\"89\n"
"kernel 1 (localhost):"
"\"EXACT_POLYNOMIAL_BACKEND_START \"InputForm[{51, CutIntegral[\"R03\", {1, 1, 0, 1}]}]\" terms \"89\" bytes \"5283697\n"
"kernel 1 (localhost):"
"\"EXACT_POLYNOMIAL_SUM production_sum 16 89 3.09\\nEXACT_POLYNOMIAL_SUM production_sum 32 89 3.341\\nEXACT_POLYNOMIAL_SUM production_sum 48 89 3.603\\nEXACT_POLYNOMIAL_SUM production_sum 64 89 3.866\\nEXACT_POLYNOMIAL_SUM production_sum 80 89 4.073\\nEXACT_POLYNOMIAL_SUM production_sum 89 89 4.164\\nPASS: exact polynomial comparison backend\\n\"\n"
"kernel 1 (localhost):"
"\"\"\n"
"kernel 1 (localhost):"
"\"EXACT_POLYNOMIAL_ACCEPTED \"InputForm[{51, CutIntegral[\"R03\", {1, 1, 0, 1}]}]\" seconds \"19.055181`7.731558071869334\" bytes \"4238440\n"
"kernel 1 (localhost):"
"\"REAL_MASTER_COEFFICIENT \"\"Hgg\"\" \"51\" \"InputForm[CutIntegral[\"R03\", {1, 1, 1, 1}]]\n"
"kernel 1 (localhost):"
"\"EXACT_POLYNOMIAL_BACKEND_START \"InputForm[{51, CutIntegral[\"R03\", {1, 1, 1, 1}]}]\" terms \"2\" bytes \"16752\n"
"kernel 1 (localhost):"
"\"EXACT_POLYNOMIAL_SUM production_sum 2 2 0.01\\nPASS: exact polynomial comparison backend\\n\"\n"
"kernel 1 (localhost):"
"\"\"\n"
"kernel 1 (localhost):"
"\"EXACT_POLYNOMIAL_ACCEPTED \"InputForm[{51, CutIntegral[\"R03\", {1, 1, 1, 1}]}]\" seconds \"0.229183`5.811727393527764\" bytes \"502280\n"
"kernel 1 (localhost):"
"\"REAL_MASTER_COEFFICIENT \"\"Hgg\"\" \"51\" \"InputForm[CutIntegral[\"R04\", {1, 1, 1, 1}]]\n"
"kernel 1 (localhost):"
"\"EXACT_POLYNOMIAL_BACKEND_START \"InputForm[{51, CutIntegral[\"R04\", {1, 1, 1, 1}]}]\" terms \"8\" bytes \"62826\n"
"kernel 1 (localhost):"
"\"EXACT_POLYNOMIAL_SUM production_sum 8 8 0.014\\nPASS: exact polynomial comparison backend\\n\"\n"
"kernel 1 (localhost):"
"\"\"\n"
"kernel 1 (localhost):"
"\"EXACT_POLYNOMIAL_ACCEPTED \"InputForm[{51, CutIntegral[\"R04\", {1, 1, 1, 1}]}]\" seconds \"0.342608`5.986342493150832\" bytes \"386856\n"
"kernel 1 (localhost):"
"\"REAL_MASTER_COEFFICIENT \"\"Hgg\"\" \"51\" \"InputForm[CutIntegral[\"R09\", {1, 1, 1, 1}]]\n"
"kernel 1 (localhost):"
"\"EXACT_POLYNOMIAL_BACKEND_START \"InputForm[{51, CutIntegral[\"R09\", {1, 1, 1, 1}]}]\" terms \"2\" bytes \"33374\n"
"kernel 1 (localhost):"
"\"EXACT_POLYNOMIAL_SUM production_sum 2 2 0.016\\nPASS: exact polynomial comparison backend\\n\"\n"
"kernel 1 (localhost):"
"\"\"\n"
"kernel 1 (localhost):"
"\"EXACT_POLYNOMIAL_ACCEPTED \"InputForm[{51, CutIntegral[\"R09\", {1, 1, 1, 1}]}]\" seconds \"0.305383`5.936389850670579\" bytes \"864424\n"
"kernel 1 (localhost):"
"\"REAL_MASTER_COEFFICIENT \"\"Hgg\"\" \"51\" \"InputForm[CutIntegral[\"R10\", {1, 1, 1, 1}]]\n"
"kernel 1 (localhost):"
"\"EXACT_POLYNOMIAL_BACKEND_START \"InputForm[{51, CutIntegral[\"R10\", {1, 1, 1, 1}]}]\" terms \"8\" bytes \"31786\n"
"kernel 1 (localhost):"
"\"EXACT_POLYNOMIAL_SUM production_sum 8 8 0.007\\nPASS: exact polynomial comparison backend\\n\"\n"
"kernel 1 (localhost):"
"\"\"\n"
"kernel 1 (localhost):"
"\"EXACT_POLYNOMIAL_ACCEPTED \"InputForm[{51, CutIntegral[\"R10\", {1, 1, 1, 1}]}]\" seconds \"0.295052`5.921443556331423\" bytes \"193872\n"
"kernel 1 (localhost):"
"\"PASS: \"\"complete linear reduced coefficient reconstruction\"\n"
"kernel 1 (localhost):"
"\"PASS: \"\"reduced coefficients are scalar rational expressions\"\n"
"kernel 2 (localhost):"
"\"EXACT_POLYNOMIAL_TRANSFER \"\"production_sum\"\" \"256\"/\"411\n"
"kernel 2 (localhost):"
"\"EXACT_POLYNOMIAL_TRANSFER \"\"production_sum\"\" \"320\"/\"411\n"
"kernel 2 (localhost):"
"\"EXACT_POLYNOMIAL_TRANSFER \"\"production_sum\"\" \"384\"/\"411\n"
"kernel 1 (localhost):"
"\"REAL_MAP_ACCEPTED \"\"Hgg\"\" \"51\n"
"kernel 1 (localhost):"
"\"PASS: \"\"complete reduced output accepted before storage projection\"\n"
"kernel 1 (localhost):"
"\"PASS: \"\"exact downstream coefficient interface\"\n"
"kernel 1 (localhost):"
"\"REAL_MAP \"\"Hgg\"\" \"54\"/\"98\" \"<|\"Sector\" -> \"Real\", \"Kind\" -> \"ExtendedResponse\", \"Index\" -> {5, 3, 2}|>\" kernel \"1\n"
"kernel 1 (localhost):"
"\"PASS: \"\"exact saved raw file\"\n"
"kernel 2 (localhost):"
"\"PASS: \"\"bounded polynomial transfer file\"\n"
"kernel 2 (localhost):"
"\"PASS: \"\"unchanged validated exact backend\"\n"
"kernel 2 (localhost):"
"\"EXACT_POLYNOMIAL_BACKEND_START \"InputForm[{53, CutIntegral[\"R01\", {1, 1, 0, 0}]}]\" terms \"411\" bytes \"25584821\n"
"kernel 1 (localhost):"
"\"PASS: \"\"raw reader returns complete original record\"\n"
"kernel 1 (localhost):"
"\"PASS: \"\"raw component retains executed reconstruction\"\n"
"kernel 1 (localhost):"
"\"PASS: \"\"known rules end in saved masters\"\n"
"kernel 1 (localhost):"
"\"PASS: \"\"exact individual reduction-rule reconstruction\"\n"
"kernel 1 (localhost):"
"\"REAL_MASTER_COEFFICIENT \"\"Hgg\"\" \"54\" \"InputForm[CutIntegral[\"R01\", {1, 1, 0, 0}]]\n"
"kernel 1 (localhost):"
"\"PASS: \"\"exact polynomial transfer supports rational coefficients\"\n"
"kernel 1 (localhost):"
"\"PASS: \"\"unassigned exact polynomial variables\"\n"
"kernel 1 (localhost):"
"\"PASS: \"\"native JSON header shape\"\n"
"kernel 1 (localhost):"
"\"PASS: \"\"complete polynomial variable support\"\n"
"kernel 1 (localhost):"
"\"PASS: \"\"exported polynomial denominator reconstructs\"\n"
"kernel 1 (localhost):"
"\"PASS: \"\"native polynomial text reconstructs\"\n"
"kernel 1 (localhost):"
"\"PASS: \"\"native JSON term reconstructs\"\n"
"kernel 1 (localhost):"
"\"EXACT_POLYNOMIAL_TRANSFER \"\"production_sum\"\" \"64\"/\"411\n"
"kernel 1 (localhost):"
"\"EXACT_POLYNOMIAL_TRANSFER \"\"production_sum\"\" \"128\"/\"411\n"
"kernel 1 (localhost):"
"\"EXACT_POLYNOMIAL_TRANSFER \"\"production_sum\"\" \"192\"/\"411\n"
"kernel 1 (localhost):"
"\"EXACT_POLYNOMIAL_TRANSFER \"\"production_sum\"\" \"256\"/\"411\n"
"kernel 1 (localhost):"
"\"EXACT_POLYNOMIAL_TRANSFER \"\"production_sum\"\" \"320\"/\"411\n"
"kernel 1 (localhost):"
"\"EXACT_POLYNOMIAL_TRANSFER \"\"production_sum\"\" \"384\"/\"411\n"
"kernel 1 (localhost):"
"\"PASS: \"\"bounded polynomial transfer file\"\n"
"kernel 1 (localhost):"
"\"PASS: \"\"unchanged validated exact backend\"\n"
"kernel 1 (localhost):"
"\"EXACT_POLYNOMIAL_BACKEND_START \"InputForm[{54, CutIntegral[\"R01\", {1, 1, 0, 0}]}]\" terms \"411\" bytes \"25221943\n"
"kernel 2 (localhost):"
"\"EXACT_POLYNOMIAL_SUM production_sum 16 411 14.955\\nEXACT_POLYNOMIAL_SUM production_sum 32 411 17.765\\nEXACT_POLYNOMIAL_SUM production_sum 48 411 19.828\\nEXACT_POLYNOMIAL_SUM production_sum 64 411 21.544\\nEXACT_POLYNOMIAL_SUM production_sum 80 411 24.049\\nEXACT_POLYNOMIAL_SUM production_sum 96 411 25.777\\nEXACT_POLYNOMIAL_SUM production_sum 112 411 28.084\\nEXACT_POLYNOMIAL_SUM production_sum 128 411 30.778\\nEXACT_POLYNOMIAL_SUM production_sum 144 411 33.505\\nEXACT_POLYNOMIAL_SUM production_sum 160 411 34.924\\nEXACT_POLYNOMIAL_SUM production_sum 176 411 37.294\\nEXACT_POLYNOMIAL_SUM production_sum 192 411 40.244\\nEXACT_POLYNOMIAL_SUM production_sum 208 411 43.031\\nEXACT_POLYNOMIAL_SUM production_sum 224 411 45.853\\nEXACT_POLYNOMIAL_SUM production_sum 240 411 48.558\\nEXACT_POLYNOMIAL_SUM production_sum 256 411 51.325\\nEXACT_POLYNOMIAL_SUM production_sum 272 411 54.369\\nEXACT_POLYNOMIAL_SUM production_sum 288 411 56.25\\nEXACT_POLYNOMIAL_SUM production_sum 304 411 58.197\\nEXACT_POLYNOMIAL_SUM production_sum 320 411 60.66\\nEXACT_POLYNOMIAL_SUM production_sum 336 411 62.746\\nEXACT_POLYNOMIAL_SUM production_sum 352 411 64.585\\nEXACT_POLYNOMIAL_SUM production_sum 368 411 66.21\\nEXACT_POLYNOMIAL_SUM production_sum 384 411 68.174\\nEXACT_POLYNOMIAL_SUM production_sum 400 411 69.752\\nEXACT_POLYNOMIAL_SUM production_sum 411 411 70.867\\nPASS: exact polynomial comparison backend\\n\"\n"
"kernel 2 (localhost):"
"\"\"\n"
"kernel 2 (localhost):"
"\"PASS: \"\"exact production backend completed\"\n"
"kernel 2 (localhost):"
"\"PASS: \"\"exact production backend input and source\"\n"
"kernel 2 (localhost):"
"\"PASS: \"\"complete production termwise reconstruction\"\n"
"kernel 2 (localhost):"
"\"PASS: \"\"exact scalar coefficient import\"\n"
"kernel 2 (localhost):"
"\"EXACT_POLYNOMIAL_ACCEPTED \"InputForm[{53, CutIntegral[\"R01\", {1, 1, 0, 0}]}]\" seconds \"122.667331`8.54027390947852\" bytes \"2663864\n"
"kernel 2 (localhost):"
"\"PASS: \"\"compressed scalar map below file bound\"\n"
"kernel 2 (localhost):"
"\"PASS: \"\"compressed scalar map exact round trip\"\n"
"kernel 2 (localhost):"
"\"PASS: \"\"master coefficient retains exact reconstruction\"\n"
"kernel 2 (localhost):"
"\"REAL_MASTER_COEFFICIENT \"\"Hgg\"\" \"53\" \"InputForm[CutIntegral[\"R01\", {1, 1, 1, 1}]]\n"
"kernel 2 (localhost):"
"\"EXACT_POLYNOMIAL_BACKEND_START \"InputForm[{53, CutIntegral[\"R01\", {1, 1, 1, 1}]}]\" terms \"2\" bytes \"10250\n"
"kernel 2 (localhost):"
"\"EXACT_POLYNOMIAL_SUM production_sum 2 2 0.001\\nPASS: exact polynomial comparison backend\\n\"\n"
"kernel 2 (localhost):"
"\"\"\n"
"kernel 2 (localhost):"
"\"EXACT_POLYNOMIAL_ACCEPTED \"InputForm[{53, CutIntegral[\"R01\", {1, 1, 1, 1}]}]\" seconds \"0.18927`5.728626775621619\" bytes \"61656\n"
"kernel 2 (localhost):"
"\"REAL_MASTER_COEFFICIENT \"\"Hgg\"\" \"53\" \"InputForm[CutIntegral[\"R02\", {1, 1, 1, 1}]]\n"
"kernel 2 (localhost):"
"\"EXACT_POLYNOMIAL_BACKEND_START \"InputForm[{53, CutIntegral[\"R02\", {1, 1, 1, 1}]}]\" terms \"8\" bytes \"49848\n"
"kernel 2 (localhost):"
"\"EXACT_POLYNOMIAL_SUM production_sum 8 8 0.008\\nPASS: exact polynomial comparison backend\\n\"\n"
"kernel 2 (localhost):"
"\"\"\n"
"kernel 2 (localhost):"
"\"EXACT_POLYNOMIAL_ACCEPTED \"InputForm[{53, CutIntegral[\"R02\", {1, 1, 1, 1}]}]\" seconds \"0.319623`5.956183016996751\" bytes \"318952\n"
"kernel 2 (localhost):"
"\"REAL_MASTER_COEFFICIENT \"\"Hgg\"\" \"53\" \"InputForm[CutIntegral[\"R03\", {1, 1, 0, 1}]]\n"
"kernel 2 (localhost):"
"\"EXACT_POLYNOMIAL_TRANSFER \"\"production_sum\"\" \"64\"/\"89\n"
"kernel 2 (localhost):"
"\"EXACT_POLYNOMIAL_BACKEND_START \"InputForm[{53, CutIntegral[\"R03\", {1, 1, 0, 1}]}]\" terms \"89\" bytes \"4290788\n"
"kernel 2 (localhost):"
"\"EXACT_POLYNOMIAL_SUM production_sum 16 89 2.617\\nEXACT_POLYNOMIAL_SUM production_sum 32 89 2.838\\nEXACT_POLYNOMIAL_SUM production_sum 48 89 3.04\\nEXACT_POLYNOMIAL_SUM production_sum 64 89 3.262\\nEXACT_POLYNOMIAL_SUM production_sum 80 89 3.471\\nEXACT_POLYNOMIAL_SUM production_sum 89 89 3.546\\nPASS: exact polynomial comparison backend\\n\"\n"
"kernel 2 (localhost):"
"\"\"\n"
"kernel 2 (localhost):"
"\"EXACT_POLYNOMIAL_ACCEPTED \"InputForm[{53, CutIntegral[\"R03\", {1, 1, 0, 1}]}]\" seconds \"14.789849`7.6215087334968175\" bytes \"2513232\n"
"kernel 2 (localhost):"
"\"REAL_MASTER_COEFFICIENT \"\"Hgg\"\" \"53\" \"InputForm[CutIntegral[\"R03\", {1, 1, 1, 1}]]\n"
"kernel 2 (localhost):"
"\"EXACT_POLYNOMIAL_BACKEND_START \"InputForm[{53, CutIntegral[\"R03\", {1, 1, 1, 1}]}]\" terms \"2\" bytes \"23028\n"
"kernel 2 (localhost):"
"\"EXACT_POLYNOMIAL_SUM production_sum 2 2 0.011\\nPASS: exact polynomial comparison backend\\n\"\n"
"kernel 2 (localhost):"
"\"\"\n"
"kernel 2 (localhost):"
"\"EXACT_POLYNOMIAL_ACCEPTED \"InputForm[{53, CutIntegral[\"R03\", {1, 1, 1, 1}]}]\" seconds \"0.257015`5.861503464014531\" bytes \"640952\n"
"kernel 2 (localhost):"
"\"REAL_MASTER_COEFFICIENT \"\"Hgg\"\" \"53\" \"InputForm[CutIntegral[\"R04\", {1, 1, 1, 1}]]\n"
"kernel 2 (localhost):"
"\"EXACT_POLYNOMIAL_BACKEND_START \"InputForm[{53, CutIntegral[\"R04\", {1, 1, 1, 1}]}]\" terms \"8\" bytes \"54176\n"
"kernel 2 (localhost):"
"\"EXACT_POLYNOMIAL_SUM production_sum 8 8 0.012\\nPASS: exact polynomial comparison backend\\n\"\n"
"kernel 2 (localhost):"
"\"\"\n"
"kernel 2 (localhost):"
"\"EXACT_POLYNOMIAL_ACCEPTED \"InputForm[{53, CutIntegral[\"R04\", {1, 1, 1, 1}]}]\" seconds \"0.332357`5.973149823678068\" bytes \"346720\n"
"kernel 2 (localhost):"
"\"REAL_MASTER_COEFFICIENT \"\"Hgg\"\" \"53\" \"InputForm[CutIntegral[\"R09\", {1, 1, 1, 1}]]\n"
"kernel 2 (localhost):"
"\"EXACT_POLYNOMIAL_BACKEND_START \"InputForm[{53, CutIntegral[\"R09\", {1, 1, 1, 1}]}]\" terms \"2\" bytes \"29482\n"
"kernel 2 (localhost):"
"\"EXACT_POLYNOMIAL_SUM production_sum 2 2 0.015\\nPASS: exact polynomial comparison backend\\n\"\n"
"kernel 2 (localhost):"
"\"\"\n"
"kernel 2 (localhost):"
"\"EXACT_POLYNOMIAL_ACCEPTED \"InputForm[{53, CutIntegral[\"R09\", {1, 1, 1, 1}]}]\" seconds \"0.283647`5.904323188093909\" bytes \"781840\n"
"kernel 2 (localhost):"
"\"REAL_MASTER_COEFFICIENT \"\"Hgg\"\" \"53\" \"InputForm[CutIntegral[\"R10\", {1, 1, 1, 1}]]\n"
"kernel 2 (localhost):"
"\"EXACT_POLYNOMIAL_BACKEND_START \"InputForm[{53, CutIntegral[\"R10\", {1, 1, 1, 1}]}]\" terms \"8\" bytes \"35824\n"
"kernel 2 (localhost):"
"\"EXACT_POLYNOMIAL_SUM production_sum 8 8 0.009\\nPASS: exact polynomial comparison backend\\n\"\n"
"kernel 2 (localhost):"
"\"\"\n"
"kernel 2 (localhost):"
"\"EXACT_POLYNOMIAL_ACCEPTED \"InputForm[{53, CutIntegral[\"R10\", {1, 1, 1, 1}]}]\" seconds \"0.307367`5.939202231782576\" bytes \"238040\n"
"kernel 2 (localhost):"
"\"PASS: \"\"complete linear reduced coefficient reconstruction\"\n"
"kernel 2 (localhost):"
"\"PASS: \"\"reduced coefficients are scalar rational expressions\"\n"
"kernel 2 (localhost):"
"\"REAL_MAP_ACCEPTED \"\"Hgg\"\" \"53\n"
"kernel 2 (localhost):"
"\"PASS: \"\"complete reduced output accepted before storage projection\"\n"
"kernel 2 (localhost):"
"\"PASS: \"\"exact downstream coefficient interface\"\n"
"kernel 2 (localhost):"
"\"REAL_MAP \"\"Hgg\"\" \"55\"/\"98\" \"<|\"Sector\" -> \"Real\", \"Kind\" -> \"ExtendedResponse\", \"Index\" -> {5, 3, 5}|>\" kernel \"2\n"
"kernel 2 (localhost):"
"\"PASS: \"\"exact saved raw file\"\n"
"kernel 2 (localhost):"
"\"PASS: \"\"raw reader returns complete original record\"\n"
"kernel 2 (localhost):"
"\"PASS: \"\"raw component retains executed reconstruction\"\n"
"kernel 2 (localhost):"
"\"PASS: \"\"known rules end in saved masters\"\n"
"kernel 2 (localhost):"
"\"PASS: \"\"exact individual reduction-rule reconstruction\"\n"
"kernel 2 (localhost):"
"\"REAL_MASTER_COEFFICIENT \"\"Hgg\"\" \"55\" \"InputForm[CutIntegral[\"R01\", {1, 1, 0, 0}]]\n"
"kernel 2 (localhost):"
"\"PASS: \"\"exact polynomial transfer supports rational coefficients\"\n"
"kernel 2 (localhost):"
"\"PASS: \"\"unassigned exact polynomial variables\"\n"
"kernel 2 (localhost):"
"\"PASS: \"\"native JSON header shape\"\n"
"kernel 2 (localhost):"
"\"PASS: \"\"complete polynomial variable support\"\n"
"kernel 2 (localhost):"
"\"PASS: \"\"exported polynomial denominator reconstructs\"\n"
"kernel 2 (localhost):"
"\"PASS: \"\"native polynomial text reconstructs\"\n"
"kernel 2 (localhost):"
"\"PASS: \"\"native JSON term reconstructs\"\n"
"kernel 2 (localhost):"
"\"EXACT_POLYNOMIAL_TRANSFER \"\"production_sum\"\" \"64\"/\"406\n"
"kernel 2 (localhost):"
"\"EXACT_POLYNOMIAL_TRANSFER \"\"production_sum\"\" \"128\"/\"406\n"
"kernel 1 (localhost):"
"\"EXACT_POLYNOMIAL_SUM production_sum 16 411 14.913\\nEXACT_POLYNOMIAL_SUM production_sum 32 411 17.151\\nEXACT_POLYNOMIAL_SUM production_sum 48 411 19.543\\nEXACT_POLYNOMIAL_SUM production_sum 64 411 21.427\\nEXACT_POLYNOMIAL_SUM production_sum 80 411 23.867\\nEXACT_POLYNOMIAL_SUM production_sum 96 411 26.617\\nEXACT_POLYNOMIAL_SUM production_sum 112 411 29.162\\nEXACT_POLYNOMIAL_SUM production_sum 128 411 32.228\\nEXACT_POLYNOMIAL_SUM production_sum 144 411 34.778\\nEXACT_POLYNOMIAL_SUM production_sum 160 411 37.584\\nEXACT_POLYNOMIAL_SUM production_sum 176 411 40.632\\nEXACT_POLYNOMIAL_SUM production_sum 192 411 43.251\\nEXACT_POLYNOMIAL_SUM production_sum 208 411 45.564\\nEXACT_POLYNOMIAL_SUM production_sum 224 411 48.395\\nEXACT_POLYNOMIAL_SUM production_sum 240 411 50.46\\nEXACT_POLYNOMIAL_SUM production_sum 256 411 51.65\\nEXACT_POLYNOMIAL_SUM production_sum 272 411 53.481\\nEXACT_POLYNOMIAL_SUM production_sum 288 411 55.889\\nEXACT_POLYNOMIAL_SUM production_sum 304 411 58.034\\nEXACT_POLYNOMIAL_SUM production_sum 320 411 59.752\\nEXACT_POLYNOMIAL_SUM production_sum 336 411 61.481\\nEXACT_POLYNOMIAL_SUM production_sum 352 411 63.758\\nEXACT_POLYNOMIAL_SUM production_sum 368 411 65.767\\nEXACT_POLYNOMIAL_SUM production_sum 384 411 67.407\\nEXACT_POLYNOMIAL_SUM production_sum 400 411 69.288\\nEXACT_POLYNOMIAL_SUM production_sum 411 411 70.165\\nPASS: exact polynomial comparison backend\\n\"\n"
"kernel 1 (localhost):"
"\"\"\n"
"kernel 1 (localhost):"
"\"PASS: \"\"exact production backend completed\"\n"
"kernel 1 (localhost):"
"\"PASS: \"\"exact production backend input and source\"\n"
"kernel 1 (localhost):"
"\"PASS: \"\"complete production termwise reconstruction\"\n"
"kernel 1 (localhost):"
"\"PASS: \"\"exact scalar coefficient import\"\n"
"kernel 1 (localhost):"
"\"EXACT_POLYNOMIAL_ACCEPTED \"InputForm[{54, CutIntegral[\"R01\", {1, 1, 0, 0}]}]\" seconds \"118.702058`8.526003242107649\" bytes \"3813520\n"
"kernel 1 (localhost):"
"\"PASS: \"\"compressed scalar map below file bound\"\n"
"kernel 1 (localhost):"
"\"PASS: \"\"compressed scalar map exact round trip\"\n"
"kernel 1 (localhost):"
"\"PASS: \"\"master coefficient retains exact reconstruction\"\n"
"kernel 2 (localhost):"
"\"EXACT_POLYNOMIAL_TRANSFER \"\"production_sum\"\" \"192\"/\"406\n"
"kernel 1 (localhost):"
"\"REAL_MASTER_COEFFICIENT \"\"Hgg\"\" \"54\" \"InputForm[CutIntegral[\"R01\", {1, 1, 1, 1}]]\n"
"kernel 1 (localhost):"
"\"EXACT_POLYNOMIAL_BACKEND_START \"InputForm[{54, CutIntegral[\"R01\", {1, 1, 1, 1}]}]\" terms \"2\" bytes \"10478\n"
"kernel 1 (localhost):"
"\"EXACT_POLYNOMIAL_SUM production_sum 2 2 0.002\\nPASS: exact polynomial comparison backend\\n\"\n"
"kernel 1 (localhost):"
"\"\"\n"
"kernel 1 (localhost):"
"\"EXACT_POLYNOMIAL_ACCEPTED \"InputForm[{54, CutIntegral[\"R01\", {1, 1, 1, 1}]}]\" seconds \"0.178419`5.702986094409286\" bytes \"62752\n"
"kernel 1 (localhost):"
"\"REAL_MASTER_COEFFICIENT \"\"Hgg\"\" \"54\" \"InputForm[CutIntegral[\"R02\", {1, 1, 1, 1}]]\n"
"kernel 1 (localhost):"
"\"EXACT_POLYNOMIAL_BACKEND_START \"InputForm[{54, CutIntegral[\"R02\", {1, 1, 1, 1}]}]\" terms \"8\" bytes \"44170\n"
"kernel 1 (localhost):"
"\"EXACT_POLYNOMIAL_SUM production_sum 8 8 0.01\\nPASS: exact polynomial comparison backend\\n\"\n"
"kernel 1 (localhost):"
"\"\"\n"
"kernel 1 (localhost):"
"\"EXACT_POLYNOMIAL_ACCEPTED \"InputForm[{54, CutIntegral[\"R02\", {1, 1, 1, 1}]}]\" seconds \"0.294553`5.9207084438469195\" bytes \"307048\n"
"kernel 1 (localhost):"
"\"REAL_MASTER_COEFFICIENT \"\"Hgg\"\" \"54\" \"InputForm[CutIntegral[\"R03\", {1, 1, 0, 1}]]\n"
"kernel 2 (localhost):"
"\"EXACT_POLYNOMIAL_TRANSFER \"\"production_sum\"\" \"256\"/\"406\n"
"kernel 2 (localhost):"
"\"EXACT_POLYNOMIAL_TRANSFER \"\"production_sum\"\" \"320\"/\"406\n"
"kernel 1 (localhost):"
"\"EXACT_POLYNOMIAL_TRANSFER \"\"production_sum\"\" \"64\"/\"89\n"
"kernel 1 (localhost):"
"\"EXACT_POLYNOMIAL_BACKEND_START \"InputForm[{54, CutIntegral[\"R03\", {1, 1, 0, 1}]}]\" terms \"89\" bytes \"4225897\n"
"kernel 2 (localhost):"
"\"EXACT_POLYNOMIAL_TRANSFER \"\"production_sum\"\" \"384\"/\"406\n"
"kernel 2 (localhost):"
"\"PASS: \"\"bounded polynomial transfer file\"\n"
"kernel 2 (localhost):"
"\"PASS: \"\"unchanged validated exact backend\"\n"
"kernel 2 (localhost):"
"\"EXACT_POLYNOMIAL_BACKEND_START \"InputForm[{55, CutIntegral[\"R01\", {1, 1, 0, 0}]}]\" terms \"406\" bytes \"16392536\n"
"kernel 1 (localhost):"
"\"EXACT_POLYNOMIAL_SUM production_sum 16 89 2.526\\nEXACT_POLYNOMIAL_SUM production_sum 32 89 2.749\\nEXACT_POLYNOMIAL_SUM production_sum 48 89 2.952\\nEXACT_POLYNOMIAL_SUM production_sum 64 89 3.172\\nEXACT_POLYNOMIAL_SUM production_sum 80 89 3.318\\nEXACT_POLYNOMIAL_SUM production_sum 89 89 3.401\\nPASS: exact polynomial comparison backend\\n\"\n"
"kernel 1 (localhost):"
"\"\"\n"
"kernel 1 (localhost):"
"\"EXACT_POLYNOMIAL_ACCEPTED \"InputForm[{54, CutIntegral[\"R03\", {1, 1, 0, 1}]}]\" seconds \"13.756568`7.590055092760881\" bytes \"3497120\n"
"kernel 1 (localhost):"
"\"REAL_MASTER_COEFFICIENT \"\"Hgg\"\" \"54\" \"InputForm[CutIntegral[\"R03\", {1, 1, 1, 1}]]\n"
"kernel 1 (localhost):"
"\"EXACT_POLYNOMIAL_BACKEND_START \"InputForm[{54, CutIntegral[\"R03\", {1, 1, 1, 1}]}]\" terms \"2\" bytes \"22308\n"
"kernel 1 (localhost):"
"\"EXACT_POLYNOMIAL_SUM production_sum 2 2 0.01\\nPASS: exact polynomial comparison backend\\n\"\n"
"kernel 1 (localhost):"
"\"\"\n"
"kernel 1 (localhost):"
"\"EXACT_POLYNOMIAL_ACCEPTED \"InputForm[{54, CutIntegral[\"R03\", {1, 1, 1, 1}]}]\" seconds \"0.23699`5.826275014457789\" bytes \"620800\n"
"kernel 1 (localhost):"
"\"REAL_MASTER_COEFFICIENT \"\"Hgg\"\" \"54\" \"InputForm[CutIntegral[\"R04\", {1, 1, 1, 1}]]\n"
"kernel 1 (localhost):"
"\"EXACT_POLYNOMIAL_BACKEND_START \"InputForm[{54, CutIntegral[\"R04\", {1, 1, 1, 1}]}]\" terms \"8\" bytes \"49480\n"
"kernel 1 (localhost):"
"\"EXACT_POLYNOMIAL_SUM production_sum 8 8 0.009\\nPASS: exact polynomial comparison backend\\n\"\n"
"kernel 1 (localhost):"
"\"\"\n"
"kernel 1 (localhost):"
"\"EXACT_POLYNOMIAL_ACCEPTED \"InputForm[{54, CutIntegral[\"R04\", {1, 1, 1, 1}]}]\" seconds \"0.315615`5.9507026289155585\" bytes \"316320\n"
"kernel 1 (localhost):"
"\"REAL_MASTER_COEFFICIENT \"\"Hgg\"\" \"54\" \"InputForm[CutIntegral[\"R09\", {1, 1, 1, 1}]]\n"
"kernel 1 (localhost):"
"\"EXACT_POLYNOMIAL_BACKEND_START \"InputForm[{54, CutIntegral[\"R09\", {1, 1, 1, 1}]}]\" terms \"2\" bytes \"25736\n"
"kernel 1 (localhost):"
"\"EXACT_POLYNOMIAL_SUM production_sum 2 2 0.013\\nPASS: exact polynomial comparison backend\\n\"\n"
"kernel 1 (localhost):"
"\"\"\n"
"kernel 1 (localhost):"
"\"EXACT_POLYNOMIAL_ACCEPTED \"InputForm[{54, CutIntegral[\"R09\", {1, 1, 1, 1}]}]\" seconds \"0.263445`5.87223495388052\" bytes \"697744\n"
"kernel 1 (localhost):"
"\"REAL_MASTER_COEFFICIENT \"\"Hgg\"\" \"54\" \"InputForm[CutIntegral[\"R10\", {1, 1, 1, 1}]]\n"
"kernel 1 (localhost):"
"\"EXACT_POLYNOMIAL_BACKEND_START \"InputForm[{54, CutIntegral[\"R10\", {1, 1, 1, 1}]}]\" terms \"8\" bytes \"39522\n"
"kernel 1 (localhost):"
"\"EXACT_POLYNOMIAL_SUM production_sum 8 8 0.007\\nPASS: exact polynomial comparison backend\\n\"\n"
"kernel 1 (localhost):"
"\"\"\n"
"kernel 1 (localhost):"
"\"EXACT_POLYNOMIAL_ACCEPTED \"InputForm[{54, CutIntegral[\"R10\", {1, 1, 1, 1}]}]\" seconds \"0.306435`5.937883360979939\" bytes \"241320\n"
"kernel 1 (localhost):"
"\"PASS: \"\"complete linear reduced coefficient reconstruction\"\n"
"kernel 1 (localhost):"
"\"PASS: \"\"reduced coefficients are scalar rational expressions\"\n"
"kernel 1 (localhost):"
"\"REAL_MAP_ACCEPTED \"\"Hgg\"\" \"54\n"
"kernel 1 (localhost):"
"\"PASS: \"\"complete reduced output accepted before storage projection\"\n"
"kernel 1 (localhost):"
"\"PASS: \"\"exact downstream coefficient interface\"\n"
"kernel 1 (localhost):"
"\"REAL_MAP \"\"Hgg\"\" \"56\"/\"98\" \"<|\"Sector\" -> \"Real\", \"Kind\" -> \"ExtendedResponse\", \"Index\" -> {5, 4, 1}|>\" kernel \"1\n"
"kernel 1 (localhost):"
"\"PASS: \"\"exact saved raw file\"\n"
"kernel 1 (localhost):"
"\"PASS: \"\"raw reader returns complete original record\"\n"
"kernel 1 (localhost):"
"\"PASS: \"\"raw component retains executed reconstruction\"\n"
"kernel 1 (localhost):"
"\"PASS: \"\"known rules end in saved masters\"\n"
"kernel 1 (localhost):"
"\"PASS: \"\"complete linear reduced coefficient reconstruction\"\n"
"kernel 1 (localhost):"
"\"PASS: \"\"reduced coefficients are scalar rational expressions\"\n"
"kernel 1 (localhost):"
"\"PASS: \"\"compressed scalar map below file bound\"\n"
"kernel 1 (localhost):"
"\"PASS: \"\"compressed scalar map exact round trip\"\n"
"kernel 1 (localhost):"
"\"REAL_MAP_ACCEPTED \"\"Hgg\"\" \"56\n"
"kernel 1 (localhost):"
"\"PASS: \"\"complete reduced output accepted before storage projection\"\n"
"kernel 1 (localhost):"
"\"PASS: \"\"exact downstream coefficient interface\"\n"
"kernel 1 (localhost):"
"\"REAL_MAP \"\"Hgg\"\" \"57\"/\"98\" \"<|\"Sector\" -> \"Real\", \"Kind\" -> \"ExtendedResponse\", \"Index\" -> {5, 4, 2}|>\" kernel \"1\n"
"kernel 1 (localhost):"
"\"PASS: \"\"exact saved raw file\"\n"
"kernel 1 (localhost):"
"\"PASS: \"\"raw reader returns complete original record\"\n"
"kernel 1 (localhost):"
"\"PASS: \"\"raw component retains executed reconstruction\"\n"
"kernel 1 (localhost):"
"\"PASS: \"\"known rules end in saved masters\"\n"
"kernel 1 (localhost):"
"\"PASS: \"\"complete linear reduced coefficient reconstruction\"\n"
"kernel 1 (localhost):"
"\"PASS: \"\"reduced coefficients are scalar rational expressions\"\n"
"kernel 1 (localhost):"
"\"PASS: \"\"compressed scalar map below file bound\"\n"
"kernel 1 (localhost):"
"\"PASS: \"\"compressed scalar map exact round trip\"\n"
"kernel 1 (localhost):"
"\"REAL_MAP_ACCEPTED \"\"Hgg\"\" \"57\n"
"kernel 1 (localhost):"
"\"PASS: \"\"complete reduced output accepted before storage projection\"\n"
"kernel 1 (localhost):"
"\"PASS: \"\"exact downstream coefficient interface\"\n"
"kernel 1 (localhost):"
"\"REAL_MAP \"\"Hgg\"\" \"58\"/\"98\" \"<|\"Sector\" -> \"Real\", \"Kind\" -> \"ExtendedResponse\", \"Index\" -> {5, 4, 5}|>\" kernel \"1\n"
"kernel 1 (localhost):"
"\"PASS: \"\"exact saved raw file\"\n"
"kernel 1 (localhost):"
"\"PASS: \"\"raw reader returns complete original record\"\n"
"kernel 1 (localhost):"
"\"PASS: \"\"raw component retains executed reconstruction\"\n"
"kernel 1 (localhost):"
"\"PASS: \"\"known rules end in saved masters\"\n"
"kernel 1 (localhost):"
"\"PASS: \"\"complete linear reduced coefficient reconstruction\"\n"
"kernel 1 (localhost):"
"\"PASS: \"\"reduced coefficients are scalar rational expressions\"\n"
"kernel 1 (localhost):"
"\"PASS: \"\"compressed scalar map below file bound\"\n"
"kernel 1 (localhost):"
"\"PASS: \"\"compressed scalar map exact round trip\"\n"
"kernel 1 (localhost):"
"\"REAL_MAP_ACCEPTED \"\"Hgg\"\" \"58\n"
"kernel 1 (localhost):"
"\"PASS: \"\"complete reduced output accepted before storage projection\"\n"
"kernel 1 (localhost):"
"\"PASS: \"\"exact downstream coefficient interface\"\n"
"kernel 1 (localhost):"
"\"REAL_MAP \"\"Hgg\"\" \"59\"/\"98\" \"<|\"Sector\" -> \"Real\", \"Kind\" -> \"ExtendedResponse\", \"Index\" -> {5, 5, 3}|>\" kernel \"1\n"
"kernel 1 (localhost):"
"\"PASS: \"\"exact saved raw file\"\n"
"kernel 1 (localhost):"
"\"PASS: \"\"raw reader returns complete original record\"\n"
"kernel 1 (localhost):"
"\"PASS: \"\"raw component retains executed reconstruction\"\n"
"kernel 1 (localhost):"
"\"PASS: \"\"known rules end in saved masters\"\n"
"kernel 1 (localhost):"
"\"PASS: \"\"exact individual reduction-rule reconstruction\"\n"
"kernel 1 (localhost):"
"\"REAL_MASTER_COEFFICIENT \"\"Hgg\"\" \"59\" \"InputForm[CutIntegral[\"R01\", {1, 1, 0, 0}]]\n"
"kernel 1 (localhost):"
"\"PASS: \"\"exact polynomial transfer supports rational coefficients\"\n"
"kernel 1 (localhost):"
"\"PASS: \"\"unassigned exact polynomial variables\"\n"
"kernel 1 (localhost):"
"\"PASS: \"\"native JSON header shape\"\n"
"kernel 1 (localhost):"
"\"PASS: \"\"complete polynomial variable support\"\n"
"kernel 1 (localhost):"
"\"PASS: \"\"exported polynomial denominator reconstructs\"\n"
"kernel 1 (localhost):"
"\"PASS: \"\"native polynomial text reconstructs\"\n"
"kernel 1 (localhost):"
"\"PASS: \"\"native JSON term reconstructs\"\n"
"kernel 1 (localhost):"
"\"EXACT_POLYNOMIAL_TRANSFER \"\"production_sum\"\" \"64\"/\"406\n"
"kernel 1 (localhost):"
"\"EXACT_POLYNOMIAL_TRANSFER \"\"production_sum\"\" \"128\"/\"406\n"
"kernel 2 (localhost):"
"\"EXACT_POLYNOMIAL_SUM production_sum 16 406 9.574\\nEXACT_POLYNOMIAL_SUM production_sum 32 406 10.583\\nEXACT_POLYNOMIAL_SUM production_sum 48 406 11.789\\nEXACT_POLYNOMIAL_SUM production_sum 64 406 13.053\\nEXACT_POLYNOMIAL_SUM production_sum 80 406 14.13\\nEXACT_POLYNOMIAL_SUM production_sum 96 406 15.29\\nEXACT_POLYNOMIAL_SUM production_sum 112 406 16.492\\nEXACT_POLYNOMIAL_SUM production_sum 128 406 17.495\\nEXACT_POLYNOMIAL_SUM production_sum 144 406 18.573\\nEXACT_POLYNOMIAL_SUM production_sum 160 406 19.728\\nEXACT_POLYNOMIAL_SUM production_sum 176 406 20.891\\nEXACT_POLYNOMIAL_SUM production_sum 192 406 21.88\\nEXACT_POLYNOMIAL_SUM production_sum 208 406 23.047\\nEXACT_POLYNOMIAL_SUM production_sum 224 406 24.22\\nEXACT_POLYNOMIAL_SUM production_sum 240 406 24.97\\nEXACT_POLYNOMIAL_SUM production_sum 256 406 25.538\\nEXACT_POLYNOMIAL_SUM production_sum 272 406 26.414\\nEXACT_POLYNOMIAL_SUM production_sum 288 406 27.204\\nEXACT_POLYNOMIAL_SUM production_sum 304 406 28.049\\nEXACT_POLYNOMIAL_SUM production_sum 320 406 28.773\\nEXACT_POLYNOMIAL_SUM production_sum 336 406 29.439\\nEXACT_POLYNOMIAL_SUM production_sum 352 406 30.141\\nEXACT_POLYNOMIAL_SUM production_sum 368 406 30.822\\nEXACT_POLYNOMIAL_SUM production_sum 384 406 31.586\\nEXACT_POLYNOMIAL_SUM production_sum 400 406 32.134\\nEXACT_POLYNOMIAL_SUM production_sum 406 406 32.282\\nPASS: exact polynomial comparison backend\\n\"\n"
"kernel 2 (localhost):"
"\"\"\n"
"kernel 2 (localhost):"
"\"PASS: \"\"exact production backend completed\"\n"
"kernel 2 (localhost):"
"\"PASS: \"\"exact production backend input and source\"\n"
"kernel 2 (localhost):"
"\"PASS: \"\"complete production termwise reconstruction\"\n"
"kernel 2 (localhost):"
"\"PASS: \"\"exact scalar coefficient import\"\n"
"kernel 1 (localhost):"
"\"EXACT_POLYNOMIAL_TRANSFER \"\"production_sum\"\" \"192\"/\"406\n"
"kernel 2 (localhost):"
"\"EXACT_POLYNOMIAL_ACCEPTED \"InputForm[{55, CutIntegral[\"R01\", {1, 1, 0, 0}]}]\" seconds \"65.448814`8.267446774590198\" bytes \"1701576\n"
"kernel 2 (localhost):"
"\"PASS: \"\"compressed scalar map below file bound\"\n"
"kernel 2 (localhost):"
"\"PASS: \"\"compressed scalar map exact round trip\"\n"
"kernel 2 (localhost):"
"\"PASS: \"\"master coefficient retains exact reconstruction\"\n"
"kernel 2 (localhost):"
"\"REAL_MASTER_COEFFICIENT \"\"Hgg\"\" \"55\" \"InputForm[CutIntegral[\"R01\", {1, 1, 1, 1}]]\n"
"kernel 2 (localhost):"
"\"EXACT_POLYNOMIAL_BACKEND_START \"InputForm[{55, CutIntegral[\"R01\", {1, 1, 1, 1}]}]\" terms \"2\" bytes \"5348\n"
"kernel 2 (localhost):"
"\"EXACT_POLYNOMIAL_SUM production_sum 2 2 0.002\\nPASS: exact polynomial comparison backend\\n\"\n"
"kernel 2 (localhost):"
"\"\"\n"
"kernel 2 (localhost):"
"\"EXACT_POLYNOMIAL_ACCEPTED \"InputForm[{55, CutIntegral[\"R01\", {1, 1, 1, 1}]}]\" seconds \"0.169726`5.681293369647543\" bytes \"66480\n"
"kernel 2 (localhost):"
"\"REAL_MASTER_COEFFICIENT \"\"Hgg\"\" \"55\" \"InputForm[CutIntegral[\"R02\", {1, 1, 1, 1}]]\n"
"kernel 2 (localhost):"
"\"EXACT_POLYNOMIAL_BACKEND_START \"InputForm[{55, CutIntegral[\"R02\", {1, 1, 1, 1}]}]\" terms \"8\" bytes \"49160\n"
"kernel 2 (localhost):"
"\"EXACT_POLYNOMIAL_SUM production_sum 8 8 0.01\\nPASS: exact polynomial comparison backend\\n\"\n"
"kernel 2 (localhost):"
"\"\"\n"
"kernel 2 (localhost):"
"\"EXACT_POLYNOMIAL_ACCEPTED \"InputForm[{55, CutIntegral[\"R02\", {1, 1, 1, 1}]}]\" seconds \"0.325815`5.964516068150076\" bytes \"361984\n"
"kernel 2 (localhost):"
"\"REAL_MASTER_COEFFICIENT \"\"Hgg\"\" \"55\" \"InputForm[CutIntegral[\"R03\", {1, 1, 0, 1}]]\n"
"kernel 1 (localhost):"
"\"EXACT_POLYNOMIAL_TRANSFER \"\"production_sum\"\" \"256\"/\"406\n"
"kernel 2 (localhost):"
"\"EXACT_POLYNOMIAL_TRANSFER \"\"production_sum\"\" \"64\"/\"84\n"
"kernel 1 (localhost):"
"\"EXACT_POLYNOMIAL_TRANSFER \"\"production_sum\"\" \"320\"/\"406\n"
"kernel 2 (localhost):"
"\"EXACT_POLYNOMIAL_BACKEND_START \"InputForm[{55, CutIntegral[\"R03\", {1, 1, 0, 1}]}]\" terms \"84\" bytes \"2414666\n"
"kernel 1 (localhost):"
"\"EXACT_POLYNOMIAL_TRANSFER \"\"production_sum\"\" \"384\"/\"406\n"
"kernel 1 (localhost):"
"\"PASS: \"\"bounded polynomial transfer file\"\n"
"kernel 1 (localhost):"
"\"PASS: \"\"unchanged validated exact backend\"\n"
"kernel 1 (localhost):"
"\"EXACT_POLYNOMIAL_BACKEND_START \"InputForm[{59, CutIntegral[\"R01\", {1, 1, 0, 0}]}]\" terms \"406\" bytes \"13704446\n"
"kernel 2 (localhost):"
"\"EXACT_POLYNOMIAL_SUM production_sum 16 84 1.814\\nEXACT_POLYNOMIAL_SUM production_sum 32 84 1.909\\nEXACT_POLYNOMIAL_SUM production_sum 48 84 2.004\\nEXACT_POLYNOMIAL_SUM production_sum 64 84 2.107\\nEXACT_POLYNOMIAL_SUM production_sum 80 84 2.169\\nEXACT_POLYNOMIAL_SUM production_sum 84 84 2.183\\nPASS: exact polynomial comparison backend\\n\"\n"
"kernel 2 (localhost):"
"\"\"\n"
"kernel 2 (localhost):"
"\"EXACT_POLYNOMIAL_ACCEPTED \"InputForm[{55, CutIntegral[\"R03\", {1, 1, 0, 1}]}]\" seconds \"9.15028`7.412979377244866\" bytes \"2509856\n"
"kernel 2 (localhost):"
"\"REAL_MASTER_COEFFICIENT \"\"Hgg\"\" \"55\" \"InputForm[CutIntegral[\"R03\", {1, 1, 1, 1}]]\n"
"kernel 2 (localhost):"
"\"EXACT_POLYNOMIAL_BACKEND_START \"InputForm[{55, CutIntegral[\"R03\", {1, 1, 1, 1}]}]\" terms \"2\" bytes \"9520\n"
"kernel 2 (localhost):"
"\"EXACT_POLYNOMIAL_SUM production_sum 2 2 0.013\\nPASS: exact polynomial comparison backend\\n\"\n"
"kernel 2 (localhost):"
"\"\"\n"
"kernel 2 (localhost):"
"\"EXACT_POLYNOMIAL_ACCEPTED \"InputForm[{55, CutIntegral[\"R03\", {1, 1, 1, 1}]}]\" seconds \"0.233845`5.820473081892197\" bytes \"625080\n"
"kernel 2 (localhost):"
"\"REAL_MASTER_COEFFICIENT \"\"Hgg\"\" \"55\" \"InputForm[CutIntegral[\"R04\", {1, 1, 1, 1}]]\n"
"kernel 2 (localhost):"
"\"EXACT_POLYNOMIAL_BACKEND_START \"InputForm[{55, CutIntegral[\"R04\", {1, 1, 1, 1}]}]\" terms \"8\" bytes \"45838\n"
"kernel 2 (localhost):"
"\"EXACT_POLYNOMIAL_SUM production_sum 8 8 0.012\\nPASS: exact polynomial comparison backend\\n\"\n"
"kernel 2 (localhost):"
"\"\"\n"
"kernel 2 (localhost):"
"\"EXACT_POLYNOMIAL_ACCEPTED \"InputForm[{55, CutIntegral[\"R04\", {1, 1, 1, 1}]}]\" seconds \"0.350511`5.996246645368804\" bytes \"359624\n"
"kernel 2 (localhost):"
"\"REAL_MASTER_COEFFICIENT \"\"Hgg\"\" \"55\" \"InputForm[CutIntegral[\"R09\", {1, 1, 1, 1}]]\n"
"kernel 2 (localhost):"
"\"EXACT_POLYNOMIAL_BACKEND_START \"InputForm[{55, CutIntegral[\"R09\", {1, 1, 1, 1}]}]\" terms \"2\" bytes \"19516\n"
"kernel 2 (localhost):"
"\"EXACT_POLYNOMIAL_SUM production_sum 2 2 0.018\\nPASS: exact polynomial comparison backend\\n\"\n"
"kernel 2 (localhost):"
"\"\"\n"
"kernel 2 (localhost):"
"\"EXACT_POLYNOMIAL_ACCEPTED \"InputForm[{55, CutIntegral[\"R09\", {1, 1, 1, 1}]}]\" seconds \"0.270217`5.883257661549661\" bytes \"970312\n"
"kernel 2 (localhost):"
"\"REAL_MASTER_COEFFICIENT \"\"Hgg\"\" \"55\" \"InputForm[CutIntegral[\"R10\", {1, 1, 1, 1}]]\n"
"kernel 2 (localhost):"
"\"EXACT_POLYNOMIAL_BACKEND_START \"InputForm[{55, CutIntegral[\"R10\", {1, 1, 1, 1}]}]\" terms \"8\" bytes \"31956\n"
"kernel 2 (localhost):"
"\"EXACT_POLYNOMIAL_SUM production_sum 8 8 0.01\\nPASS: exact polynomial comparison backend\\n\"\n"
"kernel 2 (localhost):"
"\"\"\n"
"kernel 2 (localhost):"
"\"EXACT_POLYNOMIAL_ACCEPTED \"InputForm[{55, CutIntegral[\"R10\", {1, 1, 1, 1}]}]\" seconds \"0.298066`5.925857432948522\" bytes \"247656\n"
"kernel 2 (localhost):"
"\"PASS: \"\"complete linear reduced coefficient reconstruction\"\n"
"kernel 2 (localhost):"
"\"PASS: \"\"reduced coefficients are scalar rational expressions\"\n"
"kernel 2 (localhost):"
"\"REAL_MAP_ACCEPTED \"\"Hgg\"\" \"55\n"
"kernel 2 (localhost):"
"\"PASS: \"\"complete reduced output accepted before storage projection\"\n"
"kernel 2 (localhost):"
"\"PASS: \"\"exact downstream coefficient interface\"\n"
"kernel 2 (localhost):"
"\"REAL_MAP \"\"Hgg\"\" \"60\"/\"98\" \"<|\"Sector\" -> \"Real\", \"Kind\" -> \"ExtendedResponse\", \"Index\" -> {5, 5, 4}|>\" kernel \"2\n"
"kernel 2 (localhost):"
"\"PASS: \"\"exact saved raw file\"\n"
"kernel 2 (localhost):"
"\"PASS: \"\"raw reader returns complete original record\"\n"
"kernel 2 (localhost):"
"\"PASS: \"\"raw component retains executed reconstruction\"\n"
"kernel 2 (localhost):"
"\"PASS: \"\"known rules end in saved masters\"\n"
"kernel 2 (localhost):"
"\"PASS: \"\"complete linear reduced coefficient reconstruction\"\n"
"kernel 2 (localhost):"
"\"PASS: \"\"reduced coefficients are scalar rational expressions\"\n"
"kernel 2 (localhost):"
"\"PASS: \"\"compressed scalar map below file bound\"\n"
"kernel 2 (localhost):"
"\"PASS: \"\"compressed scalar map exact round trip\"\n"
"kernel 2 (localhost):"
"\"REAL_MAP_ACCEPTED \"\"Hgg\"\" \"60\n"
"kernel 2 (localhost):"
"\"PASS: \"\"complete reduced output accepted before storage projection\"\n"
"kernel 2 (localhost):"
"\"PASS: \"\"exact downstream coefficient interface\"\n"
"kernel 2 (localhost):"
"\"REAL_MAP \"\"Hgg\"\" \"61\"/\"98\" \"<|\"Sector\" -> \"Real\", \"Kind\" -> \"ExtendedResponse\", \"Index\" -> {6, 1, 3}|>\" kernel \"2\n"
"kernel 2 (localhost):"
"\"PASS: \"\"exact saved raw file\"\n"
"kernel 2 (localhost):"
"\"PASS: \"\"raw reader returns complete original record\"\n"
"kernel 2 (localhost):"
"\"PASS: \"\"raw component retains executed reconstruction\"\n"
"kernel 2 (localhost):"
"\"PASS: \"\"known rules end in saved masters\"\n"
"kernel 2 (localhost):"
"\"PASS: \"\"exact individual reduction-rule reconstruction\"\n"
"kernel 2 (localhost):"
"\"REAL_MASTER_COEFFICIENT \"\"Hgg\"\" \"61\" \"InputForm[CutIntegral[\"R01\", {1, 1, 0, 0}]]\n"
"kernel 2 (localhost):"
"\"PASS: \"\"exact polynomial transfer supports rational coefficients\"\n"
"kernel 2 (localhost):"
"\"PASS: \"\"unassigned exact polynomial variables\"\n"
"kernel 2 (localhost):"
"\"PASS: \"\"native JSON header shape\"\n"
"kernel 2 (localhost):"
"\"PASS: \"\"complete polynomial variable support\"\n"
"kernel 2 (localhost):"
"\"PASS: \"\"exported polynomial denominator reconstructs\"\n"
"kernel 2 (localhost):"
"\"PASS: \"\"native polynomial text reconstructs\"\n"
"kernel 2 (localhost):"
"\"PASS: \"\"native JSON term reconstructs\"\n"
"kernel 2 (localhost):"
"\"EXACT_POLYNOMIAL_TRANSFER \"\"production_sum\"\" \"64\"/\"411\n"
"kernel 1 (localhost):"
"\"EXACT_POLYNOMIAL_SUM production_sum 16 406 8.534\\nEXACT_POLYNOMIAL_SUM production_sum 32 406 9.626\\nEXACT_POLYNOMIAL_SUM production_sum 48 406 10.57\\nEXACT_POLYNOMIAL_SUM production_sum 64 406 11.629\\nEXACT_POLYNOMIAL_SUM production_sum 80 406 12.615\\nEXACT_POLYNOMIAL_SUM production_sum 96 406 13.6\\nEXACT_POLYNOMIAL_SUM production_sum 112 406 14.431\\nEXACT_POLYNOMIAL_SUM production_sum 128 406 15.333\\nEXACT_POLYNOMIAL_SUM production_sum 144 406 16.301\\nEXACT_POLYNOMIAL_SUM production_sum 160 406 17.303\\nEXACT_POLYNOMIAL_SUM production_sum 176 406 18.319\\nEXACT_POLYNOMIAL_SUM production_sum 192 406 19.39\\nEXACT_POLYNOMIAL_SUM production_sum 208 406 19.821\\nEXACT_POLYNOMIAL_SUM production_sum 224 406 20.804\\nEXACT_POLYNOMIAL_SUM production_sum 240 406 21.492\\nEXACT_POLYNOMIAL_SUM production_sum 256 406 22.116\\nEXACT_POLYNOMIAL_SUM production_sum 272 406 22.786\\nEXACT_POLYNOMIAL_SUM production_sum 288 406 23.391\\nEXACT_POLYNOMIAL_SUM production_sum 304 406 23.976\\nEXACT_POLYNOMIAL_SUM production_sum 320 406 24.547\\nEXACT_POLYNOMIAL_SUM production_sum 336 406 25.136\\nEXACT_POLYNOMIAL_SUM production_sum 352 406 25.694\\nEXACT_POLYNOMIAL_SUM production_sum 368 406 26.306\\nEXACT_POLYNOMIAL_SUM production_sum 384 406 27.023\\nEXACT_POLYNOMIAL_SUM production_sum 400 406 27.515\\nEXACT_POLYNOMIAL_SUM production_sum 406 406 27.641\\nPASS: exact polynomial comparison backend\\n\"\n"
"kernel 1 (localhost):"
"\"\"\n"
"kernel 1 (localhost):"
"\"PASS: \"\"exact production backend completed\"\n"
"kernel 1 (localhost):"
"\"PASS: \"\"exact production backend input and source\"\n"
"kernel 1 (localhost):"
"\"PASS: \"\"complete production termwise reconstruction\"\n"
"kernel 1 (localhost):"
"\"PASS: \"\"exact scalar coefficient import\"\n"
"kernel 1 (localhost):"
"\"EXACT_POLYNOMIAL_ACCEPTED \"InputForm[{59, CutIntegral[\"R01\", {1, 1, 0, 0}]}]\" seconds \"54.922336`8.191293994208078\" bytes \"2576640\n"
"kernel 1 (localhost):"
"\"PASS: \"\"compressed scalar map below file bound\"\n"
"kernel 1 (localhost):"
"\"PASS: \"\"compressed scalar map exact round trip\"\n"
"kernel 1 (localhost):"
"\"PASS: \"\"master coefficient retains exact reconstruction\"\n"
"kernel 1 (localhost):"
"\"REAL_MASTER_COEFFICIENT \"\"Hgg\"\" \"59\" \"InputForm[CutIntegral[\"R01\", {1, 1, 1, 1}]]\n"
"kernel 1 (localhost):"
"\"EXACT_POLYNOMIAL_BACKEND_START \"InputForm[{59, CutIntegral[\"R01\", {1, 1, 1, 1}]}]\" terms \"2\" bytes \"8490\n"
"kernel 1 (localhost):"
"\"EXACT_POLYNOMIAL_SUM production_sum 2 2 0.002\\nPASS: exact polynomial comparison backend\\n\"\n"
"kernel 1 (localhost):"
"\"\"\n"
"kernel 1 (localhost):"
"\"EXACT_POLYNOMIAL_ACCEPTED \"InputForm[{59, CutIntegral[\"R01\", {1, 1, 1, 1}]}]\" seconds \"0.180591`5.708241096352021\" bytes \"71464\n"
"kernel 1 (localhost):"
"\"REAL_MASTER_COEFFICIENT \"\"Hgg\"\" \"59\" \"InputForm[CutIntegral[\"R02\", {1, 1, 1, 1}]]\n"
"kernel 1 (localhost):"
"\"EXACT_POLYNOMIAL_BACKEND_START \"InputForm[{59, CutIntegral[\"R02\", {1, 1, 1, 1}]}]\" terms \"8\" bytes \"49202\n"
"kernel 1 (localhost):"
"\"EXACT_POLYNOMIAL_SUM production_sum 8 8 0.01\\nPASS: exact polynomial comparison backend\\n\"\n"
"kernel 1 (localhost):"
"\"\"\n"
"kernel 1 (localhost):"
"\"EXACT_POLYNOMIAL_ACCEPTED \"InputForm[{59, CutIntegral[\"R02\", {1, 1, 1, 1}]}]\" seconds \"0.308443`5.940719912034897\" bytes \"353856\n"
"kernel 1 (localhost):"
"\"REAL_MASTER_COEFFICIENT \"\"Hgg\"\" \"59\" \"InputForm[CutIntegral[\"R03\", {1, 1, 0, 1}]]\n"
"kernel 1 (localhost):"
"\"EXACT_POLYNOMIAL_TRANSFER \"\"production_sum\"\" \"64\"/\"84\n"
"kernel 1 (localhost):"
"\"EXACT_POLYNOMIAL_BACKEND_START \"InputForm[{59, CutIntegral[\"R03\", {1, 1, 0, 1}]}]\" terms \"84\" bytes \"1973202\n"
"kernel 1 (localhost):"
"\"EXACT_POLYNOMIAL_SUM production_sum 16 84 1.544\\nEXACT_POLYNOMIAL_SUM production_sum 32 84 1.62\\nEXACT_POLYNOMIAL_SUM production_sum 48 84 1.702\\nEXACT_POLYNOMIAL_SUM production_sum 64 84 1.79\\nEXACT_POLYNOMIAL_SUM production_sum 80 84 1.839\\nEXACT_POLYNOMIAL_SUM production_sum 84 84 1.849\\nPASS: exact polynomial comparison backend\\n\"\n"
"kernel 1 (localhost):"
"\"\"\n"
"kernel 1 (localhost):"
"\"EXACT_POLYNOMIAL_ACCEPTED \"InputForm[{59, CutIntegral[\"R03\", {1, 1, 0, 1}]}]\" seconds \"7.494998`7.326316514791135\" bytes \"3086392\n"
"kernel 1 (localhost):"
"\"REAL_MASTER_COEFFICIENT \"\"Hgg\"\" \"59\" \"InputForm[CutIntegral[\"R03\", {1, 1, 1, 1}]]\n"
"kernel 1 (localhost):"
"\"EXACT_POLYNOMIAL_BACKEND_START \"InputForm[{59, CutIntegral[\"R03\", {1, 1, 1, 1}]}]\" terms \"2\" bytes \"17558\n"
"kernel 2 (localhost):"
"\"EXACT_POLYNOMIAL_TRANSFER \"\"production_sum\"\" \"128\"/\"411\n"
"kernel 1 (localhost):"
"\"EXACT_POLYNOMIAL_SUM production_sum 2 2 0.016\\nPASS: exact polynomial comparison backend\\n\"\n"
"kernel 1 (localhost):"
"\"\"\n"
"kernel 1 (localhost):"
"\"EXACT_POLYNOMIAL_ACCEPTED \"InputForm[{59, CutIntegral[\"R03\", {1, 1, 1, 1}]}]\" seconds \"0.243683`5.838370226153343\" bytes \"710752\n"
"kernel 1 (localhost):"
"\"REAL_MASTER_COEFFICIENT \"\"Hgg\"\" \"59\" \"InputForm[CutIntegral[\"R04\", {1, 1, 1, 1}]]\n"
"kernel 1 (localhost):"
"\"EXACT_POLYNOMIAL_BACKEND_START \"InputForm[{59, CutIntegral[\"R04\", {1, 1, 1, 1}]}]\" terms \"8\" bytes \"50064\n"
"kernel 1 (localhost):"
"\"EXACT_POLYNOMIAL_SUM production_sum 8 8 0.014\\nPASS: exact polynomial comparison backend\\n\"\n"
"kernel 1 (localhost):"
"\"\"\n"
"kernel 1 (localhost):"
"\"EXACT_POLYNOMIAL_ACCEPTED \"InputForm[{59, CutIntegral[\"R04\", {1, 1, 1, 1}]}]\" seconds \"0.310017`5.942930502826254\" bytes \"408648\n"
"kernel 1 (localhost):"
"\"REAL_MASTER_COEFFICIENT \"\"Hgg\"\" \"59\" \"InputForm[CutIntegral[\"R09\", {1, 1, 1, 1}]]\n"
"kernel 1 (localhost):"
"\"EXACT_POLYNOMIAL_BACKEND_START \"InputForm[{59, CutIntegral[\"R09\", {1, 1, 1, 1}]}]\" terms \"2\" bytes \"31888\n"
"kernel 1 (localhost):"
"\"EXACT_POLYNOMIAL_SUM production_sum 2 2 0.024\\nPASS: exact polynomial comparison backend\\n\"\n"
"kernel 1 (localhost):"
"\"\"\n"
"kernel 1 (localhost):"
"\"EXACT_POLYNOMIAL_ACCEPTED \"InputForm[{59, CutIntegral[\"R09\", {1, 1, 1, 1}]}]\" seconds \"0.309673`5.9424483349128785\" bytes \"1108112\n"
"kernel 1 (localhost):"
"\"REAL_MASTER_COEFFICIENT \"\"Hgg\"\" \"59\" \"InputForm[CutIntegral[\"R10\", {1, 1, 1, 1}]]\n"
"kernel 1 (localhost):"
"\"EXACT_POLYNOMIAL_BACKEND_START \"InputForm[{59, CutIntegral[\"R10\", {1, 1, 1, 1}]}]\" terms \"8\" bytes \"30150\n"
"kernel 1 (localhost):"
"\"EXACT_POLYNOMIAL_SUM production_sum 8 8 0.008\\nPASS: exact polynomial comparison backend\\n\"\n"
"kernel 1 (localhost):"
"\"\"\n"
"kernel 1 (localhost):"
"\"EXACT_POLYNOMIAL_ACCEPTED \"InputForm[{59, CutIntegral[\"R10\", {1, 1, 1, 1}]}]\" seconds \"0.2495919999999999999`5.84877565458835\" bytes \"223640\n"
"kernel 1 (localhost):"
"\"PASS: \"\"complete linear reduced coefficient reconstruction\"\n"
"kernel 1 (localhost):"
"\"PASS: \"\"reduced coefficients are scalar rational expressions\"\n"
"kernel 1 (localhost):"
"\"REAL_MAP_ACCEPTED \"\"Hgg\"\" \"59\n"
"kernel 1 (localhost):"
"\"PASS: \"\"complete reduced output accepted before storage projection\"\n"
"kernel 1 (localhost):"
"\"PASS: \"\"exact downstream coefficient interface\"\n"
"kernel 1 (localhost):"
"\"REAL_MAP \"\"Hgg\"\" \"62\"/\"98\" \"<|\"Sector\" -> \"Real\", \"Kind\" -> \"ExtendedResponse\", \"Index\" -> {6, 1, 4}|>\" kernel \"1\n"
"kernel 1 (localhost):"
"\"PASS: \"\"exact saved raw file\"\n"
"kernel 1 (localhost):"
"\"PASS: \"\"raw reader returns complete original record\"\n"
"kernel 1 (localhost):"
"\"PASS: \"\"raw component retains executed reconstruction\"\n"
"kernel 1 (localhost):"
"\"PASS: \"\"known rules end in saved masters\"\n"
"kernel 1 (localhost):"
"\"PASS: \"\"complete linear reduced coefficient reconstruction\"\n"
"kernel 1 (localhost):"
"\"PASS: \"\"reduced coefficients are scalar rational expressions\"\n"
"kernel 1 (localhost):"
"\"PASS: \"\"compressed scalar map below file bound\"\n"
"kernel 1 (localhost):"
"\"PASS: \"\"compressed scalar map exact round trip\"\n"
"kernel 1 (localhost):"
"\"REAL_MAP_ACCEPTED \"\"Hgg\"\" \"62\n"
"kernel 1 (localhost):"
"\"PASS: \"\"complete reduced output accepted before storage projection\"\n"
"kernel 1 (localhost):"
"\"PASS: \"\"exact downstream coefficient interface\"\n"
"kernel 1 (localhost):"
"\"REAL_MAP \"\"Hgg\"\" \"63\"/\"98\" \"<|\"Sector\" -> \"Real\", \"Kind\" -> \"ExtendedResponse\", \"Index\" -> {6, 2, 3}|>\" kernel \"1\n"
"kernel 1 (localhost):"
"\"PASS: \"\"exact saved raw file\"\n"
"kernel 1 (localhost):"
"\"PASS: \"\"raw reader returns complete original record\"\n"
"kernel 1 (localhost):"
"\"PASS: \"\"raw component retains executed reconstruction\"\n"
"kernel 1 (localhost):"
"\"PASS: \"\"known rules end in saved masters\"\n"
"kernel 1 (localhost):"
"\"PASS: \"\"exact individual reduction-rule reconstruction\"\n"
"kernel 1 (localhost):"
"\"REAL_MASTER_COEFFICIENT \"\"Hgg\"\" \"63\" \"InputForm[CutIntegral[\"R01\", {1, 1, 0, 0}]]\n"
"kernel 1 (localhost):"
"\"PASS: \"\"exact polynomial transfer supports rational coefficients\"\n"
"kernel 1 (localhost):"
"\"PASS: \"\"unassigned exact polynomial variables\"\n"
"kernel 1 (localhost):"
"\"PASS: \"\"native JSON header shape\"\n"
"kernel 1 (localhost):"
"\"PASS: \"\"complete polynomial variable support\"\n"
"kernel 1 (localhost):"
"\"PASS: \"\"exported polynomial denominator reconstructs\"\n"
"kernel 1 (localhost):"
"\"PASS: \"\"native polynomial text reconstructs\"\n"
"kernel 1 (localhost):"
"\"PASS: \"\"native JSON term reconstructs\"\n"
"kernel 2 (localhost):"
"\"EXACT_POLYNOMIAL_TRANSFER \"\"production_sum\"\" \"192\"/\"411\n"
"kernel 1 (localhost):"
"\"EXACT_POLYNOMIAL_TRANSFER \"\"production_sum\"\" \"64\"/\"411\n"
"kernel 2 (localhost):"
"\"EXACT_POLYNOMIAL_TRANSFER \"\"production_sum\"\" \"256\"/\"411\n"
"kernel 2 (localhost):"
"\"EXACT_POLYNOMIAL_TRANSFER \"\"production_sum\"\" \"320\"/\"411\n"
"kernel 2 (localhost):"
"\"EXACT_POLYNOMIAL_TRANSFER \"\"production_sum\"\" \"384\"/\"411\n"
"kernel 2 (localhost):"
"\"PASS: \"\"bounded polynomial transfer file\"\n"
"kernel 2 (localhost):"
"\"PASS: \"\"unchanged validated exact backend\"\n"
"kernel 2 (localhost):"
"\"EXACT_POLYNOMIAL_BACKEND_START \"InputForm[{61, CutIntegral[\"R01\", {1, 1, 0, 0}]}]\" terms \"411\" bytes \"33540132\n"
"kernel 1 (localhost):"
"\"EXACT_POLYNOMIAL_TRANSFER \"\"production_sum\"\" \"128\"/\"411\n"
"kernel 1 (localhost):"
"\"EXACT_POLYNOMIAL_TRANSFER \"\"production_sum\"\" \"192\"/\"411\n"
"kernel 1 (localhost):"
"\"EXACT_POLYNOMIAL_TRANSFER \"\"production_sum\"\" \"256\"/\"411\n"
"kernel 1 (localhost):"
"\"EXACT_POLYNOMIAL_TRANSFER \"\"production_sum\"\" \"320\"/\"411\n"
"kernel 1 (localhost):"
"\"EXACT_POLYNOMIAL_TRANSFER \"\"production_sum\"\" \"384\"/\"411\n"
"kernel 1 (localhost):"
"\"PASS: \"\"bounded polynomial transfer file\"\n"
"kernel 1 (localhost):"
"\"PASS: \"\"unchanged validated exact backend\"\n"
"kernel 1 (localhost):"
"\"EXACT_POLYNOMIAL_BACKEND_START \"InputForm[{63, CutIntegral[\"R01\", {1, 1, 0, 0}]}]\" terms \"411\" bytes \"32252523\n"
"kernel 2 (localhost):"
"\"EXACT_POLYNOMIAL_SUM production_sum 16 411 18.157\\nEXACT_POLYNOMIAL_SUM production_sum 32 411 21.282\\nEXACT_POLYNOMIAL_SUM production_sum 48 411 24.364\\nEXACT_POLYNOMIAL_SUM production_sum 64 411 26.637\\nEXACT_POLYNOMIAL_SUM production_sum 80 411 28.954\\nEXACT_POLYNOMIAL_SUM production_sum 96 411 32.79\\nEXACT_POLYNOMIAL_SUM production_sum 112 411 36.194\\nEXACT_POLYNOMIAL_SUM production_sum 128 411 39.522\\nEXACT_POLYNOMIAL_SUM production_sum 144 411 42.817\\nEXACT_POLYNOMIAL_SUM production_sum 160 411 46.485\\nEXACT_POLYNOMIAL_SUM production_sum 176 411 50.097\\nEXACT_POLYNOMIAL_SUM production_sum 192 411 53.673\\nEXACT_POLYNOMIAL_SUM production_sum 208 411 56.884\\nEXACT_POLYNOMIAL_SUM production_sum 224 411 59.602\\nEXACT_POLYNOMIAL_SUM production_sum 240 411 63.084\\nEXACT_POLYNOMIAL_SUM production_sum 256 411 65.455\\nEXACT_POLYNOMIAL_SUM production_sum 272 411 68.102\\nEXACT_POLYNOMIAL_SUM production_sum 288 411 70.123\\nEXACT_POLYNOMIAL_SUM production_sum 304 411 72.235\\nEXACT_POLYNOMIAL_SUM production_sum 320 411 74.682\\nEXACT_POLYNOMIAL_SUM production_sum 336 411 77.546\\nEXACT_POLYNOMIAL_SUM production_sum 352 411 79.668\\nEXACT_POLYNOMIAL_SUM production_sum 368 411 81.544\\nEXACT_POLYNOMIAL_SUM production_sum 384 411 83.556\\nEXACT_POLYNOMIAL_SUM production_sum 400 411 85.244\\nEXACT_POLYNOMIAL_SUM production_sum 411 411 86.241\\nPASS: exact polynomial comparison backend\\n\"\n"
"kernel 2 (localhost):"
"\"\"\n"
"kernel 2 (localhost):"
"\"PASS: \"\"exact production backend completed\"\n"
"kernel 2 (localhost):"
"\"PASS: \"\"exact production backend input and source\"\n"
"kernel 2 (localhost):"
"\"PASS: \"\"complete production termwise reconstruction\"\n"
"kernel 2 (localhost):"
"\"PASS: \"\"exact scalar coefficient import\"\n"
"kernel 2 (localhost):"
"\"EXACT_POLYNOMIAL_ACCEPTED \"InputForm[{61, CutIntegral[\"R01\", {1, 1, 0, 0}]}]\" seconds \"143.6026`8.608707296601633\" bytes \"4468800\n"
"kernel 2 (localhost):"
"\"PASS: \"\"compressed scalar map below file bound\"\n"
"kernel 2 (localhost):"
"\"PASS: \"\"compressed scalar map exact round trip\"\n"
"kernel 2 (localhost):"
"\"PASS: \"\"master coefficient retains exact reconstruction\"\n"
"kernel 2 (localhost):"
"\"REAL_MASTER_COEFFICIENT \"\"Hgg\"\" \"61\" \"InputForm[CutIntegral[\"R01\", {1, 1, 1, 1}]]\n"
"kernel 2 (localhost):"
"\"EXACT_POLYNOMIAL_BACKEND_START \"InputForm[{61, CutIntegral[\"R01\", {1, 1, 1, 1}]}]\" terms \"2\" bytes \"10073\n"
"kernel 2 (localhost):"
"\"EXACT_POLYNOMIAL_SUM production_sum 2 2 0.002\\nPASS: exact polynomial comparison backend\\n\"\n"
"kernel 2 (localhost):"
"\"\"\n"
"kernel 2 (localhost):"
"\"EXACT_POLYNOMIAL_ACCEPTED \"InputForm[{61, CutIntegral[\"R01\", {1, 1, 1, 1}]}]\" seconds \"0.193589`5.7384256699444665\" bytes \"110592\n"
"kernel 2 (localhost):"
"\"REAL_MASTER_COEFFICIENT \"\"Hgg\"\" \"61\" \"InputForm[CutIntegral[\"R02\", {1, 1, 1, 1}]]\n"
"kernel 2 (localhost):"
"\"EXACT_POLYNOMIAL_BACKEND_START \"InputForm[{61, CutIntegral[\"R02\", {1, 1, 1, 1}]}]\" terms \"8\" bytes \"51133\n"
"kernel 2 (localhost):"
"\"EXACT_POLYNOMIAL_SUM production_sum 8 8 0.013\\nPASS: exact polynomial comparison backend\\n\"\n"
"kernel 2 (localhost):"
"\"\"\n"
"kernel 2 (localhost):"
"\"EXACT_POLYNOMIAL_ACCEPTED \"InputForm[{61, CutIntegral[\"R02\", {1, 1, 1, 1}]}]\" seconds \"0.31193`5.945602138717719\" bytes \"481664\n"
"kernel 2 (localhost):"
"\"REAL_MASTER_COEFFICIENT \"\"Hgg\"\" \"61\" \"InputForm[CutIntegral[\"R03\", {1, 1, 0, 1}]]\n"
"kernel 2 (localhost):"
"\"EXACT_POLYNOMIAL_TRANSFER \"\"production_sum\"\" \"64\"/\"89\n"
"kernel 2 (localhost):"
"\"EXACT_POLYNOMIAL_BACKEND_START \"InputForm[{61, CutIntegral[\"R03\", {1, 1, 0, 1}]}]\" terms \"89\" bytes \"5832604\n"
"kernel 2 (localhost):"
"\"EXACT_POLYNOMIAL_SUM production_sum 16 89 3.351\\nEXACT_POLYNOMIAL_SUM production_sum 32 89 3.705\\nEXACT_POLYNOMIAL_SUM production_sum 48 89 3.968\\nEXACT_POLYNOMIAL_SUM production_sum 64 89 4.323\\nEXACT_POLYNOMIAL_SUM production_sum 80 89 4.57\\nEXACT_POLYNOMIAL_SUM production_sum 89 89 4.654\\nPASS: exact polynomial comparison backend\\n\"\n"
"kernel 2 (localhost):"
"\"\"\n"
"kernel 2 (localhost):"
"\"EXACT_POLYNOMIAL_ACCEPTED \"InputForm[{61, CutIntegral[\"R03\", {1, 1, 0, 1}]}]\" seconds \"16.060545`7.657305272077281\" bytes \"4190800\n"
"kernel 2 (localhost):"
"\"REAL_MASTER_COEFFICIENT \"\"Hgg\"\" \"61\" \"InputForm[CutIntegral[\"R03\", {1, 1, 1, 1}]]\n"
"kernel 2 (localhost):"
"\"EXACT_POLYNOMIAL_BACKEND_START \"InputForm[{61, CutIntegral[\"R03\", {1, 1, 1, 1}]}]\" terms \"2\" bytes \"30959\n"
"kernel 2 (localhost):"
"\"EXACT_POLYNOMIAL_SUM production_sum 2 2 0.015\\nPASS: exact polynomial comparison backend\\n\"\n"
"kernel 2 (localhost):"
"\"\"\n"
"kernel 2 (localhost):"
"\"EXACT_POLYNOMIAL_ACCEPTED \"InputForm[{61, CutIntegral[\"R03\", {1, 1, 1, 1}]}]\" seconds \"0.278157`5.895834987210607\" bytes \"790568\n"
"kernel 2 (localhost):"
"\"REAL_MASTER_COEFFICIENT \"\"Hgg\"\" \"61\" \"InputForm[CutIntegral[\"R04\", {1, 1, 1, 1}]]\n"
"kernel 2 (localhost):"
"\"EXACT_POLYNOMIAL_BACKEND_START \"InputForm[{61, CutIntegral[\"R04\", {1, 1, 1, 1}]}]\" terms \"8\" bytes \"55551\n"
"kernel 2 (localhost):"
"\"EXACT_POLYNOMIAL_SUM production_sum 8 8 0.021\\nPASS: exact polynomial comparison backend\\n\"\n"
"kernel 2 (localhost):"
"\"\"\n"
"kernel 2 (localhost):"
"\"EXACT_POLYNOMIAL_ACCEPTED \"InputForm[{61, CutIntegral[\"R04\", {1, 1, 1, 1}]}]\" seconds \"0.364095`6.012759708443873\" bytes \"579592\n"
"kernel 2 (localhost):"
"\"REAL_MASTER_COEFFICIENT \"\"Hgg\"\" \"61\" \"InputForm[CutIntegral[\"R09\", {1, 1, 1, 1}]]\n"
"kernel 2 (localhost):"
"\"EXACT_POLYNOMIAL_BACKEND_START \"InputForm[{61, CutIntegral[\"R09\", {1, 1, 1, 1}]}]\" terms \"2\" bytes \"53889\n"
"kernel 2 (localhost):"
"\"EXACT_POLYNOMIAL_SUM production_sum 2 2 0.021\\nPASS: exact polynomial comparison backend\\n\"\n"
"kernel 2 (localhost):"
"\"\"\n"
"kernel 2 (localhost):"
"\"EXACT_POLYNOMIAL_ACCEPTED \"InputForm[{61, CutIntegral[\"R09\", {1, 1, 1, 1}]}]\" seconds \"0.344016`5.988123635341102\" bytes \"1259320\n"
"kernel 2 (localhost):"
"\"REAL_MASTER_COEFFICIENT \"\"Hgg\"\" \"61\" \"InputForm[CutIntegral[\"R10\", {1, 1, 1, 1}]]\n"
"kernel 2 (localhost):"
"\"EXACT_POLYNOMIAL_BACKEND_START \"InputForm[{61, CutIntegral[\"R10\", {1, 1, 1, 1}]}]\" terms \"8\" bytes \"39827\n"
"kernel 2 (localhost):"
"\"EXACT_POLYNOMIAL_SUM production_sum 8 8 0.018\\nPASS: exact polynomial comparison backend\\n\"\n"
"kernel 2 (localhost):"
"\"\"\n"
"kernel 2 (localhost):"
"\"EXACT_POLYNOMIAL_ACCEPTED \"InputForm[{61, CutIntegral[\"R10\", {1, 1, 1, 1}]}]\" seconds \"0.300575`5.929497849275936\" bytes \"399000\n"
"kernel 2 (localhost):"
"\"PASS: \"\"complete linear reduced coefficient reconstruction\"\n"
"kernel 2 (localhost):"
"\"PASS: \"\"reduced coefficients are scalar rational expressions\"\n"
"kernel 1 (localhost):"
"\"EXACT_POLYNOMIAL_SUM production_sum 16 411 18.234\\nEXACT_POLYNOMIAL_SUM production_sum 32 411 21.622\\nEXACT_POLYNOMIAL_SUM production_sum 48 411 24.275\\nEXACT_POLYNOMIAL_SUM production_sum 64 411 27.735\\nEXACT_POLYNOMIAL_SUM production_sum 80 411 31.348\\nEXACT_POLYNOMIAL_SUM production_sum 96 411 34.756\\nEXACT_POLYNOMIAL_SUM production_sum 112 411 38.078\\nEXACT_POLYNOMIAL_SUM production_sum 128 411 41.503\\nEXACT_POLYNOMIAL_SUM production_sum 144 411 44.234\\nEXACT_POLYNOMIAL_SUM production_sum 160 411 47.558\\nEXACT_POLYNOMIAL_SUM production_sum 176 411 51.236\\nEXACT_POLYNOMIAL_SUM production_sum 192 411 54.441\\nEXACT_POLYNOMIAL_SUM production_sum 208 411 58.077\\nEXACT_POLYNOMIAL_SUM production_sum 224 411 60.465\\nEXACT_POLYNOMIAL_SUM production_sum 240 411 62.86\\nEXACT_POLYNOMIAL_SUM production_sum 256 411 64.824\\nEXACT_POLYNOMIAL_SUM production_sum 272 411 67.345\\nEXACT_POLYNOMIAL_SUM production_sum 288 411 69.978\\nEXACT_POLYNOMIAL_SUM production_sum 304 411 71.817\\nEXACT_POLYNOMIAL_SUM production_sum 320 411 73.858\\nEXACT_POLYNOMIAL_SUM production_sum 336 411 75.593\\nEXACT_POLYNOMIAL_SUM production_sum 352 411 78.233\\nEXACT_POLYNOMIAL_SUM production_sum 368 411 80.164\\nEXACT_POLYNOMIAL_SUM production_sum 384 411 82.474\\nEXACT_POLYNOMIAL_SUM production_sum 400 411 84.3\\nEXACT_POLYNOMIAL_SUM production_sum 411 411 85.148\\nPASS: exact polynomial comparison backend\\n\"\n"
"kernel 1 (localhost):"
"\"\"\n"
"kernel 1 (localhost):"
"\"PASS: \"\"exact production backend completed\"\n"
"kernel 1 (localhost):"
"\"PASS: \"\"exact production backend input and source\"\n"
"kernel 1 (localhost):"
"\"PASS: \"\"complete production termwise reconstruction\"\n"
"kernel 1 (localhost):"
"\"PASS: \"\"exact scalar coefficient import\"\n"
"kernel 1 (localhost):"
"\"EXACT_POLYNOMIAL_ACCEPTED \"InputForm[{63, CutIntegral[\"R01\", {1, 1, 0, 0}]}]\" seconds \"139.706716`8.5967622775746\" bytes \"7189016\n"
"kernel 1 (localhost):"
"\"PASS: \"\"compressed scalar map below file bound\"\n"
"kernel 1 (localhost):"
"\"PASS: \"\"compressed scalar map exact round trip\"\n"
"kernel 1 (localhost):"
"\"PASS: \"\"master coefficient retains exact reconstruction\"\n"
"kernel 1 (localhost):"
"\"REAL_MASTER_COEFFICIENT \"\"Hgg\"\" \"63\" \"InputForm[CutIntegral[\"R01\", {1, 1, 1, 1}]]\n"
"kernel 1 (localhost):"
"\"EXACT_POLYNOMIAL_BACKEND_START \"InputForm[{63, CutIntegral[\"R01\", {1, 1, 1, 1}]}]\" terms \"2\" bytes \"12079\n"
"kernel 1 (localhost):"
"\"EXACT_POLYNOMIAL_SUM production_sum 2 2 0.003\\nPASS: exact polynomial comparison backend\\n\"\n"
"kernel 1 (localhost):"
"\"\"\n"
"kernel 1 (localhost):"
"\"EXACT_POLYNOMIAL_ACCEPTED \"InputForm[{63, CutIntegral[\"R01\", {1, 1, 1, 1}]}]\" seconds \"0.214133`5.782228594996468\" bytes \"121224\n"
"kernel 1 (localhost):"
"\"REAL_MASTER_COEFFICIENT \"\"Hgg\"\" \"63\" \"InputForm[CutIntegral[\"R02\", {1, 1, 1, 1}]]\n"
"kernel 1 (localhost):"
"\"EXACT_POLYNOMIAL_BACKEND_START \"InputForm[{63, CutIntegral[\"R02\", {1, 1, 1, 1}]}]\" terms \"8\" bytes \"49241\n"
"kernel 1 (localhost):"
"\"EXACT_POLYNOMIAL_SUM production_sum 8 8 0.013\\nPASS: exact polynomial comparison backend\\n\"\n"
"kernel 1 (localhost):"
"\"\"\n"
"kernel 1 (localhost):"
"\"EXACT_POLYNOMIAL_ACCEPTED \"InputForm[{63, CutIntegral[\"R02\", {1, 1, 1, 1}]}]\" seconds \"0.32483`5.9632011256192765\" bytes \"464176\n"
"kernel 1 (localhost):"
"\"REAL_MASTER_COEFFICIENT \"\"Hgg\"\" \"63\" \"InputForm[CutIntegral[\"R03\", {1, 1, 0, 1}]]\n"
"kernel 2 (localhost):"
"\"REAL_MAP_ACCEPTED \"\"Hgg\"\" \"61\n"
"kernel 2 (localhost):"
"\"PASS: \"\"complete reduced output accepted before storage projection\"\n"
"kernel 2 (localhost):"
"\"PASS: \"\"exact downstream coefficient interface\"\n"
"kernel 2 (localhost):"
"\"REAL_MAP \"\"Hgg\"\" \"64\"/\"98\" \"<|\"Sector\" -> \"Real\", \"Kind\" -> \"ExtendedResponse\", \"Index\" -> {6, 2, 4}|>\" kernel \"2\n"
"kernel 2 (localhost):"
"\"PASS: \"\"exact saved raw file\"\n"
"kernel 2 (localhost):"
"\"PASS: \"\"raw reader returns complete original record\"\n"
"kernel 2 (localhost):"
"\"PASS: \"\"raw component retains executed reconstruction\"\n"
"kernel 2 (localhost):"
"\"PASS: \"\"known rules end in saved masters\"\n"
"kernel 2 (localhost):"
"\"PASS: \"\"complete linear reduced coefficient reconstruction\"\n"
"kernel 2 (localhost):"
"\"PASS: \"\"reduced coefficients are scalar rational expressions\"\n"
"kernel 2 (localhost):"
"\"PASS: \"\"compressed scalar map below file bound\"\n"
"kernel 2 (localhost):"
"\"PASS: \"\"compressed scalar map exact round trip\"\n"
"kernel 2 (localhost):"
"\"REAL_MAP_ACCEPTED \"\"Hgg\"\" \"64\n"
"kernel 2 (localhost):"
"\"PASS: \"\"complete reduced output accepted before storage projection\"\n"
"kernel 2 (localhost):"
"\"PASS: \"\"exact downstream coefficient interface\"\n"
"kernel 2 (localhost):"
"\"REAL_MAP \"\"Hgg\"\" \"65\"/\"98\" \"<|\"Sector\" -> \"Real\", \"Kind\" -> \"ExtendedResponse\", \"Index\" -> {6, 3, 1}|>\" kernel \"2\n"
"kernel 2 (localhost):"
"\"PASS: \"\"exact saved raw file\"\n"
"kernel 2 (localhost):"
"\"PASS: \"\"raw reader returns complete original record\"\n"
"kernel 2 (localhost):"
"\"PASS: \"\"raw component retains executed reconstruction\"\n"
"kernel 2 (localhost):"
"\"PASS: \"\"known rules end in saved masters\"\n"
"kernel 2 (localhost):"
"\"PASS: \"\"exact individual reduction-rule reconstruction\"\n"
"kernel 2 (localhost):"
"\"REAL_MASTER_COEFFICIENT \"\"Hgg\"\" \"65\" \"InputForm[CutIntegral[\"R01\", {1, 1, 0, 0}]]\n"
"kernel 2 (localhost):"
"\"PASS: \"\"exact polynomial transfer supports rational coefficients\"\n"
"kernel 2 (localhost):"
"\"PASS: \"\"unassigned exact polynomial variables\"\n"
"kernel 2 (localhost):"
"\"PASS: \"\"native JSON header shape\"\n"
"kernel 2 (localhost):"
"\"PASS: \"\"complete polynomial variable support\"\n"
"kernel 2 (localhost):"
"\"PASS: \"\"exported polynomial denominator reconstructs\"\n"
"kernel 2 (localhost):"
"\"PASS: \"\"native polynomial text reconstructs\"\n"
"kernel 2 (localhost):"
"\"PASS: \"\"native JSON term reconstructs\"\n"
"kernel 1 (localhost):"
"\"EXACT_POLYNOMIAL_TRANSFER \"\"production_sum\"\" \"64\"/\"89\n"
"kernel 2 (localhost):"
"\"EXACT_POLYNOMIAL_TRANSFER \"\"production_sum\"\" \"64\"/\"411\n"
"kernel 1 (localhost):"
"\"EXACT_POLYNOMIAL_BACKEND_START \"InputForm[{63, CutIntegral[\"R03\", {1, 1, 0, 1}]}]\" terms \"89\" bytes \"5649870\n"
"kernel 1 (localhost):"
"\"EXACT_POLYNOMIAL_SUM production_sum 16 89 3.288\\nEXACT_POLYNOMIAL_SUM production_sum 32 89 3.592\\nEXACT_POLYNOMIAL_SUM production_sum 48 89 3.88\\nEXACT_POLYNOMIAL_SUM production_sum 64 89 4.209\\nEXACT_POLYNOMIAL_SUM production_sum 80 89 4.427\\nEXACT_POLYNOMIAL_SUM production_sum 89 89 4.524\\nPASS: exact polynomial comparison backend\\n\"\n"
"kernel 1 (localhost):"
"\"\"\n"
"kernel 1 (localhost):"
"\"EXACT_POLYNOMIAL_ACCEPTED \"InputForm[{63, CutIntegral[\"R03\", {1, 1, 0, 1}]}]\" seconds \"16.016271`7.656106402083319\" bytes \"5574192\n"
"kernel 1 (localhost):"
"\"REAL_MASTER_COEFFICIENT \"\"Hgg\"\" \"63\" \"InputForm[CutIntegral[\"R03\", {1, 1, 1, 1}]]\n"
"kernel 1 (localhost):"
"\"EXACT_POLYNOMIAL_BACKEND_START \"InputForm[{63, CutIntegral[\"R03\", {1, 1, 1, 1}]}]\" terms \"2\" bytes \"30805\n"
"kernel 1 (localhost):"
"\"EXACT_POLYNOMIAL_SUM production_sum 2 2 0.013\\nPASS: exact polynomial comparison backend\\n\"\n"
"kernel 1 (localhost):"
"\"\"\n"
"kernel 1 (localhost):"
"\"EXACT_POLYNOMIAL_ACCEPTED \"InputForm[{63, CutIntegral[\"R03\", {1, 1, 1, 1}]}]\" seconds \"0.269097`5.881453849599717\" bytes \"770376\n"
"kernel 1 (localhost):"
"\"REAL_MASTER_COEFFICIENT \"\"Hgg\"\" \"63\" \"InputForm[CutIntegral[\"R04\", {1, 1, 1, 1}]]\n"
"kernel 1 (localhost):"
"\"EXACT_POLYNOMIAL_BACKEND_START \"InputForm[{63, CutIntegral[\"R04\", {1, 1, 1, 1}]}]\" terms \"8\" bytes \"62047\n"
"kernel 1 (localhost):"
"\"EXACT_POLYNOMIAL_SUM production_sum 8 8 0.018\\nPASS: exact polynomial comparison backend\\n\"\n"
"kernel 1 (localhost):"
"\"\"\n"
"kernel 1 (localhost):"
"\"EXACT_POLYNOMIAL_ACCEPTED \"InputForm[{63, CutIntegral[\"R04\", {1, 1, 1, 1}]}]\" seconds \"0.340405`5.983540924040313\" bytes \"598856\n"
"kernel 1 (localhost):"
"\"REAL_MASTER_COEFFICIENT \"\"Hgg\"\" \"63\" \"InputForm[CutIntegral[\"R09\", {1, 1, 1, 1}]]\n"
"kernel 1 (localhost):"
"\"EXACT_POLYNOMIAL_BACKEND_START \"InputForm[{63, CutIntegral[\"R09\", {1, 1, 1, 1}]}]\" terms \"2\" bytes \"52641\n"
"kernel 1 (localhost):"
"\"EXACT_POLYNOMIAL_SUM production_sum 2 2 0.025\\nPASS: exact polynomial comparison backend\\n\"\n"
"kernel 1 (localhost):"
"\"\"\n"
"kernel 1 (localhost):"
"\"EXACT_POLYNOMIAL_ACCEPTED \"InputForm[{63, CutIntegral[\"R09\", {1, 1, 1, 1}]}]\" seconds \"0.351479`5.9974443756069515\" bytes \"1222080\n"
"kernel 1 (localhost):"
"\"REAL_MASTER_COEFFICIENT \"\"Hgg\"\" \"63\" \"InputForm[CutIntegral[\"R10\", {1, 1, 1, 1}]]\n"
"kernel 1 (localhost):"
"\"EXACT_POLYNOMIAL_BACKEND_START \"InputForm[{63, CutIntegral[\"R10\", {1, 1, 1, 1}]}]\" terms \"8\" bytes \"32433\n"
"kernel 1 (localhost):"
"\"EXACT_POLYNOMIAL_SUM production_sum 8 8 0.01\\nPASS: exact polynomial comparison backend\\n\"\n"
"kernel 1 (localhost):"
"\"\"\n"
"kernel 1 (localhost):"
"\"EXACT_POLYNOMIAL_ACCEPTED \"InputForm[{63, CutIntegral[\"R10\", {1, 1, 1, 1}]}]\" seconds \"0.28125`5.900637524615392\" bytes \"335840\n"
"kernel 1 (localhost):"
"\"PASS: \"\"complete linear reduced coefficient reconstruction\"\n"
"kernel 1 (localhost):"
"\"PASS: \"\"reduced coefficients are scalar rational expressions\"\n"
"kernel 2 (localhost):"
"\"EXACT_POLYNOMIAL_TRANSFER \"\"production_sum\"\" \"128\"/\"411\n"
"kernel 1 (localhost):"
"\"REAL_MAP_ACCEPTED \"\"Hgg\"\" \"63\n"
"kernel 1 (localhost):"
"\"PASS: \"\"complete reduced output accepted before storage projection\"\n"
"kernel 1 (localhost):"
"\"PASS: \"\"exact downstream coefficient interface\"\n"
"kernel 1 (localhost):"
"\"REAL_MAP \"\"Hgg\"\" \"66\"/\"98\" \"<|\"Sector\" -> \"Real\", \"Kind\" -> \"ExtendedResponse\", \"Index\" -> {6, 3, 2}|>\" kernel \"1\n"
"kernel 1 (localhost):"
"\"PASS: \"\"exact saved raw file\"\n"
"kernel 2 (localhost):"
"\"EXACT_POLYNOMIAL_TRANSFER \"\"production_sum\"\" \"192\"/\"411\n"
"kernel 1 (localhost):"
"\"PASS: \"\"raw reader returns complete original record\"\n"
"kernel 1 (localhost):"
"\"PASS: \"\"raw component retains executed reconstruction\"\n"
"kernel 1 (localhost):"
"\"PASS: \"\"known rules end in saved masters\"\n"
"kernel 1 (localhost):"
"\"PASS: \"\"exact individual reduction-rule reconstruction\"\n"
"kernel 1 (localhost):"
"\"REAL_MASTER_COEFFICIENT \"\"Hgg\"\" \"66\" \"InputForm[CutIntegral[\"R01\", {1, 1, 0, 0}]]\n"
"kernel 1 (localhost):"
"\"PASS: \"\"exact polynomial transfer supports rational coefficients\"\n"
"kernel 1 (localhost):"
"\"PASS: \"\"unassigned exact polynomial variables\"\n"
"kernel 1 (localhost):"
"\"PASS: \"\"native JSON header shape\"\n"
"kernel 1 (localhost):"
"\"PASS: \"\"complete polynomial variable support\"\n"
"kernel 1 (localhost):"
"\"PASS: \"\"exported polynomial denominator reconstructs\"\n"
"kernel 1 (localhost):"
"\"PASS: \"\"native polynomial text reconstructs\"\n"
"kernel 1 (localhost):"
"\"PASS: \"\"native JSON term reconstructs\"\n"
"kernel 2 (localhost):"
"\"EXACT_POLYNOMIAL_TRANSFER \"\"production_sum\"\" \"256\"/\"411\n"
"kernel 2 (localhost):"
"\"EXACT_POLYNOMIAL_TRANSFER \"\"production_sum\"\" \"320\"/\"411\n"
"kernel 1 (localhost):"
"\"EXACT_POLYNOMIAL_TRANSFER \"\"production_sum\"\" \"64\"/\"411\n"
"kernel 2 (localhost):"
"\"EXACT_POLYNOMIAL_TRANSFER \"\"production_sum\"\" \"384\"/\"411\n"
"kernel 2 (localhost):"
"\"PASS: \"\"bounded polynomial transfer file\"\n"
"kernel 2 (localhost):"
"\"PASS: \"\"unchanged validated exact backend\"\n"
"kernel 2 (localhost):"
"\"EXACT_POLYNOMIAL_BACKEND_START \"InputForm[{65, CutIntegral[\"R01\", {1, 1, 0, 0}]}]\" terms \"411\" bytes \"26638960\n"
"kernel 1 (localhost):"
"\"EXACT_POLYNOMIAL_TRANSFER \"\"production_sum\"\" \"128\"/\"411\n"
"kernel 1 (localhost):"
"\"EXACT_POLYNOMIAL_TRANSFER \"\"production_sum\"\" \"192\"/\"411\n"
"kernel 1 (localhost):"
"\"EXACT_POLYNOMIAL_TRANSFER \"\"production_sum\"\" \"256\"/\"411\n"
"kernel 1 (localhost):"
"\"EXACT_POLYNOMIAL_TRANSFER \"\"production_sum\"\" \"320\"/\"411\n"
"kernel 1 (localhost):"
"\"EXACT_POLYNOMIAL_TRANSFER \"\"production_sum\"\" \"384\"/\"411\n"
"kernel 1 (localhost):"
"\"PASS: \"\"bounded polynomial transfer file\"\n"
"kernel 1 (localhost):"
"\"PASS: \"\"unchanged validated exact backend\"\n"
"kernel 1 (localhost):"
"\"EXACT_POLYNOMIAL_BACKEND_START \"InputForm[{66, CutIntegral[\"R01\", {1, 1, 0, 0}]}]\" terms \"411\" bytes \"26231972\n"
"kernel 2 (localhost):"
"\"EXACT_POLYNOMIAL_SUM production_sum 16 411 15.215\\nEXACT_POLYNOMIAL_SUM production_sum 32 411 17.129\\nEXACT_POLYNOMIAL_SUM production_sum 48 411 19.321\\nEXACT_POLYNOMIAL_SUM production_sum 64 411 21.577\\nEXACT_POLYNOMIAL_SUM production_sum 80 411 24.064\\nEXACT_POLYNOMIAL_SUM production_sum 96 411 26.949\\nEXACT_POLYNOMIAL_SUM production_sum 112 411 29.889\\nEXACT_POLYNOMIAL_SUM production_sum 128 411 32.794\\nEXACT_POLYNOMIAL_SUM production_sum 144 411 35.746\\nEXACT_POLYNOMIAL_SUM production_sum 160 411 38.779\\nEXACT_POLYNOMIAL_SUM production_sum 176 411 41.834\\nEXACT_POLYNOMIAL_SUM production_sum 192 411 45.049\\nEXACT_POLYNOMIAL_SUM production_sum 208 411 47.811\\nEXACT_POLYNOMIAL_SUM production_sum 224 411 50.766\\nEXACT_POLYNOMIAL_SUM production_sum 240 411 52.91\\nEXACT_POLYNOMIAL_SUM production_sum 256 411 54.914\\nEXACT_POLYNOMIAL_SUM production_sum 272 411 56.473\\nEXACT_POLYNOMIAL_SUM production_sum 288 411 58.492\\nEXACT_POLYNOMIAL_SUM production_sum 304 411 60.373\\nEXACT_POLYNOMIAL_SUM production_sum 320 411 62.839\\nEXACT_POLYNOMIAL_SUM production_sum 336 411 64.201\\nEXACT_POLYNOMIAL_SUM production_sum 352 411 66.309\\nEXACT_POLYNOMIAL_SUM production_sum 368 411 68.663\\nEXACT_POLYNOMIAL_SUM production_sum 384 411 70.19\\nEXACT_POLYNOMIAL_SUM production_sum 400 411 71.924\\nEXACT_POLYNOMIAL_SUM production_sum 411 411 72.915\\nPASS: exact polynomial comparison backend\\n\"\n"
"kernel 2 (localhost):"
"\"\"\n"
"kernel 2 (localhost):"
"\"PASS: \"\"exact production backend completed\"\n"
"kernel 2 (localhost):"
"\"PASS: \"\"exact production backend input and source\"\n"
"kernel 2 (localhost):"
"\"PASS: \"\"complete production termwise reconstruction\"\n"
"kernel 2 (localhost):"
"\"PASS: \"\"exact scalar coefficient import\"\n"
"kernel 2 (localhost):"
"\"EXACT_POLYNOMIAL_ACCEPTED \"InputForm[{65, CutIntegral[\"R01\", {1, 1, 0, 0}]}]\" seconds \"117.75367`8.522519445058357\" bytes \"4417448\n"
"kernel 2 (localhost):"
"\"PASS: \"\"compressed scalar map below file bound\"\n"
"kernel 2 (localhost):"
"\"PASS: \"\"compressed scalar map exact round trip\"\n"
"kernel 2 (localhost):"
"\"PASS: \"\"master coefficient retains exact reconstruction\"\n"
"kernel 2 (localhost):"
"\"REAL_MASTER_COEFFICIENT \"\"Hgg\"\" \"65\" \"InputForm[CutIntegral[\"R01\", {1, 1, 1, 1}]]\n"
"kernel 2 (localhost):"
"\"EXACT_POLYNOMIAL_BACKEND_START \"InputForm[{65, CutIntegral[\"R01\", {1, 1, 1, 1}]}]\" terms \"2\" bytes \"10455\n"
"kernel 2 (localhost):"
"\"EXACT_POLYNOMIAL_SUM production_sum 2 2 0.002\\nPASS: exact polynomial comparison backend\\n\"\n"
"kernel 2 (localhost):"
"\"\"\n"
"kernel 2 (localhost):"
"\"EXACT_POLYNOMIAL_ACCEPTED \"InputForm[{65, CutIntegral[\"R01\", {1, 1, 1, 1}]}]\" seconds \"0.188115`5.725968420399339\" bytes \"114608\n"
"kernel 2 (localhost):"
"\"REAL_MASTER_COEFFICIENT \"\"Hgg\"\" \"65\" \"InputForm[CutIntegral[\"R02\", {1, 1, 1, 1}]]\n"
"kernel 2 (localhost):"
"\"EXACT_POLYNOMIAL_BACKEND_START \"InputForm[{65, CutIntegral[\"R02\", {1, 1, 1, 1}]}]\" terms \"8\" bytes \"50431\n"
"kernel 2 (localhost):"
"\"EXACT_POLYNOMIAL_SUM production_sum 8 8 0.012\\nPASS: exact polynomial comparison backend\\n\"\n"
"kernel 2 (localhost):"
"\"\"\n"
"kernel 2 (localhost):"
"\"EXACT_POLYNOMIAL_ACCEPTED \"InputForm[{65, CutIntegral[\"R02\", {1, 1, 1, 1}]}]\" seconds \"0.295262`5.921752550680353\" bytes \"478944\n"
"kernel 2 (localhost):"
"\"REAL_MASTER_COEFFICIENT \"\"Hgg\"\" \"65\" \"InputForm[CutIntegral[\"R03\", {1, 1, 0, 1}]]\n"
"kernel 2 (localhost):"
"\"EXACT_POLYNOMIAL_TRANSFER \"\"production_sum\"\" \"64\"/\"89\n"
"kernel 2 (localhost):"
"\"EXACT_POLYNOMIAL_BACKEND_START \"InputForm[{65, CutIntegral[\"R03\", {1, 1, 0, 1}]}]\" terms \"89\" bytes \"4584264\n"
"kernel 2 (localhost):"
"\"EXACT_POLYNOMIAL_SUM production_sum 16 89 2.731\\nEXACT_POLYNOMIAL_SUM production_sum 32 89 3.026\\nEXACT_POLYNOMIAL_SUM production_sum 48 89 3.24\\nEXACT_POLYNOMIAL_SUM production_sum 64 89 3.516\\nEXACT_POLYNOMIAL_SUM production_sum 80 89 3.736\\nEXACT_POLYNOMIAL_SUM production_sum 89 89 3.823\\nPASS: exact polynomial comparison backend\\n\"\n"
"kernel 2 (localhost):"
"\"\"\n"
"kernel 2 (localhost):"
"\"EXACT_POLYNOMIAL_ACCEPTED \"InputForm[{65, CutIntegral[\"R03\", {1, 1, 0, 1}]}]\" seconds \"12.793259`7.558526185779442\" bytes \"3489672\n"
"kernel 2 (localhost):"
"\"REAL_MASTER_COEFFICIENT \"\"Hgg\"\" \"65\" \"InputForm[CutIntegral[\"R03\", {1, 1, 1, 1}]]\n"
"kernel 2 (localhost):"
"\"EXACT_POLYNOMIAL_BACKEND_START \"InputForm[{65, CutIntegral[\"R03\", {1, 1, 1, 1}]}]\" terms \"2\" bytes \"39417\n"
"kernel 2 (localhost):"
"\"EXACT_POLYNOMIAL_SUM production_sum 2 2 0.016\\nPASS: exact polynomial comparison backend\\n\"\n"
"kernel 2 (localhost):"
"\"\"\n"
"kernel 2 (localhost):"
"\"EXACT_POLYNOMIAL_ACCEPTED \"InputForm[{65, CutIntegral[\"R03\", {1, 1, 1, 1}]}]\" seconds \"0.28602`5.907941395806659\" bytes \"962336\n"
"kernel 2 (localhost):"
"\"REAL_MASTER_COEFFICIENT \"\"Hgg\"\" \"65\" \"InputForm[CutIntegral[\"R04\", {1, 1, 1, 1}]]\n"
"kernel 2 (localhost):"
"\"EXACT_POLYNOMIAL_BACKEND_START \"InputForm[{65, CutIntegral[\"R04\", {1, 1, 1, 1}]}]\" terms \"8\" bytes \"58791\n"
"kernel 2 (localhost):"
"\"EXACT_POLYNOMIAL_SUM production_sum 8 8 0.018\\nPASS: exact polynomial comparison backend\\n\"\n"
"kernel 2 (localhost):"
"\"\"\n"
"kernel 2 (localhost):"
"\"EXACT_POLYNOMIAL_ACCEPTED \"InputForm[{65, CutIntegral[\"R04\", {1, 1, 1, 1}]}]\" seconds \"0.350624`5.996386633464907\" bytes \"585896\n"
"kernel 2 (localhost):"
"\"REAL_MASTER_COEFFICIENT \"\"Hgg\"\" \"65\" \"InputForm[CutIntegral[\"R09\", {1, 1, 1, 1}]]\n"
"kernel 2 (localhost):"
"\"EXACT_POLYNOMIAL_BACKEND_START \"InputForm[{65, CutIntegral[\"R09\", {1, 1, 1, 1}]}]\" terms \"2\" bytes \"42201\n"
"kernel 2 (localhost):"
"\"EXACT_POLYNOMIAL_SUM production_sum 2 2 0.019\\nPASS: exact polynomial comparison backend\\n\"\n"
"kernel 2 (localhost):"
"\"\"\n"
"kernel 2 (localhost):"
"\"EXACT_POLYNOMIAL_ACCEPTED \"InputForm[{65, CutIntegral[\"R09\", {1, 1, 1, 1}]}]\" seconds \"0.299744`5.928295492045936\" bytes \"1042880\n"
"kernel 2 (localhost):"
"\"REAL_MASTER_COEFFICIENT \"\"Hgg\"\" \"65\" \"InputForm[CutIntegral[\"R10\", {1, 1, 1, 1}]]\n"
"kernel 2 (localhost):"
"\"EXACT_POLYNOMIAL_BACKEND_START \"InputForm[{65, CutIntegral[\"R10\", {1, 1, 1, 1}]}]\" terms \"8\" bytes \"36537\n"
"kernel 2 (localhost):"
"\"EXACT_POLYNOMIAL_SUM production_sum 8 8 0.013\\nPASS: exact polynomial comparison backend\\n\"\n"
"kernel 2 (localhost):"
"\"\"\n"
"kernel 2 (localhost):"
"\"EXACT_POLYNOMIAL_ACCEPTED \"InputForm[{65, CutIntegral[\"R10\", {1, 1, 1, 1}]}]\" seconds \"0.298764`5.9268732588506206\" bytes \"391248\n"
"kernel 2 (localhost):"
"\"PASS: \"\"complete linear reduced coefficient reconstruction\"\n"
"kernel 2 (localhost):"
"\"PASS: \"\"reduced coefficients are scalar rational expressions\"\n"
"kernel 2 (localhost):"
"\"REAL_MAP_ACCEPTED \"\"Hgg\"\" \"65\n"
"kernel 2 (localhost):"
"\"PASS: \"\"complete reduced output accepted before storage projection\"\n"
"kernel 2 (localhost):"
"\"PASS: \"\"exact downstream coefficient interface\"\n"
"kernel 2 (localhost):"
"\"REAL_MAP \"\"Hgg\"\" \"67\"/\"98\" \"<|\"Sector\" -> \"Real\", \"Kind\" -> \"ExtendedResponse\", \"Index\" -> {6, 3, 5}|>\" kernel \"2\n"
"kernel 2 (localhost):"
"\"PASS: \"\"exact saved raw file\"\n"
"kernel 1 (localhost):"
"\"EXACT_POLYNOMIAL_SUM production_sum 16 411 15.26\\nEXACT_POLYNOMIAL_SUM production_sum 32 411 18.142\\nEXACT_POLYNOMIAL_SUM production_sum 48 411 20.505\\nEXACT_POLYNOMIAL_SUM production_sum 64 411 23.436\\nEXACT_POLYNOMIAL_SUM production_sum 80 411 26.261\\nEXACT_POLYNOMIAL_SUM production_sum 96 411 29.001\\nEXACT_POLYNOMIAL_SUM production_sum 112 411 31.481\\nEXACT_POLYNOMIAL_SUM production_sum 128 411 34.097\\nEXACT_POLYNOMIAL_SUM production_sum 144 411 36.945\\nEXACT_POLYNOMIAL_SUM production_sum 160 411 39.882\\nEXACT_POLYNOMIAL_SUM production_sum 176 411 42.182\\nEXACT_POLYNOMIAL_SUM production_sum 192 411 44.894\\nEXACT_POLYNOMIAL_SUM production_sum 208 411 47.941\\nEXACT_POLYNOMIAL_SUM production_sum 224 411 50.674\\nEXACT_POLYNOMIAL_SUM production_sum 240 411 52.663\\nEXACT_POLYNOMIAL_SUM production_sum 256 411 54.209\\nEXACT_POLYNOMIAL_SUM production_sum 272 411 56.236\\nEXACT_POLYNOMIAL_SUM production_sum 288 411 57.819\\nEXACT_POLYNOMIAL_SUM production_sum 304 411 59.904\\nEXACT_POLYNOMIAL_SUM production_sum 320 411 61.06\\nEXACT_POLYNOMIAL_SUM production_sum 336 411 62.432\\nEXACT_POLYNOMIAL_SUM production_sum 352 411 64.522\\nEXACT_POLYNOMIAL_SUM production_sum 368 411 66.21\\nEXACT_POLYNOMIAL_SUM production_sum 384 411 67.862\\nEXACT_POLYNOMIAL_SUM production_sum 400 411 70.099\\nEXACT_POLYNOMIAL_SUM production_sum 411 411 71.0\\nPASS: exact polynomial comparison backend\\n\"\n"
"kernel 1 (localhost):"
"\"\"\n"
"kernel 1 (localhost):"
"\"PASS: \"\"exact production backend completed\"\n"
"kernel 1 (localhost):"
"\"PASS: \"\"exact production backend input and source\"\n"
"kernel 1 (localhost):"
"\"PASS: \"\"complete production termwise reconstruction\"\n"
"kernel 1 (localhost):"
"\"PASS: \"\"exact scalar coefficient import\"\n"
"kernel 1 (localhost):"
"\"EXACT_POLYNOMIAL_ACCEPTED \"InputForm[{66, CutIntegral[\"R01\", {1, 1, 0, 0}]}]\" seconds \"115.352152`8.513570694589818\" bytes \"6015640\n"
"kernel 1 (localhost):"
"\"PASS: \"\"compressed scalar map below file bound\"\n"
"kernel 2 (localhost):"
"\"PASS: \"\"raw reader returns complete original record\"\n"
"kernel 2 (localhost):"
"\"PASS: \"\"raw component retains executed reconstruction\"\n"
"kernel 2 (localhost):"
"\"PASS: \"\"known rules end in saved masters\"\n"
"kernel 2 (localhost):"
"\"PASS: \"\"exact individual reduction-rule reconstruction\"\n"
"kernel 1 (localhost):"
"\"PASS: \"\"compressed scalar map exact round trip\"\n"
"kernel 1 (localhost):"
"\"PASS: \"\"master coefficient retains exact reconstruction\"\n"
"kernel 2 (localhost):"
"\"REAL_MASTER_COEFFICIENT \"\"Hgg\"\" \"67\" \"InputForm[CutIntegral[\"R01\", {1, 1, 0, 0}]]\n"
"kernel 1 (localhost):"
"\"REAL_MASTER_COEFFICIENT \"\"Hgg\"\" \"66\" \"InputForm[CutIntegral[\"R01\", {1, 1, 1, 1}]]\n"
"kernel 1 (localhost):"
"\"EXACT_POLYNOMIAL_BACKEND_START \"InputForm[{66, CutIntegral[\"R01\", {1, 1, 1, 1}]}]\" terms \"2\" bytes \"11695\n"
"kernel 1 (localhost):"
"\"EXACT_POLYNOMIAL_SUM production_sum 2 2 0.003\\nPASS: exact polynomial comparison backend\\n\"\n"
"kernel 1 (localhost):"
"\"\"\n"
"kernel 1 (localhost):"
"\"EXACT_POLYNOMIAL_ACCEPTED \"InputForm[{66, CutIntegral[\"R01\", {1, 1, 1, 1}]}]\" seconds \"0.210682`5.7751724259497905\" bytes \"120696\n"
"kernel 1 (localhost):"
"\"REAL_MASTER_COEFFICIENT \"\"Hgg\"\" \"66\" \"InputForm[CutIntegral[\"R02\", {1, 1, 1, 1}]]\n"
"kernel 1 (localhost):"
"\"EXACT_POLYNOMIAL_BACKEND_START \"InputForm[{66, CutIntegral[\"R02\", {1, 1, 1, 1}]}]\" terms \"8\" bytes \"45471\n"
"kernel 1 (localhost):"
"\"EXACT_POLYNOMIAL_SUM production_sum 8 8 0.011\\nPASS: exact polynomial comparison backend\\n\"\n"
"kernel 1 (localhost):"
"\"\"\n"
"kernel 1 (localhost):"
"\"EXACT_POLYNOMIAL_ACCEPTED \"InputForm[{66, CutIntegral[\"R02\", {1, 1, 1, 1}]}]\" seconds \"0.296675`5.923825944533088\" bytes \"461112\n"
"kernel 2 (localhost):"
"\"PASS: \"\"exact polynomial transfer supports rational coefficients\"\n"
"kernel 1 (localhost):"
"\"REAL_MASTER_COEFFICIENT \"\"Hgg\"\" \"66\" \"InputForm[CutIntegral[\"R03\", {1, 1, 0, 1}]]\n"
"kernel 2 (localhost):"
"\"PASS: \"\"unassigned exact polynomial variables\"\n"
"kernel 2 (localhost):"
"\"PASS: \"\"native JSON header shape\"\n"
"kernel 2 (localhost):"
"\"PASS: \"\"complete polynomial variable support\"\n"
"kernel 2 (localhost):"
"\"PASS: \"\"exported polynomial denominator reconstructs\"\n"
"kernel 2 (localhost):"
"\"PASS: \"\"native polynomial text reconstructs\"\n"
"kernel 2 (localhost):"
"\"PASS: \"\"native JSON term reconstructs\"\n"
"kernel 2 (localhost):"
"\"EXACT_POLYNOMIAL_TRANSFER \"\"production_sum\"\" \"64\"/\"406\n"
"kernel 1 (localhost):"
"\"EXACT_POLYNOMIAL_TRANSFER \"\"production_sum\"\" \"64\"/\"89\n"
"kernel 1 (localhost):"
"\"EXACT_POLYNOMIAL_BACKEND_START \"InputForm[{66, CutIntegral[\"R03\", {1, 1, 0, 1}]}]\" terms \"89\" bytes \"4515620\n"
"kernel 1 (localhost):"
"\"EXACT_POLYNOMIAL_SUM production_sum 16 89 2.737\\nEXACT_POLYNOMIAL_SUM production_sum 32 89 3.01\\nEXACT_POLYNOMIAL_SUM production_sum 48 89 3.286\\nEXACT_POLYNOMIAL_SUM production_sum 64 89 3.563\\nEXACT_POLYNOMIAL_SUM production_sum 80 89 3.731\\nEXACT_POLYNOMIAL_SUM production_sum 89 89 3.814\\nPASS: exact polynomial comparison backend\\n\"\n"
"kernel 1 (localhost):"
"\"\"\n"
"kernel 1 (localhost):"
"\"EXACT_POLYNOMIAL_ACCEPTED \"InputForm[{66, CutIntegral[\"R03\", {1, 1, 0, 1}]}]\" seconds \"13.036438`7.566703937018713\" bytes \"4705880\n"
"kernel 1 (localhost):"
"\"REAL_MASTER_COEFFICIENT \"\"Hgg\"\" \"66\" \"InputForm[CutIntegral[\"R03\", {1, 1, 1, 1}]]\n"
"kernel 1 (localhost):"
"\"EXACT_POLYNOMIAL_BACKEND_START \"InputForm[{66, CutIntegral[\"R03\", {1, 1, 1, 1}]}]\" terms \"2\" bytes \"38207\n"
"kernel 2 (localhost):"
"\"EXACT_POLYNOMIAL_TRANSFER \"\"production_sum\"\" \"128\"/\"406\n"
"kernel 1 (localhost):"
"\"EXACT_POLYNOMIAL_SUM production_sum 2 2 0.015\\nPASS: exact polynomial comparison backend\\n\"\n"
"kernel 1 (localhost):"
"\"\"\n"
"kernel 1 (localhost):"
"\"EXACT_POLYNOMIAL_ACCEPTED \"InputForm[{66, CutIntegral[\"R03\", {1, 1, 1, 1}]}]\" seconds \"0.286955`5.909358789937342\" bytes \"930472\n"
"kernel 1 (localhost):"
"\"REAL_MASTER_COEFFICIENT \"\"Hgg\"\" \"66\" \"InputForm[CutIntegral[\"R04\", {1, 1, 1, 1}]]\n"
"kernel 1 (localhost):"
"\"EXACT_POLYNOMIAL_BACKEND_START \"InputForm[{66, CutIntegral[\"R04\", {1, 1, 1, 1}]}]\" terms \"8\" bytes \"47881\n"
"kernel 1 (localhost):"
"\"EXACT_POLYNOMIAL_SUM production_sum 8 8 0.016\\nPASS: exact polynomial comparison backend\\n\"\n"
"kernel 1 (localhost):"
"\"\"\n"
"kernel 1 (localhost):"
"\"EXACT_POLYNOMIAL_ACCEPTED \"InputForm[{66, CutIntegral[\"R04\", {1, 1, 1, 1}]}]\" seconds \"0.3460560000000000001`5.9906913770375\" bytes \"504752\n"
"kernel 1 (localhost):"
"\"REAL_MASTER_COEFFICIENT \"\"Hgg\"\" \"66\" \"InputForm[CutIntegral[\"R09\", {1, 1, 1, 1}]]\n"
"kernel 1 (localhost):"
"\"EXACT_POLYNOMIAL_BACKEND_START \"InputForm[{66, CutIntegral[\"R09\", {1, 1, 1, 1}]}]\" terms \"2\" bytes \"41201\n"
"kernel 1 (localhost):"
"\"EXACT_POLYNOMIAL_SUM production_sum 2 2 0.018\\nPASS: exact polynomial comparison backend\\n\"\n"
"kernel 1 (localhost):"
"\"\"\n"
"kernel 1 (localhost):"
"\"EXACT_POLYNOMIAL_ACCEPTED \"InputForm[{66, CutIntegral[\"R09\", {1, 1, 1, 1}]}]\" seconds \"0.321064`5.958136605578055\" bytes \"1018224\n"
"kernel 1 (localhost):"
"\"REAL_MASTER_COEFFICIENT \"\"Hgg\"\" \"66\" \"InputForm[CutIntegral[\"R10\", {1, 1, 1, 1}]]\n"
"kernel 1 (localhost):"
"\"EXACT_POLYNOMIAL_BACKEND_START \"InputForm[{66, CutIntegral[\"R10\", {1, 1, 1, 1}]}]\" terms \"8\" bytes \"39961\n"
"kernel 1 (localhost):"
"\"EXACT_POLYNOMIAL_SUM production_sum 8 8 0.01\\nPASS: exact polynomial comparison backend\\n\"\n"
"kernel 1 (localhost):"
"\"\"\n"
"kernel 1 (localhost):"
"\"EXACT_POLYNOMIAL_ACCEPTED \"InputForm[{66, CutIntegral[\"R10\", {1, 1, 1, 1}]}]\" seconds \"0.315084`5.949971343708578\" bytes \"399704\n"
"kernel 1 (localhost):"
"\"PASS: \"\"complete linear reduced coefficient reconstruction\"\n"
"kernel 1 (localhost):"
"\"PASS: \"\"reduced coefficients are scalar rational expressions\"\n"
"kernel 2 (localhost):"
"\"EXACT_POLYNOMIAL_TRANSFER \"\"production_sum\"\" \"192\"/\"406\n"
"kernel 1 (localhost):"
"\"REAL_MAP_ACCEPTED \"\"Hgg\"\" \"66\n"
"kernel 1 (localhost):"
"\"PASS: \"\"complete reduced output accepted before storage projection\"\n"
"kernel 1 (localhost):"
"\"PASS: \"\"exact downstream coefficient interface\"\n"
"kernel 1 (localhost):"
"\"REAL_MAP \"\"Hgg\"\" \"68\"/\"98\" \"<|\"Sector\" -> \"Real\", \"Kind\" -> \"ExtendedResponse\", \"Index\" -> {6, 4, 1}|>\" kernel \"1\n"
"kernel 1 (localhost):"
"\"PASS: \"\"exact saved raw file\"\n"
"kernel 1 (localhost):"
"\"PASS: \"\"raw reader returns complete original record\"\n"
"kernel 1 (localhost):"
"\"PASS: \"\"raw component retains executed reconstruction\"\n"
"kernel 1 (localhost):"
"\"PASS: \"\"known rules end in saved masters\"\n"
"kernel 1 (localhost):"
"\"PASS: \"\"complete linear reduced coefficient reconstruction\"\n"
"kernel 1 (localhost):"
"\"PASS: \"\"reduced coefficients are scalar rational expressions\"\n"
"kernel 1 (localhost):"
"\"PASS: \"\"compressed scalar map below file bound\"\n"
"kernel 1 (localhost):"
"\"PASS: \"\"compressed scalar map exact round trip\"\n"
"kernel 1 (localhost):"
"\"REAL_MAP_ACCEPTED \"\"Hgg\"\" \"68\n"
"kernel 1 (localhost):"
"\"PASS: \"\"complete reduced output accepted before storage projection\"\n"
"kernel 1 (localhost):"
"\"PASS: \"\"exact downstream coefficient interface\"\n"
"kernel 1 (localhost):"
"\"REAL_MAP \"\"Hgg\"\" \"69\"/\"98\" \"<|\"Sector\" -> \"Real\", \"Kind\" -> \"ExtendedResponse\", \"Index\" -> {6, 4, 2}|>\" kernel \"1\n"
"kernel 1 (localhost):"
"\"PASS: \"\"exact saved raw file\"\n"
"kernel 1 (localhost):"
"\"PASS: \"\"raw reader returns complete original record\"\n"
"kernel 1 (localhost):"
"\"PASS: \"\"raw component retains executed reconstruction\"\n"
"kernel 1 (localhost):"
"\"PASS: \"\"known rules end in saved masters\"\n"
"kernel 2 (localhost):"
"\"EXACT_POLYNOMIAL_TRANSFER \"\"production_sum\"\" \"256\"/\"406\n"
"kernel 1 (localhost):"
"\"PASS: \"\"complete linear reduced coefficient reconstruction\"\n"
"kernel 1 (localhost):"
"\"PASS: \"\"reduced coefficients are scalar rational expressions\"\n"
"kernel 1 (localhost):"
"\"PASS: \"\"compressed scalar map below file bound\"\n"
"kernel 1 (localhost):"
"\"PASS: \"\"compressed scalar map exact round trip\"\n"
"kernel 1 (localhost):"
"\"REAL_MAP_ACCEPTED \"\"Hgg\"\" \"69\n"
"kernel 1 (localhost):"
"\"PASS: \"\"complete reduced output accepted before storage projection\"\n"
"kernel 1 (localhost):"
"\"PASS: \"\"exact downstream coefficient interface\"\n"
"kernel 1 (localhost):"
"\"REAL_MAP \"\"Hgg\"\" \"70\"/\"98\" \"<|\"Sector\" -> \"Real\", \"Kind\" -> \"ExtendedResponse\", \"Index\" -> {6, 4, 5}|>\" kernel \"1\n"
"kernel 1 (localhost):"
"\"PASS: \"\"exact saved raw file\"\n"
"kernel 1 (localhost):"
"\"PASS: \"\"raw reader returns complete original record\"\n"
"kernel 1 (localhost):"
"\"PASS: \"\"raw component retains executed reconstruction\"\n"
"kernel 1 (localhost):"
"\"PASS: \"\"known rules end in saved masters\"\n"
"kernel 1 (localhost):"
"\"PASS: \"\"complete linear reduced coefficient reconstruction\"\n"
"kernel 1 (localhost):"
"\"PASS: \"\"reduced coefficients are scalar rational expressions\"\n"
"kernel 1 (localhost):"
"\"PASS: \"\"compressed scalar map below file bound\"\n"
"kernel 1 (localhost):"
"\"PASS: \"\"compressed scalar map exact round trip\"\n"
"kernel 1 (localhost):"
"\"REAL_MAP_ACCEPTED \"\"Hgg\"\" \"70\n"
"kernel 1 (localhost):"
"\"PASS: \"\"complete reduced output accepted before storage projection\"\n"
"kernel 1 (localhost):"
"\"PASS: \"\"exact downstream coefficient interface\"\n"
"kernel 1 (localhost):"
"\"REAL_MAP \"\"Hgg\"\" \"71\"/\"98\" \"<|\"Sector\" -> \"Real\", \"Kind\" -> \"ExtendedResponse\", \"Index\" -> {6, 5, 3}|>\" kernel \"1\n"
"kernel 1 (localhost):"
"\"PASS: \"\"exact saved raw file\"\n"
"kernel 1 (localhost):"
"\"PASS: \"\"raw reader returns complete original record\"\n"
"kernel 1 (localhost):"
"\"PASS: \"\"raw component retains executed reconstruction\"\n"
"kernel 1 (localhost):"
"\"PASS: \"\"known rules end in saved masters\"\n"
"kernel 1 (localhost):"
"\"PASS: \"\"exact individual reduction-rule reconstruction\"\n"
"kernel 1 (localhost):"
"\"REAL_MASTER_COEFFICIENT \"\"Hgg\"\" \"71\" \"InputForm[CutIntegral[\"R01\", {1, 1, 0, 0}]]\n"
"kernel 1 (localhost):"
"\"PASS: \"\"exact polynomial transfer supports rational coefficients\"\n"
"kernel 1 (localhost):"
"\"PASS: \"\"unassigned exact polynomial variables\"\n"
"kernel 1 (localhost):"
"\"PASS: \"\"native JSON header shape\"\n"
"kernel 1 (localhost):"
"\"PASS: \"\"complete polynomial variable support\"\n"
"kernel 1 (localhost):"
"\"PASS: \"\"exported polynomial denominator reconstructs\"\n"
"kernel 1 (localhost):"
"\"PASS: \"\"native polynomial text reconstructs\"\n"
"kernel 1 (localhost):"
"\"PASS: \"\"native JSON term reconstructs\"\n"
"kernel 2 (localhost):"
"\"EXACT_POLYNOMIAL_TRANSFER \"\"production_sum\"\" \"320\"/\"406\n"
"kernel 2 (localhost):"
"\"EXACT_POLYNOMIAL_TRANSFER \"\"production_sum\"\" \"384\"/\"406\n"
"kernel 2 (localhost):"
"\"PASS: \"\"bounded polynomial transfer file\"\n"
"kernel 2 (localhost):"
"\"PASS: \"\"unchanged validated exact backend\"\n"
"kernel 2 (localhost):"
"\"EXACT_POLYNOMIAL_BACKEND_START \"InputForm[{67, CutIntegral[\"R01\", {1, 1, 0, 0}]}]\" terms \"406\" bytes \"17154847\n"
"kernel 1 (localhost):"
"\"EXACT_POLYNOMIAL_TRANSFER \"\"production_sum\"\" \"64\"/\"406\n"
"kernel 1 (localhost):"
"\"EXACT_POLYNOMIAL_TRANSFER \"\"production_sum\"\" \"128\"/\"406\n"
"kernel 1 (localhost):"
"\"EXACT_POLYNOMIAL_TRANSFER \"\"production_sum\"\" \"192\"/\"406\n"
"kernel 1 (localhost):"
"\"EXACT_POLYNOMIAL_TRANSFER \"\"production_sum\"\" \"256\"/\"406\n"
"kernel 1 (localhost):"
"\"EXACT_POLYNOMIAL_TRANSFER \"\"production_sum\"\" \"320\"/\"406\n"
"kernel 1 (localhost):"
"\"EXACT_POLYNOMIAL_TRANSFER \"\"production_sum\"\" \"384\"/\"406\n"
"kernel 1 (localhost):"
"\"PASS: \"\"bounded polynomial transfer file\"\n"
"kernel 1 (localhost):"
"\"PASS: \"\"unchanged validated exact backend\"\n"
"kernel 1 (localhost):"
"\"EXACT_POLYNOMIAL_BACKEND_START \"InputForm[{71, CutIntegral[\"R01\", {1, 1, 0, 0}]}]\" terms \"406\" bytes \"14095313\n"
"kernel 2 (localhost):"
"\"EXACT_POLYNOMIAL_SUM production_sum 16 406 9.692\\nEXACT_POLYNOMIAL_SUM production_sum 32 406 10.495\\nEXACT_POLYNOMIAL_SUM production_sum 48 406 11.545\\nEXACT_POLYNOMIAL_SUM production_sum 64 406 12.875\\nEXACT_POLYNOMIAL_SUM production_sum 80 406 14.1\\nEXACT_POLYNOMIAL_SUM production_sum 96 406 15.307\\nEXACT_POLYNOMIAL_SUM production_sum 112 406 16.327\\nEXACT_POLYNOMIAL_SUM production_sum 128 406 17.543\\nEXACT_POLYNOMIAL_SUM production_sum 144 406 18.782\\nEXACT_POLYNOMIAL_SUM production_sum 160 406 19.795\\nEXACT_POLYNOMIAL_SUM production_sum 176 406 21.003\\nEXACT_POLYNOMIAL_SUM production_sum 192 406 22.272\\nEXACT_POLYNOMIAL_SUM production_sum 208 406 23.44\\nEXACT_POLYNOMIAL_SUM production_sum 224 406 24.688\\nEXACT_POLYNOMIAL_SUM production_sum 240 406 25.485\\nEXACT_POLYNOMIAL_SUM production_sum 256 406 26.306\\nEXACT_POLYNOMIAL_SUM production_sum 272 406 27.138\\nEXACT_POLYNOMIAL_SUM production_sum 288 406 27.819\\nEXACT_POLYNOMIAL_SUM production_sum 304 406 28.462\\nEXACT_POLYNOMIAL_SUM production_sum 320 406 29.085\\nEXACT_POLYNOMIAL_SUM production_sum 336 406 29.478\\nEXACT_POLYNOMIAL_SUM production_sum 352 406 30.234\\nEXACT_POLYNOMIAL_SUM production_sum 368 406 31.007\\nEXACT_POLYNOMIAL_SUM production_sum 384 406 31.691\\nEXACT_POLYNOMIAL_SUM production_sum 400 406 32.407\\nEXACT_POLYNOMIAL_SUM production_sum 406 406 32.647\\nPASS: exact polynomial comparison backend\\n\"\n"
"kernel 2 (localhost):"
"\"\"\n"
"kernel 2 (localhost):"
"\"PASS: \"\"exact production backend completed\"\n"
"kernel 2 (localhost):"
"\"PASS: \"\"exact production backend input and source\"\n"
"kernel 2 (localhost):"
"\"PASS: \"\"complete production termwise reconstruction\"\n"
"kernel 2 (localhost):"
"\"PASS: \"\"exact scalar coefficient import\"\n"
"kernel 2 (localhost):"
"\"EXACT_POLYNOMIAL_ACCEPTED \"InputForm[{67, CutIntegral[\"R01\", {1, 1, 0, 0}]}]\" seconds \"64.648942`8.26210641540656\" bytes \"2901680\n"
"kernel 2 (localhost):"
"\"PASS: \"\"compressed scalar map below file bound\"\n"
"kernel 2 (localhost):"
"\"PASS: \"\"compressed scalar map exact round trip\"\n"
"kernel 2 (localhost):"
"\"PASS: \"\"master coefficient retains exact reconstruction\"\n"
"kernel 2 (localhost):"
"\"REAL_MASTER_COEFFICIENT \"\"Hgg\"\" \"67\" \"InputForm[CutIntegral[\"R01\", {1, 1, 1, 1}]]\n"
"kernel 2 (localhost):"
"\"EXACT_POLYNOMIAL_BACKEND_START \"InputForm[{67, CutIntegral[\"R01\", {1, 1, 1, 1}]}]\" terms \"2\" bytes \"6155\n"
"kernel 2 (localhost):"
"\"EXACT_POLYNOMIAL_SUM production_sum 2 2 0.002\\nPASS: exact polynomial comparison backend\\n\"\n"
"kernel 2 (localhost):"
"\"\"\n"
"kernel 2 (localhost):"
"\"EXACT_POLYNOMIAL_ACCEPTED \"InputForm[{67, CutIntegral[\"R01\", {1, 1, 1, 1}]}]\" seconds \"0.192369`5.735680080877276\" bytes \"98152\n"
"kernel 2 (localhost):"
"\"REAL_MASTER_COEFFICIENT \"\"Hgg\"\" \"67\" \"InputForm[CutIntegral[\"R02\", {1, 1, 1, 1}]]\n"
"kernel 2 (localhost):"
"\"EXACT_POLYNOMIAL_BACKEND_START \"InputForm[{67, CutIntegral[\"R02\", {1, 1, 1, 1}]}]\" terms \"8\" bytes \"50925\n"
"kernel 2 (localhost):"
"\"EXACT_POLYNOMIAL_SUM production_sum 8 8 0.015\\nPASS: exact polynomial comparison backend\\n\"\n"
"kernel 2 (localhost):"
"\"\"\n"
"kernel 2 (localhost):"
"\"EXACT_POLYNOMIAL_ACCEPTED \"InputForm[{67, CutIntegral[\"R02\", {1, 1, 1, 1}]}]\" seconds \"0.305451`5.936486544780245\" bytes \"569832\n"
"kernel 2 (localhost):"
"\"REAL_MASTER_COEFFICIENT \"\"Hgg\"\" \"67\" \"InputForm[CutIntegral[\"R03\", {1, 1, 0, 1}]]\n"
"kernel 2 (localhost):"
"\"EXACT_POLYNOMIAL_TRANSFER \"\"production_sum\"\" \"64\"/\"84\n"
"kernel 2 (localhost):"
"\"EXACT_POLYNOMIAL_BACKEND_START \"InputForm[{67, CutIntegral[\"R03\", {1, 1, 0, 1}]}]\" terms \"84\" bytes \"2601153\n"
"kernel 2 (localhost):"
"\"EXACT_POLYNOMIAL_SUM production_sum 16 84 1.981\\nEXACT_POLYNOMIAL_SUM production_sum 32 84 2.091\\nEXACT_POLYNOMIAL_SUM production_sum 48 84 2.206\\nEXACT_POLYNOMIAL_SUM production_sum 64 84 2.324\\nEXACT_POLYNOMIAL_SUM production_sum 80 84 2.389\\nEXACT_POLYNOMIAL_SUM production_sum 84 84 2.408\\nPASS: exact polynomial comparison backend\\n\"\n"
"kernel 2 (localhost):"
"\"\"\n"
"kernel 2 (localhost):"
"\"EXACT_POLYNOMIAL_ACCEPTED \"InputForm[{67, CutIntegral[\"R03\", {1, 1, 0, 1}]}]\" seconds \"8.430256`7.377385756459897\" bytes \"3489056\n"
"kernel 2 (localhost):"
"\"REAL_MASTER_COEFFICIENT \"\"Hgg\"\" \"67\" \"InputForm[CutIntegral[\"R03\", {1, 1, 1, 1}]]\n"
"kernel 2 (localhost):"
"\"EXACT_POLYNOMIAL_BACKEND_START \"InputForm[{67, CutIntegral[\"R03\", {1, 1, 1, 1}]}]\" terms \"2\" bytes \"37007\n"
"kernel 2 (localhost):"
"\"EXACT_POLYNOMIAL_SUM production_sum 2 2 0.026\\nPASS: exact polynomial comparison backend\\n\"\n"
"kernel 2 (localhost):"
"\"\"\n"
"kernel 2 (localhost):"
"\"EXACT_POLYNOMIAL_ACCEPTED \"InputForm[{67, CutIntegral[\"R03\", {1, 1, 1, 1}]}]\" seconds \"0.317179`5.952849419032993\" bytes \"1226128\n"
"kernel 2 (localhost):"
"\"REAL_MASTER_COEFFICIENT \"\"Hgg\"\" \"67\" \"InputForm[CutIntegral[\"R04\", {1, 1, 1, 1}]]\n"
"kernel 2 (localhost):"
"\"EXACT_POLYNOMIAL_BACKEND_START \"InputForm[{67, CutIntegral[\"R04\", {1, 1, 1, 1}]}]\" terms \"8\" bytes \"50955\n"
"kernel 2 (localhost):"
"\"EXACT_POLYNOMIAL_SUM production_sum 8 8 0.022\\nPASS: exact polynomial comparison backend\\n\"\n"
"kernel 2 (localhost):"
"\"\"\n"
"kernel 2 (localhost):"
"\"EXACT_POLYNOMIAL_ACCEPTED \"InputForm[{67, CutIntegral[\"R04\", {1, 1, 1, 1}]}]\" seconds \"0.331365`5.971851628208155\" bytes \"634504\n"
"kernel 2 (localhost):"
"\"REAL_MASTER_COEFFICIENT \"\"Hgg\"\" \"67\" \"InputForm[CutIntegral[\"R09\", {1, 1, 1, 1}]]\n"
"kernel 2 (localhost):"
"\"EXACT_POLYNOMIAL_BACKEND_START \"InputForm[{67, CutIntegral[\"R09\", {1, 1, 1, 1}]}]\" terms \"2\" bytes \"33673\n"
"kernel 2 (localhost):"
"\"EXACT_POLYNOMIAL_SUM production_sum 2 2 0.028\\nPASS: exact polynomial comparison backend\\n\"\n"
"kernel 2 (localhost):"
"\"\"\n"
"kernel 2 (localhost):"
"\"EXACT_POLYNOMIAL_ACCEPTED \"InputForm[{67, CutIntegral[\"R09\", {1, 1, 1, 1}]}]\" seconds \"0.405392`6.059420167576356\" bytes \"1137912\n"
"kernel 2 (localhost):"
"\"REAL_MASTER_COEFFICIENT \"\"Hgg\"\" \"67\" \"InputForm[CutIntegral[\"R10\", {1, 1, 1, 1}]]\n"
"kernel 2 (localhost):"
"\"EXACT_POLYNOMIAL_BACKEND_START \"InputForm[{67, CutIntegral[\"R10\", {1, 1, 1, 1}]}]\" terms \"8\" bytes \"32007\n"
"kernel 2 (localhost):"
"\"EXACT_POLYNOMIAL_SUM production_sum 8 8 0.015\\nPASS: exact polynomial comparison backend\\n\"\n"
"kernel 2 (localhost):"
"\"\"\n"
"kernel 2 (localhost):"
"\"EXACT_POLYNOMIAL_ACCEPTED \"InputForm[{67, CutIntegral[\"R10\", {1, 1, 1, 1}]}]\" seconds \"0.3134410000000000001`5.947700797718958\" bytes \"428040\n"
"kernel 2 (localhost):"
"\"PASS: \"\"complete linear reduced coefficient reconstruction\"\n"
"kernel 2 (localhost):"
"\"PASS: \"\"reduced coefficients are scalar rational expressions\"\n"
"kernel 1 (localhost):"
"\"EXACT_POLYNOMIAL_SUM production_sum 16 406 8.456\\nEXACT_POLYNOMIAL_SUM production_sum 32 406 9.307\\nEXACT_POLYNOMIAL_SUM production_sum 48 406 10.308\\nEXACT_POLYNOMIAL_SUM production_sum 64 406 11.218\\nEXACT_POLYNOMIAL_SUM production_sum 80 406 12.22\\nEXACT_POLYNOMIAL_SUM production_sum 96 406 13.208\\nEXACT_POLYNOMIAL_SUM production_sum 112 406 14.294\\nEXACT_POLYNOMIAL_SUM production_sum 128 406 15.35\\nEXACT_POLYNOMIAL_SUM production_sum 144 406 16.469\\nEXACT_POLYNOMIAL_SUM production_sum 160 406 17.58\\nEXACT_POLYNOMIAL_SUM production_sum 176 406 18.586\\nEXACT_POLYNOMIAL_SUM production_sum 192 406 19.591\\nEXACT_POLYNOMIAL_SUM production_sum 208 406 20.604\\nEXACT_POLYNOMIAL_SUM production_sum 224 406 21.184\\nEXACT_POLYNOMIAL_SUM production_sum 240 406 21.772\\nEXACT_POLYNOMIAL_SUM production_sum 256 406 22.284\\nEXACT_POLYNOMIAL_SUM production_sum 272 406 23.004\\nEXACT_POLYNOMIAL_SUM production_sum 288 406 23.777\\nEXACT_POLYNOMIAL_SUM production_sum 304 406 24.283\\nEXACT_POLYNOMIAL_SUM production_sum 320 406 24.781\\nEXACT_POLYNOMIAL_SUM production_sum 336 406 25.215\\nEXACT_POLYNOMIAL_SUM production_sum 352 406 25.913\\nEXACT_POLYNOMIAL_SUM production_sum 368 406 26.553\\nEXACT_POLYNOMIAL_SUM production_sum 384 406 27.067\\nEXACT_POLYNOMIAL_SUM production_sum 400 406 27.562\\nEXACT_POLYNOMIAL_SUM production_sum 406 406 27.758\\nPASS: exact polynomial comparison backend\\n\"\n"
"kernel 1 (localhost):"
"\"\"\n"
"kernel 1 (localhost):"
"\"PASS: \"\"exact production backend completed\"\n"
"kernel 1 (localhost):"
"\"PASS: \"\"exact production backend input and source\"\n"
"kernel 1 (localhost):"
"\"PASS: \"\"complete production termwise reconstruction\"\n"
"kernel 1 (localhost):"
"\"PASS: \"\"exact scalar coefficient import\"\n"
"kernel 1 (localhost):"
"\"EXACT_POLYNOMIAL_ACCEPTED \"InputForm[{71, CutIntegral[\"R01\", {1, 1, 0, 0}]}]\" seconds \"52.671482`8.173120531625003\" bytes \"3526136\n"
"kernel 1 (localhost):"
"\"PASS: \"\"compressed scalar map below file bound\"\n"
"kernel 1 (localhost):"
"\"PASS: \"\"compressed scalar map exact round trip\"\n"
"kernel 1 (localhost):"
"\"PASS: \"\"master coefficient retains exact reconstruction\"\n"
"kernel 1 (localhost):"
"\"REAL_MASTER_COEFFICIENT \"\"Hgg\"\" \"71\" \"InputForm[CutIntegral[\"R01\", {1, 1, 1, 1}]]\n"
"kernel 1 (localhost):"
"\"EXACT_POLYNOMIAL_BACKEND_START \"InputForm[{71, CutIntegral[\"R01\", {1, 1, 1, 1}]}]\" terms \"2\" bytes \"9513\n"
"kernel 1 (localhost):"
"\"EXACT_POLYNOMIAL_SUM production_sum 2 2 0.003\\nPASS: exact polynomial comparison backend\\n\"\n"
"kernel 1 (localhost):"
"\"\"\n"
"kernel 1 (localhost):"
"\"EXACT_POLYNOMIAL_ACCEPTED \"InputForm[{71, CutIntegral[\"R01\", {1, 1, 1, 1}]}]\" seconds \"0.172477`5.688276183113604\" bytes \"145424\n"
"kernel 1 (localhost):"
"\"REAL_MASTER_COEFFICIENT \"\"Hgg\"\" \"71\" \"InputForm[CutIntegral[\"R02\", {1, 1, 1, 1}]]\n"
"kernel 1 (localhost):"
"\"EXACT_POLYNOMIAL_BACKEND_START \"InputForm[{71, CutIntegral[\"R02\", {1, 1, 1, 1}]}]\" terms \"8\" bytes \"52147\n"
"kernel 1 (localhost):"
"\"EXACT_POLYNOMIAL_SUM production_sum 8 8 0.015\\nPASS: exact polynomial comparison backend\\n\"\n"
"kernel 1 (localhost):"
"\"\"\n"
"kernel 1 (localhost):"
"\"EXACT_POLYNOMIAL_ACCEPTED \"InputForm[{71, CutIntegral[\"R02\", {1, 1, 1, 1}]}]\" seconds \"0.30562`5.936726764883351\" bytes \"571840\n"
"kernel 1 (localhost):"
"\"REAL_MASTER_COEFFICIENT \"\"Hgg\"\" \"71\" \"InputForm[CutIntegral[\"R03\", {1, 1, 0, 1}]]\n"
"kernel 2 (localhost):"
"\"REAL_MAP_ACCEPTED \"\"Hgg\"\" \"67\n"
"kernel 2 (localhost):"
"\"PASS: \"\"complete reduced output accepted before storage projection\"\n"
"kernel 2 (localhost):"
"\"PASS: \"\"exact downstream coefficient interface\"\n"
"kernel 2 (localhost):"
"\"REAL_MAP \"\"Hgg\"\" \"72\"/\"98\" \"<|\"Sector\" -> \"Real\", \"Kind\" -> \"ExtendedResponse\", \"Index\" -> {6, 5, 4}|>\" kernel \"2\n"
"kernel 2 (localhost):"
"\"PASS: \"\"exact saved raw file\"\n"
"kernel 2 (localhost):"
"\"PASS: \"\"raw reader returns complete original record\"\n"
"kernel 2 (localhost):"
"\"PASS: \"\"raw component retains executed reconstruction\"\n"
"kernel 2 (localhost):"
"\"PASS: \"\"known rules end in saved masters\"\n"
"kernel 2 (localhost):"
"\"PASS: \"\"complete linear reduced coefficient reconstruction\"\n"
"kernel 2 (localhost):"
"\"PASS: \"\"reduced coefficients are scalar rational expressions\"\n"
"kernel 2 (localhost):"
"\"PASS: \"\"compressed scalar map below file bound\"\n"
"kernel 2 (localhost):"
"\"PASS: \"\"compressed scalar map exact round trip\"\n"
"kernel 2 (localhost):"
"\"REAL_MAP_ACCEPTED \"\"Hgg\"\" \"72\n"
"kernel 2 (localhost):"
"\"PASS: \"\"complete reduced output accepted before storage projection\"\n"
"kernel 2 (localhost):"
"\"PASS: \"\"exact downstream coefficient interface\"\n"
"kernel 2 (localhost):"
"\"REAL_MAP \"\"Hgg\"\" \"73\"/\"98\" \"<|\"Sector\" -> \"Real\", \"Kind\" -> \"ExtendedResponse\", \"Index\" -> {7, 1, 1}|>\" kernel \"2\n"
"kernel 2 (localhost):"
"\"PASS: \"\"exact saved raw file\"\n"
"kernel 2 (localhost):"
"\"PASS: \"\"raw reader returns complete original record\"\n"
"kernel 2 (localhost):"
"\"PASS: \"\"raw component retains executed reconstruction\"\n"
"kernel 2 (localhost):"
"\"PASS: \"\"known rules end in saved masters\"\n"
"kernel 2 (localhost):"
"\"PASS: \"\"complete linear reduced coefficient reconstruction\"\n"
"kernel 2 (localhost):"
"\"PASS: \"\"reduced coefficients are scalar rational expressions\"\n"
"kernel 2 (localhost):"
"\"PASS: \"\"compressed scalar map below file bound\"\n"
"kernel 2 (localhost):"
"\"PASS: \"\"compressed scalar map exact round trip\"\n"
"kernel 2 (localhost):"
"\"REAL_MAP_ACCEPTED \"\"Hgg\"\" \"73\n"
"kernel 2 (localhost):"
"\"PASS: \"\"complete reduced output accepted before storage projection\"\n"
"kernel 2 (localhost):"
"\"PASS: \"\"exact downstream coefficient interface\"\n"
"kernel 2 (localhost):"
"\"REAL_MAP \"\"Hgg\"\" \"74\"/\"98\" \"<|\"Sector\" -> \"Real\", \"Kind\" -> \"ExtendedResponse\", \"Index\" -> {7, 1, 2}|>\" kernel \"2\n"
"kernel 2 (localhost):"
"\"PASS: \"\"exact saved raw file\"\n"
"kernel 2 (localhost):"
"\"PASS: \"\"raw reader returns complete original record\"\n"
"kernel 2 (localhost):"
"\"PASS: \"\"raw component retains executed reconstruction\"\n"
"kernel 2 (localhost):"
"\"PASS: \"\"known rules end in saved masters\"\n"
"kernel 2 (localhost):"
"\"PASS: \"\"complete linear reduced coefficient reconstruction\"\n"
"kernel 2 (localhost):"
"\"PASS: \"\"reduced coefficients are scalar rational expressions\"\n"
"kernel 2 (localhost):"
"\"PASS: \"\"compressed scalar map below file bound\"\n"
"kernel 2 (localhost):"
"\"PASS: \"\"compressed scalar map exact round trip\"\n"
"kernel 2 (localhost):"
"\"REAL_MAP_ACCEPTED \"\"Hgg\"\" \"74\n"
"kernel 2 (localhost):"
"\"PASS: \"\"complete reduced output accepted before storage projection\"\n"
"kernel 2 (localhost):"
"\"PASS: \"\"exact downstream coefficient interface\"\n"
"kernel 2 (localhost):"
"\"REAL_MAP \"\"Hgg\"\" \"75\"/\"98\" \"<|\"Sector\" -> \"Real\", \"Kind\" -> \"ExtendedResponse\", \"Index\" -> {7, 1, 5}|>\" kernel \"2\n"
"kernel 2 (localhost):"
"\"PASS: \"\"exact saved raw file\"\n"
"kernel 2 (localhost):"
"\"PASS: \"\"raw reader returns complete original record\"\n"
"kernel 2 (localhost):"
"\"PASS: \"\"raw component retains executed reconstruction\"\n"
"kernel 2 (localhost):"
"\"PASS: \"\"known rules end in saved masters\"\n"
"kernel 2 (localhost):"
"\"PASS: \"\"complete linear reduced coefficient reconstruction\"\n"
"kernel 2 (localhost):"
"\"PASS: \"\"reduced coefficients are scalar rational expressions\"\n"
"kernel 2 (localhost):"
"\"PASS: \"\"compressed scalar map below file bound\"\n"
"kernel 2 (localhost):"
"\"PASS: \"\"compressed scalar map exact round trip\"\n"
"kernel 2 (localhost):"
"\"REAL_MAP_ACCEPTED \"\"Hgg\"\" \"75\n"
"kernel 2 (localhost):"
"\"PASS: \"\"complete reduced output accepted before storage projection\"\n"
"kernel 2 (localhost):"
"\"PASS: \"\"exact downstream coefficient interface\"\n"
"kernel 2 (localhost):"
"\"REAL_MAP \"\"Hgg\"\" \"76\"/\"98\" \"<|\"Sector\" -> \"Real\", \"Kind\" -> \"ExtendedResponse\", \"Index\" -> {7, 2, 1}|>\" kernel \"2\n"
"kernel 2 (localhost):"
"\"PASS: \"\"exact saved raw file\"\n"
"kernel 2 (localhost):"
"\"PASS: \"\"raw reader returns complete original record\"\n"
"kernel 2 (localhost):"
"\"PASS: \"\"raw component retains executed reconstruction\"\n"
"kernel 2 (localhost):"
"\"PASS: \"\"known rules end in saved masters\"\n"
"kernel 2 (localhost):"
"\"PASS: \"\"complete linear reduced coefficient reconstruction\"\n"
"kernel 2 (localhost):"
"\"PASS: \"\"reduced coefficients are scalar rational expressions\"\n"
"kernel 2 (localhost):"
"\"PASS: \"\"compressed scalar map below file bound\"\n"
"kernel 2 (localhost):"
"\"PASS: \"\"compressed scalar map exact round trip\"\n"
"kernel 2 (localhost):"
"\"REAL_MAP_ACCEPTED \"\"Hgg\"\" \"76\n"
"kernel 2 (localhost):"
"\"PASS: \"\"complete reduced output accepted before storage projection\"\n"
"kernel 2 (localhost):"
"\"PASS: \"\"exact downstream coefficient interface\"\n"
"kernel 2 (localhost):"
"\"REAL_MAP \"\"Hgg\"\" \"77\"/\"98\" \"<|\"Sector\" -> \"Real\", \"Kind\" -> \"ExtendedResponse\", \"Index\" -> {7, 2, 2}|>\" kernel \"2\n"
"kernel 2 (localhost):"
"\"PASS: \"\"exact saved raw file\"\n"
"kernel 2 (localhost):"
"\"PASS: \"\"raw reader returns complete original record\"\n"
"kernel 2 (localhost):"
"\"PASS: \"\"raw component retains executed reconstruction\"\n"
"kernel 2 (localhost):"
"\"PASS: \"\"known rules end in saved masters\"\n"
"kernel 2 (localhost):"
"\"PASS: \"\"complete linear reduced coefficient reconstruction\"\n"
"kernel 2 (localhost):"
"\"PASS: \"\"reduced coefficients are scalar rational expressions\"\n"
"kernel 2 (localhost):"
"\"PASS: \"\"compressed scalar map below file bound\"\n"
"kernel 2 (localhost):"
"\"PASS: \"\"compressed scalar map exact round trip\"\n"
"kernel 2 (localhost):"
"\"REAL_MAP_ACCEPTED \"\"Hgg\"\" \"77\n"
"kernel 2 (localhost):"
"\"PASS: \"\"complete reduced output accepted before storage projection\"\n"
"kernel 2 (localhost):"
"\"PASS: \"\"exact downstream coefficient interface\"\n"
"kernel 2 (localhost):"
"\"REAL_MAP \"\"Hgg\"\" \"78\"/\"98\" \"<|\"Sector\" -> \"Real\", \"Kind\" -> \"ExtendedResponse\", \"Index\" -> {7, 2, 5}|>\" kernel \"2\n"
"kernel 2 (localhost):"
"\"PASS: \"\"exact saved raw file\"\n"
"kernel 2 (localhost):"
"\"PASS: \"\"raw reader returns complete original record\"\n"
"kernel 2 (localhost):"
"\"PASS: \"\"raw component retains executed reconstruction\"\n"
"kernel 2 (localhost):"
"\"PASS: \"\"known rules end in saved masters\"\n"
"kernel 2 (localhost):"
"\"PASS: \"\"complete linear reduced coefficient reconstruction\"\n"
"kernel 2 (localhost):"
"\"PASS: \"\"reduced coefficients are scalar rational expressions\"\n"
"kernel 2 (localhost):"
"\"PASS: \"\"compressed scalar map below file bound\"\n"
"kernel 2 (localhost):"
"\"PASS: \"\"compressed scalar map exact round trip\"\n"
"kernel 2 (localhost):"
"\"REAL_MAP_ACCEPTED \"\"Hgg\"\" \"78\n"
"kernel 2 (localhost):"
"\"PASS: \"\"complete reduced output accepted before storage projection\"\n"
"kernel 2 (localhost):"
"\"PASS: \"\"exact downstream coefficient interface\"\n"
"kernel 2 (localhost):"
"\"REAL_MAP \"\"Hgg\"\" \"79\"/\"98\" \"<|\"Sector\" -> \"Real\", \"Kind\" -> \"ExtendedResponse\", \"Index\" -> {7, 3, 3}|>\" kernel \"2\n"
"kernel 2 (localhost):"
"\"PASS: \"\"exact saved raw file\"\n"
"kernel 2 (localhost):"
"\"PASS: \"\"raw reader returns complete original record\"\n"
"kernel 2 (localhost):"
"\"PASS: \"\"raw component retains executed reconstruction\"\n"
"kernel 2 (localhost):"
"\"PASS: \"\"known rules end in saved masters\"\n"
"kernel 2 (localhost):"
"\"PASS: \"\"complete linear reduced coefficient reconstruction\"\n"
"kernel 2 (localhost):"
"\"PASS: \"\"reduced coefficients are scalar rational expressions\"\n"
"kernel 2 (localhost):"
"\"PASS: \"\"compressed scalar map below file bound\"\n"
"kernel 2 (localhost):"
"\"PASS: \"\"compressed scalar map exact round trip\"\n"
"kernel 2 (localhost):"
"\"REAL_MAP_ACCEPTED \"\"Hgg\"\" \"79\n"
"kernel 2 (localhost):"
"\"PASS: \"\"complete reduced output accepted before storage projection\"\n"
"kernel 2 (localhost):"
"\"PASS: \"\"exact downstream coefficient interface\"\n"
"kernel 2 (localhost):"
"\"REAL_MAP \"\"Hgg\"\" \"80\"/\"98\" \"<|\"Sector\" -> \"Real\", \"Kind\" -> \"ExtendedResponse\", \"Index\" -> {7, 3, 4}|>\" kernel \"2\n"
"kernel 2 (localhost):"
"\"PASS: \"\"exact saved raw file\"\n"
"kernel 2 (localhost):"
"\"PASS: \"\"raw reader returns complete original record\"\n"
"kernel 2 (localhost):"
"\"PASS: \"\"raw component retains executed reconstruction\"\n"
"kernel 2 (localhost):"
"\"PASS: \"\"known rules end in saved masters\"\n"
"kernel 2 (localhost):"
"\"PASS: \"\"exact individual reduction-rule reconstruction\"\n"
"kernel 2 (localhost):"
"\"REAL_MASTER_COEFFICIENT \"\"Hgg\"\" \"80\" \"InputForm[CutIntegral[\"R01\", {1, 1, 0, 0}]]\n"
"kernel 1 (localhost):"
"\"EXACT_POLYNOMIAL_TRANSFER \"\"production_sum\"\" \"64\"/\"84\n"
"kernel 2 (localhost):"
"\"PASS: \"\"exact polynomial transfer supports rational coefficients\"\n"
"kernel 2 (localhost):"
"\"PASS: \"\"unassigned exact polynomial variables\"\n"
"kernel 2 (localhost):"
"\"PASS: \"\"native JSON header shape\"\n"
"kernel 2 (localhost):"
"\"PASS: \"\"complete polynomial variable support\"\n"
"kernel 2 (localhost):"
"\"PASS: \"\"exported polynomial denominator reconstructs\"\n"
"kernel 2 (localhost):"
"\"PASS: \"\"native polynomial text reconstructs\"\n"
"kernel 2 (localhost):"
"\"PASS: \"\"native JSON term reconstructs\"\n"
"kernel 1 (localhost):"
"\"EXACT_POLYNOMIAL_BACKEND_START \"InputForm[{71, CutIntegral[\"R03\", {1, 1, 0, 1}]}]\" terms \"84\" bytes \"2121377\n"
"kernel 2 (localhost):"
"\"EXACT_POLYNOMIAL_TRANSFER \"\"production_sum\"\" \"64\"/\"297\n"
"kernel 1 (localhost):"
"\"EXACT_POLYNOMIAL_SUM production_sum 16 84 1.592\\nEXACT_POLYNOMIAL_SUM production_sum 32 84 1.683\\nEXACT_POLYNOMIAL_SUM production_sum 48 84 1.766\\nEXACT_POLYNOMIAL_SUM production_sum 64 84 1.866\\nEXACT_POLYNOMIAL_SUM production_sum 80 84 1.919\\nEXACT_POLYNOMIAL_SUM production_sum 84 84 1.931\\nPASS: exact polynomial comparison backend\\n\"\n"
"kernel 1 (localhost):"
"\"\"\n"
"kernel 1 (localhost):"
"\"EXACT_POLYNOMIAL_ACCEPTED \"InputForm[{71, CutIntegral[\"R03\", {1, 1, 0, 1}]}]\" seconds \"8.158613`7.36316132655793\" bytes \"4187528\n"
"kernel 1 (localhost):"
"\"REAL_MASTER_COEFFICIENT \"\"Hgg\"\" \"71\" \"InputForm[CutIntegral[\"R03\", {1, 1, 1, 1}]]\n"
"kernel 1 (localhost):"
"\"EXACT_POLYNOMIAL_BACKEND_START \"InputForm[{71, CutIntegral[\"R03\", {1, 1, 1, 1}]}]\" terms \"2\" bytes \"33133\n"
"kernel 1 (localhost):"
"\"EXACT_POLYNOMIAL_SUM production_sum 2 2 0.018\\nPASS: exact polynomial comparison backend\\n\"\n"
"kernel 1 (localhost):"
"\"\"\n"
"kernel 1 (localhost):"
"\"EXACT_POLYNOMIAL_ACCEPTED \"InputForm[{71, CutIntegral[\"R03\", {1, 1, 1, 1}]}]\" seconds \"0.328586`5.968194049088404\" bytes \"1134480\n"
"kernel 1 (localhost):"
"\"REAL_MASTER_COEFFICIENT \"\"Hgg\"\" \"71\" \"InputForm[CutIntegral[\"R04\", {1, 1, 1, 1}]]\n"
"kernel 1 (localhost):"
"\"EXACT_POLYNOMIAL_BACKEND_START \"InputForm[{71, CutIntegral[\"R04\", {1, 1, 1, 1}]}]\" terms \"8\" bytes \"49997\n"
"kernel 1 (localhost):"
"\"EXACT_POLYNOMIAL_SUM production_sum 8 8 0.02\\nPASS: exact polynomial comparison backend\\n\"\n"
"kernel 1 (localhost):"
"\"\"\n"
"kernel 1 (localhost):"
"\"EXACT_POLYNOMIAL_ACCEPTED \"InputForm[{71, CutIntegral[\"R04\", {1, 1, 1, 1}]}]\" seconds \"0.325137`5.963611387727536\" bytes \"639360\n"
"kernel 1 (localhost):"
"\"REAL_MASTER_COEFFICIENT \"\"Hgg\"\" \"71\" \"InputForm[CutIntegral[\"R09\", {1, 1, 1, 1}]]\n"
"kernel 1 (localhost):"
"\"EXACT_POLYNOMIAL_BACKEND_START \"InputForm[{71, CutIntegral[\"R09\", {1, 1, 1, 1}]}]\" terms \"2\" bytes \"51129\n"
"kernel 2 (localhost):"
"\"EXACT_POLYNOMIAL_TRANSFER \"\"production_sum\"\" \"128\"/\"297\n"
"kernel 1 (localhost):"
"\"EXACT_POLYNOMIAL_SUM production_sum 2 2 0.027\\nPASS: exact polynomial comparison backend\\n\"\n"
"kernel 1 (localhost):"
"\"\"\n"
"kernel 1 (localhost):"
"\"EXACT_POLYNOMIAL_ACCEPTED \"InputForm[{71, CutIntegral[\"R09\", {1, 1, 1, 1}]}]\" seconds \"0.367752`6.01710003678977\" bytes \"1602104\n"
"kernel 1 (localhost):"
"\"REAL_MASTER_COEFFICIENT \"\"Hgg\"\" \"71\" \"InputForm[CutIntegral[\"R10\", {1, 1, 1, 1}]]\n"
"kernel 1 (localhost):"
"\"EXACT_POLYNOMIAL_BACKEND_START \"InputForm[{71, CutIntegral[\"R10\", {1, 1, 1, 1}]}]\" terms \"8\" bytes \"35791\n"
"kernel 1 (localhost):"
"\"EXACT_POLYNOMIAL_SUM production_sum 8 8 0.02\\nPASS: exact polynomial comparison backend\\n\"\n"
"kernel 1 (localhost):"
"\"\"\n"
"kernel 1 (localhost):"
"\"EXACT_POLYNOMIAL_ACCEPTED \"InputForm[{71, CutIntegral[\"R10\", {1, 1, 1, 1}]}]\" seconds \"0.378944`6.030120028561858\" bytes \"444360\n"
"kernel 1 (localhost):"
"\"PASS: \"\"complete linear reduced coefficient reconstruction\"\n"
"kernel 1 (localhost):"
"\"PASS: \"\"reduced coefficients are scalar rational expressions\"\n"
"kernel 2 (localhost):"
"\"EXACT_POLYNOMIAL_TRANSFER \"\"production_sum\"\" \"192\"/\"297\n"
"kernel 1 (localhost):"
"\"REAL_MAP_ACCEPTED \"\"Hgg\"\" \"71\n"
"kernel 1 (localhost):"
"\"PASS: \"\"complete reduced output accepted before storage projection\"\n"
"kernel 1 (localhost):"
"\"PASS: \"\"exact downstream coefficient interface\"\n"
"kernel 2 (localhost):"
"\"EXACT_POLYNOMIAL_TRANSFER \"\"production_sum\"\" \"256\"/\"297\n"
"kernel 1 (localhost):"
"\"REAL_MAP \"\"Hgg\"\" \"81\"/\"98\" \"<|\"Sector\" -> \"Real\", \"Kind\" -> \"ExtendedResponse\", \"Index\" -> {7, 4, 3}|>\" kernel \"1\n"
"kernel 1 (localhost):"
"\"PASS: \"\"exact saved raw file\"\n"
"kernel 1 (localhost):"
"\"PASS: \"\"raw reader returns complete original record\"\n"
"kernel 1 (localhost):"
"\"PASS: \"\"raw component retains executed reconstruction\"\n"
"kernel 1 (localhost):"
"\"PASS: \"\"known rules end in saved masters\"\n"
"kernel 1 (localhost):"
"\"PASS: \"\"exact individual reduction-rule reconstruction\"\n"
"kernel 1 (localhost):"
"\"REAL_MASTER_COEFFICIENT \"\"Hgg\"\" \"81\" \"InputForm[CutIntegral[\"R01\", {1, 1, 0, 0}]]\n"
"kernel 1 (localhost):"
"\"PASS: \"\"exact polynomial transfer supports rational coefficients\"\n"
"kernel 1 (localhost):"
"\"PASS: \"\"unassigned exact polynomial variables\"\n"
"kernel 1 (localhost):"
"\"PASS: \"\"native JSON header shape\"\n"
"kernel 1 (localhost):"
"\"PASS: \"\"complete polynomial variable support\"\n"
"kernel 1 (localhost):"
"\"PASS: \"\"exported polynomial denominator reconstructs\"\n"
"kernel 1 (localhost):"
"\"PASS: \"\"native polynomial text reconstructs\"\n"
"kernel 1 (localhost):"
"\"PASS: \"\"native JSON term reconstructs\"\n"
"kernel 2 (localhost):"
"\"PASS: \"\"bounded polynomial transfer file\"\n"
"kernel 2 (localhost):"
"\"PASS: \"\"unchanged validated exact backend\"\n"
"kernel 2 (localhost):"
"\"EXACT_POLYNOMIAL_BACKEND_START \"InputForm[{80, CutIntegral[\"R01\", {1, 1, 0, 0}]}]\" terms \"297\" bytes \"6763412\n"
"kernel 1 (localhost):"
"\"EXACT_POLYNOMIAL_TRANSFER \"\"production_sum\"\" \"64\"/\"297\n"
"kernel 1 (localhost):"
"\"EXACT_POLYNOMIAL_TRANSFER \"\"production_sum\"\" \"128\"/\"297\n"
"kernel 1 (localhost):"
"\"EXACT_POLYNOMIAL_TRANSFER \"\"production_sum\"\" \"192\"/\"297\n"
"kernel 2 (localhost):"
"\"EXACT_POLYNOMIAL_SUM production_sum 16 297 3.117\\nEXACT_POLYNOMIAL_SUM production_sum 32 297 3.396\\nEXACT_POLYNOMIAL_SUM production_sum 48 297 3.669\\nEXACT_POLYNOMIAL_SUM production_sum 64 297 3.919\\nEXACT_POLYNOMIAL_SUM production_sum 80 297 4.278\\nEXACT_POLYNOMIAL_SUM production_sum 96 297 4.549\\nEXACT_POLYNOMIAL_SUM production_sum 112 297 4.863\\nEXACT_POLYNOMIAL_SUM production_sum 128 297 5.246\\nEXACT_POLYNOMIAL_SUM production_sum 144 297 5.619\\nEXACT_POLYNOMIAL_SUM production_sum 160 297 5.998\\nEXACT_POLYNOMIAL_SUM production_sum 176 297 6.384\\nEXACT_POLYNOMIAL_SUM production_sum 192 297 6.699\\nEXACT_POLYNOMIAL_SUM production_sum 208 297 6.98\\nEXACT_POLYNOMIAL_SUM production_sum 224 297 7.355\\nEXACT_POLYNOMIAL_SUM production_sum 240 297 7.744\\nEXACT_POLYNOMIAL_SUM production_sum 256 297 8.069\\nEXACT_POLYNOMIAL_SUM production_sum 272 297 8.495\\nEXACT_POLYNOMIAL_SUM production_sum 288 297 8.8\\nEXACT_POLYNOMIAL_SUM production_sum 297 297 8.992\\nPASS: exact polynomial comparison backend\\n\"\n"
"kernel 2 (localhost):"
"\"\"\n"
"kernel 2 (localhost):"
"\"PASS: \"\"exact production backend completed\"\n"
"kernel 2 (localhost):"
"\"PASS: \"\"exact production backend input and source\"\n"
"kernel 2 (localhost):"
"\"PASS: \"\"complete production termwise reconstruction\"\n"
"kernel 2 (localhost):"
"\"PASS: \"\"exact scalar coefficient import\"\n"
"kernel 2 (localhost):"
"\"EXACT_POLYNOMIAL_ACCEPTED \"InputForm[{80, CutIntegral[\"R01\", {1, 1, 0, 0}]}]\" seconds \"22.647551`7.806566239814373\" bytes \"604576\n"
"kernel 2 (localhost):"
"\"PASS: \"\"compressed scalar map below file bound\"\n"
"kernel 2 (localhost):"
"\"PASS: \"\"compressed scalar map exact round trip\"\n"
"kernel 2 (localhost):"
"\"PASS: \"\"master coefficient retains exact reconstruction\"\n"
"kernel 2 (localhost):"
"\"REAL_MASTER_COEFFICIENT \"\"Hgg\"\" \"80\" \"InputForm[CutIntegral[\"R01\", {1, 1, 1, 1}]]\n"
"kernel 2 (localhost):"
"\"EXACT_POLYNOMIAL_BACKEND_START \"InputForm[{80, CutIntegral[\"R01\", {1, 1, 1, 1}]}]\" terms \"2\" bytes \"2234\n"
"kernel 2 (localhost):"
"\"EXACT_POLYNOMIAL_SUM production_sum 2 2 0.001\\nPASS: exact polynomial comparison backend\\n\"\n"
"kernel 2 (localhost):"
"\"\"\n"
"kernel 2 (localhost):"
"\"EXACT_POLYNOMIAL_ACCEPTED \"InputForm[{80, CutIntegral[\"R01\", {1, 1, 1, 1}]}]\" seconds \"0.157048`5.6475774035428525\" bytes \"18656\n"
"kernel 2 (localhost):"
"\"REAL_MASTER_COEFFICIENT \"\"Hgg\"\" \"80\" \"InputForm[CutIntegral[\"R02\", {1, 1, 1, 1}]]\n"
"kernel 2 (localhost):"
"\"EXACT_POLYNOMIAL_BACKEND_START \"InputForm[{80, CutIntegral[\"R02\", {1, 1, 1, 1}]}]\" terms \"6\" bytes \"21424\n"
"kernel 2 (localhost):"
"\"EXACT_POLYNOMIAL_SUM production_sum 6 6 0.003\\nPASS: exact polynomial comparison backend\\n\"\n"
"kernel 2 (localhost):"
"\"\"\n"
"kernel 2 (localhost):"
"\"EXACT_POLYNOMIAL_ACCEPTED \"InputForm[{80, CutIntegral[\"R02\", {1, 1, 1, 1}]}]\" seconds \"0.229842`5.812974385566121\" bytes \"152000\n"
"kernel 2 (localhost):"
"\"REAL_MASTER_COEFFICIENT \"\"Hgg\"\" \"80\" \"InputForm[CutIntegral[\"R03\", {1, 1, 0, 1}]]\n"
"kernel 1 (localhost):"
"\"EXACT_POLYNOMIAL_TRANSFER \"\"production_sum\"\" \"256\"/\"297\n"
"kernel 1 (localhost):"
"\"PASS: \"\"bounded polynomial transfer file\"\n"
"kernel 1 (localhost):"
"\"PASS: \"\"unchanged validated exact backend\"\n"
"kernel 1 (localhost):"
"\"EXACT_POLYNOMIAL_BACKEND_START \"InputForm[{81, CutIntegral[\"R01\", {1, 1, 0, 0}]}]\" terms \"297\" bytes \"6259398\n"
"kernel 2 (localhost):"
"\"EXACT_POLYNOMIAL_TRANSFER \"\"production_sum\"\" \"64\"/\"69\n"
"kernel 2 (localhost):"
"\"EXACT_POLYNOMIAL_BACKEND_START \"InputForm[{80, CutIntegral[\"R03\", {1, 1, 0, 1}]}]\" terms \"69\" bytes \"1020822\n"
"kernel 2 (localhost):"
"\"EXACT_POLYNOMIAL_SUM production_sum 16 69 0.591\\nEXACT_POLYNOMIAL_SUM production_sum 32 69 0.651\\nEXACT_POLYNOMIAL_SUM production_sum 48 69 0.709\\nEXACT_POLYNOMIAL_SUM production_sum 64 69 0.761\\nEXACT_POLYNOMIAL_SUM production_sum 69 69 0.772\\nPASS: exact polynomial comparison backend\\n\"\n"
"kernel 2 (localhost):"
"\"\"\n"
"kernel 2 (localhost):"
"\"EXACT_POLYNOMIAL_ACCEPTED \"InputForm[{80, CutIntegral[\"R03\", {1, 1, 0, 1}]}]\" seconds \"3.493715`6.994832467990727\" bytes \"780840\n"
"kernel 2 (localhost):"
"\"REAL_MASTER_COEFFICIENT \"\"Hgg\"\" \"80\" \"InputForm[CutIntegral[\"R03\", {1, 1, 1, 1}]]\n"
"kernel 2 (localhost):"
"\"EXACT_POLYNOMIAL_BACKEND_START \"InputForm[{80, CutIntegral[\"R03\", {1, 1, 1, 1}]}]\" terms \"2\" bytes \"4772\n"
"kernel 2 (localhost):"
"\"EXACT_POLYNOMIAL_SUM production_sum 2 2 0.003\\nPASS: exact polynomial comparison backend\\n\"\n"
"kernel 2 (localhost):"
"\"\"\n"
"kernel 2 (localhost):"
"\"EXACT_POLYNOMIAL_ACCEPTED \"InputForm[{80, CutIntegral[\"R03\", {1, 1, 1, 1}]}]\" seconds \"0.189836`5.729923567861235\" bytes \"136352\n"
"kernel 2 (localhost):"
"\"REAL_MASTER_COEFFICIENT \"\"Hgg\"\" \"80\" \"InputForm[CutIntegral[\"R04\", {1, 1, 1, 1}]]\n"
"kernel 2 (localhost):"
"\"EXACT_POLYNOMIAL_BACKEND_START \"InputForm[{80, CutIntegral[\"R04\", {1, 1, 1, 1}]}]\" terms \"8\" bytes \"20144\n"
"kernel 2 (localhost):"
"\"EXACT_POLYNOMIAL_SUM production_sum 8 8 0.006\\nPASS: exact polynomial comparison backend\\n\"\n"
"kernel 2 (localhost):"
"\"\"\n"
"kernel 2 (localhost):"
"\"EXACT_POLYNOMIAL_ACCEPTED \"InputForm[{80, CutIntegral[\"R04\", {1, 1, 1, 1}]}]\" seconds \"0.270254`5.883317124114184\" bytes \"261888\n"
"kernel 2 (localhost):"
"\"REAL_MASTER_COEFFICIENT \"\"Hgg\"\" \"80\" \"InputForm[CutIntegral[\"R09\", {1, 1, 1, 1}]]\n"
"kernel 2 (localhost):"
"\"EXACT_POLYNOMIAL_BACKEND_START \"InputForm[{80, CutIntegral[\"R09\", {1, 1, 1, 1}]}]\" terms \"2\" bytes \"7632\n"
"kernel 2 (localhost):"
"\"EXACT_POLYNOMIAL_SUM production_sum 2 2 0.006\\nPASS: exact polynomial comparison backend\\n\"\n"
"kernel 2 (localhost):"
"\"\"\n"
"kernel 2 (localhost):"
"\"EXACT_POLYNOMIAL_ACCEPTED \"InputForm[{80, CutIntegral[\"R09\", {1, 1, 1, 1}]}]\" seconds \"0.20882`5.771317084922336\" bytes \"290944\n"
"kernel 2 (localhost):"
"\"REAL_MASTER_COEFFICIENT \"\"Hgg\"\" \"80\" \"InputForm[CutIntegral[\"R10\", {1, 1, 1, 1}]]\n"
"kernel 2 (localhost):"
"\"EXACT_POLYNOMIAL_BACKEND_START \"InputForm[{80, CutIntegral[\"R10\", {1, 1, 1, 1}]}]\" terms \"6\" bytes \"10044\n"
"kernel 2 (localhost):"
"\"EXACT_POLYNOMIAL_SUM production_sum 6 6 0.002\\nPASS: exact polynomial comparison backend\\n\"\n"
"kernel 2 (localhost):"
"\"\"\n"
"kernel 2 (localhost):"
"\"EXACT_POLYNOMIAL_ACCEPTED \"InputForm[{80, CutIntegral[\"R10\", {1, 1, 1, 1}]}]\" seconds \"0.194648`5.740794939215576\" bytes \"62568\n"
"kernel 2 (localhost):"
"\"PASS: \"\"complete linear reduced coefficient reconstruction\"\n"
"kernel 2 (localhost):"
"\"PASS: \"\"reduced coefficients are scalar rational expressions\"\n"
"kernel 2 (localhost):"
"\"REAL_MAP_ACCEPTED \"\"Hgg\"\" \"80\n"
"kernel 2 (localhost):"
"\"PASS: \"\"complete reduced output accepted before storage projection\"\n"
"kernel 2 (localhost):"
"\"PASS: \"\"exact downstream coefficient interface\"\n"
"kernel 2 (localhost):"
"\"REAL_MAP \"\"Hgg\"\" \"82\"/\"98\" \"<|\"Sector\" -> \"Real\", \"Kind\" -> \"ExtendedResponse\", \"Index\" -> {7, 4, 4}|>\" kernel \"2\n"
"kernel 2 (localhost):"
"\"PASS: \"\"exact saved raw file\"\n"
"kernel 2 (localhost):"
"\"PASS: \"\"raw reader returns complete original record\"\n"
"kernel 2 (localhost):"
"\"PASS: \"\"raw component retains executed reconstruction\"\n"
"kernel 2 (localhost):"
"\"PASS: \"\"known rules end in saved masters\"\n"
"kernel 2 (localhost):"
"\"PASS: \"\"complete linear reduced coefficient reconstruction\"\n"
"kernel 2 (localhost):"
"\"PASS: \"\"reduced coefficients are scalar rational expressions\"\n"
"kernel 2 (localhost):"
"\"PASS: \"\"compressed scalar map below file bound\"\n"
"kernel 2 (localhost):"
"\"PASS: \"\"compressed scalar map exact round trip\"\n"
"kernel 2 (localhost):"
"\"REAL_MAP_ACCEPTED \"\"Hgg\"\" \"82\n"
"kernel 2 (localhost):"
"\"PASS: \"\"complete reduced output accepted before storage projection\"\n"
"kernel 2 (localhost):"
"\"PASS: \"\"exact downstream coefficient interface\"\n"
"kernel 2 (localhost):"
"\"REAL_MAP \"\"Hgg\"\" \"83\"/\"98\" \"<|\"Sector\" -> \"Real\", \"Kind\" -> \"ExtendedResponse\", \"Index\" -> {7, 5, 1}|>\" kernel \"2\n"
"kernel 2 (localhost):"
"\"PASS: \"\"exact saved raw file\"\n"
"kernel 2 (localhost):"
"\"PASS: \"\"raw reader returns complete original record\"\n"
"kernel 2 (localhost):"
"\"PASS: \"\"raw component retains executed reconstruction\"\n"
"kernel 2 (localhost):"
"\"PASS: \"\"known rules end in saved masters\"\n"
"kernel 2 (localhost):"
"\"PASS: \"\"complete linear reduced coefficient reconstruction\"\n"
"kernel 2 (localhost):"
"\"PASS: \"\"reduced coefficients are scalar rational expressions\"\n"
"kernel 2 (localhost):"
"\"PASS: \"\"compressed scalar map below file bound\"\n"
"kernel 2 (localhost):"
"\"PASS: \"\"compressed scalar map exact round trip\"\n"
"kernel 2 (localhost):"
"\"REAL_MAP_ACCEPTED \"\"Hgg\"\" \"83\n"
"kernel 2 (localhost):"
"\"PASS: \"\"complete reduced output accepted before storage projection\"\n"
"kernel 2 (localhost):"
"\"PASS: \"\"exact downstream coefficient interface\"\n"
"kernel 2 (localhost):"
"\"REAL_MAP \"\"Hgg\"\" \"84\"/\"98\" \"<|\"Sector\" -> \"Real\", \"Kind\" -> \"ExtendedResponse\", \"Index\" -> {7, 5, 2}|>\" kernel \"2\n"
"kernel 2 (localhost):"
"\"PASS: \"\"exact saved raw file\"\n"
"kernel 2 (localhost):"
"\"PASS: \"\"raw reader returns complete original record\"\n"
"kernel 2 (localhost):"
"\"PASS: \"\"raw component retains executed reconstruction\"\n"
"kernel 2 (localhost):"
"\"PASS: \"\"known rules end in saved masters\"\n"
"kernel 2 (localhost):"
"\"PASS: \"\"complete linear reduced coefficient reconstruction\"\n"
"kernel 2 (localhost):"
"\"PASS: \"\"reduced coefficients are scalar rational expressions\"\n"
"kernel 2 (localhost):"
"\"PASS: \"\"compressed scalar map below file bound\"\n"
"kernel 2 (localhost):"
"\"PASS: \"\"compressed scalar map exact round trip\"\n"
"kernel 2 (localhost):"
"\"REAL_MAP_ACCEPTED \"\"Hgg\"\" \"84\n"
"kernel 2 (localhost):"
"\"PASS: \"\"complete reduced output accepted before storage projection\"\n"
"kernel 2 (localhost):"
"\"PASS: \"\"exact downstream coefficient interface\"\n"
"kernel 2 (localhost):"
"\"REAL_MAP \"\"Hgg\"\" \"85\"/\"98\" \"<|\"Sector\" -> \"Real\", \"Kind\" -> \"ExtendedResponse\", \"Index\" -> {7, 5, 5}|>\" kernel \"2\n"
"kernel 2 (localhost):"
"\"PASS: \"\"exact saved raw file\"\n"
"kernel 2 (localhost):"
"\"PASS: \"\"raw reader returns complete original record\"\n"
"kernel 2 (localhost):"
"\"PASS: \"\"raw component retains executed reconstruction\"\n"
"kernel 2 (localhost):"
"\"PASS: \"\"known rules end in saved masters\"\n"
"kernel 2 (localhost):"
"\"PASS: \"\"complete linear reduced coefficient reconstruction\"\n"
"kernel 2 (localhost):"
"\"PASS: \"\"reduced coefficients are scalar rational expressions\"\n"
"kernel 2 (localhost):"
"\"PASS: \"\"compressed scalar map below file bound\"\n"
"kernel 2 (localhost):"
"\"PASS: \"\"compressed scalar map exact round trip\"\n"
"kernel 2 (localhost):"
"\"REAL_MAP_ACCEPTED \"\"Hgg\"\" \"85\n"
"kernel 2 (localhost):"
"\"PASS: \"\"complete reduced output accepted before storage projection\"\n"
"kernel 2 (localhost):"
"\"PASS: \"\"exact downstream coefficient interface\"\n"
"kernel 2 (localhost):"
"\"REAL_MAP \"\"Hgg\"\" \"86\"/\"98\" \"<|\"Sector\" -> \"Real\", \"Kind\" -> \"ExtendedResponse\", \"Index\" -> {8, 1, 4}|>\" kernel \"2\n"
"kernel 2 (localhost):"
"\"PASS: \"\"exact saved raw file\"\n"
"kernel 1 (localhost):"
"\"EXACT_POLYNOMIAL_SUM production_sum 16 297 2.773\\nEXACT_POLYNOMIAL_SUM production_sum 32 297 3.043\\nEXACT_POLYNOMIAL_SUM production_sum 48 297 3.274\\nEXACT_POLYNOMIAL_SUM production_sum 64 297 3.501\\nEXACT_POLYNOMIAL_SUM production_sum 80 297 3.771\\nEXACT_POLYNOMIAL_SUM production_sum 96 297 4.026\\nEXACT_POLYNOMIAL_SUM production_sum 112 297 4.292\\nEXACT_POLYNOMIAL_SUM production_sum 128 297 4.591\\nEXACT_POLYNOMIAL_SUM production_sum 144 297 4.915\\nEXACT_POLYNOMIAL_SUM production_sum 160 297 5.227\\nEXACT_POLYNOMIAL_SUM production_sum 176 297 5.564\\nEXACT_POLYNOMIAL_SUM production_sum 192 297 5.896\\nEXACT_POLYNOMIAL_SUM production_sum 208 297 6.275\\nEXACT_POLYNOMIAL_SUM production_sum 224 297 6.598\\nEXACT_POLYNOMIAL_SUM production_sum 240 297 6.856\\nEXACT_POLYNOMIAL_SUM production_sum 256 297 7.106\\nEXACT_POLYNOMIAL_SUM production_sum 272 297 7.34\\nEXACT_POLYNOMIAL_SUM production_sum 288 297 7.65\\nEXACT_POLYNOMIAL_SUM production_sum 297 297 7.789\\nPASS: exact polynomial comparison backend\\n\"\n"
"kernel 1 (localhost):"
"\"\"\n"
"kernel 1 (localhost):"
"\"PASS: \"\"exact production backend completed\"\n"
"kernel 1 (localhost):"
"\"PASS: \"\"exact production backend input and source\"\n"
"kernel 1 (localhost):"
"\"PASS: \"\"complete production termwise reconstruction\"\n"
"kernel 1 (localhost):"
"\"PASS: \"\"exact scalar coefficient import\"\n"
"kernel 1 (localhost):"
"\"EXACT_POLYNOMIAL_ACCEPTED \"InputForm[{81, CutIntegral[\"R01\", {1, 1, 0, 0}]}]\" seconds \"20.227617`7.75748971538147\" bytes \"429856\n"
"kernel 1 (localhost):"
"\"PASS: \"\"compressed scalar map below file bound\"\n"
"kernel 1 (localhost):"
"\"PASS: \"\"compressed scalar map exact round trip\"\n"
"kernel 1 (localhost):"
"\"PASS: \"\"master coefficient retains exact reconstruction\"\n"
"kernel 1 (localhost):"
"\"REAL_MASTER_COEFFICIENT \"\"Hgg\"\" \"81\" \"InputForm[CutIntegral[\"R01\", {1, 1, 1, 1}]]\n"
"kernel 1 (localhost):"
"\"EXACT_POLYNOMIAL_BACKEND_START \"InputForm[{81, CutIntegral[\"R01\", {1, 1, 1, 1}]}]\" terms \"2\" bytes \"2234\n"
"kernel 1 (localhost):"
"\"EXACT_POLYNOMIAL_SUM production_sum 2 2 0.001\\nPASS: exact polynomial comparison backend\\n\"\n"
"kernel 1 (localhost):"
"\"\"\n"
"kernel 1 (localhost):"
"\"EXACT_POLYNOMIAL_ACCEPTED \"InputForm[{81, CutIntegral[\"R01\", {1, 1, 1, 1}]}]\" seconds \"0.183039`5.71408862792715\" bytes \"18480\n"
"kernel 1 (localhost):"
"\"REAL_MASTER_COEFFICIENT \"\"Hgg\"\" \"81\" \"InputForm[CutIntegral[\"R02\", {1, 1, 1, 1}]]\n"
"kernel 1 (localhost):"
"\"EXACT_POLYNOMIAL_BACKEND_START \"InputForm[{81, CutIntegral[\"R02\", {1, 1, 1, 1}]}]\" terms \"6\" bytes \"21364\n"
"kernel 1 (localhost):"
"\"EXACT_POLYNOMIAL_SUM production_sum 6 6 0.006\\nPASS: exact polynomial comparison backend\\n\"\n"
"kernel 1 (localhost):"
"\"\"\n"
"kernel 1 (localhost):"
"\"EXACT_POLYNOMIAL_ACCEPTED \"InputForm[{81, CutIntegral[\"R02\", {1, 1, 1, 1}]}]\" seconds \"0.222426`5.798730545275361\" bytes \"154864\n"
"kernel 1 (localhost):"
"\"REAL_MASTER_COEFFICIENT \"\"Hgg\"\" \"81\" \"InputForm[CutIntegral[\"R03\", {1, 1, 0, 1}]]\n"
"kernel 2 (localhost):"
"\"PASS: \"\"raw reader returns complete original record\"\n"
"kernel 2 (localhost):"
"\"PASS: \"\"raw component retains executed reconstruction\"\n"
"kernel 2 (localhost):"
"\"PASS: \"\"known rules end in saved masters\"\n"
"kernel 2 (localhost):"
"\"PASS: \"\"exact individual reduction-rule reconstruction\"\n"
"kernel 2 (localhost):"
"\"REAL_MASTER_COEFFICIENT \"\"Hgg\"\" \"86\" \"InputForm[CutIntegral[\"R01\", {1, 1, 0, 0}]]\n"
"kernel 2 (localhost):"
"\"PASS: \"\"exact polynomial transfer supports rational coefficients\"\n"
"kernel 2 (localhost):"
"\"PASS: \"\"unassigned exact polynomial variables\"\n"
"kernel 2 (localhost):"
"\"PASS: \"\"native JSON header shape\"\n"
"kernel 2 (localhost):"
"\"PASS: \"\"complete polynomial variable support\"\n"
"kernel 2 (localhost):"
"\"PASS: \"\"exported polynomial denominator reconstructs\"\n"
"kernel 2 (localhost):"
"\"PASS: \"\"native polynomial text reconstructs\"\n"
"kernel 2 (localhost):"
"\"PASS: \"\"native JSON term reconstructs\"\n"
"kernel 1 (localhost):"
"\"EXACT_POLYNOMIAL_TRANSFER \"\"production_sum\"\" \"64\"/\"69\n"
"kernel 1 (localhost):"
"\"EXACT_POLYNOMIAL_BACKEND_START \"InputForm[{81, CutIntegral[\"R03\", {1, 1, 0, 1}]}]\" terms \"69\" bytes \"1002512\n"
"kernel 1 (localhost):"
"\"EXACT_POLYNOMIAL_SUM production_sum 16 69 0.552\\nEXACT_POLYNOMIAL_SUM production_sum 32 69 0.606\\nEXACT_POLYNOMIAL_SUM production_sum 48 69 0.65\\nEXACT_POLYNOMIAL_SUM production_sum 64 69 0.701\\nEXACT_POLYNOMIAL_SUM production_sum 69 69 0.712\\nPASS: exact polynomial comparison backend\\n\"\n"
"kernel 1 (localhost):"
"\"\"\n"
"kernel 1 (localhost):"
"\"EXACT_POLYNOMIAL_ACCEPTED \"InputForm[{81, CutIntegral[\"R03\", {1, 1, 0, 1}]}]\" seconds \"3.530721`6.999408394166488\" bytes \"583560\n"
"kernel 1 (localhost):"
"\"REAL_MASTER_COEFFICIENT \"\"Hgg\"\" \"81\" \"InputForm[CutIntegral[\"R03\", {1, 1, 1, 1}]]\n"
"kernel 1 (localhost):"
"\"EXACT_POLYNOMIAL_BACKEND_START \"InputForm[{81, CutIntegral[\"R03\", {1, 1, 1, 1}]}]\" terms \"2\" bytes \"7580\n"
"kernel 1 (localhost):"
"\"EXACT_POLYNOMIAL_SUM production_sum 2 2 0.005\\nPASS: exact polynomial comparison backend\\n\"\n"
"kernel 1 (localhost):"
"\"\"\n"
"kernel 1 (localhost):"
"\"EXACT_POLYNOMIAL_ACCEPTED \"InputForm[{81, CutIntegral[\"R03\", {1, 1, 1, 1}]}]\" seconds \"0.196555`5.7450290894505525\" bytes \"217704\n"
"kernel 1 (localhost):"
"\"REAL_MASTER_COEFFICIENT \"\"Hgg\"\" \"81\" \"InputForm[CutIntegral[\"R04\", {1, 1, 1, 1}]]\n"
"kernel 1 (localhost):"
"\"EXACT_POLYNOMIAL_BACKEND_START \"InputForm[{81, CutIntegral[\"R04\", {1, 1, 1, 1}]}]\" terms \"6\" bytes \"10214\n"
"kernel 1 (localhost):"
"\"EXACT_POLYNOMIAL_SUM production_sum 6 6 0.002\\nPASS: exact polynomial comparison backend\\n\"\n"
"kernel 1 (localhost):"
"\"\"\n"
"kernel 1 (localhost):"
"\"EXACT_POLYNOMIAL_ACCEPTED \"InputForm[{81, CutIntegral[\"R04\", {1, 1, 1, 1}]}]\" seconds \"0.20615`5.765728332633351\" bytes \"105224\n"
"kernel 1 (localhost):"
"\"REAL_MASTER_COEFFICIENT \"\"Hgg\"\" \"81\" \"InputForm[CutIntegral[\"R09\", {1, 1, 1, 1}]]\n"
"kernel 1 (localhost):"
"\"EXACT_POLYNOMIAL_BACKEND_START \"InputForm[{81, CutIntegral[\"R09\", {1, 1, 1, 1}]}]\" terms \"2\" bytes \"4936\n"
"kernel 1 (localhost):"
"\"EXACT_POLYNOMIAL_SUM production_sum 2 2 0.006\\nPASS: exact polynomial comparison backend\\n\"\n"
"kernel 1 (localhost):"
"\"\"\n"
"kernel 1 (localhost):"
"\"EXACT_POLYNOMIAL_ACCEPTED \"InputForm[{81, CutIntegral[\"R09\", {1, 1, 1, 1}]}]\" seconds \"0.182661`5.713190824412667\" bytes \"207376\n"
"kernel 1 (localhost):"
"\"REAL_MASTER_COEFFICIENT \"\"Hgg\"\" \"81\" \"InputForm[CutIntegral[\"R10\", {1, 1, 1, 1}]]\n"
"kernel 1 (localhost):"
"\"EXACT_POLYNOMIAL_BACKEND_START \"InputForm[{81, CutIntegral[\"R10\", {1, 1, 1, 1}]}]\" terms \"8\" bytes \"19918\n"
"kernel 1 (localhost):"
"\"EXACT_POLYNOMIAL_SUM production_sum 8 8 0.007\\nPASS: exact polynomial comparison backend\\n\"\n"
"kernel 1 (localhost):"
"\"\"\n"
"kernel 1 (localhost):"
"\"EXACT_POLYNOMIAL_ACCEPTED \"InputForm[{81, CutIntegral[\"R10\", {1, 1, 1, 1}]}]\" seconds \"0.25825`5.863585323687632\" bytes \"177608\n"
"kernel 1 (localhost):"
"\"PASS: \"\"complete linear reduced coefficient reconstruction\"\n"
"kernel 1 (localhost):"
"\"PASS: \"\"reduced coefficients are scalar rational expressions\"\n"
"kernel 2 (localhost):"
"\"EXACT_POLYNOMIAL_TRANSFER \"\"production_sum\"\" \"64\"/\"297\n"
"kernel 1 (localhost):"
"\"REAL_MAP_ACCEPTED \"\"Hgg\"\" \"81\n"
"kernel 1 (localhost):"
"\"PASS: \"\"complete reduced output accepted before storage projection\"\n"
"kernel 1 (localhost):"
"\"PASS: \"\"exact downstream coefficient interface\"\n"
"kernel 1 (localhost):"
"\"REAL_MAP \"\"Hgg\"\" \"87\"/\"98\" \"<|\"Sector\" -> \"Real\", \"Kind\" -> \"ExtendedResponse\", \"Index\" -> {8, 2, 4}|>\" kernel \"1\n"
"kernel 1 (localhost):"
"\"PASS: \"\"exact saved raw file\"\n"
"kernel 1 (localhost):"
"\"PASS: \"\"raw reader returns complete original record\"\n"
"kernel 1 (localhost):"
"\"PASS: \"\"raw component retains executed reconstruction\"\n"
"kernel 1 (localhost):"
"\"PASS: \"\"known rules end in saved masters\"\n"
"kernel 1 (localhost):"
"\"PASS: \"\"exact individual reduction-rule reconstruction\"\n"
"kernel 1 (localhost):"
"\"REAL_MASTER_COEFFICIENT \"\"Hgg\"\" \"87\" \"InputForm[CutIntegral[\"R01\", {1, 1, 0, 0}]]\n"
"kernel 1 (localhost):"
"\"PASS: \"\"exact polynomial transfer supports rational coefficients\"\n"
"kernel 1 (localhost):"
"\"PASS: \"\"unassigned exact polynomial variables\"\n"
"kernel 1 (localhost):"
"\"PASS: \"\"native JSON header shape\"\n"
"kernel 1 (localhost):"
"\"PASS: \"\"complete polynomial variable support\"\n"
"kernel 1 (localhost):"
"\"PASS: \"\"exported polynomial denominator reconstructs\"\n"
"kernel 1 (localhost):"
"\"PASS: \"\"native polynomial text reconstructs\"\n"
"kernel 1 (localhost):"
"\"PASS: \"\"native JSON term reconstructs\"\n"
"kernel 2 (localhost):"
"\"EXACT_POLYNOMIAL_TRANSFER \"\"production_sum\"\" \"128\"/\"297\n"
"kernel 1 (localhost):"
"\"EXACT_POLYNOMIAL_TRANSFER \"\"production_sum\"\" \"64\"/\"297\n"
"kernel 2 (localhost):"
"\"EXACT_POLYNOMIAL_TRANSFER \"\"production_sum\"\" \"192\"/\"297\n"
"kernel 1 (localhost):"
"\"EXACT_POLYNOMIAL_TRANSFER \"\"production_sum\"\" \"128\"/\"297\n"
"kernel 2 (localhost):"
"\"EXACT_POLYNOMIAL_TRANSFER \"\"production_sum\"\" \"256\"/\"297\n"
"kernel 2 (localhost):"
"\"PASS: \"\"bounded polynomial transfer file\"\n"
"kernel 2 (localhost):"
"\"PASS: \"\"unchanged validated exact backend\"\n"
"kernel 2 (localhost):"
"\"EXACT_POLYNOMIAL_BACKEND_START \"InputForm[{86, CutIntegral[\"R01\", {1, 1, 0, 0}]}]\" terms \"297\" bytes \"16231034\n"
"kernel 1 (localhost):"
"\"EXACT_POLYNOMIAL_TRANSFER \"\"production_sum\"\" \"192\"/\"297\n"
"kernel 1 (localhost):"
"\"EXACT_POLYNOMIAL_TRANSFER \"\"production_sum\"\" \"256\"/\"297\n"
"kernel 1 (localhost):"
"\"PASS: \"\"bounded polynomial transfer file\"\n"
"kernel 1 (localhost):"
"\"PASS: \"\"unchanged validated exact backend\"\n"
"kernel 1 (localhost):"
"\"EXACT_POLYNOMIAL_BACKEND_START \"InputForm[{87, CutIntegral[\"R01\", {1, 1, 0, 0}]}]\" terms \"297\" bytes \"17240917\n"
"kernel 2 (localhost):"
"\"EXACT_POLYNOMIAL_SUM production_sum 16 297 7.161\\nEXACT_POLYNOMIAL_SUM production_sum 32 297 8.498\\nEXACT_POLYNOMIAL_SUM production_sum 48 297 9.771\\nEXACT_POLYNOMIAL_SUM production_sum 64 297 11.016\\nEXACT_POLYNOMIAL_SUM production_sum 80 297 12.169\\nEXACT_POLYNOMIAL_SUM production_sum 96 297 13.971\\nEXACT_POLYNOMIAL_SUM production_sum 112 297 15.688\\nEXACT_POLYNOMIAL_SUM production_sum 128 297 17.349\\nEXACT_POLYNOMIAL_SUM production_sum 144 297 19.064\\nEXACT_POLYNOMIAL_SUM production_sum 160 297 20.85\\nEXACT_POLYNOMIAL_SUM production_sum 176 297 22.562\\nEXACT_POLYNOMIAL_SUM production_sum 192 297 24.146\\nEXACT_POLYNOMIAL_SUM production_sum 208 297 25.772\\nEXACT_POLYNOMIAL_SUM production_sum 224 297 27.521\\nEXACT_POLYNOMIAL_SUM production_sum 240 297 28.61\\nEXACT_POLYNOMIAL_SUM production_sum 256 297 29.727\\nEXACT_POLYNOMIAL_SUM production_sum 272 297 30.742\\nEXACT_POLYNOMIAL_SUM production_sum 288 297 31.637\\nEXACT_POLYNOMIAL_SUM production_sum 297 297 32.167\\nPASS: exact polynomial comparison backend\\n\"\n"
"kernel 2 (localhost):"
"\"\"\n"
"kernel 2 (localhost):"
"\"PASS: \"\"exact production backend completed\"\n"
"kernel 2 (localhost):"
"\"PASS: \"\"exact production backend input and source\"\n"
"kernel 2 (localhost):"
"\"PASS: \"\"complete production termwise reconstruction\"\n"
"kernel 2 (localhost):"
"\"PASS: \"\"exact scalar coefficient import\"\n"
"kernel 2 (localhost):"
"\"EXACT_POLYNOMIAL_ACCEPTED \"InputForm[{86, CutIntegral[\"R01\", {1, 1, 0, 0}]}]\" seconds \"61.829308`8.242739379353361\" bytes \"1945312\n"
"kernel 2 (localhost):"
"\"PASS: \"\"compressed scalar map below file bound\"\n"
"kernel 2 (localhost):"
"\"PASS: \"\"compressed scalar map exact round trip\"\n"
"kernel 2 (localhost):"
"\"PASS: \"\"master coefficient retains exact reconstruction\"\n"
"kernel 2 (localhost):"
"\"REAL_MASTER_COEFFICIENT \"\"Hgg\"\" \"86\" \"InputForm[CutIntegral[\"R01\", {1, 1, 1, 1}]]\n"
"kernel 2 (localhost):"
"\"EXACT_POLYNOMIAL_BACKEND_START \"InputForm[{86, CutIntegral[\"R01\", {1, 1, 1, 1}]}]\" terms \"2\" bytes \"6598\n"
"kernel 2 (localhost):"
"\"EXACT_POLYNOMIAL_SUM production_sum 2 2 0.002\\nPASS: exact polynomial comparison backend\\n\"\n"
"kernel 2 (localhost):"
"\"\"\n"
"kernel 2 (localhost):"
"\"EXACT_POLYNOMIAL_ACCEPTED \"InputForm[{86, CutIntegral[\"R01\", {1, 1, 1, 1}]}]\" seconds \"0.195791`5.743337718040868\" bytes \"38880\n"
"kernel 2 (localhost):"
"\"REAL_MASTER_COEFFICIENT \"\"Hgg\"\" \"86\" \"InputForm[CutIntegral[\"R02\", {1, 1, 1, 1}]]\n"
"kernel 2 (localhost):"
"\"EXACT_POLYNOMIAL_BACKEND_START \"InputForm[{86, CutIntegral[\"R02\", {1, 1, 1, 1}]}]\" terms \"6\" bytes \"50288\n"
"kernel 2 (localhost):"
"\"EXACT_POLYNOMIAL_SUM production_sum 6 6 0.008\\nPASS: exact polynomial comparison backend\\n\"\n"
"kernel 2 (localhost):"
"\"\"\n"
"kernel 2 (localhost):"
"\"EXACT_POLYNOMIAL_ACCEPTED \"InputForm[{86, CutIntegral[\"R02\", {1, 1, 1, 1}]}]\" seconds \"0.286578`5.908787840948327\" bytes \"363320\n"
"kernel 2 (localhost):"
"\"REAL_MASTER_COEFFICIENT \"\"Hgg\"\" \"86\" \"InputForm[CutIntegral[\"R03\", {1, 1, 0, 1}]]\n"
"kernel 2 (localhost):"
"\"EXACT_POLYNOMIAL_TRANSFER \"\"production_sum\"\" \"64\"/\"69\n"
"kernel 2 (localhost):"
"\"EXACT_POLYNOMIAL_BACKEND_START \"InputForm[{86, CutIntegral[\"R03\", {1, 1, 0, 1}]}]\" terms \"69\" bytes \"2757943\n"
"kernel 2 (localhost):"
"\"EXACT_POLYNOMIAL_SUM production_sum 16 69 1.588\\nEXACT_POLYNOMIAL_SUM production_sum 32 69 1.793\\nEXACT_POLYNOMIAL_SUM production_sum 48 69 1.965\\nEXACT_POLYNOMIAL_SUM production_sum 64 69 2.141\\nEXACT_POLYNOMIAL_SUM production_sum 69 69 2.198\\nPASS: exact polynomial comparison backend\\n\"\n"
"kernel 2 (localhost):"
"\"\"\n"
"kernel 2 (localhost):"
"\"EXACT_POLYNOMIAL_ACCEPTED \"InputForm[{86, CutIntegral[\"R03\", {1, 1, 0, 1}]}]\" seconds \"7.970831`7.353048594678915\" bytes \"1773888\n"
"kernel 2 (localhost):"
"\"REAL_MASTER_COEFFICIENT \"\"Hgg\"\" \"86\" \"InputForm[CutIntegral[\"R03\", {1, 1, 1, 1}]]\n"
"kernel 2 (localhost):"
"\"EXACT_POLYNOMIAL_BACKEND_START \"InputForm[{86, CutIntegral[\"R03\", {1, 1, 1, 1}]}]\" terms \"2\" bytes \"10544\n"
"kernel 2 (localhost):"
"\"EXACT_POLYNOMIAL_SUM production_sum 2 2 0.007\\nPASS: exact polynomial comparison backend\\n\"\n"
"kernel 2 (localhost):"
"\"\"\n"
"kernel 2 (localhost):"
"\"EXACT_POLYNOMIAL_ACCEPTED \"InputForm[{86, CutIntegral[\"R03\", {1, 1, 1, 1}]}]\" seconds \"0.22284`5.799538143283379\" bytes \"328392\n"
"kernel 2 (localhost):"
"\"REAL_MASTER_COEFFICIENT \"\"Hgg\"\" \"86\" \"InputForm[CutIntegral[\"R04\", {1, 1, 1, 1}]]\n"
"kernel 2 (localhost):"
"\"EXACT_POLYNOMIAL_BACKEND_START \"InputForm[{86, CutIntegral[\"R04\", {1, 1, 1, 1}]}]\" terms \"8\" bytes \"48688\n"
"kernel 2 (localhost):"
"\"EXACT_POLYNOMIAL_SUM production_sum 8 8 0.008\\nPASS: exact polynomial comparison backend\\n\"\n"
"kernel 2 (localhost):"
"\"\"\n"
"kernel 2 (localhost):"
"\"EXACT_POLYNOMIAL_ACCEPTED \"InputForm[{86, CutIntegral[\"R04\", {1, 1, 1, 1}]}]\" seconds \"0.328672`5.968307701035301\" bytes \"394536\n"
"kernel 2 (localhost):"
"\"REAL_MASTER_COEFFICIENT \"\"Hgg\"\" \"86\" \"InputForm[CutIntegral[\"R09\", {1, 1, 1, 1}]]\n"
"kernel 2 (localhost):"
"\"EXACT_POLYNOMIAL_BACKEND_START \"InputForm[{86, CutIntegral[\"R09\", {1, 1, 1, 1}]}]\" terms \"2\" bytes \"17694\n"
"kernel 2 (localhost):"
"\"EXACT_POLYNOMIAL_SUM production_sum 2 2 0.011\\nPASS: exact polynomial comparison backend\\n\"\n"
"kernel 2 (localhost):"
"\"\"\n"
"kernel 2 (localhost):"
"\"EXACT_POLYNOMIAL_ACCEPTED \"InputForm[{86, CutIntegral[\"R09\", {1, 1, 1, 1}]}]\" seconds \"0.257945`5.8630721074325525\" bytes \"492664\n"
"kernel 1 (localhost):"
"\"EXACT_POLYNOMIAL_SUM production_sum 16 297 7.43\\nEXACT_POLYNOMIAL_SUM production_sum 32 297 8.638\\nEXACT_POLYNOMIAL_SUM production_sum 48 297 9.832\\nEXACT_POLYNOMIAL_SUM production_sum 64 297 10.746\\nEXACT_POLYNOMIAL_SUM production_sum 80 297 12.24\\nEXACT_POLYNOMIAL_SUM production_sum 96 297 14.068\\nEXACT_POLYNOMIAL_SUM production_sum 112 297 15.674\\nEXACT_POLYNOMIAL_SUM production_sum 128 297 17.202\\nEXACT_POLYNOMIAL_SUM production_sum 144 297 18.698\\nEXACT_POLYNOMIAL_SUM production_sum 160 297 20.331\\nEXACT_POLYNOMIAL_SUM production_sum 176 297 22.223\\nEXACT_POLYNOMIAL_SUM production_sum 192 297 23.822\\nEXACT_POLYNOMIAL_SUM production_sum 208 297 25.449\\nEXACT_POLYNOMIAL_SUM production_sum 224 297 27.18\\nEXACT_POLYNOMIAL_SUM production_sum 240 297 28.569\\nEXACT_POLYNOMIAL_SUM production_sum 256 297 29.628\\nEXACT_POLYNOMIAL_SUM production_sum 272 297 30.703\\nEXACT_POLYNOMIAL_SUM production_sum 288 297 31.751\\nEXACT_POLYNOMIAL_SUM production_sum 297 297 32.13\\nPASS: exact polynomial comparison backend\\n\"\n"
"kernel 1 (localhost):"
"\"\"\n"
"kernel 1 (localhost):"
"\"PASS: \"\"exact production backend completed\"\n"
"kernel 2 (localhost):"
"\"REAL_MASTER_COEFFICIENT \"\"Hgg\"\" \"86\" \"InputForm[CutIntegral[\"R10\", {1, 1, 1, 1}]]\n"
"kernel 1 (localhost):"
"\"PASS: \"\"exact production backend input and source\"\n"
"kernel 1 (localhost):"
"\"PASS: \"\"complete production termwise reconstruction\"\n"
"kernel 1 (localhost):"
"\"PASS: \"\"exact scalar coefficient import\"\n"
"kernel 2 (localhost):"
"\"EXACT_POLYNOMIAL_BACKEND_START \"InputForm[{86, CutIntegral[\"R10\", {1, 1, 1, 1}]}]\" terms \"6\" bytes \"28678\n"
"kernel 1 (localhost):"
"\"EXACT_POLYNOMIAL_ACCEPTED \"InputForm[{87, CutIntegral[\"R01\", {1, 1, 0, 0}]}]\" seconds \"63.334604`8.253186052960496\" bytes \"1027456\n"
"kernel 1 (localhost):"
"\"PASS: \"\"compressed scalar map below file bound\"\n"
"kernel 1 (localhost):"
"\"PASS: \"\"compressed scalar map exact round trip\"\n"
"kernel 1 (localhost):"
"\"PASS: \"\"master coefficient retains exact reconstruction\"\n"
"kernel 1 (localhost):"
"\"REAL_MASTER_COEFFICIENT \"\"Hgg\"\" \"87\" \"InputForm[CutIntegral[\"R01\", {1, 1, 1, 1}]]\n"
"kernel 2 (localhost):"
"\"EXACT_POLYNOMIAL_SUM production_sum 6 6 0.004\\nPASS: exact polynomial comparison backend\\n\"\n"
"kernel 1 (localhost):"
"\"EXACT_POLYNOMIAL_BACKEND_START \"InputForm[{87, CutIntegral[\"R01\", {1, 1, 1, 1}]}]\" terms \"2\" bytes \"6428\n"
"kernel 2 (localhost):"
"\"\"\n"
"kernel 2 (localhost):"
"\"EXACT_POLYNOMIAL_ACCEPTED \"InputForm[{86, CutIntegral[\"R10\", {1, 1, 1, 1}]}]\" seconds \"0.262062`5.869949044634225\" bytes \"185056\n"
"kernel 2 (localhost):"
"\"PASS: \"\"complete linear reduced coefficient reconstruction\"\n"
"kernel 2 (localhost):"
"\"PASS: \"\"reduced coefficients are scalar rational expressions\"\n"
"kernel 1 (localhost):"
"\"EXACT_POLYNOMIAL_SUM production_sum 2 2 0.002\\nPASS: exact polynomial comparison backend\\n\"\n"
"kernel 1 (localhost):"
"\"\"\n"
"kernel 1 (localhost):"
"\"EXACT_POLYNOMIAL_ACCEPTED \"InputForm[{87, CutIntegral[\"R01\", {1, 1, 1, 1}]}]\" seconds \"0.184281`5.717025553780019\" bytes \"37912\n"
"kernel 1 (localhost):"
"\"REAL_MASTER_COEFFICIENT \"\"Hgg\"\" \"87\" \"InputForm[CutIntegral[\"R02\", {1, 1, 1, 1}]]\n"
"kernel 1 (localhost):"
"\"EXACT_POLYNOMIAL_BACKEND_START \"InputForm[{87, CutIntegral[\"R02\", {1, 1, 1, 1}]}]\" terms \"6\" bytes \"43060\n"
"kernel 1 (localhost):"
"\"EXACT_POLYNOMIAL_SUM production_sum 6 6 0.012\\nPASS: exact polynomial comparison backend\\n\"\n"
"kernel 1 (localhost):"
"\"\"\n"
"kernel 1 (localhost):"
"\"EXACT_POLYNOMIAL_ACCEPTED \"InputForm[{87, CutIntegral[\"R02\", {1, 1, 1, 1}]}]\" seconds \"0.275677`5.891945527502515\" bytes \"316232\n"
"kernel 1 (localhost):"
"\"REAL_MASTER_COEFFICIENT \"\"Hgg\"\" \"87\" \"InputForm[CutIntegral[\"R03\", {1, 1, 0, 1}]]\n"
"kernel 1 (localhost):"
"\"EXACT_POLYNOMIAL_TRANSFER \"\"production_sum\"\" \"64\"/\"69\n"
"kernel 1 (localhost):"
"\"EXACT_POLYNOMIAL_BACKEND_START \"InputForm[{87, CutIntegral[\"R03\", {1, 1, 0, 1}]}]\" terms \"69\" bytes \"2555852\n"
"kernel 2 (localhost):"
"\"REAL_MAP_ACCEPTED \"\"Hgg\"\" \"86\n"
"kernel 2 (localhost):"
"\"PASS: \"\"complete reduced output accepted before storage projection\"\n"
"kernel 2 (localhost):"
"\"PASS: \"\"exact downstream coefficient interface\"\n"
"kernel 2 (localhost):"
"\"REAL_MAP \"\"Hgg\"\" \"88\"/\"98\" \"<|\"Sector\" -> \"Real\", \"Kind\" -> \"ExtendedResponse\", \"Index\" -> {8, 4, 1}|>\" kernel \"2\n"
"kernel 2 (localhost):"
"\"PASS: \"\"exact saved raw file\"\n"
"kernel 2 (localhost):"
"\"PASS: \"\"raw reader returns complete original record\"\n"
"kernel 2 (localhost):"
"\"PASS: \"\"raw component retains executed reconstruction\"\n"
"kernel 2 (localhost):"
"\"PASS: \"\"known rules end in saved masters\"\n"
"kernel 2 (localhost):"
"\"PASS: \"\"exact individual reduction-rule reconstruction\"\n"
"kernel 2 (localhost):"
"\"REAL_MASTER_COEFFICIENT \"\"Hgg\"\" \"88\" \"InputForm[CutIntegral[\"R01\", {1, 1, 0, 0}]]\n"
"kernel 1 (localhost):"
"\"EXACT_POLYNOMIAL_SUM production_sum 16 69 1.502\\nEXACT_POLYNOMIAL_SUM production_sum 32 69 1.67\\nEXACT_POLYNOMIAL_SUM production_sum 48 69 1.865\\nEXACT_POLYNOMIAL_SUM production_sum 64 69 2.038\\nEXACT_POLYNOMIAL_SUM production_sum 69 69 2.09\\nPASS: exact polynomial comparison backend\\n\"\n"
"kernel 1 (localhost):"
"\"\"\n"
"kernel 1 (localhost):"
"\"EXACT_POLYNOMIAL_ACCEPTED \"InputForm[{87, CutIntegral[\"R03\", {1, 1, 0, 1}]}]\" seconds \"7.69254`7.337614756684447\" bytes \"993496\n"
"kernel 1 (localhost):"
"\"REAL_MASTER_COEFFICIENT \"\"Hgg\"\" \"87\" \"InputForm[CutIntegral[\"R03\", {1, 1, 1, 1}]]\n"
"kernel 1 (localhost):"
"\"EXACT_POLYNOMIAL_BACKEND_START \"InputForm[{87, CutIntegral[\"R03\", {1, 1, 1, 1}]}]\" terms \"2\" bytes \"8900\n"
"kernel 1 (localhost):"
"\"EXACT_POLYNOMIAL_SUM production_sum 2 2 0.007\\nPASS: exact polynomial comparison backend\\n\"\n"
"kernel 1 (localhost):"
"\"\"\n"
"kernel 1 (localhost):"
"\"EXACT_POLYNOMIAL_ACCEPTED \"InputForm[{87, CutIntegral[\"R03\", {1, 1, 1, 1}]}]\" seconds \"0.205416`5.7641792615843155\" bytes \"288776\n"
"kernel 2 (localhost):"
"\"PASS: \"\"exact polynomial transfer supports rational coefficients\"\n"
"kernel 2 (localhost):"
"\"PASS: \"\"unassigned exact polynomial variables\"\n"
"kernel 2 (localhost):"
"\"PASS: \"\"native JSON header shape\"\n"
"kernel 1 (localhost):"
"\"REAL_MASTER_COEFFICIENT \"\"Hgg\"\" \"87\" \"InputForm[CutIntegral[\"R04\", {1, 1, 1, 1}]]\n"
"kernel 2 (localhost):"
"\"PASS: \"\"complete polynomial variable support\"\n"
"kernel 2 (localhost):"
"\"PASS: \"\"exported polynomial denominator reconstructs\"\n"
"kernel 2 (localhost):"
"\"PASS: \"\"native polynomial text reconstructs\"\n"
"kernel 2 (localhost):"
"\"PASS: \"\"native JSON term reconstructs\"\n"
"kernel 1 (localhost):"
"\"EXACT_POLYNOMIAL_BACKEND_START \"InputForm[{87, CutIntegral[\"R04\", {1, 1, 1, 1}]}]\" terms \"8\" bytes \"42778\n"
"kernel 1 (localhost):"
"\"EXACT_POLYNOMIAL_SUM production_sum 8 8 0.009\\nPASS: exact polynomial comparison backend\\n\"\n"
"kernel 1 (localhost):"
"\"\"\n"
"kernel 1 (localhost):"
"\"EXACT_POLYNOMIAL_ACCEPTED \"InputForm[{87, CutIntegral[\"R04\", {1, 1, 1, 1}]}]\" seconds \"0.309648`5.9424132727656085\" bytes \"350288\n"
"kernel 1 (localhost):"
"\"REAL_MASTER_COEFFICIENT \"\"Hgg\"\" \"87\" \"InputForm[CutIntegral[\"R09\", {1, 1, 1, 1}]]\n"
"kernel 1 (localhost):"
"\"EXACT_POLYNOMIAL_BACKEND_START \"InputForm[{87, CutIntegral[\"R09\", {1, 1, 1, 1}]}]\" terms \"2\" bytes \"16682\n"
"kernel 1 (localhost):"
"\"EXACT_POLYNOMIAL_SUM production_sum 2 2 0.009\\nPASS: exact polynomial comparison backend\\n\"\n"
"kernel 1 (localhost):"
"\"\"\n"
"kernel 1 (localhost):"
"\"EXACT_POLYNOMIAL_ACCEPTED \"InputForm[{87, CutIntegral[\"R09\", {1, 1, 1, 1}]}]\" seconds \"0.237992`5.82810735217329\" bytes \"475632\n"
"kernel 1 (localhost):"
"\"REAL_MASTER_COEFFICIENT \"\"Hgg\"\" \"87\" \"InputForm[CutIntegral[\"R10\", {1, 1, 1, 1}]]\n"
"kernel 1 (localhost):"
"\"EXACT_POLYNOMIAL_BACKEND_START \"InputForm[{87, CutIntegral[\"R10\", {1, 1, 1, 1}]}]\" terms \"6\" bytes \"19966\n"
"kernel 1 (localhost):"
"\"EXACT_POLYNOMIAL_SUM production_sum 6 6 0.003\\nPASS: exact polynomial comparison backend\\n\"\n"
"kernel 1 (localhost):"
"\"\"\n"
"kernel 1 (localhost):"
"\"EXACT_POLYNOMIAL_ACCEPTED \"InputForm[{87, CutIntegral[\"R10\", {1, 1, 1, 1}]}]\" seconds \"0.245089`5.840868813330244\" bytes \"144064\n"
"kernel 1 (localhost):"
"\"PASS: \"\"complete linear reduced coefficient reconstruction\"\n"
"kernel 1 (localhost):"
"\"PASS: \"\"reduced coefficients are scalar rational expressions\"\n"
"kernel 2 (localhost):"
"\"EXACT_POLYNOMIAL_TRANSFER \"\"production_sum\"\" \"64\"/\"301\n"
"kernel 1 (localhost):"
"\"REAL_MAP_ACCEPTED \"\"Hgg\"\" \"87\n"
"kernel 1 (localhost):"
"\"PASS: \"\"complete reduced output accepted before storage projection\"\n"
"kernel 1 (localhost):"
"\"PASS: \"\"exact downstream coefficient interface\"\n"
"kernel 1 (localhost):"
"\"REAL_MAP \"\"Hgg\"\" \"89\"/\"98\" \"<|\"Sector\" -> \"Real\", \"Kind\" -> \"ExtendedResponse\", \"Index\" -> {8, 4, 2}|>\" kernel \"1\n"
"kernel 1 (localhost):"
"\"PASS: \"\"exact saved raw file\"\n"
"kernel 1 (localhost):"
"\"PASS: \"\"raw reader returns complete original record\"\n"
"kernel 1 (localhost):"
"\"PASS: \"\"raw component retains executed reconstruction\"\n"
"kernel 1 (localhost):"
"\"PASS: \"\"known rules end in saved masters\"\n"
"kernel 1 (localhost):"
"\"PASS: \"\"exact individual reduction-rule reconstruction\"\n"
"kernel 1 (localhost):"
"\"REAL_MASTER_COEFFICIENT \"\"Hgg\"\" \"89\" \"InputForm[CutIntegral[\"R01\", {1, 1, 0, 0}]]\n"
"kernel 1 (localhost):"
"\"PASS: \"\"exact polynomial transfer supports rational coefficients\"\n"
"kernel 1 (localhost):"
"\"PASS: \"\"unassigned exact polynomial variables\"\n"
"kernel 1 (localhost):"
"\"PASS: \"\"native JSON header shape\"\n"
"kernel 1 (localhost):"
"\"PASS: \"\"complete polynomial variable support\"\n"
"kernel 1 (localhost):"
"\"PASS: \"\"exported polynomial denominator reconstructs\"\n"
"kernel 1 (localhost):"
"\"PASS: \"\"native polynomial text reconstructs\"\n"
"kernel 1 (localhost):"
"\"PASS: \"\"native JSON term reconstructs\"\n"
"kernel 2 (localhost):"
"\"EXACT_POLYNOMIAL_TRANSFER \"\"production_sum\"\" \"128\"/\"301\n"
"kernel 1 (localhost):"
"\"EXACT_POLYNOMIAL_TRANSFER \"\"production_sum\"\" \"64\"/\"301\n"
"kernel 2 (localhost):"
"\"EXACT_POLYNOMIAL_TRANSFER \"\"production_sum\"\" \"192\"/\"301\n"
"kernel 2 (localhost):"
"\"EXACT_POLYNOMIAL_TRANSFER \"\"production_sum\"\" \"256\"/\"301\n"
"kernel 2 (localhost):"
"\"PASS: \"\"bounded polynomial transfer file\"\n"
"kernel 2 (localhost):"
"\"PASS: \"\"unchanged validated exact backend\"\n"
"kernel 2 (localhost):"
"\"EXACT_POLYNOMIAL_BACKEND_START \"InputForm[{88, CutIntegral[\"R01\", {1, 1, 0, 0}]}]\" terms \"301\" bytes \"13184986\n"
"kernel 1 (localhost):"
"\"EXACT_POLYNOMIAL_TRANSFER \"\"production_sum\"\" \"128\"/\"301\n"
"kernel 1 (localhost):"
"\"EXACT_POLYNOMIAL_TRANSFER \"\"production_sum\"\" \"192\"/\"301\n"
"kernel 1 (localhost):"
"\"EXACT_POLYNOMIAL_TRANSFER \"\"production_sum\"\" \"256\"/\"301\n"
"kernel 1 (localhost):"
"\"PASS: \"\"bounded polynomial transfer file\"\n"
"kernel 1 (localhost):"
"\"PASS: \"\"unchanged validated exact backend\"\n"
"kernel 1 (localhost):"
"\"EXACT_POLYNOMIAL_BACKEND_START \"InputForm[{89, CutIntegral[\"R01\", {1, 1, 0, 0}]}]\" terms \"301\" bytes \"14620854\n"
"kernel 2 (localhost):"
"\"EXACT_POLYNOMIAL_SUM production_sum 16 301 5.884\\nEXACT_POLYNOMIAL_SUM production_sum 32 301 7.263\\nEXACT_POLYNOMIAL_SUM production_sum 48 301 8.281\\nEXACT_POLYNOMIAL_SUM production_sum 64 301 9.335\\nEXACT_POLYNOMIAL_SUM production_sum 80 301 10.739\\nEXACT_POLYNOMIAL_SUM production_sum 96 301 12.176\\nEXACT_POLYNOMIAL_SUM production_sum 112 301 13.307\\nEXACT_POLYNOMIAL_SUM production_sum 128 301 14.337\\nEXACT_POLYNOMIAL_SUM production_sum 144 301 15.683\\nEXACT_POLYNOMIAL_SUM production_sum 160 301 17.005\\nEXACT_POLYNOMIAL_SUM production_sum 176 301 18.311\\nEXACT_POLYNOMIAL_SUM production_sum 192 301 19.648\\nEXACT_POLYNOMIAL_SUM production_sum 208 301 20.991\\nEXACT_POLYNOMIAL_SUM production_sum 224 301 21.968\\nEXACT_POLYNOMIAL_SUM production_sum 240 301 23.062\\nEXACT_POLYNOMIAL_SUM production_sum 256 301 24.287\\nEXACT_POLYNOMIAL_SUM production_sum 272 301 25.17\\nEXACT_POLYNOMIAL_SUM production_sum 288 301 26.261\\nEXACT_POLYNOMIAL_SUM production_sum 301 301 26.802\\nPASS: exact polynomial comparison backend\\n\"\n"
"kernel 2 (localhost):"
"\"\"\n"
"kernel 2 (localhost):"
"\"PASS: \"\"exact production backend completed\"\n"
"kernel 2 (localhost):"
"\"PASS: \"\"exact production backend input and source\"\n"
"kernel 2 (localhost):"
"\"PASS: \"\"complete production termwise reconstruction\"\n"
"kernel 2 (localhost):"
"\"PASS: \"\"exact scalar coefficient import\"\n"
"kernel 2 (localhost):"
"\"EXACT_POLYNOMIAL_ACCEPTED \"InputForm[{88, CutIntegral[\"R01\", {1, 1, 0, 0}]}]\" seconds \"51.039938`8.159455131656681\" bytes \"1909128\n"
"kernel 2 (localhost):"
"\"PASS: \"\"compressed scalar map below file bound\"\n"
"kernel 2 (localhost):"
"\"PASS: \"\"compressed scalar map exact round trip\"\n"
"kernel 2 (localhost):"
"\"PASS: \"\"master coefficient retains exact reconstruction\"\n"
"kernel 2 (localhost):"
"\"REAL_MASTER_COEFFICIENT \"\"Hgg\"\" \"88\" \"InputForm[CutIntegral[\"R01\", {1, 1, 1, 1}]]\n"
"kernel 2 (localhost):"
"\"EXACT_POLYNOMIAL_BACKEND_START \"InputForm[{88, CutIntegral[\"R01\", {1, 1, 1, 1}]}]\" terms \"2\" bytes \"6420\n"
"kernel 2 (localhost):"
"\"EXACT_POLYNOMIAL_SUM production_sum 2 2 0.001\\nPASS: exact polynomial comparison backend\\n\"\n"
"kernel 2 (localhost):"
"\"\"\n"
"kernel 2 (localhost):"
"\"EXACT_POLYNOMIAL_ACCEPTED \"InputForm[{88, CutIntegral[\"R01\", {1, 1, 1, 1}]}]\" seconds \"0.169516`5.680755689449636\" bytes \"37584\n"
"kernel 2 (localhost):"
"\"REAL_MASTER_COEFFICIENT \"\"Hgg\"\" \"88\" \"InputForm[CutIntegral[\"R02\", {1, 1, 1, 1}]]\n"
"kernel 2 (localhost):"
"\"EXACT_POLYNOMIAL_BACKEND_START \"InputForm[{88, CutIntegral[\"R02\", {1, 1, 1, 1}]}]\" terms \"8\" bytes \"66506\n"
"kernel 2 (localhost):"
"\"EXACT_POLYNOMIAL_SUM production_sum 8 8 0.013\\nPASS: exact polynomial comparison backend\\n\"\n"
"kernel 2 (localhost):"
"\"\"\n"
"kernel 2 (localhost):"
"\"EXACT_POLYNOMIAL_ACCEPTED \"InputForm[{88, CutIntegral[\"R02\", {1, 1, 1, 1}]}]\" seconds \"0.33041`5.970598176451515\" bytes \"529168\n"
"kernel 2 (localhost):"
"\"REAL_MASTER_COEFFICIENT \"\"Hgg\"\" \"88\" \"InputForm[CutIntegral[\"R03\", {1, 1, 0, 1}]]\n"
"kernel 2 (localhost):"
"\"EXACT_POLYNOMIAL_TRANSFER \"\"production_sum\"\" \"64\"/\"71\n"
"kernel 2 (localhost):"
"\"EXACT_POLYNOMIAL_BACKEND_START \"InputForm[{88, CutIntegral[\"R03\", {1, 1, 0, 1}]}]\" terms \"71\" bytes \"2277222\n"
"kernel 2 (localhost):"
"\"EXACT_POLYNOMIAL_SUM production_sum 16 71 1.236\\nEXACT_POLYNOMIAL_SUM production_sum 32 71 1.415\\nEXACT_POLYNOMIAL_SUM production_sum 48 71 1.547\\nEXACT_POLYNOMIAL_SUM production_sum 64 71 1.7\\nEXACT_POLYNOMIAL_SUM production_sum 71 71 1.745\\nPASS: exact polynomial comparison backend\\n\"\n"
"kernel 2 (localhost):"
"\"\"\n"
"kernel 2 (localhost):"
"\"EXACT_POLYNOMIAL_ACCEPTED \"InputForm[{88, CutIntegral[\"R03\", {1, 1, 0, 1}]}]\" seconds \"6.650634`7.274408041742988\" bytes \"2192656\n"
"kernel 2 (localhost):"
"\"REAL_MASTER_COEFFICIENT \"\"Hgg\"\" \"88\" \"InputForm[CutIntegral[\"R03\", {1, 1, 1, 1}]]\n"
"kernel 2 (localhost):"
"\"EXACT_POLYNOMIAL_BACKEND_START \"InputForm[{88, CutIntegral[\"R03\", {1, 1, 1, 1}]}]\" terms \"2\" bytes \"14648\n"
"kernel 2 (localhost):"
"\"EXACT_POLYNOMIAL_SUM production_sum 2 2 0.007\\nPASS: exact polynomial comparison backend\\n\"\n"
"kernel 2 (localhost):"
"\"\"\n"
"kernel 2 (localhost):"
"\"EXACT_POLYNOMIAL_ACCEPTED \"InputForm[{88, CutIntegral[\"R03\", {1, 1, 1, 1}]}]\" seconds \"0.210915`5.775652460791525\" bytes \"419608\n"
"kernel 2 (localhost):"
"\"REAL_MASTER_COEFFICIENT \"\"Hgg\"\" \"88\" \"InputForm[CutIntegral[\"R04\", {1, 1, 1, 1}]]\n"
"kernel 2 (localhost):"
"\"EXACT_POLYNOMIAL_BACKEND_START \"InputForm[{88, CutIntegral[\"R04\", {1, 1, 1, 1}]}]\" terms \"8\" bytes \"49898\n"
"kernel 2 (localhost):"
"\"EXACT_POLYNOMIAL_SUM production_sum 8 8 0.008\\nPASS: exact polynomial comparison backend\\n\"\n"
"kernel 2 (localhost):"
"\"\"\n"
"kernel 2 (localhost):"
"\"EXACT_POLYNOMIAL_ACCEPTED \"InputForm[{88, CutIntegral[\"R04\", {1, 1, 1, 1}]}]\" seconds \"0.298273`5.926158935823112\" bytes \"355536\n"
"kernel 2 (localhost):"
"\"REAL_MASTER_COEFFICIENT \"\"Hgg\"\" \"88\" \"InputForm[CutIntegral[\"R09\", {1, 1, 1, 1}]]\n"
"kernel 2 (localhost):"
"\"EXACT_POLYNOMIAL_BACKEND_START \"InputForm[{88, CutIntegral[\"R09\", {1, 1, 1, 1}]}]\" terms \"2\" bytes \"11302\n"
"kernel 2 (localhost):"
"\"EXACT_POLYNOMIAL_SUM production_sum 2 2 0.006\\nPASS: exact polynomial comparison backend\\n\"\n"
"kernel 2 (localhost):"
"\"\"\n"
"kernel 2 (localhost):"
"\"EXACT_POLYNOMIAL_ACCEPTED \"InputForm[{88, CutIntegral[\"R09\", {1, 1, 1, 1}]}]\" seconds \"0.212375`5.7786483853730735\" bytes \"301440\n"
"kernel 2 (localhost):"
"\"REAL_MASTER_COEFFICIENT \"\"Hgg\"\" \"88\" \"InputForm[CutIntegral[\"R10\", {1, 1, 1, 1}]]\n"
"kernel 2 (localhost):"
"\"EXACT_POLYNOMIAL_BACKEND_START \"InputForm[{88, CutIntegral[\"R10\", {1, 1, 1, 1}]}]\" terms \"8\" bytes \"41662\n"
"kernel 2 (localhost):"
"\"EXACT_POLYNOMIAL_SUM production_sum 8 8 0.012\\nPASS: exact polynomial comparison backend\\n\"\n"
"kernel 2 (localhost):"
"\"\"\n"
"kernel 2 (localhost):"
"\"EXACT_POLYNOMIAL_ACCEPTED \"InputForm[{88, CutIntegral[\"R10\", {1, 1, 1, 1}]}]\" seconds \"0.305619`5.936725343853336\" bytes \"295600\n"
"kernel 2 (localhost):"
"\"PASS: \"\"complete linear reduced coefficient reconstruction\"\n"
"kernel 2 (localhost):"
"\"PASS: \"\"reduced coefficients are scalar rational expressions\"\n"
"kernel 1 (localhost):"
"\"EXACT_POLYNOMIAL_SUM production_sum 16 301 6.083\\nEXACT_POLYNOMIAL_SUM production_sum 32 301 7.083\\nEXACT_POLYNOMIAL_SUM production_sum 48 301 8.421\\nEXACT_POLYNOMIAL_SUM production_sum 64 301 9.799\\nEXACT_POLYNOMIAL_SUM production_sum 80 301 11.155\\nEXACT_POLYNOMIAL_SUM production_sum 96 301 12.235\\nEXACT_POLYNOMIAL_SUM production_sum 112 301 13.351\\nEXACT_POLYNOMIAL_SUM production_sum 128 301 14.515\\nEXACT_POLYNOMIAL_SUM production_sum 144 301 15.924\\nEXACT_POLYNOMIAL_SUM production_sum 160 301 17.057\\nEXACT_POLYNOMIAL_SUM production_sum 176 301 18.341\\nEXACT_POLYNOMIAL_SUM production_sum 192 301 19.616\\nEXACT_POLYNOMIAL_SUM production_sum 208 301 20.837\\nEXACT_POLYNOMIAL_SUM production_sum 224 301 21.669\\nEXACT_POLYNOMIAL_SUM production_sum 240 301 22.963\\nEXACT_POLYNOMIAL_SUM production_sum 256 301 23.966\\nEXACT_POLYNOMIAL_SUM production_sum 272 301 25.338\\nEXACT_POLYNOMIAL_SUM production_sum 288 301 26.139\\nEXACT_POLYNOMIAL_SUM production_sum 301 301 26.734\\nPASS: exact polynomial comparison backend\\n\"\n"
"kernel 1 (localhost):"
"\"\"\n"
"kernel 1 (localhost):"
"\"PASS: \"\"exact production backend completed\"\n"
"kernel 1 (localhost):"
"\"PASS: \"\"exact production backend input and source\"\n"
"kernel 1 (localhost):"
"\"PASS: \"\"complete production termwise reconstruction\"\n"
"kernel 1 (localhost):"
"\"PASS: \"\"exact scalar coefficient import\"\n"
"kernel 1 (localhost):"
"\"EXACT_POLYNOMIAL_ACCEPTED \"InputForm[{89, CutIntegral[\"R01\", {1, 1, 0, 0}]}]\" seconds \"53.183238`8.17731976881425\" bytes \"1056464\n"
"kernel 1 (localhost):"
"\"PASS: \"\"compressed scalar map below file bound\"\n"
"kernel 1 (localhost):"
"\"PASS: \"\"compressed scalar map exact round trip\"\n"
"kernel 1 (localhost):"
"\"PASS: \"\"master coefficient retains exact reconstruction\"\n"
"kernel 1 (localhost):"
"\"REAL_MASTER_COEFFICIENT \"\"Hgg\"\" \"89\" \"InputForm[CutIntegral[\"R01\", {1, 1, 1, 1}]]\n"
"kernel 1 (localhost):"
"\"EXACT_POLYNOMIAL_BACKEND_START \"InputForm[{89, CutIntegral[\"R01\", {1, 1, 1, 1}]}]\" terms \"2\" bytes \"5928\n"
"kernel 1 (localhost):"
"\"EXACT_POLYNOMIAL_SUM production_sum 2 2 0.001\\nPASS: exact polynomial comparison backend\\n\"\n"
"kernel 1 (localhost):"
"\"\"\n"
"kernel 1 (localhost):"
"\"EXACT_POLYNOMIAL_ACCEPTED \"InputForm[{89, CutIntegral[\"R01\", {1, 1, 1, 1}]}]\" seconds \"0.159763`5.655021200536467\" bytes \"35320\n"
"kernel 1 (localhost):"
"\"REAL_MASTER_COEFFICIENT \"\"Hgg\"\" \"89\" \"InputForm[CutIntegral[\"R02\", {1, 1, 1, 1}]]\n"
"kernel 1 (localhost):"
"\"EXACT_POLYNOMIAL_BACKEND_START \"InputForm[{89, CutIntegral[\"R02\", {1, 1, 1, 1}]}]\" terms \"8\" bytes \"59604\n"
"kernel 1 (localhost):"
"\"EXACT_POLYNOMIAL_SUM production_sum 8 8 0.011\\nPASS: exact polynomial comparison backend\\n\"\n"
"kernel 1 (localhost):"
"\"\"\n"
"kernel 1 (localhost):"
"\"EXACT_POLYNOMIAL_ACCEPTED \"InputForm[{89, CutIntegral[\"R02\", {1, 1, 1, 1}]}]\" seconds \"0.321977`5.959369843049436\" bytes \"499992\n"
"kernel 1 (localhost):"
"\"REAL_MASTER_COEFFICIENT \"\"Hgg\"\" \"89\" \"InputForm[CutIntegral[\"R03\", {1, 1, 0, 1}]]\n"
"kernel 2 (localhost):"
"\"REAL_MAP_ACCEPTED \"\"Hgg\"\" \"88\n"
"kernel 2 (localhost):"
"\"PASS: \"\"complete reduced output accepted before storage projection\"\n"
"kernel 2 (localhost):"
"\"PASS: \"\"exact downstream coefficient interface\"\n"
"kernel 2 (localhost):"
"\"REAL_MAP \"\"Hgg\"\" \"90\"/\"98\" \"<|\"Sector\" -> \"Real\", \"Kind\" -> \"ExtendedResponse\", \"Index\" -> {8, 4, 5}|>\" kernel \"2\n"
"kernel 2 (localhost):"
"\"PASS: \"\"exact saved raw file\"\n"
"kernel 2 (localhost):"
"\"PASS: \"\"raw reader returns complete original record\"\n"
"kernel 2 (localhost):"
"\"PASS: \"\"raw component retains executed reconstruction\"\n"
"kernel 2 (localhost):"
"\"PASS: \"\"known rules end in saved masters\"\n"
"kernel 2 (localhost):"
"\"PASS: \"\"exact individual reduction-rule reconstruction\"\n"
"kernel 2 (localhost):"
"\"REAL_MASTER_COEFFICIENT \"\"Hgg\"\" \"90\" \"InputForm[CutIntegral[\"R01\", {1, 1, 0, 0}]]\n"
"kernel 2 (localhost):"
"\"PASS: \"\"exact polynomial transfer supports rational coefficients\"\n"
"kernel 2 (localhost):"
"\"PASS: \"\"unassigned exact polynomial variables\"\n"
"kernel 2 (localhost):"
"\"PASS: \"\"native JSON header shape\"\n"
"kernel 2 (localhost):"
"\"PASS: \"\"complete polynomial variable support\"\n"
"kernel 2 (localhost):"
"\"PASS: \"\"exported polynomial denominator reconstructs\"\n"
"kernel 2 (localhost):"
"\"PASS: \"\"native polynomial text reconstructs\"\n"
"kernel 2 (localhost):"
"\"PASS: \"\"native JSON term reconstructs\"\n"
"kernel 1 (localhost):"
"\"EXACT_POLYNOMIAL_TRANSFER \"\"production_sum\"\" \"64\"/\"71\n"
"kernel 1 (localhost):"
"\"EXACT_POLYNOMIAL_BACKEND_START \"InputForm[{89, CutIntegral[\"R03\", {1, 1, 0, 1}]}]\" terms \"71\" bytes \"2253352\n"
"kernel 1 (localhost):"
"\"EXACT_POLYNOMIAL_SUM production_sum 16 71 1.182\\nEXACT_POLYNOMIAL_SUM production_sum 32 71 1.306\\nEXACT_POLYNOMIAL_SUM production_sum 48 71 1.474\\nEXACT_POLYNOMIAL_SUM production_sum 64 71 1.609\\nEXACT_POLYNOMIAL_SUM production_sum 71 71 1.656\\nPASS: exact polynomial comparison backend\\n\"\n"
"kernel 1 (localhost):"
"\"\"\n"
"kernel 1 (localhost):"
"\"EXACT_POLYNOMIAL_ACCEPTED \"InputForm[{89, CutIntegral[\"R03\", {1, 1, 0, 1}]}]\" seconds \"6.826503`7.285743278914732\" bytes \"1271504\n"
"kernel 1 (localhost):"
"\"REAL_MASTER_COEFFICIENT \"\"Hgg\"\" \"89\" \"InputForm[CutIntegral[\"R03\", {1, 1, 1, 1}]]\n"
"kernel 1 (localhost):"
"\"EXACT_POLYNOMIAL_BACKEND_START \"InputForm[{89, CutIntegral[\"R03\", {1, 1, 1, 1}]}]\" terms \"2\" bytes \"14406\n"
"kernel 1 (localhost):"
"\"EXACT_POLYNOMIAL_SUM production_sum 2 2 0.008\\nPASS: exact polynomial comparison backend\\n\"\n"
"kernel 1 (localhost):"
"\"\"\n"
"kernel 1 (localhost):"
"\"EXACT_POLYNOMIAL_ACCEPTED \"InputForm[{89, CutIntegral[\"R03\", {1, 1, 1, 1}]}]\" seconds \"0.219072`5.792131866617735\" bytes \"421368\n"
"kernel 1 (localhost):"
"\"REAL_MASTER_COEFFICIENT \"\"Hgg\"\" \"89\" \"InputForm[CutIntegral[\"R04\", {1, 1, 1, 1}]]\n"
"kernel 2 (localhost):"
"\"EXACT_POLYNOMIAL_TRANSFER \"\"production_sum\"\" \"64\"/\"298\n"
"kernel 1 (localhost):"
"\"EXACT_POLYNOMIAL_BACKEND_START \"InputForm[{89, CutIntegral[\"R04\", {1, 1, 1, 1}]}]\" terms \"8\" bytes \"37918\n"
"kernel 1 (localhost):"
"\"EXACT_POLYNOMIAL_SUM production_sum 8 8 0.008\\nPASS: exact polynomial comparison backend\\n\"\n"
"kernel 1 (localhost):"
"\"\"\n"
"kernel 1 (localhost):"
"\"EXACT_POLYNOMIAL_ACCEPTED \"InputForm[{89, CutIntegral[\"R04\", {1, 1, 1, 1}]}]\" seconds \"0.304593`5.9352649118777885\" bytes \"288512\n"
"kernel 1 (localhost):"
"\"REAL_MASTER_COEFFICIENT \"\"Hgg\"\" \"89\" \"InputForm[CutIntegral[\"R09\", {1, 1, 1, 1}]]\n"
"kernel 1 (localhost):"
"\"EXACT_POLYNOMIAL_BACKEND_START \"InputForm[{89, CutIntegral[\"R09\", {1, 1, 1, 1}]}]\" terms \"2\" bytes \"9022\n"
"kernel 1 (localhost):"
"\"EXACT_POLYNOMIAL_SUM production_sum 2 2 0.006\\nPASS: exact polynomial comparison backend\\n\"\n"
"kernel 1 (localhost):"
"\"\"\n"
"kernel 1 (localhost):"
"\"EXACT_POLYNOMIAL_ACCEPTED \"InputForm[{89, CutIntegral[\"R09\", {1, 1, 1, 1}]}]\" seconds \"0.208825`5.771327483573868\" bytes \"254880\n"
"kernel 1 (localhost):"
"\"REAL_MASTER_COEFFICIENT \"\"Hgg\"\" \"89\" \"InputForm[CutIntegral[\"R10\", {1, 1, 1, 1}]]\n"
"kernel 1 (localhost):"
"\"EXACT_POLYNOMIAL_BACKEND_START \"InputForm[{89, CutIntegral[\"R10\", {1, 1, 1, 1}]}]\" terms \"8\" bytes \"38826\n"
"kernel 1 (localhost):"
"\"EXACT_POLYNOMIAL_SUM production_sum 8 8 0.009\\nPASS: exact polynomial comparison backend\\n\"\n"
"kernel 1 (localhost):"
"\"\"\n"
"kernel 1 (localhost):"
"\"EXACT_POLYNOMIAL_ACCEPTED \"InputForm[{89, CutIntegral[\"R10\", {1, 1, 1, 1}]}]\" seconds \"0.296033`5.922885119822025\" bytes \"292032\n"
"kernel 1 (localhost):"
"\"PASS: \"\"complete linear reduced coefficient reconstruction\"\n"
"kernel 1 (localhost):"
"\"PASS: \"\"reduced coefficients are scalar rational expressions\"\n"
"kernel 2 (localhost):"
"\"EXACT_POLYNOMIAL_TRANSFER \"\"production_sum\"\" \"128\"/\"298\n"
"kernel 1 (localhost):"
"\"REAL_MAP_ACCEPTED \"\"Hgg\"\" \"89\n"
"kernel 1 (localhost):"
"\"PASS: \"\"complete reduced output accepted before storage projection\"\n"
"kernel 1 (localhost):"
"\"PASS: \"\"exact downstream coefficient interface\"\n"
"kernel 1 (localhost):"
"\"REAL_MAP \"\"Hgg\"\" \"91\"/\"98\" \"<|\"Sector\" -> \"Real\", \"Kind\" -> \"ExtendedResponse\", \"Index\" -> {8, 5, 4}|>\" kernel \"1\n"
"kernel 1 (localhost):"
"\"PASS: \"\"exact saved raw file\"\n"
"kernel 1 (localhost):"
"\"PASS: \"\"raw reader returns complete original record\"\n"
"kernel 1 (localhost):"
"\"PASS: \"\"raw component retains executed reconstruction\"\n"
"kernel 1 (localhost):"
"\"PASS: \"\"known rules end in saved masters\"\n"
"kernel 1 (localhost):"
"\"PASS: \"\"exact individual reduction-rule reconstruction\"\n"
"kernel 1 (localhost):"
"\"REAL_MASTER_COEFFICIENT \"\"Hgg\"\" \"91\" \"InputForm[CutIntegral[\"R01\", {1, 1, 0, 0}]]\n"
"kernel 2 (localhost):"
"\"EXACT_POLYNOMIAL_TRANSFER \"\"production_sum\"\" \"192\"/\"298\n"
"kernel 1 (localhost):"
"\"PASS: \"\"exact polynomial transfer supports rational coefficients\"\n"
"kernel 1 (localhost):"
"\"PASS: \"\"unassigned exact polynomial variables\"\n"
"kernel 1 (localhost):"
"\"PASS: \"\"native JSON header shape\"\n"
"kernel 1 (localhost):"
"\"PASS: \"\"complete polynomial variable support\"\n"
"kernel 1 (localhost):"
"\"PASS: \"\"exported polynomial denominator reconstructs\"\n"
"kernel 1 (localhost):"
"\"PASS: \"\"native polynomial text reconstructs\"\n"
"kernel 1 (localhost):"
"\"PASS: \"\"native JSON term reconstructs\"\n"
"kernel 2 (localhost):"
"\"EXACT_POLYNOMIAL_TRANSFER \"\"production_sum\"\" \"256\"/\"298\n"
"kernel 1 (localhost):"
"\"EXACT_POLYNOMIAL_TRANSFER \"\"production_sum\"\" \"64\"/\"294\n"
"kernel 2 (localhost):"
"\"PASS: \"\"bounded polynomial transfer file\"\n"
"kernel 2 (localhost):"
"\"PASS: \"\"unchanged validated exact backend\"\n"
"kernel 2 (localhost):"
"\"EXACT_POLYNOMIAL_BACKEND_START \"InputForm[{90, CutIntegral[\"R01\", {1, 1, 0, 0}]}]\" terms \"298\" bytes \"8365120\n"
"kernel 1 (localhost):"
"\"EXACT_POLYNOMIAL_TRANSFER \"\"production_sum\"\" \"128\"/\"294\n"
"kernel 1 (localhost):"
"\"EXACT_POLYNOMIAL_TRANSFER \"\"production_sum\"\" \"192\"/\"294\n"
"kernel 1 (localhost):"
"\"EXACT_POLYNOMIAL_TRANSFER \"\"production_sum\"\" \"256\"/\"294\n"
"kernel 1 (localhost):"
"\"PASS: \"\"bounded polynomial transfer file\"\n"
"kernel 1 (localhost):"
"\"PASS: \"\"unchanged validated exact backend\"\n"
"kernel 1 (localhost):"
"\"EXACT_POLYNOMIAL_BACKEND_START \"InputForm[{91, CutIntegral[\"R01\", {1, 1, 0, 0}]}]\" terms \"294\" bytes \"6434756\n"
"kernel 2 (localhost):"
"\"EXACT_POLYNOMIAL_SUM production_sum 16 298 4.22\\nEXACT_POLYNOMIAL_SUM production_sum 32 298 4.697\\nEXACT_POLYNOMIAL_SUM production_sum 48 298 5.162\\nEXACT_POLYNOMIAL_SUM production_sum 64 298 5.796\\nEXACT_POLYNOMIAL_SUM production_sum 80 298 6.277\\nEXACT_POLYNOMIAL_SUM production_sum 96 298 6.804\\nEXACT_POLYNOMIAL_SUM production_sum 112 298 7.216\\nEXACT_POLYNOMIAL_SUM production_sum 128 298 7.74\\nEXACT_POLYNOMIAL_SUM production_sum 144 298 8.342\\nEXACT_POLYNOMIAL_SUM production_sum 160 298 8.822\\nEXACT_POLYNOMIAL_SUM production_sum 176 298 9.377\\nEXACT_POLYNOMIAL_SUM production_sum 192 298 9.923\\nEXACT_POLYNOMIAL_SUM production_sum 208 298 10.441\\nEXACT_POLYNOMIAL_SUM production_sum 224 298 10.917\\nEXACT_POLYNOMIAL_SUM production_sum 240 298 11.408\\nEXACT_POLYNOMIAL_SUM production_sum 256 298 11.76\\nEXACT_POLYNOMIAL_SUM production_sum 272 298 12.108\\nEXACT_POLYNOMIAL_SUM production_sum 288 298 12.45\\nEXACT_POLYNOMIAL_SUM production_sum 298 298 12.62\\nPASS: exact polynomial comparison backend\\n\"\n"
"kernel 2 (localhost):"
"\"\"\n"
"kernel 2 (localhost):"
"\"PASS: \"\"exact production backend completed\"\n"
"kernel 2 (localhost):"
"\"PASS: \"\"exact production backend input and source\"\n"
"kernel 2 (localhost):"
"\"PASS: \"\"complete production termwise reconstruction\"\n"
"kernel 2 (localhost):"
"\"PASS: \"\"exact scalar coefficient import\"\n"
"kernel 2 (localhost):"
"\"EXACT_POLYNOMIAL_ACCEPTED \"InputForm[{90, CutIntegral[\"R01\", {1, 1, 0, 0}]}]\" seconds \"29.550573`7.922110899976377\" bytes \"951480\n"
"kernel 2 (localhost):"
"\"PASS: \"\"compressed scalar map below file bound\"\n"
"kernel 2 (localhost):"
"\"PASS: \"\"compressed scalar map exact round trip\"\n"
"kernel 2 (localhost):"
"\"PASS: \"\"master coefficient retains exact reconstruction\"\n"
"kernel 2 (localhost):"
"\"REAL_MASTER_COEFFICIENT \"\"Hgg\"\" \"90\" \"InputForm[CutIntegral[\"R01\", {1, 1, 1, 1}]]\n"
"kernel 2 (localhost):"
"\"EXACT_POLYNOMIAL_BACKEND_START \"InputForm[{90, CutIntegral[\"R01\", {1, 1, 1, 1}]}]\" terms \"2\" bytes \"2312\n"
"kernel 2 (localhost):"
"\"EXACT_POLYNOMIAL_SUM production_sum 2 2 0.001\\nPASS: exact polynomial comparison backend\\n\"\n"
"kernel 2 (localhost):"
"\"\"\n"
"kernel 2 (localhost):"
"\"EXACT_POLYNOMIAL_ACCEPTED \"InputForm[{90, CutIntegral[\"R01\", {1, 1, 1, 1}]}]\" seconds \"0.149542`5.626308178173327\" bytes \"31816\n"
"kernel 2 (localhost):"
"\"REAL_MASTER_COEFFICIENT \"\"Hgg\"\" \"90\" \"InputForm[CutIntegral[\"R02\", {1, 1, 1, 1}]]\n"
"kernel 2 (localhost):"
"\"EXACT_POLYNOMIAL_BACKEND_START \"InputForm[{90, CutIntegral[\"R02\", {1, 1, 1, 1}]}]\" terms \"8\" bytes \"64238\n"
"kernel 2 (localhost):"
"\"EXACT_POLYNOMIAL_SUM production_sum 8 8 0.014\\nPASS: exact polynomial comparison backend\\n\"\n"
"kernel 2 (localhost):"
"\"\"\n"
"kernel 2 (localhost):"
"\"EXACT_POLYNOMIAL_ACCEPTED \"InputForm[{90, CutIntegral[\"R02\", {1, 1, 1, 1}]}]\" seconds \"0.357619`6.004965577937391\" bytes \"526232\n"
"kernel 2 (localhost):"
"\"REAL_MASTER_COEFFICIENT \"\"Hgg\"\" \"90\" \"InputForm[CutIntegral[\"R03\", {1, 1, 0, 1}]]\n"
"kernel 2 (localhost):"
"\"EXACT_POLYNOMIAL_TRANSFER \"\"production_sum\"\" \"64\"/\"68\n"
"kernel 2 (localhost):"
"\"EXACT_POLYNOMIAL_BACKEND_START \"InputForm[{90, CutIntegral[\"R03\", {1, 1, 0, 1}]}]\" terms \"68\" bytes \"1430706\n"
"kernel 2 (localhost):"
"\"EXACT_POLYNOMIAL_SUM production_sum 16 68 0.895\\nEXACT_POLYNOMIAL_SUM production_sum 32 68 0.942\\nEXACT_POLYNOMIAL_SUM production_sum 48 68 1.006\\nEXACT_POLYNOMIAL_SUM production_sum 64 68 1.065\\nEXACT_POLYNOMIAL_SUM production_sum 68 68 1.077\\nPASS: exact polynomial comparison backend\\n\"\n"
"kernel 2 (localhost):"
"\"\"\n"
"kernel 1 (localhost):"
"\"EXACT_POLYNOMIAL_SUM production_sum 16 294 3.268\\nEXACT_POLYNOMIAL_SUM production_sum 32 294 3.627\\nEXACT_POLYNOMIAL_SUM production_sum 48 294 3.948\\nEXACT_POLYNOMIAL_SUM production_sum 64 294 4.463\\nEXACT_POLYNOMIAL_SUM production_sum 80 294 4.943\\nEXACT_POLYNOMIAL_SUM production_sum 96 294 5.444\\nEXACT_POLYNOMIAL_SUM production_sum 112 294 5.855\\nEXACT_POLYNOMIAL_SUM production_sum 128 294 6.305\\nEXACT_POLYNOMIAL_SUM production_sum 144 294 6.75\\nEXACT_POLYNOMIAL_SUM production_sum 160 294 7.238\\nEXACT_POLYNOMIAL_SUM production_sum 176 294 7.749\\nEXACT_POLYNOMIAL_SUM production_sum 192 294 8.216\\nEXACT_POLYNOMIAL_SUM production_sum 208 294 8.626\\nEXACT_POLYNOMIAL_SUM production_sum 224 294 8.901\\nEXACT_POLYNOMIAL_SUM production_sum 240 294 9.188\\nEXACT_POLYNOMIAL_SUM production_sum 256 294 9.489\\nEXACT_POLYNOMIAL_SUM production_sum 272 294 9.818\\nEXACT_POLYNOMIAL_SUM production_sum 288 294 10.081\\nEXACT_POLYNOMIAL_SUM production_sum 294 294 10.144\\nPASS: exact polynomial comparison backend\\n\"\n"
"kernel 1 (localhost):"
"\"\"\n"
"kernel 1 (localhost):"
"\"PASS: \"\"exact production backend completed\"\n"
"kernel 1 (localhost):"
"\"PASS: \"\"exact production backend input and source\"\n"
"kernel 2 (localhost):"
"\"EXACT_POLYNOMIAL_ACCEPTED \"InputForm[{90, CutIntegral[\"R03\", {1, 1, 0, 1}]}]\" seconds \"4.698227`7.123478989859602\" bytes \"1467448\n"
"kernel 1 (localhost):"
"\"PASS: \"\"complete production termwise reconstruction\"\n"
"kernel 1 (localhost):"
"\"PASS: \"\"exact scalar coefficient import\"\n"
"kernel 1 (localhost):"
"\"EXACT_POLYNOMIAL_ACCEPTED \"InputForm[{91, CutIntegral[\"R01\", {1, 1, 0, 0}]}]\" seconds \"22.688926`7.807358932161304\" bytes \"1086352\n"
"kernel 1 (localhost):"
"\"PASS: \"\"compressed scalar map below file bound\"\n"
"kernel 1 (localhost):"
"\"PASS: \"\"compressed scalar map exact round trip\"\n"
"kernel 1 (localhost):"
"\"PASS: \"\"master coefficient retains exact reconstruction\"\n"
"kernel 1 (localhost):"
"\"REAL_MASTER_COEFFICIENT \"\"Hgg\"\" \"91\" \"InputForm[CutIntegral[\"R01\", {1, 1, 1, 1}]]\n"
"kernel 2 (localhost):"
"\"REAL_MASTER_COEFFICIENT \"\"Hgg\"\" \"90\" \"InputForm[CutIntegral[\"R03\", {1, 1, 1, 1}]]\n"
"kernel 1 (localhost):"
"\"EXACT_POLYNOMIAL_BACKEND_START \"InputForm[{91, CutIntegral[\"R01\", {1, 1, 1, 1}]}]\" terms \"2\" bytes \"5368\n"
"kernel 2 (localhost):"
"\"EXACT_POLYNOMIAL_BACKEND_START \"InputForm[{90, CutIntegral[\"R03\", {1, 1, 1, 1}]}]\" terms \"2\" bytes \"14964\n"
"kernel 1 (localhost):"
"\"EXACT_POLYNOMIAL_SUM production_sum 2 2 0.001\\nPASS: exact polynomial comparison backend\\n\"\n"
"kernel 1 (localhost):"
"\"\"\n"
"kernel 1 (localhost):"
"\"EXACT_POLYNOMIAL_ACCEPTED \"InputForm[{91, CutIntegral[\"R01\", {1, 1, 1, 1}]}]\" seconds \"0.169888`5.681707697157036\" bytes \"43784\n"
"kernel 2 (localhost):"
"\"EXACT_POLYNOMIAL_SUM production_sum 2 2 0.012\\nPASS: exact polynomial comparison backend\\n\"\n"
"kernel 2 (localhost):"
"\"\"\n"
"kernel 1 (localhost):"
"\"REAL_MASTER_COEFFICIENT \"\"Hgg\"\" \"91\" \"InputForm[CutIntegral[\"R02\", {1, 1, 1, 1}]]\n"
"kernel 2 (localhost):"
"\"EXACT_POLYNOMIAL_ACCEPTED \"InputForm[{90, CutIntegral[\"R03\", {1, 1, 1, 1}]}]\" seconds \"0.238536`5.829098925809199\" bytes \"556104\n"
"kernel 2 (localhost):"
"\"REAL_MASTER_COEFFICIENT \"\"Hgg\"\" \"90\" \"InputForm[CutIntegral[\"R04\", {1, 1, 1, 1}]]\n"
"kernel 1 (localhost):"
"\"EXACT_POLYNOMIAL_BACKEND_START \"InputForm[{91, CutIntegral[\"R02\", {1, 1, 1, 1}]}]\" terms \"6\" bytes \"50706\n"
"kernel 2 (localhost):"
"\"EXACT_POLYNOMIAL_BACKEND_START \"InputForm[{90, CutIntegral[\"R04\", {1, 1, 1, 1}]}]\" terms \"8\" bytes \"45332\n"
"kernel 1 (localhost):"
"\"EXACT_POLYNOMIAL_SUM production_sum 6 6 0.009\\nPASS: exact polynomial comparison backend\\n\"\n"
"kernel 1 (localhost):"
"\"\"\n"
"kernel 1 (localhost):"
"\"EXACT_POLYNOMIAL_ACCEPTED \"InputForm[{91, CutIntegral[\"R02\", {1, 1, 1, 1}]}]\" seconds \"0.297007`5.924311678589442\" bytes \"439600\n"
"kernel 1 (localhost):"
"\"REAL_MASTER_COEFFICIENT \"\"Hgg\"\" \"91\" \"InputForm[CutIntegral[\"R03\", {1, 1, 0, 1}]]\n"
"kernel 2 (localhost):"
"\"EXACT_POLYNOMIAL_SUM production_sum 8 8 0.01\\nPASS: exact polynomial comparison backend\\n\"\n"
"kernel 2 (localhost):"
"\"\"\n"
"kernel 2 (localhost):"
"\"EXACT_POLYNOMIAL_ACCEPTED \"InputForm[{90, CutIntegral[\"R04\", {1, 1, 1, 1}]}]\" seconds \"0.334028`5.975327866702184\" bytes \"385584\n"
"kernel 2 (localhost):"
"\"REAL_MASTER_COEFFICIENT \"\"Hgg\"\" \"90\" \"InputForm[CutIntegral[\"R09\", {1, 1, 1, 1}]]\n"
"kernel 2 (localhost):"
"\"EXACT_POLYNOMIAL_BACKEND_START \"InputForm[{90, CutIntegral[\"R09\", {1, 1, 1, 1}]}]\" terms \"2\" bytes \"6434\n"
"kernel 2 (localhost):"
"\"EXACT_POLYNOMIAL_SUM production_sum 2 2 0.015\\nPASS: exact polynomial comparison backend\\n\"\n"
"kernel 2 (localhost):"
"\"\"\n"
"kernel 2 (localhost):"
"\"EXACT_POLYNOMIAL_ACCEPTED \"InputForm[{90, CutIntegral[\"R09\", {1, 1, 1, 1}]}]\" seconds \"0.215423`5.784837063116388\" bytes \"399456\n"
"kernel 2 (localhost):"
"\"REAL_MASTER_COEFFICIENT \"\"Hgg\"\" \"90\" \"InputForm[CutIntegral[\"R10\", {1, 1, 1, 1}]]\n"
"kernel 2 (localhost):"
"\"EXACT_POLYNOMIAL_BACKEND_START \"InputForm[{90, CutIntegral[\"R10\", {1, 1, 1, 1}]}]\" terms \"8\" bytes \"39236\n"
"kernel 2 (localhost):"
"\"EXACT_POLYNOMIAL_SUM production_sum 8 8 0.01\\nPASS: exact polynomial comparison backend\\n\"\n"
"kernel 2 (localhost):"
"\"\"\n"
"kernel 2 (localhost):"
"\"EXACT_POLYNOMIAL_ACCEPTED \"InputForm[{90, CutIntegral[\"R10\", {1, 1, 1, 1}]}]\" seconds \"0.295445`5.922021638037468\" bytes \"311952\n"
"kernel 2 (localhost):"
"\"PASS: \"\"complete linear reduced coefficient reconstruction\"\n"
"kernel 2 (localhost):"
"\"PASS: \"\"reduced coefficients are scalar rational expressions\"\n"
"kernel 1 (localhost):"
"\"EXACT_POLYNOMIAL_TRANSFER \"\"production_sum\"\" \"64\"/\"66\n"
"kernel 1 (localhost):"
"\"EXACT_POLYNOMIAL_BACKEND_START \"InputForm[{91, CutIntegral[\"R03\", {1, 1, 0, 1}]}]\" terms \"66\" bytes \"1084344\n"
"kernel 1 (localhost):"
"\"EXACT_POLYNOMIAL_SUM production_sum 16 66 0.741\\nEXACT_POLYNOMIAL_SUM production_sum 32 66 0.792\\nEXACT_POLYNOMIAL_SUM production_sum 48 66 0.834\\nEXACT_POLYNOMIAL_SUM production_sum 64 66 0.891\\nEXACT_POLYNOMIAL_SUM production_sum 66 66 0.897\\nPASS: exact polynomial comparison backend\\n\"\n"
"kernel 1 (localhost):"
"\"\"\n"
"kernel 1 (localhost):"
"\"EXACT_POLYNOMIAL_ACCEPTED \"InputForm[{91, CutIntegral[\"R03\", {1, 1, 0, 1}]}]\" seconds \"3.773231`7.028258387341112\" bytes \"1268840\n"
"kernel 1 (localhost):"
"\"REAL_MASTER_COEFFICIENT \"\"Hgg\"\" \"91\" \"InputForm[CutIntegral[\"R03\", {1, 1, 1, 1}]]\n"
"kernel 1 (localhost):"
"\"EXACT_POLYNOMIAL_BACKEND_START \"InputForm[{91, CutIntegral[\"R03\", {1, 1, 1, 1}]}]\" terms \"2\" bytes \"9044\n"
"kernel 1 (localhost):"
"\"EXACT_POLYNOMIAL_SUM production_sum 2 2 0.007\\nPASS: exact polynomial comparison backend\\n\"\n"
"kernel 1 (localhost):"
"\"\"\n"
"kernel 1 (localhost):"
"\"EXACT_POLYNOMIAL_ACCEPTED \"InputForm[{91, CutIntegral[\"R03\", {1, 1, 1, 1}]}]\" seconds \"0.231588`5.816261045663628\" bytes \"403256\n"
"kernel 1 (localhost):"
"\"REAL_MASTER_COEFFICIENT \"\"Hgg\"\" \"91\" \"InputForm[CutIntegral[\"R04\", {1, 1, 1, 1}]]\n"
"kernel 2 (localhost):"
"\"REAL_MAP_ACCEPTED \"\"Hgg\"\" \"90\n"
"kernel 2 (localhost):"
"\"PASS: \"\"complete reduced output accepted before storage projection\"\n"
"kernel 2 (localhost):"
"\"PASS: \"\"exact downstream coefficient interface\"\n"
"kernel 1 (localhost):"
"\"EXACT_POLYNOMIAL_BACKEND_START \"InputForm[{91, CutIntegral[\"R04\", {1, 1, 1, 1}]}]\" terms \"8\" bytes \"46868\n"
"kernel 2 (localhost):"
"\"REAL_MAP \"\"Hgg\"\" \"92\"/\"98\" \"<|\"Sector\" -> \"Real\", \"Kind\" -> \"ExtendedResponse\", \"Index\" -> {9, 1, 4}|>\" kernel \"2\n"
"kernel 1 (localhost):"
"\"EXACT_POLYNOMIAL_SUM production_sum 8 8 0.011\\nPASS: exact polynomial comparison backend\\n\"\n"
"kernel 1 (localhost):"
"\"\"\n"
"kernel 1 (localhost):"
"\"EXACT_POLYNOMIAL_ACCEPTED \"InputForm[{91, CutIntegral[\"R04\", {1, 1, 1, 1}]}]\" seconds \"0.324758`5.963104851664632\" bytes \"464608\n"
"kernel 2 (localhost):"
"\"PASS: \"\"exact saved raw file\"\n"
"kernel 1 (localhost):"
"\"REAL_MASTER_COEFFICIENT \"\"Hgg\"\" \"91\" \"InputForm[CutIntegral[\"R09\", {1, 1, 1, 1}]]\n"
"kernel 1 (localhost):"
"\"EXACT_POLYNOMIAL_BACKEND_START \"InputForm[{91, CutIntegral[\"R09\", {1, 1, 1, 1}]}]\" terms \"2\" bytes \"16046\n"
"kernel 1 (localhost):"
"\"EXACT_POLYNOMIAL_SUM production_sum 2 2 0.012\\nPASS: exact polynomial comparison backend\\n\"\n"
"kernel 1 (localhost):"
"\"\"\n"
"kernel 1 (localhost):"
"\"EXACT_POLYNOMIAL_ACCEPTED \"InputForm[{91, CutIntegral[\"R09\", {1, 1, 1, 1}]}]\" seconds \"0.25235`5.853548302565676\" bytes \"633392\n"
"kernel 1 (localhost):"
"\"REAL_MASTER_COEFFICIENT \"\"Hgg\"\" \"91\" \"InputForm[CutIntegral[\"R10\", {1, 1, 1, 1}]]\n"
"kernel 1 (localhost):"
"\"EXACT_POLYNOMIAL_BACKEND_START \"InputForm[{91, CutIntegral[\"R10\", {1, 1, 1, 1}]}]\" terms \"6\" bytes \"25414\n"
"kernel 1 (localhost):"
"\"EXACT_POLYNOMIAL_SUM production_sum 6 6 0.007\\nPASS: exact polynomial comparison backend\\n\"\n"
"kernel 1 (localhost):"
"\"\"\n"
"kernel 1 (localhost):"
"\"EXACT_POLYNOMIAL_ACCEPTED \"InputForm[{91, CutIntegral[\"R10\", {1, 1, 1, 1}]}]\" seconds \"0.2616`5.869182733148203\" bytes \"222904\n"
"kernel 1 (localhost):"
"\"PASS: \"\"complete linear reduced coefficient reconstruction\"\n"
"kernel 1 (localhost):"
"\"PASS: \"\"reduced coefficients are scalar rational expressions\"\n"
"kernel 2 (localhost):"
"\"PASS: \"\"raw reader returns complete original record\"\n"
"kernel 2 (localhost):"
"\"PASS: \"\"raw component retains executed reconstruction\"\n"
"kernel 2 (localhost):"
"\"PASS: \"\"known rules end in saved masters\"\n"
"kernel 2 (localhost):"
"\"PASS: \"\"exact individual reduction-rule reconstruction\"\n"
"kernel 2 (localhost):"
"\"REAL_MASTER_COEFFICIENT \"\"Hgg\"\" \"92\" \"InputForm[CutIntegral[\"R01\", {1, 1, 0, 0}]]\n"
"kernel 1 (localhost):"
"\"REAL_MAP_ACCEPTED \"\"Hgg\"\" \"91\n"
"kernel 1 (localhost):"
"\"PASS: \"\"complete reduced output accepted before storage projection\"\n"
"kernel 1 (localhost):"
"\"PASS: \"\"exact downstream coefficient interface\"\n"
"kernel 2 (localhost):"
"\"PASS: \"\"exact polynomial transfer supports rational coefficients\"\n"
"kernel 2 (localhost):"
"\"PASS: \"\"unassigned exact polynomial variables\"\n"
"kernel 1 (localhost):"
"\"REAL_MAP \"\"Hgg\"\" \"93\"/\"98\" \"<|\"Sector\" -> \"Real\", \"Kind\" -> \"ExtendedResponse\", \"Index\" -> {9, 2, 4}|>\" kernel \"1\n"
"kernel 2 (localhost):"
"\"PASS: \"\"native JSON header shape\"\n"
"kernel 1 (localhost):"
"\"PASS: \"\"exact saved raw file\"\n"
"kernel 2 (localhost):"
"\"PASS: \"\"complete polynomial variable support\"\n"
"kernel 2 (localhost):"
"\"PASS: \"\"exported polynomial denominator reconstructs\"\n"
"kernel 2 (localhost):"
"\"PASS: \"\"native polynomial text reconstructs\"\n"
"kernel 2 (localhost):"
"\"PASS: \"\"native JSON term reconstructs\"\n"
"kernel 1 (localhost):"
"\"PASS: \"\"raw reader returns complete original record\"\n"
"kernel 1 (localhost):"
"\"PASS: \"\"raw component retains executed reconstruction\"\n"
"kernel 1 (localhost):"
"\"PASS: \"\"known rules end in saved masters\"\n"
"kernel 1 (localhost):"
"\"PASS: \"\"exact individual reduction-rule reconstruction\"\n"
"kernel 1 (localhost):"
"\"REAL_MASTER_COEFFICIENT \"\"Hgg\"\" \"93\" \"InputForm[CutIntegral[\"R01\", {1, 1, 0, 0}]]\n"
"kernel 1 (localhost):"
"\"PASS: \"\"exact polynomial transfer supports rational coefficients\"\n"
"kernel 1 (localhost):"
"\"PASS: \"\"unassigned exact polynomial variables\"\n"
"kernel 1 (localhost):"
"\"PASS: \"\"native JSON header shape\"\n"
"kernel 1 (localhost):"
"\"PASS: \"\"complete polynomial variable support\"\n"
"kernel 1 (localhost):"
"\"PASS: \"\"exported polynomial denominator reconstructs\"\n"
"kernel 1 (localhost):"
"\"PASS: \"\"native polynomial text reconstructs\"\n"
"kernel 1 (localhost):"
"\"PASS: \"\"native JSON term reconstructs\"\n"
"kernel 2 (localhost):"
"\"EXACT_POLYNOMIAL_TRANSFER \"\"production_sum\"\" \"64\"/\"297\n"
"kernel 1 (localhost):"
"\"EXACT_POLYNOMIAL_TRANSFER \"\"production_sum\"\" \"64\"/\"297\n"
"kernel 2 (localhost):"
"\"EXACT_POLYNOMIAL_TRANSFER \"\"production_sum\"\" \"128\"/\"297\n"
"kernel 1 (localhost):"
"\"EXACT_POLYNOMIAL_TRANSFER \"\"production_sum\"\" \"128\"/\"297\n"
"kernel 2 (localhost):"
"\"EXACT_POLYNOMIAL_TRANSFER \"\"production_sum\"\" \"192\"/\"297\n"
"kernel 1 (localhost):"
"\"EXACT_POLYNOMIAL_TRANSFER \"\"production_sum\"\" \"192\"/\"297\n"
"kernel 2 (localhost):"
"\"EXACT_POLYNOMIAL_TRANSFER \"\"production_sum\"\" \"256\"/\"297\n"
"kernel 1 (localhost):"
"\"EXACT_POLYNOMIAL_TRANSFER \"\"production_sum\"\" \"256\"/\"297\n"
"kernel 2 (localhost):"
"\"PASS: \"\"bounded polynomial transfer file\"\n"
"kernel 1 (localhost):"
"\"PASS: \"\"bounded polynomial transfer file\"\n"
"kernel 2 (localhost):"
"\"PASS: \"\"unchanged validated exact backend\"\n"
"kernel 2 (localhost):"
"\"EXACT_POLYNOMIAL_BACKEND_START \"InputForm[{92, CutIntegral[\"R01\", {1, 1, 0, 0}]}]\" terms \"297\" bytes \"22489065\n"
"kernel 1 (localhost):"
"\"PASS: \"\"unchanged validated exact backend\"\n"
"kernel 1 (localhost):"
"\"EXACT_POLYNOMIAL_BACKEND_START \"InputForm[{93, CutIntegral[\"R01\", {1, 1, 0, 0}]}]\" terms \"297\" bytes \"20958908\n"
"kernel 1 (localhost):"
"\"EXACT_POLYNOMIAL_SUM production_sum 16 297 8.047\\nEXACT_POLYNOMIAL_SUM production_sum 32 297 9.646\\nEXACT_POLYNOMIAL_SUM production_sum 48 297 10.82\\nEXACT_POLYNOMIAL_SUM production_sum 64 297 12.306\\nEXACT_POLYNOMIAL_SUM production_sum 80 297 14.032\\nEXACT_POLYNOMIAL_SUM production_sum 96 297 15.904\\nEXACT_POLYNOMIAL_SUM production_sum 112 297 17.602\\nEXACT_POLYNOMIAL_SUM production_sum 128 297 19.292\\nEXACT_POLYNOMIAL_SUM production_sum 144 297 21.256\\nEXACT_POLYNOMIAL_SUM production_sum 160 297 23.001\\nEXACT_POLYNOMIAL_SUM production_sum 176 297 24.803\\nEXACT_POLYNOMIAL_SUM production_sum 192 297 26.196\\nEXACT_POLYNOMIAL_SUM production_sum 208 297 27.351\\nEXACT_POLYNOMIAL_SUM production_sum 224 297 28.553\\nEXACT_POLYNOMIAL_SUM production_sum 240 297 30.003\\nEXACT_POLYNOMIAL_SUM production_sum 256 297 31.459\\nEXACT_POLYNOMIAL_SUM production_sum 272 297 32.822\\nEXACT_POLYNOMIAL_SUM production_sum 288 297 33.561\\nEXACT_POLYNOMIAL_SUM production_sum 297 297 33.795\\nPASS: exact polynomial comparison backend\\n\"\n"
"kernel 1 (localhost):"
"\"\"\n"
"kernel 1 (localhost):"
"\"PASS: \"\"exact production backend completed\"\n"
"kernel 1 (localhost):"
"\"PASS: \"\"exact production backend input and source\"\n"
"kernel 1 (localhost):"
"\"PASS: \"\"complete production termwise reconstruction\"\n"
"kernel 1 (localhost):"
"\"PASS: \"\"exact scalar coefficient import\"\n"
"kernel 1 (localhost):"
"\"EXACT_POLYNOMIAL_ACCEPTED \"InputForm[{93, CutIntegral[\"R01\", {1, 1, 0, 0}]}]\" seconds \"66.162528`8.272157084288882\" bytes \"1618008\n"
"kernel 1 (localhost):"
"\"PASS: \"\"compressed scalar map below file bound\"\n"
"kernel 1 (localhost):"
"\"PASS: \"\"compressed scalar map exact round trip\"\n"
"kernel 1 (localhost):"
"\"PASS: \"\"master coefficient retains exact reconstruction\"\n"
"kernel 1 (localhost):"
"\"REAL_MASTER_COEFFICIENT \"\"Hgg\"\" \"93\" \"InputForm[CutIntegral[\"R01\", {1, 1, 1, 1}]]\n"
"kernel 1 (localhost):"
"\"EXACT_POLYNOMIAL_BACKEND_START \"InputForm[{93, CutIntegral[\"R01\", {1, 1, 1, 1}]}]\" terms \"2\" bytes \"11687\n"
"kernel 1 (localhost):"
"\"EXACT_POLYNOMIAL_SUM production_sum 2 2 0.004\\nPASS: exact polynomial comparison backend\\n\"\n"
"kernel 1 (localhost):"
"\"\"\n"
"kernel 1 (localhost):"
"\"EXACT_POLYNOMIAL_ACCEPTED \"InputForm[{93, CutIntegral[\"R01\", {1, 1, 1, 1}]}]\" seconds \"0.174831`5.694163435154009\" bytes \"69952\n"
"kernel 1 (localhost):"
"\"REAL_MASTER_COEFFICIENT \"\"Hgg\"\" \"93\" \"InputForm[CutIntegral[\"R02\", {1, 1, 1, 1}]]\n"
"kernel 1 (localhost):"
"\"EXACT_POLYNOMIAL_BACKEND_START \"InputForm[{93, CutIntegral[\"R02\", {1, 1, 1, 1}]}]\" terms \"8\" bytes \"68603\n"
"kernel 1 (localhost):"
"\"EXACT_POLYNOMIAL_SUM production_sum 8 8 0.01\\nPASS: exact polynomial comparison backend\\n\"\n"
"kernel 1 (localhost):"
"\"\"\n"
"kernel 1 (localhost):"
"\"EXACT_POLYNOMIAL_ACCEPTED \"InputForm[{93, CutIntegral[\"R02\", {1, 1, 1, 1}]}]\" seconds \"0.309269`5.941881383581066\" bytes \"585888\n"
"kernel 1 (localhost):"
"\"REAL_MASTER_COEFFICIENT \"\"Hgg\"\" \"93\" \"InputForm[CutIntegral[\"R03\", {1, 1, 0, 1}]]\n"
"kernel 2 (localhost):"
"\"EXACT_POLYNOMIAL_SUM production_sum 16 297 8.367\\nEXACT_POLYNOMIAL_SUM production_sum 32 297 10.079\\nEXACT_POLYNOMIAL_SUM production_sum 48 297 11.538\\nEXACT_POLYNOMIAL_SUM production_sum 64 297 13.125\\nEXACT_POLYNOMIAL_SUM production_sum 80 297 14.909\\nEXACT_POLYNOMIAL_SUM production_sum 96 297 16.482\\nEXACT_POLYNOMIAL_SUM production_sum 112 297 18.428\\nEXACT_POLYNOMIAL_SUM production_sum 128 297 20.054\\nEXACT_POLYNOMIAL_SUM production_sum 144 297 21.874\\nEXACT_POLYNOMIAL_SUM production_sum 160 297 23.63\\nEXACT_POLYNOMIAL_SUM production_sum 176 297 25.311\\nEXACT_POLYNOMIAL_SUM production_sum 192 297 27.165\\nEXACT_POLYNOMIAL_SUM production_sum 208 297 28.769\\nEXACT_POLYNOMIAL_SUM production_sum 224 297 29.937\\nEXACT_POLYNOMIAL_SUM production_sum 240 297 31.248\\nEXACT_POLYNOMIAL_SUM production_sum 256 297 32.456\\nEXACT_POLYNOMIAL_SUM production_sum 272 297 34.171\\nEXACT_POLYNOMIAL_SUM production_sum 288 297 35.012\\nEXACT_POLYNOMIAL_SUM production_sum 297 297 35.278\\nPASS: exact polynomial comparison backend\\n\"\n"
"kernel 2 (localhost):"
"\"\"\n"
"kernel 2 (localhost):"
"\"PASS: \"\"exact production backend completed\"\n"
"kernel 2 (localhost):"
"\"PASS: \"\"exact production backend input and source\"\n"
"kernel 2 (localhost):"
"\"PASS: \"\"complete production termwise reconstruction\"\n"
"kernel 2 (localhost):"
"\"PASS: \"\"exact scalar coefficient import\"\n"
"kernel 2 (localhost):"
"\"EXACT_POLYNOMIAL_ACCEPTED \"InputForm[{92, CutIntegral[\"R01\", {1, 1, 0, 0}]}]\" seconds \"70.986004`8.302717722711474\" bytes \"3027312\n"
"kernel 2 (localhost):"
"\"PASS: \"\"compressed scalar map below file bound\"\n"
"kernel 2 (localhost):"
"\"PASS: \"\"compressed scalar map exact round trip\"\n"
"kernel 2 (localhost):"
"\"PASS: \"\"master coefficient retains exact reconstruction\"\n"
"kernel 2 (localhost):"
"\"REAL_MASTER_COEFFICIENT \"\"Hgg\"\" \"92\" \"InputForm[CutIntegral[\"R01\", {1, 1, 1, 1}]]\n"
"kernel 2 (localhost):"
"\"EXACT_POLYNOMIAL_BACKEND_START \"InputForm[{92, CutIntegral[\"R01\", {1, 1, 1, 1}]}]\" terms \"2\" bytes \"15323\n"
"kernel 2 (localhost):"
"\"EXACT_POLYNOMIAL_SUM production_sum 2 2 0.003\\nPASS: exact polynomial comparison backend\\n\"\n"
"kernel 2 (localhost):"
"\"\"\n"
"kernel 2 (localhost):"
"\"EXACT_POLYNOMIAL_ACCEPTED \"InputForm[{92, CutIntegral[\"R01\", {1, 1, 1, 1}]}]\" seconds \"0.195836`5.743437523477021\" bytes \"87848\n"
"kernel 2 (localhost):"
"\"REAL_MASTER_COEFFICIENT \"\"Hgg\"\" \"92\" \"InputForm[CutIntegral[\"R02\", {1, 1, 1, 1}]]\n"
"kernel 2 (localhost):"
"\"EXACT_POLYNOMIAL_BACKEND_START \"InputForm[{92, CutIntegral[\"R02\", {1, 1, 1, 1}]}]\" terms \"8\" bytes \"90709\n"
"kernel 2 (localhost):"
"\"EXACT_POLYNOMIAL_SUM production_sum 8 8 0.016\\nPASS: exact polynomial comparison backend\\n\"\n"
"kernel 2 (localhost):"
"\"\"\n"
"kernel 2 (localhost):"
"\"EXACT_POLYNOMIAL_ACCEPTED \"InputForm[{92, CutIntegral[\"R02\", {1, 1, 1, 1}]}]\" seconds \"0.374325`6.024793826753795\" bytes \"693344\n"
"kernel 2 (localhost):"
"\"REAL_MASTER_COEFFICIENT \"\"Hgg\"\" \"92\" \"InputForm[CutIntegral[\"R03\", {1, 1, 0, 1}]]\n"
"kernel 1 (localhost):"
"\"EXACT_POLYNOMIAL_TRANSFER \"\"production_sum\"\" \"64\"/\"71\n"
"kernel 1 (localhost):"
"\"EXACT_POLYNOMIAL_BACKEND_START \"InputForm[{93, CutIntegral[\"R03\", {1, 1, 0, 1}]}]\" terms \"71\" bytes \"3760892\n"
"kernel 2 (localhost):"
"\"EXACT_POLYNOMIAL_TRANSFER \"\"production_sum\"\" \"64\"/\"71\n"
"kernel 2 (localhost):"
"\"EXACT_POLYNOMIAL_BACKEND_START \"InputForm[{92, CutIntegral[\"R03\", {1, 1, 0, 1}]}]\" terms \"71\" bytes \"4126052\n"
"kernel 1 (localhost):"
"\"EXACT_POLYNOMIAL_SUM production_sum 16 71 1.986\\nEXACT_POLYNOMIAL_SUM production_sum 32 71 2.173\\nEXACT_POLYNOMIAL_SUM production_sum 48 71 2.417\\nEXACT_POLYNOMIAL_SUM production_sum 64 71 2.617\\nEXACT_POLYNOMIAL_SUM production_sum 71 71 2.679\\nPASS: exact polynomial comparison backend\\n\"\n"
"kernel 1 (localhost):"
"\"\"\n"
"kernel 1 (localhost):"
"\"EXACT_POLYNOMIAL_ACCEPTED \"InputForm[{93, CutIntegral[\"R03\", {1, 1, 0, 1}]}]\" seconds \"9.307861`7.420394882573095\" bytes \"1530592\n"
"kernel 1 (localhost):"
"\"REAL_MASTER_COEFFICIENT \"\"Hgg\"\" \"93\" \"InputForm[CutIntegral[\"R03\", {1, 1, 1, 1}]]\n"
"kernel 1 (localhost):"
"\"EXACT_POLYNOMIAL_BACKEND_START \"InputForm[{93, CutIntegral[\"R03\", {1, 1, 1, 1}]}]\" terms \"2\" bytes \"5569\n"
"kernel 1 (localhost):"
"\"EXACT_POLYNOMIAL_SUM production_sum 2 2 0.007\\nPASS: exact polynomial comparison backend\\n\"\n"
"kernel 1 (localhost):"
"\"\"\n"
"kernel 1 (localhost):"
"\"EXACT_POLYNOMIAL_ACCEPTED \"InputForm[{93, CutIntegral[\"R03\", {1, 1, 1, 1}]}]\" seconds \"0.194757`5.741038069631278\" bytes \"370312\n"
"kernel 1 (localhost):"
"\"REAL_MASTER_COEFFICIENT \"\"Hgg\"\" \"93\" \"InputForm[CutIntegral[\"R04\", {1, 1, 1, 1}]]\n"
"kernel 1 (localhost):"
"\"EXACT_POLYNOMIAL_BACKEND_START \"InputForm[{93, CutIntegral[\"R04\", {1, 1, 1, 1}]}]\" terms \"8\" bytes \"66207\n"
"kernel 1 (localhost):"
"\"EXACT_POLYNOMIAL_SUM production_sum 8 8 0.014\\nPASS: exact polynomial comparison backend\\n\"\n"
"kernel 1 (localhost):"
"\"\"\n"
"kernel 1 (localhost):"
"\"EXACT_POLYNOMIAL_ACCEPTED \"InputForm[{93, CutIntegral[\"R04\", {1, 1, 1, 1}]}]\" seconds \"0.372269`6.022401866164859\" bytes \"542120\n"
"kernel 1 (localhost):"
"\"REAL_MASTER_COEFFICIENT \"\"Hgg\"\" \"93\" \"InputForm[CutIntegral[\"R09\", {1, 1, 1, 1}]]\n"
"kernel 1 (localhost):"
"\"EXACT_POLYNOMIAL_BACKEND_START \"InputForm[{93, CutIntegral[\"R09\", {1, 1, 1, 1}]}]\" terms \"2\" bytes \"29173\n"
"kernel 1 (localhost):"
"\"EXACT_POLYNOMIAL_SUM production_sum 2 2 0.013\\nPASS: exact polynomial comparison backend\\n\"\n"
"kernel 1 (localhost):"
"\"\"\n"
"kernel 1 (localhost):"
"\"EXACT_POLYNOMIAL_ACCEPTED \"InputForm[{93, CutIntegral[\"R09\", {1, 1, 1, 1}]}]\" seconds \"0.251879`5.852736953910719\" bytes \"732248\n"
"kernel 1 (localhost):"
"\"REAL_MASTER_COEFFICIENT \"\"Hgg\"\" \"93\" \"InputForm[CutIntegral[\"R10\", {1, 1, 1, 1}]]\n"
"kernel 1 (localhost):"
"\"EXACT_POLYNOMIAL_BACKEND_START \"InputForm[{93, CutIntegral[\"R10\", {1, 1, 1, 1}]}]\" terms \"8\" bytes \"45511\n"
"kernel 1 (localhost):"
"\"EXACT_POLYNOMIAL_SUM production_sum 8 8 0.008\\nPASS: exact polynomial comparison backend\\n\"\n"
"kernel 1 (localhost):"
"\"\"\n"
"kernel 1 (localhost):"
"\"EXACT_POLYNOMIAL_ACCEPTED \"InputForm[{93, CutIntegral[\"R10\", {1, 1, 1, 1}]}]\" seconds \"0.2809869999999999999`5.900231221020746\" bytes \"345328\n"
"kernel 1 (localhost):"
"\"PASS: \"\"complete linear reduced coefficient reconstruction\"\n"
"kernel 1 (localhost):"
"\"PASS: \"\"reduced coefficients are scalar rational expressions\"\n"
"kernel 2 (localhost):"
"\"EXACT_POLYNOMIAL_SUM production_sum 16 71 2.034\\nEXACT_POLYNOMIAL_SUM production_sum 32 71 2.312\\nEXACT_POLYNOMIAL_SUM production_sum 48 71 2.526\\nEXACT_POLYNOMIAL_SUM production_sum 64 71 2.726\\nEXACT_POLYNOMIAL_SUM production_sum 71 71 2.794\\nPASS: exact polynomial comparison backend\\n\"\n"
"kernel 2 (localhost):"
"\"\"\n"
"kernel 2 (localhost):"
"\"EXACT_POLYNOMIAL_ACCEPTED \"InputForm[{92, CutIntegral[\"R03\", {1, 1, 0, 1}]}]\" seconds \"9.933195`7.448633954749715\" bytes \"2748320\n"
"kernel 2 (localhost):"
"\"REAL_MASTER_COEFFICIENT \"\"Hgg\"\" \"92\" \"InputForm[CutIntegral[\"R03\", {1, 1, 1, 1}]]\n"
"kernel 2 (localhost):"
"\"EXACT_POLYNOMIAL_BACKEND_START \"InputForm[{92, CutIntegral[\"R03\", {1, 1, 1, 1}]}]\" terms \"2\" bytes \"21451\n"
"kernel 2 (localhost):"
"\"EXACT_POLYNOMIAL_SUM production_sum 2 2 0.012\\nPASS: exact polynomial comparison backend\\n\"\n"
"kernel 2 (localhost):"
"\"\"\n"
"kernel 2 (localhost):"
"\"EXACT_POLYNOMIAL_ACCEPTED \"InputForm[{92, CutIntegral[\"R03\", {1, 1, 1, 1}]}]\" seconds \"0.242833`5.836852698733002\" bytes \"556232\n"
"kernel 2 (localhost):"
"\"REAL_MASTER_COEFFICIENT \"\"Hgg\"\" \"92\" \"InputForm[CutIntegral[\"R04\", {1, 1, 1, 1}]]\n"
"kernel 2 (localhost):"
"\"EXACT_POLYNOMIAL_BACKEND_START \"InputForm[{92, CutIntegral[\"R04\", {1, 1, 1, 1}]}]\" terms \"8\" bytes \"95165\n"
"kernel 2 (localhost):"
"\"EXACT_POLYNOMIAL_SUM production_sum 8 8 0.02\\nPASS: exact polynomial comparison backend\\n\"\n"
"kernel 2 (localhost):"
"\"\"\n"
"kernel 2 (localhost):"
"\"EXACT_POLYNOMIAL_ACCEPTED \"InputForm[{92, CutIntegral[\"R04\", {1, 1, 1, 1}]}]\" seconds \"0.405956`6.060023958125534\" bytes \"691896\n"
"kernel 2 (localhost):"
"\"REAL_MASTER_COEFFICIENT \"\"Hgg\"\" \"92\" \"InputForm[CutIntegral[\"R09\", {1, 1, 1, 1}]]\n"
"kernel 2 (localhost):"
"\"EXACT_POLYNOMIAL_BACKEND_START \"InputForm[{92, CutIntegral[\"R09\", {1, 1, 1, 1}]}]\" terms \"2\" bytes \"31435\n"
"kernel 2 (localhost):"
"\"EXACT_POLYNOMIAL_SUM production_sum 2 2 0.015\\nPASS: exact polynomial comparison backend\\n\"\n"
"kernel 2 (localhost):"
"\"\"\n"
"kernel 2 (localhost):"
"\"EXACT_POLYNOMIAL_ACCEPTED \"InputForm[{92, CutIntegral[\"R09\", {1, 1, 1, 1}]}]\" seconds \"0.266015`5.876451119726883\" bytes \"776160\n"
"kernel 2 (localhost):"
"\"REAL_MASTER_COEFFICIENT \"\"Hgg\"\" \"92\" \"InputForm[CutIntegral[\"R10\", {1, 1, 1, 1}]]\n"
"kernel 2 (localhost):"
"\"EXACT_POLYNOMIAL_BACKEND_START \"InputForm[{92, CutIntegral[\"R10\", {1, 1, 1, 1}]}]\" terms \"8\" bytes \"66035\n"
"kernel 2 (localhost):"
"\"EXACT_POLYNOMIAL_SUM production_sum 8 8 0.011\\nPASS: exact polynomial comparison backend\\n\"\n"
"kernel 2 (localhost):"
"\"\"\n"
"kernel 2 (localhost):"
"\"EXACT_POLYNOMIAL_ACCEPTED \"InputForm[{92, CutIntegral[\"R10\", {1, 1, 1, 1}]}]\" seconds \"0.339525`5.982416751382925\" bytes \"432272\n"
"kernel 2 (localhost):"
"\"PASS: \"\"complete linear reduced coefficient reconstruction\"\n"
"kernel 2 (localhost):"
"\"PASS: \"\"reduced coefficients are scalar rational expressions\"\n"
"kernel 1 (localhost):"
"\"REAL_MAP_ACCEPTED \"\"Hgg\"\" \"93\n"
"kernel 1 (localhost):"
"\"PASS: \"\"complete reduced output accepted before storage projection\"\n"
"kernel 1 (localhost):"
"\"PASS: \"\"exact downstream coefficient interface\"\n"
"kernel 1 (localhost):"
"\"REAL_MAP \"\"Hgg\"\" \"94\"/\"98\" \"<|\"Sector\" -> \"Real\", \"Kind\" -> \"ExtendedResponse\", \"Index\" -> {9, 4, 1}|>\" kernel \"1\n"
"kernel 1 (localhost):"
"\"PASS: \"\"exact saved raw file\"\n"
"kernel 1 (localhost):"
"\"PASS: \"\"raw reader returns complete original record\"\n"
"kernel 1 (localhost):"
"\"PASS: \"\"raw component retains executed reconstruction\"\n"
"kernel 1 (localhost):"
"\"PASS: \"\"known rules end in saved masters\"\n"
"kernel 1 (localhost):"
"\"PASS: \"\"exact individual reduction-rule reconstruction\"\n"
"kernel 1 (localhost):"
"\"REAL_MASTER_COEFFICIENT \"\"Hgg\"\" \"94\" \"InputForm[CutIntegral[\"R01\", {1, 1, 0, 0}]]\n"
"kernel 1 (localhost):"
"\"PASS: \"\"exact polynomial transfer supports rational coefficients\"\n"
"kernel 1 (localhost):"
"\"PASS: \"\"unassigned exact polynomial variables\"\n"
"kernel 1 (localhost):"
"\"PASS: \"\"native JSON header shape\"\n"
"kernel 1 (localhost):"
"\"PASS: \"\"complete polynomial variable support\"\n"
"kernel 1 (localhost):"
"\"PASS: \"\"exported polynomial denominator reconstructs\"\n"
"kernel 1 (localhost):"
"\"PASS: \"\"native polynomial text reconstructs\"\n"
"kernel 1 (localhost):"
"\"PASS: \"\"native JSON term reconstructs\"\n"
"kernel 2 (localhost):"
"\"REAL_MAP_ACCEPTED \"\"Hgg\"\" \"92\n"
"kernel 2 (localhost):"
"\"PASS: \"\"complete reduced output accepted before storage projection\"\n"
"kernel 2 (localhost):"
"\"PASS: \"\"exact downstream coefficient interface\"\n"
"kernel 2 (localhost):"
"\"REAL_MAP \"\"Hgg\"\" \"95\"/\"98\" \"<|\"Sector\" -> \"Real\", \"Kind\" -> \"ExtendedResponse\", \"Index\" -> {9, 4, 2}|>\" kernel \"2\n"
"kernel 2 (localhost):"
"\"PASS: \"\"exact saved raw file\"\n"
"kernel 2 (localhost):"
"\"PASS: \"\"raw reader returns complete original record\"\n"
"kernel 2 (localhost):"
"\"PASS: \"\"raw component retains executed reconstruction\"\n"
"kernel 2 (localhost):"
"\"PASS: \"\"known rules end in saved masters\"\n"
"kernel 2 (localhost):"
"\"PASS: \"\"exact individual reduction-rule reconstruction\"\n"
"kernel 2 (localhost):"
"\"REAL_MASTER_COEFFICIENT \"\"Hgg\"\" \"95\" \"InputForm[CutIntegral[\"R01\", {1, 1, 0, 0}]]\n"
"kernel 2 (localhost):"
"\"PASS: \"\"exact polynomial transfer supports rational coefficients\"\n"
"kernel 2 (localhost):"
"\"PASS: \"\"unassigned exact polynomial variables\"\n"
"kernel 2 (localhost):"
"\"PASS: \"\"native JSON header shape\"\n"
"kernel 2 (localhost):"
"\"PASS: \"\"complete polynomial variable support\"\n"
"kernel 2 (localhost):"
"\"PASS: \"\"exported polynomial denominator reconstructs\"\n"
"kernel 2 (localhost):"
"\"PASS: \"\"native polynomial text reconstructs\"\n"
"kernel 2 (localhost):"
"\"PASS: \"\"native JSON term reconstructs\"\n"
"kernel 1 (localhost):"
"\"EXACT_POLYNOMIAL_TRANSFER \"\"production_sum\"\" \"64\"/\"301\n"
"kernel 2 (localhost):"
"\"EXACT_POLYNOMIAL_TRANSFER \"\"production_sum\"\" \"64\"/\"301\n"
"kernel 1 (localhost):"
"\"EXACT_POLYNOMIAL_TRANSFER \"\"production_sum\"\" \"128\"/\"301\n"
"kernel 2 (localhost):"
"\"EXACT_POLYNOMIAL_TRANSFER \"\"production_sum\"\" \"128\"/\"301\n"
"kernel 1 (localhost):"
"\"EXACT_POLYNOMIAL_TRANSFER \"\"production_sum\"\" \"192\"/\"301\n"
"kernel 2 (localhost):"
"\"EXACT_POLYNOMIAL_TRANSFER \"\"production_sum\"\" \"192\"/\"301\n"
"kernel 1 (localhost):"
"\"EXACT_POLYNOMIAL_TRANSFER \"\"production_sum\"\" \"256\"/\"301\n"
"kernel 1 (localhost):"
"\"PASS: \"\"bounded polynomial transfer file\"\n"
"kernel 1 (localhost):"
"\"PASS: \"\"unchanged validated exact backend\"\n"
"kernel 1 (localhost):"
"\"EXACT_POLYNOMIAL_BACKEND_START \"InputForm[{94, CutIntegral[\"R01\", {1, 1, 0, 0}]}]\" terms \"301\" bytes \"18681242\n"
"kernel 2 (localhost):"
"\"EXACT_POLYNOMIAL_TRANSFER \"\"production_sum\"\" \"256\"/\"301\n"
"kernel 2 (localhost):"
"\"PASS: \"\"bounded polynomial transfer file\"\n"
"kernel 2 (localhost):"
"\"PASS: \"\"unchanged validated exact backend\"\n"
"kernel 2 (localhost):"
"\"EXACT_POLYNOMIAL_BACKEND_START \"InputForm[{95, CutIntegral[\"R01\", {1, 1, 0, 0}]}]\" terms \"301\" bytes \"18129807\n"
"kernel 1 (localhost):"
"\"EXACT_POLYNOMIAL_SUM production_sum 16 301 7.507\\nEXACT_POLYNOMIAL_SUM production_sum 32 301 8.957\\nEXACT_POLYNOMIAL_SUM production_sum 48 301 10.279\\nEXACT_POLYNOMIAL_SUM production_sum 64 301 11.753\\nEXACT_POLYNOMIAL_SUM production_sum 80 301 13.224\\nEXACT_POLYNOMIAL_SUM production_sum 96 301 14.556\\nEXACT_POLYNOMIAL_SUM production_sum 112 301 15.627\\nEXACT_POLYNOMIAL_SUM production_sum 128 301 16.823\\nEXACT_POLYNOMIAL_SUM production_sum 144 301 18.364\\nEXACT_POLYNOMIAL_SUM production_sum 160 301 19.895\\nEXACT_POLYNOMIAL_SUM production_sum 176 301 21.251\\nEXACT_POLYNOMIAL_SUM production_sum 192 301 22.594\\nEXACT_POLYNOMIAL_SUM production_sum 208 301 23.528\\nEXACT_POLYNOMIAL_SUM production_sum 224 301 24.435\\nEXACT_POLYNOMIAL_SUM production_sum 240 301 25.959\\nEXACT_POLYNOMIAL_SUM production_sum 256 301 27.327\\nEXACT_POLYNOMIAL_SUM production_sum 272 301 28.635\\nEXACT_POLYNOMIAL_SUM production_sum 288 301 29.688\\nEXACT_POLYNOMIAL_SUM production_sum 301 301 30.379\\nPASS: exact polynomial comparison backend\\n\"\n"
"kernel 1 (localhost):"
"\"\"\n"
"kernel 1 (localhost):"
"\"PASS: \"\"exact production backend completed\"\n"
"kernel 1 (localhost):"
"\"PASS: \"\"exact production backend input and source\"\n"
"kernel 1 (localhost):"
"\"PASS: \"\"complete production termwise reconstruction\"\n"
"kernel 1 (localhost):"
"\"PASS: \"\"exact scalar coefficient import\"\n"
"kernel 1 (localhost):"
"\"EXACT_POLYNOMIAL_ACCEPTED \"InputForm[{94, CutIntegral[\"R01\", {1, 1, 0, 0}]}]\" seconds \"59.227329`8.22406714101591\" bytes \"3596424\n"
"kernel 1 (localhost):"
"\"PASS: \"\"compressed scalar map below file bound\"\n"
"kernel 1 (localhost):"
"\"PASS: \"\"compressed scalar map exact round trip\"\n"
"kernel 1 (localhost):"
"\"PASS: \"\"master coefficient retains exact reconstruction\"\n"
"kernel 1 (localhost):"
"\"REAL_MASTER_COEFFICIENT \"\"Hgg\"\" \"94\" \"InputForm[CutIntegral[\"R01\", {1, 1, 1, 1}]]\n"
"kernel 1 (localhost):"
"\"EXACT_POLYNOMIAL_BACKEND_START \"InputForm[{94, CutIntegral[\"R01\", {1, 1, 1, 1}]}]\" terms \"2\" bytes \"14455\n"
"kernel 1 (localhost):"
"\"EXACT_POLYNOMIAL_SUM production_sum 2 2 0.004\\nPASS: exact polynomial comparison backend\\n\"\n"
"kernel 1 (localhost):"
"\"\"\n"
"kernel 1 (localhost):"
"\"EXACT_POLYNOMIAL_ACCEPTED \"InputForm[{94, CutIntegral[\"R01\", {1, 1, 1, 1}]}]\" seconds \"0.186179`5.721475686798362\" bytes \"84320\n"
"kernel 1 (localhost):"
"\"REAL_MASTER_COEFFICIENT \"\"Hgg\"\" \"94\" \"InputForm[CutIntegral[\"R02\", {1, 1, 1, 1}]]\n"
"kernel 1 (localhost):"
"\"EXACT_POLYNOMIAL_BACKEND_START \"InputForm[{94, CutIntegral[\"R02\", {1, 1, 1, 1}]}]\" terms \"8\" bytes \"113409\n"
"kernel 1 (localhost):"
"\"EXACT_POLYNOMIAL_SUM production_sum 8 8 0.021\\nPASS: exact polynomial comparison backend\\n\"\n"
"kernel 1 (localhost):"
"\"\"\n"
"kernel 1 (localhost):"
"\"EXACT_POLYNOMIAL_ACCEPTED \"InputForm[{94, CutIntegral[\"R02\", {1, 1, 1, 1}]}]\" seconds \"0.404854`6.058843428004417\" bytes \"882528\n"
"kernel 1 (localhost):"
"\"REAL_MASTER_COEFFICIENT \"\"Hgg\"\" \"94\" \"InputForm[CutIntegral[\"R03\", {1, 1, 0, 1}]]\n"
"kernel 2 (localhost):"
"\"EXACT_POLYNOMIAL_SUM production_sum 16 301 7.42\\nEXACT_POLYNOMIAL_SUM production_sum 32 301 8.815\\nEXACT_POLYNOMIAL_SUM production_sum 48 301 10.062\\nEXACT_POLYNOMIAL_SUM production_sum 64 301 11.536\\nEXACT_POLYNOMIAL_SUM production_sum 80 301 12.989\\nEXACT_POLYNOMIAL_SUM production_sum 96 301 14.23\\nEXACT_POLYNOMIAL_SUM production_sum 112 301 15.246\\nEXACT_POLYNOMIAL_SUM production_sum 128 301 16.381\\nEXACT_POLYNOMIAL_SUM production_sum 144 301 17.883\\nEXACT_POLYNOMIAL_SUM production_sum 160 301 19.271\\nEXACT_POLYNOMIAL_SUM production_sum 176 301 20.698\\nEXACT_POLYNOMIAL_SUM production_sum 192 301 22.182\\nEXACT_POLYNOMIAL_SUM production_sum 208 301 23.431\\nEXACT_POLYNOMIAL_SUM production_sum 224 301 24.344\\nEXACT_POLYNOMIAL_SUM production_sum 240 301 25.774\\nEXACT_POLYNOMIAL_SUM production_sum 256 301 26.798\\nEXACT_POLYNOMIAL_SUM production_sum 272 301 27.88\\nEXACT_POLYNOMIAL_SUM production_sum 288 301 28.909\\nEXACT_POLYNOMIAL_SUM production_sum 301 301 29.634\\nPASS: exact polynomial comparison backend\\n\"\n"
"kernel 2 (localhost):"
"\"\"\n"
"kernel 2 (localhost):"
"\"PASS: \"\"exact production backend completed\"\n"
"kernel 2 (localhost):"
"\"PASS: \"\"exact production backend input and source\"\n"
"kernel 2 (localhost):"
"\"PASS: \"\"complete production termwise reconstruction\"\n"
"kernel 2 (localhost):"
"\"PASS: \"\"exact scalar coefficient import\"\n"
"kernel 2 (localhost):"
"\"EXACT_POLYNOMIAL_ACCEPTED \"InputForm[{95, CutIntegral[\"R01\", {1, 1, 0, 0}]}]\" seconds \"57.712594`8.212815588417495\" bytes \"2008296\n"
"kernel 2 (localhost):"
"\"PASS: \"\"compressed scalar map below file bound\"\n"
"kernel 2 (localhost):"
"\"PASS: \"\"compressed scalar map exact round trip\"\n"
"kernel 2 (localhost):"
"\"PASS: \"\"master coefficient retains exact reconstruction\"\n"
"kernel 2 (localhost):"
"\"REAL_MASTER_COEFFICIENT \"\"Hgg\"\" \"95\" \"InputForm[CutIntegral[\"R01\", {1, 1, 1, 1}]]\n"
"kernel 2 (localhost):"
"\"EXACT_POLYNOMIAL_BACKEND_START \"InputForm[{95, CutIntegral[\"R01\", {1, 1, 1, 1}]}]\" terms \"2\" bytes \"11165\n"
"kernel 2 (localhost):"
"\"EXACT_POLYNOMIAL_SUM production_sum 2 2 0.001\\nPASS: exact polynomial comparison backend\\n\"\n"
"kernel 2 (localhost):"
"\"\"\n"
"kernel 2 (localhost):"
"\"EXACT_POLYNOMIAL_ACCEPTED \"InputForm[{95, CutIntegral[\"R01\", {1, 1, 1, 1}]}]\" seconds \"0.188744`5.727418148190265\" bytes \"68104\n"
"kernel 2 (localhost):"
"\"REAL_MASTER_COEFFICIENT \"\"Hgg\"\" \"95\" \"InputForm[CutIntegral[\"R02\", {1, 1, 1, 1}]]\n"
"kernel 2 (localhost):"
"\"EXACT_POLYNOMIAL_BACKEND_START \"InputForm[{95, CutIntegral[\"R02\", {1, 1, 1, 1}]}]\" terms \"8\" bytes \"92851\n"
"kernel 2 (localhost):"
"\"EXACT_POLYNOMIAL_SUM production_sum 8 8 0.018\\nPASS: exact polynomial comparison backend\\n\"\n"
"kernel 2 (localhost):"
"\"\"\n"
"kernel 2 (localhost):"
"\"EXACT_POLYNOMIAL_ACCEPTED \"InputForm[{95, CutIntegral[\"R02\", {1, 1, 1, 1}]}]\" seconds \"0.370933`6.020840465488306\" bytes \"772416\n"
"kernel 2 (localhost):"
"\"REAL_MASTER_COEFFICIENT \"\"Hgg\"\" \"95\" \"InputForm[CutIntegral[\"R03\", {1, 1, 0, 1}]]\n"
"kernel 1 (localhost):"
"\"EXACT_POLYNOMIAL_TRANSFER \"\"production_sum\"\" \"64\"/\"71\n"
"kernel 1 (localhost):"
"\"EXACT_POLYNOMIAL_BACKEND_START \"InputForm[{94, CutIntegral[\"R03\", {1, 1, 0, 1}]}]\" terms \"71\" bytes \"3362859\n"
"kernel 2 (localhost):"
"\"EXACT_POLYNOMIAL_TRANSFER \"\"production_sum\"\" \"64\"/\"71\n"
"kernel 2 (localhost):"
"\"EXACT_POLYNOMIAL_BACKEND_START \"InputForm[{95, CutIntegral[\"R03\", {1, 1, 0, 1}]}]\" terms \"71\" bytes \"3236817\n"
"kernel 1 (localhost):"
"\"EXACT_POLYNOMIAL_SUM production_sum 16 71 1.707\\nEXACT_POLYNOMIAL_SUM production_sum 32 71 1.937\\nEXACT_POLYNOMIAL_SUM production_sum 48 71 2.141\\nEXACT_POLYNOMIAL_SUM production_sum 64 71 2.319\\nEXACT_POLYNOMIAL_SUM production_sum 71 71 2.4\\nPASS: exact polynomial comparison backend\\n\"\n"
"kernel 1 (localhost):"
"\"\"\n"
"kernel 1 (localhost):"
"\"EXACT_POLYNOMIAL_ACCEPTED \"InputForm[{94, CutIntegral[\"R03\", {1, 1, 0, 1}]}]\" seconds \"8.558693`7.383952442025163\" bytes \"3297160\n"
"kernel 1 (localhost):"
"\"REAL_MASTER_COEFFICIENT \"\"Hgg\"\" \"94\" \"InputForm[CutIntegral[\"R03\", {1, 1, 1, 1}]]\n"
"kernel 1 (localhost):"
"\"EXACT_POLYNOMIAL_BACKEND_START \"InputForm[{94, CutIntegral[\"R03\", {1, 1, 1, 1}]}]\" terms \"2\" bytes \"27391\n"
"kernel 1 (localhost):"
"\"EXACT_POLYNOMIAL_SUM production_sum 2 2 0.013\\nPASS: exact polynomial comparison backend\\n\"\n"
"kernel 1 (localhost):"
"\"\"\n"
"kernel 1 (localhost):"
"\"EXACT_POLYNOMIAL_ACCEPTED \"InputForm[{94, CutIntegral[\"R03\", {1, 1, 1, 1}]}]\" seconds \"0.246809`5.843905985887451\" bytes \"685848\n"
"kernel 1 (localhost):"
"\"REAL_MASTER_COEFFICIENT \"\"Hgg\"\" \"94\" \"InputForm[CutIntegral[\"R04\", {1, 1, 1, 1}]]\n"
"kernel 1 (localhost):"
"\"EXACT_POLYNOMIAL_BACKEND_START \"InputForm[{94, CutIntegral[\"R04\", {1, 1, 1, 1}]}]\" terms \"8\" bytes \"96805\n"
"kernel 1 (localhost):"
"\"EXACT_POLYNOMIAL_SUM production_sum 8 8 0.02\\nPASS: exact polynomial comparison backend\\n\"\n"
"kernel 1 (localhost):"
"\"\"\n"
"kernel 1 (localhost):"
"\"EXACT_POLYNOMIAL_ACCEPTED \"InputForm[{94, CutIntegral[\"R04\", {1, 1, 1, 1}]}]\" seconds \"0.375113`6.025707108914179\" bytes \"658008\n"
"kernel 1 (localhost):"
"\"REAL_MASTER_COEFFICIENT \"\"Hgg\"\" \"94\" \"InputForm[CutIntegral[\"R09\", {1, 1, 1, 1}]]\n"
"kernel 1 (localhost):"
"\"EXACT_POLYNOMIAL_BACKEND_START \"InputForm[{94, CutIntegral[\"R09\", {1, 1, 1, 1}]}]\" terms \"2\" bytes \"30593\n"
"kernel 1 (localhost):"
"\"EXACT_POLYNOMIAL_SUM production_sum 2 2 0.013\\nPASS: exact polynomial comparison backend\\n\"\n"
"kernel 1 (localhost):"
"\"\"\n"
"kernel 1 (localhost):"
"\"EXACT_POLYNOMIAL_ACCEPTED \"InputForm[{94, CutIntegral[\"R09\", {1, 1, 1, 1}]}]\" seconds \"0.268336`5.880223935092738\" bytes \"766336\n"
"kernel 2 (localhost):"
"\"EXACT_POLYNOMIAL_SUM production_sum 16 71 1.633\\nEXACT_POLYNOMIAL_SUM production_sum 32 71 1.842\\nEXACT_POLYNOMIAL_SUM production_sum 48 71 2.037\\nEXACT_POLYNOMIAL_SUM production_sum 64 71 2.2\\nEXACT_POLYNOMIAL_SUM production_sum 71 71 2.26\\nPASS: exact polynomial comparison backend\\n\"\n"
"kernel 2 (localhost):"
"\"\"\n"
"kernel 1 (localhost):"
"\"REAL_MASTER_COEFFICIENT \"\"Hgg\"\" \"94\" \"InputForm[CutIntegral[\"R10\", {1, 1, 1, 1}]]\n"
"kernel 2 (localhost):"
"\"EXACT_POLYNOMIAL_ACCEPTED \"InputForm[{95, CutIntegral[\"R03\", {1, 1, 0, 1}]}]\" seconds \"8.076014`7.358742056630063\" bytes \"1882808\n"
"kernel 1 (localhost):"
"\"EXACT_POLYNOMIAL_BACKEND_START \"InputForm[{94, CutIntegral[\"R10\", {1, 1, 1, 1}]}]\" terms \"8\" bytes \"81703\n"
"kernel 2 (localhost):"
"\"REAL_MASTER_COEFFICIENT \"\"Hgg\"\" \"95\" \"InputForm[CutIntegral[\"R03\", {1, 1, 1, 1}]]\n"
"kernel 2 (localhost):"
"\"EXACT_POLYNOMIAL_BACKEND_START \"InputForm[{95, CutIntegral[\"R03\", {1, 1, 1, 1}]}]\" terms \"2\" bytes \"25831\n"
"kernel 1 (localhost):"
"\"EXACT_POLYNOMIAL_SUM production_sum 8 8 0.015\\nPASS: exact polynomial comparison backend\\n\"\n"
"kernel 1 (localhost):"
"\"\"\n"
"kernel 1 (localhost):"
"\"EXACT_POLYNOMIAL_ACCEPTED \"InputForm[{94, CutIntegral[\"R10\", {1, 1, 1, 1}]}]\" seconds \"0.383872`6.035731428903366\" bytes \"587416\n"
"kernel 1 (localhost):"
"\"PASS: \"\"complete linear reduced coefficient reconstruction\"\n"
"kernel 2 (localhost):"
"\"EXACT_POLYNOMIAL_SUM production_sum 2 2 0.013\\nPASS: exact polynomial comparison backend\\n\"\n"
"kernel 2 (localhost):"
"\"\"\n"
"kernel 2 (localhost):"
"\"EXACT_POLYNOMIAL_ACCEPTED \"InputForm[{95, CutIntegral[\"R03\", {1, 1, 1, 1}]}]\" seconds \"0.242312`5.835919915700898\" bytes \"654320\n"
"kernel 1 (localhost):"
"\"PASS: \"\"reduced coefficients are scalar rational expressions\"\n"
"kernel 2 (localhost):"
"\"REAL_MASTER_COEFFICIENT \"\"Hgg\"\" \"95\" \"InputForm[CutIntegral[\"R04\", {1, 1, 1, 1}]]\n"
"kernel 2 (localhost):"
"\"EXACT_POLYNOMIAL_BACKEND_START \"InputForm[{95, CutIntegral[\"R04\", {1, 1, 1, 1}]}]\" terms \"8\" bytes \"70303\n"
"kernel 2 (localhost):"
"\"EXACT_POLYNOMIAL_SUM production_sum 8 8 0.014\\nPASS: exact polynomial comparison backend\\n\"\n"
"kernel 2 (localhost):"
"\"\"\n"
"kernel 2 (localhost):"
"\"EXACT_POLYNOMIAL_ACCEPTED \"InputForm[{95, CutIntegral[\"R04\", {1, 1, 1, 1}]}]\" seconds \"0.360487`6.00843460116428\" bytes \"535904\n"
"kernel 2 (localhost):"
"\"REAL_MASTER_COEFFICIENT \"\"Hgg\"\" \"95\" \"InputForm[CutIntegral[\"R09\", {1, 1, 1, 1}]]\n"
"kernel 2 (localhost):"
"\"EXACT_POLYNOMIAL_BACKEND_START \"InputForm[{95, CutIntegral[\"R09\", {1, 1, 1, 1}]}]\" terms \"2\" bytes \"19957\n"
"kernel 2 (localhost):"
"\"EXACT_POLYNOMIAL_SUM production_sum 2 2 0.008\\nPASS: exact polynomial comparison backend\\n\"\n"
"kernel 2 (localhost):"
"\"\"\n"
"kernel 2 (localhost):"
"\"EXACT_POLYNOMIAL_ACCEPTED \"InputForm[{95, CutIntegral[\"R09\", {1, 1, 1, 1}]}]\" seconds \"0.254927`5.857960828690725\" bytes \"549832\n"
"kernel 2 (localhost):"
"\"REAL_MASTER_COEFFICIENT \"\"Hgg\"\" \"95\" \"InputForm[CutIntegral[\"R10\", {1, 1, 1, 1}]]\n"
"kernel 2 (localhost):"
"\"EXACT_POLYNOMIAL_BACKEND_START \"InputForm[{95, CutIntegral[\"R10\", {1, 1, 1, 1}]}]\" terms \"8\" bytes \"63185\n"
"kernel 2 (localhost):"
"\"EXACT_POLYNOMIAL_SUM production_sum 8 8 0.013\\nPASS: exact polynomial comparison backend\\n\"\n"
"kernel 2 (localhost):"
"\"\"\n"
"kernel 2 (localhost):"
"\"EXACT_POLYNOMIAL_ACCEPTED \"InputForm[{95, CutIntegral[\"R10\", {1, 1, 1, 1}]}]\" seconds \"0.321743`5.95905410044942\" bytes \"486992\n"
"kernel 2 (localhost):"
"\"PASS: \"\"complete linear reduced coefficient reconstruction\"\n"
"kernel 2 (localhost):"
"\"PASS: \"\"reduced coefficients are scalar rational expressions\"\n"
"kernel 1 (localhost):"
"\"REAL_MAP_ACCEPTED \"\"Hgg\"\" \"94\n"
"kernel 1 (localhost):"
"\"PASS: \"\"complete reduced output accepted before storage projection\"\n"
"kernel 1 (localhost):"
"\"PASS: \"\"exact downstream coefficient interface\"\n"
"kernel 1 (localhost):"
"\"REAL_MAP \"\"Hgg\"\" \"96\"/\"98\" \"<|\"Sector\" -> \"Real\", \"Kind\" -> \"ExtendedResponse\", \"Index\" -> {9, 4, 5}|>\" kernel \"1\n"
"kernel 1 (localhost):"
"\"PASS: \"\"exact saved raw file\"\n"
"kernel 2 (localhost):"
"\"REAL_MAP_ACCEPTED \"\"Hgg\"\" \"95\n"
"kernel 2 (localhost):"
"\"PASS: \"\"complete reduced output accepted before storage projection\"\n"
"kernel 2 (localhost):"
"\"PASS: \"\"exact downstream coefficient interface\"\n"
"kernel 2 (localhost):"
"\"REAL_MAP \"\"Hgg\"\" \"97\"/\"98\" \"<|\"Sector\" -> \"Real\", \"Kind\" -> \"ExtendedResponse\", \"Index\" -> {9, 5, 4}|>\" kernel \"2\n"
"kernel 2 (localhost):"
"\"PASS: \"\"exact saved raw file\"\n"
"kernel 1 (localhost):"
"\"PASS: \"\"raw reader returns complete original record\"\n"
"kernel 1 (localhost):"
"\"PASS: \"\"raw component retains executed reconstruction\"\n"
"kernel 1 (localhost):"
"\"PASS: \"\"known rules end in saved masters\"\n"
"kernel 1 (localhost):"
"\"PASS: \"\"exact individual reduction-rule reconstruction\"\n"
"kernel 1 (localhost):"
"\"REAL_MASTER_COEFFICIENT \"\"Hgg\"\" \"96\" \"InputForm[CutIntegral[\"R01\", {1, 1, 0, 0}]]\n"
"kernel 2 (localhost):"
"\"PASS: \"\"raw reader returns complete original record\"\n"
"kernel 2 (localhost):"
"\"PASS: \"\"raw component retains executed reconstruction\"\n"
"kernel 1 (localhost):"
"\"PASS: \"\"exact polynomial transfer supports rational coefficients\"\n"
"kernel 1 (localhost):"
"\"PASS: \"\"unassigned exact polynomial variables\"\n"
"kernel 1 (localhost):"
"\"PASS: \"\"native JSON header shape\"\n"
"kernel 2 (localhost):"
"\"PASS: \"\"known rules end in saved masters\"\n"
"kernel 2 (localhost):"
"\"PASS: \"\"exact individual reduction-rule reconstruction\"\n"
"kernel 2 (localhost):"
"\"REAL_MASTER_COEFFICIENT \"\"Hgg\"\" \"97\" \"InputForm[CutIntegral[\"R01\", {1, 1, 0, 0}]]\n"
"kernel 1 (localhost):"
"\"PASS: \"\"complete polynomial variable support\"\n"
"kernel 1 (localhost):"
"\"PASS: \"\"exported polynomial denominator reconstructs\"\n"
"kernel 1 (localhost):"
"\"PASS: \"\"native polynomial text reconstructs\"\n"
"kernel 1 (localhost):"
"\"PASS: \"\"native JSON term reconstructs\"\n"
"kernel 2 (localhost):"
"\"PASS: \"\"exact polynomial transfer supports rational coefficients\"\n"
"kernel 2 (localhost):"
"\"PASS: \"\"unassigned exact polynomial variables\"\n"
"kernel 2 (localhost):"
"\"PASS: \"\"native JSON header shape\"\n"
"kernel 2 (localhost):"
"\"PASS: \"\"complete polynomial variable support\"\n"
"kernel 2 (localhost):"
"\"PASS: \"\"exported polynomial denominator reconstructs\"\n"
"kernel 2 (localhost):"
"\"PASS: \"\"native polynomial text reconstructs\"\n"
"kernel 2 (localhost):"
"\"PASS: \"\"native JSON term reconstructs\"\n"
"kernel 2 (localhost):"
"\"EXACT_POLYNOMIAL_TRANSFER \"\"production_sum\"\" \"64\"/\"294\n"
"kernel 1 (localhost):"
"\"EXACT_POLYNOMIAL_TRANSFER \"\"production_sum\"\" \"64\"/\"298\n"
"kernel 2 (localhost):"
"\"EXACT_POLYNOMIAL_TRANSFER \"\"production_sum\"\" \"128\"/\"294\n"
"kernel 1 (localhost):"
"\"EXACT_POLYNOMIAL_TRANSFER \"\"production_sum\"\" \"128\"/\"298\n"
"kernel 2 (localhost):"
"\"EXACT_POLYNOMIAL_TRANSFER \"\"production_sum\"\" \"192\"/\"294\n"
"kernel 2 (localhost):"
"\"EXACT_POLYNOMIAL_TRANSFER \"\"production_sum\"\" \"256\"/\"294\n"
"kernel 2 (localhost):"
"\"PASS: \"\"bounded polynomial transfer file\"\n"
"kernel 2 (localhost):"
"\"PASS: \"\"unchanged validated exact backend\"\n"
"kernel 2 (localhost):"
"\"EXACT_POLYNOMIAL_BACKEND_START \"InputForm[{97, CutIntegral[\"R01\", {1, 1, 0, 0}]}]\" terms \"294\" bytes \"8841459\n"
"kernel 1 (localhost):"
"\"EXACT_POLYNOMIAL_TRANSFER \"\"production_sum\"\" \"192\"/\"298\n"
"kernel 1 (localhost):"
"\"EXACT_POLYNOMIAL_TRANSFER \"\"production_sum\"\" \"256\"/\"298\n"
"kernel 1 (localhost):"
"\"PASS: \"\"bounded polynomial transfer file\"\n"
"kernel 1 (localhost):"
"\"PASS: \"\"unchanged validated exact backend\"\n"
"kernel 1 (localhost):"
"\"EXACT_POLYNOMIAL_BACKEND_START \"InputForm[{96, CutIntegral[\"R01\", {1, 1, 0, 0}]}]\" terms \"298\" bytes \"11999869\n"
"kernel 2 (localhost):"
"\"EXACT_POLYNOMIAL_SUM production_sum 16 294 4.077\\nEXACT_POLYNOMIAL_SUM production_sum 32 294 4.458\\nEXACT_POLYNOMIAL_SUM production_sum 48 294 4.984\\nEXACT_POLYNOMIAL_SUM production_sum 64 294 5.425\\nEXACT_POLYNOMIAL_SUM production_sum 80 294 5.922\\nEXACT_POLYNOMIAL_SUM production_sum 96 294 6.399\\nEXACT_POLYNOMIAL_SUM production_sum 112 294 6.912\\nEXACT_POLYNOMIAL_SUM production_sum 128 294 7.394\\nEXACT_POLYNOMIAL_SUM production_sum 144 294 7.866\\nEXACT_POLYNOMIAL_SUM production_sum 160 294 8.333\\nEXACT_POLYNOMIAL_SUM production_sum 176 294 8.8\\nEXACT_POLYNOMIAL_SUM production_sum 192 294 9.295\\nEXACT_POLYNOMIAL_SUM production_sum 208 294 9.764\\nEXACT_POLYNOMIAL_SUM production_sum 224 294 10.133\\nEXACT_POLYNOMIAL_SUM production_sum 240 294 10.443\\nEXACT_POLYNOMIAL_SUM production_sum 256 294 10.744\\nEXACT_POLYNOMIAL_SUM production_sum 272 294 11.104\\nEXACT_POLYNOMIAL_SUM production_sum 288 294 11.357\\nEXACT_POLYNOMIAL_SUM production_sum 294 294 11.415\\nPASS: exact polynomial comparison backend\\n\"\n"
"kernel 2 (localhost):"
"\"\"\n"
"kernel 2 (localhost):"
"\"PASS: \"\"exact production backend completed\"\n"
"kernel 2 (localhost):"
"\"PASS: \"\"exact production backend input and source\"\n"
"kernel 2 (localhost):"
"\"PASS: \"\"complete production termwise reconstruction\"\n"
"kernel 2 (localhost):"
"\"PASS: \"\"exact scalar coefficient import\"\n"
"kernel 2 (localhost):"
"\"EXACT_POLYNOMIAL_ACCEPTED \"InputForm[{97, CutIntegral[\"R01\", {1, 1, 0, 0}]}]\" seconds \"26.577865`7.8760650846264015\" bytes \"1861520\n"
"kernel 2 (localhost):"
"\"PASS: \"\"compressed scalar map below file bound\"\n"
"kernel 2 (localhost):"
"\"PASS: \"\"compressed scalar map exact round trip\"\n"
"kernel 2 (localhost):"
"\"PASS: \"\"master coefficient retains exact reconstruction\"\n"
"kernel 2 (localhost):"
"\"REAL_MASTER_COEFFICIENT \"\"Hgg\"\" \"97\" \"InputForm[CutIntegral[\"R01\", {1, 1, 1, 1}]]\n"
"kernel 2 (localhost):"
"\"EXACT_POLYNOMIAL_BACKEND_START \"InputForm[{97, CutIntegral[\"R01\", {1, 1, 1, 1}]}]\" terms \"2\" bytes \"11889\n"
"kernel 2 (localhost):"
"\"EXACT_POLYNOMIAL_SUM production_sum 2 2 0.002\\nPASS: exact polynomial comparison backend\\n\"\n"
"kernel 2 (localhost):"
"\"\"\n"
"kernel 2 (localhost):"
"\"EXACT_POLYNOMIAL_ACCEPTED \"InputForm[{97, CutIntegral[\"R01\", {1, 1, 1, 1}]}]\" seconds \"0.178652`5.703552875966155\" bytes \"95488\n"
"kernel 2 (localhost):"
"\"REAL_MASTER_COEFFICIENT \"\"Hgg\"\" \"97\" \"InputForm[CutIntegral[\"R02\", {1, 1, 1, 1}]]\n"
"kernel 2 (localhost):"
"\"EXACT_POLYNOMIAL_BACKEND_START \"InputForm[{97, CutIntegral[\"R02\", {1, 1, 1, 1}]}]\" terms \"8\" bytes \"93841\n"
"kernel 2 (localhost):"
"\"EXACT_POLYNOMIAL_SUM production_sum 8 8 0.019\\nPASS: exact polynomial comparison backend\\n\"\n"
"kernel 2 (localhost):"
"\"\"\n"
"kernel 2 (localhost):"
"\"EXACT_POLYNOMIAL_ACCEPTED \"InputForm[{97, CutIntegral[\"R02\", {1, 1, 1, 1}]}]\" seconds \"0.366721`6.015880773712876\" bytes \"750464\n"
"kernel 2 (localhost):"
"\"REAL_MASTER_COEFFICIENT \"\"Hgg\"\" \"97\" \"InputForm[CutIntegral[\"R03\", {1, 1, 0, 1}]]\n"
"kernel 2 (localhost):"
"\"EXACT_POLYNOMIAL_TRANSFER \"\"production_sum\"\" \"64\"/\"68\n"
"kernel 2 (localhost):"
"\"EXACT_POLYNOMIAL_BACKEND_START \"InputForm[{97, CutIntegral[\"R03\", {1, 1, 0, 1}]}]\" terms \"68\" bytes \"1668079\n"
"kernel 2 (localhost):"
"\"EXACT_POLYNOMIAL_SUM production_sum 16 68 1.06\\nEXACT_POLYNOMIAL_SUM production_sum 32 68 1.118\\nEXACT_POLYNOMIAL_SUM production_sum 48 68 1.17\\nEXACT_POLYNOMIAL_SUM production_sum 64 68 1.238\\nEXACT_POLYNOMIAL_SUM production_sum 68 68 1.251\\nPASS: exact polynomial comparison backend\\n\"\n"
"kernel 2 (localhost):"
"\"\"\n"
"kernel 2 (localhost):"
"\"EXACT_POLYNOMIAL_ACCEPTED \"InputForm[{97, CutIntegral[\"R03\", {1, 1, 0, 1}]}]\" seconds \"4.549546`7.109513053992151\" bytes \"2146960\n"
"kernel 2 (localhost):"
"\"REAL_MASTER_COEFFICIENT \"\"Hgg\"\" \"97\" \"InputForm[CutIntegral[\"R03\", {1, 1, 1, 1}]]\n"
"kernel 2 (localhost):"
"\"EXACT_POLYNOMIAL_BACKEND_START \"InputForm[{97, CutIntegral[\"R03\", {1, 1, 1, 1}]}]\" terms \"2\" bytes \"18133\n"
"kernel 2 (localhost):"
"\"EXACT_POLYNOMIAL_SUM production_sum 2 2 0.012\\nPASS: exact polynomial comparison backend\\n\"\n"
"kernel 2 (localhost):"
"\"\"\n"
"kernel 2 (localhost):"
"\"EXACT_POLYNOMIAL_ACCEPTED \"InputForm[{97, CutIntegral[\"R03\", {1, 1, 1, 1}]}]\" seconds \"0.226973`5.807519191444933\" bytes \"669664\n"
"kernel 2 (localhost):"
"\"REAL_MASTER_COEFFICIENT \"\"Hgg\"\" \"97\" \"InputForm[CutIntegral[\"R04\", {1, 1, 1, 1}]]\n"
"kernel 2 (localhost):"
"\"EXACT_POLYNOMIAL_BACKEND_START \"InputForm[{97, CutIntegral[\"R04\", {1, 1, 1, 1}]}]\" terms \"8\" bytes \"95017\n"
"kernel 2 (localhost):"
"\"EXACT_POLYNOMIAL_SUM production_sum 8 8 0.027\\nPASS: exact polynomial comparison backend\\n\"\n"
"kernel 2 (localhost):"
"\"\"\n"
"kernel 2 (localhost):"
"\"EXACT_POLYNOMIAL_ACCEPTED \"InputForm[{97, CutIntegral[\"R04\", {1, 1, 1, 1}]}]\" seconds \"0.414897`6.069485288078729\" bytes \"844088\n"
"kernel 2 (localhost):"
"\"REAL_MASTER_COEFFICIENT \"\"Hgg\"\" \"97\" \"InputForm[CutIntegral[\"R09\", {1, 1, 1, 1}]]\n"
"kernel 2 (localhost):"
"\"EXACT_POLYNOMIAL_BACKEND_START \"InputForm[{97, CutIntegral[\"R09\", {1, 1, 1, 1}]}]\" terms \"2\" bytes \"30365\n"
"kernel 2 (localhost):"
"\"EXACT_POLYNOMIAL_SUM production_sum 2 2 0.018\\nPASS: exact polynomial comparison backend\\n\"\n"
"kernel 2 (localhost):"
"\"\"\n"
"kernel 2 (localhost):"
"\"EXACT_POLYNOMIAL_ACCEPTED \"InputForm[{97, CutIntegral[\"R09\", {1, 1, 1, 1}]}]\" seconds \"0.261566`5.8691262844783525\" bytes \"1017024\n"
"kernel 2 (localhost):"
"\"REAL_MASTER_COEFFICIENT \"\"Hgg\"\" \"97\" \"InputForm[CutIntegral[\"R10\", {1, 1, 1, 1}]]\n"
"kernel 2 (localhost):"
"\"EXACT_POLYNOMIAL_BACKEND_START \"InputForm[{97, CutIntegral[\"R10\", {1, 1, 1, 1}]}]\" terms \"8\" bytes \"61261\n"
"kernel 2 (localhost):"
"\"EXACT_POLYNOMIAL_SUM production_sum 8 8 0.015\\nPASS: exact polynomial comparison backend\\n\"\n"
"kernel 2 (localhost):"
"\"\"\n"
"kernel 2 (localhost):"
"\"EXACT_POLYNOMIAL_ACCEPTED \"InputForm[{97, CutIntegral[\"R10\", {1, 1, 1, 1}]}]\" seconds \"0.325706`5.964370752499563\" bytes \"479512\n"
"kernel 2 (localhost):"
"\"PASS: \"\"complete linear reduced coefficient reconstruction\"\n"
"kernel 2 (localhost):"
"\"PASS: \"\"reduced coefficients are scalar rational expressions\"\n"
"kernel 1 (localhost):"
"\"EXACT_POLYNOMIAL_SUM production_sum 16 298 5.249\\nEXACT_POLYNOMIAL_SUM production_sum 32 298 5.79\\nEXACT_POLYNOMIAL_SUM production_sum 48 298 6.31\\nEXACT_POLYNOMIAL_SUM production_sum 64 298 6.803\\nEXACT_POLYNOMIAL_SUM production_sum 80 298 7.361\\nEXACT_POLYNOMIAL_SUM production_sum 96 298 7.972\\nEXACT_POLYNOMIAL_SUM production_sum 112 298 8.568\\nEXACT_POLYNOMIAL_SUM production_sum 128 298 9.182\\nEXACT_POLYNOMIAL_SUM production_sum 144 298 9.803\\nEXACT_POLYNOMIAL_SUM production_sum 160 298 10.4\\nEXACT_POLYNOMIAL_SUM production_sum 176 298 11.042\\nEXACT_POLYNOMIAL_SUM production_sum 192 298 11.639\\nEXACT_POLYNOMIAL_SUM production_sum 208 298 12.102\\nEXACT_POLYNOMIAL_SUM production_sum 224 298 12.524\\nEXACT_POLYNOMIAL_SUM production_sum 240 298 13.058\\nEXACT_POLYNOMIAL_SUM production_sum 256 298 13.442\\nEXACT_POLYNOMIAL_SUM production_sum 272 298 13.886\\nEXACT_POLYNOMIAL_SUM production_sum 288 298 14.303\\nEXACT_POLYNOMIAL_SUM production_sum 298 298 14.543\\nPASS: exact polynomial comparison backend\\n\"\n"
"kernel 1 (localhost):"
"\"\"\n"
"kernel 1 (localhost):"
"\"PASS: \"\"exact production backend completed\"\n"
"kernel 1 (localhost):"
"\"PASS: \"\"exact production backend input and source\"\n"
"kernel 1 (localhost):"
"\"PASS: \"\"complete production termwise reconstruction\"\n"
"kernel 1 (localhost):"
"\"PASS: \"\"exact scalar coefficient import\"\n"
"kernel 1 (localhost):"
"\"EXACT_POLYNOMIAL_ACCEPTED \"InputForm[{96, CutIntegral[\"R01\", {1, 1, 0, 0}]}]\" seconds \"34.682369`7.991653748058191\" bytes \"2252848\n"
"kernel 1 (localhost):"
"\"PASS: \"\"compressed scalar map below file bound\"\n"
"kernel 1 (localhost):"
"\"PASS: \"\"compressed scalar map exact round trip\"\n"
"kernel 1 (localhost):"
"\"PASS: \"\"master coefficient retains exact reconstruction\"\n"
"kernel 1 (localhost):"
"\"REAL_MASTER_COEFFICIENT \"\"Hgg\"\" \"96\" \"InputForm[CutIntegral[\"R01\", {1, 1, 1, 1}]]\n"
"kernel 1 (localhost):"
"\"EXACT_POLYNOMIAL_BACKEND_START \"InputForm[{96, CutIntegral[\"R01\", {1, 1, 1, 1}]}]\" terms \"2\" bytes \"6881\n"
"kernel 1 (localhost):"
"\"EXACT_POLYNOMIAL_SUM production_sum 2 2 0.001\\nPASS: exact polynomial comparison backend\\n\"\n"
"kernel 1 (localhost):"
"\"\"\n"
"kernel 1 (localhost):"
"\"EXACT_POLYNOMIAL_ACCEPTED \"InputForm[{96, CutIntegral[\"R01\", {1, 1, 1, 1}]}]\" seconds \"0.163388`5.664765150189566\" bytes \"54152\n"
"kernel 1 (localhost):"
"\"REAL_MASTER_COEFFICIENT \"\"Hgg\"\" \"96\" \"InputForm[CutIntegral[\"R02\", {1, 1, 1, 1}]]\n"
"kernel 1 (localhost):"
"\"EXACT_POLYNOMIAL_BACKEND_START \"InputForm[{96, CutIntegral[\"R02\", {1, 1, 1, 1}]}]\" terms \"8\" bytes \"116401\n"
"kernel 1 (localhost):"
"\"EXACT_POLYNOMIAL_SUM production_sum 8 8 0.03\\nPASS: exact polynomial comparison backend\\n\"\n"
"kernel 1 (localhost):"
"\"\"\n"
"kernel 1 (localhost):"
"\"EXACT_POLYNOMIAL_ACCEPTED \"InputForm[{96, CutIntegral[\"R02\", {1, 1, 1, 1}]}]\" seconds \"0.432053`6.087082018541664\" bytes \"948840\n"
"kernel 1 (localhost):"
"\"REAL_MASTER_COEFFICIENT \"\"Hgg\"\" \"96\" \"InputForm[CutIntegral[\"R03\", {1, 1, 0, 1}]]\n"
"kernel 2 (localhost):"
"\"REAL_MAP_ACCEPTED \"\"Hgg\"\" \"97\n"
"kernel 2 (localhost):"
"\"PASS: \"\"complete reduced output accepted before storage projection\"\n"
"kernel 2 (localhost):"
"\"PASS: \"\"exact downstream coefficient interface\"\n"
"kernel 2 (localhost):"
"\"REAL_MAP \"\"Hgg\"\" \"98\"/\"98\" \"<|\"Sector\" -> \"Real\", \"Kind\" -> \"PhotonMetricD\", \"Index\" -> {}|>\" kernel \"2\n"
"kernel 2 (localhost):"
"\"PASS: \"\"exact saved raw file\"\n"
"kernel 1 (localhost):"
"\"EXACT_POLYNOMIAL_TRANSFER \"\"production_sum\"\" \"64\"/\"68\n"
"kernel 1 (localhost):"
"\"EXACT_POLYNOMIAL_BACKEND_START \"InputForm[{96, CutIntegral[\"R03\", {1, 1, 0, 1}]}]\" terms \"68\" bytes \"2170925\n"
"kernel 1 (localhost):"
"\"EXACT_POLYNOMIAL_SUM production_sum 16 68 1.302\\nEXACT_POLYNOMIAL_SUM production_sum 32 68 1.396\\nEXACT_POLYNOMIAL_SUM production_sum 48 68 1.484\\nEXACT_POLYNOMIAL_SUM production_sum 64 68 1.548\\nEXACT_POLYNOMIAL_SUM production_sum 68 68 1.568\\nPASS: exact polynomial comparison backend\\n\"\n"
"kernel 1 (localhost):"
"\"\"\n"
"kernel 1 (localhost):"
"\"EXACT_POLYNOMIAL_ACCEPTED \"InputForm[{96, CutIntegral[\"R03\", {1, 1, 0, 1}]}]\" seconds \"6.165528`7.241515267885555\" bytes \"2597568\n"
"kernel 1 (localhost):"
"\"REAL_MASTER_COEFFICIENT \"\"Hgg\"\" \"96\" \"InputForm[CutIntegral[\"R03\", {1, 1, 1, 1}]]\n"
"kernel 1 (localhost):"
"\"EXACT_POLYNOMIAL_BACKEND_START \"InputForm[{96, CutIntegral[\"R03\", {1, 1, 1, 1}]}]\" terms \"2\" bytes \"27147\n"
"kernel 1 (localhost):"
"\"EXACT_POLYNOMIAL_SUM production_sum 2 2 0.018\\nPASS: exact polynomial comparison backend\\n\"\n"
"kernel 1 (localhost):"
"\"\"\n"
"kernel 1 (localhost):"
"\"EXACT_POLYNOMIAL_ACCEPTED \"InputForm[{96, CutIntegral[\"R03\", {1, 1, 1, 1}]}]\" seconds \"0.249202`5.848096516978604\" bytes \"905232\n"
"kernel 1 (localhost):"
"\"REAL_MASTER_COEFFICIENT \"\"Hgg\"\" \"96\" \"InputForm[CutIntegral[\"R04\", {1, 1, 1, 1}]]\n"
"kernel 1 (localhost):"
"\"EXACT_POLYNOMIAL_BACKEND_START \"InputForm[{96, CutIntegral[\"R04\", {1, 1, 1, 1}]}]\" terms \"8\" bytes \"88433\n"
"kernel 1 (localhost):"
"\"EXACT_POLYNOMIAL_SUM production_sum 8 8 0.02\\nPASS: exact polynomial comparison backend\\n\"\n"
"kernel 1 (localhost):"
"\"\"\n"
"kernel 1 (localhost):"
"\"EXACT_POLYNOMIAL_ACCEPTED \"InputForm[{96, CutIntegral[\"R04\", {1, 1, 1, 1}]}]\" seconds \"0.409863`6.064183708052751\" bytes \"713728\n"
"kernel 1 (localhost):"
"\"REAL_MASTER_COEFFICIENT \"\"Hgg\"\" \"96\" \"InputForm[CutIntegral[\"R09\", {1, 1, 1, 1}]]\n"
"kernel 1 (localhost):"
"\"EXACT_POLYNOMIAL_BACKEND_START \"InputForm[{96, CutIntegral[\"R09\", {1, 1, 1, 1}]}]\" terms \"2\" bytes \"18577\n"
"kernel 1 (localhost):"
"\"EXACT_POLYNOMIAL_SUM production_sum 2 2 0.012\\nPASS: exact polynomial comparison backend\\n\"\n"
"kernel 1 (localhost):"
"\"\"\n"
"kernel 1 (localhost):"
"\"EXACT_POLYNOMIAL_ACCEPTED \"InputForm[{96, CutIntegral[\"R09\", {1, 1, 1, 1}]}]\" seconds \"0.25277`5.854270521937057\" bytes \"670600\n"
"kernel 1 (localhost):"
"\"REAL_MASTER_COEFFICIENT \"\"Hgg\"\" \"96\" \"InputForm[CutIntegral[\"R10\", {1, 1, 1, 1}]]\n"
"kernel 1 (localhost):"
"\"EXACT_POLYNOMIAL_BACKEND_START \"InputForm[{96, CutIntegral[\"R10\", {1, 1, 1, 1}]}]\" terms \"8\" bytes \"80937\n"
"kernel 1 (localhost):"
"\"EXACT_POLYNOMIAL_SUM production_sum 8 8 0.027\\nPASS: exact polynomial comparison backend\\n\"\n"
"kernel 1 (localhost):"
"\"\"\n"
"kernel 1 (localhost):"
"\"EXACT_POLYNOMIAL_ACCEPTED \"InputForm[{96, CutIntegral[\"R10\", {1, 1, 1, 1}]}]\" seconds \"0.41178`6.066210242770288\" bytes \"710736\n"
"kernel 1 (localhost):"
"\"PASS: \"\"complete linear reduced coefficient reconstruction\"\n"
"kernel 1 (localhost):"
"\"PASS: \"\"reduced coefficients are scalar rational expressions\"\n"
"kernel 1 (localhost):"
"\"REAL_MAP_ACCEPTED \"\"Hgg\"\" \"96\n"
"kernel 1 (localhost):"
"\"PASS: \"\"complete reduced output accepted before storage projection\"\n"
"kernel 1 (localhost):"
"\"PASS: \"\"exact downstream coefficient interface\"\n"
"kernel 2 (localhost):"
"\"PASS: \"\"raw reader returns complete original record\"\n"
"kernel 2 (localhost):"
"\"PASS: \"\"raw component retains executed reconstruction\"\n"
"kernel 2 (localhost):"
"\"PASS: \"\"known rules end in saved masters\"\n"
"kernel 2 (localhost):"
"\"PASS: \"\"exact individual reduction-rule reconstruction\"\n"
"kernel 2 (localhost):"
"\"REAL_MASTER_COEFFICIENT \"\"Hgg\"\" \"98\" \"InputForm[CutIntegral[\"R01\", {1, 1, 0, 0}]]\n"
"kernel 2 (localhost):"
"\"PASS: \"\"exact polynomial transfer supports rational coefficients\"\n"
"kernel 2 (localhost):"
"\"PASS: \"\"unassigned exact polynomial variables\"\n"
"kernel 2 (localhost):"
"\"PASS: \"\"native JSON header shape\"\n"
"kernel 2 (localhost):"
"\"PASS: \"\"complete polynomial variable support\"\n"
"kernel 2 (localhost):"
"\"PASS: \"\"exported polynomial denominator reconstructs\"\n"
"kernel 2 (localhost):"
"\"PASS: \"\"native polynomial text reconstructs\"\n"
"kernel 2 (localhost):"
"\"PASS: \"\"native JSON term reconstructs\"\n"
"kernel 2 (localhost):"
"\"EXACT_POLYNOMIAL_TRANSFER \"\"production_sum\"\" \"64\"/\"229\n"
"kernel 2 (localhost):"
"\"EXACT_POLYNOMIAL_TRANSFER \"\"production_sum\"\" \"128\"/\"229\n"
"kernel 2 (localhost):"
"\"EXACT_POLYNOMIAL_TRANSFER \"\"production_sum\"\" \"192\"/\"229\n"
"kernel 2 (localhost):"
"\"PASS: \"\"bounded polynomial transfer file\"\n"
"kernel 2 (localhost):"
"\"PASS: \"\"unchanged validated exact backend\"\n"
"kernel 2 (localhost):"
"\"EXACT_POLYNOMIAL_BACKEND_START \"InputForm[{98, CutIntegral[\"R01\", {1, 1, 0, 0}]}]\" terms \"229\" bytes \"328162496\n"
"kernel 2 (localhost):"
"\"EXACT_POLYNOMIAL_SUM production_sum 16 229 91.128\\nEXACT_POLYNOMIAL_SUM production_sum 32 229 106.655\\nEXACT_POLYNOMIAL_SUM production_sum 48 229 122.052\\nEXACT_POLYNOMIAL_SUM production_sum 64 229 138.765\\nEXACT_POLYNOMIAL_SUM production_sum 80 229 154.644\\nEXACT_POLYNOMIAL_SUM production_sum 96 229 167.874\\nEXACT_POLYNOMIAL_SUM production_sum 112 229 182.453\\nEXACT_POLYNOMIAL_SUM production_sum 128 229 195.703\\nEXACT_POLYNOMIAL_SUM production_sum 144 229 210.973\\nEXACT_POLYNOMIAL_SUM production_sum 160 229 220.104\\nEXACT_POLYNOMIAL_SUM production_sum 176 229 227.491\\nEXACT_POLYNOMIAL_SUM production_sum 192 229 237.708\\nEXACT_POLYNOMIAL_SUM production_sum 208 229 245.103\\nEXACT_POLYNOMIAL_SUM production_sum 224 229 253.162\\nEXACT_POLYNOMIAL_SUM production_sum 229 229 254.262\\nPASS: exact polynomial comparison backend\\n\"\n"
"kernel 2 (localhost):"
"\"\"\n"
"kernel 2 (localhost):"
"\"PASS: \"\"exact production backend completed\"\n"
"kernel 2 (localhost):"
"\"PASS: \"\"exact production backend input and source\"\n"
"kernel 2 (localhost):"
"\"PASS: \"\"complete production termwise reconstruction\"\n"
"kernel 2 (localhost):"
"\"PASS: \"\"exact scalar coefficient import\"\n"
"kernel 2 (localhost):"
"\"EXACT_POLYNOMIAL_ACCEPTED \"InputForm[{98, CutIntegral[\"R01\", {1, 1, 0, 0}]}]\" seconds \"1300.987761`9.56581820446558\" bytes \"43548072\n"
"kernel 2 (localhost):"
"\"PASS: \"\"compressed scalar map below file bound\"\n"
"kernel 2 (localhost):"
"\"PASS: \"\"compressed scalar map exact round trip\"\n"
"kernel 2 (localhost):"
"\"PASS: \"\"master coefficient retains exact reconstruction\"\n"
"kernel 2 (localhost):"
"\"REAL_MASTER_COEFFICIENT \"\"Hgg\"\" \"98\" \"InputForm[CutIntegral[\"R01\", {1, 1, 1, 1}]]\n"
"kernel 2 (localhost):"
"\"EXACT_POLYNOMIAL_BACKEND_START \"InputForm[{98, CutIntegral[\"R01\", {1, 1, 1, 1}]}]\" terms \"2\" bytes \"175021\n"
"kernel 2 (localhost):"
"\"EXACT_POLYNOMIAL_SUM production_sum 2 2 0.021\\nPASS: exact polynomial comparison backend\\n\"\n"
"kernel 2 (localhost):"
"\"\"\n"
"kernel 2 (localhost):"
"\"EXACT_POLYNOMIAL_ACCEPTED \"InputForm[{98, CutIntegral[\"R01\", {1, 1, 1, 1}]}]\" seconds \"0.448007`6.102829793292383\" bytes \"664008\n"
"kernel 2 (localhost):"
"\"REAL_MASTER_COEFFICIENT \"\"Hgg\"\" \"98\" \"InputForm[CutIntegral[\"R02\", {1, 1, 1, 1}]]\n"
"kernel 2 (localhost):"
"\"EXACT_POLYNOMIAL_BACKEND_START \"InputForm[{98, CutIntegral[\"R02\", {1, 1, 1, 1}]}]\" terms \"8\" bytes \"1679539\n"
"kernel 2 (localhost):"
"\"EXACT_POLYNOMIAL_SUM production_sum 8 8 0.215\\nPASS: exact polynomial comparison backend\\n\"\n"
"kernel 2 (localhost):"
"\"\"\n"
"kernel 2 (localhost):"
"\"EXACT_POLYNOMIAL_ACCEPTED \"InputForm[{98, CutIntegral[\"R02\", {1, 1, 1, 1}]}]\" seconds \"3.32711`6.97361215312743\" bytes \"7488896\n"
"kernel 2 (localhost):"
"\"REAL_MASTER_COEFFICIENT \"\"Hgg\"\" \"98\" \"InputForm[CutIntegral[\"R03\", {1, 1, 0, 1}]]\n"
"kernel 2 (localhost):"
"\"EXACT_POLYNOMIAL_BACKEND_START \"InputForm[{98, CutIntegral[\"R03\", {1, 1, 0, 1}]}]\" terms \"63\" bytes \"68585073\n"
"kernel 2 (localhost):"
"\"EXACT_POLYNOMIAL_SUM production_sum 16 63 20.897\\nEXACT_POLYNOMIAL_SUM production_sum 32 63 23.06\\nEXACT_POLYNOMIAL_SUM production_sum 48 63 25.276\\nEXACT_POLYNOMIAL_SUM production_sum 63 63 26.648\\nPASS: exact polynomial comparison backend\\n\"\n"
"kernel 2 (localhost):"
"\"\"\n"
"kernel 2 (localhost):"
"\"EXACT_POLYNOMIAL_ACCEPTED \"InputForm[{98, CutIntegral[\"R03\", {1, 1, 0, 1}]}]\" seconds \"189.847519`8.729949919482456\" bytes \"27884528\n"
"kernel 2 (localhost):"
"\"REAL_MASTER_COEFFICIENT \"\"Hgg\"\" \"98\" \"InputForm[CutIntegral[\"R03\", {1, 1, 1, 1}]]\n"
"kernel 2 (localhost):"
"\"EXACT_POLYNOMIAL_BACKEND_START \"InputForm[{98, CutIntegral[\"R03\", {1, 1, 1, 1}]}]\" terms \"2\" bytes \"392957\n"
"kernel 2 (localhost):"
"\"EXACT_POLYNOMIAL_SUM production_sum 2 2 0.163\\nPASS: exact polynomial comparison backend\\n\"\n"
"kernel 2 (localhost):"
"\"\"\n"
"kernel 2 (localhost):"
"\"EXACT_POLYNOMIAL_ACCEPTED \"InputForm[{98, CutIntegral[\"R03\", {1, 1, 1, 1}]}]\" seconds \"1.311741`6.569393086634126\" bytes \"7153024\n"
"kernel 2 (localhost):"
"\"REAL_MASTER_COEFFICIENT \"\"Hgg\"\" \"98\" \"InputForm[CutIntegral[\"R04\", {1, 1, 1, 1}]]\n"
"kernel 2 (localhost):"
"\"EXACT_POLYNOMIAL_BACKEND_START \"InputForm[{98, CutIntegral[\"R04\", {1, 1, 1, 1}]}]\" terms \"8\" bytes \"1025925\n"
"kernel 2 (localhost):"
"\"EXACT_POLYNOMIAL_SUM production_sum 8 8 0.137\\nPASS: exact polynomial comparison backend\\n\"\n"
"kernel 2 (localhost):"
"\"\"\n"
"kernel 2 (localhost):"
"\"EXACT_POLYNOMIAL_ACCEPTED \"InputForm[{98, CutIntegral[\"R04\", {1, 1, 1, 1}]}]\" seconds \"2.27171`6.807897883282168\" bytes \"4818872\n"
"kernel 2 (localhost):"
"\"REAL_MASTER_COEFFICIENT \"\"Hgg\"\" \"98\" \"InputForm[CutIntegral[\"R09\", {1, 1, 1, 1}]]\n"
"kernel 2 (localhost):"
"\"EXACT_POLYNOMIAL_BACKEND_START \"InputForm[{98, CutIntegral[\"R09\", {1, 1, 1, 1}]}]\" terms \"2\" bytes \"393145\n"
"kernel 2 (localhost):"
"\"EXACT_POLYNOMIAL_SUM production_sum 2 2 0.165\\nPASS: exact polynomial comparison backend\\n\"\n"
"kernel 2 (localhost):"
"\"\"\n"
"kernel 2 (localhost):"
"\"EXACT_POLYNOMIAL_ACCEPTED \"InputForm[{98, CutIntegral[\"R09\", {1, 1, 1, 1}]}]\" seconds \"1.404104`6.59894427005996\" bytes \"7152736\n"
"kernel 2 (localhost):"
"\"REAL_MASTER_COEFFICIENT \"\"Hgg\"\" \"98\" \"InputForm[CutIntegral[\"R10\", {1, 1, 1, 1}]]\n"
"kernel 2 (localhost):"
"\"EXACT_POLYNOMIAL_BACKEND_START \"InputForm[{98, CutIntegral[\"R10\", {1, 1, 1, 1}]}]\" terms \"8\" bytes \"1020777\n"
"kernel 2 (localhost):"
"\"EXACT_POLYNOMIAL_SUM production_sum 8 8 0.148\\nPASS: exact polynomial comparison backend\\n\"\n"
"kernel 2 (localhost):"
"\"\"\n"
"kernel 2 (localhost):"
"\"EXACT_POLYNOMIAL_ACCEPTED \"InputForm[{98, CutIntegral[\"R10\", {1, 1, 1, 1}]}]\" seconds \"2.345491`6.821778764329421\" bytes \"4818920\n"
"kernel 2 (localhost):"
"\"PASS: \"\"complete linear reduced coefficient reconstruction\"\n"
"kernel 2 (localhost):"
"\"PASS: \"\"reduced coefficients are scalar rational expressions\"\n"
"kernel 2 (localhost):"
"\"REAL_MAP_ACCEPTED \"\"Hgg\"\" \"98\n"
"kernel 2 (localhost):"
"\"PASS: \"\"complete reduced output accepted before storage projection\"\n"
"kernel 2 (localhost):"
"\"PASS: \"\"exact downstream coefficient interface\"\n"
"PASS: ""all scalar-map workers accepted"
"PASS: ""complete unchanged raw target inventory"
"PASS: ""all nonzero components mapped"
"PASS: ""compressed scalar map below file bound"
"PASS: ""compressed scalar map exact round trip"
"PASS: local Hgg master coefficients"
