"PASS: ""authorized local finite assembly"
"PASS: ""complete source syntax"
"PASS: ""known assembly channel"
"PASS: ""pinned original final assembly"
"PASS: ""required input common/s02_result/s02_result.wl"
"PASS: ""required input common/s06_result/s06_result.wl"
"PASS: ""accepted spin basis and scalar library"
"PASS: ""s02 pinned library geometry"
"PASS: ""s08 pinned library geometry"
"PASS: ""required input misc/s11_result/s11_result.wl"
"PASS: ""actual accepted local integrated input"
"PASS: ""required input Hgg/s05_result/s05_result.wl"
"PASS: ""own native-subtraction assembly"
"PASS: ""required input Hgg/s11_native_result/s11_result.wl"
"PASS: ""bound accepted native subtraction"
"PASS: ""accepted integrated real tensor"
"PASS: ""accepted real tensor and subtraction"
"PASS: ""same physical spin and photon bases"
"PASS: ""matching explicit regulator scheme"
"PASS: ""pinned Hgg/s14_result/reference/phase_input.json"
"PASS: ""pinned Hgg/s11_result/reference/github_s09_result_s09_result.wl"
"PASS: ""pinned Hgg/s14_result/reference/unpolarized_F1_hat.wl"
"PASS: ""pinned Hgg/s14_result/reference/unpolarized_F2_hat.wl"
"PASS: ""reference hat symbols match inherited conventions"
"PASS: ""original projectors fully resolved"
"PASS: ""linear original scalar projectors"
"PASS: ""released spin tensor preserves exact frame"
"S14_INPUT_RELEASE "InputForm[<|"TensorBytes" -> 8515568, "MemoryBefore" -> 1005271680, "MemoryAfter" -> 997974560|>]
"PASS: ""incoming vector reconstructed in photon frame"
"PASS: ""original hat weights are independent of recoil and branch"
"PASS: ""small counterterm normalization"
"PASS: ""required input Hgg/s01_result/reference/s01_result/s01_inputs/s01_result/real.wl"
"PASS: ""generated fields match momenta"
"PASS: ""one tagged momentum"
"PASS: ""one small-channel sector"
"PASS: ""spectator weight matches contracted tensor"
"PASS: ""original small-channel phase normalization"
"PASS: ""real and subtraction coupling degrees match"
"PASS: ""no mixed color symbol contexts"
"PASS: ""unique integrated physical components"
"PASS: ""accepted reference phase implementation"
"PASS: ""unique original finite export"
"PASS: ""original finite assembly tail syntax"
"PASS: ""unique finite native export"
"PASS: ""unchanged finite assembly with compact storage"
"PASS: ""complete compact finite assembly syntax"
"PASS: ""accepted complete phase optimization"
"PASS: ""exact phase proof source and runtime"
"PASS: ""all original mathematical assembly inputs unchanged"
"PASS: ""pinned original Laurent implementation"
"PASS: ""unique complete Laurent definition"
"PASS: ""unique regulator expansion change"
"PASS: ""entire original Laurent algorithm retained"
"PASS: ""validated complete phase implementation installed"
"PASS: ""original complete assembly source pinned for reuse"
"PASS: ""accepted exact scoped Laurent predicate"
"PASS: ""bound accepted predicate parent generation"
"PASS: ""accepted full-component parent generation"
"PASS: ""accepted exact pole summation proof"
"PASS: ""exact sum proof source and control"
"PASS: ""unique original pole simplifier source"
"PASS: ""all original pole and finite gates retained"
"PASS: ""accepted complete actual final comparison"
"PASS: ""exact reference helper source and runtime"
"PASS: ""unique native Hgg finite export"
"PASS: ""all original final Hgg gates retained"
"PASS: ""pinned accepted finite checkpoint {{1, 1, 1}, 1, \"Delta\"}"
"PASS: ""exact accepted finite checkpoint identity {{1, 1, 1}, 1, \"Delta\"}"
"PASS: ""pinned accepted finite checkpoint {{1, 1, 1}, 1, \"L0\"}"
"PASS: ""exact accepted finite checkpoint identity {{1, 1, 1}, 1, \"L0\"}"
"PASS: ""pinned accepted finite checkpoint {{1, 1, 1}, 1, \"L1\"}"
"PASS: ""exact accepted finite checkpoint identity {{1, 1, 1}, 1, \"L1\"}"
"PASS: ""pinned accepted finite checkpoint {{1, 1, 1}, 1, \"Regular\"}"
"PASS: ""exact accepted finite checkpoint identity {{1, 1, 1}, 1, \"Regular\"}"
"PASS: ""pinned accepted finite checkpoint {{1, 1, 1}, -1, \"Delta\"}"
"PASS: ""exact accepted finite checkpoint identity {{1, 1, 1}, -1, \"Delta\"}"
"PASS: ""pinned accepted finite checkpoint {{1, 1, 1}, -1, \"L0\"}"
"PASS: ""exact accepted finite checkpoint identity {{1, 1, 1}, -1, \"L0\"}"
"PASS: ""pinned accepted finite checkpoint {{1, 1, 1}, -1, \"L1\"}"
"PASS: ""exact accepted finite checkpoint identity {{1, 1, 1}, -1, \"L1\"}"
"PASS: ""pinned accepted finite checkpoint {{1, 1, 1}, -1, \"Regular\"}"
"PASS: ""exact accepted finite checkpoint identity {{1, 1, 1}, -1, \"Regular\"}"
"PASS: ""real endpoint branches share a boundary"
"PASS: ""pinned accepted finite checkpoint {{1, 1, 1}, 0, \"Delta\"}"
"PASS: ""exact accepted finite checkpoint identity {{1, 1, 1}, 0, \"Delta\"}"
"PASS: ""pinned accepted finite checkpoint {{1, 1, 1}, 0, \"L0\"}"
"PASS: ""exact accepted finite checkpoint identity {{1, 1, 1}, 0, \"L0\"}"
"PASS: ""pinned accepted finite checkpoint {{1, 1, 1}, 0, \"L1\"}"
"PASS: ""exact accepted finite checkpoint identity {{1, 1, 1}, 0, \"L1\"}"
"PASS: ""pinned accepted finite checkpoint {{1, 1, 1}, 0, \"Regular\"}"
"PASS: ""exact accepted finite checkpoint identity {{1, 1, 1}, 0, \"Regular\"}"
"PASS: ""finite physical component"
"FINITE_COMPONENT_MEMORY "{1, 1, 1}" before "1046803136" after "1142195896
"PASS: ""pinned accepted finite checkpoint {{1, 1, 2}, 1, \"Delta\"}"
"PASS: ""exact accepted finite checkpoint identity {{1, 1, 2}, 1, \"Delta\"}"
"PASS: ""pinned accepted finite checkpoint {{1, 1, 2}, 1, \"L0\"}"
"PASS: ""exact accepted finite checkpoint identity {{1, 1, 2}, 1, \"L0\"}"
"PASS: ""pinned accepted finite checkpoint {{1, 1, 2}, 1, \"L1\"}"
"PASS: ""exact accepted finite checkpoint identity {{1, 1, 2}, 1, \"L1\"}"
"PASS: ""pinned accepted finite checkpoint {{1, 1, 2}, 1, \"Regular\"}"
"PASS: ""exact accepted finite checkpoint identity {{1, 1, 2}, 1, \"Regular\"}"
"PASS: ""pinned accepted finite checkpoint {{1, 1, 2}, -1, \"Delta\"}"
"PASS: ""exact accepted finite checkpoint identity {{1, 1, 2}, -1, \"Delta\"}"
"PASS: ""pinned accepted finite checkpoint {{1, 1, 2}, -1, \"L0\"}"
"PASS: ""exact accepted finite checkpoint identity {{1, 1, 2}, -1, \"L0\"}"
"PASS: ""pinned accepted finite checkpoint {{1, 1, 2}, -1, \"L1\"}"
"PASS: ""exact accepted finite checkpoint identity {{1, 1, 2}, -1, \"L1\"}"
"PASS: ""pinned accepted finite checkpoint {{1, 1, 2}, -1, \"Regular\"}"
"PASS: ""exact accepted finite checkpoint identity {{1, 1, 2}, -1, \"Regular\"}"
"PASS: ""real endpoint branches share a boundary"
"PASS: ""pinned accepted finite checkpoint {{1, 1, 2}, 0, \"Delta\"}"
"PASS: ""exact accepted finite checkpoint identity {{1, 1, 2}, 0, \"Delta\"}"
"PASS: ""pinned accepted finite checkpoint {{1, 1, 2}, 0, \"L0\"}"
"PASS: ""exact accepted finite checkpoint identity {{1, 1, 2}, 0, \"L0\"}"
"PASS: ""pinned accepted finite checkpoint {{1, 1, 2}, 0, \"L1\"}"
"PASS: ""exact accepted finite checkpoint identity {{1, 1, 2}, 0, \"L1\"}"
"PASS: ""pinned accepted finite checkpoint {{1, 1, 2}, 0, \"Regular\"}"
"PASS: ""exact accepted finite checkpoint identity {{1, 1, 2}, 0, \"Regular\"}"
"PASS: ""finite physical component"
"FINITE_COMPONENT_MEMORY "{1, 1, 2}" before "1142197008" after "1206993928
"PASS: ""pinned accepted finite checkpoint {{1, 1, 3}, 1, \"Delta\"}"
"PASS: ""exact accepted finite checkpoint identity {{1, 1, 3}, 1, \"Delta\"}"
"PASS: ""pinned accepted finite checkpoint {{1, 1, 3}, 1, \"L0\"}"
"PASS: ""exact accepted finite checkpoint identity {{1, 1, 3}, 1, \"L0\"}"
"PASS: ""pinned accepted finite checkpoint {{1, 1, 3}, 1, \"L1\"}"
"PASS: ""exact accepted finite checkpoint identity {{1, 1, 3}, 1, \"L1\"}"
"PASS: ""pinned accepted finite checkpoint {{1, 1, 3}, 1, \"Regular\"}"
"PASS: ""exact accepted finite checkpoint identity {{1, 1, 3}, 1, \"Regular\"}"
"PASS: ""pinned accepted finite checkpoint {{1, 1, 3}, -1, \"Delta\"}"
"PASS: ""exact accepted finite checkpoint identity {{1, 1, 3}, -1, \"Delta\"}"
"PASS: ""pinned accepted finite checkpoint {{1, 1, 3}, -1, \"L0\"}"
"PASS: ""exact accepted finite checkpoint identity {{1, 1, 3}, -1, \"L0\"}"
"PASS: ""pinned accepted finite checkpoint {{1, 1, 3}, -1, \"L1\"}"
"PASS: ""exact accepted finite checkpoint identity {{1, 1, 3}, -1, \"L1\"}"
"PASS: ""pinned accepted finite checkpoint {{1, 1, 3}, -1, \"Regular\"}"
"PASS: ""exact accepted finite checkpoint identity {{1, 1, 3}, -1, \"Regular\"}"
"PASS: ""real endpoint branches share a boundary"
"PASS: ""pinned accepted finite checkpoint {{1, 1, 3}, 0, \"Delta\"}"
"PASS: ""exact accepted finite checkpoint identity {{1, 1, 3}, 0, \"Delta\"}"
"PASS: ""pinned accepted finite checkpoint {{1, 1, 3}, 0, \"L0\"}"
"PASS: ""exact accepted finite checkpoint identity {{1, 1, 3}, 0, \"L0\"}"
"PASS: ""pinned accepted finite checkpoint {{1, 1, 3}, 0, \"L1\"}"
"PASS: ""exact accepted finite checkpoint identity {{1, 1, 3}, 0, \"L1\"}"
"PASS: ""pinned accepted finite checkpoint {{1, 1, 3}, 0, \"Regular\"}"
"PASS: ""exact accepted finite checkpoint identity {{1, 1, 3}, 0, \"Regular\"}"
"PASS: ""finite physical component"
"FINITE_COMPONENT_MEMORY "{1, 1, 3}" before "1206993824" after "1207011632
"PASS: ""pinned accepted finite checkpoint {{1, 1, 4}, 1, \"Delta\"}"
"PASS: ""exact accepted finite checkpoint identity {{1, 1, 4}, 1, \"Delta\"}"
"PASS: ""pinned accepted finite checkpoint {{1, 1, 4}, 1, \"L0\"}"
"PASS: ""exact accepted finite checkpoint identity {{1, 1, 4}, 1, \"L0\"}"
"PASS: ""pinned accepted finite checkpoint {{1, 1, 4}, 1, \"L1\"}"
"PASS: ""exact accepted finite checkpoint identity {{1, 1, 4}, 1, \"L1\"}"
"PASS: ""pinned accepted finite checkpoint {{1, 1, 4}, 1, \"Regular\"}"
"PASS: ""exact accepted finite checkpoint identity {{1, 1, 4}, 1, \"Regular\"}"
"PASS: ""pinned accepted finite checkpoint {{1, 1, 4}, -1, \"Delta\"}"
"PASS: ""exact accepted finite checkpoint identity {{1, 1, 4}, -1, \"Delta\"}"
"PASS: ""pinned accepted finite checkpoint {{1, 1, 4}, -1, \"L0\"}"
"PASS: ""exact accepted finite checkpoint identity {{1, 1, 4}, -1, \"L0\"}"
"PASS: ""pinned accepted finite checkpoint {{1, 1, 4}, -1, \"L1\"}"
"PASS: ""exact accepted finite checkpoint identity {{1, 1, 4}, -1, \"L1\"}"
"PASS: ""pinned accepted finite checkpoint {{1, 1, 4}, -1, \"Regular\"}"
"PASS: ""exact accepted finite checkpoint identity {{1, 1, 4}, -1, \"Regular\"}"
"PASS: ""real endpoint branches share a boundary"
"PASS: ""pinned accepted finite checkpoint {{1, 1, 4}, 0, \"Delta\"}"
"PASS: ""exact accepted finite checkpoint identity {{1, 1, 4}, 0, \"Delta\"}"
"PASS: ""pinned accepted finite checkpoint {{1, 1, 4}, 0, \"L0\"}"
"PASS: ""exact accepted finite checkpoint identity {{1, 1, 4}, 0, \"L0\"}"
"PASS: ""pinned accepted finite checkpoint {{1, 1, 4}, 0, \"L1\"}"
"PASS: ""exact accepted finite checkpoint identity {{1, 1, 4}, 0, \"L1\"}"
"PASS: ""pinned accepted finite checkpoint {{1, 1, 4}, 0, \"Regular\"}"
"PASS: ""exact accepted finite checkpoint identity {{1, 1, 4}, 0, \"Regular\"}"
"PASS: ""finite physical component"
"FINITE_COMPONENT_MEMORY "{1, 1, 4}" before "1207011528" after "1207029816
"PASS: ""pinned accepted finite checkpoint {{1, 2, 1}, 1, \"Delta\"}"
"PASS: ""exact accepted finite checkpoint identity {{1, 2, 1}, 1, \"Delta\"}"
"PASS: ""pinned accepted finite checkpoint {{1, 2, 1}, 1, \"L0\"}"
"PASS: ""exact accepted finite checkpoint identity {{1, 2, 1}, 1, \"L0\"}"
"PASS: ""pinned accepted finite checkpoint {{1, 2, 1}, 1, \"L1\"}"
"PASS: ""exact accepted finite checkpoint identity {{1, 2, 1}, 1, \"L1\"}"
"PASS: ""pinned accepted finite checkpoint {{1, 2, 1}, 1, \"Regular\"}"
"PASS: ""exact accepted finite checkpoint identity {{1, 2, 1}, 1, \"Regular\"}"
"PASS: ""pinned accepted finite checkpoint {{1, 2, 1}, -1, \"Delta\"}"
"PASS: ""exact accepted finite checkpoint identity {{1, 2, 1}, -1, \"Delta\"}"
"PASS: ""pinned accepted finite checkpoint {{1, 2, 1}, -1, \"L0\"}"
"PASS: ""exact accepted finite checkpoint identity {{1, 2, 1}, -1, \"L0\"}"
"PASS: ""pinned accepted finite checkpoint {{1, 2, 1}, -1, \"L1\"}"
"PASS: ""exact accepted finite checkpoint identity {{1, 2, 1}, -1, \"L1\"}"
"PASS: ""pinned accepted finite checkpoint {{1, 2, 1}, -1, \"Regular\"}"
"PASS: ""exact accepted finite checkpoint identity {{1, 2, 1}, -1, \"Regular\"}"
"PASS: ""real endpoint branches share a boundary"
"PASS: ""pinned accepted finite checkpoint {{1, 2, 1}, 0, \"Delta\"}"
"PASS: ""exact accepted finite checkpoint identity {{1, 2, 1}, 0, \"Delta\"}"
"PASS: ""pinned accepted finite checkpoint {{1, 2, 1}, 0, \"L0\"}"
"PASS: ""exact accepted finite checkpoint identity {{1, 2, 1}, 0, \"L0\"}"
"PASS: ""pinned accepted finite checkpoint {{1, 2, 1}, 0, \"L1\"}"
"PASS: ""exact accepted finite checkpoint identity {{1, 2, 1}, 0, \"L1\"}"
"PASS: ""pinned accepted finite checkpoint {{1, 2, 1}, 0, \"Regular\"}"
"PASS: ""exact accepted finite checkpoint identity {{1, 2, 1}, 0, \"Regular\"}"
"PASS: ""finite physical component"
"FINITE_COMPONENT_MEMORY "{1, 2, 1}" before "1207029712" after "1269005152
"PASS: ""pinned accepted finite checkpoint {{1, 2, 2}, 1, \"Delta\"}"
"PASS: ""exact accepted finite checkpoint identity {{1, 2, 2}, 1, \"Delta\"}"
"PASS: ""pinned accepted finite checkpoint {{1, 2, 2}, 1, \"L0\"}"
"PASS: ""exact accepted finite checkpoint identity {{1, 2, 2}, 1, \"L0\"}"
"PASS: ""pinned accepted finite checkpoint {{1, 2, 2}, 1, \"L1\"}"
"PASS: ""exact accepted finite checkpoint identity {{1, 2, 2}, 1, \"L1\"}"
"PASS: ""pinned accepted finite checkpoint {{1, 2, 2}, 1, \"Regular\"}"
"PASS: ""exact accepted finite checkpoint identity {{1, 2, 2}, 1, \"Regular\"}"
"PASS: ""pinned accepted finite checkpoint {{1, 2, 2}, -1, \"Delta\"}"
"PASS: ""exact accepted finite checkpoint identity {{1, 2, 2}, -1, \"Delta\"}"
"PASS: ""pinned accepted finite checkpoint {{1, 2, 2}, -1, \"L0\"}"
"PASS: ""exact accepted finite checkpoint identity {{1, 2, 2}, -1, \"L0\"}"
"PASS: ""pinned accepted finite checkpoint {{1, 2, 2}, -1, \"L1\"}"
"PASS: ""exact accepted finite checkpoint identity {{1, 2, 2}, -1, \"L1\"}"
"PASS: ""pinned accepted finite checkpoint {{1, 2, 2}, -1, \"Regular\"}"
"PASS: ""exact accepted finite checkpoint identity {{1, 2, 2}, -1, \"Regular\"}"
"PASS: ""real endpoint branches share a boundary"
"PASS: ""pinned accepted finite checkpoint {{1, 2, 2}, 0, \"Delta\"}"
"PASS: ""exact accepted finite checkpoint identity {{1, 2, 2}, 0, \"Delta\"}"
"PASS: ""pinned accepted finite checkpoint {{1, 2, 2}, 0, \"L0\"}"
"PASS: ""exact accepted finite checkpoint identity {{1, 2, 2}, 0, \"L0\"}"
"PASS: ""pinned accepted finite checkpoint {{1, 2, 2}, 0, \"L1\"}"
"PASS: ""exact accepted finite checkpoint identity {{1, 2, 2}, 0, \"L1\"}"
"PASS: ""pinned accepted finite checkpoint {{1, 2, 2}, 0, \"Regular\"}"
"PASS: ""exact accepted finite checkpoint identity {{1, 2, 2}, 0, \"Regular\"}"
"PASS: ""finite physical component"
"FINITE_COMPONENT_MEMORY "{1, 2, 2}" before "1269005048" after "1363244504
"PASS: ""pinned accepted finite checkpoint {{1, 2, 3}, 1, \"Delta\"}"
"PASS: ""exact accepted finite checkpoint identity {{1, 2, 3}, 1, \"Delta\"}"
"PASS: ""pinned accepted finite checkpoint {{1, 2, 3}, 1, \"L0\"}"
"PASS: ""exact accepted finite checkpoint identity {{1, 2, 3}, 1, \"L0\"}"
"PASS: ""pinned accepted finite checkpoint {{1, 2, 3}, 1, \"L1\"}"
"PASS: ""exact accepted finite checkpoint identity {{1, 2, 3}, 1, \"L1\"}"
"PASS: ""pinned accepted finite checkpoint {{1, 2, 3}, 1, \"Regular\"}"
"PASS: ""exact accepted finite checkpoint identity {{1, 2, 3}, 1, \"Regular\"}"
"PASS: ""pinned accepted finite checkpoint {{1, 2, 3}, -1, \"Delta\"}"
"PASS: ""exact accepted finite checkpoint identity {{1, 2, 3}, -1, \"Delta\"}"
"PASS: ""pinned accepted finite checkpoint {{1, 2, 3}, -1, \"L0\"}"
"PASS: ""exact accepted finite checkpoint identity {{1, 2, 3}, -1, \"L0\"}"
"PASS: ""pinned accepted finite checkpoint {{1, 2, 3}, -1, \"L1\"}"
"PASS: ""exact accepted finite checkpoint identity {{1, 2, 3}, -1, \"L1\"}"
"PASS: ""pinned accepted finite checkpoint {{1, 2, 3}, -1, \"Regular\"}"
"PASS: ""exact accepted finite checkpoint identity {{1, 2, 3}, -1, \"Regular\"}"
"PASS: ""real endpoint branches share a boundary"
"PASS: ""pinned accepted finite checkpoint {{1, 2, 3}, 0, \"Delta\"}"
"PASS: ""exact accepted finite checkpoint identity {{1, 2, 3}, 0, \"Delta\"}"
"PASS: ""pinned accepted finite checkpoint {{1, 2, 3}, 0, \"L0\"}"
"PASS: ""exact accepted finite checkpoint identity {{1, 2, 3}, 0, \"L0\"}"
"PASS: ""pinned accepted finite checkpoint {{1, 2, 3}, 0, \"L1\"}"
"PASS: ""exact accepted finite checkpoint identity {{1, 2, 3}, 0, \"L1\"}"
"PASS: ""pinned accepted finite checkpoint {{1, 2, 3}, 0, \"Regular\"}"
"PASS: ""exact accepted finite checkpoint identity {{1, 2, 3}, 0, \"Regular\"}"
"PASS: ""finite physical component"
"FINITE_COMPONENT_MEMORY "{1, 2, 3}" before "1363244400" after "1363262808
"PASS: ""pinned accepted finite checkpoint {{1, 2, 4}, 1, \"Delta\"}"
"PASS: ""exact accepted finite checkpoint identity {{1, 2, 4}, 1, \"Delta\"}"
"PASS: ""pinned accepted finite checkpoint {{1, 2, 4}, 1, \"L0\"}"
"PASS: ""exact accepted finite checkpoint identity {{1, 2, 4}, 1, \"L0\"}"
"PASS: ""pinned accepted finite checkpoint {{1, 2, 4}, 1, \"L1\"}"
"PASS: ""exact accepted finite checkpoint identity {{1, 2, 4}, 1, \"L1\"}"
"PASS: ""pinned accepted finite checkpoint {{1, 2, 4}, 1, \"Regular\"}"
"PASS: ""exact accepted finite checkpoint identity {{1, 2, 4}, 1, \"Regular\"}"
"PASS: ""pinned accepted finite checkpoint {{1, 2, 4}, -1, \"Delta\"}"
"PASS: ""exact accepted finite checkpoint identity {{1, 2, 4}, -1, \"Delta\"}"
"PASS: ""pinned accepted finite checkpoint {{1, 2, 4}, -1, \"L0\"}"
"PASS: ""exact accepted finite checkpoint identity {{1, 2, 4}, -1, \"L0\"}"
"PASS: ""pinned accepted finite checkpoint {{1, 2, 4}, -1, \"L1\"}"
"PASS: ""exact accepted finite checkpoint identity {{1, 2, 4}, -1, \"L1\"}"
"PASS: ""pinned accepted finite checkpoint {{1, 2, 4}, -1, \"Regular\"}"
"PASS: ""exact accepted finite checkpoint identity {{1, 2, 4}, -1, \"Regular\"}"
"PASS: ""real endpoint branches share a boundary"
"PASS: ""pinned accepted finite checkpoint {{1, 2, 4}, 0, \"Delta\"}"
"PASS: ""exact accepted finite checkpoint identity {{1, 2, 4}, 0, \"Delta\"}"
"PASS: ""pinned accepted finite checkpoint {{1, 2, 4}, 0, \"L0\"}"
"PASS: ""exact accepted finite checkpoint identity {{1, 2, 4}, 0, \"L0\"}"
"PASS: ""pinned accepted finite checkpoint {{1, 2, 4}, 0, \"L1\"}"
"PASS: ""exact accepted finite checkpoint identity {{1, 2, 4}, 0, \"L1\"}"
"PASS: ""pinned accepted finite checkpoint {{1, 2, 4}, 0, \"Regular\"}"
"PASS: ""exact accepted finite checkpoint identity {{1, 2, 4}, 0, \"Regular\"}"
"PASS: ""finite physical component"
"FINITE_COMPONENT_MEMORY "{1, 2, 4}" before "1363262704" after "1363281024
"PASS: ""pinned accepted finite checkpoint {{1, 3, 1}, 1, \"Delta\"}"
"PASS: ""exact accepted finite checkpoint identity {{1, 3, 1}, 1, \"Delta\"}"
"PASS: ""pinned accepted finite checkpoint {{1, 3, 1}, 1, \"L0\"}"
"PASS: ""exact accepted finite checkpoint identity {{1, 3, 1}, 1, \"L0\"}"
"PASS: ""pinned accepted finite checkpoint {{1, 3, 1}, 1, \"L1\"}"
"PASS: ""exact accepted finite checkpoint identity {{1, 3, 1}, 1, \"L1\"}"
"PASS: ""pinned accepted finite checkpoint {{1, 3, 1}, 1, \"Regular\"}"
"PASS: ""exact accepted finite checkpoint identity {{1, 3, 1}, 1, \"Regular\"}"
"PASS: ""pinned accepted finite checkpoint {{1, 3, 1}, -1, \"Delta\"}"
"PASS: ""exact accepted finite checkpoint identity {{1, 3, 1}, -1, \"Delta\"}"
"PASS: ""pinned accepted finite checkpoint {{1, 3, 1}, -1, \"L0\"}"
"PASS: ""exact accepted finite checkpoint identity {{1, 3, 1}, -1, \"L0\"}"
"PASS: ""pinned accepted finite checkpoint {{1, 3, 1}, -1, \"L1\"}"
"PASS: ""exact accepted finite checkpoint identity {{1, 3, 1}, -1, \"L1\"}"
"PASS: ""pinned accepted finite checkpoint {{1, 3, 1}, -1, \"Regular\"}"
"PASS: ""exact accepted finite checkpoint identity {{1, 3, 1}, -1, \"Regular\"}"
"PASS: ""real endpoint branches share a boundary"
"PASS: ""pinned accepted finite checkpoint {{1, 3, 1}, 0, \"Delta\"}"
"PASS: ""exact accepted finite checkpoint identity {{1, 3, 1}, 0, \"Delta\"}"
"PASS: ""pinned accepted finite checkpoint {{1, 3, 1}, 0, \"L0\"}"
"PASS: ""exact accepted finite checkpoint identity {{1, 3, 1}, 0, \"L0\"}"
"PASS: ""pinned accepted finite checkpoint {{1, 3, 1}, 0, \"L1\"}"
"PASS: ""exact accepted finite checkpoint identity {{1, 3, 1}, 0, \"L1\"}"
"PASS: ""pinned accepted finite checkpoint {{1, 3, 1}, 0, \"Regular\"}"
"PASS: ""exact accepted finite checkpoint identity {{1, 3, 1}, 0, \"Regular\"}"
"PASS: ""finite physical component"
"FINITE_COMPONENT_MEMORY "{1, 3, 1}" before "1363280920" after "1363298840
"PASS: ""pinned accepted finite checkpoint {{1, 3, 2}, 1, \"Delta\"}"
"PASS: ""exact accepted finite checkpoint identity {{1, 3, 2}, 1, \"Delta\"}"
"PASS: ""pinned accepted finite checkpoint {{1, 3, 2}, 1, \"L0\"}"
"PASS: ""exact accepted finite checkpoint identity {{1, 3, 2}, 1, \"L0\"}"
"PASS: ""pinned accepted finite checkpoint {{1, 3, 2}, 1, \"L1\"}"
"PASS: ""exact accepted finite checkpoint identity {{1, 3, 2}, 1, \"L1\"}"
"PASS: ""pinned accepted finite checkpoint {{1, 3, 2}, 1, \"Regular\"}"
"PASS: ""exact accepted finite checkpoint identity {{1, 3, 2}, 1, \"Regular\"}"
"PASS: ""pinned accepted finite checkpoint {{1, 3, 2}, -1, \"Delta\"}"
"PASS: ""exact accepted finite checkpoint identity {{1, 3, 2}, -1, \"Delta\"}"
"PASS: ""pinned accepted finite checkpoint {{1, 3, 2}, -1, \"L0\"}"
"PASS: ""exact accepted finite checkpoint identity {{1, 3, 2}, -1, \"L0\"}"
"PASS: ""pinned accepted finite checkpoint {{1, 3, 2}, -1, \"L1\"}"
"PASS: ""exact accepted finite checkpoint identity {{1, 3, 2}, -1, \"L1\"}"
"PASS: ""pinned accepted finite checkpoint {{1, 3, 2}, -1, \"Regular\"}"
"PASS: ""exact accepted finite checkpoint identity {{1, 3, 2}, -1, \"Regular\"}"
"PASS: ""real endpoint branches share a boundary"
"PASS: ""pinned accepted finite checkpoint {{1, 3, 2}, 0, \"Delta\"}"
"PASS: ""exact accepted finite checkpoint identity {{1, 3, 2}, 0, \"Delta\"}"
"PASS: ""pinned accepted finite checkpoint {{1, 3, 2}, 0, \"L0\"}"
"PASS: ""exact accepted finite checkpoint identity {{1, 3, 2}, 0, \"L0\"}"
"PASS: ""pinned accepted finite checkpoint {{1, 3, 2}, 0, \"L1\"}"
"PASS: ""exact accepted finite checkpoint identity {{1, 3, 2}, 0, \"L1\"}"
"PASS: ""pinned accepted finite checkpoint {{1, 3, 2}, 0, \"Regular\"}"
"PASS: ""exact accepted finite checkpoint identity {{1, 3, 2}, 0, \"Regular\"}"
"PASS: ""finite physical component"
"FINITE_COMPONENT_MEMORY "{1, 3, 2}" before "1363298736" after "1363316976
"PASS: ""pinned accepted finite checkpoint {{1, 3, 3}, 1, \"Delta\"}"
"PASS: ""exact accepted finite checkpoint identity {{1, 3, 3}, 1, \"Delta\"}"
"PASS: ""pinned accepted finite checkpoint {{1, 3, 3}, 1, \"L0\"}"
"PASS: ""exact accepted finite checkpoint identity {{1, 3, 3}, 1, \"L0\"}"
"PASS: ""pinned accepted finite checkpoint {{1, 3, 3}, 1, \"L1\"}"
"PASS: ""exact accepted finite checkpoint identity {{1, 3, 3}, 1, \"L1\"}"
"PASS: ""pinned accepted finite checkpoint {{1, 3, 3}, 1, \"Regular\"}"
"PASS: ""exact accepted finite checkpoint identity {{1, 3, 3}, 1, \"Regular\"}"
"PASS: ""pinned accepted finite checkpoint {{1, 3, 3}, -1, \"Delta\"}"
"PASS: ""exact accepted finite checkpoint identity {{1, 3, 3}, -1, \"Delta\"}"
"PASS: ""pinned accepted finite checkpoint {{1, 3, 3}, -1, \"L0\"}"
"PASS: ""exact accepted finite checkpoint identity {{1, 3, 3}, -1, \"L0\"}"
"PASS: ""pinned accepted finite checkpoint {{1, 3, 3}, -1, \"L1\"}"
"PASS: ""exact accepted finite checkpoint identity {{1, 3, 3}, -1, \"L1\"}"
"PASS: ""pinned accepted finite checkpoint {{1, 3, 3}, -1, \"Regular\"}"
"PASS: ""exact accepted finite checkpoint identity {{1, 3, 3}, -1, \"Regular\"}"
"PASS: ""real endpoint branches share a boundary"
"PASS: ""pinned accepted finite checkpoint {{1, 3, 3}, 0, \"Delta\"}"
"PASS: ""exact accepted finite checkpoint identity {{1, 3, 3}, 0, \"Delta\"}"
"PASS: ""pinned accepted finite checkpoint {{1, 3, 3}, 0, \"L0\"}"
"PASS: ""exact accepted finite checkpoint identity {{1, 3, 3}, 0, \"L0\"}"
"PASS: ""pinned accepted finite checkpoint {{1, 3, 3}, 0, \"L1\"}"
"PASS: ""exact accepted finite checkpoint identity {{1, 3, 3}, 0, \"L1\"}"
"PASS: ""pinned accepted finite checkpoint {{1, 3, 3}, 0, \"Regular\"}"
"PASS: ""exact accepted finite checkpoint identity {{1, 3, 3}, 0, \"Regular\"}"
"PASS: ""finite physical component"
"FINITE_COMPONENT_MEMORY "{1, 3, 3}" before "1363316872" after "1414545496
"PASS: ""pinned accepted finite checkpoint {{1, 3, 4}, 1, \"Delta\"}"
"PASS: ""exact accepted finite checkpoint identity {{1, 3, 4}, 1, \"Delta\"}"
"PASS: ""pinned accepted finite checkpoint {{1, 3, 4}, 1, \"L0\"}"
"PASS: ""exact accepted finite checkpoint identity {{1, 3, 4}, 1, \"L0\"}"
"PASS: ""pinned accepted finite checkpoint {{1, 3, 4}, 1, \"L1\"}"
"PASS: ""exact accepted finite checkpoint identity {{1, 3, 4}, 1, \"L1\"}"
"PASS: ""pinned accepted finite checkpoint {{1, 3, 4}, 1, \"Regular\"}"
"PASS: ""exact accepted finite checkpoint identity {{1, 3, 4}, 1, \"Regular\"}"
"PASS: ""pinned accepted finite checkpoint {{1, 3, 4}, -1, \"Delta\"}"
"PASS: ""exact accepted finite checkpoint identity {{1, 3, 4}, -1, \"Delta\"}"
"PASS: ""pinned accepted finite checkpoint {{1, 3, 4}, -1, \"L0\"}"
"PASS: ""exact accepted finite checkpoint identity {{1, 3, 4}, -1, \"L0\"}"
"PASS: ""pinned accepted finite checkpoint {{1, 3, 4}, -1, \"L1\"}"
"PASS: ""exact accepted finite checkpoint identity {{1, 3, 4}, -1, \"L1\"}"
"PASS: ""pinned accepted finite checkpoint {{1, 3, 4}, -1, \"Regular\"}"
"PASS: ""exact accepted finite checkpoint identity {{1, 3, 4}, -1, \"Regular\"}"
"PASS: ""real endpoint branches share a boundary"
"PASS: ""pinned accepted finite checkpoint {{1, 3, 4}, 0, \"Delta\"}"
"PASS: ""exact accepted finite checkpoint identity {{1, 3, 4}, 0, \"Delta\"}"
"PASS: ""pinned accepted finite checkpoint {{1, 3, 4}, 0, \"L0\"}"
"PASS: ""exact accepted finite checkpoint identity {{1, 3, 4}, 0, \"L0\"}"
"PASS: ""pinned accepted finite checkpoint {{1, 3, 4}, 0, \"L1\"}"
"PASS: ""exact accepted finite checkpoint identity {{1, 3, 4}, 0, \"L1\"}"
"PASS: ""pinned accepted finite checkpoint {{1, 3, 4}, 0, \"Regular\"}"
"PASS: ""exact accepted finite checkpoint identity {{1, 3, 4}, 0, \"Regular\"}"
"PASS: ""finite physical component"
"FINITE_COMPONENT_MEMORY "{1, 3, 4}" before "1414545392" after "1414563688
"PASS: ""pinned accepted finite checkpoint {{1, 4, 1}, 1, \"Delta\"}"
"PASS: ""exact accepted finite checkpoint identity {{1, 4, 1}, 1, \"Delta\"}"
"PASS: ""pinned accepted finite checkpoint {{1, 4, 1}, 1, \"L0\"}"
"PASS: ""exact accepted finite checkpoint identity {{1, 4, 1}, 1, \"L0\"}"
"PASS: ""pinned accepted finite checkpoint {{1, 4, 1}, 1, \"L1\"}"
"PASS: ""exact accepted finite checkpoint identity {{1, 4, 1}, 1, \"L1\"}"
"PASS: ""pinned accepted finite checkpoint {{1, 4, 1}, 1, \"Regular\"}"
"PASS: ""exact accepted finite checkpoint identity {{1, 4, 1}, 1, \"Regular\"}"
"PASS: ""pinned accepted finite checkpoint {{1, 4, 1}, -1, \"Delta\"}"
"PASS: ""exact accepted finite checkpoint identity {{1, 4, 1}, -1, \"Delta\"}"
"PASS: ""pinned accepted finite checkpoint {{1, 4, 1}, -1, \"L0\"}"
"PASS: ""exact accepted finite checkpoint identity {{1, 4, 1}, -1, \"L0\"}"
"PASS: ""pinned accepted finite checkpoint {{1, 4, 1}, -1, \"L1\"}"
"PASS: ""exact accepted finite checkpoint identity {{1, 4, 1}, -1, \"L1\"}"
"PASS: ""pinned accepted finite checkpoint {{1, 4, 1}, -1, \"Regular\"}"
"PASS: ""exact accepted finite checkpoint identity {{1, 4, 1}, -1, \"Regular\"}"
"PASS: ""real endpoint branches share a boundary"
"PASS: ""pinned accepted finite checkpoint {{1, 4, 1}, 0, \"Delta\"}"
"PASS: ""exact accepted finite checkpoint identity {{1, 4, 1}, 0, \"Delta\"}"
"PASS: ""pinned accepted finite checkpoint {{1, 4, 1}, 0, \"L0\"}"
"PASS: ""exact accepted finite checkpoint identity {{1, 4, 1}, 0, \"L0\"}"
"PASS: ""pinned accepted finite checkpoint {{1, 4, 1}, 0, \"L1\"}"
"PASS: ""exact accepted finite checkpoint identity {{1, 4, 1}, 0, \"L1\"}"
"PASS: ""pinned accepted finite checkpoint {{1, 4, 1}, 0, \"Regular\"}"
"PASS: ""exact accepted finite checkpoint identity {{1, 4, 1}, 0, \"Regular\"}"
"PASS: ""finite physical component"
"FINITE_COMPONENT_MEMORY "{1, 4, 1}" before "1414563584" after "1414581464
"PASS: ""pinned accepted finite checkpoint {{1, 4, 2}, 1, \"Delta\"}"
"PASS: ""exact accepted finite checkpoint identity {{1, 4, 2}, 1, \"Delta\"}"
"PASS: ""pinned accepted finite checkpoint {{1, 4, 2}, 1, \"L0\"}"
"PASS: ""exact accepted finite checkpoint identity {{1, 4, 2}, 1, \"L0\"}"
"PASS: ""pinned accepted finite checkpoint {{1, 4, 2}, 1, \"L1\"}"
"PASS: ""exact accepted finite checkpoint identity {{1, 4, 2}, 1, \"L1\"}"
"PASS: ""pinned accepted finite checkpoint {{1, 4, 2}, 1, \"Regular\"}"
"PASS: ""exact accepted finite checkpoint identity {{1, 4, 2}, 1, \"Regular\"}"
"PASS: ""pinned accepted finite checkpoint {{1, 4, 2}, -1, \"Delta\"}"
"PASS: ""exact accepted finite checkpoint identity {{1, 4, 2}, -1, \"Delta\"}"
"PASS: ""pinned accepted finite checkpoint {{1, 4, 2}, -1, \"L0\"}"
"PASS: ""exact accepted finite checkpoint identity {{1, 4, 2}, -1, \"L0\"}"
"PASS: ""pinned accepted finite checkpoint {{1, 4, 2}, -1, \"L1\"}"
"PASS: ""exact accepted finite checkpoint identity {{1, 4, 2}, -1, \"L1\"}"
"PASS: ""pinned accepted finite checkpoint {{1, 4, 2}, -1, \"Regular\"}"
"PASS: ""exact accepted finite checkpoint identity {{1, 4, 2}, -1, \"Regular\"}"
"PASS: ""real endpoint branches share a boundary"
"PASS: ""pinned accepted finite checkpoint {{1, 4, 2}, 0, \"Delta\"}"
"PASS: ""exact accepted finite checkpoint identity {{1, 4, 2}, 0, \"Delta\"}"
"PASS: ""pinned accepted finite checkpoint {{1, 4, 2}, 0, \"L0\"}"
"PASS: ""exact accepted finite checkpoint identity {{1, 4, 2}, 0, \"L0\"}"
"PASS: ""pinned accepted finite checkpoint {{1, 4, 2}, 0, \"L1\"}"
"PASS: ""exact accepted finite checkpoint identity {{1, 4, 2}, 0, \"L1\"}"
"PASS: ""pinned accepted finite checkpoint {{1, 4, 2}, 0, \"Regular\"}"
"PASS: ""exact accepted finite checkpoint identity {{1, 4, 2}, 0, \"Regular\"}"
"PASS: ""finite physical component"
"FINITE_COMPONENT_MEMORY "{1, 4, 2}" before "1414581360" after "1414599320
"PASS: ""pinned accepted finite checkpoint {{1, 4, 3}, 1, \"Delta\"}"
"PASS: ""exact accepted finite checkpoint identity {{1, 4, 3}, 1, \"Delta\"}"
"PASS: ""pinned accepted finite checkpoint {{1, 4, 3}, 1, \"L0\"}"
"PASS: ""exact accepted finite checkpoint identity {{1, 4, 3}, 1, \"L0\"}"
"PASS: ""pinned accepted finite checkpoint {{1, 4, 3}, 1, \"L1\"}"
"PASS: ""exact accepted finite checkpoint identity {{1, 4, 3}, 1, \"L1\"}"
"PASS: ""pinned accepted finite checkpoint {{1, 4, 3}, 1, \"Regular\"}"
"PASS: ""exact accepted finite checkpoint identity {{1, 4, 3}, 1, \"Regular\"}"
"PASS: ""pinned accepted finite checkpoint {{1, 4, 3}, -1, \"Delta\"}"
"PASS: ""exact accepted finite checkpoint identity {{1, 4, 3}, -1, \"Delta\"}"
"PASS: ""pinned accepted finite checkpoint {{1, 4, 3}, -1, \"L0\"}"
"PASS: ""exact accepted finite checkpoint identity {{1, 4, 3}, -1, \"L0\"}"
"PASS: ""pinned accepted finite checkpoint {{1, 4, 3}, -1, \"L1\"}"
"PASS: ""exact accepted finite checkpoint identity {{1, 4, 3}, -1, \"L1\"}"
"PASS: ""pinned accepted finite checkpoint {{1, 4, 3}, -1, \"Regular\"}"
"PASS: ""exact accepted finite checkpoint identity {{1, 4, 3}, -1, \"Regular\"}"
"PASS: ""real endpoint branches share a boundary"
"PASS: ""pinned accepted finite checkpoint {{1, 4, 3}, 0, \"Delta\"}"
"PASS: ""exact accepted finite checkpoint identity {{1, 4, 3}, 0, \"Delta\"}"
"PASS: ""pinned accepted finite checkpoint {{1, 4, 3}, 0, \"L0\"}"
"PASS: ""exact accepted finite checkpoint identity {{1, 4, 3}, 0, \"L0\"}"
"PASS: ""pinned accepted finite checkpoint {{1, 4, 3}, 0, \"L1\"}"
"PASS: ""exact accepted finite checkpoint identity {{1, 4, 3}, 0, \"L1\"}"
"PASS: ""pinned accepted finite checkpoint {{1, 4, 3}, 0, \"Regular\"}"
"PASS: ""exact accepted finite checkpoint identity {{1, 4, 3}, 0, \"Regular\"}"
"PASS: ""finite physical component"
"FINITE_COMPONENT_MEMORY "{1, 4, 3}" before "1414599216" after "1414617280
"PASS: ""pinned accepted finite checkpoint {{1, 4, 4}, 1, \"Delta\"}"
"PASS: ""exact accepted finite checkpoint identity {{1, 4, 4}, 1, \"Delta\"}"
"PASS: ""pinned accepted finite checkpoint {{1, 4, 4}, 1, \"L0\"}"
"PASS: ""exact accepted finite checkpoint identity {{1, 4, 4}, 1, \"L0\"}"
"PASS: ""pinned accepted finite checkpoint {{1, 4, 4}, 1, \"L1\"}"
"PASS: ""exact accepted finite checkpoint identity {{1, 4, 4}, 1, \"L1\"}"
"PASS: ""pinned accepted finite checkpoint {{1, 4, 4}, 1, \"Regular\"}"
"PASS: ""exact accepted finite checkpoint identity {{1, 4, 4}, 1, \"Regular\"}"
"PASS: ""pinned accepted finite checkpoint {{1, 4, 4}, -1, \"Delta\"}"
"PASS: ""exact accepted finite checkpoint identity {{1, 4, 4}, -1, \"Delta\"}"
"PASS: ""pinned accepted finite checkpoint {{1, 4, 4}, -1, \"L0\"}"
"PASS: ""exact accepted finite checkpoint identity {{1, 4, 4}, -1, \"L0\"}"
"PASS: ""pinned accepted finite checkpoint {{1, 4, 4}, -1, \"L1\"}"
"PASS: ""exact accepted finite checkpoint identity {{1, 4, 4}, -1, \"L1\"}"
"PASS: ""pinned accepted finite checkpoint {{1, 4, 4}, -1, \"Regular\"}"
"PASS: ""exact accepted finite checkpoint identity {{1, 4, 4}, -1, \"Regular\"}"
"PASS: ""real endpoint branches share a boundary"
"PASS: ""pinned accepted finite checkpoint {{1, 4, 4}, 0, \"Delta\"}"
"PASS: ""exact accepted finite checkpoint identity {{1, 4, 4}, 0, \"Delta\"}"
"PASS: ""pinned accepted finite checkpoint {{1, 4, 4}, 0, \"L0\"}"
"PASS: ""exact accepted finite checkpoint identity {{1, 4, 4}, 0, \"L0\"}"
"PASS: ""pinned accepted finite checkpoint {{1, 4, 4}, 0, \"L1\"}"
"PASS: ""exact accepted finite checkpoint identity {{1, 4, 4}, 0, \"L1\"}"
"PASS: ""pinned accepted finite checkpoint {{1, 4, 4}, 0, \"Regular\"}"
"PASS: ""exact accepted finite checkpoint identity {{1, 4, 4}, 0, \"Regular\"}"
"PASS: ""finite physical component"
"FINITE_COMPONENT_MEMORY "{1, 4, 4}" before "1414617176" after "1430312808
"PASS: ""pinned accepted finite checkpoint {{2, 1, 1}, 1, \"Delta\"}"
"PASS: ""exact accepted finite checkpoint identity {{2, 1, 1}, 1, \"Delta\"}"
"PASS: ""pinned accepted finite checkpoint {{2, 1, 1}, 1, \"L0\"}"
"PASS: ""exact accepted finite checkpoint identity {{2, 1, 1}, 1, \"L0\"}"
"PASS: ""pinned accepted finite checkpoint {{2, 1, 1}, 1, \"L1\"}"
"PASS: ""exact accepted finite checkpoint identity {{2, 1, 1}, 1, \"L1\"}"
"PASS: ""pinned accepted finite checkpoint {{2, 1, 1}, 1, \"Regular\"}"
"PASS: ""exact accepted finite checkpoint identity {{2, 1, 1}, 1, \"Regular\"}"
"PASS: ""pinned accepted finite checkpoint {{2, 1, 1}, -1, \"Delta\"}"
"PASS: ""exact accepted finite checkpoint identity {{2, 1, 1}, -1, \"Delta\"}"
"PASS: ""pinned accepted finite checkpoint {{2, 1, 1}, -1, \"L0\"}"
"PASS: ""exact accepted finite checkpoint identity {{2, 1, 1}, -1, \"L0\"}"
"PASS: ""pinned accepted finite checkpoint {{2, 1, 1}, -1, \"L1\"}"
"PASS: ""exact accepted finite checkpoint identity {{2, 1, 1}, -1, \"L1\"}"
"PASS: ""pinned accepted finite checkpoint {{2, 1, 1}, -1, \"Regular\"}"
"PASS: ""exact accepted finite checkpoint identity {{2, 1, 1}, -1, \"Regular\"}"
"PASS: ""real endpoint branches share a boundary"
"PASS: ""pinned accepted finite checkpoint {{2, 1, 1}, 0, \"Delta\"}"
"PASS: ""exact accepted finite checkpoint identity {{2, 1, 1}, 0, \"Delta\"}"
"PASS: ""pinned accepted finite checkpoint {{2, 1, 1}, 0, \"L0\"}"
"PASS: ""exact accepted finite checkpoint identity {{2, 1, 1}, 0, \"L0\"}"
"PASS: ""pinned accepted finite checkpoint {{2, 1, 1}, 0, \"L1\"}"
"PASS: ""exact accepted finite checkpoint identity {{2, 1, 1}, 0, \"L1\"}"
"PASS: ""pinned accepted finite checkpoint {{2, 1, 1}, 0, \"Regular\"}"
"PASS: ""exact accepted finite checkpoint identity {{2, 1, 1}, 0, \"Regular\"}"
"PASS: ""finite physical component"
"FINITE_COMPONENT_MEMORY "{2, 1, 1}" before "1430312704" after "1709329352
"PASS: ""pinned accepted finite checkpoint {{2, 1, 2}, 1, \"Delta\"}"
"PASS: ""exact accepted finite checkpoint identity {{2, 1, 2}, 1, \"Delta\"}"
"PASS: ""pinned accepted finite checkpoint {{2, 1, 2}, 1, \"L0\"}"
"PASS: ""exact accepted finite checkpoint identity {{2, 1, 2}, 1, \"L0\"}"
"PASS: ""pinned accepted finite checkpoint {{2, 1, 2}, 1, \"L1\"}"
"PASS: ""exact accepted finite checkpoint identity {{2, 1, 2}, 1, \"L1\"}"
"PASS: ""pinned accepted finite checkpoint {{2, 1, 2}, 1, \"Regular\"}"
"PASS: ""exact accepted finite checkpoint identity {{2, 1, 2}, 1, \"Regular\"}"
"PASS: ""pinned accepted finite checkpoint {{2, 1, 2}, -1, \"Delta\"}"
"PASS: ""exact accepted finite checkpoint identity {{2, 1, 2}, -1, \"Delta\"}"
"PASS: ""pinned accepted finite checkpoint {{2, 1, 2}, -1, \"L0\"}"
"PASS: ""exact accepted finite checkpoint identity {{2, 1, 2}, -1, \"L0\"}"
"PASS: ""pinned accepted finite checkpoint {{2, 1, 2}, -1, \"L1\"}"
"PASS: ""exact accepted finite checkpoint identity {{2, 1, 2}, -1, \"L1\"}"
"PASS: ""pinned accepted finite checkpoint {{2, 1, 2}, -1, \"Regular\"}"
"PASS: ""exact accepted finite checkpoint identity {{2, 1, 2}, -1, \"Regular\"}"
"PASS: ""real endpoint branches share a boundary"
"PASS: ""pinned accepted finite checkpoint {{2, 1, 2}, 0, \"Delta\"}"
"PASS: ""exact accepted finite checkpoint identity {{2, 1, 2}, 0, \"Delta\"}"
"PASS: ""pinned accepted finite checkpoint {{2, 1, 2}, 0, \"L0\"}"
"PASS: ""exact accepted finite checkpoint identity {{2, 1, 2}, 0, \"L0\"}"
"PASS: ""pinned accepted finite checkpoint {{2, 1, 2}, 0, \"L1\"}"
"PASS: ""exact accepted finite checkpoint identity {{2, 1, 2}, 0, \"L1\"}"
"PASS: ""pinned accepted finite checkpoint {{2, 1, 2}, 0, \"Regular\"}"
"PASS: ""exact accepted finite checkpoint identity {{2, 1, 2}, 0, \"Regular\"}"
"PASS: ""finite physical component"
"FINITE_COMPONENT_MEMORY "{2, 1, 2}" before "1709329248" after "2046605640
"PASS: ""pinned accepted finite checkpoint {{2, 1, 3}, 1, \"Delta\"}"
"PASS: ""exact accepted finite checkpoint identity {{2, 1, 3}, 1, \"Delta\"}"
"PASS: ""pinned accepted finite checkpoint {{2, 1, 3}, 1, \"L0\"}"
"PASS: ""exact accepted finite checkpoint identity {{2, 1, 3}, 1, \"L0\"}"
"PASS: ""pinned accepted finite checkpoint {{2, 1, 3}, 1, \"L1\"}"
"PASS: ""exact accepted finite checkpoint identity {{2, 1, 3}, 1, \"L1\"}"
"PASS: ""pinned accepted finite checkpoint {{2, 1, 3}, 1, \"Regular\"}"
"PASS: ""exact accepted finite checkpoint identity {{2, 1, 3}, 1, \"Regular\"}"
"PASS: ""pinned accepted finite checkpoint {{2, 1, 3}, -1, \"Delta\"}"
"PASS: ""exact accepted finite checkpoint identity {{2, 1, 3}, -1, \"Delta\"}"
"PASS: ""pinned accepted finite checkpoint {{2, 1, 3}, -1, \"L0\"}"
"PASS: ""exact accepted finite checkpoint identity {{2, 1, 3}, -1, \"L0\"}"
"PASS: ""pinned accepted finite checkpoint {{2, 1, 3}, -1, \"L1\"}"
"PASS: ""exact accepted finite checkpoint identity {{2, 1, 3}, -1, \"L1\"}"
"PASS: ""pinned accepted finite checkpoint {{2, 1, 3}, -1, \"Regular\"}"
"PASS: ""exact accepted finite checkpoint identity {{2, 1, 3}, -1, \"Regular\"}"
"PASS: ""real endpoint branches share a boundary"
"PASS: ""pinned accepted finite checkpoint {{2, 1, 3}, 0, \"Delta\"}"
"PASS: ""exact accepted finite checkpoint identity {{2, 1, 3}, 0, \"Delta\"}"
"PASS: ""pinned accepted finite checkpoint {{2, 1, 3}, 0, \"L0\"}"
"PASS: ""exact accepted finite checkpoint identity {{2, 1, 3}, 0, \"L0\"}"
"PASS: ""pinned accepted finite checkpoint {{2, 1, 3}, 0, \"L1\"}"
"PASS: ""exact accepted finite checkpoint identity {{2, 1, 3}, 0, \"L1\"}"
"PASS: ""pinned accepted finite checkpoint {{2, 1, 3}, 0, \"Regular\"}"
"PASS: ""exact accepted finite checkpoint identity {{2, 1, 3}, 0, \"Regular\"}"
"PASS: ""finite physical component"
"FINITE_COMPONENT_MEMORY "{2, 1, 3}" before "2046605536" after "2046623440
"PASS: ""pinned accepted finite checkpoint {{2, 1, 4}, 1, \"Delta\"}"
"PASS: ""exact accepted finite checkpoint identity {{2, 1, 4}, 1, \"Delta\"}"
"PASS: ""pinned accepted finite checkpoint {{2, 1, 4}, 1, \"L0\"}"
"PASS: ""exact accepted finite checkpoint identity {{2, 1, 4}, 1, \"L0\"}"
"PASS: ""pinned accepted finite checkpoint {{2, 1, 4}, 1, \"L1\"}"
"PASS: ""exact accepted finite checkpoint identity {{2, 1, 4}, 1, \"L1\"}"
"PASS: ""pinned accepted finite checkpoint {{2, 1, 4}, 1, \"Regular\"}"
"PASS: ""exact accepted finite checkpoint identity {{2, 1, 4}, 1, \"Regular\"}"
"PASS: ""pinned accepted finite checkpoint {{2, 1, 4}, -1, \"Delta\"}"
"PASS: ""exact accepted finite checkpoint identity {{2, 1, 4}, -1, \"Delta\"}"
"PASS: ""pinned accepted finite checkpoint {{2, 1, 4}, -1, \"L0\"}"
"PASS: ""exact accepted finite checkpoint identity {{2, 1, 4}, -1, \"L0\"}"
"PASS: ""pinned accepted finite checkpoint {{2, 1, 4}, -1, \"L1\"}"
"PASS: ""exact accepted finite checkpoint identity {{2, 1, 4}, -1, \"L1\"}"
"PASS: ""pinned accepted finite checkpoint {{2, 1, 4}, -1, \"Regular\"}"
"PASS: ""exact accepted finite checkpoint identity {{2, 1, 4}, -1, \"Regular\"}"
"PASS: ""real endpoint branches share a boundary"
"PASS: ""pinned accepted finite checkpoint {{2, 1, 4}, 0, \"Delta\"}"
"PASS: ""exact accepted finite checkpoint identity {{2, 1, 4}, 0, \"Delta\"}"
"PASS: ""pinned accepted finite checkpoint {{2, 1, 4}, 0, \"L0\"}"
"PASS: ""exact accepted finite checkpoint identity {{2, 1, 4}, 0, \"L0\"}"
"PASS: ""pinned accepted finite checkpoint {{2, 1, 4}, 0, \"L1\"}"
"PASS: ""exact accepted finite checkpoint identity {{2, 1, 4}, 0, \"L1\"}"
"PASS: ""pinned accepted finite checkpoint {{2, 1, 4}, 0, \"Regular\"}"
"PASS: ""exact accepted finite checkpoint identity {{2, 1, 4}, 0, \"Regular\"}"
"PASS: ""finite physical component"
"FINITE_COMPONENT_MEMORY "{2, 1, 4}" before "2046623336" after "2046641280
"PASS: ""pinned accepted finite checkpoint {{2, 2, 1}, 1, \"Delta\"}"
"PASS: ""exact accepted finite checkpoint identity {{2, 2, 1}, 1, \"Delta\"}"
"PASS: ""pinned accepted finite checkpoint {{2, 2, 1}, 1, \"L0\"}"
"PASS: ""exact accepted finite checkpoint identity {{2, 2, 1}, 1, \"L0\"}"
"PASS: ""pinned accepted finite checkpoint {{2, 2, 1}, 1, \"L1\"}"
"PASS: ""exact accepted finite checkpoint identity {{2, 2, 1}, 1, \"L1\"}"
"PASS: ""pinned accepted finite checkpoint {{2, 2, 1}, 1, \"Regular\"}"
"PASS: ""exact accepted finite checkpoint identity {{2, 2, 1}, 1, \"Regular\"}"
"PASS: ""pinned accepted finite checkpoint {{2, 2, 1}, -1, \"Delta\"}"
"PASS: ""exact accepted finite checkpoint identity {{2, 2, 1}, -1, \"Delta\"}"
"PASS: ""pinned accepted finite checkpoint {{2, 2, 1}, -1, \"L0\"}"
"PASS: ""exact accepted finite checkpoint identity {{2, 2, 1}, -1, \"L0\"}"
"PASS: ""pinned accepted finite checkpoint {{2, 2, 1}, -1, \"L1\"}"
"PASS: ""exact accepted finite checkpoint identity {{2, 2, 1}, -1, \"L1\"}"
"PASS: ""pinned accepted finite checkpoint {{2, 2, 1}, -1, \"Regular\"}"
"PASS: ""exact accepted finite checkpoint identity {{2, 2, 1}, -1, \"Regular\"}"
"PASS: ""real endpoint branches share a boundary"
"PASS: ""pinned accepted finite checkpoint {{2, 2, 1}, 0, \"Delta\"}"
"PASS: ""exact accepted finite checkpoint identity {{2, 2, 1}, 0, \"Delta\"}"
"PASS: ""pinned accepted finite checkpoint {{2, 2, 1}, 0, \"L0\"}"
"PASS: ""exact accepted finite checkpoint identity {{2, 2, 1}, 0, \"L0\"}"
"PASS: ""pinned accepted finite checkpoint {{2, 2, 1}, 0, \"L1\"}"
"PASS: ""exact accepted finite checkpoint identity {{2, 2, 1}, 0, \"L1\"}"
"PASS: ""pinned accepted finite checkpoint {{2, 2, 1}, 0, \"Regular\"}"
"PASS: ""exact accepted finite checkpoint identity {{2, 2, 1}, 0, \"Regular\"}"
"PASS: ""finite physical component"
"FINITE_COMPONENT_MEMORY "{2, 2, 1}" before "2046641176" after "2377520080
"PASS: ""pinned accepted finite checkpoint {{2, 2, 2}, 1, \"Delta\"}"
"PASS: ""exact accepted finite checkpoint identity {{2, 2, 2}, 1, \"Delta\"}"
"PASS: ""pinned accepted finite checkpoint {{2, 2, 2}, 1, \"L0\"}"
"PASS: ""exact accepted finite checkpoint identity {{2, 2, 2}, 1, \"L0\"}"
"PASS: ""pinned accepted finite checkpoint {{2, 2, 2}, 1, \"L1\"}"
"PASS: ""exact accepted finite checkpoint identity {{2, 2, 2}, 1, \"L1\"}"
"PASS: ""pinned accepted finite checkpoint {{2, 2, 2}, 1, \"Regular\"}"
"PASS: ""exact accepted finite checkpoint identity {{2, 2, 2}, 1, \"Regular\"}"
"PASS: ""pinned accepted finite checkpoint {{2, 2, 2}, -1, \"Delta\"}"
"PASS: ""exact accepted finite checkpoint identity {{2, 2, 2}, -1, \"Delta\"}"
"PASS: ""pinned accepted finite checkpoint {{2, 2, 2}, -1, \"L0\"}"
"PASS: ""exact accepted finite checkpoint identity {{2, 2, 2}, -1, \"L0\"}"
"PASS: ""pinned accepted finite checkpoint {{2, 2, 2}, -1, \"L1\"}"
"PASS: ""exact accepted finite checkpoint identity {{2, 2, 2}, -1, \"L1\"}"
"PASS: ""pinned accepted finite checkpoint {{2, 2, 2}, -1, \"Regular\"}"
"PASS: ""exact accepted finite checkpoint identity {{2, 2, 2}, -1, \"Regular\"}"
"PASS: ""real endpoint branches share a boundary"
"PASS: ""pinned accepted finite checkpoint {{2, 2, 2}, 0, \"Delta\"}"
"PASS: ""exact accepted finite checkpoint identity {{2, 2, 2}, 0, \"Delta\"}"
"PASS: ""pinned accepted finite checkpoint {{2, 2, 2}, 0, \"L0\"}"
"PASS: ""exact accepted finite checkpoint identity {{2, 2, 2}, 0, \"L0\"}"
"PASS: ""pinned accepted finite checkpoint {{2, 2, 2}, 0, \"L1\"}"
"PASS: ""exact accepted finite checkpoint identity {{2, 2, 2}, 0, \"L1\"}"
"PASS: ""pinned accepted finite checkpoint {{2, 2, 2}, 0, \"Regular\"}"
"PASS: ""exact accepted finite checkpoint identity {{2, 2, 2}, 0, \"Regular\"}"
"PASS: ""finite physical component"
"FINITE_COMPONENT_MEMORY "{2, 2, 2}" before "2377519976" after "2640017784
"PASS: ""pinned accepted finite checkpoint {{2, 2, 3}, 1, \"Delta\"}"
"PASS: ""exact accepted finite checkpoint identity {{2, 2, 3}, 1, \"Delta\"}"
"PASS: ""pinned accepted finite checkpoint {{2, 2, 3}, 1, \"L0\"}"
"PASS: ""exact accepted finite checkpoint identity {{2, 2, 3}, 1, \"L0\"}"
"PASS: ""pinned accepted finite checkpoint {{2, 2, 3}, 1, \"L1\"}"
"PASS: ""exact accepted finite checkpoint identity {{2, 2, 3}, 1, \"L1\"}"
"PASS: ""pinned accepted finite checkpoint {{2, 2, 3}, 1, \"Regular\"}"
"PASS: ""exact accepted finite checkpoint identity {{2, 2, 3}, 1, \"Regular\"}"
"PASS: ""pinned accepted finite checkpoint {{2, 2, 3}, -1, \"Delta\"}"
"PASS: ""exact accepted finite checkpoint identity {{2, 2, 3}, -1, \"Delta\"}"
"PASS: ""pinned accepted finite checkpoint {{2, 2, 3}, -1, \"L0\"}"
"PASS: ""exact accepted finite checkpoint identity {{2, 2, 3}, -1, \"L0\"}"
"PASS: ""pinned accepted finite checkpoint {{2, 2, 3}, -1, \"L1\"}"
"PASS: ""exact accepted finite checkpoint identity {{2, 2, 3}, -1, \"L1\"}"
"PASS: ""pinned accepted finite checkpoint {{2, 2, 3}, -1, \"Regular\"}"
"PASS: ""exact accepted finite checkpoint identity {{2, 2, 3}, -1, \"Regular\"}"
"PASS: ""real endpoint branches share a boundary"
"PASS: ""pinned accepted finite checkpoint {{2, 2, 3}, 0, \"Delta\"}"
"PASS: ""exact accepted finite checkpoint identity {{2, 2, 3}, 0, \"Delta\"}"
"PASS: ""pinned accepted finite checkpoint {{2, 2, 3}, 0, \"L0\"}"
"PASS: ""exact accepted finite checkpoint identity {{2, 2, 3}, 0, \"L0\"}"
"PASS: ""pinned accepted finite checkpoint {{2, 2, 3}, 0, \"L1\"}"
"PASS: ""exact accepted finite checkpoint identity {{2, 2, 3}, 0, \"L1\"}"
"PASS: ""pinned accepted finite checkpoint {{2, 2, 3}, 0, \"Regular\"}"
"PASS: ""exact accepted finite checkpoint identity {{2, 2, 3}, 0, \"Regular\"}"
"PASS: ""finite physical component"
"FINITE_COMPONENT_MEMORY "{2, 2, 3}" before "2640017680" after "2640035672
"PASS: ""pinned accepted finite checkpoint {{2, 2, 4}, 1, \"Delta\"}"
"PASS: ""exact accepted finite checkpoint identity {{2, 2, 4}, 1, \"Delta\"}"
"PASS: ""pinned accepted finite checkpoint {{2, 2, 4}, 1, \"L0\"}"
"PASS: ""exact accepted finite checkpoint identity {{2, 2, 4}, 1, \"L0\"}"
"PASS: ""pinned accepted finite checkpoint {{2, 2, 4}, 1, \"L1\"}"
"PASS: ""exact accepted finite checkpoint identity {{2, 2, 4}, 1, \"L1\"}"
"PASS: ""pinned accepted finite checkpoint {{2, 2, 4}, 1, \"Regular\"}"
"PASS: ""exact accepted finite checkpoint identity {{2, 2, 4}, 1, \"Regular\"}"
"PASS: ""pinned accepted finite checkpoint {{2, 2, 4}, -1, \"Delta\"}"
"PASS: ""exact accepted finite checkpoint identity {{2, 2, 4}, -1, \"Delta\"}"
"PASS: ""pinned accepted finite checkpoint {{2, 2, 4}, -1, \"L0\"}"
"PASS: ""exact accepted finite checkpoint identity {{2, 2, 4}, -1, \"L0\"}"
"PASS: ""pinned accepted finite checkpoint {{2, 2, 4}, -1, \"L1\"}"
"PASS: ""exact accepted finite checkpoint identity {{2, 2, 4}, -1, \"L1\"}"
"PASS: ""pinned accepted finite checkpoint {{2, 2, 4}, -1, \"Regular\"}"
"PASS: ""exact accepted finite checkpoint identity {{2, 2, 4}, -1, \"Regular\"}"
"PASS: ""real endpoint branches share a boundary"
"PASS: ""pinned accepted finite checkpoint {{2, 2, 4}, 0, \"Delta\"}"
"PASS: ""exact accepted finite checkpoint identity {{2, 2, 4}, 0, \"Delta\"}"
"PASS: ""pinned accepted finite checkpoint {{2, 2, 4}, 0, \"L0\"}"
"PASS: ""exact accepted finite checkpoint identity {{2, 2, 4}, 0, \"L0\"}"
"PASS: ""pinned accepted finite checkpoint {{2, 2, 4}, 0, \"L1\"}"
"PASS: ""exact accepted finite checkpoint identity {{2, 2, 4}, 0, \"L1\"}"
"PASS: ""pinned accepted finite checkpoint {{2, 2, 4}, 0, \"Regular\"}"
"PASS: ""exact accepted finite checkpoint identity {{2, 2, 4}, 0, \"Regular\"}"
"PASS: ""finite physical component"
"FINITE_COMPONENT_MEMORY "{2, 2, 4}" before "2640035568" after "2640053456
"PASS: ""pinned accepted finite checkpoint {{2, 3, 1}, 1, \"Delta\"}"
"PASS: ""exact accepted finite checkpoint identity {{2, 3, 1}, 1, \"Delta\"}"
"PASS: ""pinned accepted finite checkpoint {{2, 3, 1}, 1, \"L0\"}"
"PASS: ""exact accepted finite checkpoint identity {{2, 3, 1}, 1, \"L0\"}"
"PASS: ""pinned accepted finite checkpoint {{2, 3, 1}, 1, \"L1\"}"
"PASS: ""exact accepted finite checkpoint identity {{2, 3, 1}, 1, \"L1\"}"
"PASS: ""pinned accepted finite checkpoint {{2, 3, 1}, 1, \"Regular\"}"
"PASS: ""exact accepted finite checkpoint identity {{2, 3, 1}, 1, \"Regular\"}"
"PASS: ""pinned accepted finite checkpoint {{2, 3, 1}, -1, \"Delta\"}"
"PASS: ""exact accepted finite checkpoint identity {{2, 3, 1}, -1, \"Delta\"}"
"PASS: ""pinned accepted finite checkpoint {{2, 3, 1}, -1, \"L0\"}"
"PASS: ""exact accepted finite checkpoint identity {{2, 3, 1}, -1, \"L0\"}"
"PASS: ""pinned accepted finite checkpoint {{2, 3, 1}, -1, \"L1\"}"
"PASS: ""exact accepted finite checkpoint identity {{2, 3, 1}, -1, \"L1\"}"
"PASS: ""pinned accepted finite checkpoint {{2, 3, 1}, -1, \"Regular\"}"
"PASS: ""exact accepted finite checkpoint identity {{2, 3, 1}, -1, \"Regular\"}"
"PASS: ""real endpoint branches share a boundary"
"PASS: ""pinned accepted finite checkpoint {{2, 3, 1}, 0, \"Delta\"}"
"PASS: ""exact accepted finite checkpoint identity {{2, 3, 1}, 0, \"Delta\"}"
"PASS: ""pinned accepted finite checkpoint {{2, 3, 1}, 0, \"L0\"}"
"PASS: ""exact accepted finite checkpoint identity {{2, 3, 1}, 0, \"L0\"}"
"PASS: ""pinned accepted finite checkpoint {{2, 3, 1}, 0, \"L1\"}"
"PASS: ""exact accepted finite checkpoint identity {{2, 3, 1}, 0, \"L1\"}"
"PASS: ""pinned accepted finite checkpoint {{2, 3, 1}, 0, \"Regular\"}"
"PASS: ""exact accepted finite checkpoint identity {{2, 3, 1}, 0, \"Regular\"}"
"PASS: ""finite physical component"
"FINITE_COMPONENT_MEMORY "{2, 3, 1}" before "2640053352" after "2640071128
"PASS: ""pinned accepted finite checkpoint {{2, 3, 2}, 1, \"Delta\"}"
"PASS: ""exact accepted finite checkpoint identity {{2, 3, 2}, 1, \"Delta\"}"
"PASS: ""pinned accepted finite checkpoint {{2, 3, 2}, 1, \"L0\"}"
"PASS: ""exact accepted finite checkpoint identity {{2, 3, 2}, 1, \"L0\"}"
"PASS: ""pinned accepted finite checkpoint {{2, 3, 2}, 1, \"L1\"}"
"PASS: ""exact accepted finite checkpoint identity {{2, 3, 2}, 1, \"L1\"}"
"PASS: ""pinned accepted finite checkpoint {{2, 3, 2}, 1, \"Regular\"}"
"PASS: ""exact accepted finite checkpoint identity {{2, 3, 2}, 1, \"Regular\"}"
"PASS: ""pinned accepted finite checkpoint {{2, 3, 2}, -1, \"Delta\"}"
"PASS: ""exact accepted finite checkpoint identity {{2, 3, 2}, -1, \"Delta\"}"
"PASS: ""pinned accepted finite checkpoint {{2, 3, 2}, -1, \"L0\"}"
"PASS: ""exact accepted finite checkpoint identity {{2, 3, 2}, -1, \"L0\"}"
"PASS: ""pinned accepted finite checkpoint {{2, 3, 2}, -1, \"L1\"}"
"PASS: ""exact accepted finite checkpoint identity {{2, 3, 2}, -1, \"L1\"}"
"PASS: ""pinned accepted finite checkpoint {{2, 3, 2}, -1, \"Regular\"}"
"PASS: ""exact accepted finite checkpoint identity {{2, 3, 2}, -1, \"Regular\"}"
"PASS: ""real endpoint branches share a boundary"
"PASS: ""pinned accepted finite checkpoint {{2, 3, 2}, 0, \"Delta\"}"
"PASS: ""exact accepted finite checkpoint identity {{2, 3, 2}, 0, \"Delta\"}"
"PASS: ""pinned accepted finite checkpoint {{2, 3, 2}, 0, \"L0\"}"
"PASS: ""exact accepted finite checkpoint identity {{2, 3, 2}, 0, \"L0\"}"
"PASS: ""pinned accepted finite checkpoint {{2, 3, 2}, 0, \"L1\"}"
"PASS: ""exact accepted finite checkpoint identity {{2, 3, 2}, 0, \"L1\"}"
"PASS: ""pinned accepted finite checkpoint {{2, 3, 2}, 0, \"Regular\"}"
"PASS: ""exact accepted finite checkpoint identity {{2, 3, 2}, 0, \"Regular\"}"
"PASS: ""finite physical component"
"FINITE_COMPONENT_MEMORY "{2, 3, 2}" before "2640071024" after "2640089088
"PASS: ""pinned accepted finite checkpoint {{2, 3, 3}, 1, \"Delta\"}"
"PASS: ""exact accepted finite checkpoint identity {{2, 3, 3}, 1, \"Delta\"}"
"PASS: ""pinned accepted finite checkpoint {{2, 3, 3}, 1, \"L0\"}"
"PASS: ""exact accepted finite checkpoint identity {{2, 3, 3}, 1, \"L0\"}"
"PASS: ""pinned accepted finite checkpoint {{2, 3, 3}, 1, \"L1\"}"
"PASS: ""exact accepted finite checkpoint identity {{2, 3, 3}, 1, \"L1\"}"
"PASS: ""pinned accepted finite checkpoint {{2, 3, 3}, 1, \"Regular\"}"
"PASS: ""exact accepted finite checkpoint identity {{2, 3, 3}, 1, \"Regular\"}"
"PASS: ""pinned accepted finite checkpoint {{2, 3, 3}, -1, \"Delta\"}"
"PASS: ""exact accepted finite checkpoint identity {{2, 3, 3}, -1, \"Delta\"}"
"PASS: ""pinned accepted finite checkpoint {{2, 3, 3}, -1, \"L0\"}"
"PASS: ""exact accepted finite checkpoint identity {{2, 3, 3}, -1, \"L0\"}"
"PASS: ""pinned accepted finite checkpoint {{2, 3, 3}, -1, \"L1\"}"
"PASS: ""exact accepted finite checkpoint identity {{2, 3, 3}, -1, \"L1\"}"
"PASS: ""pinned accepted finite checkpoint {{2, 3, 3}, -1, \"Regular\"}"
"PASS: ""exact accepted finite checkpoint identity {{2, 3, 3}, -1, \"Regular\"}"
"PASS: ""real endpoint branches share a boundary"
"PASS: ""pinned accepted finite checkpoint {{2, 3, 3}, 0, \"Delta\"}"
"PASS: ""exact accepted finite checkpoint identity {{2, 3, 3}, 0, \"Delta\"}"
"PASS: ""pinned accepted finite checkpoint {{2, 3, 3}, 0, \"L0\"}"
"PASS: ""exact accepted finite checkpoint identity {{2, 3, 3}, 0, \"L0\"}"
"PASS: ""pinned accepted finite checkpoint {{2, 3, 3}, 0, \"L1\"}"
"PASS: ""exact accepted finite checkpoint identity {{2, 3, 3}, 0, \"L1\"}"
"PASS: ""pinned accepted finite checkpoint {{2, 3, 3}, 0, \"Regular\"}"
"PASS: ""exact accepted finite checkpoint identity {{2, 3, 3}, 0, \"Regular\"}"
"PASS: ""finite physical component"
"FINITE_COMPONENT_MEMORY "{2, 3, 3}" before "2640088984" after "2831054808
"PASS: ""pinned accepted finite checkpoint {{2, 3, 4}, 1, \"Delta\"}"
"PASS: ""exact accepted finite checkpoint identity {{2, 3, 4}, 1, \"Delta\"}"
"PASS: ""pinned accepted finite checkpoint {{2, 3, 4}, 1, \"L0\"}"
"PASS: ""exact accepted finite checkpoint identity {{2, 3, 4}, 1, \"L0\"}"
"PASS: ""pinned accepted finite checkpoint {{2, 3, 4}, 1, \"L1\"}"
"PASS: ""exact accepted finite checkpoint identity {{2, 3, 4}, 1, \"L1\"}"
"PASS: ""pinned accepted finite checkpoint {{2, 3, 4}, 1, \"Regular\"}"
"PASS: ""exact accepted finite checkpoint identity {{2, 3, 4}, 1, \"Regular\"}"
"PASS: ""pinned accepted finite checkpoint {{2, 3, 4}, -1, \"Delta\"}"
"PASS: ""exact accepted finite checkpoint identity {{2, 3, 4}, -1, \"Delta\"}"
"PASS: ""pinned accepted finite checkpoint {{2, 3, 4}, -1, \"L0\"}"
"PASS: ""exact accepted finite checkpoint identity {{2, 3, 4}, -1, \"L0\"}"
"PASS: ""pinned accepted finite checkpoint {{2, 3, 4}, -1, \"L1\"}"
"PASS: ""exact accepted finite checkpoint identity {{2, 3, 4}, -1, \"L1\"}"
"PASS: ""pinned accepted finite checkpoint {{2, 3, 4}, -1, \"Regular\"}"
"PASS: ""exact accepted finite checkpoint identity {{2, 3, 4}, -1, \"Regular\"}"
"PASS: ""real endpoint branches share a boundary"
"PASS: ""pinned accepted finite checkpoint {{2, 3, 4}, 0, \"Delta\"}"
"PASS: ""exact accepted finite checkpoint identity {{2, 3, 4}, 0, \"Delta\"}"
"PASS: ""pinned accepted finite checkpoint {{2, 3, 4}, 0, \"L0\"}"
"PASS: ""exact accepted finite checkpoint identity {{2, 3, 4}, 0, \"L0\"}"
"PASS: ""pinned accepted finite checkpoint {{2, 3, 4}, 0, \"L1\"}"
"PASS: ""exact accepted finite checkpoint identity {{2, 3, 4}, 0, \"L1\"}"
"PASS: ""pinned accepted finite checkpoint {{2, 3, 4}, 0, \"Regular\"}"
"PASS: ""exact accepted finite checkpoint identity {{2, 3, 4}, 0, \"Regular\"}"
"PASS: ""finite physical component"
"FINITE_COMPONENT_MEMORY "{2, 3, 4}" before "2831054704" after "2831072680
"PASS: ""pinned accepted finite checkpoint {{2, 4, 1}, 1, \"Delta\"}"
"PASS: ""exact accepted finite checkpoint identity {{2, 4, 1}, 1, \"Delta\"}"
"PASS: ""pinned accepted finite checkpoint {{2, 4, 1}, 1, \"L0\"}"
"PASS: ""exact accepted finite checkpoint identity {{2, 4, 1}, 1, \"L0\"}"
"PASS: ""pinned accepted finite checkpoint {{2, 4, 1}, 1, \"L1\"}"
"PASS: ""exact accepted finite checkpoint identity {{2, 4, 1}, 1, \"L1\"}"
"PASS: ""pinned accepted finite checkpoint {{2, 4, 1}, 1, \"Regular\"}"
"PASS: ""exact accepted finite checkpoint identity {{2, 4, 1}, 1, \"Regular\"}"
"PASS: ""pinned accepted finite checkpoint {{2, 4, 1}, -1, \"Delta\"}"
"PASS: ""exact accepted finite checkpoint identity {{2, 4, 1}, -1, \"Delta\"}"
"PASS: ""pinned accepted finite checkpoint {{2, 4, 1}, -1, \"L0\"}"
"PASS: ""exact accepted finite checkpoint identity {{2, 4, 1}, -1, \"L0\"}"
"PASS: ""pinned accepted finite checkpoint {{2, 4, 1}, -1, \"L1\"}"
"PASS: ""exact accepted finite checkpoint identity {{2, 4, 1}, -1, \"L1\"}"
"PASS: ""pinned accepted finite checkpoint {{2, 4, 1}, -1, \"Regular\"}"
"PASS: ""exact accepted finite checkpoint identity {{2, 4, 1}, -1, \"Regular\"}"
"PASS: ""real endpoint branches share a boundary"
"PASS: ""pinned accepted finite checkpoint {{2, 4, 1}, 0, \"Delta\"}"
"PASS: ""exact accepted finite checkpoint identity {{2, 4, 1}, 0, \"Delta\"}"
"PASS: ""pinned accepted finite checkpoint {{2, 4, 1}, 0, \"L0\"}"
"PASS: ""exact accepted finite checkpoint identity {{2, 4, 1}, 0, \"L0\"}"
"PASS: ""pinned accepted finite checkpoint {{2, 4, 1}, 0, \"L1\"}"
"PASS: ""exact accepted finite checkpoint identity {{2, 4, 1}, 0, \"L1\"}"
"PASS: ""pinned accepted finite checkpoint {{2, 4, 1}, 0, \"Regular\"}"
"PASS: ""exact accepted finite checkpoint identity {{2, 4, 1}, 0, \"Regular\"}"
"PASS: ""finite physical component"
"FINITE_COMPONENT_MEMORY "{2, 4, 1}" before "2831072576" after "2831090616
"PASS: ""pinned accepted finite checkpoint {{2, 4, 2}, 1, \"Delta\"}"
"PASS: ""exact accepted finite checkpoint identity {{2, 4, 2}, 1, \"Delta\"}"
"PASS: ""pinned accepted finite checkpoint {{2, 4, 2}, 1, \"L0\"}"
"PASS: ""exact accepted finite checkpoint identity {{2, 4, 2}, 1, \"L0\"}"
"PASS: ""pinned accepted finite checkpoint {{2, 4, 2}, 1, \"L1\"}"
"PASS: ""exact accepted finite checkpoint identity {{2, 4, 2}, 1, \"L1\"}"
"PASS: ""pinned accepted finite checkpoint {{2, 4, 2}, 1, \"Regular\"}"
"PASS: ""exact accepted finite checkpoint identity {{2, 4, 2}, 1, \"Regular\"}"
"PASS: ""pinned accepted finite checkpoint {{2, 4, 2}, -1, \"Delta\"}"
"PASS: ""exact accepted finite checkpoint identity {{2, 4, 2}, -1, \"Delta\"}"
"PASS: ""pinned accepted finite checkpoint {{2, 4, 2}, -1, \"L0\"}"
"PASS: ""exact accepted finite checkpoint identity {{2, 4, 2}, -1, \"L0\"}"
"PASS: ""pinned accepted finite checkpoint {{2, 4, 2}, -1, \"L1\"}"
"PASS: ""exact accepted finite checkpoint identity {{2, 4, 2}, -1, \"L1\"}"
"PASS: ""pinned accepted finite checkpoint {{2, 4, 2}, -1, \"Regular\"}"
"PASS: ""exact accepted finite checkpoint identity {{2, 4, 2}, -1, \"Regular\"}"
"PASS: ""real endpoint branches share a boundary"
"PASS: ""pinned accepted finite checkpoint {{2, 4, 2}, 0, \"Delta\"}"
"PASS: ""exact accepted finite checkpoint identity {{2, 4, 2}, 0, \"Delta\"}"
"PASS: ""pinned accepted finite checkpoint {{2, 4, 2}, 0, \"L0\"}"
"PASS: ""exact accepted finite checkpoint identity {{2, 4, 2}, 0, \"L0\"}"
"PASS: ""pinned accepted finite checkpoint {{2, 4, 2}, 0, \"L1\"}"
"PASS: ""exact accepted finite checkpoint identity {{2, 4, 2}, 0, \"L1\"}"
"PASS: ""pinned accepted finite checkpoint {{2, 4, 2}, 0, \"Regular\"}"
"PASS: ""exact accepted finite checkpoint identity {{2, 4, 2}, 0, \"Regular\"}"
"PASS: ""finite physical component"
"FINITE_COMPONENT_MEMORY "{2, 4, 2}" before "2831090512" after "2831108552
"PASS: ""pinned accepted finite checkpoint {{2, 4, 3}, 1, \"Delta\"}"
"PASS: ""exact accepted finite checkpoint identity {{2, 4, 3}, 1, \"Delta\"}"
"PASS: ""pinned accepted finite checkpoint {{2, 4, 3}, 1, \"L0\"}"
"PASS: ""exact accepted finite checkpoint identity {{2, 4, 3}, 1, \"L0\"}"
"PASS: ""pinned accepted finite checkpoint {{2, 4, 3}, 1, \"L1\"}"
"PASS: ""exact accepted finite checkpoint identity {{2, 4, 3}, 1, \"L1\"}"
"PASS: ""pinned accepted finite checkpoint {{2, 4, 3}, 1, \"Regular\"}"
"PASS: ""exact accepted finite checkpoint identity {{2, 4, 3}, 1, \"Regular\"}"
"PASS: ""pinned accepted finite checkpoint {{2, 4, 3}, -1, \"Delta\"}"
"PASS: ""exact accepted finite checkpoint identity {{2, 4, 3}, -1, \"Delta\"}"
"PASS: ""pinned accepted finite checkpoint {{2, 4, 3}, -1, \"L0\"}"
"PASS: ""exact accepted finite checkpoint identity {{2, 4, 3}, -1, \"L0\"}"
"PASS: ""pinned accepted finite checkpoint {{2, 4, 3}, -1, \"L1\"}"
"PASS: ""exact accepted finite checkpoint identity {{2, 4, 3}, -1, \"L1\"}"
"PASS: ""pinned accepted finite checkpoint {{2, 4, 3}, -1, \"Regular\"}"
"PASS: ""exact accepted finite checkpoint identity {{2, 4, 3}, -1, \"Regular\"}"
"PASS: ""real endpoint branches share a boundary"
"PASS: ""pinned accepted finite checkpoint {{2, 4, 3}, 0, \"Delta\"}"
"PASS: ""exact accepted finite checkpoint identity {{2, 4, 3}, 0, \"Delta\"}"
"PASS: ""pinned accepted finite checkpoint {{2, 4, 3}, 0, \"L0\"}"
"PASS: ""exact accepted finite checkpoint identity {{2, 4, 3}, 0, \"L0\"}"
"PASS: ""pinned accepted finite checkpoint {{2, 4, 3}, 0, \"L1\"}"
"PASS: ""exact accepted finite checkpoint identity {{2, 4, 3}, 0, \"L1\"}"
"PASS: ""pinned accepted finite checkpoint {{2, 4, 3}, 0, \"Regular\"}"
"PASS: ""exact accepted finite checkpoint identity {{2, 4, 3}, 0, \"Regular\"}"
"PASS: ""finite physical component"
"FINITE_COMPONENT_MEMORY "{2, 4, 3}" before "2831108448" after "2831126320
"PASS: ""pinned accepted finite checkpoint {{2, 4, 4}, 1, \"Delta\"}"
"PASS: ""exact accepted finite checkpoint identity {{2, 4, 4}, 1, \"Delta\"}"
"PASS: ""pinned accepted finite checkpoint {{2, 4, 4}, 1, \"L0\"}"
"PASS: ""exact accepted finite checkpoint identity {{2, 4, 4}, 1, \"L0\"}"
"PASS: ""pinned accepted finite checkpoint {{2, 4, 4}, 1, \"L1\"}"
"PASS: ""exact accepted finite checkpoint identity {{2, 4, 4}, 1, \"L1\"}"
"PASS: ""pinned accepted finite checkpoint {{2, 4, 4}, 1, \"Regular\"}"
"PASS: ""exact accepted finite checkpoint identity {{2, 4, 4}, 1, \"Regular\"}"
"PASS: ""pinned accepted finite checkpoint {{2, 4, 4}, -1, \"Delta\"}"
"PASS: ""exact accepted finite checkpoint identity {{2, 4, 4}, -1, \"Delta\"}"
"PASS: ""pinned accepted finite checkpoint {{2, 4, 4}, -1, \"L0\"}"
"PASS: ""exact accepted finite checkpoint identity {{2, 4, 4}, -1, \"L0\"}"
"PASS: ""pinned accepted finite checkpoint {{2, 4, 4}, -1, \"L1\"}"
"PASS: ""exact accepted finite checkpoint identity {{2, 4, 4}, -1, \"L1\"}"
"PASS: ""pinned accepted finite checkpoint {{2, 4, 4}, -1, \"Regular\"}"
"PASS: ""exact accepted finite checkpoint identity {{2, 4, 4}, -1, \"Regular\"}"
"PASS: ""real endpoint branches share a boundary"
"PASS: ""pinned accepted finite checkpoint {{2, 4, 4}, 0, \"Delta\"}"
"PASS: ""exact accepted finite checkpoint identity {{2, 4, 4}, 0, \"Delta\"}"
"PASS: ""pinned accepted finite checkpoint {{2, 4, 4}, 0, \"L0\"}"
"PASS: ""exact accepted finite checkpoint identity {{2, 4, 4}, 0, \"L0\"}"
"PASS: ""pinned accepted finite checkpoint {{2, 4, 4}, 0, \"L1\"}"
"PASS: ""exact accepted finite checkpoint identity {{2, 4, 4}, 0, \"L1\"}"
"PASS: ""pinned accepted finite checkpoint {{2, 4, 4}, 0, \"Regular\"}"
"PASS: ""exact accepted finite checkpoint identity {{2, 4, 4}, 0, \"Regular\"}"
"PASS: ""finite physical component"
"FINITE_COMPONENT_MEMORY "{2, 4, 4}" before "2831126216" after "2960479608
"PASS: ""pinned accepted finite checkpoint {{3, 1, 1}, 1, \"Delta\"}"
"PASS: ""exact accepted finite checkpoint identity {{3, 1, 1}, 1, \"Delta\"}"
"PASS: ""pinned accepted finite checkpoint {{3, 1, 1}, 1, \"L0\"}"
"PASS: ""exact accepted finite checkpoint identity {{3, 1, 1}, 1, \"L0\"}"
"PASS: ""pinned accepted finite checkpoint {{3, 1, 1}, 1, \"L1\"}"
"PASS: ""exact accepted finite checkpoint identity {{3, 1, 1}, 1, \"L1\"}"
"PASS: ""pinned accepted finite checkpoint {{3, 1, 1}, 1, \"Regular\"}"
"PASS: ""exact accepted finite checkpoint identity {{3, 1, 1}, 1, \"Regular\"}"
"PASS: ""pinned accepted finite checkpoint {{3, 1, 1}, -1, \"Delta\"}"
"PASS: ""exact accepted finite checkpoint identity {{3, 1, 1}, -1, \"Delta\"}"
"PASS: ""pinned accepted finite checkpoint {{3, 1, 1}, -1, \"L0\"}"
"PASS: ""exact accepted finite checkpoint identity {{3, 1, 1}, -1, \"L0\"}"
"PASS: ""pinned accepted finite checkpoint {{3, 1, 1}, -1, \"L1\"}"
"PASS: ""exact accepted finite checkpoint identity {{3, 1, 1}, -1, \"L1\"}"
"PASS: ""pinned accepted finite checkpoint {{3, 1, 1}, -1, \"Regular\"}"
"PASS: ""exact accepted finite checkpoint identity {{3, 1, 1}, -1, \"Regular\"}"
"PASS: ""real endpoint branches share a boundary"
"PASS: ""pinned accepted finite checkpoint {{3, 1, 1}, 0, \"Delta\"}"
"PASS: ""exact accepted finite checkpoint identity {{3, 1, 1}, 0, \"Delta\"}"
"PASS: ""pinned accepted finite checkpoint {{3, 1, 1}, 0, \"L0\"}"
"PASS: ""exact accepted finite checkpoint identity {{3, 1, 1}, 0, \"L0\"}"
"PASS: ""pinned accepted finite checkpoint {{3, 1, 1}, 0, \"L1\"}"
"PASS: ""exact accepted finite checkpoint identity {{3, 1, 1}, 0, \"L1\"}"
"PASS: ""pinned accepted finite checkpoint {{3, 1, 1}, 0, \"Regular\"}"
"PASS: ""exact accepted finite checkpoint identity {{3, 1, 1}, 0, \"Regular\"}"
"PASS: ""finite physical component"
"FINITE_COMPONENT_MEMORY "{3, 1, 1}" before "2960479504" after "3246552040
"PASS: ""pinned accepted finite checkpoint {{3, 1, 2}, 1, \"Delta\"}"
"PASS: ""exact accepted finite checkpoint identity {{3, 1, 2}, 1, \"Delta\"}"
"PASS: ""pinned accepted finite checkpoint {{3, 1, 2}, 1, \"L0\"}"
"PASS: ""exact accepted finite checkpoint identity {{3, 1, 2}, 1, \"L0\"}"
"PASS: ""pinned accepted finite checkpoint {{3, 1, 2}, 1, \"L1\"}"
"PASS: ""exact accepted finite checkpoint identity {{3, 1, 2}, 1, \"L1\"}"
"PASS: ""pinned accepted finite checkpoint {{3, 1, 2}, 1, \"Regular\"}"
"PASS: ""exact accepted finite checkpoint identity {{3, 1, 2}, 1, \"Regular\"}"
"PASS: ""pinned accepted finite checkpoint {{3, 1, 2}, -1, \"Delta\"}"
"PASS: ""exact accepted finite checkpoint identity {{3, 1, 2}, -1, \"Delta\"}"
"PASS: ""pinned accepted finite checkpoint {{3, 1, 2}, -1, \"L0\"}"
"PASS: ""exact accepted finite checkpoint identity {{3, 1, 2}, -1, \"L0\"}"
"PASS: ""pinned accepted finite checkpoint {{3, 1, 2}, -1, \"L1\"}"
"PASS: ""exact accepted finite checkpoint identity {{3, 1, 2}, -1, \"L1\"}"
"PASS: ""pinned accepted finite checkpoint {{3, 1, 2}, -1, \"Regular\"}"
"PASS: ""exact accepted finite checkpoint identity {{3, 1, 2}, -1, \"Regular\"}"
"PASS: ""real endpoint branches share a boundary"
"PASS: ""pinned accepted finite checkpoint {{3, 1, 2}, 0, \"Delta\"}"
"PASS: ""exact accepted finite checkpoint identity {{3, 1, 2}, 0, \"Delta\"}"
"PASS: ""pinned accepted finite checkpoint {{3, 1, 2}, 0, \"L0\"}"
"PASS: ""exact accepted finite checkpoint identity {{3, 1, 2}, 0, \"L0\"}"
"PASS: ""pinned accepted finite checkpoint {{3, 1, 2}, 0, \"L1\"}"
"PASS: ""exact accepted finite checkpoint identity {{3, 1, 2}, 0, \"L1\"}"
"PASS: ""pinned accepted finite checkpoint {{3, 1, 2}, 0, \"Regular\"}"
"PASS: ""exact accepted finite checkpoint identity {{3, 1, 2}, 0, \"Regular\"}"
"PASS: ""finite physical component"
"FINITE_COMPONENT_MEMORY "{3, 1, 2}" before "3246551936" after "3403792456
"PASS: ""pinned accepted finite checkpoint {{3, 1, 3}, 1, \"Delta\"}"
"PASS: ""exact accepted finite checkpoint identity {{3, 1, 3}, 1, \"Delta\"}"
"PASS: ""pinned accepted finite checkpoint {{3, 1, 3}, 1, \"L0\"}"
"PASS: ""exact accepted finite checkpoint identity {{3, 1, 3}, 1, \"L0\"}"
"PASS: ""pinned accepted finite checkpoint {{3, 1, 3}, 1, \"L1\"}"
"PASS: ""exact accepted finite checkpoint identity {{3, 1, 3}, 1, \"L1\"}"
"PASS: ""pinned accepted finite checkpoint {{3, 1, 3}, 1, \"Regular\"}"
"PASS: ""exact accepted finite checkpoint identity {{3, 1, 3}, 1, \"Regular\"}"
"PASS: ""pinned accepted finite checkpoint {{3, 1, 3}, -1, \"Delta\"}"
"PASS: ""exact accepted finite checkpoint identity {{3, 1, 3}, -1, \"Delta\"}"
"PASS: ""pinned accepted finite checkpoint {{3, 1, 3}, -1, \"L0\"}"
"PASS: ""exact accepted finite checkpoint identity {{3, 1, 3}, -1, \"L0\"}"
"PASS: ""pinned accepted finite checkpoint {{3, 1, 3}, -1, \"L1\"}"
"PASS: ""exact accepted finite checkpoint identity {{3, 1, 3}, -1, \"L1\"}"
"PASS: ""pinned accepted finite checkpoint {{3, 1, 3}, -1, \"Regular\"}"
"PASS: ""exact accepted finite checkpoint identity {{3, 1, 3}, -1, \"Regular\"}"
"PASS: ""real endpoint branches share a boundary"
"PASS: ""pinned accepted finite checkpoint {{3, 1, 3}, 0, \"Delta\"}"
"PASS: ""exact accepted finite checkpoint identity {{3, 1, 3}, 0, \"Delta\"}"
"PASS: ""pinned accepted finite checkpoint {{3, 1, 3}, 0, \"L0\"}"
"PASS: ""exact accepted finite checkpoint identity {{3, 1, 3}, 0, \"L0\"}"
"PASS: ""pinned accepted finite checkpoint {{3, 1, 3}, 0, \"L1\"}"
"PASS: ""exact accepted finite checkpoint identity {{3, 1, 3}, 0, \"L1\"}"
"PASS: ""pinned accepted finite checkpoint {{3, 1, 3}, 0, \"Regular\"}"
"PASS: ""exact accepted finite checkpoint identity {{3, 1, 3}, 0, \"Regular\"}"
"PASS: ""finite physical component"
"FINITE_COMPONENT_MEMORY "{3, 1, 3}" before "3403792352" after "3403810432
"PASS: ""pinned accepted finite checkpoint {{3, 1, 4}, 1, \"Delta\"}"
"PASS: ""exact accepted finite checkpoint identity {{3, 1, 4}, 1, \"Delta\"}"
"PASS: ""pinned accepted finite checkpoint {{3, 1, 4}, 1, \"L0\"}"
"PASS: ""exact accepted finite checkpoint identity {{3, 1, 4}, 1, \"L0\"}"
"PASS: ""pinned accepted finite checkpoint {{3, 1, 4}, 1, \"L1\"}"
"PASS: ""exact accepted finite checkpoint identity {{3, 1, 4}, 1, \"L1\"}"
"PASS: ""pinned accepted finite checkpoint {{3, 1, 4}, 1, \"Regular\"}"
"PASS: ""exact accepted finite checkpoint identity {{3, 1, 4}, 1, \"Regular\"}"
"PASS: ""pinned accepted finite checkpoint {{3, 1, 4}, -1, \"Delta\"}"
"PASS: ""exact accepted finite checkpoint identity {{3, 1, 4}, -1, \"Delta\"}"
"PASS: ""pinned accepted finite checkpoint {{3, 1, 4}, -1, \"L0\"}"
"PASS: ""exact accepted finite checkpoint identity {{3, 1, 4}, -1, \"L0\"}"
"PASS: ""pinned accepted finite checkpoint {{3, 1, 4}, -1, \"L1\"}"
"PASS: ""exact accepted finite checkpoint identity {{3, 1, 4}, -1, \"L1\"}"
"PASS: ""pinned accepted finite checkpoint {{3, 1, 4}, -1, \"Regular\"}"
"PASS: ""exact accepted finite checkpoint identity {{3, 1, 4}, -1, \"Regular\"}"
"PASS: ""real endpoint branches share a boundary"
"PASS: ""pinned accepted finite checkpoint {{3, 1, 4}, 0, \"Delta\"}"
"PASS: ""exact accepted finite checkpoint identity {{3, 1, 4}, 0, \"Delta\"}"
"PASS: ""pinned accepted finite checkpoint {{3, 1, 4}, 0, \"L0\"}"
"PASS: ""exact accepted finite checkpoint identity {{3, 1, 4}, 0, \"L0\"}"
"PASS: ""pinned accepted finite checkpoint {{3, 1, 4}, 0, \"L1\"}"
"PASS: ""exact accepted finite checkpoint identity {{3, 1, 4}, 0, \"L1\"}"
"PASS: ""pinned accepted finite checkpoint {{3, 1, 4}, 0, \"Regular\"}"
"PASS: ""exact accepted finite checkpoint identity {{3, 1, 4}, 0, \"Regular\"}"
"PASS: ""finite physical component"
"FINITE_COMPONENT_MEMORY "{3, 1, 4}" before "3403810328" after "3403828232
"PASS: ""pinned accepted finite checkpoint {{3, 2, 1}, 1, \"Delta\"}"
"PASS: ""exact accepted finite checkpoint identity {{3, 2, 1}, 1, \"Delta\"}"
"PASS: ""pinned accepted finite checkpoint {{3, 2, 1}, 1, \"L0\"}"
"PASS: ""exact accepted finite checkpoint identity {{3, 2, 1}, 1, \"L0\"}"
"PASS: ""pinned accepted finite checkpoint {{3, 2, 1}, 1, \"L1\"}"
"PASS: ""exact accepted finite checkpoint identity {{3, 2, 1}, 1, \"L1\"}"
"PASS: ""pinned accepted finite checkpoint {{3, 2, 1}, 1, \"Regular\"}"
"PASS: ""exact accepted finite checkpoint identity {{3, 2, 1}, 1, \"Regular\"}"
"PASS: ""pinned accepted finite checkpoint {{3, 2, 1}, -1, \"Delta\"}"
"PASS: ""exact accepted finite checkpoint identity {{3, 2, 1}, -1, \"Delta\"}"
"PASS: ""pinned accepted finite checkpoint {{3, 2, 1}, -1, \"L0\"}"
"PASS: ""exact accepted finite checkpoint identity {{3, 2, 1}, -1, \"L0\"}"
"PASS: ""pinned accepted finite checkpoint {{3, 2, 1}, -1, \"L1\"}"
"PASS: ""exact accepted finite checkpoint identity {{3, 2, 1}, -1, \"L1\"}"
"PASS: ""pinned accepted finite checkpoint {{3, 2, 1}, -1, \"Regular\"}"
"PASS: ""exact accepted finite checkpoint identity {{3, 2, 1}, -1, \"Regular\"}"
"PASS: ""real endpoint branches share a boundary"
"PASS: ""pinned accepted finite checkpoint {{3, 2, 1}, 0, \"Delta\"}"
"PASS: ""exact accepted finite checkpoint identity {{3, 2, 1}, 0, \"Delta\"}"
"PASS: ""pinned accepted finite checkpoint {{3, 2, 1}, 0, \"L0\"}"
"PASS: ""exact accepted finite checkpoint identity {{3, 2, 1}, 0, \"L0\"}"
"PASS: ""pinned accepted finite checkpoint {{3, 2, 1}, 0, \"L1\"}"
"PASS: ""exact accepted finite checkpoint identity {{3, 2, 1}, 0, \"L1\"}"
"PASS: ""pinned accepted finite checkpoint {{3, 2, 1}, 0, \"Regular\"}"
"PASS: ""exact accepted finite checkpoint identity {{3, 2, 1}, 0, \"Regular\"}"
"PASS: ""finite physical component"
"FINITE_COMPONENT_MEMORY "{3, 2, 1}" before "3403828128" after "3561237128
"PASS: ""pinned accepted finite checkpoint {{3, 2, 2}, 1, \"Delta\"}"
"PASS: ""exact accepted finite checkpoint identity {{3, 2, 2}, 1, \"Delta\"}"
"PASS: ""pinned accepted finite checkpoint {{3, 2, 2}, 1, \"L0\"}"
"PASS: ""exact accepted finite checkpoint identity {{3, 2, 2}, 1, \"L0\"}"
"PASS: ""pinned accepted finite checkpoint {{3, 2, 2}, 1, \"L1\"}"
"PASS: ""exact accepted finite checkpoint identity {{3, 2, 2}, 1, \"L1\"}"
"PASS: ""pinned accepted finite checkpoint {{3, 2, 2}, 1, \"Regular\"}"
"PASS: ""exact accepted finite checkpoint identity {{3, 2, 2}, 1, \"Regular\"}"
"PASS: ""pinned accepted finite checkpoint {{3, 2, 2}, -1, \"Delta\"}"
"PASS: ""exact accepted finite checkpoint identity {{3, 2, 2}, -1, \"Delta\"}"
"PASS: ""pinned accepted finite checkpoint {{3, 2, 2}, -1, \"L0\"}"
"PASS: ""exact accepted finite checkpoint identity {{3, 2, 2}, -1, \"L0\"}"
"PASS: ""pinned accepted finite checkpoint {{3, 2, 2}, -1, \"L1\"}"
"PASS: ""exact accepted finite checkpoint identity {{3, 2, 2}, -1, \"L1\"}"
"PASS: ""pinned accepted finite checkpoint {{3, 2, 2}, -1, \"Regular\"}"
"PASS: ""exact accepted finite checkpoint identity {{3, 2, 2}, -1, \"Regular\"}"
"PASS: ""real endpoint branches share a boundary"
"PASS: ""pinned accepted finite checkpoint {{3, 2, 2}, 0, \"Delta\"}"
"PASS: ""exact accepted finite checkpoint identity {{3, 2, 2}, 0, \"Delta\"}"
"PASS: ""pinned accepted finite checkpoint {{3, 2, 2}, 0, \"L0\"}"
"PASS: ""exact accepted finite checkpoint identity {{3, 2, 2}, 0, \"L0\"}"
"PASS: ""pinned accepted finite checkpoint {{3, 2, 2}, 0, \"L1\"}"
"PASS: ""exact accepted finite checkpoint identity {{3, 2, 2}, 0, \"L1\"}"
"PASS: ""pinned accepted finite checkpoint {{3, 2, 2}, 0, \"Regular\"}"
"PASS: ""exact accepted finite checkpoint identity {{3, 2, 2}, 0, \"Regular\"}"
"PASS: ""finite physical component"
"FINITE_COMPONENT_MEMORY "{3, 2, 2}" before "3561237024" after "3856871056
"PASS: ""pinned accepted finite checkpoint {{3, 2, 3}, 1, \"Delta\"}"
"PASS: ""exact accepted finite checkpoint identity {{3, 2, 3}, 1, \"Delta\"}"
"PASS: ""pinned accepted finite checkpoint {{3, 2, 3}, 1, \"L0\"}"
"PASS: ""exact accepted finite checkpoint identity {{3, 2, 3}, 1, \"L0\"}"
"PASS: ""pinned accepted finite checkpoint {{3, 2, 3}, 1, \"L1\"}"
"PASS: ""exact accepted finite checkpoint identity {{3, 2, 3}, 1, \"L1\"}"
"PASS: ""pinned accepted finite checkpoint {{3, 2, 3}, 1, \"Regular\"}"
"PASS: ""exact accepted finite checkpoint identity {{3, 2, 3}, 1, \"Regular\"}"
"PASS: ""pinned accepted finite checkpoint {{3, 2, 3}, -1, \"Delta\"}"
"PASS: ""exact accepted finite checkpoint identity {{3, 2, 3}, -1, \"Delta\"}"
"PASS: ""pinned accepted finite checkpoint {{3, 2, 3}, -1, \"L0\"}"
"PASS: ""exact accepted finite checkpoint identity {{3, 2, 3}, -1, \"L0\"}"
"PASS: ""pinned accepted finite checkpoint {{3, 2, 3}, -1, \"L1\"}"
"PASS: ""exact accepted finite checkpoint identity {{3, 2, 3}, -1, \"L1\"}"
"PASS: ""pinned accepted finite checkpoint {{3, 2, 3}, -1, \"Regular\"}"
"PASS: ""exact accepted finite checkpoint identity {{3, 2, 3}, -1, \"Regular\"}"
"PASS: ""real endpoint branches share a boundary"
"PASS: ""pinned accepted finite checkpoint {{3, 2, 3}, 0, \"Delta\"}"
"PASS: ""exact accepted finite checkpoint identity {{3, 2, 3}, 0, \"Delta\"}"
"PASS: ""pinned accepted finite checkpoint {{3, 2, 3}, 0, \"L0\"}"
"PASS: ""exact accepted finite checkpoint identity {{3, 2, 3}, 0, \"L0\"}"
"PASS: ""pinned accepted finite checkpoint {{3, 2, 3}, 0, \"L1\"}"
"PASS: ""exact accepted finite checkpoint identity {{3, 2, 3}, 0, \"L1\"}"
"PASS: ""pinned accepted finite checkpoint {{3, 2, 3}, 0, \"Regular\"}"
"PASS: ""exact accepted finite checkpoint identity {{3, 2, 3}, 0, \"Regular\"}"
"PASS: ""finite physical component"
"FINITE_COMPONENT_MEMORY "{3, 2, 3}" before "3856870952" after "3856888816
"PASS: ""pinned accepted finite checkpoint {{3, 2, 4}, 1, \"Delta\"}"
"PASS: ""exact accepted finite checkpoint identity {{3, 2, 4}, 1, \"Delta\"}"
"PASS: ""pinned accepted finite checkpoint {{3, 2, 4}, 1, \"L0\"}"
"PASS: ""exact accepted finite checkpoint identity {{3, 2, 4}, 1, \"L0\"}"
"PASS: ""pinned accepted finite checkpoint {{3, 2, 4}, 1, \"L1\"}"
"PASS: ""exact accepted finite checkpoint identity {{3, 2, 4}, 1, \"L1\"}"
"PASS: ""pinned accepted finite checkpoint {{3, 2, 4}, 1, \"Regular\"}"
"PASS: ""exact accepted finite checkpoint identity {{3, 2, 4}, 1, \"Regular\"}"
"PASS: ""pinned accepted finite checkpoint {{3, 2, 4}, -1, \"Delta\"}"
"PASS: ""exact accepted finite checkpoint identity {{3, 2, 4}, -1, \"Delta\"}"
"PASS: ""pinned accepted finite checkpoint {{3, 2, 4}, -1, \"L0\"}"
"PASS: ""exact accepted finite checkpoint identity {{3, 2, 4}, -1, \"L0\"}"
"PASS: ""pinned accepted finite checkpoint {{3, 2, 4}, -1, \"L1\"}"
"PASS: ""exact accepted finite checkpoint identity {{3, 2, 4}, -1, \"L1\"}"
"PASS: ""pinned accepted finite checkpoint {{3, 2, 4}, -1, \"Regular\"}"
"PASS: ""exact accepted finite checkpoint identity {{3, 2, 4}, -1, \"Regular\"}"
"PASS: ""real endpoint branches share a boundary"
"PASS: ""pinned accepted finite checkpoint {{3, 2, 4}, 0, \"Delta\"}"
"PASS: ""exact accepted finite checkpoint identity {{3, 2, 4}, 0, \"Delta\"}"
"PASS: ""pinned accepted finite checkpoint {{3, 2, 4}, 0, \"L0\"}"
"PASS: ""exact accepted finite checkpoint identity {{3, 2, 4}, 0, \"L0\"}"
"PASS: ""pinned accepted finite checkpoint {{3, 2, 4}, 0, \"L1\"}"
"PASS: ""exact accepted finite checkpoint identity {{3, 2, 4}, 0, \"L1\"}"
"PASS: ""pinned accepted finite checkpoint {{3, 2, 4}, 0, \"Regular\"}"
"PASS: ""exact accepted finite checkpoint identity {{3, 2, 4}, 0, \"Regular\"}"
"PASS: ""finite physical component"
"FINITE_COMPONENT_MEMORY "{3, 2, 4}" before "3856888712" after "3856906696
"PASS: ""pinned accepted finite checkpoint {{3, 3, 1}, 1, \"Delta\"}"
"PASS: ""exact accepted finite checkpoint identity {{3, 3, 1}, 1, \"Delta\"}"
"PASS: ""pinned accepted finite checkpoint {{3, 3, 1}, 1, \"L0\"}"
"PASS: ""exact accepted finite checkpoint identity {{3, 3, 1}, 1, \"L0\"}"
"PASS: ""pinned accepted finite checkpoint {{3, 3, 1}, 1, \"L1\"}"
"PASS: ""exact accepted finite checkpoint identity {{3, 3, 1}, 1, \"L1\"}"
"PASS: ""pinned accepted finite checkpoint {{3, 3, 1}, 1, \"Regular\"}"
"PASS: ""exact accepted finite checkpoint identity {{3, 3, 1}, 1, \"Regular\"}"
"PASS: ""pinned accepted finite checkpoint {{3, 3, 1}, -1, \"Delta\"}"
"PASS: ""exact accepted finite checkpoint identity {{3, 3, 1}, -1, \"Delta\"}"
"PASS: ""pinned accepted finite checkpoint {{3, 3, 1}, -1, \"L0\"}"
"PASS: ""exact accepted finite checkpoint identity {{3, 3, 1}, -1, \"L0\"}"
"PASS: ""pinned accepted finite checkpoint {{3, 3, 1}, -1, \"L1\"}"
"PASS: ""exact accepted finite checkpoint identity {{3, 3, 1}, -1, \"L1\"}"
"PASS: ""pinned accepted finite checkpoint {{3, 3, 1}, -1, \"Regular\"}"
"PASS: ""exact accepted finite checkpoint identity {{3, 3, 1}, -1, \"Regular\"}"
"PASS: ""real endpoint branches share a boundary"
"PASS: ""pinned accepted finite checkpoint {{3, 3, 1}, 0, \"Delta\"}"
"PASS: ""exact accepted finite checkpoint identity {{3, 3, 1}, 0, \"Delta\"}"
"PASS: ""pinned accepted finite checkpoint {{3, 3, 1}, 0, \"L0\"}"
"PASS: ""exact accepted finite checkpoint identity {{3, 3, 1}, 0, \"L0\"}"
"PASS: ""pinned accepted finite checkpoint {{3, 3, 1}, 0, \"L1\"}"
"PASS: ""exact accepted finite checkpoint identity {{3, 3, 1}, 0, \"L1\"}"
"PASS: ""pinned accepted finite checkpoint {{3, 3, 1}, 0, \"Regular\"}"
"PASS: ""exact accepted finite checkpoint identity {{3, 3, 1}, 0, \"Regular\"}"
"PASS: ""finite physical component"
"FINITE_COMPONENT_MEMORY "{3, 3, 1}" before "3856906592" after "3856924584
"PASS: ""pinned accepted finite checkpoint {{3, 3, 2}, 1, \"Delta\"}"
"PASS: ""exact accepted finite checkpoint identity {{3, 3, 2}, 1, \"Delta\"}"
"PASS: ""pinned accepted finite checkpoint {{3, 3, 2}, 1, \"L0\"}"
"PASS: ""exact accepted finite checkpoint identity {{3, 3, 2}, 1, \"L0\"}"
"PASS: ""pinned accepted finite checkpoint {{3, 3, 2}, 1, \"L1\"}"
"PASS: ""exact accepted finite checkpoint identity {{3, 3, 2}, 1, \"L1\"}"
"PASS: ""pinned accepted finite checkpoint {{3, 3, 2}, 1, \"Regular\"}"
"PASS: ""exact accepted finite checkpoint identity {{3, 3, 2}, 1, \"Regular\"}"
"PASS: ""pinned accepted finite checkpoint {{3, 3, 2}, -1, \"Delta\"}"
"PASS: ""exact accepted finite checkpoint identity {{3, 3, 2}, -1, \"Delta\"}"
"PASS: ""pinned accepted finite checkpoint {{3, 3, 2}, -1, \"L0\"}"
"PASS: ""exact accepted finite checkpoint identity {{3, 3, 2}, -1, \"L0\"}"
"PASS: ""pinned accepted finite checkpoint {{3, 3, 2}, -1, \"L1\"}"
"PASS: ""exact accepted finite checkpoint identity {{3, 3, 2}, -1, \"L1\"}"
"PASS: ""pinned accepted finite checkpoint {{3, 3, 2}, -1, \"Regular\"}"
"PASS: ""exact accepted finite checkpoint identity {{3, 3, 2}, -1, \"Regular\"}"
"PASS: ""real endpoint branches share a boundary"
"PASS: ""pinned accepted finite checkpoint {{3, 3, 2}, 0, \"Delta\"}"
"PASS: ""exact accepted finite checkpoint identity {{3, 3, 2}, 0, \"Delta\"}"
"PASS: ""pinned accepted finite checkpoint {{3, 3, 2}, 0, \"L0\"}"
"PASS: ""exact accepted finite checkpoint identity {{3, 3, 2}, 0, \"L0\"}"
"PASS: ""pinned accepted finite checkpoint {{3, 3, 2}, 0, \"L1\"}"
"PASS: ""exact accepted finite checkpoint identity {{3, 3, 2}, 0, \"L1\"}"
"PASS: ""pinned accepted finite checkpoint {{3, 3, 2}, 0, \"Regular\"}"
"PASS: ""exact accepted finite checkpoint identity {{3, 3, 2}, 0, \"Regular\"}"
"PASS: ""finite physical component"
"FINITE_COMPONENT_MEMORY "{3, 3, 2}" before "3856924480" after "3856942592
"PASS: ""pinned accepted finite checkpoint {{3, 3, 3}, 1, \"Delta\"}"
"PASS: ""exact accepted finite checkpoint identity {{3, 3, 3}, 1, \"Delta\"}"
"PASS: ""pinned accepted finite checkpoint {{3, 3, 3}, 1, \"L0\"}"
"PASS: ""exact accepted finite checkpoint identity {{3, 3, 3}, 1, \"L0\"}"
"PASS: ""pinned accepted finite checkpoint {{3, 3, 3}, 1, \"L1\"}"
"PASS: ""exact accepted finite checkpoint identity {{3, 3, 3}, 1, \"L1\"}"
"PASS: ""pinned accepted finite checkpoint {{3, 3, 3}, 1, \"Regular\"}"
"PASS: ""exact accepted finite checkpoint identity {{3, 3, 3}, 1, \"Regular\"}"
"PASS: ""pinned accepted finite checkpoint {{3, 3, 3}, -1, \"Delta\"}"
"PASS: ""exact accepted finite checkpoint identity {{3, 3, 3}, -1, \"Delta\"}"
"PASS: ""pinned accepted finite checkpoint {{3, 3, 3}, -1, \"L0\"}"
"PASS: ""exact accepted finite checkpoint identity {{3, 3, 3}, -1, \"L0\"}"
"PASS: ""pinned accepted finite checkpoint {{3, 3, 3}, -1, \"L1\"}"
"PASS: ""exact accepted finite checkpoint identity {{3, 3, 3}, -1, \"L1\"}"
"PASS: ""pinned accepted finite checkpoint {{3, 3, 3}, -1, \"Regular\"}"
"PASS: ""exact accepted finite checkpoint identity {{3, 3, 3}, -1, \"Regular\"}"
"PASS: ""real endpoint branches share a boundary"
"PASS: ""pinned accepted finite checkpoint {{3, 3, 3}, 0, \"Delta\"}"
"PASS: ""exact accepted finite checkpoint identity {{3, 3, 3}, 0, \"Delta\"}"
"PASS: ""pinned accepted finite checkpoint {{3, 3, 3}, 0, \"L0\"}"
"PASS: ""exact accepted finite checkpoint identity {{3, 3, 3}, 0, \"L0\"}"
"PASS: ""pinned accepted finite checkpoint {{3, 3, 3}, 0, \"L1\"}"
"PASS: ""exact accepted finite checkpoint identity {{3, 3, 3}, 0, \"L1\"}"
"PASS: ""pinned accepted finite checkpoint {{3, 3, 3}, 0, \"Regular\"}"
"PASS: ""exact accepted finite checkpoint identity {{3, 3, 3}, 0, \"Regular\"}"
"PASS: ""finite physical component"
"FINITE_COMPONENT_MEMORY "{3, 3, 3}" before "3856942488" after "4016625808
"PASS: ""pinned accepted finite checkpoint {{3, 3, 4}, 1, \"Delta\"}"
"PASS: ""exact accepted finite checkpoint identity {{3, 3, 4}, 1, \"Delta\"}"
"PASS: ""pinned accepted finite checkpoint {{3, 3, 4}, 1, \"L0\"}"
"PASS: ""exact accepted finite checkpoint identity {{3, 3, 4}, 1, \"L0\"}"
"PASS: ""pinned accepted finite checkpoint {{3, 3, 4}, 1, \"L1\"}"
"PASS: ""exact accepted finite checkpoint identity {{3, 3, 4}, 1, \"L1\"}"
"PASS: ""pinned accepted finite checkpoint {{3, 3, 4}, 1, \"Regular\"}"
"PASS: ""exact accepted finite checkpoint identity {{3, 3, 4}, 1, \"Regular\"}"
"PASS: ""pinned accepted finite checkpoint {{3, 3, 4}, -1, \"Delta\"}"
"PASS: ""exact accepted finite checkpoint identity {{3, 3, 4}, -1, \"Delta\"}"
"PASS: ""pinned accepted finite checkpoint {{3, 3, 4}, -1, \"L0\"}"
"PASS: ""exact accepted finite checkpoint identity {{3, 3, 4}, -1, \"L0\"}"
"PASS: ""pinned accepted finite checkpoint {{3, 3, 4}, -1, \"L1\"}"
"PASS: ""exact accepted finite checkpoint identity {{3, 3, 4}, -1, \"L1\"}"
"PASS: ""pinned accepted finite checkpoint {{3, 3, 4}, -1, \"Regular\"}"
"PASS: ""exact accepted finite checkpoint identity {{3, 3, 4}, -1, \"Regular\"}"
"PASS: ""real endpoint branches share a boundary"
"PASS: ""pinned accepted finite checkpoint {{3, 3, 4}, 0, \"Delta\"}"
"PASS: ""exact accepted finite checkpoint identity {{3, 3, 4}, 0, \"Delta\"}"
"PASS: ""pinned accepted finite checkpoint {{3, 3, 4}, 0, \"L0\"}"
"PASS: ""exact accepted finite checkpoint identity {{3, 3, 4}, 0, \"L0\"}"
"PASS: ""pinned accepted finite checkpoint {{3, 3, 4}, 0, \"L1\"}"
"PASS: ""exact accepted finite checkpoint identity {{3, 3, 4}, 0, \"L1\"}"
"PASS: ""pinned accepted finite checkpoint {{3, 3, 4}, 0, \"Regular\"}"
"PASS: ""exact accepted finite checkpoint identity {{3, 3, 4}, 0, \"Regular\"}"
"PASS: ""finite physical component"
"FINITE_COMPONENT_MEMORY "{3, 3, 4}" before "4016625704" after "4016643632
"PASS: ""pinned accepted finite checkpoint {{3, 4, 1}, 1, \"Delta\"}"
"PASS: ""exact accepted finite checkpoint identity {{3, 4, 1}, 1, \"Delta\"}"
"PASS: ""pinned accepted finite checkpoint {{3, 4, 1}, 1, \"L0\"}"
"PASS: ""exact accepted finite checkpoint identity {{3, 4, 1}, 1, \"L0\"}"
"PASS: ""pinned accepted finite checkpoint {{3, 4, 1}, 1, \"L1\"}"
"PASS: ""exact accepted finite checkpoint identity {{3, 4, 1}, 1, \"L1\"}"
"PASS: ""pinned accepted finite checkpoint {{3, 4, 1}, 1, \"Regular\"}"
"PASS: ""exact accepted finite checkpoint identity {{3, 4, 1}, 1, \"Regular\"}"
"PASS: ""pinned accepted finite checkpoint {{3, 4, 1}, -1, \"Delta\"}"
"PASS: ""exact accepted finite checkpoint identity {{3, 4, 1}, -1, \"Delta\"}"
"PASS: ""pinned accepted finite checkpoint {{3, 4, 1}, -1, \"L0\"}"
"PASS: ""exact accepted finite checkpoint identity {{3, 4, 1}, -1, \"L0\"}"
"PASS: ""pinned accepted finite checkpoint {{3, 4, 1}, -1, \"L1\"}"
"PASS: ""exact accepted finite checkpoint identity {{3, 4, 1}, -1, \"L1\"}"
"PASS: ""pinned accepted finite checkpoint {{3, 4, 1}, -1, \"Regular\"}"
"PASS: ""exact accepted finite checkpoint identity {{3, 4, 1}, -1, \"Regular\"}"
"PASS: ""real endpoint branches share a boundary"
"PASS: ""pinned accepted finite checkpoint {{3, 4, 1}, 0, \"Delta\"}"
"PASS: ""exact accepted finite checkpoint identity {{3, 4, 1}, 0, \"Delta\"}"
"PASS: ""pinned accepted finite checkpoint {{3, 4, 1}, 0, \"L0\"}"
"PASS: ""exact accepted finite checkpoint identity {{3, 4, 1}, 0, \"L0\"}"
"PASS: ""pinned accepted finite checkpoint {{3, 4, 1}, 0, \"L1\"}"
"PASS: ""exact accepted finite checkpoint identity {{3, 4, 1}, 0, \"L1\"}"
"PASS: ""pinned accepted finite checkpoint {{3, 4, 1}, 0, \"Regular\"}"
"PASS: ""exact accepted finite checkpoint identity {{3, 4, 1}, 0, \"Regular\"}"
"PASS: ""finite physical component"
"FINITE_COMPONENT_MEMORY "{3, 4, 1}" before "4016643528" after "4016661808
"PASS: ""pinned accepted finite checkpoint {{3, 4, 2}, 1, \"Delta\"}"
"PASS: ""exact accepted finite checkpoint identity {{3, 4, 2}, 1, \"Delta\"}"
"PASS: ""pinned accepted finite checkpoint {{3, 4, 2}, 1, \"L0\"}"
"PASS: ""exact accepted finite checkpoint identity {{3, 4, 2}, 1, \"L0\"}"
"PASS: ""pinned accepted finite checkpoint {{3, 4, 2}, 1, \"L1\"}"
"PASS: ""exact accepted finite checkpoint identity {{3, 4, 2}, 1, \"L1\"}"
"PASS: ""pinned accepted finite checkpoint {{3, 4, 2}, 1, \"Regular\"}"
"PASS: ""exact accepted finite checkpoint identity {{3, 4, 2}, 1, \"Regular\"}"
"PASS: ""pinned accepted finite checkpoint {{3, 4, 2}, -1, \"Delta\"}"
"PASS: ""exact accepted finite checkpoint identity {{3, 4, 2}, -1, \"Delta\"}"
"PASS: ""pinned accepted finite checkpoint {{3, 4, 2}, -1, \"L0\"}"
"PASS: ""exact accepted finite checkpoint identity {{3, 4, 2}, -1, \"L0\"}"
"PASS: ""pinned accepted finite checkpoint {{3, 4, 2}, -1, \"L1\"}"
"PASS: ""exact accepted finite checkpoint identity {{3, 4, 2}, -1, \"L1\"}"
"PASS: ""pinned accepted finite checkpoint {{3, 4, 2}, -1, \"Regular\"}"
"PASS: ""exact accepted finite checkpoint identity {{3, 4, 2}, -1, \"Regular\"}"
"PASS: ""real endpoint branches share a boundary"
"PASS: ""pinned accepted finite checkpoint {{3, 4, 2}, 0, \"Delta\"}"
"PASS: ""exact accepted finite checkpoint identity {{3, 4, 2}, 0, \"Delta\"}"
"PASS: ""pinned accepted finite checkpoint {{3, 4, 2}, 0, \"L0\"}"
"PASS: ""exact accepted finite checkpoint identity {{3, 4, 2}, 0, \"L0\"}"
"PASS: ""pinned accepted finite checkpoint {{3, 4, 2}, 0, \"L1\"}"
"PASS: ""exact accepted finite checkpoint identity {{3, 4, 2}, 0, \"L1\"}"
"PASS: ""pinned accepted finite checkpoint {{3, 4, 2}, 0, \"Regular\"}"
"PASS: ""exact accepted finite checkpoint identity {{3, 4, 2}, 0, \"Regular\"}"
"PASS: ""finite physical component"
"FINITE_COMPONENT_MEMORY "{3, 4, 2}" before "4016661704" after "4016679584
"PASS: ""pinned accepted finite checkpoint {{3, 4, 3}, 1, \"Delta\"}"
"PASS: ""exact accepted finite checkpoint identity {{3, 4, 3}, 1, \"Delta\"}"
"PASS: ""pinned accepted finite checkpoint {{3, 4, 3}, 1, \"L0\"}"
"PASS: ""exact accepted finite checkpoint identity {{3, 4, 3}, 1, \"L0\"}"
"PASS: ""pinned accepted finite checkpoint {{3, 4, 3}, 1, \"L1\"}"
"PASS: ""exact accepted finite checkpoint identity {{3, 4, 3}, 1, \"L1\"}"
"PASS: ""pinned accepted finite checkpoint {{3, 4, 3}, 1, \"Regular\"}"
"PASS: ""exact accepted finite checkpoint identity {{3, 4, 3}, 1, \"Regular\"}"
"PASS: ""pinned accepted finite checkpoint {{3, 4, 3}, -1, \"Delta\"}"
"PASS: ""exact accepted finite checkpoint identity {{3, 4, 3}, -1, \"Delta\"}"
"PASS: ""pinned accepted finite checkpoint {{3, 4, 3}, -1, \"L0\"}"
"PASS: ""exact accepted finite checkpoint identity {{3, 4, 3}, -1, \"L0\"}"
"PASS: ""pinned accepted finite checkpoint {{3, 4, 3}, -1, \"L1\"}"
"PASS: ""exact accepted finite checkpoint identity {{3, 4, 3}, -1, \"L1\"}"
"PASS: ""pinned accepted finite checkpoint {{3, 4, 3}, -1, \"Regular\"}"
"PASS: ""exact accepted finite checkpoint identity {{3, 4, 3}, -1, \"Regular\"}"
"PASS: ""real endpoint branches share a boundary"
"PASS: ""pinned accepted finite checkpoint {{3, 4, 3}, 0, \"Delta\"}"
"PASS: ""exact accepted finite checkpoint identity {{3, 4, 3}, 0, \"Delta\"}"
"PASS: ""pinned accepted finite checkpoint {{3, 4, 3}, 0, \"L0\"}"
"PASS: ""exact accepted finite checkpoint identity {{3, 4, 3}, 0, \"L0\"}"
"PASS: ""pinned accepted finite checkpoint {{3, 4, 3}, 0, \"L1\"}"
"PASS: ""exact accepted finite checkpoint identity {{3, 4, 3}, 0, \"L1\"}"
"PASS: ""pinned accepted finite checkpoint {{3, 4, 3}, 0, \"Regular\"}"
"PASS: ""exact accepted finite checkpoint identity {{3, 4, 3}, 0, \"Regular\"}"
"PASS: ""finite physical component"
"FINITE_COMPONENT_MEMORY "{3, 4, 3}" before "4016679480" after "4016697464
"PASS: ""pinned accepted finite checkpoint {{3, 4, 4}, 1, \"Delta\"}"
"PASS: ""exact accepted finite checkpoint identity {{3, 4, 4}, 1, \"Delta\"}"
"PASS: ""pinned accepted finite checkpoint {{3, 4, 4}, 1, \"L0\"}"
"PASS: ""exact accepted finite checkpoint identity {{3, 4, 4}, 1, \"L0\"}"
"PASS: ""pinned accepted finite checkpoint {{3, 4, 4}, 1, \"L1\"}"
"PASS: ""exact accepted finite checkpoint identity {{3, 4, 4}, 1, \"L1\"}"
"PASS: ""pinned accepted finite checkpoint {{3, 4, 4}, 1, \"Regular\"}"
"PASS: ""exact accepted finite checkpoint identity {{3, 4, 4}, 1, \"Regular\"}"
"PASS: ""pinned accepted finite checkpoint {{3, 4, 4}, -1, \"Delta\"}"
"PASS: ""exact accepted finite checkpoint identity {{3, 4, 4}, -1, \"Delta\"}"
"PASS: ""pinned accepted finite checkpoint {{3, 4, 4}, -1, \"L0\"}"
"PASS: ""exact accepted finite checkpoint identity {{3, 4, 4}, -1, \"L0\"}"
"PASS: ""pinned accepted finite checkpoint {{3, 4, 4}, -1, \"L1\"}"
"PASS: ""exact accepted finite checkpoint identity {{3, 4, 4}, -1, \"L1\"}"
"PASS: ""pinned accepted finite checkpoint {{3, 4, 4}, -1, \"Regular\"}"
"PASS: ""exact accepted finite checkpoint identity {{3, 4, 4}, -1, \"Regular\"}"
"PASS: ""real endpoint branches share a boundary"
"PASS: ""pinned accepted finite checkpoint {{3, 4, 4}, 0, \"Delta\"}"
"PASS: ""exact accepted finite checkpoint identity {{3, 4, 4}, 0, \"Delta\"}"
"PASS: ""pinned accepted finite checkpoint {{3, 4, 4}, 0, \"L0\"}"
"PASS: ""exact accepted finite checkpoint identity {{3, 4, 4}, 0, \"L0\"}"
"PASS: ""pinned accepted finite checkpoint {{3, 4, 4}, 0, \"L1\"}"
"PASS: ""exact accepted finite checkpoint identity {{3, 4, 4}, 0, \"L1\"}"
"PASS: ""pinned accepted finite checkpoint {{3, 4, 4}, 0, \"Regular\"}"
"PASS: ""exact accepted finite checkpoint identity {{3, 4, 4}, 0, \"Regular\"}"
"PASS: ""finite physical component"
"FINITE_COMPONENT_MEMORY "{3, 4, 4}" before "4016697360" after "4110996296
"PASS: ""pinned accepted finite checkpoint {{4, 1, 1}, 1, \"Delta\"}"
"PASS: ""exact accepted finite checkpoint identity {{4, 1, 1}, 1, \"Delta\"}"
"PASS: ""pinned accepted finite checkpoint {{4, 1, 1}, 1, \"L0\"}"
"PASS: ""exact accepted finite checkpoint identity {{4, 1, 1}, 1, \"L0\"}"
"PASS: ""pinned accepted finite checkpoint {{4, 1, 1}, 1, \"L1\"}"
"PASS: ""exact accepted finite checkpoint identity {{4, 1, 1}, 1, \"L1\"}"
"PASS: ""pinned accepted finite checkpoint {{4, 1, 1}, 1, \"Regular\"}"
"PASS: ""exact accepted finite checkpoint identity {{4, 1, 1}, 1, \"Regular\"}"
"PASS: ""pinned accepted finite checkpoint {{4, 1, 1}, -1, \"Delta\"}"
"PASS: ""exact accepted finite checkpoint identity {{4, 1, 1}, -1, \"Delta\"}"
"PASS: ""pinned accepted finite checkpoint {{4, 1, 1}, -1, \"L0\"}"
"PASS: ""exact accepted finite checkpoint identity {{4, 1, 1}, -1, \"L0\"}"
"PASS: ""pinned accepted finite checkpoint {{4, 1, 1}, -1, \"L1\"}"
"PASS: ""exact accepted finite checkpoint identity {{4, 1, 1}, -1, \"L1\"}"
"PASS: ""pinned accepted finite checkpoint {{4, 1, 1}, -1, \"Regular\"}"
"PASS: ""exact accepted finite checkpoint identity {{4, 1, 1}, -1, \"Regular\"}"
"PASS: ""real endpoint branches share a boundary"
"PASS: ""pinned accepted finite checkpoint {{4, 1, 1}, 0, \"Delta\"}"
"PASS: ""exact accepted finite checkpoint identity {{4, 1, 1}, 0, \"Delta\"}"
"PASS: ""pinned accepted finite checkpoint {{4, 1, 1}, 0, \"L0\"}"
"PASS: ""exact accepted finite checkpoint identity {{4, 1, 1}, 0, \"L0\"}"
"PASS: ""pinned accepted finite checkpoint {{4, 1, 1}, 0, \"L1\"}"
"PASS: ""exact accepted finite checkpoint identity {{4, 1, 1}, 0, \"L1\"}"
"PASS: ""pinned accepted finite checkpoint {{4, 1, 1}, 0, \"Regular\"}"
"PASS: ""exact accepted finite checkpoint identity {{4, 1, 1}, 0, \"Regular\"}"
"PASS: ""finite physical component"
"FINITE_COMPONENT_MEMORY "{4, 1, 1}" before "4110996192" after "4133534656
"PASS: ""pinned accepted finite checkpoint {{4, 1, 2}, 1, \"Delta\"}"
"PASS: ""exact accepted finite checkpoint identity {{4, 1, 2}, 1, \"Delta\"}"
"PASS: ""pinned accepted finite checkpoint {{4, 1, 2}, 1, \"L0\"}"
"PASS: ""exact accepted finite checkpoint identity {{4, 1, 2}, 1, \"L0\"}"
"PASS: ""pinned accepted finite checkpoint {{4, 1, 2}, 1, \"L1\"}"
"PASS: ""exact accepted finite checkpoint identity {{4, 1, 2}, 1, \"L1\"}"
"PASS: ""pinned accepted finite checkpoint {{4, 1, 2}, 1, \"Regular\"}"
"PASS: ""exact accepted finite checkpoint identity {{4, 1, 2}, 1, \"Regular\"}"
"PASS: ""pinned accepted finite checkpoint {{4, 1, 2}, -1, \"Delta\"}"
"PASS: ""exact accepted finite checkpoint identity {{4, 1, 2}, -1, \"Delta\"}"
"PASS: ""pinned accepted finite checkpoint {{4, 1, 2}, -1, \"L0\"}"
"PASS: ""exact accepted finite checkpoint identity {{4, 1, 2}, -1, \"L0\"}"
"PASS: ""pinned accepted finite checkpoint {{4, 1, 2}, -1, \"L1\"}"
"PASS: ""exact accepted finite checkpoint identity {{4, 1, 2}, -1, \"L1\"}"
"PASS: ""pinned accepted finite checkpoint {{4, 1, 2}, -1, \"Regular\"}"
"PASS: ""exact accepted finite checkpoint identity {{4, 1, 2}, -1, \"Regular\"}"
"PASS: ""real endpoint branches share a boundary"
"PASS: ""pinned accepted finite checkpoint {{4, 1, 2}, 0, \"Delta\"}"
"PASS: ""exact accepted finite checkpoint identity {{4, 1, 2}, 0, \"Delta\"}"
"PASS: ""pinned accepted finite checkpoint {{4, 1, 2}, 0, \"L0\"}"
"PASS: ""exact accepted finite checkpoint identity {{4, 1, 2}, 0, \"L0\"}"
"PASS: ""pinned accepted finite checkpoint {{4, 1, 2}, 0, \"L1\"}"
"PASS: ""exact accepted finite checkpoint identity {{4, 1, 2}, 0, \"L1\"}"
"PASS: ""pinned accepted finite checkpoint {{4, 1, 2}, 0, \"Regular\"}"
"PASS: ""exact accepted finite checkpoint identity {{4, 1, 2}, 0, \"Regular\"}"
"PASS: ""finite physical component"
"FINITE_COMPONENT_MEMORY "{4, 1, 2}" before "4133534552" after "4151624496
"PASS: ""pinned accepted finite checkpoint {{4, 1, 3}, 1, \"Delta\"}"
"PASS: ""exact accepted finite checkpoint identity {{4, 1, 3}, 1, \"Delta\"}"
"PASS: ""pinned accepted finite checkpoint {{4, 1, 3}, 1, \"L0\"}"
"PASS: ""exact accepted finite checkpoint identity {{4, 1, 3}, 1, \"L0\"}"
"PASS: ""pinned accepted finite checkpoint {{4, 1, 3}, 1, \"L1\"}"
"PASS: ""exact accepted finite checkpoint identity {{4, 1, 3}, 1, \"L1\"}"
"PASS: ""pinned accepted finite checkpoint {{4, 1, 3}, 1, \"Regular\"}"
"PASS: ""exact accepted finite checkpoint identity {{4, 1, 3}, 1, \"Regular\"}"
"PASS: ""pinned accepted finite checkpoint {{4, 1, 3}, -1, \"Delta\"}"
"PASS: ""exact accepted finite checkpoint identity {{4, 1, 3}, -1, \"Delta\"}"
"PASS: ""pinned accepted finite checkpoint {{4, 1, 3}, -1, \"L0\"}"
"PASS: ""exact accepted finite checkpoint identity {{4, 1, 3}, -1, \"L0\"}"
"PASS: ""pinned accepted finite checkpoint {{4, 1, 3}, -1, \"L1\"}"
"PASS: ""exact accepted finite checkpoint identity {{4, 1, 3}, -1, \"L1\"}"
"PASS: ""pinned accepted finite checkpoint {{4, 1, 3}, -1, \"Regular\"}"
"PASS: ""exact accepted finite checkpoint identity {{4, 1, 3}, -1, \"Regular\"}"
"PASS: ""real endpoint branches share a boundary"
"PASS: ""pinned accepted finite checkpoint {{4, 1, 3}, 0, \"Delta\"}"
"PASS: ""exact accepted finite checkpoint identity {{4, 1, 3}, 0, \"Delta\"}"
"PASS: ""pinned accepted finite checkpoint {{4, 1, 3}, 0, \"L0\"}"
"PASS: ""exact accepted finite checkpoint identity {{4, 1, 3}, 0, \"L0\"}"
"PASS: ""pinned accepted finite checkpoint {{4, 1, 3}, 0, \"L1\"}"
"PASS: ""exact accepted finite checkpoint identity {{4, 1, 3}, 0, \"L1\"}"
"PASS: ""pinned accepted finite checkpoint {{4, 1, 3}, 0, \"Regular\"}"
"PASS: ""exact accepted finite checkpoint identity {{4, 1, 3}, 0, \"Regular\"}"
"PASS: ""finite physical component"
"FINITE_COMPONENT_MEMORY "{4, 1, 3}" before "4151624392" after "4151642144
"PASS: ""pinned accepted finite checkpoint {{4, 1, 4}, 1, \"Delta\"}"
"PASS: ""exact accepted finite checkpoint identity {{4, 1, 4}, 1, \"Delta\"}"
"PASS: ""pinned accepted finite checkpoint {{4, 1, 4}, 1, \"L0\"}"
"PASS: ""exact accepted finite checkpoint identity {{4, 1, 4}, 1, \"L0\"}"
"PASS: ""pinned accepted finite checkpoint {{4, 1, 4}, 1, \"L1\"}"
"PASS: ""exact accepted finite checkpoint identity {{4, 1, 4}, 1, \"L1\"}"
"PASS: ""pinned accepted finite checkpoint {{4, 1, 4}, 1, \"Regular\"}"
"PASS: ""exact accepted finite checkpoint identity {{4, 1, 4}, 1, \"Regular\"}"
"PASS: ""pinned accepted finite checkpoint {{4, 1, 4}, -1, \"Delta\"}"
"PASS: ""exact accepted finite checkpoint identity {{4, 1, 4}, -1, \"Delta\"}"
"PASS: ""pinned accepted finite checkpoint {{4, 1, 4}, -1, \"L0\"}"
"PASS: ""exact accepted finite checkpoint identity {{4, 1, 4}, -1, \"L0\"}"
"PASS: ""pinned accepted finite checkpoint {{4, 1, 4}, -1, \"L1\"}"
"PASS: ""exact accepted finite checkpoint identity {{4, 1, 4}, -1, \"L1\"}"
"PASS: ""pinned accepted finite checkpoint {{4, 1, 4}, -1, \"Regular\"}"
"PASS: ""exact accepted finite checkpoint identity {{4, 1, 4}, -1, \"Regular\"}"
"PASS: ""real endpoint branches share a boundary"
"PASS: ""pinned accepted finite checkpoint {{4, 1, 4}, 0, \"Delta\"}"
"PASS: ""exact accepted finite checkpoint identity {{4, 1, 4}, 0, \"Delta\"}"
"PASS: ""pinned accepted finite checkpoint {{4, 1, 4}, 0, \"L0\"}"
"PASS: ""exact accepted finite checkpoint identity {{4, 1, 4}, 0, \"L0\"}"
"PASS: ""pinned accepted finite checkpoint {{4, 1, 4}, 0, \"L1\"}"
"PASS: ""exact accepted finite checkpoint identity {{4, 1, 4}, 0, \"L1\"}"
"PASS: ""pinned accepted finite checkpoint {{4, 1, 4}, 0, \"Regular\"}"
"PASS: ""exact accepted finite checkpoint identity {{4, 1, 4}, 0, \"Regular\"}"
"PASS: ""finite physical component"
"FINITE_COMPONENT_MEMORY "{4, 1, 4}" before "4151642040" after "4151660072
"PASS: ""pinned accepted finite checkpoint {{4, 2, 1}, 1, \"Delta\"}"
"PASS: ""exact accepted finite checkpoint identity {{4, 2, 1}, 1, \"Delta\"}"
"PASS: ""pinned accepted finite checkpoint {{4, 2, 1}, 1, \"L0\"}"
"PASS: ""exact accepted finite checkpoint identity {{4, 2, 1}, 1, \"L0\"}"
"PASS: ""pinned accepted finite checkpoint {{4, 2, 1}, 1, \"L1\"}"
"PASS: ""exact accepted finite checkpoint identity {{4, 2, 1}, 1, \"L1\"}"
"PASS: ""pinned accepted finite checkpoint {{4, 2, 1}, 1, \"Regular\"}"
"PASS: ""exact accepted finite checkpoint identity {{4, 2, 1}, 1, \"Regular\"}"
"PASS: ""pinned accepted finite checkpoint {{4, 2, 1}, -1, \"Delta\"}"
"PASS: ""exact accepted finite checkpoint identity {{4, 2, 1}, -1, \"Delta\"}"
"PASS: ""pinned accepted finite checkpoint {{4, 2, 1}, -1, \"L0\"}"
"PASS: ""exact accepted finite checkpoint identity {{4, 2, 1}, -1, \"L0\"}"
"PASS: ""pinned accepted finite checkpoint {{4, 2, 1}, -1, \"L1\"}"
"PASS: ""exact accepted finite checkpoint identity {{4, 2, 1}, -1, \"L1\"}"
"PASS: ""pinned accepted finite checkpoint {{4, 2, 1}, -1, \"Regular\"}"
"PASS: ""exact accepted finite checkpoint identity {{4, 2, 1}, -1, \"Regular\"}"
"PASS: ""real endpoint branches share a boundary"
"PASS: ""pinned accepted finite checkpoint {{4, 2, 1}, 0, \"Delta\"}"
"PASS: ""exact accepted finite checkpoint identity {{4, 2, 1}, 0, \"Delta\"}"
"PASS: ""pinned accepted finite checkpoint {{4, 2, 1}, 0, \"L0\"}"
"PASS: ""exact accepted finite checkpoint identity {{4, 2, 1}, 0, \"L0\"}"
"PASS: ""pinned accepted finite checkpoint {{4, 2, 1}, 0, \"L1\"}"
"PASS: ""exact accepted finite checkpoint identity {{4, 2, 1}, 0, \"L1\"}"
"PASS: ""pinned accepted finite checkpoint {{4, 2, 1}, 0, \"Regular\"}"
"PASS: ""exact accepted finite checkpoint identity {{4, 2, 1}, 0, \"Regular\"}"
"PASS: ""finite physical component"
"FINITE_COMPONENT_MEMORY "{4, 2, 1}" before "4151659968" after "4167619952
"PASS: ""pinned accepted finite checkpoint {{4, 2, 2}, 1, \"Delta\"}"
"PASS: ""exact accepted finite checkpoint identity {{4, 2, 2}, 1, \"Delta\"}"
"PASS: ""pinned accepted finite checkpoint {{4, 2, 2}, 1, \"L0\"}"
"PASS: ""exact accepted finite checkpoint identity {{4, 2, 2}, 1, \"L0\"}"
"PASS: ""pinned accepted finite checkpoint {{4, 2, 2}, 1, \"L1\"}"
"PASS: ""exact accepted finite checkpoint identity {{4, 2, 2}, 1, \"L1\"}"
"PASS: ""pinned accepted finite checkpoint {{4, 2, 2}, 1, \"Regular\"}"
"PASS: ""exact accepted finite checkpoint identity {{4, 2, 2}, 1, \"Regular\"}"
"PASS: ""pinned accepted finite checkpoint {{4, 2, 2}, -1, \"Delta\"}"
"PASS: ""exact accepted finite checkpoint identity {{4, 2, 2}, -1, \"Delta\"}"
"PASS: ""pinned accepted finite checkpoint {{4, 2, 2}, -1, \"L0\"}"
"PASS: ""exact accepted finite checkpoint identity {{4, 2, 2}, -1, \"L0\"}"
"PASS: ""pinned accepted finite checkpoint {{4, 2, 2}, -1, \"L1\"}"
"PASS: ""exact accepted finite checkpoint identity {{4, 2, 2}, -1, \"L1\"}"
"PASS: ""pinned accepted finite checkpoint {{4, 2, 2}, -1, \"Regular\"}"
"PASS: ""exact accepted finite checkpoint identity {{4, 2, 2}, -1, \"Regular\"}"
"PASS: ""real endpoint branches share a boundary"
"PASS: ""pinned accepted finite checkpoint {{4, 2, 2}, 0, \"Delta\"}"
"PASS: ""exact accepted finite checkpoint identity {{4, 2, 2}, 0, \"Delta\"}"
"PASS: ""pinned accepted finite checkpoint {{4, 2, 2}, 0, \"L0\"}"
"PASS: ""exact accepted finite checkpoint identity {{4, 2, 2}, 0, \"L0\"}"
"PASS: ""pinned accepted finite checkpoint {{4, 2, 2}, 0, \"L1\"}"
"PASS: ""exact accepted finite checkpoint identity {{4, 2, 2}, 0, \"L1\"}"
"PASS: ""pinned accepted finite checkpoint {{4, 2, 2}, 0, \"Regular\"}"
"PASS: ""exact accepted finite checkpoint identity {{4, 2, 2}, 0, \"Regular\"}"
"PASS: ""finite physical component"
"FINITE_COMPONENT_MEMORY "{4, 2, 2}" before "4167619848" after "4191083624
"PASS: ""pinned accepted finite checkpoint {{4, 2, 3}, 1, \"Delta\"}"
"PASS: ""exact accepted finite checkpoint identity {{4, 2, 3}, 1, \"Delta\"}"
"PASS: ""pinned accepted finite checkpoint {{4, 2, 3}, 1, \"L0\"}"
"PASS: ""exact accepted finite checkpoint identity {{4, 2, 3}, 1, \"L0\"}"
"PASS: ""pinned accepted finite checkpoint {{4, 2, 3}, 1, \"L1\"}"
"PASS: ""exact accepted finite checkpoint identity {{4, 2, 3}, 1, \"L1\"}"
"PASS: ""pinned accepted finite checkpoint {{4, 2, 3}, 1, \"Regular\"}"
"PASS: ""exact accepted finite checkpoint identity {{4, 2, 3}, 1, \"Regular\"}"
"PASS: ""pinned accepted finite checkpoint {{4, 2, 3}, -1, \"Delta\"}"
"PASS: ""exact accepted finite checkpoint identity {{4, 2, 3}, -1, \"Delta\"}"
"PASS: ""pinned accepted finite checkpoint {{4, 2, 3}, -1, \"L0\"}"
"PASS: ""exact accepted finite checkpoint identity {{4, 2, 3}, -1, \"L0\"}"
"PASS: ""pinned accepted finite checkpoint {{4, 2, 3}, -1, \"L1\"}"
"PASS: ""exact accepted finite checkpoint identity {{4, 2, 3}, -1, \"L1\"}"
"PASS: ""pinned accepted finite checkpoint {{4, 2, 3}, -1, \"Regular\"}"
"PASS: ""exact accepted finite checkpoint identity {{4, 2, 3}, -1, \"Regular\"}"
"PASS: ""real endpoint branches share a boundary"
"PASS: ""pinned accepted finite checkpoint {{4, 2, 3}, 0, \"Delta\"}"
"PASS: ""exact accepted finite checkpoint identity {{4, 2, 3}, 0, \"Delta\"}"
"PASS: ""pinned accepted finite checkpoint {{4, 2, 3}, 0, \"L0\"}"
"PASS: ""exact accepted finite checkpoint identity {{4, 2, 3}, 0, \"L0\"}"
"PASS: ""pinned accepted finite checkpoint {{4, 2, 3}, 0, \"L1\"}"
"PASS: ""exact accepted finite checkpoint identity {{4, 2, 3}, 0, \"L1\"}"
"PASS: ""pinned accepted finite checkpoint {{4, 2, 3}, 0, \"Regular\"}"
"PASS: ""exact accepted finite checkpoint identity {{4, 2, 3}, 0, \"Regular\"}"
"PASS: ""finite physical component"
"FINITE_COMPONENT_MEMORY "{4, 2, 3}" before "4191083520" after "4191101512
"PASS: ""pinned accepted finite checkpoint {{4, 2, 4}, 1, \"Delta\"}"
"PASS: ""exact accepted finite checkpoint identity {{4, 2, 4}, 1, \"Delta\"}"
"PASS: ""pinned accepted finite checkpoint {{4, 2, 4}, 1, \"L0\"}"
"PASS: ""exact accepted finite checkpoint identity {{4, 2, 4}, 1, \"L0\"}"
"PASS: ""pinned accepted finite checkpoint {{4, 2, 4}, 1, \"L1\"}"
"PASS: ""exact accepted finite checkpoint identity {{4, 2, 4}, 1, \"L1\"}"
"PASS: ""pinned accepted finite checkpoint {{4, 2, 4}, 1, \"Regular\"}"
"PASS: ""exact accepted finite checkpoint identity {{4, 2, 4}, 1, \"Regular\"}"
"PASS: ""pinned accepted finite checkpoint {{4, 2, 4}, -1, \"Delta\"}"
"PASS: ""exact accepted finite checkpoint identity {{4, 2, 4}, -1, \"Delta\"}"
"PASS: ""pinned accepted finite checkpoint {{4, 2, 4}, -1, \"L0\"}"
"PASS: ""exact accepted finite checkpoint identity {{4, 2, 4}, -1, \"L0\"}"
"PASS: ""pinned accepted finite checkpoint {{4, 2, 4}, -1, \"L1\"}"
"PASS: ""exact accepted finite checkpoint identity {{4, 2, 4}, -1, \"L1\"}"
"PASS: ""pinned accepted finite checkpoint {{4, 2, 4}, -1, \"Regular\"}"
"PASS: ""exact accepted finite checkpoint identity {{4, 2, 4}, -1, \"Regular\"}"
"PASS: ""real endpoint branches share a boundary"
"PASS: ""pinned accepted finite checkpoint {{4, 2, 4}, 0, \"Delta\"}"
"PASS: ""exact accepted finite checkpoint identity {{4, 2, 4}, 0, \"Delta\"}"
"PASS: ""pinned accepted finite checkpoint {{4, 2, 4}, 0, \"L0\"}"
"PASS: ""exact accepted finite checkpoint identity {{4, 2, 4}, 0, \"L0\"}"
"PASS: ""pinned accepted finite checkpoint {{4, 2, 4}, 0, \"L1\"}"
"PASS: ""exact accepted finite checkpoint identity {{4, 2, 4}, 0, \"L1\"}"
"PASS: ""pinned accepted finite checkpoint {{4, 2, 4}, 0, \"Regular\"}"
"PASS: ""exact accepted finite checkpoint identity {{4, 2, 4}, 0, \"Regular\"}"
"PASS: ""finite physical component"
"FINITE_COMPONENT_MEMORY "{4, 2, 4}" before "4191101408" after "4191119480
"PASS: ""pinned accepted finite checkpoint {{4, 3, 1}, 1, \"Delta\"}"
"PASS: ""exact accepted finite checkpoint identity {{4, 3, 1}, 1, \"Delta\"}"
"PASS: ""pinned accepted finite checkpoint {{4, 3, 1}, 1, \"L0\"}"
"PASS: ""exact accepted finite checkpoint identity {{4, 3, 1}, 1, \"L0\"}"
"PASS: ""pinned accepted finite checkpoint {{4, 3, 1}, 1, \"L1\"}"
"PASS: ""exact accepted finite checkpoint identity {{4, 3, 1}, 1, \"L1\"}"
"PASS: ""pinned accepted finite checkpoint {{4, 3, 1}, 1, \"Regular\"}"
"PASS: ""exact accepted finite checkpoint identity {{4, 3, 1}, 1, \"Regular\"}"
"PASS: ""pinned accepted finite checkpoint {{4, 3, 1}, -1, \"Delta\"}"
"PASS: ""exact accepted finite checkpoint identity {{4, 3, 1}, -1, \"Delta\"}"
"PASS: ""pinned accepted finite checkpoint {{4, 3, 1}, -1, \"L0\"}"
"PASS: ""exact accepted finite checkpoint identity {{4, 3, 1}, -1, \"L0\"}"
"PASS: ""pinned accepted finite checkpoint {{4, 3, 1}, -1, \"L1\"}"
"PASS: ""exact accepted finite checkpoint identity {{4, 3, 1}, -1, \"L1\"}"
"PASS: ""pinned accepted finite checkpoint {{4, 3, 1}, -1, \"Regular\"}"
"PASS: ""exact accepted finite checkpoint identity {{4, 3, 1}, -1, \"Regular\"}"
"PASS: ""real endpoint branches share a boundary"
"PASS: ""pinned accepted finite checkpoint {{4, 3, 1}, 0, \"Delta\"}"
"PASS: ""exact accepted finite checkpoint identity {{4, 3, 1}, 0, \"Delta\"}"
"PASS: ""pinned accepted finite checkpoint {{4, 3, 1}, 0, \"L0\"}"
"PASS: ""exact accepted finite checkpoint identity {{4, 3, 1}, 0, \"L0\"}"
"PASS: ""pinned accepted finite checkpoint {{4, 3, 1}, 0, \"L1\"}"
"PASS: ""exact accepted finite checkpoint identity {{4, 3, 1}, 0, \"L1\"}"
"PASS: ""pinned accepted finite checkpoint {{4, 3, 1}, 0, \"Regular\"}"
"PASS: ""exact accepted finite checkpoint identity {{4, 3, 1}, 0, \"Regular\"}"
"PASS: ""finite physical component"
"FINITE_COMPONENT_MEMORY "{4, 3, 1}" before "4191119376" after "4191137352
"PASS: ""pinned accepted finite checkpoint {{4, 3, 2}, 1, \"Delta\"}"
"PASS: ""exact accepted finite checkpoint identity {{4, 3, 2}, 1, \"Delta\"}"
"PASS: ""pinned accepted finite checkpoint {{4, 3, 2}, 1, \"L0\"}"
"PASS: ""exact accepted finite checkpoint identity {{4, 3, 2}, 1, \"L0\"}"
"PASS: ""pinned accepted finite checkpoint {{4, 3, 2}, 1, \"L1\"}"
"PASS: ""exact accepted finite checkpoint identity {{4, 3, 2}, 1, \"L1\"}"
"PASS: ""pinned accepted finite checkpoint {{4, 3, 2}, 1, \"Regular\"}"
"PASS: ""exact accepted finite checkpoint identity {{4, 3, 2}, 1, \"Regular\"}"
"PASS: ""pinned accepted finite checkpoint {{4, 3, 2}, -1, \"Delta\"}"
"PASS: ""exact accepted finite checkpoint identity {{4, 3, 2}, -1, \"Delta\"}"
"PASS: ""pinned accepted finite checkpoint {{4, 3, 2}, -1, \"L0\"}"
"PASS: ""exact accepted finite checkpoint identity {{4, 3, 2}, -1, \"L0\"}"
"PASS: ""pinned accepted finite checkpoint {{4, 3, 2}, -1, \"L1\"}"
"PASS: ""exact accepted finite checkpoint identity {{4, 3, 2}, -1, \"L1\"}"
"PASS: ""pinned accepted finite checkpoint {{4, 3, 2}, -1, \"Regular\"}"
"PASS: ""exact accepted finite checkpoint identity {{4, 3, 2}, -1, \"Regular\"}"
"PASS: ""real endpoint branches share a boundary"
"PASS: ""pinned accepted finite checkpoint {{4, 3, 2}, 0, \"Delta\"}"
"PASS: ""exact accepted finite checkpoint identity {{4, 3, 2}, 0, \"Delta\"}"
"PASS: ""pinned accepted finite checkpoint {{4, 3, 2}, 0, \"L0\"}"
"PASS: ""exact accepted finite checkpoint identity {{4, 3, 2}, 0, \"L0\"}"
"PASS: ""pinned accepted finite checkpoint {{4, 3, 2}, 0, \"L1\"}"
"PASS: ""exact accepted finite checkpoint identity {{4, 3, 2}, 0, \"L1\"}"
"PASS: ""pinned accepted finite checkpoint {{4, 3, 2}, 0, \"Regular\"}"
"PASS: ""exact accepted finite checkpoint identity {{4, 3, 2}, 0, \"Regular\"}"
"PASS: ""finite physical component"
"FINITE_COMPONENT_MEMORY "{4, 3, 2}" before "4191137248" after "4191155184
"PASS: ""pinned accepted finite checkpoint {{4, 3, 3}, 1, \"Delta\"}"
"PASS: ""exact accepted finite checkpoint identity {{4, 3, 3}, 1, \"Delta\"}"
"PASS: ""pinned accepted finite checkpoint {{4, 3, 3}, 1, \"L0\"}"
"PASS: ""exact accepted finite checkpoint identity {{4, 3, 3}, 1, \"L0\"}"
"PASS: ""pinned accepted finite checkpoint {{4, 3, 3}, 1, \"L1\"}"
"PASS: ""exact accepted finite checkpoint identity {{4, 3, 3}, 1, \"L1\"}"
"PASS: ""pinned accepted finite checkpoint {{4, 3, 3}, 1, \"Regular\"}"
"PASS: ""exact accepted finite checkpoint identity {{4, 3, 3}, 1, \"Regular\"}"
"PASS: ""pinned accepted finite checkpoint {{4, 3, 3}, -1, \"Delta\"}"
"PASS: ""exact accepted finite checkpoint identity {{4, 3, 3}, -1, \"Delta\"}"
"PASS: ""pinned accepted finite checkpoint {{4, 3, 3}, -1, \"L0\"}"
"PASS: ""exact accepted finite checkpoint identity {{4, 3, 3}, -1, \"L0\"}"
"PASS: ""pinned accepted finite checkpoint {{4, 3, 3}, -1, \"L1\"}"
"PASS: ""exact accepted finite checkpoint identity {{4, 3, 3}, -1, \"L1\"}"
"PASS: ""pinned accepted finite checkpoint {{4, 3, 3}, -1, \"Regular\"}"
"PASS: ""exact accepted finite checkpoint identity {{4, 3, 3}, -1, \"Regular\"}"
"PASS: ""real endpoint branches share a boundary"
"PASS: ""pinned accepted finite checkpoint {{4, 3, 3}, 0, \"Delta\"}"
"PASS: ""exact accepted finite checkpoint identity {{4, 3, 3}, 0, \"Delta\"}"
"PASS: ""pinned accepted finite checkpoint {{4, 3, 3}, 0, \"L0\"}"
"PASS: ""exact accepted finite checkpoint identity {{4, 3, 3}, 0, \"L0\"}"
"PASS: ""pinned accepted finite checkpoint {{4, 3, 3}, 0, \"L1\"}"
"PASS: ""exact accepted finite checkpoint identity {{4, 3, 3}, 0, \"L1\"}"
"PASS: ""pinned accepted finite checkpoint {{4, 3, 3}, 0, \"Regular\"}"
"PASS: ""exact accepted finite checkpoint identity {{4, 3, 3}, 0, \"Regular\"}"
"PASS: ""finite physical component"
"FINITE_COMPONENT_MEMORY "{4, 3, 3}" before "4191155080" after "4212162432
"PASS: ""pinned accepted finite checkpoint {{4, 3, 4}, 1, \"Delta\"}"
"PASS: ""exact accepted finite checkpoint identity {{4, 3, 4}, 1, \"Delta\"}"
"PASS: ""pinned accepted finite checkpoint {{4, 3, 4}, 1, \"L0\"}"
"PASS: ""exact accepted finite checkpoint identity {{4, 3, 4}, 1, \"L0\"}"
"PASS: ""pinned accepted finite checkpoint {{4, 3, 4}, 1, \"L1\"}"
"PASS: ""exact accepted finite checkpoint identity {{4, 3, 4}, 1, \"L1\"}"
"PASS: ""pinned accepted finite checkpoint {{4, 3, 4}, 1, \"Regular\"}"
"PASS: ""exact accepted finite checkpoint identity {{4, 3, 4}, 1, \"Regular\"}"
"PASS: ""pinned accepted finite checkpoint {{4, 3, 4}, -1, \"Delta\"}"
"PASS: ""exact accepted finite checkpoint identity {{4, 3, 4}, -1, \"Delta\"}"
"PASS: ""pinned accepted finite checkpoint {{4, 3, 4}, -1, \"L0\"}"
"PASS: ""exact accepted finite checkpoint identity {{4, 3, 4}, -1, \"L0\"}"
"PASS: ""pinned accepted finite checkpoint {{4, 3, 4}, -1, \"L1\"}"
"PASS: ""exact accepted finite checkpoint identity {{4, 3, 4}, -1, \"L1\"}"
"PASS: ""pinned accepted finite checkpoint {{4, 3, 4}, -1, \"Regular\"}"
"PASS: ""exact accepted finite checkpoint identity {{4, 3, 4}, -1, \"Regular\"}"
"PASS: ""real endpoint branches share a boundary"
"PASS: ""pinned accepted finite checkpoint {{4, 3, 4}, 0, \"Delta\"}"
"PASS: ""exact accepted finite checkpoint identity {{4, 3, 4}, 0, \"Delta\"}"
"PASS: ""pinned accepted finite checkpoint {{4, 3, 4}, 0, \"L0\"}"
"PASS: ""exact accepted finite checkpoint identity {{4, 3, 4}, 0, \"L0\"}"
"PASS: ""pinned accepted finite checkpoint {{4, 3, 4}, 0, \"L1\"}"
"PASS: ""exact accepted finite checkpoint identity {{4, 3, 4}, 0, \"L1\"}"
"PASS: ""pinned accepted finite checkpoint {{4, 3, 4}, 0, \"Regular\"}"
"PASS: ""exact accepted finite checkpoint identity {{4, 3, 4}, 0, \"Regular\"}"
"PASS: ""finite physical component"
"FINITE_COMPONENT_MEMORY "{4, 3, 4}" before "4212162328" after "4212180320
"PASS: ""pinned accepted finite checkpoint {{4, 4, 1}, 1, \"Delta\"}"
"PASS: ""exact accepted finite checkpoint identity {{4, 4, 1}, 1, \"Delta\"}"
"PASS: ""pinned accepted finite checkpoint {{4, 4, 1}, 1, \"L0\"}"
"PASS: ""exact accepted finite checkpoint identity {{4, 4, 1}, 1, \"L0\"}"
"PASS: ""pinned accepted finite checkpoint {{4, 4, 1}, 1, \"L1\"}"
"PASS: ""exact accepted finite checkpoint identity {{4, 4, 1}, 1, \"L1\"}"
"PASS: ""pinned accepted finite checkpoint {{4, 4, 1}, 1, \"Regular\"}"
"PASS: ""exact accepted finite checkpoint identity {{4, 4, 1}, 1, \"Regular\"}"
"PASS: ""pinned accepted finite checkpoint {{4, 4, 1}, -1, \"Delta\"}"
"PASS: ""exact accepted finite checkpoint identity {{4, 4, 1}, -1, \"Delta\"}"
"PASS: ""pinned accepted finite checkpoint {{4, 4, 1}, -1, \"L0\"}"
"PASS: ""exact accepted finite checkpoint identity {{4, 4, 1}, -1, \"L0\"}"
"PASS: ""pinned accepted finite checkpoint {{4, 4, 1}, -1, \"L1\"}"
"PASS: ""exact accepted finite checkpoint identity {{4, 4, 1}, -1, \"L1\"}"
"PASS: ""pinned accepted finite checkpoint {{4, 4, 1}, -1, \"Regular\"}"
"PASS: ""exact accepted finite checkpoint identity {{4, 4, 1}, -1, \"Regular\"}"
"PASS: ""real endpoint branches share a boundary"
"PASS: ""pinned accepted finite checkpoint {{4, 4, 1}, 0, \"Delta\"}"
"PASS: ""exact accepted finite checkpoint identity {{4, 4, 1}, 0, \"Delta\"}"
"PASS: ""pinned accepted finite checkpoint {{4, 4, 1}, 0, \"L0\"}"
"PASS: ""exact accepted finite checkpoint identity {{4, 4, 1}, 0, \"L0\"}"
"PASS: ""pinned accepted finite checkpoint {{4, 4, 1}, 0, \"L1\"}"
"PASS: ""exact accepted finite checkpoint identity {{4, 4, 1}, 0, \"L1\"}"
"PASS: ""pinned accepted finite checkpoint {{4, 4, 1}, 0, \"Regular\"}"
"PASS: ""exact accepted finite checkpoint identity {{4, 4, 1}, 0, \"Regular\"}"
"PASS: ""finite physical component"
"FINITE_COMPONENT_MEMORY "{4, 4, 1}" before "4212180216" after "4212197976
"PASS: ""pinned accepted finite checkpoint {{4, 4, 2}, 1, \"Delta\"}"
"PASS: ""exact accepted finite checkpoint identity {{4, 4, 2}, 1, \"Delta\"}"
"PASS: ""pinned accepted finite checkpoint {{4, 4, 2}, 1, \"L0\"}"
"PASS: ""exact accepted finite checkpoint identity {{4, 4, 2}, 1, \"L0\"}"
"PASS: ""pinned accepted finite checkpoint {{4, 4, 2}, 1, \"L1\"}"
"PASS: ""exact accepted finite checkpoint identity {{4, 4, 2}, 1, \"L1\"}"
"PASS: ""pinned accepted finite checkpoint {{4, 4, 2}, 1, \"Regular\"}"
"PASS: ""exact accepted finite checkpoint identity {{4, 4, 2}, 1, \"Regular\"}"
"PASS: ""pinned accepted finite checkpoint {{4, 4, 2}, -1, \"Delta\"}"
"PASS: ""exact accepted finite checkpoint identity {{4, 4, 2}, -1, \"Delta\"}"
"PASS: ""pinned accepted finite checkpoint {{4, 4, 2}, -1, \"L0\"}"
"PASS: ""exact accepted finite checkpoint identity {{4, 4, 2}, -1, \"L0\"}"
"PASS: ""pinned accepted finite checkpoint {{4, 4, 2}, -1, \"L1\"}"
"PASS: ""exact accepted finite checkpoint identity {{4, 4, 2}, -1, \"L1\"}"
"PASS: ""pinned accepted finite checkpoint {{4, 4, 2}, -1, \"Regular\"}"
"PASS: ""exact accepted finite checkpoint identity {{4, 4, 2}, -1, \"Regular\"}"
"PASS: ""real endpoint branches share a boundary"
"PASS: ""pinned accepted finite checkpoint {{4, 4, 2}, 0, \"Delta\"}"
"PASS: ""exact accepted finite checkpoint identity {{4, 4, 2}, 0, \"Delta\"}"
"PASS: ""pinned accepted finite checkpoint {{4, 4, 2}, 0, \"L0\"}"
"PASS: ""exact accepted finite checkpoint identity {{4, 4, 2}, 0, \"L0\"}"
"PASS: ""pinned accepted finite checkpoint {{4, 4, 2}, 0, \"L1\"}"
"PASS: ""exact accepted finite checkpoint identity {{4, 4, 2}, 0, \"L1\"}"
"PASS: ""pinned accepted finite checkpoint {{4, 4, 2}, 0, \"Regular\"}"
"PASS: ""exact accepted finite checkpoint identity {{4, 4, 2}, 0, \"Regular\"}"
"PASS: ""finite physical component"
"FINITE_COMPONENT_MEMORY "{4, 4, 2}" before "4212197872" after "4212215816
"PASS: ""pinned accepted finite checkpoint {{4, 4, 3}, 1, \"Delta\"}"
"PASS: ""exact accepted finite checkpoint identity {{4, 4, 3}, 1, \"Delta\"}"
"PASS: ""pinned accepted finite checkpoint {{4, 4, 3}, 1, \"L0\"}"
"PASS: ""exact accepted finite checkpoint identity {{4, 4, 3}, 1, \"L0\"}"
"PASS: ""pinned accepted finite checkpoint {{4, 4, 3}, 1, \"L1\"}"
"PASS: ""exact accepted finite checkpoint identity {{4, 4, 3}, 1, \"L1\"}"
"PASS: ""pinned accepted finite checkpoint {{4, 4, 3}, 1, \"Regular\"}"
"PASS: ""exact accepted finite checkpoint identity {{4, 4, 3}, 1, \"Regular\"}"
"PASS: ""pinned accepted finite checkpoint {{4, 4, 3}, -1, \"Delta\"}"
"PASS: ""exact accepted finite checkpoint identity {{4, 4, 3}, -1, \"Delta\"}"
"PASS: ""pinned accepted finite checkpoint {{4, 4, 3}, -1, \"L0\"}"
"PASS: ""exact accepted finite checkpoint identity {{4, 4, 3}, -1, \"L0\"}"
"PASS: ""pinned accepted finite checkpoint {{4, 4, 3}, -1, \"L1\"}"
"PASS: ""exact accepted finite checkpoint identity {{4, 4, 3}, -1, \"L1\"}"
"PASS: ""pinned accepted finite checkpoint {{4, 4, 3}, -1, \"Regular\"}"
"PASS: ""exact accepted finite checkpoint identity {{4, 4, 3}, -1, \"Regular\"}"
"PASS: ""real endpoint branches share a boundary"
"PASS: ""pinned accepted finite checkpoint {{4, 4, 3}, 0, \"Delta\"}"
"PASS: ""exact accepted finite checkpoint identity {{4, 4, 3}, 0, \"Delta\"}"
"PASS: ""pinned accepted finite checkpoint {{4, 4, 3}, 0, \"L0\"}"
"PASS: ""exact accepted finite checkpoint identity {{4, 4, 3}, 0, \"L0\"}"
"PASS: ""pinned accepted finite checkpoint {{4, 4, 3}, 0, \"L1\"}"
"PASS: ""exact accepted finite checkpoint identity {{4, 4, 3}, 0, \"L1\"}"
"PASS: ""pinned accepted finite checkpoint {{4, 4, 3}, 0, \"Regular\"}"
"PASS: ""exact accepted finite checkpoint identity {{4, 4, 3}, 0, \"Regular\"}"
"PASS: ""finite physical component"
"FINITE_COMPONENT_MEMORY "{4, 4, 3}" before "4212215712" after "4212233712
"PASS: ""pinned accepted finite checkpoint {{4, 4, 4}, 1, \"Delta\"}"
"PASS: ""exact accepted finite checkpoint identity {{4, 4, 4}, 1, \"Delta\"}"
"PASS: ""pinned accepted finite checkpoint {{4, 4, 4}, 1, \"L0\"}"
"PASS: ""exact accepted finite checkpoint identity {{4, 4, 4}, 1, \"L0\"}"
"PASS: ""pinned accepted finite checkpoint {{4, 4, 4}, 1, \"L1\"}"
"PASS: ""exact accepted finite checkpoint identity {{4, 4, 4}, 1, \"L1\"}"
"PASS: ""pinned accepted finite checkpoint {{4, 4, 4}, 1, \"Regular\"}"
"PASS: ""exact accepted finite checkpoint identity {{4, 4, 4}, 1, \"Regular\"}"
"PASS: ""pinned accepted finite checkpoint {{4, 4, 4}, -1, \"Delta\"}"
"PASS: ""exact accepted finite checkpoint identity {{4, 4, 4}, -1, \"Delta\"}"
"PASS: ""pinned accepted finite checkpoint {{4, 4, 4}, -1, \"L0\"}"
"PASS: ""exact accepted finite checkpoint identity {{4, 4, 4}, -1, \"L0\"}"
"PASS: ""pinned accepted finite checkpoint {{4, 4, 4}, -1, \"L1\"}"
"PASS: ""exact accepted finite checkpoint identity {{4, 4, 4}, -1, \"L1\"}"
"PASS: ""pinned accepted finite checkpoint {{4, 4, 4}, -1, \"Regular\"}"
"PASS: ""exact accepted finite checkpoint identity {{4, 4, 4}, -1, \"Regular\"}"
"PASS: ""real endpoint branches share a boundary"
"PASS: ""pinned accepted finite checkpoint {{4, 4, 4}, 0, \"Delta\"}"
"PASS: ""exact accepted finite checkpoint identity {{4, 4, 4}, 0, \"Delta\"}"
"PASS: ""pinned accepted finite checkpoint {{4, 4, 4}, 0, \"L0\"}"
"PASS: ""exact accepted finite checkpoint identity {{4, 4, 4}, 0, \"L0\"}"
"PASS: ""pinned accepted finite checkpoint {{4, 4, 4}, 0, \"L1\"}"
"PASS: ""exact accepted finite checkpoint identity {{4, 4, 4}, 0, \"L1\"}"
"PASS: ""pinned accepted finite checkpoint {{4, 4, 4}, 0, \"Regular\"}"
"PASS: ""exact accepted finite checkpoint identity {{4, 4, 4}, 0, \"Regular\"}"
"PASS: ""finite physical component"
"FINITE_COMPONENT_MEMORY "{4, 4, 4}" before "4212233608" after "4228663320
"PASS: ""pinned accepted finite checkpoint {{5, 1, 1}, 1, \"Delta\"}"
"PASS: ""exact accepted finite checkpoint identity {{5, 1, 1}, 1, \"Delta\"}"
"PASS: ""pinned accepted finite checkpoint {{5, 1, 1}, 1, \"L0\"}"
"PASS: ""exact accepted finite checkpoint identity {{5, 1, 1}, 1, \"L0\"}"
"PASS: ""pinned accepted finite checkpoint {{5, 1, 1}, 1, \"L1\"}"
"PASS: ""exact accepted finite checkpoint identity {{5, 1, 1}, 1, \"L1\"}"
"PASS: ""pinned accepted finite checkpoint {{5, 1, 1}, 1, \"Regular\"}"
"PASS: ""exact accepted finite checkpoint identity {{5, 1, 1}, 1, \"Regular\"}"
"PASS: ""pinned accepted finite checkpoint {{5, 1, 1}, -1, \"Delta\"}"
"PASS: ""exact accepted finite checkpoint identity {{5, 1, 1}, -1, \"Delta\"}"
"PASS: ""pinned accepted finite checkpoint {{5, 1, 1}, -1, \"L0\"}"
"PASS: ""exact accepted finite checkpoint identity {{5, 1, 1}, -1, \"L0\"}"
"PASS: ""pinned accepted finite checkpoint {{5, 1, 1}, -1, \"L1\"}"
"PASS: ""exact accepted finite checkpoint identity {{5, 1, 1}, -1, \"L1\"}"
"PASS: ""pinned accepted finite checkpoint {{5, 1, 1}, -1, \"Regular\"}"
"PASS: ""exact accepted finite checkpoint identity {{5, 1, 1}, -1, \"Regular\"}"
"PASS: ""real endpoint branches share a boundary"
"PASS: ""pinned accepted finite checkpoint {{5, 1, 1}, 0, \"Delta\"}"
"PASS: ""exact accepted finite checkpoint identity {{5, 1, 1}, 0, \"Delta\"}"
"PASS: ""pinned accepted finite checkpoint {{5, 1, 1}, 0, \"L0\"}"
"PASS: ""exact accepted finite checkpoint identity {{5, 1, 1}, 0, \"L0\"}"
"PASS: ""pinned accepted finite checkpoint {{5, 1, 1}, 0, \"L1\"}"
"PASS: ""exact accepted finite checkpoint identity {{5, 1, 1}, 0, \"L1\"}"
"PASS: ""pinned accepted finite checkpoint {{5, 1, 1}, 0, \"Regular\"}"
"PASS: ""exact accepted finite checkpoint identity {{5, 1, 1}, 0, \"Regular\"}"
"PASS: ""finite physical component"
"FINITE_COMPONENT_MEMORY "{5, 1, 1}" before "4228663216" after "4228681024
"PASS: ""pinned accepted finite checkpoint {{5, 1, 2}, 1, \"Delta\"}"
"PASS: ""exact accepted finite checkpoint identity {{5, 1, 2}, 1, \"Delta\"}"
"PASS: ""pinned accepted finite checkpoint {{5, 1, 2}, 1, \"L0\"}"
"PASS: ""exact accepted finite checkpoint identity {{5, 1, 2}, 1, \"L0\"}"
"PASS: ""pinned accepted finite checkpoint {{5, 1, 2}, 1, \"L1\"}"
"PASS: ""exact accepted finite checkpoint identity {{5, 1, 2}, 1, \"L1\"}"
"PASS: ""pinned accepted finite checkpoint {{5, 1, 2}, 1, \"Regular\"}"
"PASS: ""exact accepted finite checkpoint identity {{5, 1, 2}, 1, \"Regular\"}"
"PASS: ""pinned accepted finite checkpoint {{5, 1, 2}, -1, \"Delta\"}"
"PASS: ""exact accepted finite checkpoint identity {{5, 1, 2}, -1, \"Delta\"}"
"PASS: ""pinned accepted finite checkpoint {{5, 1, 2}, -1, \"L0\"}"
"PASS: ""exact accepted finite checkpoint identity {{5, 1, 2}, -1, \"L0\"}"
"PASS: ""pinned accepted finite checkpoint {{5, 1, 2}, -1, \"L1\"}"
"PASS: ""exact accepted finite checkpoint identity {{5, 1, 2}, -1, \"L1\"}"
"PASS: ""pinned accepted finite checkpoint {{5, 1, 2}, -1, \"Regular\"}"
"PASS: ""exact accepted finite checkpoint identity {{5, 1, 2}, -1, \"Regular\"}"
"PASS: ""real endpoint branches share a boundary"
"PASS: ""pinned accepted finite checkpoint {{5, 1, 2}, 0, \"Delta\"}"
"PASS: ""exact accepted finite checkpoint identity {{5, 1, 2}, 0, \"Delta\"}"
"PASS: ""pinned accepted finite checkpoint {{5, 1, 2}, 0, \"L0\"}"
"PASS: ""exact accepted finite checkpoint identity {{5, 1, 2}, 0, \"L0\"}"
"PASS: ""pinned accepted finite checkpoint {{5, 1, 2}, 0, \"L1\"}"
"PASS: ""exact accepted finite checkpoint identity {{5, 1, 2}, 0, \"L1\"}"
"PASS: ""pinned accepted finite checkpoint {{5, 1, 2}, 0, \"Regular\"}"
"PASS: ""exact accepted finite checkpoint identity {{5, 1, 2}, 0, \"Regular\"}"
"PASS: ""finite physical component"
"FINITE_COMPONENT_MEMORY "{5, 1, 2}" before "4228680920" after "4228698912
"PASS: ""pinned accepted finite checkpoint {{5, 1, 3}, 1, \"Delta\"}"
"PASS: ""exact accepted finite checkpoint identity {{5, 1, 3}, 1, \"Delta\"}"
"PASS: ""pinned accepted finite checkpoint {{5, 1, 3}, 1, \"L0\"}"
"PASS: ""exact accepted finite checkpoint identity {{5, 1, 3}, 1, \"L0\"}"
"PASS: ""pinned accepted finite checkpoint {{5, 1, 3}, 1, \"L1\"}"
"PASS: ""exact accepted finite checkpoint identity {{5, 1, 3}, 1, \"L1\"}"
"PASS: ""pinned accepted finite checkpoint {{5, 1, 3}, 1, \"Regular\"}"
"PASS: ""exact accepted finite checkpoint identity {{5, 1, 3}, 1, \"Regular\"}"
"PASS: ""pinned accepted finite checkpoint {{5, 1, 3}, -1, \"Delta\"}"
"PASS: ""exact accepted finite checkpoint identity {{5, 1, 3}, -1, \"Delta\"}"
"PASS: ""pinned accepted finite checkpoint {{5, 1, 3}, -1, \"L0\"}"
"PASS: ""exact accepted finite checkpoint identity {{5, 1, 3}, -1, \"L0\"}"
"PASS: ""pinned accepted finite checkpoint {{5, 1, 3}, -1, \"L1\"}"
"PASS: ""exact accepted finite checkpoint identity {{5, 1, 3}, -1, \"L1\"}"
"PASS: ""pinned accepted finite checkpoint {{5, 1, 3}, -1, \"Regular\"}"
"PASS: ""exact accepted finite checkpoint identity {{5, 1, 3}, -1, \"Regular\"}"
"PASS: ""real endpoint branches share a boundary"
"PASS: ""pinned accepted finite checkpoint {{5, 1, 3}, 0, \"Delta\"}"
"PASS: ""exact accepted finite checkpoint identity {{5, 1, 3}, 0, \"Delta\"}"
"PASS: ""pinned accepted finite checkpoint {{5, 1, 3}, 0, \"L0\"}"
"PASS: ""exact accepted finite checkpoint identity {{5, 1, 3}, 0, \"L0\"}"
"PASS: ""pinned accepted finite checkpoint {{5, 1, 3}, 0, \"L1\"}"
"PASS: ""exact accepted finite checkpoint identity {{5, 1, 3}, 0, \"L1\"}"
"PASS: ""pinned accepted finite checkpoint {{5, 1, 3}, 0, \"Regular\"}"
"PASS: ""exact accepted finite checkpoint identity {{5, 1, 3}, 0, \"Regular\"}"
"PASS: ""finite physical component"
"FINITE_COMPONENT_MEMORY "{5, 1, 3}" before "4228698808" after "4240329984
"PASS: ""pinned accepted finite checkpoint {{5, 1, 4}, 1, \"Delta\"}"
"PASS: ""exact accepted finite checkpoint identity {{5, 1, 4}, 1, \"Delta\"}"
"PASS: ""pinned accepted finite checkpoint {{5, 1, 4}, 1, \"L0\"}"
"PASS: ""exact accepted finite checkpoint identity {{5, 1, 4}, 1, \"L0\"}"
"PASS: ""pinned accepted finite checkpoint {{5, 1, 4}, 1, \"L1\"}"
"PASS: ""exact accepted finite checkpoint identity {{5, 1, 4}, 1, \"L1\"}"
"PASS: ""pinned accepted finite checkpoint {{5, 1, 4}, 1, \"Regular\"}"
"PASS: ""exact accepted finite checkpoint identity {{5, 1, 4}, 1, \"Regular\"}"
"PASS: ""pinned accepted finite checkpoint {{5, 1, 4}, -1, \"Delta\"}"
"PASS: ""exact accepted finite checkpoint identity {{5, 1, 4}, -1, \"Delta\"}"
"PASS: ""pinned accepted finite checkpoint {{5, 1, 4}, -1, \"L0\"}"
"PASS: ""exact accepted finite checkpoint identity {{5, 1, 4}, -1, \"L0\"}"
"PASS: ""pinned accepted finite checkpoint {{5, 1, 4}, -1, \"L1\"}"
"PASS: ""exact accepted finite checkpoint identity {{5, 1, 4}, -1, \"L1\"}"
"PASS: ""pinned accepted finite checkpoint {{5, 1, 4}, -1, \"Regular\"}"
"PASS: ""exact accepted finite checkpoint identity {{5, 1, 4}, -1, \"Regular\"}"
"PASS: ""real endpoint branches share a boundary"
"PASS: ""pinned accepted finite checkpoint {{5, 1, 4}, 0, \"Delta\"}"
"PASS: ""exact accepted finite checkpoint identity {{5, 1, 4}, 0, \"Delta\"}"
"PASS: ""pinned accepted finite checkpoint {{5, 1, 4}, 0, \"L0\"}"
"PASS: ""exact accepted finite checkpoint identity {{5, 1, 4}, 0, \"L0\"}"
"PASS: ""pinned accepted finite checkpoint {{5, 1, 4}, 0, \"L1\"}"
"PASS: ""exact accepted finite checkpoint identity {{5, 1, 4}, 0, \"L1\"}"
"PASS: ""pinned accepted finite checkpoint {{5, 1, 4}, 0, \"Regular\"}"
"PASS: ""exact accepted finite checkpoint identity {{5, 1, 4}, 0, \"Regular\"}"
"PASS: ""finite physical component"
"FINITE_COMPONENT_MEMORY "{5, 1, 4}" before "4240329880" after "4240348120
"PASS: ""pinned accepted finite checkpoint {{5, 2, 1}, 1, \"Delta\"}"
"PASS: ""exact accepted finite checkpoint identity {{5, 2, 1}, 1, \"Delta\"}"
"PASS: ""pinned accepted finite checkpoint {{5, 2, 1}, 1, \"L0\"}"
"PASS: ""exact accepted finite checkpoint identity {{5, 2, 1}, 1, \"L0\"}"
"PASS: ""pinned accepted finite checkpoint {{5, 2, 1}, 1, \"L1\"}"
"PASS: ""exact accepted finite checkpoint identity {{5, 2, 1}, 1, \"L1\"}"
"PASS: ""pinned accepted finite checkpoint {{5, 2, 1}, 1, \"Regular\"}"
"PASS: ""exact accepted finite checkpoint identity {{5, 2, 1}, 1, \"Regular\"}"
"PASS: ""pinned accepted finite checkpoint {{5, 2, 1}, -1, \"Delta\"}"
"PASS: ""exact accepted finite checkpoint identity {{5, 2, 1}, -1, \"Delta\"}"
"PASS: ""pinned accepted finite checkpoint {{5, 2, 1}, -1, \"L0\"}"
"PASS: ""exact accepted finite checkpoint identity {{5, 2, 1}, -1, \"L0\"}"
"PASS: ""pinned accepted finite checkpoint {{5, 2, 1}, -1, \"L1\"}"
"PASS: ""exact accepted finite checkpoint identity {{5, 2, 1}, -1, \"L1\"}"
"PASS: ""pinned accepted finite checkpoint {{5, 2, 1}, -1, \"Regular\"}"
"PASS: ""exact accepted finite checkpoint identity {{5, 2, 1}, -1, \"Regular\"}"
"PASS: ""real endpoint branches share a boundary"
"PASS: ""pinned accepted finite checkpoint {{5, 2, 1}, 0, \"Delta\"}"
"PASS: ""exact accepted finite checkpoint identity {{5, 2, 1}, 0, \"Delta\"}"
"PASS: ""pinned accepted finite checkpoint {{5, 2, 1}, 0, \"L0\"}"
"PASS: ""exact accepted finite checkpoint identity {{5, 2, 1}, 0, \"L0\"}"
"PASS: ""pinned accepted finite checkpoint {{5, 2, 1}, 0, \"L1\"}"
"PASS: ""exact accepted finite checkpoint identity {{5, 2, 1}, 0, \"L1\"}"
"PASS: ""pinned accepted finite checkpoint {{5, 2, 1}, 0, \"Regular\"}"
"PASS: ""exact accepted finite checkpoint identity {{5, 2, 1}, 0, \"Regular\"}"
"PASS: ""finite physical component"
"FINITE_COMPONENT_MEMORY "{5, 2, 1}" before "4240348016" after "4240365952
"PASS: ""pinned accepted finite checkpoint {{5, 2, 2}, 1, \"Delta\"}"
"PASS: ""exact accepted finite checkpoint identity {{5, 2, 2}, 1, \"Delta\"}"
"PASS: ""pinned accepted finite checkpoint {{5, 2, 2}, 1, \"L0\"}"
"PASS: ""exact accepted finite checkpoint identity {{5, 2, 2}, 1, \"L0\"}"
"PASS: ""pinned accepted finite checkpoint {{5, 2, 2}, 1, \"L1\"}"
"PASS: ""exact accepted finite checkpoint identity {{5, 2, 2}, 1, \"L1\"}"
"PASS: ""pinned accepted finite checkpoint {{5, 2, 2}, 1, \"Regular\"}"
"PASS: ""exact accepted finite checkpoint identity {{5, 2, 2}, 1, \"Regular\"}"
"PASS: ""pinned accepted finite checkpoint {{5, 2, 2}, -1, \"Delta\"}"
"PASS: ""exact accepted finite checkpoint identity {{5, 2, 2}, -1, \"Delta\"}"
"PASS: ""pinned accepted finite checkpoint {{5, 2, 2}, -1, \"L0\"}"
"PASS: ""exact accepted finite checkpoint identity {{5, 2, 2}, -1, \"L0\"}"
"PASS: ""pinned accepted finite checkpoint {{5, 2, 2}, -1, \"L1\"}"
"PASS: ""exact accepted finite checkpoint identity {{5, 2, 2}, -1, \"L1\"}"
"PASS: ""pinned accepted finite checkpoint {{5, 2, 2}, -1, \"Regular\"}"
"PASS: ""exact accepted finite checkpoint identity {{5, 2, 2}, -1, \"Regular\"}"
"PASS: ""real endpoint branches share a boundary"
"PASS: ""pinned accepted finite checkpoint {{5, 2, 2}, 0, \"Delta\"}"
"PASS: ""exact accepted finite checkpoint identity {{5, 2, 2}, 0, \"Delta\"}"
"PASS: ""pinned accepted finite checkpoint {{5, 2, 2}, 0, \"L0\"}"
"PASS: ""exact accepted finite checkpoint identity {{5, 2, 2}, 0, \"L0\"}"
"PASS: ""pinned accepted finite checkpoint {{5, 2, 2}, 0, \"L1\"}"
"PASS: ""exact accepted finite checkpoint identity {{5, 2, 2}, 0, \"L1\"}"
"PASS: ""pinned accepted finite checkpoint {{5, 2, 2}, 0, \"Regular\"}"
"PASS: ""exact accepted finite checkpoint identity {{5, 2, 2}, 0, \"Regular\"}"
"PASS: ""finite physical component"
"FINITE_COMPONENT_MEMORY "{5, 2, 2}" before "4240365848" after "4240384008
"PASS: ""pinned accepted finite checkpoint {{5, 2, 3}, 1, \"Delta\"}"
"PASS: ""exact accepted finite checkpoint identity {{5, 2, 3}, 1, \"Delta\"}"
"PASS: ""pinned accepted finite checkpoint {{5, 2, 3}, 1, \"L0\"}"
"PASS: ""exact accepted finite checkpoint identity {{5, 2, 3}, 1, \"L0\"}"
"PASS: ""pinned accepted finite checkpoint {{5, 2, 3}, 1, \"L1\"}"
"PASS: ""exact accepted finite checkpoint identity {{5, 2, 3}, 1, \"L1\"}"
"PASS: ""pinned accepted finite checkpoint {{5, 2, 3}, 1, \"Regular\"}"
"PASS: ""exact accepted finite checkpoint identity {{5, 2, 3}, 1, \"Regular\"}"
"PASS: ""pinned accepted finite checkpoint {{5, 2, 3}, -1, \"Delta\"}"
"PASS: ""exact accepted finite checkpoint identity {{5, 2, 3}, -1, \"Delta\"}"
"PASS: ""pinned accepted finite checkpoint {{5, 2, 3}, -1, \"L0\"}"
"PASS: ""exact accepted finite checkpoint identity {{5, 2, 3}, -1, \"L0\"}"
"PASS: ""pinned accepted finite checkpoint {{5, 2, 3}, -1, \"L1\"}"
"PASS: ""exact accepted finite checkpoint identity {{5, 2, 3}, -1, \"L1\"}"
"PASS: ""pinned accepted finite checkpoint {{5, 2, 3}, -1, \"Regular\"}"
"PASS: ""exact accepted finite checkpoint identity {{5, 2, 3}, -1, \"Regular\"}"
"PASS: ""real endpoint branches share a boundary"
"PASS: ""pinned accepted finite checkpoint {{5, 2, 3}, 0, \"Delta\"}"
"PASS: ""exact accepted finite checkpoint identity {{5, 2, 3}, 0, \"Delta\"}"
"PASS: ""pinned accepted finite checkpoint {{5, 2, 3}, 0, \"L0\"}"
"PASS: ""exact accepted finite checkpoint identity {{5, 2, 3}, 0, \"L0\"}"
"PASS: ""pinned accepted finite checkpoint {{5, 2, 3}, 0, \"L1\"}"
"PASS: ""exact accepted finite checkpoint identity {{5, 2, 3}, 0, \"L1\"}"
"PASS: ""pinned accepted finite checkpoint {{5, 2, 3}, 0, \"Regular\"}"
"PASS: ""exact accepted finite checkpoint identity {{5, 2, 3}, 0, \"Regular\"}"
"PASS: ""finite physical component"
"FINITE_COMPONENT_MEMORY "{5, 2, 3}" before "4240383904" after "4256845120
"PASS: ""pinned accepted finite checkpoint {{5, 2, 4}, 1, \"Delta\"}"
"PASS: ""exact accepted finite checkpoint identity {{5, 2, 4}, 1, \"Delta\"}"
"PASS: ""pinned accepted finite checkpoint {{5, 2, 4}, 1, \"L0\"}"
"PASS: ""exact accepted finite checkpoint identity {{5, 2, 4}, 1, \"L0\"}"
"PASS: ""pinned accepted finite checkpoint {{5, 2, 4}, 1, \"L1\"}"
"PASS: ""exact accepted finite checkpoint identity {{5, 2, 4}, 1, \"L1\"}"
"PASS: ""pinned accepted finite checkpoint {{5, 2, 4}, 1, \"Regular\"}"
"PASS: ""exact accepted finite checkpoint identity {{5, 2, 4}, 1, \"Regular\"}"
"PASS: ""pinned accepted finite checkpoint {{5, 2, 4}, -1, \"Delta\"}"
"PASS: ""exact accepted finite checkpoint identity {{5, 2, 4}, -1, \"Delta\"}"
"PASS: ""pinned accepted finite checkpoint {{5, 2, 4}, -1, \"L0\"}"
"PASS: ""exact accepted finite checkpoint identity {{5, 2, 4}, -1, \"L0\"}"
"PASS: ""pinned accepted finite checkpoint {{5, 2, 4}, -1, \"L1\"}"
"PASS: ""exact accepted finite checkpoint identity {{5, 2, 4}, -1, \"L1\"}"
"PASS: ""pinned accepted finite checkpoint {{5, 2, 4}, -1, \"Regular\"}"
"PASS: ""exact accepted finite checkpoint identity {{5, 2, 4}, -1, \"Regular\"}"
"PASS: ""real endpoint branches share a boundary"
"PASS: ""pinned accepted finite checkpoint {{5, 2, 4}, 0, \"Delta\"}"
"PASS: ""exact accepted finite checkpoint identity {{5, 2, 4}, 0, \"Delta\"}"
"PASS: ""pinned accepted finite checkpoint {{5, 2, 4}, 0, \"L0\"}"
"PASS: ""exact accepted finite checkpoint identity {{5, 2, 4}, 0, \"L0\"}"
"PASS: ""pinned accepted finite checkpoint {{5, 2, 4}, 0, \"L1\"}"
"PASS: ""exact accepted finite checkpoint identity {{5, 2, 4}, 0, \"L1\"}"
"PASS: ""pinned accepted finite checkpoint {{5, 2, 4}, 0, \"Regular\"}"
"PASS: ""exact accepted finite checkpoint identity {{5, 2, 4}, 0, \"Regular\"}"
"PASS: ""finite physical component"
"FINITE_COMPONENT_MEMORY "{5, 2, 4}" before "4256845016" after "4256863056
"PASS: ""pinned accepted finite checkpoint {{5, 3, 1}, 1, \"Delta\"}"
"PASS: ""exact accepted finite checkpoint identity {{5, 3, 1}, 1, \"Delta\"}"
"PASS: ""pinned accepted finite checkpoint {{5, 3, 1}, 1, \"L0\"}"
"PASS: ""exact accepted finite checkpoint identity {{5, 3, 1}, 1, \"L0\"}"
"PASS: ""pinned accepted finite checkpoint {{5, 3, 1}, 1, \"L1\"}"
"PASS: ""exact accepted finite checkpoint identity {{5, 3, 1}, 1, \"L1\"}"
"PASS: ""pinned accepted finite checkpoint {{5, 3, 1}, 1, \"Regular\"}"
"PASS: ""exact accepted finite checkpoint identity {{5, 3, 1}, 1, \"Regular\"}"
"PASS: ""pinned accepted finite checkpoint {{5, 3, 1}, -1, \"Delta\"}"
"PASS: ""exact accepted finite checkpoint identity {{5, 3, 1}, -1, \"Delta\"}"
"PASS: ""pinned accepted finite checkpoint {{5, 3, 1}, -1, \"L0\"}"
"PASS: ""exact accepted finite checkpoint identity {{5, 3, 1}, -1, \"L0\"}"
"PASS: ""pinned accepted finite checkpoint {{5, 3, 1}, -1, \"L1\"}"
"PASS: ""exact accepted finite checkpoint identity {{5, 3, 1}, -1, \"L1\"}"
"PASS: ""pinned accepted finite checkpoint {{5, 3, 1}, -1, \"Regular\"}"
"PASS: ""exact accepted finite checkpoint identity {{5, 3, 1}, -1, \"Regular\"}"
"PASS: ""real endpoint branches share a boundary"
"PASS: ""pinned accepted finite checkpoint {{5, 3, 1}, 0, \"Delta\"}"
"PASS: ""exact accepted finite checkpoint identity {{5, 3, 1}, 0, \"Delta\"}"
"PASS: ""pinned accepted finite checkpoint {{5, 3, 1}, 0, \"L0\"}"
"PASS: ""exact accepted finite checkpoint identity {{5, 3, 1}, 0, \"L0\"}"
"PASS: ""pinned accepted finite checkpoint {{5, 3, 1}, 0, \"L1\"}"
"PASS: ""exact accepted finite checkpoint identity {{5, 3, 1}, 0, \"L1\"}"
"PASS: ""pinned accepted finite checkpoint {{5, 3, 1}, 0, \"Regular\"}"
"PASS: ""exact accepted finite checkpoint identity {{5, 3, 1}, 0, \"Regular\"}"
"PASS: ""finite physical component"
"FINITE_COMPONENT_MEMORY "{5, 3, 1}" before "4256862952" after "4267094792
"PASS: ""pinned accepted finite checkpoint {{5, 3, 2}, 1, \"Delta\"}"
"PASS: ""exact accepted finite checkpoint identity {{5, 3, 2}, 1, \"Delta\"}"
"PASS: ""pinned accepted finite checkpoint {{5, 3, 2}, 1, \"L0\"}"
"PASS: ""exact accepted finite checkpoint identity {{5, 3, 2}, 1, \"L0\"}"
"PASS: ""pinned accepted finite checkpoint {{5, 3, 2}, 1, \"L1\"}"
"PASS: ""exact accepted finite checkpoint identity {{5, 3, 2}, 1, \"L1\"}"
"PASS: ""pinned accepted finite checkpoint {{5, 3, 2}, 1, \"Regular\"}"
"PASS: ""exact accepted finite checkpoint identity {{5, 3, 2}, 1, \"Regular\"}"
"PASS: ""pinned accepted finite checkpoint {{5, 3, 2}, -1, \"Delta\"}"
"PASS: ""exact accepted finite checkpoint identity {{5, 3, 2}, -1, \"Delta\"}"
"PASS: ""pinned accepted finite checkpoint {{5, 3, 2}, -1, \"L0\"}"
"PASS: ""exact accepted finite checkpoint identity {{5, 3, 2}, -1, \"L0\"}"
"PASS: ""pinned accepted finite checkpoint {{5, 3, 2}, -1, \"L1\"}"
"PASS: ""exact accepted finite checkpoint identity {{5, 3, 2}, -1, \"L1\"}"
"PASS: ""pinned accepted finite checkpoint {{5, 3, 2}, -1, \"Regular\"}"
"PASS: ""exact accepted finite checkpoint identity {{5, 3, 2}, -1, \"Regular\"}"
"PASS: ""real endpoint branches share a boundary"
"PASS: ""pinned accepted finite checkpoint {{5, 3, 2}, 0, \"Delta\"}"
"PASS: ""exact accepted finite checkpoint identity {{5, 3, 2}, 0, \"Delta\"}"
"PASS: ""pinned accepted finite checkpoint {{5, 3, 2}, 0, \"L0\"}"
"PASS: ""exact accepted finite checkpoint identity {{5, 3, 2}, 0, \"L0\"}"
"PASS: ""pinned accepted finite checkpoint {{5, 3, 2}, 0, \"L1\"}"
"PASS: ""exact accepted finite checkpoint identity {{5, 3, 2}, 0, \"L1\"}"
"PASS: ""pinned accepted finite checkpoint {{5, 3, 2}, 0, \"Regular\"}"
"PASS: ""exact accepted finite checkpoint identity {{5, 3, 2}, 0, \"Regular\"}"
"PASS: ""finite physical component"
"FINITE_COMPONENT_MEMORY "{5, 3, 2}" before "4267094688" after "4282782224
"PASS: ""pinned accepted finite checkpoint {{5, 3, 3}, 1, \"Delta\"}"
"PASS: ""exact accepted finite checkpoint identity {{5, 3, 3}, 1, \"Delta\"}"
"PASS: ""pinned accepted finite checkpoint {{5, 3, 3}, 1, \"L0\"}"
"PASS: ""exact accepted finite checkpoint identity {{5, 3, 3}, 1, \"L0\"}"
"PASS: ""pinned accepted finite checkpoint {{5, 3, 3}, 1, \"L1\"}"
"PASS: ""exact accepted finite checkpoint identity {{5, 3, 3}, 1, \"L1\"}"
"PASS: ""pinned accepted finite checkpoint {{5, 3, 3}, 1, \"Regular\"}"
"PASS: ""exact accepted finite checkpoint identity {{5, 3, 3}, 1, \"Regular\"}"
"PASS: ""pinned accepted finite checkpoint {{5, 3, 3}, -1, \"Delta\"}"
"PASS: ""exact accepted finite checkpoint identity {{5, 3, 3}, -1, \"Delta\"}"
"PASS: ""pinned accepted finite checkpoint {{5, 3, 3}, -1, \"L0\"}"
"PASS: ""exact accepted finite checkpoint identity {{5, 3, 3}, -1, \"L0\"}"
"PASS: ""pinned accepted finite checkpoint {{5, 3, 3}, -1, \"L1\"}"
"PASS: ""exact accepted finite checkpoint identity {{5, 3, 3}, -1, \"L1\"}"
"PASS: ""pinned accepted finite checkpoint {{5, 3, 3}, -1, \"Regular\"}"
"PASS: ""exact accepted finite checkpoint identity {{5, 3, 3}, -1, \"Regular\"}"
"PASS: ""real endpoint branches share a boundary"
"PASS: ""pinned accepted finite checkpoint {{5, 3, 3}, 0, \"Delta\"}"
"PASS: ""exact accepted finite checkpoint identity {{5, 3, 3}, 0, \"Delta\"}"
"PASS: ""pinned accepted finite checkpoint {{5, 3, 3}, 0, \"L0\"}"
"PASS: ""exact accepted finite checkpoint identity {{5, 3, 3}, 0, \"L0\"}"
"PASS: ""pinned accepted finite checkpoint {{5, 3, 3}, 0, \"L1\"}"
"PASS: ""exact accepted finite checkpoint identity {{5, 3, 3}, 0, \"L1\"}"
"PASS: ""pinned accepted finite checkpoint {{5, 3, 3}, 0, \"Regular\"}"
"PASS: ""exact accepted finite checkpoint identity {{5, 3, 3}, 0, \"Regular\"}"
"PASS: ""finite physical component"
"FINITE_COMPONENT_MEMORY "{5, 3, 3}" before "4282782120" after "4282800080
"PASS: ""pinned accepted finite checkpoint {{5, 3, 4}, 1, \"Delta\"}"
"PASS: ""exact accepted finite checkpoint identity {{5, 3, 4}, 1, \"Delta\"}"
"PASS: ""pinned accepted finite checkpoint {{5, 3, 4}, 1, \"L0\"}"
"PASS: ""exact accepted finite checkpoint identity {{5, 3, 4}, 1, \"L0\"}"
"PASS: ""pinned accepted finite checkpoint {{5, 3, 4}, 1, \"L1\"}"
"PASS: ""exact accepted finite checkpoint identity {{5, 3, 4}, 1, \"L1\"}"
"PASS: ""pinned accepted finite checkpoint {{5, 3, 4}, 1, \"Regular\"}"
"PASS: ""exact accepted finite checkpoint identity {{5, 3, 4}, 1, \"Regular\"}"
"PASS: ""pinned accepted finite checkpoint {{5, 3, 4}, -1, \"Delta\"}"
"PASS: ""exact accepted finite checkpoint identity {{5, 3, 4}, -1, \"Delta\"}"
"PASS: ""pinned accepted finite checkpoint {{5, 3, 4}, -1, \"L0\"}"
"PASS: ""exact accepted finite checkpoint identity {{5, 3, 4}, -1, \"L0\"}"
"PASS: ""pinned accepted finite checkpoint {{5, 3, 4}, -1, \"L1\"}"
"PASS: ""exact accepted finite checkpoint identity {{5, 3, 4}, -1, \"L1\"}"
"PASS: ""pinned accepted finite checkpoint {{5, 3, 4}, -1, \"Regular\"}"
"PASS: ""exact accepted finite checkpoint identity {{5, 3, 4}, -1, \"Regular\"}"
"PASS: ""real endpoint branches share a boundary"
"PASS: ""pinned accepted finite checkpoint {{5, 3, 4}, 0, \"Delta\"}"
"PASS: ""exact accepted finite checkpoint identity {{5, 3, 4}, 0, \"Delta\"}"
"PASS: ""pinned accepted finite checkpoint {{5, 3, 4}, 0, \"L0\"}"
"PASS: ""exact accepted finite checkpoint identity {{5, 3, 4}, 0, \"L0\"}"
"PASS: ""pinned accepted finite checkpoint {{5, 3, 4}, 0, \"L1\"}"
"PASS: ""exact accepted finite checkpoint identity {{5, 3, 4}, 0, \"L1\"}"
"PASS: ""pinned accepted finite checkpoint {{5, 3, 4}, 0, \"Regular\"}"
"PASS: ""exact accepted finite checkpoint identity {{5, 3, 4}, 0, \"Regular\"}"
"PASS: ""finite physical component"
"FINITE_COMPONENT_MEMORY "{5, 3, 4}" before "4282799976" after "4282817896
"PASS: ""pinned accepted finite checkpoint {{5, 4, 1}, 1, \"Delta\"}"
"PASS: ""exact accepted finite checkpoint identity {{5, 4, 1}, 1, \"Delta\"}"
"PASS: ""pinned accepted finite checkpoint {{5, 4, 1}, 1, \"L0\"}"
"PASS: ""exact accepted finite checkpoint identity {{5, 4, 1}, 1, \"L0\"}"
"PASS: ""pinned accepted finite checkpoint {{5, 4, 1}, 1, \"L1\"}"
"PASS: ""exact accepted finite checkpoint identity {{5, 4, 1}, 1, \"L1\"}"
"PASS: ""pinned accepted finite checkpoint {{5, 4, 1}, 1, \"Regular\"}"
"PASS: ""exact accepted finite checkpoint identity {{5, 4, 1}, 1, \"Regular\"}"
"PASS: ""pinned accepted finite checkpoint {{5, 4, 1}, -1, \"Delta\"}"
"PASS: ""exact accepted finite checkpoint identity {{5, 4, 1}, -1, \"Delta\"}"
"PASS: ""pinned accepted finite checkpoint {{5, 4, 1}, -1, \"L0\"}"
"PASS: ""exact accepted finite checkpoint identity {{5, 4, 1}, -1, \"L0\"}"
"PASS: ""pinned accepted finite checkpoint {{5, 4, 1}, -1, \"L1\"}"
"PASS: ""exact accepted finite checkpoint identity {{5, 4, 1}, -1, \"L1\"}"
"PASS: ""pinned accepted finite checkpoint {{5, 4, 1}, -1, \"Regular\"}"
"PASS: ""exact accepted finite checkpoint identity {{5, 4, 1}, -1, \"Regular\"}"
"PASS: ""real endpoint branches share a boundary"
"PASS: ""pinned accepted finite checkpoint {{5, 4, 1}, 0, \"Delta\"}"
"PASS: ""exact accepted finite checkpoint identity {{5, 4, 1}, 0, \"Delta\"}"
"PASS: ""pinned accepted finite checkpoint {{5, 4, 1}, 0, \"L0\"}"
"PASS: ""exact accepted finite checkpoint identity {{5, 4, 1}, 0, \"L0\"}"
"PASS: ""pinned accepted finite checkpoint {{5, 4, 1}, 0, \"L1\"}"
"PASS: ""exact accepted finite checkpoint identity {{5, 4, 1}, 0, \"L1\"}"
"PASS: ""pinned accepted finite checkpoint {{5, 4, 1}, 0, \"Regular\"}"
"PASS: ""exact accepted finite checkpoint identity {{5, 4, 1}, 0, \"Regular\"}"
"PASS: ""finite physical component"
"FINITE_COMPONENT_MEMORY "{5, 4, 1}" before "4282817792" after "4282835616
"PASS: ""pinned accepted finite checkpoint {{5, 4, 2}, 1, \"Delta\"}"
"PASS: ""exact accepted finite checkpoint identity {{5, 4, 2}, 1, \"Delta\"}"
"PASS: ""pinned accepted finite checkpoint {{5, 4, 2}, 1, \"L0\"}"
"PASS: ""exact accepted finite checkpoint identity {{5, 4, 2}, 1, \"L0\"}"
"PASS: ""pinned accepted finite checkpoint {{5, 4, 2}, 1, \"L1\"}"
"PASS: ""exact accepted finite checkpoint identity {{5, 4, 2}, 1, \"L1\"}"
"PASS: ""pinned accepted finite checkpoint {{5, 4, 2}, 1, \"Regular\"}"
"PASS: ""exact accepted finite checkpoint identity {{5, 4, 2}, 1, \"Regular\"}"
"PASS: ""pinned accepted finite checkpoint {{5, 4, 2}, -1, \"Delta\"}"
"PASS: ""exact accepted finite checkpoint identity {{5, 4, 2}, -1, \"Delta\"}"
"PASS: ""pinned accepted finite checkpoint {{5, 4, 2}, -1, \"L0\"}"
"PASS: ""exact accepted finite checkpoint identity {{5, 4, 2}, -1, \"L0\"}"
"PASS: ""pinned accepted finite checkpoint {{5, 4, 2}, -1, \"L1\"}"
"PASS: ""exact accepted finite checkpoint identity {{5, 4, 2}, -1, \"L1\"}"
"PASS: ""pinned accepted finite checkpoint {{5, 4, 2}, -1, \"Regular\"}"
"PASS: ""exact accepted finite checkpoint identity {{5, 4, 2}, -1, \"Regular\"}"
"PASS: ""real endpoint branches share a boundary"
"PASS: ""pinned accepted finite checkpoint {{5, 4, 2}, 0, \"Delta\"}"
"PASS: ""exact accepted finite checkpoint identity {{5, 4, 2}, 0, \"Delta\"}"
"PASS: ""pinned accepted finite checkpoint {{5, 4, 2}, 0, \"L0\"}"
"PASS: ""exact accepted finite checkpoint identity {{5, 4, 2}, 0, \"L0\"}"
"PASS: ""pinned accepted finite checkpoint {{5, 4, 2}, 0, \"L1\"}"
"PASS: ""exact accepted finite checkpoint identity {{5, 4, 2}, 0, \"L1\"}"
"PASS: ""pinned accepted finite checkpoint {{5, 4, 2}, 0, \"Regular\"}"
"PASS: ""exact accepted finite checkpoint identity {{5, 4, 2}, 0, \"Regular\"}"
"PASS: ""finite physical component"
"FINITE_COMPONENT_MEMORY "{5, 4, 2}" before "4282835512" after "4282853576
"PASS: ""pinned accepted finite checkpoint {{5, 4, 3}, 1, \"Delta\"}"
"PASS: ""exact accepted finite checkpoint identity {{5, 4, 3}, 1, \"Delta\"}"
"PASS: ""pinned accepted finite checkpoint {{5, 4, 3}, 1, \"L0\"}"
"PASS: ""exact accepted finite checkpoint identity {{5, 4, 3}, 1, \"L0\"}"
"PASS: ""pinned accepted finite checkpoint {{5, 4, 3}, 1, \"L1\"}"
"PASS: ""exact accepted finite checkpoint identity {{5, 4, 3}, 1, \"L1\"}"
"PASS: ""pinned accepted finite checkpoint {{5, 4, 3}, 1, \"Regular\"}"
"PASS: ""exact accepted finite checkpoint identity {{5, 4, 3}, 1, \"Regular\"}"
"PASS: ""pinned accepted finite checkpoint {{5, 4, 3}, -1, \"Delta\"}"
"PASS: ""exact accepted finite checkpoint identity {{5, 4, 3}, -1, \"Delta\"}"
"PASS: ""pinned accepted finite checkpoint {{5, 4, 3}, -1, \"L0\"}"
"PASS: ""exact accepted finite checkpoint identity {{5, 4, 3}, -1, \"L0\"}"
"PASS: ""pinned accepted finite checkpoint {{5, 4, 3}, -1, \"L1\"}"
"PASS: ""exact accepted finite checkpoint identity {{5, 4, 3}, -1, \"L1\"}"
"PASS: ""pinned accepted finite checkpoint {{5, 4, 3}, -1, \"Regular\"}"
"PASS: ""exact accepted finite checkpoint identity {{5, 4, 3}, -1, \"Regular\"}"
"PASS: ""real endpoint branches share a boundary"
"PASS: ""pinned accepted finite checkpoint {{5, 4, 3}, 0, \"Delta\"}"
"PASS: ""exact accepted finite checkpoint identity {{5, 4, 3}, 0, \"Delta\"}"
"PASS: ""pinned accepted finite checkpoint {{5, 4, 3}, 0, \"L0\"}"
"PASS: ""exact accepted finite checkpoint identity {{5, 4, 3}, 0, \"L0\"}"
"PASS: ""pinned accepted finite checkpoint {{5, 4, 3}, 0, \"L1\"}"
"PASS: ""exact accepted finite checkpoint identity {{5, 4, 3}, 0, \"L1\"}"
"PASS: ""pinned accepted finite checkpoint {{5, 4, 3}, 0, \"Regular\"}"
"PASS: ""exact accepted finite checkpoint identity {{5, 4, 3}, 0, \"Regular\"}"
"PASS: ""finite physical component"
"FINITE_COMPONENT_MEMORY "{5, 4, 3}" before "4282853472" after "4282871408
"PASS: ""pinned accepted finite checkpoint {{5, 4, 4}, 1, \"Delta\"}"
"PASS: ""exact accepted finite checkpoint identity {{5, 4, 4}, 1, \"Delta\"}"
"PASS: ""pinned accepted finite checkpoint {{5, 4, 4}, 1, \"L0\"}"
"PASS: ""exact accepted finite checkpoint identity {{5, 4, 4}, 1, \"L0\"}"
"PASS: ""pinned accepted finite checkpoint {{5, 4, 4}, 1, \"L1\"}"
"PASS: ""exact accepted finite checkpoint identity {{5, 4, 4}, 1, \"L1\"}"
"PASS: ""pinned accepted finite checkpoint {{5, 4, 4}, 1, \"Regular\"}"
"PASS: ""exact accepted finite checkpoint identity {{5, 4, 4}, 1, \"Regular\"}"
"PASS: ""pinned accepted finite checkpoint {{5, 4, 4}, -1, \"Delta\"}"
"PASS: ""exact accepted finite checkpoint identity {{5, 4, 4}, -1, \"Delta\"}"
"PASS: ""pinned accepted finite checkpoint {{5, 4, 4}, -1, \"L0\"}"
"PASS: ""exact accepted finite checkpoint identity {{5, 4, 4}, -1, \"L0\"}"
"PASS: ""pinned accepted finite checkpoint {{5, 4, 4}, -1, \"L1\"}"
"PASS: ""exact accepted finite checkpoint identity {{5, 4, 4}, -1, \"L1\"}"
"PASS: ""pinned accepted finite checkpoint {{5, 4, 4}, -1, \"Regular\"}"
"PASS: ""exact accepted finite checkpoint identity {{5, 4, 4}, -1, \"Regular\"}"
"PASS: ""real endpoint branches share a boundary"
"PASS: ""pinned accepted finite checkpoint {{5, 4, 4}, 0, \"Delta\"}"
"PASS: ""exact accepted finite checkpoint identity {{5, 4, 4}, 0, \"Delta\"}"
"PASS: ""pinned accepted finite checkpoint {{5, 4, 4}, 0, \"L0\"}"
"PASS: ""exact accepted finite checkpoint identity {{5, 4, 4}, 0, \"L0\"}"
"PASS: ""pinned accepted finite checkpoint {{5, 4, 4}, 0, \"L1\"}"
"PASS: ""exact accepted finite checkpoint identity {{5, 4, 4}, 0, \"L1\"}"
"PASS: ""pinned accepted finite checkpoint {{5, 4, 4}, 0, \"Regular\"}"
"PASS: ""exact accepted finite checkpoint identity {{5, 4, 4}, 0, \"Regular\"}"
"PASS: ""finite physical component"
"FINITE_COMPONENT_MEMORY "{5, 4, 4}" before "4282871304" after "4282889488
"PASS: ""pinned accepted finite checkpoint {{6, 1, 1}, 1, \"Delta\"}"
"PASS: ""exact accepted finite checkpoint identity {{6, 1, 1}, 1, \"Delta\"}"
"PASS: ""pinned accepted finite checkpoint {{6, 1, 1}, 1, \"L0\"}"
"PASS: ""exact accepted finite checkpoint identity {{6, 1, 1}, 1, \"L0\"}"
"PASS: ""pinned accepted finite checkpoint {{6, 1, 1}, 1, \"L1\"}"
"PASS: ""exact accepted finite checkpoint identity {{6, 1, 1}, 1, \"L1\"}"
"PASS: ""pinned accepted finite checkpoint {{6, 1, 1}, 1, \"Regular\"}"
"PASS: ""exact accepted finite checkpoint identity {{6, 1, 1}, 1, \"Regular\"}"
"PASS: ""pinned accepted finite checkpoint {{6, 1, 1}, -1, \"Delta\"}"
"PASS: ""exact accepted finite checkpoint identity {{6, 1, 1}, -1, \"Delta\"}"
"PASS: ""pinned accepted finite checkpoint {{6, 1, 1}, -1, \"L0\"}"
"PASS: ""exact accepted finite checkpoint identity {{6, 1, 1}, -1, \"L0\"}"
"PASS: ""pinned accepted finite checkpoint {{6, 1, 1}, -1, \"L1\"}"
"PASS: ""exact accepted finite checkpoint identity {{6, 1, 1}, -1, \"L1\"}"
"PASS: ""pinned accepted finite checkpoint {{6, 1, 1}, -1, \"Regular\"}"
"PASS: ""exact accepted finite checkpoint identity {{6, 1, 1}, -1, \"Regular\"}"
"PASS: ""real endpoint branches share a boundary"
"PASS: ""pinned accepted finite checkpoint {{6, 1, 1}, 0, \"Delta\"}"
"PASS: ""exact accepted finite checkpoint identity {{6, 1, 1}, 0, \"Delta\"}"
"PASS: ""pinned accepted finite checkpoint {{6, 1, 1}, 0, \"L0\"}"
"PASS: ""exact accepted finite checkpoint identity {{6, 1, 1}, 0, \"L0\"}"
"PASS: ""pinned accepted finite checkpoint {{6, 1, 1}, 0, \"L1\"}"
"PASS: ""exact accepted finite checkpoint identity {{6, 1, 1}, 0, \"L1\"}"
"PASS: ""pinned accepted finite checkpoint {{6, 1, 1}, 0, \"Regular\"}"
"PASS: ""exact accepted finite checkpoint identity {{6, 1, 1}, 0, \"Regular\"}"
"PASS: ""finite physical component"
"FINITE_COMPONENT_MEMORY "{6, 1, 1}" before "4282889384" after "4282907192
"PASS: ""pinned accepted finite checkpoint {{6, 1, 2}, 1, \"Delta\"}"
"PASS: ""exact accepted finite checkpoint identity {{6, 1, 2}, 1, \"Delta\"}"
"PASS: ""pinned accepted finite checkpoint {{6, 1, 2}, 1, \"L0\"}"
"PASS: ""exact accepted finite checkpoint identity {{6, 1, 2}, 1, \"L0\"}"
"PASS: ""pinned accepted finite checkpoint {{6, 1, 2}, 1, \"L1\"}"
"PASS: ""exact accepted finite checkpoint identity {{6, 1, 2}, 1, \"L1\"}"
"PASS: ""pinned accepted finite checkpoint {{6, 1, 2}, 1, \"Regular\"}"
"PASS: ""exact accepted finite checkpoint identity {{6, 1, 2}, 1, \"Regular\"}"
"PASS: ""pinned accepted finite checkpoint {{6, 1, 2}, -1, \"Delta\"}"
"PASS: ""exact accepted finite checkpoint identity {{6, 1, 2}, -1, \"Delta\"}"
"PASS: ""pinned accepted finite checkpoint {{6, 1, 2}, -1, \"L0\"}"
"PASS: ""exact accepted finite checkpoint identity {{6, 1, 2}, -1, \"L0\"}"
"PASS: ""pinned accepted finite checkpoint {{6, 1, 2}, -1, \"L1\"}"
"PASS: ""exact accepted finite checkpoint identity {{6, 1, 2}, -1, \"L1\"}"
"PASS: ""pinned accepted finite checkpoint {{6, 1, 2}, -1, \"Regular\"}"
"PASS: ""exact accepted finite checkpoint identity {{6, 1, 2}, -1, \"Regular\"}"
"PASS: ""real endpoint branches share a boundary"
"PASS: ""pinned accepted finite checkpoint {{6, 1, 2}, 0, \"Delta\"}"
"PASS: ""exact accepted finite checkpoint identity {{6, 1, 2}, 0, \"Delta\"}"
"PASS: ""pinned accepted finite checkpoint {{6, 1, 2}, 0, \"L0\"}"
"PASS: ""exact accepted finite checkpoint identity {{6, 1, 2}, 0, \"L0\"}"
"PASS: ""pinned accepted finite checkpoint {{6, 1, 2}, 0, \"L1\"}"
"PASS: ""exact accepted finite checkpoint identity {{6, 1, 2}, 0, \"L1\"}"
"PASS: ""pinned accepted finite checkpoint {{6, 1, 2}, 0, \"Regular\"}"
"PASS: ""exact accepted finite checkpoint identity {{6, 1, 2}, 0, \"Regular\"}"
"PASS: ""finite physical component"
"FINITE_COMPONENT_MEMORY "{6, 1, 2}" before "4282907088" after "4282925136
"PASS: ""pinned accepted finite checkpoint {{6, 1, 3}, 1, \"Delta\"}"
"PASS: ""exact accepted finite checkpoint identity {{6, 1, 3}, 1, \"Delta\"}"
"PASS: ""pinned accepted finite checkpoint {{6, 1, 3}, 1, \"L0\"}"
"PASS: ""exact accepted finite checkpoint identity {{6, 1, 3}, 1, \"L0\"}"
"PASS: ""pinned accepted finite checkpoint {{6, 1, 3}, 1, \"L1\"}"
"PASS: ""exact accepted finite checkpoint identity {{6, 1, 3}, 1, \"L1\"}"
"PASS: ""pinned accepted finite checkpoint {{6, 1, 3}, 1, \"Regular\"}"
"PASS: ""exact accepted finite checkpoint identity {{6, 1, 3}, 1, \"Regular\"}"
"PASS: ""pinned accepted finite checkpoint {{6, 1, 3}, -1, \"Delta\"}"
"PASS: ""exact accepted finite checkpoint identity {{6, 1, 3}, -1, \"Delta\"}"
"PASS: ""pinned accepted finite checkpoint {{6, 1, 3}, -1, \"L0\"}"
"PASS: ""exact accepted finite checkpoint identity {{6, 1, 3}, -1, \"L0\"}"
"PASS: ""pinned accepted finite checkpoint {{6, 1, 3}, -1, \"L1\"}"
"PASS: ""exact accepted finite checkpoint identity {{6, 1, 3}, -1, \"L1\"}"
"PASS: ""pinned accepted finite checkpoint {{6, 1, 3}, -1, \"Regular\"}"
"PASS: ""exact accepted finite checkpoint identity {{6, 1, 3}, -1, \"Regular\"}"
"PASS: ""real endpoint branches share a boundary"
"PASS: ""pinned accepted finite checkpoint {{6, 1, 3}, 0, \"Delta\"}"
"PASS: ""exact accepted finite checkpoint identity {{6, 1, 3}, 0, \"Delta\"}"
"PASS: ""pinned accepted finite checkpoint {{6, 1, 3}, 0, \"L0\"}"
"PASS: ""exact accepted finite checkpoint identity {{6, 1, 3}, 0, \"L0\"}"
"PASS: ""pinned accepted finite checkpoint {{6, 1, 3}, 0, \"L1\"}"
"PASS: ""exact accepted finite checkpoint identity {{6, 1, 3}, 0, \"L1\"}"
"PASS: ""pinned accepted finite checkpoint {{6, 1, 3}, 0, \"Regular\"}"
"PASS: ""exact accepted finite checkpoint identity {{6, 1, 3}, 0, \"Regular\"}"
"PASS: ""finite physical component"
"FINITE_COMPONENT_MEMORY "{6, 1, 3}" before "4282925032" after "4289631624
"PASS: ""pinned accepted finite checkpoint {{6, 1, 4}, 1, \"Delta\"}"
"PASS: ""exact accepted finite checkpoint identity {{6, 1, 4}, 1, \"Delta\"}"
"PASS: ""pinned accepted finite checkpoint {{6, 1, 4}, 1, \"L0\"}"
"PASS: ""exact accepted finite checkpoint identity {{6, 1, 4}, 1, \"L0\"}"
"PASS: ""pinned accepted finite checkpoint {{6, 1, 4}, 1, \"L1\"}"
"PASS: ""exact accepted finite checkpoint identity {{6, 1, 4}, 1, \"L1\"}"
"PASS: ""pinned accepted finite checkpoint {{6, 1, 4}, 1, \"Regular\"}"
"PASS: ""exact accepted finite checkpoint identity {{6, 1, 4}, 1, \"Regular\"}"
"PASS: ""pinned accepted finite checkpoint {{6, 1, 4}, -1, \"Delta\"}"
"PASS: ""exact accepted finite checkpoint identity {{6, 1, 4}, -1, \"Delta\"}"
"PASS: ""pinned accepted finite checkpoint {{6, 1, 4}, -1, \"L0\"}"
"PASS: ""exact accepted finite checkpoint identity {{6, 1, 4}, -1, \"L0\"}"
"PASS: ""pinned accepted finite checkpoint {{6, 1, 4}, -1, \"L1\"}"
"PASS: ""exact accepted finite checkpoint identity {{6, 1, 4}, -1, \"L1\"}"
"PASS: ""pinned accepted finite checkpoint {{6, 1, 4}, -1, \"Regular\"}"
"PASS: ""exact accepted finite checkpoint identity {{6, 1, 4}, -1, \"Regular\"}"
"PASS: ""real endpoint branches share a boundary"
"PASS: ""pinned accepted finite checkpoint {{6, 1, 4}, 0, \"Delta\"}"
"PASS: ""exact accepted finite checkpoint identity {{6, 1, 4}, 0, \"Delta\"}"
"PASS: ""pinned accepted finite checkpoint {{6, 1, 4}, 0, \"L0\"}"
"PASS: ""exact accepted finite checkpoint identity {{6, 1, 4}, 0, \"L0\"}"
"PASS: ""pinned accepted finite checkpoint {{6, 1, 4}, 0, \"L1\"}"
"PASS: ""exact accepted finite checkpoint identity {{6, 1, 4}, 0, \"L1\"}"
"PASS: ""pinned accepted finite checkpoint {{6, 1, 4}, 0, \"Regular\"}"
"PASS: ""exact accepted finite checkpoint identity {{6, 1, 4}, 0, \"Regular\"}"
"PASS: ""finite physical component"
"FINITE_COMPONENT_MEMORY "{6, 1, 4}" before "4289631520" after "4289649720
"PASS: ""pinned accepted finite checkpoint {{6, 2, 1}, 1, \"Delta\"}"
"PASS: ""exact accepted finite checkpoint identity {{6, 2, 1}, 1, \"Delta\"}"
"PASS: ""pinned accepted finite checkpoint {{6, 2, 1}, 1, \"L0\"}"
"PASS: ""exact accepted finite checkpoint identity {{6, 2, 1}, 1, \"L0\"}"
"PASS: ""pinned accepted finite checkpoint {{6, 2, 1}, 1, \"L1\"}"
"PASS: ""exact accepted finite checkpoint identity {{6, 2, 1}, 1, \"L1\"}"
"PASS: ""pinned accepted finite checkpoint {{6, 2, 1}, 1, \"Regular\"}"
"PASS: ""exact accepted finite checkpoint identity {{6, 2, 1}, 1, \"Regular\"}"
"PASS: ""pinned accepted finite checkpoint {{6, 2, 1}, -1, \"Delta\"}"
"PASS: ""exact accepted finite checkpoint identity {{6, 2, 1}, -1, \"Delta\"}"
"PASS: ""pinned accepted finite checkpoint {{6, 2, 1}, -1, \"L0\"}"
"PASS: ""exact accepted finite checkpoint identity {{6, 2, 1}, -1, \"L0\"}"
"PASS: ""pinned accepted finite checkpoint {{6, 2, 1}, -1, \"L1\"}"
"PASS: ""exact accepted finite checkpoint identity {{6, 2, 1}, -1, \"L1\"}"
"PASS: ""pinned accepted finite checkpoint {{6, 2, 1}, -1, \"Regular\"}"
"PASS: ""exact accepted finite checkpoint identity {{6, 2, 1}, -1, \"Regular\"}"
"PASS: ""real endpoint branches share a boundary"
"PASS: ""pinned accepted finite checkpoint {{6, 2, 1}, 0, \"Delta\"}"
"PASS: ""exact accepted finite checkpoint identity {{6, 2, 1}, 0, \"Delta\"}"
"PASS: ""pinned accepted finite checkpoint {{6, 2, 1}, 0, \"L0\"}"
"PASS: ""exact accepted finite checkpoint identity {{6, 2, 1}, 0, \"L0\"}"
"PASS: ""pinned accepted finite checkpoint {{6, 2, 1}, 0, \"L1\"}"
"PASS: ""exact accepted finite checkpoint identity {{6, 2, 1}, 0, \"L1\"}"
"PASS: ""pinned accepted finite checkpoint {{6, 2, 1}, 0, \"Regular\"}"
"PASS: ""exact accepted finite checkpoint identity {{6, 2, 1}, 0, \"Regular\"}"
"PASS: ""finite physical component"
"FINITE_COMPONENT_MEMORY "{6, 2, 1}" before "4289649616" after "4289667824
"PASS: ""pinned accepted finite checkpoint {{6, 2, 2}, 1, \"Delta\"}"
"PASS: ""exact accepted finite checkpoint identity {{6, 2, 2}, 1, \"Delta\"}"
"PASS: ""pinned accepted finite checkpoint {{6, 2, 2}, 1, \"L0\"}"
"PASS: ""exact accepted finite checkpoint identity {{6, 2, 2}, 1, \"L0\"}"
"PASS: ""pinned accepted finite checkpoint {{6, 2, 2}, 1, \"L1\"}"
"PASS: ""exact accepted finite checkpoint identity {{6, 2, 2}, 1, \"L1\"}"
"PASS: ""pinned accepted finite checkpoint {{6, 2, 2}, 1, \"Regular\"}"
"PASS: ""exact accepted finite checkpoint identity {{6, 2, 2}, 1, \"Regular\"}"
"PASS: ""pinned accepted finite checkpoint {{6, 2, 2}, -1, \"Delta\"}"
"PASS: ""exact accepted finite checkpoint identity {{6, 2, 2}, -1, \"Delta\"}"
"PASS: ""pinned accepted finite checkpoint {{6, 2, 2}, -1, \"L0\"}"
"PASS: ""exact accepted finite checkpoint identity {{6, 2, 2}, -1, \"L0\"}"
"PASS: ""pinned accepted finite checkpoint {{6, 2, 2}, -1, \"L1\"}"
"PASS: ""exact accepted finite checkpoint identity {{6, 2, 2}, -1, \"L1\"}"
"PASS: ""pinned accepted finite checkpoint {{6, 2, 2}, -1, \"Regular\"}"
"PASS: ""exact accepted finite checkpoint identity {{6, 2, 2}, -1, \"Regular\"}"
"PASS: ""real endpoint branches share a boundary"
"PASS: ""pinned accepted finite checkpoint {{6, 2, 2}, 0, \"Delta\"}"
"PASS: ""exact accepted finite checkpoint identity {{6, 2, 2}, 0, \"Delta\"}"
"PASS: ""pinned accepted finite checkpoint {{6, 2, 2}, 0, \"L0\"}"
"PASS: ""exact accepted finite checkpoint identity {{6, 2, 2}, 0, \"L0\"}"
"PASS: ""pinned accepted finite checkpoint {{6, 2, 2}, 0, \"L1\"}"
"PASS: ""exact accepted finite checkpoint identity {{6, 2, 2}, 0, \"L1\"}"
"PASS: ""pinned accepted finite checkpoint {{6, 2, 2}, 0, \"Regular\"}"
"PASS: ""exact accepted finite checkpoint identity {{6, 2, 2}, 0, \"Regular\"}"
"PASS: ""finite physical component"
"FINITE_COMPONENT_MEMORY "{6, 2, 2}" before "4289667720" after "4289685696
"PASS: ""pinned accepted finite checkpoint {{6, 2, 3}, 1, \"Delta\"}"
"PASS: ""exact accepted finite checkpoint identity {{6, 2, 3}, 1, \"Delta\"}"
"PASS: ""pinned accepted finite checkpoint {{6, 2, 3}, 1, \"L0\"}"
"PASS: ""exact accepted finite checkpoint identity {{6, 2, 3}, 1, \"L0\"}"
"PASS: ""pinned accepted finite checkpoint {{6, 2, 3}, 1, \"L1\"}"
"PASS: ""exact accepted finite checkpoint identity {{6, 2, 3}, 1, \"L1\"}"
"PASS: ""pinned accepted finite checkpoint {{6, 2, 3}, 1, \"Regular\"}"
"PASS: ""exact accepted finite checkpoint identity {{6, 2, 3}, 1, \"Regular\"}"
"PASS: ""pinned accepted finite checkpoint {{6, 2, 3}, -1, \"Delta\"}"
"PASS: ""exact accepted finite checkpoint identity {{6, 2, 3}, -1, \"Delta\"}"
"PASS: ""pinned accepted finite checkpoint {{6, 2, 3}, -1, \"L0\"}"
"PASS: ""exact accepted finite checkpoint identity {{6, 2, 3}, -1, \"L0\"}"
"PASS: ""pinned accepted finite checkpoint {{6, 2, 3}, -1, \"L1\"}"
"PASS: ""exact accepted finite checkpoint identity {{6, 2, 3}, -1, \"L1\"}"
"PASS: ""pinned accepted finite checkpoint {{6, 2, 3}, -1, \"Regular\"}"
"PASS: ""exact accepted finite checkpoint identity {{6, 2, 3}, -1, \"Regular\"}"
"PASS: ""real endpoint branches share a boundary"
"PASS: ""pinned accepted finite checkpoint {{6, 2, 3}, 0, \"Delta\"}"
"PASS: ""exact accepted finite checkpoint identity {{6, 2, 3}, 0, \"Delta\"}"
"PASS: ""pinned accepted finite checkpoint {{6, 2, 3}, 0, \"L0\"}"
"PASS: ""exact accepted finite checkpoint identity {{6, 2, 3}, 0, \"L0\"}"
"PASS: ""pinned accepted finite checkpoint {{6, 2, 3}, 0, \"L1\"}"
"PASS: ""exact accepted finite checkpoint identity {{6, 2, 3}, 0, \"L1\"}"
"PASS: ""pinned accepted finite checkpoint {{6, 2, 3}, 0, \"Regular\"}"
"PASS: ""exact accepted finite checkpoint identity {{6, 2, 3}, 0, \"Regular\"}"
"PASS: ""finite physical component"
"FINITE_COMPONENT_MEMORY "{6, 2, 3}" before "4289685592" after "4299094232
"PASS: ""pinned accepted finite checkpoint {{6, 2, 4}, 1, \"Delta\"}"
"PASS: ""exact accepted finite checkpoint identity {{6, 2, 4}, 1, \"Delta\"}"
"PASS: ""pinned accepted finite checkpoint {{6, 2, 4}, 1, \"L0\"}"
"PASS: ""exact accepted finite checkpoint identity {{6, 2, 4}, 1, \"L0\"}"
"PASS: ""pinned accepted finite checkpoint {{6, 2, 4}, 1, \"L1\"}"
"PASS: ""exact accepted finite checkpoint identity {{6, 2, 4}, 1, \"L1\"}"
"PASS: ""pinned accepted finite checkpoint {{6, 2, 4}, 1, \"Regular\"}"
"PASS: ""exact accepted finite checkpoint identity {{6, 2, 4}, 1, \"Regular\"}"
"PASS: ""pinned accepted finite checkpoint {{6, 2, 4}, -1, \"Delta\"}"
"PASS: ""exact accepted finite checkpoint identity {{6, 2, 4}, -1, \"Delta\"}"
"PASS: ""pinned accepted finite checkpoint {{6, 2, 4}, -1, \"L0\"}"
"PASS: ""exact accepted finite checkpoint identity {{6, 2, 4}, -1, \"L0\"}"
"PASS: ""pinned accepted finite checkpoint {{6, 2, 4}, -1, \"L1\"}"
"PASS: ""exact accepted finite checkpoint identity {{6, 2, 4}, -1, \"L1\"}"
"PASS: ""pinned accepted finite checkpoint {{6, 2, 4}, -1, \"Regular\"}"
"PASS: ""exact accepted finite checkpoint identity {{6, 2, 4}, -1, \"Regular\"}"
"PASS: ""real endpoint branches share a boundary"
"PASS: ""pinned accepted finite checkpoint {{6, 2, 4}, 0, \"Delta\"}"
"PASS: ""exact accepted finite checkpoint identity {{6, 2, 4}, 0, \"Delta\"}"
"PASS: ""pinned accepted finite checkpoint {{6, 2, 4}, 0, \"L0\"}"
"PASS: ""exact accepted finite checkpoint identity {{6, 2, 4}, 0, \"L0\"}"
"PASS: ""pinned accepted finite checkpoint {{6, 2, 4}, 0, \"L1\"}"
"PASS: ""exact accepted finite checkpoint identity {{6, 2, 4}, 0, \"L1\"}"
"PASS: ""pinned accepted finite checkpoint {{6, 2, 4}, 0, \"Regular\"}"
"PASS: ""exact accepted finite checkpoint identity {{6, 2, 4}, 0, \"Regular\"}"
"PASS: ""finite physical component"
"FINITE_COMPONENT_MEMORY "{6, 2, 4}" before "4299094128" after "4299112176
"PASS: ""pinned accepted finite checkpoint {{6, 3, 1}, 1, \"Delta\"}"
"PASS: ""exact accepted finite checkpoint identity {{6, 3, 1}, 1, \"Delta\"}"
"PASS: ""pinned accepted finite checkpoint {{6, 3, 1}, 1, \"L0\"}"
"PASS: ""exact accepted finite checkpoint identity {{6, 3, 1}, 1, \"L0\"}"
"PASS: ""pinned accepted finite checkpoint {{6, 3, 1}, 1, \"L1\"}"
"PASS: ""exact accepted finite checkpoint identity {{6, 3, 1}, 1, \"L1\"}"
"PASS: ""pinned accepted finite checkpoint {{6, 3, 1}, 1, \"Regular\"}"
"PASS: ""exact accepted finite checkpoint identity {{6, 3, 1}, 1, \"Regular\"}"
"PASS: ""pinned accepted finite checkpoint {{6, 3, 1}, -1, \"Delta\"}"
"PASS: ""exact accepted finite checkpoint identity {{6, 3, 1}, -1, \"Delta\"}"
"PASS: ""pinned accepted finite checkpoint {{6, 3, 1}, -1, \"L0\"}"
"PASS: ""exact accepted finite checkpoint identity {{6, 3, 1}, -1, \"L0\"}"
"PASS: ""pinned accepted finite checkpoint {{6, 3, 1}, -1, \"L1\"}"
"PASS: ""exact accepted finite checkpoint identity {{6, 3, 1}, -1, \"L1\"}"
"PASS: ""pinned accepted finite checkpoint {{6, 3, 1}, -1, \"Regular\"}"
"PASS: ""exact accepted finite checkpoint identity {{6, 3, 1}, -1, \"Regular\"}"
"PASS: ""real endpoint branches share a boundary"
"PASS: ""pinned accepted finite checkpoint {{6, 3, 1}, 0, \"Delta\"}"
"PASS: ""exact accepted finite checkpoint identity {{6, 3, 1}, 0, \"Delta\"}"
"PASS: ""pinned accepted finite checkpoint {{6, 3, 1}, 0, \"L0\"}"
"PASS: ""exact accepted finite checkpoint identity {{6, 3, 1}, 0, \"L0\"}"
"PASS: ""pinned accepted finite checkpoint {{6, 3, 1}, 0, \"L1\"}"
"PASS: ""exact accepted finite checkpoint identity {{6, 3, 1}, 0, \"L1\"}"
"PASS: ""pinned accepted finite checkpoint {{6, 3, 1}, 0, \"Regular\"}"
"PASS: ""exact accepted finite checkpoint identity {{6, 3, 1}, 0, \"Regular\"}"
"PASS: ""finite physical component"
"FINITE_COMPONENT_MEMORY "{6, 3, 1}" before "4299112072" after "4305729904
"PASS: ""pinned accepted finite checkpoint {{6, 3, 2}, 1, \"Delta\"}"
"PASS: ""exact accepted finite checkpoint identity {{6, 3, 2}, 1, \"Delta\"}"
"PASS: ""pinned accepted finite checkpoint {{6, 3, 2}, 1, \"L0\"}"
"PASS: ""exact accepted finite checkpoint identity {{6, 3, 2}, 1, \"L0\"}"
"PASS: ""pinned accepted finite checkpoint {{6, 3, 2}, 1, \"L1\"}"
"PASS: ""exact accepted finite checkpoint identity {{6, 3, 2}, 1, \"L1\"}"
"PASS: ""pinned accepted finite checkpoint {{6, 3, 2}, 1, \"Regular\"}"
"PASS: ""exact accepted finite checkpoint identity {{6, 3, 2}, 1, \"Regular\"}"
"PASS: ""pinned accepted finite checkpoint {{6, 3, 2}, -1, \"Delta\"}"
"PASS: ""exact accepted finite checkpoint identity {{6, 3, 2}, -1, \"Delta\"}"
"PASS: ""pinned accepted finite checkpoint {{6, 3, 2}, -1, \"L0\"}"
"PASS: ""exact accepted finite checkpoint identity {{6, 3, 2}, -1, \"L0\"}"
"PASS: ""pinned accepted finite checkpoint {{6, 3, 2}, -1, \"L1\"}"
"PASS: ""exact accepted finite checkpoint identity {{6, 3, 2}, -1, \"L1\"}"
"PASS: ""pinned accepted finite checkpoint {{6, 3, 2}, -1, \"Regular\"}"
"PASS: ""exact accepted finite checkpoint identity {{6, 3, 2}, -1, \"Regular\"}"
"PASS: ""real endpoint branches share a boundary"
"PASS: ""pinned accepted finite checkpoint {{6, 3, 2}, 0, \"Delta\"}"
"PASS: ""exact accepted finite checkpoint identity {{6, 3, 2}, 0, \"Delta\"}"
"PASS: ""pinned accepted finite checkpoint {{6, 3, 2}, 0, \"L0\"}"
"PASS: ""exact accepted finite checkpoint identity {{6, 3, 2}, 0, \"L0\"}"
"PASS: ""pinned accepted finite checkpoint {{6, 3, 2}, 0, \"L1\"}"
"PASS: ""exact accepted finite checkpoint identity {{6, 3, 2}, 0, \"L1\"}"
"PASS: ""pinned accepted finite checkpoint {{6, 3, 2}, 0, \"Regular\"}"
"PASS: ""exact accepted finite checkpoint identity {{6, 3, 2}, 0, \"Regular\"}"
"PASS: ""finite physical component"
"FINITE_COMPONENT_MEMORY "{6, 3, 2}" before "4305729800" after "4315089368
"PASS: ""pinned accepted finite checkpoint {{6, 3, 3}, 1, \"Delta\"}"
"PASS: ""exact accepted finite checkpoint identity {{6, 3, 3}, 1, \"Delta\"}"
"PASS: ""pinned accepted finite checkpoint {{6, 3, 3}, 1, \"L0\"}"
"PASS: ""exact accepted finite checkpoint identity {{6, 3, 3}, 1, \"L0\"}"
"PASS: ""pinned accepted finite checkpoint {{6, 3, 3}, 1, \"L1\"}"
"PASS: ""exact accepted finite checkpoint identity {{6, 3, 3}, 1, \"L1\"}"
"PASS: ""pinned accepted finite checkpoint {{6, 3, 3}, 1, \"Regular\"}"
"PASS: ""exact accepted finite checkpoint identity {{6, 3, 3}, 1, \"Regular\"}"
"PASS: ""pinned accepted finite checkpoint {{6, 3, 3}, -1, \"Delta\"}"
"PASS: ""exact accepted finite checkpoint identity {{6, 3, 3}, -1, \"Delta\"}"
"PASS: ""pinned accepted finite checkpoint {{6, 3, 3}, -1, \"L0\"}"
"PASS: ""exact accepted finite checkpoint identity {{6, 3, 3}, -1, \"L0\"}"
"PASS: ""pinned accepted finite checkpoint {{6, 3, 3}, -1, \"L1\"}"
"PASS: ""exact accepted finite checkpoint identity {{6, 3, 3}, -1, \"L1\"}"
"PASS: ""pinned accepted finite checkpoint {{6, 3, 3}, -1, \"Regular\"}"
"PASS: ""exact accepted finite checkpoint identity {{6, 3, 3}, -1, \"Regular\"}"
"PASS: ""real endpoint branches share a boundary"
"PASS: ""pinned accepted finite checkpoint {{6, 3, 3}, 0, \"Delta\"}"
"PASS: ""exact accepted finite checkpoint identity {{6, 3, 3}, 0, \"Delta\"}"
"PASS: ""pinned accepted finite checkpoint {{6, 3, 3}, 0, \"L0\"}"
"PASS: ""exact accepted finite checkpoint identity {{6, 3, 3}, 0, \"L0\"}"
"PASS: ""pinned accepted finite checkpoint {{6, 3, 3}, 0, \"L1\"}"
"PASS: ""exact accepted finite checkpoint identity {{6, 3, 3}, 0, \"L1\"}"
"PASS: ""pinned accepted finite checkpoint {{6, 3, 3}, 0, \"Regular\"}"
"PASS: ""exact accepted finite checkpoint identity {{6, 3, 3}, 0, \"Regular\"}"
"PASS: ""finite physical component"
"FINITE_COMPONENT_MEMORY "{6, 3, 3}" before "4315089264" after "4315107240
"PASS: ""pinned accepted finite checkpoint {{6, 3, 4}, 1, \"Delta\"}"
"PASS: ""exact accepted finite checkpoint identity {{6, 3, 4}, 1, \"Delta\"}"
"PASS: ""pinned accepted finite checkpoint {{6, 3, 4}, 1, \"L0\"}"
"PASS: ""exact accepted finite checkpoint identity {{6, 3, 4}, 1, \"L0\"}"
"PASS: ""pinned accepted finite checkpoint {{6, 3, 4}, 1, \"L1\"}"
"PASS: ""exact accepted finite checkpoint identity {{6, 3, 4}, 1, \"L1\"}"
"PASS: ""pinned accepted finite checkpoint {{6, 3, 4}, 1, \"Regular\"}"
"PASS: ""exact accepted finite checkpoint identity {{6, 3, 4}, 1, \"Regular\"}"
"PASS: ""pinned accepted finite checkpoint {{6, 3, 4}, -1, \"Delta\"}"
"PASS: ""exact accepted finite checkpoint identity {{6, 3, 4}, -1, \"Delta\"}"
"PASS: ""pinned accepted finite checkpoint {{6, 3, 4}, -1, \"L0\"}"
"PASS: ""exact accepted finite checkpoint identity {{6, 3, 4}, -1, \"L0\"}"
"PASS: ""pinned accepted finite checkpoint {{6, 3, 4}, -1, \"L1\"}"
"PASS: ""exact accepted finite checkpoint identity {{6, 3, 4}, -1, \"L1\"}"
"PASS: ""pinned accepted finite checkpoint {{6, 3, 4}, -1, \"Regular\"}"
"PASS: ""exact accepted finite checkpoint identity {{6, 3, 4}, -1, \"Regular\"}"
"PASS: ""real endpoint branches share a boundary"
"PASS: ""pinned accepted finite checkpoint {{6, 3, 4}, 0, \"Delta\"}"
"PASS: ""exact accepted finite checkpoint identity {{6, 3, 4}, 0, \"Delta\"}"
"PASS: ""pinned accepted finite checkpoint {{6, 3, 4}, 0, \"L0\"}"
"PASS: ""exact accepted finite checkpoint identity {{6, 3, 4}, 0, \"L0\"}"
"PASS: ""pinned accepted finite checkpoint {{6, 3, 4}, 0, \"L1\"}"
"PASS: ""exact accepted finite checkpoint identity {{6, 3, 4}, 0, \"L1\"}"
"PASS: ""pinned accepted finite checkpoint {{6, 3, 4}, 0, \"Regular\"}"
"PASS: ""exact accepted finite checkpoint identity {{6, 3, 4}, 0, \"Regular\"}"
"PASS: ""finite physical component"
"FINITE_COMPONENT_MEMORY "{6, 3, 4}" before "4315107136" after "4315125104
"PASS: ""pinned accepted finite checkpoint {{6, 4, 1}, 1, \"Delta\"}"
"PASS: ""exact accepted finite checkpoint identity {{6, 4, 1}, 1, \"Delta\"}"
"PASS: ""pinned accepted finite checkpoint {{6, 4, 1}, 1, \"L0\"}"
"PASS: ""exact accepted finite checkpoint identity {{6, 4, 1}, 1, \"L0\"}"
"PASS: ""pinned accepted finite checkpoint {{6, 4, 1}, 1, \"L1\"}"
"PASS: ""exact accepted finite checkpoint identity {{6, 4, 1}, 1, \"L1\"}"
"PASS: ""pinned accepted finite checkpoint {{6, 4, 1}, 1, \"Regular\"}"
"PASS: ""exact accepted finite checkpoint identity {{6, 4, 1}, 1, \"Regular\"}"
"PASS: ""pinned accepted finite checkpoint {{6, 4, 1}, -1, \"Delta\"}"
"PASS: ""exact accepted finite checkpoint identity {{6, 4, 1}, -1, \"Delta\"}"
"PASS: ""pinned accepted finite checkpoint {{6, 4, 1}, -1, \"L0\"}"
"PASS: ""exact accepted finite checkpoint identity {{6, 4, 1}, -1, \"L0\"}"
"PASS: ""pinned accepted finite checkpoint {{6, 4, 1}, -1, \"L1\"}"
"PASS: ""exact accepted finite checkpoint identity {{6, 4, 1}, -1, \"L1\"}"
"PASS: ""pinned accepted finite checkpoint {{6, 4, 1}, -1, \"Regular\"}"
"PASS: ""exact accepted finite checkpoint identity {{6, 4, 1}, -1, \"Regular\"}"
"PASS: ""real endpoint branches share a boundary"
"PASS: ""pinned accepted finite checkpoint {{6, 4, 1}, 0, \"Delta\"}"
"PASS: ""exact accepted finite checkpoint identity {{6, 4, 1}, 0, \"Delta\"}"
"PASS: ""pinned accepted finite checkpoint {{6, 4, 1}, 0, \"L0\"}"
"PASS: ""exact accepted finite checkpoint identity {{6, 4, 1}, 0, \"L0\"}"
"PASS: ""pinned accepted finite checkpoint {{6, 4, 1}, 0, \"L1\"}"
"PASS: ""exact accepted finite checkpoint identity {{6, 4, 1}, 0, \"L1\"}"
"PASS: ""pinned accepted finite checkpoint {{6, 4, 1}, 0, \"Regular\"}"
"PASS: ""exact accepted finite checkpoint identity {{6, 4, 1}, 0, \"Regular\"}"
"PASS: ""finite physical component"
"FINITE_COMPONENT_MEMORY "{6, 4, 1}" before "4315125000" after "4315142976
"PASS: ""pinned accepted finite checkpoint {{6, 4, 2}, 1, \"Delta\"}"
"PASS: ""exact accepted finite checkpoint identity {{6, 4, 2}, 1, \"Delta\"}"
"PASS: ""pinned accepted finite checkpoint {{6, 4, 2}, 1, \"L0\"}"
"PASS: ""exact accepted finite checkpoint identity {{6, 4, 2}, 1, \"L0\"}"
"PASS: ""pinned accepted finite checkpoint {{6, 4, 2}, 1, \"L1\"}"
"PASS: ""exact accepted finite checkpoint identity {{6, 4, 2}, 1, \"L1\"}"
"PASS: ""pinned accepted finite checkpoint {{6, 4, 2}, 1, \"Regular\"}"
"PASS: ""exact accepted finite checkpoint identity {{6, 4, 2}, 1, \"Regular\"}"
"PASS: ""pinned accepted finite checkpoint {{6, 4, 2}, -1, \"Delta\"}"
"PASS: ""exact accepted finite checkpoint identity {{6, 4, 2}, -1, \"Delta\"}"
"PASS: ""pinned accepted finite checkpoint {{6, 4, 2}, -1, \"L0\"}"
"PASS: ""exact accepted finite checkpoint identity {{6, 4, 2}, -1, \"L0\"}"
"PASS: ""pinned accepted finite checkpoint {{6, 4, 2}, -1, \"L1\"}"
"PASS: ""exact accepted finite checkpoint identity {{6, 4, 2}, -1, \"L1\"}"
"PASS: ""pinned accepted finite checkpoint {{6, 4, 2}, -1, \"Regular\"}"
"PASS: ""exact accepted finite checkpoint identity {{6, 4, 2}, -1, \"Regular\"}"
"PASS: ""real endpoint branches share a boundary"
"PASS: ""pinned accepted finite checkpoint {{6, 4, 2}, 0, \"Delta\"}"
"PASS: ""exact accepted finite checkpoint identity {{6, 4, 2}, 0, \"Delta\"}"
"PASS: ""pinned accepted finite checkpoint {{6, 4, 2}, 0, \"L0\"}"
"PASS: ""exact accepted finite checkpoint identity {{6, 4, 2}, 0, \"L0\"}"
"PASS: ""pinned accepted finite checkpoint {{6, 4, 2}, 0, \"L1\"}"
"PASS: ""exact accepted finite checkpoint identity {{6, 4, 2}, 0, \"L1\"}"
"PASS: ""pinned accepted finite checkpoint {{6, 4, 2}, 0, \"Regular\"}"
"PASS: ""exact accepted finite checkpoint identity {{6, 4, 2}, 0, \"Regular\"}"
"PASS: ""finite physical component"
"FINITE_COMPONENT_MEMORY "{6, 4, 2}" before "4315142872" after "4315160992
"PASS: ""pinned accepted finite checkpoint {{6, 4, 3}, 1, \"Delta\"}"
"PASS: ""exact accepted finite checkpoint identity {{6, 4, 3}, 1, \"Delta\"}"
"PASS: ""pinned accepted finite checkpoint {{6, 4, 3}, 1, \"L0\"}"
"PASS: ""exact accepted finite checkpoint identity {{6, 4, 3}, 1, \"L0\"}"
"PASS: ""pinned accepted finite checkpoint {{6, 4, 3}, 1, \"L1\"}"
"PASS: ""exact accepted finite checkpoint identity {{6, 4, 3}, 1, \"L1\"}"
"PASS: ""pinned accepted finite checkpoint {{6, 4, 3}, 1, \"Regular\"}"
"PASS: ""exact accepted finite checkpoint identity {{6, 4, 3}, 1, \"Regular\"}"
"PASS: ""pinned accepted finite checkpoint {{6, 4, 3}, -1, \"Delta\"}"
"PASS: ""exact accepted finite checkpoint identity {{6, 4, 3}, -1, \"Delta\"}"
"PASS: ""pinned accepted finite checkpoint {{6, 4, 3}, -1, \"L0\"}"
"PASS: ""exact accepted finite checkpoint identity {{6, 4, 3}, -1, \"L0\"}"
"PASS: ""pinned accepted finite checkpoint {{6, 4, 3}, -1, \"L1\"}"
"PASS: ""exact accepted finite checkpoint identity {{6, 4, 3}, -1, \"L1\"}"
"PASS: ""pinned accepted finite checkpoint {{6, 4, 3}, -1, \"Regular\"}"
"PASS: ""exact accepted finite checkpoint identity {{6, 4, 3}, -1, \"Regular\"}"
"PASS: ""real endpoint branches share a boundary"
"PASS: ""pinned accepted finite checkpoint {{6, 4, 3}, 0, \"Delta\"}"
"PASS: ""exact accepted finite checkpoint identity {{6, 4, 3}, 0, \"Delta\"}"
"PASS: ""pinned accepted finite checkpoint {{6, 4, 3}, 0, \"L0\"}"
"PASS: ""exact accepted finite checkpoint identity {{6, 4, 3}, 0, \"L0\"}"
"PASS: ""pinned accepted finite checkpoint {{6, 4, 3}, 0, \"L1\"}"
"PASS: ""exact accepted finite checkpoint identity {{6, 4, 3}, 0, \"L1\"}"
"PASS: ""pinned accepted finite checkpoint {{6, 4, 3}, 0, \"Regular\"}"
"PASS: ""exact accepted finite checkpoint identity {{6, 4, 3}, 0, \"Regular\"}"
"PASS: ""finite physical component"
"FINITE_COMPONENT_MEMORY "{6, 4, 3}" before "4315160888" after "4315179080
"PASS: ""pinned accepted finite checkpoint {{6, 4, 4}, 1, \"Delta\"}"
"PASS: ""exact accepted finite checkpoint identity {{6, 4, 4}, 1, \"Delta\"}"
"PASS: ""pinned accepted finite checkpoint {{6, 4, 4}, 1, \"L0\"}"
"PASS: ""exact accepted finite checkpoint identity {{6, 4, 4}, 1, \"L0\"}"
"PASS: ""pinned accepted finite checkpoint {{6, 4, 4}, 1, \"L1\"}"
"PASS: ""exact accepted finite checkpoint identity {{6, 4, 4}, 1, \"L1\"}"
"PASS: ""pinned accepted finite checkpoint {{6, 4, 4}, 1, \"Regular\"}"
"PASS: ""exact accepted finite checkpoint identity {{6, 4, 4}, 1, \"Regular\"}"
"PASS: ""pinned accepted finite checkpoint {{6, 4, 4}, -1, \"Delta\"}"
"PASS: ""exact accepted finite checkpoint identity {{6, 4, 4}, -1, \"Delta\"}"
"PASS: ""pinned accepted finite checkpoint {{6, 4, 4}, -1, \"L0\"}"
"PASS: ""exact accepted finite checkpoint identity {{6, 4, 4}, -1, \"L0\"}"
"PASS: ""pinned accepted finite checkpoint {{6, 4, 4}, -1, \"L1\"}"
"PASS: ""exact accepted finite checkpoint identity {{6, 4, 4}, -1, \"L1\"}"
"PASS: ""pinned accepted finite checkpoint {{6, 4, 4}, -1, \"Regular\"}"
"PASS: ""exact accepted finite checkpoint identity {{6, 4, 4}, -1, \"Regular\"}"
"PASS: ""real endpoint branches share a boundary"
"PASS: ""pinned accepted finite checkpoint {{6, 4, 4}, 0, \"Delta\"}"
"PASS: ""exact accepted finite checkpoint identity {{6, 4, 4}, 0, \"Delta\"}"
"PASS: ""pinned accepted finite checkpoint {{6, 4, 4}, 0, \"L0\"}"
"PASS: ""exact accepted finite checkpoint identity {{6, 4, 4}, 0, \"L0\"}"
"PASS: ""pinned accepted finite checkpoint {{6, 4, 4}, 0, \"L1\"}"
"PASS: ""exact accepted finite checkpoint identity {{6, 4, 4}, 0, \"L1\"}"
"PASS: ""pinned accepted finite checkpoint {{6, 4, 4}, 0, \"Regular\"}"
"PASS: ""exact accepted finite checkpoint identity {{6, 4, 4}, 0, \"Regular\"}"
"PASS: ""finite physical component"
"FINITE_COMPONENT_MEMORY "{6, 4, 4}" before "4315178976" after "4315197224
"PASS: ""pinned accepted finite checkpoint {{7, 1, 1}, 1, \"Delta\"}"
"PASS: ""exact accepted finite checkpoint identity {{7, 1, 1}, 1, \"Delta\"}"
"PASS: ""pinned accepted finite checkpoint {{7, 1, 1}, 1, \"L0\"}"
"PASS: ""exact accepted finite checkpoint identity {{7, 1, 1}, 1, \"L0\"}"
"PASS: ""pinned accepted finite checkpoint {{7, 1, 1}, 1, \"L1\"}"
"PASS: ""exact accepted finite checkpoint identity {{7, 1, 1}, 1, \"L1\"}"
"PASS: ""pinned accepted finite checkpoint {{7, 1, 1}, 1, \"Regular\"}"
"PASS: ""exact accepted finite checkpoint identity {{7, 1, 1}, 1, \"Regular\"}"
"PASS: ""pinned accepted finite checkpoint {{7, 1, 1}, -1, \"Delta\"}"
"PASS: ""exact accepted finite checkpoint identity {{7, 1, 1}, -1, \"Delta\"}"
"PASS: ""pinned accepted finite checkpoint {{7, 1, 1}, -1, \"L0\"}"
"PASS: ""exact accepted finite checkpoint identity {{7, 1, 1}, -1, \"L0\"}"
"PASS: ""pinned accepted finite checkpoint {{7, 1, 1}, -1, \"L1\"}"
"PASS: ""exact accepted finite checkpoint identity {{7, 1, 1}, -1, \"L1\"}"
"PASS: ""pinned accepted finite checkpoint {{7, 1, 1}, -1, \"Regular\"}"
"PASS: ""exact accepted finite checkpoint identity {{7, 1, 1}, -1, \"Regular\"}"
"PASS: ""real endpoint branches share a boundary"
"PASS: ""pinned accepted finite checkpoint {{7, 1, 1}, 0, \"Delta\"}"
"PASS: ""exact accepted finite checkpoint identity {{7, 1, 1}, 0, \"Delta\"}"
"PASS: ""pinned accepted finite checkpoint {{7, 1, 1}, 0, \"L0\"}"
"PASS: ""exact accepted finite checkpoint identity {{7, 1, 1}, 0, \"L0\"}"
"PASS: ""pinned accepted finite checkpoint {{7, 1, 1}, 0, \"L1\"}"
"PASS: ""exact accepted finite checkpoint identity {{7, 1, 1}, 0, \"L1\"}"
"PASS: ""pinned accepted finite checkpoint {{7, 1, 1}, 0, \"Regular\"}"
"PASS: ""exact accepted finite checkpoint identity {{7, 1, 1}, 0, \"Regular\"}"
"PASS: ""finite physical component"
"FINITE_COMPONENT_MEMORY "{7, 1, 1}" before "4315197120" after "4315215112
"PASS: ""pinned accepted finite checkpoint {{7, 1, 2}, 1, \"Delta\"}"
"PASS: ""exact accepted finite checkpoint identity {{7, 1, 2}, 1, \"Delta\"}"
"PASS: ""pinned accepted finite checkpoint {{7, 1, 2}, 1, \"L0\"}"
"PASS: ""exact accepted finite checkpoint identity {{7, 1, 2}, 1, \"L0\"}"
"PASS: ""pinned accepted finite checkpoint {{7, 1, 2}, 1, \"L1\"}"
"PASS: ""exact accepted finite checkpoint identity {{7, 1, 2}, 1, \"L1\"}"
"PASS: ""pinned accepted finite checkpoint {{7, 1, 2}, 1, \"Regular\"}"
"PASS: ""exact accepted finite checkpoint identity {{7, 1, 2}, 1, \"Regular\"}"
"PASS: ""pinned accepted finite checkpoint {{7, 1, 2}, -1, \"Delta\"}"
"PASS: ""exact accepted finite checkpoint identity {{7, 1, 2}, -1, \"Delta\"}"
"PASS: ""pinned accepted finite checkpoint {{7, 1, 2}, -1, \"L0\"}"
"PASS: ""exact accepted finite checkpoint identity {{7, 1, 2}, -1, \"L0\"}"
"PASS: ""pinned accepted finite checkpoint {{7, 1, 2}, -1, \"L1\"}"
"PASS: ""exact accepted finite checkpoint identity {{7, 1, 2}, -1, \"L1\"}"
"PASS: ""pinned accepted finite checkpoint {{7, 1, 2}, -1, \"Regular\"}"
"PASS: ""exact accepted finite checkpoint identity {{7, 1, 2}, -1, \"Regular\"}"
"PASS: ""real endpoint branches share a boundary"
"PASS: ""pinned accepted finite checkpoint {{7, 1, 2}, 0, \"Delta\"}"
"PASS: ""exact accepted finite checkpoint identity {{7, 1, 2}, 0, \"Delta\"}"
"PASS: ""pinned accepted finite checkpoint {{7, 1, 2}, 0, \"L0\"}"
"PASS: ""exact accepted finite checkpoint identity {{7, 1, 2}, 0, \"L0\"}"
"PASS: ""pinned accepted finite checkpoint {{7, 1, 2}, 0, \"L1\"}"
"PASS: ""exact accepted finite checkpoint identity {{7, 1, 2}, 0, \"L1\"}"
"PASS: ""pinned accepted finite checkpoint {{7, 1, 2}, 0, \"Regular\"}"
"PASS: ""exact accepted finite checkpoint identity {{7, 1, 2}, 0, \"Regular\"}"
"PASS: ""finite physical component"
"FINITE_COMPONENT_MEMORY "{7, 1, 2}" before "4315215008" after "4315233056
"PASS: ""pinned accepted finite checkpoint {{7, 1, 3}, 1, \"Delta\"}"
"PASS: ""exact accepted finite checkpoint identity {{7, 1, 3}, 1, \"Delta\"}"
"PASS: ""pinned accepted finite checkpoint {{7, 1, 3}, 1, \"L0\"}"
"PASS: ""exact accepted finite checkpoint identity {{7, 1, 3}, 1, \"L0\"}"
"PASS: ""pinned accepted finite checkpoint {{7, 1, 3}, 1, \"L1\"}"
"PASS: ""exact accepted finite checkpoint identity {{7, 1, 3}, 1, \"L1\"}"
"PASS: ""pinned accepted finite checkpoint {{7, 1, 3}, 1, \"Regular\"}"
"PASS: ""exact accepted finite checkpoint identity {{7, 1, 3}, 1, \"Regular\"}"
"PASS: ""pinned accepted finite checkpoint {{7, 1, 3}, -1, \"Delta\"}"
"PASS: ""exact accepted finite checkpoint identity {{7, 1, 3}, -1, \"Delta\"}"
"PASS: ""pinned accepted finite checkpoint {{7, 1, 3}, -1, \"L0\"}"
"PASS: ""exact accepted finite checkpoint identity {{7, 1, 3}, -1, \"L0\"}"
"PASS: ""pinned accepted finite checkpoint {{7, 1, 3}, -1, \"L1\"}"
"PASS: ""exact accepted finite checkpoint identity {{7, 1, 3}, -1, \"L1\"}"
"PASS: ""pinned accepted finite checkpoint {{7, 1, 3}, -1, \"Regular\"}"
"PASS: ""exact accepted finite checkpoint identity {{7, 1, 3}, -1, \"Regular\"}"
"PASS: ""real endpoint branches share a boundary"
"PASS: ""pinned accepted finite checkpoint {{7, 1, 3}, 0, \"Delta\"}"
"PASS: ""exact accepted finite checkpoint identity {{7, 1, 3}, 0, \"Delta\"}"
"PASS: ""pinned accepted finite checkpoint {{7, 1, 3}, 0, \"L0\"}"
"PASS: ""exact accepted finite checkpoint identity {{7, 1, 3}, 0, \"L0\"}"
"PASS: ""pinned accepted finite checkpoint {{7, 1, 3}, 0, \"L1\"}"
"PASS: ""exact accepted finite checkpoint identity {{7, 1, 3}, 0, \"L1\"}"
"PASS: ""pinned accepted finite checkpoint {{7, 1, 3}, 0, \"Regular\"}"
"PASS: ""exact accepted finite checkpoint identity {{7, 1, 3}, 0, \"Regular\"}"
"PASS: ""finite physical component"
"FINITE_COMPONENT_MEMORY "{7, 1, 3}" before "4315232952" after "4315250888
"PASS: ""pinned accepted finite checkpoint {{7, 1, 4}, 1, \"Delta\"}"
"PASS: ""exact accepted finite checkpoint identity {{7, 1, 4}, 1, \"Delta\"}"
"PASS: ""pinned accepted finite checkpoint {{7, 1, 4}, 1, \"L0\"}"
"PASS: ""exact accepted finite checkpoint identity {{7, 1, 4}, 1, \"L0\"}"
"PASS: ""pinned accepted finite checkpoint {{7, 1, 4}, 1, \"L1\"}"
"PASS: ""exact accepted finite checkpoint identity {{7, 1, 4}, 1, \"L1\"}"
"PASS: ""pinned accepted finite checkpoint {{7, 1, 4}, 1, \"Regular\"}"
"PASS: ""exact accepted finite checkpoint identity {{7, 1, 4}, 1, \"Regular\"}"
"PASS: ""pinned accepted finite checkpoint {{7, 1, 4}, -1, \"Delta\"}"
"PASS: ""exact accepted finite checkpoint identity {{7, 1, 4}, -1, \"Delta\"}"
"PASS: ""pinned accepted finite checkpoint {{7, 1, 4}, -1, \"L0\"}"
"PASS: ""exact accepted finite checkpoint identity {{7, 1, 4}, -1, \"L0\"}"
"PASS: ""pinned accepted finite checkpoint {{7, 1, 4}, -1, \"L1\"}"
"PASS: ""exact accepted finite checkpoint identity {{7, 1, 4}, -1, \"L1\"}"
"PASS: ""pinned accepted finite checkpoint {{7, 1, 4}, -1, \"Regular\"}"
"PASS: ""exact accepted finite checkpoint identity {{7, 1, 4}, -1, \"Regular\"}"
"PASS: ""real endpoint branches share a boundary"
"PASS: ""pinned accepted finite checkpoint {{7, 1, 4}, 0, \"Delta\"}"
"PASS: ""exact accepted finite checkpoint identity {{7, 1, 4}, 0, \"Delta\"}"
"PASS: ""pinned accepted finite checkpoint {{7, 1, 4}, 0, \"L0\"}"
"PASS: ""exact accepted finite checkpoint identity {{7, 1, 4}, 0, \"L0\"}"
"PASS: ""pinned accepted finite checkpoint {{7, 1, 4}, 0, \"L1\"}"
"PASS: ""exact accepted finite checkpoint identity {{7, 1, 4}, 0, \"L1\"}"
"PASS: ""pinned accepted finite checkpoint {{7, 1, 4}, 0, \"Regular\"}"
"PASS: ""exact accepted finite checkpoint identity {{7, 1, 4}, 0, \"Regular\"}"
"PASS: ""finite physical component"
"FINITE_COMPONENT_MEMORY "{7, 1, 4}" before "4315250784" after "4315268960
"PASS: ""pinned accepted finite checkpoint {{7, 2, 1}, 1, \"Delta\"}"
"PASS: ""exact accepted finite checkpoint identity {{7, 2, 1}, 1, \"Delta\"}"
"PASS: ""pinned accepted finite checkpoint {{7, 2, 1}, 1, \"L0\"}"
"PASS: ""exact accepted finite checkpoint identity {{7, 2, 1}, 1, \"L0\"}"
"PASS: ""pinned accepted finite checkpoint {{7, 2, 1}, 1, \"L1\"}"
"PASS: ""exact accepted finite checkpoint identity {{7, 2, 1}, 1, \"L1\"}"
"PASS: ""pinned accepted finite checkpoint {{7, 2, 1}, 1, \"Regular\"}"
"PASS: ""exact accepted finite checkpoint identity {{7, 2, 1}, 1, \"Regular\"}"
"PASS: ""pinned accepted finite checkpoint {{7, 2, 1}, -1, \"Delta\"}"
"PASS: ""exact accepted finite checkpoint identity {{7, 2, 1}, -1, \"Delta\"}"
"PASS: ""pinned accepted finite checkpoint {{7, 2, 1}, -1, \"L0\"}"
"PASS: ""exact accepted finite checkpoint identity {{7, 2, 1}, -1, \"L0\"}"
"PASS: ""pinned accepted finite checkpoint {{7, 2, 1}, -1, \"L1\"}"
"PASS: ""exact accepted finite checkpoint identity {{7, 2, 1}, -1, \"L1\"}"
"PASS: ""pinned accepted finite checkpoint {{7, 2, 1}, -1, \"Regular\"}"
"PASS: ""exact accepted finite checkpoint identity {{7, 2, 1}, -1, \"Regular\"}"
"PASS: ""real endpoint branches share a boundary"
"PASS: ""pinned accepted finite checkpoint {{7, 2, 1}, 0, \"Delta\"}"
"PASS: ""exact accepted finite checkpoint identity {{7, 2, 1}, 0, \"Delta\"}"
"PASS: ""pinned accepted finite checkpoint {{7, 2, 1}, 0, \"L0\"}"
"PASS: ""exact accepted finite checkpoint identity {{7, 2, 1}, 0, \"L0\"}"
"PASS: ""pinned accepted finite checkpoint {{7, 2, 1}, 0, \"L1\"}"
"PASS: ""exact accepted finite checkpoint identity {{7, 2, 1}, 0, \"L1\"}"
"PASS: ""pinned accepted finite checkpoint {{7, 2, 1}, 0, \"Regular\"}"
"PASS: ""exact accepted finite checkpoint identity {{7, 2, 1}, 0, \"Regular\"}"
"PASS: ""finite physical component"
"FINITE_COMPONENT_MEMORY "{7, 2, 1}" before "4315268856" after "4315286776
"PASS: ""pinned accepted finite checkpoint {{7, 2, 2}, 1, \"Delta\"}"
"PASS: ""exact accepted finite checkpoint identity {{7, 2, 2}, 1, \"Delta\"}"
"PASS: ""pinned accepted finite checkpoint {{7, 2, 2}, 1, \"L0\"}"
"PASS: ""exact accepted finite checkpoint identity {{7, 2, 2}, 1, \"L0\"}"
"PASS: ""pinned accepted finite checkpoint {{7, 2, 2}, 1, \"L1\"}"
"PASS: ""exact accepted finite checkpoint identity {{7, 2, 2}, 1, \"L1\"}"
"PASS: ""pinned accepted finite checkpoint {{7, 2, 2}, 1, \"Regular\"}"
"PASS: ""exact accepted finite checkpoint identity {{7, 2, 2}, 1, \"Regular\"}"
"PASS: ""pinned accepted finite checkpoint {{7, 2, 2}, -1, \"Delta\"}"
"PASS: ""exact accepted finite checkpoint identity {{7, 2, 2}, -1, \"Delta\"}"
"PASS: ""pinned accepted finite checkpoint {{7, 2, 2}, -1, \"L0\"}"
"PASS: ""exact accepted finite checkpoint identity {{7, 2, 2}, -1, \"L0\"}"
"PASS: ""pinned accepted finite checkpoint {{7, 2, 2}, -1, \"L1\"}"
"PASS: ""exact accepted finite checkpoint identity {{7, 2, 2}, -1, \"L1\"}"
"PASS: ""pinned accepted finite checkpoint {{7, 2, 2}, -1, \"Regular\"}"
"PASS: ""exact accepted finite checkpoint identity {{7, 2, 2}, -1, \"Regular\"}"
"PASS: ""real endpoint branches share a boundary"
"PASS: ""pinned accepted finite checkpoint {{7, 2, 2}, 0, \"Delta\"}"
"PASS: ""exact accepted finite checkpoint identity {{7, 2, 2}, 0, \"Delta\"}"
"PASS: ""pinned accepted finite checkpoint {{7, 2, 2}, 0, \"L0\"}"
"PASS: ""exact accepted finite checkpoint identity {{7, 2, 2}, 0, \"L0\"}"
"PASS: ""pinned accepted finite checkpoint {{7, 2, 2}, 0, \"L1\"}"
"PASS: ""exact accepted finite checkpoint identity {{7, 2, 2}, 0, \"L1\"}"
"PASS: ""pinned accepted finite checkpoint {{7, 2, 2}, 0, \"Regular\"}"
"PASS: ""exact accepted finite checkpoint identity {{7, 2, 2}, 0, \"Regular\"}"
"PASS: ""finite physical component"
"FINITE_COMPONENT_MEMORY "{7, 2, 2}" before "4315286672" after "4315304720
"PASS: ""pinned accepted finite checkpoint {{7, 2, 3}, 1, \"Delta\"}"
"PASS: ""exact accepted finite checkpoint identity {{7, 2, 3}, 1, \"Delta\"}"
"PASS: ""pinned accepted finite checkpoint {{7, 2, 3}, 1, \"L0\"}"
"PASS: ""exact accepted finite checkpoint identity {{7, 2, 3}, 1, \"L0\"}"
"PASS: ""pinned accepted finite checkpoint {{7, 2, 3}, 1, \"L1\"}"
"PASS: ""exact accepted finite checkpoint identity {{7, 2, 3}, 1, \"L1\"}"
"PASS: ""pinned accepted finite checkpoint {{7, 2, 3}, 1, \"Regular\"}"
"PASS: ""exact accepted finite checkpoint identity {{7, 2, 3}, 1, \"Regular\"}"
"PASS: ""pinned accepted finite checkpoint {{7, 2, 3}, -1, \"Delta\"}"
"PASS: ""exact accepted finite checkpoint identity {{7, 2, 3}, -1, \"Delta\"}"
"PASS: ""pinned accepted finite checkpoint {{7, 2, 3}, -1, \"L0\"}"
"PASS: ""exact accepted finite checkpoint identity {{7, 2, 3}, -1, \"L0\"}"
"PASS: ""pinned accepted finite checkpoint {{7, 2, 3}, -1, \"L1\"}"
"PASS: ""exact accepted finite checkpoint identity {{7, 2, 3}, -1, \"L1\"}"
"PASS: ""pinned accepted finite checkpoint {{7, 2, 3}, -1, \"Regular\"}"
"PASS: ""exact accepted finite checkpoint identity {{7, 2, 3}, -1, \"Regular\"}"
"PASS: ""real endpoint branches share a boundary"
"PASS: ""pinned accepted finite checkpoint {{7, 2, 3}, 0, \"Delta\"}"
"PASS: ""exact accepted finite checkpoint identity {{7, 2, 3}, 0, \"Delta\"}"
"PASS: ""pinned accepted finite checkpoint {{7, 2, 3}, 0, \"L0\"}"
"PASS: ""exact accepted finite checkpoint identity {{7, 2, 3}, 0, \"L0\"}"
"PASS: ""pinned accepted finite checkpoint {{7, 2, 3}, 0, \"L1\"}"
"PASS: ""exact accepted finite checkpoint identity {{7, 2, 3}, 0, \"L1\"}"
"PASS: ""pinned accepted finite checkpoint {{7, 2, 3}, 0, \"Regular\"}"
"PASS: ""exact accepted finite checkpoint identity {{7, 2, 3}, 0, \"Regular\"}"
"PASS: ""finite physical component"
"FINITE_COMPONENT_MEMORY "{7, 2, 3}" before "4315304616" after "4315322704
"PASS: ""pinned accepted finite checkpoint {{7, 2, 4}, 1, \"Delta\"}"
"PASS: ""exact accepted finite checkpoint identity {{7, 2, 4}, 1, \"Delta\"}"
"PASS: ""pinned accepted finite checkpoint {{7, 2, 4}, 1, \"L0\"}"
"PASS: ""exact accepted finite checkpoint identity {{7, 2, 4}, 1, \"L0\"}"
"PASS: ""pinned accepted finite checkpoint {{7, 2, 4}, 1, \"L1\"}"
"PASS: ""exact accepted finite checkpoint identity {{7, 2, 4}, 1, \"L1\"}"
"PASS: ""pinned accepted finite checkpoint {{7, 2, 4}, 1, \"Regular\"}"
"PASS: ""exact accepted finite checkpoint identity {{7, 2, 4}, 1, \"Regular\"}"
"PASS: ""pinned accepted finite checkpoint {{7, 2, 4}, -1, \"Delta\"}"
"PASS: ""exact accepted finite checkpoint identity {{7, 2, 4}, -1, \"Delta\"}"
"PASS: ""pinned accepted finite checkpoint {{7, 2, 4}, -1, \"L0\"}"
"PASS: ""exact accepted finite checkpoint identity {{7, 2, 4}, -1, \"L0\"}"
"PASS: ""pinned accepted finite checkpoint {{7, 2, 4}, -1, \"L1\"}"
"PASS: ""exact accepted finite checkpoint identity {{7, 2, 4}, -1, \"L1\"}"
"PASS: ""pinned accepted finite checkpoint {{7, 2, 4}, -1, \"Regular\"}"
"PASS: ""exact accepted finite checkpoint identity {{7, 2, 4}, -1, \"Regular\"}"
"PASS: ""real endpoint branches share a boundary"
"PASS: ""pinned accepted finite checkpoint {{7, 2, 4}, 0, \"Delta\"}"
"PASS: ""exact accepted finite checkpoint identity {{7, 2, 4}, 0, \"Delta\"}"
"PASS: ""pinned accepted finite checkpoint {{7, 2, 4}, 0, \"L0\"}"
"PASS: ""exact accepted finite checkpoint identity {{7, 2, 4}, 0, \"L0\"}"
"PASS: ""pinned accepted finite checkpoint {{7, 2, 4}, 0, \"L1\"}"
"PASS: ""exact accepted finite checkpoint identity {{7, 2, 4}, 0, \"L1\"}"
"PASS: ""pinned accepted finite checkpoint {{7, 2, 4}, 0, \"Regular\"}"
"PASS: ""exact accepted finite checkpoint identity {{7, 2, 4}, 0, \"Regular\"}"
"PASS: ""finite physical component"
"FINITE_COMPONENT_MEMORY "{7, 2, 4}" before "4315322600" after "4315340408
"PASS: ""pinned accepted finite checkpoint {{7, 3, 1}, 1, \"Delta\"}"
"PASS: ""exact accepted finite checkpoint identity {{7, 3, 1}, 1, \"Delta\"}"
"PASS: ""pinned accepted finite checkpoint {{7, 3, 1}, 1, \"L0\"}"
"PASS: ""exact accepted finite checkpoint identity {{7, 3, 1}, 1, \"L0\"}"
"PASS: ""pinned accepted finite checkpoint {{7, 3, 1}, 1, \"L1\"}"
"PASS: ""exact accepted finite checkpoint identity {{7, 3, 1}, 1, \"L1\"}"
"PASS: ""pinned accepted finite checkpoint {{7, 3, 1}, 1, \"Regular\"}"
"PASS: ""exact accepted finite checkpoint identity {{7, 3, 1}, 1, \"Regular\"}"
"PASS: ""pinned accepted finite checkpoint {{7, 3, 1}, -1, \"Delta\"}"
"PASS: ""exact accepted finite checkpoint identity {{7, 3, 1}, -1, \"Delta\"}"
"PASS: ""pinned accepted finite checkpoint {{7, 3, 1}, -1, \"L0\"}"
"PASS: ""exact accepted finite checkpoint identity {{7, 3, 1}, -1, \"L0\"}"
"PASS: ""pinned accepted finite checkpoint {{7, 3, 1}, -1, \"L1\"}"
"PASS: ""exact accepted finite checkpoint identity {{7, 3, 1}, -1, \"L1\"}"
"PASS: ""pinned accepted finite checkpoint {{7, 3, 1}, -1, \"Regular\"}"
"PASS: ""exact accepted finite checkpoint identity {{7, 3, 1}, -1, \"Regular\"}"
"PASS: ""real endpoint branches share a boundary"
"PASS: ""pinned accepted finite checkpoint {{7, 3, 1}, 0, \"Delta\"}"
"PASS: ""exact accepted finite checkpoint identity {{7, 3, 1}, 0, \"Delta\"}"
"PASS: ""pinned accepted finite checkpoint {{7, 3, 1}, 0, \"L0\"}"
"PASS: ""exact accepted finite checkpoint identity {{7, 3, 1}, 0, \"L0\"}"
"PASS: ""pinned accepted finite checkpoint {{7, 3, 1}, 0, \"L1\"}"
"PASS: ""exact accepted finite checkpoint identity {{7, 3, 1}, 0, \"L1\"}"
"PASS: ""pinned accepted finite checkpoint {{7, 3, 1}, 0, \"Regular\"}"
"PASS: ""exact accepted finite checkpoint identity {{7, 3, 1}, 0, \"Regular\"}"
"PASS: ""finite physical component"
"FINITE_COMPONENT_MEMORY "{7, 3, 1}" before "4315340304" after "4315358408
"PASS: ""pinned accepted finite checkpoint {{7, 3, 2}, 1, \"Delta\"}"
"PASS: ""exact accepted finite checkpoint identity {{7, 3, 2}, 1, \"Delta\"}"
"PASS: ""pinned accepted finite checkpoint {{7, 3, 2}, 1, \"L0\"}"
"PASS: ""exact accepted finite checkpoint identity {{7, 3, 2}, 1, \"L0\"}"
"PASS: ""pinned accepted finite checkpoint {{7, 3, 2}, 1, \"L1\"}"
"PASS: ""exact accepted finite checkpoint identity {{7, 3, 2}, 1, \"L1\"}"
"PASS: ""pinned accepted finite checkpoint {{7, 3, 2}, 1, \"Regular\"}"
"PASS: ""exact accepted finite checkpoint identity {{7, 3, 2}, 1, \"Regular\"}"
"PASS: ""pinned accepted finite checkpoint {{7, 3, 2}, -1, \"Delta\"}"
"PASS: ""exact accepted finite checkpoint identity {{7, 3, 2}, -1, \"Delta\"}"
"PASS: ""pinned accepted finite checkpoint {{7, 3, 2}, -1, \"L0\"}"
"PASS: ""exact accepted finite checkpoint identity {{7, 3, 2}, -1, \"L0\"}"
"PASS: ""pinned accepted finite checkpoint {{7, 3, 2}, -1, \"L1\"}"
"PASS: ""exact accepted finite checkpoint identity {{7, 3, 2}, -1, \"L1\"}"
"PASS: ""pinned accepted finite checkpoint {{7, 3, 2}, -1, \"Regular\"}"
"PASS: ""exact accepted finite checkpoint identity {{7, 3, 2}, -1, \"Regular\"}"
"PASS: ""real endpoint branches share a boundary"
"PASS: ""pinned accepted finite checkpoint {{7, 3, 2}, 0, \"Delta\"}"
"PASS: ""exact accepted finite checkpoint identity {{7, 3, 2}, 0, \"Delta\"}"
"PASS: ""pinned accepted finite checkpoint {{7, 3, 2}, 0, \"L0\"}"
"PASS: ""exact accepted finite checkpoint identity {{7, 3, 2}, 0, \"L0\"}"
"PASS: ""pinned accepted finite checkpoint {{7, 3, 2}, 0, \"L1\"}"
"PASS: ""exact accepted finite checkpoint identity {{7, 3, 2}, 0, \"L1\"}"
"PASS: ""pinned accepted finite checkpoint {{7, 3, 2}, 0, \"Regular\"}"
"PASS: ""exact accepted finite checkpoint identity {{7, 3, 2}, 0, \"Regular\"}"
"PASS: ""finite physical component"
"FINITE_COMPONENT_MEMORY "{7, 3, 2}" before "4315358304" after "4315376424
"PASS: ""pinned accepted finite checkpoint {{7, 3, 3}, 1, \"Delta\"}"
"PASS: ""exact accepted finite checkpoint identity {{7, 3, 3}, 1, \"Delta\"}"
"PASS: ""pinned accepted finite checkpoint {{7, 3, 3}, 1, \"L0\"}"
"PASS: ""exact accepted finite checkpoint identity {{7, 3, 3}, 1, \"L0\"}"
"PASS: ""pinned accepted finite checkpoint {{7, 3, 3}, 1, \"L1\"}"
"PASS: ""exact accepted finite checkpoint identity {{7, 3, 3}, 1, \"L1\"}"
"PASS: ""pinned accepted finite checkpoint {{7, 3, 3}, 1, \"Regular\"}"
"PASS: ""exact accepted finite checkpoint identity {{7, 3, 3}, 1, \"Regular\"}"
"PASS: ""pinned accepted finite checkpoint {{7, 3, 3}, -1, \"Delta\"}"
"PASS: ""exact accepted finite checkpoint identity {{7, 3, 3}, -1, \"Delta\"}"
"PASS: ""pinned accepted finite checkpoint {{7, 3, 3}, -1, \"L0\"}"
"PASS: ""exact accepted finite checkpoint identity {{7, 3, 3}, -1, \"L0\"}"
"PASS: ""pinned accepted finite checkpoint {{7, 3, 3}, -1, \"L1\"}"
"PASS: ""exact accepted finite checkpoint identity {{7, 3, 3}, -1, \"L1\"}"
"PASS: ""pinned accepted finite checkpoint {{7, 3, 3}, -1, \"Regular\"}"
"PASS: ""exact accepted finite checkpoint identity {{7, 3, 3}, -1, \"Regular\"}"
"PASS: ""real endpoint branches share a boundary"
"PASS: ""pinned accepted finite checkpoint {{7, 3, 3}, 0, \"Delta\"}"
"PASS: ""exact accepted finite checkpoint identity {{7, 3, 3}, 0, \"Delta\"}"
"PASS: ""pinned accepted finite checkpoint {{7, 3, 3}, 0, \"L0\"}"
"PASS: ""exact accepted finite checkpoint identity {{7, 3, 3}, 0, \"L0\"}"
"PASS: ""pinned accepted finite checkpoint {{7, 3, 3}, 0, \"L1\"}"
"PASS: ""exact accepted finite checkpoint identity {{7, 3, 3}, 0, \"L1\"}"
"PASS: ""pinned accepted finite checkpoint {{7, 3, 3}, 0, \"Regular\"}"
"PASS: ""exact accepted finite checkpoint identity {{7, 3, 3}, 0, \"Regular\"}"
"PASS: ""finite physical component"
"FINITE_COMPONENT_MEMORY "{7, 3, 3}" before "4315376320" after "4315394384
"PASS: ""pinned accepted finite checkpoint {{7, 3, 4}, 1, \"Delta\"}"
"PASS: ""exact accepted finite checkpoint identity {{7, 3, 4}, 1, \"Delta\"}"
"PASS: ""pinned accepted finite checkpoint {{7, 3, 4}, 1, \"L0\"}"
"PASS: ""exact accepted finite checkpoint identity {{7, 3, 4}, 1, \"L0\"}"
"PASS: ""pinned accepted finite checkpoint {{7, 3, 4}, 1, \"L1\"}"
"PASS: ""exact accepted finite checkpoint identity {{7, 3, 4}, 1, \"L1\"}"
"PASS: ""pinned accepted finite checkpoint {{7, 3, 4}, 1, \"Regular\"}"
"PASS: ""exact accepted finite checkpoint identity {{7, 3, 4}, 1, \"Regular\"}"
"PASS: ""pinned accepted finite checkpoint {{7, 3, 4}, -1, \"Delta\"}"
"PASS: ""exact accepted finite checkpoint identity {{7, 3, 4}, -1, \"Delta\"}"
"PASS: ""pinned accepted finite checkpoint {{7, 3, 4}, -1, \"L0\"}"
"PASS: ""exact accepted finite checkpoint identity {{7, 3, 4}, -1, \"L0\"}"
"PASS: ""pinned accepted finite checkpoint {{7, 3, 4}, -1, \"L1\"}"
"PASS: ""exact accepted finite checkpoint identity {{7, 3, 4}, -1, \"L1\"}"
"PASS: ""pinned accepted finite checkpoint {{7, 3, 4}, -1, \"Regular\"}"
"PASS: ""exact accepted finite checkpoint identity {{7, 3, 4}, -1, \"Regular\"}"
"PASS: ""real endpoint branches share a boundary"
"PASS: ""pinned accepted finite checkpoint {{7, 3, 4}, 0, \"Delta\"}"
"PASS: ""exact accepted finite checkpoint identity {{7, 3, 4}, 0, \"Delta\"}"
"PASS: ""pinned accepted finite checkpoint {{7, 3, 4}, 0, \"L0\"}"
"PASS: ""exact accepted finite checkpoint identity {{7, 3, 4}, 0, \"L0\"}"
"PASS: ""pinned accepted finite checkpoint {{7, 3, 4}, 0, \"L1\"}"
"PASS: ""exact accepted finite checkpoint identity {{7, 3, 4}, 0, \"L1\"}"
"PASS: ""pinned accepted finite checkpoint {{7, 3, 4}, 0, \"Regular\"}"
"PASS: ""exact accepted finite checkpoint identity {{7, 3, 4}, 0, \"Regular\"}"
"PASS: ""finite physical component"
"FINITE_COMPONENT_MEMORY "{7, 3, 4}" before "4315394280" after "4318946976
"PASS: ""pinned accepted finite checkpoint {{7, 4, 1}, 1, \"Delta\"}"
"PASS: ""exact accepted finite checkpoint identity {{7, 4, 1}, 1, \"Delta\"}"
"PASS: ""pinned accepted finite checkpoint {{7, 4, 1}, 1, \"L0\"}"
"PASS: ""exact accepted finite checkpoint identity {{7, 4, 1}, 1, \"L0\"}"
"PASS: ""pinned accepted finite checkpoint {{7, 4, 1}, 1, \"L1\"}"
"PASS: ""exact accepted finite checkpoint identity {{7, 4, 1}, 1, \"L1\"}"
"PASS: ""pinned accepted finite checkpoint {{7, 4, 1}, 1, \"Regular\"}"
"PASS: ""exact accepted finite checkpoint identity {{7, 4, 1}, 1, \"Regular\"}"
"PASS: ""pinned accepted finite checkpoint {{7, 4, 1}, -1, \"Delta\"}"
"PASS: ""exact accepted finite checkpoint identity {{7, 4, 1}, -1, \"Delta\"}"
"PASS: ""pinned accepted finite checkpoint {{7, 4, 1}, -1, \"L0\"}"
"PASS: ""exact accepted finite checkpoint identity {{7, 4, 1}, -1, \"L0\"}"
"PASS: ""pinned accepted finite checkpoint {{7, 4, 1}, -1, \"L1\"}"
"PASS: ""exact accepted finite checkpoint identity {{7, 4, 1}, -1, \"L1\"}"
"PASS: ""pinned accepted finite checkpoint {{7, 4, 1}, -1, \"Regular\"}"
"PASS: ""exact accepted finite checkpoint identity {{7, 4, 1}, -1, \"Regular\"}"
"PASS: ""real endpoint branches share a boundary"
"PASS: ""pinned accepted finite checkpoint {{7, 4, 1}, 0, \"Delta\"}"
"PASS: ""exact accepted finite checkpoint identity {{7, 4, 1}, 0, \"Delta\"}"
"PASS: ""pinned accepted finite checkpoint {{7, 4, 1}, 0, \"L0\"}"
"PASS: ""exact accepted finite checkpoint identity {{7, 4, 1}, 0, \"L0\"}"
"PASS: ""pinned accepted finite checkpoint {{7, 4, 1}, 0, \"L1\"}"
"PASS: ""exact accepted finite checkpoint identity {{7, 4, 1}, 0, \"L1\"}"
"PASS: ""pinned accepted finite checkpoint {{7, 4, 1}, 0, \"Regular\"}"
"PASS: ""exact accepted finite checkpoint identity {{7, 4, 1}, 0, \"Regular\"}"
"PASS: ""finite physical component"
"FINITE_COMPONENT_MEMORY "{7, 4, 1}" before "4318946872" after "4318965008
"PASS: ""pinned accepted finite checkpoint {{7, 4, 2}, 1, \"Delta\"}"
"PASS: ""exact accepted finite checkpoint identity {{7, 4, 2}, 1, \"Delta\"}"
"PASS: ""pinned accepted finite checkpoint {{7, 4, 2}, 1, \"L0\"}"
"PASS: ""exact accepted finite checkpoint identity {{7, 4, 2}, 1, \"L0\"}"
"PASS: ""pinned accepted finite checkpoint {{7, 4, 2}, 1, \"L1\"}"
"PASS: ""exact accepted finite checkpoint identity {{7, 4, 2}, 1, \"L1\"}"
"PASS: ""pinned accepted finite checkpoint {{7, 4, 2}, 1, \"Regular\"}"
"PASS: ""exact accepted finite checkpoint identity {{7, 4, 2}, 1, \"Regular\"}"
"PASS: ""pinned accepted finite checkpoint {{7, 4, 2}, -1, \"Delta\"}"
"PASS: ""exact accepted finite checkpoint identity {{7, 4, 2}, -1, \"Delta\"}"
"PASS: ""pinned accepted finite checkpoint {{7, 4, 2}, -1, \"L0\"}"
"PASS: ""exact accepted finite checkpoint identity {{7, 4, 2}, -1, \"L0\"}"
"PASS: ""pinned accepted finite checkpoint {{7, 4, 2}, -1, \"L1\"}"
"PASS: ""exact accepted finite checkpoint identity {{7, 4, 2}, -1, \"L1\"}"
"PASS: ""pinned accepted finite checkpoint {{7, 4, 2}, -1, \"Regular\"}"
"PASS: ""exact accepted finite checkpoint identity {{7, 4, 2}, -1, \"Regular\"}"
"PASS: ""real endpoint branches share a boundary"
"PASS: ""pinned accepted finite checkpoint {{7, 4, 2}, 0, \"Delta\"}"
"PASS: ""exact accepted finite checkpoint identity {{7, 4, 2}, 0, \"Delta\"}"
"PASS: ""pinned accepted finite checkpoint {{7, 4, 2}, 0, \"L0\"}"
"PASS: ""exact accepted finite checkpoint identity {{7, 4, 2}, 0, \"L0\"}"
"PASS: ""pinned accepted finite checkpoint {{7, 4, 2}, 0, \"L1\"}"
"PASS: ""exact accepted finite checkpoint identity {{7, 4, 2}, 0, \"L1\"}"
"PASS: ""pinned accepted finite checkpoint {{7, 4, 2}, 0, \"Regular\"}"
"PASS: ""exact accepted finite checkpoint identity {{7, 4, 2}, 0, \"Regular\"}"
"PASS: ""finite physical component"
"FINITE_COMPONENT_MEMORY "{7, 4, 2}" before "4318964904" after "4318983024
"PASS: ""pinned accepted finite checkpoint {{7, 4, 3}, 1, \"Delta\"}"
"PASS: ""exact accepted finite checkpoint identity {{7, 4, 3}, 1, \"Delta\"}"
"PASS: ""pinned accepted finite checkpoint {{7, 4, 3}, 1, \"L0\"}"
"PASS: ""exact accepted finite checkpoint identity {{7, 4, 3}, 1, \"L0\"}"
"PASS: ""pinned accepted finite checkpoint {{7, 4, 3}, 1, \"L1\"}"
"PASS: ""exact accepted finite checkpoint identity {{7, 4, 3}, 1, \"L1\"}"
"PASS: ""pinned accepted finite checkpoint {{7, 4, 3}, 1, \"Regular\"}"
"PASS: ""exact accepted finite checkpoint identity {{7, 4, 3}, 1, \"Regular\"}"
"PASS: ""pinned accepted finite checkpoint {{7, 4, 3}, -1, \"Delta\"}"
"PASS: ""exact accepted finite checkpoint identity {{7, 4, 3}, -1, \"Delta\"}"
"PASS: ""pinned accepted finite checkpoint {{7, 4, 3}, -1, \"L0\"}"
"PASS: ""exact accepted finite checkpoint identity {{7, 4, 3}, -1, \"L0\"}"
"PASS: ""pinned accepted finite checkpoint {{7, 4, 3}, -1, \"L1\"}"
"PASS: ""exact accepted finite checkpoint identity {{7, 4, 3}, -1, \"L1\"}"
"PASS: ""pinned accepted finite checkpoint {{7, 4, 3}, -1, \"Regular\"}"
"PASS: ""exact accepted finite checkpoint identity {{7, 4, 3}, -1, \"Regular\"}"
"PASS: ""real endpoint branches share a boundary"
"PASS: ""pinned accepted finite checkpoint {{7, 4, 3}, 0, \"Delta\"}"
"PASS: ""exact accepted finite checkpoint identity {{7, 4, 3}, 0, \"Delta\"}"
"PASS: ""pinned accepted finite checkpoint {{7, 4, 3}, 0, \"L0\"}"
"PASS: ""exact accepted finite checkpoint identity {{7, 4, 3}, 0, \"L0\"}"
"PASS: ""pinned accepted finite checkpoint {{7, 4, 3}, 0, \"L1\"}"
"PASS: ""exact accepted finite checkpoint identity {{7, 4, 3}, 0, \"L1\"}"
"PASS: ""pinned accepted finite checkpoint {{7, 4, 3}, 0, \"Regular\"}"
"PASS: ""exact accepted finite checkpoint identity {{7, 4, 3}, 0, \"Regular\"}"
"PASS: ""finite physical component"
"FINITE_COMPONENT_MEMORY "{7, 4, 3}" before "4318982920" after "4327991984
"PASS: ""pinned accepted finite checkpoint {{7, 4, 4}, 1, \"Delta\"}"
"PASS: ""exact accepted finite checkpoint identity {{7, 4, 4}, 1, \"Delta\"}"
"PASS: ""pinned accepted finite checkpoint {{7, 4, 4}, 1, \"L0\"}"
"PASS: ""exact accepted finite checkpoint identity {{7, 4, 4}, 1, \"L0\"}"
"PASS: ""pinned accepted finite checkpoint {{7, 4, 4}, 1, \"L1\"}"
"PASS: ""exact accepted finite checkpoint identity {{7, 4, 4}, 1, \"L1\"}"
"PASS: ""pinned accepted finite checkpoint {{7, 4, 4}, 1, \"Regular\"}"
"PASS: ""exact accepted finite checkpoint identity {{7, 4, 4}, 1, \"Regular\"}"
"PASS: ""pinned accepted finite checkpoint {{7, 4, 4}, -1, \"Delta\"}"
"PASS: ""exact accepted finite checkpoint identity {{7, 4, 4}, -1, \"Delta\"}"
"PASS: ""pinned accepted finite checkpoint {{7, 4, 4}, -1, \"L0\"}"
"PASS: ""exact accepted finite checkpoint identity {{7, 4, 4}, -1, \"L0\"}"
"PASS: ""pinned accepted finite checkpoint {{7, 4, 4}, -1, \"L1\"}"
"PASS: ""exact accepted finite checkpoint identity {{7, 4, 4}, -1, \"L1\"}"
"PASS: ""pinned accepted finite checkpoint {{7, 4, 4}, -1, \"Regular\"}"
"PASS: ""exact accepted finite checkpoint identity {{7, 4, 4}, -1, \"Regular\"}"
"PASS: ""real endpoint branches share a boundary"
"PASS: ""pinned accepted finite checkpoint {{7, 4, 4}, 0, \"Delta\"}"
"PASS: ""exact accepted finite checkpoint identity {{7, 4, 4}, 0, \"Delta\"}"
"PASS: ""pinned accepted finite checkpoint {{7, 4, 4}, 0, \"L0\"}"
"PASS: ""exact accepted finite checkpoint identity {{7, 4, 4}, 0, \"L0\"}"
"PASS: ""pinned accepted finite checkpoint {{7, 4, 4}, 0, \"L1\"}"
"PASS: ""exact accepted finite checkpoint identity {{7, 4, 4}, 0, \"L1\"}"
"PASS: ""pinned accepted finite checkpoint {{7, 4, 4}, 0, \"Regular\"}"
"PASS: ""exact accepted finite checkpoint identity {{7, 4, 4}, 0, \"Regular\"}"
"PASS: ""finite physical component"
"FINITE_COMPONENT_MEMORY "{7, 4, 4}" before "4327991880" after "4328010112
"PASS: ""pinned accepted finite checkpoint {{8, 1, 1}, 1, \"Delta\"}"
"PASS: ""exact accepted finite checkpoint identity {{8, 1, 1}, 1, \"Delta\"}"
"PASS: ""pinned accepted finite checkpoint {{8, 1, 1}, 1, \"L0\"}"
"PASS: ""exact accepted finite checkpoint identity {{8, 1, 1}, 1, \"L0\"}"
"PASS: ""pinned accepted finite checkpoint {{8, 1, 1}, 1, \"L1\"}"
"PASS: ""exact accepted finite checkpoint identity {{8, 1, 1}, 1, \"L1\"}"
"PASS: ""pinned accepted finite checkpoint {{8, 1, 1}, 1, \"Regular\"}"
"PASS: ""exact accepted finite checkpoint identity {{8, 1, 1}, 1, \"Regular\"}"
"PASS: ""pinned accepted finite checkpoint {{8, 1, 1}, -1, \"Delta\"}"
"PASS: ""exact accepted finite checkpoint identity {{8, 1, 1}, -1, \"Delta\"}"
"PASS: ""pinned accepted finite checkpoint {{8, 1, 1}, -1, \"L0\"}"
"PASS: ""exact accepted finite checkpoint identity {{8, 1, 1}, -1, \"L0\"}"
"PASS: ""pinned accepted finite checkpoint {{8, 1, 1}, -1, \"L1\"}"
"PASS: ""exact accepted finite checkpoint identity {{8, 1, 1}, -1, \"L1\"}"
"PASS: ""pinned accepted finite checkpoint {{8, 1, 1}, -1, \"Regular\"}"
"PASS: ""exact accepted finite checkpoint identity {{8, 1, 1}, -1, \"Regular\"}"
"PASS: ""real endpoint branches share a boundary"
"PASS: ""pinned accepted finite checkpoint {{8, 1, 1}, 0, \"Delta\"}"
"PASS: ""exact accepted finite checkpoint identity {{8, 1, 1}, 0, \"Delta\"}"
"PASS: ""pinned accepted finite checkpoint {{8, 1, 1}, 0, \"L0\"}"
"PASS: ""exact accepted finite checkpoint identity {{8, 1, 1}, 0, \"L0\"}"
"PASS: ""pinned accepted finite checkpoint {{8, 1, 1}, 0, \"L1\"}"
"PASS: ""exact accepted finite checkpoint identity {{8, 1, 1}, 0, \"L1\"}"
"PASS: ""pinned accepted finite checkpoint {{8, 1, 1}, 0, \"Regular\"}"
"PASS: ""exact accepted finite checkpoint identity {{8, 1, 1}, 0, \"Regular\"}"
"PASS: ""finite physical component"
"FINITE_COMPONENT_MEMORY "{8, 1, 1}" before "4328010008" after "4328028296
"PASS: ""pinned accepted finite checkpoint {{8, 1, 2}, 1, \"Delta\"}"
"PASS: ""exact accepted finite checkpoint identity {{8, 1, 2}, 1, \"Delta\"}"
"PASS: ""pinned accepted finite checkpoint {{8, 1, 2}, 1, \"L0\"}"
"PASS: ""exact accepted finite checkpoint identity {{8, 1, 2}, 1, \"L0\"}"
"PASS: ""pinned accepted finite checkpoint {{8, 1, 2}, 1, \"L1\"}"
"PASS: ""exact accepted finite checkpoint identity {{8, 1, 2}, 1, \"L1\"}"
"PASS: ""pinned accepted finite checkpoint {{8, 1, 2}, 1, \"Regular\"}"
"PASS: ""exact accepted finite checkpoint identity {{8, 1, 2}, 1, \"Regular\"}"
"PASS: ""pinned accepted finite checkpoint {{8, 1, 2}, -1, \"Delta\"}"
"PASS: ""exact accepted finite checkpoint identity {{8, 1, 2}, -1, \"Delta\"}"
"PASS: ""pinned accepted finite checkpoint {{8, 1, 2}, -1, \"L0\"}"
"PASS: ""exact accepted finite checkpoint identity {{8, 1, 2}, -1, \"L0\"}"
"PASS: ""pinned accepted finite checkpoint {{8, 1, 2}, -1, \"L1\"}"
"PASS: ""exact accepted finite checkpoint identity {{8, 1, 2}, -1, \"L1\"}"
"PASS: ""pinned accepted finite checkpoint {{8, 1, 2}, -1, \"Regular\"}"
"PASS: ""exact accepted finite checkpoint identity {{8, 1, 2}, -1, \"Regular\"}"
"PASS: ""real endpoint branches share a boundary"
"PASS: ""pinned accepted finite checkpoint {{8, 1, 2}, 0, \"Delta\"}"
"PASS: ""exact accepted finite checkpoint identity {{8, 1, 2}, 0, \"Delta\"}"
"PASS: ""pinned accepted finite checkpoint {{8, 1, 2}, 0, \"L0\"}"
"PASS: ""exact accepted finite checkpoint identity {{8, 1, 2}, 0, \"L0\"}"
"PASS: ""pinned accepted finite checkpoint {{8, 1, 2}, 0, \"L1\"}"
"PASS: ""exact accepted finite checkpoint identity {{8, 1, 2}, 0, \"L1\"}"
"PASS: ""pinned accepted finite checkpoint {{8, 1, 2}, 0, \"Regular\"}"
"PASS: ""exact accepted finite checkpoint identity {{8, 1, 2}, 0, \"Regular\"}"
"PASS: ""finite physical component"
"FINITE_COMPONENT_MEMORY "{8, 1, 2}" before "4328028192" after "4328046184
"PASS: ""pinned accepted finite checkpoint {{8, 1, 3}, 1, \"Delta\"}"
"PASS: ""exact accepted finite checkpoint identity {{8, 1, 3}, 1, \"Delta\"}"
"PASS: ""pinned accepted finite checkpoint {{8, 1, 3}, 1, \"L0\"}"
"PASS: ""exact accepted finite checkpoint identity {{8, 1, 3}, 1, \"L0\"}"
"PASS: ""pinned accepted finite checkpoint {{8, 1, 3}, 1, \"L1\"}"
"PASS: ""exact accepted finite checkpoint identity {{8, 1, 3}, 1, \"L1\"}"
"PASS: ""pinned accepted finite checkpoint {{8, 1, 3}, 1, \"Regular\"}"
"PASS: ""exact accepted finite checkpoint identity {{8, 1, 3}, 1, \"Regular\"}"
"PASS: ""pinned accepted finite checkpoint {{8, 1, 3}, -1, \"Delta\"}"
"PASS: ""exact accepted finite checkpoint identity {{8, 1, 3}, -1, \"Delta\"}"
"PASS: ""pinned accepted finite checkpoint {{8, 1, 3}, -1, \"L0\"}"
"PASS: ""exact accepted finite checkpoint identity {{8, 1, 3}, -1, \"L0\"}"
"PASS: ""pinned accepted finite checkpoint {{8, 1, 3}, -1, \"L1\"}"
"PASS: ""exact accepted finite checkpoint identity {{8, 1, 3}, -1, \"L1\"}"
"PASS: ""pinned accepted finite checkpoint {{8, 1, 3}, -1, \"Regular\"}"
"PASS: ""exact accepted finite checkpoint identity {{8, 1, 3}, -1, \"Regular\"}"
"PASS: ""real endpoint branches share a boundary"
"PASS: ""pinned accepted finite checkpoint {{8, 1, 3}, 0, \"Delta\"}"
"PASS: ""exact accepted finite checkpoint identity {{8, 1, 3}, 0, \"Delta\"}"
"PASS: ""pinned accepted finite checkpoint {{8, 1, 3}, 0, \"L0\"}"
"PASS: ""exact accepted finite checkpoint identity {{8, 1, 3}, 0, \"L0\"}"
"PASS: ""pinned accepted finite checkpoint {{8, 1, 3}, 0, \"L1\"}"
"PASS: ""exact accepted finite checkpoint identity {{8, 1, 3}, 0, \"L1\"}"
"PASS: ""pinned accepted finite checkpoint {{8, 1, 3}, 0, \"Regular\"}"
"PASS: ""exact accepted finite checkpoint identity {{8, 1, 3}, 0, \"Regular\"}"
"PASS: ""finite physical component"
"FINITE_COMPONENT_MEMORY "{8, 1, 3}" before "4328046080" after "4328064072
"PASS: ""pinned accepted finite checkpoint {{8, 1, 4}, 1, \"Delta\"}"
"PASS: ""exact accepted finite checkpoint identity {{8, 1, 4}, 1, \"Delta\"}"
"PASS: ""pinned accepted finite checkpoint {{8, 1, 4}, 1, \"L0\"}"
"PASS: ""exact accepted finite checkpoint identity {{8, 1, 4}, 1, \"L0\"}"
"PASS: ""pinned accepted finite checkpoint {{8, 1, 4}, 1, \"L1\"}"
"PASS: ""exact accepted finite checkpoint identity {{8, 1, 4}, 1, \"L1\"}"
"PASS: ""pinned accepted finite checkpoint {{8, 1, 4}, 1, \"Regular\"}"
"PASS: ""exact accepted finite checkpoint identity {{8, 1, 4}, 1, \"Regular\"}"
"PASS: ""pinned accepted finite checkpoint {{8, 1, 4}, -1, \"Delta\"}"
"PASS: ""exact accepted finite checkpoint identity {{8, 1, 4}, -1, \"Delta\"}"
"PASS: ""pinned accepted finite checkpoint {{8, 1, 4}, -1, \"L0\"}"
"PASS: ""exact accepted finite checkpoint identity {{8, 1, 4}, -1, \"L0\"}"
"PASS: ""pinned accepted finite checkpoint {{8, 1, 4}, -1, \"L1\"}"
"PASS: ""exact accepted finite checkpoint identity {{8, 1, 4}, -1, \"L1\"}"
"PASS: ""pinned accepted finite checkpoint {{8, 1, 4}, -1, \"Regular\"}"
"PASS: ""exact accepted finite checkpoint identity {{8, 1, 4}, -1, \"Regular\"}"
"PASS: ""real endpoint branches share a boundary"
"PASS: ""pinned accepted finite checkpoint {{8, 1, 4}, 0, \"Delta\"}"
"PASS: ""exact accepted finite checkpoint identity {{8, 1, 4}, 0, \"Delta\"}"
"PASS: ""pinned accepted finite checkpoint {{8, 1, 4}, 0, \"L0\"}"
"PASS: ""exact accepted finite checkpoint identity {{8, 1, 4}, 0, \"L0\"}"
"PASS: ""pinned accepted finite checkpoint {{8, 1, 4}, 0, \"L1\"}"
"PASS: ""exact accepted finite checkpoint identity {{8, 1, 4}, 0, \"L1\"}"
"PASS: ""pinned accepted finite checkpoint {{8, 1, 4}, 0, \"Regular\"}"
"PASS: ""exact accepted finite checkpoint identity {{8, 1, 4}, 0, \"Regular\"}"
"PASS: ""finite physical component"
"FINITE_COMPONENT_MEMORY "{8, 1, 4}" before "4328063968" after "4336363216
"PASS: ""pinned accepted finite checkpoint {{8, 2, 1}, 1, \"Delta\"}"
"PASS: ""exact accepted finite checkpoint identity {{8, 2, 1}, 1, \"Delta\"}"
"PASS: ""pinned accepted finite checkpoint {{8, 2, 1}, 1, \"L0\"}"
"PASS: ""exact accepted finite checkpoint identity {{8, 2, 1}, 1, \"L0\"}"
"PASS: ""pinned accepted finite checkpoint {{8, 2, 1}, 1, \"L1\"}"
"PASS: ""exact accepted finite checkpoint identity {{8, 2, 1}, 1, \"L1\"}"
"PASS: ""pinned accepted finite checkpoint {{8, 2, 1}, 1, \"Regular\"}"
"PASS: ""exact accepted finite checkpoint identity {{8, 2, 1}, 1, \"Regular\"}"
"PASS: ""pinned accepted finite checkpoint {{8, 2, 1}, -1, \"Delta\"}"
"PASS: ""exact accepted finite checkpoint identity {{8, 2, 1}, -1, \"Delta\"}"
"PASS: ""pinned accepted finite checkpoint {{8, 2, 1}, -1, \"L0\"}"
"PASS: ""exact accepted finite checkpoint identity {{8, 2, 1}, -1, \"L0\"}"
"PASS: ""pinned accepted finite checkpoint {{8, 2, 1}, -1, \"L1\"}"
"PASS: ""exact accepted finite checkpoint identity {{8, 2, 1}, -1, \"L1\"}"
"PASS: ""pinned accepted finite checkpoint {{8, 2, 1}, -1, \"Regular\"}"
"PASS: ""exact accepted finite checkpoint identity {{8, 2, 1}, -1, \"Regular\"}"
"PASS: ""real endpoint branches share a boundary"
"PASS: ""pinned accepted finite checkpoint {{8, 2, 1}, 0, \"Delta\"}"
"PASS: ""exact accepted finite checkpoint identity {{8, 2, 1}, 0, \"Delta\"}"
"PASS: ""pinned accepted finite checkpoint {{8, 2, 1}, 0, \"L0\"}"
"PASS: ""exact accepted finite checkpoint identity {{8, 2, 1}, 0, \"L0\"}"
"PASS: ""pinned accepted finite checkpoint {{8, 2, 1}, 0, \"L1\"}"
"PASS: ""exact accepted finite checkpoint identity {{8, 2, 1}, 0, \"L1\"}"
"PASS: ""pinned accepted finite checkpoint {{8, 2, 1}, 0, \"Regular\"}"
"PASS: ""exact accepted finite checkpoint identity {{8, 2, 1}, 0, \"Regular\"}"
"PASS: ""finite physical component"
"FINITE_COMPONENT_MEMORY "{8, 2, 1}" before "4336363112" after "4336380880
"PASS: ""pinned accepted finite checkpoint {{8, 2, 2}, 1, \"Delta\"}"
"PASS: ""exact accepted finite checkpoint identity {{8, 2, 2}, 1, \"Delta\"}"
"PASS: ""pinned accepted finite checkpoint {{8, 2, 2}, 1, \"L0\"}"
"PASS: ""exact accepted finite checkpoint identity {{8, 2, 2}, 1, \"L0\"}"
"PASS: ""pinned accepted finite checkpoint {{8, 2, 2}, 1, \"L1\"}"
"PASS: ""exact accepted finite checkpoint identity {{8, 2, 2}, 1, \"L1\"}"
"PASS: ""pinned accepted finite checkpoint {{8, 2, 2}, 1, \"Regular\"}"
"PASS: ""exact accepted finite checkpoint identity {{8, 2, 2}, 1, \"Regular\"}"
"PASS: ""pinned accepted finite checkpoint {{8, 2, 2}, -1, \"Delta\"}"
"PASS: ""exact accepted finite checkpoint identity {{8, 2, 2}, -1, \"Delta\"}"
"PASS: ""pinned accepted finite checkpoint {{8, 2, 2}, -1, \"L0\"}"
"PASS: ""exact accepted finite checkpoint identity {{8, 2, 2}, -1, \"L0\"}"
"PASS: ""pinned accepted finite checkpoint {{8, 2, 2}, -1, \"L1\"}"
"PASS: ""exact accepted finite checkpoint identity {{8, 2, 2}, -1, \"L1\"}"
"PASS: ""pinned accepted finite checkpoint {{8, 2, 2}, -1, \"Regular\"}"
"PASS: ""exact accepted finite checkpoint identity {{8, 2, 2}, -1, \"Regular\"}"
"PASS: ""real endpoint branches share a boundary"
"PASS: ""pinned accepted finite checkpoint {{8, 2, 2}, 0, \"Delta\"}"
"PASS: ""exact accepted finite checkpoint identity {{8, 2, 2}, 0, \"Delta\"}"
"PASS: ""pinned accepted finite checkpoint {{8, 2, 2}, 0, \"L0\"}"
"PASS: ""exact accepted finite checkpoint identity {{8, 2, 2}, 0, \"L0\"}"
"PASS: ""pinned accepted finite checkpoint {{8, 2, 2}, 0, \"L1\"}"
"PASS: ""exact accepted finite checkpoint identity {{8, 2, 2}, 0, \"L1\"}"
"PASS: ""pinned accepted finite checkpoint {{8, 2, 2}, 0, \"Regular\"}"
"PASS: ""exact accepted finite checkpoint identity {{8, 2, 2}, 0, \"Regular\"}"
"PASS: ""finite physical component"
"FINITE_COMPONENT_MEMORY "{8, 2, 2}" before "4336380776" after "4336398584
"PASS: ""pinned accepted finite checkpoint {{8, 2, 3}, 1, \"Delta\"}"
"PASS: ""exact accepted finite checkpoint identity {{8, 2, 3}, 1, \"Delta\"}"
"PASS: ""pinned accepted finite checkpoint {{8, 2, 3}, 1, \"L0\"}"
"PASS: ""exact accepted finite checkpoint identity {{8, 2, 3}, 1, \"L0\"}"
"PASS: ""pinned accepted finite checkpoint {{8, 2, 3}, 1, \"L1\"}"
"PASS: ""exact accepted finite checkpoint identity {{8, 2, 3}, 1, \"L1\"}"
"PASS: ""pinned accepted finite checkpoint {{8, 2, 3}, 1, \"Regular\"}"
"PASS: ""exact accepted finite checkpoint identity {{8, 2, 3}, 1, \"Regular\"}"
"PASS: ""pinned accepted finite checkpoint {{8, 2, 3}, -1, \"Delta\"}"
"PASS: ""exact accepted finite checkpoint identity {{8, 2, 3}, -1, \"Delta\"}"
"PASS: ""pinned accepted finite checkpoint {{8, 2, 3}, -1, \"L0\"}"
"PASS: ""exact accepted finite checkpoint identity {{8, 2, 3}, -1, \"L0\"}"
"PASS: ""pinned accepted finite checkpoint {{8, 2, 3}, -1, \"L1\"}"
"PASS: ""exact accepted finite checkpoint identity {{8, 2, 3}, -1, \"L1\"}"
"PASS: ""pinned accepted finite checkpoint {{8, 2, 3}, -1, \"Regular\"}"
"PASS: ""exact accepted finite checkpoint identity {{8, 2, 3}, -1, \"Regular\"}"
"PASS: ""real endpoint branches share a boundary"
"PASS: ""pinned accepted finite checkpoint {{8, 2, 3}, 0, \"Delta\"}"
"PASS: ""exact accepted finite checkpoint identity {{8, 2, 3}, 0, \"Delta\"}"
"PASS: ""pinned accepted finite checkpoint {{8, 2, 3}, 0, \"L0\"}"
"PASS: ""exact accepted finite checkpoint identity {{8, 2, 3}, 0, \"L0\"}"
"PASS: ""pinned accepted finite checkpoint {{8, 2, 3}, 0, \"L1\"}"
"PASS: ""exact accepted finite checkpoint identity {{8, 2, 3}, 0, \"L1\"}"
"PASS: ""pinned accepted finite checkpoint {{8, 2, 3}, 0, \"Regular\"}"
"PASS: ""exact accepted finite checkpoint identity {{8, 2, 3}, 0, \"Regular\"}"
"PASS: ""finite physical component"
"FINITE_COMPONENT_MEMORY "{8, 2, 3}" before "4336398480" after "4336416600
"PASS: ""pinned accepted finite checkpoint {{8, 2, 4}, 1, \"Delta\"}"
"PASS: ""exact accepted finite checkpoint identity {{8, 2, 4}, 1, \"Delta\"}"
"PASS: ""pinned accepted finite checkpoint {{8, 2, 4}, 1, \"L0\"}"
"PASS: ""exact accepted finite checkpoint identity {{8, 2, 4}, 1, \"L0\"}"
"PASS: ""pinned accepted finite checkpoint {{8, 2, 4}, 1, \"L1\"}"
"PASS: ""exact accepted finite checkpoint identity {{8, 2, 4}, 1, \"L1\"}"
"PASS: ""pinned accepted finite checkpoint {{8, 2, 4}, 1, \"Regular\"}"
"PASS: ""exact accepted finite checkpoint identity {{8, 2, 4}, 1, \"Regular\"}"
"PASS: ""pinned accepted finite checkpoint {{8, 2, 4}, -1, \"Delta\"}"
"PASS: ""exact accepted finite checkpoint identity {{8, 2, 4}, -1, \"Delta\"}"
"PASS: ""pinned accepted finite checkpoint {{8, 2, 4}, -1, \"L0\"}"
"PASS: ""exact accepted finite checkpoint identity {{8, 2, 4}, -1, \"L0\"}"
"PASS: ""pinned accepted finite checkpoint {{8, 2, 4}, -1, \"L1\"}"
"PASS: ""exact accepted finite checkpoint identity {{8, 2, 4}, -1, \"L1\"}"
"PASS: ""pinned accepted finite checkpoint {{8, 2, 4}, -1, \"Regular\"}"
"PASS: ""exact accepted finite checkpoint identity {{8, 2, 4}, -1, \"Regular\"}"
"PASS: ""real endpoint branches share a boundary"
"PASS: ""pinned accepted finite checkpoint {{8, 2, 4}, 0, \"Delta\"}"
"PASS: ""exact accepted finite checkpoint identity {{8, 2, 4}, 0, \"Delta\"}"
"PASS: ""pinned accepted finite checkpoint {{8, 2, 4}, 0, \"L0\"}"
"PASS: ""exact accepted finite checkpoint identity {{8, 2, 4}, 0, \"L0\"}"
"PASS: ""pinned accepted finite checkpoint {{8, 2, 4}, 0, \"L1\"}"
"PASS: ""exact accepted finite checkpoint identity {{8, 2, 4}, 0, \"L1\"}"
"PASS: ""pinned accepted finite checkpoint {{8, 2, 4}, 0, \"Regular\"}"
"PASS: ""exact accepted finite checkpoint identity {{8, 2, 4}, 0, \"Regular\"}"
"PASS: ""finite physical component"
"FINITE_COMPONENT_MEMORY "{8, 2, 4}" before "4336416496" after "4341325480
"PASS: ""pinned accepted finite checkpoint {{8, 3, 1}, 1, \"Delta\"}"
"PASS: ""exact accepted finite checkpoint identity {{8, 3, 1}, 1, \"Delta\"}"
"PASS: ""pinned accepted finite checkpoint {{8, 3, 1}, 1, \"L0\"}"
"PASS: ""exact accepted finite checkpoint identity {{8, 3, 1}, 1, \"L0\"}"
"PASS: ""pinned accepted finite checkpoint {{8, 3, 1}, 1, \"L1\"}"
"PASS: ""exact accepted finite checkpoint identity {{8, 3, 1}, 1, \"L1\"}"
"PASS: ""pinned accepted finite checkpoint {{8, 3, 1}, 1, \"Regular\"}"
"PASS: ""exact accepted finite checkpoint identity {{8, 3, 1}, 1, \"Regular\"}"
"PASS: ""pinned accepted finite checkpoint {{8, 3, 1}, -1, \"Delta\"}"
"PASS: ""exact accepted finite checkpoint identity {{8, 3, 1}, -1, \"Delta\"}"
"PASS: ""pinned accepted finite checkpoint {{8, 3, 1}, -1, \"L0\"}"
"PASS: ""exact accepted finite checkpoint identity {{8, 3, 1}, -1, \"L0\"}"
"PASS: ""pinned accepted finite checkpoint {{8, 3, 1}, -1, \"L1\"}"
"PASS: ""exact accepted finite checkpoint identity {{8, 3, 1}, -1, \"L1\"}"
"PASS: ""pinned accepted finite checkpoint {{8, 3, 1}, -1, \"Regular\"}"
"PASS: ""exact accepted finite checkpoint identity {{8, 3, 1}, -1, \"Regular\"}"
"PASS: ""real endpoint branches share a boundary"
"PASS: ""pinned accepted finite checkpoint {{8, 3, 1}, 0, \"Delta\"}"
"PASS: ""exact accepted finite checkpoint identity {{8, 3, 1}, 0, \"Delta\"}"
"PASS: ""pinned accepted finite checkpoint {{8, 3, 1}, 0, \"L0\"}"
"PASS: ""exact accepted finite checkpoint identity {{8, 3, 1}, 0, \"L0\"}"
"PASS: ""pinned accepted finite checkpoint {{8, 3, 1}, 0, \"L1\"}"
"PASS: ""exact accepted finite checkpoint identity {{8, 3, 1}, 0, \"L1\"}"
"PASS: ""pinned accepted finite checkpoint {{8, 3, 1}, 0, \"Regular\"}"
"PASS: ""exact accepted finite checkpoint identity {{8, 3, 1}, 0, \"Regular\"}"
"PASS: ""finite physical component"
"FINITE_COMPONENT_MEMORY "{8, 3, 1}" before "4341325376" after "4341343608
"PASS: ""pinned accepted finite checkpoint {{8, 3, 2}, 1, \"Delta\"}"
"PASS: ""exact accepted finite checkpoint identity {{8, 3, 2}, 1, \"Delta\"}"
"PASS: ""pinned accepted finite checkpoint {{8, 3, 2}, 1, \"L0\"}"
"PASS: ""exact accepted finite checkpoint identity {{8, 3, 2}, 1, \"L0\"}"
"PASS: ""pinned accepted finite checkpoint {{8, 3, 2}, 1, \"L1\"}"
"PASS: ""exact accepted finite checkpoint identity {{8, 3, 2}, 1, \"L1\"}"
"PASS: ""pinned accepted finite checkpoint {{8, 3, 2}, 1, \"Regular\"}"
"PASS: ""exact accepted finite checkpoint identity {{8, 3, 2}, 1, \"Regular\"}"
"PASS: ""pinned accepted finite checkpoint {{8, 3, 2}, -1, \"Delta\"}"
"PASS: ""exact accepted finite checkpoint identity {{8, 3, 2}, -1, \"Delta\"}"
"PASS: ""pinned accepted finite checkpoint {{8, 3, 2}, -1, \"L0\"}"
"PASS: ""exact accepted finite checkpoint identity {{8, 3, 2}, -1, \"L0\"}"
"PASS: ""pinned accepted finite checkpoint {{8, 3, 2}, -1, \"L1\"}"
"PASS: ""exact accepted finite checkpoint identity {{8, 3, 2}, -1, \"L1\"}"
"PASS: ""pinned accepted finite checkpoint {{8, 3, 2}, -1, \"Regular\"}"
"PASS: ""exact accepted finite checkpoint identity {{8, 3, 2}, -1, \"Regular\"}"
"PASS: ""real endpoint branches share a boundary"
"PASS: ""pinned accepted finite checkpoint {{8, 3, 2}, 0, \"Delta\"}"
"PASS: ""exact accepted finite checkpoint identity {{8, 3, 2}, 0, \"Delta\"}"
"PASS: ""pinned accepted finite checkpoint {{8, 3, 2}, 0, \"L0\"}"
"PASS: ""exact accepted finite checkpoint identity {{8, 3, 2}, 0, \"L0\"}"
"PASS: ""pinned accepted finite checkpoint {{8, 3, 2}, 0, \"L1\"}"
"PASS: ""exact accepted finite checkpoint identity {{8, 3, 2}, 0, \"L1\"}"
"PASS: ""pinned accepted finite checkpoint {{8, 3, 2}, 0, \"Regular\"}"
"PASS: ""exact accepted finite checkpoint identity {{8, 3, 2}, 0, \"Regular\"}"
"PASS: ""finite physical component"
"FINITE_COMPONENT_MEMORY "{8, 3, 2}" before "4341343504" after "4341361368
"PASS: ""pinned accepted finite checkpoint {{8, 3, 3}, 1, \"Delta\"}"
"PASS: ""exact accepted finite checkpoint identity {{8, 3, 3}, 1, \"Delta\"}"
"PASS: ""pinned accepted finite checkpoint {{8, 3, 3}, 1, \"L0\"}"
"PASS: ""exact accepted finite checkpoint identity {{8, 3, 3}, 1, \"L0\"}"
"PASS: ""pinned accepted finite checkpoint {{8, 3, 3}, 1, \"L1\"}"
"PASS: ""exact accepted finite checkpoint identity {{8, 3, 3}, 1, \"L1\"}"
"PASS: ""pinned accepted finite checkpoint {{8, 3, 3}, 1, \"Regular\"}"
"PASS: ""exact accepted finite checkpoint identity {{8, 3, 3}, 1, \"Regular\"}"
"PASS: ""pinned accepted finite checkpoint {{8, 3, 3}, -1, \"Delta\"}"
"PASS: ""exact accepted finite checkpoint identity {{8, 3, 3}, -1, \"Delta\"}"
"PASS: ""pinned accepted finite checkpoint {{8, 3, 3}, -1, \"L0\"}"
"PASS: ""exact accepted finite checkpoint identity {{8, 3, 3}, -1, \"L0\"}"
"PASS: ""pinned accepted finite checkpoint {{8, 3, 3}, -1, \"L1\"}"
"PASS: ""exact accepted finite checkpoint identity {{8, 3, 3}, -1, \"L1\"}"
"PASS: ""pinned accepted finite checkpoint {{8, 3, 3}, -1, \"Regular\"}"
"PASS: ""exact accepted finite checkpoint identity {{8, 3, 3}, -1, \"Regular\"}"
"PASS: ""real endpoint branches share a boundary"
"PASS: ""pinned accepted finite checkpoint {{8, 3, 3}, 0, \"Delta\"}"
"PASS: ""exact accepted finite checkpoint identity {{8, 3, 3}, 0, \"Delta\"}"
"PASS: ""pinned accepted finite checkpoint {{8, 3, 3}, 0, \"L0\"}"
"PASS: ""exact accepted finite checkpoint identity {{8, 3, 3}, 0, \"L0\"}"
"PASS: ""pinned accepted finite checkpoint {{8, 3, 3}, 0, \"L1\"}"
"PASS: ""exact accepted finite checkpoint identity {{8, 3, 3}, 0, \"L1\"}"
"PASS: ""pinned accepted finite checkpoint {{8, 3, 3}, 0, \"Regular\"}"
"PASS: ""exact accepted finite checkpoint identity {{8, 3, 3}, 0, \"Regular\"}"
"PASS: ""finite physical component"
"FINITE_COMPONENT_MEMORY "{8, 3, 3}" before "4341361264" after "4341379384
"PASS: ""pinned accepted finite checkpoint {{8, 3, 4}, 1, \"Delta\"}"
"PASS: ""exact accepted finite checkpoint identity {{8, 3, 4}, 1, \"Delta\"}"
"PASS: ""pinned accepted finite checkpoint {{8, 3, 4}, 1, \"L0\"}"
"PASS: ""exact accepted finite checkpoint identity {{8, 3, 4}, 1, \"L0\"}"
"PASS: ""pinned accepted finite checkpoint {{8, 3, 4}, 1, \"L1\"}"
"PASS: ""exact accepted finite checkpoint identity {{8, 3, 4}, 1, \"L1\"}"
"PASS: ""pinned accepted finite checkpoint {{8, 3, 4}, 1, \"Regular\"}"
"PASS: ""exact accepted finite checkpoint identity {{8, 3, 4}, 1, \"Regular\"}"
"PASS: ""pinned accepted finite checkpoint {{8, 3, 4}, -1, \"Delta\"}"
"PASS: ""exact accepted finite checkpoint identity {{8, 3, 4}, -1, \"Delta\"}"
"PASS: ""pinned accepted finite checkpoint {{8, 3, 4}, -1, \"L0\"}"
"PASS: ""exact accepted finite checkpoint identity {{8, 3, 4}, -1, \"L0\"}"
"PASS: ""pinned accepted finite checkpoint {{8, 3, 4}, -1, \"L1\"}"
"PASS: ""exact accepted finite checkpoint identity {{8, 3, 4}, -1, \"L1\"}"
"PASS: ""pinned accepted finite checkpoint {{8, 3, 4}, -1, \"Regular\"}"
"PASS: ""exact accepted finite checkpoint identity {{8, 3, 4}, -1, \"Regular\"}"
"PASS: ""real endpoint branches share a boundary"
"PASS: ""pinned accepted finite checkpoint {{8, 3, 4}, 0, \"Delta\"}"
"PASS: ""exact accepted finite checkpoint identity {{8, 3, 4}, 0, \"Delta\"}"
"PASS: ""pinned accepted finite checkpoint {{8, 3, 4}, 0, \"L0\"}"
"PASS: ""exact accepted finite checkpoint identity {{8, 3, 4}, 0, \"L0\"}"
"PASS: ""pinned accepted finite checkpoint {{8, 3, 4}, 0, \"L1\"}"
"PASS: ""exact accepted finite checkpoint identity {{8, 3, 4}, 0, \"L1\"}"
"PASS: ""pinned accepted finite checkpoint {{8, 3, 4}, 0, \"Regular\"}"
"PASS: ""exact accepted finite checkpoint identity {{8, 3, 4}, 0, \"Regular\"}"
"PASS: ""finite physical component"
"FINITE_COMPONENT_MEMORY "{8, 3, 4}" before "4341379280" after "4341397312
"PASS: ""pinned accepted finite checkpoint {{8, 4, 1}, 1, \"Delta\"}"
"PASS: ""exact accepted finite checkpoint identity {{8, 4, 1}, 1, \"Delta\"}"
"PASS: ""pinned accepted finite checkpoint {{8, 4, 1}, 1, \"L0\"}"
"PASS: ""exact accepted finite checkpoint identity {{8, 4, 1}, 1, \"L0\"}"
"PASS: ""pinned accepted finite checkpoint {{8, 4, 1}, 1, \"L1\"}"
"PASS: ""exact accepted finite checkpoint identity {{8, 4, 1}, 1, \"L1\"}"
"PASS: ""pinned accepted finite checkpoint {{8, 4, 1}, 1, \"Regular\"}"
"PASS: ""exact accepted finite checkpoint identity {{8, 4, 1}, 1, \"Regular\"}"
"PASS: ""pinned accepted finite checkpoint {{8, 4, 1}, -1, \"Delta\"}"
"PASS: ""exact accepted finite checkpoint identity {{8, 4, 1}, -1, \"Delta\"}"
"PASS: ""pinned accepted finite checkpoint {{8, 4, 1}, -1, \"L0\"}"
"PASS: ""exact accepted finite checkpoint identity {{8, 4, 1}, -1, \"L0\"}"
"PASS: ""pinned accepted finite checkpoint {{8, 4, 1}, -1, \"L1\"}"
"PASS: ""exact accepted finite checkpoint identity {{8, 4, 1}, -1, \"L1\"}"
"PASS: ""pinned accepted finite checkpoint {{8, 4, 1}, -1, \"Regular\"}"
"PASS: ""exact accepted finite checkpoint identity {{8, 4, 1}, -1, \"Regular\"}"
"PASS: ""real endpoint branches share a boundary"
"PASS: ""pinned accepted finite checkpoint {{8, 4, 1}, 0, \"Delta\"}"
"PASS: ""exact accepted finite checkpoint identity {{8, 4, 1}, 0, \"Delta\"}"
"PASS: ""pinned accepted finite checkpoint {{8, 4, 1}, 0, \"L0\"}"
"PASS: ""exact accepted finite checkpoint identity {{8, 4, 1}, 0, \"L0\"}"
"PASS: ""pinned accepted finite checkpoint {{8, 4, 1}, 0, \"L1\"}"
"PASS: ""exact accepted finite checkpoint identity {{8, 4, 1}, 0, \"L1\"}"
"PASS: ""pinned accepted finite checkpoint {{8, 4, 1}, 0, \"Regular\"}"
"PASS: ""exact accepted finite checkpoint identity {{8, 4, 1}, 0, \"Regular\"}"
"PASS: ""finite physical component"
"FINITE_COMPONENT_MEMORY "{8, 4, 1}" before "4341397208" after "4349543864
"PASS: ""pinned accepted finite checkpoint {{8, 4, 2}, 1, \"Delta\"}"
"PASS: ""exact accepted finite checkpoint identity {{8, 4, 2}, 1, \"Delta\"}"
"PASS: ""pinned accepted finite checkpoint {{8, 4, 2}, 1, \"L0\"}"
"PASS: ""exact accepted finite checkpoint identity {{8, 4, 2}, 1, \"L0\"}"
"PASS: ""pinned accepted finite checkpoint {{8, 4, 2}, 1, \"L1\"}"
"PASS: ""exact accepted finite checkpoint identity {{8, 4, 2}, 1, \"L1\"}"
"PASS: ""pinned accepted finite checkpoint {{8, 4, 2}, 1, \"Regular\"}"
"PASS: ""exact accepted finite checkpoint identity {{8, 4, 2}, 1, \"Regular\"}"
"PASS: ""pinned accepted finite checkpoint {{8, 4, 2}, -1, \"Delta\"}"
"PASS: ""exact accepted finite checkpoint identity {{8, 4, 2}, -1, \"Delta\"}"
"PASS: ""pinned accepted finite checkpoint {{8, 4, 2}, -1, \"L0\"}"
"PASS: ""exact accepted finite checkpoint identity {{8, 4, 2}, -1, \"L0\"}"
"PASS: ""pinned accepted finite checkpoint {{8, 4, 2}, -1, \"L1\"}"
"PASS: ""exact accepted finite checkpoint identity {{8, 4, 2}, -1, \"L1\"}"
"PASS: ""pinned accepted finite checkpoint {{8, 4, 2}, -1, \"Regular\"}"
"PASS: ""exact accepted finite checkpoint identity {{8, 4, 2}, -1, \"Regular\"}"
"PASS: ""real endpoint branches share a boundary"
"PASS: ""pinned accepted finite checkpoint {{8, 4, 2}, 0, \"Delta\"}"
"PASS: ""exact accepted finite checkpoint identity {{8, 4, 2}, 0, \"Delta\"}"
"PASS: ""pinned accepted finite checkpoint {{8, 4, 2}, 0, \"L0\"}"
"PASS: ""exact accepted finite checkpoint identity {{8, 4, 2}, 0, \"L0\"}"
"PASS: ""pinned accepted finite checkpoint {{8, 4, 2}, 0, \"L1\"}"
"PASS: ""exact accepted finite checkpoint identity {{8, 4, 2}, 0, \"L1\"}"
"PASS: ""pinned accepted finite checkpoint {{8, 4, 2}, 0, \"Regular\"}"
"PASS: ""exact accepted finite checkpoint identity {{8, 4, 2}, 0, \"Regular\"}"
"PASS: ""finite physical component"
"FINITE_COMPONENT_MEMORY "{8, 4, 2}" before "4349543760" after "4354673552
"PASS: ""pinned accepted finite checkpoint {{8, 4, 3}, 1, \"Delta\"}"
"PASS: ""exact accepted finite checkpoint identity {{8, 4, 3}, 1, \"Delta\"}"
"PASS: ""pinned accepted finite checkpoint {{8, 4, 3}, 1, \"L0\"}"
"PASS: ""exact accepted finite checkpoint identity {{8, 4, 3}, 1, \"L0\"}"
"PASS: ""pinned accepted finite checkpoint {{8, 4, 3}, 1, \"L1\"}"
"PASS: ""exact accepted finite checkpoint identity {{8, 4, 3}, 1, \"L1\"}"
"PASS: ""pinned accepted finite checkpoint {{8, 4, 3}, 1, \"Regular\"}"
"PASS: ""exact accepted finite checkpoint identity {{8, 4, 3}, 1, \"Regular\"}"
"PASS: ""pinned accepted finite checkpoint {{8, 4, 3}, -1, \"Delta\"}"
"PASS: ""exact accepted finite checkpoint identity {{8, 4, 3}, -1, \"Delta\"}"
"PASS: ""pinned accepted finite checkpoint {{8, 4, 3}, -1, \"L0\"}"
"PASS: ""exact accepted finite checkpoint identity {{8, 4, 3}, -1, \"L0\"}"
"PASS: ""pinned accepted finite checkpoint {{8, 4, 3}, -1, \"L1\"}"
"PASS: ""exact accepted finite checkpoint identity {{8, 4, 3}, -1, \"L1\"}"
"PASS: ""pinned accepted finite checkpoint {{8, 4, 3}, -1, \"Regular\"}"
"PASS: ""exact accepted finite checkpoint identity {{8, 4, 3}, -1, \"Regular\"}"
"PASS: ""real endpoint branches share a boundary"
"PASS: ""pinned accepted finite checkpoint {{8, 4, 3}, 0, \"Delta\"}"
"PASS: ""exact accepted finite checkpoint identity {{8, 4, 3}, 0, \"Delta\"}"
"PASS: ""pinned accepted finite checkpoint {{8, 4, 3}, 0, \"L0\"}"
"PASS: ""exact accepted finite checkpoint identity {{8, 4, 3}, 0, \"L0\"}"
"PASS: ""pinned accepted finite checkpoint {{8, 4, 3}, 0, \"L1\"}"
"PASS: ""exact accepted finite checkpoint identity {{8, 4, 3}, 0, \"L1\"}"
"PASS: ""pinned accepted finite checkpoint {{8, 4, 3}, 0, \"Regular\"}"
"PASS: ""exact accepted finite checkpoint identity {{8, 4, 3}, 0, \"Regular\"}"
"PASS: ""finite physical component"
"FINITE_COMPONENT_MEMORY "{8, 4, 3}" before "4354673448" after "4354691296
"PASS: ""pinned accepted finite checkpoint {{8, 4, 4}, 1, \"Delta\"}"
"PASS: ""exact accepted finite checkpoint identity {{8, 4, 4}, 1, \"Delta\"}"
"PASS: ""pinned accepted finite checkpoint {{8, 4, 4}, 1, \"L0\"}"
"PASS: ""exact accepted finite checkpoint identity {{8, 4, 4}, 1, \"L0\"}"
"PASS: ""pinned accepted finite checkpoint {{8, 4, 4}, 1, \"L1\"}"
"PASS: ""exact accepted finite checkpoint identity {{8, 4, 4}, 1, \"L1\"}"
"PASS: ""pinned accepted finite checkpoint {{8, 4, 4}, 1, \"Regular\"}"
"PASS: ""exact accepted finite checkpoint identity {{8, 4, 4}, 1, \"Regular\"}"
"PASS: ""pinned accepted finite checkpoint {{8, 4, 4}, -1, \"Delta\"}"
"PASS: ""exact accepted finite checkpoint identity {{8, 4, 4}, -1, \"Delta\"}"
"PASS: ""pinned accepted finite checkpoint {{8, 4, 4}, -1, \"L0\"}"
"PASS: ""exact accepted finite checkpoint identity {{8, 4, 4}, -1, \"L0\"}"
"PASS: ""pinned accepted finite checkpoint {{8, 4, 4}, -1, \"L1\"}"
"PASS: ""exact accepted finite checkpoint identity {{8, 4, 4}, -1, \"L1\"}"
"PASS: ""pinned accepted finite checkpoint {{8, 4, 4}, -1, \"Regular\"}"
"PASS: ""exact accepted finite checkpoint identity {{8, 4, 4}, -1, \"Regular\"}"
"PASS: ""real endpoint branches share a boundary"
"PASS: ""pinned accepted finite checkpoint {{8, 4, 4}, 0, \"Delta\"}"
"PASS: ""exact accepted finite checkpoint identity {{8, 4, 4}, 0, \"Delta\"}"
"PASS: ""pinned accepted finite checkpoint {{8, 4, 4}, 0, \"L0\"}"
"PASS: ""exact accepted finite checkpoint identity {{8, 4, 4}, 0, \"L0\"}"
"PASS: ""pinned accepted finite checkpoint {{8, 4, 4}, 0, \"L1\"}"
"PASS: ""exact accepted finite checkpoint identity {{8, 4, 4}, 0, \"L1\"}"
"PASS: ""pinned accepted finite checkpoint {{8, 4, 4}, 0, \"Regular\"}"
"PASS: ""exact accepted finite checkpoint identity {{8, 4, 4}, 0, \"Regular\"}"
"PASS: ""finite physical component"
"FINITE_COMPONENT_MEMORY "{8, 4, 4}" before "4354691192" after "4354709408
"PASS: ""pinned accepted finite checkpoint {{9, 1, 1}, 1, \"Delta\"}"
"PASS: ""exact accepted finite checkpoint identity {{9, 1, 1}, 1, \"Delta\"}"
"PASS: ""pinned accepted finite checkpoint {{9, 1, 1}, 1, \"L0\"}"
"PASS: ""exact accepted finite checkpoint identity {{9, 1, 1}, 1, \"L0\"}"
"PASS: ""pinned accepted finite checkpoint {{9, 1, 1}, 1, \"L1\"}"
"PASS: ""exact accepted finite checkpoint identity {{9, 1, 1}, 1, \"L1\"}"
"PASS: ""pinned accepted finite checkpoint {{9, 1, 1}, 1, \"Regular\"}"
"PASS: ""exact accepted finite checkpoint identity {{9, 1, 1}, 1, \"Regular\"}"
"PASS: ""pinned accepted finite checkpoint {{9, 1, 1}, -1, \"Delta\"}"
"PASS: ""exact accepted finite checkpoint identity {{9, 1, 1}, -1, \"Delta\"}"
"PASS: ""pinned accepted finite checkpoint {{9, 1, 1}, -1, \"L0\"}"
"PASS: ""exact accepted finite checkpoint identity {{9, 1, 1}, -1, \"L0\"}"
"PASS: ""pinned accepted finite checkpoint {{9, 1, 1}, -1, \"L1\"}"
"PASS: ""exact accepted finite checkpoint identity {{9, 1, 1}, -1, \"L1\"}"
"PASS: ""pinned accepted finite checkpoint {{9, 1, 1}, -1, \"Regular\"}"
"PASS: ""exact accepted finite checkpoint identity {{9, 1, 1}, -1, \"Regular\"}"
"PASS: ""real endpoint branches share a boundary"
"PASS: ""pinned accepted finite checkpoint {{9, 1, 1}, 0, \"Delta\"}"
"PASS: ""exact accepted finite checkpoint identity {{9, 1, 1}, 0, \"Delta\"}"
"PASS: ""pinned accepted finite checkpoint {{9, 1, 1}, 0, \"L0\"}"
"PASS: ""exact accepted finite checkpoint identity {{9, 1, 1}, 0, \"L0\"}"
"PASS: ""pinned accepted finite checkpoint {{9, 1, 1}, 0, \"L1\"}"
"PASS: ""exact accepted finite checkpoint identity {{9, 1, 1}, 0, \"L1\"}"
"PASS: ""pinned accepted finite checkpoint {{9, 1, 1}, 0, \"Regular\"}"
"PASS: ""exact accepted finite checkpoint identity {{9, 1, 1}, 0, \"Regular\"}"
"PASS: ""finite physical component"
"FINITE_COMPONENT_MEMORY "{9, 1, 1}" before "4354709304" after "4354727200
"PASS: ""pinned accepted finite checkpoint {{9, 1, 2}, 1, \"Delta\"}"
"PASS: ""exact accepted finite checkpoint identity {{9, 1, 2}, 1, \"Delta\"}"
"PASS: ""pinned accepted finite checkpoint {{9, 1, 2}, 1, \"L0\"}"
"PASS: ""exact accepted finite checkpoint identity {{9, 1, 2}, 1, \"L0\"}"
"PASS: ""pinned accepted finite checkpoint {{9, 1, 2}, 1, \"L1\"}"
"PASS: ""exact accepted finite checkpoint identity {{9, 1, 2}, 1, \"L1\"}"
"PASS: ""pinned accepted finite checkpoint {{9, 1, 2}, 1, \"Regular\"}"
"PASS: ""exact accepted finite checkpoint identity {{9, 1, 2}, 1, \"Regular\"}"
"PASS: ""pinned accepted finite checkpoint {{9, 1, 2}, -1, \"Delta\"}"
"PASS: ""exact accepted finite checkpoint identity {{9, 1, 2}, -1, \"Delta\"}"
"PASS: ""pinned accepted finite checkpoint {{9, 1, 2}, -1, \"L0\"}"
"PASS: ""exact accepted finite checkpoint identity {{9, 1, 2}, -1, \"L0\"}"
"PASS: ""pinned accepted finite checkpoint {{9, 1, 2}, -1, \"L1\"}"
"PASS: ""exact accepted finite checkpoint identity {{9, 1, 2}, -1, \"L1\"}"
"PASS: ""pinned accepted finite checkpoint {{9, 1, 2}, -1, \"Regular\"}"
"PASS: ""exact accepted finite checkpoint identity {{9, 1, 2}, -1, \"Regular\"}"
"PASS: ""real endpoint branches share a boundary"
"PASS: ""pinned accepted finite checkpoint {{9, 1, 2}, 0, \"Delta\"}"
"PASS: ""exact accepted finite checkpoint identity {{9, 1, 2}, 0, \"Delta\"}"
"PASS: ""pinned accepted finite checkpoint {{9, 1, 2}, 0, \"L0\"}"
"PASS: ""exact accepted finite checkpoint identity {{9, 1, 2}, 0, \"L0\"}"
"PASS: ""pinned accepted finite checkpoint {{9, 1, 2}, 0, \"L1\"}"
"PASS: ""exact accepted finite checkpoint identity {{9, 1, 2}, 0, \"L1\"}"
"PASS: ""pinned accepted finite checkpoint {{9, 1, 2}, 0, \"Regular\"}"
"PASS: ""exact accepted finite checkpoint identity {{9, 1, 2}, 0, \"Regular\"}"
"PASS: ""finite physical component"
"FINITE_COMPONENT_MEMORY "{9, 1, 2}" before "4354727096" after "4354745128
"PASS: ""pinned accepted finite checkpoint {{9, 1, 3}, 1, \"Delta\"}"
"PASS: ""exact accepted finite checkpoint identity {{9, 1, 3}, 1, \"Delta\"}"
"PASS: ""pinned accepted finite checkpoint {{9, 1, 3}, 1, \"L0\"}"
"PASS: ""exact accepted finite checkpoint identity {{9, 1, 3}, 1, \"L0\"}"
"PASS: ""pinned accepted finite checkpoint {{9, 1, 3}, 1, \"L1\"}"
"PASS: ""exact accepted finite checkpoint identity {{9, 1, 3}, 1, \"L1\"}"
"PASS: ""pinned accepted finite checkpoint {{9, 1, 3}, 1, \"Regular\"}"
"PASS: ""exact accepted finite checkpoint identity {{9, 1, 3}, 1, \"Regular\"}"
"PASS: ""pinned accepted finite checkpoint {{9, 1, 3}, -1, \"Delta\"}"
"PASS: ""exact accepted finite checkpoint identity {{9, 1, 3}, -1, \"Delta\"}"
"PASS: ""pinned accepted finite checkpoint {{9, 1, 3}, -1, \"L0\"}"
"PASS: ""exact accepted finite checkpoint identity {{9, 1, 3}, -1, \"L0\"}"
"PASS: ""pinned accepted finite checkpoint {{9, 1, 3}, -1, \"L1\"}"
"PASS: ""exact accepted finite checkpoint identity {{9, 1, 3}, -1, \"L1\"}"
"PASS: ""pinned accepted finite checkpoint {{9, 1, 3}, -1, \"Regular\"}"
"PASS: ""exact accepted finite checkpoint identity {{9, 1, 3}, -1, \"Regular\"}"
"PASS: ""real endpoint branches share a boundary"
"PASS: ""pinned accepted finite checkpoint {{9, 1, 3}, 0, \"Delta\"}"
"PASS: ""exact accepted finite checkpoint identity {{9, 1, 3}, 0, \"Delta\"}"
"PASS: ""pinned accepted finite checkpoint {{9, 1, 3}, 0, \"L0\"}"
"PASS: ""exact accepted finite checkpoint identity {{9, 1, 3}, 0, \"L0\"}"
"PASS: ""pinned accepted finite checkpoint {{9, 1, 3}, 0, \"L1\"}"
"PASS: ""exact accepted finite checkpoint identity {{9, 1, 3}, 0, \"L1\"}"
"PASS: ""pinned accepted finite checkpoint {{9, 1, 3}, 0, \"Regular\"}"
"PASS: ""exact accepted finite checkpoint identity {{9, 1, 3}, 0, \"Regular\"}"
"PASS: ""finite physical component"
"FINITE_COMPONENT_MEMORY "{9, 1, 3}" before "4354745024" after "4354762832
"PASS: ""pinned accepted finite checkpoint {{9, 1, 4}, 1, \"Delta\"}"
"PASS: ""exact accepted finite checkpoint identity {{9, 1, 4}, 1, \"Delta\"}"
"PASS: ""pinned accepted finite checkpoint {{9, 1, 4}, 1, \"L0\"}"
"PASS: ""exact accepted finite checkpoint identity {{9, 1, 4}, 1, \"L0\"}"
"PASS: ""pinned accepted finite checkpoint {{9, 1, 4}, 1, \"L1\"}"
"PASS: ""exact accepted finite checkpoint identity {{9, 1, 4}, 1, \"L1\"}"
"PASS: ""pinned accepted finite checkpoint {{9, 1, 4}, 1, \"Regular\"}"
"PASS: ""exact accepted finite checkpoint identity {{9, 1, 4}, 1, \"Regular\"}"
"PASS: ""pinned accepted finite checkpoint {{9, 1, 4}, -1, \"Delta\"}"
"PASS: ""exact accepted finite checkpoint identity {{9, 1, 4}, -1, \"Delta\"}"
"PASS: ""pinned accepted finite checkpoint {{9, 1, 4}, -1, \"L0\"}"
"PASS: ""exact accepted finite checkpoint identity {{9, 1, 4}, -1, \"L0\"}"
"PASS: ""pinned accepted finite checkpoint {{9, 1, 4}, -1, \"L1\"}"
"PASS: ""exact accepted finite checkpoint identity {{9, 1, 4}, -1, \"L1\"}"
"PASS: ""pinned accepted finite checkpoint {{9, 1, 4}, -1, \"Regular\"}"
"PASS: ""exact accepted finite checkpoint identity {{9, 1, 4}, -1, \"Regular\"}"
"PASS: ""real endpoint branches share a boundary"
"PASS: ""pinned accepted finite checkpoint {{9, 1, 4}, 0, \"Delta\"}"
"PASS: ""exact accepted finite checkpoint identity {{9, 1, 4}, 0, \"Delta\"}"
"PASS: ""pinned accepted finite checkpoint {{9, 1, 4}, 0, \"L0\"}"
"PASS: ""exact accepted finite checkpoint identity {{9, 1, 4}, 0, \"L0\"}"
"PASS: ""pinned accepted finite checkpoint {{9, 1, 4}, 0, \"L1\"}"
"PASS: ""exact accepted finite checkpoint identity {{9, 1, 4}, 0, \"L1\"}"
"PASS: ""pinned accepted finite checkpoint {{9, 1, 4}, 0, \"Regular\"}"
"PASS: ""exact accepted finite checkpoint identity {{9, 1, 4}, 0, \"Regular\"}"
"PASS: ""finite physical component"
"FINITE_COMPONENT_MEMORY "{9, 1, 4}" before "4354762728" after "4358760240
"PASS: ""pinned accepted finite checkpoint {{9, 2, 1}, 1, \"Delta\"}"
"PASS: ""exact accepted finite checkpoint identity {{9, 2, 1}, 1, \"Delta\"}"
"PASS: ""pinned accepted finite checkpoint {{9, 2, 1}, 1, \"L0\"}"
"PASS: ""exact accepted finite checkpoint identity {{9, 2, 1}, 1, \"L0\"}"
"PASS: ""pinned accepted finite checkpoint {{9, 2, 1}, 1, \"L1\"}"
"PASS: ""exact accepted finite checkpoint identity {{9, 2, 1}, 1, \"L1\"}"
"PASS: ""pinned accepted finite checkpoint {{9, 2, 1}, 1, \"Regular\"}"
"PASS: ""exact accepted finite checkpoint identity {{9, 2, 1}, 1, \"Regular\"}"
"PASS: ""pinned accepted finite checkpoint {{9, 2, 1}, -1, \"Delta\"}"
"PASS: ""exact accepted finite checkpoint identity {{9, 2, 1}, -1, \"Delta\"}"
"PASS: ""pinned accepted finite checkpoint {{9, 2, 1}, -1, \"L0\"}"
"PASS: ""exact accepted finite checkpoint identity {{9, 2, 1}, -1, \"L0\"}"
"PASS: ""pinned accepted finite checkpoint {{9, 2, 1}, -1, \"L1\"}"
"PASS: ""exact accepted finite checkpoint identity {{9, 2, 1}, -1, \"L1\"}"
"PASS: ""pinned accepted finite checkpoint {{9, 2, 1}, -1, \"Regular\"}"
"PASS: ""exact accepted finite checkpoint identity {{9, 2, 1}, -1, \"Regular\"}"
"PASS: ""real endpoint branches share a boundary"
"PASS: ""pinned accepted finite checkpoint {{9, 2, 1}, 0, \"Delta\"}"
"PASS: ""exact accepted finite checkpoint identity {{9, 2, 1}, 0, \"Delta\"}"
"PASS: ""pinned accepted finite checkpoint {{9, 2, 1}, 0, \"L0\"}"
"PASS: ""exact accepted finite checkpoint identity {{9, 2, 1}, 0, \"L0\"}"
"PASS: ""pinned accepted finite checkpoint {{9, 2, 1}, 0, \"L1\"}"
"PASS: ""exact accepted finite checkpoint identity {{9, 2, 1}, 0, \"L1\"}"
"PASS: ""pinned accepted finite checkpoint {{9, 2, 1}, 0, \"Regular\"}"
"PASS: ""exact accepted finite checkpoint identity {{9, 2, 1}, 0, \"Regular\"}"
"PASS: ""finite physical component"
"FINITE_COMPONENT_MEMORY "{9, 2, 1}" before "4358760136" after "4358778056
"PASS: ""pinned accepted finite checkpoint {{9, 2, 2}, 1, \"Delta\"}"
"PASS: ""exact accepted finite checkpoint identity {{9, 2, 2}, 1, \"Delta\"}"
"PASS: ""pinned accepted finite checkpoint {{9, 2, 2}, 1, \"L0\"}"
"PASS: ""exact accepted finite checkpoint identity {{9, 2, 2}, 1, \"L0\"}"
"PASS: ""pinned accepted finite checkpoint {{9, 2, 2}, 1, \"L1\"}"
"PASS: ""exact accepted finite checkpoint identity {{9, 2, 2}, 1, \"L1\"}"
"PASS: ""pinned accepted finite checkpoint {{9, 2, 2}, 1, \"Regular\"}"
"PASS: ""exact accepted finite checkpoint identity {{9, 2, 2}, 1, \"Regular\"}"
"PASS: ""pinned accepted finite checkpoint {{9, 2, 2}, -1, \"Delta\"}"
"PASS: ""exact accepted finite checkpoint identity {{9, 2, 2}, -1, \"Delta\"}"
"PASS: ""pinned accepted finite checkpoint {{9, 2, 2}, -1, \"L0\"}"
"PASS: ""exact accepted finite checkpoint identity {{9, 2, 2}, -1, \"L0\"}"
"PASS: ""pinned accepted finite checkpoint {{9, 2, 2}, -1, \"L1\"}"
"PASS: ""exact accepted finite checkpoint identity {{9, 2, 2}, -1, \"L1\"}"
"PASS: ""pinned accepted finite checkpoint {{9, 2, 2}, -1, \"Regular\"}"
"PASS: ""exact accepted finite checkpoint identity {{9, 2, 2}, -1, \"Regular\"}"
"PASS: ""real endpoint branches share a boundary"
"PASS: ""pinned accepted finite checkpoint {{9, 2, 2}, 0, \"Delta\"}"
"PASS: ""exact accepted finite checkpoint identity {{9, 2, 2}, 0, \"Delta\"}"
"PASS: ""pinned accepted finite checkpoint {{9, 2, 2}, 0, \"L0\"}"
"PASS: ""exact accepted finite checkpoint identity {{9, 2, 2}, 0, \"L0\"}"
"PASS: ""pinned accepted finite checkpoint {{9, 2, 2}, 0, \"L1\"}"
"PASS: ""exact accepted finite checkpoint identity {{9, 2, 2}, 0, \"L1\"}"
"PASS: ""pinned accepted finite checkpoint {{9, 2, 2}, 0, \"Regular\"}"
"PASS: ""exact accepted finite checkpoint identity {{9, 2, 2}, 0, \"Regular\"}"
"PASS: ""finite physical component"
"FINITE_COMPONENT_MEMORY "{9, 2, 2}" before "4358777952" after "4358796000
"PASS: ""pinned accepted finite checkpoint {{9, 2, 3}, 1, \"Delta\"}"
"PASS: ""exact accepted finite checkpoint identity {{9, 2, 3}, 1, \"Delta\"}"
"PASS: ""pinned accepted finite checkpoint {{9, 2, 3}, 1, \"L0\"}"
"PASS: ""exact accepted finite checkpoint identity {{9, 2, 3}, 1, \"L0\"}"
"PASS: ""pinned accepted finite checkpoint {{9, 2, 3}, 1, \"L1\"}"
"PASS: ""exact accepted finite checkpoint identity {{9, 2, 3}, 1, \"L1\"}"
"PASS: ""pinned accepted finite checkpoint {{9, 2, 3}, 1, \"Regular\"}"
"PASS: ""exact accepted finite checkpoint identity {{9, 2, 3}, 1, \"Regular\"}"
"PASS: ""pinned accepted finite checkpoint {{9, 2, 3}, -1, \"Delta\"}"
"PASS: ""exact accepted finite checkpoint identity {{9, 2, 3}, -1, \"Delta\"}"
"PASS: ""pinned accepted finite checkpoint {{9, 2, 3}, -1, \"L0\"}"
"PASS: ""exact accepted finite checkpoint identity {{9, 2, 3}, -1, \"L0\"}"
"PASS: ""pinned accepted finite checkpoint {{9, 2, 3}, -1, \"L1\"}"
"PASS: ""exact accepted finite checkpoint identity {{9, 2, 3}, -1, \"L1\"}"
"PASS: ""pinned accepted finite checkpoint {{9, 2, 3}, -1, \"Regular\"}"
"PASS: ""exact accepted finite checkpoint identity {{9, 2, 3}, -1, \"Regular\"}"
"PASS: ""real endpoint branches share a boundary"
"PASS: ""pinned accepted finite checkpoint {{9, 2, 3}, 0, \"Delta\"}"
"PASS: ""exact accepted finite checkpoint identity {{9, 2, 3}, 0, \"Delta\"}"
"PASS: ""pinned accepted finite checkpoint {{9, 2, 3}, 0, \"L0\"}"
"PASS: ""exact accepted finite checkpoint identity {{9, 2, 3}, 0, \"L0\"}"
"PASS: ""pinned accepted finite checkpoint {{9, 2, 3}, 0, \"L1\"}"
"PASS: ""exact accepted finite checkpoint identity {{9, 2, 3}, 0, \"L1\"}"
"PASS: ""pinned accepted finite checkpoint {{9, 2, 3}, 0, \"Regular\"}"
"PASS: ""exact accepted finite checkpoint identity {{9, 2, 3}, 0, \"Regular\"}"
"PASS: ""finite physical component"
"FINITE_COMPONENT_MEMORY "{9, 2, 3}" before "4358795896" after "4358813768
"PASS: ""pinned accepted finite checkpoint {{9, 2, 4}, 1, \"Delta\"}"
"PASS: ""exact accepted finite checkpoint identity {{9, 2, 4}, 1, \"Delta\"}"
"PASS: ""pinned accepted finite checkpoint {{9, 2, 4}, 1, \"L0\"}"
"PASS: ""exact accepted finite checkpoint identity {{9, 2, 4}, 1, \"L0\"}"
"PASS: ""pinned accepted finite checkpoint {{9, 2, 4}, 1, \"L1\"}"
"PASS: ""exact accepted finite checkpoint identity {{9, 2, 4}, 1, \"L1\"}"
"PASS: ""pinned accepted finite checkpoint {{9, 2, 4}, 1, \"Regular\"}"
"PASS: ""exact accepted finite checkpoint identity {{9, 2, 4}, 1, \"Regular\"}"
"PASS: ""pinned accepted finite checkpoint {{9, 2, 4}, -1, \"Delta\"}"
"PASS: ""exact accepted finite checkpoint identity {{9, 2, 4}, -1, \"Delta\"}"
"PASS: ""pinned accepted finite checkpoint {{9, 2, 4}, -1, \"L0\"}"
"PASS: ""exact accepted finite checkpoint identity {{9, 2, 4}, -1, \"L0\"}"
"PASS: ""pinned accepted finite checkpoint {{9, 2, 4}, -1, \"L1\"}"
"PASS: ""exact accepted finite checkpoint identity {{9, 2, 4}, -1, \"L1\"}"
"PASS: ""pinned accepted finite checkpoint {{9, 2, 4}, -1, \"Regular\"}"
"PASS: ""exact accepted finite checkpoint identity {{9, 2, 4}, -1, \"Regular\"}"
"PASS: ""real endpoint branches share a boundary"
"PASS: ""pinned accepted finite checkpoint {{9, 2, 4}, 0, \"Delta\"}"
"PASS: ""exact accepted finite checkpoint identity {{9, 2, 4}, 0, \"Delta\"}"
"PASS: ""pinned accepted finite checkpoint {{9, 2, 4}, 0, \"L0\"}"
"PASS: ""exact accepted finite checkpoint identity {{9, 2, 4}, 0, \"L0\"}"
"PASS: ""pinned accepted finite checkpoint {{9, 2, 4}, 0, \"L1\"}"
"PASS: ""exact accepted finite checkpoint identity {{9, 2, 4}, 0, \"L1\"}"
"PASS: ""pinned accepted finite checkpoint {{9, 2, 4}, 0, \"Regular\"}"
"PASS: ""exact accepted finite checkpoint identity {{9, 2, 4}, 0, \"Regular\"}"
"PASS: ""finite physical component"
"FINITE_COMPONENT_MEMORY "{9, 2, 4}" before "4358813664" after "4361387472
"PASS: ""pinned accepted finite checkpoint {{9, 3, 1}, 1, \"Delta\"}"
"PASS: ""exact accepted finite checkpoint identity {{9, 3, 1}, 1, \"Delta\"}"
"PASS: ""pinned accepted finite checkpoint {{9, 3, 1}, 1, \"L0\"}"
"PASS: ""exact accepted finite checkpoint identity {{9, 3, 1}, 1, \"L0\"}"
"PASS: ""pinned accepted finite checkpoint {{9, 3, 1}, 1, \"L1\"}"
"PASS: ""exact accepted finite checkpoint identity {{9, 3, 1}, 1, \"L1\"}"
"PASS: ""pinned accepted finite checkpoint {{9, 3, 1}, 1, \"Regular\"}"
"PASS: ""exact accepted finite checkpoint identity {{9, 3, 1}, 1, \"Regular\"}"
"PASS: ""pinned accepted finite checkpoint {{9, 3, 1}, -1, \"Delta\"}"
"PASS: ""exact accepted finite checkpoint identity {{9, 3, 1}, -1, \"Delta\"}"
"PASS: ""pinned accepted finite checkpoint {{9, 3, 1}, -1, \"L0\"}"
"PASS: ""exact accepted finite checkpoint identity {{9, 3, 1}, -1, \"L0\"}"
"PASS: ""pinned accepted finite checkpoint {{9, 3, 1}, -1, \"L1\"}"
"PASS: ""exact accepted finite checkpoint identity {{9, 3, 1}, -1, \"L1\"}"
"PASS: ""pinned accepted finite checkpoint {{9, 3, 1}, -1, \"Regular\"}"
"PASS: ""exact accepted finite checkpoint identity {{9, 3, 1}, -1, \"Regular\"}"
"PASS: ""real endpoint branches share a boundary"
"PASS: ""pinned accepted finite checkpoint {{9, 3, 1}, 0, \"Delta\"}"
"PASS: ""exact accepted finite checkpoint identity {{9, 3, 1}, 0, \"Delta\"}"
"PASS: ""pinned accepted finite checkpoint {{9, 3, 1}, 0, \"L0\"}"
"PASS: ""exact accepted finite checkpoint identity {{9, 3, 1}, 0, \"L0\"}"
"PASS: ""pinned accepted finite checkpoint {{9, 3, 1}, 0, \"L1\"}"
"PASS: ""exact accepted finite checkpoint identity {{9, 3, 1}, 0, \"L1\"}"
"PASS: ""pinned accepted finite checkpoint {{9, 3, 1}, 0, \"Regular\"}"
"PASS: ""exact accepted finite checkpoint identity {{9, 3, 1}, 0, \"Regular\"}"
"PASS: ""finite physical component"
"FINITE_COMPONENT_MEMORY "{9, 3, 1}" before "4361387368" after "4361405344
"PASS: ""pinned accepted finite checkpoint {{9, 3, 2}, 1, \"Delta\"}"
"PASS: ""exact accepted finite checkpoint identity {{9, 3, 2}, 1, \"Delta\"}"
"PASS: ""pinned accepted finite checkpoint {{9, 3, 2}, 1, \"L0\"}"
"PASS: ""exact accepted finite checkpoint identity {{9, 3, 2}, 1, \"L0\"}"
"PASS: ""pinned accepted finite checkpoint {{9, 3, 2}, 1, \"L1\"}"
"PASS: ""exact accepted finite checkpoint identity {{9, 3, 2}, 1, \"L1\"}"
"PASS: ""pinned accepted finite checkpoint {{9, 3, 2}, 1, \"Regular\"}"
"PASS: ""exact accepted finite checkpoint identity {{9, 3, 2}, 1, \"Regular\"}"
"PASS: ""pinned accepted finite checkpoint {{9, 3, 2}, -1, \"Delta\"}"
"PASS: ""exact accepted finite checkpoint identity {{9, 3, 2}, -1, \"Delta\"}"
"PASS: ""pinned accepted finite checkpoint {{9, 3, 2}, -1, \"L0\"}"
"PASS: ""exact accepted finite checkpoint identity {{9, 3, 2}, -1, \"L0\"}"
"PASS: ""pinned accepted finite checkpoint {{9, 3, 2}, -1, \"L1\"}"
"PASS: ""exact accepted finite checkpoint identity {{9, 3, 2}, -1, \"L1\"}"
"PASS: ""pinned accepted finite checkpoint {{9, 3, 2}, -1, \"Regular\"}"
"PASS: ""exact accepted finite checkpoint identity {{9, 3, 2}, -1, \"Regular\"}"
"PASS: ""real endpoint branches share a boundary"
"PASS: ""pinned accepted finite checkpoint {{9, 3, 2}, 0, \"Delta\"}"
"PASS: ""exact accepted finite checkpoint identity {{9, 3, 2}, 0, \"Delta\"}"
"PASS: ""pinned accepted finite checkpoint {{9, 3, 2}, 0, \"L0\"}"
"PASS: ""exact accepted finite checkpoint identity {{9, 3, 2}, 0, \"L0\"}"
"PASS: ""pinned accepted finite checkpoint {{9, 3, 2}, 0, \"L1\"}"
"PASS: ""exact accepted finite checkpoint identity {{9, 3, 2}, 0, \"L1\"}"
"PASS: ""pinned accepted finite checkpoint {{9, 3, 2}, 0, \"Regular\"}"
"PASS: ""exact accepted finite checkpoint identity {{9, 3, 2}, 0, \"Regular\"}"
"PASS: ""finite physical component"
"FINITE_COMPONENT_MEMORY "{9, 3, 2}" before "4361405240" after "4361423328
"PASS: ""pinned accepted finite checkpoint {{9, 3, 3}, 1, \"Delta\"}"
"PASS: ""exact accepted finite checkpoint identity {{9, 3, 3}, 1, \"Delta\"}"
"PASS: ""pinned accepted finite checkpoint {{9, 3, 3}, 1, \"L0\"}"
"PASS: ""exact accepted finite checkpoint identity {{9, 3, 3}, 1, \"L0\"}"
"PASS: ""pinned accepted finite checkpoint {{9, 3, 3}, 1, \"L1\"}"
"PASS: ""exact accepted finite checkpoint identity {{9, 3, 3}, 1, \"L1\"}"
"PASS: ""pinned accepted finite checkpoint {{9, 3, 3}, 1, \"Regular\"}"
"PASS: ""exact accepted finite checkpoint identity {{9, 3, 3}, 1, \"Regular\"}"
"PASS: ""pinned accepted finite checkpoint {{9, 3, 3}, -1, \"Delta\"}"
"PASS: ""exact accepted finite checkpoint identity {{9, 3, 3}, -1, \"Delta\"}"
"PASS: ""pinned accepted finite checkpoint {{9, 3, 3}, -1, \"L0\"}"
"PASS: ""exact accepted finite checkpoint identity {{9, 3, 3}, -1, \"L0\"}"
"PASS: ""pinned accepted finite checkpoint {{9, 3, 3}, -1, \"L1\"}"
"PASS: ""exact accepted finite checkpoint identity {{9, 3, 3}, -1, \"L1\"}"
"PASS: ""pinned accepted finite checkpoint {{9, 3, 3}, -1, \"Regular\"}"
"PASS: ""exact accepted finite checkpoint identity {{9, 3, 3}, -1, \"Regular\"}"
"PASS: ""real endpoint branches share a boundary"
"PASS: ""pinned accepted finite checkpoint {{9, 3, 3}, 0, \"Delta\"}"
"PASS: ""exact accepted finite checkpoint identity {{9, 3, 3}, 0, \"Delta\"}"
"PASS: ""pinned accepted finite checkpoint {{9, 3, 3}, 0, \"L0\"}"
"PASS: ""exact accepted finite checkpoint identity {{9, 3, 3}, 0, \"L0\"}"
"PASS: ""pinned accepted finite checkpoint {{9, 3, 3}, 0, \"L1\"}"
"PASS: ""exact accepted finite checkpoint identity {{9, 3, 3}, 0, \"L1\"}"
"PASS: ""pinned accepted finite checkpoint {{9, 3, 3}, 0, \"Regular\"}"
"PASS: ""exact accepted finite checkpoint identity {{9, 3, 3}, 0, \"Regular\"}"
"PASS: ""finite physical component"
"FINITE_COMPONENT_MEMORY "{9, 3, 3}" before "4361423224" after "4361441088
"PASS: ""pinned accepted finite checkpoint {{9, 3, 4}, 1, \"Delta\"}"
"PASS: ""exact accepted finite checkpoint identity {{9, 3, 4}, 1, \"Delta\"}"
"PASS: ""pinned accepted finite checkpoint {{9, 3, 4}, 1, \"L0\"}"
"PASS: ""exact accepted finite checkpoint identity {{9, 3, 4}, 1, \"L0\"}"
"PASS: ""pinned accepted finite checkpoint {{9, 3, 4}, 1, \"L1\"}"
"PASS: ""exact accepted finite checkpoint identity {{9, 3, 4}, 1, \"L1\"}"
"PASS: ""pinned accepted finite checkpoint {{9, 3, 4}, 1, \"Regular\"}"
"PASS: ""exact accepted finite checkpoint identity {{9, 3, 4}, 1, \"Regular\"}"
"PASS: ""pinned accepted finite checkpoint {{9, 3, 4}, -1, \"Delta\"}"
"PASS: ""exact accepted finite checkpoint identity {{9, 3, 4}, -1, \"Delta\"}"
"PASS: ""pinned accepted finite checkpoint {{9, 3, 4}, -1, \"L0\"}"
"PASS: ""exact accepted finite checkpoint identity {{9, 3, 4}, -1, \"L0\"}"
"PASS: ""pinned accepted finite checkpoint {{9, 3, 4}, -1, \"L1\"}"
"PASS: ""exact accepted finite checkpoint identity {{9, 3, 4}, -1, \"L1\"}"
"PASS: ""pinned accepted finite checkpoint {{9, 3, 4}, -1, \"Regular\"}"
"PASS: ""exact accepted finite checkpoint identity {{9, 3, 4}, -1, \"Regular\"}"
"PASS: ""real endpoint branches share a boundary"
"PASS: ""pinned accepted finite checkpoint {{9, 3, 4}, 0, \"Delta\"}"
"PASS: ""exact accepted finite checkpoint identity {{9, 3, 4}, 0, \"Delta\"}"
"PASS: ""pinned accepted finite checkpoint {{9, 3, 4}, 0, \"L0\"}"
"PASS: ""exact accepted finite checkpoint identity {{9, 3, 4}, 0, \"L0\"}"
"PASS: ""pinned accepted finite checkpoint {{9, 3, 4}, 0, \"L1\"}"
"PASS: ""exact accepted finite checkpoint identity {{9, 3, 4}, 0, \"L1\"}"
"PASS: ""pinned accepted finite checkpoint {{9, 3, 4}, 0, \"Regular\"}"
"PASS: ""exact accepted finite checkpoint identity {{9, 3, 4}, 0, \"Regular\"}"
"PASS: ""finite physical component"
"FINITE_COMPONENT_MEMORY "{9, 3, 4}" before "4361440984" after "4361458792
"PASS: ""pinned accepted finite checkpoint {{9, 4, 1}, 1, \"Delta\"}"
"PASS: ""exact accepted finite checkpoint identity {{9, 4, 1}, 1, \"Delta\"}"
"PASS: ""pinned accepted finite checkpoint {{9, 4, 1}, 1, \"L0\"}"
"PASS: ""exact accepted finite checkpoint identity {{9, 4, 1}, 1, \"L0\"}"
"PASS: ""pinned accepted finite checkpoint {{9, 4, 1}, 1, \"L1\"}"
"PASS: ""exact accepted finite checkpoint identity {{9, 4, 1}, 1, \"L1\"}"
"PASS: ""pinned accepted finite checkpoint {{9, 4, 1}, 1, \"Regular\"}"
"PASS: ""exact accepted finite checkpoint identity {{9, 4, 1}, 1, \"Regular\"}"
"PASS: ""pinned accepted finite checkpoint {{9, 4, 1}, -1, \"Delta\"}"
"PASS: ""exact accepted finite checkpoint identity {{9, 4, 1}, -1, \"Delta\"}"
"PASS: ""pinned accepted finite checkpoint {{9, 4, 1}, -1, \"L0\"}"
"PASS: ""exact accepted finite checkpoint identity {{9, 4, 1}, -1, \"L0\"}"
"PASS: ""pinned accepted finite checkpoint {{9, 4, 1}, -1, \"L1\"}"
"PASS: ""exact accepted finite checkpoint identity {{9, 4, 1}, -1, \"L1\"}"
"PASS: ""pinned accepted finite checkpoint {{9, 4, 1}, -1, \"Regular\"}"
"PASS: ""exact accepted finite checkpoint identity {{9, 4, 1}, -1, \"Regular\"}"
"PASS: ""real endpoint branches share a boundary"
"PASS: ""pinned accepted finite checkpoint {{9, 4, 1}, 0, \"Delta\"}"
"PASS: ""exact accepted finite checkpoint identity {{9, 4, 1}, 0, \"Delta\"}"
"PASS: ""pinned accepted finite checkpoint {{9, 4, 1}, 0, \"L0\"}"
"PASS: ""exact accepted finite checkpoint identity {{9, 4, 1}, 0, \"L0\"}"
"PASS: ""pinned accepted finite checkpoint {{9, 4, 1}, 0, \"L1\"}"
"PASS: ""exact accepted finite checkpoint identity {{9, 4, 1}, 0, \"L1\"}"
"PASS: ""pinned accepted finite checkpoint {{9, 4, 1}, 0, \"Regular\"}"
"PASS: ""exact accepted finite checkpoint identity {{9, 4, 1}, 0, \"Regular\"}"
"PASS: ""finite physical component"
"FINITE_COMPONENT_MEMORY "{9, 4, 1}" before "4361458688" after "4365641712
"PASS: ""pinned accepted finite checkpoint {{9, 4, 2}, 1, \"Delta\"}"
"PASS: ""exact accepted finite checkpoint identity {{9, 4, 2}, 1, \"Delta\"}"
"PASS: ""pinned accepted finite checkpoint {{9, 4, 2}, 1, \"L0\"}"
"PASS: ""exact accepted finite checkpoint identity {{9, 4, 2}, 1, \"L0\"}"
"PASS: ""pinned accepted finite checkpoint {{9, 4, 2}, 1, \"L1\"}"
"PASS: ""exact accepted finite checkpoint identity {{9, 4, 2}, 1, \"L1\"}"
"PASS: ""pinned accepted finite checkpoint {{9, 4, 2}, 1, \"Regular\"}"
"PASS: ""exact accepted finite checkpoint identity {{9, 4, 2}, 1, \"Regular\"}"
"PASS: ""pinned accepted finite checkpoint {{9, 4, 2}, -1, \"Delta\"}"
"PASS: ""exact accepted finite checkpoint identity {{9, 4, 2}, -1, \"Delta\"}"
"PASS: ""pinned accepted finite checkpoint {{9, 4, 2}, -1, \"L0\"}"
"PASS: ""exact accepted finite checkpoint identity {{9, 4, 2}, -1, \"L0\"}"
"PASS: ""pinned accepted finite checkpoint {{9, 4, 2}, -1, \"L1\"}"
"PASS: ""exact accepted finite checkpoint identity {{9, 4, 2}, -1, \"L1\"}"
"PASS: ""pinned accepted finite checkpoint {{9, 4, 2}, -1, \"Regular\"}"
"PASS: ""exact accepted finite checkpoint identity {{9, 4, 2}, -1, \"Regular\"}"
"PASS: ""real endpoint branches share a boundary"
"PASS: ""pinned accepted finite checkpoint {{9, 4, 2}, 0, \"Delta\"}"
"PASS: ""exact accepted finite checkpoint identity {{9, 4, 2}, 0, \"Delta\"}"
"PASS: ""pinned accepted finite checkpoint {{9, 4, 2}, 0, \"L0\"}"
"PASS: ""exact accepted finite checkpoint identity {{9, 4, 2}, 0, \"L0\"}"
"PASS: ""pinned accepted finite checkpoint {{9, 4, 2}, 0, \"L1\"}"
"PASS: ""exact accepted finite checkpoint identity {{9, 4, 2}, 0, \"L1\"}"
"PASS: ""pinned accepted finite checkpoint {{9, 4, 2}, 0, \"Regular\"}"
"PASS: ""exact accepted finite checkpoint identity {{9, 4, 2}, 0, \"Regular\"}"
"PASS: ""finite physical component"
"FINITE_COMPONENT_MEMORY "{9, 4, 2}" before "4365641608" after "4368646336
"PASS: ""pinned accepted finite checkpoint {{9, 4, 3}, 1, \"Delta\"}"
"PASS: ""exact accepted finite checkpoint identity {{9, 4, 3}, 1, \"Delta\"}"
"PASS: ""pinned accepted finite checkpoint {{9, 4, 3}, 1, \"L0\"}"
"PASS: ""exact accepted finite checkpoint identity {{9, 4, 3}, 1, \"L0\"}"
"PASS: ""pinned accepted finite checkpoint {{9, 4, 3}, 1, \"L1\"}"
"PASS: ""exact accepted finite checkpoint identity {{9, 4, 3}, 1, \"L1\"}"
"PASS: ""pinned accepted finite checkpoint {{9, 4, 3}, 1, \"Regular\"}"
"PASS: ""exact accepted finite checkpoint identity {{9, 4, 3}, 1, \"Regular\"}"
"PASS: ""pinned accepted finite checkpoint {{9, 4, 3}, -1, \"Delta\"}"
"PASS: ""exact accepted finite checkpoint identity {{9, 4, 3}, -1, \"Delta\"}"
"PASS: ""pinned accepted finite checkpoint {{9, 4, 3}, -1, \"L0\"}"
"PASS: ""exact accepted finite checkpoint identity {{9, 4, 3}, -1, \"L0\"}"
"PASS: ""pinned accepted finite checkpoint {{9, 4, 3}, -1, \"L1\"}"
"PASS: ""exact accepted finite checkpoint identity {{9, 4, 3}, -1, \"L1\"}"
"PASS: ""pinned accepted finite checkpoint {{9, 4, 3}, -1, \"Regular\"}"
"PASS: ""exact accepted finite checkpoint identity {{9, 4, 3}, -1, \"Regular\"}"
"PASS: ""real endpoint branches share a boundary"
"PASS: ""pinned accepted finite checkpoint {{9, 4, 3}, 0, \"Delta\"}"
"PASS: ""exact accepted finite checkpoint identity {{9, 4, 3}, 0, \"Delta\"}"
"PASS: ""pinned accepted finite checkpoint {{9, 4, 3}, 0, \"L0\"}"
"PASS: ""exact accepted finite checkpoint identity {{9, 4, 3}, 0, \"L0\"}"
"PASS: ""pinned accepted finite checkpoint {{9, 4, 3}, 0, \"L1\"}"
"PASS: ""exact accepted finite checkpoint identity {{9, 4, 3}, 0, \"L1\"}"
"PASS: ""pinned accepted finite checkpoint {{9, 4, 3}, 0, \"Regular\"}"
"PASS: ""exact accepted finite checkpoint identity {{9, 4, 3}, 0, \"Regular\"}"
"PASS: ""finite physical component"
"FINITE_COMPONENT_MEMORY "{9, 4, 3}" before "4368646232" after "4368664096
"PASS: ""pinned accepted finite checkpoint {{9, 4, 4}, 1, \"Delta\"}"
"PASS: ""exact accepted finite checkpoint identity {{9, 4, 4}, 1, \"Delta\"}"
"PASS: ""pinned accepted finite checkpoint {{9, 4, 4}, 1, \"L0\"}"
"PASS: ""exact accepted finite checkpoint identity {{9, 4, 4}, 1, \"L0\"}"
"PASS: ""pinned accepted finite checkpoint {{9, 4, 4}, 1, \"L1\"}"
"PASS: ""exact accepted finite checkpoint identity {{9, 4, 4}, 1, \"L1\"}"
"PASS: ""pinned accepted finite checkpoint {{9, 4, 4}, 1, \"Regular\"}"
"PASS: ""exact accepted finite checkpoint identity {{9, 4, 4}, 1, \"Regular\"}"
"PASS: ""pinned accepted finite checkpoint {{9, 4, 4}, -1, \"Delta\"}"
"PASS: ""exact accepted finite checkpoint identity {{9, 4, 4}, -1, \"Delta\"}"
"PASS: ""pinned accepted finite checkpoint {{9, 4, 4}, -1, \"L0\"}"
"PASS: ""exact accepted finite checkpoint identity {{9, 4, 4}, -1, \"L0\"}"
"PASS: ""pinned accepted finite checkpoint {{9, 4, 4}, -1, \"L1\"}"
"PASS: ""exact accepted finite checkpoint identity {{9, 4, 4}, -1, \"L1\"}"
"PASS: ""pinned accepted finite checkpoint {{9, 4, 4}, -1, \"Regular\"}"
"PASS: ""exact accepted finite checkpoint identity {{9, 4, 4}, -1, \"Regular\"}"
"PASS: ""real endpoint branches share a boundary"
"PASS: ""pinned accepted finite checkpoint {{9, 4, 4}, 0, \"Delta\"}"
"PASS: ""exact accepted finite checkpoint identity {{9, 4, 4}, 0, \"Delta\"}"
"PASS: ""pinned accepted finite checkpoint {{9, 4, 4}, 0, \"L0\"}"
"PASS: ""exact accepted finite checkpoint identity {{9, 4, 4}, 0, \"L0\"}"
"PASS: ""pinned accepted finite checkpoint {{9, 4, 4}, 0, \"L1\"}"
"PASS: ""exact accepted finite checkpoint identity {{9, 4, 4}, 0, \"L1\"}"
"PASS: ""pinned accepted finite checkpoint {{9, 4, 4}, 0, \"Regular\"}"
"PASS: ""exact accepted finite checkpoint identity {{9, 4, 4}, 0, \"Regular\"}"
"PASS: ""finite physical component"
"FINITE_COMPONENT_MEMORY "{9, 4, 4}" before "4368663992" after "4368682024
"PASS: ""all physical components finite"
"PASS: ""all component checks accepted"
"PASS: ""finite original hat projections"
"PASS: ""F1 original unpolarized Born hat"
"PASS: ""accepted grouped actual polynomial backend"
"PASS: ""unique accepted native backend path"
"PASS: ""entire native polynomial transfer retained"
"REFERENCE_PRECOMPRESSION input_bytes "16" output_bytes "16
"PASS: ""F1 original unpolarized finite hat {1, \"Delta\"}"
"REFERENCE_PRECOMPRESSION input_bytes "16" output_bytes "16
"PASS: ""F1 original unpolarized finite hat {1, \"L0\"}"
"REFERENCE_PRECOMPRESSION input_bytes "16" output_bytes "16
"PASS: ""F1 original unpolarized finite hat {1, \"L1\"}"
"PASS: ""unassigned exact functional generators"
"PASS: ""exact full functional-atom restoration"
"PASS: ""accepted exact polynomial backend retained"
"PASS: ""all physical functional generators restored"
"REFERENCE_PRECOMPRESSION input_bytes "305972088" output_bytes "100114160
"PASS: ""F1 original unpolarized finite hat {1, \"Regular\"}"
"REFERENCE_PRECOMPRESSION input_bytes "16" output_bytes "16
"PASS: ""F1 original unpolarized finite hat {-1, \"Delta\"}"
"REFERENCE_PRECOMPRESSION input_bytes "16" output_bytes "16
"PASS: ""F1 original unpolarized finite hat {-1, \"L0\"}"
"REFERENCE_PRECOMPRESSION input_bytes "16" output_bytes "16
"PASS: ""F1 original unpolarized finite hat {-1, \"L1\"}"
"PASS: ""unassigned denominator generators"
"PASS: ""exact denominator-generator restoration"
"PASS: ""exact repeated opaque coefficient"
"PASS: ""unassigned opaque polynomial generators"
"PASS: ""exact full opaque-coefficient restoration"
"PASS: ""exact native distributive reconstruction"
"FACTORED_REFERENCE_TERMS count "61419" input_bytes "310952672" skeleton_bytes "11694144" terms_bytes "312618912
"PASS: ""raw scalar ratio exactly reconstructs"
"PASS: ""unassigned algebraic input generators"
"PASS: ""algebraic generators preserve the exact input"
"PASS: ""complete rational polynomial support"
"PASS: ""unassigned polynomial transfer generators"
"PASS: ""complete polynomial transfer text reconstructs"
"PASS: ""exact native polynomial JSON transfer"
"RECOIL_POLYNOMIAL_BACKEND_START input_bytes "310952672" transfer_bytes "40653614
"EXACT_DENOMINATOR_GROUPS 61419 395 1.568\nEXACT_GROUP_PREPARATION 16 395 16 1.642\nEXACT_GROUP_PREPARATION 32 395 32 1.727\nEXACT_GROUP_PREPARATION 48 395 48 1.802\nEXACT_GROUP_PREPARATION 64 395 64 1.856\nEXACT_GROUP_PREPARATION 80 395 80 1.892\nEXACT_GROUP_PREPARATION 96 395 96 1.924\nEXACT_GROUP_PREPARATION 112 395 112 1.964\nEXACT_GROUP_PREPARATION 128 395 128 2.07\nEXACT_GROUP_PREPARATION 144 395 144 2.197\nEXACT_GROUP_PREPARATION 160 395 160 2.265\nEXACT_GROUP_PREPARATION 176 395 176 2.34\nEXACT_GROUP_PREPARATION 192 395 192 2.4\nEXACT_GROUP_PREPARATION 208 395 208 2.486\nEXACT_GROUP_PREPARATION 224 395 224 2.546\nEXACT_GROUP_PREPARATION 240 395 240 2.594\nEXACT_GROUP_PREPARATION 256 395 256 2.623\nEXACT_GROUP_PREPARATION 272 395 272 2.656\nEXACT_GROUP_PREPARATION 288 395 288 2.686\nEXACT_GROUP_PREPARATION 304 395 304 2.733\nEXACT_GROUP_PREPARATION 320 395 320 2.749\nEXACT_GROUP_PREPARATION 336 395 336 2.831\nEXACT_GROUP_PREPARATION 352 395 352 2.978\nEXACT_GROUP_PREPARATION 368 395 368 3.056\nEXACT_GROUP_PREPARATION 384 395 384 3.082\nEXACT_GROUP_PREPARATION 395 395 395 3.104\nEXACT_POLYNOMIAL_SUM recoil_derivative 16 395 1.053\nEXACT_POLYNOMIAL_SUM recoil_derivative 32 395 1.188\nEXACT_POLYNOMIAL_SUM recoil_derivative 48 395 1.283\nEXACT_POLYNOMIAL_SUM recoil_derivative 64 395 1.366\nEXACT_POLYNOMIAL_SUM recoil_derivative 80 395 1.456\nEXACT_POLYNOMIAL_SUM recoil_derivative 96 395 1.548\nEXACT_POLYNOMIAL_SUM recoil_derivative 112 395 1.643\nEXACT_POLYNOMIAL_SUM recoil_derivative 128 395 1.746\nEXACT_POLYNOMIAL_SUM recoil_derivative 144 395 1.826\nEXACT_POLYNOMIAL_SUM recoil_derivative 160 395 1.934\nEXACT_POLYNOMIAL_SUM recoil_derivative 176 395 2.05\nEXACT_POLYNOMIAL_SUM recoil_derivative 192 395 2.162\nEXACT_POLYNOMIAL_SUM recoil_derivative 208 395 2.289\nEXACT_POLYNOMIAL_SUM recoil_derivative 224 395 2.405\nEXACT_POLYNOMIAL_SUM recoil_derivative 240 395 2.483\nEXACT_POLYNOMIAL_SUM recoil_derivative 256 395 2.593\nEXACT_POLYNOMIAL_SUM recoil_derivative 272 395 2.694\nEXACT_POLYNOMIAL_SUM recoil_derivative 288 395 2.792\nEXACT_POLYNOMIAL_SUM recoil_derivative 304 395 2.927\nEXACT_POLYNOMIAL_SUM recoil_derivative 320 395 3.087\nEXACT_POLYNOMIAL_SUM recoil_derivative 336 395 3.27\nEXACT_POLYNOMIAL_SUM recoil_derivative 352 395 3.428\nEXACT_POLYNOMIAL_SUM recoil_derivative 368 395 3.6\nEXACT_POLYNOMIAL_SUM recoil_derivative 384 395 3.717\nEXACT_POLYNOMIAL_SUM recoil_derivative 395 395 3.901\nPASS: exact grouped denominator polynomial sum\n"
""
"PASS: ""exact polynomial normalization completed"
"PASS: ""complete normalization backend identity"
"PASS: ""exact existing cancellation gates passed"
"PASS: ""complete physical scalar reconstruction"
"PASS: ""bounded normalized scalar cache"
"PASS: ""exact normalized scalar reload"
"RECOIL_POLYNOMIAL_ACCEPTED seconds "199.145034`8.750714474548692" input_bytes "310952672" output_bytes "14479096" backend_seconds "9.763128290003806
"REFERENCE_PRECOMPRESSION input_bytes "346606152" output_bytes "112961864
"FACTORED_REFERENCE_TERMS count "12408" input_bytes "38784072" skeleton_bytes "2757288" terms_bytes "38784072
"RECOIL_POLYNOMIAL_BACKEND_START input_bytes "38784072" transfer_bytes "5793452
"EXACT_DENOMINATOR_GROUPS 12408 15 0.612\nEXACT_GROUP_PREPARATION 15 15 6 0.654\nEXACT_POLYNOMIAL_SUM recoil_derivative 6 6 0.087\nPASS: exact grouped denominator polynomial sum\n"
""
"RECOIL_POLYNOMIAL_ACCEPTED seconds "28.75041`7.910189035894418" input_bytes "38784072" output_bytes "96296" backend_seconds "0.769418276999204
"PASS: ""F1 original unpolarized finite hat {-1, \"Regular\"}"
"REFERENCE_PRECOMPRESSION input_bytes "16" output_bytes "16
"PASS: ""F1 original unpolarized finite hat {0, \"Delta\"}"
"REFERENCE_PRECOMPRESSION input_bytes "16" output_bytes "16
"PASS: ""F1 original unpolarized finite hat {0, \"L0\"}"
"REFERENCE_PRECOMPRESSION input_bytes "16" output_bytes "16
"PASS: ""F1 original unpolarized finite hat {0, \"L1\"}"
"FACTORED_REFERENCE_TERMS count "8067" input_bytes "17008320" skeleton_bytes "1395568" terms_bytes "17311312
"RECOIL_POLYNOMIAL_BACKEND_START input_bytes "17008320" transfer_bytes "2504893
"EXACT_DENOMINATOR_GROUPS 8067 483 0.116\nEXACT_GROUP_PREPARATION 16 483 16 0.126\nEXACT_GROUP_PREPARATION 32 483 32 0.143\nEXACT_GROUP_PREPARATION 48 483 48 0.168\nEXACT_GROUP_PREPARATION 64 483 64 0.186\nEXACT_GROUP_PREPARATION 80 483 80 0.204\nEXACT_GROUP_PREPARATION 96 483 96 0.218\nEXACT_GROUP_PREPARATION 112 483 112 0.231\nEXACT_GROUP_PREPARATION 128 483 128 0.243\nEXACT_GROUP_PREPARATION 144 483 144 0.255\nEXACT_GROUP_PREPARATION 160 483 160 0.267\nEXACT_GROUP_PREPARATION 176 483 176 0.281\nEXACT_GROUP_PREPARATION 192 483 192 0.295\nEXACT_GROUP_PREPARATION 208 483 208 0.312\nEXACT_GROUP_PREPARATION 224 483 224 0.333\nEXACT_GROUP_PREPARATION 240 483 240 0.345\nEXACT_GROUP_PREPARATION 256 483 256 0.365\nEXACT_GROUP_PREPARATION 272 483 272 0.386\nEXACT_GROUP_PREPARATION 288 483 288 0.405\nEXACT_GROUP_PREPARATION 304 483 304 0.428\nEXACT_GROUP_PREPARATION 320 483 320 0.44\nEXACT_GROUP_PREPARATION 336 483 336 0.452\nEXACT_GROUP_PREPARATION 352 483 352 0.464\nEXACT_GROUP_PREPARATION 368 483 368 0.476\nEXACT_GROUP_PREPARATION 384 483 384 0.488\nEXACT_GROUP_PREPARATION 400 483 400 0.5\nEXACT_GROUP_PREPARATION 416 483 416 0.513\nEXACT_GROUP_PREPARATION 432 483 432 0.519\nEXACT_GROUP_PREPARATION 448 483 448 0.529\nEXACT_GROUP_PREPARATION 464 483 464 0.546\nEXACT_GROUP_PREPARATION 480 483 480 0.557\nEXACT_GROUP_PREPARATION 483 483 483 0.56\nEXACT_POLYNOMIAL_SUM recoil_derivative 16 483 0.185\nEXACT_POLYNOMIAL_SUM recoil_derivative 32 483 0.186\nEXACT_POLYNOMIAL_SUM recoil_derivative 48 483 0.188\nEXACT_POLYNOMIAL_SUM recoil_derivative 64 483 0.189\nEXACT_POLYNOMIAL_SUM recoil_derivative 80 483 0.191\nEXACT_POLYNOMIAL_SUM recoil_derivative 96 483 0.193\nEXACT_POLYNOMIAL_SUM recoil_derivative 112 483 0.195\nEXACT_POLYNOMIAL_SUM recoil_derivative 128 483 0.199\nEXACT_POLYNOMIAL_SUM recoil_derivative 144 483 0.202\nEXACT_POLYNOMIAL_SUM recoil_derivative 160 483 0.204\nEXACT_POLYNOMIAL_SUM recoil_derivative 176 483 0.206\nEXACT_POLYNOMIAL_SUM recoil_derivative 192 483 0.208\nEXACT_POLYNOMIAL_SUM recoil_derivative 208 483 0.209\nEXACT_POLYNOMIAL_SUM recoil_derivative 224 483 0.211\nEXACT_POLYNOMIAL_SUM recoil_derivative 240 483 0.214\nEXACT_POLYNOMIAL_SUM recoil_derivative 256 483 0.216\nEXACT_POLYNOMIAL_SUM recoil_derivative 272 483 0.218\nEXACT_POLYNOMIAL_SUM recoil_derivative 288 483 0.221\nEXACT_POLYNOMIAL_SUM recoil_derivative 304 483 0.224\nEXACT_POLYNOMIAL_SUM recoil_derivative 320 483 0.226\nEXACT_POLYNOMIAL_SUM recoil_derivative 336 483 0.229\nEXACT_POLYNOMIAL_SUM recoil_derivative 352 483 0.232\nEXACT_POLYNOMIAL_SUM recoil_derivative 368 483 0.235\nEXACT_POLYNOMIAL_SUM recoil_derivative 384 483 0.238\nEXACT_POLYNOMIAL_SUM recoil_derivative 400 483 0.241\nEXACT_POLYNOMIAL_SUM recoil_derivative 416 483 0.243\nEXACT_POLYNOMIAL_SUM recoil_derivative 432 483 0.248\nEXACT_POLYNOMIAL_SUM recoil_derivative 448 483 0.252\nEXACT_POLYNOMIAL_SUM recoil_derivative 464 483 0.256\nEXACT_POLYNOMIAL_SUM recoil_derivative 480 483 0.259\nEXACT_POLYNOMIAL_SUM recoil_derivative 483 483 0.26\nPASS: exact grouped denominator polynomial sum\n"
""
"RECOIL_POLYNOMIAL_ACCEPTED seconds "23.279234`7.818513679308608" input_bytes "17008320" output_bytes "512560" backend_seconds "0.9238795359997312
"REFERENCE_PRECOMPRESSION input_bytes "18949648" output_bytes "2242392
"FACTORED_REFERENCE_TERMS count "240" input_bytes "492256" skeleton_bytes "42976" terms_bytes "492256
"RECOIL_POLYNOMIAL_BACKEND_START input_bytes "492256" transfer_bytes "66590
"EXACT_DENOMINATOR_GROUPS 240 6 0.002\nEXACT_GROUP_PREPARATION 6 6 0 0.002\nPASS: exact grouped denominator polynomial sum\n"
""
"RECOIL_POLYNOMIAL_ACCEPTED seconds "1.911045`6.732815907145226" input_bytes "492256" output_bytes "16" backend_seconds "0.0019573460012907162
"PASS: ""F1 original unpolarized finite hat {0, \"Regular\"}"
"PASS: ""F2 original unpolarized Born hat"
"REFERENCE_PRECOMPRESSION input_bytes "16" output_bytes "16
"PASS: ""F2 original unpolarized finite hat {1, \"Delta\"}"
"REFERENCE_PRECOMPRESSION input_bytes "16" output_bytes "16
"PASS: ""F2 original unpolarized finite hat {1, \"L0\"}"
"REFERENCE_PRECOMPRESSION input_bytes "16" output_bytes "16
"PASS: ""F2 original unpolarized finite hat {1, \"L1\"}"
"FACTORED_REFERENCE_TERMS count "73997" input_bytes "317603880" skeleton_bytes "14112000" terms_bytes "320925928
"RECOIL_POLYNOMIAL_BACKEND_START input_bytes "317603880" transfer_bytes "46842444
"EXACT_DENOMINATOR_GROUPS 73997 335 1.971\nEXACT_GROUP_PREPARATION 16 335 16 2.058\nEXACT_GROUP_PREPARATION 32 335 32 2.146\nEXACT_GROUP_PREPARATION 48 335 48 2.212\nEXACT_GROUP_PREPARATION 64 335 64 2.278\nEXACT_GROUP_PREPARATION 80 335 80 2.349\nEXACT_GROUP_PREPARATION 96 335 96 2.401\nEXACT_GROUP_PREPARATION 112 335 112 2.474\nEXACT_GROUP_PREPARATION 128 335 128 2.505\nEXACT_GROUP_PREPARATION 144 335 144 2.558\nEXACT_GROUP_PREPARATION 160 335 160 2.604\nEXACT_GROUP_PREPARATION 176 335 176 2.628\nEXACT_GROUP_PREPARATION 192 335 192 2.655\nEXACT_GROUP_PREPARATION 208 335 208 2.683\nEXACT_GROUP_PREPARATION 224 335 224 2.739\nEXACT_GROUP_PREPARATION 240 335 240 2.788\nEXACT_GROUP_PREPARATION 256 335 256 2.889\nEXACT_GROUP_PREPARATION 272 335 272 3.014\nEXACT_GROUP_PREPARATION 288 335 288 3.172\nEXACT_GROUP_PREPARATION 304 335 304 3.241\nEXACT_GROUP_PREPARATION 320 335 320 3.282\nEXACT_GROUP_PREPARATION 335 335 335 3.311\nEXACT_POLYNOMIAL_SUM recoil_derivative 16 335 1.103\nEXACT_POLYNOMIAL_SUM recoil_derivative 32 335 1.22\nEXACT_POLYNOMIAL_SUM recoil_derivative 48 335 1.344\nEXACT_POLYNOMIAL_SUM recoil_derivative 64 335 1.471\nEXACT_POLYNOMIAL_SUM recoil_derivative 80 335 1.592\nEXACT_POLYNOMIAL_SUM recoil_derivative 96 335 1.697\nEXACT_POLYNOMIAL_SUM recoil_derivative 112 335 1.833\nEXACT_POLYNOMIAL_SUM recoil_derivative 128 335 1.943\nEXACT_POLYNOMIAL_SUM recoil_derivative 144 335 2.065\nEXACT_POLYNOMIAL_SUM recoil_derivative 160 335 2.17\nEXACT_POLYNOMIAL_SUM recoil_derivative 176 335 2.283\nEXACT_POLYNOMIAL_SUM recoil_derivative 192 335 2.425\nEXACT_POLYNOMIAL_SUM recoil_derivative 208 335 2.538\nEXACT_POLYNOMIAL_SUM recoil_derivative 224 335 2.706\nEXACT_POLYNOMIAL_SUM recoil_derivative 240 335 2.891\nEXACT_POLYNOMIAL_SUM recoil_derivative 256 335 3.064\nEXACT_POLYNOMIAL_SUM recoil_derivative 272 335 3.201\nEXACT_POLYNOMIAL_SUM recoil_derivative 288 335 3.334\nEXACT_POLYNOMIAL_SUM recoil_derivative 304 335 3.513\nEXACT_POLYNOMIAL_SUM recoil_derivative 320 335 3.677\nEXACT_POLYNOMIAL_SUM recoil_derivative 335 335 3.868\nPASS: exact grouped denominator polynomial sum\n"
""
"RECOIL_POLYNOMIAL_ACCEPTED seconds "221.035828`8.796007668274143" input_bytes "317603880" output_bytes "14575048" backend_seconds "9.676416073001747
"REFERENCE_PRECOMPRESSION input_bytes "356215128" output_bytes "100626432
"FACTORED_REFERENCE_TERMS count "12449" input_bytes "40599680" skeleton_bytes "2712504" terms_bytes "40599680
"RECOIL_POLYNOMIAL_BACKEND_START input_bytes "40599680" transfer_bytes "5683171
"EXACT_DENOMINATOR_GROUPS 12449 10 0.369\nEXACT_GROUP_PREPARATION 10 10 4 0.403\nEXACT_POLYNOMIAL_SUM recoil_derivative 4 4 0.082\nPASS: exact grouped denominator polynomial sum\n"
""
"RECOIL_POLYNOMIAL_ACCEPTED seconds "29.263314`7.917868500876999" input_bytes "40599680" output_bytes "96904" backend_seconds "0.5160903900032281
"PASS: ""F2 original unpolarized finite hat {1, \"Regular\"}"
"REFERENCE_PRECOMPRESSION input_bytes "16" output_bytes "16
"PASS: ""F2 original unpolarized finite hat {-1, \"Delta\"}"
"REFERENCE_PRECOMPRESSION input_bytes "16" output_bytes "16
"PASS: ""F2 original unpolarized finite hat {-1, \"L0\"}"
"REFERENCE_PRECOMPRESSION input_bytes "16" output_bytes "16
"PASS: ""F2 original unpolarized finite hat {-1, \"L1\"}"
"FACTORED_REFERENCE_TERMS count "73997" input_bytes "359740440" skeleton_bytes "14112000" terms_bytes "363101704
"RECOIL_POLYNOMIAL_BACKEND_START input_bytes "359740440" transfer_bytes "47428354
"EXACT_DENOMINATOR_GROUPS 73997 335 2.106\nEXACT_GROUP_PREPARATION 16 335 16 2.201\nEXACT_GROUP_PREPARATION 32 335 32 2.286\nEXACT_GROUP_PREPARATION 48 335 48 2.363\nEXACT_GROUP_PREPARATION 64 335 64 2.432\nEXACT_GROUP_PREPARATION 80 335 80 2.514\nEXACT_GROUP_PREPARATION 96 335 96 2.566\nEXACT_GROUP_PREPARATION 112 335 112 2.637\nEXACT_GROUP_PREPARATION 128 335 128 2.669\nEXACT_GROUP_PREPARATION 144 335 144 2.717\nEXACT_GROUP_PREPARATION 160 335 160 2.757\nEXACT_GROUP_PREPARATION 176 335 176 2.778\nEXACT_GROUP_PREPARATION 192 335 192 2.803\nEXACT_GROUP_PREPARATION 208 335 208 2.83\nEXACT_GROUP_PREPARATION 224 335 224 2.881\nEXACT_GROUP_PREPARATION 240 335 240 2.935\nEXACT_GROUP_PREPARATION 256 335 256 3.054\nEXACT_GROUP_PREPARATION 272 335 272 3.175\nEXACT_GROUP_PREPARATION 288 335 288 3.343\nEXACT_GROUP_PREPARATION 304 335 304 3.412\nEXACT_GROUP_PREPARATION 320 335 320 3.46\nEXACT_GROUP_PREPARATION 335 335 335 3.49\nEXACT_POLYNOMIAL_SUM recoil_derivative 16 335 1.161\nEXACT_POLYNOMIAL_SUM recoil_derivative 32 335 1.284\nEXACT_POLYNOMIAL_SUM recoil_derivative 48 335 1.394\nEXACT_POLYNOMIAL_SUM recoil_derivative 64 335 1.533\nEXACT_POLYNOMIAL_SUM recoil_derivative 80 335 1.667\nEXACT_POLYNOMIAL_SUM recoil_derivative 96 335 1.782\nEXACT_POLYNOMIAL_SUM recoil_derivative 112 335 1.921\nEXACT_POLYNOMIAL_SUM recoil_derivative 128 335 2.032\nEXACT_POLYNOMIAL_SUM recoil_derivative 144 335 2.158\nEXACT_POLYNOMIAL_SUM recoil_derivative 160 335 2.261\nEXACT_POLYNOMIAL_SUM recoil_derivative 176 335 2.391\nEXACT_POLYNOMIAL_SUM recoil_derivative 192 335 2.534\nEXACT_POLYNOMIAL_SUM recoil_derivative 208 335 2.652\nEXACT_POLYNOMIAL_SUM recoil_derivative 224 335 2.823\nEXACT_POLYNOMIAL_SUM recoil_derivative 240 335 3.012\nEXACT_POLYNOMIAL_SUM recoil_derivative 256 335 3.197\nEXACT_POLYNOMIAL_SUM recoil_derivative 272 335 3.332\nEXACT_POLYNOMIAL_SUM recoil_derivative 288 335 3.475\nEXACT_POLYNOMIAL_SUM recoil_derivative 304 335 3.655\nEXACT_POLYNOMIAL_SUM recoil_derivative 320 335 3.837\nEXACT_POLYNOMIAL_SUM recoil_derivative 335 335 4.098\nPASS: exact grouped denominator polynomial sum\n"
""

No more memory available.
Mathematica kernel has shut down.
Try quitting other applications and then retry.
