"PASS: ""authorized local finite assembly"
"PASS: ""complete source syntax"
"PASS: ""known assembly channel"
"PASS: ""pinned original final assembly"
"PASS: ""required input common/s02_result/s02_result.wl"
"PASS: ""required input common/s06_result/s06_result.wl"
"PASS: ""accepted spin basis and scalar library"
"PASS: ""s02 pinned library geometry"
"PASS: ""s08 pinned library geometry"
"PASS: ""required input misc/s11_result/s11_result.wl"
"PASS: ""actual accepted local integrated input"
"PASS: ""required input Hgg/s05_result/s05_result.wl"
"PASS: ""own native-subtraction assembly"
"PASS: ""required input Hgg/s11_native_result/s11_result.wl"
"PASS: ""bound accepted native subtraction"
"PASS: ""accepted integrated real tensor"
"PASS: ""accepted real tensor and subtraction"
"PASS: ""same physical spin and photon bases"
"PASS: ""matching explicit regulator scheme"
"PASS: ""pinned Hgg/s14_result/reference/phase_input.json"
"PASS: ""pinned Hgg/s11_result/reference/github_s09_result_s09_result.wl"
"PASS: ""pinned Hgg/s14_result/reference/unpolarized_F1_hat.wl"
"PASS: ""pinned Hgg/s14_result/reference/unpolarized_F2_hat.wl"
"PASS: ""reference hat symbols match inherited conventions"
"PASS: ""original projectors fully resolved"
"PASS: ""linear original scalar projectors"
"PASS: ""released spin tensor preserves exact frame"
"S14_INPUT_RELEASE "InputForm[<|"TensorBytes" -> 8515568, "MemoryBefore" -> 1005275696, "MemoryAfter" -> 997978576|>]
"PASS: ""incoming vector reconstructed in photon frame"
"PASS: ""original hat weights are independent of recoil and branch"
"PASS: ""small counterterm normalization"
"PASS: ""required input Hgg/s01_result/reference/s01_result/s01_inputs/s01_result/real.wl"
"PASS: ""generated fields match momenta"
"PASS: ""one tagged momentum"
"PASS: ""one small-channel sector"
"PASS: ""spectator weight matches contracted tensor"
"PASS: ""original small-channel phase normalization"
"PASS: ""real and subtraction coupling degrees match"
"PASS: ""no mixed color symbol contexts"
"PASS: ""unique integrated physical components"
"PASS: ""accepted reference phase implementation"
"PASS: ""unique original finite export"
"PASS: ""original finite assembly tail syntax"
"PASS: ""unique finite native export"
"PASS: ""unchanged finite assembly with compact storage"
"PASS: ""complete compact finite assembly syntax"
"PASS: ""accepted complete phase optimization"
"PASS: ""exact phase proof source and runtime"
"PASS: ""all original mathematical assembly inputs unchanged"
"PASS: ""pinned original Laurent implementation"
"PASS: ""unique complete Laurent definition"
"PASS: ""unique regulator expansion change"
"PASS: ""entire original Laurent algorithm retained"
"PASS: ""validated complete phase implementation installed"
"PASS: ""original complete assembly source pinned for reuse"
"PASS: ""accepted exact scoped Laurent predicate"
"PASS: ""bound accepted predicate parent generation"
"PASS: ""accepted full-component parent generation"
"PASS: ""accepted exact pole summation proof"
"PASS: ""exact sum proof source and control"
"PASS: ""unique original pole simplifier source"
"PASS: ""all original pole and finite gates retained"
"PASS: ""accepted complete actual final comparison"
"PASS: ""exact reference helper source and runtime"
"PASS: ""unique complete native polynomial implementation"
"PASS: ""all transfer equations and gates unchanged"
"PASS: ""unique native Hgg finite export"
"PASS: ""all original final Hgg gates retained"
"PASS: ""pinned accepted finite checkpoint {{1, 1, 1}, 1, \"Delta\"}"
"PASS: ""exact accepted finite checkpoint identity {{1, 1, 1}, 1, \"Delta\"}"
"PASS: ""pinned accepted finite checkpoint {{1, 1, 1}, 1, \"L0\"}"
"PASS: ""exact accepted finite checkpoint identity {{1, 1, 1}, 1, \"L0\"}"
"PASS: ""pinned accepted finite checkpoint {{1, 1, 1}, 1, \"L1\"}"
"PASS: ""exact accepted finite checkpoint identity {{1, 1, 1}, 1, \"L1\"}"
"PASS: ""pinned accepted finite checkpoint {{1, 1, 1}, 1, \"Regular\"}"
"PASS: ""exact accepted finite checkpoint identity {{1, 1, 1}, 1, \"Regular\"}"
"PASS: ""pinned accepted finite checkpoint {{1, 1, 1}, -1, \"Delta\"}"
"PASS: ""exact accepted finite checkpoint identity {{1, 1, 1}, -1, \"Delta\"}"
"PASS: ""pinned accepted finite checkpoint {{1, 1, 1}, -1, \"L0\"}"
"PASS: ""exact accepted finite checkpoint identity {{1, 1, 1}, -1, \"L0\"}"
"PASS: ""pinned accepted finite checkpoint {{1, 1, 1}, -1, \"L1\"}"
"PASS: ""exact accepted finite checkpoint identity {{1, 1, 1}, -1, \"L1\"}"
"PASS: ""pinned accepted finite checkpoint {{1, 1, 1}, -1, \"Regular\"}"
"PASS: ""exact accepted finite checkpoint identity {{1, 1, 1}, -1, \"Regular\"}"
"PASS: ""real endpoint branches share a boundary"
"PASS: ""pinned accepted finite checkpoint {{1, 1, 1}, 0, \"Delta\"}"
"PASS: ""exact accepted finite checkpoint identity {{1, 1, 1}, 0, \"Delta\"}"
"PASS: ""pinned accepted finite checkpoint {{1, 1, 1}, 0, \"L0\"}"
"PASS: ""exact accepted finite checkpoint identity {{1, 1, 1}, 0, \"L0\"}"
"PASS: ""pinned accepted finite checkpoint {{1, 1, 1}, 0, \"L1\"}"
"PASS: ""exact accepted finite checkpoint identity {{1, 1, 1}, 0, \"L1\"}"
"PASS: ""pinned accepted finite checkpoint {{1, 1, 1}, 0, \"Regular\"}"
"PASS: ""exact accepted finite checkpoint identity {{1, 1, 1}, 0, \"Regular\"}"
"PASS: ""finite physical component"
"FINITE_COMPONENT_MEMORY "{1, 1, 1}" before "1046832776" after "1142225800
"PASS: ""pinned accepted finite checkpoint {{1, 1, 2}, 1, \"Delta\"}"
"PASS: ""exact accepted finite checkpoint identity {{1, 1, 2}, 1, \"Delta\"}"
"PASS: ""pinned accepted finite checkpoint {{1, 1, 2}, 1, \"L0\"}"
"PASS: ""exact accepted finite checkpoint identity {{1, 1, 2}, 1, \"L0\"}"
"PASS: ""pinned accepted finite checkpoint {{1, 1, 2}, 1, \"L1\"}"
"PASS: ""exact accepted finite checkpoint identity {{1, 1, 2}, 1, \"L1\"}"
"PASS: ""pinned accepted finite checkpoint {{1, 1, 2}, 1, \"Regular\"}"
"PASS: ""exact accepted finite checkpoint identity {{1, 1, 2}, 1, \"Regular\"}"
"PASS: ""pinned accepted finite checkpoint {{1, 1, 2}, -1, \"Delta\"}"
"PASS: ""exact accepted finite checkpoint identity {{1, 1, 2}, -1, \"Delta\"}"
"PASS: ""pinned accepted finite checkpoint {{1, 1, 2}, -1, \"L0\"}"
"PASS: ""exact accepted finite checkpoint identity {{1, 1, 2}, -1, \"L0\"}"
"PASS: ""pinned accepted finite checkpoint {{1, 1, 2}, -1, \"L1\"}"
"PASS: ""exact accepted finite checkpoint identity {{1, 1, 2}, -1, \"L1\"}"
"PASS: ""pinned accepted finite checkpoint {{1, 1, 2}, -1, \"Regular\"}"
"PASS: ""exact accepted finite checkpoint identity {{1, 1, 2}, -1, \"Regular\"}"
"PASS: ""real endpoint branches share a boundary"
"PASS: ""pinned accepted finite checkpoint {{1, 1, 2}, 0, \"Delta\"}"
"PASS: ""exact accepted finite checkpoint identity {{1, 1, 2}, 0, \"Delta\"}"
"PASS: ""pinned accepted finite checkpoint {{1, 1, 2}, 0, \"L0\"}"
"PASS: ""exact accepted finite checkpoint identity {{1, 1, 2}, 0, \"L0\"}"
"PASS: ""pinned accepted finite checkpoint {{1, 1, 2}, 0, \"L1\"}"
"PASS: ""exact accepted finite checkpoint identity {{1, 1, 2}, 0, \"L1\"}"
"PASS: ""pinned accepted finite checkpoint {{1, 1, 2}, 0, \"Regular\"}"
"PASS: ""exact accepted finite checkpoint identity {{1, 1, 2}, 0, \"Regular\"}"
"PASS: ""finite physical component"
"FINITE_COMPONENT_MEMORY "{1, 1, 2}" before "1142226912" after "1207023568
"PASS: ""pinned accepted finite checkpoint {{1, 1, 3}, 1, \"Delta\"}"
"PASS: ""exact accepted finite checkpoint identity {{1, 1, 3}, 1, \"Delta\"}"
"PASS: ""pinned accepted finite checkpoint {{1, 1, 3}, 1, \"L0\"}"
"PASS: ""exact accepted finite checkpoint identity {{1, 1, 3}, 1, \"L0\"}"
"PASS: ""pinned accepted finite checkpoint {{1, 1, 3}, 1, \"L1\"}"
"PASS: ""exact accepted finite checkpoint identity {{1, 1, 3}, 1, \"L1\"}"
"PASS: ""pinned accepted finite checkpoint {{1, 1, 3}, 1, \"Regular\"}"
"PASS: ""exact accepted finite checkpoint identity {{1, 1, 3}, 1, \"Regular\"}"
"PASS: ""pinned accepted finite checkpoint {{1, 1, 3}, -1, \"Delta\"}"
"PASS: ""exact accepted finite checkpoint identity {{1, 1, 3}, -1, \"Delta\"}"
"PASS: ""pinned accepted finite checkpoint {{1, 1, 3}, -1, \"L0\"}"
"PASS: ""exact accepted finite checkpoint identity {{1, 1, 3}, -1, \"L0\"}"
"PASS: ""pinned accepted finite checkpoint {{1, 1, 3}, -1, \"L1\"}"
"PASS: ""exact accepted finite checkpoint identity {{1, 1, 3}, -1, \"L1\"}"
"PASS: ""pinned accepted finite checkpoint {{1, 1, 3}, -1, \"Regular\"}"
"PASS: ""exact accepted finite checkpoint identity {{1, 1, 3}, -1, \"Regular\"}"
"PASS: ""real endpoint branches share a boundary"
"PASS: ""pinned accepted finite checkpoint {{1, 1, 3}, 0, \"Delta\"}"
"PASS: ""exact accepted finite checkpoint identity {{1, 1, 3}, 0, \"Delta\"}"
"PASS: ""pinned accepted finite checkpoint {{1, 1, 3}, 0, \"L0\"}"
"PASS: ""exact accepted finite checkpoint identity {{1, 1, 3}, 0, \"L0\"}"
"PASS: ""pinned accepted finite checkpoint {{1, 1, 3}, 0, \"L1\"}"
"PASS: ""exact accepted finite checkpoint identity {{1, 1, 3}, 0, \"L1\"}"
"PASS: ""pinned accepted finite checkpoint {{1, 1, 3}, 0, \"Regular\"}"
"PASS: ""exact accepted finite checkpoint identity {{1, 1, 3}, 0, \"Regular\"}"
"PASS: ""finite physical component"
"FINITE_COMPONENT_MEMORY "{1, 1, 3}" before "1207023464" after "1207041272
"PASS: ""pinned accepted finite checkpoint {{1, 1, 4}, 1, \"Delta\"}"
"PASS: ""exact accepted finite checkpoint identity {{1, 1, 4}, 1, \"Delta\"}"
"PASS: ""pinned accepted finite checkpoint {{1, 1, 4}, 1, \"L0\"}"
"PASS: ""exact accepted finite checkpoint identity {{1, 1, 4}, 1, \"L0\"}"
"PASS: ""pinned accepted finite checkpoint {{1, 1, 4}, 1, \"L1\"}"
"PASS: ""exact accepted finite checkpoint identity {{1, 1, 4}, 1, \"L1\"}"
"PASS: ""pinned accepted finite checkpoint {{1, 1, 4}, 1, \"Regular\"}"
"PASS: ""exact accepted finite checkpoint identity {{1, 1, 4}, 1, \"Regular\"}"
"PASS: ""pinned accepted finite checkpoint {{1, 1, 4}, -1, \"Delta\"}"
"PASS: ""exact accepted finite checkpoint identity {{1, 1, 4}, -1, \"Delta\"}"
"PASS: ""pinned accepted finite checkpoint {{1, 1, 4}, -1, \"L0\"}"
"PASS: ""exact accepted finite checkpoint identity {{1, 1, 4}, -1, \"L0\"}"
"PASS: ""pinned accepted finite checkpoint {{1, 1, 4}, -1, \"L1\"}"
"PASS: ""exact accepted finite checkpoint identity {{1, 1, 4}, -1, \"L1\"}"
"PASS: ""pinned accepted finite checkpoint {{1, 1, 4}, -1, \"Regular\"}"
"PASS: ""exact accepted finite checkpoint identity {{1, 1, 4}, -1, \"Regular\"}"
"PASS: ""real endpoint branches share a boundary"
"PASS: ""pinned accepted finite checkpoint {{1, 1, 4}, 0, \"Delta\"}"
"PASS: ""exact accepted finite checkpoint identity {{1, 1, 4}, 0, \"Delta\"}"
"PASS: ""pinned accepted finite checkpoint {{1, 1, 4}, 0, \"L0\"}"
"PASS: ""exact accepted finite checkpoint identity {{1, 1, 4}, 0, \"L0\"}"
"PASS: ""pinned accepted finite checkpoint {{1, 1, 4}, 0, \"L1\"}"
"PASS: ""exact accepted finite checkpoint identity {{1, 1, 4}, 0, \"L1\"}"
"PASS: ""pinned accepted finite checkpoint {{1, 1, 4}, 0, \"Regular\"}"
"PASS: ""exact accepted finite checkpoint identity {{1, 1, 4}, 0, \"Regular\"}"
"PASS: ""finite physical component"
"FINITE_COMPONENT_MEMORY "{1, 1, 4}" before "1207041168" after "1207059456
"PASS: ""pinned accepted finite checkpoint {{1, 2, 1}, 1, \"Delta\"}"
"PASS: ""exact accepted finite checkpoint identity {{1, 2, 1}, 1, \"Delta\"}"
"PASS: ""pinned accepted finite checkpoint {{1, 2, 1}, 1, \"L0\"}"
"PASS: ""exact accepted finite checkpoint identity {{1, 2, 1}, 1, \"L0\"}"
"PASS: ""pinned accepted finite checkpoint {{1, 2, 1}, 1, \"L1\"}"
"PASS: ""exact accepted finite checkpoint identity {{1, 2, 1}, 1, \"L1\"}"
"PASS: ""pinned accepted finite checkpoint {{1, 2, 1}, 1, \"Regular\"}"
"PASS: ""exact accepted finite checkpoint identity {{1, 2, 1}, 1, \"Regular\"}"
"PASS: ""pinned accepted finite checkpoint {{1, 2, 1}, -1, \"Delta\"}"
"PASS: ""exact accepted finite checkpoint identity {{1, 2, 1}, -1, \"Delta\"}"
"PASS: ""pinned accepted finite checkpoint {{1, 2, 1}, -1, \"L0\"}"
"PASS: ""exact accepted finite checkpoint identity {{1, 2, 1}, -1, \"L0\"}"
"PASS: ""pinned accepted finite checkpoint {{1, 2, 1}, -1, \"L1\"}"
"PASS: ""exact accepted finite checkpoint identity {{1, 2, 1}, -1, \"L1\"}"
"PASS: ""pinned accepted finite checkpoint {{1, 2, 1}, -1, \"Regular\"}"
"PASS: ""exact accepted finite checkpoint identity {{1, 2, 1}, -1, \"Regular\"}"
"PASS: ""real endpoint branches share a boundary"
"PASS: ""pinned accepted finite checkpoint {{1, 2, 1}, 0, \"Delta\"}"
"PASS: ""exact accepted finite checkpoint identity {{1, 2, 1}, 0, \"Delta\"}"
"PASS: ""pinned accepted finite checkpoint {{1, 2, 1}, 0, \"L0\"}"
"PASS: ""exact accepted finite checkpoint identity {{1, 2, 1}, 0, \"L0\"}"
"PASS: ""pinned accepted finite checkpoint {{1, 2, 1}, 0, \"L1\"}"
"PASS: ""exact accepted finite checkpoint identity {{1, 2, 1}, 0, \"L1\"}"
"PASS: ""pinned accepted finite checkpoint {{1, 2, 1}, 0, \"Regular\"}"
"PASS: ""exact accepted finite checkpoint identity {{1, 2, 1}, 0, \"Regular\"}"
"PASS: ""finite physical component"
"FINITE_COMPONENT_MEMORY "{1, 2, 1}" before "1207059352" after "1269034856
"PASS: ""pinned accepted finite checkpoint {{1, 2, 2}, 1, \"Delta\"}"
"PASS: ""exact accepted finite checkpoint identity {{1, 2, 2}, 1, \"Delta\"}"
"PASS: ""pinned accepted finite checkpoint {{1, 2, 2}, 1, \"L0\"}"
"PASS: ""exact accepted finite checkpoint identity {{1, 2, 2}, 1, \"L0\"}"
"PASS: ""pinned accepted finite checkpoint {{1, 2, 2}, 1, \"L1\"}"
"PASS: ""exact accepted finite checkpoint identity {{1, 2, 2}, 1, \"L1\"}"
"PASS: ""pinned accepted finite checkpoint {{1, 2, 2}, 1, \"Regular\"}"
"PASS: ""exact accepted finite checkpoint identity {{1, 2, 2}, 1, \"Regular\"}"
"PASS: ""pinned accepted finite checkpoint {{1, 2, 2}, -1, \"Delta\"}"
"PASS: ""exact accepted finite checkpoint identity {{1, 2, 2}, -1, \"Delta\"}"
"PASS: ""pinned accepted finite checkpoint {{1, 2, 2}, -1, \"L0\"}"
"PASS: ""exact accepted finite checkpoint identity {{1, 2, 2}, -1, \"L0\"}"
"PASS: ""pinned accepted finite checkpoint {{1, 2, 2}, -1, \"L1\"}"
"PASS: ""exact accepted finite checkpoint identity {{1, 2, 2}, -1, \"L1\"}"
"PASS: ""pinned accepted finite checkpoint {{1, 2, 2}, -1, \"Regular\"}"
"PASS: ""exact accepted finite checkpoint identity {{1, 2, 2}, -1, \"Regular\"}"
"PASS: ""real endpoint branches share a boundary"
"PASS: ""pinned accepted finite checkpoint {{1, 2, 2}, 0, \"Delta\"}"
"PASS: ""exact accepted finite checkpoint identity {{1, 2, 2}, 0, \"Delta\"}"
"PASS: ""pinned accepted finite checkpoint {{1, 2, 2}, 0, \"L0\"}"
"PASS: ""exact accepted finite checkpoint identity {{1, 2, 2}, 0, \"L0\"}"
"PASS: ""pinned accepted finite checkpoint {{1, 2, 2}, 0, \"L1\"}"
"PASS: ""exact accepted finite checkpoint identity {{1, 2, 2}, 0, \"L1\"}"
"PASS: ""pinned accepted finite checkpoint {{1, 2, 2}, 0, \"Regular\"}"
"PASS: ""exact accepted finite checkpoint identity {{1, 2, 2}, 0, \"Regular\"}"
"PASS: ""finite physical component"
"FINITE_COMPONENT_MEMORY "{1, 2, 2}" before "1269034752" after "1363274144
"PASS: ""pinned accepted finite checkpoint {{1, 2, 3}, 1, \"Delta\"}"
"PASS: ""exact accepted finite checkpoint identity {{1, 2, 3}, 1, \"Delta\"}"
"PASS: ""pinned accepted finite checkpoint {{1, 2, 3}, 1, \"L0\"}"
"PASS: ""exact accepted finite checkpoint identity {{1, 2, 3}, 1, \"L0\"}"
"PASS: ""pinned accepted finite checkpoint {{1, 2, 3}, 1, \"L1\"}"
"PASS: ""exact accepted finite checkpoint identity {{1, 2, 3}, 1, \"L1\"}"
"PASS: ""pinned accepted finite checkpoint {{1, 2, 3}, 1, \"Regular\"}"
"PASS: ""exact accepted finite checkpoint identity {{1, 2, 3}, 1, \"Regular\"}"
"PASS: ""pinned accepted finite checkpoint {{1, 2, 3}, -1, \"Delta\"}"
"PASS: ""exact accepted finite checkpoint identity {{1, 2, 3}, -1, \"Delta\"}"
"PASS: ""pinned accepted finite checkpoint {{1, 2, 3}, -1, \"L0\"}"
"PASS: ""exact accepted finite checkpoint identity {{1, 2, 3}, -1, \"L0\"}"
"PASS: ""pinned accepted finite checkpoint {{1, 2, 3}, -1, \"L1\"}"
"PASS: ""exact accepted finite checkpoint identity {{1, 2, 3}, -1, \"L1\"}"
"PASS: ""pinned accepted finite checkpoint {{1, 2, 3}, -1, \"Regular\"}"
"PASS: ""exact accepted finite checkpoint identity {{1, 2, 3}, -1, \"Regular\"}"
"PASS: ""real endpoint branches share a boundary"
"PASS: ""pinned accepted finite checkpoint {{1, 2, 3}, 0, \"Delta\"}"
"PASS: ""exact accepted finite checkpoint identity {{1, 2, 3}, 0, \"Delta\"}"
"PASS: ""pinned accepted finite checkpoint {{1, 2, 3}, 0, \"L0\"}"
"PASS: ""exact accepted finite checkpoint identity {{1, 2, 3}, 0, \"L0\"}"
"PASS: ""pinned accepted finite checkpoint {{1, 2, 3}, 0, \"L1\"}"
"PASS: ""exact accepted finite checkpoint identity {{1, 2, 3}, 0, \"L1\"}"
"PASS: ""pinned accepted finite checkpoint {{1, 2, 3}, 0, \"Regular\"}"
"PASS: ""exact accepted finite checkpoint identity {{1, 2, 3}, 0, \"Regular\"}"
"PASS: ""finite physical component"
"FINITE_COMPONENT_MEMORY "{1, 2, 3}" before "1363274040" after "1363292448
"PASS: ""pinned accepted finite checkpoint {{1, 2, 4}, 1, \"Delta\"}"
"PASS: ""exact accepted finite checkpoint identity {{1, 2, 4}, 1, \"Delta\"}"
"PASS: ""pinned accepted finite checkpoint {{1, 2, 4}, 1, \"L0\"}"
"PASS: ""exact accepted finite checkpoint identity {{1, 2, 4}, 1, \"L0\"}"
"PASS: ""pinned accepted finite checkpoint {{1, 2, 4}, 1, \"L1\"}"
"PASS: ""exact accepted finite checkpoint identity {{1, 2, 4}, 1, \"L1\"}"
"PASS: ""pinned accepted finite checkpoint {{1, 2, 4}, 1, \"Regular\"}"
"PASS: ""exact accepted finite checkpoint identity {{1, 2, 4}, 1, \"Regular\"}"
"PASS: ""pinned accepted finite checkpoint {{1, 2, 4}, -1, \"Delta\"}"
"PASS: ""exact accepted finite checkpoint identity {{1, 2, 4}, -1, \"Delta\"}"
"PASS: ""pinned accepted finite checkpoint {{1, 2, 4}, -1, \"L0\"}"
"PASS: ""exact accepted finite checkpoint identity {{1, 2, 4}, -1, \"L0\"}"
"PASS: ""pinned accepted finite checkpoint {{1, 2, 4}, -1, \"L1\"}"
"PASS: ""exact accepted finite checkpoint identity {{1, 2, 4}, -1, \"L1\"}"
"PASS: ""pinned accepted finite checkpoint {{1, 2, 4}, -1, \"Regular\"}"
"PASS: ""exact accepted finite checkpoint identity {{1, 2, 4}, -1, \"Regular\"}"
"PASS: ""real endpoint branches share a boundary"
"PASS: ""pinned accepted finite checkpoint {{1, 2, 4}, 0, \"Delta\"}"
"PASS: ""exact accepted finite checkpoint identity {{1, 2, 4}, 0, \"Delta\"}"
"PASS: ""pinned accepted finite checkpoint {{1, 2, 4}, 0, \"L0\"}"
"PASS: ""exact accepted finite checkpoint identity {{1, 2, 4}, 0, \"L0\"}"
"PASS: ""pinned accepted finite checkpoint {{1, 2, 4}, 0, \"L1\"}"
"PASS: ""exact accepted finite checkpoint identity {{1, 2, 4}, 0, \"L1\"}"
"PASS: ""pinned accepted finite checkpoint {{1, 2, 4}, 0, \"Regular\"}"
"PASS: ""exact accepted finite checkpoint identity {{1, 2, 4}, 0, \"Regular\"}"
"PASS: ""finite physical component"
"FINITE_COMPONENT_MEMORY "{1, 2, 4}" before "1363292344" after "1363310664
"PASS: ""pinned accepted finite checkpoint {{1, 3, 1}, 1, \"Delta\"}"
"PASS: ""exact accepted finite checkpoint identity {{1, 3, 1}, 1, \"Delta\"}"
"PASS: ""pinned accepted finite checkpoint {{1, 3, 1}, 1, \"L0\"}"
"PASS: ""exact accepted finite checkpoint identity {{1, 3, 1}, 1, \"L0\"}"
"PASS: ""pinned accepted finite checkpoint {{1, 3, 1}, 1, \"L1\"}"
"PASS: ""exact accepted finite checkpoint identity {{1, 3, 1}, 1, \"L1\"}"
"PASS: ""pinned accepted finite checkpoint {{1, 3, 1}, 1, \"Regular\"}"
"PASS: ""exact accepted finite checkpoint identity {{1, 3, 1}, 1, \"Regular\"}"
"PASS: ""pinned accepted finite checkpoint {{1, 3, 1}, -1, \"Delta\"}"
"PASS: ""exact accepted finite checkpoint identity {{1, 3, 1}, -1, \"Delta\"}"
"PASS: ""pinned accepted finite checkpoint {{1, 3, 1}, -1, \"L0\"}"
"PASS: ""exact accepted finite checkpoint identity {{1, 3, 1}, -1, \"L0\"}"
"PASS: ""pinned accepted finite checkpoint {{1, 3, 1}, -1, \"L1\"}"
"PASS: ""exact accepted finite checkpoint identity {{1, 3, 1}, -1, \"L1\"}"
"PASS: ""pinned accepted finite checkpoint {{1, 3, 1}, -1, \"Regular\"}"
"PASS: ""exact accepted finite checkpoint identity {{1, 3, 1}, -1, \"Regular\"}"
"PASS: ""real endpoint branches share a boundary"
"PASS: ""pinned accepted finite checkpoint {{1, 3, 1}, 0, \"Delta\"}"
"PASS: ""exact accepted finite checkpoint identity {{1, 3, 1}, 0, \"Delta\"}"
"PASS: ""pinned accepted finite checkpoint {{1, 3, 1}, 0, \"L0\"}"
"PASS: ""exact accepted finite checkpoint identity {{1, 3, 1}, 0, \"L0\"}"
"PASS: ""pinned accepted finite checkpoint {{1, 3, 1}, 0, \"L1\"}"
"PASS: ""exact accepted finite checkpoint identity {{1, 3, 1}, 0, \"L1\"}"
"PASS: ""pinned accepted finite checkpoint {{1, 3, 1}, 0, \"Regular\"}"
"PASS: ""exact accepted finite checkpoint identity {{1, 3, 1}, 0, \"Regular\"}"
"PASS: ""finite physical component"
"FINITE_COMPONENT_MEMORY "{1, 3, 1}" before "1363310560" after "1363328480
"PASS: ""pinned accepted finite checkpoint {{1, 3, 2}, 1, \"Delta\"}"
"PASS: ""exact accepted finite checkpoint identity {{1, 3, 2}, 1, \"Delta\"}"
"PASS: ""pinned accepted finite checkpoint {{1, 3, 2}, 1, \"L0\"}"
"PASS: ""exact accepted finite checkpoint identity {{1, 3, 2}, 1, \"L0\"}"
"PASS: ""pinned accepted finite checkpoint {{1, 3, 2}, 1, \"L1\"}"
"PASS: ""exact accepted finite checkpoint identity {{1, 3, 2}, 1, \"L1\"}"
"PASS: ""pinned accepted finite checkpoint {{1, 3, 2}, 1, \"Regular\"}"
"PASS: ""exact accepted finite checkpoint identity {{1, 3, 2}, 1, \"Regular\"}"
"PASS: ""pinned accepted finite checkpoint {{1, 3, 2}, -1, \"Delta\"}"
"PASS: ""exact accepted finite checkpoint identity {{1, 3, 2}, -1, \"Delta\"}"
"PASS: ""pinned accepted finite checkpoint {{1, 3, 2}, -1, \"L0\"}"
"PASS: ""exact accepted finite checkpoint identity {{1, 3, 2}, -1, \"L0\"}"
"PASS: ""pinned accepted finite checkpoint {{1, 3, 2}, -1, \"L1\"}"
"PASS: ""exact accepted finite checkpoint identity {{1, 3, 2}, -1, \"L1\"}"
"PASS: ""pinned accepted finite checkpoint {{1, 3, 2}, -1, \"Regular\"}"
"PASS: ""exact accepted finite checkpoint identity {{1, 3, 2}, -1, \"Regular\"}"
"PASS: ""real endpoint branches share a boundary"
"PASS: ""pinned accepted finite checkpoint {{1, 3, 2}, 0, \"Delta\"}"
"PASS: ""exact accepted finite checkpoint identity {{1, 3, 2}, 0, \"Delta\"}"
"PASS: ""pinned accepted finite checkpoint {{1, 3, 2}, 0, \"L0\"}"
"PASS: ""exact accepted finite checkpoint identity {{1, 3, 2}, 0, \"L0\"}"
"PASS: ""pinned accepted finite checkpoint {{1, 3, 2}, 0, \"L1\"}"
"PASS: ""exact accepted finite checkpoint identity {{1, 3, 2}, 0, \"L1\"}"
"PASS: ""pinned accepted finite checkpoint {{1, 3, 2}, 0, \"Regular\"}"
"PASS: ""exact accepted finite checkpoint identity {{1, 3, 2}, 0, \"Regular\"}"
"PASS: ""finite physical component"
"FINITE_COMPONENT_MEMORY "{1, 3, 2}" before "1363328376" after "1363346616
"PASS: ""pinned accepted finite checkpoint {{1, 3, 3}, 1, \"Delta\"}"
"PASS: ""exact accepted finite checkpoint identity {{1, 3, 3}, 1, \"Delta\"}"
"PASS: ""pinned accepted finite checkpoint {{1, 3, 3}, 1, \"L0\"}"
"PASS: ""exact accepted finite checkpoint identity {{1, 3, 3}, 1, \"L0\"}"
"PASS: ""pinned accepted finite checkpoint {{1, 3, 3}, 1, \"L1\"}"
"PASS: ""exact accepted finite checkpoint identity {{1, 3, 3}, 1, \"L1\"}"
"PASS: ""pinned accepted finite checkpoint {{1, 3, 3}, 1, \"Regular\"}"
"PASS: ""exact accepted finite checkpoint identity {{1, 3, 3}, 1, \"Regular\"}"
"PASS: ""pinned accepted finite checkpoint {{1, 3, 3}, -1, \"Delta\"}"
"PASS: ""exact accepted finite checkpoint identity {{1, 3, 3}, -1, \"Delta\"}"
"PASS: ""pinned accepted finite checkpoint {{1, 3, 3}, -1, \"L0\"}"
"PASS: ""exact accepted finite checkpoint identity {{1, 3, 3}, -1, \"L0\"}"
"PASS: ""pinned accepted finite checkpoint {{1, 3, 3}, -1, \"L1\"}"
"PASS: ""exact accepted finite checkpoint identity {{1, 3, 3}, -1, \"L1\"}"
"PASS: ""pinned accepted finite checkpoint {{1, 3, 3}, -1, \"Regular\"}"
"PASS: ""exact accepted finite checkpoint identity {{1, 3, 3}, -1, \"Regular\"}"
"PASS: ""real endpoint branches share a boundary"
"PASS: ""pinned accepted finite checkpoint {{1, 3, 3}, 0, \"Delta\"}"
"PASS: ""exact accepted finite checkpoint identity {{1, 3, 3}, 0, \"Delta\"}"
"PASS: ""pinned accepted finite checkpoint {{1, 3, 3}, 0, \"L0\"}"
"PASS: ""exact accepted finite checkpoint identity {{1, 3, 3}, 0, \"L0\"}"
"PASS: ""pinned accepted finite checkpoint {{1, 3, 3}, 0, \"L1\"}"
"PASS: ""exact accepted finite checkpoint identity {{1, 3, 3}, 0, \"L1\"}"
"PASS: ""pinned accepted finite checkpoint {{1, 3, 3}, 0, \"Regular\"}"
"PASS: ""exact accepted finite checkpoint identity {{1, 3, 3}, 0, \"Regular\"}"
"PASS: ""finite physical component"
"FINITE_COMPONENT_MEMORY "{1, 3, 3}" before "1363346512" after "1414575200
"PASS: ""pinned accepted finite checkpoint {{1, 3, 4}, 1, \"Delta\"}"
"PASS: ""exact accepted finite checkpoint identity {{1, 3, 4}, 1, \"Delta\"}"
"PASS: ""pinned accepted finite checkpoint {{1, 3, 4}, 1, \"L0\"}"
"PASS: ""exact accepted finite checkpoint identity {{1, 3, 4}, 1, \"L0\"}"
"PASS: ""pinned accepted finite checkpoint {{1, 3, 4}, 1, \"L1\"}"
"PASS: ""exact accepted finite checkpoint identity {{1, 3, 4}, 1, \"L1\"}"
"PASS: ""pinned accepted finite checkpoint {{1, 3, 4}, 1, \"Regular\"}"
"PASS: ""exact accepted finite checkpoint identity {{1, 3, 4}, 1, \"Regular\"}"
"PASS: ""pinned accepted finite checkpoint {{1, 3, 4}, -1, \"Delta\"}"
"PASS: ""exact accepted finite checkpoint identity {{1, 3, 4}, -1, \"Delta\"}"
"PASS: ""pinned accepted finite checkpoint {{1, 3, 4}, -1, \"L0\"}"
"PASS: ""exact accepted finite checkpoint identity {{1, 3, 4}, -1, \"L0\"}"
"PASS: ""pinned accepted finite checkpoint {{1, 3, 4}, -1, \"L1\"}"
"PASS: ""exact accepted finite checkpoint identity {{1, 3, 4}, -1, \"L1\"}"
"PASS: ""pinned accepted finite checkpoint {{1, 3, 4}, -1, \"Regular\"}"
"PASS: ""exact accepted finite checkpoint identity {{1, 3, 4}, -1, \"Regular\"}"
"PASS: ""real endpoint branches share a boundary"
"PASS: ""pinned accepted finite checkpoint {{1, 3, 4}, 0, \"Delta\"}"
"PASS: ""exact accepted finite checkpoint identity {{1, 3, 4}, 0, \"Delta\"}"
"PASS: ""pinned accepted finite checkpoint {{1, 3, 4}, 0, \"L0\"}"
"PASS: ""exact accepted finite checkpoint identity {{1, 3, 4}, 0, \"L0\"}"
"PASS: ""pinned accepted finite checkpoint {{1, 3, 4}, 0, \"L1\"}"
"PASS: ""exact accepted finite checkpoint identity {{1, 3, 4}, 0, \"L1\"}"
"PASS: ""pinned accepted finite checkpoint {{1, 3, 4}, 0, \"Regular\"}"
"PASS: ""exact accepted finite checkpoint identity {{1, 3, 4}, 0, \"Regular\"}"
"PASS: ""finite physical component"
"FINITE_COMPONENT_MEMORY "{1, 3, 4}" before "1414575096" after "1414593392
"PASS: ""pinned accepted finite checkpoint {{1, 4, 1}, 1, \"Delta\"}"
"PASS: ""exact accepted finite checkpoint identity {{1, 4, 1}, 1, \"Delta\"}"
"PASS: ""pinned accepted finite checkpoint {{1, 4, 1}, 1, \"L0\"}"
"PASS: ""exact accepted finite checkpoint identity {{1, 4, 1}, 1, \"L0\"}"
"PASS: ""pinned accepted finite checkpoint {{1, 4, 1}, 1, \"L1\"}"
"PASS: ""exact accepted finite checkpoint identity {{1, 4, 1}, 1, \"L1\"}"
"PASS: ""pinned accepted finite checkpoint {{1, 4, 1}, 1, \"Regular\"}"
"PASS: ""exact accepted finite checkpoint identity {{1, 4, 1}, 1, \"Regular\"}"
"PASS: ""pinned accepted finite checkpoint {{1, 4, 1}, -1, \"Delta\"}"
"PASS: ""exact accepted finite checkpoint identity {{1, 4, 1}, -1, \"Delta\"}"
"PASS: ""pinned accepted finite checkpoint {{1, 4, 1}, -1, \"L0\"}"
"PASS: ""exact accepted finite checkpoint identity {{1, 4, 1}, -1, \"L0\"}"
"PASS: ""pinned accepted finite checkpoint {{1, 4, 1}, -1, \"L1\"}"
"PASS: ""exact accepted finite checkpoint identity {{1, 4, 1}, -1, \"L1\"}"
"PASS: ""pinned accepted finite checkpoint {{1, 4, 1}, -1, \"Regular\"}"
"PASS: ""exact accepted finite checkpoint identity {{1, 4, 1}, -1, \"Regular\"}"
"PASS: ""real endpoint branches share a boundary"
"PASS: ""pinned accepted finite checkpoint {{1, 4, 1}, 0, \"Delta\"}"
"PASS: ""exact accepted finite checkpoint identity {{1, 4, 1}, 0, \"Delta\"}"
"PASS: ""pinned accepted finite checkpoint {{1, 4, 1}, 0, \"L0\"}"
"PASS: ""exact accepted finite checkpoint identity {{1, 4, 1}, 0, \"L0\"}"
"PASS: ""pinned accepted finite checkpoint {{1, 4, 1}, 0, \"L1\"}"
"PASS: ""exact accepted finite checkpoint identity {{1, 4, 1}, 0, \"L1\"}"
"PASS: ""pinned accepted finite checkpoint {{1, 4, 1}, 0, \"Regular\"}"
"PASS: ""exact accepted finite checkpoint identity {{1, 4, 1}, 0, \"Regular\"}"
"PASS: ""finite physical component"
"FINITE_COMPONENT_MEMORY "{1, 4, 1}" before "1414593288" after "1414611168
"PASS: ""pinned accepted finite checkpoint {{1, 4, 2}, 1, \"Delta\"}"
"PASS: ""exact accepted finite checkpoint identity {{1, 4, 2}, 1, \"Delta\"}"
"PASS: ""pinned accepted finite checkpoint {{1, 4, 2}, 1, \"L0\"}"
"PASS: ""exact accepted finite checkpoint identity {{1, 4, 2}, 1, \"L0\"}"
"PASS: ""pinned accepted finite checkpoint {{1, 4, 2}, 1, \"L1\"}"
"PASS: ""exact accepted finite checkpoint identity {{1, 4, 2}, 1, \"L1\"}"
"PASS: ""pinned accepted finite checkpoint {{1, 4, 2}, 1, \"Regular\"}"
"PASS: ""exact accepted finite checkpoint identity {{1, 4, 2}, 1, \"Regular\"}"
"PASS: ""pinned accepted finite checkpoint {{1, 4, 2}, -1, \"Delta\"}"
"PASS: ""exact accepted finite checkpoint identity {{1, 4, 2}, -1, \"Delta\"}"
"PASS: ""pinned accepted finite checkpoint {{1, 4, 2}, -1, \"L0\"}"
"PASS: ""exact accepted finite checkpoint identity {{1, 4, 2}, -1, \"L0\"}"
"PASS: ""pinned accepted finite checkpoint {{1, 4, 2}, -1, \"L1\"}"
"PASS: ""exact accepted finite checkpoint identity {{1, 4, 2}, -1, \"L1\"}"
"PASS: ""pinned accepted finite checkpoint {{1, 4, 2}, -1, \"Regular\"}"
"PASS: ""exact accepted finite checkpoint identity {{1, 4, 2}, -1, \"Regular\"}"
"PASS: ""real endpoint branches share a boundary"
"PASS: ""pinned accepted finite checkpoint {{1, 4, 2}, 0, \"Delta\"}"
"PASS: ""exact accepted finite checkpoint identity {{1, 4, 2}, 0, \"Delta\"}"
"PASS: ""pinned accepted finite checkpoint {{1, 4, 2}, 0, \"L0\"}"
"PASS: ""exact accepted finite checkpoint identity {{1, 4, 2}, 0, \"L0\"}"
"PASS: ""pinned accepted finite checkpoint {{1, 4, 2}, 0, \"L1\"}"
"PASS: ""exact accepted finite checkpoint identity {{1, 4, 2}, 0, \"L1\"}"
"PASS: ""pinned accepted finite checkpoint {{1, 4, 2}, 0, \"Regular\"}"
"PASS: ""exact accepted finite checkpoint identity {{1, 4, 2}, 0, \"Regular\"}"
"PASS: ""finite physical component"
"FINITE_COMPONENT_MEMORY "{1, 4, 2}" before "1414611064" after "1414629024
"PASS: ""pinned accepted finite checkpoint {{1, 4, 3}, 1, \"Delta\"}"
"PASS: ""exact accepted finite checkpoint identity {{1, 4, 3}, 1, \"Delta\"}"
"PASS: ""pinned accepted finite checkpoint {{1, 4, 3}, 1, \"L0\"}"
"PASS: ""exact accepted finite checkpoint identity {{1, 4, 3}, 1, \"L0\"}"
"PASS: ""pinned accepted finite checkpoint {{1, 4, 3}, 1, \"L1\"}"
"PASS: ""exact accepted finite checkpoint identity {{1, 4, 3}, 1, \"L1\"}"
"PASS: ""pinned accepted finite checkpoint {{1, 4, 3}, 1, \"Regular\"}"
"PASS: ""exact accepted finite checkpoint identity {{1, 4, 3}, 1, \"Regular\"}"
"PASS: ""pinned accepted finite checkpoint {{1, 4, 3}, -1, \"Delta\"}"
"PASS: ""exact accepted finite checkpoint identity {{1, 4, 3}, -1, \"Delta\"}"
"PASS: ""pinned accepted finite checkpoint {{1, 4, 3}, -1, \"L0\"}"
"PASS: ""exact accepted finite checkpoint identity {{1, 4, 3}, -1, \"L0\"}"
"PASS: ""pinned accepted finite checkpoint {{1, 4, 3}, -1, \"L1\"}"
"PASS: ""exact accepted finite checkpoint identity {{1, 4, 3}, -1, \"L1\"}"
"PASS: ""pinned accepted finite checkpoint {{1, 4, 3}, -1, \"Regular\"}"
"PASS: ""exact accepted finite checkpoint identity {{1, 4, 3}, -1, \"Regular\"}"
"PASS: ""real endpoint branches share a boundary"
"PASS: ""pinned accepted finite checkpoint {{1, 4, 3}, 0, \"Delta\"}"
"PASS: ""exact accepted finite checkpoint identity {{1, 4, 3}, 0, \"Delta\"}"
"PASS: ""pinned accepted finite checkpoint {{1, 4, 3}, 0, \"L0\"}"
"PASS: ""exact accepted finite checkpoint identity {{1, 4, 3}, 0, \"L0\"}"
"PASS: ""pinned accepted finite checkpoint {{1, 4, 3}, 0, \"L1\"}"
"PASS: ""exact accepted finite checkpoint identity {{1, 4, 3}, 0, \"L1\"}"
"PASS: ""pinned accepted finite checkpoint {{1, 4, 3}, 0, \"Regular\"}"
"PASS: ""exact accepted finite checkpoint identity {{1, 4, 3}, 0, \"Regular\"}"
"PASS: ""finite physical component"
"FINITE_COMPONENT_MEMORY "{1, 4, 3}" before "1414628920" after "1414646984
"PASS: ""pinned accepted finite checkpoint {{1, 4, 4}, 1, \"Delta\"}"
"PASS: ""exact accepted finite checkpoint identity {{1, 4, 4}, 1, \"Delta\"}"
"PASS: ""pinned accepted finite checkpoint {{1, 4, 4}, 1, \"L0\"}"
"PASS: ""exact accepted finite checkpoint identity {{1, 4, 4}, 1, \"L0\"}"
"PASS: ""pinned accepted finite checkpoint {{1, 4, 4}, 1, \"L1\"}"
"PASS: ""exact accepted finite checkpoint identity {{1, 4, 4}, 1, \"L1\"}"
"PASS: ""pinned accepted finite checkpoint {{1, 4, 4}, 1, \"Regular\"}"
"PASS: ""exact accepted finite checkpoint identity {{1, 4, 4}, 1, \"Regular\"}"
"PASS: ""pinned accepted finite checkpoint {{1, 4, 4}, -1, \"Delta\"}"
"PASS: ""exact accepted finite checkpoint identity {{1, 4, 4}, -1, \"Delta\"}"
"PASS: ""pinned accepted finite checkpoint {{1, 4, 4}, -1, \"L0\"}"
"PASS: ""exact accepted finite checkpoint identity {{1, 4, 4}, -1, \"L0\"}"
"PASS: ""pinned accepted finite checkpoint {{1, 4, 4}, -1, \"L1\"}"
"PASS: ""exact accepted finite checkpoint identity {{1, 4, 4}, -1, \"L1\"}"
"PASS: ""pinned accepted finite checkpoint {{1, 4, 4}, -1, \"Regular\"}"
"PASS: ""exact accepted finite checkpoint identity {{1, 4, 4}, -1, \"Regular\"}"
"PASS: ""real endpoint branches share a boundary"
"PASS: ""pinned accepted finite checkpoint {{1, 4, 4}, 0, \"Delta\"}"
"PASS: ""exact accepted finite checkpoint identity {{1, 4, 4}, 0, \"Delta\"}"
"PASS: ""pinned accepted finite checkpoint {{1, 4, 4}, 0, \"L0\"}"
"PASS: ""exact accepted finite checkpoint identity {{1, 4, 4}, 0, \"L0\"}"
"PASS: ""pinned accepted finite checkpoint {{1, 4, 4}, 0, \"L1\"}"
"PASS: ""exact accepted finite checkpoint identity {{1, 4, 4}, 0, \"L1\"}"
"PASS: ""pinned accepted finite checkpoint {{1, 4, 4}, 0, \"Regular\"}"
"PASS: ""exact accepted finite checkpoint identity {{1, 4, 4}, 0, \"Regular\"}"
"PASS: ""finite physical component"
"FINITE_COMPONENT_MEMORY "{1, 4, 4}" before "1414646880" after "1430342512
"PASS: ""pinned accepted finite checkpoint {{2, 1, 1}, 1, \"Delta\"}"
"PASS: ""exact accepted finite checkpoint identity {{2, 1, 1}, 1, \"Delta\"}"
"PASS: ""pinned accepted finite checkpoint {{2, 1, 1}, 1, \"L0\"}"
"PASS: ""exact accepted finite checkpoint identity {{2, 1, 1}, 1, \"L0\"}"
"PASS: ""pinned accepted finite checkpoint {{2, 1, 1}, 1, \"L1\"}"
"PASS: ""exact accepted finite checkpoint identity {{2, 1, 1}, 1, \"L1\"}"
"PASS: ""pinned accepted finite checkpoint {{2, 1, 1}, 1, \"Regular\"}"
"PASS: ""exact accepted finite checkpoint identity {{2, 1, 1}, 1, \"Regular\"}"
"PASS: ""pinned accepted finite checkpoint {{2, 1, 1}, -1, \"Delta\"}"
"PASS: ""exact accepted finite checkpoint identity {{2, 1, 1}, -1, \"Delta\"}"
"PASS: ""pinned accepted finite checkpoint {{2, 1, 1}, -1, \"L0\"}"
"PASS: ""exact accepted finite checkpoint identity {{2, 1, 1}, -1, \"L0\"}"
"PASS: ""pinned accepted finite checkpoint {{2, 1, 1}, -1, \"L1\"}"
"PASS: ""exact accepted finite checkpoint identity {{2, 1, 1}, -1, \"L1\"}"
"PASS: ""pinned accepted finite checkpoint {{2, 1, 1}, -1, \"Regular\"}"
"PASS: ""exact accepted finite checkpoint identity {{2, 1, 1}, -1, \"Regular\"}"
"PASS: ""real endpoint branches share a boundary"
"PASS: ""pinned accepted finite checkpoint {{2, 1, 1}, 0, \"Delta\"}"
"PASS: ""exact accepted finite checkpoint identity {{2, 1, 1}, 0, \"Delta\"}"
"PASS: ""pinned accepted finite checkpoint {{2, 1, 1}, 0, \"L0\"}"
"PASS: ""exact accepted finite checkpoint identity {{2, 1, 1}, 0, \"L0\"}"
"PASS: ""pinned accepted finite checkpoint {{2, 1, 1}, 0, \"L1\"}"
"PASS: ""exact accepted finite checkpoint identity {{2, 1, 1}, 0, \"L1\"}"
"PASS: ""pinned accepted finite checkpoint {{2, 1, 1}, 0, \"Regular\"}"
"PASS: ""exact accepted finite checkpoint identity {{2, 1, 1}, 0, \"Regular\"}"
"PASS: ""finite physical component"
"FINITE_COMPONENT_MEMORY "{2, 1, 1}" before "1430342408" after "1709358864
"PASS: ""pinned accepted finite checkpoint {{2, 1, 2}, 1, \"Delta\"}"
"PASS: ""exact accepted finite checkpoint identity {{2, 1, 2}, 1, \"Delta\"}"
"PASS: ""pinned accepted finite checkpoint {{2, 1, 2}, 1, \"L0\"}"
"PASS: ""exact accepted finite checkpoint identity {{2, 1, 2}, 1, \"L0\"}"
"PASS: ""pinned accepted finite checkpoint {{2, 1, 2}, 1, \"L1\"}"
"PASS: ""exact accepted finite checkpoint identity {{2, 1, 2}, 1, \"L1\"}"
"PASS: ""pinned accepted finite checkpoint {{2, 1, 2}, 1, \"Regular\"}"
"PASS: ""exact accepted finite checkpoint identity {{2, 1, 2}, 1, \"Regular\"}"
"PASS: ""pinned accepted finite checkpoint {{2, 1, 2}, -1, \"Delta\"}"
"PASS: ""exact accepted finite checkpoint identity {{2, 1, 2}, -1, \"Delta\"}"
"PASS: ""pinned accepted finite checkpoint {{2, 1, 2}, -1, \"L0\"}"
"PASS: ""exact accepted finite checkpoint identity {{2, 1, 2}, -1, \"L0\"}"
"PASS: ""pinned accepted finite checkpoint {{2, 1, 2}, -1, \"L1\"}"
"PASS: ""exact accepted finite checkpoint identity {{2, 1, 2}, -1, \"L1\"}"
"PASS: ""pinned accepted finite checkpoint {{2, 1, 2}, -1, \"Regular\"}"
"PASS: ""exact accepted finite checkpoint identity {{2, 1, 2}, -1, \"Regular\"}"
"PASS: ""real endpoint branches share a boundary"
"PASS: ""pinned accepted finite checkpoint {{2, 1, 2}, 0, \"Delta\"}"
"PASS: ""exact accepted finite checkpoint identity {{2, 1, 2}, 0, \"Delta\"}"
"PASS: ""pinned accepted finite checkpoint {{2, 1, 2}, 0, \"L0\"}"
"PASS: ""exact accepted finite checkpoint identity {{2, 1, 2}, 0, \"L0\"}"
"PASS: ""pinned accepted finite checkpoint {{2, 1, 2}, 0, \"L1\"}"
"PASS: ""exact accepted finite checkpoint identity {{2, 1, 2}, 0, \"L1\"}"
"PASS: ""pinned accepted finite checkpoint {{2, 1, 2}, 0, \"Regular\"}"
"PASS: ""exact accepted finite checkpoint identity {{2, 1, 2}, 0, \"Regular\"}"
"PASS: ""finite physical component"
"FINITE_COMPONENT_MEMORY "{2, 1, 2}" before "1709358760" after "2046635216
"PASS: ""pinned accepted finite checkpoint {{2, 1, 3}, 1, \"Delta\"}"
"PASS: ""exact accepted finite checkpoint identity {{2, 1, 3}, 1, \"Delta\"}"
"PASS: ""pinned accepted finite checkpoint {{2, 1, 3}, 1, \"L0\"}"
"PASS: ""exact accepted finite checkpoint identity {{2, 1, 3}, 1, \"L0\"}"
"PASS: ""pinned accepted finite checkpoint {{2, 1, 3}, 1, \"L1\"}"
"PASS: ""exact accepted finite checkpoint identity {{2, 1, 3}, 1, \"L1\"}"
"PASS: ""pinned accepted finite checkpoint {{2, 1, 3}, 1, \"Regular\"}"
"PASS: ""exact accepted finite checkpoint identity {{2, 1, 3}, 1, \"Regular\"}"
"PASS: ""pinned accepted finite checkpoint {{2, 1, 3}, -1, \"Delta\"}"
"PASS: ""exact accepted finite checkpoint identity {{2, 1, 3}, -1, \"Delta\"}"
"PASS: ""pinned accepted finite checkpoint {{2, 1, 3}, -1, \"L0\"}"
"PASS: ""exact accepted finite checkpoint identity {{2, 1, 3}, -1, \"L0\"}"
"PASS: ""pinned accepted finite checkpoint {{2, 1, 3}, -1, \"L1\"}"
"PASS: ""exact accepted finite checkpoint identity {{2, 1, 3}, -1, \"L1\"}"
"PASS: ""pinned accepted finite checkpoint {{2, 1, 3}, -1, \"Regular\"}"
"PASS: ""exact accepted finite checkpoint identity {{2, 1, 3}, -1, \"Regular\"}"
"PASS: ""real endpoint branches share a boundary"
"PASS: ""pinned accepted finite checkpoint {{2, 1, 3}, 0, \"Delta\"}"
"PASS: ""exact accepted finite checkpoint identity {{2, 1, 3}, 0, \"Delta\"}"
"PASS: ""pinned accepted finite checkpoint {{2, 1, 3}, 0, \"L0\"}"
"PASS: ""exact accepted finite checkpoint identity {{2, 1, 3}, 0, \"L0\"}"
"PASS: ""pinned accepted finite checkpoint {{2, 1, 3}, 0, \"L1\"}"
"PASS: ""exact accepted finite checkpoint identity {{2, 1, 3}, 0, \"L1\"}"
"PASS: ""pinned accepted finite checkpoint {{2, 1, 3}, 0, \"Regular\"}"
"PASS: ""exact accepted finite checkpoint identity {{2, 1, 3}, 0, \"Regular\"}"
"PASS: ""finite physical component"
"FINITE_COMPONENT_MEMORY "{2, 1, 3}" before "2046635112" after "2046653016
"PASS: ""pinned accepted finite checkpoint {{2, 1, 4}, 1, \"Delta\"}"
"PASS: ""exact accepted finite checkpoint identity {{2, 1, 4}, 1, \"Delta\"}"
"PASS: ""pinned accepted finite checkpoint {{2, 1, 4}, 1, \"L0\"}"
"PASS: ""exact accepted finite checkpoint identity {{2, 1, 4}, 1, \"L0\"}"
"PASS: ""pinned accepted finite checkpoint {{2, 1, 4}, 1, \"L1\"}"
"PASS: ""exact accepted finite checkpoint identity {{2, 1, 4}, 1, \"L1\"}"
"PASS: ""pinned accepted finite checkpoint {{2, 1, 4}, 1, \"Regular\"}"
"PASS: ""exact accepted finite checkpoint identity {{2, 1, 4}, 1, \"Regular\"}"
"PASS: ""pinned accepted finite checkpoint {{2, 1, 4}, -1, \"Delta\"}"
"PASS: ""exact accepted finite checkpoint identity {{2, 1, 4}, -1, \"Delta\"}"
"PASS: ""pinned accepted finite checkpoint {{2, 1, 4}, -1, \"L0\"}"
"PASS: ""exact accepted finite checkpoint identity {{2, 1, 4}, -1, \"L0\"}"
"PASS: ""pinned accepted finite checkpoint {{2, 1, 4}, -1, \"L1\"}"
"PASS: ""exact accepted finite checkpoint identity {{2, 1, 4}, -1, \"L1\"}"
"PASS: ""pinned accepted finite checkpoint {{2, 1, 4}, -1, \"Regular\"}"
"PASS: ""exact accepted finite checkpoint identity {{2, 1, 4}, -1, \"Regular\"}"
"PASS: ""real endpoint branches share a boundary"
"PASS: ""pinned accepted finite checkpoint {{2, 1, 4}, 0, \"Delta\"}"
"PASS: ""exact accepted finite checkpoint identity {{2, 1, 4}, 0, \"Delta\"}"
"PASS: ""pinned accepted finite checkpoint {{2, 1, 4}, 0, \"L0\"}"
"PASS: ""exact accepted finite checkpoint identity {{2, 1, 4}, 0, \"L0\"}"
"PASS: ""pinned accepted finite checkpoint {{2, 1, 4}, 0, \"L1\"}"
"PASS: ""exact accepted finite checkpoint identity {{2, 1, 4}, 0, \"L1\"}"
"PASS: ""pinned accepted finite checkpoint {{2, 1, 4}, 0, \"Regular\"}"
"PASS: ""exact accepted finite checkpoint identity {{2, 1, 4}, 0, \"Regular\"}"
"PASS: ""finite physical component"
"FINITE_COMPONENT_MEMORY "{2, 1, 4}" before "2046652912" after "2046670856
"PASS: ""pinned accepted finite checkpoint {{2, 2, 1}, 1, \"Delta\"}"
"PASS: ""exact accepted finite checkpoint identity {{2, 2, 1}, 1, \"Delta\"}"
"PASS: ""pinned accepted finite checkpoint {{2, 2, 1}, 1, \"L0\"}"
"PASS: ""exact accepted finite checkpoint identity {{2, 2, 1}, 1, \"L0\"}"
"PASS: ""pinned accepted finite checkpoint {{2, 2, 1}, 1, \"L1\"}"
"PASS: ""exact accepted finite checkpoint identity {{2, 2, 1}, 1, \"L1\"}"
"PASS: ""pinned accepted finite checkpoint {{2, 2, 1}, 1, \"Regular\"}"
"PASS: ""exact accepted finite checkpoint identity {{2, 2, 1}, 1, \"Regular\"}"
"PASS: ""pinned accepted finite checkpoint {{2, 2, 1}, -1, \"Delta\"}"
"PASS: ""exact accepted finite checkpoint identity {{2, 2, 1}, -1, \"Delta\"}"
"PASS: ""pinned accepted finite checkpoint {{2, 2, 1}, -1, \"L0\"}"
"PASS: ""exact accepted finite checkpoint identity {{2, 2, 1}, -1, \"L0\"}"
"PASS: ""pinned accepted finite checkpoint {{2, 2, 1}, -1, \"L1\"}"
"PASS: ""exact accepted finite checkpoint identity {{2, 2, 1}, -1, \"L1\"}"
"PASS: ""pinned accepted finite checkpoint {{2, 2, 1}, -1, \"Regular\"}"
"PASS: ""exact accepted finite checkpoint identity {{2, 2, 1}, -1, \"Regular\"}"
"PASS: ""real endpoint branches share a boundary"
"PASS: ""pinned accepted finite checkpoint {{2, 2, 1}, 0, \"Delta\"}"
"PASS: ""exact accepted finite checkpoint identity {{2, 2, 1}, 0, \"Delta\"}"
"PASS: ""pinned accepted finite checkpoint {{2, 2, 1}, 0, \"L0\"}"
"PASS: ""exact accepted finite checkpoint identity {{2, 2, 1}, 0, \"L0\"}"
"PASS: ""pinned accepted finite checkpoint {{2, 2, 1}, 0, \"L1\"}"
"PASS: ""exact accepted finite checkpoint identity {{2, 2, 1}, 0, \"L1\"}"
"PASS: ""pinned accepted finite checkpoint {{2, 2, 1}, 0, \"Regular\"}"
"PASS: ""exact accepted finite checkpoint identity {{2, 2, 1}, 0, \"Regular\"}"
"PASS: ""finite physical component"
"FINITE_COMPONENT_MEMORY "{2, 2, 1}" before "2046670752" after "2377549656
"PASS: ""pinned accepted finite checkpoint {{2, 2, 2}, 1, \"Delta\"}"
"PASS: ""exact accepted finite checkpoint identity {{2, 2, 2}, 1, \"Delta\"}"
"PASS: ""pinned accepted finite checkpoint {{2, 2, 2}, 1, \"L0\"}"
"PASS: ""exact accepted finite checkpoint identity {{2, 2, 2}, 1, \"L0\"}"
"PASS: ""pinned accepted finite checkpoint {{2, 2, 2}, 1, \"L1\"}"
"PASS: ""exact accepted finite checkpoint identity {{2, 2, 2}, 1, \"L1\"}"
"PASS: ""pinned accepted finite checkpoint {{2, 2, 2}, 1, \"Regular\"}"
"PASS: ""exact accepted finite checkpoint identity {{2, 2, 2}, 1, \"Regular\"}"
"PASS: ""pinned accepted finite checkpoint {{2, 2, 2}, -1, \"Delta\"}"
"PASS: ""exact accepted finite checkpoint identity {{2, 2, 2}, -1, \"Delta\"}"
"PASS: ""pinned accepted finite checkpoint {{2, 2, 2}, -1, \"L0\"}"
"PASS: ""exact accepted finite checkpoint identity {{2, 2, 2}, -1, \"L0\"}"
"PASS: ""pinned accepted finite checkpoint {{2, 2, 2}, -1, \"L1\"}"
"PASS: ""exact accepted finite checkpoint identity {{2, 2, 2}, -1, \"L1\"}"
"PASS: ""pinned accepted finite checkpoint {{2, 2, 2}, -1, \"Regular\"}"
"PASS: ""exact accepted finite checkpoint identity {{2, 2, 2}, -1, \"Regular\"}"
"PASS: ""real endpoint branches share a boundary"
"PASS: ""pinned accepted finite checkpoint {{2, 2, 2}, 0, \"Delta\"}"
"PASS: ""exact accepted finite checkpoint identity {{2, 2, 2}, 0, \"Delta\"}"
"PASS: ""pinned accepted finite checkpoint {{2, 2, 2}, 0, \"L0\"}"
"PASS: ""exact accepted finite checkpoint identity {{2, 2, 2}, 0, \"L0\"}"
"PASS: ""pinned accepted finite checkpoint {{2, 2, 2}, 0, \"L1\"}"
"PASS: ""exact accepted finite checkpoint identity {{2, 2, 2}, 0, \"L1\"}"
"PASS: ""pinned accepted finite checkpoint {{2, 2, 2}, 0, \"Regular\"}"
"PASS: ""exact accepted finite checkpoint identity {{2, 2, 2}, 0, \"Regular\"}"
"PASS: ""finite physical component"
"FINITE_COMPONENT_MEMORY "{2, 2, 2}" before "2377549552" after "2640047360
"PASS: ""pinned accepted finite checkpoint {{2, 2, 3}, 1, \"Delta\"}"
"PASS: ""exact accepted finite checkpoint identity {{2, 2, 3}, 1, \"Delta\"}"
"PASS: ""pinned accepted finite checkpoint {{2, 2, 3}, 1, \"L0\"}"
"PASS: ""exact accepted finite checkpoint identity {{2, 2, 3}, 1, \"L0\"}"
"PASS: ""pinned accepted finite checkpoint {{2, 2, 3}, 1, \"L1\"}"
"PASS: ""exact accepted finite checkpoint identity {{2, 2, 3}, 1, \"L1\"}"
"PASS: ""pinned accepted finite checkpoint {{2, 2, 3}, 1, \"Regular\"}"
"PASS: ""exact accepted finite checkpoint identity {{2, 2, 3}, 1, \"Regular\"}"
"PASS: ""pinned accepted finite checkpoint {{2, 2, 3}, -1, \"Delta\"}"
"PASS: ""exact accepted finite checkpoint identity {{2, 2, 3}, -1, \"Delta\"}"
"PASS: ""pinned accepted finite checkpoint {{2, 2, 3}, -1, \"L0\"}"
"PASS: ""exact accepted finite checkpoint identity {{2, 2, 3}, -1, \"L0\"}"
"PASS: ""pinned accepted finite checkpoint {{2, 2, 3}, -1, \"L1\"}"
"PASS: ""exact accepted finite checkpoint identity {{2, 2, 3}, -1, \"L1\"}"
"PASS: ""pinned accepted finite checkpoint {{2, 2, 3}, -1, \"Regular\"}"
"PASS: ""exact accepted finite checkpoint identity {{2, 2, 3}, -1, \"Regular\"}"
"PASS: ""real endpoint branches share a boundary"
"PASS: ""pinned accepted finite checkpoint {{2, 2, 3}, 0, \"Delta\"}"
"PASS: ""exact accepted finite checkpoint identity {{2, 2, 3}, 0, \"Delta\"}"
"PASS: ""pinned accepted finite checkpoint {{2, 2, 3}, 0, \"L0\"}"
"PASS: ""exact accepted finite checkpoint identity {{2, 2, 3}, 0, \"L0\"}"
"PASS: ""pinned accepted finite checkpoint {{2, 2, 3}, 0, \"L1\"}"
"PASS: ""exact accepted finite checkpoint identity {{2, 2, 3}, 0, \"L1\"}"
"PASS: ""pinned accepted finite checkpoint {{2, 2, 3}, 0, \"Regular\"}"
"PASS: ""exact accepted finite checkpoint identity {{2, 2, 3}, 0, \"Regular\"}"
"PASS: ""finite physical component"
"FINITE_COMPONENT_MEMORY "{2, 2, 3}" before "2640047256" after "2640065248
"PASS: ""pinned accepted finite checkpoint {{2, 2, 4}, 1, \"Delta\"}"
"PASS: ""exact accepted finite checkpoint identity {{2, 2, 4}, 1, \"Delta\"}"
"PASS: ""pinned accepted finite checkpoint {{2, 2, 4}, 1, \"L0\"}"
"PASS: ""exact accepted finite checkpoint identity {{2, 2, 4}, 1, \"L0\"}"
"PASS: ""pinned accepted finite checkpoint {{2, 2, 4}, 1, \"L1\"}"
"PASS: ""exact accepted finite checkpoint identity {{2, 2, 4}, 1, \"L1\"}"
"PASS: ""pinned accepted finite checkpoint {{2, 2, 4}, 1, \"Regular\"}"
"PASS: ""exact accepted finite checkpoint identity {{2, 2, 4}, 1, \"Regular\"}"
"PASS: ""pinned accepted finite checkpoint {{2, 2, 4}, -1, \"Delta\"}"
"PASS: ""exact accepted finite checkpoint identity {{2, 2, 4}, -1, \"Delta\"}"
"PASS: ""pinned accepted finite checkpoint {{2, 2, 4}, -1, \"L0\"}"
"PASS: ""exact accepted finite checkpoint identity {{2, 2, 4}, -1, \"L0\"}"
"PASS: ""pinned accepted finite checkpoint {{2, 2, 4}, -1, \"L1\"}"
"PASS: ""exact accepted finite checkpoint identity {{2, 2, 4}, -1, \"L1\"}"
"PASS: ""pinned accepted finite checkpoint {{2, 2, 4}, -1, \"Regular\"}"
"PASS: ""exact accepted finite checkpoint identity {{2, 2, 4}, -1, \"Regular\"}"
"PASS: ""real endpoint branches share a boundary"
"PASS: ""pinned accepted finite checkpoint {{2, 2, 4}, 0, \"Delta\"}"
"PASS: ""exact accepted finite checkpoint identity {{2, 2, 4}, 0, \"Delta\"}"
"PASS: ""pinned accepted finite checkpoint {{2, 2, 4}, 0, \"L0\"}"
"PASS: ""exact accepted finite checkpoint identity {{2, 2, 4}, 0, \"L0\"}"
"PASS: ""pinned accepted finite checkpoint {{2, 2, 4}, 0, \"L1\"}"
"PASS: ""exact accepted finite checkpoint identity {{2, 2, 4}, 0, \"L1\"}"
"PASS: ""pinned accepted finite checkpoint {{2, 2, 4}, 0, \"Regular\"}"
"PASS: ""exact accepted finite checkpoint identity {{2, 2, 4}, 0, \"Regular\"}"
"PASS: ""finite physical component"
"FINITE_COMPONENT_MEMORY "{2, 2, 4}" before "2640065144" after "2640083032
"PASS: ""pinned accepted finite checkpoint {{2, 3, 1}, 1, \"Delta\"}"
"PASS: ""exact accepted finite checkpoint identity {{2, 3, 1}, 1, \"Delta\"}"
"PASS: ""pinned accepted finite checkpoint {{2, 3, 1}, 1, \"L0\"}"
"PASS: ""exact accepted finite checkpoint identity {{2, 3, 1}, 1, \"L0\"}"
"PASS: ""pinned accepted finite checkpoint {{2, 3, 1}, 1, \"L1\"}"
"PASS: ""exact accepted finite checkpoint identity {{2, 3, 1}, 1, \"L1\"}"
"PASS: ""pinned accepted finite checkpoint {{2, 3, 1}, 1, \"Regular\"}"
"PASS: ""exact accepted finite checkpoint identity {{2, 3, 1}, 1, \"Regular\"}"
"PASS: ""pinned accepted finite checkpoint {{2, 3, 1}, -1, \"Delta\"}"
"PASS: ""exact accepted finite checkpoint identity {{2, 3, 1}, -1, \"Delta\"}"
"PASS: ""pinned accepted finite checkpoint {{2, 3, 1}, -1, \"L0\"}"
"PASS: ""exact accepted finite checkpoint identity {{2, 3, 1}, -1, \"L0\"}"
"PASS: ""pinned accepted finite checkpoint {{2, 3, 1}, -1, \"L1\"}"
"PASS: ""exact accepted finite checkpoint identity {{2, 3, 1}, -1, \"L1\"}"
"PASS: ""pinned accepted finite checkpoint {{2, 3, 1}, -1, \"Regular\"}"
"PASS: ""exact accepted finite checkpoint identity {{2, 3, 1}, -1, \"Regular\"}"
"PASS: ""real endpoint branches share a boundary"
"PASS: ""pinned accepted finite checkpoint {{2, 3, 1}, 0, \"Delta\"}"
"PASS: ""exact accepted finite checkpoint identity {{2, 3, 1}, 0, \"Delta\"}"
"PASS: ""pinned accepted finite checkpoint {{2, 3, 1}, 0, \"L0\"}"
"PASS: ""exact accepted finite checkpoint identity {{2, 3, 1}, 0, \"L0\"}"
"PASS: ""pinned accepted finite checkpoint {{2, 3, 1}, 0, \"L1\"}"
"PASS: ""exact accepted finite checkpoint identity {{2, 3, 1}, 0, \"L1\"}"
"PASS: ""pinned accepted finite checkpoint {{2, 3, 1}, 0, \"Regular\"}"
"PASS: ""exact accepted finite checkpoint identity {{2, 3, 1}, 0, \"Regular\"}"
"PASS: ""finite physical component"
"FINITE_COMPONENT_MEMORY "{2, 3, 1}" before "2640082928" after "2640100704
"PASS: ""pinned accepted finite checkpoint {{2, 3, 2}, 1, \"Delta\"}"
"PASS: ""exact accepted finite checkpoint identity {{2, 3, 2}, 1, \"Delta\"}"
"PASS: ""pinned accepted finite checkpoint {{2, 3, 2}, 1, \"L0\"}"
"PASS: ""exact accepted finite checkpoint identity {{2, 3, 2}, 1, \"L0\"}"
"PASS: ""pinned accepted finite checkpoint {{2, 3, 2}, 1, \"L1\"}"
"PASS: ""exact accepted finite checkpoint identity {{2, 3, 2}, 1, \"L1\"}"
"PASS: ""pinned accepted finite checkpoint {{2, 3, 2}, 1, \"Regular\"}"
"PASS: ""exact accepted finite checkpoint identity {{2, 3, 2}, 1, \"Regular\"}"
"PASS: ""pinned accepted finite checkpoint {{2, 3, 2}, -1, \"Delta\"}"
"PASS: ""exact accepted finite checkpoint identity {{2, 3, 2}, -1, \"Delta\"}"
"PASS: ""pinned accepted finite checkpoint {{2, 3, 2}, -1, \"L0\"}"
"PASS: ""exact accepted finite checkpoint identity {{2, 3, 2}, -1, \"L0\"}"
"PASS: ""pinned accepted finite checkpoint {{2, 3, 2}, -1, \"L1\"}"
"PASS: ""exact accepted finite checkpoint identity {{2, 3, 2}, -1, \"L1\"}"
"PASS: ""pinned accepted finite checkpoint {{2, 3, 2}, -1, \"Regular\"}"
"PASS: ""exact accepted finite checkpoint identity {{2, 3, 2}, -1, \"Regular\"}"
"PASS: ""real endpoint branches share a boundary"
"PASS: ""pinned accepted finite checkpoint {{2, 3, 2}, 0, \"Delta\"}"
"PASS: ""exact accepted finite checkpoint identity {{2, 3, 2}, 0, \"Delta\"}"
"PASS: ""pinned accepted finite checkpoint {{2, 3, 2}, 0, \"L0\"}"
"PASS: ""exact accepted finite checkpoint identity {{2, 3, 2}, 0, \"L0\"}"
"PASS: ""pinned accepted finite checkpoint {{2, 3, 2}, 0, \"L1\"}"
"PASS: ""exact accepted finite checkpoint identity {{2, 3, 2}, 0, \"L1\"}"
"PASS: ""pinned accepted finite checkpoint {{2, 3, 2}, 0, \"Regular\"}"
"PASS: ""exact accepted finite checkpoint identity {{2, 3, 2}, 0, \"Regular\"}"
"PASS: ""finite physical component"
"FINITE_COMPONENT_MEMORY "{2, 3, 2}" before "2640100600" after "2640118664
"PASS: ""pinned accepted finite checkpoint {{2, 3, 3}, 1, \"Delta\"}"
"PASS: ""exact accepted finite checkpoint identity {{2, 3, 3}, 1, \"Delta\"}"
"PASS: ""pinned accepted finite checkpoint {{2, 3, 3}, 1, \"L0\"}"
"PASS: ""exact accepted finite checkpoint identity {{2, 3, 3}, 1, \"L0\"}"
"PASS: ""pinned accepted finite checkpoint {{2, 3, 3}, 1, \"L1\"}"
"PASS: ""exact accepted finite checkpoint identity {{2, 3, 3}, 1, \"L1\"}"
"PASS: ""pinned accepted finite checkpoint {{2, 3, 3}, 1, \"Regular\"}"
"PASS: ""exact accepted finite checkpoint identity {{2, 3, 3}, 1, \"Regular\"}"
"PASS: ""pinned accepted finite checkpoint {{2, 3, 3}, -1, \"Delta\"}"
"PASS: ""exact accepted finite checkpoint identity {{2, 3, 3}, -1, \"Delta\"}"
"PASS: ""pinned accepted finite checkpoint {{2, 3, 3}, -1, \"L0\"}"
"PASS: ""exact accepted finite checkpoint identity {{2, 3, 3}, -1, \"L0\"}"
"PASS: ""pinned accepted finite checkpoint {{2, 3, 3}, -1, \"L1\"}"
"PASS: ""exact accepted finite checkpoint identity {{2, 3, 3}, -1, \"L1\"}"
"PASS: ""pinned accepted finite checkpoint {{2, 3, 3}, -1, \"Regular\"}"
"PASS: ""exact accepted finite checkpoint identity {{2, 3, 3}, -1, \"Regular\"}"
"PASS: ""real endpoint branches share a boundary"
"PASS: ""pinned accepted finite checkpoint {{2, 3, 3}, 0, \"Delta\"}"
"PASS: ""exact accepted finite checkpoint identity {{2, 3, 3}, 0, \"Delta\"}"
"PASS: ""pinned accepted finite checkpoint {{2, 3, 3}, 0, \"L0\"}"
"PASS: ""exact accepted finite checkpoint identity {{2, 3, 3}, 0, \"L0\"}"
"PASS: ""pinned accepted finite checkpoint {{2, 3, 3}, 0, \"L1\"}"
"PASS: ""exact accepted finite checkpoint identity {{2, 3, 3}, 0, \"L1\"}"
"PASS: ""pinned accepted finite checkpoint {{2, 3, 3}, 0, \"Regular\"}"
"PASS: ""exact accepted finite checkpoint identity {{2, 3, 3}, 0, \"Regular\"}"
"PASS: ""finite physical component"
"FINITE_COMPONENT_MEMORY "{2, 3, 3}" before "2640118560" after "2831084384
"PASS: ""pinned accepted finite checkpoint {{2, 3, 4}, 1, \"Delta\"}"
"PASS: ""exact accepted finite checkpoint identity {{2, 3, 4}, 1, \"Delta\"}"
"PASS: ""pinned accepted finite checkpoint {{2, 3, 4}, 1, \"L0\"}"
"PASS: ""exact accepted finite checkpoint identity {{2, 3, 4}, 1, \"L0\"}"
"PASS: ""pinned accepted finite checkpoint {{2, 3, 4}, 1, \"L1\"}"
"PASS: ""exact accepted finite checkpoint identity {{2, 3, 4}, 1, \"L1\"}"
"PASS: ""pinned accepted finite checkpoint {{2, 3, 4}, 1, \"Regular\"}"
"PASS: ""exact accepted finite checkpoint identity {{2, 3, 4}, 1, \"Regular\"}"
"PASS: ""pinned accepted finite checkpoint {{2, 3, 4}, -1, \"Delta\"}"
"PASS: ""exact accepted finite checkpoint identity {{2, 3, 4}, -1, \"Delta\"}"
"PASS: ""pinned accepted finite checkpoint {{2, 3, 4}, -1, \"L0\"}"
"PASS: ""exact accepted finite checkpoint identity {{2, 3, 4}, -1, \"L0\"}"
"PASS: ""pinned accepted finite checkpoint {{2, 3, 4}, -1, \"L1\"}"
"PASS: ""exact accepted finite checkpoint identity {{2, 3, 4}, -1, \"L1\"}"
"PASS: ""pinned accepted finite checkpoint {{2, 3, 4}, -1, \"Regular\"}"
"PASS: ""exact accepted finite checkpoint identity {{2, 3, 4}, -1, \"Regular\"}"
"PASS: ""real endpoint branches share a boundary"
"PASS: ""pinned accepted finite checkpoint {{2, 3, 4}, 0, \"Delta\"}"
"PASS: ""exact accepted finite checkpoint identity {{2, 3, 4}, 0, \"Delta\"}"
"PASS: ""pinned accepted finite checkpoint {{2, 3, 4}, 0, \"L0\"}"
"PASS: ""exact accepted finite checkpoint identity {{2, 3, 4}, 0, \"L0\"}"
"PASS: ""pinned accepted finite checkpoint {{2, 3, 4}, 0, \"L1\"}"
"PASS: ""exact accepted finite checkpoint identity {{2, 3, 4}, 0, \"L1\"}"
"PASS: ""pinned accepted finite checkpoint {{2, 3, 4}, 0, \"Regular\"}"
"PASS: ""exact accepted finite checkpoint identity {{2, 3, 4}, 0, \"Regular\"}"
"PASS: ""finite physical component"
"FINITE_COMPONENT_MEMORY "{2, 3, 4}" before "2831084280" after "2831102256
"PASS: ""pinned accepted finite checkpoint {{2, 4, 1}, 1, \"Delta\"}"
"PASS: ""exact accepted finite checkpoint identity {{2, 4, 1}, 1, \"Delta\"}"
"PASS: ""pinned accepted finite checkpoint {{2, 4, 1}, 1, \"L0\"}"
"PASS: ""exact accepted finite checkpoint identity {{2, 4, 1}, 1, \"L0\"}"
"PASS: ""pinned accepted finite checkpoint {{2, 4, 1}, 1, \"L1\"}"
"PASS: ""exact accepted finite checkpoint identity {{2, 4, 1}, 1, \"L1\"}"
"PASS: ""pinned accepted finite checkpoint {{2, 4, 1}, 1, \"Regular\"}"
"PASS: ""exact accepted finite checkpoint identity {{2, 4, 1}, 1, \"Regular\"}"
"PASS: ""pinned accepted finite checkpoint {{2, 4, 1}, -1, \"Delta\"}"
"PASS: ""exact accepted finite checkpoint identity {{2, 4, 1}, -1, \"Delta\"}"
"PASS: ""pinned accepted finite checkpoint {{2, 4, 1}, -1, \"L0\"}"
"PASS: ""exact accepted finite checkpoint identity {{2, 4, 1}, -1, \"L0\"}"
"PASS: ""pinned accepted finite checkpoint {{2, 4, 1}, -1, \"L1\"}"
"PASS: ""exact accepted finite checkpoint identity {{2, 4, 1}, -1, \"L1\"}"
"PASS: ""pinned accepted finite checkpoint {{2, 4, 1}, -1, \"Regular\"}"
"PASS: ""exact accepted finite checkpoint identity {{2, 4, 1}, -1, \"Regular\"}"
"PASS: ""real endpoint branches share a boundary"
"PASS: ""pinned accepted finite checkpoint {{2, 4, 1}, 0, \"Delta\"}"
"PASS: ""exact accepted finite checkpoint identity {{2, 4, 1}, 0, \"Delta\"}"
"PASS: ""pinned accepted finite checkpoint {{2, 4, 1}, 0, \"L0\"}"
"PASS: ""exact accepted finite checkpoint identity {{2, 4, 1}, 0, \"L0\"}"
"PASS: ""pinned accepted finite checkpoint {{2, 4, 1}, 0, \"L1\"}"
"PASS: ""exact accepted finite checkpoint identity {{2, 4, 1}, 0, \"L1\"}"
"PASS: ""pinned accepted finite checkpoint {{2, 4, 1}, 0, \"Regular\"}"
"PASS: ""exact accepted finite checkpoint identity {{2, 4, 1}, 0, \"Regular\"}"
"PASS: ""finite physical component"
"FINITE_COMPONENT_MEMORY "{2, 4, 1}" before "2831102152" after "2831120192
"PASS: ""pinned accepted finite checkpoint {{2, 4, 2}, 1, \"Delta\"}"
"PASS: ""exact accepted finite checkpoint identity {{2, 4, 2}, 1, \"Delta\"}"
"PASS: ""pinned accepted finite checkpoint {{2, 4, 2}, 1, \"L0\"}"
"PASS: ""exact accepted finite checkpoint identity {{2, 4, 2}, 1, \"L0\"}"
"PASS: ""pinned accepted finite checkpoint {{2, 4, 2}, 1, \"L1\"}"
"PASS: ""exact accepted finite checkpoint identity {{2, 4, 2}, 1, \"L1\"}"
"PASS: ""pinned accepted finite checkpoint {{2, 4, 2}, 1, \"Regular\"}"
"PASS: ""exact accepted finite checkpoint identity {{2, 4, 2}, 1, \"Regular\"}"
"PASS: ""pinned accepted finite checkpoint {{2, 4, 2}, -1, \"Delta\"}"
"PASS: ""exact accepted finite checkpoint identity {{2, 4, 2}, -1, \"Delta\"}"
"PASS: ""pinned accepted finite checkpoint {{2, 4, 2}, -1, \"L0\"}"
"PASS: ""exact accepted finite checkpoint identity {{2, 4, 2}, -1, \"L0\"}"
"PASS: ""pinned accepted finite checkpoint {{2, 4, 2}, -1, \"L1\"}"
"PASS: ""exact accepted finite checkpoint identity {{2, 4, 2}, -1, \"L1\"}"
"PASS: ""pinned accepted finite checkpoint {{2, 4, 2}, -1, \"Regular\"}"
"PASS: ""exact accepted finite checkpoint identity {{2, 4, 2}, -1, \"Regular\"}"
"PASS: ""real endpoint branches share a boundary"
"PASS: ""pinned accepted finite checkpoint {{2, 4, 2}, 0, \"Delta\"}"
"PASS: ""exact accepted finite checkpoint identity {{2, 4, 2}, 0, \"Delta\"}"
"PASS: ""pinned accepted finite checkpoint {{2, 4, 2}, 0, \"L0\"}"
"PASS: ""exact accepted finite checkpoint identity {{2, 4, 2}, 0, \"L0\"}"
"PASS: ""pinned accepted finite checkpoint {{2, 4, 2}, 0, \"L1\"}"
"PASS: ""exact accepted finite checkpoint identity {{2, 4, 2}, 0, \"L1\"}"
"PASS: ""pinned accepted finite checkpoint {{2, 4, 2}, 0, \"Regular\"}"
"PASS: ""exact accepted finite checkpoint identity {{2, 4, 2}, 0, \"Regular\"}"
"PASS: ""finite physical component"
"FINITE_COMPONENT_MEMORY "{2, 4, 2}" before "2831120088" after "2831138128
"PASS: ""pinned accepted finite checkpoint {{2, 4, 3}, 1, \"Delta\"}"
"PASS: ""exact accepted finite checkpoint identity {{2, 4, 3}, 1, \"Delta\"}"
"PASS: ""pinned accepted finite checkpoint {{2, 4, 3}, 1, \"L0\"}"
"PASS: ""exact accepted finite checkpoint identity {{2, 4, 3}, 1, \"L0\"}"
"PASS: ""pinned accepted finite checkpoint {{2, 4, 3}, 1, \"L1\"}"
"PASS: ""exact accepted finite checkpoint identity {{2, 4, 3}, 1, \"L1\"}"
"PASS: ""pinned accepted finite checkpoint {{2, 4, 3}, 1, \"Regular\"}"
"PASS: ""exact accepted finite checkpoint identity {{2, 4, 3}, 1, \"Regular\"}"
"PASS: ""pinned accepted finite checkpoint {{2, 4, 3}, -1, \"Delta\"}"
"PASS: ""exact accepted finite checkpoint identity {{2, 4, 3}, -1, \"Delta\"}"
"PASS: ""pinned accepted finite checkpoint {{2, 4, 3}, -1, \"L0\"}"
"PASS: ""exact accepted finite checkpoint identity {{2, 4, 3}, -1, \"L0\"}"
"PASS: ""pinned accepted finite checkpoint {{2, 4, 3}, -1, \"L1\"}"
"PASS: ""exact accepted finite checkpoint identity {{2, 4, 3}, -1, \"L1\"}"
"PASS: ""pinned accepted finite checkpoint {{2, 4, 3}, -1, \"Regular\"}"
"PASS: ""exact accepted finite checkpoint identity {{2, 4, 3}, -1, \"Regular\"}"
"PASS: ""real endpoint branches share a boundary"
"PASS: ""pinned accepted finite checkpoint {{2, 4, 3}, 0, \"Delta\"}"
"PASS: ""exact accepted finite checkpoint identity {{2, 4, 3}, 0, \"Delta\"}"
"PASS: ""pinned accepted finite checkpoint {{2, 4, 3}, 0, \"L0\"}"
"PASS: ""exact accepted finite checkpoint identity {{2, 4, 3}, 0, \"L0\"}"
"PASS: ""pinned accepted finite checkpoint {{2, 4, 3}, 0, \"L1\"}"
"PASS: ""exact accepted finite checkpoint identity {{2, 4, 3}, 0, \"L1\"}"
"PASS: ""pinned accepted finite checkpoint {{2, 4, 3}, 0, \"Regular\"}"
"PASS: ""exact accepted finite checkpoint identity {{2, 4, 3}, 0, \"Regular\"}"
"PASS: ""finite physical component"
"FINITE_COMPONENT_MEMORY "{2, 4, 3}" before "2831138024" after "2831155896
"PASS: ""pinned accepted finite checkpoint {{2, 4, 4}, 1, \"Delta\"}"
"PASS: ""exact accepted finite checkpoint identity {{2, 4, 4}, 1, \"Delta\"}"
"PASS: ""pinned accepted finite checkpoint {{2, 4, 4}, 1, \"L0\"}"
"PASS: ""exact accepted finite checkpoint identity {{2, 4, 4}, 1, \"L0\"}"
"PASS: ""pinned accepted finite checkpoint {{2, 4, 4}, 1, \"L1\"}"
"PASS: ""exact accepted finite checkpoint identity {{2, 4, 4}, 1, \"L1\"}"
"PASS: ""pinned accepted finite checkpoint {{2, 4, 4}, 1, \"Regular\"}"
"PASS: ""exact accepted finite checkpoint identity {{2, 4, 4}, 1, \"Regular\"}"
"PASS: ""pinned accepted finite checkpoint {{2, 4, 4}, -1, \"Delta\"}"
"PASS: ""exact accepted finite checkpoint identity {{2, 4, 4}, -1, \"Delta\"}"
"PASS: ""pinned accepted finite checkpoint {{2, 4, 4}, -1, \"L0\"}"
"PASS: ""exact accepted finite checkpoint identity {{2, 4, 4}, -1, \"L0\"}"
"PASS: ""pinned accepted finite checkpoint {{2, 4, 4}, -1, \"L1\"}"
"PASS: ""exact accepted finite checkpoint identity {{2, 4, 4}, -1, \"L1\"}"
"PASS: ""pinned accepted finite checkpoint {{2, 4, 4}, -1, \"Regular\"}"
"PASS: ""exact accepted finite checkpoint identity {{2, 4, 4}, -1, \"Regular\"}"
"PASS: ""real endpoint branches share a boundary"
"PASS: ""pinned accepted finite checkpoint {{2, 4, 4}, 0, \"Delta\"}"
"PASS: ""exact accepted finite checkpoint identity {{2, 4, 4}, 0, \"Delta\"}"
"PASS: ""pinned accepted finite checkpoint {{2, 4, 4}, 0, \"L0\"}"
"PASS: ""exact accepted finite checkpoint identity {{2, 4, 4}, 0, \"L0\"}"
"PASS: ""pinned accepted finite checkpoint {{2, 4, 4}, 0, \"L1\"}"
"PASS: ""exact accepted finite checkpoint identity {{2, 4, 4}, 0, \"L1\"}"
"PASS: ""pinned accepted finite checkpoint {{2, 4, 4}, 0, \"Regular\"}"
"PASS: ""exact accepted finite checkpoint identity {{2, 4, 4}, 0, \"Regular\"}"
"PASS: ""finite physical component"
"FINITE_COMPONENT_MEMORY "{2, 4, 4}" before "2831155792" after "2960509312
"PASS: ""pinned accepted finite checkpoint {{3, 1, 1}, 1, \"Delta\"}"
"PASS: ""exact accepted finite checkpoint identity {{3, 1, 1}, 1, \"Delta\"}"
"PASS: ""pinned accepted finite checkpoint {{3, 1, 1}, 1, \"L0\"}"
"PASS: ""exact accepted finite checkpoint identity {{3, 1, 1}, 1, \"L0\"}"
"PASS: ""pinned accepted finite checkpoint {{3, 1, 1}, 1, \"L1\"}"
"PASS: ""exact accepted finite checkpoint identity {{3, 1, 1}, 1, \"L1\"}"
"PASS: ""pinned accepted finite checkpoint {{3, 1, 1}, 1, \"Regular\"}"
"PASS: ""exact accepted finite checkpoint identity {{3, 1, 1}, 1, \"Regular\"}"
"PASS: ""pinned accepted finite checkpoint {{3, 1, 1}, -1, \"Delta\"}"
"PASS: ""exact accepted finite checkpoint identity {{3, 1, 1}, -1, \"Delta\"}"
"PASS: ""pinned accepted finite checkpoint {{3, 1, 1}, -1, \"L0\"}"
"PASS: ""exact accepted finite checkpoint identity {{3, 1, 1}, -1, \"L0\"}"
"PASS: ""pinned accepted finite checkpoint {{3, 1, 1}, -1, \"L1\"}"
"PASS: ""exact accepted finite checkpoint identity {{3, 1, 1}, -1, \"L1\"}"
"PASS: ""pinned accepted finite checkpoint {{3, 1, 1}, -1, \"Regular\"}"
"PASS: ""exact accepted finite checkpoint identity {{3, 1, 1}, -1, \"Regular\"}"
"PASS: ""real endpoint branches share a boundary"
"PASS: ""pinned accepted finite checkpoint {{3, 1, 1}, 0, \"Delta\"}"
"PASS: ""exact accepted finite checkpoint identity {{3, 1, 1}, 0, \"Delta\"}"
"PASS: ""pinned accepted finite checkpoint {{3, 1, 1}, 0, \"L0\"}"
"PASS: ""exact accepted finite checkpoint identity {{3, 1, 1}, 0, \"L0\"}"
"PASS: ""pinned accepted finite checkpoint {{3, 1, 1}, 0, \"L1\"}"
"PASS: ""exact accepted finite checkpoint identity {{3, 1, 1}, 0, \"L1\"}"
"PASS: ""pinned accepted finite checkpoint {{3, 1, 1}, 0, \"Regular\"}"
"PASS: ""exact accepted finite checkpoint identity {{3, 1, 1}, 0, \"Regular\"}"
"PASS: ""finite physical component"
"FINITE_COMPONENT_MEMORY "{3, 1, 1}" before "2960509208" after "3246581552
"PASS: ""pinned accepted finite checkpoint {{3, 1, 2}, 1, \"Delta\"}"
"PASS: ""exact accepted finite checkpoint identity {{3, 1, 2}, 1, \"Delta\"}"
"PASS: ""pinned accepted finite checkpoint {{3, 1, 2}, 1, \"L0\"}"
"PASS: ""exact accepted finite checkpoint identity {{3, 1, 2}, 1, \"L0\"}"
"PASS: ""pinned accepted finite checkpoint {{3, 1, 2}, 1, \"L1\"}"
"PASS: ""exact accepted finite checkpoint identity {{3, 1, 2}, 1, \"L1\"}"
"PASS: ""pinned accepted finite checkpoint {{3, 1, 2}, 1, \"Regular\"}"
"PASS: ""exact accepted finite checkpoint identity {{3, 1, 2}, 1, \"Regular\"}"
"PASS: ""pinned accepted finite checkpoint {{3, 1, 2}, -1, \"Delta\"}"
"PASS: ""exact accepted finite checkpoint identity {{3, 1, 2}, -1, \"Delta\"}"
"PASS: ""pinned accepted finite checkpoint {{3, 1, 2}, -1, \"L0\"}"
"PASS: ""exact accepted finite checkpoint identity {{3, 1, 2}, -1, \"L0\"}"
"PASS: ""pinned accepted finite checkpoint {{3, 1, 2}, -1, \"L1\"}"
"PASS: ""exact accepted finite checkpoint identity {{3, 1, 2}, -1, \"L1\"}"
"PASS: ""pinned accepted finite checkpoint {{3, 1, 2}, -1, \"Regular\"}"
"PASS: ""exact accepted finite checkpoint identity {{3, 1, 2}, -1, \"Regular\"}"
"PASS: ""real endpoint branches share a boundary"
"PASS: ""pinned accepted finite checkpoint {{3, 1, 2}, 0, \"Delta\"}"
"PASS: ""exact accepted finite checkpoint identity {{3, 1, 2}, 0, \"Delta\"}"
"PASS: ""pinned accepted finite checkpoint {{3, 1, 2}, 0, \"L0\"}"
"PASS: ""exact accepted finite checkpoint identity {{3, 1, 2}, 0, \"L0\"}"
"PASS: ""pinned accepted finite checkpoint {{3, 1, 2}, 0, \"L1\"}"
"PASS: ""exact accepted finite checkpoint identity {{3, 1, 2}, 0, \"L1\"}"
"PASS: ""pinned accepted finite checkpoint {{3, 1, 2}, 0, \"Regular\"}"
"PASS: ""exact accepted finite checkpoint identity {{3, 1, 2}, 0, \"Regular\"}"
"PASS: ""finite physical component"
"FINITE_COMPONENT_MEMORY "{3, 1, 2}" before "3246581448" after "3403821968
"PASS: ""pinned accepted finite checkpoint {{3, 1, 3}, 1, \"Delta\"}"
"PASS: ""exact accepted finite checkpoint identity {{3, 1, 3}, 1, \"Delta\"}"
"PASS: ""pinned accepted finite checkpoint {{3, 1, 3}, 1, \"L0\"}"
"PASS: ""exact accepted finite checkpoint identity {{3, 1, 3}, 1, \"L0\"}"
"PASS: ""pinned accepted finite checkpoint {{3, 1, 3}, 1, \"L1\"}"
"PASS: ""exact accepted finite checkpoint identity {{3, 1, 3}, 1, \"L1\"}"
"PASS: ""pinned accepted finite checkpoint {{3, 1, 3}, 1, \"Regular\"}"
"PASS: ""exact accepted finite checkpoint identity {{3, 1, 3}, 1, \"Regular\"}"
"PASS: ""pinned accepted finite checkpoint {{3, 1, 3}, -1, \"Delta\"}"
"PASS: ""exact accepted finite checkpoint identity {{3, 1, 3}, -1, \"Delta\"}"
"PASS: ""pinned accepted finite checkpoint {{3, 1, 3}, -1, \"L0\"}"
"PASS: ""exact accepted finite checkpoint identity {{3, 1, 3}, -1, \"L0\"}"
"PASS: ""pinned accepted finite checkpoint {{3, 1, 3}, -1, \"L1\"}"
"PASS: ""exact accepted finite checkpoint identity {{3, 1, 3}, -1, \"L1\"}"
"PASS: ""pinned accepted finite checkpoint {{3, 1, 3}, -1, \"Regular\"}"
"PASS: ""exact accepted finite checkpoint identity {{3, 1, 3}, -1, \"Regular\"}"
"PASS: ""real endpoint branches share a boundary"
"PASS: ""pinned accepted finite checkpoint {{3, 1, 3}, 0, \"Delta\"}"
"PASS: ""exact accepted finite checkpoint identity {{3, 1, 3}, 0, \"Delta\"}"
"PASS: ""pinned accepted finite checkpoint {{3, 1, 3}, 0, \"L0\"}"
"PASS: ""exact accepted finite checkpoint identity {{3, 1, 3}, 0, \"L0\"}"
"PASS: ""pinned accepted finite checkpoint {{3, 1, 3}, 0, \"L1\"}"
"PASS: ""exact accepted finite checkpoint identity {{3, 1, 3}, 0, \"L1\"}"
"PASS: ""pinned accepted finite checkpoint {{3, 1, 3}, 0, \"Regular\"}"
"PASS: ""exact accepted finite checkpoint identity {{3, 1, 3}, 0, \"Regular\"}"
"PASS: ""finite physical component"
"FINITE_COMPONENT_MEMORY "{3, 1, 3}" before "3403821864" after "3403839944
"PASS: ""pinned accepted finite checkpoint {{3, 1, 4}, 1, \"Delta\"}"
"PASS: ""exact accepted finite checkpoint identity {{3, 1, 4}, 1, \"Delta\"}"
"PASS: ""pinned accepted finite checkpoint {{3, 1, 4}, 1, \"L0\"}"
"PASS: ""exact accepted finite checkpoint identity {{3, 1, 4}, 1, \"L0\"}"
"PASS: ""pinned accepted finite checkpoint {{3, 1, 4}, 1, \"L1\"}"
"PASS: ""exact accepted finite checkpoint identity {{3, 1, 4}, 1, \"L1\"}"
"PASS: ""pinned accepted finite checkpoint {{3, 1, 4}, 1, \"Regular\"}"
"PASS: ""exact accepted finite checkpoint identity {{3, 1, 4}, 1, \"Regular\"}"
"PASS: ""pinned accepted finite checkpoint {{3, 1, 4}, -1, \"Delta\"}"
"PASS: ""exact accepted finite checkpoint identity {{3, 1, 4}, -1, \"Delta\"}"
"PASS: ""pinned accepted finite checkpoint {{3, 1, 4}, -1, \"L0\"}"
"PASS: ""exact accepted finite checkpoint identity {{3, 1, 4}, -1, \"L0\"}"
"PASS: ""pinned accepted finite checkpoint {{3, 1, 4}, -1, \"L1\"}"
"PASS: ""exact accepted finite checkpoint identity {{3, 1, 4}, -1, \"L1\"}"
"PASS: ""pinned accepted finite checkpoint {{3, 1, 4}, -1, \"Regular\"}"
"PASS: ""exact accepted finite checkpoint identity {{3, 1, 4}, -1, \"Regular\"}"
"PASS: ""real endpoint branches share a boundary"
"PASS: ""pinned accepted finite checkpoint {{3, 1, 4}, 0, \"Delta\"}"
"PASS: ""exact accepted finite checkpoint identity {{3, 1, 4}, 0, \"Delta\"}"
"PASS: ""pinned accepted finite checkpoint {{3, 1, 4}, 0, \"L0\"}"
"PASS: ""exact accepted finite checkpoint identity {{3, 1, 4}, 0, \"L0\"}"
"PASS: ""pinned accepted finite checkpoint {{3, 1, 4}, 0, \"L1\"}"
"PASS: ""exact accepted finite checkpoint identity {{3, 1, 4}, 0, \"L1\"}"
"PASS: ""pinned accepted finite checkpoint {{3, 1, 4}, 0, \"Regular\"}"
"PASS: ""exact accepted finite checkpoint identity {{3, 1, 4}, 0, \"Regular\"}"
"PASS: ""finite physical component"
"FINITE_COMPONENT_MEMORY "{3, 1, 4}" before "3403839840" after "3403857744
"PASS: ""pinned accepted finite checkpoint {{3, 2, 1}, 1, \"Delta\"}"
"PASS: ""exact accepted finite checkpoint identity {{3, 2, 1}, 1, \"Delta\"}"
"PASS: ""pinned accepted finite checkpoint {{3, 2, 1}, 1, \"L0\"}"
"PASS: ""exact accepted finite checkpoint identity {{3, 2, 1}, 1, \"L0\"}"
"PASS: ""pinned accepted finite checkpoint {{3, 2, 1}, 1, \"L1\"}"
"PASS: ""exact accepted finite checkpoint identity {{3, 2, 1}, 1, \"L1\"}"
"PASS: ""pinned accepted finite checkpoint {{3, 2, 1}, 1, \"Regular\"}"
"PASS: ""exact accepted finite checkpoint identity {{3, 2, 1}, 1, \"Regular\"}"
"PASS: ""pinned accepted finite checkpoint {{3, 2, 1}, -1, \"Delta\"}"
"PASS: ""exact accepted finite checkpoint identity {{3, 2, 1}, -1, \"Delta\"}"
"PASS: ""pinned accepted finite checkpoint {{3, 2, 1}, -1, \"L0\"}"
"PASS: ""exact accepted finite checkpoint identity {{3, 2, 1}, -1, \"L0\"}"
"PASS: ""pinned accepted finite checkpoint {{3, 2, 1}, -1, \"L1\"}"
"PASS: ""exact accepted finite checkpoint identity {{3, 2, 1}, -1, \"L1\"}"
"PASS: ""pinned accepted finite checkpoint {{3, 2, 1}, -1, \"Regular\"}"
"PASS: ""exact accepted finite checkpoint identity {{3, 2, 1}, -1, \"Regular\"}"
"PASS: ""real endpoint branches share a boundary"
"PASS: ""pinned accepted finite checkpoint {{3, 2, 1}, 0, \"Delta\"}"
"PASS: ""exact accepted finite checkpoint identity {{3, 2, 1}, 0, \"Delta\"}"
"PASS: ""pinned accepted finite checkpoint {{3, 2, 1}, 0, \"L0\"}"
"PASS: ""exact accepted finite checkpoint identity {{3, 2, 1}, 0, \"L0\"}"
"PASS: ""pinned accepted finite checkpoint {{3, 2, 1}, 0, \"L1\"}"
"PASS: ""exact accepted finite checkpoint identity {{3, 2, 1}, 0, \"L1\"}"
"PASS: ""pinned accepted finite checkpoint {{3, 2, 1}, 0, \"Regular\"}"
"PASS: ""exact accepted finite checkpoint identity {{3, 2, 1}, 0, \"Regular\"}"
"PASS: ""finite physical component"
"FINITE_COMPONENT_MEMORY "{3, 2, 1}" before "3403857640" after "3561266640
"PASS: ""pinned accepted finite checkpoint {{3, 2, 2}, 1, \"Delta\"}"
"PASS: ""exact accepted finite checkpoint identity {{3, 2, 2}, 1, \"Delta\"}"
"PASS: ""pinned accepted finite checkpoint {{3, 2, 2}, 1, \"L0\"}"
"PASS: ""exact accepted finite checkpoint identity {{3, 2, 2}, 1, \"L0\"}"
"PASS: ""pinned accepted finite checkpoint {{3, 2, 2}, 1, \"L1\"}"
"PASS: ""exact accepted finite checkpoint identity {{3, 2, 2}, 1, \"L1\"}"
"PASS: ""pinned accepted finite checkpoint {{3, 2, 2}, 1, \"Regular\"}"
"PASS: ""exact accepted finite checkpoint identity {{3, 2, 2}, 1, \"Regular\"}"
"PASS: ""pinned accepted finite checkpoint {{3, 2, 2}, -1, \"Delta\"}"
"PASS: ""exact accepted finite checkpoint identity {{3, 2, 2}, -1, \"Delta\"}"
"PASS: ""pinned accepted finite checkpoint {{3, 2, 2}, -1, \"L0\"}"
"PASS: ""exact accepted finite checkpoint identity {{3, 2, 2}, -1, \"L0\"}"
"PASS: ""pinned accepted finite checkpoint {{3, 2, 2}, -1, \"L1\"}"
"PASS: ""exact accepted finite checkpoint identity {{3, 2, 2}, -1, \"L1\"}"
"PASS: ""pinned accepted finite checkpoint {{3, 2, 2}, -1, \"Regular\"}"
"PASS: ""exact accepted finite checkpoint identity {{3, 2, 2}, -1, \"Regular\"}"
"PASS: ""real endpoint branches share a boundary"
"PASS: ""pinned accepted finite checkpoint {{3, 2, 2}, 0, \"Delta\"}"
"PASS: ""exact accepted finite checkpoint identity {{3, 2, 2}, 0, \"Delta\"}"
"PASS: ""pinned accepted finite checkpoint {{3, 2, 2}, 0, \"L0\"}"
"PASS: ""exact accepted finite checkpoint identity {{3, 2, 2}, 0, \"L0\"}"
"PASS: ""pinned accepted finite checkpoint {{3, 2, 2}, 0, \"L1\"}"
"PASS: ""exact accepted finite checkpoint identity {{3, 2, 2}, 0, \"L1\"}"
"PASS: ""pinned accepted finite checkpoint {{3, 2, 2}, 0, \"Regular\"}"
"PASS: ""exact accepted finite checkpoint identity {{3, 2, 2}, 0, \"Regular\"}"
"PASS: ""finite physical component"
"FINITE_COMPONENT_MEMORY "{3, 2, 2}" before "3561266536" after "3856900632
"PASS: ""pinned accepted finite checkpoint {{3, 2, 3}, 1, \"Delta\"}"
"PASS: ""exact accepted finite checkpoint identity {{3, 2, 3}, 1, \"Delta\"}"
"PASS: ""pinned accepted finite checkpoint {{3, 2, 3}, 1, \"L0\"}"
"PASS: ""exact accepted finite checkpoint identity {{3, 2, 3}, 1, \"L0\"}"
"PASS: ""pinned accepted finite checkpoint {{3, 2, 3}, 1, \"L1\"}"
"PASS: ""exact accepted finite checkpoint identity {{3, 2, 3}, 1, \"L1\"}"
"PASS: ""pinned accepted finite checkpoint {{3, 2, 3}, 1, \"Regular\"}"
"PASS: ""exact accepted finite checkpoint identity {{3, 2, 3}, 1, \"Regular\"}"
"PASS: ""pinned accepted finite checkpoint {{3, 2, 3}, -1, \"Delta\"}"
"PASS: ""exact accepted finite checkpoint identity {{3, 2, 3}, -1, \"Delta\"}"
"PASS: ""pinned accepted finite checkpoint {{3, 2, 3}, -1, \"L0\"}"
"PASS: ""exact accepted finite checkpoint identity {{3, 2, 3}, -1, \"L0\"}"
"PASS: ""pinned accepted finite checkpoint {{3, 2, 3}, -1, \"L1\"}"
"PASS: ""exact accepted finite checkpoint identity {{3, 2, 3}, -1, \"L1\"}"
"PASS: ""pinned accepted finite checkpoint {{3, 2, 3}, -1, \"Regular\"}"
"PASS: ""exact accepted finite checkpoint identity {{3, 2, 3}, -1, \"Regular\"}"
"PASS: ""real endpoint branches share a boundary"
"PASS: ""pinned accepted finite checkpoint {{3, 2, 3}, 0, \"Delta\"}"
"PASS: ""exact accepted finite checkpoint identity {{3, 2, 3}, 0, \"Delta\"}"
"PASS: ""pinned accepted finite checkpoint {{3, 2, 3}, 0, \"L0\"}"
"PASS: ""exact accepted finite checkpoint identity {{3, 2, 3}, 0, \"L0\"}"
"PASS: ""pinned accepted finite checkpoint {{3, 2, 3}, 0, \"L1\"}"
"PASS: ""exact accepted finite checkpoint identity {{3, 2, 3}, 0, \"L1\"}"
"PASS: ""pinned accepted finite checkpoint {{3, 2, 3}, 0, \"Regular\"}"
"PASS: ""exact accepted finite checkpoint identity {{3, 2, 3}, 0, \"Regular\"}"
"PASS: ""finite physical component"
"FINITE_COMPONENT_MEMORY "{3, 2, 3}" before "3856900528" after "3856918392
"PASS: ""pinned accepted finite checkpoint {{3, 2, 4}, 1, \"Delta\"}"
"PASS: ""exact accepted finite checkpoint identity {{3, 2, 4}, 1, \"Delta\"}"
"PASS: ""pinned accepted finite checkpoint {{3, 2, 4}, 1, \"L0\"}"
"PASS: ""exact accepted finite checkpoint identity {{3, 2, 4}, 1, \"L0\"}"
"PASS: ""pinned accepted finite checkpoint {{3, 2, 4}, 1, \"L1\"}"
"PASS: ""exact accepted finite checkpoint identity {{3, 2, 4}, 1, \"L1\"}"
"PASS: ""pinned accepted finite checkpoint {{3, 2, 4}, 1, \"Regular\"}"
"PASS: ""exact accepted finite checkpoint identity {{3, 2, 4}, 1, \"Regular\"}"
"PASS: ""pinned accepted finite checkpoint {{3, 2, 4}, -1, \"Delta\"}"
"PASS: ""exact accepted finite checkpoint identity {{3, 2, 4}, -1, \"Delta\"}"
"PASS: ""pinned accepted finite checkpoint {{3, 2, 4}, -1, \"L0\"}"
"PASS: ""exact accepted finite checkpoint identity {{3, 2, 4}, -1, \"L0\"}"
"PASS: ""pinned accepted finite checkpoint {{3, 2, 4}, -1, \"L1\"}"
"PASS: ""exact accepted finite checkpoint identity {{3, 2, 4}, -1, \"L1\"}"
"PASS: ""pinned accepted finite checkpoint {{3, 2, 4}, -1, \"Regular\"}"
"PASS: ""exact accepted finite checkpoint identity {{3, 2, 4}, -1, \"Regular\"}"
"PASS: ""real endpoint branches share a boundary"
"PASS: ""pinned accepted finite checkpoint {{3, 2, 4}, 0, \"Delta\"}"
"PASS: ""exact accepted finite checkpoint identity {{3, 2, 4}, 0, \"Delta\"}"
"PASS: ""pinned accepted finite checkpoint {{3, 2, 4}, 0, \"L0\"}"
"PASS: ""exact accepted finite checkpoint identity {{3, 2, 4}, 0, \"L0\"}"
"PASS: ""pinned accepted finite checkpoint {{3, 2, 4}, 0, \"L1\"}"
"PASS: ""exact accepted finite checkpoint identity {{3, 2, 4}, 0, \"L1\"}"
"PASS: ""pinned accepted finite checkpoint {{3, 2, 4}, 0, \"Regular\"}"
"PASS: ""exact accepted finite checkpoint identity {{3, 2, 4}, 0, \"Regular\"}"
"PASS: ""finite physical component"
"FINITE_COMPONENT_MEMORY "{3, 2, 4}" before "3856918288" after "3856936272
"PASS: ""pinned accepted finite checkpoint {{3, 3, 1}, 1, \"Delta\"}"
"PASS: ""exact accepted finite checkpoint identity {{3, 3, 1}, 1, \"Delta\"}"
"PASS: ""pinned accepted finite checkpoint {{3, 3, 1}, 1, \"L0\"}"
"PASS: ""exact accepted finite checkpoint identity {{3, 3, 1}, 1, \"L0\"}"
"PASS: ""pinned accepted finite checkpoint {{3, 3, 1}, 1, \"L1\"}"
"PASS: ""exact accepted finite checkpoint identity {{3, 3, 1}, 1, \"L1\"}"
"PASS: ""pinned accepted finite checkpoint {{3, 3, 1}, 1, \"Regular\"}"
"PASS: ""exact accepted finite checkpoint identity {{3, 3, 1}, 1, \"Regular\"}"
"PASS: ""pinned accepted finite checkpoint {{3, 3, 1}, -1, \"Delta\"}"
"PASS: ""exact accepted finite checkpoint identity {{3, 3, 1}, -1, \"Delta\"}"
"PASS: ""pinned accepted finite checkpoint {{3, 3, 1}, -1, \"L0\"}"
"PASS: ""exact accepted finite checkpoint identity {{3, 3, 1}, -1, \"L0\"}"
"PASS: ""pinned accepted finite checkpoint {{3, 3, 1}, -1, \"L1\"}"
"PASS: ""exact accepted finite checkpoint identity {{3, 3, 1}, -1, \"L1\"}"
"PASS: ""pinned accepted finite checkpoint {{3, 3, 1}, -1, \"Regular\"}"
"PASS: ""exact accepted finite checkpoint identity {{3, 3, 1}, -1, \"Regular\"}"
"PASS: ""real endpoint branches share a boundary"
"PASS: ""pinned accepted finite checkpoint {{3, 3, 1}, 0, \"Delta\"}"
"PASS: ""exact accepted finite checkpoint identity {{3, 3, 1}, 0, \"Delta\"}"
"PASS: ""pinned accepted finite checkpoint {{3, 3, 1}, 0, \"L0\"}"
"PASS: ""exact accepted finite checkpoint identity {{3, 3, 1}, 0, \"L0\"}"
"PASS: ""pinned accepted finite checkpoint {{3, 3, 1}, 0, \"L1\"}"
"PASS: ""exact accepted finite checkpoint identity {{3, 3, 1}, 0, \"L1\"}"
"PASS: ""pinned accepted finite checkpoint {{3, 3, 1}, 0, \"Regular\"}"
"PASS: ""exact accepted finite checkpoint identity {{3, 3, 1}, 0, \"Regular\"}"
"PASS: ""finite physical component"
"FINITE_COMPONENT_MEMORY "{3, 3, 1}" before "3856936168" after "3856954160
"PASS: ""pinned accepted finite checkpoint {{3, 3, 2}, 1, \"Delta\"}"
"PASS: ""exact accepted finite checkpoint identity {{3, 3, 2}, 1, \"Delta\"}"
"PASS: ""pinned accepted finite checkpoint {{3, 3, 2}, 1, \"L0\"}"
"PASS: ""exact accepted finite checkpoint identity {{3, 3, 2}, 1, \"L0\"}"
"PASS: ""pinned accepted finite checkpoint {{3, 3, 2}, 1, \"L1\"}"
"PASS: ""exact accepted finite checkpoint identity {{3, 3, 2}, 1, \"L1\"}"
"PASS: ""pinned accepted finite checkpoint {{3, 3, 2}, 1, \"Regular\"}"
"PASS: ""exact accepted finite checkpoint identity {{3, 3, 2}, 1, \"Regular\"}"
"PASS: ""pinned accepted finite checkpoint {{3, 3, 2}, -1, \"Delta\"}"
"PASS: ""exact accepted finite checkpoint identity {{3, 3, 2}, -1, \"Delta\"}"
"PASS: ""pinned accepted finite checkpoint {{3, 3, 2}, -1, \"L0\"}"
"PASS: ""exact accepted finite checkpoint identity {{3, 3, 2}, -1, \"L0\"}"
"PASS: ""pinned accepted finite checkpoint {{3, 3, 2}, -1, \"L1\"}"
"PASS: ""exact accepted finite checkpoint identity {{3, 3, 2}, -1, \"L1\"}"
"PASS: ""pinned accepted finite checkpoint {{3, 3, 2}, -1, \"Regular\"}"
"PASS: ""exact accepted finite checkpoint identity {{3, 3, 2}, -1, \"Regular\"}"
"PASS: ""real endpoint branches share a boundary"
"PASS: ""pinned accepted finite checkpoint {{3, 3, 2}, 0, \"Delta\"}"
"PASS: ""exact accepted finite checkpoint identity {{3, 3, 2}, 0, \"Delta\"}"
"PASS: ""pinned accepted finite checkpoint {{3, 3, 2}, 0, \"L0\"}"
"PASS: ""exact accepted finite checkpoint identity {{3, 3, 2}, 0, \"L0\"}"
"PASS: ""pinned accepted finite checkpoint {{3, 3, 2}, 0, \"L1\"}"
"PASS: ""exact accepted finite checkpoint identity {{3, 3, 2}, 0, \"L1\"}"
"PASS: ""pinned accepted finite checkpoint {{3, 3, 2}, 0, \"Regular\"}"
"PASS: ""exact accepted finite checkpoint identity {{3, 3, 2}, 0, \"Regular\"}"
"PASS: ""finite physical component"
"FINITE_COMPONENT_MEMORY "{3, 3, 2}" before "3856954056" after "3856972168
"PASS: ""pinned accepted finite checkpoint {{3, 3, 3}, 1, \"Delta\"}"
"PASS: ""exact accepted finite checkpoint identity {{3, 3, 3}, 1, \"Delta\"}"
"PASS: ""pinned accepted finite checkpoint {{3, 3, 3}, 1, \"L0\"}"
"PASS: ""exact accepted finite checkpoint identity {{3, 3, 3}, 1, \"L0\"}"
"PASS: ""pinned accepted finite checkpoint {{3, 3, 3}, 1, \"L1\"}"
"PASS: ""exact accepted finite checkpoint identity {{3, 3, 3}, 1, \"L1\"}"
"PASS: ""pinned accepted finite checkpoint {{3, 3, 3}, 1, \"Regular\"}"
"PASS: ""exact accepted finite checkpoint identity {{3, 3, 3}, 1, \"Regular\"}"
"PASS: ""pinned accepted finite checkpoint {{3, 3, 3}, -1, \"Delta\"}"
"PASS: ""exact accepted finite checkpoint identity {{3, 3, 3}, -1, \"Delta\"}"
"PASS: ""pinned accepted finite checkpoint {{3, 3, 3}, -1, \"L0\"}"
"PASS: ""exact accepted finite checkpoint identity {{3, 3, 3}, -1, \"L0\"}"
"PASS: ""pinned accepted finite checkpoint {{3, 3, 3}, -1, \"L1\"}"
"PASS: ""exact accepted finite checkpoint identity {{3, 3, 3}, -1, \"L1\"}"
"PASS: ""pinned accepted finite checkpoint {{3, 3, 3}, -1, \"Regular\"}"
"PASS: ""exact accepted finite checkpoint identity {{3, 3, 3}, -1, \"Regular\"}"
"PASS: ""real endpoint branches share a boundary"
"PASS: ""pinned accepted finite checkpoint {{3, 3, 3}, 0, \"Delta\"}"
"PASS: ""exact accepted finite checkpoint identity {{3, 3, 3}, 0, \"Delta\"}"
"PASS: ""pinned accepted finite checkpoint {{3, 3, 3}, 0, \"L0\"}"
"PASS: ""exact accepted finite checkpoint identity {{3, 3, 3}, 0, \"L0\"}"
"PASS: ""pinned accepted finite checkpoint {{3, 3, 3}, 0, \"L1\"}"
"PASS: ""exact accepted finite checkpoint identity {{3, 3, 3}, 0, \"L1\"}"
"PASS: ""pinned accepted finite checkpoint {{3, 3, 3}, 0, \"Regular\"}"
"PASS: ""exact accepted finite checkpoint identity {{3, 3, 3}, 0, \"Regular\"}"
"PASS: ""finite physical component"
"FINITE_COMPONENT_MEMORY "{3, 3, 3}" before "3856972064" after "4016655384
"PASS: ""pinned accepted finite checkpoint {{3, 3, 4}, 1, \"Delta\"}"
"PASS: ""exact accepted finite checkpoint identity {{3, 3, 4}, 1, \"Delta\"}"
"PASS: ""pinned accepted finite checkpoint {{3, 3, 4}, 1, \"L0\"}"
"PASS: ""exact accepted finite checkpoint identity {{3, 3, 4}, 1, \"L0\"}"
"PASS: ""pinned accepted finite checkpoint {{3, 3, 4}, 1, \"L1\"}"
"PASS: ""exact accepted finite checkpoint identity {{3, 3, 4}, 1, \"L1\"}"
"PASS: ""pinned accepted finite checkpoint {{3, 3, 4}, 1, \"Regular\"}"
"PASS: ""exact accepted finite checkpoint identity {{3, 3, 4}, 1, \"Regular\"}"
"PASS: ""pinned accepted finite checkpoint {{3, 3, 4}, -1, \"Delta\"}"
"PASS: ""exact accepted finite checkpoint identity {{3, 3, 4}, -1, \"Delta\"}"
"PASS: ""pinned accepted finite checkpoint {{3, 3, 4}, -1, \"L0\"}"
"PASS: ""exact accepted finite checkpoint identity {{3, 3, 4}, -1, \"L0\"}"
"PASS: ""pinned accepted finite checkpoint {{3, 3, 4}, -1, \"L1\"}"
"PASS: ""exact accepted finite checkpoint identity {{3, 3, 4}, -1, \"L1\"}"
"PASS: ""pinned accepted finite checkpoint {{3, 3, 4}, -1, \"Regular\"}"
"PASS: ""exact accepted finite checkpoint identity {{3, 3, 4}, -1, \"Regular\"}"
"PASS: ""real endpoint branches share a boundary"
"PASS: ""pinned accepted finite checkpoint {{3, 3, 4}, 0, \"Delta\"}"
"PASS: ""exact accepted finite checkpoint identity {{3, 3, 4}, 0, \"Delta\"}"
"PASS: ""pinned accepted finite checkpoint {{3, 3, 4}, 0, \"L0\"}"
"PASS: ""exact accepted finite checkpoint identity {{3, 3, 4}, 0, \"L0\"}"
"PASS: ""pinned accepted finite checkpoint {{3, 3, 4}, 0, \"L1\"}"
"PASS: ""exact accepted finite checkpoint identity {{3, 3, 4}, 0, \"L1\"}"
"PASS: ""pinned accepted finite checkpoint {{3, 3, 4}, 0, \"Regular\"}"
"PASS: ""exact accepted finite checkpoint identity {{3, 3, 4}, 0, \"Regular\"}"
"PASS: ""finite physical component"
"FINITE_COMPONENT_MEMORY "{3, 3, 4}" before "4016655280" after "4016673208
"PASS: ""pinned accepted finite checkpoint {{3, 4, 1}, 1, \"Delta\"}"
"PASS: ""exact accepted finite checkpoint identity {{3, 4, 1}, 1, \"Delta\"}"
"PASS: ""pinned accepted finite checkpoint {{3, 4, 1}, 1, \"L0\"}"
"PASS: ""exact accepted finite checkpoint identity {{3, 4, 1}, 1, \"L0\"}"
"PASS: ""pinned accepted finite checkpoint {{3, 4, 1}, 1, \"L1\"}"
"PASS: ""exact accepted finite checkpoint identity {{3, 4, 1}, 1, \"L1\"}"
"PASS: ""pinned accepted finite checkpoint {{3, 4, 1}, 1, \"Regular\"}"
"PASS: ""exact accepted finite checkpoint identity {{3, 4, 1}, 1, \"Regular\"}"
"PASS: ""pinned accepted finite checkpoint {{3, 4, 1}, -1, \"Delta\"}"
"PASS: ""exact accepted finite checkpoint identity {{3, 4, 1}, -1, \"Delta\"}"
"PASS: ""pinned accepted finite checkpoint {{3, 4, 1}, -1, \"L0\"}"
"PASS: ""exact accepted finite checkpoint identity {{3, 4, 1}, -1, \"L0\"}"
"PASS: ""pinned accepted finite checkpoint {{3, 4, 1}, -1, \"L1\"}"
"PASS: ""exact accepted finite checkpoint identity {{3, 4, 1}, -1, \"L1\"}"
"PASS: ""pinned accepted finite checkpoint {{3, 4, 1}, -1, \"Regular\"}"
"PASS: ""exact accepted finite checkpoint identity {{3, 4, 1}, -1, \"Regular\"}"
"PASS: ""real endpoint branches share a boundary"
"PASS: ""pinned accepted finite checkpoint {{3, 4, 1}, 0, \"Delta\"}"
"PASS: ""exact accepted finite checkpoint identity {{3, 4, 1}, 0, \"Delta\"}"
"PASS: ""pinned accepted finite checkpoint {{3, 4, 1}, 0, \"L0\"}"
"PASS: ""exact accepted finite checkpoint identity {{3, 4, 1}, 0, \"L0\"}"
"PASS: ""pinned accepted finite checkpoint {{3, 4, 1}, 0, \"L1\"}"
"PASS: ""exact accepted finite checkpoint identity {{3, 4, 1}, 0, \"L1\"}"
"PASS: ""pinned accepted finite checkpoint {{3, 4, 1}, 0, \"Regular\"}"
"PASS: ""exact accepted finite checkpoint identity {{3, 4, 1}, 0, \"Regular\"}"
"PASS: ""finite physical component"
"FINITE_COMPONENT_MEMORY "{3, 4, 1}" before "4016673104" after "4016691384
"PASS: ""pinned accepted finite checkpoint {{3, 4, 2}, 1, \"Delta\"}"
"PASS: ""exact accepted finite checkpoint identity {{3, 4, 2}, 1, \"Delta\"}"
"PASS: ""pinned accepted finite checkpoint {{3, 4, 2}, 1, \"L0\"}"
"PASS: ""exact accepted finite checkpoint identity {{3, 4, 2}, 1, \"L0\"}"
"PASS: ""pinned accepted finite checkpoint {{3, 4, 2}, 1, \"L1\"}"
"PASS: ""exact accepted finite checkpoint identity {{3, 4, 2}, 1, \"L1\"}"
"PASS: ""pinned accepted finite checkpoint {{3, 4, 2}, 1, \"Regular\"}"
"PASS: ""exact accepted finite checkpoint identity {{3, 4, 2}, 1, \"Regular\"}"
"PASS: ""pinned accepted finite checkpoint {{3, 4, 2}, -1, \"Delta\"}"
"PASS: ""exact accepted finite checkpoint identity {{3, 4, 2}, -1, \"Delta\"}"
"PASS: ""pinned accepted finite checkpoint {{3, 4, 2}, -1, \"L0\"}"
"PASS: ""exact accepted finite checkpoint identity {{3, 4, 2}, -1, \"L0\"}"
"PASS: ""pinned accepted finite checkpoint {{3, 4, 2}, -1, \"L1\"}"
"PASS: ""exact accepted finite checkpoint identity {{3, 4, 2}, -1, \"L1\"}"
"PASS: ""pinned accepted finite checkpoint {{3, 4, 2}, -1, \"Regular\"}"
"PASS: ""exact accepted finite checkpoint identity {{3, 4, 2}, -1, \"Regular\"}"
"PASS: ""real endpoint branches share a boundary"
"PASS: ""pinned accepted finite checkpoint {{3, 4, 2}, 0, \"Delta\"}"
"PASS: ""exact accepted finite checkpoint identity {{3, 4, 2}, 0, \"Delta\"}"
"PASS: ""pinned accepted finite checkpoint {{3, 4, 2}, 0, \"L0\"}"
"PASS: ""exact accepted finite checkpoint identity {{3, 4, 2}, 0, \"L0\"}"
"PASS: ""pinned accepted finite checkpoint {{3, 4, 2}, 0, \"L1\"}"
"PASS: ""exact accepted finite checkpoint identity {{3, 4, 2}, 0, \"L1\"}"
"PASS: ""pinned accepted finite checkpoint {{3, 4, 2}, 0, \"Regular\"}"
"PASS: ""exact accepted finite checkpoint identity {{3, 4, 2}, 0, \"Regular\"}"
"PASS: ""finite physical component"
"FINITE_COMPONENT_MEMORY "{3, 4, 2}" before "4016691280" after "4016709160
"PASS: ""pinned accepted finite checkpoint {{3, 4, 3}, 1, \"Delta\"}"
"PASS: ""exact accepted finite checkpoint identity {{3, 4, 3}, 1, \"Delta\"}"
"PASS: ""pinned accepted finite checkpoint {{3, 4, 3}, 1, \"L0\"}"
"PASS: ""exact accepted finite checkpoint identity {{3, 4, 3}, 1, \"L0\"}"
"PASS: ""pinned accepted finite checkpoint {{3, 4, 3}, 1, \"L1\"}"
"PASS: ""exact accepted finite checkpoint identity {{3, 4, 3}, 1, \"L1\"}"
"PASS: ""pinned accepted finite checkpoint {{3, 4, 3}, 1, \"Regular\"}"
"PASS: ""exact accepted finite checkpoint identity {{3, 4, 3}, 1, \"Regular\"}"
"PASS: ""pinned accepted finite checkpoint {{3, 4, 3}, -1, \"Delta\"}"
"PASS: ""exact accepted finite checkpoint identity {{3, 4, 3}, -1, \"Delta\"}"
"PASS: ""pinned accepted finite checkpoint {{3, 4, 3}, -1, \"L0\"}"
"PASS: ""exact accepted finite checkpoint identity {{3, 4, 3}, -1, \"L0\"}"
"PASS: ""pinned accepted finite checkpoint {{3, 4, 3}, -1, \"L1\"}"
"PASS: ""exact accepted finite checkpoint identity {{3, 4, 3}, -1, \"L1\"}"
"PASS: ""pinned accepted finite checkpoint {{3, 4, 3}, -1, \"Regular\"}"
"PASS: ""exact accepted finite checkpoint identity {{3, 4, 3}, -1, \"Regular\"}"
"PASS: ""real endpoint branches share a boundary"
"PASS: ""pinned accepted finite checkpoint {{3, 4, 3}, 0, \"Delta\"}"
"PASS: ""exact accepted finite checkpoint identity {{3, 4, 3}, 0, \"Delta\"}"
"PASS: ""pinned accepted finite checkpoint {{3, 4, 3}, 0, \"L0\"}"
"PASS: ""exact accepted finite checkpoint identity {{3, 4, 3}, 0, \"L0\"}"
"PASS: ""pinned accepted finite checkpoint {{3, 4, 3}, 0, \"L1\"}"
"PASS: ""exact accepted finite checkpoint identity {{3, 4, 3}, 0, \"L1\"}"
"PASS: ""pinned accepted finite checkpoint {{3, 4, 3}, 0, \"Regular\"}"
"PASS: ""exact accepted finite checkpoint identity {{3, 4, 3}, 0, \"Regular\"}"
"PASS: ""finite physical component"
"FINITE_COMPONENT_MEMORY "{3, 4, 3}" before "4016709056" after "4016727040
"PASS: ""pinned accepted finite checkpoint {{3, 4, 4}, 1, \"Delta\"}"
"PASS: ""exact accepted finite checkpoint identity {{3, 4, 4}, 1, \"Delta\"}"
"PASS: ""pinned accepted finite checkpoint {{3, 4, 4}, 1, \"L0\"}"
"PASS: ""exact accepted finite checkpoint identity {{3, 4, 4}, 1, \"L0\"}"
"PASS: ""pinned accepted finite checkpoint {{3, 4, 4}, 1, \"L1\"}"
"PASS: ""exact accepted finite checkpoint identity {{3, 4, 4}, 1, \"L1\"}"
"PASS: ""pinned accepted finite checkpoint {{3, 4, 4}, 1, \"Regular\"}"
"PASS: ""exact accepted finite checkpoint identity {{3, 4, 4}, 1, \"Regular\"}"
"PASS: ""pinned accepted finite checkpoint {{3, 4, 4}, -1, \"Delta\"}"
"PASS: ""exact accepted finite checkpoint identity {{3, 4, 4}, -1, \"Delta\"}"
"PASS: ""pinned accepted finite checkpoint {{3, 4, 4}, -1, \"L0\"}"
"PASS: ""exact accepted finite checkpoint identity {{3, 4, 4}, -1, \"L0\"}"
"PASS: ""pinned accepted finite checkpoint {{3, 4, 4}, -1, \"L1\"}"
"PASS: ""exact accepted finite checkpoint identity {{3, 4, 4}, -1, \"L1\"}"
"PASS: ""pinned accepted finite checkpoint {{3, 4, 4}, -1, \"Regular\"}"
"PASS: ""exact accepted finite checkpoint identity {{3, 4, 4}, -1, \"Regular\"}"
"PASS: ""real endpoint branches share a boundary"
"PASS: ""pinned accepted finite checkpoint {{3, 4, 4}, 0, \"Delta\"}"
"PASS: ""exact accepted finite checkpoint identity {{3, 4, 4}, 0, \"Delta\"}"
"PASS: ""pinned accepted finite checkpoint {{3, 4, 4}, 0, \"L0\"}"
"PASS: ""exact accepted finite checkpoint identity {{3, 4, 4}, 0, \"L0\"}"
"PASS: ""pinned accepted finite checkpoint {{3, 4, 4}, 0, \"L1\"}"
"PASS: ""exact accepted finite checkpoint identity {{3, 4, 4}, 0, \"L1\"}"
"PASS: ""pinned accepted finite checkpoint {{3, 4, 4}, 0, \"Regular\"}"
"PASS: ""exact accepted finite checkpoint identity {{3, 4, 4}, 0, \"Regular\"}"
"PASS: ""finite physical component"
"FINITE_COMPONENT_MEMORY "{3, 4, 4}" before "4016726936" after "4111025872
"PASS: ""pinned accepted finite checkpoint {{4, 1, 1}, 1, \"Delta\"}"
"PASS: ""exact accepted finite checkpoint identity {{4, 1, 1}, 1, \"Delta\"}"
"PASS: ""pinned accepted finite checkpoint {{4, 1, 1}, 1, \"L0\"}"
"PASS: ""exact accepted finite checkpoint identity {{4, 1, 1}, 1, \"L0\"}"
"PASS: ""pinned accepted finite checkpoint {{4, 1, 1}, 1, \"L1\"}"
"PASS: ""exact accepted finite checkpoint identity {{4, 1, 1}, 1, \"L1\"}"
"PASS: ""pinned accepted finite checkpoint {{4, 1, 1}, 1, \"Regular\"}"
"PASS: ""exact accepted finite checkpoint identity {{4, 1, 1}, 1, \"Regular\"}"
"PASS: ""pinned accepted finite checkpoint {{4, 1, 1}, -1, \"Delta\"}"
"PASS: ""exact accepted finite checkpoint identity {{4, 1, 1}, -1, \"Delta\"}"
"PASS: ""pinned accepted finite checkpoint {{4, 1, 1}, -1, \"L0\"}"
"PASS: ""exact accepted finite checkpoint identity {{4, 1, 1}, -1, \"L0\"}"
"PASS: ""pinned accepted finite checkpoint {{4, 1, 1}, -1, \"L1\"}"
"PASS: ""exact accepted finite checkpoint identity {{4, 1, 1}, -1, \"L1\"}"
"PASS: ""pinned accepted finite checkpoint {{4, 1, 1}, -1, \"Regular\"}"
"PASS: ""exact accepted finite checkpoint identity {{4, 1, 1}, -1, \"Regular\"}"
"PASS: ""real endpoint branches share a boundary"
"PASS: ""pinned accepted finite checkpoint {{4, 1, 1}, 0, \"Delta\"}"
"PASS: ""exact accepted finite checkpoint identity {{4, 1, 1}, 0, \"Delta\"}"
"PASS: ""pinned accepted finite checkpoint {{4, 1, 1}, 0, \"L0\"}"
"PASS: ""exact accepted finite checkpoint identity {{4, 1, 1}, 0, \"L0\"}"
"PASS: ""pinned accepted finite checkpoint {{4, 1, 1}, 0, \"L1\"}"
"PASS: ""exact accepted finite checkpoint identity {{4, 1, 1}, 0, \"L1\"}"
"PASS: ""pinned accepted finite checkpoint {{4, 1, 1}, 0, \"Regular\"}"
"PASS: ""exact accepted finite checkpoint identity {{4, 1, 1}, 0, \"Regular\"}"
"PASS: ""finite physical component"
"FINITE_COMPONENT_MEMORY "{4, 1, 1}" before "4111025768" after "4133564232
"PASS: ""pinned accepted finite checkpoint {{4, 1, 2}, 1, \"Delta\"}"
"PASS: ""exact accepted finite checkpoint identity {{4, 1, 2}, 1, \"Delta\"}"
"PASS: ""pinned accepted finite checkpoint {{4, 1, 2}, 1, \"L0\"}"
"PASS: ""exact accepted finite checkpoint identity {{4, 1, 2}, 1, \"L0\"}"
"PASS: ""pinned accepted finite checkpoint {{4, 1, 2}, 1, \"L1\"}"
"PASS: ""exact accepted finite checkpoint identity {{4, 1, 2}, 1, \"L1\"}"
"PASS: ""pinned accepted finite checkpoint {{4, 1, 2}, 1, \"Regular\"}"
"PASS: ""exact accepted finite checkpoint identity {{4, 1, 2}, 1, \"Regular\"}"
"PASS: ""pinned accepted finite checkpoint {{4, 1, 2}, -1, \"Delta\"}"
"PASS: ""exact accepted finite checkpoint identity {{4, 1, 2}, -1, \"Delta\"}"
"PASS: ""pinned accepted finite checkpoint {{4, 1, 2}, -1, \"L0\"}"
"PASS: ""exact accepted finite checkpoint identity {{4, 1, 2}, -1, \"L0\"}"
"PASS: ""pinned accepted finite checkpoint {{4, 1, 2}, -1, \"L1\"}"
"PASS: ""exact accepted finite checkpoint identity {{4, 1, 2}, -1, \"L1\"}"
"PASS: ""pinned accepted finite checkpoint {{4, 1, 2}, -1, \"Regular\"}"
"PASS: ""exact accepted finite checkpoint identity {{4, 1, 2}, -1, \"Regular\"}"
"PASS: ""real endpoint branches share a boundary"
"PASS: ""pinned accepted finite checkpoint {{4, 1, 2}, 0, \"Delta\"}"
"PASS: ""exact accepted finite checkpoint identity {{4, 1, 2}, 0, \"Delta\"}"
"PASS: ""pinned accepted finite checkpoint {{4, 1, 2}, 0, \"L0\"}"
"PASS: ""exact accepted finite checkpoint identity {{4, 1, 2}, 0, \"L0\"}"
"PASS: ""pinned accepted finite checkpoint {{4, 1, 2}, 0, \"L1\"}"
"PASS: ""exact accepted finite checkpoint identity {{4, 1, 2}, 0, \"L1\"}"
"PASS: ""pinned accepted finite checkpoint {{4, 1, 2}, 0, \"Regular\"}"
"PASS: ""exact accepted finite checkpoint identity {{4, 1, 2}, 0, \"Regular\"}"
"PASS: ""finite physical component"
"FINITE_COMPONENT_MEMORY "{4, 1, 2}" before "4133564128" after "4151654072
"PASS: ""pinned accepted finite checkpoint {{4, 1, 3}, 1, \"Delta\"}"
"PASS: ""exact accepted finite checkpoint identity {{4, 1, 3}, 1, \"Delta\"}"
"PASS: ""pinned accepted finite checkpoint {{4, 1, 3}, 1, \"L0\"}"
"PASS: ""exact accepted finite checkpoint identity {{4, 1, 3}, 1, \"L0\"}"
"PASS: ""pinned accepted finite checkpoint {{4, 1, 3}, 1, \"L1\"}"
"PASS: ""exact accepted finite checkpoint identity {{4, 1, 3}, 1, \"L1\"}"
"PASS: ""pinned accepted finite checkpoint {{4, 1, 3}, 1, \"Regular\"}"
"PASS: ""exact accepted finite checkpoint identity {{4, 1, 3}, 1, \"Regular\"}"
"PASS: ""pinned accepted finite checkpoint {{4, 1, 3}, -1, \"Delta\"}"
"PASS: ""exact accepted finite checkpoint identity {{4, 1, 3}, -1, \"Delta\"}"
"PASS: ""pinned accepted finite checkpoint {{4, 1, 3}, -1, \"L0\"}"
"PASS: ""exact accepted finite checkpoint identity {{4, 1, 3}, -1, \"L0\"}"
"PASS: ""pinned accepted finite checkpoint {{4, 1, 3}, -1, \"L1\"}"
"PASS: ""exact accepted finite checkpoint identity {{4, 1, 3}, -1, \"L1\"}"
"PASS: ""pinned accepted finite checkpoint {{4, 1, 3}, -1, \"Regular\"}"
"PASS: ""exact accepted finite checkpoint identity {{4, 1, 3}, -1, \"Regular\"}"
"PASS: ""real endpoint branches share a boundary"
"PASS: ""pinned accepted finite checkpoint {{4, 1, 3}, 0, \"Delta\"}"
"PASS: ""exact accepted finite checkpoint identity {{4, 1, 3}, 0, \"Delta\"}"
"PASS: ""pinned accepted finite checkpoint {{4, 1, 3}, 0, \"L0\"}"
"PASS: ""exact accepted finite checkpoint identity {{4, 1, 3}, 0, \"L0\"}"
"PASS: ""pinned accepted finite checkpoint {{4, 1, 3}, 0, \"L1\"}"
"PASS: ""exact accepted finite checkpoint identity {{4, 1, 3}, 0, \"L1\"}"
"PASS: ""pinned accepted finite checkpoint {{4, 1, 3}, 0, \"Regular\"}"
"PASS: ""exact accepted finite checkpoint identity {{4, 1, 3}, 0, \"Regular\"}"
"PASS: ""finite physical component"
"FINITE_COMPONENT_MEMORY "{4, 1, 3}" before "4151653968" after "4151671720
"PASS: ""pinned accepted finite checkpoint {{4, 1, 4}, 1, \"Delta\"}"
"PASS: ""exact accepted finite checkpoint identity {{4, 1, 4}, 1, \"Delta\"}"
"PASS: ""pinned accepted finite checkpoint {{4, 1, 4}, 1, \"L0\"}"
"PASS: ""exact accepted finite checkpoint identity {{4, 1, 4}, 1, \"L0\"}"
"PASS: ""pinned accepted finite checkpoint {{4, 1, 4}, 1, \"L1\"}"
"PASS: ""exact accepted finite checkpoint identity {{4, 1, 4}, 1, \"L1\"}"
"PASS: ""pinned accepted finite checkpoint {{4, 1, 4}, 1, \"Regular\"}"
"PASS: ""exact accepted finite checkpoint identity {{4, 1, 4}, 1, \"Regular\"}"
"PASS: ""pinned accepted finite checkpoint {{4, 1, 4}, -1, \"Delta\"}"
"PASS: ""exact accepted finite checkpoint identity {{4, 1, 4}, -1, \"Delta\"}"
"PASS: ""pinned accepted finite checkpoint {{4, 1, 4}, -1, \"L0\"}"
"PASS: ""exact accepted finite checkpoint identity {{4, 1, 4}, -1, \"L0\"}"
"PASS: ""pinned accepted finite checkpoint {{4, 1, 4}, -1, \"L1\"}"
"PASS: ""exact accepted finite checkpoint identity {{4, 1, 4}, -1, \"L1\"}"
"PASS: ""pinned accepted finite checkpoint {{4, 1, 4}, -1, \"Regular\"}"
"PASS: ""exact accepted finite checkpoint identity {{4, 1, 4}, -1, \"Regular\"}"
"PASS: ""real endpoint branches share a boundary"
"PASS: ""pinned accepted finite checkpoint {{4, 1, 4}, 0, \"Delta\"}"
"PASS: ""exact accepted finite checkpoint identity {{4, 1, 4}, 0, \"Delta\"}"
"PASS: ""pinned accepted finite checkpoint {{4, 1, 4}, 0, \"L0\"}"
"PASS: ""exact accepted finite checkpoint identity {{4, 1, 4}, 0, \"L0\"}"
"PASS: ""pinned accepted finite checkpoint {{4, 1, 4}, 0, \"L1\"}"
"PASS: ""exact accepted finite checkpoint identity {{4, 1, 4}, 0, \"L1\"}"
"PASS: ""pinned accepted finite checkpoint {{4, 1, 4}, 0, \"Regular\"}"
"PASS: ""exact accepted finite checkpoint identity {{4, 1, 4}, 0, \"Regular\"}"
"PASS: ""finite physical component"
"FINITE_COMPONENT_MEMORY "{4, 1, 4}" before "4151671616" after "4151689648
"PASS: ""pinned accepted finite checkpoint {{4, 2, 1}, 1, \"Delta\"}"
"PASS: ""exact accepted finite checkpoint identity {{4, 2, 1}, 1, \"Delta\"}"
"PASS: ""pinned accepted finite checkpoint {{4, 2, 1}, 1, \"L0\"}"
"PASS: ""exact accepted finite checkpoint identity {{4, 2, 1}, 1, \"L0\"}"
"PASS: ""pinned accepted finite checkpoint {{4, 2, 1}, 1, \"L1\"}"
"PASS: ""exact accepted finite checkpoint identity {{4, 2, 1}, 1, \"L1\"}"
"PASS: ""pinned accepted finite checkpoint {{4, 2, 1}, 1, \"Regular\"}"
"PASS: ""exact accepted finite checkpoint identity {{4, 2, 1}, 1, \"Regular\"}"
"PASS: ""pinned accepted finite checkpoint {{4, 2, 1}, -1, \"Delta\"}"
"PASS: ""exact accepted finite checkpoint identity {{4, 2, 1}, -1, \"Delta\"}"
"PASS: ""pinned accepted finite checkpoint {{4, 2, 1}, -1, \"L0\"}"
"PASS: ""exact accepted finite checkpoint identity {{4, 2, 1}, -1, \"L0\"}"
"PASS: ""pinned accepted finite checkpoint {{4, 2, 1}, -1, \"L1\"}"
"PASS: ""exact accepted finite checkpoint identity {{4, 2, 1}, -1, \"L1\"}"
"PASS: ""pinned accepted finite checkpoint {{4, 2, 1}, -1, \"Regular\"}"
"PASS: ""exact accepted finite checkpoint identity {{4, 2, 1}, -1, \"Regular\"}"
"PASS: ""real endpoint branches share a boundary"
"PASS: ""pinned accepted finite checkpoint {{4, 2, 1}, 0, \"Delta\"}"
"PASS: ""exact accepted finite checkpoint identity {{4, 2, 1}, 0, \"Delta\"}"
"PASS: ""pinned accepted finite checkpoint {{4, 2, 1}, 0, \"L0\"}"
"PASS: ""exact accepted finite checkpoint identity {{4, 2, 1}, 0, \"L0\"}"
"PASS: ""pinned accepted finite checkpoint {{4, 2, 1}, 0, \"L1\"}"
"PASS: ""exact accepted finite checkpoint identity {{4, 2, 1}, 0, \"L1\"}"
"PASS: ""pinned accepted finite checkpoint {{4, 2, 1}, 0, \"Regular\"}"
"PASS: ""exact accepted finite checkpoint identity {{4, 2, 1}, 0, \"Regular\"}"
"PASS: ""finite physical component"
"FINITE_COMPONENT_MEMORY "{4, 2, 1}" before "4151689544" after "4167649528
"PASS: ""pinned accepted finite checkpoint {{4, 2, 2}, 1, \"Delta\"}"
"PASS: ""exact accepted finite checkpoint identity {{4, 2, 2}, 1, \"Delta\"}"
"PASS: ""pinned accepted finite checkpoint {{4, 2, 2}, 1, \"L0\"}"
"PASS: ""exact accepted finite checkpoint identity {{4, 2, 2}, 1, \"L0\"}"
"PASS: ""pinned accepted finite checkpoint {{4, 2, 2}, 1, \"L1\"}"
"PASS: ""exact accepted finite checkpoint identity {{4, 2, 2}, 1, \"L1\"}"
"PASS: ""pinned accepted finite checkpoint {{4, 2, 2}, 1, \"Regular\"}"
"PASS: ""exact accepted finite checkpoint identity {{4, 2, 2}, 1, \"Regular\"}"
"PASS: ""pinned accepted finite checkpoint {{4, 2, 2}, -1, \"Delta\"}"
"PASS: ""exact accepted finite checkpoint identity {{4, 2, 2}, -1, \"Delta\"}"
"PASS: ""pinned accepted finite checkpoint {{4, 2, 2}, -1, \"L0\"}"
"PASS: ""exact accepted finite checkpoint identity {{4, 2, 2}, -1, \"L0\"}"
"PASS: ""pinned accepted finite checkpoint {{4, 2, 2}, -1, \"L1\"}"
"PASS: ""exact accepted finite checkpoint identity {{4, 2, 2}, -1, \"L1\"}"
"PASS: ""pinned accepted finite checkpoint {{4, 2, 2}, -1, \"Regular\"}"
"PASS: ""exact accepted finite checkpoint identity {{4, 2, 2}, -1, \"Regular\"}"
"PASS: ""real endpoint branches share a boundary"
"PASS: ""pinned accepted finite checkpoint {{4, 2, 2}, 0, \"Delta\"}"
"PASS: ""exact accepted finite checkpoint identity {{4, 2, 2}, 0, \"Delta\"}"
"PASS: ""pinned accepted finite checkpoint {{4, 2, 2}, 0, \"L0\"}"
"PASS: ""exact accepted finite checkpoint identity {{4, 2, 2}, 0, \"L0\"}"
"PASS: ""pinned accepted finite checkpoint {{4, 2, 2}, 0, \"L1\"}"
"PASS: ""exact accepted finite checkpoint identity {{4, 2, 2}, 0, \"L1\"}"
"PASS: ""pinned accepted finite checkpoint {{4, 2, 2}, 0, \"Regular\"}"
"PASS: ""exact accepted finite checkpoint identity {{4, 2, 2}, 0, \"Regular\"}"
"PASS: ""finite physical component"
"FINITE_COMPONENT_MEMORY "{4, 2, 2}" before "4167649424" after "4191113200
"PASS: ""pinned accepted finite checkpoint {{4, 2, 3}, 1, \"Delta\"}"
"PASS: ""exact accepted finite checkpoint identity {{4, 2, 3}, 1, \"Delta\"}"
"PASS: ""pinned accepted finite checkpoint {{4, 2, 3}, 1, \"L0\"}"
"PASS: ""exact accepted finite checkpoint identity {{4, 2, 3}, 1, \"L0\"}"
"PASS: ""pinned accepted finite checkpoint {{4, 2, 3}, 1, \"L1\"}"
"PASS: ""exact accepted finite checkpoint identity {{4, 2, 3}, 1, \"L1\"}"
"PASS: ""pinned accepted finite checkpoint {{4, 2, 3}, 1, \"Regular\"}"
"PASS: ""exact accepted finite checkpoint identity {{4, 2, 3}, 1, \"Regular\"}"
"PASS: ""pinned accepted finite checkpoint {{4, 2, 3}, -1, \"Delta\"}"
"PASS: ""exact accepted finite checkpoint identity {{4, 2, 3}, -1, \"Delta\"}"
"PASS: ""pinned accepted finite checkpoint {{4, 2, 3}, -1, \"L0\"}"
"PASS: ""exact accepted finite checkpoint identity {{4, 2, 3}, -1, \"L0\"}"
"PASS: ""pinned accepted finite checkpoint {{4, 2, 3}, -1, \"L1\"}"
"PASS: ""exact accepted finite checkpoint identity {{4, 2, 3}, -1, \"L1\"}"
"PASS: ""pinned accepted finite checkpoint {{4, 2, 3}, -1, \"Regular\"}"
"PASS: ""exact accepted finite checkpoint identity {{4, 2, 3}, -1, \"Regular\"}"
"PASS: ""real endpoint branches share a boundary"
"PASS: ""pinned accepted finite checkpoint {{4, 2, 3}, 0, \"Delta\"}"
"PASS: ""exact accepted finite checkpoint identity {{4, 2, 3}, 0, \"Delta\"}"
"PASS: ""pinned accepted finite checkpoint {{4, 2, 3}, 0, \"L0\"}"
"PASS: ""exact accepted finite checkpoint identity {{4, 2, 3}, 0, \"L0\"}"
"PASS: ""pinned accepted finite checkpoint {{4, 2, 3}, 0, \"L1\"}"
"PASS: ""exact accepted finite checkpoint identity {{4, 2, 3}, 0, \"L1\"}"
"PASS: ""pinned accepted finite checkpoint {{4, 2, 3}, 0, \"Regular\"}"
"PASS: ""exact accepted finite checkpoint identity {{4, 2, 3}, 0, \"Regular\"}"
"PASS: ""finite physical component"
"FINITE_COMPONENT_MEMORY "{4, 2, 3}" before "4191113096" after "4191131088
"PASS: ""pinned accepted finite checkpoint {{4, 2, 4}, 1, \"Delta\"}"
"PASS: ""exact accepted finite checkpoint identity {{4, 2, 4}, 1, \"Delta\"}"
"PASS: ""pinned accepted finite checkpoint {{4, 2, 4}, 1, \"L0\"}"
"PASS: ""exact accepted finite checkpoint identity {{4, 2, 4}, 1, \"L0\"}"
"PASS: ""pinned accepted finite checkpoint {{4, 2, 4}, 1, \"L1\"}"
"PASS: ""exact accepted finite checkpoint identity {{4, 2, 4}, 1, \"L1\"}"
"PASS: ""pinned accepted finite checkpoint {{4, 2, 4}, 1, \"Regular\"}"
"PASS: ""exact accepted finite checkpoint identity {{4, 2, 4}, 1, \"Regular\"}"
"PASS: ""pinned accepted finite checkpoint {{4, 2, 4}, -1, \"Delta\"}"
"PASS: ""exact accepted finite checkpoint identity {{4, 2, 4}, -1, \"Delta\"}"
"PASS: ""pinned accepted finite checkpoint {{4, 2, 4}, -1, \"L0\"}"
"PASS: ""exact accepted finite checkpoint identity {{4, 2, 4}, -1, \"L0\"}"
"PASS: ""pinned accepted finite checkpoint {{4, 2, 4}, -1, \"L1\"}"
"PASS: ""exact accepted finite checkpoint identity {{4, 2, 4}, -1, \"L1\"}"
"PASS: ""pinned accepted finite checkpoint {{4, 2, 4}, -1, \"Regular\"}"
"PASS: ""exact accepted finite checkpoint identity {{4, 2, 4}, -1, \"Regular\"}"
"PASS: ""real endpoint branches share a boundary"
"PASS: ""pinned accepted finite checkpoint {{4, 2, 4}, 0, \"Delta\"}"
"PASS: ""exact accepted finite checkpoint identity {{4, 2, 4}, 0, \"Delta\"}"
"PASS: ""pinned accepted finite checkpoint {{4, 2, 4}, 0, \"L0\"}"
"PASS: ""exact accepted finite checkpoint identity {{4, 2, 4}, 0, \"L0\"}"
"PASS: ""pinned accepted finite checkpoint {{4, 2, 4}, 0, \"L1\"}"
"PASS: ""exact accepted finite checkpoint identity {{4, 2, 4}, 0, \"L1\"}"
"PASS: ""pinned accepted finite checkpoint {{4, 2, 4}, 0, \"Regular\"}"
"PASS: ""exact accepted finite checkpoint identity {{4, 2, 4}, 0, \"Regular\"}"
"PASS: ""finite physical component"
"FINITE_COMPONENT_MEMORY "{4, 2, 4}" before "4191130984" after "4191149056
"PASS: ""pinned accepted finite checkpoint {{4, 3, 1}, 1, \"Delta\"}"
"PASS: ""exact accepted finite checkpoint identity {{4, 3, 1}, 1, \"Delta\"}"
"PASS: ""pinned accepted finite checkpoint {{4, 3, 1}, 1, \"L0\"}"
"PASS: ""exact accepted finite checkpoint identity {{4, 3, 1}, 1, \"L0\"}"
"PASS: ""pinned accepted finite checkpoint {{4, 3, 1}, 1, \"L1\"}"
"PASS: ""exact accepted finite checkpoint identity {{4, 3, 1}, 1, \"L1\"}"
"PASS: ""pinned accepted finite checkpoint {{4, 3, 1}, 1, \"Regular\"}"
"PASS: ""exact accepted finite checkpoint identity {{4, 3, 1}, 1, \"Regular\"}"
"PASS: ""pinned accepted finite checkpoint {{4, 3, 1}, -1, \"Delta\"}"
"PASS: ""exact accepted finite checkpoint identity {{4, 3, 1}, -1, \"Delta\"}"
"PASS: ""pinned accepted finite checkpoint {{4, 3, 1}, -1, \"L0\"}"
"PASS: ""exact accepted finite checkpoint identity {{4, 3, 1}, -1, \"L0\"}"
"PASS: ""pinned accepted finite checkpoint {{4, 3, 1}, -1, \"L1\"}"
"PASS: ""exact accepted finite checkpoint identity {{4, 3, 1}, -1, \"L1\"}"
"PASS: ""pinned accepted finite checkpoint {{4, 3, 1}, -1, \"Regular\"}"
"PASS: ""exact accepted finite checkpoint identity {{4, 3, 1}, -1, \"Regular\"}"
"PASS: ""real endpoint branches share a boundary"
"PASS: ""pinned accepted finite checkpoint {{4, 3, 1}, 0, \"Delta\"}"
"PASS: ""exact accepted finite checkpoint identity {{4, 3, 1}, 0, \"Delta\"}"
"PASS: ""pinned accepted finite checkpoint {{4, 3, 1}, 0, \"L0\"}"
"PASS: ""exact accepted finite checkpoint identity {{4, 3, 1}, 0, \"L0\"}"
"PASS: ""pinned accepted finite checkpoint {{4, 3, 1}, 0, \"L1\"}"
"PASS: ""exact accepted finite checkpoint identity {{4, 3, 1}, 0, \"L1\"}"
"PASS: ""pinned accepted finite checkpoint {{4, 3, 1}, 0, \"Regular\"}"
"PASS: ""exact accepted finite checkpoint identity {{4, 3, 1}, 0, \"Regular\"}"
"PASS: ""finite physical component"
"FINITE_COMPONENT_MEMORY "{4, 3, 1}" before "4191148952" after "4191166928
"PASS: ""pinned accepted finite checkpoint {{4, 3, 2}, 1, \"Delta\"}"
"PASS: ""exact accepted finite checkpoint identity {{4, 3, 2}, 1, \"Delta\"}"
"PASS: ""pinned accepted finite checkpoint {{4, 3, 2}, 1, \"L0\"}"
"PASS: ""exact accepted finite checkpoint identity {{4, 3, 2}, 1, \"L0\"}"
"PASS: ""pinned accepted finite checkpoint {{4, 3, 2}, 1, \"L1\"}"
"PASS: ""exact accepted finite checkpoint identity {{4, 3, 2}, 1, \"L1\"}"
"PASS: ""pinned accepted finite checkpoint {{4, 3, 2}, 1, \"Regular\"}"
"PASS: ""exact accepted finite checkpoint identity {{4, 3, 2}, 1, \"Regular\"}"
"PASS: ""pinned accepted finite checkpoint {{4, 3, 2}, -1, \"Delta\"}"
"PASS: ""exact accepted finite checkpoint identity {{4, 3, 2}, -1, \"Delta\"}"
"PASS: ""pinned accepted finite checkpoint {{4, 3, 2}, -1, \"L0\"}"
"PASS: ""exact accepted finite checkpoint identity {{4, 3, 2}, -1, \"L0\"}"
"PASS: ""pinned accepted finite checkpoint {{4, 3, 2}, -1, \"L1\"}"
"PASS: ""exact accepted finite checkpoint identity {{4, 3, 2}, -1, \"L1\"}"
"PASS: ""pinned accepted finite checkpoint {{4, 3, 2}, -1, \"Regular\"}"
"PASS: ""exact accepted finite checkpoint identity {{4, 3, 2}, -1, \"Regular\"}"
"PASS: ""real endpoint branches share a boundary"
"PASS: ""pinned accepted finite checkpoint {{4, 3, 2}, 0, \"Delta\"}"
"PASS: ""exact accepted finite checkpoint identity {{4, 3, 2}, 0, \"Delta\"}"
"PASS: ""pinned accepted finite checkpoint {{4, 3, 2}, 0, \"L0\"}"
"PASS: ""exact accepted finite checkpoint identity {{4, 3, 2}, 0, \"L0\"}"
"PASS: ""pinned accepted finite checkpoint {{4, 3, 2}, 0, \"L1\"}"
"PASS: ""exact accepted finite checkpoint identity {{4, 3, 2}, 0, \"L1\"}"
"PASS: ""pinned accepted finite checkpoint {{4, 3, 2}, 0, \"Regular\"}"
"PASS: ""exact accepted finite checkpoint identity {{4, 3, 2}, 0, \"Regular\"}"
"PASS: ""finite physical component"
"FINITE_COMPONENT_MEMORY "{4, 3, 2}" before "4191166824" after "4191184760
"PASS: ""pinned accepted finite checkpoint {{4, 3, 3}, 1, \"Delta\"}"
"PASS: ""exact accepted finite checkpoint identity {{4, 3, 3}, 1, \"Delta\"}"
"PASS: ""pinned accepted finite checkpoint {{4, 3, 3}, 1, \"L0\"}"
"PASS: ""exact accepted finite checkpoint identity {{4, 3, 3}, 1, \"L0\"}"
"PASS: ""pinned accepted finite checkpoint {{4, 3, 3}, 1, \"L1\"}"
"PASS: ""exact accepted finite checkpoint identity {{4, 3, 3}, 1, \"L1\"}"
"PASS: ""pinned accepted finite checkpoint {{4, 3, 3}, 1, \"Regular\"}"
"PASS: ""exact accepted finite checkpoint identity {{4, 3, 3}, 1, \"Regular\"}"
"PASS: ""pinned accepted finite checkpoint {{4, 3, 3}, -1, \"Delta\"}"
"PASS: ""exact accepted finite checkpoint identity {{4, 3, 3}, -1, \"Delta\"}"
"PASS: ""pinned accepted finite checkpoint {{4, 3, 3}, -1, \"L0\"}"
"PASS: ""exact accepted finite checkpoint identity {{4, 3, 3}, -1, \"L0\"}"
"PASS: ""pinned accepted finite checkpoint {{4, 3, 3}, -1, \"L1\"}"
"PASS: ""exact accepted finite checkpoint identity {{4, 3, 3}, -1, \"L1\"}"
"PASS: ""pinned accepted finite checkpoint {{4, 3, 3}, -1, \"Regular\"}"
"PASS: ""exact accepted finite checkpoint identity {{4, 3, 3}, -1, \"Regular\"}"
"PASS: ""real endpoint branches share a boundary"
"PASS: ""pinned accepted finite checkpoint {{4, 3, 3}, 0, \"Delta\"}"
"PASS: ""exact accepted finite checkpoint identity {{4, 3, 3}, 0, \"Delta\"}"
"PASS: ""pinned accepted finite checkpoint {{4, 3, 3}, 0, \"L0\"}"
"PASS: ""exact accepted finite checkpoint identity {{4, 3, 3}, 0, \"L0\"}"
"PASS: ""pinned accepted finite checkpoint {{4, 3, 3}, 0, \"L1\"}"
"PASS: ""exact accepted finite checkpoint identity {{4, 3, 3}, 0, \"L1\"}"
"PASS: ""pinned accepted finite checkpoint {{4, 3, 3}, 0, \"Regular\"}"
"PASS: ""exact accepted finite checkpoint identity {{4, 3, 3}, 0, \"Regular\"}"
"PASS: ""finite physical component"
"FINITE_COMPONENT_MEMORY "{4, 3, 3}" before "4191184656" after "4212192008
"PASS: ""pinned accepted finite checkpoint {{4, 3, 4}, 1, \"Delta\"}"
"PASS: ""exact accepted finite checkpoint identity {{4, 3, 4}, 1, \"Delta\"}"
"PASS: ""pinned accepted finite checkpoint {{4, 3, 4}, 1, \"L0\"}"
"PASS: ""exact accepted finite checkpoint identity {{4, 3, 4}, 1, \"L0\"}"
"PASS: ""pinned accepted finite checkpoint {{4, 3, 4}, 1, \"L1\"}"
"PASS: ""exact accepted finite checkpoint identity {{4, 3, 4}, 1, \"L1\"}"
"PASS: ""pinned accepted finite checkpoint {{4, 3, 4}, 1, \"Regular\"}"
"PASS: ""exact accepted finite checkpoint identity {{4, 3, 4}, 1, \"Regular\"}"
"PASS: ""pinned accepted finite checkpoint {{4, 3, 4}, -1, \"Delta\"}"
"PASS: ""exact accepted finite checkpoint identity {{4, 3, 4}, -1, \"Delta\"}"
"PASS: ""pinned accepted finite checkpoint {{4, 3, 4}, -1, \"L0\"}"
"PASS: ""exact accepted finite checkpoint identity {{4, 3, 4}, -1, \"L0\"}"
"PASS: ""pinned accepted finite checkpoint {{4, 3, 4}, -1, \"L1\"}"
"PASS: ""exact accepted finite checkpoint identity {{4, 3, 4}, -1, \"L1\"}"
"PASS: ""pinned accepted finite checkpoint {{4, 3, 4}, -1, \"Regular\"}"
"PASS: ""exact accepted finite checkpoint identity {{4, 3, 4}, -1, \"Regular\"}"
"PASS: ""real endpoint branches share a boundary"
"PASS: ""pinned accepted finite checkpoint {{4, 3, 4}, 0, \"Delta\"}"
"PASS: ""exact accepted finite checkpoint identity {{4, 3, 4}, 0, \"Delta\"}"
"PASS: ""pinned accepted finite checkpoint {{4, 3, 4}, 0, \"L0\"}"
"PASS: ""exact accepted finite checkpoint identity {{4, 3, 4}, 0, \"L0\"}"
"PASS: ""pinned accepted finite checkpoint {{4, 3, 4}, 0, \"L1\"}"
"PASS: ""exact accepted finite checkpoint identity {{4, 3, 4}, 0, \"L1\"}"
"PASS: ""pinned accepted finite checkpoint {{4, 3, 4}, 0, \"Regular\"}"
"PASS: ""exact accepted finite checkpoint identity {{4, 3, 4}, 0, \"Regular\"}"
"PASS: ""finite physical component"
"FINITE_COMPONENT_MEMORY "{4, 3, 4}" before "4212191904" after "4212209896
"PASS: ""pinned accepted finite checkpoint {{4, 4, 1}, 1, \"Delta\"}"
"PASS: ""exact accepted finite checkpoint identity {{4, 4, 1}, 1, \"Delta\"}"
"PASS: ""pinned accepted finite checkpoint {{4, 4, 1}, 1, \"L0\"}"
"PASS: ""exact accepted finite checkpoint identity {{4, 4, 1}, 1, \"L0\"}"
"PASS: ""pinned accepted finite checkpoint {{4, 4, 1}, 1, \"L1\"}"
"PASS: ""exact accepted finite checkpoint identity {{4, 4, 1}, 1, \"L1\"}"
"PASS: ""pinned accepted finite checkpoint {{4, 4, 1}, 1, \"Regular\"}"
"PASS: ""exact accepted finite checkpoint identity {{4, 4, 1}, 1, \"Regular\"}"
"PASS: ""pinned accepted finite checkpoint {{4, 4, 1}, -1, \"Delta\"}"
"PASS: ""exact accepted finite checkpoint identity {{4, 4, 1}, -1, \"Delta\"}"
"PASS: ""pinned accepted finite checkpoint {{4, 4, 1}, -1, \"L0\"}"
"PASS: ""exact accepted finite checkpoint identity {{4, 4, 1}, -1, \"L0\"}"
"PASS: ""pinned accepted finite checkpoint {{4, 4, 1}, -1, \"L1\"}"
"PASS: ""exact accepted finite checkpoint identity {{4, 4, 1}, -1, \"L1\"}"
"PASS: ""pinned accepted finite checkpoint {{4, 4, 1}, -1, \"Regular\"}"
"PASS: ""exact accepted finite checkpoint identity {{4, 4, 1}, -1, \"Regular\"}"
"PASS: ""real endpoint branches share a boundary"
"PASS: ""pinned accepted finite checkpoint {{4, 4, 1}, 0, \"Delta\"}"
"PASS: ""exact accepted finite checkpoint identity {{4, 4, 1}, 0, \"Delta\"}"
"PASS: ""pinned accepted finite checkpoint {{4, 4, 1}, 0, \"L0\"}"
"PASS: ""exact accepted finite checkpoint identity {{4, 4, 1}, 0, \"L0\"}"
"PASS: ""pinned accepted finite checkpoint {{4, 4, 1}, 0, \"L1\"}"
"PASS: ""exact accepted finite checkpoint identity {{4, 4, 1}, 0, \"L1\"}"
"PASS: ""pinned accepted finite checkpoint {{4, 4, 1}, 0, \"Regular\"}"
"PASS: ""exact accepted finite checkpoint identity {{4, 4, 1}, 0, \"Regular\"}"
"PASS: ""finite physical component"
"FINITE_COMPONENT_MEMORY "{4, 4, 1}" before "4212209792" after "4212227552
"PASS: ""pinned accepted finite checkpoint {{4, 4, 2}, 1, \"Delta\"}"
"PASS: ""exact accepted finite checkpoint identity {{4, 4, 2}, 1, \"Delta\"}"
"PASS: ""pinned accepted finite checkpoint {{4, 4, 2}, 1, \"L0\"}"
"PASS: ""exact accepted finite checkpoint identity {{4, 4, 2}, 1, \"L0\"}"
"PASS: ""pinned accepted finite checkpoint {{4, 4, 2}, 1, \"L1\"}"
"PASS: ""exact accepted finite checkpoint identity {{4, 4, 2}, 1, \"L1\"}"
"PASS: ""pinned accepted finite checkpoint {{4, 4, 2}, 1, \"Regular\"}"
"PASS: ""exact accepted finite checkpoint identity {{4, 4, 2}, 1, \"Regular\"}"
"PASS: ""pinned accepted finite checkpoint {{4, 4, 2}, -1, \"Delta\"}"
"PASS: ""exact accepted finite checkpoint identity {{4, 4, 2}, -1, \"Delta\"}"
"PASS: ""pinned accepted finite checkpoint {{4, 4, 2}, -1, \"L0\"}"
"PASS: ""exact accepted finite checkpoint identity {{4, 4, 2}, -1, \"L0\"}"
"PASS: ""pinned accepted finite checkpoint {{4, 4, 2}, -1, \"L1\"}"
"PASS: ""exact accepted finite checkpoint identity {{4, 4, 2}, -1, \"L1\"}"
"PASS: ""pinned accepted finite checkpoint {{4, 4, 2}, -1, \"Regular\"}"
"PASS: ""exact accepted finite checkpoint identity {{4, 4, 2}, -1, \"Regular\"}"
"PASS: ""real endpoint branches share a boundary"
"PASS: ""pinned accepted finite checkpoint {{4, 4, 2}, 0, \"Delta\"}"
"PASS: ""exact accepted finite checkpoint identity {{4, 4, 2}, 0, \"Delta\"}"
"PASS: ""pinned accepted finite checkpoint {{4, 4, 2}, 0, \"L0\"}"
"PASS: ""exact accepted finite checkpoint identity {{4, 4, 2}, 0, \"L0\"}"
"PASS: ""pinned accepted finite checkpoint {{4, 4, 2}, 0, \"L1\"}"
"PASS: ""exact accepted finite checkpoint identity {{4, 4, 2}, 0, \"L1\"}"
"PASS: ""pinned accepted finite checkpoint {{4, 4, 2}, 0, \"Regular\"}"
"PASS: ""exact accepted finite checkpoint identity {{4, 4, 2}, 0, \"Regular\"}"
"PASS: ""finite physical component"
"FINITE_COMPONENT_MEMORY "{4, 4, 2}" before "4212227448" after "4212245392
"PASS: ""pinned accepted finite checkpoint {{4, 4, 3}, 1, \"Delta\"}"
"PASS: ""exact accepted finite checkpoint identity {{4, 4, 3}, 1, \"Delta\"}"
"PASS: ""pinned accepted finite checkpoint {{4, 4, 3}, 1, \"L0\"}"
"PASS: ""exact accepted finite checkpoint identity {{4, 4, 3}, 1, \"L0\"}"
"PASS: ""pinned accepted finite checkpoint {{4, 4, 3}, 1, \"L1\"}"
"PASS: ""exact accepted finite checkpoint identity {{4, 4, 3}, 1, \"L1\"}"
"PASS: ""pinned accepted finite checkpoint {{4, 4, 3}, 1, \"Regular\"}"
"PASS: ""exact accepted finite checkpoint identity {{4, 4, 3}, 1, \"Regular\"}"
"PASS: ""pinned accepted finite checkpoint {{4, 4, 3}, -1, \"Delta\"}"
"PASS: ""exact accepted finite checkpoint identity {{4, 4, 3}, -1, \"Delta\"}"
"PASS: ""pinned accepted finite checkpoint {{4, 4, 3}, -1, \"L0\"}"
"PASS: ""exact accepted finite checkpoint identity {{4, 4, 3}, -1, \"L0\"}"
"PASS: ""pinned accepted finite checkpoint {{4, 4, 3}, -1, \"L1\"}"
"PASS: ""exact accepted finite checkpoint identity {{4, 4, 3}, -1, \"L1\"}"
"PASS: ""pinned accepted finite checkpoint {{4, 4, 3}, -1, \"Regular\"}"
"PASS: ""exact accepted finite checkpoint identity {{4, 4, 3}, -1, \"Regular\"}"
"PASS: ""real endpoint branches share a boundary"
"PASS: ""pinned accepted finite checkpoint {{4, 4, 3}, 0, \"Delta\"}"
"PASS: ""exact accepted finite checkpoint identity {{4, 4, 3}, 0, \"Delta\"}"
"PASS: ""pinned accepted finite checkpoint {{4, 4, 3}, 0, \"L0\"}"
"PASS: ""exact accepted finite checkpoint identity {{4, 4, 3}, 0, \"L0\"}"
"PASS: ""pinned accepted finite checkpoint {{4, 4, 3}, 0, \"L1\"}"
"PASS: ""exact accepted finite checkpoint identity {{4, 4, 3}, 0, \"L1\"}"
"PASS: ""pinned accepted finite checkpoint {{4, 4, 3}, 0, \"Regular\"}"
"PASS: ""exact accepted finite checkpoint identity {{4, 4, 3}, 0, \"Regular\"}"
"PASS: ""finite physical component"
"FINITE_COMPONENT_MEMORY "{4, 4, 3}" before "4212245288" after "4212263288
"PASS: ""pinned accepted finite checkpoint {{4, 4, 4}, 1, \"Delta\"}"
"PASS: ""exact accepted finite checkpoint identity {{4, 4, 4}, 1, \"Delta\"}"
"PASS: ""pinned accepted finite checkpoint {{4, 4, 4}, 1, \"L0\"}"
"PASS: ""exact accepted finite checkpoint identity {{4, 4, 4}, 1, \"L0\"}"
"PASS: ""pinned accepted finite checkpoint {{4, 4, 4}, 1, \"L1\"}"
"PASS: ""exact accepted finite checkpoint identity {{4, 4, 4}, 1, \"L1\"}"
"PASS: ""pinned accepted finite checkpoint {{4, 4, 4}, 1, \"Regular\"}"
"PASS: ""exact accepted finite checkpoint identity {{4, 4, 4}, 1, \"Regular\"}"
"PASS: ""pinned accepted finite checkpoint {{4, 4, 4}, -1, \"Delta\"}"
"PASS: ""exact accepted finite checkpoint identity {{4, 4, 4}, -1, \"Delta\"}"
"PASS: ""pinned accepted finite checkpoint {{4, 4, 4}, -1, \"L0\"}"
"PASS: ""exact accepted finite checkpoint identity {{4, 4, 4}, -1, \"L0\"}"
"PASS: ""pinned accepted finite checkpoint {{4, 4, 4}, -1, \"L1\"}"
"PASS: ""exact accepted finite checkpoint identity {{4, 4, 4}, -1, \"L1\"}"
"PASS: ""pinned accepted finite checkpoint {{4, 4, 4}, -1, \"Regular\"}"
"PASS: ""exact accepted finite checkpoint identity {{4, 4, 4}, -1, \"Regular\"}"
"PASS: ""real endpoint branches share a boundary"
"PASS: ""pinned accepted finite checkpoint {{4, 4, 4}, 0, \"Delta\"}"
"PASS: ""exact accepted finite checkpoint identity {{4, 4, 4}, 0, \"Delta\"}"
"PASS: ""pinned accepted finite checkpoint {{4, 4, 4}, 0, \"L0\"}"
"PASS: ""exact accepted finite checkpoint identity {{4, 4, 4}, 0, \"L0\"}"
"PASS: ""pinned accepted finite checkpoint {{4, 4, 4}, 0, \"L1\"}"
"PASS: ""exact accepted finite checkpoint identity {{4, 4, 4}, 0, \"L1\"}"
"PASS: ""pinned accepted finite checkpoint {{4, 4, 4}, 0, \"Regular\"}"
"PASS: ""exact accepted finite checkpoint identity {{4, 4, 4}, 0, \"Regular\"}"
"PASS: ""finite physical component"
"FINITE_COMPONENT_MEMORY "{4, 4, 4}" before "4212263184" after "4228692896
"PASS: ""pinned accepted finite checkpoint {{5, 1, 1}, 1, \"Delta\"}"
"PASS: ""exact accepted finite checkpoint identity {{5, 1, 1}, 1, \"Delta\"}"
"PASS: ""pinned accepted finite checkpoint {{5, 1, 1}, 1, \"L0\"}"
"PASS: ""exact accepted finite checkpoint identity {{5, 1, 1}, 1, \"L0\"}"
"PASS: ""pinned accepted finite checkpoint {{5, 1, 1}, 1, \"L1\"}"
"PASS: ""exact accepted finite checkpoint identity {{5, 1, 1}, 1, \"L1\"}"
"PASS: ""pinned accepted finite checkpoint {{5, 1, 1}, 1, \"Regular\"}"
"PASS: ""exact accepted finite checkpoint identity {{5, 1, 1}, 1, \"Regular\"}"
"PASS: ""pinned accepted finite checkpoint {{5, 1, 1}, -1, \"Delta\"}"
"PASS: ""exact accepted finite checkpoint identity {{5, 1, 1}, -1, \"Delta\"}"
"PASS: ""pinned accepted finite checkpoint {{5, 1, 1}, -1, \"L0\"}"
"PASS: ""exact accepted finite checkpoint identity {{5, 1, 1}, -1, \"L0\"}"
"PASS: ""pinned accepted finite checkpoint {{5, 1, 1}, -1, \"L1\"}"
"PASS: ""exact accepted finite checkpoint identity {{5, 1, 1}, -1, \"L1\"}"
"PASS: ""pinned accepted finite checkpoint {{5, 1, 1}, -1, \"Regular\"}"
"PASS: ""exact accepted finite checkpoint identity {{5, 1, 1}, -1, \"Regular\"}"
"PASS: ""real endpoint branches share a boundary"
"PASS: ""pinned accepted finite checkpoint {{5, 1, 1}, 0, \"Delta\"}"
"PASS: ""exact accepted finite checkpoint identity {{5, 1, 1}, 0, \"Delta\"}"
"PASS: ""pinned accepted finite checkpoint {{5, 1, 1}, 0, \"L0\"}"
"PASS: ""exact accepted finite checkpoint identity {{5, 1, 1}, 0, \"L0\"}"
"PASS: ""pinned accepted finite checkpoint {{5, 1, 1}, 0, \"L1\"}"
"PASS: ""exact accepted finite checkpoint identity {{5, 1, 1}, 0, \"L1\"}"
"PASS: ""pinned accepted finite checkpoint {{5, 1, 1}, 0, \"Regular\"}"
"PASS: ""exact accepted finite checkpoint identity {{5, 1, 1}, 0, \"Regular\"}"
"PASS: ""finite physical component"
"FINITE_COMPONENT_MEMORY "{5, 1, 1}" before "4228692792" after "4228710600
"PASS: ""pinned accepted finite checkpoint {{5, 1, 2}, 1, \"Delta\"}"
"PASS: ""exact accepted finite checkpoint identity {{5, 1, 2}, 1, \"Delta\"}"
"PASS: ""pinned accepted finite checkpoint {{5, 1, 2}, 1, \"L0\"}"
"PASS: ""exact accepted finite checkpoint identity {{5, 1, 2}, 1, \"L0\"}"
"PASS: ""pinned accepted finite checkpoint {{5, 1, 2}, 1, \"L1\"}"
"PASS: ""exact accepted finite checkpoint identity {{5, 1, 2}, 1, \"L1\"}"
"PASS: ""pinned accepted finite checkpoint {{5, 1, 2}, 1, \"Regular\"}"
"PASS: ""exact accepted finite checkpoint identity {{5, 1, 2}, 1, \"Regular\"}"
"PASS: ""pinned accepted finite checkpoint {{5, 1, 2}, -1, \"Delta\"}"
"PASS: ""exact accepted finite checkpoint identity {{5, 1, 2}, -1, \"Delta\"}"
"PASS: ""pinned accepted finite checkpoint {{5, 1, 2}, -1, \"L0\"}"
"PASS: ""exact accepted finite checkpoint identity {{5, 1, 2}, -1, \"L0\"}"
"PASS: ""pinned accepted finite checkpoint {{5, 1, 2}, -1, \"L1\"}"
"PASS: ""exact accepted finite checkpoint identity {{5, 1, 2}, -1, \"L1\"}"
"PASS: ""pinned accepted finite checkpoint {{5, 1, 2}, -1, \"Regular\"}"
"PASS: ""exact accepted finite checkpoint identity {{5, 1, 2}, -1, \"Regular\"}"
"PASS: ""real endpoint branches share a boundary"
"PASS: ""pinned accepted finite checkpoint {{5, 1, 2}, 0, \"Delta\"}"
"PASS: ""exact accepted finite checkpoint identity {{5, 1, 2}, 0, \"Delta\"}"
"PASS: ""pinned accepted finite checkpoint {{5, 1, 2}, 0, \"L0\"}"
"PASS: ""exact accepted finite checkpoint identity {{5, 1, 2}, 0, \"L0\"}"
"PASS: ""pinned accepted finite checkpoint {{5, 1, 2}, 0, \"L1\"}"
"PASS: ""exact accepted finite checkpoint identity {{5, 1, 2}, 0, \"L1\"}"
"PASS: ""pinned accepted finite checkpoint {{5, 1, 2}, 0, \"Regular\"}"
"PASS: ""exact accepted finite checkpoint identity {{5, 1, 2}, 0, \"Regular\"}"
"PASS: ""finite physical component"
"FINITE_COMPONENT_MEMORY "{5, 1, 2}" before "4228710496" after "4228728488
"PASS: ""pinned accepted finite checkpoint {{5, 1, 3}, 1, \"Delta\"}"
"PASS: ""exact accepted finite checkpoint identity {{5, 1, 3}, 1, \"Delta\"}"
"PASS: ""pinned accepted finite checkpoint {{5, 1, 3}, 1, \"L0\"}"
"PASS: ""exact accepted finite checkpoint identity {{5, 1, 3}, 1, \"L0\"}"
"PASS: ""pinned accepted finite checkpoint {{5, 1, 3}, 1, \"L1\"}"
"PASS: ""exact accepted finite checkpoint identity {{5, 1, 3}, 1, \"L1\"}"
"PASS: ""pinned accepted finite checkpoint {{5, 1, 3}, 1, \"Regular\"}"
"PASS: ""exact accepted finite checkpoint identity {{5, 1, 3}, 1, \"Regular\"}"
"PASS: ""pinned accepted finite checkpoint {{5, 1, 3}, -1, \"Delta\"}"
"PASS: ""exact accepted finite checkpoint identity {{5, 1, 3}, -1, \"Delta\"}"
"PASS: ""pinned accepted finite checkpoint {{5, 1, 3}, -1, \"L0\"}"
"PASS: ""exact accepted finite checkpoint identity {{5, 1, 3}, -1, \"L0\"}"
"PASS: ""pinned accepted finite checkpoint {{5, 1, 3}, -1, \"L1\"}"
"PASS: ""exact accepted finite checkpoint identity {{5, 1, 3}, -1, \"L1\"}"
"PASS: ""pinned accepted finite checkpoint {{5, 1, 3}, -1, \"Regular\"}"
"PASS: ""exact accepted finite checkpoint identity {{5, 1, 3}, -1, \"Regular\"}"
"PASS: ""real endpoint branches share a boundary"
"PASS: ""pinned accepted finite checkpoint {{5, 1, 3}, 0, \"Delta\"}"
"PASS: ""exact accepted finite checkpoint identity {{5, 1, 3}, 0, \"Delta\"}"
"PASS: ""pinned accepted finite checkpoint {{5, 1, 3}, 0, \"L0\"}"
"PASS: ""exact accepted finite checkpoint identity {{5, 1, 3}, 0, \"L0\"}"
"PASS: ""pinned accepted finite checkpoint {{5, 1, 3}, 0, \"L1\"}"
"PASS: ""exact accepted finite checkpoint identity {{5, 1, 3}, 0, \"L1\"}"
"PASS: ""pinned accepted finite checkpoint {{5, 1, 3}, 0, \"Regular\"}"
"PASS: ""exact accepted finite checkpoint identity {{5, 1, 3}, 0, \"Regular\"}"
"PASS: ""finite physical component"
"FINITE_COMPONENT_MEMORY "{5, 1, 3}" before "4228728384" after "4240359560
"PASS: ""pinned accepted finite checkpoint {{5, 1, 4}, 1, \"Delta\"}"
"PASS: ""exact accepted finite checkpoint identity {{5, 1, 4}, 1, \"Delta\"}"
"PASS: ""pinned accepted finite checkpoint {{5, 1, 4}, 1, \"L0\"}"
"PASS: ""exact accepted finite checkpoint identity {{5, 1, 4}, 1, \"L0\"}"
"PASS: ""pinned accepted finite checkpoint {{5, 1, 4}, 1, \"L1\"}"
"PASS: ""exact accepted finite checkpoint identity {{5, 1, 4}, 1, \"L1\"}"
"PASS: ""pinned accepted finite checkpoint {{5, 1, 4}, 1, \"Regular\"}"
"PASS: ""exact accepted finite checkpoint identity {{5, 1, 4}, 1, \"Regular\"}"
"PASS: ""pinned accepted finite checkpoint {{5, 1, 4}, -1, \"Delta\"}"
"PASS: ""exact accepted finite checkpoint identity {{5, 1, 4}, -1, \"Delta\"}"
"PASS: ""pinned accepted finite checkpoint {{5, 1, 4}, -1, \"L0\"}"
"PASS: ""exact accepted finite checkpoint identity {{5, 1, 4}, -1, \"L0\"}"
"PASS: ""pinned accepted finite checkpoint {{5, 1, 4}, -1, \"L1\"}"
"PASS: ""exact accepted finite checkpoint identity {{5, 1, 4}, -1, \"L1\"}"
"PASS: ""pinned accepted finite checkpoint {{5, 1, 4}, -1, \"Regular\"}"
"PASS: ""exact accepted finite checkpoint identity {{5, 1, 4}, -1, \"Regular\"}"
"PASS: ""real endpoint branches share a boundary"
"PASS: ""pinned accepted finite checkpoint {{5, 1, 4}, 0, \"Delta\"}"
"PASS: ""exact accepted finite checkpoint identity {{5, 1, 4}, 0, \"Delta\"}"
"PASS: ""pinned accepted finite checkpoint {{5, 1, 4}, 0, \"L0\"}"
"PASS: ""exact accepted finite checkpoint identity {{5, 1, 4}, 0, \"L0\"}"
"PASS: ""pinned accepted finite checkpoint {{5, 1, 4}, 0, \"L1\"}"
"PASS: ""exact accepted finite checkpoint identity {{5, 1, 4}, 0, \"L1\"}"
"PASS: ""pinned accepted finite checkpoint {{5, 1, 4}, 0, \"Regular\"}"
"PASS: ""exact accepted finite checkpoint identity {{5, 1, 4}, 0, \"Regular\"}"
"PASS: ""finite physical component"
"FINITE_COMPONENT_MEMORY "{5, 1, 4}" before "4240359456" after "4240377696
"PASS: ""pinned accepted finite checkpoint {{5, 2, 1}, 1, \"Delta\"}"
"PASS: ""exact accepted finite checkpoint identity {{5, 2, 1}, 1, \"Delta\"}"
"PASS: ""pinned accepted finite checkpoint {{5, 2, 1}, 1, \"L0\"}"
"PASS: ""exact accepted finite checkpoint identity {{5, 2, 1}, 1, \"L0\"}"
"PASS: ""pinned accepted finite checkpoint {{5, 2, 1}, 1, \"L1\"}"
"PASS: ""exact accepted finite checkpoint identity {{5, 2, 1}, 1, \"L1\"}"
"PASS: ""pinned accepted finite checkpoint {{5, 2, 1}, 1, \"Regular\"}"
"PASS: ""exact accepted finite checkpoint identity {{5, 2, 1}, 1, \"Regular\"}"
"PASS: ""pinned accepted finite checkpoint {{5, 2, 1}, -1, \"Delta\"}"
"PASS: ""exact accepted finite checkpoint identity {{5, 2, 1}, -1, \"Delta\"}"
"PASS: ""pinned accepted finite checkpoint {{5, 2, 1}, -1, \"L0\"}"
"PASS: ""exact accepted finite checkpoint identity {{5, 2, 1}, -1, \"L0\"}"
"PASS: ""pinned accepted finite checkpoint {{5, 2, 1}, -1, \"L1\"}"
"PASS: ""exact accepted finite checkpoint identity {{5, 2, 1}, -1, \"L1\"}"
"PASS: ""pinned accepted finite checkpoint {{5, 2, 1}, -1, \"Regular\"}"
"PASS: ""exact accepted finite checkpoint identity {{5, 2, 1}, -1, \"Regular\"}"
"PASS: ""real endpoint branches share a boundary"
"PASS: ""pinned accepted finite checkpoint {{5, 2, 1}, 0, \"Delta\"}"
"PASS: ""exact accepted finite checkpoint identity {{5, 2, 1}, 0, \"Delta\"}"
"PASS: ""pinned accepted finite checkpoint {{5, 2, 1}, 0, \"L0\"}"
"PASS: ""exact accepted finite checkpoint identity {{5, 2, 1}, 0, \"L0\"}"
"PASS: ""pinned accepted finite checkpoint {{5, 2, 1}, 0, \"L1\"}"
"PASS: ""exact accepted finite checkpoint identity {{5, 2, 1}, 0, \"L1\"}"
"PASS: ""pinned accepted finite checkpoint {{5, 2, 1}, 0, \"Regular\"}"
"PASS: ""exact accepted finite checkpoint identity {{5, 2, 1}, 0, \"Regular\"}"
"PASS: ""finite physical component"
"FINITE_COMPONENT_MEMORY "{5, 2, 1}" before "4240377592" after "4240395528
"PASS: ""pinned accepted finite checkpoint {{5, 2, 2}, 1, \"Delta\"}"
"PASS: ""exact accepted finite checkpoint identity {{5, 2, 2}, 1, \"Delta\"}"
"PASS: ""pinned accepted finite checkpoint {{5, 2, 2}, 1, \"L0\"}"
"PASS: ""exact accepted finite checkpoint identity {{5, 2, 2}, 1, \"L0\"}"
"PASS: ""pinned accepted finite checkpoint {{5, 2, 2}, 1, \"L1\"}"
"PASS: ""exact accepted finite checkpoint identity {{5, 2, 2}, 1, \"L1\"}"
"PASS: ""pinned accepted finite checkpoint {{5, 2, 2}, 1, \"Regular\"}"
"PASS: ""exact accepted finite checkpoint identity {{5, 2, 2}, 1, \"Regular\"}"
"PASS: ""pinned accepted finite checkpoint {{5, 2, 2}, -1, \"Delta\"}"
"PASS: ""exact accepted finite checkpoint identity {{5, 2, 2}, -1, \"Delta\"}"
"PASS: ""pinned accepted finite checkpoint {{5, 2, 2}, -1, \"L0\"}"
"PASS: ""exact accepted finite checkpoint identity {{5, 2, 2}, -1, \"L0\"}"
"PASS: ""pinned accepted finite checkpoint {{5, 2, 2}, -1, \"L1\"}"
"PASS: ""exact accepted finite checkpoint identity {{5, 2, 2}, -1, \"L1\"}"
"PASS: ""pinned accepted finite checkpoint {{5, 2, 2}, -1, \"Regular\"}"
"PASS: ""exact accepted finite checkpoint identity {{5, 2, 2}, -1, \"Regular\"}"
"PASS: ""real endpoint branches share a boundary"
"PASS: ""pinned accepted finite checkpoint {{5, 2, 2}, 0, \"Delta\"}"
"PASS: ""exact accepted finite checkpoint identity {{5, 2, 2}, 0, \"Delta\"}"
"PASS: ""pinned accepted finite checkpoint {{5, 2, 2}, 0, \"L0\"}"
"PASS: ""exact accepted finite checkpoint identity {{5, 2, 2}, 0, \"L0\"}"
"PASS: ""pinned accepted finite checkpoint {{5, 2, 2}, 0, \"L1\"}"
"PASS: ""exact accepted finite checkpoint identity {{5, 2, 2}, 0, \"L1\"}"
"PASS: ""pinned accepted finite checkpoint {{5, 2, 2}, 0, \"Regular\"}"
"PASS: ""exact accepted finite checkpoint identity {{5, 2, 2}, 0, \"Regular\"}"
"PASS: ""finite physical component"
"FINITE_COMPONENT_MEMORY "{5, 2, 2}" before "4240395424" after "4240413584
"PASS: ""pinned accepted finite checkpoint {{5, 2, 3}, 1, \"Delta\"}"
"PASS: ""exact accepted finite checkpoint identity {{5, 2, 3}, 1, \"Delta\"}"
"PASS: ""pinned accepted finite checkpoint {{5, 2, 3}, 1, \"L0\"}"
"PASS: ""exact accepted finite checkpoint identity {{5, 2, 3}, 1, \"L0\"}"
"PASS: ""pinned accepted finite checkpoint {{5, 2, 3}, 1, \"L1\"}"
"PASS: ""exact accepted finite checkpoint identity {{5, 2, 3}, 1, \"L1\"}"
"PASS: ""pinned accepted finite checkpoint {{5, 2, 3}, 1, \"Regular\"}"
"PASS: ""exact accepted finite checkpoint identity {{5, 2, 3}, 1, \"Regular\"}"
"PASS: ""pinned accepted finite checkpoint {{5, 2, 3}, -1, \"Delta\"}"
"PASS: ""exact accepted finite checkpoint identity {{5, 2, 3}, -1, \"Delta\"}"
"PASS: ""pinned accepted finite checkpoint {{5, 2, 3}, -1, \"L0\"}"
"PASS: ""exact accepted finite checkpoint identity {{5, 2, 3}, -1, \"L0\"}"
"PASS: ""pinned accepted finite checkpoint {{5, 2, 3}, -1, \"L1\"}"
"PASS: ""exact accepted finite checkpoint identity {{5, 2, 3}, -1, \"L1\"}"
"PASS: ""pinned accepted finite checkpoint {{5, 2, 3}, -1, \"Regular\"}"
"PASS: ""exact accepted finite checkpoint identity {{5, 2, 3}, -1, \"Regular\"}"
"PASS: ""real endpoint branches share a boundary"
"PASS: ""pinned accepted finite checkpoint {{5, 2, 3}, 0, \"Delta\"}"
"PASS: ""exact accepted finite checkpoint identity {{5, 2, 3}, 0, \"Delta\"}"
"PASS: ""pinned accepted finite checkpoint {{5, 2, 3}, 0, \"L0\"}"
"PASS: ""exact accepted finite checkpoint identity {{5, 2, 3}, 0, \"L0\"}"
"PASS: ""pinned accepted finite checkpoint {{5, 2, 3}, 0, \"L1\"}"
"PASS: ""exact accepted finite checkpoint identity {{5, 2, 3}, 0, \"L1\"}"
"PASS: ""pinned accepted finite checkpoint {{5, 2, 3}, 0, \"Regular\"}"
"PASS: ""exact accepted finite checkpoint identity {{5, 2, 3}, 0, \"Regular\"}"
"PASS: ""finite physical component"
"FINITE_COMPONENT_MEMORY "{5, 2, 3}" before "4240413480" after "4256874632
"PASS: ""pinned accepted finite checkpoint {{5, 2, 4}, 1, \"Delta\"}"
"PASS: ""exact accepted finite checkpoint identity {{5, 2, 4}, 1, \"Delta\"}"
"PASS: ""pinned accepted finite checkpoint {{5, 2, 4}, 1, \"L0\"}"
"PASS: ""exact accepted finite checkpoint identity {{5, 2, 4}, 1, \"L0\"}"
"PASS: ""pinned accepted finite checkpoint {{5, 2, 4}, 1, \"L1\"}"
"PASS: ""exact accepted finite checkpoint identity {{5, 2, 4}, 1, \"L1\"}"
"PASS: ""pinned accepted finite checkpoint {{5, 2, 4}, 1, \"Regular\"}"
"PASS: ""exact accepted finite checkpoint identity {{5, 2, 4}, 1, \"Regular\"}"
"PASS: ""pinned accepted finite checkpoint {{5, 2, 4}, -1, \"Delta\"}"
"PASS: ""exact accepted finite checkpoint identity {{5, 2, 4}, -1, \"Delta\"}"
"PASS: ""pinned accepted finite checkpoint {{5, 2, 4}, -1, \"L0\"}"
"PASS: ""exact accepted finite checkpoint identity {{5, 2, 4}, -1, \"L0\"}"
"PASS: ""pinned accepted finite checkpoint {{5, 2, 4}, -1, \"L1\"}"
"PASS: ""exact accepted finite checkpoint identity {{5, 2, 4}, -1, \"L1\"}"
"PASS: ""pinned accepted finite checkpoint {{5, 2, 4}, -1, \"Regular\"}"
"PASS: ""exact accepted finite checkpoint identity {{5, 2, 4}, -1, \"Regular\"}"
"PASS: ""real endpoint branches share a boundary"
"PASS: ""pinned accepted finite checkpoint {{5, 2, 4}, 0, \"Delta\"}"
"PASS: ""exact accepted finite checkpoint identity {{5, 2, 4}, 0, \"Delta\"}"
"PASS: ""pinned accepted finite checkpoint {{5, 2, 4}, 0, \"L0\"}"
"PASS: ""exact accepted finite checkpoint identity {{5, 2, 4}, 0, \"L0\"}"
"PASS: ""pinned accepted finite checkpoint {{5, 2, 4}, 0, \"L1\"}"
"PASS: ""exact accepted finite checkpoint identity {{5, 2, 4}, 0, \"L1\"}"
"PASS: ""pinned accepted finite checkpoint {{5, 2, 4}, 0, \"Regular\"}"
"PASS: ""exact accepted finite checkpoint identity {{5, 2, 4}, 0, \"Regular\"}"
"PASS: ""finite physical component"
"FINITE_COMPONENT_MEMORY "{5, 2, 4}" before "4256874528" after "4256892568
"PASS: ""pinned accepted finite checkpoint {{5, 3, 1}, 1, \"Delta\"}"
"PASS: ""exact accepted finite checkpoint identity {{5, 3, 1}, 1, \"Delta\"}"
"PASS: ""pinned accepted finite checkpoint {{5, 3, 1}, 1, \"L0\"}"
"PASS: ""exact accepted finite checkpoint identity {{5, 3, 1}, 1, \"L0\"}"
"PASS: ""pinned accepted finite checkpoint {{5, 3, 1}, 1, \"L1\"}"
"PASS: ""exact accepted finite checkpoint identity {{5, 3, 1}, 1, \"L1\"}"
"PASS: ""pinned accepted finite checkpoint {{5, 3, 1}, 1, \"Regular\"}"
"PASS: ""exact accepted finite checkpoint identity {{5, 3, 1}, 1, \"Regular\"}"
"PASS: ""pinned accepted finite checkpoint {{5, 3, 1}, -1, \"Delta\"}"
"PASS: ""exact accepted finite checkpoint identity {{5, 3, 1}, -1, \"Delta\"}"
"PASS: ""pinned accepted finite checkpoint {{5, 3, 1}, -1, \"L0\"}"
"PASS: ""exact accepted finite checkpoint identity {{5, 3, 1}, -1, \"L0\"}"
"PASS: ""pinned accepted finite checkpoint {{5, 3, 1}, -1, \"L1\"}"
"PASS: ""exact accepted finite checkpoint identity {{5, 3, 1}, -1, \"L1\"}"
"PASS: ""pinned accepted finite checkpoint {{5, 3, 1}, -1, \"Regular\"}"
"PASS: ""exact accepted finite checkpoint identity {{5, 3, 1}, -1, \"Regular\"}"
"PASS: ""real endpoint branches share a boundary"
"PASS: ""pinned accepted finite checkpoint {{5, 3, 1}, 0, \"Delta\"}"
"PASS: ""exact accepted finite checkpoint identity {{5, 3, 1}, 0, \"Delta\"}"
"PASS: ""pinned accepted finite checkpoint {{5, 3, 1}, 0, \"L0\"}"
"PASS: ""exact accepted finite checkpoint identity {{5, 3, 1}, 0, \"L0\"}"
"PASS: ""pinned accepted finite checkpoint {{5, 3, 1}, 0, \"L1\"}"
"PASS: ""exact accepted finite checkpoint identity {{5, 3, 1}, 0, \"L1\"}"
"PASS: ""pinned accepted finite checkpoint {{5, 3, 1}, 0, \"Regular\"}"
"PASS: ""exact accepted finite checkpoint identity {{5, 3, 1}, 0, \"Regular\"}"
"PASS: ""finite physical component"
"FINITE_COMPONENT_MEMORY "{5, 3, 1}" before "4256892464" after "4267124368
"PASS: ""pinned accepted finite checkpoint {{5, 3, 2}, 1, \"Delta\"}"
"PASS: ""exact accepted finite checkpoint identity {{5, 3, 2}, 1, \"Delta\"}"
"PASS: ""pinned accepted finite checkpoint {{5, 3, 2}, 1, \"L0\"}"
"PASS: ""exact accepted finite checkpoint identity {{5, 3, 2}, 1, \"L0\"}"
"PASS: ""pinned accepted finite checkpoint {{5, 3, 2}, 1, \"L1\"}"
"PASS: ""exact accepted finite checkpoint identity {{5, 3, 2}, 1, \"L1\"}"
"PASS: ""pinned accepted finite checkpoint {{5, 3, 2}, 1, \"Regular\"}"
"PASS: ""exact accepted finite checkpoint identity {{5, 3, 2}, 1, \"Regular\"}"
"PASS: ""pinned accepted finite checkpoint {{5, 3, 2}, -1, \"Delta\"}"
"PASS: ""exact accepted finite checkpoint identity {{5, 3, 2}, -1, \"Delta\"}"
"PASS: ""pinned accepted finite checkpoint {{5, 3, 2}, -1, \"L0\"}"
"PASS: ""exact accepted finite checkpoint identity {{5, 3, 2}, -1, \"L0\"}"
"PASS: ""pinned accepted finite checkpoint {{5, 3, 2}, -1, \"L1\"}"
"PASS: ""exact accepted finite checkpoint identity {{5, 3, 2}, -1, \"L1\"}"
"PASS: ""pinned accepted finite checkpoint {{5, 3, 2}, -1, \"Regular\"}"
"PASS: ""exact accepted finite checkpoint identity {{5, 3, 2}, -1, \"Regular\"}"
"PASS: ""real endpoint branches share a boundary"
"PASS: ""pinned accepted finite checkpoint {{5, 3, 2}, 0, \"Delta\"}"
"PASS: ""exact accepted finite checkpoint identity {{5, 3, 2}, 0, \"Delta\"}"
"PASS: ""pinned accepted finite checkpoint {{5, 3, 2}, 0, \"L0\"}"
"PASS: ""exact accepted finite checkpoint identity {{5, 3, 2}, 0, \"L0\"}"
"PASS: ""pinned accepted finite checkpoint {{5, 3, 2}, 0, \"L1\"}"
"PASS: ""exact accepted finite checkpoint identity {{5, 3, 2}, 0, \"L1\"}"
"PASS: ""pinned accepted finite checkpoint {{5, 3, 2}, 0, \"Regular\"}"
"PASS: ""exact accepted finite checkpoint identity {{5, 3, 2}, 0, \"Regular\"}"
"PASS: ""finite physical component"
"FINITE_COMPONENT_MEMORY "{5, 3, 2}" before "4267124264" after "4282811800
"PASS: ""pinned accepted finite checkpoint {{5, 3, 3}, 1, \"Delta\"}"
"PASS: ""exact accepted finite checkpoint identity {{5, 3, 3}, 1, \"Delta\"}"
"PASS: ""pinned accepted finite checkpoint {{5, 3, 3}, 1, \"L0\"}"
"PASS: ""exact accepted finite checkpoint identity {{5, 3, 3}, 1, \"L0\"}"
"PASS: ""pinned accepted finite checkpoint {{5, 3, 3}, 1, \"L1\"}"
"PASS: ""exact accepted finite checkpoint identity {{5, 3, 3}, 1, \"L1\"}"
"PASS: ""pinned accepted finite checkpoint {{5, 3, 3}, 1, \"Regular\"}"
"PASS: ""exact accepted finite checkpoint identity {{5, 3, 3}, 1, \"Regular\"}"
"PASS: ""pinned accepted finite checkpoint {{5, 3, 3}, -1, \"Delta\"}"
"PASS: ""exact accepted finite checkpoint identity {{5, 3, 3}, -1, \"Delta\"}"
"PASS: ""pinned accepted finite checkpoint {{5, 3, 3}, -1, \"L0\"}"
"PASS: ""exact accepted finite checkpoint identity {{5, 3, 3}, -1, \"L0\"}"
"PASS: ""pinned accepted finite checkpoint {{5, 3, 3}, -1, \"L1\"}"
"PASS: ""exact accepted finite checkpoint identity {{5, 3, 3}, -1, \"L1\"}"
"PASS: ""pinned accepted finite checkpoint {{5, 3, 3}, -1, \"Regular\"}"
"PASS: ""exact accepted finite checkpoint identity {{5, 3, 3}, -1, \"Regular\"}"
"PASS: ""real endpoint branches share a boundary"
"PASS: ""pinned accepted finite checkpoint {{5, 3, 3}, 0, \"Delta\"}"
"PASS: ""exact accepted finite checkpoint identity {{5, 3, 3}, 0, \"Delta\"}"
"PASS: ""pinned accepted finite checkpoint {{5, 3, 3}, 0, \"L0\"}"
"PASS: ""exact accepted finite checkpoint identity {{5, 3, 3}, 0, \"L0\"}"
"PASS: ""pinned accepted finite checkpoint {{5, 3, 3}, 0, \"L1\"}"
"PASS: ""exact accepted finite checkpoint identity {{5, 3, 3}, 0, \"L1\"}"
"PASS: ""pinned accepted finite checkpoint {{5, 3, 3}, 0, \"Regular\"}"
"PASS: ""exact accepted finite checkpoint identity {{5, 3, 3}, 0, \"Regular\"}"
"PASS: ""finite physical component"
"FINITE_COMPONENT_MEMORY "{5, 3, 3}" before "4282811696" after "4282829656
"PASS: ""pinned accepted finite checkpoint {{5, 3, 4}, 1, \"Delta\"}"
"PASS: ""exact accepted finite checkpoint identity {{5, 3, 4}, 1, \"Delta\"}"
"PASS: ""pinned accepted finite checkpoint {{5, 3, 4}, 1, \"L0\"}"
"PASS: ""exact accepted finite checkpoint identity {{5, 3, 4}, 1, \"L0\"}"
"PASS: ""pinned accepted finite checkpoint {{5, 3, 4}, 1, \"L1\"}"
"PASS: ""exact accepted finite checkpoint identity {{5, 3, 4}, 1, \"L1\"}"
"PASS: ""pinned accepted finite checkpoint {{5, 3, 4}, 1, \"Regular\"}"
"PASS: ""exact accepted finite checkpoint identity {{5, 3, 4}, 1, \"Regular\"}"
"PASS: ""pinned accepted finite checkpoint {{5, 3, 4}, -1, \"Delta\"}"
"PASS: ""exact accepted finite checkpoint identity {{5, 3, 4}, -1, \"Delta\"}"
"PASS: ""pinned accepted finite checkpoint {{5, 3, 4}, -1, \"L0\"}"
"PASS: ""exact accepted finite checkpoint identity {{5, 3, 4}, -1, \"L0\"}"
"PASS: ""pinned accepted finite checkpoint {{5, 3, 4}, -1, \"L1\"}"
"PASS: ""exact accepted finite checkpoint identity {{5, 3, 4}, -1, \"L1\"}"
"PASS: ""pinned accepted finite checkpoint {{5, 3, 4}, -1, \"Regular\"}"
"PASS: ""exact accepted finite checkpoint identity {{5, 3, 4}, -1, \"Regular\"}"
"PASS: ""real endpoint branches share a boundary"
"PASS: ""pinned accepted finite checkpoint {{5, 3, 4}, 0, \"Delta\"}"
"PASS: ""exact accepted finite checkpoint identity {{5, 3, 4}, 0, \"Delta\"}"
"PASS: ""pinned accepted finite checkpoint {{5, 3, 4}, 0, \"L0\"}"
"PASS: ""exact accepted finite checkpoint identity {{5, 3, 4}, 0, \"L0\"}"
"PASS: ""pinned accepted finite checkpoint {{5, 3, 4}, 0, \"L1\"}"
"PASS: ""exact accepted finite checkpoint identity {{5, 3, 4}, 0, \"L1\"}"
"PASS: ""pinned accepted finite checkpoint {{5, 3, 4}, 0, \"Regular\"}"
"PASS: ""exact accepted finite checkpoint identity {{5, 3, 4}, 0, \"Regular\"}"
"PASS: ""finite physical component"
"FINITE_COMPONENT_MEMORY "{5, 3, 4}" before "4282829552" after "4282847472
"PASS: ""pinned accepted finite checkpoint {{5, 4, 1}, 1, \"Delta\"}"
"PASS: ""exact accepted finite checkpoint identity {{5, 4, 1}, 1, \"Delta\"}"
"PASS: ""pinned accepted finite checkpoint {{5, 4, 1}, 1, \"L0\"}"
"PASS: ""exact accepted finite checkpoint identity {{5, 4, 1}, 1, \"L0\"}"
"PASS: ""pinned accepted finite checkpoint {{5, 4, 1}, 1, \"L1\"}"
"PASS: ""exact accepted finite checkpoint identity {{5, 4, 1}, 1, \"L1\"}"
"PASS: ""pinned accepted finite checkpoint {{5, 4, 1}, 1, \"Regular\"}"
"PASS: ""exact accepted finite checkpoint identity {{5, 4, 1}, 1, \"Regular\"}"
"PASS: ""pinned accepted finite checkpoint {{5, 4, 1}, -1, \"Delta\"}"
"PASS: ""exact accepted finite checkpoint identity {{5, 4, 1}, -1, \"Delta\"}"
"PASS: ""pinned accepted finite checkpoint {{5, 4, 1}, -1, \"L0\"}"
"PASS: ""exact accepted finite checkpoint identity {{5, 4, 1}, -1, \"L0\"}"
"PASS: ""pinned accepted finite checkpoint {{5, 4, 1}, -1, \"L1\"}"
"PASS: ""exact accepted finite checkpoint identity {{5, 4, 1}, -1, \"L1\"}"
"PASS: ""pinned accepted finite checkpoint {{5, 4, 1}, -1, \"Regular\"}"
"PASS: ""exact accepted finite checkpoint identity {{5, 4, 1}, -1, \"Regular\"}"
"PASS: ""real endpoint branches share a boundary"
"PASS: ""pinned accepted finite checkpoint {{5, 4, 1}, 0, \"Delta\"}"
"PASS: ""exact accepted finite checkpoint identity {{5, 4, 1}, 0, \"Delta\"}"
"PASS: ""pinned accepted finite checkpoint {{5, 4, 1}, 0, \"L0\"}"
"PASS: ""exact accepted finite checkpoint identity {{5, 4, 1}, 0, \"L0\"}"
"PASS: ""pinned accepted finite checkpoint {{5, 4, 1}, 0, \"L1\"}"
"PASS: ""exact accepted finite checkpoint identity {{5, 4, 1}, 0, \"L1\"}"
"PASS: ""pinned accepted finite checkpoint {{5, 4, 1}, 0, \"Regular\"}"
"PASS: ""exact accepted finite checkpoint identity {{5, 4, 1}, 0, \"Regular\"}"
"PASS: ""finite physical component"
"FINITE_COMPONENT_MEMORY "{5, 4, 1}" before "4282847368" after "4282865192
"PASS: ""pinned accepted finite checkpoint {{5, 4, 2}, 1, \"Delta\"}"
"PASS: ""exact accepted finite checkpoint identity {{5, 4, 2}, 1, \"Delta\"}"
"PASS: ""pinned accepted finite checkpoint {{5, 4, 2}, 1, \"L0\"}"
"PASS: ""exact accepted finite checkpoint identity {{5, 4, 2}, 1, \"L0\"}"
"PASS: ""pinned accepted finite checkpoint {{5, 4, 2}, 1, \"L1\"}"
"PASS: ""exact accepted finite checkpoint identity {{5, 4, 2}, 1, \"L1\"}"
"PASS: ""pinned accepted finite checkpoint {{5, 4, 2}, 1, \"Regular\"}"
"PASS: ""exact accepted finite checkpoint identity {{5, 4, 2}, 1, \"Regular\"}"
"PASS: ""pinned accepted finite checkpoint {{5, 4, 2}, -1, \"Delta\"}"
"PASS: ""exact accepted finite checkpoint identity {{5, 4, 2}, -1, \"Delta\"}"
"PASS: ""pinned accepted finite checkpoint {{5, 4, 2}, -1, \"L0\"}"
"PASS: ""exact accepted finite checkpoint identity {{5, 4, 2}, -1, \"L0\"}"
"PASS: ""pinned accepted finite checkpoint {{5, 4, 2}, -1, \"L1\"}"
"PASS: ""exact accepted finite checkpoint identity {{5, 4, 2}, -1, \"L1\"}"
"PASS: ""pinned accepted finite checkpoint {{5, 4, 2}, -1, \"Regular\"}"
"PASS: ""exact accepted finite checkpoint identity {{5, 4, 2}, -1, \"Regular\"}"
"PASS: ""real endpoint branches share a boundary"
"PASS: ""pinned accepted finite checkpoint {{5, 4, 2}, 0, \"Delta\"}"
"PASS: ""exact accepted finite checkpoint identity {{5, 4, 2}, 0, \"Delta\"}"
"PASS: ""pinned accepted finite checkpoint {{5, 4, 2}, 0, \"L0\"}"
"PASS: ""exact accepted finite checkpoint identity {{5, 4, 2}, 0, \"L0\"}"
"PASS: ""pinned accepted finite checkpoint {{5, 4, 2}, 0, \"L1\"}"
"PASS: ""exact accepted finite checkpoint identity {{5, 4, 2}, 0, \"L1\"}"
"PASS: ""pinned accepted finite checkpoint {{5, 4, 2}, 0, \"Regular\"}"
"PASS: ""exact accepted finite checkpoint identity {{5, 4, 2}, 0, \"Regular\"}"
"PASS: ""finite physical component"
"FINITE_COMPONENT_MEMORY "{5, 4, 2}" before "4282865088" after "4282883152
"PASS: ""pinned accepted finite checkpoint {{5, 4, 3}, 1, \"Delta\"}"
"PASS: ""exact accepted finite checkpoint identity {{5, 4, 3}, 1, \"Delta\"}"
"PASS: ""pinned accepted finite checkpoint {{5, 4, 3}, 1, \"L0\"}"
"PASS: ""exact accepted finite checkpoint identity {{5, 4, 3}, 1, \"L0\"}"
"PASS: ""pinned accepted finite checkpoint {{5, 4, 3}, 1, \"L1\"}"
"PASS: ""exact accepted finite checkpoint identity {{5, 4, 3}, 1, \"L1\"}"
"PASS: ""pinned accepted finite checkpoint {{5, 4, 3}, 1, \"Regular\"}"
"PASS: ""exact accepted finite checkpoint identity {{5, 4, 3}, 1, \"Regular\"}"
"PASS: ""pinned accepted finite checkpoint {{5, 4, 3}, -1, \"Delta\"}"
"PASS: ""exact accepted finite checkpoint identity {{5, 4, 3}, -1, \"Delta\"}"
"PASS: ""pinned accepted finite checkpoint {{5, 4, 3}, -1, \"L0\"}"
"PASS: ""exact accepted finite checkpoint identity {{5, 4, 3}, -1, \"L0\"}"
"PASS: ""pinned accepted finite checkpoint {{5, 4, 3}, -1, \"L1\"}"
"PASS: ""exact accepted finite checkpoint identity {{5, 4, 3}, -1, \"L1\"}"
"PASS: ""pinned accepted finite checkpoint {{5, 4, 3}, -1, \"Regular\"}"
"PASS: ""exact accepted finite checkpoint identity {{5, 4, 3}, -1, \"Regular\"}"
"PASS: ""real endpoint branches share a boundary"
"PASS: ""pinned accepted finite checkpoint {{5, 4, 3}, 0, \"Delta\"}"
"PASS: ""exact accepted finite checkpoint identity {{5, 4, 3}, 0, \"Delta\"}"
"PASS: ""pinned accepted finite checkpoint {{5, 4, 3}, 0, \"L0\"}"
"PASS: ""exact accepted finite checkpoint identity {{5, 4, 3}, 0, \"L0\"}"
"PASS: ""pinned accepted finite checkpoint {{5, 4, 3}, 0, \"L1\"}"
"PASS: ""exact accepted finite checkpoint identity {{5, 4, 3}, 0, \"L1\"}"
"PASS: ""pinned accepted finite checkpoint {{5, 4, 3}, 0, \"Regular\"}"
"PASS: ""exact accepted finite checkpoint identity {{5, 4, 3}, 0, \"Regular\"}"
"PASS: ""finite physical component"
"FINITE_COMPONENT_MEMORY "{5, 4, 3}" before "4282883048" after "4282900984
"PASS: ""pinned accepted finite checkpoint {{5, 4, 4}, 1, \"Delta\"}"
"PASS: ""exact accepted finite checkpoint identity {{5, 4, 4}, 1, \"Delta\"}"
"PASS: ""pinned accepted finite checkpoint {{5, 4, 4}, 1, \"L0\"}"
"PASS: ""exact accepted finite checkpoint identity {{5, 4, 4}, 1, \"L0\"}"
"PASS: ""pinned accepted finite checkpoint {{5, 4, 4}, 1, \"L1\"}"
"PASS: ""exact accepted finite checkpoint identity {{5, 4, 4}, 1, \"L1\"}"
"PASS: ""pinned accepted finite checkpoint {{5, 4, 4}, 1, \"Regular\"}"
"PASS: ""exact accepted finite checkpoint identity {{5, 4, 4}, 1, \"Regular\"}"
"PASS: ""pinned accepted finite checkpoint {{5, 4, 4}, -1, \"Delta\"}"
"PASS: ""exact accepted finite checkpoint identity {{5, 4, 4}, -1, \"Delta\"}"
"PASS: ""pinned accepted finite checkpoint {{5, 4, 4}, -1, \"L0\"}"
"PASS: ""exact accepted finite checkpoint identity {{5, 4, 4}, -1, \"L0\"}"
"PASS: ""pinned accepted finite checkpoint {{5, 4, 4}, -1, \"L1\"}"
"PASS: ""exact accepted finite checkpoint identity {{5, 4, 4}, -1, \"L1\"}"
"PASS: ""pinned accepted finite checkpoint {{5, 4, 4}, -1, \"Regular\"}"
"PASS: ""exact accepted finite checkpoint identity {{5, 4, 4}, -1, \"Regular\"}"
"PASS: ""real endpoint branches share a boundary"
"PASS: ""pinned accepted finite checkpoint {{5, 4, 4}, 0, \"Delta\"}"
"PASS: ""exact accepted finite checkpoint identity {{5, 4, 4}, 0, \"Delta\"}"
"PASS: ""pinned accepted finite checkpoint {{5, 4, 4}, 0, \"L0\"}"
"PASS: ""exact accepted finite checkpoint identity {{5, 4, 4}, 0, \"L0\"}"
"PASS: ""pinned accepted finite checkpoint {{5, 4, 4}, 0, \"L1\"}"
"PASS: ""exact accepted finite checkpoint identity {{5, 4, 4}, 0, \"L1\"}"
"PASS: ""pinned accepted finite checkpoint {{5, 4, 4}, 0, \"Regular\"}"
"PASS: ""exact accepted finite checkpoint identity {{5, 4, 4}, 0, \"Regular\"}"
"PASS: ""finite physical component"
"FINITE_COMPONENT_MEMORY "{5, 4, 4}" before "4282900880" after "4282919064
"PASS: ""pinned accepted finite checkpoint {{6, 1, 1}, 1, \"Delta\"}"
"PASS: ""exact accepted finite checkpoint identity {{6, 1, 1}, 1, \"Delta\"}"
"PASS: ""pinned accepted finite checkpoint {{6, 1, 1}, 1, \"L0\"}"
"PASS: ""exact accepted finite checkpoint identity {{6, 1, 1}, 1, \"L0\"}"
"PASS: ""pinned accepted finite checkpoint {{6, 1, 1}, 1, \"L1\"}"
"PASS: ""exact accepted finite checkpoint identity {{6, 1, 1}, 1, \"L1\"}"
"PASS: ""pinned accepted finite checkpoint {{6, 1, 1}, 1, \"Regular\"}"
"PASS: ""exact accepted finite checkpoint identity {{6, 1, 1}, 1, \"Regular\"}"
"PASS: ""pinned accepted finite checkpoint {{6, 1, 1}, -1, \"Delta\"}"
"PASS: ""exact accepted finite checkpoint identity {{6, 1, 1}, -1, \"Delta\"}"
"PASS: ""pinned accepted finite checkpoint {{6, 1, 1}, -1, \"L0\"}"
"PASS: ""exact accepted finite checkpoint identity {{6, 1, 1}, -1, \"L0\"}"
"PASS: ""pinned accepted finite checkpoint {{6, 1, 1}, -1, \"L1\"}"
"PASS: ""exact accepted finite checkpoint identity {{6, 1, 1}, -1, \"L1\"}"
"PASS: ""pinned accepted finite checkpoint {{6, 1, 1}, -1, \"Regular\"}"
"PASS: ""exact accepted finite checkpoint identity {{6, 1, 1}, -1, \"Regular\"}"
"PASS: ""real endpoint branches share a boundary"
"PASS: ""pinned accepted finite checkpoint {{6, 1, 1}, 0, \"Delta\"}"
"PASS: ""exact accepted finite checkpoint identity {{6, 1, 1}, 0, \"Delta\"}"
"PASS: ""pinned accepted finite checkpoint {{6, 1, 1}, 0, \"L0\"}"
"PASS: ""exact accepted finite checkpoint identity {{6, 1, 1}, 0, \"L0\"}"
"PASS: ""pinned accepted finite checkpoint {{6, 1, 1}, 0, \"L1\"}"
"PASS: ""exact accepted finite checkpoint identity {{6, 1, 1}, 0, \"L1\"}"
"PASS: ""pinned accepted finite checkpoint {{6, 1, 1}, 0, \"Regular\"}"
"PASS: ""exact accepted finite checkpoint identity {{6, 1, 1}, 0, \"Regular\"}"
"PASS: ""finite physical component"
"FINITE_COMPONENT_MEMORY "{6, 1, 1}" before "4282918960" after "4282936768
"PASS: ""pinned accepted finite checkpoint {{6, 1, 2}, 1, \"Delta\"}"
"PASS: ""exact accepted finite checkpoint identity {{6, 1, 2}, 1, \"Delta\"}"
"PASS: ""pinned accepted finite checkpoint {{6, 1, 2}, 1, \"L0\"}"
"PASS: ""exact accepted finite checkpoint identity {{6, 1, 2}, 1, \"L0\"}"
"PASS: ""pinned accepted finite checkpoint {{6, 1, 2}, 1, \"L1\"}"
"PASS: ""exact accepted finite checkpoint identity {{6, 1, 2}, 1, \"L1\"}"
"PASS: ""pinned accepted finite checkpoint {{6, 1, 2}, 1, \"Regular\"}"
"PASS: ""exact accepted finite checkpoint identity {{6, 1, 2}, 1, \"Regular\"}"
"PASS: ""pinned accepted finite checkpoint {{6, 1, 2}, -1, \"Delta\"}"
"PASS: ""exact accepted finite checkpoint identity {{6, 1, 2}, -1, \"Delta\"}"
"PASS: ""pinned accepted finite checkpoint {{6, 1, 2}, -1, \"L0\"}"
"PASS: ""exact accepted finite checkpoint identity {{6, 1, 2}, -1, \"L0\"}"
"PASS: ""pinned accepted finite checkpoint {{6, 1, 2}, -1, \"L1\"}"
"PASS: ""exact accepted finite checkpoint identity {{6, 1, 2}, -1, \"L1\"}"
"PASS: ""pinned accepted finite checkpoint {{6, 1, 2}, -1, \"Regular\"}"
"PASS: ""exact accepted finite checkpoint identity {{6, 1, 2}, -1, \"Regular\"}"
"PASS: ""real endpoint branches share a boundary"
"PASS: ""pinned accepted finite checkpoint {{6, 1, 2}, 0, \"Delta\"}"
"PASS: ""exact accepted finite checkpoint identity {{6, 1, 2}, 0, \"Delta\"}"
"PASS: ""pinned accepted finite checkpoint {{6, 1, 2}, 0, \"L0\"}"
"PASS: ""exact accepted finite checkpoint identity {{6, 1, 2}, 0, \"L0\"}"
"PASS: ""pinned accepted finite checkpoint {{6, 1, 2}, 0, \"L1\"}"
"PASS: ""exact accepted finite checkpoint identity {{6, 1, 2}, 0, \"L1\"}"
"PASS: ""pinned accepted finite checkpoint {{6, 1, 2}, 0, \"Regular\"}"
"PASS: ""exact accepted finite checkpoint identity {{6, 1, 2}, 0, \"Regular\"}"
"PASS: ""finite physical component"
"FINITE_COMPONENT_MEMORY "{6, 1, 2}" before "4282936664" after "4282954712
"PASS: ""pinned accepted finite checkpoint {{6, 1, 3}, 1, \"Delta\"}"
"PASS: ""exact accepted finite checkpoint identity {{6, 1, 3}, 1, \"Delta\"}"
"PASS: ""pinned accepted finite checkpoint {{6, 1, 3}, 1, \"L0\"}"
"PASS: ""exact accepted finite checkpoint identity {{6, 1, 3}, 1, \"L0\"}"
"PASS: ""pinned accepted finite checkpoint {{6, 1, 3}, 1, \"L1\"}"
"PASS: ""exact accepted finite checkpoint identity {{6, 1, 3}, 1, \"L1\"}"
"PASS: ""pinned accepted finite checkpoint {{6, 1, 3}, 1, \"Regular\"}"
"PASS: ""exact accepted finite checkpoint identity {{6, 1, 3}, 1, \"Regular\"}"
"PASS: ""pinned accepted finite checkpoint {{6, 1, 3}, -1, \"Delta\"}"
"PASS: ""exact accepted finite checkpoint identity {{6, 1, 3}, -1, \"Delta\"}"
"PASS: ""pinned accepted finite checkpoint {{6, 1, 3}, -1, \"L0\"}"
"PASS: ""exact accepted finite checkpoint identity {{6, 1, 3}, -1, \"L0\"}"
"PASS: ""pinned accepted finite checkpoint {{6, 1, 3}, -1, \"L1\"}"
"PASS: ""exact accepted finite checkpoint identity {{6, 1, 3}, -1, \"L1\"}"
"PASS: ""pinned accepted finite checkpoint {{6, 1, 3}, -1, \"Regular\"}"
"PASS: ""exact accepted finite checkpoint identity {{6, 1, 3}, -1, \"Regular\"}"
"PASS: ""real endpoint branches share a boundary"
"PASS: ""pinned accepted finite checkpoint {{6, 1, 3}, 0, \"Delta\"}"
"PASS: ""exact accepted finite checkpoint identity {{6, 1, 3}, 0, \"Delta\"}"
"PASS: ""pinned accepted finite checkpoint {{6, 1, 3}, 0, \"L0\"}"
"PASS: ""exact accepted finite checkpoint identity {{6, 1, 3}, 0, \"L0\"}"
"PASS: ""pinned accepted finite checkpoint {{6, 1, 3}, 0, \"L1\"}"
"PASS: ""exact accepted finite checkpoint identity {{6, 1, 3}, 0, \"L1\"}"
"PASS: ""pinned accepted finite checkpoint {{6, 1, 3}, 0, \"Regular\"}"
"PASS: ""exact accepted finite checkpoint identity {{6, 1, 3}, 0, \"Regular\"}"
"PASS: ""finite physical component"
"FINITE_COMPONENT_MEMORY "{6, 1, 3}" before "4282954608" after "4289661200
"PASS: ""pinned accepted finite checkpoint {{6, 1, 4}, 1, \"Delta\"}"
"PASS: ""exact accepted finite checkpoint identity {{6, 1, 4}, 1, \"Delta\"}"
"PASS: ""pinned accepted finite checkpoint {{6, 1, 4}, 1, \"L0\"}"
"PASS: ""exact accepted finite checkpoint identity {{6, 1, 4}, 1, \"L0\"}"
"PASS: ""pinned accepted finite checkpoint {{6, 1, 4}, 1, \"L1\"}"
"PASS: ""exact accepted finite checkpoint identity {{6, 1, 4}, 1, \"L1\"}"
"PASS: ""pinned accepted finite checkpoint {{6, 1, 4}, 1, \"Regular\"}"
"PASS: ""exact accepted finite checkpoint identity {{6, 1, 4}, 1, \"Regular\"}"
"PASS: ""pinned accepted finite checkpoint {{6, 1, 4}, -1, \"Delta\"}"
"PASS: ""exact accepted finite checkpoint identity {{6, 1, 4}, -1, \"Delta\"}"
"PASS: ""pinned accepted finite checkpoint {{6, 1, 4}, -1, \"L0\"}"
"PASS: ""exact accepted finite checkpoint identity {{6, 1, 4}, -1, \"L0\"}"
"PASS: ""pinned accepted finite checkpoint {{6, 1, 4}, -1, \"L1\"}"
"PASS: ""exact accepted finite checkpoint identity {{6, 1, 4}, -1, \"L1\"}"
"PASS: ""pinned accepted finite checkpoint {{6, 1, 4}, -1, \"Regular\"}"
"PASS: ""exact accepted finite checkpoint identity {{6, 1, 4}, -1, \"Regular\"}"
"PASS: ""real endpoint branches share a boundary"
"PASS: ""pinned accepted finite checkpoint {{6, 1, 4}, 0, \"Delta\"}"
"PASS: ""exact accepted finite checkpoint identity {{6, 1, 4}, 0, \"Delta\"}"
"PASS: ""pinned accepted finite checkpoint {{6, 1, 4}, 0, \"L0\"}"
"PASS: ""exact accepted finite checkpoint identity {{6, 1, 4}, 0, \"L0\"}"
"PASS: ""pinned accepted finite checkpoint {{6, 1, 4}, 0, \"L1\"}"
"PASS: ""exact accepted finite checkpoint identity {{6, 1, 4}, 0, \"L1\"}"
"PASS: ""pinned accepted finite checkpoint {{6, 1, 4}, 0, \"Regular\"}"
"PASS: ""exact accepted finite checkpoint identity {{6, 1, 4}, 0, \"Regular\"}"
"PASS: ""finite physical component"
"FINITE_COMPONENT_MEMORY "{6, 1, 4}" before "4289661096" after "4289679296
"PASS: ""pinned accepted finite checkpoint {{6, 2, 1}, 1, \"Delta\"}"
"PASS: ""exact accepted finite checkpoint identity {{6, 2, 1}, 1, \"Delta\"}"
"PASS: ""pinned accepted finite checkpoint {{6, 2, 1}, 1, \"L0\"}"
"PASS: ""exact accepted finite checkpoint identity {{6, 2, 1}, 1, \"L0\"}"
"PASS: ""pinned accepted finite checkpoint {{6, 2, 1}, 1, \"L1\"}"
"PASS: ""exact accepted finite checkpoint identity {{6, 2, 1}, 1, \"L1\"}"
"PASS: ""pinned accepted finite checkpoint {{6, 2, 1}, 1, \"Regular\"}"
"PASS: ""exact accepted finite checkpoint identity {{6, 2, 1}, 1, \"Regular\"}"
"PASS: ""pinned accepted finite checkpoint {{6, 2, 1}, -1, \"Delta\"}"
"PASS: ""exact accepted finite checkpoint identity {{6, 2, 1}, -1, \"Delta\"}"
"PASS: ""pinned accepted finite checkpoint {{6, 2, 1}, -1, \"L0\"}"
"PASS: ""exact accepted finite checkpoint identity {{6, 2, 1}, -1, \"L0\"}"
"PASS: ""pinned accepted finite checkpoint {{6, 2, 1}, -1, \"L1\"}"
"PASS: ""exact accepted finite checkpoint identity {{6, 2, 1}, -1, \"L1\"}"
"PASS: ""pinned accepted finite checkpoint {{6, 2, 1}, -1, \"Regular\"}"
"PASS: ""exact accepted finite checkpoint identity {{6, 2, 1}, -1, \"Regular\"}"
"PASS: ""real endpoint branches share a boundary"
"PASS: ""pinned accepted finite checkpoint {{6, 2, 1}, 0, \"Delta\"}"
"PASS: ""exact accepted finite checkpoint identity {{6, 2, 1}, 0, \"Delta\"}"
"PASS: ""pinned accepted finite checkpoint {{6, 2, 1}, 0, \"L0\"}"
"PASS: ""exact accepted finite checkpoint identity {{6, 2, 1}, 0, \"L0\"}"
"PASS: ""pinned accepted finite checkpoint {{6, 2, 1}, 0, \"L1\"}"
"PASS: ""exact accepted finite checkpoint identity {{6, 2, 1}, 0, \"L1\"}"
"PASS: ""pinned accepted finite checkpoint {{6, 2, 1}, 0, \"Regular\"}"
"PASS: ""exact accepted finite checkpoint identity {{6, 2, 1}, 0, \"Regular\"}"
"PASS: ""finite physical component"
"FINITE_COMPONENT_MEMORY "{6, 2, 1}" before "4289679192" after "4289697400
"PASS: ""pinned accepted finite checkpoint {{6, 2, 2}, 1, \"Delta\"}"
"PASS: ""exact accepted finite checkpoint identity {{6, 2, 2}, 1, \"Delta\"}"
"PASS: ""pinned accepted finite checkpoint {{6, 2, 2}, 1, \"L0\"}"
"PASS: ""exact accepted finite checkpoint identity {{6, 2, 2}, 1, \"L0\"}"
"PASS: ""pinned accepted finite checkpoint {{6, 2, 2}, 1, \"L1\"}"
"PASS: ""exact accepted finite checkpoint identity {{6, 2, 2}, 1, \"L1\"}"
"PASS: ""pinned accepted finite checkpoint {{6, 2, 2}, 1, \"Regular\"}"
"PASS: ""exact accepted finite checkpoint identity {{6, 2, 2}, 1, \"Regular\"}"
"PASS: ""pinned accepted finite checkpoint {{6, 2, 2}, -1, \"Delta\"}"
"PASS: ""exact accepted finite checkpoint identity {{6, 2, 2}, -1, \"Delta\"}"
"PASS: ""pinned accepted finite checkpoint {{6, 2, 2}, -1, \"L0\"}"
"PASS: ""exact accepted finite checkpoint identity {{6, 2, 2}, -1, \"L0\"}"
"PASS: ""pinned accepted finite checkpoint {{6, 2, 2}, -1, \"L1\"}"
"PASS: ""exact accepted finite checkpoint identity {{6, 2, 2}, -1, \"L1\"}"
"PASS: ""pinned accepted finite checkpoint {{6, 2, 2}, -1, \"Regular\"}"
"PASS: ""exact accepted finite checkpoint identity {{6, 2, 2}, -1, \"Regular\"}"
"PASS: ""real endpoint branches share a boundary"
"PASS: ""pinned accepted finite checkpoint {{6, 2, 2}, 0, \"Delta\"}"
"PASS: ""exact accepted finite checkpoint identity {{6, 2, 2}, 0, \"Delta\"}"
"PASS: ""pinned accepted finite checkpoint {{6, 2, 2}, 0, \"L0\"}"
"PASS: ""exact accepted finite checkpoint identity {{6, 2, 2}, 0, \"L0\"}"
"PASS: ""pinned accepted finite checkpoint {{6, 2, 2}, 0, \"L1\"}"
"PASS: ""exact accepted finite checkpoint identity {{6, 2, 2}, 0, \"L1\"}"
"PASS: ""pinned accepted finite checkpoint {{6, 2, 2}, 0, \"Regular\"}"
"PASS: ""exact accepted finite checkpoint identity {{6, 2, 2}, 0, \"Regular\"}"
"PASS: ""finite physical component"
"FINITE_COMPONENT_MEMORY "{6, 2, 2}" before "4289697296" after "4289715272
"PASS: ""pinned accepted finite checkpoint {{6, 2, 3}, 1, \"Delta\"}"
"PASS: ""exact accepted finite checkpoint identity {{6, 2, 3}, 1, \"Delta\"}"
"PASS: ""pinned accepted finite checkpoint {{6, 2, 3}, 1, \"L0\"}"
"PASS: ""exact accepted finite checkpoint identity {{6, 2, 3}, 1, \"L0\"}"
"PASS: ""pinned accepted finite checkpoint {{6, 2, 3}, 1, \"L1\"}"
"PASS: ""exact accepted finite checkpoint identity {{6, 2, 3}, 1, \"L1\"}"
"PASS: ""pinned accepted finite checkpoint {{6, 2, 3}, 1, \"Regular\"}"
"PASS: ""exact accepted finite checkpoint identity {{6, 2, 3}, 1, \"Regular\"}"
"PASS: ""pinned accepted finite checkpoint {{6, 2, 3}, -1, \"Delta\"}"
"PASS: ""exact accepted finite checkpoint identity {{6, 2, 3}, -1, \"Delta\"}"
"PASS: ""pinned accepted finite checkpoint {{6, 2, 3}, -1, \"L0\"}"
"PASS: ""exact accepted finite checkpoint identity {{6, 2, 3}, -1, \"L0\"}"
"PASS: ""pinned accepted finite checkpoint {{6, 2, 3}, -1, \"L1\"}"
"PASS: ""exact accepted finite checkpoint identity {{6, 2, 3}, -1, \"L1\"}"
"PASS: ""pinned accepted finite checkpoint {{6, 2, 3}, -1, \"Regular\"}"
"PASS: ""exact accepted finite checkpoint identity {{6, 2, 3}, -1, \"Regular\"}"
"PASS: ""real endpoint branches share a boundary"
"PASS: ""pinned accepted finite checkpoint {{6, 2, 3}, 0, \"Delta\"}"
"PASS: ""exact accepted finite checkpoint identity {{6, 2, 3}, 0, \"Delta\"}"
"PASS: ""pinned accepted finite checkpoint {{6, 2, 3}, 0, \"L0\"}"
"PASS: ""exact accepted finite checkpoint identity {{6, 2, 3}, 0, \"L0\"}"
"PASS: ""pinned accepted finite checkpoint {{6, 2, 3}, 0, \"L1\"}"
"PASS: ""exact accepted finite checkpoint identity {{6, 2, 3}, 0, \"L1\"}"
"PASS: ""pinned accepted finite checkpoint {{6, 2, 3}, 0, \"Regular\"}"
"PASS: ""exact accepted finite checkpoint identity {{6, 2, 3}, 0, \"Regular\"}"
"PASS: ""finite physical component"
"FINITE_COMPONENT_MEMORY "{6, 2, 3}" before "4289715168" after "4299123808
"PASS: ""pinned accepted finite checkpoint {{6, 2, 4}, 1, \"Delta\"}"
"PASS: ""exact accepted finite checkpoint identity {{6, 2, 4}, 1, \"Delta\"}"
"PASS: ""pinned accepted finite checkpoint {{6, 2, 4}, 1, \"L0\"}"
"PASS: ""exact accepted finite checkpoint identity {{6, 2, 4}, 1, \"L0\"}"
"PASS: ""pinned accepted finite checkpoint {{6, 2, 4}, 1, \"L1\"}"
"PASS: ""exact accepted finite checkpoint identity {{6, 2, 4}, 1, \"L1\"}"
"PASS: ""pinned accepted finite checkpoint {{6, 2, 4}, 1, \"Regular\"}"
"PASS: ""exact accepted finite checkpoint identity {{6, 2, 4}, 1, \"Regular\"}"
"PASS: ""pinned accepted finite checkpoint {{6, 2, 4}, -1, \"Delta\"}"
"PASS: ""exact accepted finite checkpoint identity {{6, 2, 4}, -1, \"Delta\"}"
"PASS: ""pinned accepted finite checkpoint {{6, 2, 4}, -1, \"L0\"}"
"PASS: ""exact accepted finite checkpoint identity {{6, 2, 4}, -1, \"L0\"}"
"PASS: ""pinned accepted finite checkpoint {{6, 2, 4}, -1, \"L1\"}"
"PASS: ""exact accepted finite checkpoint identity {{6, 2, 4}, -1, \"L1\"}"
"PASS: ""pinned accepted finite checkpoint {{6, 2, 4}, -1, \"Regular\"}"
"PASS: ""exact accepted finite checkpoint identity {{6, 2, 4}, -1, \"Regular\"}"
"PASS: ""real endpoint branches share a boundary"
"PASS: ""pinned accepted finite checkpoint {{6, 2, 4}, 0, \"Delta\"}"
"PASS: ""exact accepted finite checkpoint identity {{6, 2, 4}, 0, \"Delta\"}"
"PASS: ""pinned accepted finite checkpoint {{6, 2, 4}, 0, \"L0\"}"
"PASS: ""exact accepted finite checkpoint identity {{6, 2, 4}, 0, \"L0\"}"
"PASS: ""pinned accepted finite checkpoint {{6, 2, 4}, 0, \"L1\"}"
"PASS: ""exact accepted finite checkpoint identity {{6, 2, 4}, 0, \"L1\"}"
"PASS: ""pinned accepted finite checkpoint {{6, 2, 4}, 0, \"Regular\"}"
"PASS: ""exact accepted finite checkpoint identity {{6, 2, 4}, 0, \"Regular\"}"
"PASS: ""finite physical component"
"FINITE_COMPONENT_MEMORY "{6, 2, 4}" before "4299123704" after "4299141752
"PASS: ""pinned accepted finite checkpoint {{6, 3, 1}, 1, \"Delta\"}"
"PASS: ""exact accepted finite checkpoint identity {{6, 3, 1}, 1, \"Delta\"}"
"PASS: ""pinned accepted finite checkpoint {{6, 3, 1}, 1, \"L0\"}"
"PASS: ""exact accepted finite checkpoint identity {{6, 3, 1}, 1, \"L0\"}"
"PASS: ""pinned accepted finite checkpoint {{6, 3, 1}, 1, \"L1\"}"
"PASS: ""exact accepted finite checkpoint identity {{6, 3, 1}, 1, \"L1\"}"
"PASS: ""pinned accepted finite checkpoint {{6, 3, 1}, 1, \"Regular\"}"
"PASS: ""exact accepted finite checkpoint identity {{6, 3, 1}, 1, \"Regular\"}"
"PASS: ""pinned accepted finite checkpoint {{6, 3, 1}, -1, \"Delta\"}"
"PASS: ""exact accepted finite checkpoint identity {{6, 3, 1}, -1, \"Delta\"}"
"PASS: ""pinned accepted finite checkpoint {{6, 3, 1}, -1, \"L0\"}"
"PASS: ""exact accepted finite checkpoint identity {{6, 3, 1}, -1, \"L0\"}"
"PASS: ""pinned accepted finite checkpoint {{6, 3, 1}, -1, \"L1\"}"
"PASS: ""exact accepted finite checkpoint identity {{6, 3, 1}, -1, \"L1\"}"
"PASS: ""pinned accepted finite checkpoint {{6, 3, 1}, -1, \"Regular\"}"
"PASS: ""exact accepted finite checkpoint identity {{6, 3, 1}, -1, \"Regular\"}"
"PASS: ""real endpoint branches share a boundary"
"PASS: ""pinned accepted finite checkpoint {{6, 3, 1}, 0, \"Delta\"}"
"PASS: ""exact accepted finite checkpoint identity {{6, 3, 1}, 0, \"Delta\"}"
"PASS: ""pinned accepted finite checkpoint {{6, 3, 1}, 0, \"L0\"}"
"PASS: ""exact accepted finite checkpoint identity {{6, 3, 1}, 0, \"L0\"}"
"PASS: ""pinned accepted finite checkpoint {{6, 3, 1}, 0, \"L1\"}"
"PASS: ""exact accepted finite checkpoint identity {{6, 3, 1}, 0, \"L1\"}"
"PASS: ""pinned accepted finite checkpoint {{6, 3, 1}, 0, \"Regular\"}"
"PASS: ""exact accepted finite checkpoint identity {{6, 3, 1}, 0, \"Regular\"}"
"PASS: ""finite physical component"
"FINITE_COMPONENT_MEMORY "{6, 3, 1}" before "4299141648" after "4305759480
"PASS: ""pinned accepted finite checkpoint {{6, 3, 2}, 1, \"Delta\"}"
"PASS: ""exact accepted finite checkpoint identity {{6, 3, 2}, 1, \"Delta\"}"
"PASS: ""pinned accepted finite checkpoint {{6, 3, 2}, 1, \"L0\"}"
"PASS: ""exact accepted finite checkpoint identity {{6, 3, 2}, 1, \"L0\"}"
"PASS: ""pinned accepted finite checkpoint {{6, 3, 2}, 1, \"L1\"}"
"PASS: ""exact accepted finite checkpoint identity {{6, 3, 2}, 1, \"L1\"}"
"PASS: ""pinned accepted finite checkpoint {{6, 3, 2}, 1, \"Regular\"}"
"PASS: ""exact accepted finite checkpoint identity {{6, 3, 2}, 1, \"Regular\"}"
"PASS: ""pinned accepted finite checkpoint {{6, 3, 2}, -1, \"Delta\"}"
"PASS: ""exact accepted finite checkpoint identity {{6, 3, 2}, -1, \"Delta\"}"
"PASS: ""pinned accepted finite checkpoint {{6, 3, 2}, -1, \"L0\"}"
"PASS: ""exact accepted finite checkpoint identity {{6, 3, 2}, -1, \"L0\"}"
"PASS: ""pinned accepted finite checkpoint {{6, 3, 2}, -1, \"L1\"}"
"PASS: ""exact accepted finite checkpoint identity {{6, 3, 2}, -1, \"L1\"}"
"PASS: ""pinned accepted finite checkpoint {{6, 3, 2}, -1, \"Regular\"}"
"PASS: ""exact accepted finite checkpoint identity {{6, 3, 2}, -1, \"Regular\"}"
"PASS: ""real endpoint branches share a boundary"
"PASS: ""pinned accepted finite checkpoint {{6, 3, 2}, 0, \"Delta\"}"
"PASS: ""exact accepted finite checkpoint identity {{6, 3, 2}, 0, \"Delta\"}"
"PASS: ""pinned accepted finite checkpoint {{6, 3, 2}, 0, \"L0\"}"
"PASS: ""exact accepted finite checkpoint identity {{6, 3, 2}, 0, \"L0\"}"
"PASS: ""pinned accepted finite checkpoint {{6, 3, 2}, 0, \"L1\"}"
"PASS: ""exact accepted finite checkpoint identity {{6, 3, 2}, 0, \"L1\"}"
"PASS: ""pinned accepted finite checkpoint {{6, 3, 2}, 0, \"Regular\"}"
"PASS: ""exact accepted finite checkpoint identity {{6, 3, 2}, 0, \"Regular\"}"
"PASS: ""finite physical component"
"FINITE_COMPONENT_MEMORY "{6, 3, 2}" before "4305759376" after "4315118944
"PASS: ""pinned accepted finite checkpoint {{6, 3, 3}, 1, \"Delta\"}"
"PASS: ""exact accepted finite checkpoint identity {{6, 3, 3}, 1, \"Delta\"}"
"PASS: ""pinned accepted finite checkpoint {{6, 3, 3}, 1, \"L0\"}"
"PASS: ""exact accepted finite checkpoint identity {{6, 3, 3}, 1, \"L0\"}"
"PASS: ""pinned accepted finite checkpoint {{6, 3, 3}, 1, \"L1\"}"
"PASS: ""exact accepted finite checkpoint identity {{6, 3, 3}, 1, \"L1\"}"
"PASS: ""pinned accepted finite checkpoint {{6, 3, 3}, 1, \"Regular\"}"
"PASS: ""exact accepted finite checkpoint identity {{6, 3, 3}, 1, \"Regular\"}"
"PASS: ""pinned accepted finite checkpoint {{6, 3, 3}, -1, \"Delta\"}"
"PASS: ""exact accepted finite checkpoint identity {{6, 3, 3}, -1, \"Delta\"}"
"PASS: ""pinned accepted finite checkpoint {{6, 3, 3}, -1, \"L0\"}"
"PASS: ""exact accepted finite checkpoint identity {{6, 3, 3}, -1, \"L0\"}"
"PASS: ""pinned accepted finite checkpoint {{6, 3, 3}, -1, \"L1\"}"
"PASS: ""exact accepted finite checkpoint identity {{6, 3, 3}, -1, \"L1\"}"
"PASS: ""pinned accepted finite checkpoint {{6, 3, 3}, -1, \"Regular\"}"
"PASS: ""exact accepted finite checkpoint identity {{6, 3, 3}, -1, \"Regular\"}"
"PASS: ""real endpoint branches share a boundary"
"PASS: ""pinned accepted finite checkpoint {{6, 3, 3}, 0, \"Delta\"}"
"PASS: ""exact accepted finite checkpoint identity {{6, 3, 3}, 0, \"Delta\"}"
"PASS: ""pinned accepted finite checkpoint {{6, 3, 3}, 0, \"L0\"}"
"PASS: ""exact accepted finite checkpoint identity {{6, 3, 3}, 0, \"L0\"}"
"PASS: ""pinned accepted finite checkpoint {{6, 3, 3}, 0, \"L1\"}"
"PASS: ""exact accepted finite checkpoint identity {{6, 3, 3}, 0, \"L1\"}"
"PASS: ""pinned accepted finite checkpoint {{6, 3, 3}, 0, \"Regular\"}"
"PASS: ""exact accepted finite checkpoint identity {{6, 3, 3}, 0, \"Regular\"}"
"PASS: ""finite physical component"
"FINITE_COMPONENT_MEMORY "{6, 3, 3}" before "4315118840" after "4315136816
"PASS: ""pinned accepted finite checkpoint {{6, 3, 4}, 1, \"Delta\"}"
"PASS: ""exact accepted finite checkpoint identity {{6, 3, 4}, 1, \"Delta\"}"
"PASS: ""pinned accepted finite checkpoint {{6, 3, 4}, 1, \"L0\"}"
"PASS: ""exact accepted finite checkpoint identity {{6, 3, 4}, 1, \"L0\"}"
"PASS: ""pinned accepted finite checkpoint {{6, 3, 4}, 1, \"L1\"}"
"PASS: ""exact accepted finite checkpoint identity {{6, 3, 4}, 1, \"L1\"}"
"PASS: ""pinned accepted finite checkpoint {{6, 3, 4}, 1, \"Regular\"}"
"PASS: ""exact accepted finite checkpoint identity {{6, 3, 4}, 1, \"Regular\"}"
"PASS: ""pinned accepted finite checkpoint {{6, 3, 4}, -1, \"Delta\"}"
"PASS: ""exact accepted finite checkpoint identity {{6, 3, 4}, -1, \"Delta\"}"
"PASS: ""pinned accepted finite checkpoint {{6, 3, 4}, -1, \"L0\"}"
"PASS: ""exact accepted finite checkpoint identity {{6, 3, 4}, -1, \"L0\"}"
"PASS: ""pinned accepted finite checkpoint {{6, 3, 4}, -1, \"L1\"}"
"PASS: ""exact accepted finite checkpoint identity {{6, 3, 4}, -1, \"L1\"}"
"PASS: ""pinned accepted finite checkpoint {{6, 3, 4}, -1, \"Regular\"}"
"PASS: ""exact accepted finite checkpoint identity {{6, 3, 4}, -1, \"Regular\"}"
"PASS: ""real endpoint branches share a boundary"
"PASS: ""pinned accepted finite checkpoint {{6, 3, 4}, 0, \"Delta\"}"
"PASS: ""exact accepted finite checkpoint identity {{6, 3, 4}, 0, \"Delta\"}"
"PASS: ""pinned accepted finite checkpoint {{6, 3, 4}, 0, \"L0\"}"
"PASS: ""exact accepted finite checkpoint identity {{6, 3, 4}, 0, \"L0\"}"
"PASS: ""pinned accepted finite checkpoint {{6, 3, 4}, 0, \"L1\"}"
"PASS: ""exact accepted finite checkpoint identity {{6, 3, 4}, 0, \"L1\"}"
"PASS: ""pinned accepted finite checkpoint {{6, 3, 4}, 0, \"Regular\"}"
"PASS: ""exact accepted finite checkpoint identity {{6, 3, 4}, 0, \"Regular\"}"
"PASS: ""finite physical component"
"FINITE_COMPONENT_MEMORY "{6, 3, 4}" before "4315136712" after "4315154680
"PASS: ""pinned accepted finite checkpoint {{6, 4, 1}, 1, \"Delta\"}"
"PASS: ""exact accepted finite checkpoint identity {{6, 4, 1}, 1, \"Delta\"}"
"PASS: ""pinned accepted finite checkpoint {{6, 4, 1}, 1, \"L0\"}"
"PASS: ""exact accepted finite checkpoint identity {{6, 4, 1}, 1, \"L0\"}"
"PASS: ""pinned accepted finite checkpoint {{6, 4, 1}, 1, \"L1\"}"
"PASS: ""exact accepted finite checkpoint identity {{6, 4, 1}, 1, \"L1\"}"
"PASS: ""pinned accepted finite checkpoint {{6, 4, 1}, 1, \"Regular\"}"
"PASS: ""exact accepted finite checkpoint identity {{6, 4, 1}, 1, \"Regular\"}"
"PASS: ""pinned accepted finite checkpoint {{6, 4, 1}, -1, \"Delta\"}"
"PASS: ""exact accepted finite checkpoint identity {{6, 4, 1}, -1, \"Delta\"}"
"PASS: ""pinned accepted finite checkpoint {{6, 4, 1}, -1, \"L0\"}"
"PASS: ""exact accepted finite checkpoint identity {{6, 4, 1}, -1, \"L0\"}"
"PASS: ""pinned accepted finite checkpoint {{6, 4, 1}, -1, \"L1\"}"
"PASS: ""exact accepted finite checkpoint identity {{6, 4, 1}, -1, \"L1\"}"
"PASS: ""pinned accepted finite checkpoint {{6, 4, 1}, -1, \"Regular\"}"
"PASS: ""exact accepted finite checkpoint identity {{6, 4, 1}, -1, \"Regular\"}"
"PASS: ""real endpoint branches share a boundary"
"PASS: ""pinned accepted finite checkpoint {{6, 4, 1}, 0, \"Delta\"}"
"PASS: ""exact accepted finite checkpoint identity {{6, 4, 1}, 0, \"Delta\"}"
"PASS: ""pinned accepted finite checkpoint {{6, 4, 1}, 0, \"L0\"}"
"PASS: ""exact accepted finite checkpoint identity {{6, 4, 1}, 0, \"L0\"}"
"PASS: ""pinned accepted finite checkpoint {{6, 4, 1}, 0, \"L1\"}"
"PASS: ""exact accepted finite checkpoint identity {{6, 4, 1}, 0, \"L1\"}"
"PASS: ""pinned accepted finite checkpoint {{6, 4, 1}, 0, \"Regular\"}"
"PASS: ""exact accepted finite checkpoint identity {{6, 4, 1}, 0, \"Regular\"}"
"PASS: ""finite physical component"
"FINITE_COMPONENT_MEMORY "{6, 4, 1}" before "4315154576" after "4315172552
"PASS: ""pinned accepted finite checkpoint {{6, 4, 2}, 1, \"Delta\"}"
"PASS: ""exact accepted finite checkpoint identity {{6, 4, 2}, 1, \"Delta\"}"
"PASS: ""pinned accepted finite checkpoint {{6, 4, 2}, 1, \"L0\"}"
"PASS: ""exact accepted finite checkpoint identity {{6, 4, 2}, 1, \"L0\"}"
"PASS: ""pinned accepted finite checkpoint {{6, 4, 2}, 1, \"L1\"}"
"PASS: ""exact accepted finite checkpoint identity {{6, 4, 2}, 1, \"L1\"}"
"PASS: ""pinned accepted finite checkpoint {{6, 4, 2}, 1, \"Regular\"}"
"PASS: ""exact accepted finite checkpoint identity {{6, 4, 2}, 1, \"Regular\"}"
"PASS: ""pinned accepted finite checkpoint {{6, 4, 2}, -1, \"Delta\"}"
"PASS: ""exact accepted finite checkpoint identity {{6, 4, 2}, -1, \"Delta\"}"
"PASS: ""pinned accepted finite checkpoint {{6, 4, 2}, -1, \"L0\"}"
"PASS: ""exact accepted finite checkpoint identity {{6, 4, 2}, -1, \"L0\"}"
"PASS: ""pinned accepted finite checkpoint {{6, 4, 2}, -1, \"L1\"}"
"PASS: ""exact accepted finite checkpoint identity {{6, 4, 2}, -1, \"L1\"}"
"PASS: ""pinned accepted finite checkpoint {{6, 4, 2}, -1, \"Regular\"}"
"PASS: ""exact accepted finite checkpoint identity {{6, 4, 2}, -1, \"Regular\"}"
"PASS: ""real endpoint branches share a boundary"
"PASS: ""pinned accepted finite checkpoint {{6, 4, 2}, 0, \"Delta\"}"
"PASS: ""exact accepted finite checkpoint identity {{6, 4, 2}, 0, \"Delta\"}"
"PASS: ""pinned accepted finite checkpoint {{6, 4, 2}, 0, \"L0\"}"
"PASS: ""exact accepted finite checkpoint identity {{6, 4, 2}, 0, \"L0\"}"
"PASS: ""pinned accepted finite checkpoint {{6, 4, 2}, 0, \"L1\"}"
"PASS: ""exact accepted finite checkpoint identity {{6, 4, 2}, 0, \"L1\"}"
"PASS: ""pinned accepted finite checkpoint {{6, 4, 2}, 0, \"Regular\"}"
"PASS: ""exact accepted finite checkpoint identity {{6, 4, 2}, 0, \"Regular\"}"
"PASS: ""finite physical component"
"FINITE_COMPONENT_MEMORY "{6, 4, 2}" before "4315172448" after "4315190568
"PASS: ""pinned accepted finite checkpoint {{6, 4, 3}, 1, \"Delta\"}"
"PASS: ""exact accepted finite checkpoint identity {{6, 4, 3}, 1, \"Delta\"}"
"PASS: ""pinned accepted finite checkpoint {{6, 4, 3}, 1, \"L0\"}"
"PASS: ""exact accepted finite checkpoint identity {{6, 4, 3}, 1, \"L0\"}"
"PASS: ""pinned accepted finite checkpoint {{6, 4, 3}, 1, \"L1\"}"
"PASS: ""exact accepted finite checkpoint identity {{6, 4, 3}, 1, \"L1\"}"
"PASS: ""pinned accepted finite checkpoint {{6, 4, 3}, 1, \"Regular\"}"
"PASS: ""exact accepted finite checkpoint identity {{6, 4, 3}, 1, \"Regular\"}"
"PASS: ""pinned accepted finite checkpoint {{6, 4, 3}, -1, \"Delta\"}"
"PASS: ""exact accepted finite checkpoint identity {{6, 4, 3}, -1, \"Delta\"}"
"PASS: ""pinned accepted finite checkpoint {{6, 4, 3}, -1, \"L0\"}"
"PASS: ""exact accepted finite checkpoint identity {{6, 4, 3}, -1, \"L0\"}"
"PASS: ""pinned accepted finite checkpoint {{6, 4, 3}, -1, \"L1\"}"
"PASS: ""exact accepted finite checkpoint identity {{6, 4, 3}, -1, \"L1\"}"
"PASS: ""pinned accepted finite checkpoint {{6, 4, 3}, -1, \"Regular\"}"
"PASS: ""exact accepted finite checkpoint identity {{6, 4, 3}, -1, \"Regular\"}"
"PASS: ""real endpoint branches share a boundary"
"PASS: ""pinned accepted finite checkpoint {{6, 4, 3}, 0, \"Delta\"}"
"PASS: ""exact accepted finite checkpoint identity {{6, 4, 3}, 0, \"Delta\"}"
"PASS: ""pinned accepted finite checkpoint {{6, 4, 3}, 0, \"L0\"}"
"PASS: ""exact accepted finite checkpoint identity {{6, 4, 3}, 0, \"L0\"}"
"PASS: ""pinned accepted finite checkpoint {{6, 4, 3}, 0, \"L1\"}"
"PASS: ""exact accepted finite checkpoint identity {{6, 4, 3}, 0, \"L1\"}"
"PASS: ""pinned accepted finite checkpoint {{6, 4, 3}, 0, \"Regular\"}"
"PASS: ""exact accepted finite checkpoint identity {{6, 4, 3}, 0, \"Regular\"}"
"PASS: ""finite physical component"
"FINITE_COMPONENT_MEMORY "{6, 4, 3}" before "4315190464" after "4315208656
"PASS: ""pinned accepted finite checkpoint {{6, 4, 4}, 1, \"Delta\"}"
"PASS: ""exact accepted finite checkpoint identity {{6, 4, 4}, 1, \"Delta\"}"
"PASS: ""pinned accepted finite checkpoint {{6, 4, 4}, 1, \"L0\"}"
"PASS: ""exact accepted finite checkpoint identity {{6, 4, 4}, 1, \"L0\"}"
"PASS: ""pinned accepted finite checkpoint {{6, 4, 4}, 1, \"L1\"}"
"PASS: ""exact accepted finite checkpoint identity {{6, 4, 4}, 1, \"L1\"}"
"PASS: ""pinned accepted finite checkpoint {{6, 4, 4}, 1, \"Regular\"}"
"PASS: ""exact accepted finite checkpoint identity {{6, 4, 4}, 1, \"Regular\"}"
"PASS: ""pinned accepted finite checkpoint {{6, 4, 4}, -1, \"Delta\"}"
"PASS: ""exact accepted finite checkpoint identity {{6, 4, 4}, -1, \"Delta\"}"
"PASS: ""pinned accepted finite checkpoint {{6, 4, 4}, -1, \"L0\"}"
"PASS: ""exact accepted finite checkpoint identity {{6, 4, 4}, -1, \"L0\"}"
"PASS: ""pinned accepted finite checkpoint {{6, 4, 4}, -1, \"L1\"}"
"PASS: ""exact accepted finite checkpoint identity {{6, 4, 4}, -1, \"L1\"}"
"PASS: ""pinned accepted finite checkpoint {{6, 4, 4}, -1, \"Regular\"}"
"PASS: ""exact accepted finite checkpoint identity {{6, 4, 4}, -1, \"Regular\"}"
"PASS: ""real endpoint branches share a boundary"
"PASS: ""pinned accepted finite checkpoint {{6, 4, 4}, 0, \"Delta\"}"
"PASS: ""exact accepted finite checkpoint identity {{6, 4, 4}, 0, \"Delta\"}"
"PASS: ""pinned accepted finite checkpoint {{6, 4, 4}, 0, \"L0\"}"
"PASS: ""exact accepted finite checkpoint identity {{6, 4, 4}, 0, \"L0\"}"
"PASS: ""pinned accepted finite checkpoint {{6, 4, 4}, 0, \"L1\"}"
"PASS: ""exact accepted finite checkpoint identity {{6, 4, 4}, 0, \"L1\"}"
"PASS: ""pinned accepted finite checkpoint {{6, 4, 4}, 0, \"Regular\"}"
"PASS: ""exact accepted finite checkpoint identity {{6, 4, 4}, 0, \"Regular\"}"
"PASS: ""finite physical component"
"FINITE_COMPONENT_MEMORY "{6, 4, 4}" before "4315208552" after "4315226800
"PASS: ""pinned accepted finite checkpoint {{7, 1, 1}, 1, \"Delta\"}"
"PASS: ""exact accepted finite checkpoint identity {{7, 1, 1}, 1, \"Delta\"}"
"PASS: ""pinned accepted finite checkpoint {{7, 1, 1}, 1, \"L0\"}"
"PASS: ""exact accepted finite checkpoint identity {{7, 1, 1}, 1, \"L0\"}"
"PASS: ""pinned accepted finite checkpoint {{7, 1, 1}, 1, \"L1\"}"
"PASS: ""exact accepted finite checkpoint identity {{7, 1, 1}, 1, \"L1\"}"
"PASS: ""pinned accepted finite checkpoint {{7, 1, 1}, 1, \"Regular\"}"
"PASS: ""exact accepted finite checkpoint identity {{7, 1, 1}, 1, \"Regular\"}"
"PASS: ""pinned accepted finite checkpoint {{7, 1, 1}, -1, \"Delta\"}"
"PASS: ""exact accepted finite checkpoint identity {{7, 1, 1}, -1, \"Delta\"}"
"PASS: ""pinned accepted finite checkpoint {{7, 1, 1}, -1, \"L0\"}"
"PASS: ""exact accepted finite checkpoint identity {{7, 1, 1}, -1, \"L0\"}"
"PASS: ""pinned accepted finite checkpoint {{7, 1, 1}, -1, \"L1\"}"
"PASS: ""exact accepted finite checkpoint identity {{7, 1, 1}, -1, \"L1\"}"
"PASS: ""pinned accepted finite checkpoint {{7, 1, 1}, -1, \"Regular\"}"
"PASS: ""exact accepted finite checkpoint identity {{7, 1, 1}, -1, \"Regular\"}"
"PASS: ""real endpoint branches share a boundary"
"PASS: ""pinned accepted finite checkpoint {{7, 1, 1}, 0, \"Delta\"}"
"PASS: ""exact accepted finite checkpoint identity {{7, 1, 1}, 0, \"Delta\"}"
"PASS: ""pinned accepted finite checkpoint {{7, 1, 1}, 0, \"L0\"}"
"PASS: ""exact accepted finite checkpoint identity {{7, 1, 1}, 0, \"L0\"}"
"PASS: ""pinned accepted finite checkpoint {{7, 1, 1}, 0, \"L1\"}"
"PASS: ""exact accepted finite checkpoint identity {{7, 1, 1}, 0, \"L1\"}"
"PASS: ""pinned accepted finite checkpoint {{7, 1, 1}, 0, \"Regular\"}"
"PASS: ""exact accepted finite checkpoint identity {{7, 1, 1}, 0, \"Regular\"}"
"PASS: ""finite physical component"
"FINITE_COMPONENT_MEMORY "{7, 1, 1}" before "4315226696" after "4315244688
"PASS: ""pinned accepted finite checkpoint {{7, 1, 2}, 1, \"Delta\"}"
"PASS: ""exact accepted finite checkpoint identity {{7, 1, 2}, 1, \"Delta\"}"
"PASS: ""pinned accepted finite checkpoint {{7, 1, 2}, 1, \"L0\"}"
"PASS: ""exact accepted finite checkpoint identity {{7, 1, 2}, 1, \"L0\"}"
"PASS: ""pinned accepted finite checkpoint {{7, 1, 2}, 1, \"L1\"}"
"PASS: ""exact accepted finite checkpoint identity {{7, 1, 2}, 1, \"L1\"}"
"PASS: ""pinned accepted finite checkpoint {{7, 1, 2}, 1, \"Regular\"}"
"PASS: ""exact accepted finite checkpoint identity {{7, 1, 2}, 1, \"Regular\"}"
"PASS: ""pinned accepted finite checkpoint {{7, 1, 2}, -1, \"Delta\"}"
"PASS: ""exact accepted finite checkpoint identity {{7, 1, 2}, -1, \"Delta\"}"
"PASS: ""pinned accepted finite checkpoint {{7, 1, 2}, -1, \"L0\"}"
"PASS: ""exact accepted finite checkpoint identity {{7, 1, 2}, -1, \"L0\"}"
"PASS: ""pinned accepted finite checkpoint {{7, 1, 2}, -1, \"L1\"}"
"PASS: ""exact accepted finite checkpoint identity {{7, 1, 2}, -1, \"L1\"}"
"PASS: ""pinned accepted finite checkpoint {{7, 1, 2}, -1, \"Regular\"}"
"PASS: ""exact accepted finite checkpoint identity {{7, 1, 2}, -1, \"Regular\"}"
"PASS: ""real endpoint branches share a boundary"
"PASS: ""pinned accepted finite checkpoint {{7, 1, 2}, 0, \"Delta\"}"
"PASS: ""exact accepted finite checkpoint identity {{7, 1, 2}, 0, \"Delta\"}"
"PASS: ""pinned accepted finite checkpoint {{7, 1, 2}, 0, \"L0\"}"
"PASS: ""exact accepted finite checkpoint identity {{7, 1, 2}, 0, \"L0\"}"
"PASS: ""pinned accepted finite checkpoint {{7, 1, 2}, 0, \"L1\"}"
"PASS: ""exact accepted finite checkpoint identity {{7, 1, 2}, 0, \"L1\"}"
"PASS: ""pinned accepted finite checkpoint {{7, 1, 2}, 0, \"Regular\"}"
"PASS: ""exact accepted finite checkpoint identity {{7, 1, 2}, 0, \"Regular\"}"
"PASS: ""finite physical component"
"FINITE_COMPONENT_MEMORY "{7, 1, 2}" before "4315244584" after "4315262632
"PASS: ""pinned accepted finite checkpoint {{7, 1, 3}, 1, \"Delta\"}"
"PASS: ""exact accepted finite checkpoint identity {{7, 1, 3}, 1, \"Delta\"}"
"PASS: ""pinned accepted finite checkpoint {{7, 1, 3}, 1, \"L0\"}"
"PASS: ""exact accepted finite checkpoint identity {{7, 1, 3}, 1, \"L0\"}"
"PASS: ""pinned accepted finite checkpoint {{7, 1, 3}, 1, \"L1\"}"
"PASS: ""exact accepted finite checkpoint identity {{7, 1, 3}, 1, \"L1\"}"
"PASS: ""pinned accepted finite checkpoint {{7, 1, 3}, 1, \"Regular\"}"
"PASS: ""exact accepted finite checkpoint identity {{7, 1, 3}, 1, \"Regular\"}"
"PASS: ""pinned accepted finite checkpoint {{7, 1, 3}, -1, \"Delta\"}"
"PASS: ""exact accepted finite checkpoint identity {{7, 1, 3}, -1, \"Delta\"}"
"PASS: ""pinned accepted finite checkpoint {{7, 1, 3}, -1, \"L0\"}"
"PASS: ""exact accepted finite checkpoint identity {{7, 1, 3}, -1, \"L0\"}"
"PASS: ""pinned accepted finite checkpoint {{7, 1, 3}, -1, \"L1\"}"
"PASS: ""exact accepted finite checkpoint identity {{7, 1, 3}, -1, \"L1\"}"
"PASS: ""pinned accepted finite checkpoint {{7, 1, 3}, -1, \"Regular\"}"
"PASS: ""exact accepted finite checkpoint identity {{7, 1, 3}, -1, \"Regular\"}"
"PASS: ""real endpoint branches share a boundary"
"PASS: ""pinned accepted finite checkpoint {{7, 1, 3}, 0, \"Delta\"}"
"PASS: ""exact accepted finite checkpoint identity {{7, 1, 3}, 0, \"Delta\"}"
"PASS: ""pinned accepted finite checkpoint {{7, 1, 3}, 0, \"L0\"}"
"PASS: ""exact accepted finite checkpoint identity {{7, 1, 3}, 0, \"L0\"}"
"PASS: ""pinned accepted finite checkpoint {{7, 1, 3}, 0, \"L1\"}"
"PASS: ""exact accepted finite checkpoint identity {{7, 1, 3}, 0, \"L1\"}"
"PASS: ""pinned accepted finite checkpoint {{7, 1, 3}, 0, \"Regular\"}"
"PASS: ""exact accepted finite checkpoint identity {{7, 1, 3}, 0, \"Regular\"}"
"PASS: ""finite physical component"
"FINITE_COMPONENT_MEMORY "{7, 1, 3}" before "4315262528" after "4315280464
"PASS: ""pinned accepted finite checkpoint {{7, 1, 4}, 1, \"Delta\"}"
"PASS: ""exact accepted finite checkpoint identity {{7, 1, 4}, 1, \"Delta\"}"
"PASS: ""pinned accepted finite checkpoint {{7, 1, 4}, 1, \"L0\"}"
"PASS: ""exact accepted finite checkpoint identity {{7, 1, 4}, 1, \"L0\"}"
"PASS: ""pinned accepted finite checkpoint {{7, 1, 4}, 1, \"L1\"}"
"PASS: ""exact accepted finite checkpoint identity {{7, 1, 4}, 1, \"L1\"}"
"PASS: ""pinned accepted finite checkpoint {{7, 1, 4}, 1, \"Regular\"}"
"PASS: ""exact accepted finite checkpoint identity {{7, 1, 4}, 1, \"Regular\"}"
"PASS: ""pinned accepted finite checkpoint {{7, 1, 4}, -1, \"Delta\"}"
"PASS: ""exact accepted finite checkpoint identity {{7, 1, 4}, -1, \"Delta\"}"
"PASS: ""pinned accepted finite checkpoint {{7, 1, 4}, -1, \"L0\"}"
"PASS: ""exact accepted finite checkpoint identity {{7, 1, 4}, -1, \"L0\"}"
"PASS: ""pinned accepted finite checkpoint {{7, 1, 4}, -1, \"L1\"}"
"PASS: ""exact accepted finite checkpoint identity {{7, 1, 4}, -1, \"L1\"}"
"PASS: ""pinned accepted finite checkpoint {{7, 1, 4}, -1, \"Regular\"}"
"PASS: ""exact accepted finite checkpoint identity {{7, 1, 4}, -1, \"Regular\"}"
"PASS: ""real endpoint branches share a boundary"
"PASS: ""pinned accepted finite checkpoint {{7, 1, 4}, 0, \"Delta\"}"
"PASS: ""exact accepted finite checkpoint identity {{7, 1, 4}, 0, \"Delta\"}"
"PASS: ""pinned accepted finite checkpoint {{7, 1, 4}, 0, \"L0\"}"
"PASS: ""exact accepted finite checkpoint identity {{7, 1, 4}, 0, \"L0\"}"
"PASS: ""pinned accepted finite checkpoint {{7, 1, 4}, 0, \"L1\"}"
"PASS: ""exact accepted finite checkpoint identity {{7, 1, 4}, 0, \"L1\"}"
"PASS: ""pinned accepted finite checkpoint {{7, 1, 4}, 0, \"Regular\"}"
"PASS: ""exact accepted finite checkpoint identity {{7, 1, 4}, 0, \"Regular\"}"
"PASS: ""finite physical component"
"FINITE_COMPONENT_MEMORY "{7, 1, 4}" before "4315280360" after "4315298536
"PASS: ""pinned accepted finite checkpoint {{7, 2, 1}, 1, \"Delta\"}"
"PASS: ""exact accepted finite checkpoint identity {{7, 2, 1}, 1, \"Delta\"}"
"PASS: ""pinned accepted finite checkpoint {{7, 2, 1}, 1, \"L0\"}"
"PASS: ""exact accepted finite checkpoint identity {{7, 2, 1}, 1, \"L0\"}"
"PASS: ""pinned accepted finite checkpoint {{7, 2, 1}, 1, \"L1\"}"
"PASS: ""exact accepted finite checkpoint identity {{7, 2, 1}, 1, \"L1\"}"
"PASS: ""pinned accepted finite checkpoint {{7, 2, 1}, 1, \"Regular\"}"
"PASS: ""exact accepted finite checkpoint identity {{7, 2, 1}, 1, \"Regular\"}"
"PASS: ""pinned accepted finite checkpoint {{7, 2, 1}, -1, \"Delta\"}"
"PASS: ""exact accepted finite checkpoint identity {{7, 2, 1}, -1, \"Delta\"}"
"PASS: ""pinned accepted finite checkpoint {{7, 2, 1}, -1, \"L0\"}"
"PASS: ""exact accepted finite checkpoint identity {{7, 2, 1}, -1, \"L0\"}"
"PASS: ""pinned accepted finite checkpoint {{7, 2, 1}, -1, \"L1\"}"
"PASS: ""exact accepted finite checkpoint identity {{7, 2, 1}, -1, \"L1\"}"
"PASS: ""pinned accepted finite checkpoint {{7, 2, 1}, -1, \"Regular\"}"
"PASS: ""exact accepted finite checkpoint identity {{7, 2, 1}, -1, \"Regular\"}"
"PASS: ""real endpoint branches share a boundary"
"PASS: ""pinned accepted finite checkpoint {{7, 2, 1}, 0, \"Delta\"}"
"PASS: ""exact accepted finite checkpoint identity {{7, 2, 1}, 0, \"Delta\"}"
"PASS: ""pinned accepted finite checkpoint {{7, 2, 1}, 0, \"L0\"}"
"PASS: ""exact accepted finite checkpoint identity {{7, 2, 1}, 0, \"L0\"}"
"PASS: ""pinned accepted finite checkpoint {{7, 2, 1}, 0, \"L1\"}"
"PASS: ""exact accepted finite checkpoint identity {{7, 2, 1}, 0, \"L1\"}"
"PASS: ""pinned accepted finite checkpoint {{7, 2, 1}, 0, \"Regular\"}"
"PASS: ""exact accepted finite checkpoint identity {{7, 2, 1}, 0, \"Regular\"}"
"PASS: ""finite physical component"
"FINITE_COMPONENT_MEMORY "{7, 2, 1}" before "4315298432" after "4315316352
"PASS: ""pinned accepted finite checkpoint {{7, 2, 2}, 1, \"Delta\"}"
"PASS: ""exact accepted finite checkpoint identity {{7, 2, 2}, 1, \"Delta\"}"
"PASS: ""pinned accepted finite checkpoint {{7, 2, 2}, 1, \"L0\"}"
"PASS: ""exact accepted finite checkpoint identity {{7, 2, 2}, 1, \"L0\"}"
"PASS: ""pinned accepted finite checkpoint {{7, 2, 2}, 1, \"L1\"}"
"PASS: ""exact accepted finite checkpoint identity {{7, 2, 2}, 1, \"L1\"}"
"PASS: ""pinned accepted finite checkpoint {{7, 2, 2}, 1, \"Regular\"}"
"PASS: ""exact accepted finite checkpoint identity {{7, 2, 2}, 1, \"Regular\"}"
"PASS: ""pinned accepted finite checkpoint {{7, 2, 2}, -1, \"Delta\"}"
"PASS: ""exact accepted finite checkpoint identity {{7, 2, 2}, -1, \"Delta\"}"
"PASS: ""pinned accepted finite checkpoint {{7, 2, 2}, -1, \"L0\"}"
"PASS: ""exact accepted finite checkpoint identity {{7, 2, 2}, -1, \"L0\"}"
"PASS: ""pinned accepted finite checkpoint {{7, 2, 2}, -1, \"L1\"}"
"PASS: ""exact accepted finite checkpoint identity {{7, 2, 2}, -1, \"L1\"}"
"PASS: ""pinned accepted finite checkpoint {{7, 2, 2}, -1, \"Regular\"}"
"PASS: ""exact accepted finite checkpoint identity {{7, 2, 2}, -1, \"Regular\"}"
"PASS: ""real endpoint branches share a boundary"
"PASS: ""pinned accepted finite checkpoint {{7, 2, 2}, 0, \"Delta\"}"
"PASS: ""exact accepted finite checkpoint identity {{7, 2, 2}, 0, \"Delta\"}"
"PASS: ""pinned accepted finite checkpoint {{7, 2, 2}, 0, \"L0\"}"
"PASS: ""exact accepted finite checkpoint identity {{7, 2, 2}, 0, \"L0\"}"
"PASS: ""pinned accepted finite checkpoint {{7, 2, 2}, 0, \"L1\"}"
"PASS: ""exact accepted finite checkpoint identity {{7, 2, 2}, 0, \"L1\"}"
"PASS: ""pinned accepted finite checkpoint {{7, 2, 2}, 0, \"Regular\"}"
"PASS: ""exact accepted finite checkpoint identity {{7, 2, 2}, 0, \"Regular\"}"
"PASS: ""finite physical component"
"FINITE_COMPONENT_MEMORY "{7, 2, 2}" before "4315316248" after "4315334296
"PASS: ""pinned accepted finite checkpoint {{7, 2, 3}, 1, \"Delta\"}"
"PASS: ""exact accepted finite checkpoint identity {{7, 2, 3}, 1, \"Delta\"}"
"PASS: ""pinned accepted finite checkpoint {{7, 2, 3}, 1, \"L0\"}"
"PASS: ""exact accepted finite checkpoint identity {{7, 2, 3}, 1, \"L0\"}"
"PASS: ""pinned accepted finite checkpoint {{7, 2, 3}, 1, \"L1\"}"
"PASS: ""exact accepted finite checkpoint identity {{7, 2, 3}, 1, \"L1\"}"
"PASS: ""pinned accepted finite checkpoint {{7, 2, 3}, 1, \"Regular\"}"
"PASS: ""exact accepted finite checkpoint identity {{7, 2, 3}, 1, \"Regular\"}"
"PASS: ""pinned accepted finite checkpoint {{7, 2, 3}, -1, \"Delta\"}"
"PASS: ""exact accepted finite checkpoint identity {{7, 2, 3}, -1, \"Delta\"}"
"PASS: ""pinned accepted finite checkpoint {{7, 2, 3}, -1, \"L0\"}"
"PASS: ""exact accepted finite checkpoint identity {{7, 2, 3}, -1, \"L0\"}"
"PASS: ""pinned accepted finite checkpoint {{7, 2, 3}, -1, \"L1\"}"
"PASS: ""exact accepted finite checkpoint identity {{7, 2, 3}, -1, \"L1\"}"
"PASS: ""pinned accepted finite checkpoint {{7, 2, 3}, -1, \"Regular\"}"
"PASS: ""exact accepted finite checkpoint identity {{7, 2, 3}, -1, \"Regular\"}"
"PASS: ""real endpoint branches share a boundary"
"PASS: ""pinned accepted finite checkpoint {{7, 2, 3}, 0, \"Delta\"}"
"PASS: ""exact accepted finite checkpoint identity {{7, 2, 3}, 0, \"Delta\"}"
"PASS: ""pinned accepted finite checkpoint {{7, 2, 3}, 0, \"L0\"}"
"PASS: ""exact accepted finite checkpoint identity {{7, 2, 3}, 0, \"L0\"}"
"PASS: ""pinned accepted finite checkpoint {{7, 2, 3}, 0, \"L1\"}"
"PASS: ""exact accepted finite checkpoint identity {{7, 2, 3}, 0, \"L1\"}"
"PASS: ""pinned accepted finite checkpoint {{7, 2, 3}, 0, \"Regular\"}"
"PASS: ""exact accepted finite checkpoint identity {{7, 2, 3}, 0, \"Regular\"}"
"PASS: ""finite physical component"
"FINITE_COMPONENT_MEMORY "{7, 2, 3}" before "4315334192" after "4315352280
"PASS: ""pinned accepted finite checkpoint {{7, 2, 4}, 1, \"Delta\"}"
"PASS: ""exact accepted finite checkpoint identity {{7, 2, 4}, 1, \"Delta\"}"
"PASS: ""pinned accepted finite checkpoint {{7, 2, 4}, 1, \"L0\"}"
"PASS: ""exact accepted finite checkpoint identity {{7, 2, 4}, 1, \"L0\"}"
"PASS: ""pinned accepted finite checkpoint {{7, 2, 4}, 1, \"L1\"}"
"PASS: ""exact accepted finite checkpoint identity {{7, 2, 4}, 1, \"L1\"}"
"PASS: ""pinned accepted finite checkpoint {{7, 2, 4}, 1, \"Regular\"}"
"PASS: ""exact accepted finite checkpoint identity {{7, 2, 4}, 1, \"Regular\"}"
"PASS: ""pinned accepted finite checkpoint {{7, 2, 4}, -1, \"Delta\"}"
"PASS: ""exact accepted finite checkpoint identity {{7, 2, 4}, -1, \"Delta\"}"
"PASS: ""pinned accepted finite checkpoint {{7, 2, 4}, -1, \"L0\"}"
"PASS: ""exact accepted finite checkpoint identity {{7, 2, 4}, -1, \"L0\"}"
"PASS: ""pinned accepted finite checkpoint {{7, 2, 4}, -1, \"L1\"}"
"PASS: ""exact accepted finite checkpoint identity {{7, 2, 4}, -1, \"L1\"}"
"PASS: ""pinned accepted finite checkpoint {{7, 2, 4}, -1, \"Regular\"}"
"PASS: ""exact accepted finite checkpoint identity {{7, 2, 4}, -1, \"Regular\"}"
"PASS: ""real endpoint branches share a boundary"
"PASS: ""pinned accepted finite checkpoint {{7, 2, 4}, 0, \"Delta\"}"
"PASS: ""exact accepted finite checkpoint identity {{7, 2, 4}, 0, \"Delta\"}"
"PASS: ""pinned accepted finite checkpoint {{7, 2, 4}, 0, \"L0\"}"
"PASS: ""exact accepted finite checkpoint identity {{7, 2, 4}, 0, \"L0\"}"
"PASS: ""pinned accepted finite checkpoint {{7, 2, 4}, 0, \"L1\"}"
"PASS: ""exact accepted finite checkpoint identity {{7, 2, 4}, 0, \"L1\"}"
"PASS: ""pinned accepted finite checkpoint {{7, 2, 4}, 0, \"Regular\"}"
"PASS: ""exact accepted finite checkpoint identity {{7, 2, 4}, 0, \"Regular\"}"
"PASS: ""finite physical component"
"FINITE_COMPONENT_MEMORY "{7, 2, 4}" before "4315352176" after "4315369984
"PASS: ""pinned accepted finite checkpoint {{7, 3, 1}, 1, \"Delta\"}"
"PASS: ""exact accepted finite checkpoint identity {{7, 3, 1}, 1, \"Delta\"}"
"PASS: ""pinned accepted finite checkpoint {{7, 3, 1}, 1, \"L0\"}"
"PASS: ""exact accepted finite checkpoint identity {{7, 3, 1}, 1, \"L0\"}"
"PASS: ""pinned accepted finite checkpoint {{7, 3, 1}, 1, \"L1\"}"
"PASS: ""exact accepted finite checkpoint identity {{7, 3, 1}, 1, \"L1\"}"
"PASS: ""pinned accepted finite checkpoint {{7, 3, 1}, 1, \"Regular\"}"
"PASS: ""exact accepted finite checkpoint identity {{7, 3, 1}, 1, \"Regular\"}"
"PASS: ""pinned accepted finite checkpoint {{7, 3, 1}, -1, \"Delta\"}"
"PASS: ""exact accepted finite checkpoint identity {{7, 3, 1}, -1, \"Delta\"}"
"PASS: ""pinned accepted finite checkpoint {{7, 3, 1}, -1, \"L0\"}"
"PASS: ""exact accepted finite checkpoint identity {{7, 3, 1}, -1, \"L0\"}"
"PASS: ""pinned accepted finite checkpoint {{7, 3, 1}, -1, \"L1\"}"
"PASS: ""exact accepted finite checkpoint identity {{7, 3, 1}, -1, \"L1\"}"
"PASS: ""pinned accepted finite checkpoint {{7, 3, 1}, -1, \"Regular\"}"
"PASS: ""exact accepted finite checkpoint identity {{7, 3, 1}, -1, \"Regular\"}"
"PASS: ""real endpoint branches share a boundary"
"PASS: ""pinned accepted finite checkpoint {{7, 3, 1}, 0, \"Delta\"}"
"PASS: ""exact accepted finite checkpoint identity {{7, 3, 1}, 0, \"Delta\"}"
"PASS: ""pinned accepted finite checkpoint {{7, 3, 1}, 0, \"L0\"}"
"PASS: ""exact accepted finite checkpoint identity {{7, 3, 1}, 0, \"L0\"}"
"PASS: ""pinned accepted finite checkpoint {{7, 3, 1}, 0, \"L1\"}"
"PASS: ""exact accepted finite checkpoint identity {{7, 3, 1}, 0, \"L1\"}"
"PASS: ""pinned accepted finite checkpoint {{7, 3, 1}, 0, \"Regular\"}"
"PASS: ""exact accepted finite checkpoint identity {{7, 3, 1}, 0, \"Regular\"}"
"PASS: ""finite physical component"
"FINITE_COMPONENT_MEMORY "{7, 3, 1}" before "4315369880" after "4315387984
"PASS: ""pinned accepted finite checkpoint {{7, 3, 2}, 1, \"Delta\"}"
"PASS: ""exact accepted finite checkpoint identity {{7, 3, 2}, 1, \"Delta\"}"
"PASS: ""pinned accepted finite checkpoint {{7, 3, 2}, 1, \"L0\"}"
"PASS: ""exact accepted finite checkpoint identity {{7, 3, 2}, 1, \"L0\"}"
"PASS: ""pinned accepted finite checkpoint {{7, 3, 2}, 1, \"L1\"}"
"PASS: ""exact accepted finite checkpoint identity {{7, 3, 2}, 1, \"L1\"}"
"PASS: ""pinned accepted finite checkpoint {{7, 3, 2}, 1, \"Regular\"}"
"PASS: ""exact accepted finite checkpoint identity {{7, 3, 2}, 1, \"Regular\"}"
"PASS: ""pinned accepted finite checkpoint {{7, 3, 2}, -1, \"Delta\"}"
"PASS: ""exact accepted finite checkpoint identity {{7, 3, 2}, -1, \"Delta\"}"
"PASS: ""pinned accepted finite checkpoint {{7, 3, 2}, -1, \"L0\"}"
"PASS: ""exact accepted finite checkpoint identity {{7, 3, 2}, -1, \"L0\"}"
"PASS: ""pinned accepted finite checkpoint {{7, 3, 2}, -1, \"L1\"}"
"PASS: ""exact accepted finite checkpoint identity {{7, 3, 2}, -1, \"L1\"}"
"PASS: ""pinned accepted finite checkpoint {{7, 3, 2}, -1, \"Regular\"}"
"PASS: ""exact accepted finite checkpoint identity {{7, 3, 2}, -1, \"Regular\"}"
"PASS: ""real endpoint branches share a boundary"
"PASS: ""pinned accepted finite checkpoint {{7, 3, 2}, 0, \"Delta\"}"
"PASS: ""exact accepted finite checkpoint identity {{7, 3, 2}, 0, \"Delta\"}"
"PASS: ""pinned accepted finite checkpoint {{7, 3, 2}, 0, \"L0\"}"
"PASS: ""exact accepted finite checkpoint identity {{7, 3, 2}, 0, \"L0\"}"
"PASS: ""pinned accepted finite checkpoint {{7, 3, 2}, 0, \"L1\"}"
"PASS: ""exact accepted finite checkpoint identity {{7, 3, 2}, 0, \"L1\"}"
"PASS: ""pinned accepted finite checkpoint {{7, 3, 2}, 0, \"Regular\"}"
"PASS: ""exact accepted finite checkpoint identity {{7, 3, 2}, 0, \"Regular\"}"
"PASS: ""finite physical component"
"FINITE_COMPONENT_MEMORY "{7, 3, 2}" before "4315387880" after "4315406000
"PASS: ""pinned accepted finite checkpoint {{7, 3, 3}, 1, \"Delta\"}"
"PASS: ""exact accepted finite checkpoint identity {{7, 3, 3}, 1, \"Delta\"}"
"PASS: ""pinned accepted finite checkpoint {{7, 3, 3}, 1, \"L0\"}"
"PASS: ""exact accepted finite checkpoint identity {{7, 3, 3}, 1, \"L0\"}"
"PASS: ""pinned accepted finite checkpoint {{7, 3, 3}, 1, \"L1\"}"
"PASS: ""exact accepted finite checkpoint identity {{7, 3, 3}, 1, \"L1\"}"
"PASS: ""pinned accepted finite checkpoint {{7, 3, 3}, 1, \"Regular\"}"
"PASS: ""exact accepted finite checkpoint identity {{7, 3, 3}, 1, \"Regular\"}"
"PASS: ""pinned accepted finite checkpoint {{7, 3, 3}, -1, \"Delta\"}"
"PASS: ""exact accepted finite checkpoint identity {{7, 3, 3}, -1, \"Delta\"}"
"PASS: ""pinned accepted finite checkpoint {{7, 3, 3}, -1, \"L0\"}"
"PASS: ""exact accepted finite checkpoint identity {{7, 3, 3}, -1, \"L0\"}"
"PASS: ""pinned accepted finite checkpoint {{7, 3, 3}, -1, \"L1\"}"
"PASS: ""exact accepted finite checkpoint identity {{7, 3, 3}, -1, \"L1\"}"
"PASS: ""pinned accepted finite checkpoint {{7, 3, 3}, -1, \"Regular\"}"
"PASS: ""exact accepted finite checkpoint identity {{7, 3, 3}, -1, \"Regular\"}"
"PASS: ""real endpoint branches share a boundary"
"PASS: ""pinned accepted finite checkpoint {{7, 3, 3}, 0, \"Delta\"}"
"PASS: ""exact accepted finite checkpoint identity {{7, 3, 3}, 0, \"Delta\"}"
"PASS: ""pinned accepted finite checkpoint {{7, 3, 3}, 0, \"L0\"}"
"PASS: ""exact accepted finite checkpoint identity {{7, 3, 3}, 0, \"L0\"}"
"PASS: ""pinned accepted finite checkpoint {{7, 3, 3}, 0, \"L1\"}"
"PASS: ""exact accepted finite checkpoint identity {{7, 3, 3}, 0, \"L1\"}"
"PASS: ""pinned accepted finite checkpoint {{7, 3, 3}, 0, \"Regular\"}"
"PASS: ""exact accepted finite checkpoint identity {{7, 3, 3}, 0, \"Regular\"}"
"PASS: ""finite physical component"
"FINITE_COMPONENT_MEMORY "{7, 3, 3}" before "4315405896" after "4315423960
"PASS: ""pinned accepted finite checkpoint {{7, 3, 4}, 1, \"Delta\"}"
"PASS: ""exact accepted finite checkpoint identity {{7, 3, 4}, 1, \"Delta\"}"
"PASS: ""pinned accepted finite checkpoint {{7, 3, 4}, 1, \"L0\"}"
"PASS: ""exact accepted finite checkpoint identity {{7, 3, 4}, 1, \"L0\"}"
"PASS: ""pinned accepted finite checkpoint {{7, 3, 4}, 1, \"L1\"}"
"PASS: ""exact accepted finite checkpoint identity {{7, 3, 4}, 1, \"L1\"}"
"PASS: ""pinned accepted finite checkpoint {{7, 3, 4}, 1, \"Regular\"}"
"PASS: ""exact accepted finite checkpoint identity {{7, 3, 4}, 1, \"Regular\"}"
"PASS: ""pinned accepted finite checkpoint {{7, 3, 4}, -1, \"Delta\"}"
"PASS: ""exact accepted finite checkpoint identity {{7, 3, 4}, -1, \"Delta\"}"
"PASS: ""pinned accepted finite checkpoint {{7, 3, 4}, -1, \"L0\"}"
"PASS: ""exact accepted finite checkpoint identity {{7, 3, 4}, -1, \"L0\"}"
"PASS: ""pinned accepted finite checkpoint {{7, 3, 4}, -1, \"L1\"}"
"PASS: ""exact accepted finite checkpoint identity {{7, 3, 4}, -1, \"L1\"}"
"PASS: ""pinned accepted finite checkpoint {{7, 3, 4}, -1, \"Regular\"}"
"PASS: ""exact accepted finite checkpoint identity {{7, 3, 4}, -1, \"Regular\"}"
"PASS: ""real endpoint branches share a boundary"
"PASS: ""pinned accepted finite checkpoint {{7, 3, 4}, 0, \"Delta\"}"
"PASS: ""exact accepted finite checkpoint identity {{7, 3, 4}, 0, \"Delta\"}"
"PASS: ""pinned accepted finite checkpoint {{7, 3, 4}, 0, \"L0\"}"
"PASS: ""exact accepted finite checkpoint identity {{7, 3, 4}, 0, \"L0\"}"
"PASS: ""pinned accepted finite checkpoint {{7, 3, 4}, 0, \"L1\"}"
"PASS: ""exact accepted finite checkpoint identity {{7, 3, 4}, 0, \"L1\"}"
"PASS: ""pinned accepted finite checkpoint {{7, 3, 4}, 0, \"Regular\"}"
"PASS: ""exact accepted finite checkpoint identity {{7, 3, 4}, 0, \"Regular\"}"
"PASS: ""finite physical component"
"FINITE_COMPONENT_MEMORY "{7, 3, 4}" before "4315423856" after "4318976552
"PASS: ""pinned accepted finite checkpoint {{7, 4, 1}, 1, \"Delta\"}"
"PASS: ""exact accepted finite checkpoint identity {{7, 4, 1}, 1, \"Delta\"}"
"PASS: ""pinned accepted finite checkpoint {{7, 4, 1}, 1, \"L0\"}"
"PASS: ""exact accepted finite checkpoint identity {{7, 4, 1}, 1, \"L0\"}"
"PASS: ""pinned accepted finite checkpoint {{7, 4, 1}, 1, \"L1\"}"
"PASS: ""exact accepted finite checkpoint identity {{7, 4, 1}, 1, \"L1\"}"
"PASS: ""pinned accepted finite checkpoint {{7, 4, 1}, 1, \"Regular\"}"
"PASS: ""exact accepted finite checkpoint identity {{7, 4, 1}, 1, \"Regular\"}"
"PASS: ""pinned accepted finite checkpoint {{7, 4, 1}, -1, \"Delta\"}"
"PASS: ""exact accepted finite checkpoint identity {{7, 4, 1}, -1, \"Delta\"}"
"PASS: ""pinned accepted finite checkpoint {{7, 4, 1}, -1, \"L0\"}"
"PASS: ""exact accepted finite checkpoint identity {{7, 4, 1}, -1, \"L0\"}"
"PASS: ""pinned accepted finite checkpoint {{7, 4, 1}, -1, \"L1\"}"
"PASS: ""exact accepted finite checkpoint identity {{7, 4, 1}, -1, \"L1\"}"
"PASS: ""pinned accepted finite checkpoint {{7, 4, 1}, -1, \"Regular\"}"
"PASS: ""exact accepted finite checkpoint identity {{7, 4, 1}, -1, \"Regular\"}"
"PASS: ""real endpoint branches share a boundary"
"PASS: ""pinned accepted finite checkpoint {{7, 4, 1}, 0, \"Delta\"}"
"PASS: ""exact accepted finite checkpoint identity {{7, 4, 1}, 0, \"Delta\"}"
"PASS: ""pinned accepted finite checkpoint {{7, 4, 1}, 0, \"L0\"}"
"PASS: ""exact accepted finite checkpoint identity {{7, 4, 1}, 0, \"L0\"}"
"PASS: ""pinned accepted finite checkpoint {{7, 4, 1}, 0, \"L1\"}"
"PASS: ""exact accepted finite checkpoint identity {{7, 4, 1}, 0, \"L1\"}"
"PASS: ""pinned accepted finite checkpoint {{7, 4, 1}, 0, \"Regular\"}"
"PASS: ""exact accepted finite checkpoint identity {{7, 4, 1}, 0, \"Regular\"}"
"PASS: ""finite physical component"
"FINITE_COMPONENT_MEMORY "{7, 4, 1}" before "4318976448" after "4318994584
"PASS: ""pinned accepted finite checkpoint {{7, 4, 2}, 1, \"Delta\"}"
"PASS: ""exact accepted finite checkpoint identity {{7, 4, 2}, 1, \"Delta\"}"
"PASS: ""pinned accepted finite checkpoint {{7, 4, 2}, 1, \"L0\"}"
"PASS: ""exact accepted finite checkpoint identity {{7, 4, 2}, 1, \"L0\"}"
"PASS: ""pinned accepted finite checkpoint {{7, 4, 2}, 1, \"L1\"}"
"PASS: ""exact accepted finite checkpoint identity {{7, 4, 2}, 1, \"L1\"}"
"PASS: ""pinned accepted finite checkpoint {{7, 4, 2}, 1, \"Regular\"}"
"PASS: ""exact accepted finite checkpoint identity {{7, 4, 2}, 1, \"Regular\"}"
"PASS: ""pinned accepted finite checkpoint {{7, 4, 2}, -1, \"Delta\"}"
"PASS: ""exact accepted finite checkpoint identity {{7, 4, 2}, -1, \"Delta\"}"
"PASS: ""pinned accepted finite checkpoint {{7, 4, 2}, -1, \"L0\"}"
"PASS: ""exact accepted finite checkpoint identity {{7, 4, 2}, -1, \"L0\"}"
"PASS: ""pinned accepted finite checkpoint {{7, 4, 2}, -1, \"L1\"}"
"PASS: ""exact accepted finite checkpoint identity {{7, 4, 2}, -1, \"L1\"}"
"PASS: ""pinned accepted finite checkpoint {{7, 4, 2}, -1, \"Regular\"}"
"PASS: ""exact accepted finite checkpoint identity {{7, 4, 2}, -1, \"Regular\"}"
"PASS: ""real endpoint branches share a boundary"
"PASS: ""pinned accepted finite checkpoint {{7, 4, 2}, 0, \"Delta\"}"
"PASS: ""exact accepted finite checkpoint identity {{7, 4, 2}, 0, \"Delta\"}"
"PASS: ""pinned accepted finite checkpoint {{7, 4, 2}, 0, \"L0\"}"
"PASS: ""exact accepted finite checkpoint identity {{7, 4, 2}, 0, \"L0\"}"
"PASS: ""pinned accepted finite checkpoint {{7, 4, 2}, 0, \"L1\"}"
"PASS: ""exact accepted finite checkpoint identity {{7, 4, 2}, 0, \"L1\"}"
"PASS: ""pinned accepted finite checkpoint {{7, 4, 2}, 0, \"Regular\"}"
"PASS: ""exact accepted finite checkpoint identity {{7, 4, 2}, 0, \"Regular\"}"
"PASS: ""finite physical component"
"FINITE_COMPONENT_MEMORY "{7, 4, 2}" before "4318994480" after "4319012600
"PASS: ""pinned accepted finite checkpoint {{7, 4, 3}, 1, \"Delta\"}"
"PASS: ""exact accepted finite checkpoint identity {{7, 4, 3}, 1, \"Delta\"}"
"PASS: ""pinned accepted finite checkpoint {{7, 4, 3}, 1, \"L0\"}"
"PASS: ""exact accepted finite checkpoint identity {{7, 4, 3}, 1, \"L0\"}"
"PASS: ""pinned accepted finite checkpoint {{7, 4, 3}, 1, \"L1\"}"
"PASS: ""exact accepted finite checkpoint identity {{7, 4, 3}, 1, \"L1\"}"
"PASS: ""pinned accepted finite checkpoint {{7, 4, 3}, 1, \"Regular\"}"
"PASS: ""exact accepted finite checkpoint identity {{7, 4, 3}, 1, \"Regular\"}"
"PASS: ""pinned accepted finite checkpoint {{7, 4, 3}, -1, \"Delta\"}"
"PASS: ""exact accepted finite checkpoint identity {{7, 4, 3}, -1, \"Delta\"}"
"PASS: ""pinned accepted finite checkpoint {{7, 4, 3}, -1, \"L0\"}"
"PASS: ""exact accepted finite checkpoint identity {{7, 4, 3}, -1, \"L0\"}"
"PASS: ""pinned accepted finite checkpoint {{7, 4, 3}, -1, \"L1\"}"
"PASS: ""exact accepted finite checkpoint identity {{7, 4, 3}, -1, \"L1\"}"
"PASS: ""pinned accepted finite checkpoint {{7, 4, 3}, -1, \"Regular\"}"
"PASS: ""exact accepted finite checkpoint identity {{7, 4, 3}, -1, \"Regular\"}"
"PASS: ""real endpoint branches share a boundary"
"PASS: ""pinned accepted finite checkpoint {{7, 4, 3}, 0, \"Delta\"}"
"PASS: ""exact accepted finite checkpoint identity {{7, 4, 3}, 0, \"Delta\"}"
"PASS: ""pinned accepted finite checkpoint {{7, 4, 3}, 0, \"L0\"}"
"PASS: ""exact accepted finite checkpoint identity {{7, 4, 3}, 0, \"L0\"}"
"PASS: ""pinned accepted finite checkpoint {{7, 4, 3}, 0, \"L1\"}"
"PASS: ""exact accepted finite checkpoint identity {{7, 4, 3}, 0, \"L1\"}"
"PASS: ""pinned accepted finite checkpoint {{7, 4, 3}, 0, \"Regular\"}"
"PASS: ""exact accepted finite checkpoint identity {{7, 4, 3}, 0, \"Regular\"}"
"PASS: ""finite physical component"
"FINITE_COMPONENT_MEMORY "{7, 4, 3}" before "4319012496" after "4328021560
"PASS: ""pinned accepted finite checkpoint {{7, 4, 4}, 1, \"Delta\"}"
"PASS: ""exact accepted finite checkpoint identity {{7, 4, 4}, 1, \"Delta\"}"
"PASS: ""pinned accepted finite checkpoint {{7, 4, 4}, 1, \"L0\"}"
"PASS: ""exact accepted finite checkpoint identity {{7, 4, 4}, 1, \"L0\"}"
"PASS: ""pinned accepted finite checkpoint {{7, 4, 4}, 1, \"L1\"}"
"PASS: ""exact accepted finite checkpoint identity {{7, 4, 4}, 1, \"L1\"}"
"PASS: ""pinned accepted finite checkpoint {{7, 4, 4}, 1, \"Regular\"}"
"PASS: ""exact accepted finite checkpoint identity {{7, 4, 4}, 1, \"Regular\"}"
"PASS: ""pinned accepted finite checkpoint {{7, 4, 4}, -1, \"Delta\"}"
"PASS: ""exact accepted finite checkpoint identity {{7, 4, 4}, -1, \"Delta\"}"
"PASS: ""pinned accepted finite checkpoint {{7, 4, 4}, -1, \"L0\"}"
"PASS: ""exact accepted finite checkpoint identity {{7, 4, 4}, -1, \"L0\"}"
"PASS: ""pinned accepted finite checkpoint {{7, 4, 4}, -1, \"L1\"}"
"PASS: ""exact accepted finite checkpoint identity {{7, 4, 4}, -1, \"L1\"}"
"PASS: ""pinned accepted finite checkpoint {{7, 4, 4}, -1, \"Regular\"}"
"PASS: ""exact accepted finite checkpoint identity {{7, 4, 4}, -1, \"Regular\"}"
"PASS: ""real endpoint branches share a boundary"
"PASS: ""pinned accepted finite checkpoint {{7, 4, 4}, 0, \"Delta\"}"
"PASS: ""exact accepted finite checkpoint identity {{7, 4, 4}, 0, \"Delta\"}"
"PASS: ""pinned accepted finite checkpoint {{7, 4, 4}, 0, \"L0\"}"
"PASS: ""exact accepted finite checkpoint identity {{7, 4, 4}, 0, \"L0\"}"
"PASS: ""pinned accepted finite checkpoint {{7, 4, 4}, 0, \"L1\"}"
"PASS: ""exact accepted finite checkpoint identity {{7, 4, 4}, 0, \"L1\"}"
"PASS: ""pinned accepted finite checkpoint {{7, 4, 4}, 0, \"Regular\"}"
"PASS: ""exact accepted finite checkpoint identity {{7, 4, 4}, 0, \"Regular\"}"
"PASS: ""finite physical component"
"FINITE_COMPONENT_MEMORY "{7, 4, 4}" before "4328021456" after "4328039688
"PASS: ""pinned accepted finite checkpoint {{8, 1, 1}, 1, \"Delta\"}"
"PASS: ""exact accepted finite checkpoint identity {{8, 1, 1}, 1, \"Delta\"}"
"PASS: ""pinned accepted finite checkpoint {{8, 1, 1}, 1, \"L0\"}"
"PASS: ""exact accepted finite checkpoint identity {{8, 1, 1}, 1, \"L0\"}"
"PASS: ""pinned accepted finite checkpoint {{8, 1, 1}, 1, \"L1\"}"
"PASS: ""exact accepted finite checkpoint identity {{8, 1, 1}, 1, \"L1\"}"
"PASS: ""pinned accepted finite checkpoint {{8, 1, 1}, 1, \"Regular\"}"
"PASS: ""exact accepted finite checkpoint identity {{8, 1, 1}, 1, \"Regular\"}"
"PASS: ""pinned accepted finite checkpoint {{8, 1, 1}, -1, \"Delta\"}"
"PASS: ""exact accepted finite checkpoint identity {{8, 1, 1}, -1, \"Delta\"}"
"PASS: ""pinned accepted finite checkpoint {{8, 1, 1}, -1, \"L0\"}"
"PASS: ""exact accepted finite checkpoint identity {{8, 1, 1}, -1, \"L0\"}"
"PASS: ""pinned accepted finite checkpoint {{8, 1, 1}, -1, \"L1\"}"
"PASS: ""exact accepted finite checkpoint identity {{8, 1, 1}, -1, \"L1\"}"
"PASS: ""pinned accepted finite checkpoint {{8, 1, 1}, -1, \"Regular\"}"
"PASS: ""exact accepted finite checkpoint identity {{8, 1, 1}, -1, \"Regular\"}"
"PASS: ""real endpoint branches share a boundary"
"PASS: ""pinned accepted finite checkpoint {{8, 1, 1}, 0, \"Delta\"}"
"PASS: ""exact accepted finite checkpoint identity {{8, 1, 1}, 0, \"Delta\"}"
"PASS: ""pinned accepted finite checkpoint {{8, 1, 1}, 0, \"L0\"}"
"PASS: ""exact accepted finite checkpoint identity {{8, 1, 1}, 0, \"L0\"}"
"PASS: ""pinned accepted finite checkpoint {{8, 1, 1}, 0, \"L1\"}"
"PASS: ""exact accepted finite checkpoint identity {{8, 1, 1}, 0, \"L1\"}"
"PASS: ""pinned accepted finite checkpoint {{8, 1, 1}, 0, \"Regular\"}"
"PASS: ""exact accepted finite checkpoint identity {{8, 1, 1}, 0, \"Regular\"}"
"PASS: ""finite physical component"
"FINITE_COMPONENT_MEMORY "{8, 1, 1}" before "4328039584" after "4328057872
"PASS: ""pinned accepted finite checkpoint {{8, 1, 2}, 1, \"Delta\"}"
"PASS: ""exact accepted finite checkpoint identity {{8, 1, 2}, 1, \"Delta\"}"
"PASS: ""pinned accepted finite checkpoint {{8, 1, 2}, 1, \"L0\"}"
"PASS: ""exact accepted finite checkpoint identity {{8, 1, 2}, 1, \"L0\"}"
"PASS: ""pinned accepted finite checkpoint {{8, 1, 2}, 1, \"L1\"}"
"PASS: ""exact accepted finite checkpoint identity {{8, 1, 2}, 1, \"L1\"}"
"PASS: ""pinned accepted finite checkpoint {{8, 1, 2}, 1, \"Regular\"}"
"PASS: ""exact accepted finite checkpoint identity {{8, 1, 2}, 1, \"Regular\"}"
"PASS: ""pinned accepted finite checkpoint {{8, 1, 2}, -1, \"Delta\"}"
"PASS: ""exact accepted finite checkpoint identity {{8, 1, 2}, -1, \"Delta\"}"
"PASS: ""pinned accepted finite checkpoint {{8, 1, 2}, -1, \"L0\"}"
"PASS: ""exact accepted finite checkpoint identity {{8, 1, 2}, -1, \"L0\"}"
"PASS: ""pinned accepted finite checkpoint {{8, 1, 2}, -1, \"L1\"}"
"PASS: ""exact accepted finite checkpoint identity {{8, 1, 2}, -1, \"L1\"}"
"PASS: ""pinned accepted finite checkpoint {{8, 1, 2}, -1, \"Regular\"}"
"PASS: ""exact accepted finite checkpoint identity {{8, 1, 2}, -1, \"Regular\"}"
"PASS: ""real endpoint branches share a boundary"
"PASS: ""pinned accepted finite checkpoint {{8, 1, 2}, 0, \"Delta\"}"
"PASS: ""exact accepted finite checkpoint identity {{8, 1, 2}, 0, \"Delta\"}"
"PASS: ""pinned accepted finite checkpoint {{8, 1, 2}, 0, \"L0\"}"
"PASS: ""exact accepted finite checkpoint identity {{8, 1, 2}, 0, \"L0\"}"
"PASS: ""pinned accepted finite checkpoint {{8, 1, 2}, 0, \"L1\"}"
"PASS: ""exact accepted finite checkpoint identity {{8, 1, 2}, 0, \"L1\"}"
"PASS: ""pinned accepted finite checkpoint {{8, 1, 2}, 0, \"Regular\"}"
"PASS: ""exact accepted finite checkpoint identity {{8, 1, 2}, 0, \"Regular\"}"
"PASS: ""finite physical component"
"FINITE_COMPONENT_MEMORY "{8, 1, 2}" before "4328057768" after "4328075760
"PASS: ""pinned accepted finite checkpoint {{8, 1, 3}, 1, \"Delta\"}"
"PASS: ""exact accepted finite checkpoint identity {{8, 1, 3}, 1, \"Delta\"}"
"PASS: ""pinned accepted finite checkpoint {{8, 1, 3}, 1, \"L0\"}"
"PASS: ""exact accepted finite checkpoint identity {{8, 1, 3}, 1, \"L0\"}"
"PASS: ""pinned accepted finite checkpoint {{8, 1, 3}, 1, \"L1\"}"
"PASS: ""exact accepted finite checkpoint identity {{8, 1, 3}, 1, \"L1\"}"
"PASS: ""pinned accepted finite checkpoint {{8, 1, 3}, 1, \"Regular\"}"
"PASS: ""exact accepted finite checkpoint identity {{8, 1, 3}, 1, \"Regular\"}"
"PASS: ""pinned accepted finite checkpoint {{8, 1, 3}, -1, \"Delta\"}"
"PASS: ""exact accepted finite checkpoint identity {{8, 1, 3}, -1, \"Delta\"}"
"PASS: ""pinned accepted finite checkpoint {{8, 1, 3}, -1, \"L0\"}"
"PASS: ""exact accepted finite checkpoint identity {{8, 1, 3}, -1, \"L0\"}"
"PASS: ""pinned accepted finite checkpoint {{8, 1, 3}, -1, \"L1\"}"
"PASS: ""exact accepted finite checkpoint identity {{8, 1, 3}, -1, \"L1\"}"
"PASS: ""pinned accepted finite checkpoint {{8, 1, 3}, -1, \"Regular\"}"
"PASS: ""exact accepted finite checkpoint identity {{8, 1, 3}, -1, \"Regular\"}"
"PASS: ""real endpoint branches share a boundary"
"PASS: ""pinned accepted finite checkpoint {{8, 1, 3}, 0, \"Delta\"}"
"PASS: ""exact accepted finite checkpoint identity {{8, 1, 3}, 0, \"Delta\"}"
"PASS: ""pinned accepted finite checkpoint {{8, 1, 3}, 0, \"L0\"}"
"PASS: ""exact accepted finite checkpoint identity {{8, 1, 3}, 0, \"L0\"}"
"PASS: ""pinned accepted finite checkpoint {{8, 1, 3}, 0, \"L1\"}"
"PASS: ""exact accepted finite checkpoint identity {{8, 1, 3}, 0, \"L1\"}"
"PASS: ""pinned accepted finite checkpoint {{8, 1, 3}, 0, \"Regular\"}"
"PASS: ""exact accepted finite checkpoint identity {{8, 1, 3}, 0, \"Regular\"}"
"PASS: ""finite physical component"
"FINITE_COMPONENT_MEMORY "{8, 1, 3}" before "4328075656" after "4328093648
"PASS: ""pinned accepted finite checkpoint {{8, 1, 4}, 1, \"Delta\"}"
"PASS: ""exact accepted finite checkpoint identity {{8, 1, 4}, 1, \"Delta\"}"
"PASS: ""pinned accepted finite checkpoint {{8, 1, 4}, 1, \"L0\"}"
"PASS: ""exact accepted finite checkpoint identity {{8, 1, 4}, 1, \"L0\"}"
"PASS: ""pinned accepted finite checkpoint {{8, 1, 4}, 1, \"L1\"}"
"PASS: ""exact accepted finite checkpoint identity {{8, 1, 4}, 1, \"L1\"}"
"PASS: ""pinned accepted finite checkpoint {{8, 1, 4}, 1, \"Regular\"}"
"PASS: ""exact accepted finite checkpoint identity {{8, 1, 4}, 1, \"Regular\"}"
"PASS: ""pinned accepted finite checkpoint {{8, 1, 4}, -1, \"Delta\"}"
"PASS: ""exact accepted finite checkpoint identity {{8, 1, 4}, -1, \"Delta\"}"
"PASS: ""pinned accepted finite checkpoint {{8, 1, 4}, -1, \"L0\"}"
"PASS: ""exact accepted finite checkpoint identity {{8, 1, 4}, -1, \"L0\"}"
"PASS: ""pinned accepted finite checkpoint {{8, 1, 4}, -1, \"L1\"}"
"PASS: ""exact accepted finite checkpoint identity {{8, 1, 4}, -1, \"L1\"}"
"PASS: ""pinned accepted finite checkpoint {{8, 1, 4}, -1, \"Regular\"}"
"PASS: ""exact accepted finite checkpoint identity {{8, 1, 4}, -1, \"Regular\"}"
"PASS: ""real endpoint branches share a boundary"
"PASS: ""pinned accepted finite checkpoint {{8, 1, 4}, 0, \"Delta\"}"
"PASS: ""exact accepted finite checkpoint identity {{8, 1, 4}, 0, \"Delta\"}"
"PASS: ""pinned accepted finite checkpoint {{8, 1, 4}, 0, \"L0\"}"
"PASS: ""exact accepted finite checkpoint identity {{8, 1, 4}, 0, \"L0\"}"
"PASS: ""pinned accepted finite checkpoint {{8, 1, 4}, 0, \"L1\"}"
"PASS: ""exact accepted finite checkpoint identity {{8, 1, 4}, 0, \"L1\"}"
"PASS: ""pinned accepted finite checkpoint {{8, 1, 4}, 0, \"Regular\"}"
"PASS: ""exact accepted finite checkpoint identity {{8, 1, 4}, 0, \"Regular\"}"
"PASS: ""finite physical component"
"FINITE_COMPONENT_MEMORY "{8, 1, 4}" before "4328093544" after "4336392792
"PASS: ""pinned accepted finite checkpoint {{8, 2, 1}, 1, \"Delta\"}"
"PASS: ""exact accepted finite checkpoint identity {{8, 2, 1}, 1, \"Delta\"}"
"PASS: ""pinned accepted finite checkpoint {{8, 2, 1}, 1, \"L0\"}"
"PASS: ""exact accepted finite checkpoint identity {{8, 2, 1}, 1, \"L0\"}"
"PASS: ""pinned accepted finite checkpoint {{8, 2, 1}, 1, \"L1\"}"
"PASS: ""exact accepted finite checkpoint identity {{8, 2, 1}, 1, \"L1\"}"
"PASS: ""pinned accepted finite checkpoint {{8, 2, 1}, 1, \"Regular\"}"
"PASS: ""exact accepted finite checkpoint identity {{8, 2, 1}, 1, \"Regular\"}"
"PASS: ""pinned accepted finite checkpoint {{8, 2, 1}, -1, \"Delta\"}"
"PASS: ""exact accepted finite checkpoint identity {{8, 2, 1}, -1, \"Delta\"}"
"PASS: ""pinned accepted finite checkpoint {{8, 2, 1}, -1, \"L0\"}"
"PASS: ""exact accepted finite checkpoint identity {{8, 2, 1}, -1, \"L0\"}"
"PASS: ""pinned accepted finite checkpoint {{8, 2, 1}, -1, \"L1\"}"
"PASS: ""exact accepted finite checkpoint identity {{8, 2, 1}, -1, \"L1\"}"
"PASS: ""pinned accepted finite checkpoint {{8, 2, 1}, -1, \"Regular\"}"
"PASS: ""exact accepted finite checkpoint identity {{8, 2, 1}, -1, \"Regular\"}"
"PASS: ""real endpoint branches share a boundary"
"PASS: ""pinned accepted finite checkpoint {{8, 2, 1}, 0, \"Delta\"}"
"PASS: ""exact accepted finite checkpoint identity {{8, 2, 1}, 0, \"Delta\"}"
"PASS: ""pinned accepted finite checkpoint {{8, 2, 1}, 0, \"L0\"}"
"PASS: ""exact accepted finite checkpoint identity {{8, 2, 1}, 0, \"L0\"}"
"PASS: ""pinned accepted finite checkpoint {{8, 2, 1}, 0, \"L1\"}"
"PASS: ""exact accepted finite checkpoint identity {{8, 2, 1}, 0, \"L1\"}"
"PASS: ""pinned accepted finite checkpoint {{8, 2, 1}, 0, \"Regular\"}"
"PASS: ""exact accepted finite checkpoint identity {{8, 2, 1}, 0, \"Regular\"}"
"PASS: ""finite physical component"
"FINITE_COMPONENT_MEMORY "{8, 2, 1}" before "4336392688" after "4336410456
"PASS: ""pinned accepted finite checkpoint {{8, 2, 2}, 1, \"Delta\"}"
"PASS: ""exact accepted finite checkpoint identity {{8, 2, 2}, 1, \"Delta\"}"
"PASS: ""pinned accepted finite checkpoint {{8, 2, 2}, 1, \"L0\"}"
"PASS: ""exact accepted finite checkpoint identity {{8, 2, 2}, 1, \"L0\"}"
"PASS: ""pinned accepted finite checkpoint {{8, 2, 2}, 1, \"L1\"}"
"PASS: ""exact accepted finite checkpoint identity {{8, 2, 2}, 1, \"L1\"}"
"PASS: ""pinned accepted finite checkpoint {{8, 2, 2}, 1, \"Regular\"}"
"PASS: ""exact accepted finite checkpoint identity {{8, 2, 2}, 1, \"Regular\"}"
"PASS: ""pinned accepted finite checkpoint {{8, 2, 2}, -1, \"Delta\"}"
"PASS: ""exact accepted finite checkpoint identity {{8, 2, 2}, -1, \"Delta\"}"
"PASS: ""pinned accepted finite checkpoint {{8, 2, 2}, -1, \"L0\"}"
"PASS: ""exact accepted finite checkpoint identity {{8, 2, 2}, -1, \"L0\"}"
"PASS: ""pinned accepted finite checkpoint {{8, 2, 2}, -1, \"L1\"}"
"PASS: ""exact accepted finite checkpoint identity {{8, 2, 2}, -1, \"L1\"}"
"PASS: ""pinned accepted finite checkpoint {{8, 2, 2}, -1, \"Regular\"}"
"PASS: ""exact accepted finite checkpoint identity {{8, 2, 2}, -1, \"Regular\"}"
"PASS: ""real endpoint branches share a boundary"
"PASS: ""pinned accepted finite checkpoint {{8, 2, 2}, 0, \"Delta\"}"
"PASS: ""exact accepted finite checkpoint identity {{8, 2, 2}, 0, \"Delta\"}"
"PASS: ""pinned accepted finite checkpoint {{8, 2, 2}, 0, \"L0\"}"
"PASS: ""exact accepted finite checkpoint identity {{8, 2, 2}, 0, \"L0\"}"
"PASS: ""pinned accepted finite checkpoint {{8, 2, 2}, 0, \"L1\"}"
"PASS: ""exact accepted finite checkpoint identity {{8, 2, 2}, 0, \"L1\"}"
"PASS: ""pinned accepted finite checkpoint {{8, 2, 2}, 0, \"Regular\"}"
"PASS: ""exact accepted finite checkpoint identity {{8, 2, 2}, 0, \"Regular\"}"
"PASS: ""finite physical component"
"FINITE_COMPONENT_MEMORY "{8, 2, 2}" before "4336410352" after "4336428160
"PASS: ""pinned accepted finite checkpoint {{8, 2, 3}, 1, \"Delta\"}"
"PASS: ""exact accepted finite checkpoint identity {{8, 2, 3}, 1, \"Delta\"}"
"PASS: ""pinned accepted finite checkpoint {{8, 2, 3}, 1, \"L0\"}"
"PASS: ""exact accepted finite checkpoint identity {{8, 2, 3}, 1, \"L0\"}"
"PASS: ""pinned accepted finite checkpoint {{8, 2, 3}, 1, \"L1\"}"
"PASS: ""exact accepted finite checkpoint identity {{8, 2, 3}, 1, \"L1\"}"
"PASS: ""pinned accepted finite checkpoint {{8, 2, 3}, 1, \"Regular\"}"
"PASS: ""exact accepted finite checkpoint identity {{8, 2, 3}, 1, \"Regular\"}"
"PASS: ""pinned accepted finite checkpoint {{8, 2, 3}, -1, \"Delta\"}"
"PASS: ""exact accepted finite checkpoint identity {{8, 2, 3}, -1, \"Delta\"}"
"PASS: ""pinned accepted finite checkpoint {{8, 2, 3}, -1, \"L0\"}"
"PASS: ""exact accepted finite checkpoint identity {{8, 2, 3}, -1, \"L0\"}"
"PASS: ""pinned accepted finite checkpoint {{8, 2, 3}, -1, \"L1\"}"
"PASS: ""exact accepted finite checkpoint identity {{8, 2, 3}, -1, \"L1\"}"
"PASS: ""pinned accepted finite checkpoint {{8, 2, 3}, -1, \"Regular\"}"
"PASS: ""exact accepted finite checkpoint identity {{8, 2, 3}, -1, \"Regular\"}"
"PASS: ""real endpoint branches share a boundary"
"PASS: ""pinned accepted finite checkpoint {{8, 2, 3}, 0, \"Delta\"}"
"PASS: ""exact accepted finite checkpoint identity {{8, 2, 3}, 0, \"Delta\"}"
"PASS: ""pinned accepted finite checkpoint {{8, 2, 3}, 0, \"L0\"}"
"PASS: ""exact accepted finite checkpoint identity {{8, 2, 3}, 0, \"L0\"}"
"PASS: ""pinned accepted finite checkpoint {{8, 2, 3}, 0, \"L1\"}"
"PASS: ""exact accepted finite checkpoint identity {{8, 2, 3}, 0, \"L1\"}"
"PASS: ""pinned accepted finite checkpoint {{8, 2, 3}, 0, \"Regular\"}"
"PASS: ""exact accepted finite checkpoint identity {{8, 2, 3}, 0, \"Regular\"}"
"PASS: ""finite physical component"
"FINITE_COMPONENT_MEMORY "{8, 2, 3}" before "4336428056" after "4336446176
"PASS: ""pinned accepted finite checkpoint {{8, 2, 4}, 1, \"Delta\"}"
"PASS: ""exact accepted finite checkpoint identity {{8, 2, 4}, 1, \"Delta\"}"
"PASS: ""pinned accepted finite checkpoint {{8, 2, 4}, 1, \"L0\"}"
"PASS: ""exact accepted finite checkpoint identity {{8, 2, 4}, 1, \"L0\"}"
"PASS: ""pinned accepted finite checkpoint {{8, 2, 4}, 1, \"L1\"}"
"PASS: ""exact accepted finite checkpoint identity {{8, 2, 4}, 1, \"L1\"}"
"PASS: ""pinned accepted finite checkpoint {{8, 2, 4}, 1, \"Regular\"}"
"PASS: ""exact accepted finite checkpoint identity {{8, 2, 4}, 1, \"Regular\"}"
"PASS: ""pinned accepted finite checkpoint {{8, 2, 4}, -1, \"Delta\"}"
"PASS: ""exact accepted finite checkpoint identity {{8, 2, 4}, -1, \"Delta\"}"
"PASS: ""pinned accepted finite checkpoint {{8, 2, 4}, -1, \"L0\"}"
"PASS: ""exact accepted finite checkpoint identity {{8, 2, 4}, -1, \"L0\"}"
"PASS: ""pinned accepted finite checkpoint {{8, 2, 4}, -1, \"L1\"}"
"PASS: ""exact accepted finite checkpoint identity {{8, 2, 4}, -1, \"L1\"}"
"PASS: ""pinned accepted finite checkpoint {{8, 2, 4}, -1, \"Regular\"}"
"PASS: ""exact accepted finite checkpoint identity {{8, 2, 4}, -1, \"Regular\"}"
"PASS: ""real endpoint branches share a boundary"
"PASS: ""pinned accepted finite checkpoint {{8, 2, 4}, 0, \"Delta\"}"
"PASS: ""exact accepted finite checkpoint identity {{8, 2, 4}, 0, \"Delta\"}"
"PASS: ""pinned accepted finite checkpoint {{8, 2, 4}, 0, \"L0\"}"
"PASS: ""exact accepted finite checkpoint identity {{8, 2, 4}, 0, \"L0\"}"
"PASS: ""pinned accepted finite checkpoint {{8, 2, 4}, 0, \"L1\"}"
"PASS: ""exact accepted finite checkpoint identity {{8, 2, 4}, 0, \"L1\"}"
"PASS: ""pinned accepted finite checkpoint {{8, 2, 4}, 0, \"Regular\"}"
"PASS: ""exact accepted finite checkpoint identity {{8, 2, 4}, 0, \"Regular\"}"
"PASS: ""finite physical component"
"FINITE_COMPONENT_MEMORY "{8, 2, 4}" before "4336446072" after "4341355056
"PASS: ""pinned accepted finite checkpoint {{8, 3, 1}, 1, \"Delta\"}"
"PASS: ""exact accepted finite checkpoint identity {{8, 3, 1}, 1, \"Delta\"}"
"PASS: ""pinned accepted finite checkpoint {{8, 3, 1}, 1, \"L0\"}"
"PASS: ""exact accepted finite checkpoint identity {{8, 3, 1}, 1, \"L0\"}"
"PASS: ""pinned accepted finite checkpoint {{8, 3, 1}, 1, \"L1\"}"
"PASS: ""exact accepted finite checkpoint identity {{8, 3, 1}, 1, \"L1\"}"
"PASS: ""pinned accepted finite checkpoint {{8, 3, 1}, 1, \"Regular\"}"
"PASS: ""exact accepted finite checkpoint identity {{8, 3, 1}, 1, \"Regular\"}"
"PASS: ""pinned accepted finite checkpoint {{8, 3, 1}, -1, \"Delta\"}"
"PASS: ""exact accepted finite checkpoint identity {{8, 3, 1}, -1, \"Delta\"}"
"PASS: ""pinned accepted finite checkpoint {{8, 3, 1}, -1, \"L0\"}"
"PASS: ""exact accepted finite checkpoint identity {{8, 3, 1}, -1, \"L0\"}"
"PASS: ""pinned accepted finite checkpoint {{8, 3, 1}, -1, \"L1\"}"
"PASS: ""exact accepted finite checkpoint identity {{8, 3, 1}, -1, \"L1\"}"
"PASS: ""pinned accepted finite checkpoint {{8, 3, 1}, -1, \"Regular\"}"
"PASS: ""exact accepted finite checkpoint identity {{8, 3, 1}, -1, \"Regular\"}"
"PASS: ""real endpoint branches share a boundary"
"PASS: ""pinned accepted finite checkpoint {{8, 3, 1}, 0, \"Delta\"}"
"PASS: ""exact accepted finite checkpoint identity {{8, 3, 1}, 0, \"Delta\"}"
"PASS: ""pinned accepted finite checkpoint {{8, 3, 1}, 0, \"L0\"}"
"PASS: ""exact accepted finite checkpoint identity {{8, 3, 1}, 0, \"L0\"}"
"PASS: ""pinned accepted finite checkpoint {{8, 3, 1}, 0, \"L1\"}"
"PASS: ""exact accepted finite checkpoint identity {{8, 3, 1}, 0, \"L1\"}"
"PASS: ""pinned accepted finite checkpoint {{8, 3, 1}, 0, \"Regular\"}"
"PASS: ""exact accepted finite checkpoint identity {{8, 3, 1}, 0, \"Regular\"}"
"PASS: ""finite physical component"
"FINITE_COMPONENT_MEMORY "{8, 3, 1}" before "4341354952" after "4341373184
"PASS: ""pinned accepted finite checkpoint {{8, 3, 2}, 1, \"Delta\"}"
"PASS: ""exact accepted finite checkpoint identity {{8, 3, 2}, 1, \"Delta\"}"
"PASS: ""pinned accepted finite checkpoint {{8, 3, 2}, 1, \"L0\"}"
"PASS: ""exact accepted finite checkpoint identity {{8, 3, 2}, 1, \"L0\"}"
"PASS: ""pinned accepted finite checkpoint {{8, 3, 2}, 1, \"L1\"}"
"PASS: ""exact accepted finite checkpoint identity {{8, 3, 2}, 1, \"L1\"}"
"PASS: ""pinned accepted finite checkpoint {{8, 3, 2}, 1, \"Regular\"}"
"PASS: ""exact accepted finite checkpoint identity {{8, 3, 2}, 1, \"Regular\"}"
"PASS: ""pinned accepted finite checkpoint {{8, 3, 2}, -1, \"Delta\"}"
"PASS: ""exact accepted finite checkpoint identity {{8, 3, 2}, -1, \"Delta\"}"
"PASS: ""pinned accepted finite checkpoint {{8, 3, 2}, -1, \"L0\"}"
"PASS: ""exact accepted finite checkpoint identity {{8, 3, 2}, -1, \"L0\"}"
"PASS: ""pinned accepted finite checkpoint {{8, 3, 2}, -1, \"L1\"}"
"PASS: ""exact accepted finite checkpoint identity {{8, 3, 2}, -1, \"L1\"}"
"PASS: ""pinned accepted finite checkpoint {{8, 3, 2}, -1, \"Regular\"}"
"PASS: ""exact accepted finite checkpoint identity {{8, 3, 2}, -1, \"Regular\"}"
"PASS: ""real endpoint branches share a boundary"
"PASS: ""pinned accepted finite checkpoint {{8, 3, 2}, 0, \"Delta\"}"
"PASS: ""exact accepted finite checkpoint identity {{8, 3, 2}, 0, \"Delta\"}"
"PASS: ""pinned accepted finite checkpoint {{8, 3, 2}, 0, \"L0\"}"
"PASS: ""exact accepted finite checkpoint identity {{8, 3, 2}, 0, \"L0\"}"
"PASS: ""pinned accepted finite checkpoint {{8, 3, 2}, 0, \"L1\"}"
"PASS: ""exact accepted finite checkpoint identity {{8, 3, 2}, 0, \"L1\"}"
"PASS: ""pinned accepted finite checkpoint {{8, 3, 2}, 0, \"Regular\"}"
"PASS: ""exact accepted finite checkpoint identity {{8, 3, 2}, 0, \"Regular\"}"
"PASS: ""finite physical component"
"FINITE_COMPONENT_MEMORY "{8, 3, 2}" before "4341373080" after "4341390944
"PASS: ""pinned accepted finite checkpoint {{8, 3, 3}, 1, \"Delta\"}"
"PASS: ""exact accepted finite checkpoint identity {{8, 3, 3}, 1, \"Delta\"}"
"PASS: ""pinned accepted finite checkpoint {{8, 3, 3}, 1, \"L0\"}"
"PASS: ""exact accepted finite checkpoint identity {{8, 3, 3}, 1, \"L0\"}"
"PASS: ""pinned accepted finite checkpoint {{8, 3, 3}, 1, \"L1\"}"
"PASS: ""exact accepted finite checkpoint identity {{8, 3, 3}, 1, \"L1\"}"
"PASS: ""pinned accepted finite checkpoint {{8, 3, 3}, 1, \"Regular\"}"
"PASS: ""exact accepted finite checkpoint identity {{8, 3, 3}, 1, \"Regular\"}"
"PASS: ""pinned accepted finite checkpoint {{8, 3, 3}, -1, \"Delta\"}"
"PASS: ""exact accepted finite checkpoint identity {{8, 3, 3}, -1, \"Delta\"}"
"PASS: ""pinned accepted finite checkpoint {{8, 3, 3}, -1, \"L0\"}"
"PASS: ""exact accepted finite checkpoint identity {{8, 3, 3}, -1, \"L0\"}"
"PASS: ""pinned accepted finite checkpoint {{8, 3, 3}, -1, \"L1\"}"
"PASS: ""exact accepted finite checkpoint identity {{8, 3, 3}, -1, \"L1\"}"
"PASS: ""pinned accepted finite checkpoint {{8, 3, 3}, -1, \"Regular\"}"
"PASS: ""exact accepted finite checkpoint identity {{8, 3, 3}, -1, \"Regular\"}"
"PASS: ""real endpoint branches share a boundary"
"PASS: ""pinned accepted finite checkpoint {{8, 3, 3}, 0, \"Delta\"}"
"PASS: ""exact accepted finite checkpoint identity {{8, 3, 3}, 0, \"Delta\"}"
"PASS: ""pinned accepted finite checkpoint {{8, 3, 3}, 0, \"L0\"}"
"PASS: ""exact accepted finite checkpoint identity {{8, 3, 3}, 0, \"L0\"}"
"PASS: ""pinned accepted finite checkpoint {{8, 3, 3}, 0, \"L1\"}"
"PASS: ""exact accepted finite checkpoint identity {{8, 3, 3}, 0, \"L1\"}"
"PASS: ""pinned accepted finite checkpoint {{8, 3, 3}, 0, \"Regular\"}"
"PASS: ""exact accepted finite checkpoint identity {{8, 3, 3}, 0, \"Regular\"}"
"PASS: ""finite physical component"
"FINITE_COMPONENT_MEMORY "{8, 3, 3}" before "4341390840" after "4341408960
"PASS: ""pinned accepted finite checkpoint {{8, 3, 4}, 1, \"Delta\"}"
"PASS: ""exact accepted finite checkpoint identity {{8, 3, 4}, 1, \"Delta\"}"
"PASS: ""pinned accepted finite checkpoint {{8, 3, 4}, 1, \"L0\"}"
"PASS: ""exact accepted finite checkpoint identity {{8, 3, 4}, 1, \"L0\"}"
"PASS: ""pinned accepted finite checkpoint {{8, 3, 4}, 1, \"L1\"}"
"PASS: ""exact accepted finite checkpoint identity {{8, 3, 4}, 1, \"L1\"}"
"PASS: ""pinned accepted finite checkpoint {{8, 3, 4}, 1, \"Regular\"}"
"PASS: ""exact accepted finite checkpoint identity {{8, 3, 4}, 1, \"Regular\"}"
"PASS: ""pinned accepted finite checkpoint {{8, 3, 4}, -1, \"Delta\"}"
"PASS: ""exact accepted finite checkpoint identity {{8, 3, 4}, -1, \"Delta\"}"
"PASS: ""pinned accepted finite checkpoint {{8, 3, 4}, -1, \"L0\"}"
"PASS: ""exact accepted finite checkpoint identity {{8, 3, 4}, -1, \"L0\"}"
"PASS: ""pinned accepted finite checkpoint {{8, 3, 4}, -1, \"L1\"}"
"PASS: ""exact accepted finite checkpoint identity {{8, 3, 4}, -1, \"L1\"}"
"PASS: ""pinned accepted finite checkpoint {{8, 3, 4}, -1, \"Regular\"}"
"PASS: ""exact accepted finite checkpoint identity {{8, 3, 4}, -1, \"Regular\"}"
"PASS: ""real endpoint branches share a boundary"
"PASS: ""pinned accepted finite checkpoint {{8, 3, 4}, 0, \"Delta\"}"
"PASS: ""exact accepted finite checkpoint identity {{8, 3, 4}, 0, \"Delta\"}"
"PASS: ""pinned accepted finite checkpoint {{8, 3, 4}, 0, \"L0\"}"
"PASS: ""exact accepted finite checkpoint identity {{8, 3, 4}, 0, \"L0\"}"
"PASS: ""pinned accepted finite checkpoint {{8, 3, 4}, 0, \"L1\"}"
"PASS: ""exact accepted finite checkpoint identity {{8, 3, 4}, 0, \"L1\"}"
"PASS: ""pinned accepted finite checkpoint {{8, 3, 4}, 0, \"Regular\"}"
"PASS: ""exact accepted finite checkpoint identity {{8, 3, 4}, 0, \"Regular\"}"
"PASS: ""finite physical component"
"FINITE_COMPONENT_MEMORY "{8, 3, 4}" before "4341408856" after "4341426888
"PASS: ""pinned accepted finite checkpoint {{8, 4, 1}, 1, \"Delta\"}"
"PASS: ""exact accepted finite checkpoint identity {{8, 4, 1}, 1, \"Delta\"}"
"PASS: ""pinned accepted finite checkpoint {{8, 4, 1}, 1, \"L0\"}"
"PASS: ""exact accepted finite checkpoint identity {{8, 4, 1}, 1, \"L0\"}"
"PASS: ""pinned accepted finite checkpoint {{8, 4, 1}, 1, \"L1\"}"
"PASS: ""exact accepted finite checkpoint identity {{8, 4, 1}, 1, \"L1\"}"
"PASS: ""pinned accepted finite checkpoint {{8, 4, 1}, 1, \"Regular\"}"
"PASS: ""exact accepted finite checkpoint identity {{8, 4, 1}, 1, \"Regular\"}"
"PASS: ""pinned accepted finite checkpoint {{8, 4, 1}, -1, \"Delta\"}"
"PASS: ""exact accepted finite checkpoint identity {{8, 4, 1}, -1, \"Delta\"}"
"PASS: ""pinned accepted finite checkpoint {{8, 4, 1}, -1, \"L0\"}"
"PASS: ""exact accepted finite checkpoint identity {{8, 4, 1}, -1, \"L0\"}"
"PASS: ""pinned accepted finite checkpoint {{8, 4, 1}, -1, \"L1\"}"
"PASS: ""exact accepted finite checkpoint identity {{8, 4, 1}, -1, \"L1\"}"
"PASS: ""pinned accepted finite checkpoint {{8, 4, 1}, -1, \"Regular\"}"
"PASS: ""exact accepted finite checkpoint identity {{8, 4, 1}, -1, \"Regular\"}"
"PASS: ""real endpoint branches share a boundary"
"PASS: ""pinned accepted finite checkpoint {{8, 4, 1}, 0, \"Delta\"}"
"PASS: ""exact accepted finite checkpoint identity {{8, 4, 1}, 0, \"Delta\"}"
"PASS: ""pinned accepted finite checkpoint {{8, 4, 1}, 0, \"L0\"}"
"PASS: ""exact accepted finite checkpoint identity {{8, 4, 1}, 0, \"L0\"}"
"PASS: ""pinned accepted finite checkpoint {{8, 4, 1}, 0, \"L1\"}"
"PASS: ""exact accepted finite checkpoint identity {{8, 4, 1}, 0, \"L1\"}"
"PASS: ""pinned accepted finite checkpoint {{8, 4, 1}, 0, \"Regular\"}"
"PASS: ""exact accepted finite checkpoint identity {{8, 4, 1}, 0, \"Regular\"}"
"PASS: ""finite physical component"
"FINITE_COMPONENT_MEMORY "{8, 4, 1}" before "4341426784" after "4349573440
"PASS: ""pinned accepted finite checkpoint {{8, 4, 2}, 1, \"Delta\"}"
"PASS: ""exact accepted finite checkpoint identity {{8, 4, 2}, 1, \"Delta\"}"
"PASS: ""pinned accepted finite checkpoint {{8, 4, 2}, 1, \"L0\"}"
"PASS: ""exact accepted finite checkpoint identity {{8, 4, 2}, 1, \"L0\"}"
"PASS: ""pinned accepted finite checkpoint {{8, 4, 2}, 1, \"L1\"}"
"PASS: ""exact accepted finite checkpoint identity {{8, 4, 2}, 1, \"L1\"}"
"PASS: ""pinned accepted finite checkpoint {{8, 4, 2}, 1, \"Regular\"}"
"PASS: ""exact accepted finite checkpoint identity {{8, 4, 2}, 1, \"Regular\"}"
"PASS: ""pinned accepted finite checkpoint {{8, 4, 2}, -1, \"Delta\"}"
"PASS: ""exact accepted finite checkpoint identity {{8, 4, 2}, -1, \"Delta\"}"
"PASS: ""pinned accepted finite checkpoint {{8, 4, 2}, -1, \"L0\"}"
"PASS: ""exact accepted finite checkpoint identity {{8, 4, 2}, -1, \"L0\"}"
"PASS: ""pinned accepted finite checkpoint {{8, 4, 2}, -1, \"L1\"}"
"PASS: ""exact accepted finite checkpoint identity {{8, 4, 2}, -1, \"L1\"}"
"PASS: ""pinned accepted finite checkpoint {{8, 4, 2}, -1, \"Regular\"}"
"PASS: ""exact accepted finite checkpoint identity {{8, 4, 2}, -1, \"Regular\"}"
"PASS: ""real endpoint branches share a boundary"
"PASS: ""pinned accepted finite checkpoint {{8, 4, 2}, 0, \"Delta\"}"
"PASS: ""exact accepted finite checkpoint identity {{8, 4, 2}, 0, \"Delta\"}"
"PASS: ""pinned accepted finite checkpoint {{8, 4, 2}, 0, \"L0\"}"
"PASS: ""exact accepted finite checkpoint identity {{8, 4, 2}, 0, \"L0\"}"
"PASS: ""pinned accepted finite checkpoint {{8, 4, 2}, 0, \"L1\"}"
"PASS: ""exact accepted finite checkpoint identity {{8, 4, 2}, 0, \"L1\"}"
"PASS: ""pinned accepted finite checkpoint {{8, 4, 2}, 0, \"Regular\"}"
"PASS: ""exact accepted finite checkpoint identity {{8, 4, 2}, 0, \"Regular\"}"
"PASS: ""finite physical component"
"FINITE_COMPONENT_MEMORY "{8, 4, 2}" before "4349573336" after "4354703128
"PASS: ""pinned accepted finite checkpoint {{8, 4, 3}, 1, \"Delta\"}"
"PASS: ""exact accepted finite checkpoint identity {{8, 4, 3}, 1, \"Delta\"}"
"PASS: ""pinned accepted finite checkpoint {{8, 4, 3}, 1, \"L0\"}"
"PASS: ""exact accepted finite checkpoint identity {{8, 4, 3}, 1, \"L0\"}"
"PASS: ""pinned accepted finite checkpoint {{8, 4, 3}, 1, \"L1\"}"
"PASS: ""exact accepted finite checkpoint identity {{8, 4, 3}, 1, \"L1\"}"
"PASS: ""pinned accepted finite checkpoint {{8, 4, 3}, 1, \"Regular\"}"
"PASS: ""exact accepted finite checkpoint identity {{8, 4, 3}, 1, \"Regular\"}"
"PASS: ""pinned accepted finite checkpoint {{8, 4, 3}, -1, \"Delta\"}"
"PASS: ""exact accepted finite checkpoint identity {{8, 4, 3}, -1, \"Delta\"}"
"PASS: ""pinned accepted finite checkpoint {{8, 4, 3}, -1, \"L0\"}"
"PASS: ""exact accepted finite checkpoint identity {{8, 4, 3}, -1, \"L0\"}"
"PASS: ""pinned accepted finite checkpoint {{8, 4, 3}, -1, \"L1\"}"
"PASS: ""exact accepted finite checkpoint identity {{8, 4, 3}, -1, \"L1\"}"
"PASS: ""pinned accepted finite checkpoint {{8, 4, 3}, -1, \"Regular\"}"
"PASS: ""exact accepted finite checkpoint identity {{8, 4, 3}, -1, \"Regular\"}"
"PASS: ""real endpoint branches share a boundary"
"PASS: ""pinned accepted finite checkpoint {{8, 4, 3}, 0, \"Delta\"}"
"PASS: ""exact accepted finite checkpoint identity {{8, 4, 3}, 0, \"Delta\"}"
"PASS: ""pinned accepted finite checkpoint {{8, 4, 3}, 0, \"L0\"}"
"PASS: ""exact accepted finite checkpoint identity {{8, 4, 3}, 0, \"L0\"}"
"PASS: ""pinned accepted finite checkpoint {{8, 4, 3}, 0, \"L1\"}"
"PASS: ""exact accepted finite checkpoint identity {{8, 4, 3}, 0, \"L1\"}"
"PASS: ""pinned accepted finite checkpoint {{8, 4, 3}, 0, \"Regular\"}"
"PASS: ""exact accepted finite checkpoint identity {{8, 4, 3}, 0, \"Regular\"}"
"PASS: ""finite physical component"
"FINITE_COMPONENT_MEMORY "{8, 4, 3}" before "4354703024" after "4354720872
"PASS: ""pinned accepted finite checkpoint {{8, 4, 4}, 1, \"Delta\"}"
"PASS: ""exact accepted finite checkpoint identity {{8, 4, 4}, 1, \"Delta\"}"
"PASS: ""pinned accepted finite checkpoint {{8, 4, 4}, 1, \"L0\"}"
"PASS: ""exact accepted finite checkpoint identity {{8, 4, 4}, 1, \"L0\"}"
"PASS: ""pinned accepted finite checkpoint {{8, 4, 4}, 1, \"L1\"}"
"PASS: ""exact accepted finite checkpoint identity {{8, 4, 4}, 1, \"L1\"}"
"PASS: ""pinned accepted finite checkpoint {{8, 4, 4}, 1, \"Regular\"}"
"PASS: ""exact accepted finite checkpoint identity {{8, 4, 4}, 1, \"Regular\"}"
"PASS: ""pinned accepted finite checkpoint {{8, 4, 4}, -1, \"Delta\"}"
"PASS: ""exact accepted finite checkpoint identity {{8, 4, 4}, -1, \"Delta\"}"
"PASS: ""pinned accepted finite checkpoint {{8, 4, 4}, -1, \"L0\"}"
"PASS: ""exact accepted finite checkpoint identity {{8, 4, 4}, -1, \"L0\"}"
"PASS: ""pinned accepted finite checkpoint {{8, 4, 4}, -1, \"L1\"}"
"PASS: ""exact accepted finite checkpoint identity {{8, 4, 4}, -1, \"L1\"}"
"PASS: ""pinned accepted finite checkpoint {{8, 4, 4}, -1, \"Regular\"}"
"PASS: ""exact accepted finite checkpoint identity {{8, 4, 4}, -1, \"Regular\"}"
"PASS: ""real endpoint branches share a boundary"
"PASS: ""pinned accepted finite checkpoint {{8, 4, 4}, 0, \"Delta\"}"
"PASS: ""exact accepted finite checkpoint identity {{8, 4, 4}, 0, \"Delta\"}"
"PASS: ""pinned accepted finite checkpoint {{8, 4, 4}, 0, \"L0\"}"
"PASS: ""exact accepted finite checkpoint identity {{8, 4, 4}, 0, \"L0\"}"
"PASS: ""pinned accepted finite checkpoint {{8, 4, 4}, 0, \"L1\"}"
"PASS: ""exact accepted finite checkpoint identity {{8, 4, 4}, 0, \"L1\"}"
"PASS: ""pinned accepted finite checkpoint {{8, 4, 4}, 0, \"Regular\"}"
"PASS: ""exact accepted finite checkpoint identity {{8, 4, 4}, 0, \"Regular\"}"
"PASS: ""finite physical component"
"FINITE_COMPONENT_MEMORY "{8, 4, 4}" before "4354720768" after "4354738984
"PASS: ""pinned accepted finite checkpoint {{9, 1, 1}, 1, \"Delta\"}"
"PASS: ""exact accepted finite checkpoint identity {{9, 1, 1}, 1, \"Delta\"}"
"PASS: ""pinned accepted finite checkpoint {{9, 1, 1}, 1, \"L0\"}"
"PASS: ""exact accepted finite checkpoint identity {{9, 1, 1}, 1, \"L0\"}"
"PASS: ""pinned accepted finite checkpoint {{9, 1, 1}, 1, \"L1\"}"
"PASS: ""exact accepted finite checkpoint identity {{9, 1, 1}, 1, \"L1\"}"
"PASS: ""pinned accepted finite checkpoint {{9, 1, 1}, 1, \"Regular\"}"
"PASS: ""exact accepted finite checkpoint identity {{9, 1, 1}, 1, \"Regular\"}"
"PASS: ""pinned accepted finite checkpoint {{9, 1, 1}, -1, \"Delta\"}"
"PASS: ""exact accepted finite checkpoint identity {{9, 1, 1}, -1, \"Delta\"}"
"PASS: ""pinned accepted finite checkpoint {{9, 1, 1}, -1, \"L0\"}"
"PASS: ""exact accepted finite checkpoint identity {{9, 1, 1}, -1, \"L0\"}"
"PASS: ""pinned accepted finite checkpoint {{9, 1, 1}, -1, \"L1\"}"
"PASS: ""exact accepted finite checkpoint identity {{9, 1, 1}, -1, \"L1\"}"
"PASS: ""pinned accepted finite checkpoint {{9, 1, 1}, -1, \"Regular\"}"
"PASS: ""exact accepted finite checkpoint identity {{9, 1, 1}, -1, \"Regular\"}"
"PASS: ""real endpoint branches share a boundary"
"PASS: ""pinned accepted finite checkpoint {{9, 1, 1}, 0, \"Delta\"}"
"PASS: ""exact accepted finite checkpoint identity {{9, 1, 1}, 0, \"Delta\"}"
"PASS: ""pinned accepted finite checkpoint {{9, 1, 1}, 0, \"L0\"}"
"PASS: ""exact accepted finite checkpoint identity {{9, 1, 1}, 0, \"L0\"}"
"PASS: ""pinned accepted finite checkpoint {{9, 1, 1}, 0, \"L1\"}"
"PASS: ""exact accepted finite checkpoint identity {{9, 1, 1}, 0, \"L1\"}"
"PASS: ""pinned accepted finite checkpoint {{9, 1, 1}, 0, \"Regular\"}"
"PASS: ""exact accepted finite checkpoint identity {{9, 1, 1}, 0, \"Regular\"}"
"PASS: ""finite physical component"
"FINITE_COMPONENT_MEMORY "{9, 1, 1}" before "4354738880" after "4354756776
"PASS: ""pinned accepted finite checkpoint {{9, 1, 2}, 1, \"Delta\"}"
"PASS: ""exact accepted finite checkpoint identity {{9, 1, 2}, 1, \"Delta\"}"
"PASS: ""pinned accepted finite checkpoint {{9, 1, 2}, 1, \"L0\"}"
"PASS: ""exact accepted finite checkpoint identity {{9, 1, 2}, 1, \"L0\"}"
"PASS: ""pinned accepted finite checkpoint {{9, 1, 2}, 1, \"L1\"}"
"PASS: ""exact accepted finite checkpoint identity {{9, 1, 2}, 1, \"L1\"}"
"PASS: ""pinned accepted finite checkpoint {{9, 1, 2}, 1, \"Regular\"}"
"PASS: ""exact accepted finite checkpoint identity {{9, 1, 2}, 1, \"Regular\"}"
"PASS: ""pinned accepted finite checkpoint {{9, 1, 2}, -1, \"Delta\"}"
"PASS: ""exact accepted finite checkpoint identity {{9, 1, 2}, -1, \"Delta\"}"
"PASS: ""pinned accepted finite checkpoint {{9, 1, 2}, -1, \"L0\"}"
"PASS: ""exact accepted finite checkpoint identity {{9, 1, 2}, -1, \"L0\"}"
"PASS: ""pinned accepted finite checkpoint {{9, 1, 2}, -1, \"L1\"}"
"PASS: ""exact accepted finite checkpoint identity {{9, 1, 2}, -1, \"L1\"}"
"PASS: ""pinned accepted finite checkpoint {{9, 1, 2}, -1, \"Regular\"}"
"PASS: ""exact accepted finite checkpoint identity {{9, 1, 2}, -1, \"Regular\"}"
"PASS: ""real endpoint branches share a boundary"
"PASS: ""pinned accepted finite checkpoint {{9, 1, 2}, 0, \"Delta\"}"
"PASS: ""exact accepted finite checkpoint identity {{9, 1, 2}, 0, \"Delta\"}"
"PASS: ""pinned accepted finite checkpoint {{9, 1, 2}, 0, \"L0\"}"
"PASS: ""exact accepted finite checkpoint identity {{9, 1, 2}, 0, \"L0\"}"
"PASS: ""pinned accepted finite checkpoint {{9, 1, 2}, 0, \"L1\"}"
"PASS: ""exact accepted finite checkpoint identity {{9, 1, 2}, 0, \"L1\"}"
"PASS: ""pinned accepted finite checkpoint {{9, 1, 2}, 0, \"Regular\"}"
"PASS: ""exact accepted finite checkpoint identity {{9, 1, 2}, 0, \"Regular\"}"
"PASS: ""finite physical component"
"FINITE_COMPONENT_MEMORY "{9, 1, 2}" before "4354756672" after "4354774704
"PASS: ""pinned accepted finite checkpoint {{9, 1, 3}, 1, \"Delta\"}"
"PASS: ""exact accepted finite checkpoint identity {{9, 1, 3}, 1, \"Delta\"}"
"PASS: ""pinned accepted finite checkpoint {{9, 1, 3}, 1, \"L0\"}"
"PASS: ""exact accepted finite checkpoint identity {{9, 1, 3}, 1, \"L0\"}"
"PASS: ""pinned accepted finite checkpoint {{9, 1, 3}, 1, \"L1\"}"
"PASS: ""exact accepted finite checkpoint identity {{9, 1, 3}, 1, \"L1\"}"
"PASS: ""pinned accepted finite checkpoint {{9, 1, 3}, 1, \"Regular\"}"
"PASS: ""exact accepted finite checkpoint identity {{9, 1, 3}, 1, \"Regular\"}"
"PASS: ""pinned accepted finite checkpoint {{9, 1, 3}, -1, \"Delta\"}"
"PASS: ""exact accepted finite checkpoint identity {{9, 1, 3}, -1, \"Delta\"}"
"PASS: ""pinned accepted finite checkpoint {{9, 1, 3}, -1, \"L0\"}"
"PASS: ""exact accepted finite checkpoint identity {{9, 1, 3}, -1, \"L0\"}"
"PASS: ""pinned accepted finite checkpoint {{9, 1, 3}, -1, \"L1\"}"
"PASS: ""exact accepted finite checkpoint identity {{9, 1, 3}, -1, \"L1\"}"
"PASS: ""pinned accepted finite checkpoint {{9, 1, 3}, -1, \"Regular\"}"
"PASS: ""exact accepted finite checkpoint identity {{9, 1, 3}, -1, \"Regular\"}"
"PASS: ""real endpoint branches share a boundary"
"PASS: ""pinned accepted finite checkpoint {{9, 1, 3}, 0, \"Delta\"}"
"PASS: ""exact accepted finite checkpoint identity {{9, 1, 3}, 0, \"Delta\"}"
"PASS: ""pinned accepted finite checkpoint {{9, 1, 3}, 0, \"L0\"}"
"PASS: ""exact accepted finite checkpoint identity {{9, 1, 3}, 0, \"L0\"}"
"PASS: ""pinned accepted finite checkpoint {{9, 1, 3}, 0, \"L1\"}"
"PASS: ""exact accepted finite checkpoint identity {{9, 1, 3}, 0, \"L1\"}"
"PASS: ""pinned accepted finite checkpoint {{9, 1, 3}, 0, \"Regular\"}"
"PASS: ""exact accepted finite checkpoint identity {{9, 1, 3}, 0, \"Regular\"}"
"PASS: ""finite physical component"
"FINITE_COMPONENT_MEMORY "{9, 1, 3}" before "4354774600" after "4354792408
"PASS: ""pinned accepted finite checkpoint {{9, 1, 4}, 1, \"Delta\"}"
"PASS: ""exact accepted finite checkpoint identity {{9, 1, 4}, 1, \"Delta\"}"
"PASS: ""pinned accepted finite checkpoint {{9, 1, 4}, 1, \"L0\"}"
"PASS: ""exact accepted finite checkpoint identity {{9, 1, 4}, 1, \"L0\"}"
"PASS: ""pinned accepted finite checkpoint {{9, 1, 4}, 1, \"L1\"}"
"PASS: ""exact accepted finite checkpoint identity {{9, 1, 4}, 1, \"L1\"}"
"PASS: ""pinned accepted finite checkpoint {{9, 1, 4}, 1, \"Regular\"}"
"PASS: ""exact accepted finite checkpoint identity {{9, 1, 4}, 1, \"Regular\"}"
"PASS: ""pinned accepted finite checkpoint {{9, 1, 4}, -1, \"Delta\"}"
"PASS: ""exact accepted finite checkpoint identity {{9, 1, 4}, -1, \"Delta\"}"
"PASS: ""pinned accepted finite checkpoint {{9, 1, 4}, -1, \"L0\"}"
"PASS: ""exact accepted finite checkpoint identity {{9, 1, 4}, -1, \"L0\"}"
"PASS: ""pinned accepted finite checkpoint {{9, 1, 4}, -1, \"L1\"}"
"PASS: ""exact accepted finite checkpoint identity {{9, 1, 4}, -1, \"L1\"}"
"PASS: ""pinned accepted finite checkpoint {{9, 1, 4}, -1, \"Regular\"}"
"PASS: ""exact accepted finite checkpoint identity {{9, 1, 4}, -1, \"Regular\"}"
"PASS: ""real endpoint branches share a boundary"
"PASS: ""pinned accepted finite checkpoint {{9, 1, 4}, 0, \"Delta\"}"
"PASS: ""exact accepted finite checkpoint identity {{9, 1, 4}, 0, \"Delta\"}"
"PASS: ""pinned accepted finite checkpoint {{9, 1, 4}, 0, \"L0\"}"
"PASS: ""exact accepted finite checkpoint identity {{9, 1, 4}, 0, \"L0\"}"
"PASS: ""pinned accepted finite checkpoint {{9, 1, 4}, 0, \"L1\"}"
"PASS: ""exact accepted finite checkpoint identity {{9, 1, 4}, 0, \"L1\"}"
"PASS: ""pinned accepted finite checkpoint {{9, 1, 4}, 0, \"Regular\"}"
"PASS: ""exact accepted finite checkpoint identity {{9, 1, 4}, 0, \"Regular\"}"
"PASS: ""finite physical component"
"FINITE_COMPONENT_MEMORY "{9, 1, 4}" before "4354792304" after "4358789816
"PASS: ""pinned accepted finite checkpoint {{9, 2, 1}, 1, \"Delta\"}"
"PASS: ""exact accepted finite checkpoint identity {{9, 2, 1}, 1, \"Delta\"}"
"PASS: ""pinned accepted finite checkpoint {{9, 2, 1}, 1, \"L0\"}"
"PASS: ""exact accepted finite checkpoint identity {{9, 2, 1}, 1, \"L0\"}"
"PASS: ""pinned accepted finite checkpoint {{9, 2, 1}, 1, \"L1\"}"
"PASS: ""exact accepted finite checkpoint identity {{9, 2, 1}, 1, \"L1\"}"
"PASS: ""pinned accepted finite checkpoint {{9, 2, 1}, 1, \"Regular\"}"
"PASS: ""exact accepted finite checkpoint identity {{9, 2, 1}, 1, \"Regular\"}"
"PASS: ""pinned accepted finite checkpoint {{9, 2, 1}, -1, \"Delta\"}"
"PASS: ""exact accepted finite checkpoint identity {{9, 2, 1}, -1, \"Delta\"}"
"PASS: ""pinned accepted finite checkpoint {{9, 2, 1}, -1, \"L0\"}"
"PASS: ""exact accepted finite checkpoint identity {{9, 2, 1}, -1, \"L0\"}"
"PASS: ""pinned accepted finite checkpoint {{9, 2, 1}, -1, \"L1\"}"
"PASS: ""exact accepted finite checkpoint identity {{9, 2, 1}, -1, \"L1\"}"
"PASS: ""pinned accepted finite checkpoint {{9, 2, 1}, -1, \"Regular\"}"
"PASS: ""exact accepted finite checkpoint identity {{9, 2, 1}, -1, \"Regular\"}"
"PASS: ""real endpoint branches share a boundary"
"PASS: ""pinned accepted finite checkpoint {{9, 2, 1}, 0, \"Delta\"}"
"PASS: ""exact accepted finite checkpoint identity {{9, 2, 1}, 0, \"Delta\"}"
"PASS: ""pinned accepted finite checkpoint {{9, 2, 1}, 0, \"L0\"}"
"PASS: ""exact accepted finite checkpoint identity {{9, 2, 1}, 0, \"L0\"}"
"PASS: ""pinned accepted finite checkpoint {{9, 2, 1}, 0, \"L1\"}"
"PASS: ""exact accepted finite checkpoint identity {{9, 2, 1}, 0, \"L1\"}"
"PASS: ""pinned accepted finite checkpoint {{9, 2, 1}, 0, \"Regular\"}"
"PASS: ""exact accepted finite checkpoint identity {{9, 2, 1}, 0, \"Regular\"}"
"PASS: ""finite physical component"
"FINITE_COMPONENT_MEMORY "{9, 2, 1}" before "4358789712" after "4358807632
"PASS: ""pinned accepted finite checkpoint {{9, 2, 2}, 1, \"Delta\"}"
"PASS: ""exact accepted finite checkpoint identity {{9, 2, 2}, 1, \"Delta\"}"
"PASS: ""pinned accepted finite checkpoint {{9, 2, 2}, 1, \"L0\"}"
"PASS: ""exact accepted finite checkpoint identity {{9, 2, 2}, 1, \"L0\"}"
"PASS: ""pinned accepted finite checkpoint {{9, 2, 2}, 1, \"L1\"}"
"PASS: ""exact accepted finite checkpoint identity {{9, 2, 2}, 1, \"L1\"}"
"PASS: ""pinned accepted finite checkpoint {{9, 2, 2}, 1, \"Regular\"}"
"PASS: ""exact accepted finite checkpoint identity {{9, 2, 2}, 1, \"Regular\"}"
"PASS: ""pinned accepted finite checkpoint {{9, 2, 2}, -1, \"Delta\"}"
"PASS: ""exact accepted finite checkpoint identity {{9, 2, 2}, -1, \"Delta\"}"
"PASS: ""pinned accepted finite checkpoint {{9, 2, 2}, -1, \"L0\"}"
"PASS: ""exact accepted finite checkpoint identity {{9, 2, 2}, -1, \"L0\"}"
"PASS: ""pinned accepted finite checkpoint {{9, 2, 2}, -1, \"L1\"}"
"PASS: ""exact accepted finite checkpoint identity {{9, 2, 2}, -1, \"L1\"}"
"PASS: ""pinned accepted finite checkpoint {{9, 2, 2}, -1, \"Regular\"}"
"PASS: ""exact accepted finite checkpoint identity {{9, 2, 2}, -1, \"Regular\"}"
"PASS: ""real endpoint branches share a boundary"
"PASS: ""pinned accepted finite checkpoint {{9, 2, 2}, 0, \"Delta\"}"
"PASS: ""exact accepted finite checkpoint identity {{9, 2, 2}, 0, \"Delta\"}"
"PASS: ""pinned accepted finite checkpoint {{9, 2, 2}, 0, \"L0\"}"
"PASS: ""exact accepted finite checkpoint identity {{9, 2, 2}, 0, \"L0\"}"
"PASS: ""pinned accepted finite checkpoint {{9, 2, 2}, 0, \"L1\"}"
"PASS: ""exact accepted finite checkpoint identity {{9, 2, 2}, 0, \"L1\"}"
"PASS: ""pinned accepted finite checkpoint {{9, 2, 2}, 0, \"Regular\"}"
"PASS: ""exact accepted finite checkpoint identity {{9, 2, 2}, 0, \"Regular\"}"
"PASS: ""finite physical component"
"FINITE_COMPONENT_MEMORY "{9, 2, 2}" before "4358807528" after "4358825576
"PASS: ""pinned accepted finite checkpoint {{9, 2, 3}, 1, \"Delta\"}"
"PASS: ""exact accepted finite checkpoint identity {{9, 2, 3}, 1, \"Delta\"}"
"PASS: ""pinned accepted finite checkpoint {{9, 2, 3}, 1, \"L0\"}"
"PASS: ""exact accepted finite checkpoint identity {{9, 2, 3}, 1, \"L0\"}"
"PASS: ""pinned accepted finite checkpoint {{9, 2, 3}, 1, \"L1\"}"
"PASS: ""exact accepted finite checkpoint identity {{9, 2, 3}, 1, \"L1\"}"
"PASS: ""pinned accepted finite checkpoint {{9, 2, 3}, 1, \"Regular\"}"
"PASS: ""exact accepted finite checkpoint identity {{9, 2, 3}, 1, \"Regular\"}"
"PASS: ""pinned accepted finite checkpoint {{9, 2, 3}, -1, \"Delta\"}"
"PASS: ""exact accepted finite checkpoint identity {{9, 2, 3}, -1, \"Delta\"}"
"PASS: ""pinned accepted finite checkpoint {{9, 2, 3}, -1, \"L0\"}"
"PASS: ""exact accepted finite checkpoint identity {{9, 2, 3}, -1, \"L0\"}"
"PASS: ""pinned accepted finite checkpoint {{9, 2, 3}, -1, \"L1\"}"
"PASS: ""exact accepted finite checkpoint identity {{9, 2, 3}, -1, \"L1\"}"
"PASS: ""pinned accepted finite checkpoint {{9, 2, 3}, -1, \"Regular\"}"
"PASS: ""exact accepted finite checkpoint identity {{9, 2, 3}, -1, \"Regular\"}"
"PASS: ""real endpoint branches share a boundary"
"PASS: ""pinned accepted finite checkpoint {{9, 2, 3}, 0, \"Delta\"}"
"PASS: ""exact accepted finite checkpoint identity {{9, 2, 3}, 0, \"Delta\"}"
"PASS: ""pinned accepted finite checkpoint {{9, 2, 3}, 0, \"L0\"}"
"PASS: ""exact accepted finite checkpoint identity {{9, 2, 3}, 0, \"L0\"}"
"PASS: ""pinned accepted finite checkpoint {{9, 2, 3}, 0, \"L1\"}"
"PASS: ""exact accepted finite checkpoint identity {{9, 2, 3}, 0, \"L1\"}"
"PASS: ""pinned accepted finite checkpoint {{9, 2, 3}, 0, \"Regular\"}"
"PASS: ""exact accepted finite checkpoint identity {{9, 2, 3}, 0, \"Regular\"}"
"PASS: ""finite physical component"
"FINITE_COMPONENT_MEMORY "{9, 2, 3}" before "4358825472" after "4358843344
"PASS: ""pinned accepted finite checkpoint {{9, 2, 4}, 1, \"Delta\"}"
"PASS: ""exact accepted finite checkpoint identity {{9, 2, 4}, 1, \"Delta\"}"
"PASS: ""pinned accepted finite checkpoint {{9, 2, 4}, 1, \"L0\"}"
"PASS: ""exact accepted finite checkpoint identity {{9, 2, 4}, 1, \"L0\"}"
"PASS: ""pinned accepted finite checkpoint {{9, 2, 4}, 1, \"L1\"}"
"PASS: ""exact accepted finite checkpoint identity {{9, 2, 4}, 1, \"L1\"}"
"PASS: ""pinned accepted finite checkpoint {{9, 2, 4}, 1, \"Regular\"}"
"PASS: ""exact accepted finite checkpoint identity {{9, 2, 4}, 1, \"Regular\"}"
"PASS: ""pinned accepted finite checkpoint {{9, 2, 4}, -1, \"Delta\"}"
"PASS: ""exact accepted finite checkpoint identity {{9, 2, 4}, -1, \"Delta\"}"
"PASS: ""pinned accepted finite checkpoint {{9, 2, 4}, -1, \"L0\"}"
"PASS: ""exact accepted finite checkpoint identity {{9, 2, 4}, -1, \"L0\"}"
"PASS: ""pinned accepted finite checkpoint {{9, 2, 4}, -1, \"L1\"}"
"PASS: ""exact accepted finite checkpoint identity {{9, 2, 4}, -1, \"L1\"}"
"PASS: ""pinned accepted finite checkpoint {{9, 2, 4}, -1, \"Regular\"}"
"PASS: ""exact accepted finite checkpoint identity {{9, 2, 4}, -1, \"Regular\"}"
"PASS: ""real endpoint branches share a boundary"
"PASS: ""pinned accepted finite checkpoint {{9, 2, 4}, 0, \"Delta\"}"
"PASS: ""exact accepted finite checkpoint identity {{9, 2, 4}, 0, \"Delta\"}"
"PASS: ""pinned accepted finite checkpoint {{9, 2, 4}, 0, \"L0\"}"
"PASS: ""exact accepted finite checkpoint identity {{9, 2, 4}, 0, \"L0\"}"
"PASS: ""pinned accepted finite checkpoint {{9, 2, 4}, 0, \"L1\"}"
"PASS: ""exact accepted finite checkpoint identity {{9, 2, 4}, 0, \"L1\"}"
"PASS: ""pinned accepted finite checkpoint {{9, 2, 4}, 0, \"Regular\"}"
"PASS: ""exact accepted finite checkpoint identity {{9, 2, 4}, 0, \"Regular\"}"
"PASS: ""finite physical component"
"FINITE_COMPONENT_MEMORY "{9, 2, 4}" before "4358843240" after "4361417048
"PASS: ""pinned accepted finite checkpoint {{9, 3, 1}, 1, \"Delta\"}"
"PASS: ""exact accepted finite checkpoint identity {{9, 3, 1}, 1, \"Delta\"}"
"PASS: ""pinned accepted finite checkpoint {{9, 3, 1}, 1, \"L0\"}"
"PASS: ""exact accepted finite checkpoint identity {{9, 3, 1}, 1, \"L0\"}"
"PASS: ""pinned accepted finite checkpoint {{9, 3, 1}, 1, \"L1\"}"
"PASS: ""exact accepted finite checkpoint identity {{9, 3, 1}, 1, \"L1\"}"
"PASS: ""pinned accepted finite checkpoint {{9, 3, 1}, 1, \"Regular\"}"
"PASS: ""exact accepted finite checkpoint identity {{9, 3, 1}, 1, \"Regular\"}"
"PASS: ""pinned accepted finite checkpoint {{9, 3, 1}, -1, \"Delta\"}"
"PASS: ""exact accepted finite checkpoint identity {{9, 3, 1}, -1, \"Delta\"}"
"PASS: ""pinned accepted finite checkpoint {{9, 3, 1}, -1, \"L0\"}"
"PASS: ""exact accepted finite checkpoint identity {{9, 3, 1}, -1, \"L0\"}"
"PASS: ""pinned accepted finite checkpoint {{9, 3, 1}, -1, \"L1\"}"
"PASS: ""exact accepted finite checkpoint identity {{9, 3, 1}, -1, \"L1\"}"
"PASS: ""pinned accepted finite checkpoint {{9, 3, 1}, -1, \"Regular\"}"
"PASS: ""exact accepted finite checkpoint identity {{9, 3, 1}, -1, \"Regular\"}"
"PASS: ""real endpoint branches share a boundary"
"PASS: ""pinned accepted finite checkpoint {{9, 3, 1}, 0, \"Delta\"}"
"PASS: ""exact accepted finite checkpoint identity {{9, 3, 1}, 0, \"Delta\"}"
"PASS: ""pinned accepted finite checkpoint {{9, 3, 1}, 0, \"L0\"}"
"PASS: ""exact accepted finite checkpoint identity {{9, 3, 1}, 0, \"L0\"}"
"PASS: ""pinned accepted finite checkpoint {{9, 3, 1}, 0, \"L1\"}"
"PASS: ""exact accepted finite checkpoint identity {{9, 3, 1}, 0, \"L1\"}"
"PASS: ""pinned accepted finite checkpoint {{9, 3, 1}, 0, \"Regular\"}"
"PASS: ""exact accepted finite checkpoint identity {{9, 3, 1}, 0, \"Regular\"}"
"PASS: ""finite physical component"
"FINITE_COMPONENT_MEMORY "{9, 3, 1}" before "4361416944" after "4361434920
"PASS: ""pinned accepted finite checkpoint {{9, 3, 2}, 1, \"Delta\"}"
"PASS: ""exact accepted finite checkpoint identity {{9, 3, 2}, 1, \"Delta\"}"
"PASS: ""pinned accepted finite checkpoint {{9, 3, 2}, 1, \"L0\"}"
"PASS: ""exact accepted finite checkpoint identity {{9, 3, 2}, 1, \"L0\"}"
"PASS: ""pinned accepted finite checkpoint {{9, 3, 2}, 1, \"L1\"}"
"PASS: ""exact accepted finite checkpoint identity {{9, 3, 2}, 1, \"L1\"}"
"PASS: ""pinned accepted finite checkpoint {{9, 3, 2}, 1, \"Regular\"}"
"PASS: ""exact accepted finite checkpoint identity {{9, 3, 2}, 1, \"Regular\"}"
"PASS: ""pinned accepted finite checkpoint {{9, 3, 2}, -1, \"Delta\"}"
"PASS: ""exact accepted finite checkpoint identity {{9, 3, 2}, -1, \"Delta\"}"
"PASS: ""pinned accepted finite checkpoint {{9, 3, 2}, -1, \"L0\"}"
"PASS: ""exact accepted finite checkpoint identity {{9, 3, 2}, -1, \"L0\"}"
"PASS: ""pinned accepted finite checkpoint {{9, 3, 2}, -1, \"L1\"}"
"PASS: ""exact accepted finite checkpoint identity {{9, 3, 2}, -1, \"L1\"}"
"PASS: ""pinned accepted finite checkpoint {{9, 3, 2}, -1, \"Regular\"}"
"PASS: ""exact accepted finite checkpoint identity {{9, 3, 2}, -1, \"Regular\"}"
"PASS: ""real endpoint branches share a boundary"
"PASS: ""pinned accepted finite checkpoint {{9, 3, 2}, 0, \"Delta\"}"
"PASS: ""exact accepted finite checkpoint identity {{9, 3, 2}, 0, \"Delta\"}"
"PASS: ""pinned accepted finite checkpoint {{9, 3, 2}, 0, \"L0\"}"
"PASS: ""exact accepted finite checkpoint identity {{9, 3, 2}, 0, \"L0\"}"
"PASS: ""pinned accepted finite checkpoint {{9, 3, 2}, 0, \"L1\"}"
"PASS: ""exact accepted finite checkpoint identity {{9, 3, 2}, 0, \"L1\"}"
"PASS: ""pinned accepted finite checkpoint {{9, 3, 2}, 0, \"Regular\"}"
"PASS: ""exact accepted finite checkpoint identity {{9, 3, 2}, 0, \"Regular\"}"
"PASS: ""finite physical component"
"FINITE_COMPONENT_MEMORY "{9, 3, 2}" before "4361434816" after "4361452904
"PASS: ""pinned accepted finite checkpoint {{9, 3, 3}, 1, \"Delta\"}"
"PASS: ""exact accepted finite checkpoint identity {{9, 3, 3}, 1, \"Delta\"}"
"PASS: ""pinned accepted finite checkpoint {{9, 3, 3}, 1, \"L0\"}"
"PASS: ""exact accepted finite checkpoint identity {{9, 3, 3}, 1, \"L0\"}"
"PASS: ""pinned accepted finite checkpoint {{9, 3, 3}, 1, \"L1\"}"
"PASS: ""exact accepted finite checkpoint identity {{9, 3, 3}, 1, \"L1\"}"
"PASS: ""pinned accepted finite checkpoint {{9, 3, 3}, 1, \"Regular\"}"
"PASS: ""exact accepted finite checkpoint identity {{9, 3, 3}, 1, \"Regular\"}"
"PASS: ""pinned accepted finite checkpoint {{9, 3, 3}, -1, \"Delta\"}"
"PASS: ""exact accepted finite checkpoint identity {{9, 3, 3}, -1, \"Delta\"}"
"PASS: ""pinned accepted finite checkpoint {{9, 3, 3}, -1, \"L0\"}"
"PASS: ""exact accepted finite checkpoint identity {{9, 3, 3}, -1, \"L0\"}"
"PASS: ""pinned accepted finite checkpoint {{9, 3, 3}, -1, \"L1\"}"
"PASS: ""exact accepted finite checkpoint identity {{9, 3, 3}, -1, \"L1\"}"
"PASS: ""pinned accepted finite checkpoint {{9, 3, 3}, -1, \"Regular\"}"
"PASS: ""exact accepted finite checkpoint identity {{9, 3, 3}, -1, \"Regular\"}"
"PASS: ""real endpoint branches share a boundary"
"PASS: ""pinned accepted finite checkpoint {{9, 3, 3}, 0, \"Delta\"}"
"PASS: ""exact accepted finite checkpoint identity {{9, 3, 3}, 0, \"Delta\"}"
"PASS: ""pinned accepted finite checkpoint {{9, 3, 3}, 0, \"L0\"}"
"PASS: ""exact accepted finite checkpoint identity {{9, 3, 3}, 0, \"L0\"}"
"PASS: ""pinned accepted finite checkpoint {{9, 3, 3}, 0, \"L1\"}"
"PASS: ""exact accepted finite checkpoint identity {{9, 3, 3}, 0, \"L1\"}"
"PASS: ""pinned accepted finite checkpoint {{9, 3, 3}, 0, \"Regular\"}"
"PASS: ""exact accepted finite checkpoint identity {{9, 3, 3}, 0, \"Regular\"}"
"PASS: ""finite physical component"
"FINITE_COMPONENT_MEMORY "{9, 3, 3}" before "4361452800" after "4361470664
"PASS: ""pinned accepted finite checkpoint {{9, 3, 4}, 1, \"Delta\"}"
"PASS: ""exact accepted finite checkpoint identity {{9, 3, 4}, 1, \"Delta\"}"
"PASS: ""pinned accepted finite checkpoint {{9, 3, 4}, 1, \"L0\"}"
"PASS: ""exact accepted finite checkpoint identity {{9, 3, 4}, 1, \"L0\"}"
"PASS: ""pinned accepted finite checkpoint {{9, 3, 4}, 1, \"L1\"}"
"PASS: ""exact accepted finite checkpoint identity {{9, 3, 4}, 1, \"L1\"}"
"PASS: ""pinned accepted finite checkpoint {{9, 3, 4}, 1, \"Regular\"}"
"PASS: ""exact accepted finite checkpoint identity {{9, 3, 4}, 1, \"Regular\"}"
"PASS: ""pinned accepted finite checkpoint {{9, 3, 4}, -1, \"Delta\"}"
"PASS: ""exact accepted finite checkpoint identity {{9, 3, 4}, -1, \"Delta\"}"
"PASS: ""pinned accepted finite checkpoint {{9, 3, 4}, -1, \"L0\"}"
"PASS: ""exact accepted finite checkpoint identity {{9, 3, 4}, -1, \"L0\"}"
"PASS: ""pinned accepted finite checkpoint {{9, 3, 4}, -1, \"L1\"}"
"PASS: ""exact accepted finite checkpoint identity {{9, 3, 4}, -1, \"L1\"}"
"PASS: ""pinned accepted finite checkpoint {{9, 3, 4}, -1, \"Regular\"}"
"PASS: ""exact accepted finite checkpoint identity {{9, 3, 4}, -1, \"Regular\"}"
"PASS: ""real endpoint branches share a boundary"
"PASS: ""pinned accepted finite checkpoint {{9, 3, 4}, 0, \"Delta\"}"
"PASS: ""exact accepted finite checkpoint identity {{9, 3, 4}, 0, \"Delta\"}"
"PASS: ""pinned accepted finite checkpoint {{9, 3, 4}, 0, \"L0\"}"
"PASS: ""exact accepted finite checkpoint identity {{9, 3, 4}, 0, \"L0\"}"
"PASS: ""pinned accepted finite checkpoint {{9, 3, 4}, 0, \"L1\"}"
"PASS: ""exact accepted finite checkpoint identity {{9, 3, 4}, 0, \"L1\"}"
"PASS: ""pinned accepted finite checkpoint {{9, 3, 4}, 0, \"Regular\"}"
"PASS: ""exact accepted finite checkpoint identity {{9, 3, 4}, 0, \"Regular\"}"
"PASS: ""finite physical component"
"FINITE_COMPONENT_MEMORY "{9, 3, 4}" before "4361470560" after "4361488368
"PASS: ""pinned accepted finite checkpoint {{9, 4, 1}, 1, \"Delta\"}"
"PASS: ""exact accepted finite checkpoint identity {{9, 4, 1}, 1, \"Delta\"}"
"PASS: ""pinned accepted finite checkpoint {{9, 4, 1}, 1, \"L0\"}"
"PASS: ""exact accepted finite checkpoint identity {{9, 4, 1}, 1, \"L0\"}"
"PASS: ""pinned accepted finite checkpoint {{9, 4, 1}, 1, \"L1\"}"
"PASS: ""exact accepted finite checkpoint identity {{9, 4, 1}, 1, \"L1\"}"
"PASS: ""pinned accepted finite checkpoint {{9, 4, 1}, 1, \"Regular\"}"
"PASS: ""exact accepted finite checkpoint identity {{9, 4, 1}, 1, \"Regular\"}"
"PASS: ""pinned accepted finite checkpoint {{9, 4, 1}, -1, \"Delta\"}"
"PASS: ""exact accepted finite checkpoint identity {{9, 4, 1}, -1, \"Delta\"}"
"PASS: ""pinned accepted finite checkpoint {{9, 4, 1}, -1, \"L0\"}"
"PASS: ""exact accepted finite checkpoint identity {{9, 4, 1}, -1, \"L0\"}"
"PASS: ""pinned accepted finite checkpoint {{9, 4, 1}, -1, \"L1\"}"
"PASS: ""exact accepted finite checkpoint identity {{9, 4, 1}, -1, \"L1\"}"
"PASS: ""pinned accepted finite checkpoint {{9, 4, 1}, -1, \"Regular\"}"
"PASS: ""exact accepted finite checkpoint identity {{9, 4, 1}, -1, \"Regular\"}"
"PASS: ""real endpoint branches share a boundary"
"PASS: ""pinned accepted finite checkpoint {{9, 4, 1}, 0, \"Delta\"}"
"PASS: ""exact accepted finite checkpoint identity {{9, 4, 1}, 0, \"Delta\"}"
"PASS: ""pinned accepted finite checkpoint {{9, 4, 1}, 0, \"L0\"}"
"PASS: ""exact accepted finite checkpoint identity {{9, 4, 1}, 0, \"L0\"}"
"PASS: ""pinned accepted finite checkpoint {{9, 4, 1}, 0, \"L1\"}"
"PASS: ""exact accepted finite checkpoint identity {{9, 4, 1}, 0, \"L1\"}"
"PASS: ""pinned accepted finite checkpoint {{9, 4, 1}, 0, \"Regular\"}"
"PASS: ""exact accepted finite checkpoint identity {{9, 4, 1}, 0, \"Regular\"}"
"PASS: ""finite physical component"
"FINITE_COMPONENT_MEMORY "{9, 4, 1}" before "4361488264" after "4365671288
"PASS: ""pinned accepted finite checkpoint {{9, 4, 2}, 1, \"Delta\"}"
"PASS: ""exact accepted finite checkpoint identity {{9, 4, 2}, 1, \"Delta\"}"
"PASS: ""pinned accepted finite checkpoint {{9, 4, 2}, 1, \"L0\"}"
"PASS: ""exact accepted finite checkpoint identity {{9, 4, 2}, 1, \"L0\"}"
"PASS: ""pinned accepted finite checkpoint {{9, 4, 2}, 1, \"L1\"}"
"PASS: ""exact accepted finite checkpoint identity {{9, 4, 2}, 1, \"L1\"}"
"PASS: ""pinned accepted finite checkpoint {{9, 4, 2}, 1, \"Regular\"}"
"PASS: ""exact accepted finite checkpoint identity {{9, 4, 2}, 1, \"Regular\"}"
"PASS: ""pinned accepted finite checkpoint {{9, 4, 2}, -1, \"Delta\"}"
"PASS: ""exact accepted finite checkpoint identity {{9, 4, 2}, -1, \"Delta\"}"
"PASS: ""pinned accepted finite checkpoint {{9, 4, 2}, -1, \"L0\"}"
"PASS: ""exact accepted finite checkpoint identity {{9, 4, 2}, -1, \"L0\"}"
"PASS: ""pinned accepted finite checkpoint {{9, 4, 2}, -1, \"L1\"}"
"PASS: ""exact accepted finite checkpoint identity {{9, 4, 2}, -1, \"L1\"}"
"PASS: ""pinned accepted finite checkpoint {{9, 4, 2}, -1, \"Regular\"}"
"PASS: ""exact accepted finite checkpoint identity {{9, 4, 2}, -1, \"Regular\"}"
"PASS: ""real endpoint branches share a boundary"
"PASS: ""pinned accepted finite checkpoint {{9, 4, 2}, 0, \"Delta\"}"
"PASS: ""exact accepted finite checkpoint identity {{9, 4, 2}, 0, \"Delta\"}"
"PASS: ""pinned accepted finite checkpoint {{9, 4, 2}, 0, \"L0\"}"
"PASS: ""exact accepted finite checkpoint identity {{9, 4, 2}, 0, \"L0\"}"
"PASS: ""pinned accepted finite checkpoint {{9, 4, 2}, 0, \"L1\"}"
"PASS: ""exact accepted finite checkpoint identity {{9, 4, 2}, 0, \"L1\"}"
"PASS: ""pinned accepted finite checkpoint {{9, 4, 2}, 0, \"Regular\"}"
"PASS: ""exact accepted finite checkpoint identity {{9, 4, 2}, 0, \"Regular\"}"
"PASS: ""finite physical component"
"FINITE_COMPONENT_MEMORY "{9, 4, 2}" before "4365671184" after "4368675912
"PASS: ""pinned accepted finite checkpoint {{9, 4, 3}, 1, \"Delta\"}"
"PASS: ""exact accepted finite checkpoint identity {{9, 4, 3}, 1, \"Delta\"}"
"PASS: ""pinned accepted finite checkpoint {{9, 4, 3}, 1, \"L0\"}"
"PASS: ""exact accepted finite checkpoint identity {{9, 4, 3}, 1, \"L0\"}"
"PASS: ""pinned accepted finite checkpoint {{9, 4, 3}, 1, \"L1\"}"
"PASS: ""exact accepted finite checkpoint identity {{9, 4, 3}, 1, \"L1\"}"
"PASS: ""pinned accepted finite checkpoint {{9, 4, 3}, 1, \"Regular\"}"
"PASS: ""exact accepted finite checkpoint identity {{9, 4, 3}, 1, \"Regular\"}"
"PASS: ""pinned accepted finite checkpoint {{9, 4, 3}, -1, \"Delta\"}"
"PASS: ""exact accepted finite checkpoint identity {{9, 4, 3}, -1, \"Delta\"}"
"PASS: ""pinned accepted finite checkpoint {{9, 4, 3}, -1, \"L0\"}"
"PASS: ""exact accepted finite checkpoint identity {{9, 4, 3}, -1, \"L0\"}"
"PASS: ""pinned accepted finite checkpoint {{9, 4, 3}, -1, \"L1\"}"
"PASS: ""exact accepted finite checkpoint identity {{9, 4, 3}, -1, \"L1\"}"
"PASS: ""pinned accepted finite checkpoint {{9, 4, 3}, -1, \"Regular\"}"
"PASS: ""exact accepted finite checkpoint identity {{9, 4, 3}, -1, \"Regular\"}"
"PASS: ""real endpoint branches share a boundary"
"PASS: ""pinned accepted finite checkpoint {{9, 4, 3}, 0, \"Delta\"}"
"PASS: ""exact accepted finite checkpoint identity {{9, 4, 3}, 0, \"Delta\"}"
"PASS: ""pinned accepted finite checkpoint {{9, 4, 3}, 0, \"L0\"}"
"PASS: ""exact accepted finite checkpoint identity {{9, 4, 3}, 0, \"L0\"}"
"PASS: ""pinned accepted finite checkpoint {{9, 4, 3}, 0, \"L1\"}"
"PASS: ""exact accepted finite checkpoint identity {{9, 4, 3}, 0, \"L1\"}"
"PASS: ""pinned accepted finite checkpoint {{9, 4, 3}, 0, \"Regular\"}"
"PASS: ""exact accepted finite checkpoint identity {{9, 4, 3}, 0, \"Regular\"}"
"PASS: ""finite physical component"
"FINITE_COMPONENT_MEMORY "{9, 4, 3}" before "4368675808" after "4368693672
"PASS: ""pinned accepted finite checkpoint {{9, 4, 4}, 1, \"Delta\"}"
"PASS: ""exact accepted finite checkpoint identity {{9, 4, 4}, 1, \"Delta\"}"
"PASS: ""pinned accepted finite checkpoint {{9, 4, 4}, 1, \"L0\"}"
"PASS: ""exact accepted finite checkpoint identity {{9, 4, 4}, 1, \"L0\"}"
"PASS: ""pinned accepted finite checkpoint {{9, 4, 4}, 1, \"L1\"}"
"PASS: ""exact accepted finite checkpoint identity {{9, 4, 4}, 1, \"L1\"}"
"PASS: ""pinned accepted finite checkpoint {{9, 4, 4}, 1, \"Regular\"}"
"PASS: ""exact accepted finite checkpoint identity {{9, 4, 4}, 1, \"Regular\"}"
"PASS: ""pinned accepted finite checkpoint {{9, 4, 4}, -1, \"Delta\"}"
"PASS: ""exact accepted finite checkpoint identity {{9, 4, 4}, -1, \"Delta\"}"
"PASS: ""pinned accepted finite checkpoint {{9, 4, 4}, -1, \"L0\"}"
"PASS: ""exact accepted finite checkpoint identity {{9, 4, 4}, -1, \"L0\"}"
"PASS: ""pinned accepted finite checkpoint {{9, 4, 4}, -1, \"L1\"}"
"PASS: ""exact accepted finite checkpoint identity {{9, 4, 4}, -1, \"L1\"}"
"PASS: ""pinned accepted finite checkpoint {{9, 4, 4}, -1, \"Regular\"}"
"PASS: ""exact accepted finite checkpoint identity {{9, 4, 4}, -1, \"Regular\"}"
"PASS: ""real endpoint branches share a boundary"
"PASS: ""pinned accepted finite checkpoint {{9, 4, 4}, 0, \"Delta\"}"
"PASS: ""exact accepted finite checkpoint identity {{9, 4, 4}, 0, \"Delta\"}"
"PASS: ""pinned accepted finite checkpoint {{9, 4, 4}, 0, \"L0\"}"
"PASS: ""exact accepted finite checkpoint identity {{9, 4, 4}, 0, \"L0\"}"
"PASS: ""pinned accepted finite checkpoint {{9, 4, 4}, 0, \"L1\"}"
"PASS: ""exact accepted finite checkpoint identity {{9, 4, 4}, 0, \"L1\"}"
"PASS: ""pinned accepted finite checkpoint {{9, 4, 4}, 0, \"Regular\"}"
"PASS: ""exact accepted finite checkpoint identity {{9, 4, 4}, 0, \"Regular\"}"
"PASS: ""finite physical component"
"FINITE_COMPONENT_MEMORY "{9, 4, 4}" before "4368693568" after "4368711600
"PASS: ""all physical components finite"
"PASS: ""all component checks accepted"
"PASS: ""finite original hat projections"
"PASS: ""F1 original unpolarized Born hat"
"PASS: ""accepted grouped actual polynomial backend"
"PASS: ""unique accepted native backend path"
"PASS: ""entire native polynomial transfer retained"
"REFERENCE_PRECOMPRESSION input_bytes "16" output_bytes "16
"PASS: ""F1 original unpolarized finite hat {1, \"Delta\"}"
"REFERENCE_PRECOMPRESSION input_bytes "16" output_bytes "16
"PASS: ""F1 original unpolarized finite hat {1, \"L0\"}"
"REFERENCE_PRECOMPRESSION input_bytes "16" output_bytes "16
"PASS: ""F1 original unpolarized finite hat {1, \"L1\"}"
"PASS: ""unassigned exact functional generators"
"PASS: ""exact full functional-atom restoration"
"PASS: ""accepted exact polynomial backend retained"
"PASS: ""all physical functional generators restored"
"REFERENCE_PRECOMPRESSION input_bytes "305972088" output_bytes "100114160
"PASS: ""F1 original unpolarized finite hat {1, \"Regular\"}"
"REFERENCE_PRECOMPRESSION input_bytes "16" output_bytes "16
"PASS: ""F1 original unpolarized finite hat {-1, \"Delta\"}"
"REFERENCE_PRECOMPRESSION input_bytes "16" output_bytes "16
"PASS: ""F1 original unpolarized finite hat {-1, \"L0\"}"
"REFERENCE_PRECOMPRESSION input_bytes "16" output_bytes "16
"PASS: ""F1 original unpolarized finite hat {-1, \"L1\"}"
"REFERENCE_PRECOMPRESSION input_bytes "346606152" output_bytes "112961864
"PASS: ""F1 original unpolarized finite hat {-1, \"Regular\"}"
"REFERENCE_PRECOMPRESSION input_bytes "16" output_bytes "16
"PASS: ""F1 original unpolarized finite hat {0, \"Delta\"}"
"REFERENCE_PRECOMPRESSION input_bytes "16" output_bytes "16
"PASS: ""F1 original unpolarized finite hat {0, \"L0\"}"
"REFERENCE_PRECOMPRESSION input_bytes "16" output_bytes "16
"PASS: ""F1 original unpolarized finite hat {0, \"L1\"}"
"REFERENCE_PRECOMPRESSION input_bytes "18949648" output_bytes "2242392
"PASS: ""F1 original unpolarized finite hat {0, \"Regular\"}"
"PASS: ""F2 original unpolarized Born hat"
"REFERENCE_PRECOMPRESSION input_bytes "16" output_bytes "16
"PASS: ""F2 original unpolarized finite hat {1, \"Delta\"}"
"REFERENCE_PRECOMPRESSION input_bytes "16" output_bytes "16
"PASS: ""F2 original unpolarized finite hat {1, \"L0\"}"
"REFERENCE_PRECOMPRESSION input_bytes "16" output_bytes "16
"PASS: ""F2 original unpolarized finite hat {1, \"L1\"}"
"REFERENCE_PRECOMPRESSION input_bytes "356215128" output_bytes "100626432
"PASS: ""F2 original unpolarized finite hat {1, \"Regular\"}"
"REFERENCE_PRECOMPRESSION input_bytes "16" output_bytes "16
"PASS: ""F2 original unpolarized finite hat {-1, \"Delta\"}"
"REFERENCE_PRECOMPRESSION input_bytes "16" output_bytes "16
"PASS: ""F2 original unpolarized finite hat {-1, \"L0\"}"
"REFERENCE_PRECOMPRESSION input_bytes "16" output_bytes "16
"PASS: ""F2 original unpolarized finite hat {-1, \"L1\"}"
"PASS: ""unassigned denominator generators"
"PASS: ""exact denominator-generator restoration"
"PASS: ""exact repeated opaque coefficient"
"PASS: ""unassigned opaque polynomial generators"
"PASS: ""exact full opaque-coefficient restoration"
"PASS: ""exact native distributive reconstruction"
"FACTORED_REFERENCE_TERMS count "73997" input_bytes "359740440" skeleton_bytes "14112000" terms_bytes "363101704
"PASS: ""raw scalar ratio exactly reconstructs"
"PASS: ""unassigned algebraic input generators"
"PASS: ""algebraic generators preserve the exact input"
"PASS: ""complete rational polynomial support"
"PASS: ""unassigned polynomial transfer generators"
"PASS: ""complete polynomial transfer text reconstructs"
"PASS: ""exact native polynomial JSON transfer"
"RECOIL_POLYNOMIAL_BACKEND_START input_bytes "359740440" transfer_bytes "47428354
"EXACT_DENOMINATOR_GROUPS 73997 335 2.028\nEXACT_GROUP_PREPARATION 16 335 16 2.119\nEXACT_GROUP_PREPARATION 32 335 32 2.214\nEXACT_GROUP_PREPARATION 48 335 48 2.281\nEXACT_GROUP_PREPARATION 64 335 64 2.363\nEXACT_GROUP_PREPARATION 80 335 80 2.438\nEXACT_GROUP_PREPARATION 96 335 96 2.491\nEXACT_GROUP_PREPARATION 112 335 112 2.577\nEXACT_GROUP_PREPARATION 128 335 128 2.611\nEXACT_GROUP_PREPARATION 144 335 144 2.665\nEXACT_GROUP_PREPARATION 160 335 160 2.702\nEXACT_GROUP_PREPARATION 176 335 176 2.722\nEXACT_GROUP_PREPARATION 192 335 192 2.758\nEXACT_GROUP_PREPARATION 208 335 208 2.786\nEXACT_GROUP_PREPARATION 224 335 224 2.841\nEXACT_GROUP_PREPARATION 240 335 240 2.889\nEXACT_GROUP_PREPARATION 256 335 256 3.002\nEXACT_GROUP_PREPARATION 272 335 272 3.14\nEXACT_GROUP_PREPARATION 288 335 288 3.313\nEXACT_GROUP_PREPARATION 304 335 304 3.38\nEXACT_GROUP_PREPARATION 320 335 320 3.421\nEXACT_GROUP_PREPARATION 335 335 335 3.453\nEXACT_POLYNOMIAL_SUM recoil_derivative 16 335 1.14\nEXACT_POLYNOMIAL_SUM recoil_derivative 32 335 1.258\nEXACT_POLYNOMIAL_SUM recoil_derivative 48 335 1.365\nEXACT_POLYNOMIAL_SUM recoil_derivative 64 335 1.514\nEXACT_POLYNOMIAL_SUM recoil_derivative 80 335 1.633\nEXACT_POLYNOMIAL_SUM recoil_derivative 96 335 1.744\nEXACT_POLYNOMIAL_SUM recoil_derivative 112 335 1.876\nEXACT_POLYNOMIAL_SUM recoil_derivative 128 335 1.975\nEXACT_POLYNOMIAL_SUM recoil_derivative 144 335 2.094\nEXACT_POLYNOMIAL_SUM recoil_derivative 160 335 2.206\nEXACT_POLYNOMIAL_SUM recoil_derivative 176 335 2.329\nEXACT_POLYNOMIAL_SUM recoil_derivative 192 335 2.48\nEXACT_POLYNOMIAL_SUM recoil_derivative 208 335 2.595\nEXACT_POLYNOMIAL_SUM recoil_derivative 224 335 2.776\nEXACT_POLYNOMIAL_SUM recoil_derivative 240 335 2.954\nEXACT_POLYNOMIAL_SUM recoil_derivative 256 335 3.127\nEXACT_POLYNOMIAL_SUM recoil_derivative 272 335 3.252\nEXACT_POLYNOMIAL_SUM recoil_derivative 288 335 3.391\nEXACT_POLYNOMIAL_SUM recoil_derivative 304 335 3.581\nEXACT_POLYNOMIAL_SUM recoil_derivative 320 335 3.771\nEXACT_POLYNOMIAL_SUM recoil_derivative 335 335 3.979\nPASS: exact grouped denominator polynomial sum\n"
""
"PASS: ""exact polynomial normalization completed"
"PASS: ""complete normalization backend identity"
"PASS: ""exact existing cancellation gates passed"
"PASS: ""complete physical scalar reconstruction"
"PASS: ""bounded normalized scalar cache"
"PASS: ""exact normalized scalar reload"
"RECOIL_POLYNOMIAL_ACCEPTED seconds "232.516477`8.817998727567652" input_bytes "359740440" output_bytes "14574784" backend_seconds "10.032028964000347
"REFERENCE_PRECOMPRESSION input_bytes "403792152" output_bytes "113527056
"FACTORED_REFERENCE_TERMS count "12449" input_bytes "38923984" skeleton_bytes "2753056" terms_bytes "38923984
"RECOIL_POLYNOMIAL_BACKEND_START input_bytes "38923984" transfer_bytes "5824830
"EXACT_DENOMINATOR_GROUPS 12449 8 0.637\nEXACT_GROUP_PREPARATION 8 8 4 0.67\nEXACT_POLYNOMIAL_SUM recoil_derivative 4 4 0.082\nPASS: exact grouped denominator polynomial sum\n"
""
"RECOIL_POLYNOMIAL_ACCEPTED seconds "29.70077`7.924312702153799" input_bytes "38923984" output_bytes "96880" backend_seconds "0.7840968939999584
"PASS: ""F2 original unpolarized finite hat {-1, \"Regular\"}"
"REFERENCE_PRECOMPRESSION input_bytes "16" output_bytes "16
"PASS: ""F2 original unpolarized finite hat {0, \"Delta\"}"
"REFERENCE_PRECOMPRESSION input_bytes "16" output_bytes "16
"PASS: ""F2 original unpolarized finite hat {0, \"L0\"}"
"REFERENCE_PRECOMPRESSION input_bytes "16" output_bytes "16
"PASS: ""F2 original unpolarized finite hat {0, \"L1\"}"
"FACTORED_REFERENCE_TERMS count "10054" input_bytes "21049848" skeleton_bytes "1742104" terms_bytes "21623952
"RECOIL_POLYNOMIAL_BACKEND_START input_bytes "21049848" transfer_bytes "3123361
"EXACT_DENOMINATOR_GROUPS 10054 425 0.138\nEXACT_GROUP_PREPARATION 16 425 16 0.156\nEXACT_GROUP_PREPARATION 32 425 32 0.172\nEXACT_GROUP_PREPARATION 48 425 48 0.192\nEXACT_GROUP_PREPARATION 64 425 64 0.204\nEXACT_GROUP_PREPARATION 80 425 80 0.216\nEXACT_GROUP_PREPARATION 96 425 96 0.229\nEXACT_GROUP_PREPARATION 112 425 112 0.243\nEXACT_GROUP_PREPARATION 128 425 128 0.256\nEXACT_GROUP_PREPARATION 144 425 144 0.27\nEXACT_GROUP_PREPARATION 160 425 160 0.284\nEXACT_GROUP_PREPARATION 176 425 176 0.301\nEXACT_GROUP_PREPARATION 192 425 192 0.318\nEXACT_GROUP_PREPARATION 208 425 208 0.332\nEXACT_GROUP_PREPARATION 224 425 224 0.351\nEXACT_GROUP_PREPARATION 240 425 240 0.365\nEXACT_GROUP_PREPARATION 256 425 256 0.385\nEXACT_GROUP_PREPARATION 272 425 272 0.398\nEXACT_GROUP_PREPARATION 288 425 288 0.408\nEXACT_GROUP_PREPARATION 304 425 304 0.43\nEXACT_GROUP_PREPARATION 320 425 320 0.443\nEXACT_GROUP_PREPARATION 336 425 336 0.454\nEXACT_GROUP_PREPARATION 352 425 352 0.467\nEXACT_GROUP_PREPARATION 368 425 368 0.482\nEXACT_GROUP_PREPARATION 384 425 384 0.491\nEXACT_GROUP_PREPARATION 400 425 400 0.507\nEXACT_GROUP_PREPARATION 416 425 416 0.52\nEXACT_GROUP_PREPARATION 425 425 425 0.526\nEXACT_POLYNOMIAL_SUM recoil_derivative 16 425 0.175\nEXACT_POLYNOMIAL_SUM recoil_derivative 32 425 0.177\nEXACT_POLYNOMIAL_SUM recoil_derivative 48 425 0.18\nEXACT_POLYNOMIAL_SUM recoil_derivative 64 425 0.181\nEXACT_POLYNOMIAL_SUM recoil_derivative 80 425 0.183\nEXACT_POLYNOMIAL_SUM recoil_derivative 96 425 0.185\nEXACT_POLYNOMIAL_SUM recoil_derivative 112 425 0.186\nEXACT_POLYNOMIAL_SUM recoil_derivative 128 425 0.187\nEXACT_POLYNOMIAL_SUM recoil_derivative 144 425 0.189\nEXACT_POLYNOMIAL_SUM recoil_derivative 160 425 0.191\nEXACT_POLYNOMIAL_SUM recoil_derivative 176 425 0.192\nEXACT_POLYNOMIAL_SUM recoil_derivative 192 425 0.194\nEXACT_POLYNOMIAL_SUM recoil_derivative 208 425 0.196\nEXACT_POLYNOMIAL_SUM recoil_derivative 224 425 0.198\nEXACT_POLYNOMIAL_SUM recoil_derivative 240 425 0.201\nEXACT_POLYNOMIAL_SUM recoil_derivative 256 425 0.203\nEXACT_POLYNOMIAL_SUM recoil_derivative 272 425 0.206\nEXACT_POLYNOMIAL_SUM recoil_derivative 288 425 0.209\nEXACT_POLYNOMIAL_SUM recoil_derivative 304 425 0.212\nEXACT_POLYNOMIAL_SUM recoil_derivative 320 425 0.214\nEXACT_POLYNOMIAL_SUM recoil_derivative 336 425 0.218\nEXACT_POLYNOMIAL_SUM recoil_derivative 352 425 0.221\nEXACT_POLYNOMIAL_SUM recoil_derivative 368 425 0.224\nEXACT_POLYNOMIAL_SUM recoil_derivative 384 425 0.229\nEXACT_POLYNOMIAL_SUM recoil_derivative 400 425 0.233\nEXACT_POLYNOMIAL_SUM recoil_derivative 416 425 0.237\nEXACT_POLYNOMIAL_SUM recoil_derivative 425 425 0.24\nPASS: exact grouped denominator polynomial sum\n"
""
"RECOIL_POLYNOMIAL_ACCEPTED seconds "27.667798`7.893519589770885" input_bytes "21049848" output_bytes "526864" backend_seconds "0.8654753779992461
"REFERENCE_PRECOMPRESSION input_bytes "23469040" output_bytes "2293928
"FACTORED_REFERENCE_TERMS count "240" input_bytes "494752" skeleton_bytes "43744" terms_bytes "494752
"RECOIL_POLYNOMIAL_BACKEND_START input_bytes "494752" transfer_bytes "67034
"EXACT_DENOMINATOR_GROUPS 240 6 0.008\nEXACT_GROUP_PREPARATION 6 6 0 0.008\nPASS: exact grouped denominator polynomial sum\n"
""
"RECOIL_POLYNOMIAL_ACCEPTED seconds "1.93087`6.737298028444092" input_bytes "494752" output_bytes "16" backend_seconds "0.008776858005148824
"PASS: ""F2 original unpolarized finite hat {0, \"Regular\"}"

No more memory available.
Mathematica kernel has shut down.
Try quitting other applications and then retry.
