"PASS: ""compute allocation"
"PASS: ""isolated runtime"
"PASS: ""complete source syntax"
"PASS: ""pinned original mapper"
"PASS: ""unchanged mapping functions"
"PASS: ""accepted real spin input"
"PASS: ""accepted scalar reuse library"
"PASS: ""s02 unchanged scalar input"
"PASS: ""s04 unchanged scalar input"
"PASS: ""accepted geometry and reduction"
"PASS: ""same cut momenta"
"PASS: ""same positive-energy support"
"PASS: ""unique loop-coordinate conversion"
"PASS: ""all scalar products reconstruct"
"PASS: ""coordinate change preserves measured transverse constraint"
"PASS: ""pinned GitHub coefficient assembly"
"PASS: ""unchanged GitHub coefficient loop"
"PASS: ""pinned unchanged coefficient implementation"
"PASS: ""unique saved reduction targets"
"PASS: ""pinned previous production mapper"
"PASS: ""pinned complete rational-sum validation"
"PASS: ""accepted complete rational-sum validation"
"PASS: ""executed rational-sum definitions"
"PASS: ""accepted coefficient control raw-map identity"
"PASS: ""accepted coefficient control reconstruction"
"PASS: ""validation used these original reduction rules"
"PASS: ""accepted real reduction extension"
"PASS: ""real reduction extension original input identities"
"PASS: ""real reduction extension source identity"
"PASS: ""real reduction extension retains original masters and cuts"
"PASS: ""unique extended reduction targets"
"PASS: ""accepted complete raw-target map"
"PASS: ""raw-target map identical physical inputs"
"PASS: ""raw-target component ordering"
"PASS: ""accepted streamed numerator receipt"
"PASS: ""accepted streamed numerator comparison"
"PASS: ""streamed numerator comparison source binding"
"PASS: ""streamed numerator comparison native versions"
"PASS: ""streamed numerator preserves accepted original equations"
"PASS: ""executed supported-factor cancellation installed"
"PASS: ""executed streamed numerator definition installed"
"PASS: ""scalar-map workers share compute node"
"From remote kernel:"
"Style[\"Loading FeynCalc from /u/home/r/rushil/.Mathematica/Applications/FeynCalc/\", \"Text\"]\n"
"From remote kernel:"
"Style[\"Loading FeynCalc from /u/home/r/rushil/.Mathematica/Applications/FeynCalc/\", \"Text\"]\n"
"From remote kernel:"
"$PrePrint is set to FeynCalcForm. Use FI and FC to change the display format.\n"
"From remote kernel:"
"Style[\"FeynCalc \", \"Text\", Bold]Style[\"10.2.1 (stable version). For help, use the \", \"Text\"]Style[DisplayForm[ButtonBox[\"online documentation,\", ButtonData :> {URL[\"https://feyncalc.github.io/referenceDev\"], None}, BaseStyle -> \"Hyperlink\", ButtonNote -> \"https://feyncalc.github.io/referenceDev\"]], \"Text\"]Style[\" visit the \", \"Text\"]Style[DisplayForm[ButtonBox[\"forum\", ButtonData :> {URL[\"https://github.com/FeynCalc/feyncalc/discussions\"], None}, BaseStyle -> \"Hyperlink\", ButtonNote -> \"https://github.com/FeynCalc/feyncalc/discussions/\"]], \"Text\"]Style[\" and have a look at the supplied \", \"Text\"]Style[DisplayForm[ButtonBox[\"examples.\", BaseStyle -> \"Hyperlink\", ButtonFunction :> SystemOpen[FileNameJoin[{$FeynCalcDirectory, \"Examples\"}]], Evaluator -> Automatic, Method -> \"Preemptive\"]], \"Text\"]Style[\" The PDF-version of the manual can be downloaded \", \"Text\"]Style[DisplayForm[ButtonBox[\"here.\", ButtonData :> {URL[\"https://github.com/FeynCalc/feyncalc-manual/releases/download/dev-manual/FeynCalcManual.pdf\"], None}, BaseStyle -> \"Hyperlink\", ButtonNote -> \"https://github.com/FeynCalc/feyncalc-manual/releases/download/dev-manual/FeynCalcManual.pdf\"]], \"Text\"]\n"
"From remote kernel:"
"Style[\"If you use FeynCalc in your research, please evaluate FeynCalcHowToCite[] to learn how to cite this software.\", \"Text\"]\n"
"From remote kernel:"
"Style[\"Please keep in mind that the proper academic attribution of our work is crucial to ensure the future development of this package!\", {\"Text\", Italic}]\n"
"From remote kernel:"
"$PrePrint is set to FeynCalcForm. Use FI and FC to change the display format.\n"
"From remote kernel:"
"Style[\"FeynCalc \", \"Text\", Bold]Style[\"10.2.1 (stable version). For help, use the \", \"Text\"]Style[DisplayForm[ButtonBox[\"online documentation,\", ButtonData :> {URL[\"https://feyncalc.github.io/referenceDev\"], None}, BaseStyle -> \"Hyperlink\", ButtonNote -> \"https://feyncalc.github.io/referenceDev\"]], \"Text\"]Style[\" visit the \", \"Text\"]Style[DisplayForm[ButtonBox[\"forum\", ButtonData :> {URL[\"https://github.com/FeynCalc/feyncalc/discussions\"], None}, BaseStyle -> \"Hyperlink\", ButtonNote -> \"https://github.com/FeynCalc/feyncalc/discussions/\"]], \"Text\"]Style[\" and have a look at the supplied \", \"Text\"]Style[DisplayForm[ButtonBox[\"examples.\", BaseStyle -> \"Hyperlink\", ButtonFunction :> SystemOpen[FileNameJoin[{$FeynCalcDirectory, \"Examples\"}]], Evaluator -> Automatic, Method -> \"Preemptive\"]], \"Text\"]Style[\" The PDF-version of the manual can be downloaded \", \"Text\"]Style[DisplayForm[ButtonBox[\"here.\", ButtonData :> {URL[\"https://github.com/FeynCalc/feyncalc-manual/releases/download/dev-manual/FeynCalcManual.pdf\"], None}, BaseStyle -> \"Hyperlink\", ButtonNote -> \"https://github.com/FeynCalc/feyncalc-manual/releases/download/dev-manual/FeynCalcManual.pdf\"]], \"Text\"]\n"
"From remote kernel:"
"Style[\"If you use FeynCalc in your research, please evaluate FeynCalcHowToCite[] to learn how to cite this software.\", \"Text\"]\n"
"From remote kernel:"
"Style[\"Please keep in mind that the proper academic attribution of our work is crucial to ensure the future development of this package!\", {\"Text\", Italic}]\n"
"PASS: ""scalar-map worker native versions agree"
"From remote kernel:"
"\"PASS: \"\"exact individual denominator factorization\"\n"
"From remote kernel:"
"\"PASS: \"\"unique positive denominator factor powers\"\n"
"From remote kernel:"
"\"DENOMINATOR_SUPPORT \"\"fresh production worker control\"\" \"InputForm[<|\"TermCount\" -> 2, \"FactorCount\" -> 5, \"FactorPowers\" -> <|s -> 1, Q^2 + s -> 3, SUNN -> 1, t -> 1, 2*Q^2 + s + t -> 1|>, \"InputBytes\" -> 13864, \"CommonDenominatorBytes\" -> 488|>]\n"
"From remote kernel:"
"\"PASS: \"\"exact common-denominator embedding\"\n"
"From remote kernel:"
"\"PASS: \"\"exact streamed numerator addition\"\n"
"From remote kernel:"
"\"STREAMED_NUMERATOR \"\"fresh production worker control\"\" row \"2\"/\"2\" numerator_bytes \"68752\" kernel_memory \"2846393224\n"
"From remote kernel:"
"\"PASS: \"\"exact complete numerator assembly\"\n"
"From remote kernel:"
"\"DENOMINATOR_NUMERATOR \"\"fresh production worker control\"\" bytes \"68752\" seconds \"0.003089\n"
"From remote kernel:"
"\"PASS: \"\"matched measured denominator inventory\"\n"
"From remote kernel:"
"\"PASS: \"\"exact known-factor quotient and remainder\"\n"
"From remote kernel:"
"\"KNOWN_FACTOR_DIVISION \"\"fresh production worker control\"\" factor \"InputForm[s]\" variable \"s\" seconds \"0.001693\" input_bytes \"68752\" quotient_bytes \"51456\" divides \"False\n"
"From remote kernel:"
"\"KNOWN_FACTOR_DIVISION \"\"fresh production worker control\"\" factor \"InputForm[Q^2 + s]\" variable \"s\" seconds \"0.002847\" input_bytes \"68752\" quotient_bytes \"46224\" divides \"False\n"
"From remote kernel:"
"\"KNOWN_FACTOR_DIVISION \"\"fresh production worker control\"\" factor \"InputForm[SUNN]\" variable \"SUNN\" seconds \"0.001454\" input_bytes \"68752\" quotient_bytes \"30784\" divides \"False\n"
"From remote kernel:"
"\"KNOWN_FACTOR_DIVISION \"\"fresh production worker control\"\" factor \"InputForm[t]\" variable \"t\" seconds \"0.000692\" input_bytes \"68752\" quotient_bytes \"53128\" divides \"False\n"
"From remote kernel:"
"\"KNOWN_FACTOR_DIVISION \"\"fresh production worker control\"\" factor \"InputForm[2*Q^2 + s + t]\" variable \"s\" seconds \"0.001506\" input_bytes \"68752\" quotient_bytes \"43120\" divides \"False\n"
"From remote kernel:"
"\"PASS: \"\"exact final numerator factorization\"\n"
"From remote kernel:"
"\"PASS: \"\"exact final denominator reconstruction\"\n"
"From remote kernel:"
"\"PASS: \"\"fresh worker reproduces accepted original coefficient\"\n"
"PASS: ""production worker coefficient control accepted"
"From remote kernel:"
"\"REAL_MAP \"\"Hgq\"\" \"28\"/\"37\" \"<|\"Sector\" -> \"Real\", \"Kind\" -> \"ExtendedResponse\", \"Index\" -> {7, 4, 3}|>\" kernel \"2\n"
"From remote kernel:"
"\"REAL_MAP \"\"Hgq\"\" \"30\"/\"37\" \"<|\"Sector\" -> \"Real\", \"Kind\" -> \"ExtendedResponse\", \"Index\" -> {8, 4, 1}|>\" kernel \"1\n"
"From remote kernel:"
"\"PASS: \"\"raw component retains executed reconstruction\"\n"
"From remote kernel:"
"\"PASS: \"\"known rules end in saved masters\"\n"
"From remote kernel:"
"\"PASS: \"\"exact individual reduction-rule reconstruction\"\n"
"From remote kernel:"
"\"PASS: \"\"raw component retains executed reconstruction\"\n"
"From remote kernel:"
"\"PASS: \"\"known rules end in saved masters\"\n"
"From remote kernel:"
"\"PASS: \"\"exact individual reduction-rule reconstruction\"\n"
"From remote kernel:"
"\"REAL_MASTER_COEFFICIENT \"\"Hgq\"\" \"30\" \"InputForm[CutIntegral[\"R01\", {1, 1, 0, 0}]]\n"
"From remote kernel:"
"\"REAL_MASTER_COEFFICIENT \"\"Hgq\"\" \"28\" \"InputForm[CutIntegral[\"R01\", {1, 1, 0, 0}]]\n"
"From remote kernel:"
"\"PASS: \"\"exact individual denominator factorization\"\n"
"From remote kernel:"
"\"PASS: \"\"unique positive denominator factor powers\"\n"
"From remote kernel:"
"\"PASS: \"\"exact individual denominator factorization\"\n"
"From remote kernel:"
"\"PASS: \"\"unique positive denominator factor powers\"\n"
"From remote kernel:"
"\"DENOMINATOR_SUPPORT \"{30, CutIntegral[\"R01\", {1, 1, 0, 0}]}\" \"InputForm[<|\"TermCount\" -> 189, \"FactorCount\" -> 18, \"FactorPowers\" -> <|-8 + D -> 1, -6 + D -> 1, -4 + D -> 1, -3 + D -> 1, -2 + D -> 1, -1 + D -> 2, D -> 1, Q -> 1, Q^2 + s -> 4, s - s23 -> 4, s23 -> 1, SUNN -> 1, s23 - t -> 4, t -> 3, -s23 + t -> 4, Q^2 + s - s23 + t -> 5, Q^2*s23 + s*t -> 2, s^2 + 4*Q^2*s23 + 2*s*t + t^2 -> 4|>, \"InputBytes\" -> 47826952, \"CommonDenominatorBytes\" -> 2680|>]\n"
"From remote kernel:"
"\"PASS: \"\"exact common-denominator embedding\"\n"
"From remote kernel:"
"\"PASS: \"\"exact streamed numerator addition\"\n"
"From remote kernel:"
"\"DENOMINATOR_SUPPORT \"{28, CutIntegral[\"R01\", {1, 1, 0, 0}]}\" \"InputForm[<|\"TermCount\" -> 320, \"FactorCount\" -> 22, \"FactorPowers\" -> <|-6 + D -> 1, -4 + D -> 1, -3 + D -> 1, -2 + D -> 1, -1 + D -> 1, D -> 1, 1 + D -> 1, 2 + D -> 1, 3 + D -> 1, Q -> 1, Q^2 + s -> 3, s - s23 -> 5, s23 -> 1, -s + s23 -> 5, SUNN -> 1, s23 - t -> 5, -Q^2 - s + s23 - t -> 6, t -> 1, -s23 + t -> 5, Q^2 + s - s23 + t -> 6, Q^2*s23 + s*t -> 2, s^2 + 4*Q^2*s23 + 2*s*t + t^2 -> 6|>, \"InputBytes\" -> 60542760, \"CommonDenominatorBytes\" -> 3344|>]\n"
"From remote kernel:"
"\"PASS: \"\"exact common-denominator embedding\"\n"
"From remote kernel:"
"\"STREAMED_NUMERATOR \"{30, CutIntegral[\"R01\", {1, 1, 0, 0}]}\" row \"16\"/\"189\" numerator_bytes \"41701656\" kernel_memory \"3038899960\n"
"From remote kernel:"
"\"PASS: \"\"exact streamed numerator addition\"\n"
"From remote kernel:"
"\"STREAMED_NUMERATOR \"{30, CutIntegral[\"R01\", {1, 1, 0, 0}]}\" row \"32\"/\"189\" numerator_bytes \"39454728\" kernel_memory \"2943362168\n"
"From remote kernel:"
"\"STREAMED_NUMERATOR \"{30, CutIntegral[\"R01\", {1, 1, 0, 0}]}\" row \"48\"/\"189\" numerator_bytes \"42562544\" kernel_memory \"2945137336\n"
"From remote kernel:"
"\"STREAMED_NUMERATOR \"{30, CutIntegral[\"R01\", {1, 1, 0, 0}]}\" row \"64\"/\"189\" numerator_bytes \"44098792\" kernel_memory \"2951026760\n"
"From remote kernel:"
"\"STREAMED_NUMERATOR \"{30, CutIntegral[\"R01\", {1, 1, 0, 0}]}\" row \"80\"/\"189\" numerator_bytes \"47138616\" kernel_memory \"2949060968\n"
"From remote kernel:"
"\"STREAMED_NUMERATOR \"{30, CutIntegral[\"R01\", {1, 1, 0, 0}]}\" row \"96\"/\"189\" numerator_bytes \"49266360\" kernel_memory \"2950186632\n"
"From remote kernel:"
"\"STREAMED_NUMERATOR \"{30, CutIntegral[\"R01\", {1, 1, 0, 0}]}\" row \"112\"/\"189\" numerator_bytes \"50765480\" kernel_memory \"2953274456\n"
"From remote kernel:"
"\"STREAMED_NUMERATOR \"{30, CutIntegral[\"R01\", {1, 1, 0, 0}]}\" row \"128\"/\"189\" numerator_bytes \"48795560\" kernel_memory \"2950155360\n"
"From remote kernel:"
"\"STREAMED_NUMERATOR \"{28, CutIntegral[\"R01\", {1, 1, 0, 0}]}\" row \"16\"/\"320\" numerator_bytes \"199750000\" kernel_memory \"3195643904\n"
"From remote kernel:"
"\"STREAMED_NUMERATOR \"{30, CutIntegral[\"R01\", {1, 1, 0, 0}]}\" row \"144\"/\"189\" numerator_bytes \"49369680\" kernel_memory \"2957275376\n"
"From remote kernel:"
"\"STREAMED_NUMERATOR \"{30, CutIntegral[\"R01\", {1, 1, 0, 0}]}\" row \"160\"/\"189\" numerator_bytes \"51928872\" kernel_memory \"2952869288\n"
"From remote kernel:"
"\"STREAMED_NUMERATOR \"{30, CutIntegral[\"R01\", {1, 1, 0, 0}]}\" row \"176\"/\"189\" numerator_bytes \"51508384\" kernel_memory \"2951525280\n"
"From remote kernel:"
"\"STREAMED_NUMERATOR \"{30, CutIntegral[\"R01\", {1, 1, 0, 0}]}\" row \"189\"/\"189\" numerator_bytes \"46349688\" kernel_memory \"2950268528\n"
"From remote kernel:"
"\"PASS: \"\"exact complete numerator assembly\"\n"
"From remote kernel:"
"\"DENOMINATOR_NUMERATOR \"{30, CutIntegral[\"R01\", {1, 1, 0, 0}]}\" bytes \"46349688\" seconds \"255.051479\n"
"From remote kernel:"
"\"PASS: \"\"matched measured denominator inventory\"\n"
"From remote kernel:"
"\"PASS: \"\"exact known-factor quotient and remainder\"\n"
"From remote kernel:"
"\"KNOWN_FACTOR_DIVISION \"{30, CutIntegral[\"R01\", {1, 1, 0, 0}]}\" factor \"InputForm[-8 + D]\" variable \"D\" seconds \"1.721077\" input_bytes \"46349688\" quotient_bytes \"35907264\" divides \"True\n"
"From remote kernel:"
"\"KNOWN_FACTOR_DIVISION \"{30, CutIntegral[\"R01\", {1, 1, 0, 0}]}\" factor \"InputForm[-6 + D]\" variable \"D\" seconds \"1.093346\" input_bytes \"35907264\" quotient_bytes \"32223360\" divides \"True\n"
"From remote kernel:"
"\"KNOWN_FACTOR_DIVISION \"{30, CutIntegral[\"R01\", {1, 1, 0, 0}]}\" factor \"InputForm[-4 + D]\" variable \"D\" seconds \"1.081907\" input_bytes \"32223360\" quotient_bytes \"31889928\" divides \"False\n"
"From remote kernel:"
"\"KNOWN_FACTOR_DIVISION \"{30, CutIntegral[\"R01\", {1, 1, 0, 0}]}\" factor \"InputForm[-3 + D]\" variable \"D\" seconds \"0.730067\" input_bytes \"32223360\" quotient_bytes \"28439432\" divides \"True\n"
"From remote kernel:"
"\"KNOWN_FACTOR_DIVISION \"{30, CutIntegral[\"R01\", {1, 1, 0, 0}]}\" factor \"InputForm[-2 + D]\" variable \"D\" seconds \"0.551992\" input_bytes \"28439432\" quotient_bytes \"26322760\" divides \"False\n"
"From remote kernel:"
"\"KNOWN_FACTOR_DIVISION \"{30, CutIntegral[\"R01\", {1, 1, 0, 0}]}\" factor \"InputForm[-1 + D]\" variable \"D\" seconds \"0.451913\" input_bytes \"28439432\" quotient_bytes \"24717544\" divides \"True\n"
"From remote kernel:"
"\"KNOWN_FACTOR_DIVISION \"{30, CutIntegral[\"R01\", {1, 1, 0, 0}]}\" factor \"InputForm[-1 + D]\" variable \"D\" seconds \"0.485402\" input_bytes \"24717544\" quotient_bytes \"24332640\" divides \"False\n"
"From remote kernel:"
"\"KNOWN_FACTOR_DIVISION \"{30, CutIntegral[\"R01\", {1, 1, 0, 0}]}\" factor \"InputForm[D]\" variable \"D\" seconds \"0.399338\" input_bytes \"24717544\" quotient_bytes \"24717368\" divides \"True\n"
"From remote kernel:"
"\"KNOWN_FACTOR_DIVISION \"{30, CutIntegral[\"R01\", {1, 1, 0, 0}]}\" factor \"InputForm[Q]\" variable \"Q\" seconds \"0.465704\" input_bytes \"24717368\" quotient_bytes \"23413736\" divides \"True\n"
"From remote kernel:"
"\"KNOWN_FACTOR_DIVISION \"{30, CutIntegral[\"R01\", {1, 1, 0, 0}]}\" factor \"InputForm[Q^2 + s]\" variable \"s\" seconds \"0.787724\" input_bytes \"23413736\" quotient_bytes \"21486984\" divides \"True\n"
"From remote kernel:"
"\"KNOWN_FACTOR_DIVISION \"{30, CutIntegral[\"R01\", {1, 1, 0, 0}]}\" factor \"InputForm[Q^2 + s]\" variable \"s\" seconds \"0.240571\" input_bytes \"21486984\" quotient_bytes \"19327960\" divides \"True\n"
"From remote kernel:"
"\"KNOWN_FACTOR_DIVISION \"{30, CutIntegral[\"R01\", {1, 1, 0, 0}]}\" factor \"InputForm[Q^2 + s]\" variable \"s\" seconds \"0.229878\" input_bytes \"19327960\" quotient_bytes \"17213504\" divides \"True\n"
"From remote kernel:"
"\"KNOWN_FACTOR_DIVISION \"{30, CutIntegral[\"R01\", {1, 1, 0, 0}]}\" factor \"InputForm[Q^2 + s]\" variable \"s\" seconds \"0.195223\" input_bytes \"17213504\" quotient_bytes \"16137152\" divides \"False\n"
"From remote kernel:"
"\"KNOWN_FACTOR_DIVISION \"{30, CutIntegral[\"R01\", {1, 1, 0, 0}]}\" factor \"InputForm[s - s23]\" variable \"s\" seconds \"0.18517\" input_bytes \"17213504\" quotient_bytes \"15814072\" divides \"True\n"
"From remote kernel:"
"\"KNOWN_FACTOR_DIVISION \"{30, CutIntegral[\"R01\", {1, 1, 0, 0}]}\" factor \"InputForm[s - s23]\" variable \"s\" seconds \"0.192754\" input_bytes \"15814072\" quotient_bytes \"14355384\" divides \"True\n"
"From remote kernel:"
"\"KNOWN_FACTOR_DIVISION \"{30, CutIntegral[\"R01\", {1, 1, 0, 0}]}\" factor \"InputForm[s - s23]\" variable \"s\" seconds \"0.175226\" input_bytes \"14355384\" quotient_bytes \"12885032\" divides \"True\n"
"From remote kernel:"
"\"KNOWN_FACTOR_DIVISION \"{30, CutIntegral[\"R01\", {1, 1, 0, 0}]}\" factor \"InputForm[s - s23]\" variable \"s\" seconds \"0.14885\" input_bytes \"12885032\" quotient_bytes \"11459096\" divides \"False\n"
"From remote kernel:"
"\"KNOWN_FACTOR_DIVISION \"{30, CutIntegral[\"R01\", {1, 1, 0, 0}]}\" factor \"InputForm[s23]\" variable \"s23\" seconds \"0.255463\" input_bytes \"12885032\" quotient_bytes \"12271576\" divides \"False\n"
"From remote kernel:"
"\"KNOWN_FACTOR_DIVISION \"{30, CutIntegral[\"R01\", {1, 1, 0, 0}]}\" factor \"InputForm[SUNN]\" variable \"SUNN\" seconds \"1.157521\" input_bytes \"12885032\" quotient_bytes \"6981120\" divides \"False\n"
"From remote kernel:"
"\"KNOWN_FACTOR_DIVISION \"{30, CutIntegral[\"R01\", {1, 1, 0, 0}]}\" factor \"InputForm[s23 - t]\" variable \"s23\" seconds \"0.293839\" input_bytes \"12885032\" quotient_bytes \"11886248\" divides \"True\n"
"From remote kernel:"
"\"KNOWN_FACTOR_DIVISION \"{30, CutIntegral[\"R01\", {1, 1, 0, 0}]}\" factor \"InputForm[s23 - t]\" variable \"s23\" seconds \"0.130209\" input_bytes \"11886248\" quotient_bytes \"11050672\" divides \"True\n"
"From remote kernel:"
"\"KNOWN_FACTOR_DIVISION \"{30, CutIntegral[\"R01\", {1, 1, 0, 0}]}\" factor \"InputForm[s23 - t]\" variable \"s23\" seconds \"0.122838\" input_bytes \"11050672\" quotient_bytes \"10238752\" divides \"True\n"
"From remote kernel:"
"\"KNOWN_FACTOR_DIVISION \"{30, CutIntegral[\"R01\", {1, 1, 0, 0}]}\" factor \"InputForm[s23 - t]\" variable \"s23\" seconds \"0.10461\" input_bytes \"10238752\" quotient_bytes \"9390944\" divides \"True\n"
"From remote kernel:"
"\"KNOWN_FACTOR_DIVISION \"{30, CutIntegral[\"R01\", {1, 1, 0, 0}]}\" factor \"InputForm[t]\" variable \"t\" seconds \"0.14805\" input_bytes \"9390944\" quotient_bytes \"9098584\" divides \"False\n"
"From remote kernel:"
"\"KNOWN_FACTOR_DIVISION \"{30, CutIntegral[\"R01\", {1, 1, 0, 0}]}\" factor \"InputForm[-s23 + t]\" variable \"s23\" seconds \"0.107112\" input_bytes \"9390944\" quotient_bytes \"8591352\" divides \"True\n"
"From remote kernel:"
"\"KNOWN_FACTOR_DIVISION \"{30, CutIntegral[\"R01\", {1, 1, 0, 0}]}\" factor \"InputForm[-s23 + t]\" variable \"s23\" seconds \"0.091949\" input_bytes \"8591352\" quotient_bytes \"7764160\" divides \"True\n"
"From remote kernel:"
"\"KNOWN_FACTOR_DIVISION \"{30, CutIntegral[\"R01\", {1, 1, 0, 0}]}\" factor \"InputForm[-s23 + t]\" variable \"s23\" seconds \"0.096855\" input_bytes \"7764160\" quotient_bytes \"7264984\" divides \"False\n"
"From remote kernel:"
"\"KNOWN_FACTOR_DIVISION \"{30, CutIntegral[\"R01\", {1, 1, 0, 0}]}\" factor \"InputForm[Q^2 + s - s23 + t]\" variable \"s\" seconds \"0.18984\" input_bytes \"7764160\" quotient_bytes \"6424256\" divides \"True\n"
"From remote kernel:"
"\"KNOWN_FACTOR_DIVISION \"{30, CutIntegral[\"R01\", {1, 1, 0, 0}]}\" factor \"InputForm[Q^2 + s - s23 + t]\" variable \"s\" seconds \"0.073564\" input_bytes \"6424256\" quotient_bytes \"5116840\" divides \"True\n"
"From remote kernel:"
"\"KNOWN_FACTOR_DIVISION \"{30, CutIntegral[\"R01\", {1, 1, 0, 0}]}\" factor \"InputForm[Q^2 + s - s23 + t]\" variable \"s\" seconds \"0.058573\" input_bytes \"5116840\" quotient_bytes \"3965224\" divides \"True\n"
"From remote kernel:"
"\"KNOWN_FACTOR_DIVISION \"{30, CutIntegral[\"R01\", {1, 1, 0, 0}]}\" factor \"InputForm[Q^2 + s - s23 + t]\" variable \"s\" seconds \"0.051899\" input_bytes \"3965224\" quotient_bytes \"4199184\" divides \"False\n"
"From remote kernel:"
"\"RETAINED_DENOMINATOR_FACTOR \"{30, CutIntegral[\"R01\", {1, 1, 0, 0}]}\" \"InputForm[Q^2*s23 + s*t]\n"
"From remote kernel:"
"\"KNOWN_FACTOR_DIVISION \"{30, CutIntegral[\"R01\", {1, 1, 0, 0}]}\" factor \"InputForm[s^2 + 4*Q^2*s23 + 2*s*t + t^2]\" variable \"s\" seconds \"0.06239\" input_bytes \"3965224\" quotient_bytes \"2994400\" divides \"True\n"
"From remote kernel:"
"\"KNOWN_FACTOR_DIVISION \"{30, CutIntegral[\"R01\", {1, 1, 0, 0}]}\" factor \"InputForm[s^2 + 4*Q^2*s23 + 2*s*t + t^2]\" variable \"s\" seconds \"0.050445\" input_bytes \"2994400\" quotient_bytes \"2143864\" divides \"True\n"
"From remote kernel:"
"\"KNOWN_FACTOR_DIVISION \"{30, CutIntegral[\"R01\", {1, 1, 0, 0}]}\" factor \"InputForm[s^2 + 4*Q^2*s23 + 2*s*t + t^2]\" variable \"s\" seconds \"0.036509\" input_bytes \"2143864\" quotient_bytes \"1484880\" divides \"False\n"
"From remote kernel:"
"\"PASS: \"\"exact final numerator factorization\"\n"
"From remote kernel:"
"\"PASS: \"\"exact final denominator reconstruction\"\n"
"From remote kernel:"
"\"PASS: \"\"compressed scalar map below file bound\"\n"
"From remote kernel:"
"\"PASS: \"\"compressed scalar map exact round trip\"\n"
"From remote kernel:"
"\"PASS: \"\"master coefficient retains exact reconstruction\"\n"
"From remote kernel:"
"\"REAL_MASTER_COEFFICIENT \"\"Hgq\"\" \"30\" \"InputForm[CutIntegral[\"R01\", {1, 1, 1, 1}]]\n"
"From remote kernel:"
"\"DENOMINATOR_SUPPORT \"{30, CutIntegral[\"R01\", {1, 1, 1, 1}]}\" \"InputForm[<|\"TermCount\" -> 1, \"FactorCount\" -> 5, \"FactorPowers\" -> <|-3 + D -> 1, -1 + D -> 1, s23 - t -> 1, t -> 1, Q^2*s23 + s*t -> 2|>, \"InputBytes\" -> 33160, \"CommonDenominatorBytes\" -> 664|>]\n"
"From remote kernel:"
"\"STREAMED_NUMERATOR \"{30, CutIntegral[\"R01\", {1, 1, 1, 1}]}\" row \"1\"/\"1\" numerator_bytes \"30248\" kernel_memory \"2884510272\n"
"From remote kernel:"
"\"DENOMINATOR_NUMERATOR \"{30, CutIntegral[\"R01\", {1, 1, 1, 1}]}\" bytes \"30248\" seconds \"0.004183\n"
"From remote kernel:"
"\"KNOWN_FACTOR_DIVISION \"{30, CutIntegral[\"R01\", {1, 1, 1, 1}]}\" factor \"InputForm[-3 + D]\" variable \"D\" seconds \"0.001426\" input_bytes \"30248\" quotient_bytes \"18800\" divides \"False\n"
"From remote kernel:"
"\"KNOWN_FACTOR_DIVISION \"{30, CutIntegral[\"R01\", {1, 1, 1, 1}]}\" factor \"InputForm[-1 + D]\" variable \"D\" seconds \"0.000471\" input_bytes \"30248\" quotient_bytes \"19168\" divides \"False\n"
"From remote kernel:"
"\"KNOWN_FACTOR_DIVISION \"{30, CutIntegral[\"R01\", {1, 1, 1, 1}]}\" factor \"InputForm[s23 - t]\" variable \"s23\" seconds \"0.001553\" input_bytes \"30248\" quotient_bytes \"29472\" divides \"False\n"
"From remote kernel:"
"\"KNOWN_FACTOR_DIVISION \"{30, CutIntegral[\"R01\", {1, 1, 1, 1}]}\" factor \"InputForm[t]\" variable \"t\" seconds \"0.000683\" input_bytes \"30248\" quotient_bytes \"19080\" divides \"False\n"
"From remote kernel:"
"\"RETAINED_DENOMINATOR_FACTOR \"{30, CutIntegral[\"R01\", {1, 1, 1, 1}]}\" \"InputForm[Q^2*s23 + s*t]\n"
"From remote kernel:"
"\"REAL_MASTER_COEFFICIENT \"\"Hgq\"\" \"30\" \"InputForm[CutIntegral[\"R02\", {1, 1, 1, 1}]]\n"
"From remote kernel:"
"\"DENOMINATOR_SUPPORT \"{30, CutIntegral[\"R02\", {1, 1, 1, 1}]}\" \"InputForm[<|\"TermCount\" -> 4, \"FactorCount\" -> 8, \"FactorPowers\" -> <|-3 + D -> 1, -1 + D -> 1, Q^2 + s -> 2, s23 -> 1, SUNN -> 1, s23 - t -> 1, t -> 1, Q^2 + s - s23 + t -> 2|>, \"InputBytes\" -> 181720, \"CommonDenominatorBytes\" -> 864|>]\n"
"From remote kernel:"
"\"STREAMED_NUMERATOR \"{30, CutIntegral[\"R02\", {1, 1, 1, 1}]}\" row \"4\"/\"4\" numerator_bytes \"233224\" kernel_memory \"2884822328\n"
"From remote kernel:"
"\"DENOMINATOR_NUMERATOR \"{30, CutIntegral[\"R02\", {1, 1, 1, 1}]}\" bytes \"233224\" seconds \"0.018576\n"
"From remote kernel:"
"\"KNOWN_FACTOR_DIVISION \"{30, CutIntegral[\"R02\", {1, 1, 1, 1}]}\" factor \"InputForm[-3 + D]\" variable \"D\" seconds \"0.005048\" input_bytes \"233224\" quotient_bytes \"163968\" divides \"False\n"
"From remote kernel:"
"\"KNOWN_FACTOR_DIVISION \"{30, CutIntegral[\"R02\", {1, 1, 1, 1}]}\" factor \"InputForm[-1 + D]\" variable \"D\" seconds \"0.003215\" input_bytes \"233224\" quotient_bytes \"163248\" divides \"False\n"
"From remote kernel:"
"\"KNOWN_FACTOR_DIVISION \"{30, CutIntegral[\"R02\", {1, 1, 1, 1}]}\" factor \"InputForm[Q^2 + s]\" variable \"s\" seconds \"0.004409\" input_bytes \"233224\" quotient_bytes \"150456\" divides \"False\n"
"From remote kernel:"
"\"KNOWN_FACTOR_DIVISION \"{30, CutIntegral[\"R02\", {1, 1, 1, 1}]}\" factor \"InputForm[s23]\" variable \"s23\" seconds \"0.003279\" input_bytes \"233224\" quotient_bytes \"187984\" divides \"False\n"
"From remote kernel:"
"\"KNOWN_FACTOR_DIVISION \"{30, CutIntegral[\"R02\", {1, 1, 1, 1}]}\" factor \"InputForm[SUNN]\" variable \"SUNN\" seconds \"0.00585\" input_bytes \"233224\" quotient_bytes \"98800\" divides \"False\n"
"From remote kernel:"
"\"KNOWN_FACTOR_DIVISION \"{30, CutIntegral[\"R02\", {1, 1, 1, 1}]}\" factor \"InputForm[s23 - t]\" variable \"s23\" seconds \"0.004568\" input_bytes \"233224\" quotient_bytes \"155808\" divides \"False\n"
"From remote kernel:"
"\"KNOWN_FACTOR_DIVISION \"{30, CutIntegral[\"R02\", {1, 1, 1, 1}]}\" factor \"InputForm[t]\" variable \"t\" seconds \"0.003046\" input_bytes \"233224\" quotient_bytes \"153288\" divides \"False\n"
"From remote kernel:"
"\"KNOWN_FACTOR_DIVISION \"{30, CutIntegral[\"R02\", {1, 1, 1, 1}]}\" factor \"InputForm[Q^2 + s - s23 + t]\" variable \"s\" seconds \"0.004852\" input_bytes \"233224\" quotient_bytes \"163176\" divides \"False\n"
"From remote kernel:"
"\"REAL_MASTER_COEFFICIENT \"\"Hgq\"\" \"30\" \"InputForm[CutIntegral[\"R03\", {1, 1, 0, 1}]]\n"
"From remote kernel:"
"\"DENOMINATOR_SUPPORT \"{30, CutIntegral[\"R03\", {1, 1, 0, 1}]}\" \"InputForm[<|\"TermCount\" -> 31, \"FactorCount\" -> 13, \"FactorPowers\" -> <|-3 + D -> 1, -2 + D -> 1, -1 + D -> 1, D -> 1, Q -> 1, Q^2 + s -> 4, s23 -> 1, SUNN -> 1, s23 - t -> 2, t -> 3, Q^2 + s - s23 + t -> 2, Q^2*s23 + s*t -> 2, s^2 + 4*Q^2*s23 + 2*s*t + t^2 -> 4|>, \"InputBytes\" -> 7091648, \"CommonDenominatorBytes\" -> 1952|>]\n"
"From remote kernel:"
"\"STREAMED_NUMERATOR \"{30, CutIntegral[\"R03\", {1, 1, 0, 1}]}\" row \"16\"/\"31\" numerator_bytes \"5699048\" kernel_memory \"2911221136\n"
"From remote kernel:"
"\"STREAMED_NUMERATOR \"{30, CutIntegral[\"R03\", {1, 1, 0, 1}]}\" row \"31\"/\"31\" numerator_bytes \"6814800\" kernel_memory \"2894273120\n"
"From remote kernel:"
"\"DENOMINATOR_NUMERATOR \"{30, CutIntegral[\"R03\", {1, 1, 0, 1}]}\" bytes \"6814800\" seconds \"4.576625\n"
"From remote kernel:"
"\"KNOWN_FACTOR_DIVISION \"{30, CutIntegral[\"R03\", {1, 1, 0, 1}]}\" factor \"InputForm[-3 + D]\" variable \"D\" seconds \"0.155383\" input_bytes \"6814800\" quotient_bytes \"5882248\" divides \"False\n"
"From remote kernel:"
"\"KNOWN_FACTOR_DIVISION \"{30, CutIntegral[\"R03\", {1, 1, 0, 1}]}\" factor \"InputForm[-2 + D]\" variable \"D\" seconds \"0.091255\" input_bytes \"6814800\" quotient_bytes \"4972944\" divides \"True\n"
"From remote kernel:"
"\"KNOWN_FACTOR_DIVISION \"{30, CutIntegral[\"R03\", {1, 1, 0, 1}]}\" factor \"InputForm[-1 + D]\" variable \"D\" seconds \"0.025086\" input_bytes \"4972944\" quotient_bytes \"4770776\" divides \"False\n"
"From remote kernel:"
"\"KNOWN_FACTOR_DIVISION \"{30, CutIntegral[\"R03\", {1, 1, 0, 1}]}\" factor \"InputForm[D]\" variable \"D\" seconds \"0.013244\" input_bytes \"4972944\" quotient_bytes \"4973752\" divides \"True\n"
"From remote kernel:"
"\"KNOWN_FACTOR_DIVISION \"{30, CutIntegral[\"R03\", {1, 1, 0, 1}]}\" factor \"InputForm[Q]\" variable \"Q\" seconds \"0.088132\" input_bytes \"4973752\" quotient_bytes \"4645832\" divides \"True\n"
"From remote kernel:"
"\"KNOWN_FACTOR_DIVISION \"{30, CutIntegral[\"R03\", {1, 1, 0, 1}]}\" factor \"InputForm[Q^2 + s]\" variable \"s\" seconds \"0.143224\" input_bytes \"4645832\" quotient_bytes \"4145008\" divides \"True\n"
"From remote kernel:"
"\"KNOWN_FACTOR_DIVISION \"{30, CutIntegral[\"R03\", {1, 1, 0, 1}]}\" factor \"InputForm[Q^2 + s]\" variable \"s\" seconds \"0.059247\" input_bytes \"4145008\" quotient_bytes \"3573000\" divides \"True\n"
"From remote kernel:"
"\"KNOWN_FACTOR_DIVISION \"{30, CutIntegral[\"R03\", {1, 1, 0, 1}]}\" factor \"InputForm[Q^2 + s]\" variable \"s\" seconds \"0.048556\" input_bytes \"3573000\" quotient_bytes \"3010896\" divides \"True\n"
"From remote kernel:"
"\"KNOWN_FACTOR_DIVISION \"{30, CutIntegral[\"R03\", {1, 1, 0, 1}]}\" factor \"InputForm[Q^2 + s]\" variable \"s\" seconds \"0.043464\" input_bytes \"3010896\" quotient_bytes \"2781088\" divides \"False\n"
"From remote kernel:"
"\"KNOWN_FACTOR_DIVISION \"{30, CutIntegral[\"R03\", {1, 1, 0, 1}]}\" factor \"InputForm[s23]\" variable \"s23\" seconds \"0.061382\" input_bytes \"3010896\" quotient_bytes \"2810560\" divides \"False\n"
"From remote kernel:"
"\"KNOWN_FACTOR_DIVISION \"{30, CutIntegral[\"R03\", {1, 1, 0, 1}]}\" factor \"InputForm[SUNN]\" variable \"SUNN\" seconds \"0.29773\" input_bytes \"3010896\" quotient_bytes \"1660704\" divides \"False\n"
"From remote kernel:"
"\"KNOWN_FACTOR_DIVISION \"{30, CutIntegral[\"R03\", {1, 1, 0, 1}]}\" factor \"InputForm[s23 - t]\" variable \"s23\" seconds \"0.082966\" input_bytes \"3010896\" quotient_bytes \"2534936\" divides \"True\n"
"From remote kernel:"
"\"KNOWN_FACTOR_DIVISION \"{30, CutIntegral[\"R03\", {1, 1, 0, 1}]}\" factor \"InputForm[s23 - t]\" variable \"s23\" seconds \"0.032412\" input_bytes \"2534936\" quotient_bytes \"2084960\" divides \"True\n"
"From remote kernel:"
"\"KNOWN_FACTOR_DIVISION \"{30, CutIntegral[\"R03\", {1, 1, 0, 1}]}\" factor \"InputForm[t]\" variable \"t\" seconds \"0.042568\" input_bytes \"2084960\" quotient_bytes \"1959984\" divides \"False\n"
"From remote kernel:"
"\"KNOWN_FACTOR_DIVISION \"{30, CutIntegral[\"R03\", {1, 1, 0, 1}]}\" factor \"InputForm[Q^2 + s - s23 + t]\" variable \"s\" seconds \"0.059273\" input_bytes \"2084960\" quotient_bytes \"1788656\" divides \"False\n"
"From remote kernel:"
"\"RETAINED_DENOMINATOR_FACTOR \"{30, CutIntegral[\"R03\", {1, 1, 0, 1}]}\" \"InputForm[Q^2*s23 + s*t]\n"
"From remote kernel:"
"\"KNOWN_FACTOR_DIVISION \"{30, CutIntegral[\"R03\", {1, 1, 0, 1}]}\" factor \"InputForm[s^2 + 4*Q^2*s23 + 2*s*t + t^2]\" variable \"s\" seconds \"0.072881\" input_bytes \"2084960\" quotient_bytes \"1559928\" divides \"True\n"
"From remote kernel:"
"\"KNOWN_FACTOR_DIVISION \"{30, CutIntegral[\"R03\", {1, 1, 0, 1}]}\" factor \"InputForm[s^2 + 4*Q^2*s23 + 2*s*t + t^2]\" variable \"s\" seconds \"0.03323\" input_bytes \"1559928\" quotient_bytes \"1109856\" divides \"True\n"
"From remote kernel:"
"\"KNOWN_FACTOR_DIVISION \"{30, CutIntegral[\"R03\", {1, 1, 0, 1}]}\" factor \"InputForm[s^2 + 4*Q^2*s23 + 2*s*t + t^2]\" variable \"s\" seconds \"0.024316\" input_bytes \"1109856\" quotient_bytes \"750560\" divides \"False\n"
"From remote kernel:"
"\"REAL_MASTER_COEFFICIENT \"\"Hgq\"\" \"30\" \"InputForm[CutIntegral[\"R03\", {1, 1, 1, 1}]]\n"
"From remote kernel:"
"\"DENOMINATOR_SUPPORT \"{30, CutIntegral[\"R03\", {1, 1, 1, 1}]}\" \"InputForm[<|\"TermCount\" -> 1, \"FactorCount\" -> 8, \"FactorPowers\" -> <|-3 + D -> 1, -1 + D -> 1, Q^2 + s -> 2, SUNN -> 1, s23 - t -> 1, t -> 1, Q^2 + s - s23 + t -> 2, Q^2*s23 + s*t -> 2|>, \"InputBytes\" -> 67032, \"CommonDenominatorBytes\" -> 1176|>]\n"
"From remote kernel:"
"\"STREAMED_NUMERATOR \"{30, CutIntegral[\"R03\", {1, 1, 1, 1}]}\" row \"1\"/\"1\" numerator_bytes \"338336\" kernel_memory \"2886322472\n"
"From remote kernel:"
"\"DENOMINATOR_NUMERATOR \"{30, CutIntegral[\"R03\", {1, 1, 1, 1}]}\" bytes \"338336\" seconds \"0.006224\n"
"From remote kernel:"
"\"KNOWN_FACTOR_DIVISION \"{30, CutIntegral[\"R03\", {1, 1, 1, 1}]}\" factor \"InputForm[-3 + D]\" variable \"D\" seconds \"0.009095\" input_bytes \"338336\" quotient_bytes \"227240\" divides \"False\n"
"From remote kernel:"
"\"KNOWN_FACTOR_DIVISION \"{30, CutIntegral[\"R03\", {1, 1, 1, 1}]}\" factor \"InputForm[-1 + D]\" variable \"D\" seconds \"0.004663\" input_bytes \"338336\" quotient_bytes \"224912\" divides \"False\n"
"From remote kernel:"
"\"KNOWN_FACTOR_DIVISION \"{30, CutIntegral[\"R03\", {1, 1, 1, 1}]}\" factor \"InputForm[Q^2 + s]\" variable \"s\" seconds \"0.006882\" input_bytes \"338336\" quotient_bytes \"240168\" divides \"False\n"
"From remote kernel:"
"\"KNOWN_FACTOR_DIVISION \"{30, CutIntegral[\"R03\", {1, 1, 1, 1}]}\" factor \"InputForm[SUNN]\" variable \"SUNN\" seconds \"0.010779\" input_bytes \"338336\" quotient_bytes \"172120\" divides \"False\n"
"From remote kernel:"
"\"KNOWN_FACTOR_DIVISION \"{30, CutIntegral[\"R03\", {1, 1, 1, 1}]}\" factor \"InputForm[s23 - t]\" variable \"s23\" seconds \"0.007466\" input_bytes \"338336\" quotient_bytes \"242080\" divides \"False\n"
"From remote kernel:"
"\"KNOWN_FACTOR_DIVISION \"{30, CutIntegral[\"R03\", {1, 1, 1, 1}]}\" factor \"InputForm[t]\" variable \"t\" seconds \"0.004593\" input_bytes \"338336\" quotient_bytes \"242136\" divides \"False\n"
"From remote kernel:"
"\"KNOWN_FACTOR_DIVISION \"{30, CutIntegral[\"R03\", {1, 1, 1, 1}]}\" factor \"InputForm[Q^2 + s - s23 + t]\" variable \"s\" seconds \"0.008235\" input_bytes \"338336\" quotient_bytes \"251376\" divides \"False\n"
"From remote kernel:"
"\"RETAINED_DENOMINATOR_FACTOR \"{30, CutIntegral[\"R03\", {1, 1, 1, 1}]}\" \"InputForm[Q^2*s23 + s*t]\n"
"From remote kernel:"
"\"REAL_MASTER_COEFFICIENT \"\"Hgq\"\" \"30\" \"InputForm[CutIntegral[\"R04\", {1, 1, 1, 1}]]\n"
"From remote kernel:"
"\"DENOMINATOR_SUPPORT \"{30, CutIntegral[\"R04\", {1, 1, 1, 1}]}\" \"InputForm[<|\"TermCount\" -> 4, \"FactorCount\" -> 6, \"FactorPowers\" -> <|-3 + D -> 1, -1 + D -> 1, s23 -> 1, s23 - t -> 1, t -> 3, Q^2*s23 + s*t -> 2|>, \"InputBytes\" -> 85624, \"CommonDenominatorBytes\" -> 744|>]\n"
"From remote kernel:"
"\"STREAMED_NUMERATOR \"{30, CutIntegral[\"R04\", {1, 1, 1, 1}]}\" row \"4\"/\"4\" numerator_bytes \"79424\" kernel_memory \"2886075680\n"
"From remote kernel:"
"\"DENOMINATOR_NUMERATOR \"{30, CutIntegral[\"R04\", {1, 1, 1, 1}]}\" bytes \"79424\" seconds \"0.006782\n"
"From remote kernel:"
"\"KNOWN_FACTOR_DIVISION \"{30, CutIntegral[\"R04\", {1, 1, 1, 1}]}\" factor \"InputForm[-3 + D]\" variable \"D\" seconds \"0.002743\" input_bytes \"79424\" quotient_bytes \"54960\" divides \"False\n"
"From remote kernel:"
"\"KNOWN_FACTOR_DIVISION \"{30, CutIntegral[\"R04\", {1, 1, 1, 1}]}\" factor \"InputForm[-1 + D]\" variable \"D\" seconds \"0.001565\" input_bytes \"79424\" quotient_bytes \"55304\" divides \"False\n"
"From remote kernel:"
"\"KNOWN_FACTOR_DIVISION \"{30, CutIntegral[\"R04\", {1, 1, 1, 1}]}\" factor \"InputForm[s23]\" variable \"s23\" seconds \"0.001452\" input_bytes \"79424\" quotient_bytes \"60920\" divides \"False\n"
"From remote kernel:"
"\"KNOWN_FACTOR_DIVISION \"{30, CutIntegral[\"R04\", {1, 1, 1, 1}]}\" factor \"InputForm[s23 - t]\" variable \"s23\" seconds \"0.00224\" input_bytes \"79424\" quotient_bytes \"54632\" divides \"False\n"
"From remote kernel:"
"\"KNOWN_FACTOR_DIVISION \"{30, CutIntegral[\"R04\", {1, 1, 1, 1}]}\" factor \"InputForm[t]\" variable \"t\" seconds \"0.001471\" input_bytes \"79424\" quotient_bytes \"62432\" divides \"False\n"
"From remote kernel:"
"\"RETAINED_DENOMINATOR_FACTOR \"{30, CutIntegral[\"R04\", {1, 1, 1, 1}]}\" \"InputForm[Q^2*s23 + s*t]\n"
"From remote kernel:"
"\"REAL_MASTER_COEFFICIENT \"\"Hgq\"\" \"30\" \"InputForm[CutIntegral[\"R10\", {1, 1, 1, 1}]]\n"
"From remote kernel:"
"\"DENOMINATOR_SUPPORT \"{30, CutIntegral[\"R10\", {1, 1, 1, 1}]}\" \"InputForm[<|\"TermCount\" -> 4, \"FactorCount\" -> 7, \"FactorPowers\" -> <|-3 + D -> 1, -1 + D -> 1, Q^2 + s -> 2, s23 -> 1, SUNN -> 1, t -> 1, Q^2*s23 + s*t -> 2|>, \"InputBytes\" -> 157448, \"CommonDenominatorBytes\" -> 752|>]\n"
"From remote kernel:"
"\"STREAMED_NUMERATOR \"{30, CutIntegral[\"R10\", {1, 1, 1, 1}]}\" row \"4\"/\"4\" numerator_bytes \"175408\" kernel_memory \"2886370160\n"
"From remote kernel:"
"\"DENOMINATOR_NUMERATOR \"{30, CutIntegral[\"R10\", {1, 1, 1, 1}]}\" bytes \"175408\" seconds \"0.014159\n"
"From remote kernel:"
"\"KNOWN_FACTOR_DIVISION \"{30, CutIntegral[\"R10\", {1, 1, 1, 1}]}\" factor \"InputForm[-3 + D]\" variable \"D\" seconds \"0.004664\" input_bytes \"175408\" quotient_bytes \"123664\" divides \"False\n"
"From remote kernel:"
"\"KNOWN_FACTOR_DIVISION \"{30, CutIntegral[\"R10\", {1, 1, 1, 1}]}\" factor \"InputForm[-1 + D]\" variable \"D\" seconds \"0.002719\" input_bytes \"175408\" quotient_bytes \"122776\" divides \"False\n"
"From remote kernel:"
"\"KNOWN_FACTOR_DIVISION \"{30, CutIntegral[\"R10\", {1, 1, 1, 1}]}\" factor \"InputForm[Q^2 + s]\" variable \"s\" seconds \"0.004645\" input_bytes \"175408\" quotient_bytes \"116256\" divides \"False\n"
"From remote kernel:"
"\"KNOWN_FACTOR_DIVISION \"{30, CutIntegral[\"R10\", {1, 1, 1, 1}]}\" factor \"InputForm[s23]\" variable \"s23\" seconds \"0.002977\" input_bytes \"175408\" quotient_bytes \"140016\" divides \"False\n"
"From remote kernel:"
"\"KNOWN_FACTOR_DIVISION \"{30, CutIntegral[\"R10\", {1, 1, 1, 1}]}\" factor \"InputForm[SUNN]\" variable \"SUNN\" seconds \"0.004761\" input_bytes \"175408\" quotient_bytes \"68576\" divides \"False\n"
"From remote kernel:"
"\"KNOWN_FACTOR_DIVISION \"{30, CutIntegral[\"R10\", {1, 1, 1, 1}]}\" factor \"InputForm[t]\" variable \"t\" seconds \"0.002734\" input_bytes \"175408\" quotient_bytes \"115704\" divides \"False\n"
"From remote kernel:"
"\"RETAINED_DENOMINATOR_FACTOR \"{30, CutIntegral[\"R10\", {1, 1, 1, 1}]}\" \"InputForm[Q^2*s23 + s*t]\n"
"From remote kernel:"
"\"PASS: \"\"complete linear reduced coefficient reconstruction\"\n"
"From remote kernel:"
"\"PASS: \"\"reduced coefficients are scalar rational expressions\"\n"
"From remote kernel:"
"\"REAL_MAP_ACCEPTED \"\"Hgq\"\" \"30\n"
"From remote kernel:"
"\"REAL_MAP \"\"Hgq\"\" \"31\"/\"37\" \"<|\"Sector\" -> \"Real\", \"Kind\" -> \"ExtendedResponse\", \"Index\" -> {8, 4, 2}|>\" kernel \"1\n"
"From remote kernel:"
"\"PASS: \"\"raw component retains executed reconstruction\"\n"
"From remote kernel:"
"\"PASS: \"\"known rules end in saved masters\"\n"
"From remote kernel:"
"\"PASS: \"\"exact individual reduction-rule reconstruction\"\n"
"From remote kernel:"
"\"REAL_MASTER_COEFFICIENT \"\"Hgq\"\" \"31\" \"InputForm[CutIntegral[\"R01\", {1, 1, 0, 0}]]\n"
"From remote kernel:"
"\"PASS: \"\"exact individual denominator factorization\"\n"
"From remote kernel:"
"\"PASS: \"\"unique positive denominator factor powers\"\n"
"From remote kernel:"
"\"DENOMINATOR_SUPPORT \"{31, CutIntegral[\"R01\", {1, 1, 0, 0}]}\" \"InputForm[<|\"TermCount\" -> 189, \"FactorCount\" -> 18, \"FactorPowers\" -> <|-8 + D -> 1, -6 + D -> 1, -4 + D -> 1, -3 + D -> 1, -2 + D -> 1, -1 + D -> 2, D -> 1, Q -> 1, Q^2 + s -> 4, s - s23 -> 4, s23 -> 1, SUNN -> 1, s23 - t -> 4, t -> 2, -s23 + t -> 4, Q^2 + s - s23 + t -> 5, Q^2*s23 + s*t -> 2, s^2 + 4*Q^2*s23 + 2*s*t + t^2 -> 4|>, \"InputBytes\" -> 47743608, \"CommonDenominatorBytes\" -> 2680|>]\n"
"From remote kernel:"
"\"PASS: \"\"exact common-denominator embedding\"\n"
"From remote kernel:"
"\"PASS: \"\"exact streamed numerator addition\"\n"
"From remote kernel:"
"\"STREAMED_NUMERATOR \"{31, CutIntegral[\"R01\", {1, 1, 0, 0}]}\" row \"16\"/\"189\" numerator_bytes \"41428456\" kernel_memory \"3046806080\n"
"From remote kernel:"
"\"STREAMED_NUMERATOR \"{31, CutIntegral[\"R01\", {1, 1, 0, 0}]}\" row \"32\"/\"189\" numerator_bytes \"37669480\" kernel_memory \"2953918424\n"
"From remote kernel:"
"\"STREAMED_NUMERATOR \"{31, CutIntegral[\"R01\", {1, 1, 0, 0}]}\" row \"48\"/\"189\" numerator_bytes \"41050336\" kernel_memory \"2955854064\n"
"From remote kernel:"
"\"STREAMED_NUMERATOR \"{28, CutIntegral[\"R01\", {1, 1, 0, 0}]}\" row \"32\"/\"320\" numerator_bytes \"203232032\" kernel_memory \"3088459136\n"
"From remote kernel:"
"\"STREAMED_NUMERATOR \"{31, CutIntegral[\"R01\", {1, 1, 0, 0}]}\" row \"64\"/\"189\" numerator_bytes \"42726720\" kernel_memory \"2962777568\n"
"From remote kernel:"
"\"STREAMED_NUMERATOR \"{31, CutIntegral[\"R01\", {1, 1, 0, 0}]}\" row \"80\"/\"189\" numerator_bytes \"44905968\" kernel_memory \"2959477736\n"
"From remote kernel:"
"\"STREAMED_NUMERATOR \"{31, CutIntegral[\"R01\", {1, 1, 0, 0}]}\" row \"96\"/\"189\" numerator_bytes \"46921048\" kernel_memory \"2960456704\n"
"From remote kernel:"
"\"STREAMED_NUMERATOR \"{31, CutIntegral[\"R01\", {1, 1, 0, 0}]}\" row \"112\"/\"189\" numerator_bytes \"48455248\" kernel_memory \"2963619616\n"
"From remote kernel:"
"\"STREAMED_NUMERATOR \"{31, CutIntegral[\"R01\", {1, 1, 0, 0}]}\" row \"128\"/\"189\" numerator_bytes \"46466432\" kernel_memory \"2960487624\n"
"From remote kernel:"
"\"STREAMED_NUMERATOR \"{31, CutIntegral[\"R01\", {1, 1, 0, 0}]}\" row \"144\"/\"189\" numerator_bytes \"47025744\" kernel_memory \"2967816520\n"
"From remote kernel:"
"\"STREAMED_NUMERATOR \"{28, CutIntegral[\"R01\", {1, 1, 0, 0}]}\" row \"48\"/\"320\" numerator_bytes \"217031680\" kernel_memory \"3097491160\n"
"From remote kernel:"
"\"STREAMED_NUMERATOR \"{31, CutIntegral[\"R01\", {1, 1, 0, 0}]}\" row \"160\"/\"189\" numerator_bytes \"49308832\" kernel_memory \"2963141736\n"
"From remote kernel:"
"\"STREAMED_NUMERATOR \"{31, CutIntegral[\"R01\", {1, 1, 0, 0}]}\" row \"176\"/\"189\" numerator_bytes \"49016064\" kernel_memory \"2961733984\n"
"From remote kernel:"
"\"STREAMED_NUMERATOR \"{31, CutIntegral[\"R01\", {1, 1, 0, 0}]}\" row \"189\"/\"189\" numerator_bytes \"43834048\" kernel_memory \"2961159656\n"
"From remote kernel:"
"\"PASS: \"\"exact complete numerator assembly\"\n"
"From remote kernel:"
"\"DENOMINATOR_NUMERATOR \"{31, CutIntegral[\"R01\", {1, 1, 0, 0}]}\" bytes \"43834048\" seconds \"253.544968\n"
"From remote kernel:"
"\"PASS: \"\"matched measured denominator inventory\"\n"
"From remote kernel:"
"\"PASS: \"\"exact known-factor quotient and remainder\"\n"
"From remote kernel:"
"\"KNOWN_FACTOR_DIVISION \"{31, CutIntegral[\"R01\", {1, 1, 0, 0}]}\" factor \"InputForm[-8 + D]\" variable \"D\" seconds \"1.476823\" input_bytes \"43834048\" quotient_bytes \"33959072\" divides \"True\n"
"From remote kernel:"
"\"KNOWN_FACTOR_DIVISION \"{31, CutIntegral[\"R01\", {1, 1, 0, 0}]}\" factor \"InputForm[-6 + D]\" variable \"D\" seconds \"0.768053\" input_bytes \"33959072\" quotient_bytes \"30484912\" divides \"True\n"
"From remote kernel:"
"\"KNOWN_FACTOR_DIVISION \"{31, CutIntegral[\"R01\", {1, 1, 0, 0}]}\" factor \"InputForm[-4 + D]\" variable \"D\" seconds \"0.738921\" input_bytes \"30484912\" quotient_bytes \"30276848\" divides \"False\n"
"From remote kernel:"
"\"KNOWN_FACTOR_DIVISION \"{31, CutIntegral[\"R01\", {1, 1, 0, 0}]}\" factor \"InputForm[-3 + D]\" variable \"D\" seconds \"0.726323\" input_bytes \"30484912\" quotient_bytes \"26920256\" divides \"True\n"
"From remote kernel:"
"\"KNOWN_FACTOR_DIVISION \"{31, CutIntegral[\"R01\", {1, 1, 0, 0}]}\" factor \"InputForm[-2 + D]\" variable \"D\" seconds \"0.892382\" input_bytes \"26920256\" quotient_bytes \"24782880\" divides \"False\n"
"From remote kernel:"
"\"KNOWN_FACTOR_DIVISION \"{31, CutIntegral[\"R01\", {1, 1, 0, 0}]}\" factor \"InputForm[-1 + D]\" variable \"D\" seconds \"0.685182\" input_bytes \"26920256\" quotient_bytes \"23404384\" divides \"True\n"
"From remote kernel:"
"\"KNOWN_FACTOR_DIVISION \"{31, CutIntegral[\"R01\", {1, 1, 0, 0}]}\" factor \"InputForm[-1 + D]\" variable \"D\" seconds \"0.621177\" input_bytes \"23404384\" quotient_bytes \"23234376\" divides \"False\n"
"From remote kernel:"
"\"KNOWN_FACTOR_DIVISION \"{31, CutIntegral[\"R01\", {1, 1, 0, 0}]}\" factor \"InputForm[D]\" variable \"D\" seconds \"0.57706\" input_bytes \"23404384\" quotient_bytes \"23404160\" divides \"True\n"
"From remote kernel:"
"\"KNOWN_FACTOR_DIVISION \"{31, CutIntegral[\"R01\", {1, 1, 0, 0}]}\" factor \"InputForm[Q]\" variable \"Q\" seconds \"0.508499\" input_bytes \"23404160\" quotient_bytes \"22175000\" divides \"True\n"
"From remote kernel:"
"\"KNOWN_FACTOR_DIVISION \"{31, CutIntegral[\"R01\", {1, 1, 0, 0}]}\" factor \"InputForm[Q^2 + s]\" variable \"s\" seconds \"0.639342\" input_bytes \"22175000\" quotient_bytes \"20262552\" divides \"True\n"
"From remote kernel:"
"\"KNOWN_FACTOR_DIVISION \"{31, CutIntegral[\"R01\", {1, 1, 0, 0}]}\" factor \"InputForm[Q^2 + s]\" variable \"s\" seconds \"0.22405\" input_bytes \"20262552\" quotient_bytes \"18281728\" divides \"True\n"
"From remote kernel:"
"\"KNOWN_FACTOR_DIVISION \"{31, CutIntegral[\"R01\", {1, 1, 0, 0}]}\" factor \"InputForm[Q^2 + s]\" variable \"s\" seconds \"0.157991\" input_bytes \"18281728\" quotient_bytes \"16247896\" divides \"True\n"
"From remote kernel:"
"\"KNOWN_FACTOR_DIVISION \"{31, CutIntegral[\"R01\", {1, 1, 0, 0}]}\" factor \"InputForm[Q^2 + s]\" variable \"s\" seconds \"0.125291\" input_bytes \"16247896\" quotient_bytes \"15474768\" divides \"False\n"
"From remote kernel:"
"\"KNOWN_FACTOR_DIVISION \"{31, CutIntegral[\"R01\", {1, 1, 0, 0}]}\" factor \"InputForm[s - s23]\" variable \"s\" seconds \"0.138687\" input_bytes \"16247896\" quotient_bytes \"14938280\" divides \"True\n"
"From remote kernel:"
"\"KNOWN_FACTOR_DIVISION \"{31, CutIntegral[\"R01\", {1, 1, 0, 0}]}\" factor \"InputForm[s - s23]\" variable \"s\" seconds \"0.212544\" input_bytes \"14938280\" quotient_bytes \"13549704\" divides \"True\n"
"From remote kernel:"
"\"KNOWN_FACTOR_DIVISION \"{31, CutIntegral[\"R01\", {1, 1, 0, 0}]}\" factor \"InputForm[s - s23]\" variable \"s\" seconds \"0.202556\" input_bytes \"13549704\" quotient_bytes \"12181392\" divides \"True\n"
"From remote kernel:"
"\"KNOWN_FACTOR_DIVISION \"{31, CutIntegral[\"R01\", {1, 1, 0, 0}]}\" factor \"InputForm[s - s23]\" variable \"s\" seconds \"0.174411\" input_bytes \"12181392\" quotient_bytes \"10789728\" divides \"True\n"
"From remote kernel:"
"\"KNOWN_FACTOR_DIVISION \"{31, CutIntegral[\"R01\", {1, 1, 0, 0}]}\" factor \"InputForm[s23]\" variable \"s23\" seconds \"0.234148\" input_bytes \"10789728\" quotient_bytes \"10215216\" divides \"False\n"
"From remote kernel:"
"\"KNOWN_FACTOR_DIVISION \"{31, CutIntegral[\"R01\", {1, 1, 0, 0}]}\" factor \"InputForm[SUNN]\" variable \"SUNN\" seconds \"1.431649\" input_bytes \"10789728\" quotient_bytes \"5711840\" divides \"False\n"
"From remote kernel:"
"\"KNOWN_FACTOR_DIVISION \"{31, CutIntegral[\"R01\", {1, 1, 0, 0}]}\" factor \"InputForm[s23 - t]\" variable \"s23\" seconds \"0.378948\" input_bytes \"10789728\" quotient_bytes \"9908736\" divides \"True\n"
"From remote kernel:"
"\"KNOWN_FACTOR_DIVISION \"{31, CutIntegral[\"R01\", {1, 1, 0, 0}]}\" factor \"InputForm[s23 - t]\" variable \"s23\" seconds \"0.178067\" input_bytes \"9908736\" quotient_bytes \"9153016\" divides \"True\n"
"From remote kernel:"
"\"KNOWN_FACTOR_DIVISION \"{31, CutIntegral[\"R01\", {1, 1, 0, 0}]}\" factor \"InputForm[s23 - t]\" variable \"s23\" seconds \"0.109126\" input_bytes \"9153016\" quotient_bytes \"8413952\" divides \"True\n"
"From remote kernel:"
"\"KNOWN_FACTOR_DIVISION \"{31, CutIntegral[\"R01\", {1, 1, 0, 0}]}\" factor \"InputForm[s23 - t]\" variable \"s23\" seconds \"0.107128\" input_bytes \"8413952\" quotient_bytes \"7654744\" divides \"True\n"
"From remote kernel:"
"\"KNOWN_FACTOR_DIVISION \"{31, CutIntegral[\"R01\", {1, 1, 0, 0}]}\" factor \"InputForm[t]\" variable \"t\" seconds \"0.143437\" input_bytes \"7654744\" quotient_bytes \"7545696\" divides \"True\n"
"From remote kernel:"
"\"KNOWN_FACTOR_DIVISION \"{31, CutIntegral[\"R01\", {1, 1, 0, 0}]}\" factor \"InputForm[t]\" variable \"t\" seconds \"0.031049\" input_bytes \"7545696\" quotient_bytes \"7111504\" divides \"False\n"
"From remote kernel:"
"\"KNOWN_FACTOR_DIVISION \"{31, CutIntegral[\"R01\", {1, 1, 0, 0}]}\" factor \"InputForm[-s23 + t]\" variable \"s23\" seconds \"0.189206\" input_bytes \"7545696\" quotient_bytes \"6831952\" divides \"True\n"
"From remote kernel:"
"\"KNOWN_FACTOR_DIVISION \"{31, CutIntegral[\"R01\", {1, 1, 0, 0}]}\" factor \"InputForm[-s23 + t]\" variable \"s23\" seconds \"0.090314\" input_bytes \"6831952\" quotient_bytes \"6082944\" divides \"True\n"
"From remote kernel:"
"\"KNOWN_FACTOR_DIVISION \"{31, CutIntegral[\"R01\", {1, 1, 0, 0}]}\" factor \"InputForm[-s23 + t]\" variable \"s23\" seconds \"0.082346\" input_bytes \"6082944\" quotient_bytes \"5571304\" divides \"False\n"
"From remote kernel:"
"\"KNOWN_FACTOR_DIVISION \"{31, CutIntegral[\"R01\", {1, 1, 0, 0}]}\" factor \"InputForm[Q^2 + s - s23 + t]\" variable \"s\" seconds \"0.158787\" input_bytes \"6082944\" quotient_bytes \"4968304\" divides \"True\n"
"From remote kernel:"
"\"KNOWN_FACTOR_DIVISION \"{31, CutIntegral[\"R01\", {1, 1, 0, 0}]}\" factor \"InputForm[Q^2 + s - s23 + t]\" variable \"s\" seconds \"0.060786\" input_bytes \"4968304\" quotient_bytes \"3909048\" divides \"True\n"
"From remote kernel:"
"\"KNOWN_FACTOR_DIVISION \"{31, CutIntegral[\"R01\", {1, 1, 0, 0}]}\" factor \"InputForm[Q^2 + s - s23 + t]\" variable \"s\" seconds \"0.047198\" input_bytes \"3909048\" quotient_bytes \"2979344\" divides \"True\n"
"From remote kernel:"
"\"KNOWN_FACTOR_DIVISION \"{31, CutIntegral[\"R01\", {1, 1, 0, 0}]}\" factor \"InputForm[Q^2 + s - s23 + t]\" variable \"s\" seconds \"0.041509\" input_bytes \"2979344\" quotient_bytes \"3264152\" divides \"False\n"
"From remote kernel:"
"\"RETAINED_DENOMINATOR_FACTOR \"{31, CutIntegral[\"R01\", {1, 1, 0, 0}]}\" \"InputForm[Q^2*s23 + s*t]\n"
"From remote kernel:"
"\"KNOWN_FACTOR_DIVISION \"{31, CutIntegral[\"R01\", {1, 1, 0, 0}]}\" factor \"InputForm[s^2 + 4*Q^2*s23 + 2*s*t + t^2]\" variable \"s\" seconds \"0.049506\" input_bytes \"2979344\" quotient_bytes \"2196536\" divides \"True\n"
"From remote kernel:"
"\"KNOWN_FACTOR_DIVISION \"{31, CutIntegral[\"R01\", {1, 1, 0, 0}]}\" factor \"InputForm[s^2 + 4*Q^2*s23 + 2*s*t + t^2]\" variable \"s\" seconds \"0.039176\" input_bytes \"2196536\" quotient_bytes \"1514040\" divides \"True\n"
"From remote kernel:"
"\"KNOWN_FACTOR_DIVISION \"{31, CutIntegral[\"R01\", {1, 1, 0, 0}]}\" factor \"InputForm[s^2 + 4*Q^2*s23 + 2*s*t + t^2]\" variable \"s\" seconds \"0.026729\" input_bytes \"1514040\" quotient_bytes \"952832\" divides \"True\n"
"From remote kernel:"
"\"KNOWN_FACTOR_DIVISION \"{31, CutIntegral[\"R01\", {1, 1, 0, 0}]}\" factor \"InputForm[s^2 + 4*Q^2*s23 + 2*s*t + t^2]\" variable \"s\" seconds \"0.017365\" input_bytes \"952832\" quotient_bytes \"555712\" divides \"False\n"
"From remote kernel:"
"\"PASS: \"\"exact final numerator factorization\"\n"
"From remote kernel:"
"\"PASS: \"\"exact final denominator reconstruction\"\n"
"From remote kernel:"
"\"PASS: \"\"compressed scalar map below file bound\"\n"
"From remote kernel:"
"\"PASS: \"\"compressed scalar map exact round trip\"\n"
"From remote kernel:"
"\"PASS: \"\"master coefficient retains exact reconstruction\"\n"
"From remote kernel:"
"\"REAL_MASTER_COEFFICIENT \"\"Hgq\"\" \"31\" \"InputForm[CutIntegral[\"R01\", {1, 1, 1, 1}]]\n"
"From remote kernel:"
"\"DENOMINATOR_SUPPORT \"{31, CutIntegral[\"R01\", {1, 1, 1, 1}]}\" \"InputForm[<|\"TermCount\" -> 1, \"FactorCount\" -> 5, \"FactorPowers\" -> <|-3 + D -> 1, -1 + D -> 1, s23 - t -> 1, t -> 1, Q^2*s23 + s*t -> 2|>, \"InputBytes\" -> 30840, \"CommonDenominatorBytes\" -> 664|>]\n"
"From remote kernel:"
"\"STREAMED_NUMERATOR \"{31, CutIntegral[\"R01\", {1, 1, 1, 1}]}\" row \"1\"/\"1\" numerator_bytes \"27752\" kernel_memory \"2896431464\n"
"From remote kernel:"
"\"DENOMINATOR_NUMERATOR \"{31, CutIntegral[\"R01\", {1, 1, 1, 1}]}\" bytes \"27752\" seconds \"0.004542\n"
"From remote kernel:"
"\"KNOWN_FACTOR_DIVISION \"{31, CutIntegral[\"R01\", {1, 1, 1, 1}]}\" factor \"InputForm[-3 + D]\" variable \"D\" seconds \"0.001107\" input_bytes \"27752\" quotient_bytes \"17144\" divides \"False\n"
"From remote kernel:"
"\"KNOWN_FACTOR_DIVISION \"{31, CutIntegral[\"R01\", {1, 1, 1, 1}]}\" factor \"InputForm[-1 + D]\" variable \"D\" seconds \"0.000375\" input_bytes \"27752\" quotient_bytes \"17680\" divides \"False\n"
"From remote kernel:"
"\"KNOWN_FACTOR_DIVISION \"{31, CutIntegral[\"R01\", {1, 1, 1, 1}]}\" factor \"InputForm[s23 - t]\" variable \"s23\" seconds \"0.000952\" input_bytes \"27752\" quotient_bytes \"29616\" divides \"False\n"
"From remote kernel:"
"\"KNOWN_FACTOR_DIVISION \"{31, CutIntegral[\"R01\", {1, 1, 1, 1}]}\" factor \"InputForm[t]\" variable \"t\" seconds \"0.000432\" input_bytes \"27752\" quotient_bytes \"17584\" divides \"False\n"
"From remote kernel:"
"\"RETAINED_DENOMINATOR_FACTOR \"{31, CutIntegral[\"R01\", {1, 1, 1, 1}]}\" \"InputForm[Q^2*s23 + s*t]\n"
"From remote kernel:"
"\"REAL_MASTER_COEFFICIENT \"\"Hgq\"\" \"31\" \"InputForm[CutIntegral[\"R02\", {1, 1, 1, 1}]]\n"
"From remote kernel:"
"\"DENOMINATOR_SUPPORT \"{31, CutIntegral[\"R02\", {1, 1, 1, 1}]}\" \"InputForm[<|\"TermCount\" -> 4, \"FactorCount\" -> 8, \"FactorPowers\" -> <|-3 + D -> 1, -1 + D -> 1, Q^2 + s -> 2, s23 -> 1, SUNN -> 1, s23 - t -> 1, t -> 1, Q^2 + s - s23 + t -> 2|>, \"InputBytes\" -> 159960, \"CommonDenominatorBytes\" -> 864|>]\n"
"From remote kernel:"
"\"STREAMED_NUMERATOR \"{31, CutIntegral[\"R02\", {1, 1, 1, 1}]}\" row \"4\"/\"4\" numerator_bytes \"215592\" kernel_memory \"2896819544\n"
"From remote kernel:"
"\"DENOMINATOR_NUMERATOR \"{31, CutIntegral[\"R02\", {1, 1, 1, 1}]}\" bytes \"215592\" seconds \"0.009612\n"
"From remote kernel:"
"\"KNOWN_FACTOR_DIVISION \"{31, CutIntegral[\"R02\", {1, 1, 1, 1}]}\" factor \"InputForm[-3 + D]\" variable \"D\" seconds \"0.003659\" input_bytes \"215592\" quotient_bytes \"150648\" divides \"False\n"
"From remote kernel:"
"\"KNOWN_FACTOR_DIVISION \"{31, CutIntegral[\"R02\", {1, 1, 1, 1}]}\" factor \"InputForm[-1 + D]\" variable \"D\" seconds \"0.002508\" input_bytes \"215592\" quotient_bytes \"151680\" divides \"False\n"
"From remote kernel:"
"\"KNOWN_FACTOR_DIVISION \"{31, CutIntegral[\"R02\", {1, 1, 1, 1}]}\" factor \"InputForm[Q^2 + s]\" variable \"s\" seconds \"0.003213\" input_bytes \"215592\" quotient_bytes \"138104\" divides \"False\n"
"From remote kernel:"
"\"KNOWN_FACTOR_DIVISION \"{31, CutIntegral[\"R02\", {1, 1, 1, 1}]}\" factor \"InputForm[s23]\" variable \"s23\" seconds \"0.002814\" input_bytes \"215592\" quotient_bytes \"176256\" divides \"False\n"
"From remote kernel:"
"\"KNOWN_FACTOR_DIVISION \"{31, CutIntegral[\"R02\", {1, 1, 1, 1}]}\" factor \"InputForm[SUNN]\" variable \"SUNN\" seconds \"0.004333\" input_bytes \"215592\" quotient_bytes \"92008\" divides \"False\n"
"From remote kernel:"
"\"KNOWN_FACTOR_DIVISION \"{31, CutIntegral[\"R02\", {1, 1, 1, 1}]}\" factor \"InputForm[s23 - t]\" variable \"s23\" seconds \"0.003145\" input_bytes \"215592\" quotient_bytes \"143224\" divides \"False\n"
"From remote kernel:"
"\"KNOWN_FACTOR_DIVISION \"{31, CutIntegral[\"R02\", {1, 1, 1, 1}]}\" factor \"InputForm[t]\" variable \"t\" seconds \"0.002367\" input_bytes \"215592\" quotient_bytes \"151728\" divides \"False\n"
"From remote kernel:"
"\"KNOWN_FACTOR_DIVISION \"{31, CutIntegral[\"R02\", {1, 1, 1, 1}]}\" factor \"InputForm[Q^2 + s - s23 + t]\" variable \"s\" seconds \"0.003674\" input_bytes \"215592\" quotient_bytes \"153376\" divides \"False\n"
"From remote kernel:"
"\"REAL_MASTER_COEFFICIENT \"\"Hgq\"\" \"31\" \"InputForm[CutIntegral[\"R03\", {1, 1, 0, 1}]]\n"
"From remote kernel:"
"\"DENOMINATOR_SUPPORT \"{31, CutIntegral[\"R03\", {1, 1, 0, 1}]}\" \"InputForm[<|\"TermCount\" -> 31, \"FactorCount\" -> 13, \"FactorPowers\" -> <|-3 + D -> 1, -2 + D -> 1, -1 + D -> 1, D -> 1, Q -> 1, Q^2 + s -> 4, s23 -> 1, SUNN -> 1, s23 - t -> 2, t -> 1, Q^2 + s - s23 + t -> 2, Q^2*s23 + s*t -> 2, s^2 + 4*Q^2*s23 + 2*s*t + t^2 -> 4|>, \"InputBytes\" -> 7070424, \"CommonDenominatorBytes\" -> 1880|>]\n"
"From remote kernel:"
"\"STREAMED_NUMERATOR \"{31, CutIntegral[\"R03\", {1, 1, 0, 1}]}\" row \"16\"/\"31\" numerator_bytes \"5295960\" kernel_memory \"2922670824\n"
"From remote kernel:"
"\"STREAMED_NUMERATOR \"{31, CutIntegral[\"R03\", {1, 1, 0, 1}]}\" row \"31\"/\"31\" numerator_bytes \"6323000\" kernel_memory \"2905684832\n"
"From remote kernel:"
"\"DENOMINATOR_NUMERATOR \"{31, CutIntegral[\"R03\", {1, 1, 0, 1}]}\" bytes \"6323000\" seconds \"4.833686\n"
"From remote kernel:"
"\"KNOWN_FACTOR_DIVISION \"{31, CutIntegral[\"R03\", {1, 1, 0, 1}]}\" factor \"InputForm[-3 + D]\" variable \"D\" seconds \"0.217786\" input_bytes \"6323000\" quotient_bytes \"5490736\" divides \"False\n"
"From remote kernel:"
"\"KNOWN_FACTOR_DIVISION \"{31, CutIntegral[\"R03\", {1, 1, 0, 1}]}\" factor \"InputForm[-2 + D]\" variable \"D\" seconds \"0.094493\" input_bytes \"6323000\" quotient_bytes \"4596872\" divides \"True\n"
"From remote kernel:"
"\"KNOWN_FACTOR_DIVISION \"{31, CutIntegral[\"R03\", {1, 1, 0, 1}]}\" factor \"InputForm[-1 + D]\" variable \"D\" seconds \"0.02468\" input_bytes \"4596872\" quotient_bytes \"4450864\" divides \"False\n"
"From remote kernel:"
"\"KNOWN_FACTOR_DIVISION \"{31, CutIntegral[\"R03\", {1, 1, 0, 1}]}\" factor \"InputForm[D]\" variable \"D\" seconds \"0.013869\" input_bytes \"4596872\" quotient_bytes \"4596656\" divides \"True\n"
"From remote kernel:"
"\"KNOWN_FACTOR_DIVISION \"{31, CutIntegral[\"R03\", {1, 1, 0, 1}]}\" factor \"InputForm[Q]\" variable \"Q\" seconds \"0.079664\" input_bytes \"4596656\" quotient_bytes \"4285992\" divides \"True\n"
"From remote kernel:"
"\"KNOWN_FACTOR_DIVISION \"{31, CutIntegral[\"R03\", {1, 1, 0, 1}]}\" factor \"InputForm[Q^2 + s]\" variable \"s\" seconds \"0.105856\" input_bytes \"4285992\" quotient_bytes \"3819944\" divides \"True\n"
"From remote kernel:"
"\"KNOWN_FACTOR_DIVISION \"{31, CutIntegral[\"R03\", {1, 1, 0, 1}]}\" factor \"InputForm[Q^2 + s]\" variable \"s\" seconds \"0.042514\" input_bytes \"3819944\" quotient_bytes \"3300256\" divides \"True\n"
"From remote kernel:"
"\"KNOWN_FACTOR_DIVISION \"{31, CutIntegral[\"R03\", {1, 1, 0, 1}]}\" factor \"InputForm[Q^2 + s]\" variable \"s\" seconds \"0.037919\" input_bytes \"3300256\" quotient_bytes \"2780336\" divides \"True\n"
"From remote kernel:"
"\"KNOWN_FACTOR_DIVISION \"{31, CutIntegral[\"R03\", {1, 1, 0, 1}]}\" factor \"InputForm[Q^2 + s]\" variable \"s\" seconds \"0.033068\" input_bytes \"2780336\" quotient_bytes \"2652896\" divides \"False\n"
"From remote kernel:"
"\"KNOWN_FACTOR_DIVISION \"{31, CutIntegral[\"R03\", {1, 1, 0, 1}]}\" factor \"InputForm[s23]\" variable \"s23\" seconds \"0.051474\" input_bytes \"2780336\" quotient_bytes \"2586568\" divides \"False\n"
"From remote kernel:"
"\"KNOWN_FACTOR_DIVISION \"{31, CutIntegral[\"R03\", {1, 1, 0, 1}]}\" factor \"InputForm[SUNN]\" variable \"SUNN\" seconds \"0.233879\" input_bytes \"2780336\" quotient_bytes \"1486360\" divides \"False\n"
"From remote kernel:"
"\"KNOWN_FACTOR_DIVISION \"{31, CutIntegral[\"R03\", {1, 1, 0, 1}]}\" factor \"InputForm[s23 - t]\" variable \"s23\" seconds \"0.065782\" input_bytes \"2780336\" quotient_bytes \"2313624\" divides \"True\n"
"From remote kernel:"
"\"KNOWN_FACTOR_DIVISION \"{31, CutIntegral[\"R03\", {1, 1, 0, 1}]}\" factor \"InputForm[s23 - t]\" variable \"s23\" seconds \"0.027048\" input_bytes \"2313624\" quotient_bytes \"1872504\" divides \"True\n"
"From remote kernel:"
"\"KNOWN_FACTOR_DIVISION \"{31, CutIntegral[\"R03\", {1, 1, 0, 1}]}\" factor \"InputForm[t]\" variable \"t\" seconds \"0.030708\" input_bytes \"1872504\" quotient_bytes \"1702984\" divides \"False\n"
"From remote kernel:"
"\"KNOWN_FACTOR_DIVISION \"{31, CutIntegral[\"R03\", {1, 1, 0, 1}]}\" factor \"InputForm[Q^2 + s - s23 + t]\" variable \"s\" seconds \"0.042959\" input_bytes \"1872504\" quotient_bytes \"1633472\" divides \"False\n"
"From remote kernel:"
"\"RETAINED_DENOMINATOR_FACTOR \"{31, CutIntegral[\"R03\", {1, 1, 0, 1}]}\" \"InputForm[Q^2*s23 + s*t]\n"
"From remote kernel:"
"\"KNOWN_FACTOR_DIVISION \"{31, CutIntegral[\"R03\", {1, 1, 0, 1}]}\" factor \"InputForm[s^2 + 4*Q^2*s23 + 2*s*t + t^2]\" variable \"s\" seconds \"0.045309\" input_bytes \"1872504\" quotient_bytes \"1381768\" divides \"True\n"
"From remote kernel:"
"\"KNOWN_FACTOR_DIVISION \"{31, CutIntegral[\"R03\", {1, 1, 0, 1}]}\" factor \"InputForm[s^2 + 4*Q^2*s23 + 2*s*t + t^2]\" variable \"s\" seconds \"0.020449\" input_bytes \"1381768\" quotient_bytes \"960064\" divides \"True\n"
"From remote kernel:"
"\"KNOWN_FACTOR_DIVISION \"{31, CutIntegral[\"R03\", {1, 1, 0, 1}]}\" factor \"InputForm[s^2 + 4*Q^2*s23 + 2*s*t + t^2]\" variable \"s\" seconds \"0.014077\" input_bytes \"960064\" quotient_bytes \"613504\" divides \"True\n"
"From remote kernel:"
"\"KNOWN_FACTOR_DIVISION \"{31, CutIntegral[\"R03\", {1, 1, 0, 1}]}\" factor \"InputForm[s^2 + 4*Q^2*s23 + 2*s*t + t^2]\" variable \"s\" seconds \"0.009294\" input_bytes \"613504\" quotient_bytes \"358960\" divides \"False\n"
"From remote kernel:"
"\"REAL_MASTER_COEFFICIENT \"\"Hgq\"\" \"31\" \"InputForm[CutIntegral[\"R03\", {1, 1, 1, 1}]]\n"
"From remote kernel:"
"\"DENOMINATOR_SUPPORT \"{31, CutIntegral[\"R03\", {1, 1, 1, 1}]}\" \"InputForm[<|\"TermCount\" -> 1, \"FactorCount\" -> 8, \"FactorPowers\" -> <|-3 + D -> 1, -1 + D -> 1, Q^2 + s -> 2, SUNN -> 1, s23 - t -> 1, t -> 1, Q^2 + s - s23 + t -> 2, Q^2*s23 + s*t -> 2|>, \"InputBytes\" -> 64904, \"CommonDenominatorBytes\" -> 1176|>]\n"
"From remote kernel:"
"\"STREAMED_NUMERATOR \"{31, CutIntegral[\"R03\", {1, 1, 1, 1}]}\" row \"1\"/\"1\" numerator_bytes \"342168\" kernel_memory \"2898134912\n"
"From remote kernel:"
"\"DENOMINATOR_NUMERATOR \"{31, CutIntegral[\"R03\", {1, 1, 1, 1}]}\" bytes \"342168\" seconds \"0.006272\n"
"From remote kernel:"
"\"KNOWN_FACTOR_DIVISION \"{31, CutIntegral[\"R03\", {1, 1, 1, 1}]}\" factor \"InputForm[-3 + D]\" variable \"D\" seconds \"0.005333\" input_bytes \"342168\" quotient_bytes \"227928\" divides \"False\n"
"From remote kernel:"
"\"KNOWN_FACTOR_DIVISION \"{31, CutIntegral[\"R03\", {1, 1, 1, 1}]}\" factor \"InputForm[-1 + D]\" variable \"D\" seconds \"0.002702\" input_bytes \"342168\" quotient_bytes \"226744\" divides \"False\n"
"From remote kernel:"
"\"KNOWN_FACTOR_DIVISION \"{31, CutIntegral[\"R03\", {1, 1, 1, 1}]}\" factor \"InputForm[Q^2 + s]\" variable \"s\" seconds \"0.003802\" input_bytes \"342168\" quotient_bytes \"241552\" divides \"False\n"
"From remote kernel:"
"\"KNOWN_FACTOR_DIVISION \"{31, CutIntegral[\"R03\", {1, 1, 1, 1}]}\" factor \"InputForm[SUNN]\" variable \"SUNN\" seconds \"0.005989\" input_bytes \"342168\" quotient_bytes \"174704\" divides \"False\n"
"From remote kernel:"
"\"KNOWN_FACTOR_DIVISION \"{31, CutIntegral[\"R03\", {1, 1, 1, 1}]}\" factor \"InputForm[s23 - t]\" variable \"s23\" seconds \"0.004642\" input_bytes \"342168\" quotient_bytes \"239920\" divides \"False\n"
"From remote kernel:"
"\"KNOWN_FACTOR_DIVISION \"{31, CutIntegral[\"R03\", {1, 1, 1, 1}]}\" factor \"InputForm[t]\" variable \"t\" seconds \"0.002852\" input_bytes \"342168\" quotient_bytes \"257216\" divides \"False\n"
"From remote kernel:"
"\"KNOWN_FACTOR_DIVISION \"{31, CutIntegral[\"R03\", {1, 1, 1, 1}]}\" factor \"InputForm[Q^2 + s - s23 + t]\" variable \"s\" seconds \"0.005678\" input_bytes \"342168\" quotient_bytes \"253360\" divides \"False\n"
"From remote kernel:"
"\"RETAINED_DENOMINATOR_FACTOR \"{31, CutIntegral[\"R03\", {1, 1, 1, 1}]}\" \"InputForm[Q^2*s23 + s*t]\n"
"From remote kernel:"
"\"REAL_MASTER_COEFFICIENT \"\"Hgq\"\" \"31\" \"InputForm[CutIntegral[\"R04\", {1, 1, 1, 1}]]\n"
"From remote kernel:"
"\"DENOMINATOR_SUPPORT \"{31, CutIntegral[\"R04\", {1, 1, 1, 1}]}\" \"InputForm[<|\"TermCount\" -> 4, \"FactorCount\" -> 6, \"FactorPowers\" -> <|-3 + D -> 1, -1 + D -> 1, s23 -> 1, s23 - t -> 1, t -> 1, Q^2*s23 + s*t -> 2|>, \"InputBytes\" -> 59336, \"CommonDenominatorBytes\" -> 672|>]\n"
"From remote kernel:"
"\"STREAMED_NUMERATOR \"{31, CutIntegral[\"R04\", {1, 1, 1, 1}]}\" row \"4\"/\"4\" numerator_bytes \"54040\" kernel_memory \"2897798776\n"
"From remote kernel:"
"\"DENOMINATOR_NUMERATOR \"{31, CutIntegral[\"R04\", {1, 1, 1, 1}]}\" bytes \"54040\" seconds \"0.00641\n"
"From remote kernel:"
"\"KNOWN_FACTOR_DIVISION \"{31, CutIntegral[\"R04\", {1, 1, 1, 1}]}\" factor \"InputForm[-3 + D]\" variable \"D\" seconds \"0.002159\" input_bytes \"54040\" quotient_bytes \"37504\" divides \"False\n"
"From remote kernel:"
"\"KNOWN_FACTOR_DIVISION \"{31, CutIntegral[\"R04\", {1, 1, 1, 1}]}\" factor \"InputForm[-1 + D]\" variable \"D\" seconds \"0.001092\" input_bytes \"54040\" quotient_bytes \"37600\" divides \"False\n"
"From remote kernel:"
"\"KNOWN_FACTOR_DIVISION \"{31, CutIntegral[\"R04\", {1, 1, 1, 1}]}\" factor \"InputForm[s23]\" variable \"s23\" seconds \"0.001273\" input_bytes \"54040\" quotient_bytes \"40200\" divides \"False\n"
"From remote kernel:"
"\"KNOWN_FACTOR_DIVISION \"{31, CutIntegral[\"R04\", {1, 1, 1, 1}]}\" factor \"InputForm[s23 - t]\" variable \"s23\" seconds \"0.001667\" input_bytes \"54040\" quotient_bytes \"35168\" divides \"False\n"
"From remote kernel:"
"\"KNOWN_FACTOR_DIVISION \"{31, CutIntegral[\"R04\", {1, 1, 1, 1}]}\" factor \"InputForm[t]\" variable \"t\" seconds \"0.001131\" input_bytes \"54040\" quotient_bytes \"42208\" divides \"False\n"
"From remote kernel:"
"\"RETAINED_DENOMINATOR_FACTOR \"{31, CutIntegral[\"R04\", {1, 1, 1, 1}]}\" \"InputForm[Q^2*s23 + s*t]\n"
"From remote kernel:"
"\"REAL_MASTER_COEFFICIENT \"\"Hgq\"\" \"31\" \"InputForm[CutIntegral[\"R10\", {1, 1, 1, 1}]]\n"
"From remote kernel:"
"\"DENOMINATOR_SUPPORT \"{31, CutIntegral[\"R10\", {1, 1, 1, 1}]}\" \"InputForm[<|\"TermCount\" -> 4, \"FactorCount\" -> 7, \"FactorPowers\" -> <|-3 + D -> 1, -1 + D -> 1, Q^2 + s -> 2, s23 -> 1, SUNN -> 1, t -> 1, Q^2*s23 + s*t -> 2|>, \"InputBytes\" -> 137424, \"CommonDenominatorBytes\" -> 752|>]\n"
"From remote kernel:"
"\"STREAMED_NUMERATOR \"{31, CutIntegral[\"R10\", {1, 1, 1, 1}]}\" row \"4\"/\"4\" numerator_bytes \"158808\" kernel_memory \"2898117136\n"
"From remote kernel:"
"\"DENOMINATOR_NUMERATOR \"{31, CutIntegral[\"R10\", {1, 1, 1, 1}]}\" bytes \"158808\" seconds \"0.015716\n"
"From remote kernel:"
"\"KNOWN_FACTOR_DIVISION \"{31, CutIntegral[\"R10\", {1, 1, 1, 1}]}\" factor \"InputForm[-3 + D]\" variable \"D\" seconds \"0.004184\" input_bytes \"158808\" quotient_bytes \"108792\" divides \"False\n"
"From remote kernel:"
"\"KNOWN_FACTOR_DIVISION \"{31, CutIntegral[\"R10\", {1, 1, 1, 1}]}\" factor \"InputForm[-1 + D]\" variable \"D\" seconds \"0.002644\" input_bytes \"158808\" quotient_bytes \"111880\" divides \"False\n"
"From remote kernel:"
"\"KNOWN_FACTOR_DIVISION \"{31, CutIntegral[\"R10\", {1, 1, 1, 1}]}\" factor \"InputForm[Q^2 + s]\" variable \"s\" seconds \"0.004298\" input_bytes \"158808\" quotient_bytes \"104848\" divides \"False\n"
"From remote kernel:"
"\"KNOWN_FACTOR_DIVISION \"{31, CutIntegral[\"R10\", {1, 1, 1, 1}]}\" factor \"InputForm[s23]\" variable \"s23\" seconds \"0.003515\" input_bytes \"158808\" quotient_bytes \"129352\" divides \"False\n"
"From remote kernel:"
"\"KNOWN_FACTOR_DIVISION \"{31, CutIntegral[\"R10\", {1, 1, 1, 1}]}\" factor \"InputForm[SUNN]\" variable \"SUNN\" seconds \"0.004564\" input_bytes \"158808\" quotient_bytes \"63280\" divides \"False\n"
"From remote kernel:"
"\"KNOWN_FACTOR_DIVISION \"{31, CutIntegral[\"R10\", {1, 1, 1, 1}]}\" factor \"InputForm[t]\" variable \"t\" seconds \"0.002646\" input_bytes \"158808\" quotient_bytes \"114368\" divides \"False\n"
"From remote kernel:"
"\"RETAINED_DENOMINATOR_FACTOR \"{31, CutIntegral[\"R10\", {1, 1, 1, 1}]}\" \"InputForm[Q^2*s23 + s*t]\n"
"From remote kernel:"
"\"PASS: \"\"complete linear reduced coefficient reconstruction\"\n"
"From remote kernel:"
"\"PASS: \"\"reduced coefficients are scalar rational expressions\"\n"
"From remote kernel:"
"\"REAL_MAP_ACCEPTED \"\"Hgq\"\" \"31\n"
"From remote kernel:"
"\"REAL_MAP \"\"Hgq\"\" \"32\"/\"37\" \"<|\"Sector\" -> \"Real\", \"Kind\" -> \"ExtendedResponse\", \"Index\" -> {8, 4, 5}|>\" kernel \"1\n"
"From remote kernel:"
"\"PASS: \"\"raw component retains executed reconstruction\"\n"
"From remote kernel:"
"\"PASS: \"\"known rules end in saved masters\"\n"
"From remote kernel:"
"\"PASS: \"\"exact individual reduction-rule reconstruction\"\n"
"From remote kernel:"
"\"REAL_MASTER_COEFFICIENT \"\"Hgq\"\" \"32\" \"InputForm[CutIntegral[\"R01\", {1, 1, 0, 0}]]\n"
"From remote kernel:"
"\"PASS: \"\"exact individual denominator factorization\"\n"
"From remote kernel:"
"\"PASS: \"\"unique positive denominator factor powers\"\n"
"From remote kernel:"
"\"DENOMINATOR_SUPPORT \"{32, CutIntegral[\"R01\", {1, 1, 0, 0}]}\" \"InputForm[<|\"TermCount\" -> 192, \"FactorCount\" -> 18, \"FactorPowers\" -> <|-8 + D -> 1, -6 + D -> 1, -3 + D -> 1, -2 + D -> 1, -1 + D -> 2, D -> 1, Q -> 1, Q^2 + s -> 2, s - s23 -> 3, s23 -> 1, -s + s23 -> 3, SUNN -> 1, s23 - t -> 4, t -> 3, -s23 + t -> 4, Q^2 + s - s23 + t -> 5, Q^2*s23 + s*t -> 2, s^2 + 4*Q^2*s23 + 2*s*t + t^2 -> 3|>, \"InputBytes\" -> 27034592, \"CommonDenominatorBytes\" -> 2808|>]\n"
"From remote kernel:"
"\"PASS: \"\"exact common-denominator embedding\"\n"
"From remote kernel:"
"\"PASS: \"\"exact streamed numerator addition\"\n"
"From remote kernel:"
"\"STREAMED_NUMERATOR \"{32, CutIntegral[\"R01\", {1, 1, 0, 0}]}\" row \"16\"/\"192\" numerator_bytes \"30131944\" kernel_memory \"2998217232\n"
"From remote kernel:"
"\"STREAMED_NUMERATOR \"{32, CutIntegral[\"R01\", {1, 1, 0, 0}]}\" row \"32\"/\"192\" numerator_bytes \"30521552\" kernel_memory \"2936064320\n"
"From remote kernel:"
"\"STREAMED_NUMERATOR \"{32, CutIntegral[\"R01\", {1, 1, 0, 0}]}\" row \"48\"/\"192\" numerator_bytes \"33626032\" kernel_memory \"2937824280\n"
"From remote kernel:"
"\"STREAMED_NUMERATOR \"{32, CutIntegral[\"R01\", {1, 1, 0, 0}]}\" row \"64\"/\"192\" numerator_bytes \"34469072\" kernel_memory \"2941890000\n"
"From remote kernel:"
"\"STREAMED_NUMERATOR \"{32, CutIntegral[\"R01\", {1, 1, 0, 0}]}\" row \"80\"/\"192\" numerator_bytes \"35547640\" kernel_memory \"2938558440\n"
"From remote kernel:"
"\"STREAMED_NUMERATOR \"{32, CutIntegral[\"R01\", {1, 1, 0, 0}]}\" row \"96\"/\"192\" numerator_bytes \"37456792\" kernel_memory \"2939164472\n"
"From remote kernel:"
"\"STREAMED_NUMERATOR \"{32, CutIntegral[\"R01\", {1, 1, 0, 0}]}\" row \"112\"/\"192\" numerator_bytes \"38910584\" kernel_memory \"2942817904\n"
"From remote kernel:"
"\"STREAMED_NUMERATOR \"{32, CutIntegral[\"R01\", {1, 1, 0, 0}]}\" row \"128\"/\"192\" numerator_bytes \"37153136\" kernel_memory \"2939072504\n"
"From remote kernel:"
"\"STREAMED_NUMERATOR \"{28, CutIntegral[\"R01\", {1, 1, 0, 0}]}\" row \"64\"/\"320\" numerator_bytes \"228874696\" kernel_memory \"3108804432\n"
"From remote kernel:"
"\"STREAMED_NUMERATOR \"{32, CutIntegral[\"R01\", {1, 1, 0, 0}]}\" row \"144\"/\"192\" numerator_bytes \"36065512\" kernel_memory \"2944004120\n"
"From remote kernel:"
"\"STREAMED_NUMERATOR \"{32, CutIntegral[\"R01\", {1, 1, 0, 0}]}\" row \"160\"/\"192\" numerator_bytes \"37932536\" kernel_memory \"2941311008\n"
"From remote kernel:"
"\"STREAMED_NUMERATOR \"{32, CutIntegral[\"R01\", {1, 1, 0, 0}]}\" row \"176\"/\"192\" numerator_bytes \"38268624\" kernel_memory \"2941096456\n"
"From remote kernel:"
"\"STREAMED_NUMERATOR \"{32, CutIntegral[\"R01\", {1, 1, 0, 0}]}\" row \"192\"/\"192\" numerator_bytes \"34209816\" kernel_memory \"2939303112\n"
"From remote kernel:"
"\"PASS: \"\"exact complete numerator assembly\"\n"
"From remote kernel:"
"\"DENOMINATOR_NUMERATOR \"{32, CutIntegral[\"R01\", {1, 1, 0, 0}]}\" bytes \"34209816\" seconds \"162.38474\n"
"From remote kernel:"
"\"PASS: \"\"matched measured denominator inventory\"\n"
"From remote kernel:"
"\"PASS: \"\"exact known-factor quotient and remainder\"\n"
"From remote kernel:"
"\"KNOWN_FACTOR_DIVISION \"{32, CutIntegral[\"R01\", {1, 1, 0, 0}]}\" factor \"InputForm[-8 + D]\" variable \"D\" seconds \"1.070017\" input_bytes \"34209816\" quotient_bytes \"26391984\" divides \"True\n"
"From remote kernel:"
"\"KNOWN_FACTOR_DIVISION \"{32, CutIntegral[\"R01\", {1, 1, 0, 0}]}\" factor \"InputForm[-6 + D]\" variable \"D\" seconds \"0.545167\" input_bytes \"26391984\" quotient_bytes \"23444928\" divides \"True\n"
"From remote kernel:"
"\"KNOWN_FACTOR_DIVISION \"{32, CutIntegral[\"R01\", {1, 1, 0, 0}]}\" factor \"InputForm[-3 + D]\" variable \"D\" seconds \"0.623012\" input_bytes \"23444928\" quotient_bytes \"20346368\" divides \"True\n"
"From remote kernel:"
"\"KNOWN_FACTOR_DIVISION \"{32, CutIntegral[\"R01\", {1, 1, 0, 0}]}\" factor \"InputForm[-2 + D]\" variable \"D\" seconds \"0.554506\" input_bytes \"20346368\" quotient_bytes \"18680576\" divides \"False\n"
"From remote kernel:"
"\"KNOWN_FACTOR_DIVISION \"{32, CutIntegral[\"R01\", {1, 1, 0, 0}]}\" factor \"InputForm[-1 + D]\" variable \"D\" seconds \"0.401308\" input_bytes \"20346368\" quotient_bytes \"17334248\" divides \"True\n"
"From remote kernel:"
"\"KNOWN_FACTOR_DIVISION \"{32, CutIntegral[\"R01\", {1, 1, 0, 0}]}\" factor \"InputForm[-1 + D]\" variable \"D\" seconds \"0.465338\" input_bytes \"17334248\" quotient_bytes \"16977896\" divides \"False\n"
"From remote kernel:"
"\"KNOWN_FACTOR_DIVISION \"{32, CutIntegral[\"R01\", {1, 1, 0, 0}]}\" factor \"InputForm[D]\" variable \"D\" seconds \"0.385175\" input_bytes \"17334248\" quotient_bytes \"17334032\" divides \"True\n"
"From remote kernel:"
"\"KNOWN_FACTOR_DIVISION \"{32, CutIntegral[\"R01\", {1, 1, 0, 0}]}\" factor \"InputForm[Q]\" variable \"Q\" seconds \"0.35407\" input_bytes \"17334032\" quotient_bytes \"16290480\" divides \"True\n"
"From remote kernel:"
"\"KNOWN_FACTOR_DIVISION \"{32, CutIntegral[\"R01\", {1, 1, 0, 0}]}\" factor \"InputForm[Q^2 + s]\" variable \"s\" seconds \"0.500079\" input_bytes \"16290480\" quotient_bytes \"14519720\" divides \"True\n"
"From remote kernel:"
"\"KNOWN_FACTOR_DIVISION \"{32, CutIntegral[\"R01\", {1, 1, 0, 0}]}\" factor \"InputForm[Q^2 + s]\" variable \"s\" seconds \"0.200795\" input_bytes \"14519720\" quotient_bytes \"14070760\" divides \"False\n"
"From remote kernel:"
"\"KNOWN_FACTOR_DIVISION \"{32, CutIntegral[\"R01\", {1, 1, 0, 0}]}\" factor \"InputForm[s - s23]\" variable \"s\" seconds \"0.165966\" input_bytes \"14519720\" quotient_bytes \"13380304\" divides \"True\n"
"From remote kernel:"
"\"KNOWN_FACTOR_DIVISION \"{32, CutIntegral[\"R01\", {1, 1, 0, 0}]}\" factor \"InputForm[s - s23]\" variable \"s\" seconds \"0.126926\" input_bytes \"13380304\" quotient_bytes \"12266744\" divides \"True\n"
"From remote kernel:"
"\"KNOWN_FACTOR_DIVISION \"{32, CutIntegral[\"R01\", {1, 1, 0, 0}]}\" factor \"InputForm[s - s23]\" variable \"s\" seconds \"0.132974\" input_bytes \"12266744\" quotient_bytes \"11188520\" divides \"True\n"
"From remote kernel:"
"\"KNOWN_FACTOR_DIVISION \"{32, CutIntegral[\"R01\", {1, 1, 0, 0}]}\" factor \"InputForm[s23]\" variable \"s23\" seconds \"0.22761\" input_bytes \"11188520\" quotient_bytes \"10748280\" divides \"False\n"
"From remote kernel:"
"\"KNOWN_FACTOR_DIVISION \"{32, CutIntegral[\"R01\", {1, 1, 0, 0}]}\" factor \"InputForm[-s + s23]\" variable \"s\" seconds \"0.167321\" input_bytes \"11188520\" quotient_bytes \"10101552\" divides \"True\n"
"From remote kernel:"
"\"KNOWN_FACTOR_DIVISION \"{32, CutIntegral[\"R01\", {1, 1, 0, 0}]}\" factor \"InputForm[-s + s23]\" variable \"s\" seconds \"0.145255\" input_bytes \"10101552\" quotient_bytes \"8973776\" divides \"True\n"
"From remote kernel:"
"\"KNOWN_FACTOR_DIVISION \"{32, CutIntegral[\"R01\", {1, 1, 0, 0}]}\" factor \"InputForm[-s + s23]\" variable \"s\" seconds \"0.127685\" input_bytes \"8973776\" quotient_bytes \"7875976\" divides \"True\n"
"From remote kernel:"
"\"KNOWN_FACTOR_DIVISION \"{32, CutIntegral[\"R01\", {1, 1, 0, 0}]}\" factor \"InputForm[SUNN]\" variable \"SUNN\" seconds \"0.729419\" input_bytes \"7875976\" quotient_bytes \"4242424\" divides \"False\n"
"From remote kernel:"
"\"KNOWN_FACTOR_DIVISION \"{32, CutIntegral[\"R01\", {1, 1, 0, 0}]}\" factor \"InputForm[s23 - t]\" variable \"s23\" seconds \"0.214696\" input_bytes \"7875976\" quotient_bytes \"7229784\" divides \"True\n"
"From remote kernel:"
"\"KNOWN_FACTOR_DIVISION \"{32, CutIntegral[\"R01\", {1, 1, 0, 0}]}\" factor \"InputForm[s23 - t]\" variable \"s23\" seconds \"0.102169\" input_bytes \"7229784\" quotient_bytes \"6691408\" divides \"True\n"
"From remote kernel:"
"\"KNOWN_FACTOR_DIVISION \"{32, CutIntegral[\"R01\", {1, 1, 0, 0}]}\" factor \"InputForm[s23 - t]\" variable \"s23\" seconds \"0.093232\" input_bytes \"6691408\" quotient_bytes \"6159752\" divides \"True\n"
"From remote kernel:"
"\"KNOWN_FACTOR_DIVISION \"{32, CutIntegral[\"R01\", {1, 1, 0, 0}]}\" factor \"InputForm[s23 - t]\" variable \"s23\" seconds \"0.084891\" input_bytes \"6159752\" quotient_bytes \"5624416\" divides \"True\n"
"From remote kernel:"
"\"KNOWN_FACTOR_DIVISION \"{32, CutIntegral[\"R01\", {1, 1, 0, 0}]}\" factor \"InputForm[t]\" variable \"t\" seconds \"0.124462\" input_bytes \"5624416\" quotient_bytes \"5417496\" divides \"False\n"
"From remote kernel:"
"\"KNOWN_FACTOR_DIVISION \"{32, CutIntegral[\"R01\", {1, 1, 0, 0}]}\" factor \"InputForm[-s23 + t]\" variable \"s23\" seconds \"0.090188\" input_bytes \"5624416\" quotient_bytes \"5121384\" divides \"True\n"
"From remote kernel:"
"\"KNOWN_FACTOR_DIVISION \"{32, CutIntegral[\"R01\", {1, 1, 0, 0}]}\" factor \"InputForm[-s23 + t]\" variable \"s23\" seconds \"0.053127\" input_bytes \"5121384\" quotient_bytes \"4585152\" divides \"True\n"
"From remote kernel:"
"\"KNOWN_FACTOR_DIVISION \"{32, CutIntegral[\"R01\", {1, 1, 0, 0}]}\" factor \"InputForm[-s23 + t]\" variable \"s23\" seconds \"0.074646\" input_bytes \"4585152\" quotient_bytes \"4149304\" divides \"False\n"
"From remote kernel:"
"\"KNOWN_FACTOR_DIVISION \"{32, CutIntegral[\"R01\", {1, 1, 0, 0}]}\" factor \"InputForm[Q^2 + s - s23 + t]\" variable \"s\" seconds \"0.128097\" input_bytes \"4585152\" quotient_bytes \"3725672\" divides \"True\n"
"From remote kernel:"
"\"KNOWN_FACTOR_DIVISION \"{32, CutIntegral[\"R01\", {1, 1, 0, 0}]}\" factor \"InputForm[Q^2 + s - s23 + t]\" variable \"s\" seconds \"0.056001\" input_bytes \"3725672\" quotient_bytes \"2902760\" divides \"True\n"
"From remote kernel:"
"\"KNOWN_FACTOR_DIVISION \"{32, CutIntegral[\"R01\", {1, 1, 0, 0}]}\" factor \"InputForm[Q^2 + s - s23 + t]\" variable \"s\" seconds \"0.03671\" input_bytes \"2902760\" quotient_bytes \"2166736\" divides \"True\n"
"From remote kernel:"
"\"KNOWN_FACTOR_DIVISION \"{32, CutIntegral[\"R01\", {1, 1, 0, 0}]}\" factor \"InputForm[Q^2 + s - s23 + t]\" variable \"s\" seconds \"0.035131\" input_bytes \"2166736\" quotient_bytes \"2023864\" divides \"False\n"
"From remote kernel:"
"\"RETAINED_DENOMINATOR_FACTOR \"{32, CutIntegral[\"R01\", {1, 1, 0, 0}]}\" \"InputForm[Q^2*s23 + s*t]\n"
"From remote kernel:"
"\"KNOWN_FACTOR_DIVISION \"{32, CutIntegral[\"R01\", {1, 1, 0, 0}]}\" factor \"InputForm[s^2 + 4*Q^2*s23 + 2*s*t + t^2]\" variable \"s\" seconds \"0.042253\" input_bytes \"2166736\" quotient_bytes \"1524200\" divides \"True\n"
"From remote kernel:"
"\"KNOWN_FACTOR_DIVISION \"{32, CutIntegral[\"R01\", {1, 1, 0, 0}]}\" factor \"InputForm[s^2 + 4*Q^2*s23 + 2*s*t + t^2]\" variable \"s\" seconds \"0.030861\" input_bytes \"1524200\" quotient_bytes \"1021976\" divides \"False\n"
"From remote kernel:"
"\"PASS: \"\"exact final numerator factorization\"\n"
"From remote kernel:"
"\"PASS: \"\"exact final denominator reconstruction\"\n"
"From remote kernel:"
"\"PASS: \"\"compressed scalar map below file bound\"\n"
"From remote kernel:"
"\"PASS: \"\"compressed scalar map exact round trip\"\n"
"From remote kernel:"
"\"PASS: \"\"master coefficient retains exact reconstruction\"\n"
"From remote kernel:"
"\"REAL_MASTER_COEFFICIENT \"\"Hgq\"\" \"32\" \"InputForm[CutIntegral[\"R01\", {1, 1, 1, 1}]]\n"
"From remote kernel:"
"\"DENOMINATOR_SUPPORT \"{32, CutIntegral[\"R01\", {1, 1, 1, 1}]}\" \"InputForm[<|\"TermCount\" -> 1, \"FactorCount\" -> 5, \"FactorPowers\" -> <|-3 + D -> 1, -1 + D -> 1, s23 - t -> 1, t -> 1, Q^2*s23 + s*t -> 2|>, \"InputBytes\" -> 14760, \"CommonDenominatorBytes\" -> 664|>]\n"
"From remote kernel:"
"\"STREAMED_NUMERATOR \"{32, CutIntegral[\"R01\", {1, 1, 1, 1}]}\" row \"1\"/\"1\" numerator_bytes \"28240\" kernel_memory \"2897275960\n"
"From remote kernel:"
"\"DENOMINATOR_NUMERATOR \"{32, CutIntegral[\"R01\", {1, 1, 1, 1}]}\" bytes \"28240\" seconds \"0.004772\n"
"From remote kernel:"
"\"KNOWN_FACTOR_DIVISION \"{32, CutIntegral[\"R01\", {1, 1, 1, 1}]}\" factor \"InputForm[-3 + D]\" variable \"D\" seconds \"0.001698\" input_bytes \"28240\" quotient_bytes \"18400\" divides \"False\n"
"From remote kernel:"
"\"KNOWN_FACTOR_DIVISION \"{32, CutIntegral[\"R01\", {1, 1, 1, 1}]}\" factor \"InputForm[-1 + D]\" variable \"D\" seconds \"0.000551\" input_bytes \"28240\" quotient_bytes \"18664\" divides \"False\n"
"From remote kernel:"
"\"KNOWN_FACTOR_DIVISION \"{32, CutIntegral[\"R01\", {1, 1, 1, 1}]}\" factor \"InputForm[s23 - t]\" variable \"s23\" seconds \"0.001301\" input_bytes \"28240\" quotient_bytes \"32816\" divides \"False\n"
"From remote kernel:"
"\"KNOWN_FACTOR_DIVISION \"{32, CutIntegral[\"R01\", {1, 1, 1, 1}]}\" factor \"InputForm[t]\" variable \"t\" seconds \"0.000813\" input_bytes \"28240\" quotient_bytes \"17768\" divides \"False\n"
"From remote kernel:"
"\"RETAINED_DENOMINATOR_FACTOR \"{32, CutIntegral[\"R01\", {1, 1, 1, 1}]}\" \"InputForm[Q^2*s23 + s*t]\n"
"From remote kernel:"
"\"REAL_MASTER_COEFFICIENT \"\"Hgq\"\" \"32\" \"InputForm[CutIntegral[\"R02\", {1, 1, 1, 1}]]\n"
"From remote kernel:"
"\"DENOMINATOR_SUPPORT \"{32, CutIntegral[\"R02\", {1, 1, 1, 1}]}\" \"InputForm[<|\"TermCount\" -> 4, \"FactorCount\" -> 8, \"FactorPowers\" -> <|-3 + D -> 1, -1 + D -> 1, Q^2 + s -> 2, s23 -> 1, SUNN -> 1, s23 - t -> 1, t -> 1, Q^2 + s - s23 + t -> 2|>, \"InputBytes\" -> 177608, \"CommonDenominatorBytes\" -> 864|>]\n"
"From remote kernel:"
"\"STREAMED_NUMERATOR \"{32, CutIntegral[\"R02\", {1, 1, 1, 1}]}\" row \"4\"/\"4\" numerator_bytes \"240792\" kernel_memory \"2897664680\n"
"From remote kernel:"
"\"DENOMINATOR_NUMERATOR \"{32, CutIntegral[\"R02\", {1, 1, 1, 1}]}\" bytes \"240792\" seconds \"0.022161\n"
"From remote kernel:"
"\"KNOWN_FACTOR_DIVISION \"{32, CutIntegral[\"R02\", {1, 1, 1, 1}]}\" factor \"InputForm[-3 + D]\" variable \"D\" seconds \"0.006353\" input_bytes \"240792\" quotient_bytes \"169096\" divides \"False\n"
"From remote kernel:"
"\"KNOWN_FACTOR_DIVISION \"{32, CutIntegral[\"R02\", {1, 1, 1, 1}]}\" factor \"InputForm[-1 + D]\" variable \"D\" seconds \"0.00405\" input_bytes \"240792\" quotient_bytes \"170376\" divides \"False\n"
"From remote kernel:"
"\"KNOWN_FACTOR_DIVISION \"{32, CutIntegral[\"R02\", {1, 1, 1, 1}]}\" factor \"InputForm[Q^2 + s]\" variable \"s\" seconds \"0.0057\" input_bytes \"240792\" quotient_bytes \"155040\" divides \"False\n"
"From remote kernel:"
"\"KNOWN_FACTOR_DIVISION \"{32, CutIntegral[\"R02\", {1, 1, 1, 1}]}\" factor \"InputForm[s23]\" variable \"s23\" seconds \"0.004077\" input_bytes \"240792\" quotient_bytes \"196256\" divides \"False\n"
"From remote kernel:"
"\"KNOWN_FACTOR_DIVISION \"{32, CutIntegral[\"R02\", {1, 1, 1, 1}]}\" factor \"InputForm[SUNN]\" variable \"SUNN\" seconds \"0.007449\" input_bytes \"240792\" quotient_bytes \"102928\" divides \"False\n"
"From remote kernel:"
"\"KNOWN_FACTOR_DIVISION \"{32, CutIntegral[\"R02\", {1, 1, 1, 1}]}\" factor \"InputForm[s23 - t]\" variable \"s23\" seconds \"0.005447\" input_bytes \"240792\" quotient_bytes \"160392\" divides \"False\n"
"From remote kernel:"
"\"KNOWN_FACTOR_DIVISION \"{32, CutIntegral[\"R02\", {1, 1, 1, 1}]}\" factor \"InputForm[t]\" variable \"t\" seconds \"0.003566\" input_bytes \"240792\" quotient_bytes \"154120\" divides \"False\n"
"From remote kernel:"
"\"KNOWN_FACTOR_DIVISION \"{32, CutIntegral[\"R02\", {1, 1, 1, 1}]}\" factor \"InputForm[Q^2 + s - s23 + t]\" variable \"s\" seconds \"0.005748\" input_bytes \"240792\" quotient_bytes \"165112\" divides \"False\n"
"From remote kernel:"
"\"REAL_MASTER_COEFFICIENT \"\"Hgq\"\" \"32\" \"InputForm[CutIntegral[\"R03\", {1, 1, 0, 1}]]\n"
"From remote kernel:"
"\"DENOMINATOR_SUPPORT \"{32, CutIntegral[\"R03\", {1, 1, 0, 1}]}\" \"InputForm[<|\"TermCount\" -> 34, \"FactorCount\" -> 13, \"FactorPowers\" -> <|-3 + D -> 1, -2 + D -> 1, -1 + D -> 1, D -> 1, Q -> 1, Q^2 + s -> 2, s23 -> 1, SUNN -> 1, s23 - t -> 2, t -> 3, Q^2 + s - s23 + t -> 3, Q^2*s23 + s*t -> 2, s^2 + 4*Q^2*s23 + 2*s*t + t^2 -> 3|>, \"InputBytes\" -> 4498888, \"CommonDenominatorBytes\" -> 1952|>]\n"
"From remote kernel:"
"\"STREAMED_NUMERATOR \"{32, CutIntegral[\"R03\", {1, 1, 0, 1}]}\" row \"16\"/\"34\" numerator_bytes \"4782016\" kernel_memory \"2918877368\n"
"From remote kernel:"
"\"STREAMED_NUMERATOR \"{32, CutIntegral[\"R03\", {1, 1, 0, 1}]}\" row \"32\"/\"34\" numerator_bytes \"5703816\" kernel_memory \"2904303000\n"
"From remote kernel:"
"\"STREAMED_NUMERATOR \"{32, CutIntegral[\"R03\", {1, 1, 0, 1}]}\" row \"34\"/\"34\" numerator_bytes \"5468296\" kernel_memory \"2903814832\n"
"From remote kernel:"
"\"DENOMINATOR_NUMERATOR \"{32, CutIntegral[\"R03\", {1, 1, 0, 1}]}\" bytes \"5468296\" seconds \"3.502501\n"
"From remote kernel:"
"\"KNOWN_FACTOR_DIVISION \"{32, CutIntegral[\"R03\", {1, 1, 0, 1}]}\" factor \"InputForm[-3 + D]\" variable \"D\" seconds \"0.233818\" input_bytes \"5468296\" quotient_bytes \"4702616\" divides \"False\n"
"From remote kernel:"
"\"KNOWN_FACTOR_DIVISION \"{32, CutIntegral[\"R03\", {1, 1, 0, 1}]}\" factor \"InputForm[-2 + D]\" variable \"D\" seconds \"0.139232\" input_bytes \"5468296\" quotient_bytes \"4027008\" divides \"True\n"
"From remote kernel:"
"\"KNOWN_FACTOR_DIVISION \"{32, CutIntegral[\"R03\", {1, 1, 0, 1}]}\" factor \"InputForm[-1 + D]\" variable \"D\" seconds \"0.040264\" input_bytes \"4027008\" quotient_bytes \"3862648\" divides \"False\n"
"From remote kernel:"
"\"KNOWN_FACTOR_DIVISION \"{32, CutIntegral[\"R03\", {1, 1, 0, 1}]}\" factor \"InputForm[D]\" variable \"D\" seconds \"0.00992\" input_bytes \"4027008\" quotient_bytes \"4026792\" divides \"True\n"
"From remote kernel:"
"\"KNOWN_FACTOR_DIVISION \"{32, CutIntegral[\"R03\", {1, 1, 0, 1}]}\" factor \"InputForm[Q]\" variable \"Q\" seconds \"0.10629\" input_bytes \"4026792\" quotient_bytes \"3775016\" divides \"True\n"
"From remote kernel:"
"\"KNOWN_FACTOR_DIVISION \"{32, CutIntegral[\"R03\", {1, 1, 0, 1}]}\" factor \"InputForm[Q^2 + s]\" variable \"s\" seconds \"0.120886\" input_bytes \"3775016\" quotient_bytes \"3287032\" divides \"True\n"
"From remote kernel:"
"\"KNOWN_FACTOR_DIVISION \"{32, CutIntegral[\"R03\", {1, 1, 0, 1}]}\" factor \"InputForm[Q^2 + s]\" variable \"s\" seconds \"0.059665\" input_bytes \"3287032\" quotient_bytes \"2813088\" divides \"False\n"
"From remote kernel:"
"\"KNOWN_FACTOR_DIVISION \"{32, CutIntegral[\"R03\", {1, 1, 0, 1}]}\" factor \"InputForm[s23]\" variable \"s23\" seconds \"0.087721\" input_bytes \"3287032\" quotient_bytes \"3059368\" divides \"False\n"
"From remote kernel:"
"\"KNOWN_FACTOR_DIVISION \"{32, CutIntegral[\"R03\", {1, 1, 0, 1}]}\" factor \"InputForm[SUNN]\" variable \"SUNN\" seconds \"0.467979\" input_bytes \"3287032\" quotient_bytes \"1816184\" divides \"False\n"
"From remote kernel:"
"\"KNOWN_FACTOR_DIVISION \"{32, CutIntegral[\"R03\", {1, 1, 0, 1}]}\" factor \"InputForm[s23 - t]\" variable \"s23\" seconds \"0.107106\" input_bytes \"3287032\" quotient_bytes \"2809728\" divides \"True\n"
"From remote kernel:"
"\"KNOWN_FACTOR_DIVISION \"{32, CutIntegral[\"R03\", {1, 1, 0, 1}]}\" factor \"InputForm[s23 - t]\" variable \"s23\" seconds \"0.045442\" input_bytes \"2809728\" quotient_bytes \"2362032\" divides \"True\n"
"From remote kernel:"
"\"KNOWN_FACTOR_DIVISION \"{32, CutIntegral[\"R03\", {1, 1, 0, 1}]}\" factor \"InputForm[t]\" variable \"t\" seconds \"0.058919\" input_bytes \"2362032\" quotient_bytes \"2207872\" divides \"False\n"
"From remote kernel:"
"\"KNOWN_FACTOR_DIVISION \"{32, CutIntegral[\"R03\", {1, 1, 0, 1}]}\" factor \"InputForm[Q^2 + s - s23 + t]\" variable \"s\" seconds \"0.079246\" input_bytes \"2362032\" quotient_bytes \"1691960\" divides \"True\n"
"From remote kernel:"
"\"KNOWN_FACTOR_DIVISION \"{32, CutIntegral[\"R03\", {1, 1, 0, 1}]}\" factor \"InputForm[Q^2 + s - s23 + t]\" variable \"s\" seconds \"0.030407\" input_bytes \"1691960\" quotient_bytes \"1358784\" divides \"False\n"
"From remote kernel:"
"\"RETAINED_DENOMINATOR_FACTOR \"{32, CutIntegral[\"R03\", {1, 1, 0, 1}]}\" \"InputForm[Q^2*s23 + s*t]\n"
"From remote kernel:"
"\"KNOWN_FACTOR_DIVISION \"{32, CutIntegral[\"R03\", {1, 1, 0, 1}]}\" factor \"InputForm[s^2 + 4*Q^2*s23 + 2*s*t + t^2]\" variable \"s\" seconds \"0.040951\" input_bytes \"1691960\" quotient_bytes \"1202624\" divides \"True\n"
"From remote kernel:"
"\"KNOWN_FACTOR_DIVISION \"{32, CutIntegral[\"R03\", {1, 1, 0, 1}]}\" factor \"InputForm[s^2 + 4*Q^2*s23 + 2*s*t + t^2]\" variable \"s\" seconds \"0.031465\" input_bytes \"1202624\" quotient_bytes \"817624\" divides \"False\n"
"From remote kernel:"
"\"REAL_MASTER_COEFFICIENT \"\"Hgq\"\" \"32\" \"InputForm[CutIntegral[\"R03\", {1, 1, 1, 1}]]\n"
"From remote kernel:"
"\"DENOMINATOR_SUPPORT \"{32, CutIntegral[\"R03\", {1, 1, 1, 1}]}\" \"InputForm[<|\"TermCount\" -> 1, \"FactorCount\" -> 8, \"FactorPowers\" -> <|-3 + D -> 1, -1 + D -> 1, Q^2 + s -> 2, SUNN -> 1, s23 - t -> 1, t -> 1, Q^2 + s - s23 + t -> 2, Q^2*s23 + s*t -> 2|>, \"InputBytes\" -> 68472, \"CommonDenominatorBytes\" -> 1176|>]\n"
"From remote kernel:"
"\"STREAMED_NUMERATOR \"{32, CutIntegral[\"R03\", {1, 1, 1, 1}]}\" row \"1\"/\"1\" numerator_bytes \"461288\" kernel_memory \"2899305816\n"
"From remote kernel:"
"\"DENOMINATOR_NUMERATOR \"{32, CutIntegral[\"R03\", {1, 1, 1, 1}]}\" bytes \"461288\" seconds \"0.010583\n"
"From remote kernel:"
"\"KNOWN_FACTOR_DIVISION \"{32, CutIntegral[\"R03\", {1, 1, 1, 1}]}\" factor \"InputForm[-3 + D]\" variable \"D\" seconds \"0.017229\" input_bytes \"461288\" quotient_bytes \"324576\" divides \"False\n"
"From remote kernel:"
"\"KNOWN_FACTOR_DIVISION \"{32, CutIntegral[\"R03\", {1, 1, 1, 1}]}\" factor \"InputForm[-1 + D]\" variable \"D\" seconds \"0.009413\" input_bytes \"461288\" quotient_bytes \"322984\" divides \"False\n"
"From remote kernel:"
"\"KNOWN_FACTOR_DIVISION \"{32, CutIntegral[\"R03\", {1, 1, 1, 1}]}\" factor \"InputForm[Q^2 + s]\" variable \"s\" seconds \"0.012991\" input_bytes \"461288\" quotient_bytes \"334288\" divides \"False\n"
"From remote kernel:"
"\"KNOWN_FACTOR_DIVISION \"{32, CutIntegral[\"R03\", {1, 1, 1, 1}]}\" factor \"InputForm[SUNN]\" variable \"SUNN\" seconds \"0.019994\" input_bytes \"461288\" quotient_bytes \"235112\" divides \"False\n"
"From remote kernel:"
"\"KNOWN_FACTOR_DIVISION \"{32, CutIntegral[\"R03\", {1, 1, 1, 1}]}\" factor \"InputForm[s23 - t]\" variable \"s23\" seconds \"0.013223\" input_bytes \"461288\" quotient_bytes \"326704\" divides \"False\n"
"From remote kernel:"
"\"KNOWN_FACTOR_DIVISION \"{32, CutIntegral[\"R03\", {1, 1, 1, 1}]}\" factor \"InputForm[t]\" variable \"t\" seconds \"0.008941\" input_bytes \"461288\" quotient_bytes \"332408\" divides \"False\n"
"From remote kernel:"
"\"KNOWN_FACTOR_DIVISION \"{32, CutIntegral[\"R03\", {1, 1, 1, 1}]}\" factor \"InputForm[Q^2 + s - s23 + t]\" variable \"s\" seconds \"0.014135\" input_bytes \"461288\" quotient_bytes \"318688\" divides \"False\n"
"From remote kernel:"
"\"RETAINED_DENOMINATOR_FACTOR \"{32, CutIntegral[\"R03\", {1, 1, 1, 1}]}\" \"InputForm[Q^2*s23 + s*t]\n"
"From remote kernel:"
"\"REAL_MASTER_COEFFICIENT \"\"Hgq\"\" \"32\" \"InputForm[CutIntegral[\"R04\", {1, 1, 1, 1}]]\n"
"From remote kernel:"
"\"DENOMINATOR_SUPPORT \"{32, CutIntegral[\"R04\", {1, 1, 1, 1}]}\" \"InputForm[<|\"TermCount\" -> 4, \"FactorCount\" -> 6, \"FactorPowers\" -> <|-3 + D -> 1, -1 + D -> 1, s23 -> 1, s23 - t -> 1, t -> 3, Q^2*s23 + s*t -> 2|>, \"InputBytes\" -> 76984, \"CommonDenominatorBytes\" -> 744|>]\n"
"From remote kernel:"
"\"STREAMED_NUMERATOR \"{32, CutIntegral[\"R04\", {1, 1, 1, 1}]}\" row \"4\"/\"4\" numerator_bytes \"91056\" kernel_memory \"2899052968\n"
"From remote kernel:"
"\"DENOMINATOR_NUMERATOR \"{32, CutIntegral[\"R04\", {1, 1, 1, 1}]}\" bytes \"91056\" seconds \"0.009772\n"
"From remote kernel:"
"\"KNOWN_FACTOR_DIVISION \"{32, CutIntegral[\"R04\", {1, 1, 1, 1}]}\" factor \"InputForm[-3 + D]\" variable \"D\" seconds \"0.004212\" input_bytes \"91056\" quotient_bytes \"64936\" divides \"False\n"
"From remote kernel:"
"\"KNOWN_FACTOR_DIVISION \"{32, CutIntegral[\"R04\", {1, 1, 1, 1}]}\" factor \"InputForm[-1 + D]\" variable \"D\" seconds \"0.002353\" input_bytes \"91056\" quotient_bytes \"64936\" divides \"False\n"
"From remote kernel:"
"\"KNOWN_FACTOR_DIVISION \"{32, CutIntegral[\"R04\", {1, 1, 1, 1}]}\" factor \"InputForm[s23]\" variable \"s23\" seconds \"0.002356\" input_bytes \"91056\" quotient_bytes \"70832\" divides \"False\n"
"From remote kernel:"
"\"KNOWN_FACTOR_DIVISION \"{32, CutIntegral[\"R04\", {1, 1, 1, 1}]}\" factor \"InputForm[s23 - t]\" variable \"s23\" seconds \"0.003586\" input_bytes \"91056\" quotient_bytes \"62472\" divides \"False\n"
"From remote kernel:"
"\"KNOWN_FACTOR_DIVISION \"{32, CutIntegral[\"R04\", {1, 1, 1, 1}]}\" factor \"InputForm[t]\" variable \"t\" seconds \"0.002242\" input_bytes \"91056\" quotient_bytes \"71760\" divides \"False\n"
"From remote kernel:"
"\"RETAINED_DENOMINATOR_FACTOR \"{32, CutIntegral[\"R04\", {1, 1, 1, 1}]}\" \"InputForm[Q^2*s23 + s*t]\n"
"From remote kernel:"
"\"REAL_MASTER_COEFFICIENT \"\"Hgq\"\" \"32\" \"InputForm[CutIntegral[\"R10\", {1, 1, 1, 1}]]\n"
"From remote kernel:"
"\"DENOMINATOR_SUPPORT \"{32, CutIntegral[\"R10\", {1, 1, 1, 1}]}\" \"InputForm[<|\"TermCount\" -> 4, \"FactorCount\" -> 7, \"FactorPowers\" -> <|-3 + D -> 1, -1 + D -> 1, Q^2 + s -> 2, s23 -> 1, SUNN -> 1, t -> 1, Q^2*s23 + s*t -> 2|>, \"InputBytes\" -> 139104, \"CommonDenominatorBytes\" -> 752|>]\n"
"From remote kernel:"
"\"STREAMED_NUMERATOR \"{32, CutIntegral[\"R10\", {1, 1, 1, 1}]}\" row \"4\"/\"4\" numerator_bytes \"184312\" kernel_memory \"2899349864\n"
"From remote kernel:"
"\"DENOMINATOR_NUMERATOR \"{32, CutIntegral[\"R10\", {1, 1, 1, 1}]}\" bytes \"184312\" seconds \"0.021363\n"
"From remote kernel:"
"\"KNOWN_FACTOR_DIVISION \"{32, CutIntegral[\"R10\", {1, 1, 1, 1}]}\" factor \"InputForm[-3 + D]\" variable \"D\" seconds \"0.006743\" input_bytes \"184312\" quotient_bytes \"131960\" divides \"False\n"
"From remote kernel:"
"\"KNOWN_FACTOR_DIVISION \"{32, CutIntegral[\"R10\", {1, 1, 1, 1}]}\" factor \"InputForm[-1 + D]\" variable \"D\" seconds \"0.00423\" input_bytes \"184312\" quotient_bytes \"130280\" divides \"False\n"
"From remote kernel:"
"\"KNOWN_FACTOR_DIVISION \"{32, CutIntegral[\"R10\", {1, 1, 1, 1}]}\" factor \"InputForm[Q^2 + s]\" variable \"s\" seconds \"0.006785\" input_bytes \"184312\" quotient_bytes \"123040\" divides \"False\n"
"From remote kernel:"
"\"KNOWN_FACTOR_DIVISION \"{32, CutIntegral[\"R10\", {1, 1, 1, 1}]}\" factor \"InputForm[s23]\" variable \"s23\" seconds \"0.004456\" input_bytes \"184312\" quotient_bytes \"149440\" divides \"False\n"
"From remote kernel:"
"\"KNOWN_FACTOR_DIVISION \"{32, CutIntegral[\"R10\", {1, 1, 1, 1}]}\" factor \"InputForm[SUNN]\" variable \"SUNN\" seconds \"0.00743\" input_bytes \"184312\" quotient_bytes \"72872\" divides \"False\n"
"From remote kernel:"
"\"KNOWN_FACTOR_DIVISION \"{32, CutIntegral[\"R10\", {1, 1, 1, 1}]}\" factor \"InputForm[t]\" variable \"t\" seconds \"0.003893\" input_bytes \"184312\" quotient_bytes \"116520\" divides \"False\n"
"From remote kernel:"
"\"RETAINED_DENOMINATOR_FACTOR \"{32, CutIntegral[\"R10\", {1, 1, 1, 1}]}\" \"InputForm[Q^2*s23 + s*t]\n"
"From remote kernel:"
"\"PASS: \"\"complete linear reduced coefficient reconstruction\"\n"
"From remote kernel:"
"\"PASS: \"\"reduced coefficients are scalar rational expressions\"\n"
"From remote kernel:"
"\"REAL_MAP_ACCEPTED \"\"Hgq\"\" \"32\n"
"From remote kernel:"
"\"REAL_MAP \"\"Hgq\"\" \"33\"/\"37\" \"<|\"Sector\" -> \"Real\", \"Kind\" -> \"ExtendedResponse\", \"Index\" -> {9, 1, 4}|>\" kernel \"1\n"
"From remote kernel:"
"\"PASS: \"\"raw component retains executed reconstruction\"\n"
"From remote kernel:"
"\"PASS: \"\"known rules end in saved masters\"\n"
"From remote kernel:"
"\"PASS: \"\"exact individual reduction-rule reconstruction\"\n"
"From remote kernel:"
"\"REAL_MASTER_COEFFICIENT \"\"Hgq\"\" \"33\" \"InputForm[CutIntegral[\"R01\", {1, 1, 0, 0}]]\n"
"From remote kernel:"
"\"PASS: \"\"exact individual denominator factorization\"\n"
"From remote kernel:"
"\"PASS: \"\"unique positive denominator factor powers\"\n"
"From remote kernel:"
"\"DENOMINATOR_SUPPORT \"{33, CutIntegral[\"R01\", {1, 1, 0, 0}]}\" \"InputForm[<|\"TermCount\" -> 233, \"FactorCount\" -> 21, \"FactorPowers\" -> <|-6 + D -> 1, -4 + D -> 1, -3 + D -> 1, -2 + D -> 1, -1 + D -> 1, D -> 1, 1 + D -> 1, 2 + D -> 1, 3 + D -> 1, Q -> 2, s -> 1, Q^2 + s -> 4, s - s23 -> 6, s23 -> 1, SUNN -> 1, s23 - t -> 4, t -> 2, -s23 + t -> 4, Q^2 + s - s23 + t -> 5, Q^2*s23 + s*t -> 1, s^2 + 4*Q^2*s23 + 2*s*t + t^2 -> 6|>, \"InputBytes\" -> 61697728, \"CommonDenominatorBytes\" -> 2776|>]\n"
"From remote kernel:"
"\"PASS: \"\"exact common-denominator embedding\"\n"
"From remote kernel:"
"\"PASS: \"\"exact streamed numerator addition\"\n"
"From remote kernel:"
"\"STREAMED_NUMERATOR \"{33, CutIntegral[\"R01\", {1, 1, 0, 0}]}\" row \"16\"/\"233\" numerator_bytes \"81488448\" kernel_memory \"3093490144\n"
"From remote kernel:"
"\"STREAMED_NUMERATOR \"{28, CutIntegral[\"R01\", {1, 1, 0, 0}]}\" row \"80\"/\"320\" numerator_bytes \"225669328\" kernel_memory \"3113423968\n"
"From remote kernel:"
"\"STREAMED_NUMERATOR \"{33, CutIntegral[\"R01\", {1, 1, 0, 0}]}\" row \"32\"/\"233\" numerator_bytes \"86565464\" kernel_memory \"3002499736\n"
"From remote kernel:"
"\"STREAMED_NUMERATOR \"{33, CutIntegral[\"R01\", {1, 1, 0, 0}]}\" row \"48\"/\"233\" numerator_bytes \"91946040\" kernel_memory \"3009867208\n"
"From remote kernel:"
"\"STREAMED_NUMERATOR \"{33, CutIntegral[\"R01\", {1, 1, 0, 0}]}\" row \"64\"/\"233\" numerator_bytes \"92441872\" kernel_memory \"3010709544\n"
"From remote kernel:"
"\"STREAMED_NUMERATOR \"{28, CutIntegral[\"R01\", {1, 1, 0, 0}]}\" row \"96\"/\"320\" numerator_bytes \"224308264\" kernel_memory \"3114604520\n"
"From remote kernel:"
"\"STREAMED_NUMERATOR \"{33, CutIntegral[\"R01\", {1, 1, 0, 0}]}\" row \"80\"/\"233\" numerator_bytes \"90839560\" kernel_memory \"3014882824\n"
"From remote kernel:"
"\"STREAMED_NUMERATOR \"{33, CutIntegral[\"R01\", {1, 1, 0, 0}]}\" row \"96\"/\"233\" numerator_bytes \"89183840\" kernel_memory \"3013599184\n"
"From remote kernel:"
"\"STREAMED_NUMERATOR \"{28, CutIntegral[\"R01\", {1, 1, 0, 0}]}\" row \"112\"/\"320\" numerator_bytes \"222778640\" kernel_memory \"3113715264\n"
"From remote kernel:"
"\"STREAMED_NUMERATOR \"{33, CutIntegral[\"R01\", {1, 1, 0, 0}]}\" row \"112\"/\"233\" numerator_bytes \"89629816\" kernel_memory \"3014392720\n"
"From remote kernel:"
"\"STREAMED_NUMERATOR \"{33, CutIntegral[\"R01\", {1, 1, 0, 0}]}\" row \"128\"/\"233\" numerator_bytes \"89399352\" kernel_memory \"3021783360\n"
"From remote kernel:"
"\"STREAMED_NUMERATOR \"{33, CutIntegral[\"R01\", {1, 1, 0, 0}]}\" row \"144\"/\"233\" numerator_bytes \"90844624\" kernel_memory \"3010617368\n"
"From remote kernel:"
"\"STREAMED_NUMERATOR \"{28, CutIntegral[\"R01\", {1, 1, 0, 0}]}\" row \"128\"/\"320\" numerator_bytes \"222943184\" kernel_memory \"3119320136\n"
"From remote kernel:"
"\"STREAMED_NUMERATOR \"{33, CutIntegral[\"R01\", {1, 1, 0, 0}]}\" row \"160\"/\"233\" numerator_bytes \"90684592\" kernel_memory \"3013648032\n"
"From remote kernel:"
"\"STREAMED_NUMERATOR \"{33, CutIntegral[\"R01\", {1, 1, 0, 0}]}\" row \"176\"/\"233\" numerator_bytes \"89407128\" kernel_memory \"3011732952\n"
"From remote kernel:"
"\"STREAMED_NUMERATOR \"{33, CutIntegral[\"R01\", {1, 1, 0, 0}]}\" row \"192\"/\"233\" numerator_bytes \"90916368\" kernel_memory \"3011694680\n"
"From remote kernel:"
"\"STREAMED_NUMERATOR \"{28, CutIntegral[\"R01\", {1, 1, 0, 0}]}\" row \"144\"/\"320\" numerator_bytes \"222891680\" kernel_memory \"3120891240\n"
"From remote kernel:"
"\"STREAMED_NUMERATOR \"{33, CutIntegral[\"R01\", {1, 1, 0, 0}]}\" row \"208\"/\"233\" numerator_bytes \"89534824\" kernel_memory \"3011294080\n"
"From remote kernel:"
"\"STREAMED_NUMERATOR \"{33, CutIntegral[\"R01\", {1, 1, 0, 0}]}\" row \"224\"/\"233\" numerator_bytes \"77334680\" kernel_memory \"3002150712\n"
"From remote kernel:"
"\"STREAMED_NUMERATOR \"{33, CutIntegral[\"R01\", {1, 1, 0, 0}]}\" row \"233\"/\"233\" numerator_bytes \"72100464\" kernel_memory \"2997828568\n"
"From remote kernel:"
"\"PASS: \"\"exact complete numerator assembly\"\n"
"From remote kernel:"
"\"DENOMINATOR_NUMERATOR \"{33, CutIntegral[\"R01\", {1, 1, 0, 0}]}\" bytes \"72100464\" seconds \"692.347888\n"
"From remote kernel:"
"\"PASS: \"\"matched measured denominator inventory\"\n"
"From remote kernel:"
"\"PASS: \"\"exact known-factor quotient and remainder\"\n"
"From remote kernel:"
"\"KNOWN_FACTOR_DIVISION \"{33, CutIntegral[\"R01\", {1, 1, 0, 0}]}\" factor \"InputForm[-6 + D]\" variable \"D\" seconds \"2.370226\" input_bytes \"72100464\" quotient_bytes \"56050704\" divides \"True\n"
"From remote kernel:"
"\"KNOWN_FACTOR_DIVISION \"{33, CutIntegral[\"R01\", {1, 1, 0, 0}]}\" factor \"InputForm[-4 + D]\" variable \"D\" seconds \"1.427785\" input_bytes \"56050704\" quotient_bytes \"55727952\" divides \"False\n"
"From remote kernel:"
"\"KNOWN_FACTOR_DIVISION \"{33, CutIntegral[\"R01\", {1, 1, 0, 0}]}\" factor \"InputForm[-3 + D]\" variable \"D\" seconds \"1.028684\" input_bytes \"56050704\" quotient_bytes \"50670408\" divides \"True\n"
"From remote kernel:"
"\"KNOWN_FACTOR_DIVISION \"{33, CutIntegral[\"R01\", {1, 1, 0, 0}]}\" factor \"InputForm[-2 + D]\" variable \"D\" seconds \"0.961671\" input_bytes \"50670408\" quotient_bytes \"47543040\" divides \"False\n"
"From remote kernel:"
"\"KNOWN_FACTOR_DIVISION \"{33, CutIntegral[\"R01\", {1, 1, 0, 0}]}\" factor \"InputForm[-1 + D]\" variable \"D\" seconds \"0.808103\" input_bytes \"50670408\" quotient_bytes \"44741144\" divides \"True\n"
"From remote kernel:"
"\"KNOWN_FACTOR_DIVISION \"{33, CutIntegral[\"R01\", {1, 1, 0, 0}]}\" factor \"InputForm[D]\" variable \"D\" seconds \"0.906335\" input_bytes \"44741144\" quotient_bytes \"44740968\" divides \"True\n"
"From remote kernel:"
"\"KNOWN_FACTOR_DIVISION \"{33, CutIntegral[\"R01\", {1, 1, 0, 0}]}\" factor \"InputForm[1 + D]\" variable \"D\" seconds \"1.001421\" input_bytes \"44740968\" quotient_bytes \"39017584\" divides \"True\n"
"From remote kernel:"
"\"STREAMED_NUMERATOR \"{28, CutIntegral[\"R01\", {1, 1, 0, 0}]}\" row \"160\"/\"320\" numerator_bytes \"222325024\" kernel_memory \"3116201384\n"
"From remote kernel:"
"\"KNOWN_FACTOR_DIVISION \"{33, CutIntegral[\"R01\", {1, 1, 0, 0}]}\" factor \"InputForm[2 + D]\" variable \"D\" seconds \"1.327722\" input_bytes \"39017584\" quotient_bytes \"33327920\" divides \"True\n"
"From remote kernel:"
"\"KNOWN_FACTOR_DIVISION \"{33, CutIntegral[\"R01\", {1, 1, 0, 0}]}\" factor \"InputForm[3 + D]\" variable \"D\" seconds \"1.009663\" input_bytes \"33327920\" quotient_bytes \"27501200\" divides \"True\n"
"From remote kernel:"
"\"KNOWN_FACTOR_DIVISION \"{33, CutIntegral[\"R01\", {1, 1, 0, 0}]}\" factor \"InputForm[Q]\" variable \"Q\" seconds \"0.425834\" input_bytes \"27501200\" quotient_bytes \"25476184\" divides \"True\n"
"From remote kernel:"
"\"KNOWN_FACTOR_DIVISION \"{33, CutIntegral[\"R01\", {1, 1, 0, 0}]}\" factor \"InputForm[Q]\" variable \"Q\" seconds \"0.1601\" input_bytes \"25476184\" quotient_bytes \"25475944\" divides \"True\n"
"From remote kernel:"
"\"KNOWN_FACTOR_DIVISION \"{33, CutIntegral[\"R01\", {1, 1, 0, 0}]}\" factor \"InputForm[s]\" variable \"s\" seconds \"0.583895\" input_bytes \"25475944\" quotient_bytes \"24720936\" divides \"False\n"
"From remote kernel:"
"\"KNOWN_FACTOR_DIVISION \"{33, CutIntegral[\"R01\", {1, 1, 0, 0}]}\" factor \"InputForm[Q^2 + s]\" variable \"s\" seconds \"1.110562\" input_bytes \"25475944\" quotient_bytes \"23456048\" divides \"True\n"
"From remote kernel:"
"\"KNOWN_FACTOR_DIVISION \"{33, CutIntegral[\"R01\", {1, 1, 0, 0}]}\" factor \"InputForm[Q^2 + s]\" variable \"s\" seconds \"0.419148\" input_bytes \"23456048\" quotient_bytes \"21337896\" divides \"True\n"
"From remote kernel:"
"\"KNOWN_FACTOR_DIVISION \"{33, CutIntegral[\"R01\", {1, 1, 0, 0}]}\" factor \"InputForm[Q^2 + s]\" variable \"s\" seconds \"0.386118\" input_bytes \"21337896\" quotient_bytes \"19283368\" divides \"True\n"
"From remote kernel:"
"\"KNOWN_FACTOR_DIVISION \"{33, CutIntegral[\"R01\", {1, 1, 0, 0}]}\" factor \"InputForm[Q^2 + s]\" variable \"s\" seconds \"0.380689\" input_bytes \"19283368\" quotient_bytes \"21796944\" divides \"False\n"
"From remote kernel:"
"\"KNOWN_FACTOR_DIVISION \"{33, CutIntegral[\"R01\", {1, 1, 0, 0}]}\" factor \"InputForm[s - s23]\" variable \"s\" seconds \"0.294599\" input_bytes \"19283368\" quotient_bytes \"18026216\" divides \"True\n"
"From remote kernel:"
"\"KNOWN_FACTOR_DIVISION \"{33, CutIntegral[\"R01\", {1, 1, 0, 0}]}\" factor \"InputForm[s - s23]\" variable \"s\" seconds \"0.173208\" input_bytes \"18026216\" quotient_bytes \"16739136\" divides \"True\n"
"From remote kernel:"
"\"KNOWN_FACTOR_DIVISION \"{33, CutIntegral[\"R01\", {1, 1, 0, 0}]}\" factor \"InputForm[s - s23]\" variable \"s\" seconds \"0.141399\" input_bytes \"16739136\" quotient_bytes \"15535552\" divides \"True\n"
"From remote kernel:"
"\"KNOWN_FACTOR_DIVISION \"{33, CutIntegral[\"R01\", {1, 1, 0, 0}]}\" factor \"InputForm[s - s23]\" variable \"s\" seconds \"0.12175\" input_bytes \"15535552\" quotient_bytes \"14278816\" divides \"True\n"
"From remote kernel:"
"\"KNOWN_FACTOR_DIVISION \"{33, CutIntegral[\"R01\", {1, 1, 0, 0}]}\" factor \"InputForm[s - s23]\" variable \"s\" seconds \"0.129258\" input_bytes \"14278816\" quotient_bytes \"13017992\" divides \"True\n"
"From remote kernel:"
"\"KNOWN_FACTOR_DIVISION \"{33, CutIntegral[\"R01\", {1, 1, 0, 0}]}\" factor \"InputForm[s - s23]\" variable \"s\" seconds \"0.108516\" input_bytes \"13017992\" quotient_bytes \"12356880\" divides \"False\n"
"From remote kernel:"
"\"KNOWN_FACTOR_DIVISION \"{33, CutIntegral[\"R01\", {1, 1, 0, 0}]}\" factor \"InputForm[s23]\" variable \"s23\" seconds \"0.157895\" input_bytes \"13017992\" quotient_bytes \"12476424\" divides \"False\n"
"From remote kernel:"
"\"KNOWN_FACTOR_DIVISION \"{33, CutIntegral[\"R01\", {1, 1, 0, 0}]}\" factor \"InputForm[SUNN]\" variable \"SUNN\" seconds \"0.71111\" input_bytes \"13017992\" quotient_bytes \"7014616\" divides \"False\n"
"From remote kernel:"
"\"KNOWN_FACTOR_DIVISION \"{33, CutIntegral[\"R01\", {1, 1, 0, 0}]}\" factor \"InputForm[s23 - t]\" variable \"s23\" seconds \"0.226057\" input_bytes \"13017992\" quotient_bytes \"12108328\" divides \"True\n"
"From remote kernel:"
"\"KNOWN_FACTOR_DIVISION \"{33, CutIntegral[\"R01\", {1, 1, 0, 0}]}\" factor \"InputForm[s23 - t]\" variable \"s23\" seconds \"0.109541\" input_bytes \"12108328\" quotient_bytes \"11273072\" divides \"True\n"
"From remote kernel:"
"\"KNOWN_FACTOR_DIVISION \"{33, CutIntegral[\"R01\", {1, 1, 0, 0}]}\" factor \"InputForm[s23 - t]\" variable \"s23\" seconds \"0.102409\" input_bytes \"11273072\" quotient_bytes \"10436544\" divides \"True\n"
"From remote kernel:"
"\"KNOWN_FACTOR_DIVISION \"{33, CutIntegral[\"R01\", {1, 1, 0, 0}]}\" factor \"InputForm[s23 - t]\" variable \"s23\" seconds \"0.086275\" input_bytes \"10436544\" quotient_bytes \"9590432\" divides \"True\n"
"From remote kernel:"
"\"KNOWN_FACTOR_DIVISION \"{33, CutIntegral[\"R01\", {1, 1, 0, 0}]}\" factor \"InputForm[t]\" variable \"t\" seconds \"0.130796\" input_bytes \"9590432\" quotient_bytes \"9197536\" divides \"False\n"
"From remote kernel:"
"\"KNOWN_FACTOR_DIVISION \"{33, CutIntegral[\"R01\", {1, 1, 0, 0}]}\" factor \"InputForm[-s23 + t]\" variable \"s23\" seconds \"0.109232\" input_bytes \"9590432\" quotient_bytes \"8770088\" divides \"True\n"
"From remote kernel:"
"\"KNOWN_FACTOR_DIVISION \"{33, CutIntegral[\"R01\", {1, 1, 0, 0}]}\" factor \"InputForm[-s23 + t]\" variable \"s23\" seconds \"0.076963\" input_bytes \"8770088\" quotient_bytes \"7940536\" divides \"True\n"
"From remote kernel:"
"\"KNOWN_FACTOR_DIVISION \"{33, CutIntegral[\"R01\", {1, 1, 0, 0}]}\" factor \"InputForm[-s23 + t]\" variable \"s23\" seconds \"0.071686\" input_bytes \"7940536\" quotient_bytes \"7562064\" divides \"False\n"
"From remote kernel:"
"\"KNOWN_FACTOR_DIVISION \"{33, CutIntegral[\"R01\", {1, 1, 0, 0}]}\" factor \"InputForm[Q^2 + s - s23 + t]\" variable \"s\" seconds \"0.13567\" input_bytes \"7940536\" quotient_bytes \"6602840\" divides \"True\n"
"From remote kernel:"
"\"KNOWN_FACTOR_DIVISION \"{33, CutIntegral[\"R01\", {1, 1, 0, 0}]}\" factor \"InputForm[Q^2 + s - s23 + t]\" variable \"s\" seconds \"0.062297\" input_bytes \"6602840\" quotient_bytes \"5365672\" divides \"True\n"
"From remote kernel:"
"\"KNOWN_FACTOR_DIVISION \"{33, CutIntegral[\"R01\", {1, 1, 0, 0}]}\" factor \"InputForm[Q^2 + s - s23 + t]\" variable \"s\" seconds \"0.048621\" input_bytes \"5365672\" quotient_bytes \"4228664\" divides \"True\n"
"From remote kernel:"
"\"KNOWN_FACTOR_DIVISION \"{33, CutIntegral[\"R01\", {1, 1, 0, 0}]}\" factor \"InputForm[Q^2 + s - s23 + t]\" variable \"s\" seconds \"0.039856\" input_bytes \"4228664\" quotient_bytes \"4149856\" divides \"False\n"
"From remote kernel:"
"\"RETAINED_DENOMINATOR_FACTOR \"{33, CutIntegral[\"R01\", {1, 1, 0, 0}]}\" \"InputForm[Q^2*s23 + s*t]\n"
"From remote kernel:"
"\"KNOWN_FACTOR_DIVISION \"{33, CutIntegral[\"R01\", {1, 1, 0, 0}]}\" factor \"InputForm[s^2 + 4*Q^2*s23 + 2*s*t + t^2]\" variable \"s\" seconds \"0.049568\" input_bytes \"4228664\" quotient_bytes \"3396992\" divides \"True\n"
"From remote kernel:"
"\"KNOWN_FACTOR_DIVISION \"{33, CutIntegral[\"R01\", {1, 1, 0, 0}]}\" factor \"InputForm[s^2 + 4*Q^2*s23 + 2*s*t + t^2]\" variable \"s\" seconds \"0.043008\" input_bytes \"3396992\" quotient_bytes \"2649984\" divides \"True\n"
"From remote kernel:"
"\"KNOWN_FACTOR_DIVISION \"{33, CutIntegral[\"R01\", {1, 1, 0, 0}]}\" factor \"InputForm[s^2 + 4*Q^2*s23 + 2*s*t + t^2]\" variable \"s\" seconds \"0.034258\" input_bytes \"2649984\" quotient_bytes \"1987312\" divides \"True\n"
"From remote kernel:"
"\"KNOWN_FACTOR_DIVISION \"{33, CutIntegral[\"R01\", {1, 1, 0, 0}]}\" factor \"InputForm[s^2 + 4*Q^2*s23 + 2*s*t + t^2]\" variable \"s\" seconds \"0.025759\" input_bytes \"1987312\" quotient_bytes \"1417424\" divides \"True\n"
"From remote kernel:"
"\"KNOWN_FACTOR_DIVISION \"{33, CutIntegral[\"R01\", {1, 1, 0, 0}]}\" factor \"InputForm[s^2 + 4*Q^2*s23 + 2*s*t + t^2]\" variable \"s\" seconds \"0.018715\" input_bytes \"1417424\" quotient_bytes \"1014624\" divides \"False\n"
"From remote kernel:"
"\"PASS: \"\"exact final numerator factorization\"\n"
"From remote kernel:"
"\"PASS: \"\"exact final denominator reconstruction\"\n"
"From remote kernel:"
"\"PASS: \"\"compressed scalar map below file bound\"\n"
"From remote kernel:"
"\"PASS: \"\"compressed scalar map exact round trip\"\n"
"From remote kernel:"
"\"PASS: \"\"master coefficient retains exact reconstruction\"\n"
"From remote kernel:"
"\"REAL_MASTER_COEFFICIENT \"\"Hgq\"\" \"33\" \"InputForm[CutIntegral[\"R01\", {1, 1, 1, 1}]]\n"
"From remote kernel:"
"\"DENOMINATOR_SUPPORT \"{33, CutIntegral[\"R01\", {1, 1, 1, 1}]}\" \"InputForm[<|\"TermCount\" -> 1, \"FactorCount\" -> 5, \"FactorPowers\" -> <|-3 + D -> 1, Q^2 + s -> 1, s23 - t -> 1, t -> 1, Q^2*s23 + s*t -> 1|>, \"InputBytes\" -> 32072, \"CommonDenominatorBytes\" -> 648|>]\n"
"From remote kernel:"
"\"STREAMED_NUMERATOR \"{33, CutIntegral[\"R01\", {1, 1, 1, 1}]}\" row \"1\"/\"1\" numerator_bytes \"26896\" kernel_memory \"2897442256\n"
"From remote kernel:"
"\"DENOMINATOR_NUMERATOR \"{33, CutIntegral[\"R01\", {1, 1, 1, 1}]}\" bytes \"26896\" seconds \"0.003978\n"
"From remote kernel:"
"\"KNOWN_FACTOR_DIVISION \"{33, CutIntegral[\"R01\", {1, 1, 1, 1}]}\" factor \"InputForm[-3 + D]\" variable \"D\" seconds \"0.001072\" input_bytes \"26896\" quotient_bytes \"14984\" divides \"False\n"
"From remote kernel:"
"\"KNOWN_FACTOR_DIVISION \"{33, CutIntegral[\"R01\", {1, 1, 1, 1}]}\" factor \"InputForm[Q^2 + s]\" variable \"s\" seconds \"0.000933\" input_bytes \"26896\" quotient_bytes \"16496\" divides \"False\n"
"From remote kernel:"
"\"KNOWN_FACTOR_DIVISION \"{33, CutIntegral[\"R01\", {1, 1, 1, 1}]}\" factor \"InputForm[s23 - t]\" variable \"s23\" seconds \"0.000921\" input_bytes \"26896\" quotient_bytes \"20472\" divides \"False\n"
"From remote kernel:"
"\"KNOWN_FACTOR_DIVISION \"{33, CutIntegral[\"R01\", {1, 1, 1, 1}]}\" factor \"InputForm[t]\" variable \"t\" seconds \"0.000399\" input_bytes \"26896\" quotient_bytes \"15552\" divides \"False\n"
"From remote kernel:"
"\"RETAINED_DENOMINATOR_FACTOR \"{33, CutIntegral[\"R01\", {1, 1, 1, 1}]}\" \"InputForm[Q^2*s23 + s*t]\n"
"From remote kernel:"
"\"REAL_MASTER_COEFFICIENT \"\"Hgq\"\" \"33\" \"InputForm[CutIntegral[\"R02\", {1, 1, 1, 1}]]\n"
"From remote kernel:"
"\"DENOMINATOR_SUPPORT \"{33, CutIntegral[\"R02\", {1, 1, 1, 1}]}\" \"InputForm[<|\"TermCount\" -> 2, \"FactorCount\" -> 7, \"FactorPowers\" -> <|-3 + D -> 1, Q^2 + s -> 2, s23 -> 1, SUNN -> 1, s23 - t -> 1, t -> 1, Q^2 + s - s23 + t -> 2|>, \"InputBytes\" -> 190448, \"CommonDenominatorBytes\" -> 784|>]\n"
"From remote kernel:"
"\"STREAMED_NUMERATOR \"{33, CutIntegral[\"R02\", {1, 1, 1, 1}]}\" row \"2\"/\"2\" numerator_bytes \"246544\" kernel_memory \"2897665640\n"
"From remote kernel:"
"\"DENOMINATOR_NUMERATOR \"{33, CutIntegral[\"R02\", {1, 1, 1, 1}]}\" bytes \"246544\" seconds \"0.006188\n"
"From remote kernel:"
"\"KNOWN_FACTOR_DIVISION \"{33, CutIntegral[\"R02\", {1, 1, 1, 1}]}\" factor \"InputForm[-3 + D]\" variable \"D\" seconds \"0.005643\" input_bytes \"246544\" quotient_bytes \"165952\" divides \"False\n"
"From remote kernel:"
"\"KNOWN_FACTOR_DIVISION \"{33, CutIntegral[\"R02\", {1, 1, 1, 1}]}\" factor \"InputForm[Q^2 + s]\" variable \"s\" seconds \"0.004209\" input_bytes \"246544\" quotient_bytes \"164752\" divides \"False\n"
"From remote kernel:"
"\"KNOWN_FACTOR_DIVISION \"{33, CutIntegral[\"R02\", {1, 1, 1, 1}]}\" factor \"InputForm[s23]\" variable \"s23\" seconds \"0.002941\" input_bytes \"246544\" quotient_bytes \"196128\" divides \"False\n"
"From remote kernel:"
"\"KNOWN_FACTOR_DIVISION \"{33, CutIntegral[\"R02\", {1, 1, 1, 1}]}\" factor \"InputForm[SUNN]\" variable \"SUNN\" seconds \"0.006102\" input_bytes \"246544\" quotient_bytes \"103984\" divides \"False\n"
"From remote kernel:"
"\"KNOWN_FACTOR_DIVISION \"{33, CutIntegral[\"R02\", {1, 1, 1, 1}]}\" factor \"InputForm[s23 - t]\" variable \"s23\" seconds \"0.004313\" input_bytes \"246544\" quotient_bytes \"163488\" divides \"False\n"
"From remote kernel:"
"\"KNOWN_FACTOR_DIVISION \"{33, CutIntegral[\"R02\", {1, 1, 1, 1}]}\" factor \"InputForm[t]\" variable \"t\" seconds \"0.002641\" input_bytes \"246544\" quotient_bytes \"166440\" divides \"False\n"
"From remote kernel:"
"\"KNOWN_FACTOR_DIVISION \"{33, CutIntegral[\"R02\", {1, 1, 1, 1}]}\" factor \"InputForm[Q^2 + s - s23 + t]\" variable \"s\" seconds \"0.004402\" input_bytes \"246544\" quotient_bytes \"140200\" divides \"False\n"
"From remote kernel:"
"\"REAL_MASTER_COEFFICIENT \"\"Hgq\"\" \"33\" \"InputForm[CutIntegral[\"R03\", {1, 1, 0, 1}]]\n"
"From remote kernel:"
"\"DENOMINATOR_SUPPORT \"{33, CutIntegral[\"R03\", {1, 1, 0, 1}]}\" \"InputForm[<|\"TermCount\" -> 46, \"FactorCount\" -> 14, \"FactorPowers\" -> <|-3 + D -> 1, -2 + D -> 1, D -> 1, 2 + D -> 1, Q -> 2, s -> 1, Q^2 + s -> 4, s23 -> 1, SUNN -> 1, s23 - t -> 3, t -> 1, Q^2 + s - s23 + t -> 3, Q^2*s23 + s*t -> 1, s^2 + 4*Q^2*s23 + 2*s*t + t^2 -> 6|>, \"InputBytes\" -> 13952336, \"CommonDenominatorBytes\" -> 1888|>]\n"
"From remote kernel:"
"\"STREAMED_NUMERATOR \"{33, CutIntegral[\"R03\", {1, 1, 0, 1}]}\" row \"16\"/\"46\" numerator_bytes \"15193376\" kernel_memory \"2949794416\n"
"From remote kernel:"
"\"STREAMED_NUMERATOR \"{33, CutIntegral[\"R03\", {1, 1, 0, 1}]}\" row \"32\"/\"46\" numerator_bytes \"15503992\" kernel_memory \"2920398776\n"
"From remote kernel:"
"\"STREAMED_NUMERATOR \"{33, CutIntegral[\"R03\", {1, 1, 0, 1}]}\" row \"46\"/\"46\" numerator_bytes \"11929408\" kernel_memory \"2916038768\n"
"From remote kernel:"
"\"DENOMINATOR_NUMERATOR \"{33, CutIntegral[\"R03\", {1, 1, 0, 1}]}\" bytes \"11929408\" seconds \"18.060729\n"
"From remote kernel:"
"\"KNOWN_FACTOR_DIVISION \"{33, CutIntegral[\"R03\", {1, 1, 0, 1}]}\" factor \"InputForm[-3 + D]\" variable \"D\" seconds \"0.405821\" input_bytes \"11929408\" quotient_bytes \"10414904\" divides \"False\n"
"From remote kernel:"
"\"KNOWN_FACTOR_DIVISION \"{33, CutIntegral[\"R03\", {1, 1, 0, 1}]}\" factor \"InputForm[-2 + D]\" variable \"D\" seconds \"0.430313\" input_bytes \"11929408\" quotient_bytes \"8524104\" divides \"True\n"
"From remote kernel:"
"\"KNOWN_FACTOR_DIVISION \"{33, CutIntegral[\"R03\", {1, 1, 0, 1}]}\" factor \"InputForm[D]\" variable \"D\" seconds \"0.189397\" input_bytes \"8524104\" quotient_bytes \"8523896\" divides \"True\n"
"From remote kernel:"
"\"KNOWN_FACTOR_DIVISION \"{33, CutIntegral[\"R03\", {1, 1, 0, 1}]}\" factor \"InputForm[2 + D]\" variable \"D\" seconds \"0.215595\" input_bytes \"8523896\" quotient_bytes \"6778288\" divides \"True\n"
"From remote kernel:"
"\"KNOWN_FACTOR_DIVISION \"{33, CutIntegral[\"R03\", {1, 1, 0, 1}]}\" factor \"InputForm[Q]\" variable \"Q\" seconds \"0.112335\" input_bytes \"6778288\" quotient_bytes \"6132016\" divides \"True\n"
"From remote kernel:"
"\"KNOWN_FACTOR_DIVISION \"{33, CutIntegral[\"R03\", {1, 1, 0, 1}]}\" factor \"InputForm[Q]\" variable \"Q\" seconds \"0.015881\" input_bytes \"6132016\" quotient_bytes \"6131792\" divides \"True\n"
"From remote kernel:"
"\"KNOWN_FACTOR_DIVISION \"{33, CutIntegral[\"R03\", {1, 1, 0, 1}]}\" factor \"InputForm[s]\" variable \"s\" seconds \"0.092981\" input_bytes \"6131792\" quotient_bytes \"5934512\" divides \"False\n"
"From remote kernel:"
"\"KNOWN_FACTOR_DIVISION \"{33, CutIntegral[\"R03\", {1, 1, 0, 1}]}\" factor \"InputForm[Q^2 + s]\" variable \"s\" seconds \"0.157698\" input_bytes \"6131792\" quotient_bytes \"5531592\" divides \"True\n"
"From remote kernel:"
"\"KNOWN_FACTOR_DIVISION \"{33, CutIntegral[\"R03\", {1, 1, 0, 1}]}\" factor \"InputForm[Q^2 + s]\" variable \"s\" seconds \"0.061706\" input_bytes \"5531592\" quotient_bytes \"4895152\" divides \"True\n"
"From remote kernel:"
"\"KNOWN_FACTOR_DIVISION \"{33, CutIntegral[\"R03\", {1, 1, 0, 1}]}\" factor \"InputForm[Q^2 + s]\" variable \"s\" seconds \"0.053915\" input_bytes \"4895152\" quotient_bytes \"4266776\" divides \"True\n"
"From remote kernel:"
"\"KNOWN_FACTOR_DIVISION \"{33, CutIntegral[\"R03\", {1, 1, 0, 1}]}\" factor \"InputForm[Q^2 + s]\" variable \"s\" seconds \"0.052134\" input_bytes \"4266776\" quotient_bytes \"4727992\" divides \"False\n"
"From remote kernel:"
"\"KNOWN_FACTOR_DIVISION \"{33, CutIntegral[\"R03\", {1, 1, 0, 1}]}\" factor \"InputForm[s23]\" variable \"s23\" seconds \"0.074455\" input_bytes \"4266776\" quotient_bytes \"4031592\" divides \"False\n"
"From remote kernel:"
"\"KNOWN_FACTOR_DIVISION \"{33, CutIntegral[\"R03\", {1, 1, 0, 1}]}\" factor \"InputForm[SUNN]\" variable \"SUNN\" seconds \"0.343651\" input_bytes \"4266776\" quotient_bytes \"2301928\" divides \"False\n"
"From remote kernel:"
"\"KNOWN_FACTOR_DIVISION \"{33, CutIntegral[\"R03\", {1, 1, 0, 1}]}\" factor \"InputForm[s23 - t]\" variable \"s23\" seconds \"0.103763\" input_bytes \"4266776\" quotient_bytes \"3748448\" divides \"True\n"
"From remote kernel:"
"\"KNOWN_FACTOR_DIVISION \"{33, CutIntegral[\"R03\", {1, 1, 0, 1}]}\" factor \"InputForm[s23 - t]\" variable \"s23\" seconds \"0.044292\" input_bytes \"3748448\" quotient_bytes \"3234976\" divides \"True\n"
"From remote kernel:"
"\"KNOWN_FACTOR_DIVISION \"{33, CutIntegral[\"R03\", {1, 1, 0, 1}]}\" factor \"InputForm[s23 - t]\" variable \"s23\" seconds \"0.037825\" input_bytes \"3234976\" quotient_bytes \"2727152\" divides \"True\n"
"From remote kernel:"
"\"KNOWN_FACTOR_DIVISION \"{33, CutIntegral[\"R03\", {1, 1, 0, 1}]}\" factor \"InputForm[t]\" variable \"t\" seconds \"0.043556\" input_bytes \"2727152\" quotient_bytes \"2484464\" divides \"False\n"
"From remote kernel:"
"\"KNOWN_FACTOR_DIVISION \"{33, CutIntegral[\"R03\", {1, 1, 0, 1}]}\" factor \"InputForm[Q^2 + s - s23 + t]\" variable \"s\" seconds \"0.058967\" input_bytes \"2727152\" quotient_bytes \"1969672\" divides \"True\n"
"From remote kernel:"
"\"KNOWN_FACTOR_DIVISION \"{33, CutIntegral[\"R03\", {1, 1, 0, 1}]}\" factor \"InputForm[Q^2 + s - s23 + t]\" variable \"s\" seconds \"0.027104\" input_bytes \"1969672\" quotient_bytes \"1975136\" divides \"False\n"
"From remote kernel:"
"\"RETAINED_DENOMINATOR_FACTOR \"{33, CutIntegral[\"R03\", {1, 1, 0, 1}]}\" \"InputForm[Q^2*s23 + s*t]\n"
"From remote kernel:"
"\"KNOWN_FACTOR_DIVISION \"{33, CutIntegral[\"R03\", {1, 1, 0, 1}]}\" factor \"InputForm[s^2 + 4*Q^2*s23 + 2*s*t + t^2]\" variable \"s\" seconds \"0.033208\" input_bytes \"1969672\" quotient_bytes \"1556264\" divides \"True\n"
"From remote kernel:"
"\"KNOWN_FACTOR_DIVISION \"{33, CutIntegral[\"R03\", {1, 1, 0, 1}]}\" factor \"InputForm[s^2 + 4*Q^2*s23 + 2*s*t + t^2]\" variable \"s\" seconds \"0.027936\" input_bytes \"1556264\" quotient_bytes \"1196808\" divides \"True\n"
"From remote kernel:"
"\"KNOWN_FACTOR_DIVISION \"{33, CutIntegral[\"R03\", {1, 1, 0, 1}]}\" factor \"InputForm[s^2 + 4*Q^2*s23 + 2*s*t + t^2]\" variable \"s\" seconds \"0.023939\" input_bytes \"1196808\" quotient_bytes \"881608\" divides \"True\n"
"From remote kernel:"
"\"KNOWN_FACTOR_DIVISION \"{33, CutIntegral[\"R03\", {1, 1, 0, 1}]}\" factor \"InputForm[s^2 + 4*Q^2*s23 + 2*s*t + t^2]\" variable \"s\" seconds \"0.017429\" input_bytes \"881608\" quotient_bytes \"612040\" divides \"True\n"
"From remote kernel:"
"\"KNOWN_FACTOR_DIVISION \"{33, CutIntegral[\"R03\", {1, 1, 0, 1}]}\" factor \"InputForm[s^2 + 4*Q^2*s23 + 2*s*t + t^2]\" variable \"s\" seconds \"0.012717\" input_bytes \"612040\" quotient_bytes \"429504\" divides \"False\n"
"From remote kernel:"
"\"REAL_MASTER_COEFFICIENT \"\"Hgq\"\" \"33\" \"InputForm[CutIntegral[\"R03\", {1, 1, 1, 1}]]\n"
"From remote kernel:"
"\"DENOMINATOR_SUPPORT \"{33, CutIntegral[\"R03\", {1, 1, 1, 1}]}\" \"InputForm[<|\"TermCount\" -> 1, \"FactorCount\" -> 7, \"FactorPowers\" -> <|-3 + D -> 1, Q^2 + s -> 2, SUNN -> 1, s23 - t -> 1, t -> 1, Q^2 + s - s23 + t -> 2, Q^2*s23 + s*t -> 1|>, \"InputBytes\" -> 45200, \"CommonDenominatorBytes\" -> 1024|>]\n"
"From remote kernel:"
"\"STREAMED_NUMERATOR \"{33, CutIntegral[\"R03\", {1, 1, 1, 1}]}\" row \"1\"/\"1\" numerator_bytes \"231616\" kernel_memory \"2898748984\n"
"From remote kernel:"
"\"DENOMINATOR_NUMERATOR \"{33, CutIntegral[\"R03\", {1, 1, 1, 1}]}\" bytes \"231616\" seconds \"0.003653\n"
"From remote kernel:"
"\"KNOWN_FACTOR_DIVISION \"{33, CutIntegral[\"R03\", {1, 1, 1, 1}]}\" factor \"InputForm[-3 + D]\" variable \"D\" seconds \"0.006289\" input_bytes \"231616\" quotient_bytes \"142536\" divides \"False\n"
"From remote kernel:"
"\"KNOWN_FACTOR_DIVISION \"{33, CutIntegral[\"R03\", {1, 1, 1, 1}]}\" factor \"InputForm[Q^2 + s]\" variable \"s\" seconds \"0.004228\" input_bytes \"231616\" quotient_bytes \"156264\" divides \"False\n"
"From remote kernel:"
"\"KNOWN_FACTOR_DIVISION \"{33, CutIntegral[\"R03\", {1, 1, 1, 1}]}\" factor \"InputForm[SUNN]\" variable \"SUNN\" seconds \"0.006416\" input_bytes \"231616\" quotient_bytes \"113304\" divides \"False\n"
"From remote kernel:"
"\"KNOWN_FACTOR_DIVISION \"{33, CutIntegral[\"R03\", {1, 1, 1, 1}]}\" factor \"InputForm[s23 - t]\" variable \"s23\" seconds \"0.004167\" input_bytes \"231616\" quotient_bytes \"151256\" divides \"False\n"
"From remote kernel:"
"\"KNOWN_FACTOR_DIVISION \"{33, CutIntegral[\"R03\", {1, 1, 1, 1}]}\" factor \"InputForm[t]\" variable \"t\" seconds \"0.002698\" input_bytes \"231616\" quotient_bytes \"159464\" divides \"False\n"
"From remote kernel:"
"\"KNOWN_FACTOR_DIVISION \"{33, CutIntegral[\"R03\", {1, 1, 1, 1}]}\" factor \"InputForm[Q^2 + s - s23 + t]\" variable \"s\" seconds \"0.004551\" input_bytes \"231616\" quotient_bytes \"148144\" divides \"False\n"
"From remote kernel:"
"\"RETAINED_DENOMINATOR_FACTOR \"{33, CutIntegral[\"R03\", {1, 1, 1, 1}]}\" \"InputForm[Q^2*s23 + s*t]\n"
"From remote kernel:"
"\"REAL_MASTER_COEFFICIENT \"\"Hgq\"\" \"33\" \"InputForm[CutIntegral[\"R04\", {1, 1, 1, 1}]]\n"
"From remote kernel:"
"\"DENOMINATOR_SUPPORT \"{33, CutIntegral[\"R04\", {1, 1, 1, 1}]}\" \"InputForm[<|\"TermCount\" -> 4, \"FactorCount\" -> 6, \"FactorPowers\" -> <|-3 + D -> 1, Q^2 + s -> 1, s23 -> 1, s23 - t -> 1, t -> 1, Q^2*s23 + s*t -> 1|>, \"InputBytes\" -> 65312, \"CommonDenominatorBytes\" -> 656|>]\n"
"From remote kernel:"
"\"STREAMED_NUMERATOR \"{33, CutIntegral[\"R04\", {1, 1, 1, 1}]}\" row \"4\"/\"4\" numerator_bytes \"59520\" kernel_memory \"2899107456\n"
"From remote kernel:"
"\"DENOMINATOR_NUMERATOR \"{33, CutIntegral[\"R04\", {1, 1, 1, 1}]}\" bytes \"59520\" seconds \"0.005452\n"
"From remote kernel:"
"\"KNOWN_FACTOR_DIVISION \"{33, CutIntegral[\"R04\", {1, 1, 1, 1}]}\" factor \"InputForm[-3 + D]\" variable \"D\" seconds \"0.001735\" input_bytes \"59520\" quotient_bytes \"38040\" divides \"False\n"
"From remote kernel:"
"\"KNOWN_FACTOR_DIVISION \"{33, CutIntegral[\"R04\", {1, 1, 1, 1}]}\" factor \"InputForm[Q^2 + s]\" variable \"s\" seconds \"0.001417\" input_bytes \"59520\" quotient_bytes \"32960\" divides \"False\n"
"From remote kernel:"
"\"KNOWN_FACTOR_DIVISION \"{33, CutIntegral[\"R04\", {1, 1, 1, 1}]}\" factor \"InputForm[s23]\" variable \"s23\" seconds \"0.000806\" input_bytes \"59520\" quotient_bytes \"42304\" divides \"False\n"
"From remote kernel:"
"\"KNOWN_FACTOR_DIVISION \"{33, CutIntegral[\"R04\", {1, 1, 1, 1}]}\" factor \"InputForm[s23 - t]\" variable \"s23\" seconds \"0.001379\" input_bytes \"59520\" quotient_bytes \"38112\" divides \"False\n"
"From remote kernel:"
"\"KNOWN_FACTOR_DIVISION \"{33, CutIntegral[\"R04\", {1, 1, 1, 1}]}\" factor \"InputForm[t]\" variable \"t\" seconds \"0.000935\" input_bytes \"59520\" quotient_bytes \"43296\" divides \"False\n"
"From remote kernel:"
"\"RETAINED_DENOMINATOR_FACTOR \"{33, CutIntegral[\"R04\", {1, 1, 1, 1}]}\" \"InputForm[Q^2*s23 + s*t]\n"
"From remote kernel:"
"\"REAL_MASTER_COEFFICIENT \"\"Hgq\"\" \"33\" \"InputForm[CutIntegral[\"R10\", {1, 1, 1, 1}]]\n"
"From remote kernel:"
"\"DENOMINATOR_SUPPORT \"{33, CutIntegral[\"R10\", {1, 1, 1, 1}]}\" \"InputForm[<|\"TermCount\" -> 2, \"FactorCount\" -> 7, \"FactorPowers\" -> <|-3 + D -> 1, s -> 1, Q^2 + s -> 2, s23 -> 1, SUNN -> 1, t -> 1, Q^2*s23 + s*t -> 1|>, \"InputBytes\" -> 102904, \"CommonDenominatorBytes\" -> 608|>]\n"
"From remote kernel:"
"\"STREAMED_NUMERATOR \"{33, CutIntegral[\"R10\", {1, 1, 1, 1}]}\" row \"2\"/\"2\" numerator_bytes \"119936\" kernel_memory \"2899157224\n"
"From remote kernel:"
"\"DENOMINATOR_NUMERATOR \"{33, CutIntegral[\"R10\", {1, 1, 1, 1}]}\" bytes \"119936\" seconds \"0.004044\n"
"From remote kernel:"
"\"KNOWN_FACTOR_DIVISION \"{33, CutIntegral[\"R10\", {1, 1, 1, 1}]}\" factor \"InputForm[-3 + D]\" variable \"D\" seconds \"0.002809\" input_bytes \"119936\" quotient_bytes \"79240\" divides \"False\n"
"From remote kernel:"
"\"KNOWN_FACTOR_DIVISION \"{33, CutIntegral[\"R10\", {1, 1, 1, 1}]}\" factor \"InputForm[s]\" variable \"s\" seconds \"0.001416\" input_bytes \"119936\" quotient_bytes \"94600\" divides \"False\n"
"From remote kernel:"
"\"KNOWN_FACTOR_DIVISION \"{33, CutIntegral[\"R10\", {1, 1, 1, 1}]}\" factor \"InputForm[Q^2 + s]\" variable \"s\" seconds \"0.002271\" input_bytes \"119936\" quotient_bytes \"82896\" divides \"False\n"
"From remote kernel:"
"\"KNOWN_FACTOR_DIVISION \"{33, CutIntegral[\"R10\", {1, 1, 1, 1}]}\" factor \"InputForm[s23]\" variable \"s23\" seconds \"0.001499\" input_bytes \"119936\" quotient_bytes \"91976\" divides \"False\n"
"From remote kernel:"
"\"KNOWN_FACTOR_DIVISION \"{33, CutIntegral[\"R10\", {1, 1, 1, 1}]}\" factor \"InputForm[SUNN]\" variable \"SUNN\" seconds \"0.002741\" input_bytes \"119936\" quotient_bytes \"46384\" divides \"False\n"
"From remote kernel:"
"\"KNOWN_FACTOR_DIVISION \"{33, CutIntegral[\"R10\", {1, 1, 1, 1}]}\" factor \"InputForm[t]\" variable \"t\" seconds \"0.001378\" input_bytes \"119936\" quotient_bytes \"73872\" divides \"False\n"
"From remote kernel:"
"\"RETAINED_DENOMINATOR_FACTOR \"{33, CutIntegral[\"R10\", {1, 1, 1, 1}]}\" \"InputForm[Q^2*s23 + s*t]\n"
"From remote kernel:"
"\"PASS: \"\"complete linear reduced coefficient reconstruction\"\n"
"From remote kernel:"
"\"PASS: \"\"reduced coefficients are scalar rational expressions\"\n"
"From remote kernel:"
"\"REAL_MAP_ACCEPTED \"\"Hgq\"\" \"33\n"
"From remote kernel:"
"\"REAL_MAP \"\"Hgq\"\" \"34\"/\"37\" \"<|\"Sector\" -> \"Real\", \"Kind\" -> \"ExtendedResponse\", \"Index\" -> {9, 4, 1}|>\" kernel \"1\n"
"From remote kernel:"
"\"PASS: \"\"raw component retains executed reconstruction\"\n"
"From remote kernel:"
"\"PASS: \"\"known rules end in saved masters\"\n"
"From remote kernel:"
"\"PASS: \"\"exact individual reduction-rule reconstruction\"\n"
"From remote kernel:"
"\"REAL_MASTER_COEFFICIENT \"\"Hgq\"\" \"34\" \"InputForm[CutIntegral[\"R01\", {1, 1, 0, 0}]]\n"
"From remote kernel:"
"\"PASS: \"\"exact individual denominator factorization\"\n"
"From remote kernel:"
"\"PASS: \"\"unique positive denominator factor powers\"\n"
"From remote kernel:"
"\"DENOMINATOR_SUPPORT \"{34, CutIntegral[\"R01\", {1, 1, 0, 0}]}\" \"InputForm[<|\"TermCount\" -> 189, \"FactorCount\" -> 20, \"FactorPowers\" -> <|-8 + D -> 1, -6 + D -> 1, -4 + D -> 1, -3 + D -> 1, -2 + D -> 1, -1 + D -> 2, D -> 1, Q -> 2, s -> 1, Q^2 + s -> 5, s - s23 -> 4, s23 -> 1, SUNN -> 1, s23 - t -> 4, -Q^2 - s + s23 - t -> 4, t -> 3, -s23 + t -> 4, Q^2 + s - s23 + t -> 5, Q^2*s23 + s*t -> 2, s^2 + 4*Q^2*s23 + 2*s*t + t^2 -> 4|>, \"InputBytes\" -> 61182696, \"CommonDenominatorBytes\" -> 3200|>]\n"
"From remote kernel:"
"\"PASS: \"\"exact common-denominator embedding\"\n"
"From remote kernel:"
"\"PASS: \"\"exact streamed numerator addition\"\n"
"From remote kernel:"
"\"STREAMED_NUMERATOR \"{34, CutIntegral[\"R01\", {1, 1, 0, 0}]}\" row \"16\"/\"189\" numerator_bytes \"72501344\" kernel_memory \"3073760088\n"
"From remote kernel:"
"\"STREAMED_NUMERATOR \"{28, CutIntegral[\"R01\", {1, 1, 0, 0}]}\" row \"176\"/\"320\" numerator_bytes \"221787168\" kernel_memory \"3137344264\n"
"From remote kernel:"
"\"STREAMED_NUMERATOR \"{34, CutIntegral[\"R01\", {1, 1, 0, 0}]}\" row \"32\"/\"189\" numerator_bytes \"69404040\" kernel_memory \"2994675064\n"
"From remote kernel:"
"\"STREAMED_NUMERATOR \"{28, CutIntegral[\"R01\", {1, 1, 0, 0}]}\" row \"192\"/\"320\" numerator_bytes \"217326960\" kernel_memory \"3119170856\n"
"From remote kernel:"
"\"STREAMED_NUMERATOR \"{34, CutIntegral[\"R01\", {1, 1, 0, 0}]}\" row \"48\"/\"189\" numerator_bytes \"73342480\" kernel_memory \"2998612472\n"
"From remote kernel:"
"\"STREAMED_NUMERATOR \"{34, CutIntegral[\"R01\", {1, 1, 0, 0}]}\" row \"64\"/\"189\" numerator_bytes \"75697504\" kernel_memory \"3006218920\n"
"From remote kernel:"
"\"STREAMED_NUMERATOR \"{34, CutIntegral[\"R01\", {1, 1, 0, 0}]}\" row \"80\"/\"189\" numerator_bytes \"81329888\" kernel_memory \"3003250640\n"
"From remote kernel:"
"\"STREAMED_NUMERATOR \"{34, CutIntegral[\"R01\", {1, 1, 0, 0}]}\" row \"96\"/\"189\" numerator_bytes \"85006856\" kernel_memory \"3006185248\n"
"From remote kernel:"
"\"STREAMED_NUMERATOR \"{28, CutIntegral[\"R01\", {1, 1, 0, 0}]}\" row \"208\"/\"320\" numerator_bytes \"227385560\" kernel_memory \"3114452232\n"
"From remote kernel:"
"\"STREAMED_NUMERATOR \"{34, CutIntegral[\"R01\", {1, 1, 0, 0}]}\" row \"112\"/\"189\" numerator_bytes \"86837408\" kernel_memory \"3011897632\n"
"From remote kernel:"
"\"STREAMED_NUMERATOR \"{34, CutIntegral[\"R01\", {1, 1, 0, 0}]}\" row \"128\"/\"189\" numerator_bytes \"82795512\" kernel_memory \"3004467232\n"
"From remote kernel:"
"\"STREAMED_NUMERATOR \"{34, CutIntegral[\"R01\", {1, 1, 0, 0}]}\" row \"144\"/\"189\" numerator_bytes \"84808088\" kernel_memory \"3015618792\n"
"From remote kernel:"
"\"STREAMED_NUMERATOR \"{34, CutIntegral[\"R01\", {1, 1, 0, 0}]}\" row \"160\"/\"189\" numerator_bytes \"92864352\" kernel_memory \"3010254448\n"
"From remote kernel:"
"\"STREAMED_NUMERATOR \"{28, CutIntegral[\"R01\", {1, 1, 0, 0}]}\" row \"224\"/\"320\" numerator_bytes \"223560200\" kernel_memory \"3112027952\n"
"From remote kernel:"
"\"STREAMED_NUMERATOR \"{34, CutIntegral[\"R01\", {1, 1, 0, 0}]}\" row \"176\"/\"189\" numerator_bytes \"92660352\" kernel_memory \"3009571592\n"
"From remote kernel:"
"\"STREAMED_NUMERATOR \"{34, CutIntegral[\"R01\", {1, 1, 0, 0}]}\" row \"189\"/\"189\" numerator_bytes \"89731344\" kernel_memory \"3009398720\n"
"From remote kernel:"
"\"PASS: \"\"exact complete numerator assembly\"\n"
"From remote kernel:"
"\"DENOMINATOR_NUMERATOR \"{34, CutIntegral[\"R01\", {1, 1, 0, 0}]}\" bytes \"89731344\" seconds \"621.84319\n"
"From remote kernel:"
"\"PASS: \"\"matched measured denominator inventory\"\n"
"From remote kernel:"
"\"PASS: \"\"exact known-factor quotient and remainder\"\n"
"From remote kernel:"
"\"KNOWN_FACTOR_DIVISION \"{34, CutIntegral[\"R01\", {1, 1, 0, 0}]}\" factor \"InputForm[-8 + D]\" variable \"D\" seconds \"2.669287\" input_bytes \"89731344\" quotient_bytes \"69719680\" divides \"True\n"
"From remote kernel:"
"\"KNOWN_FACTOR_DIVISION \"{34, CutIntegral[\"R01\", {1, 1, 0, 0}]}\" factor \"InputForm[-6 + D]\" variable \"D\" seconds \"1.450076\" input_bytes \"69719680\" quotient_bytes \"62643984\" divides \"True\n"
"From remote kernel:"
"\"KNOWN_FACTOR_DIVISION \"{34, CutIntegral[\"R01\", {1, 1, 0, 0}]}\" factor \"InputForm[-4 + D]\" variable \"D\" seconds \"1.136896\" input_bytes \"62643984\" quotient_bytes \"61943632\" divides \"False\n"
"From remote kernel:"
"\"KNOWN_FACTOR_DIVISION \"{34, CutIntegral[\"R01\", {1, 1, 0, 0}]}\" factor \"InputForm[-3 + D]\" variable \"D\" seconds \"0.925764\" input_bytes \"62643984\" quotient_bytes \"55229656\" divides \"True\n"
"From remote kernel:"
"\"KNOWN_FACTOR_DIVISION \"{34, CutIntegral[\"R01\", {1, 1, 0, 0}]}\" factor \"InputForm[-2 + D]\" variable \"D\" seconds \"1.121134\" input_bytes \"55229656\" quotient_bytes \"51333728\" divides \"False\n"
"From remote kernel:"
"\"KNOWN_FACTOR_DIVISION \"{34, CutIntegral[\"R01\", {1, 1, 0, 0}]}\" factor \"InputForm[-1 + D]\" variable \"D\" seconds \"0.938272\" input_bytes \"55229656\" quotient_bytes \"48064832\" divides \"True\n"
"From remote kernel:"
"\"KNOWN_FACTOR_DIVISION \"{34, CutIntegral[\"R01\", {1, 1, 0, 0}]}\" factor \"InputForm[-1 + D]\" variable \"D\" seconds \"1.010829\" input_bytes \"48064832\" quotient_bytes \"47745352\" divides \"False\n"
"From remote kernel:"
"\"KNOWN_FACTOR_DIVISION \"{34, CutIntegral[\"R01\", {1, 1, 0, 0}]}\" factor \"InputForm[D]\" variable \"D\" seconds \"0.712223\" input_bytes \"48064832\" quotient_bytes \"48064656\" divides \"True\n"
"From remote kernel:"
"\"KNOWN_FACTOR_DIVISION \"{34, CutIntegral[\"R01\", {1, 1, 0, 0}]}\" factor \"InputForm[Q]\" variable \"Q\" seconds \"0.862013\" input_bytes \"48064656\" quotient_bytes \"45562304\" divides \"True\n"
"From remote kernel:"
"\"KNOWN_FACTOR_DIVISION \"{34, CutIntegral[\"R01\", {1, 1, 0, 0}]}\" factor \"InputForm[Q]\" variable \"Q\" seconds \"0.234234\" input_bytes \"45562304\" quotient_bytes \"45562032\" divides \"True\n"
"From remote kernel:"
"\"KNOWN_FACTOR_DIVISION \"{34, CutIntegral[\"R01\", {1, 1, 0, 0}]}\" factor \"InputForm[s]\" variable \"s\" seconds \"0.948763\" input_bytes \"45562032\" quotient_bytes \"44274584\" divides \"False\n"
"From remote kernel:"
"\"KNOWN_FACTOR_DIVISION \"{34, CutIntegral[\"R01\", {1, 1, 0, 0}]}\" factor \"InputForm[Q^2 + s]\" variable \"s\" seconds \"1.349985\" input_bytes \"45562032\" quotient_bytes \"42417536\" divides \"True\n"
"From remote kernel:"
"\"KNOWN_FACTOR_DIVISION \"{34, CutIntegral[\"R01\", {1, 1, 0, 0}]}\" factor \"InputForm[Q^2 + s]\" variable \"s\" seconds \"0.498679\" input_bytes \"42417536\" quotient_bytes \"39443744\" divides \"True\n"
"From remote kernel:"
"\"KNOWN_FACTOR_DIVISION \"{34, CutIntegral[\"R01\", {1, 1, 0, 0}]}\" factor \"InputForm[Q^2 + s]\" variable \"s\" seconds \"0.472912\" input_bytes \"39443744\" quotient_bytes \"36262808\" divides \"True\n"
"From remote kernel:"
"\"KNOWN_FACTOR_DIVISION \"{34, CutIntegral[\"R01\", {1, 1, 0, 0}]}\" factor \"InputForm[Q^2 + s]\" variable \"s\" seconds \"0.494782\" input_bytes \"36262808\" quotient_bytes \"34124016\" divides \"False\n"
"From remote kernel:"
"\"KNOWN_FACTOR_DIVISION \"{34, CutIntegral[\"R01\", {1, 1, 0, 0}]}\" factor \"InputForm[s - s23]\" variable \"s\" seconds \"0.499323\" input_bytes \"36262808\" quotient_bytes \"33837672\" divides \"True\n"
"From remote kernel:"
"\"KNOWN_FACTOR_DIVISION \"{34, CutIntegral[\"R01\", {1, 1, 0, 0}]}\" factor \"InputForm[s - s23]\" variable \"s\" seconds \"0.455926\" input_bytes \"33837672\" quotient_bytes \"31418496\" divides \"True\n"
"From remote kernel:"
"\"KNOWN_FACTOR_DIVISION \"{34, CutIntegral[\"R01\", {1, 1, 0, 0}]}\" factor \"InputForm[s - s23]\" variable \"s\" seconds \"0.411454\" input_bytes \"31418496\" quotient_bytes \"28891504\" divides \"True\n"
"From remote kernel:"
"\"KNOWN_FACTOR_DIVISION \"{34, CutIntegral[\"R01\", {1, 1, 0, 0}]}\" factor \"InputForm[s - s23]\" variable \"s\" seconds \"0.399424\" input_bytes \"28891504\" quotient_bytes \"26571320\" divides \"False\n"
"From remote kernel:"
"\"KNOWN_FACTOR_DIVISION \"{34, CutIntegral[\"R01\", {1, 1, 0, 0}]}\" factor \"InputForm[s23]\" variable \"s23\" seconds \"0.519238\" input_bytes \"28891504\" quotient_bytes \"27870112\" divides \"False\n"
"From remote kernel:"
"\"KNOWN_FACTOR_DIVISION \"{34, CutIntegral[\"R01\", {1, 1, 0, 0}]}\" factor \"InputForm[SUNN]\" variable \"SUNN\" seconds \"2.469785\" input_bytes \"28891504\" quotient_bytes \"15854088\" divides \"False\n"
"From remote kernel:"
"\"KNOWN_FACTOR_DIVISION \"{34, CutIntegral[\"R01\", {1, 1, 0, 0}]}\" factor \"InputForm[s23 - t]\" variable \"s23\" seconds \"0.584897\" input_bytes \"28891504\" quotient_bytes \"27238352\" divides \"True\n"
"From remote kernel:"
"\"KNOWN_FACTOR_DIVISION \"{34, CutIntegral[\"R01\", {1, 1, 0, 0}]}\" factor \"InputForm[s23 - t]\" variable \"s23\" seconds \"0.282857\" input_bytes \"27238352\" quotient_bytes \"25544288\" divides \"True\n"
"From remote kernel:"
"\"KNOWN_FACTOR_DIVISION \"{34, CutIntegral[\"R01\", {1, 1, 0, 0}]}\" factor \"InputForm[s23 - t]\" variable \"s23\" seconds \"0.258955\" input_bytes \"25544288\" quotient_bytes \"23926568\" divides \"True\n"
"From remote kernel:"
"\"KNOWN_FACTOR_DIVISION \"{34, CutIntegral[\"R01\", {1, 1, 0, 0}]}\" factor \"InputForm[s23 - t]\" variable \"s23\" seconds \"0.224622\" input_bytes \"23926568\" quotient_bytes \"22238688\" divides \"True\n"
"From remote kernel:"
"\"KNOWN_FACTOR_DIVISION \"{34, CutIntegral[\"R01\", {1, 1, 0, 0}]}\" factor \"InputForm[-Q^2 - s + s23 - t]\" variable \"s\" seconds \"0.451842\" input_bytes \"22238688\" quotient_bytes \"19767968\" divides \"True\n"
"From remote kernel:"
"\"KNOWN_FACTOR_DIVISION \"{34, CutIntegral[\"R01\", {1, 1, 0, 0}]}\" factor \"InputForm[-Q^2 - s + s23 - t]\" variable \"s\" seconds \"0.235539\" input_bytes \"19767968\" quotient_bytes \"17185440\" divides \"True\n"
"From remote kernel:"
"\"KNOWN_FACTOR_DIVISION \"{34, CutIntegral[\"R01\", {1, 1, 0, 0}]}\" factor \"InputForm[-Q^2 - s + s23 - t]\" variable \"s\" seconds \"0.190328\" input_bytes \"17185440\" quotient_bytes \"14857144\" divides \"True\n"
"From remote kernel:"
"\"KNOWN_FACTOR_DIVISION \"{34, CutIntegral[\"R01\", {1, 1, 0, 0}]}\" factor \"InputForm[-Q^2 - s + s23 - t]\" variable \"s\" seconds \"0.172791\" input_bytes \"14857144\" quotient_bytes \"12648136\" divides \"True\n"
"From remote kernel:"
"\"KNOWN_FACTOR_DIVISION \"{34, CutIntegral[\"R01\", {1, 1, 0, 0}]}\" factor \"InputForm[t]\" variable \"t\" seconds \"0.191445\" input_bytes \"12648136\" quotient_bytes \"12252032\" divides \"False\n"
"From remote kernel:"
"\"KNOWN_FACTOR_DIVISION \"{34, CutIntegral[\"R01\", {1, 1, 0, 0}]}\" factor \"InputForm[-s23 + t]\" variable \"s23\" seconds \"0.264529\" input_bytes \"12648136\" quotient_bytes \"11586608\" divides \"True\n"
"From remote kernel:"
"\"KNOWN_FACTOR_DIVISION \"{34, CutIntegral[\"R01\", {1, 1, 0, 0}]}\" factor \"InputForm[-s23 + t]\" variable \"s23\" seconds \"0.13267\" input_bytes \"11586608\" quotient_bytes \"10836920\" divides \"False\n"
"From remote kernel:"
"\"KNOWN_FACTOR_DIVISION \"{34, CutIntegral[\"R01\", {1, 1, 0, 0}]}\" factor \"InputForm[Q^2 + s - s23 + t]\" variable \"s\" seconds \"0.237402\" input_bytes \"11586608\" quotient_bytes \"9695376\" divides \"True\n"
"From remote kernel:"
"\"KNOWN_FACTOR_DIVISION \"{34, CutIntegral[\"R01\", {1, 1, 0, 0}]}\" factor \"InputForm[Q^2 + s - s23 + t]\" variable \"s\" seconds \"0.104116\" input_bytes \"9695376\" quotient_bytes \"7962144\" divides \"True\n"
"From remote kernel:"
"\"KNOWN_FACTOR_DIVISION \"{34, CutIntegral[\"R01\", {1, 1, 0, 0}]}\" factor \"InputForm[Q^2 + s - s23 + t]\" variable \"s\" seconds \"0.077177\" input_bytes \"7962144\" quotient_bytes \"6380256\" divides \"True\n"
"From remote kernel:"
"\"KNOWN_FACTOR_DIVISION \"{34, CutIntegral[\"R01\", {1, 1, 0, 0}]}\" factor \"InputForm[Q^2 + s - s23 + t]\" variable \"s\" seconds \"0.072291\" input_bytes \"6380256\" quotient_bytes \"7274544\" divides \"False\n"
"From remote kernel:"
"\"RETAINED_DENOMINATOR_FACTOR \"{34, CutIntegral[\"R01\", {1, 1, 0, 0}]}\" \"InputForm[Q^2*s23 + s*t]\n"
"From remote kernel:"
"\"KNOWN_FACTOR_DIVISION \"{34, CutIntegral[\"R01\", {1, 1, 0, 0}]}\" factor \"InputForm[s^2 + 4*Q^2*s23 + 2*s*t + t^2]\" variable \"s\" seconds \"0.095016\" input_bytes \"6380256\" quotient_bytes \"4991864\" divides \"True\n"
"From remote kernel:"
"\"KNOWN_FACTOR_DIVISION \"{34, CutIntegral[\"R01\", {1, 1, 0, 0}]}\" factor \"InputForm[s^2 + 4*Q^2*s23 + 2*s*t + t^2]\" variable \"s\" seconds \"0.082611\" input_bytes \"4991864\" quotient_bytes \"3733312\" divides \"True\n"
"From remote kernel:"
"\"KNOWN_FACTOR_DIVISION \"{34, CutIntegral[\"R01\", {1, 1, 0, 0}]}\" factor \"InputForm[s^2 + 4*Q^2*s23 + 2*s*t + t^2]\" variable \"s\" seconds \"0.065994\" input_bytes \"3733312\" quotient_bytes \"2928392\" divides \"False\n"
"From remote kernel:"
"\"PASS: \"\"exact final numerator factorization\"\n"
"From remote kernel:"
"\"PASS: \"\"exact final denominator reconstruction\"\n"
"From remote kernel:"
"\"PASS: \"\"compressed scalar map below file bound\"\n"
"From remote kernel:"
"\"PASS: \"\"compressed scalar map exact round trip\"\n"
"From remote kernel:"
"\"PASS: \"\"master coefficient retains exact reconstruction\"\n"
"From remote kernel:"
"\"REAL_MASTER_COEFFICIENT \"\"Hgq\"\" \"34\" \"InputForm[CutIntegral[\"R01\", {1, 1, 1, 1}]]\n"
"From remote kernel:"
"\"DENOMINATOR_SUPPORT \"{34, CutIntegral[\"R01\", {1, 1, 1, 1}]}\" \"InputForm[<|\"TermCount\" -> 1, \"FactorCount\" -> 6, \"FactorPowers\" -> <|-3 + D -> 1, -1 + D -> 1, Q^2 + s -> 1, s23 - t -> 1, t -> 1, Q^2*s23 + s*t -> 2|>, \"InputBytes\" -> 79272, \"CommonDenominatorBytes\" -> 800|>]\n"
"From remote kernel:"
"\"STREAMED_NUMERATOR \"{34, CutIntegral[\"R01\", {1, 1, 1, 1}]}\" row \"1\"/\"1\" numerator_bytes \"78360\" kernel_memory \"2899779416\n"
"From remote kernel:"
"\"DENOMINATOR_NUMERATOR \"{34, CutIntegral[\"R01\", {1, 1, 1, 1}]}\" bytes \"78360\" seconds \"0.007993\n"
"From remote kernel:"
"\"KNOWN_FACTOR_DIVISION \"{34, CutIntegral[\"R01\", {1, 1, 1, 1}]}\" factor \"InputForm[-3 + D]\" variable \"D\" seconds \"0.002497\" input_bytes \"78360\" quotient_bytes \"50288\" divides \"False\n"
"From remote kernel:"
"\"KNOWN_FACTOR_DIVISION \"{34, CutIntegral[\"R01\", {1, 1, 1, 1}]}\" factor \"InputForm[-1 + D]\" variable \"D\" seconds \"0.001188\" input_bytes \"78360\" quotient_bytes \"50808\" divides \"False\n"
"From remote kernel:"
"\"KNOWN_FACTOR_DIVISION \"{34, CutIntegral[\"R01\", {1, 1, 1, 1}]}\" factor \"InputForm[Q^2 + s]\" variable \"s\" seconds \"0.002185\" input_bytes \"78360\" quotient_bytes \"54792\" divides \"False\n"
"From remote kernel:"
"\"KNOWN_FACTOR_DIVISION \"{34, CutIntegral[\"R01\", {1, 1, 1, 1}]}\" factor \"InputForm[s23 - t]\" variable \"s23\" seconds \"0.00236\" input_bytes \"78360\" quotient_bytes \"73936\" divides \"False\n"
"From remote kernel:"
"\"KNOWN_FACTOR_DIVISION \"{34, CutIntegral[\"R01\", {1, 1, 1, 1}]}\" factor \"InputForm[t]\" variable \"t\" seconds \"0.001245\" input_bytes \"78360\" quotient_bytes \"54144\" divides \"False\n"
"From remote kernel:"
"\"RETAINED_DENOMINATOR_FACTOR \"{34, CutIntegral[\"R01\", {1, 1, 1, 1}]}\" \"InputForm[Q^2*s23 + s*t]\n"
"From remote kernel:"
"\"REAL_MASTER_COEFFICIENT \"\"Hgq\"\" \"34\" \"InputForm[CutIntegral[\"R02\", {1, 1, 1, 1}]]\n"
"From remote kernel:"
"\"DENOMINATOR_SUPPORT \"{34, CutIntegral[\"R02\", {1, 1, 1, 1}]}\" \"InputForm[<|\"TermCount\" -> 4, \"FactorCount\" -> 8, \"FactorPowers\" -> <|-3 + D -> 1, -1 + D -> 1, Q^2 + s -> 3, s23 -> 1, SUNN -> 1, s23 - t -> 1, t -> 1, Q^2 + s - s23 + t -> 2|>, \"InputBytes\" -> 355528, \"CommonDenominatorBytes\" -> 864|>]\n"
"From remote kernel:"
"\"STREAMED_NUMERATOR \"{34, CutIntegral[\"R02\", {1, 1, 1, 1}]}\" row \"4\"/\"4\" numerator_bytes \"460840\" kernel_memory \"2900510616\n"
"From remote kernel:"
"\"DENOMINATOR_NUMERATOR \"{34, CutIntegral[\"R02\", {1, 1, 1, 1}]}\" bytes \"460840\" seconds \"0.02337\n"
"From remote kernel:"
"\"KNOWN_FACTOR_DIVISION \"{34, CutIntegral[\"R02\", {1, 1, 1, 1}]}\" factor \"InputForm[-3 + D]\" variable \"D\" seconds \"0.010432\" input_bytes \"460840\" quotient_bytes \"329984\" divides \"False\n"
"From remote kernel:"
"\"KNOWN_FACTOR_DIVISION \"{34, CutIntegral[\"R02\", {1, 1, 1, 1}]}\" factor \"InputForm[-1 + D]\" variable \"D\" seconds \"0.006341\" input_bytes \"460840\" quotient_bytes \"327384\" divides \"False\n"
"From remote kernel:"
"\"KNOWN_FACTOR_DIVISION \"{34, CutIntegral[\"R02\", {1, 1, 1, 1}]}\" factor \"InputForm[Q^2 + s]\" variable \"s\" seconds \"0.008955\" input_bytes \"460840\" quotient_bytes \"316432\" divides \"False\n"
"From remote kernel:"
"\"KNOWN_FACTOR_DIVISION \"{34, CutIntegral[\"R02\", {1, 1, 1, 1}]}\" factor \"InputForm[s23]\" variable \"s23\" seconds \"0.00614\" input_bytes \"460840\" quotient_bytes \"371504\" divides \"False\n"
"From remote kernel:"
"\"KNOWN_FACTOR_DIVISION \"{34, CutIntegral[\"R02\", {1, 1, 1, 1}]}\" factor \"InputForm[SUNN]\" variable \"SUNN\" seconds \"0.013396\" input_bytes \"460840\" quotient_bytes \"195664\" divides \"False\n"
"From remote kernel:"
"\"KNOWN_FACTOR_DIVISION \"{34, CutIntegral[\"R02\", {1, 1, 1, 1}]}\" factor \"InputForm[s23 - t]\" variable \"s23\" seconds \"0.008995\" input_bytes \"460840\" quotient_bytes \"320928\" divides \"False\n"
"From remote kernel:"
"\"KNOWN_FACTOR_DIVISION \"{34, CutIntegral[\"R02\", {1, 1, 1, 1}]}\" factor \"InputForm[t]\" variable \"t\" seconds \"0.005544\" input_bytes \"460840\" quotient_bytes \"327200\" divides \"False\n"
"From remote kernel:"
"\"KNOWN_FACTOR_DIVISION \"{34, CutIntegral[\"R02\", {1, 1, 1, 1}]}\" factor \"InputForm[Q^2 + s - s23 + t]\" variable \"s\" seconds \"0.007688\" input_bytes \"460840\" quotient_bytes \"366592\" divides \"False\n"
"From remote kernel:"
"\"REAL_MASTER_COEFFICIENT \"\"Hgq\"\" \"34\" \"InputForm[CutIntegral[\"R03\", {1, 1, 0, 1}]]\n"
"From remote kernel:"
"\"DENOMINATOR_SUPPORT \"{34, CutIntegral[\"R03\", {1, 1, 0, 1}]}\" \"InputForm[<|\"TermCount\" -> 31, \"FactorCount\" -> 14, \"FactorPowers\" -> <|-3 + D -> 1, -2 + D -> 1, -1 + D -> 1, D -> 1, Q -> 2, s -> 1, Q^2 + s -> 5, s23 -> 1, SUNN -> 1, s23 - t -> 2, t -> 3, Q^2 + s - s23 + t -> 2, Q^2*s23 + s*t -> 2, s^2 + 4*Q^2*s23 + 2*s*t + t^2 -> 4|>, \"InputBytes\" -> 10676720, \"CommonDenominatorBytes\" -> 2032|>]\n"
"From remote kernel:"
"\"STREAMED_NUMERATOR \"{34, CutIntegral[\"R03\", {1, 1, 0, 1}]}\" row \"16\"/\"31\" numerator_bytes \"7343024\" kernel_memory \"2929142528\n"
"From remote kernel:"
"\"STREAMED_NUMERATOR \"{34, CutIntegral[\"R03\", {1, 1, 0, 1}]}\" row \"31\"/\"31\" numerator_bytes \"9106656\" kernel_memory \"2913658016\n"
"From remote kernel:"
"\"DENOMINATOR_NUMERATOR \"{34, CutIntegral[\"R03\", {1, 1, 0, 1}]}\" bytes \"9106656\" seconds \"5.396992\n"
"From remote kernel:"
"\"KNOWN_FACTOR_DIVISION \"{34, CutIntegral[\"R03\", {1, 1, 0, 1}]}\" factor \"InputForm[-3 + D]\" variable \"D\" seconds \"0.247901\" input_bytes \"9106656\" quotient_bytes \"7852704\" divides \"False\n"
"From remote kernel:"
"\"KNOWN_FACTOR_DIVISION \"{34, CutIntegral[\"R03\", {1, 1, 0, 1}]}\" factor \"InputForm[-2 + D]\" variable \"D\" seconds \"0.151385\" input_bytes \"9106656\" quotient_bytes \"6679168\" divides \"True\n"
"From remote kernel:"
"\"KNOWN_FACTOR_DIVISION \"{34, CutIntegral[\"R03\", {1, 1, 0, 1}]}\" factor \"InputForm[-1 + D]\" variable \"D\" seconds \"0.036499\" input_bytes \"6679168\" quotient_bytes \"6470880\" divides \"False\n"
"From remote kernel:"
"\"KNOWN_FACTOR_DIVISION \"{34, CutIntegral[\"R03\", {1, 1, 0, 1}]}\" factor \"InputForm[D]\" variable \"D\" seconds \"0.016992\" input_bytes \"6679168\" quotient_bytes \"6678952\" divides \"True\n"
"From remote kernel:"
"\"KNOWN_FACTOR_DIVISION \"{34, CutIntegral[\"R03\", {1, 1, 0, 1}]}\" factor \"InputForm[Q]\" variable \"Q\" seconds \"0.086051\" input_bytes \"6678952\" quotient_bytes \"6250864\" divides \"True\n"
"From remote kernel:"
"\"KNOWN_FACTOR_DIVISION \"{34, CutIntegral[\"R03\", {1, 1, 0, 1}]}\" factor \"InputForm[Q]\" variable \"Q\" seconds \"0.01687\" input_bytes \"6250864\" quotient_bytes \"6250648\" divides \"True\n"
"From remote kernel:"
"\"KNOWN_FACTOR_DIVISION \"{34, CutIntegral[\"R03\", {1, 1, 0, 1}]}\" factor \"InputForm[s]\" variable \"s\" seconds \"0.092644\" input_bytes \"6250648\" quotient_bytes \"6115184\" divides \"False\n"
"From remote kernel:"
"\"KNOWN_FACTOR_DIVISION \"{34, CutIntegral[\"R03\", {1, 1, 0, 1}]}\" factor \"InputForm[Q^2 + s]\" variable \"s\" seconds \"0.125921\" input_bytes \"6250648\" quotient_bytes \"5615200\" divides \"True\n"
"From remote kernel:"
"\"KNOWN_FACTOR_DIVISION \"{34, CutIntegral[\"R03\", {1, 1, 0, 1}]}\" factor \"InputForm[Q^2 + s]\" variable \"s\" seconds \"0.048926\" input_bytes \"5615200\" quotient_bytes \"4958424\" divides \"True\n"
"From remote kernel:"
"\"KNOWN_FACTOR_DIVISION \"{34, CutIntegral[\"R03\", {1, 1, 0, 1}]}\" factor \"InputForm[Q^2 + s]\" variable \"s\" seconds \"0.044838\" input_bytes \"4958424\" quotient_bytes \"4301864\" divides \"True\n"
"From remote kernel:"
"\"KNOWN_FACTOR_DIVISION \"{34, CutIntegral[\"R03\", {1, 1, 0, 1}]}\" factor \"InputForm[Q^2 + s]\" variable \"s\" seconds \"0.044467\" input_bytes \"4301864\" quotient_bytes \"4161320\" divides \"False\n"
"From remote kernel:"
"\"KNOWN_FACTOR_DIVISION \"{34, CutIntegral[\"R03\", {1, 1, 0, 1}]}\" factor \"InputForm[s23]\" variable \"s23\" seconds \"0.072741\" input_bytes \"4301864\" quotient_bytes \"4088560\" divides \"False\n"
"From remote kernel:"
"\"KNOWN_FACTOR_DIVISION \"{34, CutIntegral[\"R03\", {1, 1, 0, 1}]}\" factor \"InputForm[SUNN]\" variable \"SUNN\" seconds \"0.369328\" input_bytes \"4301864\" quotient_bytes \"2418744\" divides \"False\n"
"From remote kernel:"
"\"KNOWN_FACTOR_DIVISION \"{34, CutIntegral[\"R03\", {1, 1, 0, 1}]}\" factor \"InputForm[s23 - t]\" variable \"s23\" seconds \"0.091997\" input_bytes \"4301864\" quotient_bytes \"3718496\" divides \"True\n"
"From remote kernel:"
"\"KNOWN_FACTOR_DIVISION \"{34, CutIntegral[\"R03\", {1, 1, 0, 1}]}\" factor \"InputForm[s23 - t]\" variable \"s23\" seconds \"0.040263\" input_bytes \"3718496\" quotient_bytes \"3093376\" divides \"True\n"
"From remote kernel:"
"\"KNOWN_FACTOR_DIVISION \"{34, CutIntegral[\"R03\", {1, 1, 0, 1}]}\" factor \"InputForm[t]\" variable \"t\" seconds \"0.047603\" input_bytes \"3093376\" quotient_bytes \"2918224\" divides \"False\n"
"From remote kernel:"
"\"KNOWN_FACTOR_DIVISION \"{34, CutIntegral[\"R03\", {1, 1, 0, 1}]}\" factor \"InputForm[Q^2 + s - s23 + t]\" variable \"s\" seconds \"0.070341\" input_bytes \"3093376\" quotient_bytes \"2761936\" divides \"False\n"
"From remote kernel:"
"\"RETAINED_DENOMINATOR_FACTOR \"{34, CutIntegral[\"R03\", {1, 1, 0, 1}]}\" \"InputForm[Q^2*s23 + s*t]\n"
"From remote kernel:"
"\"KNOWN_FACTOR_DIVISION \"{34, CutIntegral[\"R03\", {1, 1, 0, 1}]}\" factor \"InputForm[s^2 + 4*Q^2*s23 + 2*s*t + t^2]\" variable \"s\" seconds \"0.070516\" input_bytes \"3093376\" quotient_bytes \"2340088\" divides \"True\n"
"From remote kernel:"
"\"KNOWN_FACTOR_DIVISION \"{34, CutIntegral[\"R03\", {1, 1, 0, 1}]}\" factor \"InputForm[s^2 + 4*Q^2*s23 + 2*s*t + t^2]\" variable \"s\" seconds \"0.042535\" input_bytes \"2340088\" quotient_bytes \"1740328\" divides \"True\n"
"From remote kernel:"
"\"KNOWN_FACTOR_DIVISION \"{34, CutIntegral[\"R03\", {1, 1, 0, 1}]}\" factor \"InputForm[s^2 + 4*Q^2*s23 + 2*s*t + t^2]\" variable \"s\" seconds \"0.030289\" input_bytes \"1740328\" quotient_bytes \"1341944\" divides \"False\n"
"From remote kernel:"
"\"REAL_MASTER_COEFFICIENT \"\"Hgq\"\" \"34\" \"InputForm[CutIntegral[\"R03\", {1, 1, 1, 1}]]\n"
"From remote kernel:"
"\"DENOMINATOR_SUPPORT \"{34, CutIntegral[\"R03\", {1, 1, 1, 1}]}\" \"InputForm[<|\"TermCount\" -> 1, \"FactorCount\" -> 8, \"FactorPowers\" -> <|-3 + D -> 1, -1 + D -> 1, Q^2 + s -> 3, SUNN -> 1, s23 - t -> 1, t -> 1, Q^2 + s - s23 + t -> 2, Q^2*s23 + s*t -> 2|>, \"InputBytes\" -> 131944, \"CommonDenominatorBytes\" -> 1176|>]\n"
"From remote kernel:"
"\"STREAMED_NUMERATOR \"{34, CutIntegral[\"R03\", {1, 1, 1, 1}]}\" row \"1\"/\"1\" numerator_bytes \"599664\" kernel_memory \"2902495192\n"
"From remote kernel:"
"\"DENOMINATOR_NUMERATOR \"{34, CutIntegral[\"R03\", {1, 1, 1, 1}]}\" bytes \"599664\" seconds \"0.00969\n"
"From remote kernel:"
"\"KNOWN_FACTOR_DIVISION \"{34, CutIntegral[\"R03\", {1, 1, 1, 1}]}\" factor \"InputForm[-3 + D]\" variable \"D\" seconds \"0.014297\" input_bytes \"599664\" quotient_bytes \"406776\" divides \"False\n"
"From remote kernel:"
"\"KNOWN_FACTOR_DIVISION \"{34, CutIntegral[\"R03\", {1, 1, 1, 1}]}\" factor \"InputForm[-1 + D]\" variable \"D\" seconds \"0.007399\" input_bytes \"599664\" quotient_bytes \"405256\" divides \"False\n"
"From remote kernel:"
"\"KNOWN_FACTOR_DIVISION \"{34, CutIntegral[\"R03\", {1, 1, 1, 1}]}\" factor \"InputForm[Q^2 + s]\" variable \"s\" seconds \"0.010084\" input_bytes \"599664\" quotient_bytes \"443648\" divides \"False\n"
"From remote kernel:"
"\"KNOWN_FACTOR_DIVISION \"{34, CutIntegral[\"R03\", {1, 1, 1, 1}]}\" factor \"InputForm[SUNN]\" variable \"SUNN\" seconds \"0.016093\" input_bytes \"599664\" quotient_bytes \"295432\" divides \"False\n"
"From remote kernel:"
"\"KNOWN_FACTOR_DIVISION \"{34, CutIntegral[\"R03\", {1, 1, 1, 1}]}\" factor \"InputForm[s23 - t]\" variable \"s23\" seconds \"0.00979\" input_bytes \"599664\" quotient_bytes \"432496\" divides \"False\n"
"From remote kernel:"
"\"KNOWN_FACTOR_DIVISION \"{34, CutIntegral[\"R03\", {1, 1, 1, 1}]}\" factor \"InputForm[t]\" variable \"t\" seconds \"0.006316\" input_bytes \"599664\" quotient_bytes \"440736\" divides \"False\n"
"From remote kernel:"
"\"KNOWN_FACTOR_DIVISION \"{34, CutIntegral[\"R03\", {1, 1, 1, 1}]}\" factor \"InputForm[Q^2 + s - s23 + t]\" variable \"s\" seconds \"0.010486\" input_bytes \"599664\" quotient_bytes \"475968\" divides \"False\n"
"From remote kernel:"
"\"RETAINED_DENOMINATOR_FACTOR \"{34, CutIntegral[\"R03\", {1, 1, 1, 1}]}\" \"InputForm[Q^2*s23 + s*t]\n"
"From remote kernel:"
"\"REAL_MASTER_COEFFICIENT \"\"Hgq\"\" \"34\" \"InputForm[CutIntegral[\"R04\", {1, 1, 1, 1}]]\n"
"From remote kernel:"
"\"DENOMINATOR_SUPPORT \"{34, CutIntegral[\"R04\", {1, 1, 1, 1}]}\" \"InputForm[<|\"TermCount\" -> 4, \"FactorCount\" -> 7, \"FactorPowers\" -> <|-3 + D -> 1, -1 + D -> 1, Q^2 + s -> 1, s23 -> 1, s23 - t -> 1, t -> 3, Q^2*s23 + s*t -> 2|>, \"InputBytes\" -> 201616, \"CommonDenominatorBytes\" -> 880|>]\n"
"From remote kernel:"
"\"STREAMED_NUMERATOR \"{34, CutIntegral[\"R04\", {1, 1, 1, 1}]}\" row \"4\"/\"4\" numerator_bytes \"186880\" kernel_memory \"2902377504\n"
"From remote kernel:"
"\"DENOMINATOR_NUMERATOR \"{34, CutIntegral[\"R04\", {1, 1, 1, 1}]}\" bytes \"186880\" seconds \"0.010474\n"
"From remote kernel:"
"\"KNOWN_FACTOR_DIVISION \"{34, CutIntegral[\"R04\", {1, 1, 1, 1}]}\" factor \"InputForm[-3 + D]\" variable \"D\" seconds \"0.004111\" input_bytes \"186880\" quotient_bytes \"130968\" divides \"False\n"
"From remote kernel:"
"\"KNOWN_FACTOR_DIVISION \"{34, CutIntegral[\"R04\", {1, 1, 1, 1}]}\" factor \"InputForm[-1 + D]\" variable \"D\" seconds \"0.002509\" input_bytes \"186880\" quotient_bytes \"131264\" divides \"False\n"
"From remote kernel:"
"\"KNOWN_FACTOR_DIVISION \"{34, CutIntegral[\"R04\", {1, 1, 1, 1}]}\" factor \"InputForm[Q^2 + s]\" variable \"s\" seconds \"0.003446\" input_bytes \"186880\" quotient_bytes \"112584\" divides \"False\n"
"From remote kernel:"
"\"KNOWN_FACTOR_DIVISION \"{34, CutIntegral[\"R04\", {1, 1, 1, 1}]}\" factor \"InputForm[s23]\" variable \"s23\" seconds \"0.002175\" input_bytes \"186880\" quotient_bytes \"144120\" divides \"False\n"
"From remote kernel:"
"\"KNOWN_FACTOR_DIVISION \"{34, CutIntegral[\"R04\", {1, 1, 1, 1}]}\" factor \"InputForm[s23 - t]\" variable \"s23\" seconds \"0.003434\" input_bytes \"186880\" quotient_bytes \"129928\" divides \"False\n"
"From remote kernel:"
"\"KNOWN_FACTOR_DIVISION \"{34, CutIntegral[\"R04\", {1, 1, 1, 1}]}\" factor \"InputForm[t]\" variable \"t\" seconds \"0.002298\" input_bytes \"186880\" quotient_bytes \"147360\" divides \"False\n"
"From remote kernel:"
"\"RETAINED_DENOMINATOR_FACTOR \"{34, CutIntegral[\"R04\", {1, 1, 1, 1}]}\" \"InputForm[Q^2*s23 + s*t]\n"
"From remote kernel:"
"\"REAL_MASTER_COEFFICIENT \"\"Hgq\"\" \"34\" \"InputForm[CutIntegral[\"R10\", {1, 1, 1, 1}]]\n"
"From remote kernel:"
"\"DENOMINATOR_SUPPORT \"{34, CutIntegral[\"R10\", {1, 1, 1, 1}]}\" \"InputForm[<|\"TermCount\" -> 4, \"FactorCount\" -> 8, \"FactorPowers\" -> <|-3 + D -> 1, -1 + D -> 1, s -> 1, Q^2 + s -> 3, s23 -> 1, SUNN -> 1, t -> 1, Q^2*s23 + s*t -> 2|>, \"InputBytes\" -> 333704, \"CommonDenominatorBytes\" -> 760|>]\n"
"From remote kernel:"
"\"STREAMED_NUMERATOR \"{34, CutIntegral[\"R10\", {1, 1, 1, 1}]}\" row \"4\"/\"4\" numerator_bytes \"377360\" kernel_memory \"2902739144\n"
"From remote kernel:"
"\"DENOMINATOR_NUMERATOR \"{34, CutIntegral[\"R10\", {1, 1, 1, 1}]}\" bytes \"377360\" seconds \"0.01571\n"
"From remote kernel:"
"\"KNOWN_FACTOR_DIVISION \"{34, CutIntegral[\"R10\", {1, 1, 1, 1}]}\" factor \"InputForm[-3 + D]\" variable \"D\" seconds \"0.007539\" input_bytes \"377360\" quotient_bytes \"272376\" divides \"False\n"
"From remote kernel:"
"\"KNOWN_FACTOR_DIVISION \"{34, CutIntegral[\"R10\", {1, 1, 1, 1}]}\" factor \"InputForm[-1 + D]\" variable \"D\" seconds \"0.004452\" input_bytes \"377360\" quotient_bytes \"270552\" divides \"False\n"
"From remote kernel:"
"\"KNOWN_FACTOR_DIVISION \"{34, CutIntegral[\"R10\", {1, 1, 1, 1}]}\" factor \"InputForm[s]\" variable \"s\" seconds \"0.004059\" input_bytes \"377360\" quotient_bytes \"306368\" divides \"False\n"
"From remote kernel:"
"\"KNOWN_FACTOR_DIVISION \"{34, CutIntegral[\"R10\", {1, 1, 1, 1}]}\" factor \"InputForm[Q^2 + s]\" variable \"s\" seconds \"0.006449\" input_bytes \"377360\" quotient_bytes \"261840\" divides \"False\n"
"From remote kernel:"
"\"KNOWN_FACTOR_DIVISION \"{34, CutIntegral[\"R10\", {1, 1, 1, 1}]}\" factor \"InputForm[s23]\" variable \"s23\" seconds \"0.004219\" input_bytes \"377360\" quotient_bytes \"303592\" divides \"False\n"
"From remote kernel:"
"\"KNOWN_FACTOR_DIVISION \"{34, CutIntegral[\"R10\", {1, 1, 1, 1}]}\" factor \"InputForm[SUNN]\" variable \"SUNN\" seconds \"0.008813\" input_bytes \"377360\" quotient_bytes \"152232\" divides \"False\n"
"From remote kernel:"
"\"KNOWN_FACTOR_DIVISION \"{34, CutIntegral[\"R10\", {1, 1, 1, 1}]}\" factor \"InputForm[t]\" variable \"t\" seconds \"0.004238\" input_bytes \"377360\" quotient_bytes \"271456\" divides \"False\n"
"From remote kernel:"
"\"RETAINED_DENOMINATOR_FACTOR \"{34, CutIntegral[\"R10\", {1, 1, 1, 1}]}\" \"InputForm[Q^2*s23 + s*t]\n"
"From remote kernel:"
"\"PASS: \"\"complete linear reduced coefficient reconstruction\"\n"
"From remote kernel:"
"\"PASS: \"\"reduced coefficients are scalar rational expressions\"\n"
"From remote kernel:"
"\"REAL_MAP_ACCEPTED \"\"Hgq\"\" \"34\n"
"From remote kernel:"
"\"REAL_MAP \"\"Hgq\"\" \"35\"/\"37\" \"<|\"Sector\" -> \"Real\", \"Kind\" -> \"ExtendedResponse\", \"Index\" -> {9, 4, 2}|>\" kernel \"1\n"
"From remote kernel:"
"\"PASS: \"\"raw component retains executed reconstruction\"\n"
"From remote kernel:"
"\"PASS: \"\"known rules end in saved masters\"\n"
"From remote kernel:"
"\"PASS: \"\"exact individual reduction-rule reconstruction\"\n"
"From remote kernel:"
"\"REAL_MASTER_COEFFICIENT \"\"Hgq\"\" \"35\" \"InputForm[CutIntegral[\"R01\", {1, 1, 0, 0}]]\n"
"From remote kernel:"
"\"PASS: \"\"exact individual denominator factorization\"\n"
"From remote kernel:"
"\"PASS: \"\"unique positive denominator factor powers\"\n"
"From remote kernel:"
"\"DENOMINATOR_SUPPORT \"{35, CutIntegral[\"R01\", {1, 1, 0, 0}]}\" \"InputForm[<|\"TermCount\" -> 189, \"FactorCount\" -> 19, \"FactorPowers\" -> <|-8 + D -> 1, -6 + D -> 1, -4 + D -> 1, -3 + D -> 1, -2 + D -> 1, -1 + D -> 2, D -> 1, Q -> 2, Q^2 + s -> 5, s - s23 -> 4, s23 -> 1, SUNN -> 1, s23 - t -> 4, -Q^2 - s + s23 - t -> 4, t -> 2, -s23 + t -> 4, Q^2 + s - s23 + t -> 5, Q^2*s23 + s*t -> 2, s^2 + 4*Q^2*s23 + 2*s*t + t^2 -> 4|>, \"InputBytes\" -> 60503320, \"CommonDenominatorBytes\" -> 3192|>]\n"
"From remote kernel:"
"\"PASS: \"\"exact common-denominator embedding\"\n"
"From remote kernel:"
"\"PASS: \"\"exact streamed numerator addition\"\n"
"From remote kernel:"
"\"STREAMED_NUMERATOR \"{35, CutIntegral[\"R01\", {1, 1, 0, 0}]}\" row \"16\"/\"189\" numerator_bytes \"70132512\" kernel_memory \"3063598536\n"
"From remote kernel:"
"\"STREAMED_NUMERATOR \"{28, CutIntegral[\"R01\", {1, 1, 0, 0}]}\" row \"240\"/\"320\" numerator_bytes \"222205976\" kernel_memory \"3113999240\n"
"From remote kernel:"
"\"STREAMED_NUMERATOR \"{35, CutIntegral[\"R01\", {1, 1, 0, 0}]}\" row \"32\"/\"189\" numerator_bytes \"64462744\" kernel_memory \"2982287952\n"
"From remote kernel:"
"\"STREAMED_NUMERATOR \"{35, CutIntegral[\"R01\", {1, 1, 0, 0}]}\" row \"48\"/\"189\" numerator_bytes \"69730592\" kernel_memory \"2986451184\n"
"From remote kernel:"
"\"STREAMED_NUMERATOR \"{35, CutIntegral[\"R01\", {1, 1, 0, 0}]}\" row \"64\"/\"189\" numerator_bytes \"72004832\" kernel_memory \"2995177752\n"
"From remote kernel:"
"\"STREAMED_NUMERATOR \"{28, CutIntegral[\"R01\", {1, 1, 0, 0}]}\" row \"256\"/\"320\" numerator_bytes \"224582216\" kernel_memory \"3119177248\n"
"From remote kernel:"
"\"STREAMED_NUMERATOR \"{35, CutIntegral[\"R01\", {1, 1, 0, 0}]}\" row \"80\"/\"189\" numerator_bytes \"76433736\" kernel_memory \"2990682632\n"
"From remote kernel:"
"\"STREAMED_NUMERATOR \"{35, CutIntegral[\"R01\", {1, 1, 0, 0}]}\" row \"96\"/\"189\" numerator_bytes \"79837288\" kernel_memory \"2993181912\n"
"From remote kernel:"
"\"STREAMED_NUMERATOR \"{35, CutIntegral[\"R01\", {1, 1, 0, 0}]}\" row \"112\"/\"189\" numerator_bytes \"81664200\" kernel_memory \"2998276656\n"
"From remote kernel:"
"\"STREAMED_NUMERATOR \"{28, CutIntegral[\"R01\", {1, 1, 0, 0}]}\" row \"272\"/\"320\" numerator_bytes \"224013072\" kernel_memory \"3120860328\n"
"From remote kernel:"
"\"STREAMED_NUMERATOR \"{35, CutIntegral[\"R01\", {1, 1, 0, 0}]}\" row \"128\"/\"189\" numerator_bytes \"77722712\" kernel_memory \"2991657640\n"
"From remote kernel:"
"\"STREAMED_NUMERATOR \"{35, CutIntegral[\"R01\", {1, 1, 0, 0}]}\" row \"144\"/\"189\" numerator_bytes \"79815984\" kernel_memory \"3004854456\n"
"From remote kernel:"
"\"STREAMED_NUMERATOR \"{35, CutIntegral[\"R01\", {1, 1, 0, 0}]}\" row \"160\"/\"189\" numerator_bytes \"87455280\" kernel_memory \"2997437216\n"
"From remote kernel:"
"\"STREAMED_NUMERATOR \"{35, CutIntegral[\"R01\", {1, 1, 0, 0}]}\" row \"176\"/\"189\" numerator_bytes \"84995832\" kernel_memory \"2995152440\n"
"From remote kernel:"
"\"STREAMED_NUMERATOR \"{28, CutIntegral[\"R01\", {1, 1, 0, 0}]}\" row \"288\"/\"320\" numerator_bytes \"221621392\" kernel_memory \"3116015192\n"
"From remote kernel:"
"\"STREAMED_NUMERATOR \"{35, CutIntegral[\"R01\", {1, 1, 0, 0}]}\" row \"189\"/\"189\" numerator_bytes \"82118680\" kernel_memory \"2996747352\n"
"From remote kernel:"
"\"PASS: \"\"exact complete numerator assembly\"\n"
"From remote kernel:"
"\"DENOMINATOR_NUMERATOR \"{35, CutIntegral[\"R01\", {1, 1, 0, 0}]}\" bytes \"82118680\" seconds \"466.113695\n"
"From remote kernel:"
"\"PASS: \"\"matched measured denominator inventory\"\n"
"From remote kernel:"
"\"PASS: \"\"exact known-factor quotient and remainder\"\n"
"From remote kernel:"
"\"KNOWN_FACTOR_DIVISION \"{35, CutIntegral[\"R01\", {1, 1, 0, 0}]}\" factor \"InputForm[-8 + D]\" variable \"D\" seconds \"2.300649\" input_bytes \"82118680\" quotient_bytes \"63776712\" divides \"True\n"
"From remote kernel:"
"\"KNOWN_FACTOR_DIVISION \"{35, CutIntegral[\"R01\", {1, 1, 0, 0}]}\" factor \"InputForm[-6 + D]\" variable \"D\" seconds \"1.367672\" input_bytes \"63776712\" quotient_bytes \"57328136\" divides \"True\n"
"From remote kernel:"
"\"KNOWN_FACTOR_DIVISION \"{35, CutIntegral[\"R01\", {1, 1, 0, 0}]}\" factor \"InputForm[-4 + D]\" variable \"D\" seconds \"1.281374\" input_bytes \"57328136\" quotient_bytes \"56807336\" divides \"False\n"
"From remote kernel:"
"\"KNOWN_FACTOR_DIVISION \"{35, CutIntegral[\"R01\", {1, 1, 0, 0}]}\" factor \"InputForm[-3 + D]\" variable \"D\" seconds \"1.12486\" input_bytes \"57328136\" quotient_bytes \"50533272\" divides \"True\n"
"From remote kernel:"
"\"KNOWN_FACTOR_DIVISION \"{35, CutIntegral[\"R01\", {1, 1, 0, 0}]}\" factor \"InputForm[-2 + D]\" variable \"D\" seconds \"1.204738\" input_bytes \"50533272\" quotient_bytes \"46965600\" divides \"False\n"
"From remote kernel:"
"\"KNOWN_FACTOR_DIVISION \"{35, CutIntegral[\"R01\", {1, 1, 0, 0}]}\" factor \"InputForm[-1 + D]\" variable \"D\" seconds \"1.01584\" input_bytes \"50533272\" quotient_bytes \"44002136\" divides \"True\n"
"From remote kernel:"
"\"KNOWN_FACTOR_DIVISION \"{35, CutIntegral[\"R01\", {1, 1, 0, 0}]}\" factor \"InputForm[-1 + D]\" variable \"D\" seconds \"0.941185\" input_bytes \"44002136\" quotient_bytes \"44278904\" divides \"False\n"
"From remote kernel:"
"\"KNOWN_FACTOR_DIVISION \"{35, CutIntegral[\"R01\", {1, 1, 0, 0}]}\" factor \"InputForm[D]\" variable \"D\" seconds \"1.071052\" input_bytes \"44002136\" quotient_bytes \"44001960\" divides \"True\n"
"From remote kernel:"
"\"KNOWN_FACTOR_DIVISION \"{35, CutIntegral[\"R01\", {1, 1, 0, 0}]}\" factor \"InputForm[Q]\" variable \"Q\" seconds \"0.857583\" input_bytes \"44001960\" quotient_bytes \"41722984\" divides \"True\n"
"From remote kernel:"
"\"KNOWN_FACTOR_DIVISION \"{35, CutIntegral[\"R01\", {1, 1, 0, 0}]}\" factor \"InputForm[Q]\" variable \"Q\" seconds \"0.244812\" input_bytes \"41722984\" quotient_bytes \"41722712\" divides \"True\n"
"From remote kernel:"
"\"KNOWN_FACTOR_DIVISION \"{35, CutIntegral[\"R01\", {1, 1, 0, 0}]}\" factor \"InputForm[Q^2 + s]\" variable \"s\" seconds \"1.04414\" input_bytes \"41722712\" quotient_bytes \"38807776\" divides \"True\n"
"From remote kernel:"
"\"KNOWN_FACTOR_DIVISION \"{35, CutIntegral[\"R01\", {1, 1, 0, 0}]}\" factor \"InputForm[Q^2 + s]\" variable \"s\" seconds \"0.458381\" input_bytes \"38807776\" quotient_bytes \"35955528\" divides \"True\n"
"From remote kernel:"
"\"KNOWN_FACTOR_DIVISION \"{35, CutIntegral[\"R01\", {1, 1, 0, 0}]}\" factor \"InputForm[Q^2 + s]\" variable \"s\" seconds \"0.515391\" input_bytes \"35955528\" quotient_bytes \"32927832\" divides \"True\n"
"From remote kernel:"
"\"KNOWN_FACTOR_DIVISION \"{35, CutIntegral[\"R01\", {1, 1, 0, 0}]}\" factor \"InputForm[Q^2 + s]\" variable \"s\" seconds \"0.475722\" input_bytes \"32927832\" quotient_bytes \"30719488\" divides \"False\n"
"From remote kernel:"
"\"KNOWN_FACTOR_DIVISION \"{35, CutIntegral[\"R01\", {1, 1, 0, 0}]}\" factor \"InputForm[s - s23]\" variable \"s\" seconds \"0.481898\" input_bytes \"32927832\" quotient_bytes \"30655680\" divides \"True\n"
"From remote kernel:"
"\"KNOWN_FACTOR_DIVISION \"{35, CutIntegral[\"R01\", {1, 1, 0, 0}]}\" factor \"InputForm[s - s23]\" variable \"s\" seconds \"0.431241\" input_bytes \"30655680\" quotient_bytes \"28401384\" divides \"True\n"
"From remote kernel:"
"\"KNOWN_FACTOR_DIVISION \"{35, CutIntegral[\"R01\", {1, 1, 0, 0}]}\" factor \"InputForm[s - s23]\" variable \"s\" seconds \"0.439543\" input_bytes \"28401384\" quotient_bytes \"26037704\" divides \"True\n"
"From remote kernel:"
"\"KNOWN_FACTOR_DIVISION \"{35, CutIntegral[\"R01\", {1, 1, 0, 0}]}\" factor \"InputForm[s - s23]\" variable \"s\" seconds \"0.338538\" input_bytes \"26037704\" quotient_bytes \"23687272\" divides \"True\n"
"From remote kernel:"
"\"KNOWN_FACTOR_DIVISION \"{35, CutIntegral[\"R01\", {1, 1, 0, 0}]}\" factor \"InputForm[s23]\" variable \"s23\" seconds \"0.434943\" input_bytes \"23687272\" quotient_bytes \"22628616\" divides \"False\n"
"From remote kernel:"
"\"KNOWN_FACTOR_DIVISION \"{35, CutIntegral[\"R01\", {1, 1, 0, 0}]}\" factor \"InputForm[SUNN]\" variable \"SUNN\" seconds \"1.649152\" input_bytes \"23687272\" quotient_bytes \"12709952\" divides \"False\n"
"From remote kernel:"
"\"KNOWN_FACTOR_DIVISION \"{35, CutIntegral[\"R01\", {1, 1, 0, 0}]}\" factor \"InputForm[s23 - t]\" variable \"s23\" seconds \"0.455638\" input_bytes \"23687272\" quotient_bytes \"22157880\" divides \"True\n"
"From remote kernel:"
"\"KNOWN_FACTOR_DIVISION \"{35, CutIntegral[\"R01\", {1, 1, 0, 0}]}\" factor \"InputForm[s23 - t]\" variable \"s23\" seconds \"0.2302\" input_bytes \"22157880\" quotient_bytes \"20711960\" divides \"True\n"
"From remote kernel:"
"\"KNOWN_FACTOR_DIVISION \"{35, CutIntegral[\"R01\", {1, 1, 0, 0}]}\" factor \"InputForm[s23 - t]\" variable \"s23\" seconds \"0.223964\" input_bytes \"20711960\" quotient_bytes \"19262344\" divides \"True\n"
"From remote kernel:"
"\"KNOWN_FACTOR_DIVISION \"{35, CutIntegral[\"R01\", {1, 1, 0, 0}]}\" factor \"InputForm[s23 - t]\" variable \"s23\" seconds \"0.204729\" input_bytes \"19262344\" quotient_bytes \"17773824\" divides \"True\n"
"From remote kernel:"
"\"KNOWN_FACTOR_DIVISION \"{35, CutIntegral[\"R01\", {1, 1, 0, 0}]}\" factor \"InputForm[-Q^2 - s + s23 - t]\" variable \"s\" seconds \"0.420932\" input_bytes \"17773824\" quotient_bytes \"15741688\" divides \"True\n"
"From remote kernel:"
"\"KNOWN_FACTOR_DIVISION \"{35, CutIntegral[\"R01\", {1, 1, 0, 0}]}\" factor \"InputForm[-Q^2 - s + s23 - t]\" variable \"s\" seconds \"0.159894\" input_bytes \"15741688\" quotient_bytes \"13679960\" divides \"True\n"
"From remote kernel:"
"\"KNOWN_FACTOR_DIVISION \"{35, CutIntegral[\"R01\", {1, 1, 0, 0}]}\" factor \"InputForm[-Q^2 - s + s23 - t]\" variable \"s\" seconds \"0.16304\" input_bytes \"13679960\" quotient_bytes \"11708256\" divides \"True\n"
"From remote kernel:"
"\"KNOWN_FACTOR_DIVISION \"{35, CutIntegral[\"R01\", {1, 1, 0, 0}]}\" factor \"InputForm[-Q^2 - s + s23 - t]\" variable \"s\" seconds \"0.139146\" input_bytes \"11708256\" quotient_bytes \"9928640\" divides \"True\n"
"From remote kernel:"
"\"KNOWN_FACTOR_DIVISION \"{35, CutIntegral[\"R01\", {1, 1, 0, 0}]}\" factor \"InputForm[t]\" variable \"t\" seconds \"0.173051\" input_bytes \"9928640\" quotient_bytes \"9709072\" divides \"True\n"
"From remote kernel:"
"\"KNOWN_FACTOR_DIVISION \"{35, CutIntegral[\"R01\", {1, 1, 0, 0}]}\" factor \"InputForm[t]\" variable \"t\" seconds \"0.045507\" input_bytes \"9709072\" quotient_bytes \"9198840\" divides \"False\n"
"From remote kernel:"
"\"KNOWN_FACTOR_DIVISION \"{35, CutIntegral[\"R01\", {1, 1, 0, 0}]}\" factor \"InputForm[-s23 + t]\" variable \"s23\" seconds \"0.226929\" input_bytes \"9709072\" quotient_bytes \"8818712\" divides \"True\n"
"From remote kernel:"
"\"KNOWN_FACTOR_DIVISION \"{35, CutIntegral[\"R01\", {1, 1, 0, 0}]}\" factor \"InputForm[-s23 + t]\" variable \"s23\" seconds \"0.083567\" input_bytes \"8818712\" quotient_bytes \"8167032\" divides \"False\n"
"From remote kernel:"
"\"KNOWN_FACTOR_DIVISION \"{35, CutIntegral[\"R01\", {1, 1, 0, 0}]}\" factor \"InputForm[Q^2 + s - s23 + t]\" variable \"s\" seconds \"0.193506\" input_bytes \"8818712\" quotient_bytes \"7368368\" divides \"True\n"
"From remote kernel:"
"\"KNOWN_FACTOR_DIVISION \"{35, CutIntegral[\"R01\", {1, 1, 0, 0}]}\" factor \"InputForm[Q^2 + s - s23 + t]\" variable \"s\" seconds \"0.082363\" input_bytes \"7368368\" quotient_bytes \"5997656\" divides \"True\n"
"From remote kernel:"
"\"KNOWN_FACTOR_DIVISION \"{35, CutIntegral[\"R01\", {1, 1, 0, 0}]}\" factor \"InputForm[Q^2 + s - s23 + t]\" variable \"s\" seconds \"0.069915\" input_bytes \"5997656\" quotient_bytes \"4756072\" divides \"True\n"
"From remote kernel:"
"\"KNOWN_FACTOR_DIVISION \"{35, CutIntegral[\"R01\", {1, 1, 0, 0}]}\" factor \"InputForm[Q^2 + s - s23 + t]\" variable \"s\" seconds \"0.061993\" input_bytes \"4756072\" quotient_bytes \"5073560\" divides \"False\n"
"From remote kernel:"
"\"RETAINED_DENOMINATOR_FACTOR \"{35, CutIntegral[\"R01\", {1, 1, 0, 0}]}\" \"InputForm[Q^2*s23 + s*t]\n"
"From remote kernel:"
"\"KNOWN_FACTOR_DIVISION \"{35, CutIntegral[\"R01\", {1, 1, 0, 0}]}\" factor \"InputForm[s^2 + 4*Q^2*s23 + 2*s*t + t^2]\" variable \"s\" seconds \"0.063541\" input_bytes \"4756072\" quotient_bytes \"3640776\" divides \"True\n"
"From remote kernel:"
"\"KNOWN_FACTOR_DIVISION \"{35, CutIntegral[\"R01\", {1, 1, 0, 0}]}\" factor \"InputForm[s^2 + 4*Q^2*s23 + 2*s*t + t^2]\" variable \"s\" seconds \"0.040269\" input_bytes \"3640776\" quotient_bytes \"2642856\" divides \"True\n"
"From remote kernel:"
"\"KNOWN_FACTOR_DIVISION \"{35, CutIntegral[\"R01\", {1, 1, 0, 0}]}\" factor \"InputForm[s^2 + 4*Q^2*s23 + 2*s*t + t^2]\" variable \"s\" seconds \"0.033247\" input_bytes \"2642856\" quotient_bytes \"1791584\" divides \"True\n"
"From remote kernel:"
"\"KNOWN_FACTOR_DIVISION \"{35, CutIntegral[\"R01\", {1, 1, 0, 0}]}\" factor \"InputForm[s^2 + 4*Q^2*s23 + 2*s*t + t^2]\" variable \"s\" seconds \"0.02739\" input_bytes \"1791584\" quotient_bytes \"1189928\" divides \"False\n"
"From remote kernel:"
"\"PASS: \"\"exact final numerator factorization\"\n"
"From remote kernel:"
"\"PASS: \"\"exact final denominator reconstruction\"\n"
"From remote kernel:"
"\"PASS: \"\"compressed scalar map below file bound\"\n"
"From remote kernel:"
"\"PASS: \"\"compressed scalar map exact round trip\"\n"
"From remote kernel:"
"\"PASS: \"\"master coefficient retains exact reconstruction\"\n"
"From remote kernel:"
"\"REAL_MASTER_COEFFICIENT \"\"Hgq\"\" \"35\" \"InputForm[CutIntegral[\"R01\", {1, 1, 1, 1}]]\n"
"From remote kernel:"
"\"DENOMINATOR_SUPPORT \"{35, CutIntegral[\"R01\", {1, 1, 1, 1}]}\" \"InputForm[<|\"TermCount\" -> 1, \"FactorCount\" -> 6, \"FactorPowers\" -> <|-3 + D -> 1, -1 + D -> 1, Q^2 + s -> 1, s23 - t -> 1, t -> 1, Q^2*s23 + s*t -> 2|>, \"InputBytes\" -> 65288, \"CommonDenominatorBytes\" -> 800|>]\n"
"From remote kernel:"
"\"STREAMED_NUMERATOR \"{35, CutIntegral[\"R01\", {1, 1, 1, 1}]}\" row \"1\"/\"1\" numerator_bytes \"63984\" kernel_memory \"2898539072\n"
"From remote kernel:"
"\"DENOMINATOR_NUMERATOR \"{35, CutIntegral[\"R01\", {1, 1, 1, 1}]}\" bytes \"63984\" seconds \"0.00442\n"
"From remote kernel:"
"\"KNOWN_FACTOR_DIVISION \"{35, CutIntegral[\"R01\", {1, 1, 1, 1}]}\" factor \"InputForm[-3 + D]\" variable \"D\" seconds \"0.001187\" input_bytes \"63984\" quotient_bytes \"41720\" divides \"False\n"
"From remote kernel:"
"\"KNOWN_FACTOR_DIVISION \"{35, CutIntegral[\"R01\", {1, 1, 1, 1}]}\" factor \"InputForm[-1 + D]\" variable \"D\" seconds \"0.000535\" input_bytes \"63984\" quotient_bytes \"42000\" divides \"False\n"
"From remote kernel:"
"\"KNOWN_FACTOR_DIVISION \"{35, CutIntegral[\"R01\", {1, 1, 1, 1}]}\" factor \"InputForm[Q^2 + s]\" variable \"s\" seconds \"0.000997\" input_bytes \"63984\" quotient_bytes \"45720\" divides \"False\n"
"From remote kernel:"
"\"KNOWN_FACTOR_DIVISION \"{35, CutIntegral[\"R01\", {1, 1, 1, 1}]}\" factor \"InputForm[s23 - t]\" variable \"s23\" seconds \"0.001164\" input_bytes \"63984\" quotient_bytes \"73768\" divides \"False\n"
"From remote kernel:"
"\"KNOWN_FACTOR_DIVISION \"{35, CutIntegral[\"R01\", {1, 1, 1, 1}]}\" factor \"InputForm[t]\" variable \"t\" seconds \"0.000682\" input_bytes \"63984\" quotient_bytes \"44096\" divides \"False\n"
"From remote kernel:"
"\"RETAINED_DENOMINATOR_FACTOR \"{35, CutIntegral[\"R01\", {1, 1, 1, 1}]}\" \"InputForm[Q^2*s23 + s*t]\n"
"From remote kernel:"
"\"REAL_MASTER_COEFFICIENT \"\"Hgq\"\" \"35\" \"InputForm[CutIntegral[\"R02\", {1, 1, 1, 1}]]\n"
"From remote kernel:"
"\"DENOMINATOR_SUPPORT \"{35, CutIntegral[\"R02\", {1, 1, 1, 1}]}\" \"InputForm[<|\"TermCount\" -> 4, \"FactorCount\" -> 8, \"FactorPowers\" -> <|-3 + D -> 1, -1 + D -> 1, Q^2 + s -> 3, s23 -> 1, SUNN -> 1, s23 - t -> 1, t -> 1, Q^2 + s - s23 + t -> 2|>, \"InputBytes\" -> 298648, \"CommonDenominatorBytes\" -> 864|>]\n"
"From remote kernel:"
"\"STREAMED_NUMERATOR \"{35, CutIntegral[\"R02\", {1, 1, 1, 1}]}\" row \"4\"/\"4\" numerator_bytes \"403240\" kernel_memory \"2899182240\n"
"From remote kernel:"
"\"DENOMINATOR_NUMERATOR \"{35, CutIntegral[\"R02\", {1, 1, 1, 1}]}\" bytes \"403240\" seconds \"0.012332\n"
"From remote kernel:"
"\"KNOWN_FACTOR_DIVISION \"{35, CutIntegral[\"R02\", {1, 1, 1, 1}]}\" factor \"InputForm[-3 + D]\" variable \"D\" seconds \"0.005664\" input_bytes \"403240\" quotient_bytes \"291888\" divides \"False\n"
"From remote kernel:"
"\"KNOWN_FACTOR_DIVISION \"{35, CutIntegral[\"R02\", {1, 1, 1, 1}]}\" factor \"InputForm[-1 + D]\" variable \"D\" seconds \"0.003224\" input_bytes \"403240\" quotient_bytes \"291312\" divides \"False\n"
"From remote kernel:"
"\"KNOWN_FACTOR_DIVISION \"{35, CutIntegral[\"R02\", {1, 1, 1, 1}]}\" factor \"InputForm[Q^2 + s]\" variable \"s\" seconds \"0.004558\" input_bytes \"403240\" quotient_bytes \"274320\" divides \"False\n"
"From remote kernel:"
"\"KNOWN_FACTOR_DIVISION \"{35, CutIntegral[\"R02\", {1, 1, 1, 1}]}\" factor \"InputForm[s23]\" variable \"s23\" seconds \"0.003199\" input_bytes \"403240\" quotient_bytes \"330096\" divides \"False\n"
"From remote kernel:"
"\"KNOWN_FACTOR_DIVISION \"{35, CutIntegral[\"R02\", {1, 1, 1, 1}]}\" factor \"InputForm[SUNN]\" variable \"SUNN\" seconds \"0.006547\" input_bytes \"403240\" quotient_bytes \"174784\" divides \"False\n"
"From remote kernel:"
"\"KNOWN_FACTOR_DIVISION \"{35, CutIntegral[\"R02\", {1, 1, 1, 1}]}\" factor \"InputForm[s23 - t]\" variable \"s23\" seconds \"0.004402\" input_bytes \"403240\" quotient_bytes \"281184\" divides \"False\n"
"From remote kernel:"
"\"KNOWN_FACTOR_DIVISION \"{35, CutIntegral[\"R02\", {1, 1, 1, 1}]}\" factor \"InputForm[t]\" variable \"t\" seconds \"0.003146\" input_bytes \"403240\" quotient_bytes \"294312\" divides \"False\n"
"From remote kernel:"
"\"KNOWN_FACTOR_DIVISION \"{35, CutIntegral[\"R02\", {1, 1, 1, 1}]}\" factor \"InputForm[Q^2 + s - s23 + t]\" variable \"s\" seconds \"0.005591\" input_bytes \"403240\" quotient_bytes \"323928\" divides \"False\n"
"From remote kernel:"
"\"REAL_MASTER_COEFFICIENT \"\"Hgq\"\" \"35\" \"InputForm[CutIntegral[\"R03\", {1, 1, 0, 1}]]\n"
"From remote kernel:"
"\"DENOMINATOR_SUPPORT \"{35, CutIntegral[\"R03\", {1, 1, 0, 1}]}\" \"InputForm[<|\"TermCount\" -> 31, \"FactorCount\" -> 13, \"FactorPowers\" -> <|-3 + D -> 1, -2 + D -> 1, -1 + D -> 1, D -> 1, Q -> 2, Q^2 + s -> 5, s23 -> 1, SUNN -> 1, s23 - t -> 2, t -> 1, Q^2 + s - s23 + t -> 2, Q^2*s23 + s*t -> 2, s^2 + 4*Q^2*s23 + 2*s*t + t^2 -> 4|>, \"InputBytes\" -> 10380576, \"CommonDenominatorBytes\" -> 1952|>]\n"
"From remote kernel:"
"\"STREAMED_NUMERATOR \"{35, CutIntegral[\"R03\", {1, 1, 0, 1}]}\" row \"16\"/\"31\" numerator_bytes \"6750360\" kernel_memory \"2927358696\n"
"From remote kernel:"
"\"STREAMED_NUMERATOR \"{35, CutIntegral[\"R03\", {1, 1, 0, 1}]}\" row \"31\"/\"31\" numerator_bytes \"8144648\" kernel_memory \"2912227272\n"
"From remote kernel:"
"\"DENOMINATOR_NUMERATOR \"{35, CutIntegral[\"R03\", {1, 1, 0, 1}]}\" bytes \"8144648\" seconds \"4.233437\n"
"From remote kernel:"
"\"KNOWN_FACTOR_DIVISION \"{35, CutIntegral[\"R03\", {1, 1, 0, 1}]}\" factor \"InputForm[-3 + D]\" variable \"D\" seconds \"0.233153\" input_bytes \"8144648\" quotient_bytes \"7093184\" divides \"False\n"
"From remote kernel:"
"\"KNOWN_FACTOR_DIVISION \"{35, CutIntegral[\"R03\", {1, 1, 0, 1}]}\" factor \"InputForm[-2 + D]\" variable \"D\" seconds \"0.147164\" input_bytes \"8144648\" quotient_bytes \"5945696\" divides \"True\n"
"From remote kernel:"
"\"KNOWN_FACTOR_DIVISION \"{35, CutIntegral[\"R03\", {1, 1, 0, 1}]}\" factor \"InputForm[-1 + D]\" variable \"D\" seconds \"0.034469\" input_bytes \"5945696\" quotient_bytes \"5846280\" divides \"False\n"
"From remote kernel:"
"\"KNOWN_FACTOR_DIVISION \"{35, CutIntegral[\"R03\", {1, 1, 0, 1}]}\" factor \"InputForm[D]\" variable \"D\" seconds \"0.013958\" input_bytes \"5945696\" quotient_bytes \"5945480\" divides \"True\n"
"From remote kernel:"
"\"KNOWN_FACTOR_DIVISION \"{35, CutIntegral[\"R03\", {1, 1, 0, 1}]}\" factor \"InputForm[Q]\" variable \"Q\" seconds \"0.079955\" input_bytes \"5945480\" quotient_bytes \"5552520\" divides \"True\n"
"From remote kernel:"
"\"KNOWN_FACTOR_DIVISION \"{35, CutIntegral[\"R03\", {1, 1, 0, 1}]}\" factor \"InputForm[Q]\" variable \"Q\" seconds \"0.016975\" input_bytes \"5552520\" quotient_bytes \"5552560\" divides \"True\n"
"From remote kernel:"
"\"KNOWN_FACTOR_DIVISION \"{35, CutIntegral[\"R03\", {1, 1, 0, 1}]}\" factor \"InputForm[Q^2 + s]\" variable \"s\" seconds \"0.115074\" input_bytes \"5552560\" quotient_bytes \"5011728\" divides \"True\n"
"From remote kernel:"
"\"KNOWN_FACTOR_DIVISION \"{35, CutIntegral[\"R03\", {1, 1, 0, 1}]}\" factor \"InputForm[Q^2 + s]\" variable \"s\" seconds \"0.059083\" input_bytes \"5011728\" quotient_bytes \"4398848\" divides \"True\n"
"From remote kernel:"
"\"KNOWN_FACTOR_DIVISION \"{35, CutIntegral[\"R03\", {1, 1, 0, 1}]}\" factor \"InputForm[Q^2 + s]\" variable \"s\" seconds \"0.047336\" input_bytes \"4398848\" quotient_bytes \"3799144\" divides \"True\n"
"From remote kernel:"
"\"KNOWN_FACTOR_DIVISION \"{35, CutIntegral[\"R03\", {1, 1, 0, 1}]}\" factor \"InputForm[Q^2 + s]\" variable \"s\" seconds \"0.042479\" input_bytes \"3799144\" quotient_bytes \"3578352\" divides \"False\n"
"From remote kernel:"
"\"KNOWN_FACTOR_DIVISION \"{35, CutIntegral[\"R03\", {1, 1, 0, 1}]}\" factor \"InputForm[s23]\" variable \"s23\" seconds \"0.058217\" input_bytes \"3799144\" quotient_bytes \"3557064\" divides \"False\n"
"From remote kernel:"
"\"KNOWN_FACTOR_DIVISION \"{35, CutIntegral[\"R03\", {1, 1, 0, 1}]}\" factor \"InputForm[SUNN]\" variable \"SUNN\" seconds \"0.262664\" input_bytes \"3799144\" quotient_bytes \"2046840\" divides \"False\n"
"From remote kernel:"
"\"KNOWN_FACTOR_DIVISION \"{35, CutIntegral[\"R03\", {1, 1, 0, 1}]}\" factor \"InputForm[s23 - t]\" variable \"s23\" seconds \"0.071848\" input_bytes \"3799144\" quotient_bytes \"3228456\" divides \"True\n"
"From remote kernel:"
"\"KNOWN_FACTOR_DIVISION \"{35, CutIntegral[\"R03\", {1, 1, 0, 1}]}\" factor \"InputForm[s23 - t]\" variable \"s23\" seconds \"0.025979\" input_bytes \"3228456\" quotient_bytes \"2648024\" divides \"True\n"
"From remote kernel:"
"\"KNOWN_FACTOR_DIVISION \"{35, CutIntegral[\"R03\", {1, 1, 0, 1}]}\" factor \"InputForm[t]\" variable \"t\" seconds \"0.028056\" input_bytes \"2648024\" quotient_bytes \"2433960\" divides \"False\n"
"From remote kernel:"
"\"KNOWN_FACTOR_DIVISION \"{35, CutIntegral[\"R03\", {1, 1, 0, 1}]}\" factor \"InputForm[Q^2 + s - s23 + t]\" variable \"s\" seconds \"0.046359\" input_bytes \"2648024\" quotient_bytes \"2356976\" divides \"False\n"
"From remote kernel:"
"\"RETAINED_DENOMINATOR_FACTOR \"{35, CutIntegral[\"R03\", {1, 1, 0, 1}]}\" \"InputForm[Q^2*s23 + s*t]\n"
"From remote kernel:"
"\"KNOWN_FACTOR_DIVISION \"{35, CutIntegral[\"R03\", {1, 1, 0, 1}]}\" factor \"InputForm[s^2 + 4*Q^2*s23 + 2*s*t + t^2]\" variable \"s\" seconds \"0.068745\" input_bytes \"2648024\" quotient_bytes \"1994872\" divides \"True\n"
"From remote kernel:"
"\"KNOWN_FACTOR_DIVISION \"{35, CutIntegral[\"R03\", {1, 1, 0, 1}]}\" factor \"InputForm[s^2 + 4*Q^2*s23 + 2*s*t + t^2]\" variable \"s\" seconds \"0.031813\" input_bytes \"1994872\" quotient_bytes \"1446584\" divides \"True\n"
"From remote kernel:"
"\"KNOWN_FACTOR_DIVISION \"{35, CutIntegral[\"R03\", {1, 1, 0, 1}]}\" factor \"InputForm[s^2 + 4*Q^2*s23 + 2*s*t + t^2]\" variable \"s\" seconds \"0.022856\" input_bytes \"1446584\" quotient_bytes \"976960\" divides \"True\n"
"From remote kernel:"
"\"KNOWN_FACTOR_DIVISION \"{35, CutIntegral[\"R03\", {1, 1, 0, 1}]}\" factor \"InputForm[s^2 + 4*Q^2*s23 + 2*s*t + t^2]\" variable \"s\" seconds \"0.014841\" input_bytes \"976960\" quotient_bytes \"623328\" divides \"False\n"
"From remote kernel:"
"\"REAL_MASTER_COEFFICIENT \"\"Hgq\"\" \"35\" \"InputForm[CutIntegral[\"R03\", {1, 1, 1, 1}]]\n"
"From remote kernel:"
"\"DENOMINATOR_SUPPORT \"{35, CutIntegral[\"R03\", {1, 1, 1, 1}]}\" \"InputForm[<|\"TermCount\" -> 1, \"FactorCount\" -> 8, \"FactorPowers\" -> <|-3 + D -> 1, -1 + D -> 1, Q^2 + s -> 3, SUNN -> 1, s23 - t -> 1, t -> 1, Q^2 + s - s23 + t -> 2, Q^2*s23 + s*t -> 2|>, \"InputBytes\" -> 122624, \"CommonDenominatorBytes\" -> 1176|>]\n"
"From remote kernel:"
"\"STREAMED_NUMERATOR \"{35, CutIntegral[\"R03\", {1, 1, 1, 1}]}\" row \"1\"/\"1\" numerator_bytes \"572784\" kernel_memory \"2900846216\n"
"From remote kernel:"
"\"DENOMINATOR_NUMERATOR \"{35, CutIntegral[\"R03\", {1, 1, 1, 1}]}\" bytes \"572784\" seconds \"0.007209\n"
"From remote kernel:"
"\"KNOWN_FACTOR_DIVISION \"{35, CutIntegral[\"R03\", {1, 1, 1, 1}]}\" factor \"InputForm[-3 + D]\" variable \"D\" seconds \"0.009729\" input_bytes \"572784\" quotient_bytes \"388128\" divides \"False\n"
"From remote kernel:"
"\"KNOWN_FACTOR_DIVISION \"{35, CutIntegral[\"R03\", {1, 1, 1, 1}]}\" factor \"InputForm[-1 + D]\" variable \"D\" seconds \"0.004436\" input_bytes \"572784\" quotient_bytes \"387360\" divides \"False\n"
"From remote kernel:"
"\"KNOWN_FACTOR_DIVISION \"{35, CutIntegral[\"R03\", {1, 1, 1, 1}]}\" factor \"InputForm[Q^2 + s]\" variable \"s\" seconds \"0.00609\" input_bytes \"572784\" quotient_bytes \"419432\" divides \"False\n"
"From remote kernel:"
"\"KNOWN_FACTOR_DIVISION \"{35, CutIntegral[\"R03\", {1, 1, 1, 1}]}\" factor \"InputForm[SUNN]\" variable \"SUNN\" seconds \"0.00933\" input_bytes \"572784\" quotient_bytes \"283880\" divides \"False\n"
"From remote kernel:"
"\"KNOWN_FACTOR_DIVISION \"{35, CutIntegral[\"R03\", {1, 1, 1, 1}]}\" factor \"InputForm[s23 - t]\" variable \"s23\" seconds \"0.005963\" input_bytes \"572784\" quotient_bytes \"412928\" divides \"False\n"
"From remote kernel:"
"\"KNOWN_FACTOR_DIVISION \"{35, CutIntegral[\"R03\", {1, 1, 1, 1}]}\" factor \"InputForm[t]\" variable \"t\" seconds \"0.003641\" input_bytes \"572784\" quotient_bytes \"431096\" divides \"False\n"
"From remote kernel:"
"\"KNOWN_FACTOR_DIVISION \"{35, CutIntegral[\"R03\", {1, 1, 1, 1}]}\" factor \"InputForm[Q^2 + s - s23 + t]\" variable \"s\" seconds \"0.006148\" input_bytes \"572784\" quotient_bytes \"458008\" divides \"False\n"
"From remote kernel:"
"\"RETAINED_DENOMINATOR_FACTOR \"{35, CutIntegral[\"R03\", {1, 1, 1, 1}]}\" \"InputForm[Q^2*s23 + s*t]\n"
"From remote kernel:"
"\"REAL_MASTER_COEFFICIENT \"\"Hgq\"\" \"35\" \"InputForm[CutIntegral[\"R04\", {1, 1, 1, 1}]]\n"
"From remote kernel:"
"\"DENOMINATOR_SUPPORT \"{35, CutIntegral[\"R04\", {1, 1, 1, 1}]}\" \"InputForm[<|\"TermCount\" -> 4, \"FactorCount\" -> 7, \"FactorPowers\" -> <|-3 + D -> 1, -1 + D -> 1, Q^2 + s -> 1, s23 -> 1, s23 - t -> 1, t -> 1, Q^2*s23 + s*t -> 2|>, \"InputBytes\" -> 125672, \"CommonDenominatorBytes\" -> 808|>]\n"
"From remote kernel:"
"\"STREAMED_NUMERATOR \"{35, CutIntegral[\"R04\", {1, 1, 1, 1}]}\" row \"4\"/\"4\" numerator_bytes \"126336\" kernel_memory \"2900572968\n"
"From remote kernel:"
"\"DENOMINATOR_NUMERATOR \"{35, CutIntegral[\"R04\", {1, 1, 1, 1}]}\" bytes \"126336\" seconds \"0.006802\n"
"From remote kernel:"
"\"KNOWN_FACTOR_DIVISION \"{35, CutIntegral[\"R04\", {1, 1, 1, 1}]}\" factor \"InputForm[-3 + D]\" variable \"D\" seconds \"0.002654\" input_bytes \"126336\" quotient_bytes \"89864\" divides \"False\n"
"From remote kernel:"
"\"KNOWN_FACTOR_DIVISION \"{35, CutIntegral[\"R04\", {1, 1, 1, 1}]}\" factor \"InputForm[-1 + D]\" variable \"D\" seconds \"0.001597\" input_bytes \"126336\" quotient_bytes \"89520\" divides \"False\n"
"From remote kernel:"
"\"KNOWN_FACTOR_DIVISION \"{35, CutIntegral[\"R04\", {1, 1, 1, 1}]}\" factor \"InputForm[Q^2 + s]\" variable \"s\" seconds \"0.002323\" input_bytes \"126336\" quotient_bytes \"73568\" divides \"False\n"
"From remote kernel:"
"\"KNOWN_FACTOR_DIVISION \"{35, CutIntegral[\"R04\", {1, 1, 1, 1}]}\" factor \"InputForm[s23]\" variable \"s23\" seconds \"0.001538\" input_bytes \"126336\" quotient_bytes \"96264\" divides \"False\n"
"From remote kernel:"
"\"KNOWN_FACTOR_DIVISION \"{35, CutIntegral[\"R04\", {1, 1, 1, 1}]}\" factor \"InputForm[s23 - t]\" variable \"s23\" seconds \"0.002357\" input_bytes \"126336\" quotient_bytes \"86816\" divides \"False\n"
"From remote kernel:"
"\"KNOWN_FACTOR_DIVISION \"{35, CutIntegral[\"R04\", {1, 1, 1, 1}]}\" factor \"InputForm[t]\" variable \"t\" seconds \"0.001606\" input_bytes \"126336\" quotient_bytes \"99384\" divides \"False\n"
"From remote kernel:"
"\"RETAINED_DENOMINATOR_FACTOR \"{35, CutIntegral[\"R04\", {1, 1, 1, 1}]}\" \"InputForm[Q^2*s23 + s*t]\n"
"From remote kernel:"
"\"REAL_MASTER_COEFFICIENT \"\"Hgq\"\" \"35\" \"InputForm[CutIntegral[\"R10\", {1, 1, 1, 1}]]\n"
"From remote kernel:"
"\"DENOMINATOR_SUPPORT \"{35, CutIntegral[\"R10\", {1, 1, 1, 1}]}\" \"InputForm[<|\"TermCount\" -> 4, \"FactorCount\" -> 7, \"FactorPowers\" -> <|-3 + D -> 1, -1 + D -> 1, Q^2 + s -> 3, s23 -> 1, SUNN -> 1, t -> 1, Q^2*s23 + s*t -> 2|>, \"InputBytes\" -> 244888, \"CommonDenominatorBytes\" -> 752|>]\n"
"From remote kernel:"
"\"STREAMED_NUMERATOR \"{35, CutIntegral[\"R10\", {1, 1, 1, 1}]}\" row \"4\"/\"4\" numerator_bytes \"304368\" kernel_memory \"2900910680\n"
"From remote kernel:"
"\"DENOMINATOR_NUMERATOR \"{35, CutIntegral[\"R10\", {1, 1, 1, 1}]}\" bytes \"304368\" seconds \"0.011543\n"
"From remote kernel:"
"\"KNOWN_FACTOR_DIVISION \"{35, CutIntegral[\"R10\", {1, 1, 1, 1}]}\" factor \"InputForm[-3 + D]\" variable \"D\" seconds \"0.005303\" input_bytes \"304368\" quotient_bytes \"217584\" divides \"False\n"
"From remote kernel:"
"\"KNOWN_FACTOR_DIVISION \"{35, CutIntegral[\"R10\", {1, 1, 1, 1}]}\" factor \"InputForm[-1 + D]\" variable \"D\" seconds \"0.003089\" input_bytes \"304368\" quotient_bytes \"217512\" divides \"False\n"
"From remote kernel:"
"\"KNOWN_FACTOR_DIVISION \"{35, CutIntegral[\"R10\", {1, 1, 1, 1}]}\" factor \"InputForm[Q^2 + s]\" variable \"s\" seconds \"0.00452\" input_bytes \"304368\" quotient_bytes \"211456\" divides \"False\n"
"From remote kernel:"
"\"KNOWN_FACTOR_DIVISION \"{35, CutIntegral[\"R10\", {1, 1, 1, 1}]}\" factor \"InputForm[s23]\" variable \"s23\" seconds \"0.003553\" input_bytes \"304368\" quotient_bytes \"248144\" divides \"False\n"
"From remote kernel:"
"\"KNOWN_FACTOR_DIVISION \"{35, CutIntegral[\"R10\", {1, 1, 1, 1}]}\" factor \"InputForm[SUNN]\" variable \"SUNN\" seconds \"0.005938\" input_bytes \"304368\" quotient_bytes \"125040\" divides \"False\n"
"From remote kernel:"
"\"KNOWN_FACTOR_DIVISION \"{35, CutIntegral[\"R10\", {1, 1, 1, 1}]}\" factor \"InputForm[t]\" variable \"t\" seconds \"0.002852\" input_bytes \"304368\" quotient_bytes \"225864\" divides \"False\n"
"From remote kernel:"
"\"RETAINED_DENOMINATOR_FACTOR \"{35, CutIntegral[\"R10\", {1, 1, 1, 1}]}\" \"InputForm[Q^2*s23 + s*t]\n"
"From remote kernel:"
"\"PASS: \"\"complete linear reduced coefficient reconstruction\"\n"
"From remote kernel:"
"\"PASS: \"\"reduced coefficients are scalar rational expressions\"\n"
"From remote kernel:"
"\"REAL_MAP_ACCEPTED \"\"Hgq\"\" \"35\n"
"From remote kernel:"
"\"REAL_MAP \"\"Hgq\"\" \"36\"/\"37\" \"<|\"Sector\" -> \"Real\", \"Kind\" -> \"ExtendedResponse\", \"Index\" -> {9, 4, 5}|>\" kernel \"1\n"
"From remote kernel:"
"\"PASS: \"\"raw component retains executed reconstruction\"\n"
"From remote kernel:"
"\"PASS: \"\"known rules end in saved masters\"\n"
"From remote kernel:"
"\"PASS: \"\"exact individual reduction-rule reconstruction\"\n"
"From remote kernel:"
"\"REAL_MASTER_COEFFICIENT \"\"Hgq\"\" \"36\" \"InputForm[CutIntegral[\"R01\", {1, 1, 0, 0}]]\n"
"From remote kernel:"
"\"PASS: \"\"exact individual denominator factorization\"\n"
"From remote kernel:"
"\"PASS: \"\"unique positive denominator factor powers\"\n"
"From remote kernel:"
"\"DENOMINATOR_SUPPORT \"{36, CutIntegral[\"R01\", {1, 1, 0, 0}]}\" \"InputForm[<|\"TermCount\" -> 192, \"FactorCount\" -> 20, \"FactorPowers\" -> <|-8 + D -> 1, -6 + D -> 1, -3 + D -> 1, -2 + D -> 1, -1 + D -> 2, D -> 1, Q -> 2, s -> 1, Q^2 + s -> 3, s - s23 -> 3, s23 -> 1, -s + s23 -> 3, SUNN -> 1, s23 - t -> 4, -Q^2 - s + s23 - t -> 4, t -> 3, -s23 + t -> 4, Q^2 + s - s23 + t -> 5, Q^2*s23 + s*t -> 2, s^2 + 4*Q^2*s23 + 2*s*t + t^2 -> 3|>, \"InputBytes\" -> 36341888, \"CommonDenominatorBytes\" -> 3328|>]\n"
"From remote kernel:"
"\"PASS: \"\"exact common-denominator embedding\"\n"
"From remote kernel:"
"\"PASS: \"\"exact streamed numerator addition\"\n"
"From remote kernel:"
"\"STREAMED_NUMERATOR \"{36, CutIntegral[\"R01\", {1, 1, 0, 0}]}\" row \"16\"/\"192\" numerator_bytes \"59689496\" kernel_memory \"3010448320\n"
"From remote kernel:"
"\"STREAMED_NUMERATOR \"{36, CutIntegral[\"R01\", {1, 1, 0, 0}]}\" row \"32\"/\"192\" numerator_bytes \"58776776\" kernel_memory \"2960778008\n"
"From remote kernel:"
"\"STREAMED_NUMERATOR \"{28, CutIntegral[\"R01\", {1, 1, 0, 0}]}\" row \"304\"/\"320\" numerator_bytes \"207211664\" kernel_memory \"3107117304\n"
"From remote kernel:"
"\"STREAMED_NUMERATOR \"{36, CutIntegral[\"R01\", {1, 1, 0, 0}]}\" row \"48\"/\"192\" numerator_bytes \"61426672\" kernel_memory \"2961703928\n"
"From remote kernel:"
"\"STREAMED_NUMERATOR \"{36, CutIntegral[\"R01\", {1, 1, 0, 0}]}\" row \"64\"/\"192\" numerator_bytes \"62737888\" kernel_memory \"2968303040\n"
"From remote kernel:"
"\"STREAMED_NUMERATOR \"{36, CutIntegral[\"R01\", {1, 1, 0, 0}]}\" row \"80\"/\"192\" numerator_bytes \"64773096\" kernel_memory \"2962123192\n"
"From remote kernel:"
"\"STREAMED_NUMERATOR \"{28, CutIntegral[\"R01\", {1, 1, 0, 0}]}\" row \"320\"/\"320\" numerator_bytes \"187886600\" kernel_memory \"3095195880\n"
"From remote kernel:"
"\"PASS: \"\"exact complete numerator assembly\"\n"
"From remote kernel:"
"\"DENOMINATOR_NUMERATOR \"{28, CutIntegral[\"R01\", {1, 1, 0, 0}]}\" bytes \"187886600\" seconds \"2980.21523\n"
"From remote kernel:"
"\"PASS: \"\"matched measured denominator inventory\"\n"
"From remote kernel:"
"\"PASS: \"\"exact known-factor quotient and remainder\"\n"
"From remote kernel:"
"\"KNOWN_FACTOR_DIVISION \"{28, CutIntegral[\"R01\", {1, 1, 0, 0}]}\" factor \"InputForm[-6 + D]\" variable \"D\" seconds \"7.214369\" input_bytes \"187886600\" quotient_bytes \"146748936\" divides \"True\n"
"From remote kernel:"
"\"KNOWN_FACTOR_DIVISION \"{28, CutIntegral[\"R01\", {1, 1, 0, 0}]}\" factor \"InputForm[-4 + D]\" variable \"D\" seconds \"2.530695\" input_bytes \"146748936\" quotient_bytes \"146078840\" divides \"False\n"
"From remote kernel:"
"\"STREAMED_NUMERATOR \"{36, CutIntegral[\"R01\", {1, 1, 0, 0}]}\" row \"96\"/\"192\" numerator_bytes \"67943040\" kernel_memory \"2962309464\n"
"From remote kernel:"
"\"KNOWN_FACTOR_DIVISION \"{28, CutIntegral[\"R01\", {1, 1, 0, 0}]}\" factor \"InputForm[-3 + D]\" variable \"D\" seconds \"2.668331\" input_bytes \"146748936\" quotient_bytes \"133539928\" divides \"True\n"
"From remote kernel:"
"\"KNOWN_FACTOR_DIVISION \"{28, CutIntegral[\"R01\", {1, 1, 0, 0}]}\" factor \"InputForm[-2 + D]\" variable \"D\" seconds \"2.590623\" input_bytes \"133539928\" quotient_bytes \"126683432\" divides \"False\n"
"From remote kernel:"
"\"STREAMED_NUMERATOR \"{36, CutIntegral[\"R01\", {1, 1, 0, 0}]}\" row \"112\"/\"192\" numerator_bytes \"69555560\" kernel_memory \"2967652120\n"
"From remote kernel:"
"\"KNOWN_FACTOR_DIVISION \"{28, CutIntegral[\"R01\", {1, 1, 0, 0}]}\" factor \"InputForm[-1 + D]\" variable \"D\" seconds \"2.079527\" input_bytes \"133539928\" quotient_bytes \"119629352\" divides \"True\n"
"From remote kernel:"
"\"KNOWN_FACTOR_DIVISION \"{28, CutIntegral[\"R01\", {1, 1, 0, 0}]}\" factor \"InputForm[D]\" variable \"D\" seconds \"1.882392\" input_bytes \"119629352\" quotient_bytes \"119629176\" divides \"True\n"
"From remote kernel:"
"\"KNOWN_FACTOR_DIVISION \"{28, CutIntegral[\"R01\", {1, 1, 0, 0}]}\" factor \"InputForm[1 + D]\" variable \"D\" seconds \"1.627951\" input_bytes \"119629176\" quotient_bytes \"105953864\" divides \"True\n"
"From remote kernel:"
"\"KNOWN_FACTOR_DIVISION \"{28, CutIntegral[\"R01\", {1, 1, 0, 0}]}\" factor \"InputForm[2 + D]\" variable \"D\" seconds \"2.092345\" input_bytes \"105953864\" quotient_bytes \"92504512\" divides \"True\n"
"From remote kernel:"
"\"KNOWN_FACTOR_DIVISION \"{28, CutIntegral[\"R01\", {1, 1, 0, 0}]}\" factor \"InputForm[3 + D]\" variable \"D\" seconds \"1.832043\" input_bytes \"92504512\" quotient_bytes \"78738744\" divides \"True\n"
"From remote kernel:"
"\"KNOWN_FACTOR_DIVISION \"{28, CutIntegral[\"R01\", {1, 1, 0, 0}]}\" factor \"InputForm[Q]\" variable \"Q\" seconds \"1.010501\" input_bytes \"78738744\" quotient_bytes \"73957168\" divides \"True\n"
"From remote kernel:"
"\"KNOWN_FACTOR_DIVISION \"{28, CutIntegral[\"R01\", {1, 1, 0, 0}]}\" factor \"InputForm[Q^2 + s]\" variable \"s\" seconds \"1.590048\" input_bytes \"73957168\" quotient_bytes \"69320600\" divides \"True\n"
"From remote kernel:"
"\"KNOWN_FACTOR_DIVISION \"{28, CutIntegral[\"R01\", {1, 1, 0, 0}]}\" factor \"InputForm[Q^2 + s]\" variable \"s\" seconds \"0.594561\" input_bytes \"69320600\" quotient_bytes \"64428176\" divides \"True\n"
"From remote kernel:"
"\"KNOWN_FACTOR_DIVISION \"{28, CutIntegral[\"R01\", {1, 1, 0, 0}]}\" factor \"InputForm[Q^2 + s]\" variable \"s\" seconds \"0.566629\" input_bytes \"64428176\" quotient_bytes \"59655896\" divides \"True\n"
"From remote kernel:"
"\"KNOWN_FACTOR_DIVISION \"{28, CutIntegral[\"R01\", {1, 1, 0, 0}]}\" factor \"InputForm[s - s23]\" variable \"s\" seconds \"0.519247\" input_bytes \"59655896\" quotient_bytes \"56968936\" divides \"True\n"
"From remote kernel:"
"\"KNOWN_FACTOR_DIVISION \"{28, CutIntegral[\"R01\", {1, 1, 0, 0}]}\" factor \"InputForm[s - s23]\" variable \"s\" seconds \"0.504559\" input_bytes \"56968936\" quotient_bytes \"54243640\" divides \"True\n"
"From remote kernel:"
"\"KNOWN_FACTOR_DIVISION \"{28, CutIntegral[\"R01\", {1, 1, 0, 0}]}\" factor \"InputForm[s - s23]\" variable \"s\" seconds \"0.471934\" input_bytes \"54243640\" quotient_bytes \"51706960\" divides \"True\n"
"From remote kernel:"
"\"KNOWN_FACTOR_DIVISION \"{28, CutIntegral[\"R01\", {1, 1, 0, 0}]}\" factor \"InputForm[s - s23]\" variable \"s\" seconds \"0.453095\" input_bytes \"51706960\" quotient_bytes \"49188208\" divides \"True\n"
"From remote kernel:"
"\"KNOWN_FACTOR_DIVISION \"{28, CutIntegral[\"R01\", {1, 1, 0, 0}]}\" factor \"InputForm[s - s23]\" variable \"s\" seconds \"0.422924\" input_bytes \"49188208\" quotient_bytes \"46535752\" divides \"True\n"
"From remote kernel:"
"\"KNOWN_FACTOR_DIVISION \"{28, CutIntegral[\"R01\", {1, 1, 0, 0}]}\" factor \"InputForm[s23]\" variable \"s23\" seconds \"0.642493\" input_bytes \"46535752\" quotient_bytes \"45236056\" divides \"False\n"
"From remote kernel:"
"\"KNOWN_FACTOR_DIVISION \"{28, CutIntegral[\"R01\", {1, 1, 0, 0}]}\" factor \"InputForm[-s + s23]\" variable \"s\" seconds \"0.483652\" input_bytes \"46535752\" quotient_bytes \"43793424\" divides \"True\n"
"From remote kernel:"
"\"KNOWN_FACTOR_DIVISION \"{28, CutIntegral[\"R01\", {1, 1, 0, 0}]}\" factor \"InputForm[-s + s23]\" variable \"s\" seconds \"0.415566\" input_bytes \"43793424\" quotient_bytes \"41084448\" divides \"True\n"
"From remote kernel:"
"\"KNOWN_FACTOR_DIVISION \"{28, CutIntegral[\"R01\", {1, 1, 0, 0}]}\" factor \"InputForm[-s + s23]\" variable \"s\" seconds \"0.39072\" input_bytes \"41084448\" quotient_bytes \"38397256\" divides \"True\n"
"From remote kernel:"
"\"KNOWN_FACTOR_DIVISION \"{28, CutIntegral[\"R01\", {1, 1, 0, 0}]}\" factor \"InputForm[-s + s23]\" variable \"s\" seconds \"0.36877\" input_bytes \"38397256\" quotient_bytes \"35719896\" divides \"True\n"
"From remote kernel:"
"\"KNOWN_FACTOR_DIVISION \"{28, CutIntegral[\"R01\", {1, 1, 0, 0}]}\" factor \"InputForm[-s + s23]\" variable \"s\" seconds \"0.337717\" input_bytes \"35719896\" quotient_bytes \"33015624\" divides \"True\n"
"From remote kernel:"
"\"KNOWN_FACTOR_DIVISION \"{28, CutIntegral[\"R01\", {1, 1, 0, 0}]}\" factor \"InputForm[SUNN]\" variable \"SUNN\" seconds \"1.901234\" input_bytes \"33015624\" quotient_bytes \"17612208\" divides \"False\n"
"From remote kernel:"
"\"STREAMED_NUMERATOR \"{36, CutIntegral[\"R01\", {1, 1, 0, 0}]}\" row \"128\"/\"192\" numerator_bytes \"66031704\" kernel_memory \"2962232976\n"
"From remote kernel:"
"\"KNOWN_FACTOR_DIVISION \"{28, CutIntegral[\"R01\", {1, 1, 0, 0}]}\" factor \"InputForm[s23 - t]\" variable \"s23\" seconds \"0.621472\" input_bytes \"33015624\" quotient_bytes \"30918824\" divides \"True\n"
"From remote kernel:"
"\"KNOWN_FACTOR_DIVISION \"{28, CutIntegral[\"R01\", {1, 1, 0, 0}]}\" factor \"InputForm[s23 - t]\" variable \"s23\" seconds \"0.261617\" input_bytes \"30918824\" quotient_bytes \"29248632\" divides \"True\n"
"From remote kernel:"
"\"KNOWN_FACTOR_DIVISION \"{28, CutIntegral[\"R01\", {1, 1, 0, 0}]}\" factor \"InputForm[s23 - t]\" variable \"s23\" seconds \"0.241296\" input_bytes \"29248632\" quotient_bytes \"27678328\" divides \"True\n"
"From remote kernel:"
"\"KNOWN_FACTOR_DIVISION \"{28, CutIntegral[\"R01\", {1, 1, 0, 0}]}\" factor \"InputForm[s23 - t]\" variable \"s23\" seconds \"0.231293\" input_bytes \"27678328\" quotient_bytes \"26098616\" divides \"True\n"
"From remote kernel:"
"\"KNOWN_FACTOR_DIVISION \"{28, CutIntegral[\"R01\", {1, 1, 0, 0}]}\" factor \"InputForm[s23 - t]\" variable \"s23\" seconds \"0.217409\" input_bytes \"26098616\" quotient_bytes \"24448736\" divides \"True\n"
"From remote kernel:"
"\"KNOWN_FACTOR_DIVISION \"{28, CutIntegral[\"R01\", {1, 1, 0, 0}]}\" factor \"InputForm[-Q^2 - s + s23 - t]\" variable \"s\" seconds \"0.487953\" input_bytes \"24448736\" quotient_bytes \"22013600\" divides \"True\n"
"From remote kernel:"
"\"KNOWN_FACTOR_DIVISION \"{28, CutIntegral[\"R01\", {1, 1, 0, 0}]}\" factor \"InputForm[-Q^2 - s + s23 - t]\" variable \"s\" seconds \"0.209685\" input_bytes \"22013600\" quotient_bytes \"19504024\" divides \"True\n"
"From remote kernel:"
"\"KNOWN_FACTOR_DIVISION \"{28, CutIntegral[\"R01\", {1, 1, 0, 0}]}\" factor \"InputForm[-Q^2 - s + s23 - t]\" variable \"s\" seconds \"0.187971\" input_bytes \"19504024\" quotient_bytes \"17173872\" divides \"True\n"
"From remote kernel:"
"\"KNOWN_FACTOR_DIVISION \"{28, CutIntegral[\"R01\", {1, 1, 0, 0}]}\" factor \"InputForm[-Q^2 - s + s23 - t]\" variable \"s\" seconds \"0.178597\" input_bytes \"17173872\" quotient_bytes \"15100976\" divides \"True\n"
"From remote kernel:"
"\"KNOWN_FACTOR_DIVISION \"{28, CutIntegral[\"R01\", {1, 1, 0, 0}]}\" factor \"InputForm[-Q^2 - s + s23 - t]\" variable \"s\" seconds \"0.165661\" input_bytes \"15100976\" quotient_bytes \"13068232\" divides \"True\n"
"From remote kernel:"
"\"KNOWN_FACTOR_DIVISION \"{28, CutIntegral[\"R01\", {1, 1, 0, 0}]}\" factor \"InputForm[-Q^2 - s + s23 - t]\" variable \"s\" seconds \"0.124047\" input_bytes \"13068232\" quotient_bytes \"11172064\" divides \"True\n"
"From remote kernel:"
"\"KNOWN_FACTOR_DIVISION \"{28, CutIntegral[\"R01\", {1, 1, 0, 0}]}\" factor \"InputForm[t]\" variable \"t\" seconds \"0.139934\" input_bytes \"11172064\" quotient_bytes \"10588344\" divides \"False\n"
"From remote kernel:"
"\"KNOWN_FACTOR_DIVISION \"{28, CutIntegral[\"R01\", {1, 1, 0, 0}]}\" factor \"InputForm[-s23 + t]\" variable \"s23\" seconds \"0.219427\" input_bytes \"11172064\" quotient_bytes \"10103488\" divides \"True\n"
"From remote kernel:"
"\"KNOWN_FACTOR_DIVISION \"{28, CutIntegral[\"R01\", {1, 1, 0, 0}]}\" factor \"InputForm[-s23 + t]\" variable \"s23\" seconds \"0.109409\" input_bytes \"10103488\" quotient_bytes \"9218784\" divides \"True\n"
"From remote kernel:"
"\"KNOWN_FACTOR_DIVISION \"{28, CutIntegral[\"R01\", {1, 1, 0, 0}]}\" factor \"InputForm[-s23 + t]\" variable \"s23\" seconds \"0.104661\" input_bytes \"9218784\" quotient_bytes \"8324248\" divides \"True\n"
"From remote kernel:"
"\"KNOWN_FACTOR_DIVISION \"{28, CutIntegral[\"R01\", {1, 1, 0, 0}]}\" factor \"InputForm[-s23 + t]\" variable \"s23\" seconds \"0.090252\" input_bytes \"8324248\" quotient_bytes \"7727688\" divides \"False\n"
"From remote kernel:"
"\"KNOWN_FACTOR_DIVISION \"{28, CutIntegral[\"R01\", {1, 1, 0, 0}]}\" factor \"InputForm[Q^2 + s - s23 + t]\" variable \"s\" seconds \"0.166637\" input_bytes \"8324248\" quotient_bytes \"6960536\" divides \"True\n"
"From remote kernel:"
"\"KNOWN_FACTOR_DIVISION \"{28, CutIntegral[\"R01\", {1, 1, 0, 0}]}\" factor \"InputForm[Q^2 + s - s23 + t]\" variable \"s\" seconds \"0.072021\" input_bytes \"6960536\" quotient_bytes \"5683912\" divides \"True\n"
"From remote kernel:"
"\"KNOWN_FACTOR_DIVISION \"{28, CutIntegral[\"R01\", {1, 1, 0, 0}]}\" factor \"InputForm[Q^2 + s - s23 + t]\" variable \"s\" seconds \"0.057262\" input_bytes \"5683912\" quotient_bytes \"4490440\" divides \"True\n"
"From remote kernel:"
"\"KNOWN_FACTOR_DIVISION \"{28, CutIntegral[\"R01\", {1, 1, 0, 0}]}\" factor \"InputForm[Q^2 + s - s23 + t]\" variable \"s\" seconds \"0.039454\" input_bytes \"4490440\" quotient_bytes \"3401688\" divides \"True\n"
"From remote kernel:"
"\"KNOWN_FACTOR_DIVISION \"{28, CutIntegral[\"R01\", {1, 1, 0, 0}]}\" factor \"InputForm[Q^2 + s - s23 + t]\" variable \"s\" seconds \"0.038758\" input_bytes \"3401688\" quotient_bytes \"3889600\" divides \"False\n"
"From remote kernel:"
"\"RETAINED_DENOMINATOR_FACTOR \"{28, CutIntegral[\"R01\", {1, 1, 0, 0}]}\" \"InputForm[Q^2*s23 + s*t]\n"
"From remote kernel:"
"\"KNOWN_FACTOR_DIVISION \"{28, CutIntegral[\"R01\", {1, 1, 0, 0}]}\" factor \"InputForm[s^2 + 4*Q^2*s23 + 2*s*t + t^2]\" variable \"s\" seconds \"0.044833\" input_bytes \"3401688\" quotient_bytes \"2660032\" divides \"True\n"
"From remote kernel:"
"\"KNOWN_FACTOR_DIVISION \"{28, CutIntegral[\"R01\", {1, 1, 0, 0}]}\" factor \"InputForm[s^2 + 4*Q^2*s23 + 2*s*t + t^2]\" variable \"s\" seconds \"0.036417\" input_bytes \"2660032\" quotient_bytes \"2009120\" divides \"True\n"
"From remote kernel:"
"\"KNOWN_FACTOR_DIVISION \"{28, CutIntegral[\"R01\", {1, 1, 0, 0}]}\" factor \"InputForm[s^2 + 4*Q^2*s23 + 2*s*t + t^2]\" variable \"s\" seconds \"0.026722\" input_bytes \"2009120\" quotient_bytes \"1454824\" divides \"True\n"
"From remote kernel:"
"\"KNOWN_FACTOR_DIVISION \"{28, CutIntegral[\"R01\", {1, 1, 0, 0}]}\" factor \"InputForm[s^2 + 4*Q^2*s23 + 2*s*t + t^2]\" variable \"s\" seconds \"0.018891\" input_bytes \"1454824\" quotient_bytes \"977688\" divides \"True\n"
"From remote kernel:"
"\"KNOWN_FACTOR_DIVISION \"{28, CutIntegral[\"R01\", {1, 1, 0, 0}]}\" factor \"InputForm[s^2 + 4*Q^2*s23 + 2*s*t + t^2]\" variable \"s\" seconds \"0.011902\" input_bytes \"977688\" quotient_bytes \"594736\" divides \"True\n"
"From remote kernel:"
"\"KNOWN_FACTOR_DIVISION \"{28, CutIntegral[\"R01\", {1, 1, 0, 0}]}\" factor \"InputForm[s^2 + 4*Q^2*s23 + 2*s*t + t^2]\" variable \"s\" seconds \"0.007729\" input_bytes \"594736\" quotient_bytes \"315352\" divides \"False\n"
"From remote kernel:"
"\"PASS: \"\"exact final numerator factorization\"\n"
"From remote kernel:"
"\"PASS: \"\"exact final denominator reconstruction\"\n"
"From remote kernel:"
"\"PASS: \"\"compressed scalar map below file bound\"\n"
"From remote kernel:"
"\"PASS: \"\"compressed scalar map exact round trip\"\n"
"From remote kernel:"
"\"PASS: \"\"master coefficient retains exact reconstruction\"\n"
"From remote kernel:"
"\"REAL_MASTER_COEFFICIENT \"\"Hgq\"\" \"28\" \"InputForm[CutIntegral[\"R01\", {1, 1, 1, 1}]]\n"
"From remote kernel:"
"\"DENOMINATOR_SUPPORT \"{28, CutIntegral[\"R01\", {1, 1, 1, 1}]}\" \"InputForm[<|\"TermCount\" -> 1, \"FactorCount\" -> 4, \"FactorPowers\" -> <|-3 + D -> 1, s23 - t -> 1, t -> 1, Q^2*s23 + s*t -> 2|>, \"InputBytes\" -> 18632, \"CommonDenominatorBytes\" -> 584|>]\n"
"From remote kernel:"
"\"STREAMED_NUMERATOR \"{28, CutIntegral[\"R01\", {1, 1, 1, 1}]}\" row \"1\"/\"1\" numerator_bytes \"19712\" kernel_memory \"2909964736\n"
"From remote kernel:"
"\"DENOMINATOR_NUMERATOR \"{28, CutIntegral[\"R01\", {1, 1, 1, 1}]}\" bytes \"19712\" seconds \"0.006371\n"
"From remote kernel:"
"\"KNOWN_FACTOR_DIVISION \"{28, CutIntegral[\"R01\", {1, 1, 1, 1}]}\" factor \"InputForm[-3 + D]\" variable \"D\" seconds \"0.000776\" input_bytes \"19712\" quotient_bytes \"11160\" divides \"False\n"
"From remote kernel:"
"\"KNOWN_FACTOR_DIVISION \"{28, CutIntegral[\"R01\", {1, 1, 1, 1}]}\" factor \"InputForm[s23 - t]\" variable \"s23\" seconds \"0.000663\" input_bytes \"19712\" quotient_bytes \"11336\" divides \"False\n"
"From remote kernel:"
"\"KNOWN_FACTOR_DIVISION \"{28, CutIntegral[\"R01\", {1, 1, 1, 1}]}\" factor \"InputForm[t]\" variable \"t\" seconds \"0.000276\" input_bytes \"19712\" quotient_bytes \"12256\" divides \"False\n"
"From remote kernel:"
"\"RETAINED_DENOMINATOR_FACTOR \"{28, CutIntegral[\"R01\", {1, 1, 1, 1}]}\" \"InputForm[Q^2*s23 + s*t]\n"
"From remote kernel:"
"\"REAL_MASTER_COEFFICIENT \"\"Hgq\"\" \"28\" \"InputForm[CutIntegral[\"R02\", {1, 1, 1, 1}]]\n"
"From remote kernel:"
"\"DENOMINATOR_SUPPORT \"{28, CutIntegral[\"R02\", {1, 1, 1, 1}]}\" \"InputForm[<|\"TermCount\" -> 3, \"FactorCount\" -> 7, \"FactorPowers\" -> <|-3 + D -> 1, Q^2 + s -> 1, s23 -> 1, SUNN -> 1, s23 - t -> 1, t -> 1, Q^2 + s - s23 + t -> 2|>, \"InputBytes\" -> 74008, \"CommonDenominatorBytes\" -> 712|>]\n"
"From remote kernel:"
"\"STREAMED_NUMERATOR \"{28, CutIntegral[\"R02\", {1, 1, 1, 1}]}\" row \"3\"/\"3\" numerator_bytes \"86392\" kernel_memory \"2909695024\n"
"From remote kernel:"
"\"DENOMINATOR_NUMERATOR \"{28, CutIntegral[\"R02\", {1, 1, 1, 1}]}\" bytes \"86392\" seconds \"0.004032\n"
"From remote kernel:"
"\"KNOWN_FACTOR_DIVISION \"{28, CutIntegral[\"R02\", {1, 1, 1, 1}]}\" factor \"InputForm[-3 + D]\" variable \"D\" seconds \"0.001625\" input_bytes \"86392\" quotient_bytes \"55544\" divides \"False\n"
"From remote kernel:"
"\"KNOWN_FACTOR_DIVISION \"{28, CutIntegral[\"R02\", {1, 1, 1, 1}]}\" factor \"InputForm[Q^2 + s]\" variable \"s\" seconds \"0.001395\" input_bytes \"86392\" quotient_bytes \"49000\" divides \"False\n"
"From remote kernel:"
"\"KNOWN_FACTOR_DIVISION \"{28, CutIntegral[\"R02\", {1, 1, 1, 1}]}\" factor \"InputForm[s23]\" variable \"s23\" seconds \"0.000931\" input_bytes \"86392\" quotient_bytes \"69184\" divides \"False\n"
"From remote kernel:"
"\"KNOWN_FACTOR_DIVISION \"{28, CutIntegral[\"R02\", {1, 1, 1, 1}]}\" factor \"InputForm[SUNN]\" variable \"SUNN\" seconds \"0.001548\" input_bytes \"86392\" quotient_bytes \"35952\" divides \"False\n"
"From remote kernel:"
"\"KNOWN_FACTOR_DIVISION \"{28, CutIntegral[\"R02\", {1, 1, 1, 1}]}\" factor \"InputForm[s23 - t]\" variable \"s23\" seconds \"0.001393\" input_bytes \"86392\" quotient_bytes \"50744\" divides \"False\n"
"From remote kernel:"
"\"KNOWN_FACTOR_DIVISION \"{28, CutIntegral[\"R02\", {1, 1, 1, 1}]}\" factor \"InputForm[t]\" variable \"t\" seconds \"0.000887\" input_bytes \"86392\" quotient_bytes \"66112\" divides \"False\n"
"From remote kernel:"
"\"KNOWN_FACTOR_DIVISION \"{28, CutIntegral[\"R02\", {1, 1, 1, 1}]}\" factor \"InputForm[Q^2 + s - s23 + t]\" variable \"s\" seconds \"0.001521\" input_bytes \"86392\" quotient_bytes \"43984\" divides \"False\n"
"From remote kernel:"
"\"STREAMED_NUMERATOR \"{36, CutIntegral[\"R01\", {1, 1, 0, 0}]}\" row \"144\"/\"192\" numerator_bytes \"64811480\" kernel_memory \"2971331288\n"
"From remote kernel:"
"\"REAL_MASTER_COEFFICIENT \"\"Hgq\"\" \"28\" \"InputForm[CutIntegral[\"R03\", {1, 1, 0, 1}]]\n"
"From remote kernel:"
"\"DENOMINATOR_SUPPORT \"{28, CutIntegral[\"R03\", {1, 1, 0, 1}]}\" \"InputForm[<|\"TermCount\" -> 53, \"FactorCount\" -> 14, \"FactorPowers\" -> <|-3 + D -> 1, -2 + D -> 1, D -> 1, 2 + D -> 1, Q -> 1, Q^2 + s -> 3, s23 -> 1, SUNN -> 1, s23 - t -> 3, -Q^2 - s + s23 - t -> 1, t -> 1, Q^2 + s - s23 + t -> 3, Q^2*s23 + s*t -> 2, s^2 + 4*Q^2*s23 + 2*s*t + t^2 -> 6|>, \"InputBytes\" -> 15683568, \"CommonDenominatorBytes\" -> 2248|>]\n"
"From remote kernel:"
"\"STREAMED_NUMERATOR \"{28, CutIntegral[\"R03\", {1, 1, 0, 1}]}\" row \"16\"/\"53\" numerator_bytes \"16742120\" kernel_memory \"2991077056\n"
"From remote kernel:"
"\"STREAMED_NUMERATOR \"{36, CutIntegral[\"R01\", {1, 1, 0, 0}]}\" row \"160\"/\"192\" numerator_bytes \"71934136\" kernel_memory \"2967946328\n"
"From remote kernel:"
"\"STREAMED_NUMERATOR \"{28, CutIntegral[\"R03\", {1, 1, 0, 1}]}\" row \"32\"/\"53\" numerator_bytes \"19641536\" kernel_memory \"2937967040\n"
"From remote kernel:"
"\"STREAMED_NUMERATOR \"{28, CutIntegral[\"R03\", {1, 1, 0, 1}]}\" row \"48\"/\"53\" numerator_bytes \"17364040\" kernel_memory \"2935454440\n"
"From remote kernel:"
"\"STREAMED_NUMERATOR \"{28, CutIntegral[\"R03\", {1, 1, 0, 1}]}\" row \"53\"/\"53\" numerator_bytes \"14565936\" kernel_memory \"2933960824\n"
"From remote kernel:"
"\"DENOMINATOR_NUMERATOR \"{28, CutIntegral[\"R03\", {1, 1, 0, 1}]}\" bytes \"14565936\" seconds \"17.457975\n"
"From remote kernel:"
"\"KNOWN_FACTOR_DIVISION \"{28, CutIntegral[\"R03\", {1, 1, 0, 1}]}\" factor \"InputForm[-3 + D]\" variable \"D\" seconds \"0.404165\" input_bytes \"14565936\" quotient_bytes \"12799264\" divides \"False\n"
"From remote kernel:"
"\"KNOWN_FACTOR_DIVISION \"{28, CutIntegral[\"R03\", {1, 1, 0, 1}]}\" factor \"InputForm[-2 + D]\" variable \"D\" seconds \"0.38976\" input_bytes \"14565936\" quotient_bytes \"10635520\" divides \"True\n"
"From remote kernel:"
"\"KNOWN_FACTOR_DIVISION \"{28, CutIntegral[\"R03\", {1, 1, 0, 1}]}\" factor \"InputForm[D]\" variable \"D\" seconds \"0.175654\" input_bytes \"10635520\" quotient_bytes \"10635304\" divides \"True\n"
"From remote kernel:"
"\"KNOWN_FACTOR_DIVISION \"{28, CutIntegral[\"R03\", {1, 1, 0, 1}]}\" factor \"InputForm[2 + D]\" variable \"D\" seconds \"0.255943\" input_bytes \"10635304\" quotient_bytes \"8786824\" divides \"True\n"
"From remote kernel:"
"\"KNOWN_FACTOR_DIVISION \"{28, CutIntegral[\"R03\", {1, 1, 0, 1}]}\" factor \"InputForm[Q]\" variable \"Q\" seconds \"0.115426\" input_bytes \"8786824\" quotient_bytes \"8097832\" divides \"True\n"
"From remote kernel:"
"\"KNOWN_FACTOR_DIVISION \"{28, CutIntegral[\"R03\", {1, 1, 0, 1}]}\" factor \"InputForm[Q^2 + s]\" variable \"s\" seconds \"0.161307\" input_bytes \"8097832\" quotient_bytes \"7340712\" divides \"True\n"
"From remote kernel:"
"\"KNOWN_FACTOR_DIVISION \"{28, CutIntegral[\"R03\", {1, 1, 0, 1}]}\" factor \"InputForm[Q^2 + s]\" variable \"s\" seconds \"0.065398\" input_bytes \"7340712\" quotient_bytes \"6496968\" divides \"True\n"
"From remote kernel:"
"\"KNOWN_FACTOR_DIVISION \"{28, CutIntegral[\"R03\", {1, 1, 0, 1}]}\" factor \"InputForm[Q^2 + s]\" variable \"s\" seconds \"0.058343\" input_bytes \"6496968\" quotient_bytes \"5655504\" divides \"True\n"
"From remote kernel:"
"\"KNOWN_FACTOR_DIVISION \"{28, CutIntegral[\"R03\", {1, 1, 0, 1}]}\" factor \"InputForm[s23]\" variable \"s23\" seconds \"0.081558\" input_bytes \"5655504\" quotient_bytes \"5404352\" divides \"False\n"
"From remote kernel:"
"\"KNOWN_FACTOR_DIVISION \"{28, CutIntegral[\"R03\", {1, 1, 0, 1}]}\" factor \"InputForm[SUNN]\" variable \"SUNN\" seconds \"0.38151\" input_bytes \"5655504\" quotient_bytes \"2985320\" divides \"False\n"
"From remote kernel:"
"\"KNOWN_FACTOR_DIVISION \"{28, CutIntegral[\"R03\", {1, 1, 0, 1}]}\" factor \"InputForm[s23 - t]\" variable \"s23\" seconds \"0.111063\" input_bytes \"5655504\" quotient_bytes \"4942312\" divides \"True\n"
"From remote kernel:"
"\"KNOWN_FACTOR_DIVISION \"{28, CutIntegral[\"R03\", {1, 1, 0, 1}]}\" factor \"InputForm[s23 - t]\" variable \"s23\" seconds \"0.045252\" input_bytes \"4942312\" quotient_bytes \"4300024\" divides \"True\n"
"From remote kernel:"
"\"KNOWN_FACTOR_DIVISION \"{28, CutIntegral[\"R03\", {1, 1, 0, 1}]}\" factor \"InputForm[s23 - t]\" variable \"s23\" seconds \"0.038963\" input_bytes \"4300024\" quotient_bytes \"3663600\" divides \"True\n"
"From remote kernel:"
"\"KNOWN_FACTOR_DIVISION \"{28, CutIntegral[\"R03\", {1, 1, 0, 1}]}\" factor \"InputForm[-Q^2 - s + s23 - t]\" variable \"s\" seconds \"0.075104\" input_bytes \"3663600\" quotient_bytes \"2773584\" divides \"True\n"
"From remote kernel:"
"\"KNOWN_FACTOR_DIVISION \"{28, CutIntegral[\"R03\", {1, 1, 0, 1}]}\" factor \"InputForm[t]\" variable \"t\" seconds \"0.037922\" input_bytes \"2773584\" quotient_bytes \"2589192\" divides \"False\n"
"From remote kernel:"
"\"KNOWN_FACTOR_DIVISION \"{28, CutIntegral[\"R03\", {1, 1, 0, 1}]}\" factor \"InputForm[Q^2 + s - s23 + t]\" variable \"s\" seconds \"0.027666\" input_bytes \"2773584\" quotient_bytes \"1957960\" divides \"True\n"
"From remote kernel:"
"\"KNOWN_FACTOR_DIVISION \"{28, CutIntegral[\"R03\", {1, 1, 0, 1}]}\" factor \"InputForm[Q^2 + s - s23 + t]\" variable \"s\" seconds \"0.026489\" input_bytes \"1957960\" quotient_bytes \"1862696\" divides \"False\n"
"From remote kernel:"
"\"RETAINED_DENOMINATOR_FACTOR \"{28, CutIntegral[\"R03\", {1, 1, 0, 1}]}\" \"InputForm[Q^2*s23 + s*t]\n"
"From remote kernel:"
"\"KNOWN_FACTOR_DIVISION \"{28, CutIntegral[\"R03\", {1, 1, 0, 1}]}\" factor \"InputForm[s^2 + 4*Q^2*s23 + 2*s*t + t^2]\" variable \"s\" seconds \"0.029154\" input_bytes \"1957960\" quotient_bytes \"1533768\" divides \"True\n"
"From remote kernel:"
"\"KNOWN_FACTOR_DIVISION \"{28, CutIntegral[\"R03\", {1, 1, 0, 1}]}\" factor \"InputForm[s^2 + 4*Q^2*s23 + 2*s*t + t^2]\" variable \"s\" seconds \"0.023566\" input_bytes \"1533768\" quotient_bytes \"1159808\" divides \"True\n"
"From remote kernel:"
"\"KNOWN_FACTOR_DIVISION \"{28, CutIntegral[\"R03\", {1, 1, 0, 1}]}\" factor \"InputForm[s^2 + 4*Q^2*s23 + 2*s*t + t^2]\" variable \"s\" seconds \"0.017535\" input_bytes \"1159808\" quotient_bytes \"844336\" divides \"True\n"
"From remote kernel:"
"\"KNOWN_FACTOR_DIVISION \"{28, CutIntegral[\"R03\", {1, 1, 0, 1}]}\" factor \"InputForm[s^2 + 4*Q^2*s23 + 2*s*t + t^2]\" variable \"s\" seconds \"0.01302\" input_bytes \"844336\" quotient_bytes \"573376\" divides \"True\n"
"From remote kernel:"
"\"KNOWN_FACTOR_DIVISION \"{28, CutIntegral[\"R03\", {1, 1, 0, 1}]}\" factor \"InputForm[s^2 + 4*Q^2*s23 + 2*s*t + t^2]\" variable \"s\" seconds \"0.008988\" input_bytes \"573376\" quotient_bytes \"353704\" divides \"True\n"
"From remote kernel:"
"\"KNOWN_FACTOR_DIVISION \"{28, CutIntegral[\"R03\", {1, 1, 0, 1}]}\" factor \"InputForm[s^2 + 4*Q^2*s23 + 2*s*t + t^2]\" variable \"s\" seconds \"0.006108\" input_bytes \"353704\" quotient_bytes \"194632\" divides \"False\n"
"From remote kernel:"
"\"REAL_MASTER_COEFFICIENT \"\"Hgq\"\" \"28\" \"InputForm[CutIntegral[\"R03\", {1, 1, 1, 1}]]\n"
"From remote kernel:"
"\"DENOMINATOR_SUPPORT \"{28, CutIntegral[\"R03\", {1, 1, 1, 1}]}\" \"InputForm[<|\"TermCount\" -> 1, \"FactorCount\" -> 7, \"FactorPowers\" -> <|-3 + D -> 1, Q^2 + s -> 1, SUNN -> 1, s23 - t -> 1, t -> 1, Q^2 + s - s23 + t -> 2, Q^2*s23 + s*t -> 2|>, \"InputBytes\" -> 41264, \"CommonDenominatorBytes\" -> 1024|>]\n"
"From remote kernel:"
"\"STREAMED_NUMERATOR \"{28, CutIntegral[\"R03\", {1, 1, 1, 1}]}\" row \"1\"/\"1\" numerator_bytes \"195160\" kernel_memory \"2913169216\n"
"From remote kernel:"
"\"DENOMINATOR_NUMERATOR \"{28, CutIntegral[\"R03\", {1, 1, 1, 1}]}\" bytes \"195160\" seconds \"0.002619\n"
"From remote kernel:"
"\"KNOWN_FACTOR_DIVISION \"{28, CutIntegral[\"R03\", {1, 1, 1, 1}]}\" factor \"InputForm[-3 + D]\" variable \"D\" seconds \"0.004325\" input_bytes \"195160\" quotient_bytes \"119640\" divides \"False\n"
"From remote kernel:"
"\"KNOWN_FACTOR_DIVISION \"{28, CutIntegral[\"R03\", {1, 1, 1, 1}]}\" factor \"InputForm[Q^2 + s]\" variable \"s\" seconds \"0.003245\" input_bytes \"195160\" quotient_bytes \"132840\" divides \"False\n"
"From remote kernel:"
"\"KNOWN_FACTOR_DIVISION \"{28, CutIntegral[\"R03\", {1, 1, 1, 1}]}\" factor \"InputForm[SUNN]\" variable \"SUNN\" seconds \"0.004708\" input_bytes \"195160\" quotient_bytes \"100992\" divides \"False\n"
"From remote kernel:"
"\"KNOWN_FACTOR_DIVISION \"{28, CutIntegral[\"R03\", {1, 1, 1, 1}]}\" factor \"InputForm[s23 - t]\" variable \"s23\" seconds \"0.003357\" input_bytes \"195160\" quotient_bytes \"136176\" divides \"False\n"
"From remote kernel:"
"\"KNOWN_FACTOR_DIVISION \"{28, CutIntegral[\"R03\", {1, 1, 1, 1}]}\" factor \"InputForm[t]\" variable \"t\" seconds \"0.001963\" input_bytes \"195160\" quotient_bytes \"142856\" divides \"False\n"
"From remote kernel:"
"\"KNOWN_FACTOR_DIVISION \"{28, CutIntegral[\"R03\", {1, 1, 1, 1}]}\" factor \"InputForm[Q^2 + s - s23 + t]\" variable \"s\" seconds \"0.003539\" input_bytes \"195160\" quotient_bytes \"129704\" divides \"False\n"
"From remote kernel:"
"\"RETAINED_DENOMINATOR_FACTOR \"{28, CutIntegral[\"R03\", {1, 1, 1, 1}]}\" \"InputForm[Q^2*s23 + s*t]\n"
"From remote kernel:"
"\"REAL_MASTER_COEFFICIENT \"\"Hgq\"\" \"28\" \"InputForm[CutIntegral[\"R04\", {1, 1, 1, 1}]]\n"
"From remote kernel:"
"\"DENOMINATOR_SUPPORT \"{28, CutIntegral[\"R04\", {1, 1, 1, 1}]}\" \"InputForm[<|\"TermCount\" -> 3, \"FactorCount\" -> 4, \"FactorPowers\" -> <|-3 + D -> 1, s23 -> 1, s23 - t -> 1, Q^2*s23 + s*t -> 2|>, \"InputBytes\" -> 24160, \"CommonDenominatorBytes\" -> 584|>]\n"
"From remote kernel:"
"\"STREAMED_NUMERATOR \"{28, CutIntegral[\"R04\", {1, 1, 1, 1}]}\" row \"3\"/\"3\" numerator_bytes \"22920\" kernel_memory \"2913311608\n"
"From remote kernel:"
"\"DENOMINATOR_NUMERATOR \"{28, CutIntegral[\"R04\", {1, 1, 1, 1}]}\" bytes \"22920\" seconds \"0.002907\n"
"From remote kernel:"
"\"KNOWN_FACTOR_DIVISION \"{28, CutIntegral[\"R04\", {1, 1, 1, 1}]}\" factor \"InputForm[-3 + D]\" variable \"D\" seconds \"0.000789\" input_bytes \"22920\" quotient_bytes \"14040\" divides \"False\n"
"From remote kernel:"
"\"KNOWN_FACTOR_DIVISION \"{28, CutIntegral[\"R04\", {1, 1, 1, 1}]}\" factor \"InputForm[s23]\" variable \"s23\" seconds \"0.000398\" input_bytes \"22920\" quotient_bytes \"17912\" divides \"False\n"
"From remote kernel:"
"\"KNOWN_FACTOR_DIVISION \"{28, CutIntegral[\"R04\", {1, 1, 1, 1}]}\" factor \"InputForm[s23 - t]\" variable \"s23\" seconds \"0.000591\" input_bytes \"22920\" quotient_bytes \"13008\" divides \"False\n"
"From remote kernel:"
"\"RETAINED_DENOMINATOR_FACTOR \"{28, CutIntegral[\"R04\", {1, 1, 1, 1}]}\" \"InputForm[Q^2*s23 + s*t]\n"
"From remote kernel:"
"\"REAL_MASTER_COEFFICIENT \"\"Hgq\"\" \"28\" \"InputForm[CutIntegral[\"R10\", {1, 1, 1, 1}]]\n"
"From remote kernel:"
"\"DENOMINATOR_SUPPORT \"{28, CutIntegral[\"R10\", {1, 1, 1, 1}]}\" \"InputForm[<|\"TermCount\" -> 4, \"FactorCount\" -> 6, \"FactorPowers\" -> <|-3 + D -> 1, Q^2 + s -> 1, s23 -> 1, SUNN -> 1, t -> 1, Q^2*s23 + s*t -> 2|>, \"InputBytes\" -> 84592, \"CommonDenominatorBytes\" -> 600|>]\n"
"From remote kernel:"
"\"STREAMED_NUMERATOR \"{28, CutIntegral[\"R10\", {1, 1, 1, 1}]}\" row \"4\"/\"4\" numerator_bytes \"100032\" kernel_memory \"2913577640\n"
"From remote kernel:"
"\"DENOMINATOR_NUMERATOR \"{28, CutIntegral[\"R10\", {1, 1, 1, 1}]}\" bytes \"100032\" seconds \"0.005812\n"
"From remote kernel:"
"\"KNOWN_FACTOR_DIVISION \"{28, CutIntegral[\"R10\", {1, 1, 1, 1}]}\" factor \"InputForm[-3 + D]\" variable \"D\" seconds \"0.001821\" input_bytes \"100032\" quotient_bytes \"69160\" divides \"False\n"
"From remote kernel:"
"\"KNOWN_FACTOR_DIVISION \"{28, CutIntegral[\"R10\", {1, 1, 1, 1}]}\" factor \"InputForm[Q^2 + s]\" variable \"s\" seconds \"0.001676\" input_bytes \"100032\" quotient_bytes \"63528\" divides \"False\n"
"From remote kernel:"
"\"KNOWN_FACTOR_DIVISION \"{28, CutIntegral[\"R10\", {1, 1, 1, 1}]}\" factor \"InputForm[s23]\" variable \"s23\" seconds \"0.001288\" input_bytes \"100032\" quotient_bytes \"81560\" divides \"False\n"
"From remote kernel:"
"\"KNOWN_FACTOR_DIVISION \"{28, CutIntegral[\"R10\", {1, 1, 1, 1}]}\" factor \"InputForm[SUNN]\" variable \"SUNN\" seconds \"0.001678\" input_bytes \"100032\" quotient_bytes \"39808\" divides \"False\n"
"From remote kernel:"
"\"KNOWN_FACTOR_DIVISION \"{28, CutIntegral[\"R10\", {1, 1, 1, 1}]}\" factor \"InputForm[t]\" variable \"t\" seconds \"0.000925\" input_bytes \"100032\" quotient_bytes \"71952\" divides \"False\n"
"From remote kernel:"
"\"RETAINED_DENOMINATOR_FACTOR \"{28, CutIntegral[\"R10\", {1, 1, 1, 1}]}\" \"InputForm[Q^2*s23 + s*t]\n"
"From remote kernel:"
"\"PASS: \"\"complete linear reduced coefficient reconstruction\"\n"
"From remote kernel:"
"\"PASS: \"\"reduced coefficients are scalar rational expressions\"\n"
"From remote kernel:"
"\"REAL_MAP_ACCEPTED \"\"Hgq\"\" \"28\n"
"From remote kernel:"
"\"REAL_MAP \"\"Hgq\"\" \"37\"/\"37\" \"<|\"Sector\" -> \"Real\", \"Kind\" -> \"PhotonMetricD\", \"Index\" -> {}|>\" kernel \"2\n"
"From remote kernel:"
"\"PASS: \"\"raw component retains executed reconstruction\"\n"
"From remote kernel:"
"\"PASS: \"\"known rules end in saved masters\"\n"
"From remote kernel:"
"\"PASS: \"\"exact individual reduction-rule reconstruction\"\n"
"From remote kernel:"
"\"REAL_MASTER_COEFFICIENT \"\"Hgq\"\" \"37\" \"InputForm[CutIntegral[\"R01\", {1, 1, 0, 0}]]\n"
"From remote kernel:"
"\"PASS: \"\"exact individual denominator factorization\"\n"
"From remote kernel:"
"\"PASS: \"\"unique positive denominator factor powers\"\n"
"From remote kernel:"
"\"STREAMED_NUMERATOR \"{36, CutIntegral[\"R01\", {1, 1, 0, 0}]}\" row \"176\"/\"192\" numerator_bytes \"75259872\" kernel_memory \"2970584912\n"
"From remote kernel:"
"\"DENOMINATOR_SUPPORT \"{37, CutIntegral[\"R01\", {1, 1, 0, 0}]}\" \"InputForm[<|\"TermCount\" -> 173, \"FactorCount\" -> 19, \"FactorPowers\" -> <|-8 + D -> 1, -6 + D -> 1, -4 + D -> 1, -3 + D -> 1, -2 + D -> 1, -1 + D -> 1, D -> 1, s -> 1, Q^2 + s -> 3, s - s23 -> 3, s23 -> 1, SUNN -> 1, s23 - t -> 4, -Q^2 - s + s23 - t -> 3, t -> 3, -s23 + t -> 4, Q^2 + s - s23 + t -> 4, Q^2*s23 + s*t -> 1, s^2 + 4*Q^2*s23 + 2*s*t + t^2 -> 4|>, \"InputBytes\" -> 77795080, \"CommonDenominatorBytes\" -> 2976|>]\n"
"From remote kernel:"
"\"PASS: \"\"exact common-denominator embedding\"\n"
"From remote kernel:"
"\"PASS: \"\"exact streamed numerator addition\"\n"
"From remote kernel:"
"\"STREAMED_NUMERATOR \"{36, CutIntegral[\"R01\", {1, 1, 0, 0}]}\" row \"192\"/\"192\" numerator_bytes \"76012400\" kernel_memory \"2970726816\n"
"From remote kernel:"
"\"PASS: \"\"exact complete numerator assembly\"\n"
"From remote kernel:"
"\"DENOMINATOR_NUMERATOR \"{36, CutIntegral[\"R01\", {1, 1, 0, 0}]}\" bytes \"76012400\" seconds \"300.091995\n"
"From remote kernel:"
"\"PASS: \"\"matched measured denominator inventory\"\n"
"From remote kernel:"
"\"PASS: \"\"exact known-factor quotient and remainder\"\n"
"From remote kernel:"
"\"KNOWN_FACTOR_DIVISION \"{36, CutIntegral[\"R01\", {1, 1, 0, 0}]}\" factor \"InputForm[-8 + D]\" variable \"D\" seconds \"1.832972\" input_bytes \"76012400\" quotient_bytes \"59239296\" divides \"True\n"
"From remote kernel:"
"\"KNOWN_FACTOR_DIVISION \"{36, CutIntegral[\"R01\", {1, 1, 0, 0}]}\" factor \"InputForm[-6 + D]\" variable \"D\" seconds \"1.176763\" input_bytes \"59239296\" quotient_bytes \"53337792\" divides \"True\n"
"From remote kernel:"
"\"KNOWN_FACTOR_DIVISION \"{36, CutIntegral[\"R01\", {1, 1, 0, 0}]}\" factor \"InputForm[-3 + D]\" variable \"D\" seconds \"0.973281\" input_bytes \"53337792\" quotient_bytes \"47024896\" divides \"True\n"
"From remote kernel:"
"\"KNOWN_FACTOR_DIVISION \"{36, CutIntegral[\"R01\", {1, 1, 0, 0}]}\" factor \"InputForm[-2 + D]\" variable \"D\" seconds \"0.911491\" input_bytes \"47024896\" quotient_bytes \"43591560\" divides \"False\n"
"From remote kernel:"
"\"KNOWN_FACTOR_DIVISION \"{36, CutIntegral[\"R01\", {1, 1, 0, 0}]}\" factor \"InputForm[-1 + D]\" variable \"D\" seconds \"0.580262\" input_bytes \"47024896\" quotient_bytes \"40821248\" divides \"True\n"
"From remote kernel:"
"\"KNOWN_FACTOR_DIVISION \"{36, CutIntegral[\"R01\", {1, 1, 0, 0}]}\" factor \"InputForm[-1 + D]\" variable \"D\" seconds \"0.553525\" input_bytes \"40821248\" quotient_bytes \"40277440\" divides \"False\n"
"From remote kernel:"
"\"KNOWN_FACTOR_DIVISION \"{36, CutIntegral[\"R01\", {1, 1, 0, 0}]}\" factor \"InputForm[D]\" variable \"D\" seconds \"0.510551\" input_bytes \"40821248\" quotient_bytes \"40821072\" divides \"True\n"
"From remote kernel:"
"\"KNOWN_FACTOR_DIVISION \"{36, CutIntegral[\"R01\", {1, 1, 0, 0}]}\" factor \"InputForm[Q]\" variable \"Q\" seconds \"0.467562\" input_bytes \"40821072\" quotient_bytes \"38713280\" divides \"True\n"
"From remote kernel:"
"\"KNOWN_FACTOR_DIVISION \"{36, CutIntegral[\"R01\", {1, 1, 0, 0}]}\" factor \"InputForm[Q]\" variable \"Q\" seconds \"0.12584\" input_bytes \"38713280\" quotient_bytes \"38713032\" divides \"True\n"
"From remote kernel:"
"\"KNOWN_FACTOR_DIVISION \"{36, CutIntegral[\"R01\", {1, 1, 0, 0}]}\" factor \"InputForm[s]\" variable \"s\" seconds \"0.483584\" input_bytes \"38713032\" quotient_bytes \"37512760\" divides \"False\n"
"From remote kernel:"
"\"KNOWN_FACTOR_DIVISION \"{36, CutIntegral[\"R01\", {1, 1, 0, 0}]}\" factor \"InputForm[Q^2 + s]\" variable \"s\" seconds \"0.765819\" input_bytes \"38713032\" quotient_bytes \"35509144\" divides \"True\n"
"From remote kernel:"
"\"KNOWN_FACTOR_DIVISION \"{36, CutIntegral[\"R01\", {1, 1, 0, 0}]}\" factor \"InputForm[Q^2 + s]\" variable \"s\" seconds \"0.288925\" input_bytes \"35509144\" quotient_bytes \"33808072\" divides \"False\n"
"From remote kernel:"
"\"KNOWN_FACTOR_DIVISION \"{36, CutIntegral[\"R01\", {1, 1, 0, 0}]}\" factor \"InputForm[s - s23]\" variable \"s\" seconds \"0.28471\" input_bytes \"35509144\" quotient_bytes \"33243616\" divides \"True\n"
"From remote kernel:"
"\"STREAMED_NUMERATOR \"{37, CutIntegral[\"R01\", {1, 1, 0, 0}]}\" row \"16\"/\"173\" numerator_bytes \"179603088\" kernel_memory \"3192580656\n"
"From remote kernel:"
"\"KNOWN_FACTOR_DIVISION \"{36, CutIntegral[\"R01\", {1, 1, 0, 0}]}\" factor \"InputForm[s - s23]\" variable \"s\" seconds \"0.301633\" input_bytes \"33243616\" quotient_bytes \"30961400\" divides \"True\n"
"From remote kernel:"
"\"KNOWN_FACTOR_DIVISION \"{36, CutIntegral[\"R01\", {1, 1, 0, 0}]}\" factor \"InputForm[s - s23]\" variable \"s\" seconds \"0.342142\" input_bytes \"30961400\" quotient_bytes \"28747168\" divides \"True\n"
"From remote kernel:"
"\"KNOWN_FACTOR_DIVISION \"{36, CutIntegral[\"R01\", {1, 1, 0, 0}]}\" factor \"InputForm[s23]\" variable \"s23\" seconds \"0.470257\" input_bytes \"28747168\" quotient_bytes \"27839544\" divides \"False\n"
"From remote kernel:"
"\"KNOWN_FACTOR_DIVISION \"{36, CutIntegral[\"R01\", {1, 1, 0, 0}]}\" factor \"InputForm[-s + s23]\" variable \"s\" seconds \"0.317542\" input_bytes \"28747168\" quotient_bytes \"26558168\" divides \"True\n"
"From remote kernel:"
"\"KNOWN_FACTOR_DIVISION \"{36, CutIntegral[\"R01\", {1, 1, 0, 0}]}\" factor \"InputForm[-s + s23]\" variable \"s\" seconds \"0.292086\" input_bytes \"26558168\" quotient_bytes \"24316088\" divides \"True\n"
"From remote kernel:"
"\"KNOWN_FACTOR_DIVISION \"{36, CutIntegral[\"R01\", {1, 1, 0, 0}]}\" factor \"InputForm[-s + s23]\" variable \"s\" seconds \"0.252298\" input_bytes \"24316088\" quotient_bytes \"22044800\" divides \"True\n"
"From remote kernel:"
"\"KNOWN_FACTOR_DIVISION \"{36, CutIntegral[\"R01\", {1, 1, 0, 0}]}\" factor \"InputForm[SUNN]\" variable \"SUNN\" seconds \"1.318589\" input_bytes \"22044800\" quotient_bytes \"12051264\" divides \"False\n"
"From remote kernel:"
"\"KNOWN_FACTOR_DIVISION \"{36, CutIntegral[\"R01\", {1, 1, 0, 0}]}\" factor \"InputForm[s23 - t]\" variable \"s23\" seconds \"0.422568\" input_bytes \"22044800\" quotient_bytes \"20739640\" divides \"True\n"
"From remote kernel:"
"\"KNOWN_FACTOR_DIVISION \"{36, CutIntegral[\"R01\", {1, 1, 0, 0}]}\" factor \"InputForm[s23 - t]\" variable \"s23\" seconds \"0.172713\" input_bytes \"20739640\" quotient_bytes \"19432112\" divides \"True\n"
"From remote kernel:"
"\"KNOWN_FACTOR_DIVISION \"{36, CutIntegral[\"R01\", {1, 1, 0, 0}]}\" factor \"InputForm[s23 - t]\" variable \"s23\" seconds \"0.180566\" input_bytes \"19432112\" quotient_bytes \"18161424\" divides \"True\n"
"From remote kernel:"
"\"KNOWN_FACTOR_DIVISION \"{36, CutIntegral[\"R01\", {1, 1, 0, 0}]}\" factor \"InputForm[s23 - t]\" variable \"s23\" seconds \"0.170273\" input_bytes \"18161424\" quotient_bytes \"16772256\" divides \"True\n"
"From remote kernel:"
"\"KNOWN_FACTOR_DIVISION \"{36, CutIntegral[\"R01\", {1, 1, 0, 0}]}\" factor \"InputForm[-Q^2 - s + s23 - t]\" variable \"s\" seconds \"0.339142\" input_bytes \"16772256\" quotient_bytes \"14684960\" divides \"True\n"
"From remote kernel:"
"\"KNOWN_FACTOR_DIVISION \"{36, CutIntegral[\"R01\", {1, 1, 0, 0}]}\" factor \"InputForm[-Q^2 - s + s23 - t]\" variable \"s\" seconds \"0.149527\" input_bytes \"14684960\" quotient_bytes \"12646760\" divides \"True\n"
"From remote kernel:"
"\"KNOWN_FACTOR_DIVISION \"{36, CutIntegral[\"R01\", {1, 1, 0, 0}]}\" factor \"InputForm[-Q^2 - s + s23 - t]\" variable \"s\" seconds \"0.131425\" input_bytes \"12646760\" quotient_bytes \"10769736\" divides \"True\n"
"From remote kernel:"
"\"KNOWN_FACTOR_DIVISION \"{36, CutIntegral[\"R01\", {1, 1, 0, 0}]}\" factor \"InputForm[-Q^2 - s + s23 - t]\" variable \"s\" seconds \"0.110738\" input_bytes \"10769736\" quotient_bytes \"9032656\" divides \"True\n"
"From remote kernel:"
"\"KNOWN_FACTOR_DIVISION \"{36, CutIntegral[\"R01\", {1, 1, 0, 0}]}\" factor \"InputForm[t]\" variable \"t\" seconds \"0.116024\" input_bytes \"9032656\" quotient_bytes \"8710064\" divides \"False\n"
"From remote kernel:"
"\"KNOWN_FACTOR_DIVISION \"{36, CutIntegral[\"R01\", {1, 1, 0, 0}]}\" factor \"InputForm[-s23 + t]\" variable \"s23\" seconds \"0.175496\" input_bytes \"9032656\" quotient_bytes \"8195424\" divides \"True\n"
"From remote kernel:"
"\"KNOWN_FACTOR_DIVISION \"{36, CutIntegral[\"R01\", {1, 1, 0, 0}]}\" factor \"InputForm[-s23 + t]\" variable \"s23\" seconds \"0.086161\" input_bytes \"8195424\" quotient_bytes \"7473120\" divides \"False\n"
"From remote kernel:"
"\"KNOWN_FACTOR_DIVISION \"{36, CutIntegral[\"R01\", {1, 1, 0, 0}]}\" factor \"InputForm[Q^2 + s - s23 + t]\" variable \"s\" seconds \"0.156336\" input_bytes \"8195424\" quotient_bytes \"6738176\" divides \"True\n"
"From remote kernel:"
"\"KNOWN_FACTOR_DIVISION \"{36, CutIntegral[\"R01\", {1, 1, 0, 0}]}\" factor \"InputForm[Q^2 + s - s23 + t]\" variable \"s\" seconds \"0.064405\" input_bytes \"6738176\" quotient_bytes \"5416832\" divides \"True\n"
"From remote kernel:"
"\"KNOWN_FACTOR_DIVISION \"{36, CutIntegral[\"R01\", {1, 1, 0, 0}]}\" factor \"InputForm[Q^2 + s - s23 + t]\" variable \"s\" seconds \"0.050218\" input_bytes \"5416832\" quotient_bytes \"4202224\" divides \"True\n"
"From remote kernel:"
"\"KNOWN_FACTOR_DIVISION \"{36, CutIntegral[\"R01\", {1, 1, 0, 0}]}\" factor \"InputForm[Q^2 + s - s23 + t]\" variable \"s\" seconds \"0.044326\" input_bytes \"4202224\" quotient_bytes \"4298704\" divides \"False\n"
"From remote kernel:"
"\"RETAINED_DENOMINATOR_FACTOR \"{36, CutIntegral[\"R01\", {1, 1, 0, 0}]}\" \"InputForm[Q^2*s23 + s*t]\n"
"From remote kernel:"
"\"KNOWN_FACTOR_DIVISION \"{36, CutIntegral[\"R01\", {1, 1, 0, 0}]}\" factor \"InputForm[s^2 + 4*Q^2*s23 + 2*s*t + t^2]\" variable \"s\" seconds \"0.055491\" input_bytes \"4202224\" quotient_bytes \"3087248\" divides \"True\n"
"From remote kernel:"
"\"KNOWN_FACTOR_DIVISION \"{36, CutIntegral[\"R01\", {1, 1, 0, 0}]}\" factor \"InputForm[s^2 + 4*Q^2*s23 + 2*s*t + t^2]\" variable \"s\" seconds \"0.043765\" input_bytes \"3087248\" quotient_bytes \"2364144\" divides \"False\n"
"From remote kernel:"
"\"PASS: \"\"exact final numerator factorization\"\n"
"From remote kernel:"
"\"PASS: \"\"exact final denominator reconstruction\"\n"
"From remote kernel:"
"\"PASS: \"\"compressed scalar map below file bound\"\n"
"From remote kernel:"
"\"PASS: \"\"compressed scalar map exact round trip\"\n"
"From remote kernel:"
"\"PASS: \"\"master coefficient retains exact reconstruction\"\n"
"From remote kernel:"
"\"REAL_MASTER_COEFFICIENT \"\"Hgq\"\" \"36\" \"InputForm[CutIntegral[\"R01\", {1, 1, 1, 1}]]\n"
"From remote kernel:"
"\"DENOMINATOR_SUPPORT \"{36, CutIntegral[\"R01\", {1, 1, 1, 1}]}\" \"InputForm[<|\"TermCount\" -> 1, \"FactorCount\" -> 5, \"FactorPowers\" -> <|-3 + D -> 1, -1 + D -> 1, s23 - t -> 1, t -> 1, Q^2*s23 + s*t -> 2|>, \"InputBytes\" -> 39984, \"CommonDenominatorBytes\" -> 664|>]\n"
"From remote kernel:"
"\"STREAMED_NUMERATOR \"{36, CutIntegral[\"R01\", {1, 1, 1, 1}]}\" row \"1\"/\"1\" numerator_bytes \"51560\" kernel_memory \"2899558368\n"
"From remote kernel:"
"\"DENOMINATOR_NUMERATOR \"{36, CutIntegral[\"R01\", {1, 1, 1, 1}]}\" bytes \"51560\" seconds \"0.008382\n"
"From remote kernel:"
"\"KNOWN_FACTOR_DIVISION \"{36, CutIntegral[\"R01\", {1, 1, 1, 1}]}\" factor \"InputForm[-3 + D]\" variable \"D\" seconds \"0.001906\" input_bytes \"51560\" quotient_bytes \"34624\" divides \"False\n"
"From remote kernel:"
"\"KNOWN_FACTOR_DIVISION \"{36, CutIntegral[\"R01\", {1, 1, 1, 1}]}\" factor \"InputForm[-1 + D]\" variable \"D\" seconds \"0.0008\" input_bytes \"51560\" quotient_bytes \"34448\" divides \"False\n"
"From remote kernel:"
"\"KNOWN_FACTOR_DIVISION \"{36, CutIntegral[\"R01\", {1, 1, 1, 1}]}\" factor \"InputForm[s23 - t]\" variable \"s23\" seconds \"0.001699\" input_bytes \"51560\" quotient_bytes \"55488\" divides \"False\n"
"From remote kernel:"
"\"KNOWN_FACTOR_DIVISION \"{36, CutIntegral[\"R01\", {1, 1, 1, 1}]}\" factor \"InputForm[t]\" variable \"t\" seconds \"0.00109\" input_bytes \"51560\" quotient_bytes \"35688\" divides \"False\n"
"From remote kernel:"
"\"RETAINED_DENOMINATOR_FACTOR \"{36, CutIntegral[\"R01\", {1, 1, 1, 1}]}\" \"InputForm[Q^2*s23 + s*t]\n"
"From remote kernel:"
"\"REAL_MASTER_COEFFICIENT \"\"Hgq\"\" \"36\" \"InputForm[CutIntegral[\"R02\", {1, 1, 1, 1}]]\n"
"From remote kernel:"
"\"DENOMINATOR_SUPPORT \"{36, CutIntegral[\"R02\", {1, 1, 1, 1}]}\" \"InputForm[<|\"TermCount\" -> 4, \"FactorCount\" -> 8, \"FactorPowers\" -> <|-3 + D -> 1, -1 + D -> 1, Q^2 + s -> 3, s23 -> 1, SUNN -> 1, s23 - t -> 1, t -> 1, Q^2 + s - s23 + t -> 2|>, \"InputBytes\" -> 348928, \"CommonDenominatorBytes\" -> 864|>]\n"
"From remote kernel:"
"\"STREAMED_NUMERATOR \"{36, CutIntegral[\"R02\", {1, 1, 1, 1}]}\" row \"4\"/\"4\" numerator_bytes \"489680\" kernel_memory \"2900331912\n"
"From remote kernel:"
"\"DENOMINATOR_NUMERATOR \"{36, CutIntegral[\"R02\", {1, 1, 1, 1}]}\" bytes \"489680\" seconds \"0.026184\n"
"From remote kernel:"
"\"KNOWN_FACTOR_DIVISION \"{36, CutIntegral[\"R02\", {1, 1, 1, 1}]}\" factor \"InputForm[-3 + D]\" variable \"D\" seconds \"0.012428\" input_bytes \"489680\" quotient_bytes \"355600\" divides \"False\n"
"From remote kernel:"
"\"KNOWN_FACTOR_DIVISION \"{36, CutIntegral[\"R02\", {1, 1, 1, 1}]}\" factor \"InputForm[-1 + D]\" variable \"D\" seconds \"0.007395\" input_bytes \"489680\" quotient_bytes \"353680\" divides \"False\n"
"From remote kernel:"
"\"KNOWN_FACTOR_DIVISION \"{36, CutIntegral[\"R02\", {1, 1, 1, 1}]}\" factor \"InputForm[Q^2 + s]\" variable \"s\" seconds \"0.010913\" input_bytes \"489680\" quotient_bytes \"341624\" divides \"False\n"
"From remote kernel:"
"\"KNOWN_FACTOR_DIVISION \"{36, CutIntegral[\"R02\", {1, 1, 1, 1}]}\" factor \"InputForm[s23]\" variable \"s23\" seconds \"0.007292\" input_bytes \"489680\" quotient_bytes \"393816\" divides \"False\n"
"From remote kernel:"
"\"KNOWN_FACTOR_DIVISION \"{36, CutIntegral[\"R02\", {1, 1, 1, 1}]}\" factor \"InputForm[SUNN]\" variable \"SUNN\" seconds \"0.015165\" input_bytes \"489680\" quotient_bytes \"206824\" divides \"False\n"
"From remote kernel:"
"\"KNOWN_FACTOR_DIVISION \"{36, CutIntegral[\"R02\", {1, 1, 1, 1}]}\" factor \"InputForm[s23 - t]\" variable \"s23\" seconds \"0.010031\" input_bytes \"489680\" quotient_bytes \"345856\" divides \"False\n"
"From remote kernel:"
"\"KNOWN_FACTOR_DIVISION \"{36, CutIntegral[\"R02\", {1, 1, 1, 1}]}\" factor \"InputForm[t]\" variable \"t\" seconds \"0.00659\" input_bytes \"489680\" quotient_bytes \"344624\" divides \"False\n"
"From remote kernel:"
"\"KNOWN_FACTOR_DIVISION \"{36, CutIntegral[\"R02\", {1, 1, 1, 1}]}\" factor \"InputForm[Q^2 + s - s23 + t]\" variable \"s\" seconds \"0.01134\" input_bytes \"489680\" quotient_bytes \"385752\" divides \"False\n"
"From remote kernel:"
"\"REAL_MASTER_COEFFICIENT \"\"Hgq\"\" \"36\" \"InputForm[CutIntegral[\"R03\", {1, 1, 0, 1}]]\n"
"From remote kernel:"
"\"DENOMINATOR_SUPPORT \"{36, CutIntegral[\"R03\", {1, 1, 0, 1}]}\" \"InputForm[<|\"TermCount\" -> 34, \"FactorCount\" -> 14, \"FactorPowers\" -> <|-3 + D -> 1, -2 + D -> 1, -1 + D -> 1, D -> 1, Q -> 2, s -> 1, Q^2 + s -> 3, s23 -> 1, SUNN -> 1, s23 - t -> 2, t -> 3, Q^2 + s - s23 + t -> 3, Q^2*s23 + s*t -> 2, s^2 + 4*Q^2*s23 + 2*s*t + t^2 -> 3|>, \"InputBytes\" -> 6972736, \"CommonDenominatorBytes\" -> 2032|>]\n"
"From remote kernel:"
"\"STREAMED_NUMERATOR \"{36, CutIntegral[\"R03\", {1, 1, 0, 1}]}\" row \"16\"/\"34\" numerator_bytes \"6368752\" kernel_memory \"2921505336\n"
"From remote kernel:"
"\"STREAMED_NUMERATOR \"{36, CutIntegral[\"R03\", {1, 1, 0, 1}]}\" row \"32\"/\"34\" numerator_bytes \"7869832\" kernel_memory \"2909919016\n"
"From remote kernel:"
"\"STREAMED_NUMERATOR \"{36, CutIntegral[\"R03\", {1, 1, 0, 1}]}\" row \"34\"/\"34\" numerator_bytes \"8311800\" kernel_memory \"2909402072\n"
"From remote kernel:"
"\"DENOMINATOR_NUMERATOR \"{36, CutIntegral[\"R03\", {1, 1, 0, 1}]}\" bytes \"8311800\" seconds \"4.581319\n"
"From remote kernel:"
"\"KNOWN_FACTOR_DIVISION \"{36, CutIntegral[\"R03\", {1, 1, 0, 1}]}\" factor \"InputForm[-3 + D]\" variable \"D\" seconds \"0.166519\" input_bytes \"8311800\" quotient_bytes \"7143152\" divides \"False\n"
"From remote kernel:"
"\"KNOWN_FACTOR_DIVISION \"{36, CutIntegral[\"R03\", {1, 1, 0, 1}]}\" factor \"InputForm[-2 + D]\" variable \"D\" seconds \"0.130909\" input_bytes \"8311800\" quotient_bytes \"6209280\" divides \"True\n"
"From remote kernel:"
"\"KNOWN_FACTOR_DIVISION \"{36, CutIntegral[\"R03\", {1, 1, 0, 1}]}\" factor \"InputForm[-1 + D]\" variable \"D\" seconds \"0.033319\" input_bytes \"6209280\" quotient_bytes \"6040712\" divides \"False\n"
"From remote kernel:"
"\"KNOWN_FACTOR_DIVISION \"{36, CutIntegral[\"R03\", {1, 1, 0, 1}]}\" factor \"InputForm[D]\" variable \"D\" seconds \"0.017408\" input_bytes \"6209280\" quotient_bytes \"6209056\" divides \"True\n"
"From remote kernel:"
"\"KNOWN_FACTOR_DIVISION \"{36, CutIntegral[\"R03\", {1, 1, 0, 1}]}\" factor \"InputForm[Q]\" variable \"Q\" seconds \"0.083686\" input_bytes \"6209056\" quotient_bytes \"5868032\" divides \"True\n"
"From remote kernel:"
"\"KNOWN_FACTOR_DIVISION \"{36, CutIntegral[\"R03\", {1, 1, 0, 1}]}\" factor \"InputForm[Q]\" variable \"Q\" seconds \"0.019079\" input_bytes \"5868032\" quotient_bytes \"5867832\" divides \"True\n"
"From remote kernel:"
"\"KNOWN_FACTOR_DIVISION \"{36, CutIntegral[\"R03\", {1, 1, 0, 1}]}\" factor \"InputForm[s]\" variable \"s\" seconds \"0.08324\" input_bytes \"5867832\" quotient_bytes \"5671728\" divides \"False\n"
"From remote kernel:"
"\"KNOWN_FACTOR_DIVISION \"{36, CutIntegral[\"R03\", {1, 1, 0, 1}]}\" factor \"InputForm[Q^2 + s]\" variable \"s\" seconds \"0.111585\" input_bytes \"5867832\" quotient_bytes \"5186416\" divides \"True\n"
"From remote kernel:"
"\"KNOWN_FACTOR_DIVISION \"{36, CutIntegral[\"R03\", {1, 1, 0, 1}]}\" factor \"InputForm[Q^2 + s]\" variable \"s\" seconds \"0.047555\" input_bytes \"5186416\" quotient_bytes \"4681640\" divides \"False\n"
"From remote kernel:"
"\"KNOWN_FACTOR_DIVISION \"{36, CutIntegral[\"R03\", {1, 1, 0, 1}]}\" factor \"InputForm[s23]\" variable \"s23\" seconds \"0.076889\" input_bytes \"5186416\" quotient_bytes \"4924312\" divides \"False\n"
"From remote kernel:"
"\"KNOWN_FACTOR_DIVISION \"{36, CutIntegral[\"R03\", {1, 1, 0, 1}]}\" factor \"InputForm[SUNN]\" variable \"SUNN\" seconds \"0.363776\" input_bytes \"5186416\" quotient_bytes \"2895936\" divides \"False\n"
"From remote kernel:"
"\"KNOWN_FACTOR_DIVISION \"{36, CutIntegral[\"R03\", {1, 1, 0, 1}]}\" factor \"InputForm[s23 - t]\" variable \"s23\" seconds \"0.087052\" input_bytes \"5186416\" quotient_bytes \"4512488\" divides \"True\n"
"From remote kernel:"
"\"KNOWN_FACTOR_DIVISION \"{36, CutIntegral[\"R03\", {1, 1, 0, 1}]}\" factor \"InputForm[s23 - t]\" variable \"s23\" seconds \"0.044634\" input_bytes \"4512488\" quotient_bytes \"3821896\" divides \"True\n"
"From remote kernel:"
"\"KNOWN_FACTOR_DIVISION \"{36, CutIntegral[\"R03\", {1, 1, 0, 1}]}\" factor \"InputForm[t]\" variable \"t\" seconds \"0.05453\" input_bytes \"3821896\" quotient_bytes \"3602176\" divides \"False\n"
"From remote kernel:"
"\"KNOWN_FACTOR_DIVISION \"{36, CutIntegral[\"R03\", {1, 1, 0, 1}]}\" factor \"InputForm[Q^2 + s - s23 + t]\" variable \"s\" seconds \"0.074701\" input_bytes \"3821896\" quotient_bytes \"2759536\" divides \"True\n"
"From remote kernel:"
"\"KNOWN_FACTOR_DIVISION \"{36, CutIntegral[\"R03\", {1, 1, 0, 1}]}\" factor \"InputForm[Q^2 + s - s23 + t]\" variable \"s\" seconds \"0.030076\" input_bytes \"2759536\" quotient_bytes \"2324872\" divides \"False\n"
"From remote kernel:"
"\"RETAINED_DENOMINATOR_FACTOR \"{36, CutIntegral[\"R03\", {1, 1, 0, 1}]}\" \"InputForm[Q^2*s23 + s*t]\n"
"From remote kernel:"
"\"KNOWN_FACTOR_DIVISION \"{36, CutIntegral[\"R03\", {1, 1, 0, 1}]}\" factor \"InputForm[s^2 + 4*Q^2*s23 + 2*s*t + t^2]\" variable \"s\" seconds \"0.038714\" input_bytes \"2759536\" quotient_bytes \"2046560\" divides \"True\n"
"From remote kernel:"
"\"KNOWN_FACTOR_DIVISION \"{36, CutIntegral[\"R03\", {1, 1, 0, 1}]}\" factor \"InputForm[s^2 + 4*Q^2*s23 + 2*s*t + t^2]\" variable \"s\" seconds \"0.032186\" input_bytes \"2046560\" quotient_bytes \"1585744\" divides \"False\n"
"From remote kernel:"
"\"REAL_MASTER_COEFFICIENT \"\"Hgq\"\" \"36\" \"InputForm[CutIntegral[\"R03\", {1, 1, 1, 1}]]\n"
"From remote kernel:"
"\"DENOMINATOR_SUPPORT \"{36, CutIntegral[\"R03\", {1, 1, 1, 1}]}\" \"InputForm[<|\"TermCount\" -> 1, \"FactorCount\" -> 8, \"FactorPowers\" -> <|-3 + D -> 1, -1 + D -> 1, Q^2 + s -> 3, SUNN -> 1, s23 - t -> 1, t -> 1, Q^2 + s - s23 + t -> 2, Q^2*s23 + s*t -> 2|>, \"InputBytes\" -> 131088, \"CommonDenominatorBytes\" -> 1176|>]\n"
"From remote kernel:"
"\"STREAMED_NUMERATOR \"{36, CutIntegral[\"R03\", {1, 1, 1, 1}]}\" row \"1\"/\"1\" numerator_bytes \"793712\" kernel_memory \"2902410208\n"
"From remote kernel:"
"\"DENOMINATOR_NUMERATOR \"{36, CutIntegral[\"R03\", {1, 1, 1, 1}]}\" bytes \"793712\" seconds \"0.008964\n"
"From remote kernel:"
"\"KNOWN_FACTOR_DIVISION \"{36, CutIntegral[\"R03\", {1, 1, 1, 1}]}\" factor \"InputForm[-3 + D]\" variable \"D\" seconds \"0.014864\" input_bytes \"793712\" quotient_bytes \"565704\" divides \"False\n"
"From remote kernel:"
"\"KNOWN_FACTOR_DIVISION \"{36, CutIntegral[\"R03\", {1, 1, 1, 1}]}\" factor \"InputForm[-1 + D]\" variable \"D\" seconds \"0.008099\" input_bytes \"793712\" quotient_bytes \"561848\" divides \"False\n"
"From remote kernel:"
"\"KNOWN_FACTOR_DIVISION \"{36, CutIntegral[\"R03\", {1, 1, 1, 1}]}\" factor \"InputForm[Q^2 + s]\" variable \"s\" seconds \"0.010666\" input_bytes \"793712\" quotient_bytes \"584416\" divides \"False\n"
"From remote kernel:"
"\"KNOWN_FACTOR_DIVISION \"{36, CutIntegral[\"R03\", {1, 1, 1, 1}]}\" factor \"InputForm[SUNN]\" variable \"SUNN\" seconds \"0.040796\" input_bytes \"793712\" quotient_bytes \"392648\" divides \"False\n"
"From remote kernel:"
"\"KNOWN_FACTOR_DIVISION \"{36, CutIntegral[\"R03\", {1, 1, 1, 1}]}\" factor \"InputForm[s23 - t]\" variable \"s23\" seconds \"0.0105\" input_bytes \"793712\" quotient_bytes \"569584\" divides \"False\n"
"From remote kernel:"
"\"KNOWN_FACTOR_DIVISION \"{36, CutIntegral[\"R03\", {1, 1, 1, 1}]}\" factor \"InputForm[t]\" variable \"t\" seconds \"0.006984\" input_bytes \"793712\" quotient_bytes \"585872\" divides \"False\n"
"From remote kernel:"
"\"KNOWN_FACTOR_DIVISION \"{36, CutIntegral[\"R03\", {1, 1, 1, 1}]}\" factor \"InputForm[Q^2 + s - s23 + t]\" variable \"s\" seconds \"0.011727\" input_bytes \"793712\" quotient_bytes \"587072\" divides \"False\n"
"From remote kernel:"
"\"RETAINED_DENOMINATOR_FACTOR \"{36, CutIntegral[\"R03\", {1, 1, 1, 1}]}\" \"InputForm[Q^2*s23 + s*t]\n"
"From remote kernel:"
"\"REAL_MASTER_COEFFICIENT \"\"Hgq\"\" \"36\" \"InputForm[CutIntegral[\"R04\", {1, 1, 1, 1}]]\n"
"From remote kernel:"
"\"DENOMINATOR_SUPPORT \"{36, CutIntegral[\"R04\", {1, 1, 1, 1}]}\" \"InputForm[<|\"TermCount\" -> 4, \"FactorCount\" -> 7, \"FactorPowers\" -> <|-3 + D -> 1, -1 + D -> 1, Q^2 + s -> 1, s23 -> 1, s23 - t -> 1, t -> 3, Q^2*s23 + s*t -> 2|>, \"InputBytes\" -> 173320, \"CommonDenominatorBytes\" -> 880|>]\n"
"From remote kernel:"
"\"STREAMED_NUMERATOR \"{36, CutIntegral[\"R04\", {1, 1, 1, 1}]}\" row \"4\"/\"4\" numerator_bytes \"209152\" kernel_memory \"2902521592\n"
"From remote kernel:"
"\"DENOMINATOR_NUMERATOR \"{36, CutIntegral[\"R04\", {1, 1, 1, 1}]}\" bytes \"209152\" seconds \"0.010322\n"
"From remote kernel:"
"\"KNOWN_FACTOR_DIVISION \"{36, CutIntegral[\"R04\", {1, 1, 1, 1}]}\" factor \"InputForm[-3 + D]\" variable \"D\" seconds \"0.005017\" input_bytes \"209152\" quotient_bytes \"149152\" divides \"False\n"
"From remote kernel:"
"\"KNOWN_FACTOR_DIVISION \"{36, CutIntegral[\"R04\", {1, 1, 1, 1}]}\" factor \"InputForm[-1 + D]\" variable \"D\" seconds \"0.002722\" input_bytes \"209152\" quotient_bytes \"149664\" divides \"False\n"
"From remote kernel:"
"\"KNOWN_FACTOR_DIVISION \"{36, CutIntegral[\"R04\", {1, 1, 1, 1}]}\" factor \"InputForm[Q^2 + s]\" variable \"s\" seconds \"0.003386\" input_bytes \"209152\" quotient_bytes \"126352\" divides \"False\n"
"From remote kernel:"
"\"KNOWN_FACTOR_DIVISION \"{36, CutIntegral[\"R04\", {1, 1, 1, 1}]}\" factor \"InputForm[s23]\" variable \"s23\" seconds \"0.00192\" input_bytes \"209152\" quotient_bytes \"161856\" divides \"False\n"
"From remote kernel:"
"\"KNOWN_FACTOR_DIVISION \"{36, CutIntegral[\"R04\", {1, 1, 1, 1}]}\" factor \"InputForm[s23 - t]\" variable \"s23\" seconds \"0.002574\" input_bytes \"209152\" quotient_bytes \"144856\" divides \"False\n"
"From remote kernel:"
"\"KNOWN_FACTOR_DIVISION \"{36, CutIntegral[\"R04\", {1, 1, 1, 1}]}\" factor \"InputForm[t]\" variable \"t\" seconds \"0.00163\" input_bytes \"209152\" quotient_bytes \"165016\" divides \"False\n"
"From remote kernel:"
"\"RETAINED_DENOMINATOR_FACTOR \"{36, CutIntegral[\"R04\", {1, 1, 1, 1}]}\" \"InputForm[Q^2*s23 + s*t]\n"
"From remote kernel:"
"\"REAL_MASTER_COEFFICIENT \"\"Hgq\"\" \"36\" \"InputForm[CutIntegral[\"R10\", {1, 1, 1, 1}]]\n"
"From remote kernel:"
"\"DENOMINATOR_SUPPORT \"{36, CutIntegral[\"R10\", {1, 1, 1, 1}]}\" \"InputForm[<|\"TermCount\" -> 4, \"FactorCount\" -> 8, \"FactorPowers\" -> <|-3 + D -> 1, -1 + D -> 1, s -> 1, Q^2 + s -> 3, s23 -> 1, SUNN -> 1, t -> 1, Q^2*s23 + s*t -> 2|>, \"InputBytes\" -> 312984, \"CommonDenominatorBytes\" -> 760|>]\n"
"From remote kernel:"
"\"STREAMED_NUMERATOR \"{36, CutIntegral[\"R10\", {1, 1, 1, 1}]}\" row \"4\"/\"4\" numerator_bytes \"436264\" kernel_memory \"2903037384\n"
"From remote kernel:"
"\"DENOMINATOR_NUMERATOR \"{36, CutIntegral[\"R10\", {1, 1, 1, 1}]}\" bytes \"436264\" seconds \"0.018576\n"
"From remote kernel:"
"\"KNOWN_FACTOR_DIVISION \"{36, CutIntegral[\"R10\", {1, 1, 1, 1}]}\" factor \"InputForm[-3 + D]\" variable \"D\" seconds \"0.008801\" input_bytes \"436264\" quotient_bytes \"321848\" divides \"False\n"
"From remote kernel:"
"\"KNOWN_FACTOR_DIVISION \"{36, CutIntegral[\"R10\", {1, 1, 1, 1}]}\" factor \"InputForm[-1 + D]\" variable \"D\" seconds \"0.005143\" input_bytes \"436264\" quotient_bytes \"320992\" divides \"False\n"
"From remote kernel:"
"\"KNOWN_FACTOR_DIVISION \"{36, CutIntegral[\"R10\", {1, 1, 1, 1}]}\" factor \"InputForm[s]\" variable \"s\" seconds \"0.004599\" input_bytes \"436264\" quotient_bytes \"355776\" divides \"False\n"
"From remote kernel:"
"\"KNOWN_FACTOR_DIVISION \"{36, CutIntegral[\"R10\", {1, 1, 1, 1}]}\" factor \"InputForm[Q^2 + s]\" variable \"s\" seconds \"0.007367\" input_bytes \"436264\" quotient_bytes \"308016\" divides \"False\n"
"From remote kernel:"
"\"KNOWN_FACTOR_DIVISION \"{36, CutIntegral[\"R10\", {1, 1, 1, 1}]}\" factor \"InputForm[s23]\" variable \"s23\" seconds \"0.004835\" input_bytes \"436264\" quotient_bytes \"354800\" divides \"False\n"
"From remote kernel:"
"\"KNOWN_FACTOR_DIVISION \"{36, CutIntegral[\"R10\", {1, 1, 1, 1}]}\" factor \"InputForm[SUNN]\" variable \"SUNN\" seconds \"0.010398\" input_bytes \"436264\" quotient_bytes \"177616\" divides \"False\n"
"From remote kernel:"
"\"KNOWN_FACTOR_DIVISION \"{36, CutIntegral[\"R10\", {1, 1, 1, 1}]}\" factor \"InputForm[t]\" variable \"t\" seconds \"0.005046\" input_bytes \"436264\" quotient_bytes \"316600\" divides \"False\n"
"From remote kernel:"
"\"RETAINED_DENOMINATOR_FACTOR \"{36, CutIntegral[\"R10\", {1, 1, 1, 1}]}\" \"InputForm[Q^2*s23 + s*t]\n"
"From remote kernel:"
"\"PASS: \"\"complete linear reduced coefficient reconstruction\"\n"
"From remote kernel:"
"\"PASS: \"\"reduced coefficients are scalar rational expressions\"\n"
"From remote kernel:"
"\"REAL_MAP_ACCEPTED \"\"Hgq\"\" \"36\n"
"From remote kernel:"
"\"STREAMED_NUMERATOR \"{37, CutIntegral[\"R01\", {1, 1, 0, 0}]}\" row \"32\"/\"173\" numerator_bytes \"188146312\" kernel_memory \"3111336592\n"
"From remote kernel:"
"\"STREAMED_NUMERATOR \"{37, CutIntegral[\"R01\", {1, 1, 0, 0}]}\" row \"48\"/\"173\" numerator_bytes \"192721656\" kernel_memory \"3122417704\n"
"From remote kernel:"
"\"STREAMED_NUMERATOR \"{37, CutIntegral[\"R01\", {1, 1, 0, 0}]}\" row \"64\"/\"173\" numerator_bytes \"201583816\" kernel_memory \"3146161128\n"
"From remote kernel:"
"\"STREAMED_NUMERATOR \"{37, CutIntegral[\"R01\", {1, 1, 0, 0}]}\" row \"80\"/\"173\" numerator_bytes \"193814912\" kernel_memory \"3137539680\n"
"From remote kernel:"
"\"STREAMED_NUMERATOR \"{37, CutIntegral[\"R01\", {1, 1, 0, 0}]}\" row \"96\"/\"173\" numerator_bytes \"194241088\" kernel_memory \"3122412160\n"
"From remote kernel:"
"\"STREAMED_NUMERATOR \"{37, CutIntegral[\"R01\", {1, 1, 0, 0}]}\" row \"112\"/\"173\" numerator_bytes \"190769800\" kernel_memory \"3124451728\n"
"From remote kernel:"
"\"STREAMED_NUMERATOR \"{37, CutIntegral[\"R01\", {1, 1, 0, 0}]}\" row \"128\"/\"173\" numerator_bytes \"190508712\" kernel_memory \"3129890944\n"
"From remote kernel:"
"\"STREAMED_NUMERATOR \"{37, CutIntegral[\"R01\", {1, 1, 0, 0}]}\" row \"144\"/\"173\" numerator_bytes \"186426992\" kernel_memory \"3137194416\n"
"From remote kernel:"
"\"STREAMED_NUMERATOR \"{37, CutIntegral[\"R01\", {1, 1, 0, 0}]}\" row \"160\"/\"173\" numerator_bytes \"183978896\" kernel_memory \"3143562144\n"
"From remote kernel:"
"\"STREAMED_NUMERATOR \"{37, CutIntegral[\"R01\", {1, 1, 0, 0}]}\" row \"173\"/\"173\" numerator_bytes \"186908808\" kernel_memory \"3145135936\n"
"From remote kernel:"
"\"PASS: \"\"exact complete numerator assembly\"\n"
"From remote kernel:"
"\"DENOMINATOR_NUMERATOR \"{37, CutIntegral[\"R01\", {1, 1, 0, 0}]}\" bytes \"186908808\" seconds \"879.118253\n"
"From remote kernel:"
"\"PASS: \"\"matched measured denominator inventory\"\n"
"From remote kernel:"
"\"PASS: \"\"exact known-factor quotient and remainder\"\n"
"From remote kernel:"
"\"KNOWN_FACTOR_DIVISION \"{37, CutIntegral[\"R01\", {1, 1, 0, 0}]}\" factor \"InputForm[-8 + D]\" variable \"D\" seconds \"6.10051\" input_bytes \"186908808\" quotient_bytes \"144245816\" divides \"True\n"
"From remote kernel:"
"\"KNOWN_FACTOR_DIVISION \"{37, CutIntegral[\"R01\", {1, 1, 0, 0}]}\" factor \"InputForm[-6 + D]\" variable \"D\" seconds \"2.739939\" input_bytes \"144245816\" quotient_bytes \"129260968\" divides \"True\n"
"From remote kernel:"
"\"KNOWN_FACTOR_DIVISION \"{37, CutIntegral[\"R01\", {1, 1, 0, 0}]}\" factor \"InputForm[-4 + D]\" variable \"D\" seconds \"3.935371\" input_bytes \"129260968\" quotient_bytes \"124380464\" divides \"False\n"
"From remote kernel:"
"\"KNOWN_FACTOR_DIVISION \"{37, CutIntegral[\"R01\", {1, 1, 0, 0}]}\" factor \"InputForm[-3 + D]\" variable \"D\" seconds \"3.02218\" input_bytes \"129260968\" quotient_bytes \"113497680\" divides \"True\n"
"From remote kernel:"
"\"KNOWN_FACTOR_DIVISION \"{37, CutIntegral[\"R01\", {1, 1, 0, 0}]}\" factor \"InputForm[-2 + D]\" variable \"D\" seconds \"3.245978\" input_bytes \"113497680\" quotient_bytes \"99672392\" divides \"False\n"
"From remote kernel:"
"\"KNOWN_FACTOR_DIVISION \"{37, CutIntegral[\"R01\", {1, 1, 0, 0}]}\" factor \"InputForm[-1 + D]\" variable \"D\" seconds \"1.842676\" input_bytes \"113497680\" quotient_bytes \"97476904\" divides \"True\n"
"From remote kernel:"
"\"KNOWN_FACTOR_DIVISION \"{37, CutIntegral[\"R01\", {1, 1, 0, 0}]}\" factor \"InputForm[D]\" variable \"D\" seconds \"1.503406\" input_bytes \"97476904\" quotient_bytes \"97476728\" divides \"True\n"
"From remote kernel:"
"\"KNOWN_FACTOR_DIVISION \"{37, CutIntegral[\"R01\", {1, 1, 0, 0}]}\" factor \"InputForm[s]\" variable \"s\" seconds \"2.356952\" input_bytes \"97476728\" quotient_bytes \"90287680\" divides \"False\n"
"From remote kernel:"
"\"KNOWN_FACTOR_DIVISION \"{37, CutIntegral[\"R01\", {1, 1, 0, 0}]}\" factor \"InputForm[Q^2 + s]\" variable \"s\" seconds \"2.851326\" input_bytes \"97476728\" quotient_bytes \"85112896\" divides \"True\n"
"From remote kernel:"
"\"KNOWN_FACTOR_DIVISION \"{37, CutIntegral[\"R01\", {1, 1, 0, 0}]}\" factor \"InputForm[Q^2 + s]\" variable \"s\" seconds \"1.148405\" input_bytes \"85112896\" quotient_bytes \"76677704\" divides \"True\n"
"From remote kernel:"
"\"KNOWN_FACTOR_DIVISION \"{37, CutIntegral[\"R01\", {1, 1, 0, 0}]}\" factor \"InputForm[Q^2 + s]\" variable \"s\" seconds \"1.049198\" input_bytes \"76677704\" quotient_bytes \"68839504\" divides \"False\n"
"From remote kernel:"
"\"KNOWN_FACTOR_DIVISION \"{37, CutIntegral[\"R01\", {1, 1, 0, 0}]}\" factor \"InputForm[s - s23]\" variable \"s\" seconds \"1.004483\" input_bytes \"76677704\" quotient_bytes \"70245432\" divides \"True\n"
"From remote kernel:"
"\"KNOWN_FACTOR_DIVISION \"{37, CutIntegral[\"R01\", {1, 1, 0, 0}]}\" factor \"InputForm[s - s23]\" variable \"s\" seconds \"1.053245\" input_bytes \"70245432\" quotient_bytes \"63813848\" divides \"True\n"
"From remote kernel:"
"\"KNOWN_FACTOR_DIVISION \"{37, CutIntegral[\"R01\", {1, 1, 0, 0}]}\" factor \"InputForm[s - s23]\" variable \"s\" seconds \"0.907253\" input_bytes \"63813848\" quotient_bytes \"57771144\" divides \"False\n"
"From remote kernel:"
"\"KNOWN_FACTOR_DIVISION \"{37, CutIntegral[\"R01\", {1, 1, 0, 0}]}\" factor \"InputForm[s23]\" variable \"s23\" seconds \"1.307246\" input_bytes \"63813848\" quotient_bytes \"60970120\" divides \"False\n"
"From remote kernel:"
"\"KNOWN_FACTOR_DIVISION \"{37, CutIntegral[\"R01\", {1, 1, 0, 0}]}\" factor \"InputForm[SUNN]\" variable \"SUNN\" seconds \"6.050276\" input_bytes \"63813848\" quotient_bytes \"34867360\" divides \"False\n"
"From remote kernel:"
"\"KNOWN_FACTOR_DIVISION \"{37, CutIntegral[\"R01\", {1, 1, 0, 0}]}\" factor \"InputForm[s23 - t]\" variable \"s23\" seconds \"1.890981\" input_bytes \"63813848\" quotient_bytes \"59409488\" divides \"True\n"
"From remote kernel:"
"\"KNOWN_FACTOR_DIVISION \"{37, CutIntegral[\"R01\", {1, 1, 0, 0}]}\" factor \"InputForm[s23 - t]\" variable \"s23\" seconds \"0.586183\" input_bytes \"59409488\" quotient_bytes \"55356152\" divides \"True\n"
"From remote kernel:"
"\"KNOWN_FACTOR_DIVISION \"{37, CutIntegral[\"R01\", {1, 1, 0, 0}]}\" factor \"InputForm[s23 - t]\" variable \"s23\" seconds \"0.587333\" input_bytes \"55356152\" quotient_bytes \"51478992\" divides \"True\n"
"From remote kernel:"
"\"KNOWN_FACTOR_DIVISION \"{37, CutIntegral[\"R01\", {1, 1, 0, 0}]}\" factor \"InputForm[s23 - t]\" variable \"s23\" seconds \"1.02518\" input_bytes \"51478992\" quotient_bytes \"47394328\" divides \"True\n"
"From remote kernel:"
"\"KNOWN_FACTOR_DIVISION \"{37, CutIntegral[\"R01\", {1, 1, 0, 0}]}\" factor \"InputForm[-Q^2 - s + s23 - t]\" variable \"s\" seconds \"1.620501\" input_bytes \"47394328\" quotient_bytes \"40543224\" divides \"True\n"
"From remote kernel:"
"\"KNOWN_FACTOR_DIVISION \"{37, CutIntegral[\"R01\", {1, 1, 0, 0}]}\" factor \"InputForm[-Q^2 - s + s23 - t]\" variable \"s\" seconds \"0.63874\" input_bytes \"40543224\" quotient_bytes \"34000080\" divides \"True\n"
"From remote kernel:"
"\"KNOWN_FACTOR_DIVISION \"{37, CutIntegral[\"R01\", {1, 1, 0, 0}]}\" factor \"InputForm[-Q^2 - s + s23 - t]\" variable \"s\" seconds \"0.512669\" input_bytes \"34000080\" quotient_bytes \"28209336\" divides \"True\n"
"From remote kernel:"
"\"KNOWN_FACTOR_DIVISION \"{37, CutIntegral[\"R01\", {1, 1, 0, 0}]}\" factor \"InputForm[t]\" variable \"t\" seconds \"0.521476\" input_bytes \"28209336\" quotient_bytes \"27373184\" divides \"False\n"
"From remote kernel:"
"\"KNOWN_FACTOR_DIVISION \"{37, CutIntegral[\"R01\", {1, 1, 0, 0}]}\" factor \"InputForm[-s23 + t]\" variable \"s23\" seconds \"0.738117\" input_bytes \"28209336\" quotient_bytes \"25381912\" divides \"True\n"
"From remote kernel:"
"\"KNOWN_FACTOR_DIVISION \"{37, CutIntegral[\"R01\", {1, 1, 0, 0}]}\" factor \"InputForm[-s23 + t]\" variable \"s23\" seconds \"0.39328\" input_bytes \"25381912\" quotient_bytes \"23383504\" divides \"False\n"
"From remote kernel:"
"\"KNOWN_FACTOR_DIVISION \"{37, CutIntegral[\"R01\", {1, 1, 0, 0}]}\" factor \"InputForm[Q^2 + s - s23 + t]\" variable \"s\" seconds \"0.708993\" input_bytes \"25381912\" quotient_bytes \"20412232\" divides \"True\n"
"From remote kernel:"
"\"KNOWN_FACTOR_DIVISION \"{37, CutIntegral[\"R01\", {1, 1, 0, 0}]}\" factor \"InputForm[Q^2 + s - s23 + t]\" variable \"s\" seconds \"0.291429\" input_bytes \"20412232\" quotient_bytes \"15908544\" divides \"True\n"
"From remote kernel:"
"\"KNOWN_FACTOR_DIVISION \"{37, CutIntegral[\"R01\", {1, 1, 0, 0}]}\" factor \"InputForm[Q^2 + s - s23 + t]\" variable \"s\" seconds \"0.201501\" input_bytes \"15908544\" quotient_bytes \"11848968\" divides \"True\n"
"From remote kernel:"
"\"KNOWN_FACTOR_DIVISION \"{37, CutIntegral[\"R01\", {1, 1, 0, 0}]}\" factor \"InputForm[Q^2 + s - s23 + t]\" variable \"s\" seconds \"0.25143\" input_bytes \"11848968\" quotient_bytes \"16613960\" divides \"False\n"
"From remote kernel:"
"\"RETAINED_DENOMINATOR_FACTOR \"{37, CutIntegral[\"R01\", {1, 1, 0, 0}]}\" \"InputForm[Q^2*s23 + s*t]\n"
"From remote kernel:"
"\"KNOWN_FACTOR_DIVISION \"{37, CutIntegral[\"R01\", {1, 1, 0, 0}]}\" factor \"InputForm[s^2 + 4*Q^2*s23 + 2*s*t + t^2]\" variable \"s\" seconds \"0.250932\" input_bytes \"11848968\" quotient_bytes \"8839680\" divides \"True\n"
"From remote kernel:"
"\"KNOWN_FACTOR_DIVISION \"{37, CutIntegral[\"R01\", {1, 1, 0, 0}]}\" factor \"InputForm[s^2 + 4*Q^2*s23 + 2*s*t + t^2]\" variable \"s\" seconds \"0.29355\" input_bytes \"8839680\" quotient_bytes \"6154344\" divides \"True\n"
"From remote kernel:"
"\"KNOWN_FACTOR_DIVISION \"{37, CutIntegral[\"R01\", {1, 1, 0, 0}]}\" factor \"InputForm[s^2 + 4*Q^2*s23 + 2*s*t + t^2]\" variable \"s\" seconds \"0.207273\" input_bytes \"6154344\" quotient_bytes \"4311320\" divides \"False\n"
"From remote kernel:"
"\"PASS: \"\"exact final numerator factorization\"\n"
"From remote kernel:"
"\"PASS: \"\"exact final denominator reconstruction\"\n"
"From remote kernel:"
"\"PASS: \"\"compressed scalar map below file bound\"\n"
"From remote kernel:"
"\"PASS: \"\"compressed scalar map exact round trip\"\n"
"From remote kernel:"
"\"PASS: \"\"master coefficient retains exact reconstruction\"\n"
"From remote kernel:"
"\"REAL_MASTER_COEFFICIENT \"\"Hgq\"\" \"37\" \"InputForm[CutIntegral[\"R01\", {1, 1, 1, 1}]]\n"
"From remote kernel:"
"\"DENOMINATOR_SUPPORT \"{37, CutIntegral[\"R01\", {1, 1, 1, 1}]}\" \"InputForm[<|\"TermCount\" -> 1, \"FactorCount\" -> 4, \"FactorPowers\" -> <|-3 + D -> 1, s23 - t -> 1, t -> 1, Q^2*s23 + s*t -> 1|>, \"InputBytes\" -> 91576, \"CommonDenominatorBytes\" -> 512|>]\n"
"From remote kernel:"
"\"STREAMED_NUMERATOR \"{37, CutIntegral[\"R01\", {1, 1, 1, 1}]}\" row \"1\"/\"1\" numerator_bytes \"91416\" kernel_memory \"2935255264\n"
"From remote kernel:"
"\"DENOMINATOR_NUMERATOR \"{37, CutIntegral[\"R01\", {1, 1, 1, 1}]}\" bytes \"91416\" seconds \"0.004048\n"
"From remote kernel:"
"\"KNOWN_FACTOR_DIVISION \"{37, CutIntegral[\"R01\", {1, 1, 1, 1}]}\" factor \"InputForm[-3 + D]\" variable \"D\" seconds \"0.00327\" input_bytes \"91416\" quotient_bytes \"58016\" divides \"False\n"
"From remote kernel:"
"\"KNOWN_FACTOR_DIVISION \"{37, CutIntegral[\"R01\", {1, 1, 1, 1}]}\" factor \"InputForm[s23 - t]\" variable \"s23\" seconds \"0.002904\" input_bytes \"91416\" quotient_bytes \"80232\" divides \"False\n"
"From remote kernel:"
"\"KNOWN_FACTOR_DIVISION \"{37, CutIntegral[\"R01\", {1, 1, 1, 1}]}\" factor \"InputForm[t]\" variable \"t\" seconds \"0.001424\" input_bytes \"91416\" quotient_bytes \"56664\" divides \"False\n"
"From remote kernel:"
"\"RETAINED_DENOMINATOR_FACTOR \"{37, CutIntegral[\"R01\", {1, 1, 1, 1}]}\" \"InputForm[Q^2*s23 + s*t]\n"
"From remote kernel:"
"\"REAL_MASTER_COEFFICIENT \"\"Hgq\"\" \"37\" \"InputForm[CutIntegral[\"R02\", {1, 1, 1, 1}]]\n"
"From remote kernel:"
"\"DENOMINATOR_SUPPORT \"{37, CutIntegral[\"R02\", {1, 1, 1, 1}]}\" \"InputForm[<|\"TermCount\" -> 4, \"FactorCount\" -> 7, \"FactorPowers\" -> <|-3 + D -> 1, Q^2 + s -> 2, s23 -> 1, SUNN -> 1, s23 - t -> 1, t -> 1, Q^2 + s - s23 + t -> 1|>, \"InputBytes\" -> 636280, \"CommonDenominatorBytes\" -> 712|>]\n"
"From remote kernel:"
"\"STREAMED_NUMERATOR \"{37, CutIntegral[\"R02\", {1, 1, 1, 1}]}\" row \"4\"/\"4\" numerator_bytes \"738232\" kernel_memory \"2937622760\n"
"From remote kernel:"
"\"DENOMINATOR_NUMERATOR \"{37, CutIntegral[\"R02\", {1, 1, 1, 1}]}\" bytes \"738232\" seconds \"0.031447\n"
"From remote kernel:"
"\"KNOWN_FACTOR_DIVISION \"{37, CutIntegral[\"R02\", {1, 1, 1, 1}]}\" factor \"InputForm[-3 + D]\" variable \"D\" seconds \"0.015319\" input_bytes \"738232\" quotient_bytes \"517384\" divides \"False\n"
"From remote kernel:"
"\"KNOWN_FACTOR_DIVISION \"{37, CutIntegral[\"R02\", {1, 1, 1, 1}]}\" factor \"InputForm[Q^2 + s]\" variable \"s\" seconds \"0.014394\" input_bytes \"738232\" quotient_bytes \"463784\" divides \"False\n"
"From remote kernel:"
"\"KNOWN_FACTOR_DIVISION \"{37, CutIntegral[\"R02\", {1, 1, 1, 1}]}\" factor \"InputForm[s23]\" variable \"s23\" seconds \"0.0095\" input_bytes \"738232\" quotient_bytes \"586728\" divides \"False\n"
"From remote kernel:"
"\"KNOWN_FACTOR_DIVISION \"{37, CutIntegral[\"R02\", {1, 1, 1, 1}]}\" factor \"InputForm[SUNN]\" variable \"SUNN\" seconds \"0.039676\" input_bytes \"738232\" quotient_bytes \"307504\" divides \"False\n"
"From remote kernel:"
"\"KNOWN_FACTOR_DIVISION \"{37, CutIntegral[\"R02\", {1, 1, 1, 1}]}\" factor \"InputForm[s23 - t]\" variable \"s23\" seconds \"0.014881\" input_bytes \"738232\" quotient_bytes \"497272\" divides \"False\n"
"From remote kernel:"
"\"KNOWN_FACTOR_DIVISION \"{37, CutIntegral[\"R02\", {1, 1, 1, 1}]}\" factor \"InputForm[t]\" variable \"t\" seconds \"0.00938\" input_bytes \"738232\" quotient_bytes \"508360\" divides \"False\n"
"From remote kernel:"
"\"KNOWN_FACTOR_DIVISION \"{37, CutIntegral[\"R02\", {1, 1, 1, 1}]}\" factor \"InputForm[Q^2 + s - s23 + t]\" variable \"s\" seconds \"0.015191\" input_bytes \"738232\" quotient_bytes \"498968\" divides \"False\n"
"From remote kernel:"
"\"REAL_MASTER_COEFFICIENT \"\"Hgq\"\" \"37\" \"InputForm[CutIntegral[\"R03\", {1, 1, 0, 1}]]\n"
"From remote kernel:"
"\"DENOMINATOR_SUPPORT \"{37, CutIntegral[\"R03\", {1, 1, 0, 1}]}\" \"InputForm[<|\"TermCount\" -> 31, \"FactorCount\" -> 13, \"FactorPowers\" -> <|-3 + D -> 1, -2 + D -> 1, D -> 1, s -> 1, Q^2 + s -> 3, s23 -> 1, SUNN -> 1, s23 - t -> 2, t -> 3, -s23 + t -> 2, Q^2 + s - s23 + t -> 2, Q^2*s23 + s*t -> 1, s^2 + 4*Q^2*s23 + 2*s*t + t^2 -> 4|>, \"InputBytes\" -> 15288960, \"CommonDenominatorBytes\" -> 2008|>]\n"
"From remote kernel:"
"\"STREAMED_NUMERATOR \"{37, CutIntegral[\"R03\", {1, 1, 0, 1}]}\" row \"16\"/\"31\" numerator_bytes \"28680256\" kernel_memory \"2980575208\n"
"From remote kernel:"
"\"STREAMED_NUMERATOR \"{37, CutIntegral[\"R03\", {1, 1, 0, 1}]}\" row \"31\"/\"31\" numerator_bytes \"26904680\" kernel_memory \"2967095376\n"
"From remote kernel:"
"\"DENOMINATOR_NUMERATOR \"{37, CutIntegral[\"R03\", {1, 1, 0, 1}]}\" bytes \"26904680\" seconds \"17.469104\n"
"From remote kernel:"
"\"KNOWN_FACTOR_DIVISION \"{37, CutIntegral[\"R03\", {1, 1, 0, 1}]}\" factor \"InputForm[-3 + D]\" variable \"D\" seconds \"1.123487\" input_bytes \"26904680\" quotient_bytes \"23033104\" divides \"False\n"
"From remote kernel:"
"\"KNOWN_FACTOR_DIVISION \"{37, CutIntegral[\"R03\", {1, 1, 0, 1}]}\" factor \"InputForm[-2 + D]\" variable \"D\" seconds \"1.117408\" input_bytes \"26904680\" quotient_bytes \"19326440\" divides \"True\n"
"From remote kernel:"
"\"KNOWN_FACTOR_DIVISION \"{37, CutIntegral[\"R03\", {1, 1, 0, 1}]}\" factor \"InputForm[D]\" variable \"D\" seconds \"0.202651\" input_bytes \"19326440\" quotient_bytes \"19326264\" divides \"True\n"
"From remote kernel:"
"\"KNOWN_FACTOR_DIVISION \"{37, CutIntegral[\"R03\", {1, 1, 0, 1}]}\" factor \"InputForm[s]\" variable \"s\" seconds \"0.338918\" input_bytes \"19326264\" quotient_bytes \"17648096\" divides \"False\n"
"From remote kernel:"
"\"KNOWN_FACTOR_DIVISION \"{37, CutIntegral[\"R03\", {1, 1, 0, 1}]}\" factor \"InputForm[Q^2 + s]\" variable \"s\" seconds \"0.507657\" input_bytes \"19326264\" quotient_bytes \"15884776\" divides \"True\n"
"From remote kernel:"
"\"KNOWN_FACTOR_DIVISION \"{37, CutIntegral[\"R03\", {1, 1, 0, 1}]}\" factor \"InputForm[Q^2 + s]\" variable \"s\" seconds \"0.22422\" input_bytes \"15884776\" quotient_bytes \"13473240\" divides \"True\n"
"From remote kernel:"
"\"KNOWN_FACTOR_DIVISION \"{37, CutIntegral[\"R03\", {1, 1, 0, 1}]}\" factor \"InputForm[Q^2 + s]\" variable \"s\" seconds \"0.196541\" input_bytes \"13473240\" quotient_bytes \"11479160\" divides \"False\n"
"From remote kernel:"
"\"KNOWN_FACTOR_DIVISION \"{37, CutIntegral[\"R03\", {1, 1, 0, 1}]}\" factor \"InputForm[s23]\" variable \"s23\" seconds \"0.356802\" input_bytes \"13473240\" quotient_bytes \"12697128\" divides \"False\n"
"From remote kernel:"
"\"KNOWN_FACTOR_DIVISION \"{37, CutIntegral[\"R03\", {1, 1, 0, 1}]}\" factor \"InputForm[SUNN]\" variable \"SUNN\" seconds \"1.541137\" input_bytes \"13473240\" quotient_bytes \"7456264\" divides \"False\n"
"From remote kernel:"
"\"KNOWN_FACTOR_DIVISION \"{37, CutIntegral[\"R03\", {1, 1, 0, 1}]}\" factor \"InputForm[s23 - t]\" variable \"s23\" seconds \"0.483744\" input_bytes \"13473240\" quotient_bytes \"11898504\" divides \"True\n"
"From remote kernel:"
"\"KNOWN_FACTOR_DIVISION \"{37, CutIntegral[\"R03\", {1, 1, 0, 1}]}\" factor \"InputForm[s23 - t]\" variable \"s23\" seconds \"0.192036\" input_bytes \"11898504\" quotient_bytes \"10269288\" divides \"True\n"
"From remote kernel:"
"\"KNOWN_FACTOR_DIVISION \"{37, CutIntegral[\"R03\", {1, 1, 0, 1}]}\" factor \"InputForm[t]\" variable \"t\" seconds \"0.221251\" input_bytes \"10269288\" quotient_bytes \"9832352\" divides \"False\n"
"From remote kernel:"
"\"KNOWN_FACTOR_DIVISION \"{37, CutIntegral[\"R03\", {1, 1, 0, 1}]}\" factor \"InputForm[-s23 + t]\" variable \"s23\" seconds \"0.175029\" input_bytes \"10269288\" quotient_bytes \"8667456\" divides \"True\n"
"From remote kernel:"
"\"KNOWN_FACTOR_DIVISION \"{37, CutIntegral[\"R03\", {1, 1, 0, 1}]}\" factor \"InputForm[-s23 + t]\" variable \"s23\" seconds \"0.161211\" input_bytes \"8667456\" quotient_bytes \"7048144\" divides \"True\n"
"From remote kernel:"
"\"KNOWN_FACTOR_DIVISION \"{37, CutIntegral[\"R03\", {1, 1, 0, 1}]}\" factor \"InputForm[Q^2 + s - s23 + t]\" variable \"s\" seconds \"0.236468\" input_bytes \"7048144\" quotient_bytes \"4463328\" divides \"True\n"
"From remote kernel:"
"\"KNOWN_FACTOR_DIVISION \"{37, CutIntegral[\"R03\", {1, 1, 0, 1}]}\" factor \"InputForm[Q^2 + s - s23 + t]\" variable \"s\" seconds \"0.109362\" input_bytes \"4463328\" quotient_bytes \"9242712\" divides \"False\n"
"From remote kernel:"
"\"RETAINED_DENOMINATOR_FACTOR \"{37, CutIntegral[\"R03\", {1, 1, 0, 1}]}\" \"InputForm[Q^2*s23 + s*t]\n"
"From remote kernel:"
"\"KNOWN_FACTOR_DIVISION \"{37, CutIntegral[\"R03\", {1, 1, 0, 1}]}\" factor \"InputForm[s^2 + 4*Q^2*s23 + 2*s*t + t^2]\" variable \"s\" seconds \"0.063519\" input_bytes \"4463328\" quotient_bytes \"3235448\" divides \"True\n"
"From remote kernel:"
"\"KNOWN_FACTOR_DIVISION \"{37, CutIntegral[\"R03\", {1, 1, 0, 1}]}\" factor \"InputForm[s^2 + 4*Q^2*s23 + 2*s*t + t^2]\" variable \"s\" seconds \"0.058708\" input_bytes \"3235448\" quotient_bytes \"2194544\" divides \"True\n"
"From remote kernel:"
"\"KNOWN_FACTOR_DIVISION \"{37, CutIntegral[\"R03\", {1, 1, 0, 1}]}\" factor \"InputForm[s^2 + 4*Q^2*s23 + 2*s*t + t^2]\" variable \"s\" seconds \"0.040334\" input_bytes \"2194544\" quotient_bytes \"1506152\" divides \"False\n"
"From remote kernel:"
"\"REAL_MASTER_COEFFICIENT \"\"Hgq\"\" \"37\" \"InputForm[CutIntegral[\"R03\", {1, 1, 1, 1}]]\n"
"From remote kernel:"
"\"DENOMINATOR_SUPPORT \"{37, CutIntegral[\"R03\", {1, 1, 1, 1}]}\" \"InputForm[<|\"TermCount\" -> 1, \"FactorCount\" -> 7, \"FactorPowers\" -> <|-3 + D -> 1, Q^2 + s -> 2, SUNN -> 1, s23 - t -> 1, t -> 1, Q^2 + s - s23 + t -> 1, Q^2*s23 + s*t -> 1|>, \"InputBytes\" -> 124048, \"CommonDenominatorBytes\" -> 952|>]\n"
"From remote kernel:"
"\"STREAMED_NUMERATOR \"{37, CutIntegral[\"R03\", {1, 1, 1, 1}]}\" row \"1\"/\"1\" numerator_bytes \"877352\" kernel_memory \"2938162384\n"
"From remote kernel:"
"\"DENOMINATOR_NUMERATOR \"{37, CutIntegral[\"R03\", {1, 1, 1, 1}]}\" bytes \"877352\" seconds \"0.014376\n"
"From remote kernel:"
"\"KNOWN_FACTOR_DIVISION \"{37, CutIntegral[\"R03\", {1, 1, 1, 1}]}\" factor \"InputForm[-3 + D]\" variable \"D\" seconds \"0.02155\" input_bytes \"877352\" quotient_bytes \"595480\" divides \"False\n"
"From remote kernel:"
"\"KNOWN_FACTOR_DIVISION \"{37, CutIntegral[\"R03\", {1, 1, 1, 1}]}\" factor \"InputForm[Q^2 + s]\" variable \"s\" seconds \"0.018713\" input_bytes \"877352\" quotient_bytes \"591632\" divides \"False\n"
"From remote kernel:"
"\"KNOWN_FACTOR_DIVISION \"{37, CutIntegral[\"R03\", {1, 1, 1, 1}]}\" factor \"InputForm[SUNN]\" variable \"SUNN\" seconds \"0.062697\" input_bytes \"877352\" quotient_bytes \"441160\" divides \"False\n"
"From remote kernel:"
"\"KNOWN_FACTOR_DIVISION \"{37, CutIntegral[\"R03\", {1, 1, 1, 1}]}\" factor \"InputForm[s23 - t]\" variable \"s23\" seconds \"0.017878\" input_bytes \"877352\" quotient_bytes \"585992\" divides \"False\n"
"From remote kernel:"
"\"KNOWN_FACTOR_DIVISION \"{37, CutIntegral[\"R03\", {1, 1, 1, 1}]}\" factor \"InputForm[t]\" variable \"t\" seconds \"0.010545\" input_bytes \"877352\" quotient_bytes \"619120\" divides \"False\n"
"From remote kernel:"
"\"KNOWN_FACTOR_DIVISION \"{37, CutIntegral[\"R03\", {1, 1, 1, 1}]}\" factor \"InputForm[Q^2 + s - s23 + t]\" variable \"s\" seconds \"0.016744\" input_bytes \"877352\" quotient_bytes \"577288\" divides \"False\n"
"From remote kernel:"
"\"RETAINED_DENOMINATOR_FACTOR \"{37, CutIntegral[\"R03\", {1, 1, 1, 1}]}\" \"InputForm[Q^2*s23 + s*t]\n"
"From remote kernel:"
"\"REAL_MASTER_COEFFICIENT \"\"Hgq\"\" \"37\" \"InputForm[CutIntegral[\"R04\", {1, 1, 1, 1}]]\n"
"From remote kernel:"
"\"DENOMINATOR_SUPPORT \"{37, CutIntegral[\"R04\", {1, 1, 1, 1}]}\" \"InputForm[<|\"TermCount\" -> 4, \"FactorCount\" -> 5, \"FactorPowers\" -> <|-3 + D -> 1, s23 -> 1, s23 - t -> 1, t -> 3, Q^2*s23 + s*t -> 1|>, \"InputBytes\" -> 178416, \"CommonDenominatorBytes\" -> 592|>]\n"
"From remote kernel:"
"\"STREAMED_NUMERATOR \"{37, CutIntegral[\"R04\", {1, 1, 1, 1}]}\" row \"4\"/\"4\" numerator_bytes \"208600\" kernel_memory \"2939135440\n"
"From remote kernel:"
"\"DENOMINATOR_NUMERATOR \"{37, CutIntegral[\"R04\", {1, 1, 1, 1}]}\" bytes \"208600\" seconds \"0.012224\n"
"From remote kernel:"
"\"KNOWN_FACTOR_DIVISION \"{37, CutIntegral[\"R04\", {1, 1, 1, 1}]}\" factor \"InputForm[-3 + D]\" variable \"D\" seconds \"0.004823\" input_bytes \"208600\" quotient_bytes \"142552\" divides \"False\n"
"From remote kernel:"
"\"KNOWN_FACTOR_DIVISION \"{37, CutIntegral[\"R04\", {1, 1, 1, 1}]}\" factor \"InputForm[s23]\" variable \"s23\" seconds \"0.002689\" input_bytes \"208600\" quotient_bytes \"147976\" divides \"False\n"
"From remote kernel:"
"\"KNOWN_FACTOR_DIVISION \"{37, CutIntegral[\"R04\", {1, 1, 1, 1}]}\" factor \"InputForm[s23 - t]\" variable \"s23\" seconds \"0.004085\" input_bytes \"208600\" quotient_bytes \"128896\" divides \"False\n"
"From remote kernel:"
"\"KNOWN_FACTOR_DIVISION \"{37, CutIntegral[\"R04\", {1, 1, 1, 1}]}\" factor \"InputForm[t]\" variable \"t\" seconds \"0.002861\" input_bytes \"208600\" quotient_bytes \"159192\" divides \"False\n"
"From remote kernel:"
"\"RETAINED_DENOMINATOR_FACTOR \"{37, CutIntegral[\"R04\", {1, 1, 1, 1}]}\" \"InputForm[Q^2*s23 + s*t]\n"
"From remote kernel:"
"\"REAL_MASTER_COEFFICIENT \"\"Hgq\"\" \"37\" \"InputForm[CutIntegral[\"R10\", {1, 1, 1, 1}]]\n"
"From remote kernel:"
"\"DENOMINATOR_SUPPORT \"{37, CutIntegral[\"R10\", {1, 1, 1, 1}]}\" \"InputForm[<|\"TermCount\" -> 4, \"FactorCount\" -> 7, \"FactorPowers\" -> <|-3 + D -> 1, s -> 1, Q^2 + s -> 2, s23 -> 1, SUNN -> 1, t -> 1, Q^2*s23 + s*t -> 1|>, \"InputBytes\" -> 469768, \"CommonDenominatorBytes\" -> 608|>]\n"
"From remote kernel:"
"\"STREAMED_NUMERATOR \"{37, CutIntegral[\"R10\", {1, 1, 1, 1}]}\" row \"4\"/\"4\" numerator_bytes \"564424\" kernel_memory \"2940209840\n"
"From remote kernel:"
"\"DENOMINATOR_NUMERATOR \"{37, CutIntegral[\"R10\", {1, 1, 1, 1}]}\" bytes \"564424\" seconds \"0.020795\n"
"From remote kernel:"
"\"KNOWN_FACTOR_DIVISION \"{37, CutIntegral[\"R10\", {1, 1, 1, 1}]}\" factor \"InputForm[-3 + D]\" variable \"D\" seconds \"0.011167\" input_bytes \"564424\" quotient_bytes \"394864\" divides \"False\n"
"From remote kernel:"
"\"KNOWN_FACTOR_DIVISION \"{37, CutIntegral[\"R10\", {1, 1, 1, 1}]}\" factor \"InputForm[s]\" variable \"s\" seconds \"0.007342\" input_bytes \"564424\" quotient_bytes \"447160\" divides \"False\n"
"From remote kernel:"
"\"KNOWN_FACTOR_DIVISION \"{37, CutIntegral[\"R10\", {1, 1, 1, 1}]}\" factor \"InputForm[Q^2 + s]\" variable \"s\" seconds \"0.011556\" input_bytes \"564424\" quotient_bytes \"338704\" divides \"False\n"
"From remote kernel:"
"\"KNOWN_FACTOR_DIVISION \"{37, CutIntegral[\"R10\", {1, 1, 1, 1}]}\" factor \"InputForm[s23]\" variable \"s23\" seconds \"0.007951\" input_bytes \"564424\" quotient_bytes \"438240\" divides \"False\n"
"From remote kernel:"
"\"KNOWN_FACTOR_DIVISION \"{37, CutIntegral[\"R10\", {1, 1, 1, 1}]}\" factor \"InputForm[SUNN]\" variable \"SUNN\" seconds \"0.014187\" input_bytes \"564424\" quotient_bytes \"216424\" divides \"False\n"
"From remote kernel:"
"\"KNOWN_FACTOR_DIVISION \"{37, CutIntegral[\"R10\", {1, 1, 1, 1}]}\" factor \"InputForm[t]\" variable \"t\" seconds \"0.008543\" input_bytes \"564424\" quotient_bytes \"383464\" divides \"False\n"
"From remote kernel:"
"\"RETAINED_DENOMINATOR_FACTOR \"{37, CutIntegral[\"R10\", {1, 1, 1, 1}]}\" \"InputForm[Q^2*s23 + s*t]\n"
"From remote kernel:"
"\"PASS: \"\"complete linear reduced coefficient reconstruction\"\n"
"From remote kernel:"
"\"PASS: \"\"reduced coefficients are scalar rational expressions\"\n"
"From remote kernel:"
"\"REAL_MAP_ACCEPTED \"\"Hgq\"\" \"37\n"
"PASS: ""all scalar-map workers accepted"
"PASS: ""all nonzero components mapped"
"PASS: ""compressed scalar map below file bound"
"PASS: ""compressed scalar map exact round trip"
"PASS: s08_map_real_spin"
