"PASS: ""explicit authorized single local kernel"
"PASS: ""bound complete local source"
"PASS: ""pinned input Hgg/s08_mapping_inputs_result/s08_component_0008.wl"
"PASS: ""pinned input Hgg/s08_mapping_inputs_result/s08_recovery_execution.json"
"PASS: ""pinned input common/s08_inputs.json"
"PASS: ""pinned input common/s08_result/reference/s03_real_families.wl"
"PASS: ""pinned input common/s08_result/reference/s11_real_master_coefficients.wl"
"PASS: ""pinned input Hgg/s05_result/s05_result.wl"
"PASS: ""pinned input common/s06_result/s06_result.wl"
"PASS: ""pinned input common/s06_result/reference/s02_result.wl"
"PASS: ""pinned input common/s06_result/reference/s04_result.wl"
"PASS: ""pinned input common/s08_result/reference/s08_map_real_spin_before_known_denominator.wls"
"PASS: ""pinned input common/s08_resume_Hqg_polynomial_maps.wls"
"PASS: ""pinned input common/s08_map_Hgg_component_inputs.wls"
"PASS: ""pinned input common/s08_map_Hgg_factored_inputs.wls"
"PASS: ""pinned input common/s05_project_Hgg_piecewise_storage.wls"
"PASS: ""pinned input Hgg/s05_result/s05_metadata.wl"
"PASS: ""pinned input Hgg/s05_result/s05_component_manifest.json"
"PASS: ""pinned input Hgg/s05_result/s05_execution.json"
"PASS: ""pinned input Hgq/s08_certified_denominator_result/s08_result.wl"
"PASS: ""pinned input misc/s06_imported_groups.json"
"PASS: ""pinned input Hqg/s08_polynomial_group_result/s08_result.wl"
"PASS: ""pinned input Hqg/s08_polynomial_group_result/s08_execution.json"
"PASS: ""pinned input Hgg/s08_factored_atom_certificate_result/s08_result.wl"
"PASS: ""pinned input Hgg/s08_factored_atom_certificate_result/s08_execution.json"
"PASS: ""pinned input Hgg/s08_scalar_certificate_result/s08_result.wl"
"PASS: ""pinned input Hgg/s08_scalar_certificate_result/s08_execution.json"
"PASS: ""pinned input Hgg/s08_compact_groups_result/s08_result.wl"
"PASS: ""pinned input Hgg/s08_compact_groups_result/s08_execution.json"
"PASS: ""pinned input Hgg/s08_external_factor_result/s08_result.wl"
"PASS: ""pinned input Hgg/s08_external_factor_result/s08_execution.json"
"PASS: ""pinned input Hgg/s08_response_read_result/s08_result.wl"
"PASS: ""pinned input Hgg/s08_response_read_result/s08_execution.json"
"PASS: ""pinned input Hgg/s05_projected_components_result/Photon_4/s05_payload_0018.txt"
"PASS: ""pinned input Hgg/s05_projected_components_result/Photon_4/s05_payload_0022.txt"
"PASS: ""pinned input Hgg/s05_projected_components_result/Photon_4/s05_payload_0019.txt"
"PASS: ""pinned input Hgg/s05_projected_components_result/Photon_4/s05_payload_0015.txt"
"PASS: ""pinned input Hgg/s05_projected_components_result/Photon_4/s05_payload_0008.txt"
"PASS: ""pinned input Hgg/s05_projected_components_result/Photon_4/s05_payload_0014.txt"
"PASS: ""pinned input Hgg/s05_projected_components_result/Photon_4/s05_payload_0005.txt"
"PASS: ""pinned input Hgg/s05_projected_components_result/Photon_4/s05_payload_0023.txt"
"PASS: ""pinned input Hgg/s05_projected_components_result/Photon_4/s05_payload_0010.txt"
"PASS: ""pinned input Hgg/s05_projected_components_result/Photon_4/s05_payload_0006.txt"
"PASS: ""pinned input Hgg/s05_projected_components_result/Photon_4/s05_payload_0027.txt"
"PASS: ""pinned input Hgg/s05_projected_components_result/Photon_4/s05_payload_0004.txt"
"PASS: ""pinned input Hgg/s05_projected_components_result/Photon_4/s05_payload_0011.txt"
"PASS: ""pinned input Hgg/s05_projected_components_result/Photon_4/s05_payload_0001.txt"
"PASS: ""pinned input Hgg/s05_projected_components_result/Photon_4/s05_payload_0012.txt"
"PASS: ""pinned input Hgg/s05_projected_components_result/Photon_4/s05_payload_0003.txt"
"PASS: ""pinned input Hgg/s05_projected_components_result/Photon_4/s05_payload_0028.txt"
"PASS: ""pinned input Hgg/s05_projected_components_result/Photon_4/s05_execution.json"
"PASS: ""pinned input Hgg/s05_projected_components_result/Photon_4/s05_payload_0007.txt"
"PASS: ""pinned input Hgg/s05_projected_components_result/Photon_4/s05_payload_0025.txt"
"PASS: ""pinned input Hgg/s05_projected_components_result/Photon_4/s05_checks.json"
"PASS: ""pinned input Hgg/s05_projected_components_result/Photon_4/s05_result.wl"
"PASS: ""pinned input Hgg/s05_projected_components_result/Photon_4/s05_payload_0009.txt"
"PASS: ""pinned input Hgg/s05_projected_components_result/Photon_4/s05_payload_0016.txt"
"PASS: ""pinned input Hgg/s05_projected_components_result/Photon_4/s05_payload_0013.txt"
"PASS: ""pinned input Hgg/s05_projected_components_result/Photon_4/s05_payload_0026.txt"
"PASS: ""pinned input Hgg/s05_projected_components_result/Photon_4/s05_payload_manifest.json"
"PASS: ""pinned input Hgg/s05_projected_components_result/Photon_4/s05_payload_0017.txt"
"PASS: ""pinned input Hgg/s05_projected_components_result/Photon_4/s05_payload_0002.txt"
"PASS: ""pinned input Hgg/s05_projected_components_result/Photon_4/s05_payload_0021.txt"
"PASS: ""pinned input Hgg/s05_projected_components_result/Photon_4/s05_payload_0024.txt"
"PASS: ""pinned input Hgg/s05_projected_components_result/Photon_4/s05_payload_0020.txt"
"PASS: ""pinned input misc/s06_work/cache/s08_Hgg_grouped/244be3fbf4bd6c97320bdf9194b8d1744e45b97597929aba9717bf70927353ec_numeric_phase/component_38_outer_1_group_0001.wl"
"PASS: ""pinned input misc/s06_work/cache/s08_Hgg_grouped/244be3fbf4bd6c97320bdf9194b8d1744e45b97597929aba9717bf70927353ec_numeric_phase/component_38_outer_1_group_0002.wl"
"PASS: ""pinned input misc/s06_work/cache/s08_Hgg_grouped/244be3fbf4bd6c97320bdf9194b8d1744e45b97597929aba9717bf70927353ec_numeric_phase/component_38_outer_1_group_0003.wl"
"PASS: ""pinned input misc/s06_work/cache/s08_Hgg_grouped/244be3fbf4bd6c97320bdf9194b8d1744e45b97597929aba9717bf70927353ec_numeric_phase/component_38_outer_1_group_0004.wl"
"PASS: ""pinned input misc/s06_work/cache/s08_Hgg_grouped/244be3fbf4bd6c97320bdf9194b8d1744e45b97597929aba9717bf70927353ec_numeric_phase/component_38_outer_1_group_0005.wl"
"PASS: ""pinned input misc/s06_work/cache/s08_Hgg_grouped/244be3fbf4bd6c97320bdf9194b8d1744e45b97597929aba9717bf70927353ec_numeric_phase/component_38_outer_1_group_0006.wl"
"PASS: ""pinned input misc/s06_work/cache/s08_Hgg_grouped/244be3fbf4bd6c97320bdf9194b8d1744e45b97597929aba9717bf70927353ec_numeric_phase/component_38_outer_1_group_0007.wl"
"PASS: ""pinned input misc/s06_work/cache/s08_Hgg_grouped/244be3fbf4bd6c97320bdf9194b8d1744e45b97597929aba9717bf70927353ec_numeric_phase/component_38_outer_1_group_0008.wl"
"PASS: ""pinned input misc/s06_work/cache/s08_Hgg_grouped/244be3fbf4bd6c97320bdf9194b8d1744e45b97597929aba9717bf70927353ec_numeric_phase/component_38_outer_1_group_0009.wl"
"PASS: ""pinned input misc/s06_work/cache/s08_Hgg_grouped/244be3fbf4bd6c97320bdf9194b8d1744e45b97597929aba9717bf70927353ec_numeric_phase/component_38_outer_1_group_0010.wl"
"PASS: ""pinned input misc/s06_work/cache/s08_Hgg_grouped/244be3fbf4bd6c97320bdf9194b8d1744e45b97597929aba9717bf70927353ec_numeric_phase/component_38_outer_1_group_0011.wl"
"PASS: ""pinned input misc/s06_work/cache/s08_Hgg_grouped/244be3fbf4bd6c97320bdf9194b8d1744e45b97597929aba9717bf70927353ec_numeric_phase/component_38_outer_1_group_0012.wl"
"PASS: ""pinned input misc/s06_work/cache/s08_Hgg_grouped/244be3fbf4bd6c97320bdf9194b8d1744e45b97597929aba9717bf70927353ec_numeric_phase/component_38_outer_1_group_0013.wl"
"PASS: ""pinned input misc/s06_work/cache/s08_Hgg_grouped/244be3fbf4bd6c97320bdf9194b8d1744e45b97597929aba9717bf70927353ec_numeric_phase/component_38_outer_1_group_0014.wl"
"PASS: ""pinned input misc/s06_work/cache/s08_Hgg_grouped/244be3fbf4bd6c97320bdf9194b8d1744e45b97597929aba9717bf70927353ec_numeric_phase/component_38_outer_1_group_0015.wl"
"PASS: ""pinned input misc/s06_work/cache/s08_Hgg_grouped/244be3fbf4bd6c97320bdf9194b8d1744e45b97597929aba9717bf70927353ec_numeric_phase/component_38_outer_1_group_0016.wl"
"PASS: ""pinned input misc/s06_work/cache/s08_Hgg_grouped/244be3fbf4bd6c97320bdf9194b8d1744e45b97597929aba9717bf70927353ec_numeric_phase/component_38_outer_1_group_0017.wl"
"PASS: ""pinned input misc/s06_work/cache/s08_Hgg_grouped/244be3fbf4bd6c97320bdf9194b8d1744e45b97597929aba9717bf70927353ec_numeric_phase/component_38_outer_1_group_0018.wl"
"PASS: ""pinned input misc/s06_work/cache/s08_Hgg_grouped/244be3fbf4bd6c97320bdf9194b8d1744e45b97597929aba9717bf70927353ec_numeric_phase/component_38_outer_1_group_0019.wl"
"PASS: ""pinned input misc/s06_work/cache/s08_Hgg_grouped/244be3fbf4bd6c97320bdf9194b8d1744e45b97597929aba9717bf70927353ec_numeric_phase/component_38_outer_1_group_0020.wl"
"PASS: ""pinned input misc/s06_work/cache/s08_Hgg_grouped/244be3fbf4bd6c97320bdf9194b8d1744e45b97597929aba9717bf70927353ec_numeric_phase/component_38_outer_1_group_0021.wl"
"PASS: ""accepted receipt Hgg/s08_mapping_inputs_result/s08_component_0008.wl"
"PASS: ""accepted checks Hgg/s08_mapping_inputs_result/s08_component_0008.wl"
"PASS: ""own complete Hgg native input"
"PASS: ""same FeynCalc serialization version"
"PASS: ""unchanged scientific input common/s08_inputs.json"
"PASS: ""unchanged scientific input common/s08_result/reference/s03_real_families.wl"
"PASS: ""unchanged scientific input common/s08_result/reference/s11_real_master_coefficients.wl"
"PASS: ""unchanged scientific input Hgg/s05_result/s05_result.wl"
"PASS: ""unchanged scientific input common/s06_result/s06_result.wl"
"PASS: ""unchanged scientific input common/s06_result/reference/s02_result.wl"
"PASS: ""unchanged scientific input common/s06_result/reference/s04_result.wl"
"PASS: ""unique reviewed source block common/s08_result/reference/s08_map_real_spin_before_known_denominator.wls"
"PASS: ""complete source block syntax common/s08_result/reference/s08_map_real_spin_before_known_denominator.wls"
"PASS: ""exact own original mapping definitions"
"PASS: ""accepted receipt Hqg/s08_polynomial_group_result/s08_result.wl"
"PASS: ""accepted checks Hqg/s08_polynomial_group_result/s08_result.wl"
"PASS: ""accepted reusable polynomial contract"
"PASS: ""unchanged exact native writer"
"PASS: ""accepted receipt Hgg/s08_factored_atom_certificate_result/s08_result.wl"
"PASS: ""accepted checks Hgg/s08_factored_atom_certificate_result/s08_result.wl"
"PASS: ""accepted exact atom implementation"
"PASS: ""accepted receipt Hgg/s08_scalar_certificate_result/s08_result.wl"
"PASS: ""accepted checks Hgg/s08_scalar_certificate_result/s08_result.wl"
"PASS: ""accepted exact scalar certificates"
"PASS: ""accepted receipt Hgg/s08_compact_groups_result/s08_result.wl"
"PASS: ""accepted checks Hgg/s08_compact_groups_result/s08_result.wl"
"PASS: ""accepted compact grouping contract"
"PASS: ""only accepted piece mapper installed"
"PASS: ""accepted receipt Hgg/s08_external_factor_result/s08_result.wl"
"PASS: ""accepted checks Hgg/s08_external_factor_result/s08_result.wl"
"PASS: ""accepted exact external-factor implementation"
"PASS: ""unique reviewed source block common/s08_resume_Hqg_polynomial_maps.wls"
"PASS: ""complete source block syntax common/s08_resume_Hqg_polynomial_maps.wls"
"PASS: ""accepted receipt Hgg/s08_response_read_result/s08_result.wl"
"PASS: ""accepted checks Hgg/s08_response_read_result/s08_result.wl"
"PASS: ""accepted input reader native version"
"PASS: ""unique reviewed source block common/s08_map_Hgg_component_inputs.wls"
"PASS: ""complete source block syntax common/s08_map_Hgg_component_inputs.wls"
"PASS: ""unique accepted payload read"
"PASS: ""complete single-component reader syntax"
"PASS: ""accepted complete metadata"
"PASS: ""Hgg accepted bounded component interface"
"PASS: ""Hgg complete distinct native task inventory"
"PASS: ""Hgg deferred tasks retain exact ordering"
"HGG_COMPONENT_TASKS "98" metadata_bytes "84640
"PASS: ""own native task identity"
"PASS: ""selected components exist"
"PASS: ""accepted original scalar reduction"
"PASS: ""scientific group identity matches imported checkpoints"
"LOCAL_COMPLETE_OWN_COMPARISON_START"
"PASS: ""whole own input retained"
"LOCAL_OWN_TERM_START "1"/"36
"PASS: ""exact external factor reconstructs the whole input"
"PASS: ""external factor has no loop coordinate"
"EXTERNAL_FACTOR_INPUT "InputForm[(2*eq^2*SUNN)/((-3 + D)*Q^2*(Q^2 + s)^3*(Q^2 + s - s23 + t)^2*(Q^4 + Q^2*s - 2*Q^2*s23 + Q^2*t - s*t))]
"PASS: ""original explicit rational input reconstructs"
"PASS: ""explicit numerator is a loop polynomial"
"PASS: ""explicit denominator is a loop polynomial"
"PASS: ""every loop-dependent factor is a generated propagator"
"PASS: ""denominator ratio is loop independent"
"PASS: ""complete denominator scale reconstructs"
"PASS: ""atom extraction leaves a polynomial numerator"
"PASS: ""nonzero affine relation for dependent propagators"
"PASS: ""relation constant is independent of loop coordinates"
"PASS: ""every independent denominator set has a family"
"POLYNOMIAL_FAMILY_INPUT ""R04"
"PASS: ""original family numerator polynomial"
"PASS: ""family denominator is a Laurent monomial"
"PASS: ""original numerator coefficients reconstruct"
"PASS: ""loop monomial substitution reconstructs"
"PASS: ""complete polynomial exponent inventory"
"PASS: ""Laurent certificate denominator is loop independent"
"PASS: ""Laurent certificate coefficients are loop independent"
"PASS: ""family coordinates invert to original loop coordinates"
"PASS: ""Laurent integral inventory is one to one"
"PASS: ""each complete family coefficient reconstructs"
"PASS: ""native full Laurent exponent identity"
"PASS: ""family Laurent coefficients reconstruct"
"POLYNOMIAL_FAMILY_INPUT ""R03"
"PASS: ""certificate exact original rational numerator"
"PASS: ""certificate exact actual prefactor"
"PASS: ""native exact atom denominator identity"
"PASS: ""atom identity specializes to the original input"
"PASS: ""atom identity specializes to the actual reconstructed term"
"PASS: ""exact actual atom reconstruction"
"PASS: ""complete spin-independent partial fraction identity"
"PASS: ""every merged group coefficient equals its full input sum"
"PASS: ""merge partition covers each original map term once"
"PASS: ""every grouped coefficient list is unchanged"
"PASS: ""native complete map linearity identity"
"PASS: ""formal identity specializes to every original map term"
"PASS: ""formal identity specializes to every complete integral group"
"PASS: ""complete merged key inventory"
"PASS: ""complete family merge reconstructs coefficient by coefficient"
"PASS: ""complete cut-family map reconstructs the input tensor"
"PASS: ""both physical cuts remain to unit power in every target"
"PASS: ""external factor preserves the complete cut inventory"
"LOCAL_OWN_TERM_DONE "1" seconds "1.371843
"LOCAL_OWN_TERM_START "2"/"36
"PASS: ""exact external factor reconstructs the whole input"
"PASS: ""external factor has no loop coordinate"
"EXTERNAL_FACTOR_INPUT "InputForm[-((eq^2*SUNN)/((-3 + D)*Q^2*(Q^2 + s)^3*(Q^2 + s - s23 + t)^2*(Q^4 + Q^2*s - 2*Q^2*s23 + Q^2*t - s*t)))]
"PASS: ""original explicit rational input reconstructs"
"PASS: ""explicit numerator is a loop polynomial"
"PASS: ""explicit denominator is a loop polynomial"
"PASS: ""every loop-dependent factor is a generated propagator"
"PASS: ""denominator ratio is loop independent"
"PASS: ""complete denominator scale reconstructs"
"PASS: ""atom extraction leaves a polynomial numerator"
"PASS: ""every independent denominator set has a family"
"POLYNOMIAL_FAMILY_INPUT ""R03"
"PASS: ""original family numerator polynomial"
"PASS: ""family denominator is a Laurent monomial"
"PASS: ""original numerator coefficients reconstruct"
"PASS: ""loop monomial substitution reconstructs"
"PASS: ""complete polynomial exponent inventory"
"PASS: ""Laurent certificate denominator is loop independent"
"PASS: ""Laurent certificate coefficients are loop independent"
"PASS: ""family coordinates invert to original loop coordinates"
"PASS: ""Laurent integral inventory is one to one"
"PASS: ""each complete family coefficient reconstructs"
"PASS: ""native full Laurent exponent identity"
"PASS: ""family Laurent coefficients reconstruct"
"PASS: ""certificate exact original rational numerator"
"PASS: ""certificate exact actual prefactor"
"PASS: ""native exact atom denominator identity"
"PASS: ""atom identity specializes to the original input"
"PASS: ""atom identity specializes to the actual reconstructed term"
"PASS: ""exact actual atom reconstruction"
"PASS: ""complete spin-independent partial fraction identity"
"PASS: ""every merged group coefficient equals its full input sum"
"PASS: ""merge partition covers each original map term once"
"PASS: ""every grouped coefficient list is unchanged"
"PASS: ""native complete map linearity identity"
"PASS: ""formal identity specializes to every original map term"
"PASS: ""formal identity specializes to every complete integral group"
"PASS: ""complete merged key inventory"
"PASS: ""complete family merge reconstructs coefficient by coefficient"
"PASS: ""complete cut-family map reconstructs the input tensor"
"PASS: ""both physical cuts remain to unit power in every target"
"PASS: ""external factor preserves the complete cut inventory"
"LOCAL_OWN_TERM_DONE "2" seconds "0.740071
"LOCAL_OWN_TERM_START "3"/"36
"PASS: ""exact external factor reconstructs the whole input"
"PASS: ""external factor has no loop coordinate"
"EXTERNAL_FACTOR_INPUT "InputForm[-((eq^2*SUNN)/((-3 + D)*Q^2*(Q^2 + s)^3*(Q^2 + s - s23 + t)^2*(Q^4 + Q^2*s - 2*Q^2*s23 + Q^2*t - s*t)))]
"PASS: ""original explicit rational input reconstructs"
"PASS: ""explicit numerator is a loop polynomial"
"PASS: ""explicit denominator is a loop polynomial"
"PASS: ""every loop-dependent factor is a generated propagator"
"PASS: ""denominator ratio is loop independent"
"PASS: ""complete denominator scale reconstructs"
"PASS: ""atom extraction leaves a polynomial numerator"
"PASS: ""every independent denominator set has a family"
"POLYNOMIAL_FAMILY_INPUT ""R04"
"PASS: ""original family numerator polynomial"
"PASS: ""family denominator is a Laurent monomial"
"PASS: ""original numerator coefficients reconstruct"
"PASS: ""loop monomial substitution reconstructs"
"PASS: ""complete polynomial exponent inventory"
"PASS: ""Laurent certificate denominator is loop independent"
"PASS: ""Laurent certificate coefficients are loop independent"
"PASS: ""family coordinates invert to original loop coordinates"
"PASS: ""Laurent integral inventory is one to one"
"PASS: ""each complete family coefficient reconstructs"
"PASS: ""native full Laurent exponent identity"
"PASS: ""family Laurent coefficients reconstruct"
"PASS: ""certificate exact original rational numerator"
"PASS: ""certificate exact actual prefactor"
"PASS: ""native exact atom denominator identity"
"PASS: ""atom identity specializes to the original input"
"PASS: ""atom identity specializes to the actual reconstructed term"
"PASS: ""exact actual atom reconstruction"
"PASS: ""complete spin-independent partial fraction identity"
"PASS: ""every merged group coefficient equals its full input sum"
"PASS: ""merge partition covers each original map term once"
"PASS: ""every grouped coefficient list is unchanged"
"PASS: ""native complete map linearity identity"
"PASS: ""formal identity specializes to every original map term"
"PASS: ""formal identity specializes to every complete integral group"
"PASS: ""complete merged key inventory"
"PASS: ""complete family merge reconstructs coefficient by coefficient"
"PASS: ""complete cut-family map reconstructs the input tensor"
"PASS: ""both physical cuts remain to unit power in every target"
"PASS: ""external factor preserves the complete cut inventory"
"LOCAL_OWN_TERM_DONE "3" seconds "0.639626
"LOCAL_OWN_TERM_START "4"/"36
"PASS: ""exact external factor reconstructs the whole input"
"PASS: ""external factor has no loop coordinate"
"EXTERNAL_FACTOR_INPUT "InputForm[-1/2*(eq^2*(-1 + SUNN)*(1 + SUNN))/((-3 + D)*Q^2*(Q^2 + s)^2*SUNN*(Q^2 + s - s23 + t)*(Q^4 + Q^2*s - 2*Q^2*s23 + Q^2*t - s*t)*(Q^2*s23 + s*t))]
"PASS: ""original explicit rational input reconstructs"
"PASS: ""explicit numerator is a loop polynomial"
"PASS: ""explicit denominator is a loop polynomial"
"PASS: ""every loop-dependent factor is a generated propagator"
"PASS: ""denominator ratio is loop independent"
"PASS: ""complete denominator scale reconstructs"
"PASS: ""atom extraction leaves a polynomial numerator"
"PASS: ""every independent denominator set has a family"
"POLYNOMIAL_FAMILY_INPUT ""R05"
"PASS: ""original family numerator polynomial"
"PASS: ""family denominator is a Laurent monomial"
"PASS: ""original numerator coefficients reconstruct"
"PASS: ""loop monomial substitution reconstructs"
"PASS: ""complete polynomial exponent inventory"
"PASS: ""Laurent certificate denominator is loop independent"
"PASS: ""Laurent certificate coefficients are loop independent"
"PASS: ""family coordinates invert to original loop coordinates"
"PASS: ""Laurent integral inventory is one to one"
"PASS: ""each complete family coefficient reconstructs"
"PASS: ""native full Laurent exponent identity"
"PASS: ""family Laurent coefficients reconstruct"
"PASS: ""certificate exact original rational numerator"
"PASS: ""certificate exact actual prefactor"
"PASS: ""native exact atom denominator identity"
"PASS: ""atom identity specializes to the original input"
"PASS: ""atom identity specializes to the actual reconstructed term"
"PASS: ""exact actual atom reconstruction"
"PASS: ""complete spin-independent partial fraction identity"
"PASS: ""every merged group coefficient equals its full input sum"
"PASS: ""merge partition covers each original map term once"
"PASS: ""every grouped coefficient list is unchanged"
"PASS: ""native complete map linearity identity"
"PASS: ""formal identity specializes to every original map term"
"PASS: ""formal identity specializes to every complete integral group"
"PASS: ""complete merged key inventory"
"PASS: ""complete family merge reconstructs coefficient by coefficient"
"PASS: ""complete cut-family map reconstructs the input tensor"
"PASS: ""both physical cuts remain to unit power in every target"
"PASS: ""external factor preserves the complete cut inventory"
"LOCAL_OWN_TERM_DONE "4" seconds "0.799964
"LOCAL_OWN_TERM_START "5"/"36
"PASS: ""exact external factor reconstructs the whole input"
"PASS: ""external factor has no loop coordinate"
"EXTERNAL_FACTOR_INPUT "InputForm[-1/2*(eq^2*(-1 + SUNN)*(1 + SUNN))/((-3 + D)*Q^2*(Q^2 + s)^2*SUNN*(Q^2 + s - s23 + t)*(Q^4 + Q^2*s - 2*Q^2*s23 + Q^2*t - s*t)*(Q^2*s23 + s*t))]
"PASS: ""original explicit rational input reconstructs"
"PASS: ""explicit numerator is a loop polynomial"
"PASS: ""explicit denominator is a loop polynomial"
"PASS: ""every loop-dependent factor is a generated propagator"
"PASS: ""denominator ratio is loop independent"
"PASS: ""complete denominator scale reconstructs"
"PASS: ""atom extraction leaves a polynomial numerator"
"PASS: ""every independent denominator set has a family"
"POLYNOMIAL_FAMILY_INPUT ""R02"
"PASS: ""original family numerator polynomial"
"PASS: ""family denominator is a Laurent monomial"
"PASS: ""original numerator coefficients reconstruct"
"PASS: ""loop monomial substitution reconstructs"
"PASS: ""complete polynomial exponent inventory"
"PASS: ""Laurent certificate denominator is loop independent"
"PASS: ""Laurent certificate coefficients are loop independent"
"PASS: ""family coordinates invert to original loop coordinates"
"PASS: ""Laurent integral inventory is one to one"
"PASS: ""each complete family coefficient reconstructs"
"PASS: ""native full Laurent exponent identity"
"PASS: ""family Laurent coefficients reconstruct"
"PASS: ""certificate exact original rational numerator"
"PASS: ""certificate exact actual prefactor"
"PASS: ""native exact atom denominator identity"
"PASS: ""atom identity specializes to the original input"
"PASS: ""atom identity specializes to the actual reconstructed term"
"PASS: ""exact actual atom reconstruction"
"PASS: ""complete spin-independent partial fraction identity"
"PASS: ""every merged group coefficient equals its full input sum"
"PASS: ""merge partition covers each original map term once"
"PASS: ""every grouped coefficient list is unchanged"
"PASS: ""native complete map linearity identity"
"PASS: ""formal identity specializes to every original map term"
"PASS: ""formal identity specializes to every complete integral group"
"PASS: ""complete merged key inventory"
"PASS: ""complete family merge reconstructs coefficient by coefficient"
"PASS: ""complete cut-family map reconstructs the input tensor"
"PASS: ""both physical cuts remain to unit power in every target"
"PASS: ""external factor preserves the complete cut inventory"
"LOCAL_OWN_TERM_DONE "5" seconds "1.074628
"LOCAL_OWN_TERM_START "6"/"36
"PASS: ""exact external factor reconstructs the whole input"
"PASS: ""external factor has no loop coordinate"
"EXTERNAL_FACTOR_INPUT "InputForm[-1/2*(eq^2*(-1 + SUNN)*(1 + SUNN))/((-3 + D)*Q^2*(Q^2 + s)^3*SUNN*(Q^2 + s - s23 + t)*(Q^4 + Q^2*s - 2*Q^2*s23 + Q^2*t - s*t)*(Q^2*s23 + s*t))]
"PASS: ""original explicit rational input reconstructs"
"PASS: ""explicit numerator is a loop polynomial"
"PASS: ""explicit denominator is a loop polynomial"
"PASS: ""every loop-dependent factor is a generated propagator"
"PASS: ""denominator ratio is loop independent"
"PASS: ""complete denominator scale reconstructs"
"PASS: ""atom extraction leaves a polynomial numerator"
"PASS: ""every independent denominator set has a family"
"POLYNOMIAL_FAMILY_INPUT ""R11"
"PASS: ""original family numerator polynomial"
"PASS: ""family denominator is a Laurent monomial"
"PASS: ""original numerator coefficients reconstruct"
"PASS: ""loop monomial substitution reconstructs"
"PASS: ""complete polynomial exponent inventory"
"PASS: ""Laurent certificate denominator is loop independent"
"PASS: ""Laurent certificate coefficients are loop independent"
"PASS: ""family coordinates invert to original loop coordinates"
"PASS: ""Laurent integral inventory is one to one"
"PASS: ""each complete family coefficient reconstructs"
"PASS: ""native full Laurent exponent identity"
"PASS: ""family Laurent coefficients reconstruct"
"PASS: ""certificate exact original rational numerator"
"PASS: ""certificate exact actual prefactor"
"PASS: ""native exact atom denominator identity"
"PASS: ""atom identity specializes to the original input"
"PASS: ""atom identity specializes to the actual reconstructed term"
"PASS: ""exact actual atom reconstruction"
"PASS: ""complete spin-independent partial fraction identity"
"PASS: ""every merged group coefficient equals its full input sum"
"PASS: ""merge partition covers each original map term once"
"PASS: ""every grouped coefficient list is unchanged"
"PASS: ""native complete map linearity identity"
"PASS: ""formal identity specializes to every original map term"
"PASS: ""formal identity specializes to every complete integral group"
"PASS: ""complete merged key inventory"
"PASS: ""complete family merge reconstructs coefficient by coefficient"
"PASS: ""complete cut-family map reconstructs the input tensor"
"PASS: ""both physical cuts remain to unit power in every target"
"PASS: ""external factor preserves the complete cut inventory"
"LOCAL_OWN_TERM_DONE "6" seconds "2.322302
"LOCAL_OWN_TERM_START "7"/"36
"PASS: ""exact external factor reconstructs the whole input"
"PASS: ""external factor has no loop coordinate"
"EXTERNAL_FACTOR_INPUT "InputForm[-1/2*eq^2/((-3 + D)*Q^2*(Q^2 + s)^3*SUNN*(Q^2 + s - s23 + t)*(Q^4 + Q^2*s - 2*Q^2*s23 + Q^2*t - s*t)*(Q^2*s23 + s*t))]
"PASS: ""original explicit rational input reconstructs"
"PASS: ""explicit numerator is a loop polynomial"
"PASS: ""explicit denominator is a loop polynomial"
"PASS: ""every loop-dependent factor is a generated propagator"
"PASS: ""denominator ratio is loop independent"
"PASS: ""complete denominator scale reconstructs"
"PASS: ""atom extraction leaves a polynomial numerator"
"PASS: ""nonzero affine relation for dependent propagators"
"PASS: ""relation constant is independent of loop coordinates"
"PASS: ""every independent denominator set has a family"
"POLYNOMIAL_FAMILY_INPUT ""R12"
"PASS: ""original family numerator polynomial"
"PASS: ""family denominator is a Laurent monomial"
"PASS: ""original numerator coefficients reconstruct"
"PASS: ""loop monomial substitution reconstructs"
"PASS: ""complete polynomial exponent inventory"
"PASS: ""Laurent certificate denominator is loop independent"
"PASS: ""Laurent certificate coefficients are loop independent"
"PASS: ""family coordinates invert to original loop coordinates"
"PASS: ""Laurent integral inventory is one to one"
"PASS: ""each complete family coefficient reconstructs"
"PASS: ""native full Laurent exponent identity"
"PASS: ""family Laurent coefficients reconstruct"
"POLYNOMIAL_FAMILY_INPUT ""R10"
"POLYNOMIAL_FAMILY_INPUT ""R11"
"POLYNOMIAL_FAMILY_INPUT ""R09"
"PASS: ""certificate exact original rational numerator"
"PASS: ""certificate exact actual prefactor"
"PASS: ""native exact atom denominator identity"
"PASS: ""atom identity specializes to the original input"
"PASS: ""atom identity specializes to the actual reconstructed term"
"PASS: ""exact actual atom reconstruction"
"PASS: ""complete spin-independent partial fraction identity"
"PASS: ""every merged group coefficient equals its full input sum"
"PASS: ""merge partition covers each original map term once"
"PASS: ""every grouped coefficient list is unchanged"
"PASS: ""native complete map linearity identity"
"PASS: ""formal identity specializes to every original map term"
"PASS: ""formal identity specializes to every complete integral group"
"PASS: ""complete merged key inventory"
"PASS: ""complete family merge reconstructs coefficient by coefficient"
"PASS: ""complete cut-family map reconstructs the input tensor"
"PASS: ""both physical cuts remain to unit power in every target"
"PASS: ""external factor preserves the complete cut inventory"
"LOCAL_OWN_TERM_DONE "7" seconds "6.886396
"LOCAL_OWN_TERM_START "8"/"36
"PASS: ""exact external factor reconstructs the whole input"
"PASS: ""external factor has no loop coordinate"
"EXTERNAL_FACTOR_INPUT "InputForm[-1/2*eq^2/((-3 + D)*Q^2*(Q^2 + s)^3*SUNN*(Q^2 + s - s23 + t)*(Q^4 + Q^2*s - 2*Q^2*s23 + Q^2*t - s*t)*(Q^2*s23 + s*t))]
"PASS: ""original explicit rational input reconstructs"
"PASS: ""explicit numerator is a loop polynomial"
"PASS: ""explicit denominator is a loop polynomial"
"PASS: ""every loop-dependent factor is a generated propagator"
"PASS: ""denominator ratio is loop independent"
"PASS: ""complete denominator scale reconstructs"
"PASS: ""atom extraction leaves a polynomial numerator"
"PASS: ""nonzero affine relation for dependent propagators"
"PASS: ""relation constant is independent of loop coordinates"
"PASS: ""every independent denominator set has a family"
"POLYNOMIAL_FAMILY_INPUT ""R11"
"PASS: ""original family numerator polynomial"
"PASS: ""family denominator is a Laurent monomial"
"PASS: ""original numerator coefficients reconstruct"
"PASS: ""loop monomial substitution reconstructs"
"PASS: ""complete polynomial exponent inventory"
"PASS: ""Laurent certificate denominator is loop independent"
"PASS: ""Laurent certificate coefficients are loop independent"
"PASS: ""family coordinates invert to original loop coordinates"
"PASS: ""Laurent integral inventory is one to one"
"PASS: ""each complete family coefficient reconstructs"
"PASS: ""native full Laurent exponent identity"
"PASS: ""family Laurent coefficients reconstruct"
"POLYNOMIAL_FAMILY_INPUT ""R09"
"POLYNOMIAL_FAMILY_INPUT ""R07"
"POLYNOMIAL_FAMILY_INPUT ""R06"
"POLYNOMIAL_FAMILY_INPUT ""R05"
"PASS: ""certificate exact original rational numerator"
"PASS: ""certificate exact actual prefactor"
"PASS: ""native exact atom denominator identity"
"PASS: ""atom identity specializes to the original input"
"PASS: ""atom identity specializes to the actual reconstructed term"
"PASS: ""exact actual atom reconstruction"
"PASS: ""complete spin-independent partial fraction identity"
"PASS: ""every merged group coefficient equals its full input sum"
"PASS: ""merge partition covers each original map term once"
"PASS: ""every grouped coefficient list is unchanged"
"PASS: ""native complete map linearity identity"
"PASS: ""formal identity specializes to every original map term"
"PASS: ""formal identity specializes to every complete integral group"
"PASS: ""complete merged key inventory"
"PASS: ""complete family merge reconstructs coefficient by coefficient"
"PASS: ""complete cut-family map reconstructs the input tensor"
"PASS: ""both physical cuts remain to unit power in every target"
"PASS: ""external factor preserves the complete cut inventory"
"LOCAL_OWN_TERM_DONE "8" seconds "9.541709
"LOCAL_OWN_TERM_START "9"/"36
"PASS: ""exact external factor reconstructs the whole input"
"PASS: ""external factor has no loop coordinate"
"EXTERNAL_FACTOR_ORIGINAL_FALLBACK "58537808340611427572543766309184168061011399681941117210152738701463807542087
"PASS: ""original explicit rational input reconstructs"
"PASS: ""explicit numerator is a loop polynomial"
"PASS: ""explicit denominator is a loop polynomial"
"PASS: ""every loop-dependent factor is a generated propagator"
"PASS: ""denominator ratio is loop independent"
"PASS: ""complete denominator scale reconstructs"
"PASS: ""atom extraction leaves a polynomial numerator"
"PASS: ""nonzero affine relation for dependent propagators"
"PASS: ""relation constant is independent of loop coordinates"
"PASS: ""every independent denominator set has a family"
"POLYNOMIAL_FAMILY_INPUT ""R11"
"PASS: ""original family numerator polynomial"
"PASS: ""family denominator is a Laurent monomial"
"PASS: ""original numerator coefficients reconstruct"
"PASS: ""loop monomial substitution reconstructs"
"PASS: ""complete polynomial exponent inventory"
"PASS: ""Laurent certificate denominator is loop independent"
"PASS: ""Laurent certificate coefficients are loop independent"
"PASS: ""family coordinates invert to original loop coordinates"
"PASS: ""Laurent integral inventory is one to one"
"PASS: ""each complete family coefficient reconstructs"
"PASS: ""native full Laurent exponent identity"
"PASS: ""family Laurent coefficients reconstruct"
"POLYNOMIAL_FAMILY_INPUT ""R11"
"POLYNOMIAL_FAMILY_INPUT ""R03"
"POLYNOMIAL_FAMILY_INPUT ""R02"
"POLYNOMIAL_FAMILY_INPUT ""R02"
"PASS: ""certificate exact original rational numerator"
"PASS: ""certificate exact actual prefactor"
"PASS: ""native exact atom denominator identity"
"PASS: ""atom identity specializes to the original input"
"PASS: ""atom identity specializes to the actual reconstructed term"
"PASS: ""exact actual atom reconstruction"
"PASS: ""complete spin-independent partial fraction identity"
"PASS: ""every merged group coefficient equals its full input sum"
"PASS: ""merge partition covers each original map term once"
"PASS: ""every grouped coefficient list is unchanged"
"PASS: ""native complete map linearity identity"
"PASS: ""formal identity specializes to every original map term"
"PASS: ""formal identity specializes to every complete integral group"
"PASS: ""complete merged key inventory"
"PASS: ""complete family merge reconstructs coefficient by coefficient"
"PASS: ""complete cut-family map reconstructs the input tensor"
"PASS: ""both physical cuts remain to unit power in every target"
"LOCAL_OWN_TERM_DONE "9" seconds "15.507152
"LOCAL_OWN_TERM_START "10"/"36
"PASS: ""exact external factor reconstructs the whole input"
"PASS: ""external factor has no loop coordinate"
"EXTERNAL_FACTOR_INPUT "InputForm[-1/2*(eq^2*(-1 + SUNN)*(1 + SUNN))/((-3 + D)*Q^2*(Q^2 + s)^3*SUNN*(Q^2 + s - s23 + t)*(Q^4 + Q^2*s - 2*Q^2*s23 + Q^2*t - s*t)*(Q^2*s23 + s*t))]
"PASS: ""original explicit rational input reconstructs"
"PASS: ""explicit numerator is a loop polynomial"
"PASS: ""explicit denominator is a loop polynomial"
"PASS: ""every loop-dependent factor is a generated propagator"
"PASS: ""denominator ratio is loop independent"
"PASS: ""complete denominator scale reconstructs"
"PASS: ""atom extraction leaves a polynomial numerator"
"PASS: ""every independent denominator set has a family"
"POLYNOMIAL_FAMILY_INPUT ""R10"
"PASS: ""original family numerator polynomial"
"PASS: ""family denominator is a Laurent monomial"
"PASS: ""original numerator coefficients reconstruct"
"PASS: ""loop monomial substitution reconstructs"
"PASS: ""complete polynomial exponent inventory"
"PASS: ""Laurent certificate denominator is loop independent"
"PASS: ""Laurent certificate coefficients are loop independent"
"PASS: ""family coordinates invert to original loop coordinates"
"PASS: ""Laurent integral inventory is one to one"
"PASS: ""each complete family coefficient reconstructs"
"PASS: ""native full Laurent exponent identity"
"PASS: ""family Laurent coefficients reconstruct"
"PASS: ""certificate exact original rational numerator"
"PASS: ""certificate exact actual prefactor"
"PASS: ""native exact atom denominator identity"
"PASS: ""atom identity specializes to the original input"
"PASS: ""atom identity specializes to the actual reconstructed term"
"PASS: ""exact actual atom reconstruction"
"PASS: ""complete spin-independent partial fraction identity"
"PASS: ""every merged group coefficient equals its full input sum"
"PASS: ""merge partition covers each original map term once"
"PASS: ""every grouped coefficient list is unchanged"
"PASS: ""native complete map linearity identity"
"PASS: ""formal identity specializes to every original map term"
"PASS: ""formal identity specializes to every complete integral group"
"PASS: ""complete merged key inventory"
"PASS: ""complete family merge reconstructs coefficient by coefficient"
"PASS: ""complete cut-family map reconstructs the input tensor"
"PASS: ""both physical cuts remain to unit power in every target"
"PASS: ""external factor preserves the complete cut inventory"
"LOCAL_OWN_TERM_DONE "10" seconds "2.004453
"LOCAL_OWN_TERM_START "11"/"36
"PASS: ""exact external factor reconstructs the whole input"
"PASS: ""external factor has no loop coordinate"
"EXTERNAL_FACTOR_INPUT "InputForm[-1/2*(eq^2*(-1 + SUNN)*(1 + SUNN))/((-3 + D)*Q^2*(Q^2 + s)^3*SUNN*(Q^2 + s - s23 + t)*(Q^4 + Q^2*s - 2*Q^2*s23 + Q^2*t - s*t)*(Q^2*s23 + s*t))]
"PASS: ""original explicit rational input reconstructs"
"PASS: ""explicit numerator is a loop polynomial"
"PASS: ""explicit denominator is a loop polynomial"
"PASS: ""every loop-dependent factor is a generated propagator"
"PASS: ""denominator ratio is loop independent"
"PASS: ""complete denominator scale reconstructs"
"PASS: ""atom extraction leaves a polynomial numerator"
"PASS: ""nonzero affine relation for dependent propagators"
"PASS: ""relation constant is independent of loop coordinates"
"PASS: ""every independent denominator set has a family"
"POLYNOMIAL_FAMILY_INPUT ""R10"
"PASS: ""original family numerator polynomial"
"PASS: ""family denominator is a Laurent monomial"
"PASS: ""original numerator coefficients reconstruct"
"PASS: ""loop monomial substitution reconstructs"
"PASS: ""complete polynomial exponent inventory"
"PASS: ""Laurent certificate denominator is loop independent"
"PASS: ""Laurent certificate coefficients are loop independent"
"PASS: ""family coordinates invert to original loop coordinates"
"PASS: ""Laurent integral inventory is one to one"
"PASS: ""each complete family coefficient reconstructs"
"PASS: ""native full Laurent exponent identity"
"PASS: ""family Laurent coefficients reconstruct"
"POLYNOMIAL_FAMILY_INPUT ""R10"
"POLYNOMIAL_FAMILY_INPUT ""R08"
"POLYNOMIAL_FAMILY_INPUT ""R05"
"POLYNOMIAL_FAMILY_INPUT ""R05"
"PASS: ""certificate exact original rational numerator"
"PASS: ""certificate exact actual prefactor"
"PASS: ""native exact atom denominator identity"
"PASS: ""atom identity specializes to the original input"
"PASS: ""atom identity specializes to the actual reconstructed term"
"PASS: ""exact actual atom reconstruction"
"PASS: ""complete spin-independent partial fraction identity"
"PASS: ""every merged group coefficient equals its full input sum"
"PASS: ""merge partition covers each original map term once"
"PASS: ""every grouped coefficient list is unchanged"
"PASS: ""native complete map linearity identity"
"PASS: ""formal identity specializes to every original map term"
"PASS: ""formal identity specializes to every complete integral group"
"PASS: ""complete merged key inventory"
"PASS: ""complete family merge reconstructs coefficient by coefficient"
"PASS: ""complete cut-family map reconstructs the input tensor"
"PASS: ""both physical cuts remain to unit power in every target"
"PASS: ""external factor preserves the complete cut inventory"
"LOCAL_OWN_TERM_DONE "11" seconds "8.081415
"LOCAL_OWN_TERM_START "12"/"36
"PASS: ""exact external factor reconstructs the whole input"
"PASS: ""external factor has no loop coordinate"
"EXTERNAL_FACTOR_ORIGINAL_FALLBACK "58372459467605648220978251307698619618756029780283562951108042590575463255594
"PASS: ""original explicit rational input reconstructs"
"PASS: ""explicit numerator is a loop polynomial"
"PASS: ""explicit denominator is a loop polynomial"
"PASS: ""every loop-dependent factor is a generated propagator"
"PASS: ""denominator ratio is loop independent"
"PASS: ""complete denominator scale reconstructs"
"PASS: ""atom extraction leaves a polynomial numerator"
"PASS: ""nonzero affine relation for dependent propagators"
"PASS: ""relation constant is independent of loop coordinates"
"PASS: ""every independent denominator set has a family"
"POLYNOMIAL_FAMILY_INPUT ""R06"
"PASS: ""original family numerator polynomial"
"PASS: ""family denominator is a Laurent monomial"
"PASS: ""original numerator coefficients reconstruct"
"PASS: ""loop monomial substitution reconstructs"
"PASS: ""complete polynomial exponent inventory"
"PASS: ""Laurent certificate denominator is loop independent"
"PASS: ""Laurent certificate coefficients are loop independent"
"PASS: ""family coordinates invert to original loop coordinates"
"PASS: ""Laurent integral inventory is one to one"
"PASS: ""each complete family coefficient reconstructs"
"PASS: ""native full Laurent exponent identity"
"PASS: ""family Laurent coefficients reconstruct"
"POLYNOMIAL_FAMILY_INPUT ""R02"
"POLYNOMIAL_FAMILY_INPUT ""R05"
"POLYNOMIAL_FAMILY_INPUT ""R01"
"PASS: ""certificate exact original rational numerator"
"PASS: ""certificate exact actual prefactor"
"PASS: ""native exact atom denominator identity"
"PASS: ""atom identity specializes to the original input"
"PASS: ""atom identity specializes to the actual reconstructed term"
"PASS: ""exact actual atom reconstruction"
"PASS: ""complete spin-independent partial fraction identity"
"PASS: ""every merged group coefficient equals its full input sum"
"PASS: ""merge partition covers each original map term once"
"PASS: ""every grouped coefficient list is unchanged"
"PASS: ""native complete map linearity identity"
"PASS: ""formal identity specializes to every original map term"
"PASS: ""formal identity specializes to every complete integral group"
"PASS: ""complete merged key inventory"
"PASS: ""complete family merge reconstructs coefficient by coefficient"
"PASS: ""complete cut-family map reconstructs the input tensor"
"PASS: ""both physical cuts remain to unit power in every target"
"LOCAL_OWN_TERM_DONE "12" seconds "7.629811
"LOCAL_OWN_TERM_START "13"/"36
"PASS: ""exact external factor reconstructs the whole input"
"PASS: ""external factor has no loop coordinate"
"EXTERNAL_FACTOR_ORIGINAL_FALLBACK "88280566225177406448519674335779927788508511374397152452305824599122275057261
"PASS: ""original explicit rational input reconstructs"
"PASS: ""explicit numerator is a loop polynomial"
"PASS: ""explicit denominator is a loop polynomial"
"PASS: ""every loop-dependent factor is a generated propagator"
"PASS: ""denominator ratio is loop independent"
"PASS: ""complete denominator scale reconstructs"
"PASS: ""atom extraction leaves a polynomial numerator"
"PASS: ""nonzero affine relation for dependent propagators"
"PASS: ""relation constant is independent of loop coordinates"
"PASS: ""every independent denominator set has a family"
"POLYNOMIAL_FAMILY_INPUT ""R12"
"PASS: ""original family numerator polynomial"
"PASS: ""family denominator is a Laurent monomial"
"PASS: ""original numerator coefficients reconstruct"
"PASS: ""loop monomial substitution reconstructs"
"PASS: ""complete polynomial exponent inventory"
"PASS: ""Laurent certificate denominator is loop independent"
"PASS: ""Laurent certificate coefficients are loop independent"
"PASS: ""family coordinates invert to original loop coordinates"
"PASS: ""Laurent integral inventory is one to one"
"PASS: ""each complete family coefficient reconstructs"
"PASS: ""native full Laurent exponent identity"
"PASS: ""family Laurent coefficients reconstruct"
"POLYNOMIAL_FAMILY_INPUT ""R10"
"POLYNOMIAL_FAMILY_INPUT ""R04"
"POLYNOMIAL_FAMILY_INPUT ""R02"
"POLYNOMIAL_FAMILY_INPUT ""R01"
"PASS: ""certificate exact original rational numerator"
"PASS: ""certificate exact actual prefactor"
"PASS: ""native exact atom denominator identity"
"PASS: ""atom identity specializes to the original input"
"PASS: ""atom identity specializes to the actual reconstructed term"
"PASS: ""exact actual atom reconstruction"
"PASS: ""complete spin-independent partial fraction identity"
"PASS: ""every merged group coefficient equals its full input sum"
"PASS: ""merge partition covers each original map term once"
"PASS: ""every grouped coefficient list is unchanged"
"PASS: ""native complete map linearity identity"
"PASS: ""formal identity specializes to every original map term"
"PASS: ""formal identity specializes to every complete integral group"
"PASS: ""complete merged key inventory"
"PASS: ""complete family merge reconstructs coefficient by coefficient"
"PASS: ""complete cut-family map reconstructs the input tensor"
"PASS: ""both physical cuts remain to unit power in every target"
"LOCAL_OWN_TERM_DONE "13" seconds "14.154491
"LOCAL_OWN_TERM_START "14"/"36
"PASS: ""exact external factor reconstructs the whole input"
"PASS: ""external factor has no loop coordinate"
"EXTERNAL_FACTOR_INPUT "InputForm[-1/2*eq^2/((-3 + D)*Q^2*(Q^2 + s)^3*SUNN*(Q^2 + s - s23 + t)*(Q^4 + Q^2*s - 2*Q^2*s23 + Q^2*t - s*t)*(Q^2*s23 + s*t))]
"PASS: ""original explicit rational input reconstructs"
"PASS: ""explicit numerator is a loop polynomial"
"PASS: ""explicit denominator is a loop polynomial"
"PASS: ""every loop-dependent factor is a generated propagator"
"PASS: ""denominator ratio is loop independent"
"PASS: ""complete denominator scale reconstructs"
"PASS: ""atom extraction leaves a polynomial numerator"
"PASS: ""nonzero affine relation for dependent propagators"
"PASS: ""relation constant is independent of loop coordinates"
"PASS: ""every independent denominator set has a family"
"POLYNOMIAL_FAMILY_INPUT ""R08"
"PASS: ""original family numerator polynomial"
"PASS: ""family denominator is a Laurent monomial"
"PASS: ""original numerator coefficients reconstruct"
"PASS: ""loop monomial substitution reconstructs"
"PASS: ""complete polynomial exponent inventory"
"PASS: ""Laurent certificate denominator is loop independent"
"PASS: ""Laurent certificate coefficients are loop independent"
"PASS: ""family coordinates invert to original loop coordinates"
"PASS: ""Laurent integral inventory is one to one"
"PASS: ""each complete family coefficient reconstructs"
"PASS: ""native full Laurent exponent identity"
"PASS: ""family Laurent coefficients reconstruct"
"POLYNOMIAL_FAMILY_INPUT ""R04"
"POLYNOMIAL_FAMILY_INPUT ""R07"
"POLYNOMIAL_FAMILY_INPUT ""R03"
"PASS: ""certificate exact original rational numerator"
"PASS: ""certificate exact actual prefactor"
"PASS: ""native exact atom denominator identity"
"PASS: ""atom identity specializes to the original input"
"PASS: ""atom identity specializes to the actual reconstructed term"
"PASS: ""exact actual atom reconstruction"
"PASS: ""complete spin-independent partial fraction identity"
"PASS: ""every merged group coefficient equals its full input sum"
"PASS: ""merge partition covers each original map term once"
"PASS: ""every grouped coefficient list is unchanged"
"PASS: ""native complete map linearity identity"
"PASS: ""formal identity specializes to every original map term"
"PASS: ""formal identity specializes to every complete integral group"
"PASS: ""complete merged key inventory"
"PASS: ""complete family merge reconstructs coefficient by coefficient"
"PASS: ""complete cut-family map reconstructs the input tensor"
"PASS: ""both physical cuts remain to unit power in every target"
"PASS: ""external factor preserves the complete cut inventory"
"LOCAL_OWN_TERM_DONE "14" seconds "7.631416
"LOCAL_OWN_TERM_START "15"/"36
"PASS: ""exact external factor reconstructs the whole input"
"PASS: ""external factor has no loop coordinate"
"EXTERNAL_FACTOR_INPUT "InputForm[-1/4*(eq^2*SUNN)/((-3 + D)*Q^2*(Q^2 + s)^3*(Q^2 + s - s23 + t)^2*(Q^4 + Q^2*s - 2*Q^2*s23 + Q^2*t - s*t)*(Q^2*s23 + s*t))]
"PASS: ""original explicit rational input reconstructs"
"PASS: ""explicit numerator is a loop polynomial"
"PASS: ""explicit denominator is a loop polynomial"
"PASS: ""every loop-dependent factor is a generated propagator"
"PASS: ""denominator ratio is loop independent"
"PASS: ""complete denominator scale reconstructs"
"PASS: ""atom extraction leaves a polynomial numerator"
"PASS: ""nonzero affine relation for dependent propagators"
"PASS: ""relation constant is independent of loop coordinates"
"PASS: ""every independent denominator set has a family"
"POLYNOMIAL_FAMILY_INPUT ""R08"
"PASS: ""original family numerator polynomial"
"PASS: ""family denominator is a Laurent monomial"
"PASS: ""original numerator coefficients reconstruct"
"PASS: ""loop monomial substitution reconstructs"
"PASS: ""complete polynomial exponent inventory"
"PASS: ""Laurent certificate denominator is loop independent"
"PASS: ""Laurent certificate coefficients are loop independent"
"PASS: ""family coordinates invert to original loop coordinates"
"PASS: ""Laurent integral inventory is one to one"
"PASS: ""each complete family coefficient reconstructs"
"PASS: ""native full Laurent exponent identity"
"PASS: ""family Laurent coefficients reconstruct"
"POLYNOMIAL_FAMILY_INPUT ""R07"
"PASS: ""certificate exact original rational numerator"
"PASS: ""certificate exact actual prefactor"
"PASS: ""native exact atom denominator identity"
"PASS: ""atom identity specializes to the original input"
"PASS: ""atom identity specializes to the actual reconstructed term"
"PASS: ""exact actual atom reconstruction"
"PASS: ""complete spin-independent partial fraction identity"
"PASS: ""every merged group coefficient equals its full input sum"
"PASS: ""merge partition covers each original map term once"
"PASS: ""every grouped coefficient list is unchanged"
"PASS: ""native complete map linearity identity"
"PASS: ""formal identity specializes to every original map term"
"PASS: ""formal identity specializes to every complete integral group"
"PASS: ""complete merged key inventory"
"PASS: ""complete family merge reconstructs coefficient by coefficient"
"PASS: ""complete cut-family map reconstructs the input tensor"
"PASS: ""both physical cuts remain to unit power in every target"
"PASS: ""external factor preserves the complete cut inventory"
"LOCAL_OWN_TERM_DONE "15" seconds "6.211528
"LOCAL_OWN_TERM_START "16"/"36
"PASS: ""exact external factor reconstructs the whole input"
"PASS: ""external factor has no loop coordinate"
"EXTERNAL_FACTOR_INPUT "InputForm[(eq^2*SUNN)/(4*(-3 + D)*Q^2*(Q^2 + s)^3*(Q^2 + s - s23 + t)^2*(Q^4 + Q^2*s - 2*Q^2*s23 + Q^2*t - s*t)*(Q^2*s23 + s*t))]
"PASS: ""original explicit rational input reconstructs"
"PASS: ""explicit numerator is a loop polynomial"
"PASS: ""explicit denominator is a loop polynomial"
"PASS: ""every loop-dependent factor is a generated propagator"
"PASS: ""denominator ratio is loop independent"
"PASS: ""complete denominator scale reconstructs"
"PASS: ""atom extraction leaves a polynomial numerator"
"PASS: ""every independent denominator set has a family"
"POLYNOMIAL_FAMILY_INPUT ""R04"
"PASS: ""original family numerator polynomial"
"PASS: ""family denominator is a Laurent monomial"
"PASS: ""original numerator coefficients reconstruct"
"PASS: ""loop monomial substitution reconstructs"
"PASS: ""complete polynomial exponent inventory"
"PASS: ""Laurent certificate denominator is loop independent"
"PASS: ""Laurent certificate coefficients are loop independent"
"PASS: ""family coordinates invert to original loop coordinates"
"PASS: ""Laurent integral inventory is one to one"
"PASS: ""each complete family coefficient reconstructs"
"PASS: ""native full Laurent exponent identity"
"PASS: ""family Laurent coefficients reconstruct"
"PASS: ""certificate exact original rational numerator"
"PASS: ""certificate exact actual prefactor"
"PASS: ""native exact atom denominator identity"
"PASS: ""atom identity specializes to the original input"
"PASS: ""atom identity specializes to the actual reconstructed term"
"PASS: ""exact actual atom reconstruction"
"PASS: ""complete spin-independent partial fraction identity"
"PASS: ""every merged group coefficient equals its full input sum"
"PASS: ""merge partition covers each original map term once"
"PASS: ""every grouped coefficient list is unchanged"
"PASS: ""native complete map linearity identity"
"PASS: ""formal identity specializes to every original map term"
"PASS: ""formal identity specializes to every complete integral group"
"PASS: ""complete merged key inventory"
"PASS: ""complete family merge reconstructs coefficient by coefficient"
"PASS: ""complete cut-family map reconstructs the input tensor"
"PASS: ""both physical cuts remain to unit power in every target"
"PASS: ""external factor preserves the complete cut inventory"
"LOCAL_OWN_TERM_DONE "16" seconds "2.770919
"LOCAL_OWN_TERM_START "17"/"36
"PASS: ""exact external factor reconstructs the whole input"
"PASS: ""external factor has no loop coordinate"
"EXTERNAL_FACTOR_INPUT "InputForm[(eq^2*SUNN)/(4*(-3 + D)*Q^2*(Q^2 + s)^3*(Q^2 + s - s23 + t)^2*(Q^4 + Q^2*s - 2*Q^2*s23 + Q^2*t - s*t)*(Q^2*s23 + s*t))]
"PASS: ""original explicit rational input reconstructs"
"PASS: ""explicit numerator is a loop polynomial"
"PASS: ""explicit denominator is a loop polynomial"
"PASS: ""every loop-dependent factor is a generated propagator"
"PASS: ""denominator ratio is loop independent"
"PASS: ""complete denominator scale reconstructs"
"PASS: ""atom extraction leaves a polynomial numerator"
"PASS: ""every independent denominator set has a family"
"POLYNOMIAL_FAMILY_INPUT ""R11"
"PASS: ""original family numerator polynomial"
"PASS: ""family denominator is a Laurent monomial"
"PASS: ""original numerator coefficients reconstruct"
"PASS: ""loop monomial substitution reconstructs"
"PASS: ""complete polynomial exponent inventory"
"PASS: ""Laurent certificate denominator is loop independent"
"PASS: ""Laurent certificate coefficients are loop independent"
"PASS: ""family coordinates invert to original loop coordinates"
"PASS: ""Laurent integral inventory is one to one"
"PASS: ""each complete family coefficient reconstructs"
"PASS: ""native full Laurent exponent identity"
"PASS: ""family Laurent coefficients reconstruct"
"PASS: ""certificate exact original rational numerator"
"PASS: ""certificate exact actual prefactor"
"PASS: ""native exact atom denominator identity"
"PASS: ""atom identity specializes to the original input"
"PASS: ""atom identity specializes to the actual reconstructed term"
"PASS: ""exact actual atom reconstruction"
"PASS: ""complete spin-independent partial fraction identity"
"PASS: ""every merged group coefficient equals its full input sum"
"PASS: ""merge partition covers each original map term once"
"PASS: ""every grouped coefficient list is unchanged"
"PASS: ""native complete map linearity identity"
"PASS: ""formal identity specializes to every original map term"
"PASS: ""formal identity specializes to every complete integral group"
"PASS: ""complete merged key inventory"
"PASS: ""complete family merge reconstructs coefficient by coefficient"
"PASS: ""complete cut-family map reconstructs the input tensor"
"PASS: ""both physical cuts remain to unit power in every target"
"PASS: ""external factor preserves the complete cut inventory"
"LOCAL_OWN_TERM_DONE "17" seconds "3.242253
"LOCAL_OWN_TERM_START "18"/"36
"PASS: ""exact external factor reconstructs the whole input"
"PASS: ""external factor has no loop coordinate"
"EXTERNAL_FACTOR_INPUT "InputForm[eq^2/(2*(-3 + D)*Q^2*(Q^2 + s)^3*SUNN*(Q^2 + s - s23 + t)*(Q^4 + Q^2*s - 2*Q^2*s23 + Q^2*t - s*t)*(Q^2*s23 + s*t))]
"PASS: ""original explicit rational input reconstructs"
"PASS: ""explicit numerator is a loop polynomial"
"PASS: ""explicit denominator is a loop polynomial"
"PASS: ""every loop-dependent factor is a generated propagator"
"PASS: ""denominator ratio is loop independent"
"PASS: ""complete denominator scale reconstructs"
"PASS: ""atom extraction leaves a polynomial numerator"
"PASS: ""nonzero affine relation for dependent propagators"
"PASS: ""relation constant is independent of loop coordinates"
"PASS: ""every independent denominator set has a family"
"POLYNOMIAL_FAMILY_INPUT ""R10"
"PASS: ""original family numerator polynomial"
"PASS: ""family denominator is a Laurent monomial"
"PASS: ""original numerator coefficients reconstruct"
"PASS: ""loop monomial substitution reconstructs"
"PASS: ""complete polynomial exponent inventory"
"PASS: ""Laurent certificate denominator is loop independent"
"PASS: ""Laurent certificate coefficients are loop independent"
"PASS: ""family coordinates invert to original loop coordinates"
"PASS: ""Laurent integral inventory is one to one"
"PASS: ""each complete family coefficient reconstructs"
"PASS: ""native full Laurent exponent identity"
"PASS: ""family Laurent coefficients reconstruct"
"POLYNOMIAL_FAMILY_INPUT ""R04"
"POLYNOMIAL_FAMILY_INPUT ""R10"
"POLYNOMIAL_FAMILY_INPUT ""R04"
"POLYNOMIAL_FAMILY_INPUT ""R01"
"PASS: ""certificate exact original rational numerator"
"PASS: ""certificate exact actual prefactor"
"PASS: ""native exact atom denominator identity"
"PASS: ""atom identity specializes to the original input"
"PASS: ""atom identity specializes to the actual reconstructed term"
"PASS: ""exact actual atom reconstruction"
"PASS: ""complete spin-independent partial fraction identity"
"PASS: ""every merged group coefficient equals its full input sum"
"PASS: ""merge partition covers each original map term once"
"PASS: ""every grouped coefficient list is unchanged"
"PASS: ""native complete map linearity identity"
"PASS: ""formal identity specializes to every original map term"
"PASS: ""formal identity specializes to every complete integral group"
"PASS: ""complete merged key inventory"
"PASS: ""complete family merge reconstructs coefficient by coefficient"
"PASS: ""complete cut-family map reconstructs the input tensor"
"PASS: ""both physical cuts remain to unit power in every target"
"PASS: ""external factor preserves the complete cut inventory"
"LOCAL_OWN_TERM_DONE "18" seconds "11.207583
"LOCAL_OWN_TERM_START "19"/"36
"PASS: ""exact external factor reconstructs the whole input"
"PASS: ""external factor has no loop coordinate"
"EXTERNAL_FACTOR_INPUT "InputForm[eq^2/(2*(-3 + D)*Q^2*(Q^2 + s)^3*SUNN*(Q^2 + s - s23 + t)*(Q^4 + Q^2*s - 2*Q^2*s23 + Q^2*t - s*t)*(Q^2*s23 + s*t))]
"PASS: ""original explicit rational input reconstructs"
"PASS: ""explicit numerator is a loop polynomial"
"PASS: ""explicit denominator is a loop polynomial"
"PASS: ""every loop-dependent factor is a generated propagator"
"PASS: ""denominator ratio is loop independent"
"PASS: ""complete denominator scale reconstructs"
"PASS: ""atom extraction leaves a polynomial numerator"
"PASS: ""nonzero affine relation for dependent propagators"
"PASS: ""relation constant is independent of loop coordinates"
"PASS: ""every independent denominator set has a family"
"POLYNOMIAL_FAMILY_INPUT ""R10"
"PASS: ""original family numerator polynomial"
"PASS: ""family denominator is a Laurent monomial"
"PASS: ""original numerator coefficients reconstruct"
"PASS: ""loop monomial substitution reconstructs"
"PASS: ""complete polynomial exponent inventory"
"PASS: ""Laurent certificate denominator is loop independent"
"PASS: ""Laurent certificate coefficients are loop independent"
"PASS: ""family coordinates invert to original loop coordinates"
"PASS: ""Laurent integral inventory is one to one"
"PASS: ""each complete family coefficient reconstructs"
"PASS: ""native full Laurent exponent identity"
"PASS: ""family Laurent coefficients reconstruct"
"POLYNOMIAL_FAMILY_INPUT ""R08"
"POLYNOMIAL_FAMILY_INPUT ""R05"
"POLYNOMIAL_FAMILY_INPUT ""R04"
"POLYNOMIAL_FAMILY_INPUT ""R01"
"PASS: ""certificate exact original rational numerator"
"PASS: ""certificate exact actual prefactor"
"PASS: ""native exact atom denominator identity"
"PASS: ""atom identity specializes to the original input"
"PASS: ""atom identity specializes to the actual reconstructed term"
"PASS: ""exact actual atom reconstruction"
"PASS: ""complete spin-independent partial fraction identity"
"PASS: ""every merged group coefficient equals its full input sum"
"PASS: ""merge partition covers each original map term once"
"PASS: ""every grouped coefficient list is unchanged"
"PASS: ""native complete map linearity identity"
"PASS: ""formal identity specializes to every original map term"
"PASS: ""formal identity specializes to every complete integral group"
"PASS: ""complete merged key inventory"
"PASS: ""complete family merge reconstructs coefficient by coefficient"
"PASS: ""complete cut-family map reconstructs the input tensor"
"PASS: ""both physical cuts remain to unit power in every target"
"PASS: ""external factor preserves the complete cut inventory"
"LOCAL_OWN_TERM_DONE "19" seconds "9.959418
"LOCAL_OWN_TERM_START "20"/"36
"PASS: ""exact external factor reconstructs the whole input"
"PASS: ""external factor has no loop coordinate"
"EXTERNAL_FACTOR_ORIGINAL_FALLBACK "52521332883083558120603128915527828092196508155539423399264781270907684199474
"PASS: ""original explicit rational input reconstructs"
"PASS: ""explicit numerator is a loop polynomial"
"PASS: ""explicit denominator is a loop polynomial"
"PASS: ""every loop-dependent factor is a generated propagator"
"PASS: ""denominator ratio is loop independent"
"PASS: ""complete denominator scale reconstructs"
"PASS: ""atom extraction leaves a polynomial numerator"
"PASS: ""nonzero affine relation for dependent propagators"
"PASS: ""relation constant is independent of loop coordinates"
"PASS: ""every independent denominator set has a family"
"POLYNOMIAL_FAMILY_INPUT ""R12"
"PASS: ""original family numerator polynomial"
"PASS: ""family denominator is a Laurent monomial"
"PASS: ""original numerator coefficients reconstruct"
"PASS: ""loop monomial substitution reconstructs"
"PASS: ""complete polynomial exponent inventory"
"PASS: ""Laurent certificate denominator is loop independent"
"PASS: ""Laurent certificate coefficients are loop independent"
"PASS: ""family coordinates invert to original loop coordinates"
"PASS: ""Laurent integral inventory is one to one"
"PASS: ""each complete family coefficient reconstructs"
"PASS: ""native full Laurent exponent identity"
"PASS: ""family Laurent coefficients reconstruct"
"POLYNOMIAL_FAMILY_INPUT ""R04"
"POLYNOMIAL_FAMILY_INPUT ""R02"
"POLYNOMIAL_FAMILY_INPUT ""R04"
"POLYNOMIAL_FAMILY_INPUT ""R02"
"PASS: ""certificate exact original rational numerator"
"PASS: ""certificate exact actual prefactor"
"PASS: ""native exact atom denominator identity"
"PASS: ""atom identity specializes to the original input"
"PASS: ""atom identity specializes to the actual reconstructed term"
"PASS: ""exact actual atom reconstruction"
"PASS: ""complete spin-independent partial fraction identity"
"PASS: ""every merged group coefficient equals its full input sum"
"PASS: ""merge partition covers each original map term once"
"PASS: ""every grouped coefficient list is unchanged"
"PASS: ""native complete map linearity identity"
"PASS: ""formal identity specializes to every original map term"
"PASS: ""formal identity specializes to every complete integral group"
"PASS: ""complete merged key inventory"
"PASS: ""complete family merge reconstructs coefficient by coefficient"
"PASS: ""complete cut-family map reconstructs the input tensor"
"PASS: ""both physical cuts remain to unit power in every target"
"LOCAL_OWN_TERM_DONE "20" seconds "17.927854
"LOCAL_OWN_TERM_START "21"/"36
"PASS: ""exact external factor reconstructs the whole input"
"PASS: ""external factor has no loop coordinate"
"EXTERNAL_FACTOR_INPUT "InputForm[(eq^2*(-1 + SUNN)*(1 + SUNN))/(2*(-3 + D)*Q^2*(Q^2 + s)^3*SUNN*(Q^2 + s - s23 + t)*(Q^4 + Q^2*s - 2*Q^2*s23 + Q^2*t - s*t)*(Q^2*s23 + s*t))]
"PASS: ""original explicit rational input reconstructs"
"PASS: ""explicit numerator is a loop polynomial"
"PASS: ""explicit denominator is a loop polynomial"
"PASS: ""every loop-dependent factor is a generated propagator"
"PASS: ""denominator ratio is loop independent"
"PASS: ""complete denominator scale reconstructs"
"PASS: ""atom extraction leaves a polynomial numerator"
"PASS: ""every independent denominator set has a family"
"POLYNOMIAL_FAMILY_INPUT ""R07"
"PASS: ""original family numerator polynomial"
"PASS: ""family denominator is a Laurent monomial"
"PASS: ""original numerator coefficients reconstruct"
"PASS: ""loop monomial substitution reconstructs"
"PASS: ""complete polynomial exponent inventory"
"PASS: ""Laurent certificate denominator is loop independent"
"PASS: ""Laurent certificate coefficients are loop independent"
"PASS: ""family coordinates invert to original loop coordinates"
"PASS: ""Laurent integral inventory is one to one"
"PASS: ""each complete family coefficient reconstructs"
"PASS: ""native full Laurent exponent identity"
"PASS: ""family Laurent coefficients reconstruct"
"PASS: ""certificate exact original rational numerator"
"PASS: ""certificate exact actual prefactor"
"PASS: ""native exact atom denominator identity"
"PASS: ""atom identity specializes to the original input"
"PASS: ""atom identity specializes to the actual reconstructed term"
"PASS: ""exact actual atom reconstruction"
"PASS: ""complete spin-independent partial fraction identity"
"PASS: ""every merged group coefficient equals its full input sum"
"PASS: ""merge partition covers each original map term once"
"PASS: ""every grouped coefficient list is unchanged"
"PASS: ""native complete map linearity identity"
"PASS: ""formal identity specializes to every original map term"
"PASS: ""formal identity specializes to every complete integral group"
"PASS: ""complete merged key inventory"
"PASS: ""complete family merge reconstructs coefficient by coefficient"
"PASS: ""complete cut-family map reconstructs the input tensor"
"PASS: ""both physical cuts remain to unit power in every target"
"PASS: ""external factor preserves the complete cut inventory"
"LOCAL_OWN_TERM_DONE "21" seconds "2.490831
"LOCAL_OWN_TERM_START "22"/"36
"PASS: ""exact external factor reconstructs the whole input"
"PASS: ""external factor has no loop coordinate"
"EXTERNAL_FACTOR_INPUT "InputForm[-1/2*eq^2/((-3 + D)*Q^2*(Q^2 + s)^3*SUNN*(Q^2 + s - s23 + t)*(Q^4 + Q^2*s - 2*Q^2*s23 + Q^2*t - s*t)*(Q^2*s23 + s*t))]
"PASS: ""original explicit rational input reconstructs"
"PASS: ""explicit numerator is a loop polynomial"
"PASS: ""explicit denominator is a loop polynomial"
"PASS: ""every loop-dependent factor is a generated propagator"
"PASS: ""denominator ratio is loop independent"
"PASS: ""complete denominator scale reconstructs"
"PASS: ""atom extraction leaves a polynomial numerator"
"PASS: ""nonzero affine relation for dependent propagators"
"PASS: ""relation constant is independent of loop coordinates"
"PASS: ""every independent denominator set has a family"
"POLYNOMIAL_FAMILY_INPUT ""R11"
"PASS: ""original family numerator polynomial"
"PASS: ""family denominator is a Laurent monomial"
"PASS: ""original numerator coefficients reconstruct"
"PASS: ""loop monomial substitution reconstructs"
"PASS: ""complete polynomial exponent inventory"
"PASS: ""Laurent certificate denominator is loop independent"
"PASS: ""Laurent certificate coefficients are loop independent"
"PASS: ""family coordinates invert to original loop coordinates"
"PASS: ""Laurent integral inventory is one to one"
"PASS: ""each complete family coefficient reconstructs"
"PASS: ""native full Laurent exponent identity"
"PASS: ""family Laurent coefficients reconstruct"
"POLYNOMIAL_FAMILY_INPUT ""R07"
"POLYNOMIAL_FAMILY_INPUT ""R11"
"POLYNOMIAL_FAMILY_INPUT ""R07"
"POLYNOMIAL_FAMILY_INPUT ""R06"
"PASS: ""certificate exact original rational numerator"
"PASS: ""certificate exact actual prefactor"
"PASS: ""native exact atom denominator identity"
"PASS: ""atom identity specializes to the original input"
"PASS: ""atom identity specializes to the actual reconstructed term"
"PASS: ""exact actual atom reconstruction"
"PASS: ""complete spin-independent partial fraction identity"
"PASS: ""every merged group coefficient equals its full input sum"
"PASS: ""merge partition covers each original map term once"
"PASS: ""every grouped coefficient list is unchanged"
"PASS: ""native complete map linearity identity"
"PASS: ""formal identity specializes to every original map term"
"PASS: ""formal identity specializes to every complete integral group"
"PASS: ""complete merged key inventory"
"PASS: ""complete family merge reconstructs coefficient by coefficient"
"PASS: ""complete cut-family map reconstructs the input tensor"
"PASS: ""both physical cuts remain to unit power in every target"
"PASS: ""external factor preserves the complete cut inventory"
"LOCAL_OWN_TERM_DONE "22" seconds "12.779143
"LOCAL_OWN_TERM_START "23"/"36
"PASS: ""exact external factor reconstructs the whole input"
"PASS: ""external factor has no loop coordinate"
"EXTERNAL_FACTOR_ORIGINAL_FALLBACK "103730680772739787929639549351059527931880791636336341912116578590830708251289
"PASS: ""original explicit rational input reconstructs"
"PASS: ""explicit numerator is a loop polynomial"
"PASS: ""explicit denominator is a loop polynomial"
"PASS: ""every loop-dependent factor is a generated propagator"
"PASS: ""denominator ratio is loop independent"
"PASS: ""complete denominator scale reconstructs"
"PASS: ""atom extraction leaves a polynomial numerator"
"PASS: ""nonzero affine relation for dependent propagators"
"PASS: ""relation constant is independent of loop coordinates"
"PASS: ""every independent denominator set has a family"
"POLYNOMIAL_FAMILY_INPUT ""R11"
"PASS: ""original family numerator polynomial"
"PASS: ""family denominator is a Laurent monomial"
"PASS: ""original numerator coefficients reconstruct"
"PASS: ""loop monomial substitution reconstructs"
"PASS: ""complete polynomial exponent inventory"
"PASS: ""Laurent certificate denominator is loop independent"
"PASS: ""Laurent certificate coefficients are loop independent"
"PASS: ""family coordinates invert to original loop coordinates"
"PASS: ""Laurent integral inventory is one to one"
"PASS: ""each complete family coefficient reconstructs"
"PASS: ""native full Laurent exponent identity"
"PASS: ""family Laurent coefficients reconstruct"
"POLYNOMIAL_FAMILY_INPUT ""R07"
"POLYNOMIAL_FAMILY_INPUT ""R06"
"POLYNOMIAL_FAMILY_INPUT ""R03"
"POLYNOMIAL_FAMILY_INPUT ""R02"
"PASS: ""certificate exact original rational numerator"
"PASS: ""certificate exact actual prefactor"
"PASS: ""native exact atom denominator identity"
"PASS: ""atom identity specializes to the original input"
"PASS: ""atom identity specializes to the actual reconstructed term"
"PASS: ""exact actual atom reconstruction"
"PASS: ""complete spin-independent partial fraction identity"
"PASS: ""every merged group coefficient equals its full input sum"
"PASS: ""merge partition covers each original map term once"
"PASS: ""every grouped coefficient list is unchanged"
"PASS: ""native complete map linearity identity"
"PASS: ""formal identity specializes to every original map term"
"PASS: ""formal identity specializes to every complete integral group"
"PASS: ""complete merged key inventory"
"PASS: ""complete family merge reconstructs coefficient by coefficient"
"PASS: ""complete cut-family map reconstructs the input tensor"
"PASS: ""both physical cuts remain to unit power in every target"
"LOCAL_OWN_TERM_DONE "23" seconds "14.252125
"LOCAL_OWN_TERM_START "24"/"36
"PASS: ""exact external factor reconstructs the whole input"
"PASS: ""external factor has no loop coordinate"
"EXTERNAL_FACTOR_INPUT "InputForm[(eq^2*(-1 + SUNN)*(1 + SUNN))/(2*(-3 + D)*Q^2*(Q^2 + s)^3*SUNN*(Q^2 + s - s23 + t)*(Q^4 + Q^2*s - 2*Q^2*s23 + Q^2*t - s*t)*(Q^2*s23 + s*t))]
"PASS: ""original explicit rational input reconstructs"
"PASS: ""explicit numerator is a loop polynomial"
"PASS: ""explicit denominator is a loop polynomial"
"PASS: ""every loop-dependent factor is a generated propagator"
"PASS: ""denominator ratio is loop independent"
"PASS: ""complete denominator scale reconstructs"
"PASS: ""atom extraction leaves a polynomial numerator"
"PASS: ""nonzero affine relation for dependent propagators"
"PASS: ""relation constant is independent of loop coordinates"
"PASS: ""every independent denominator set has a family"
"POLYNOMIAL_FAMILY_INPUT ""R12"
"PASS: ""original family numerator polynomial"
"PASS: ""family denominator is a Laurent monomial"
"PASS: ""original numerator coefficients reconstruct"
"PASS: ""loop monomial substitution reconstructs"
"PASS: ""complete polynomial exponent inventory"
"PASS: ""Laurent certificate denominator is loop independent"
"PASS: ""Laurent certificate coefficients are loop independent"
"PASS: ""family coordinates invert to original loop coordinates"
"PASS: ""Laurent integral inventory is one to one"
"PASS: ""each complete family coefficient reconstructs"
"PASS: ""native full Laurent exponent identity"
"PASS: ""family Laurent coefficients reconstruct"
"POLYNOMIAL_FAMILY_INPUT ""R11"
"POLYNOMIAL_FAMILY_INPUT ""R04"
"POLYNOMIAL_FAMILY_INPUT ""R03"
"POLYNOMIAL_FAMILY_INPUT ""R02"
"PASS: ""certificate exact original rational numerator"
"PASS: ""certificate exact actual prefactor"
"PASS: ""native exact atom denominator identity"
"PASS: ""atom identity specializes to the original input"
"PASS: ""atom identity specializes to the actual reconstructed term"
"PASS: ""exact actual atom reconstruction"
"PASS: ""complete spin-independent partial fraction identity"
"PASS: ""every merged group coefficient equals its full input sum"
"PASS: ""merge partition covers each original map term once"
"PASS: ""every grouped coefficient list is unchanged"
"PASS: ""native complete map linearity identity"
"PASS: ""formal identity specializes to every original map term"
"PASS: ""formal identity specializes to every complete integral group"
"PASS: ""complete merged key inventory"
"PASS: ""complete family merge reconstructs coefficient by coefficient"
"PASS: ""complete cut-family map reconstructs the input tensor"
"PASS: ""both physical cuts remain to unit power in every target"
"PASS: ""external factor preserves the complete cut inventory"
"LOCAL_OWN_TERM_DONE "24" seconds "12.658208
"LOCAL_OWN_TERM_START "25"/"36
"PASS: ""exact external factor reconstructs the whole input"
"PASS: ""external factor has no loop coordinate"
"EXTERNAL_FACTOR_ORIGINAL_FALLBACK "54442883141956435431931545449926833864432946504829991306899093638771043473664
"PASS: ""original explicit rational input reconstructs"
"PASS: ""explicit numerator is a loop polynomial"
"PASS: ""explicit denominator is a loop polynomial"
"PASS: ""every loop-dependent factor is a generated propagator"
"PASS: ""denominator ratio is loop independent"
"PASS: ""complete denominator scale reconstructs"
"PASS: ""atom extraction leaves a polynomial numerator"
"PASS: ""nonzero affine relation for dependent propagators"
"PASS: ""relation constant is independent of loop coordinates"
"PASS: ""every independent denominator set has a family"
"POLYNOMIAL_FAMILY_INPUT ""R09"
"PASS: ""original family numerator polynomial"
"PASS: ""family denominator is a Laurent monomial"
"PASS: ""original numerator coefficients reconstruct"
"PASS: ""loop monomial substitution reconstructs"
"PASS: ""complete polynomial exponent inventory"
"PASS: ""Laurent certificate denominator is loop independent"
"PASS: ""Laurent certificate coefficients are loop independent"
"PASS: ""family coordinates invert to original loop coordinates"
"PASS: ""Laurent integral inventory is one to one"
"PASS: ""each complete family coefficient reconstructs"
"PASS: ""native full Laurent exponent identity"
"PASS: ""family Laurent coefficients reconstruct"
"POLYNOMIAL_FAMILY_INPUT ""R07"
"POLYNOMIAL_FAMILY_INPUT ""R05"
"POLYNOMIAL_FAMILY_INPUT ""R07"
"POLYNOMIAL_FAMILY_INPUT ""R05"
"PASS: ""certificate exact original rational numerator"
"PASS: ""certificate exact actual prefactor"
"PASS: ""native exact atom denominator identity"
"PASS: ""atom identity specializes to the original input"
"PASS: ""atom identity specializes to the actual reconstructed term"
"PASS: ""exact actual atom reconstruction"
"PASS: ""complete spin-independent partial fraction identity"
"PASS: ""every merged group coefficient equals its full input sum"
"PASS: ""merge partition covers each original map term once"
"PASS: ""every grouped coefficient list is unchanged"
"PASS: ""native complete map linearity identity"
"PASS: ""formal identity specializes to every original map term"
"PASS: ""formal identity specializes to every complete integral group"
"PASS: ""complete merged key inventory"
"PASS: ""complete family merge reconstructs coefficient by coefficient"
"PASS: ""complete cut-family map reconstructs the input tensor"
"PASS: ""both physical cuts remain to unit power in every target"
"LOCAL_OWN_TERM_DONE "25" seconds "18.06062
"LOCAL_OWN_TERM_START "26"/"36
"PASS: ""exact external factor reconstructs the whole input"
"PASS: ""external factor has no loop coordinate"
"EXTERNAL_FACTOR_ORIGINAL_FALLBACK "31985700163880687812317733273383208999477854761262051087750774646762401552587
"PASS: ""original explicit rational input reconstructs"
"PASS: ""explicit numerator is a loop polynomial"
"PASS: ""explicit denominator is a loop polynomial"
"PASS: ""every loop-dependent factor is a generated propagator"
"PASS: ""denominator ratio is loop independent"
"PASS: ""complete denominator scale reconstructs"
"PASS: ""atom extraction leaves a polynomial numerator"
"PASS: ""nonzero affine relation for dependent propagators"
"PASS: ""relation constant is independent of loop coordinates"
"PASS: ""every independent denominator set has a family"
"POLYNOMIAL_FAMILY_INPUT ""R10"
"PASS: ""original family numerator polynomial"
"PASS: ""family denominator is a Laurent monomial"
"PASS: ""original numerator coefficients reconstruct"
"PASS: ""loop monomial substitution reconstructs"
"PASS: ""complete polynomial exponent inventory"
"PASS: ""Laurent certificate denominator is loop independent"
"PASS: ""Laurent certificate coefficients are loop independent"
"PASS: ""family coordinates invert to original loop coordinates"
"PASS: ""Laurent integral inventory is one to one"
"PASS: ""each complete family coefficient reconstructs"
"PASS: ""native full Laurent exponent identity"
"PASS: ""family Laurent coefficients reconstruct"
"POLYNOMIAL_FAMILY_INPUT ""R09"
"POLYNOMIAL_FAMILY_INPUT ""R08"
"POLYNOMIAL_FAMILY_INPUT ""R07"
"POLYNOMIAL_FAMILY_INPUT ""R05"
"PASS: ""certificate exact original rational numerator"
"PASS: ""certificate exact actual prefactor"
"PASS: ""native exact atom denominator identity"
"PASS: ""atom identity specializes to the original input"
"PASS: ""atom identity specializes to the actual reconstructed term"
"PASS: ""exact actual atom reconstruction"
"PASS: ""complete spin-independent partial fraction identity"
"PASS: ""every merged group coefficient equals its full input sum"
"PASS: ""merge partition covers each original map term once"
"PASS: ""every grouped coefficient list is unchanged"
"PASS: ""native complete map linearity identity"
"PASS: ""formal identity specializes to every original map term"
"PASS: ""formal identity specializes to every complete integral group"
"PASS: ""complete merged key inventory"
"PASS: ""complete family merge reconstructs coefficient by coefficient"
"PASS: ""complete cut-family map reconstructs the input tensor"
"PASS: ""both physical cuts remain to unit power in every target"
"LOCAL_OWN_TERM_DONE "26" seconds "22.938372
"LOCAL_OWN_TERM_START "27"/"36
"PASS: ""exact external factor reconstructs the whole input"
"PASS: ""external factor has no loop coordinate"
"EXTERNAL_FACTOR_INPUT "InputForm[(eq^2*(-1 + SUNN)*(1 + SUNN))/(2*(-3 + D)*Q^2*(Q^2 + s)^3*SUNN*(Q^2 + s - s23 + t)*(Q^4 + Q^2*s - 2*Q^2*s23 + Q^2*t - s*t)*(Q^2*s23 + s*t))]
"PASS: ""original explicit rational input reconstructs"
"PASS: ""explicit numerator is a loop polynomial"
"PASS: ""explicit denominator is a loop polynomial"
"PASS: ""every loop-dependent factor is a generated propagator"
"PASS: ""denominator ratio is loop independent"
"PASS: ""complete denominator scale reconstructs"
"PASS: ""atom extraction leaves a polynomial numerator"
"PASS: ""every independent denominator set has a family"
"POLYNOMIAL_FAMILY_INPUT ""R04"
"PASS: ""original family numerator polynomial"
"PASS: ""family denominator is a Laurent monomial"
"PASS: ""original numerator coefficients reconstruct"
"PASS: ""loop monomial substitution reconstructs"
"PASS: ""complete polynomial exponent inventory"
"PASS: ""Laurent certificate denominator is loop independent"
"PASS: ""Laurent certificate coefficients are loop independent"
"PASS: ""family coordinates invert to original loop coordinates"
"PASS: ""Laurent integral inventory is one to one"
"PASS: ""each complete family coefficient reconstructs"
"PASS: ""native full Laurent exponent identity"
"PASS: ""family Laurent coefficients reconstruct"
"PASS: ""certificate exact original rational numerator"
"PASS: ""certificate exact actual prefactor"
"PASS: ""native exact atom denominator identity"
"PASS: ""atom identity specializes to the original input"
"PASS: ""atom identity specializes to the actual reconstructed term"
"PASS: ""exact actual atom reconstruction"
"PASS: ""complete spin-independent partial fraction identity"
"PASS: ""every merged group coefficient equals its full input sum"
"PASS: ""merge partition covers each original map term once"
"PASS: ""every grouped coefficient list is unchanged"
"PASS: ""native complete map linearity identity"
"PASS: ""formal identity specializes to every original map term"
"PASS: ""formal identity specializes to every complete integral group"
"PASS: ""complete merged key inventory"
"PASS: ""complete family merge reconstructs coefficient by coefficient"
"PASS: ""complete cut-family map reconstructs the input tensor"
"PASS: ""both physical cuts remain to unit power in every target"
"PASS: ""external factor preserves the complete cut inventory"
"LOCAL_OWN_TERM_DONE "27" seconds "2.157265
"LOCAL_OWN_TERM_START "28"/"36
"PASS: ""exact external factor reconstructs the whole input"
"PASS: ""external factor has no loop coordinate"
"EXTERNAL_FACTOR_INPUT "InputForm[-1/4*(eq^2*SUNN)/((-3 + D)*Q^2*(Q^2 + s)^3*(Q^2 + s - s23 + t)^2*(Q^4 + Q^2*s - 2*Q^2*s23 + Q^2*t - s*t)*(Q^2*s23 + s*t))]
"PASS: ""original explicit rational input reconstructs"
"PASS: ""explicit numerator is a loop polynomial"
"PASS: ""explicit denominator is a loop polynomial"
"PASS: ""every loop-dependent factor is a generated propagator"
"PASS: ""denominator ratio is loop independent"
"PASS: ""complete denominator scale reconstructs"
"PASS: ""atom extraction leaves a polynomial numerator"
"PASS: ""every independent denominator set has a family"
"POLYNOMIAL_FAMILY_INPUT ""R04"
"PASS: ""original family numerator polynomial"
"PASS: ""family denominator is a Laurent monomial"
"PASS: ""original numerator coefficients reconstruct"
"PASS: ""loop monomial substitution reconstructs"
"PASS: ""complete polynomial exponent inventory"
"PASS: ""Laurent certificate denominator is loop independent"
"PASS: ""Laurent certificate coefficients are loop independent"
"PASS: ""family coordinates invert to original loop coordinates"
"PASS: ""Laurent integral inventory is one to one"
"PASS: ""each complete family coefficient reconstructs"
"PASS: ""native full Laurent exponent identity"
"PASS: ""family Laurent coefficients reconstruct"
"POLYNOMIAL_FAMILY_INPUT ""R03"
"PASS: ""certificate exact original rational numerator"
"PASS: ""certificate exact actual prefactor"
"PASS: ""native exact atom denominator identity"
"PASS: ""atom identity specializes to the original input"
"PASS: ""atom identity specializes to the actual reconstructed term"
"PASS: ""exact actual atom reconstruction"
"PASS: ""complete spin-independent partial fraction identity"
"PASS: ""every merged group coefficient equals its full input sum"
"PASS: ""merge partition covers each original map term once"
"PASS: ""every grouped coefficient list is unchanged"
"PASS: ""native complete map linearity identity"
"PASS: ""formal identity specializes to every original map term"
"PASS: ""formal identity specializes to every complete integral group"
"PASS: ""complete merged key inventory"
"PASS: ""complete family merge reconstructs coefficient by coefficient"
"PASS: ""complete cut-family map reconstructs the input tensor"
"PASS: ""both physical cuts remain to unit power in every target"
"PASS: ""external factor preserves the complete cut inventory"
"LOCAL_OWN_TERM_DONE "28" seconds "5.719865
"LOCAL_OWN_TERM_START "29"/"36
"PASS: ""exact external factor reconstructs the whole input"
"PASS: ""external factor has no loop coordinate"
"EXTERNAL_FACTOR_ORIGINAL_FALLBACK "10534536480804572880311450338296785498765961996404561087080880821099452002882
"PASS: ""original explicit rational input reconstructs"
"PASS: ""explicit numerator is a loop polynomial"
"PASS: ""explicit denominator is a loop polynomial"
"PASS: ""every loop-dependent factor is a generated propagator"
"PASS: ""denominator ratio is loop independent"
"PASS: ""complete denominator scale reconstructs"
"PASS: ""atom extraction leaves a polynomial numerator"
"PASS: ""every independent denominator set has a family"
"POLYNOMIAL_FAMILY_INPUT ""R11"
"PASS: ""original family numerator polynomial"
"PASS: ""family denominator is a Laurent monomial"
"PASS: ""original numerator coefficients reconstruct"
"PASS: ""loop monomial substitution reconstructs"
"PASS: ""complete polynomial exponent inventory"
"PASS: ""Laurent certificate denominator is loop independent"
"PASS: ""Laurent certificate coefficients are loop independent"
"PASS: ""family coordinates invert to original loop coordinates"
"PASS: ""Laurent integral inventory is one to one"
"PASS: ""each complete family coefficient reconstructs"
"PASS: ""native full Laurent exponent identity"
"PASS: ""family Laurent coefficients reconstruct"
"POLYNOMIAL_FAMILY_INPUT ""R03"
"POLYNOMIAL_FAMILY_INPUT ""R02"
"PASS: ""certificate exact original rational numerator"
"PASS: ""certificate exact actual prefactor"
"PASS: ""native exact atom denominator identity"
"PASS: ""atom identity specializes to the original input"
"PASS: ""atom identity specializes to the actual reconstructed term"
"PASS: ""exact actual atom reconstruction"
"PASS: ""complete spin-independent partial fraction identity"
"PASS: ""every merged group coefficient equals its full input sum"
"PASS: ""merge partition covers each original map term once"
"PASS: ""every grouped coefficient list is unchanged"
"PASS: ""native complete map linearity identity"
"PASS: ""formal identity specializes to every original map term"
"PASS: ""formal identity specializes to every complete integral group"
"PASS: ""complete merged key inventory"
"PASS: ""complete family merge reconstructs coefficient by coefficient"
"PASS: ""complete cut-family map reconstructs the input tensor"
"PASS: ""both physical cuts remain to unit power in every target"
"LOCAL_OWN_TERM_DONE "29" seconds "10.486134
"LOCAL_OWN_TERM_START "30"/"36
"PASS: ""exact external factor reconstructs the whole input"
"PASS: ""external factor has no loop coordinate"
"EXTERNAL_FACTOR_ORIGINAL_FALLBACK "26618281217112504619397756163918283415876407118015496047917437498184309330221
"PASS: ""original explicit rational input reconstructs"
"PASS: ""explicit numerator is a loop polynomial"
"PASS: ""explicit denominator is a loop polynomial"
"PASS: ""every loop-dependent factor is a generated propagator"
"PASS: ""denominator ratio is loop independent"
"PASS: ""complete denominator scale reconstructs"
"PASS: ""atom extraction leaves a polynomial numerator"
"PASS: ""every independent denominator set has a family"
"POLYNOMIAL_FAMILY_INPUT ""R12"
"PASS: ""original family numerator polynomial"
"PASS: ""family denominator is a Laurent monomial"
"PASS: ""original numerator coefficients reconstruct"
"PASS: ""loop monomial substitution reconstructs"
"PASS: ""complete polynomial exponent inventory"
"PASS: ""Laurent certificate denominator is loop independent"
"PASS: ""Laurent certificate coefficients are loop independent"
"PASS: ""family coordinates invert to original loop coordinates"
"PASS: ""Laurent integral inventory is one to one"
"PASS: ""each complete family coefficient reconstructs"
"PASS: ""native full Laurent exponent identity"
"PASS: ""family Laurent coefficients reconstruct"
"POLYNOMIAL_FAMILY_INPUT ""R04"
"POLYNOMIAL_FAMILY_INPUT ""R02"
"PASS: ""certificate exact original rational numerator"
"PASS: ""certificate exact actual prefactor"
"PASS: ""native exact atom denominator identity"
"PASS: ""atom identity specializes to the original input"
"PASS: ""atom identity specializes to the actual reconstructed term"
"PASS: ""exact actual atom reconstruction"
"PASS: ""complete spin-independent partial fraction identity"
"PASS: ""every merged group coefficient equals its full input sum"
"PASS: ""merge partition covers each original map term once"
"PASS: ""every grouped coefficient list is unchanged"
"PASS: ""native complete map linearity identity"
"PASS: ""formal identity specializes to every original map term"
"PASS: ""formal identity specializes to every complete integral group"
"PASS: ""complete merged key inventory"
"PASS: ""complete family merge reconstructs coefficient by coefficient"
"PASS: ""complete cut-family map reconstructs the input tensor"
"PASS: ""both physical cuts remain to unit power in every target"
"LOCAL_OWN_TERM_DONE "30" seconds "10.998899
"LOCAL_OWN_TERM_START "31"/"36
"PASS: ""exact external factor reconstructs the whole input"
"PASS: ""external factor has no loop coordinate"
"EXTERNAL_FACTOR_INPUT "InputForm[-1/4*(eq^2*SUNN)/((-3 + D)*Q^2*(Q^2 + s)^3*(Q^2 + s - s23 + t)^2*(Q^4 + Q^2*s - 2*Q^2*s23 + Q^2*t - s*t)*(Q^2*s23 + s*t))]
"PASS: ""original explicit rational input reconstructs"
"PASS: ""explicit numerator is a loop polynomial"
"PASS: ""explicit denominator is a loop polynomial"
"PASS: ""every loop-dependent factor is a generated propagator"
"PASS: ""denominator ratio is loop independent"
"PASS: ""complete denominator scale reconstructs"
"PASS: ""atom extraction leaves a polynomial numerator"
"PASS: ""every independent denominator set has a family"
"POLYNOMIAL_FAMILY_INPUT ""R12"
"PASS: ""original family numerator polynomial"
"PASS: ""family denominator is a Laurent monomial"
"PASS: ""original numerator coefficients reconstruct"
"PASS: ""loop monomial substitution reconstructs"
"PASS: ""complete polynomial exponent inventory"
"PASS: ""Laurent certificate denominator is loop independent"
"PASS: ""Laurent certificate coefficients are loop independent"
"PASS: ""family coordinates invert to original loop coordinates"
"PASS: ""Laurent integral inventory is one to one"
"PASS: ""each complete family coefficient reconstructs"
"PASS: ""native full Laurent exponent identity"
"PASS: ""family Laurent coefficients reconstruct"
"POLYNOMIAL_FAMILY_INPUT ""R11"
"PASS: ""certificate exact original rational numerator"
"PASS: ""certificate exact actual prefactor"
"PASS: ""native exact atom denominator identity"
"PASS: ""atom identity specializes to the original input"
"PASS: ""atom identity specializes to the actual reconstructed term"
"PASS: ""exact actual atom reconstruction"
"PASS: ""complete spin-independent partial fraction identity"
"PASS: ""every merged group coefficient equals its full input sum"
"PASS: ""merge partition covers each original map term once"
"PASS: ""every grouped coefficient list is unchanged"
"PASS: ""native complete map linearity identity"
"PASS: ""formal identity specializes to every original map term"
"PASS: ""formal identity specializes to every complete integral group"
"PASS: ""complete merged key inventory"
"PASS: ""complete family merge reconstructs coefficient by coefficient"
"PASS: ""complete cut-family map reconstructs the input tensor"
"PASS: ""both physical cuts remain to unit power in every target"
"PASS: ""external factor preserves the complete cut inventory"
"LOCAL_OWN_TERM_DONE "31" seconds "6.515854
"LOCAL_OWN_TERM_START "32"/"36
"PASS: ""exact external factor reconstructs the whole input"
"PASS: ""external factor has no loop coordinate"
"EXTERNAL_FACTOR_ORIGINAL_FALLBACK "7673752590855581104185061922815879285766084126238379054827259028780671714769
"PASS: ""original explicit rational input reconstructs"
"PASS: ""explicit numerator is a loop polynomial"
"PASS: ""explicit denominator is a loop polynomial"
"PASS: ""every loop-dependent factor is a generated propagator"
"PASS: ""denominator ratio is loop independent"
"PASS: ""complete denominator scale reconstructs"
"PASS: ""atom extraction leaves a polynomial numerator"
"PASS: ""every independent denominator set has a family"
"POLYNOMIAL_FAMILY_INPUT ""R09"
"PASS: ""original family numerator polynomial"
"PASS: ""family denominator is a Laurent monomial"
"PASS: ""original numerator coefficients reconstruct"
"PASS: ""loop monomial substitution reconstructs"
"PASS: ""complete polynomial exponent inventory"
"PASS: ""Laurent certificate denominator is loop independent"
"PASS: ""Laurent certificate coefficients are loop independent"
"PASS: ""family coordinates invert to original loop coordinates"
"PASS: ""Laurent integral inventory is one to one"
"PASS: ""each complete family coefficient reconstructs"
"PASS: ""native full Laurent exponent identity"
"PASS: ""family Laurent coefficients reconstruct"
"POLYNOMIAL_FAMILY_INPUT ""R07"
"POLYNOMIAL_FAMILY_INPUT ""R05"
"PASS: ""certificate exact original rational numerator"
"PASS: ""certificate exact actual prefactor"
"PASS: ""native exact atom denominator identity"
"PASS: ""atom identity specializes to the original input"
"PASS: ""atom identity specializes to the actual reconstructed term"
"PASS: ""exact actual atom reconstruction"
"PASS: ""complete spin-independent partial fraction identity"
"PASS: ""every merged group coefficient equals its full input sum"
"PASS: ""merge partition covers each original map term once"
"PASS: ""every grouped coefficient list is unchanged"
"PASS: ""native complete map linearity identity"
"PASS: ""formal identity specializes to every original map term"
"PASS: ""formal identity specializes to every complete integral group"
"PASS: ""complete merged key inventory"
"PASS: ""complete family merge reconstructs coefficient by coefficient"
"PASS: ""complete cut-family map reconstructs the input tensor"
"PASS: ""both physical cuts remain to unit power in every target"
"LOCAL_OWN_TERM_DONE "32" seconds "10.523656
"LOCAL_OWN_TERM_START "33"/"36
"PASS: ""exact external factor reconstructs the whole input"
"PASS: ""external factor has no loop coordinate"
"EXTERNAL_FACTOR_ORIGINAL_FALLBACK "84187794420839008046045745364986800478681132510357845197758609008788574899714
"PASS: ""original explicit rational input reconstructs"
"PASS: ""explicit numerator is a loop polynomial"
"PASS: ""explicit denominator is a loop polynomial"
"PASS: ""every loop-dependent factor is a generated propagator"
"PASS: ""denominator ratio is loop independent"
"PASS: ""complete denominator scale reconstructs"
"PASS: ""atom extraction leaves a polynomial numerator"
"PASS: ""every independent denominator set has a family"
"POLYNOMIAL_FAMILY_INPUT ""R10"
"PASS: ""original family numerator polynomial"
"PASS: ""family denominator is a Laurent monomial"
"PASS: ""original numerator coefficients reconstruct"
"PASS: ""loop monomial substitution reconstructs"
"PASS: ""complete polynomial exponent inventory"
"PASS: ""Laurent certificate denominator is loop independent"
"PASS: ""Laurent certificate coefficients are loop independent"
"PASS: ""family coordinates invert to original loop coordinates"
"PASS: ""Laurent integral inventory is one to one"
"PASS: ""each complete family coefficient reconstructs"
"PASS: ""native full Laurent exponent identity"
"PASS: ""family Laurent coefficients reconstruct"
"POLYNOMIAL_FAMILY_INPUT ""R09"
"PASS: ""certificate exact original rational numerator"
"PASS: ""certificate exact actual prefactor"
"PASS: ""native exact atom denominator identity"
"PASS: ""atom identity specializes to the original input"
"PASS: ""atom identity specializes to the actual reconstructed term"
"PASS: ""exact actual atom reconstruction"
"PASS: ""complete spin-independent partial fraction identity"
"PASS: ""every merged group coefficient equals its full input sum"
"PASS: ""merge partition covers each original map term once"
"PASS: ""every grouped coefficient list is unchanged"
"PASS: ""native complete map linearity identity"
"PASS: ""formal identity specializes to every original map term"
"PASS: ""formal identity specializes to every complete integral group"
"PASS: ""complete merged key inventory"
"PASS: ""complete family merge reconstructs coefficient by coefficient"
"PASS: ""complete cut-family map reconstructs the input tensor"
"PASS: ""both physical cuts remain to unit power in every target"
"LOCAL_OWN_TERM_DONE "33" seconds "7.638014
"LOCAL_OWN_TERM_START "34"/"36
"PASS: ""exact external factor reconstructs the whole input"
"PASS: ""external factor has no loop coordinate"
"EXTERNAL_FACTOR_INPUT "InputForm[(eq^2*SUNN)/(4*(-3 + D)*Q^2*(Q^2 + s)^3*(Q^2 + s - s23 + t)^2*(Q^4 + Q^2*s - 2*Q^2*s23 + Q^2*t - s*t)*(Q^2*s23 + s*t))]
"PASS: ""original explicit rational input reconstructs"
"PASS: ""explicit numerator is a loop polynomial"
"PASS: ""explicit denominator is a loop polynomial"
"PASS: ""every loop-dependent factor is a generated propagator"
"PASS: ""denominator ratio is loop independent"
"PASS: ""complete denominator scale reconstructs"
"PASS: ""atom extraction leaves a polynomial numerator"
"PASS: ""every independent denominator set has a family"
"POLYNOMIAL_FAMILY_INPUT ""R07"
"PASS: ""original family numerator polynomial"
"PASS: ""family denominator is a Laurent monomial"
"PASS: ""original numerator coefficients reconstruct"
"PASS: ""loop monomial substitution reconstructs"
"PASS: ""complete polynomial exponent inventory"
"PASS: ""Laurent certificate denominator is loop independent"
"PASS: ""Laurent certificate coefficients are loop independent"
"PASS: ""family coordinates invert to original loop coordinates"
"PASS: ""Laurent integral inventory is one to one"
"PASS: ""each complete family coefficient reconstructs"
"PASS: ""native full Laurent exponent identity"
"PASS: ""family Laurent coefficients reconstruct"
"PASS: ""certificate exact original rational numerator"
"PASS: ""certificate exact actual prefactor"
"PASS: ""native exact atom denominator identity"
"PASS: ""atom identity specializes to the original input"
"PASS: ""atom identity specializes to the actual reconstructed term"
"PASS: ""exact actual atom reconstruction"
"PASS: ""complete spin-independent partial fraction identity"
"PASS: ""every merged group coefficient equals its full input sum"
"PASS: ""merge partition covers each original map term once"
"PASS: ""every grouped coefficient list is unchanged"
"PASS: ""native complete map linearity identity"
"PASS: ""formal identity specializes to every original map term"
"PASS: ""formal identity specializes to every complete integral group"
"PASS: ""complete merged key inventory"
"PASS: ""complete family merge reconstructs coefficient by coefficient"
"PASS: ""complete cut-family map reconstructs the input tensor"
"PASS: ""both physical cuts remain to unit power in every target"
"PASS: ""external factor preserves the complete cut inventory"
"LOCAL_OWN_TERM_DONE "34" seconds "3.288867
"LOCAL_OWN_TERM_START "35"/"36
"PASS: ""exact external factor reconstructs the whole input"
"PASS: ""external factor has no loop coordinate"
"EXTERNAL_FACTOR_INPUT "InputForm[(eq^2*SUNN)/(4*(-3 + D)*Q^2*(Q^2 + s)^3*(Q^2 + s - s23 + t)^2*(Q^4 + Q^2*s - 2*Q^2*s23 + Q^2*t - s*t)*(Q^2*s23 + s*t))]
"PASS: ""original explicit rational input reconstructs"
"PASS: ""explicit numerator is a loop polynomial"
"PASS: ""explicit denominator is a loop polynomial"
"PASS: ""every loop-dependent factor is a generated propagator"
"PASS: ""denominator ratio is loop independent"
"PASS: ""complete denominator scale reconstructs"
"PASS: ""atom extraction leaves a polynomial numerator"
"PASS: ""every independent denominator set has a family"
"POLYNOMIAL_FAMILY_INPUT ""R10"
"PASS: ""original family numerator polynomial"
"PASS: ""family denominator is a Laurent monomial"
"PASS: ""original numerator coefficients reconstruct"
"PASS: ""loop monomial substitution reconstructs"
"PASS: ""complete polynomial exponent inventory"
"PASS: ""Laurent certificate denominator is loop independent"
"PASS: ""Laurent certificate coefficients are loop independent"
"PASS: ""family coordinates invert to original loop coordinates"
"PASS: ""Laurent integral inventory is one to one"
"PASS: ""each complete family coefficient reconstructs"
"PASS: ""native full Laurent exponent identity"
"PASS: ""family Laurent coefficients reconstruct"
"PASS: ""certificate exact original rational numerator"
"PASS: ""certificate exact actual prefactor"
"PASS: ""native exact atom denominator identity"
"PASS: ""atom identity specializes to the original input"
"PASS: ""atom identity specializes to the actual reconstructed term"
"PASS: ""exact actual atom reconstruction"
"PASS: ""complete spin-independent partial fraction identity"
"PASS: ""every merged group coefficient equals its full input sum"
"PASS: ""merge partition covers each original map term once"
"PASS: ""every grouped coefficient list is unchanged"
"PASS: ""native complete map linearity identity"
"PASS: ""formal identity specializes to every original map term"
"PASS: ""formal identity specializes to every complete integral group"
"PASS: ""complete merged key inventory"
"PASS: ""complete family merge reconstructs coefficient by coefficient"
"PASS: ""complete cut-family map reconstructs the input tensor"
"PASS: ""both physical cuts remain to unit power in every target"
"PASS: ""external factor preserves the complete cut inventory"
"LOCAL_OWN_TERM_DONE "35" seconds "2.953648
"LOCAL_OWN_TERM_START "36"/"36
"PASS: ""exact external factor reconstructs the whole input"
"PASS: ""external factor has no loop coordinate"
"EXTERNAL_FACTOR_INPUT "InputForm[(eq^2*SUNN)/(4*(-3 + D)*Q^2*(Q^2 + s)^3*(Q^2 + s - s23 + t)^2*(Q^4 + Q^2*s - 2*Q^2*s23 + Q^2*t - s*t)*(Q^2*s23 + s*t))]
"PASS: ""original explicit rational input reconstructs"
"PASS: ""explicit numerator is a loop polynomial"
"PASS: ""explicit denominator is a loop polynomial"
"PASS: ""every loop-dependent factor is a generated propagator"
"PASS: ""denominator ratio is loop independent"
"PASS: ""complete denominator scale reconstructs"
"PASS: ""atom extraction leaves a polynomial numerator"
"PASS: ""every independent denominator set has a family"
"POLYNOMIAL_FAMILY_INPUT ""R10"
"PASS: ""original family numerator polynomial"
"PASS: ""family denominator is a Laurent monomial"
"PASS: ""original numerator coefficients reconstruct"
"PASS: ""loop monomial substitution reconstructs"
"PASS: ""complete polynomial exponent inventory"
"PASS: ""Laurent certificate denominator is loop independent"
"PASS: ""Laurent certificate coefficients are loop independent"
"PASS: ""family coordinates invert to original loop coordinates"
"PASS: ""Laurent integral inventory is one to one"
"PASS: ""each complete family coefficient reconstructs"
"PASS: ""native full Laurent exponent identity"
"PASS: ""family Laurent coefficients reconstruct"
"POLYNOMIAL_FAMILY_INPUT ""R08"
"POLYNOMIAL_FAMILY_INPUT ""R05"
"PASS: ""certificate exact original rational numerator"
"PASS: ""certificate exact actual prefactor"
"PASS: ""native exact atom denominator identity"
"PASS: ""atom identity specializes to the original input"
"PASS: ""atom identity specializes to the actual reconstructed term"
"PASS: ""exact actual atom reconstruction"
"PASS: ""complete spin-independent partial fraction identity"
"PASS: ""every merged group coefficient equals its full input sum"
"PASS: ""merge partition covers each original map term once"
"PASS: ""every grouped coefficient list is unchanged"
"PASS: ""native complete map linearity identity"
"PASS: ""formal identity specializes to every original map term"
"PASS: ""formal identity specializes to every complete integral group"
"PASS: ""complete merged key inventory"
"PASS: ""complete family merge reconstructs coefficient by coefficient"
"PASS: ""complete cut-family map reconstructs the input tensor"
"PASS: ""both physical cuts remain to unit power in every target"
"PASS: ""external factor preserves the complete cut inventory"
"LOCAL_OWN_TERM_DONE "36" seconds "8.18245
"PASS: ""every merged group coefficient equals its full input sum"
"PASS: ""merge partition covers each original map term once"
"PASS: ""every grouped coefficient list is unchanged"
"PASS: ""native complete map linearity identity"
"PASS: ""formal identity specializes to every original map term"
"PASS: ""formal identity specializes to every complete integral group"
"PASS: ""complete merged key inventory"
"PASS: ""whole own exact merge certificate"
"PASS: ""every accepted own Hgg coefficient unchanged"
"PASS: ""native file bound"
"PASS: ""exact native export"
"LOCAL_COMPLETE_OWN_COMPARISON_ACCEPTED"
"PASS: ""accepted exact local runtime comparison"
"LOCAL_HGG_COMPONENT_START "38" "InputForm[<|"Sector" -> "Real", "Kind" -> "ExtendedResponse", "Index" -> {4, 1, 5}|>]
"PASS: ""Hgg pinned native mapping payload"
"PASS: ""response input native identity"
"PASS: ""unique unused native CDR assignment"
"PASS: ""new response-reader marker absent"
"PASS: ""all original response and payload checks retained"
"PASS: ""unique native payload directory binding"
"PASS: ""only payload directory and unused field differ"
"FAIL: ""operation memory bound {\"load component\", 38}"
