MONITOR_START job=14693245 host=n6047 kernel_pid=18578
"From remote kernel:"
"Style[\"Loading FeynCalc from /u/home/r/rushil/.Mathematica/Applications/FeynCalc/\", \"Text\"]\n"
"From remote kernel:"
"Style[\"Loading FeynCalc from /u/home/r/rushil/.Mathematica/Applications/FeynCalc/\", \"Text\"]\n"
"From remote kernel:"
"Style[\"Loading FeynCalc from /u/home/r/rushil/.Mathematica/Applications/FeynCalc/\", \"Text\"]\n"
"From remote kernel:"
"Style[\"Loading FeynCalc from /u/home/r/rushil/.Mathematica/Applications/FeynCalc/\", \"Text\"]\n"
MONITOR_HEARTBEAT elapsed=30s rss=826.3MiB peak=826.3MiB
"From remote kernel:"
"$PrePrint is set to FeynCalcForm. Use FI and FC to change the display format.\n"
"From remote kernel:"
"$PrePrint is set to FeynCalcForm. Use FI and FC to change the display format.\n"
"From remote kernel:"
"$PrePrint is set to FeynCalcForm. Use FI and FC to change the display format.\n"
"From remote kernel:"
"$PrePrint is set to FeynCalcForm. Use FI and FC to change the display format.\n"
"From remote kernel:"
"Style[\"FeynCalc \", \"Text\", Bold]Style[\"10.2.1 (stable version). For help, use the \", \"Text\"]Style[DisplayForm[ButtonBox[\"online documentation,\", ButtonData :> {URL[\"https://feyncalc.github.io/referenceDev\"], None}, BaseStyle -> \"Hyperlink\", ButtonNote -> \"https://feyncalc.github.io/referenceDev\"]], \"Text\"]Style[\" visit the \", \"Text\"]Style[DisplayForm[ButtonBox[\"forum\", ButtonData :> {URL[\"https://github.com/FeynCalc/feyncalc/discussions\"], None}, BaseStyle -> \"Hyperlink\", ButtonNote -> \"https://github.com/FeynCalc/feyncalc/discussions/\"]], \"Text\"]Style[\" and have a look at the supplied \", \"Text\"]Style[DisplayForm[ButtonBox[\"examples.\", BaseStyle -> \"Hyperlink\", ButtonFunction :> SystemOpen[FileNameJoin[{$FeynCalcDirectory, \"Examples\"}]], Evaluator -> Automatic, Method -> \"Preemptive\"]], \"Text\"]Style[\" The PDF-version of the manual can be downloaded \", \"Text\"]Style[DisplayForm[ButtonBox[\"here.\", ButtonData :> {URL[\"https://github.com/FeynCalc/feyncalc-manual/releases/download/dev-manual/FeynCalcManual.pdf\"], None}, BaseStyle -> \"Hyperlink\", ButtonNote -> \"https://github.com/FeynCalc/feyncalc-manual/releases/download/dev-manual/FeynCalcManual.pdf\"]], \"Text\"]\n"
"From remote kernel:"
"Style[\"If you use FeynCalc in your research, please evaluate FeynCalcHowToCite[] to learn how to cite this software.\", \"Text\"]\n"
"From remote kernel:"
"Style[\"Please keep in mind that the proper academic attribution of our work is crucial to ensure the future development of this package!\", {\"Text\", Italic}]\n"
"From remote kernel:"
"Style[\"FeynCalc \", \"Text\", Bold]Style[\"10.2.1 (stable version). For help, use the \", \"Text\"]Style[DisplayForm[ButtonBox[\"online documentation,\", ButtonData :> {URL[\"https://feyncalc.github.io/referenceDev\"], None}, BaseStyle -> \"Hyperlink\", ButtonNote -> \"https://feyncalc.github.io/referenceDev\"]], \"Text\"]Style[\" visit the \", \"Text\"]Style[DisplayForm[ButtonBox[\"forum\", ButtonData :> {URL[\"https://github.com/FeynCalc/feyncalc/discussions\"], None}, BaseStyle -> \"Hyperlink\", ButtonNote -> \"https://github.com/FeynCalc/feyncalc/discussions/\"]], \"Text\"]Style[\" and have a look at the supplied \", \"Text\"]Style[DisplayForm[ButtonBox[\"examples.\", BaseStyle -> \"Hyperlink\", ButtonFunction :> SystemOpen[FileNameJoin[{$FeynCalcDirectory, \"Examples\"}]], Evaluator -> Automatic, Method -> \"Preemptive\"]], \"Text\"]Style[\" The PDF-version of the manual can be downloaded \", \"Text\"]Style[DisplayForm[ButtonBox[\"here.\", ButtonData :> {URL[\"https://github.com/FeynCalc/feyncalc-manual/releases/download/dev-manual/FeynCalcManual.pdf\"], None}, BaseStyle -> \"Hyperlink\", ButtonNote -> \"https://github.com/FeynCalc/feyncalc-manual/releases/download/dev-manual/FeynCalcManual.pdf\"]], \"Text\"]\n"
"From remote kernel:"
"Style[\"FeynCalc \", \"Text\", Bold]Style[\"10.2.1 (stable version). For help, use the \", \"Text\"]Style[DisplayForm[ButtonBox[\"online documentation,\", ButtonData :> {URL[\"https://feyncalc.github.io/referenceDev\"], None}, BaseStyle -> \"Hyperlink\", ButtonNote -> \"https://feyncalc.github.io/referenceDev\"]], \"Text\"]Style[\" visit the \", \"Text\"]Style[DisplayForm[ButtonBox[\"forum\", ButtonData :> {URL[\"https://github.com/FeynCalc/feyncalc/discussions\"], None}, BaseStyle -> \"Hyperlink\", ButtonNote -> \"https://github.com/FeynCalc/feyncalc/discussions/\"]], \"Text\"]Style[\" and have a look at the supplied \", \"Text\"]Style[DisplayForm[ButtonBox[\"examples.\", BaseStyle -> \"Hyperlink\", ButtonFunction :> SystemOpen[FileNameJoin[{$FeynCalcDirectory, \"Examples\"}]], Evaluator -> Automatic, Method -> \"Preemptive\"]], \"Text\"]Style[\" The PDF-version of the manual can be downloaded \", \"Text\"]Style[DisplayForm[ButtonBox[\"here.\", ButtonData :> {URL[\"https://github.com/FeynCalc/feyncalc-manual/releases/download/dev-manual/FeynCalcManual.pdf\"], None}, BaseStyle -> \"Hyperlink\", ButtonNote -> \"https://github.com/FeynCalc/feyncalc-manual/releases/download/dev-manual/FeynCalcManual.pdf\"]], \"Text\"]\n"
"From remote kernel:"
"Style[\"If you use FeynCalc in your research, please evaluate FeynCalcHowToCite[] to learn how to cite this software.\", \"Text\"]\n"
"From remote kernel:"
"Style[\"FeynCalc \", \"Text\", Bold]Style[\"10.2.1 (stable version). For help, use the \", \"Text\"]Style[DisplayForm[ButtonBox[\"online documentation,\", ButtonData :> {URL[\"https://feyncalc.github.io/referenceDev\"], None}, BaseStyle -> \"Hyperlink\", ButtonNote -> \"https://feyncalc.github.io/referenceDev\"]], \"Text\"]Style[\" visit the \", \"Text\"]Style[DisplayForm[ButtonBox[\"forum\", ButtonData :> {URL[\"https://github.com/FeynCalc/feyncalc/discussions\"], None}, BaseStyle -> \"Hyperlink\", ButtonNote -> \"https://github.com/FeynCalc/feyncalc/discussions/\"]], \"Text\"]Style[\" and have a look at the supplied \", \"Text\"]Style[DisplayForm[ButtonBox[\"examples.\", BaseStyle -> \"Hyperlink\", ButtonFunction :> SystemOpen[FileNameJoin[{$FeynCalcDirectory, \"Examples\"}]], Evaluator -> Automatic, Method -> \"Preemptive\"]], \"Text\"]Style[\" The PDF-version of the manual can be downloaded \", \"Text\"]Style[DisplayForm[ButtonBox[\"here.\", ButtonData :> {URL[\"https://github.com/FeynCalc/feyncalc-manual/releases/download/dev-manual/FeynCalcManual.pdf\"], None}, BaseStyle -> \"Hyperlink\", ButtonNote -> \"https://github.com/FeynCalc/feyncalc-manual/releases/download/dev-manual/FeynCalcManual.pdf\"]], \"Text\"]\n"
"From remote kernel:"
"Style[\"If you use FeynCalc in your research, please evaluate FeynCalcHowToCite[] to learn how to cite this software.\", \"Text\"]\n"
"From remote kernel:"
"Style[\"Please keep in mind that the proper academic attribution of our work is crucial to ensure the future development of this package!\", {\"Text\", Italic}]\n"
"From remote kernel:"
"Style[\"If you use FeynCalc in your research, please evaluate FeynCalcHowToCite[] to learn how to cite this software.\", \"Text\"]\n"
"From remote kernel:"
"Style[\"Please keep in mind that the proper academic attribution of our work is crucial to ensure the future development of this package!\", {\"Text\", Italic}]\n"
"From remote kernel:"
"Style[\"Please keep in mind that the proper academic attribution of our work is crucial to ensure the future development of this package!\", {\"Text\", Italic}]\n"
MONITOR_HEARTBEAT elapsed=61s rss=847.2MiB peak=847.2MiB
"From remote kernel:"
"\"2026-09-07T06:43:59\"\" \"{\"COMPARE\", \"Hqq__F1_Born\"}\n"
"From remote kernel:"
"\"2026-09-07T06:43:59\"\" \"{\"COMPARE\", \"Hqq__F2_Born\"}\n"
"From remote kernel:"
"\"2026-09-07T06:43:59\"\" \"{\"COMPARE\", \"Hqq__Pg_1_Delta\"}\n"
"From remote kernel:"
"\"2026-09-07T06:43:59\"\" \"{\"COMPARE\", \"Hqq__Pg_1_L0\"}\n"
"From remote kernel:"
"\"Normalize \"0\" radicals\"\n"
"From remote kernel:"
"\"Normalize \"0\" radicals\"\n"
"From remote kernel:"
"\"Normalize \"0\" distinct functions\"\n"
"From remote kernel:"
"\"Normalize \"0\" distinct functions\"\n"
"From remote kernel:"
"\"Normalize \"0\" phase functions\"\n"
"From remote kernel:"
"\"Normalize \"0\" phase functions\"\n"
"From remote kernel:"
"\"Normalize \"0\" radicals\"\n"
"From remote kernel:"
"\"Normalize \"11\" distinct functions\"\n"
"From remote kernel:"
"\"Normalize \"0\" radicals\"\n"
"From remote kernel:"
"\"Normalize \"35\" distinct functions\"\n"
"From remote kernel:"
"\"2026-09-07T06:44:03\"\" \"{\"COMPARISON_FINISHED\", \"Hqq__F1_Born\", True, True}\n"
"From remote kernel:"
"\"2026-09-07T06:44:03\"\" \"{\"COMPARISON_FINISHED\", \"Hqq__F2_Born\", True, True}\n"
"From remote kernel:"
"\"2026-09-07T06:44:03\"\" \"{\"COMPARE\", \"Hqq__Pg_1_Regular\"}\n"
"From remote kernel:"
"\"2026-09-07T06:44:03\"\" \"{\"COMPARE\", \"Hqq__Pg_1_L1\"}\n"
"From remote kernel:"
"\"Normalize \"0\" radicals\"\n"
"From remote kernel:"
"\"Normalize \"0\" distinct functions\"\n"
"From remote kernel:"
"\"Normalized function \"10\"/\"11\n"
"From remote kernel:"
"\"Normalize \"0\" phase functions\"\n"
"From remote kernel:"
"\"2026-09-07T06:44:03\"\" \"{\"COMPARISON_FINISHED\", \"Hqq__Pg_1_L1\", True, True}\n"
"From remote kernel:"
"\"Normalize \"0\" phase functions\"\n"
"From remote kernel:"
"\"2026-09-07T06:44:03\"\" \"{\"COMPARE\", \"Hqq__Pg_-1_Delta\"}\n"
"From remote kernel:"
"\"Factored formal input leaves = \"3873\n"
"From remote kernel:"
"\"Reduce \"9\" algebraic coefficients\"\n"
"From remote kernel:"
"\"Reduce coefficient \"1\"/\"9\"; leaves = \"861\n"
"From remote kernel:"
"\"Factor \"7\" rational summands\"\n"
"From remote kernel:"
"\"Combine \"7\" summands in \"1\" denominator groups\"\n"
"From remote kernel:"
"\"Combine rational summands; leaves = \"303\n"
"From remote kernel:"
"\"Normalized function \"10\"/\"35\n"
"From remote kernel:"
"\"Saved coefficient \"1\"/\"9\"; zero = \"True\n"
"From remote kernel:"
"\"Reduce coefficient \"2\"/\"9\"; leaves = \"239\n"
"From remote kernel:"
"\"Factor \"2\" rational summands\"\n"
"From remote kernel:"
"\"Combine \"2\" summands in \"1\" denominator groups\"\n"
"From remote kernel:"
"\"Combine rational summands; leaves = \"1\n"
"From remote kernel:"
"\"Saved coefficient \"2\"/\"9\"; zero = \"True\n"
"From remote kernel:"
"\"Reduce coefficient \"3\"/\"9\"; leaves = \"412\n"
"From remote kernel:"
"\"Factor \"4\" rational summands\"\n"
"From remote kernel:"
"\"Combine \"4\" summands in \"1\" denominator groups\"\n"
"From remote kernel:"
"\"Combine rational summands; leaves = \"1\n"
"From remote kernel:"
"\"Normalized function \"20\"/\"35\n"
"From remote kernel:"
"\"Saved coefficient \"3\"/\"9\"; zero = \"True\n"
"From remote kernel:"
"\"Reduce coefficient \"4\"/\"9\"; leaves = \"412\n"
"From remote kernel:"
"\"Factor \"4\" rational summands\"\n"
"From remote kernel:"
"\"Combine \"4\" summands in \"1\" denominator groups\"\n"
"From remote kernel:"
"\"Combine rational summands; leaves = \"1\n"
"From remote kernel:"
"\"Saved coefficient \"4\"/\"9\"; zero = \"True\n"
"From remote kernel:"
"\"Normalize \"0\" radicals\"\n"
"From remote kernel:"
"\"Reduce coefficient \"5\"/\"9\"; leaves = \"238\n"
"From remote kernel:"
"\"Normalize \"33\" distinct functions\"\n"
"From remote kernel:"
"\"Factor \"2\" rational summands\"\n"
"From remote kernel:"
"\"Combine \"2\" summands in \"1\" denominator groups\"\n"
"From remote kernel:"
"\"Combine rational summands; leaves = \"1\n"
"From remote kernel:"
"\"Saved coefficient \"5\"/\"9\"; zero = \"True\n"
"From remote kernel:"
"\"Reduce coefficient \"6\"/\"9\"; leaves = \"630\n"
"From remote kernel:"
"\"Factor \"4\" rational summands\"\n"
"From remote kernel:"
"\"Combine \"4\" summands in \"2\" denominator groups\"\n"
"From remote kernel:"
"\"Combine rational summands; leaves = \"257\n"
"From remote kernel:"
"\"Saved coefficient \"6\"/\"9\"; zero = \"True\n"
"From remote kernel:"
"\"Reduce coefficient \"7\"/\"9\"; leaves = \"765\n"
"From remote kernel:"
"\"Normalized function \"30\"/\"35\n"
"From remote kernel:"
"\"Factor \"6\" rational summands\"\n"
"From remote kernel:"
"\"Combine \"6\" summands in \"2\" denominator groups\"\n"
"From remote kernel:"
"\"Combine rational summands; leaves = \"257\n"
"From remote kernel:"
"\"Saved coefficient \"7\"/\"9\"; zero = \"True\n"
"From remote kernel:"
"\"Reduce coefficient \"8\"/\"9\"; leaves = \"136\n"
"From remote kernel:"
"\"Factor \"2\" rational summands\"\n"
"From remote kernel:"
"\"Combine \"2\" summands in \"1\" denominator groups\"\n"
"From remote kernel:"
"\"Combine rational summands; leaves = \"1\n"
"From remote kernel:"
"\"Saved coefficient \"8\"/\"9\"; zero = \"True\n"
"From remote kernel:"
"\"Normalized function \"10\"/\"33\n"
"From remote kernel:"
"\"Reduce coefficient \"9\"/\"9\"; leaves = \"136\n"
"From remote kernel:"
"\"Saved coefficient \"9\"/\"9\"; zero = \"True\n"
"From remote kernel:"
"\"2026-09-07T06:44:03\"\" \"{\"COMPARISON_FINISHED\", \"Hqq__Pg_1_L0\", True, True}\n"
"From remote kernel:"
"\"2026-09-07T06:44:04\"\" \"{\"COMPARE\", \"Hqq__Pg_-1_L0\"}\n"
"From remote kernel:"
"\"Normalized function \"20\"/\"33\n"
"From remote kernel:"
"\"Normalize \"0\" radicals\"\n"
"From remote kernel:"
"\"Normalize \"2\" phase functions\"\n"
"From remote kernel:"
"\"Normalize \"12\" distinct functions\"\n"
"From remote kernel:"
"\"Normalized function \"10\"/\"12\n"
"From remote kernel:"
"\"Factored formal input leaves = \"16272\n"
"From remote kernel:"
"\"Normalize \"0\" phase functions\"\n"
"From remote kernel:"
"\"Factored formal input leaves = \"4280\n"
"From remote kernel:"
"\"Reduce \"44\" algebraic coefficients\"\n"
"From remote kernel:"
"\"Reduce \"9\" algebraic coefficients\"\n"
"From remote kernel:"
"\"Reduce coefficient \"1\"/\"44\"; leaves = \"2072\n"
"From remote kernel:"
"\"Reduce coefficient \"1\"/\"9\"; leaves = \"918\n"
"From remote kernel:"
"\"Factor \"12\" rational summands\"\n"
"From remote kernel:"
"\"Factor \"7\" rational summands\"\n"
"From remote kernel:"
"\"Combine \"7\" summands in \"1\" denominator groups\"\n"
"From remote kernel:"
"\"Combine rational summands; leaves = \"291\n"
"From remote kernel:"
"\"Saved coefficient \"1\"/\"9\"; zero = \"True\n"
"From remote kernel:"
"\"Combine \"12\" summands in \"6\" denominator groups\"\n"
"From remote kernel:"
"\"Reduce coefficient \"2\"/\"9\"; leaves = \"262\n"
"From remote kernel:"
"\"Combine rational summands; leaves = \"1480\n"
"From remote kernel:"
"\"Factor \"2\" rational summands\"\n"
"From remote kernel:"
"\"Combine \"2\" summands in \"1\" denominator groups\"\n"
"From remote kernel:"
"\"Saved coefficient \"1\"/\"44\"; zero = \"True\n"
"From remote kernel:"
"\"Combine rational summands; leaves = \"1\n"
"From remote kernel:"
"\"Normalized function \"30\"/\"33\n"
"From remote kernel:"
"\"Reduce coefficient \"2\"/\"44\"; leaves = \"343\n"
"From remote kernel:"
"\"Saved coefficient \"2\"/\"9\"; zero = \"True\n"
"From remote kernel:"
"\"Factor \"6\" rational summands\"\n"
"From remote kernel:"
"\"Reduce coefficient \"3\"/\"9\"; leaves = \"456\n"
"From remote kernel:"
"\"Combine \"6\" summands in \"1\" denominator groups\"\n"
"From remote kernel:"
"\"Factor \"4\" rational summands\"\n"
"From remote kernel:"
"\"Combine rational summands; leaves = \"319\n"
"From remote kernel:"
"\"Combine \"4\" summands in \"1\" denominator groups\"\n"
"From remote kernel:"
"\"Saved coefficient \"2\"/\"44\"; zero = \"True\n"
"From remote kernel:"
"\"Combine rational summands; leaves = \"1\n"
"From remote kernel:"
"\"Reduce coefficient \"3\"/\"44\"; leaves = \"336\n"
"From remote kernel:"
"\"Saved coefficient \"3\"/\"9\"; zero = \"True\n"
"From remote kernel:"
"\"Factor \"5\" rational summands\"\n"
"From remote kernel:"
"\"Reduce coefficient \"4\"/\"9\"; leaves = \"263\n"
"From remote kernel:"
"\"Combine \"5\" summands in \"1\" denominator groups\"\n"
"From remote kernel:"
"\"Factor \"2\" rational summands\"\n"
"From remote kernel:"
"\"Combine rational summands; leaves = \"308\n"
"From remote kernel:"
"\"Combine \"2\" summands in \"1\" denominator groups\"\n"
"From remote kernel:"
"\"Saved coefficient \"3\"/\"44\"; zero = \"True\n"
"From remote kernel:"
"\"Combine rational summands; leaves = \"1\n"
"From remote kernel:"
"\"Reduce coefficient \"4\"/\"44\"; leaves = \"105\n"
"From remote kernel:"
"\"Saved coefficient \"4\"/\"9\"; zero = \"True\n"
"From remote kernel:"
"\"Factor \"2\" rational summands\"\n"
"From remote kernel:"
"\"Reduce coefficient \"5\"/\"9\"; leaves = \"456\n"
"From remote kernel:"
"\"Normalize \"0\" phase functions\"\n"
"From remote kernel:"
"\"Combine \"2\" summands in \"1\" denominator groups\"\n"
"From remote kernel:"
"\"Factor \"4\" rational summands\"\n"
"From remote kernel:"
"\"Combine rational summands; leaves = \"1\n"
"From remote kernel:"
"\"Combine \"4\" summands in \"1\" denominator groups\"\n"
"From remote kernel:"
"\"Saved coefficient \"4\"/\"44\"; zero = \"True\n"
"From remote kernel:"
"\"Combine rational summands; leaves = \"1\n"
"From remote kernel:"
"\"Reduce coefficient \"5\"/\"44\"; leaves = \"2045\n"
"From remote kernel:"
"\"Saved coefficient \"5\"/\"9\"; zero = \"True\n"
"From remote kernel:"
"\"Factor \"17\" rational summands\"\n"
"From remote kernel:"
"\"Reduce coefficient \"6\"/\"9\"; leaves = \"725\n"
"From remote kernel:"
"\"Combine \"17\" summands in \"5\" denominator groups\"\n"
"From remote kernel:"
"\"Factor \"4\" rational summands\"\n"
"From remote kernel:"
"\"Combine rational summands; leaves = \"1335\n"
"From remote kernel:"
"\"Combine \"4\" summands in \"2\" denominator groups\"\n"
"From remote kernel:"
"\"Saved coefficient \"5\"/\"44\"; zero = \"True\n"
"From remote kernel:"
"\"Combine rational summands; leaves = \"251\n"
"From remote kernel:"
"\"Factored formal input leaves = \"17824\n"
"From remote kernel:"
"\"Reduce coefficient \"6\"/\"44\"; leaves = \"320\n"
"From remote kernel:"
"\"Saved coefficient \"6\"/\"9\"; zero = \"True\n"
"From remote kernel:"
"\"Factor \"5\" rational summands\"\n"
"From remote kernel:"
"\"Reduce coefficient \"7\"/\"9\"; leaves = \"868\n"
"From remote kernel:"
"\"Combine \"5\" summands in \"2\" denominator groups\"\n"
"From remote kernel:"
"\"Factor \"6\" rational summands\"\n"
"From remote kernel:"
"\"Combine rational summands; leaves = \"246\n"
"From remote kernel:"
"\"Combine \"6\" summands in \"2\" denominator groups\"\n"
"From remote kernel:"
"\"Saved coefficient \"6\"/\"44\"; zero = \"True\n"
"From remote kernel:"
"\"Combine rational summands; leaves = \"251\n"
"From remote kernel:"
"\"Reduce coefficient \"7\"/\"44\"; leaves = \"610\n"
"From remote kernel:"
"\"Saved coefficient \"7\"/\"9\"; zero = \"True\n"
"From remote kernel:"
"\"Factor \"13\" rational summands\"\n"
"From remote kernel:"
"\"Reduce coefficient \"8\"/\"9\"; leaves = \"144\n"
"From remote kernel:"
"\"Reduce \"44\" algebraic coefficients\"\n"
"From remote kernel:"
"\"Combine \"13\" summands in \"4\" denominator groups\"\n"
"From remote kernel:"
"\"Factor \"2\" rational summands\"\n"
"From remote kernel:"
"\"Reduce coefficient \"1\"/\"44\"; leaves = \"2227\n"
"From remote kernel:"
"\"Combine rational summands; leaves = \"422\n"
"From remote kernel:"
"\"Combine \"2\" summands in \"1\" denominator groups\"\n"
"From remote kernel:"
"\"Factor \"12\" rational summands\"\n"
"From remote kernel:"
"\"Saved coefficient \"7\"/\"44\"; zero = \"False\n"
"From remote kernel:"
"\"Combine rational summands; leaves = \"1\n"
"From remote kernel:"
"\"Reduce coefficient \"8\"/\"44\"; leaves = \"1052\n"
"From remote kernel:"
"\"Saved coefficient \"8\"/\"9\"; zero = \"True\n"
"From remote kernel:"
"\"Factor \"17\" rational summands\"\n"
"From remote kernel:"
"\"Reduce coefficient \"9\"/\"9\"; leaves = \"144\n"
"From remote kernel:"
"\"Combine \"12\" summands in \"6\" denominator groups\"\n"
"From remote kernel:"
"\"Combine \"17\" summands in \"5\" denominator groups\"\n"
"From remote kernel:"
"\"Saved coefficient \"9\"/\"9\"; zero = \"True\n"
"From remote kernel:"
"\"Combine rational summands; leaves = \"612\n"
"From remote kernel:"
"\"2026-09-07T06:44:04\"\" \"{\"COMPARISON_FINISHED\", \"Hqq__Pg_-1_L0\", True, True}\n"
"From remote kernel:"
"\"Combine rational summands; leaves = \"1457\n"
"From remote kernel:"
"\"Saved coefficient \"8\"/\"44\"; zero = \"True\n"
"From remote kernel:"
"\"Reduce coefficient \"9\"/\"44\"; leaves = \"275\n"
"From remote kernel:"
"\"Saved coefficient \"1\"/\"44\"; zero = \"True\n"
"From remote kernel:"
"\"Factor \"5\" rational summands\"\n"
"From remote kernel:"
"\"2026-09-07T06:44:04\"\" \"{\"COMPARE\", \"Hqq__Pg_-1_L1\"}\n"
"From remote kernel:"
"\"Reduce coefficient \"2\"/\"44\"; leaves = \"349\n"
"From remote kernel:"
"\"Combine \"5\" summands in \"1\" denominator groups\"\n"
"From remote kernel:"
"\"Normalize \"0\" radicals\"\n"
"From remote kernel:"
"\"Factor \"6\" rational summands\"\n"
"From remote kernel:"
"\"Combine rational summands; leaves = \"227\n"
"From remote kernel:"
"\"Normalize \"0\" distinct functions\"\n"
"From remote kernel:"
"\"Combine \"6\" summands in \"1\" denominator groups\"\n"
"From remote kernel:"
"\"Saved coefficient \"9\"/\"44\"; zero = \"True\n"
"From remote kernel:"
"\"Normalize \"0\" phase functions\"\n"
"From remote kernel:"
"\"Combine rational summands; leaves = \"307\n"
"From remote kernel:"
"\"Reduce coefficient \"10\"/\"44\"; leaves = \"423\n"
"From remote kernel:"
"\"2026-09-07T06:44:04\"\" \"{\"COMPARISON_FINISHED\", \"Hqq__Pg_-1_L1\", True, True}\n"
"From remote kernel:"
"\"Saved coefficient \"2\"/\"44\"; zero = \"True\n"
"From remote kernel:"
"\"Factor \"10\" rational summands\"\n"
"From remote kernel:"
"\"Reduce coefficient \"3\"/\"44\"; leaves = \"340\n"
"From remote kernel:"
"\"Combine \"10\" summands in \"2\" denominator groups\"\n"
"From remote kernel:"
"\"Factor \"5\" rational summands\"\n"
"From remote kernel:"
"\"Combine rational summands; leaves = \"273\n"
"From remote kernel:"
"\"2026-09-07T06:44:04\"\" \"{\"COMPARE\", \"Hqq__Pg_-1_Regular\"}\n"
"From remote kernel:"
"\"Combine \"5\" summands in \"1\" denominator groups\"\n"
"From remote kernel:"
"\"Saved coefficient \"10\"/\"44\"; zero = \"True\n"
"From remote kernel:"
"\"Combine rational summands; leaves = \"298\n"
"From remote kernel:"
"\"Reduce coefficient \"11\"/\"44\"; leaves = \"500\n"
"From remote kernel:"
"\"Saved coefficient \"3\"/\"44\"; zero = \"True\n"
"From remote kernel:"
"\"Factor \"12\" rational summands\"\n"
"From remote kernel:"
"\"Reduce coefficient \"4\"/\"44\"; leaves = \"109\n"
"From remote kernel:"
"\"Combine \"12\" summands in \"3\" denominator groups\"\n"
"From remote kernel:"
"\"Factor \"2\" rational summands\"\n"
"From remote kernel:"
"\"Combine rational summands; leaves = \"350\n"
"From remote kernel:"
"\"Combine \"2\" summands in \"1\" denominator groups\"\n"
"From remote kernel:"
"\"Saved coefficient \"11\"/\"44\"; zero = \"True\n"
"From remote kernel:"
"\"Combine rational summands; leaves = \"1\n"
"From remote kernel:"
"\"Reduce coefficient \"12\"/\"44\"; leaves = \"614\n"
"From remote kernel:"
"\"Saved coefficient \"4\"/\"44\"; zero = \"True\n"
"From remote kernel:"
"\"Factor \"17\" rational summands\"\n"
"From remote kernel:"
"\"Reduce coefficient \"5\"/\"44\"; leaves = \"2052\n"
"From remote kernel:"
"\"Combine \"17\" summands in \"6\" denominator groups\"\n"
"From remote kernel:"
"\"Factor \"8\" rational summands\"\n"
"From remote kernel:"
"\"Combine rational summands; leaves = \"555\n"
"From remote kernel:"
"\"Combine \"8\" summands in \"3\" denominator groups\"\n"
"From remote kernel:"
"\"Saved coefficient \"12\"/\"44\"; zero = \"True\n"
"From remote kernel:"
"\"Combine rational summands; leaves = \"1154\n"
"From remote kernel:"
"\"Reduce coefficient \"13\"/\"44\"; leaves = \"99\n"
"From remote kernel:"
"\"Saved coefficient \"5\"/\"44\"; zero = \"True\n"
"From remote kernel:"
"\"Factor \"2\" rational summands\"\n"
"From remote kernel:"
"\"Reduce coefficient \"6\"/\"44\"; leaves = \"452\n"
"From remote kernel:"
"\"Combine \"2\" summands in \"1\" denominator groups\"\n"
"From remote kernel:"
"\"Factor \"7\" rational summands\"\n"
"From remote kernel:"
"\"Combine rational summands; leaves = \"1\n"
"From remote kernel:"
"\"Combine \"7\" summands in \"2\" denominator groups\"\n"
"From remote kernel:"
"\"Saved coefficient \"13\"/\"44\"; zero = \"True\n"
"From remote kernel:"
"\"Combine rational summands; leaves = \"236\n"
"From remote kernel:"
"\"Reduce coefficient \"14\"/\"44\"; leaves = \"168\n"
"From remote kernel:"
"\"Saved coefficient \"6\"/\"44\"; zero = \"True\n"
"From remote kernel:"
"\"Factor \"3\" rational summands\"\n"
"From remote kernel:"
"\"Reduce coefficient \"7\"/\"44\"; leaves = \"574\n"
"From remote kernel:"
"\"Combine \"3\" summands in \"1\" denominator groups\"\n"
"From remote kernel:"
"\"Factor \"9\" rational summands\"\n"
"From remote kernel:"
"\"Combine rational summands; leaves = \"150\n"
"From remote kernel:"
"\"Combine \"9\" summands in \"3\" denominator groups\"\n"
"From remote kernel:"
"\"Saved coefficient \"14\"/\"44\"; zero = \"True\n"
"From remote kernel:"
"\"Combine rational summands; leaves = \"287\n"
"From remote kernel:"
"\"Reduce coefficient \"15\"/\"44\"; leaves = \"99\n"
"From remote kernel:"
"\"Saved coefficient \"7\"/\"44\"; zero = \"False\n"
"From remote kernel:"
"\"Normalize \"4\" radicals\"\n"
"From remote kernel:"
"\"Factor \"2\" rational summands\"\n"
"From remote kernel:"
"\"Reduce coefficient \"8\"/\"44\"; leaves = \"958\n"
"From remote kernel:"
"\"Combine \"2\" summands in \"1\" denominator groups\"\n"
"From remote kernel:"
"\"Factor \"8\" rational summands\"\n"
"From remote kernel:"
"\"Combine rational summands; leaves = \"1\n"
"From remote kernel:"
"\"Combine \"8\" summands in \"3\" denominator groups\"\n"
"From remote kernel:"
"\"Saved coefficient \"15\"/\"44\"; zero = \"True\n"
"From remote kernel:"
"\"Combine rational summands; leaves = \"436\n"
"From remote kernel:"
"\"Reduce coefficient \"16\"/\"44\"; leaves = \"970\n"
"From remote kernel:"
"\"Saved coefficient \"8\"/\"44\"; zero = \"True\n"
"From remote kernel:"
"\"Factor \"18\" rational summands\"\n"
"From remote kernel:"
"\"Reduce coefficient \"9\"/\"44\"; leaves = \"395\n"
"From remote kernel:"
"\"Combine \"18\" summands in \"7\" denominator groups\"\n"
"From remote kernel:"
"\"Factor \"7\" rational summands\"\n"
"From remote kernel:"
"\"Combine rational summands; leaves = \"866\n"
"From remote kernel:"
"\"Combine \"7\" summands in \"1\" denominator groups\"\n"
"From remote kernel:"
"\"Saved coefficient \"16\"/\"44\"; zero = \"True\n"
"From remote kernel:"
"\"Combine rational summands; leaves = \"219\n"
"From remote kernel:"
"\"Reduce coefficient \"17\"/\"44\"; leaves = \"231\n"
"From remote kernel:"
"\"Saved coefficient \"9\"/\"44\"; zero = \"True\n"
"From remote kernel:"
"\"Normalize \"28\" distinct functions\"\n"
"From remote kernel:"
"\"Factor \"4\" rational summands\"\n"
"From remote kernel:"
"\"Reduce coefficient \"10\"/\"44\"; leaves = \"365\n"
"From remote kernel:"
"\"Combine \"4\" summands in \"2\" denominator groups\"\n"
"From remote kernel:"
"\"Factor \"6\" rational summands\"\n"
"From remote kernel:"
"\"Combine rational summands; leaves = \"154\n"
"From remote kernel:"
"\"Combine \"6\" summands in \"2\" denominator groups\"\n"
"From remote kernel:"
"\"Saved coefficient \"17\"/\"44\"; zero = \"True\n"
"From remote kernel:"
"\"Combine rational summands; leaves = \"144\n"
"From remote kernel:"
"\"Reduce coefficient \"18\"/\"44\"; leaves = \"67\n"
"From remote kernel:"
"\"Saved coefficient \"10\"/\"44\"; zero = \"True\n"
"From remote kernel:"
"\"Factor \"1\" rational summands\"\n"
"From remote kernel:"
"\"Reduce coefficient \"11\"/\"44\"; leaves = \"444\n"
"From remote kernel:"
"\"Combine \"1\" summands in \"1\" denominator groups\"\n"
"From remote kernel:"
"\"Factor \"8\" rational summands\"\n"
"From remote kernel:"
"\"Combine rational summands; leaves = \"55\n"
"From remote kernel:"
"\"Combine \"8\" summands in \"2\" denominator groups\"\n"
"From remote kernel:"
"\"Saved coefficient \"18\"/\"44\"; zero = \"False\n"
"From remote kernel:"
"\"Combine rational summands; leaves = \"219\n"
"From remote kernel:"
"\"Reduce coefficient \"19\"/\"44\"; leaves = \"168\n"
"From remote kernel:"
"\"Saved coefficient \"11\"/\"44\"; zero = \"True\n"
"From remote kernel:"
"\"Factor \"3\" rational summands\"\n"
"From remote kernel:"
"\"Reduce coefficient \"12\"/\"44\"; leaves = \"658\n"
"From remote kernel:"
"\"Combine \"3\" summands in \"1\" denominator groups\"\n"
"From remote kernel:"
"\"Factor \"17\" rational summands\"\n"
"From remote kernel:"
"\"Combine rational summands; leaves = \"156\n"
"From remote kernel:"
"\"Combine \"17\" summands in \"6\" denominator groups\"\n"
"From remote kernel:"
"\"Saved coefficient \"19\"/\"44\"; zero = \"True\n"
"From remote kernel:"
"\"Combine rational summands; leaves = \"531\n"
"From remote kernel:"
"\"Reduce coefficient \"20\"/\"44\"; leaves = \"199\n"
"From remote kernel:"
"\"Saved coefficient \"12\"/\"44\"; zero = \"True\n"
"From remote kernel:"
"\"Factor \"7\" rational summands\"\n"
"From remote kernel:"
"\"Reduce coefficient \"13\"/\"44\"; leaves = \"103\n"
"From remote kernel:"
"\"Combine \"7\" summands in \"3\" denominator groups\"\n"
"From remote kernel:"
"\"Factor \"2\" rational summands\"\n"
"From remote kernel:"
"\"Combine rational summands; leaves = \"146\n"
"From remote kernel:"
"\"Combine \"2\" summands in \"1\" denominator groups\"\n"
"From remote kernel:"
"\"Saved coefficient \"20\"/\"44\"; zero = \"True\n"
"From remote kernel:"
"\"Combine rational summands; leaves = \"1\n"
"From remote kernel:"
"\"Reduce coefficient \"21\"/\"44\"; leaves = \"388\n"
"From remote kernel:"
"\"Saved coefficient \"13\"/\"44\"; zero = \"True\n"
"From remote kernel:"
"\"Factor \"10\" rational summands\"\n"
"From remote kernel:"
"\"Reduce coefficient \"14\"/\"44\"; leaves = \"172\n"
"From remote kernel:"
"\"Combine \"10\" summands in \"5\" denominator groups\"\n"
"From remote kernel:"
"\"Factor \"3\" rational summands\"\n"
"From remote kernel:"
"\"Combine rational summands; leaves = \"311\n"
"From remote kernel:"
"\"Combine \"3\" summands in \"1\" denominator groups\"\n"
"From remote kernel:"
"\"Saved coefficient \"21\"/\"44\"; zero = \"False\n"
"From remote kernel:"
"\"Combine rational summands; leaves = \"144\n"
"From remote kernel:"
"\"Reduce coefficient \"22\"/\"44\"; leaves = \"174\n"
"From remote kernel:"
"\"Saved coefficient \"14\"/\"44\"; zero = \"True\n"
"From remote kernel:"
"\"Factor \"3\" rational summands\"\n"
"From remote kernel:"
"\"Reduce coefficient \"15\"/\"44\"; leaves = \"103\n"
"From remote kernel:"
"\"Combine \"3\" summands in \"2\" denominator groups\"\n"
"From remote kernel:"
"\"Factor \"2\" rational summands\"\n"
"From remote kernel:"
"\"Combine rational summands; leaves = \"148\n"
"From remote kernel:"
"\"Combine \"2\" summands in \"1\" denominator groups\"\n"
"From remote kernel:"
"\"Saved coefficient \"22\"/\"44\"; zero = \"True\n"
"From remote kernel:"
"\"Combine rational summands; leaves = \"1\n"
"From remote kernel:"
"\"Reduce coefficient \"23\"/\"44\"; leaves = \"174\n"
"From remote kernel:"
"\"Saved coefficient \"15\"/\"44\"; zero = \"True\n"
"From remote kernel:"
"\"Factor \"3\" rational summands\"\n"
"From remote kernel:"
"\"Reduce coefficient \"16\"/\"44\"; leaves = \"1064\n"
"From remote kernel:"
"\"Combine \"3\" summands in \"2\" denominator groups\"\n"
"From remote kernel:"
"\"Factor \"18\" rational summands\"\n"
"From remote kernel:"
"\"Combine rational summands; leaves = \"148\n"
"From remote kernel:"
"\"Combine \"18\" summands in \"7\" denominator groups\"\n"
"From remote kernel:"
"\"Saved coefficient \"23\"/\"44\"; zero = \"True\n"
"From remote kernel:"
"\"Combine rational summands; leaves = \"838\n"
"From remote kernel:"
"\"Reduce coefficient \"24\"/\"44\"; leaves = \"117\n"
"From remote kernel:"
"\"Saved coefficient \"16\"/\"44\"; zero = \"True\n"
"From remote kernel:"
"\"Factor \"2\" rational summands\"\n"
"From remote kernel:"
"\"Reduce coefficient \"17\"/\"44\"; leaves = \"251\n"
"From remote kernel:"
"\"Combine \"2\" summands in \"1\" denominator groups\"\n"
"From remote kernel:"
"\"Factor \"4\" rational summands\"\n"
"From remote kernel:"
"\"Combine rational summands; leaves = \"1\n"
"From remote kernel:"
"\"Combine \"4\" summands in \"2\" denominator groups\"\n"
"From remote kernel:"
"\"Normalized function \"10\"/\"28\n"
"From remote kernel:"
"\"Saved coefficient \"24\"/\"44\"; zero = \"True\n"
"From remote kernel:"
"\"Combine rational summands; leaves = \"148\n"
"From remote kernel:"
"\"Reduce coefficient \"25\"/\"44\"; leaves = \"55\n"
"From remote kernel:"
"\"Saved coefficient \"17\"/\"44\"; zero = \"True\n"
"From remote kernel:"
"\"Factor \"1\" rational summands\"\n"
"From remote kernel:"
"\"Reduce coefficient \"18\"/\"44\"; leaves = \"75\n"
"From remote kernel:"
"\"Combine \"1\" summands in \"1\" denominator groups\"\n"
"From remote kernel:"
"\"Factor \"1\" rational summands\"\n"
"From remote kernel:"
"\"Combine rational summands; leaves = \"55\n"
"From remote kernel:"
"\"Combine \"1\" summands in \"1\" denominator groups\"\n"
"From remote kernel:"
"\"Saved coefficient \"25\"/\"44\"; zero = \"False\n"
"From remote kernel:"
"\"Combine rational summands; leaves = \"53\n"
"From remote kernel:"
"\"Reduce coefficient \"26\"/\"44\"; leaves = \"174\n"
"From remote kernel:"
"\"Saved coefficient \"18\"/\"44\"; zero = \"False\n"
"From remote kernel:"
"\"Factor \"3\" rational summands\"\n"
"From remote kernel:"
"\"Reduce coefficient \"19\"/\"44\"; leaves = \"172\n"
"From remote kernel:"
"\"Combine \"3\" summands in \"2\" denominator groups\"\n"
"From remote kernel:"
"\"Factor \"3\" rational summands\"\n"
"From remote kernel:"
"\"Combine rational summands; leaves = \"148\n"
"From remote kernel:"
"\"Combine \"3\" summands in \"1\" denominator groups\"\n"
"From remote kernel:"
"\"Saved coefficient \"26\"/\"44\"; zero = \"True\n"
"From remote kernel:"
"\"Combine rational summands; leaves = \"150\n"
"From remote kernel:"
"\"Reduce coefficient \"27\"/\"44\"; leaves = \"743\n"
"From remote kernel:"
"\"Saved coefficient \"19\"/\"44\"; zero = \"True\n"
"From remote kernel:"
"\"Factor \"10\" rational summands\"\n"
"From remote kernel:"
"\"Reduce coefficient \"20\"/\"44\"; leaves = \"211\n"
"From remote kernel:"
"\"Combine \"10\" summands in \"2\" denominator groups\"\n"
"From remote kernel:"
"\"Factor \"7\" rational summands\"\n"
"From remote kernel:"
"\"Combine rational summands; leaves = \"466\n"
"From remote kernel:"
"\"Combine \"7\" summands in \"3\" denominator groups\"\n"
"From remote kernel:"
"\"Saved coefficient \"27\"/\"44\"; zero = \"True\n"
"From remote kernel:"
"\"Combine rational summands; leaves = \"136\n"
"From remote kernel:"
"\"Reduce coefficient \"28\"/\"44\"; leaves = \"103\n"
"From remote kernel:"
"\"Saved coefficient \"20\"/\"44\"; zero = \"True\n"
"From remote kernel:"
"\"Factor \"2\" rational summands\"\n"
"From remote kernel:"
"\"Reduce coefficient \"21\"/\"44\"; leaves = \"414\n"
"From remote kernel:"
"\"Combine \"2\" summands in \"1\" denominator groups\"\n"
"From remote kernel:"
"\"Factor \"10\" rational summands\"\n"
"From remote kernel:"
"\"Combine rational summands; leaves = \"1\n"
"From remote kernel:"
"\"Combine \"10\" summands in \"5\" denominator groups\"\n"
"From remote kernel:"
"\"Saved coefficient \"28\"/\"44\"; zero = \"True\n"
"From remote kernel:"
"\"Combine rational summands; leaves = \"295\n"
"From remote kernel:"
"\"Reduce coefficient \"29\"/\"44\"; leaves = \"105\n"
"From remote kernel:"
"\"Saved coefficient \"21\"/\"44\"; zero = \"False\n"
"From remote kernel:"
"\"Saved coefficient \"29\"/\"44\"; zero = \"True\n"
"From remote kernel:"
"\"Reduce coefficient \"22\"/\"44\"; leaves = \"186\n"
"From remote kernel:"
"\"Reduce coefficient \"30\"/\"44\"; leaves = \"320\n"
"From remote kernel:"
"\"Factor \"3\" rational summands\"\n"
"From remote kernel:"
"\"Factor \"5\" rational summands\"\n"
"From remote kernel:"
"\"Combine \"3\" summands in \"2\" denominator groups\"\n"
"From remote kernel:"
"\"Combine \"5\" summands in \"2\" denominator groups\"\n"
"From remote kernel:"
"\"Combine rational summands; leaves = \"142\n"
"From remote kernel:"
"\"Combine rational summands; leaves = \"246\n"
"From remote kernel:"
"\"Saved coefficient \"22\"/\"44\"; zero = \"True\n"
"From remote kernel:"
"\"Saved coefficient \"30\"/\"44\"; zero = \"True\n"
"From remote kernel:"
"\"Reduce coefficient \"23\"/\"44\"; leaves = \"186\n"
"From remote kernel:"
"\"Reduce coefficient \"31\"/\"44\"; leaves = \"275\n"
"From remote kernel:"
"\"Factor \"3\" rational summands\"\n"
"From remote kernel:"
"\"Factor \"5\" rational summands\"\n"
"From remote kernel:"
"\"Combine \"3\" summands in \"2\" denominator groups\"\n"
"From remote kernel:"
"\"Combine \"5\" summands in \"1\" denominator groups\"\n"
"From remote kernel:"
"\"Combine rational summands; leaves = \"142\n"
"From remote kernel:"
"\"Combine rational summands; leaves = \"227\n"
"From remote kernel:"
"\"Saved coefficient \"23\"/\"44\"; zero = \"True\n"
"From remote kernel:"
"\"Saved coefficient \"31\"/\"44\"; zero = \"True\n"
"From remote kernel:"
"\"Reduce coefficient \"24\"/\"44\"; leaves = \"123\n"
"From remote kernel:"
"\"Reduce coefficient \"32\"/\"44\"; leaves = \"103\n"
"From remote kernel:"
"\"Factor \"2\" rational summands\"\n"
"From remote kernel:"
"\"Factor \"2\" rational summands\"\n"
"From remote kernel:"
"\"Combine \"2\" summands in \"1\" denominator groups\"\n"
"From remote kernel:"
"\"Combine \"2\" summands in \"1\" denominator groups\"\n"
"From remote kernel:"
"\"Combine rational summands; leaves = \"1\n"
"From remote kernel:"
"\"Combine rational summands; leaves = \"1\n"
"From remote kernel:"
"\"Saved coefficient \"24\"/\"44\"; zero = \"True\n"
"From remote kernel:"
"\"Saved coefficient \"32\"/\"44\"; zero = \"True\n"
"From remote kernel:"
"\"Reduce coefficient \"25\"/\"44\"; leaves = \"53\n"
"From remote kernel:"
"\"Reduce coefficient \"33\"/\"44\"; leaves = \"235\n"
"From remote kernel:"
"\"Factor \"1\" rational summands\"\n"
"From remote kernel:"
"\"Factor \"4\" rational summands\"\n"
"From remote kernel:"
"\"Combine \"1\" summands in \"1\" denominator groups\"\n"
"From remote kernel:"
"\"Combine \"4\" summands in \"1\" denominator groups\"\n"
"From remote kernel:"
"\"Combine rational summands; leaves = \"53\n"
"From remote kernel:"
"\"Combine rational summands; leaves = \"154\n"
"From remote kernel:"
"\"Saved coefficient \"25\"/\"44\"; zero = \"False\n"
"From remote kernel:"
"\"Saved coefficient \"33\"/\"44\"; zero = \"True\n"
"From remote kernel:"
"\"Reduce coefficient \"26\"/\"44\"; leaves = \"186\n"
"From remote kernel:"
"\"Reduce coefficient \"34\"/\"44\"; leaves = \"103\n"
"From remote kernel:"
"\"Factor \"3\" rational summands\"\n"
"From remote kernel:"
"\"Factor \"2\" rational summands\"\n"
"From remote kernel:"
"\"Combine \"3\" summands in \"2\" denominator groups\"\n"
"From remote kernel:"
"\"Combine \"2\" summands in \"1\" denominator groups\"\n"
"From remote kernel:"
"\"Combine rational summands; leaves = \"142\n"
"From remote kernel:"
"\"Combine rational summands; leaves = \"1\n"
"From remote kernel:"
"\"Saved coefficient \"26\"/\"44\"; zero = \"True\n"
"From remote kernel:"
"\"Saved coefficient \"34\"/\"44\"; zero = \"True\n"
"From remote kernel:"
"\"Reduce coefficient \"27\"/\"44\"; leaves = \"767\n"
"From remote kernel:"
"\"Reduce coefficient \"35\"/\"44\"; leaves = \"399\n"
"From remote kernel:"
"\"Factor \"10\" rational summands\"\n"
"From remote kernel:"
"\"Factor \"6\" rational summands\"\n"
"From remote kernel:"
"\"Combine \"10\" summands in \"2\" denominator groups\"\n"
"From remote kernel:"
"\"Combine \"6\" summands in \"2\" denominator groups\"\n"
"From remote kernel:"
"\"Combine rational summands; leaves = \"452\n"
"From remote kernel:"
"\"Combine rational summands; leaves = \"308\n"
"From remote kernel:"
"\"Saved coefficient \"27\"/\"44\"; zero = \"True\n"
"From remote kernel:"
"\"Saved coefficient \"35\"/\"44\"; zero = \"True\n"
"From remote kernel:"
"\"Reduce coefficient \"28\"/\"44\"; leaves = \"107\n"
"From remote kernel:"
"\"Reduce coefficient \"36\"/\"44\"; leaves = \"103\n"
"From remote kernel:"
"\"Factor \"2\" rational summands\"\n"
"From remote kernel:"
"\"Factor \"2\" rational summands\"\n"
"From remote kernel:"
"\"Combine \"2\" summands in \"1\" denominator groups\"\n"
"From remote kernel:"
"\"Combine \"2\" summands in \"1\" denominator groups\"\n"
"From remote kernel:"
"\"Combine rational summands; leaves = \"1\n"
"From remote kernel:"
"\"Combine rational summands; leaves = \"1\n"
"From remote kernel:"
"\"Saved coefficient \"28\"/\"44\"; zero = \"True\n"
"From remote kernel:"
"\"Saved coefficient \"36\"/\"44\"; zero = \"True\n"
"From remote kernel:"
"\"Reduce coefficient \"29\"/\"44\"; leaves = \"203\n"
"From remote kernel:"
"\"Reduce coefficient \"37\"/\"44\"; leaves = \"105\n"
"From remote kernel:"
"\"Factor \"4\" rational summands\"\n"
"From remote kernel:"
"\"Factor \"2\" rational summands\"\n"
"From remote kernel:"
"\"Combine \"4\" summands in \"1\" denominator groups\"\n"
"From remote kernel:"
"\"Combine \"2\" summands in \"1\" denominator groups\"\n"
"From remote kernel:"
"\"Combine rational summands; leaves = \"1\n"
"From remote kernel:"
"\"Combine rational summands; leaves = \"1\n"
"From remote kernel:"
"\"Saved coefficient \"29\"/\"44\"; zero = \"True\n"
"From remote kernel:"
"\"Saved coefficient \"37\"/\"44\"; zero = \"True\n"
"From remote kernel:"
"\"Reduce coefficient \"30\"/\"44\"; leaves = \"548\n"
"From remote kernel:"
"\"Reduce coefficient \"38\"/\"44\"; leaves = \"320\n"
"From remote kernel:"
"\"Factor \"9\" rational summands\"\n"
"From remote kernel:"
"\"Saved coefficient \"38\"/\"44\"; zero = \"True\n"
"From remote kernel:"
"\"Combine \"9\" summands in \"2\" denominator groups\"\n"
"From remote kernel:"
"\"Reduce coefficient \"39\"/\"44\"; leaves = \"275\n"
"From remote kernel:"
"\"Combine rational summands; leaves = \"240\n"
"From remote kernel:"
"\"Saved coefficient \"39\"/\"44\"; zero = \"True\n"
"From remote kernel:"
"\"Saved coefficient \"30\"/\"44\"; zero = \"True\n"
"From remote kernel:"
"\"Reduce coefficient \"40\"/\"44\"; leaves = \"103\n"
"From remote kernel:"
"\"Reduce coefficient \"31\"/\"44\"; leaves = \"491\n"
"From remote kernel:"
"\"Factor \"2\" rational summands\"\n"
"From remote kernel:"
"\"Factor \"9\" rational summands\"\n"
"From remote kernel:"
"\"Combine \"2\" summands in \"1\" denominator groups\"\n"
"From remote kernel:"
"\"Combine \"9\" summands in \"1\" denominator groups\"\n"
"From remote kernel:"
"\"Combine rational summands; leaves = \"1\n"
"From remote kernel:"
"\"Combine rational summands; leaves = \"172\n"
"From remote kernel:"
"\"Saved coefficient \"40\"/\"44\"; zero = \"True\n"
"From remote kernel:"
"\"Saved coefficient \"31\"/\"44\"; zero = \"True\n"
"From remote kernel:"
"\"Reduce coefficient \"41\"/\"44\"; leaves = \"235\n"
"From remote kernel:"
"\"Reduce coefficient \"32\"/\"44\"; leaves = \"107\n"
"From remote kernel:"
"\"Factor \"4\" rational summands\"\n"
"From remote kernel:"
"\"Factor \"2\" rational summands\"\n"
"From remote kernel:"
"\"Combine \"4\" summands in \"1\" denominator groups\"\n"
"From remote kernel:"
"\"Combine \"2\" summands in \"1\" denominator groups\"\n"
"From remote kernel:"
"\"Combine rational summands; leaves = \"154\n"
"From remote kernel:"
"\"Combine rational summands; leaves = \"1\n"
"From remote kernel:"
"\"Saved coefficient \"41\"/\"44\"; zero = \"True\n"
"From remote kernel:"
"\"Saved coefficient \"32\"/\"44\"; zero = \"True\n"
"From remote kernel:"
"\"Reduce coefficient \"42\"/\"44\"; leaves = \"105\n"
"From remote kernel:"
"\"Reduce coefficient \"33\"/\"44\"; leaves = \"255\n"
"From remote kernel:"
"\"Saved coefficient \"42\"/\"44\"; zero = \"True\n"
"From remote kernel:"
"\"Factor \"4\" rational summands\"\n"
"From remote kernel:"
"\"Reduce coefficient \"43\"/\"44\"; leaves = \"105\n"
"From remote kernel:"
"\"Normalize \"4\" radicals\"\n"
"From remote kernel:"
"\"Combine \"4\" summands in \"1\" denominator groups\"\n"
"From remote kernel:"
"\"Saved coefficient \"43\"/\"44\"; zero = \"True\n"
"From remote kernel:"
"\"Combine rational summands; leaves = \"148\n"
"From remote kernel:"
"\"Reduce coefficient \"44\"/\"44\"; leaves = \"67\n"
"From remote kernel:"
"\"Saved coefficient \"33\"/\"44\"; zero = \"True\n"
"From remote kernel:"
"\"Factor \"1\" rational summands\"\n"
"From remote kernel:"
"\"Reduce coefficient \"34\"/\"44\"; leaves = \"201\n"
"From remote kernel:"
"\"Combine \"1\" summands in \"1\" denominator groups\"\n"
"From remote kernel:"
"\"Factor \"4\" rational summands\"\n"
"From remote kernel:"
"\"Combine rational summands; leaves = \"55\n"
"From remote kernel:"
"\"Combine \"4\" summands in \"1\" denominator groups\"\n"
"From remote kernel:"
"\"Saved coefficient \"44\"/\"44\"; zero = \"False\n"
"From remote kernel:"
"\"Combine rational summands; leaves = \"1\n"
"From remote kernel:"
"\"2026-09-07T06:44:05\"\" \"{\"COMPARISON_FINISHED\", \"Hqq__Pg_1_Delta\", True, False}\n"
"From remote kernel:"
"\"Saved coefficient \"34\"/\"44\"; zero = \"True\n"
"From remote kernel:"
"\"Reduce coefficient \"35\"/\"44\"; leaves = \"417\n"
"From remote kernel:"
"\"Factor \"6\" rational summands\"\n"
"From remote kernel:"
"\"Combine \"6\" summands in \"2\" denominator groups\"\n"
"From remote kernel:"
"\"Combine rational summands; leaves = \"298\n"
"From remote kernel:"
"\"Saved coefficient \"35\"/\"44\"; zero = \"True\n"
"From remote kernel:"
"\"Reduce coefficient \"36\"/\"44\"; leaves = \"107\n"
"From remote kernel:"
"\"Factor \"2\" rational summands\"\n"
"From remote kernel:"
"\"Normalize \"29\" distinct functions\"\n"
"From remote kernel:"
"\"Combine \"2\" summands in \"1\" denominator groups\"\n"
"From remote kernel:"
"\"Combine rational summands; leaves = \"1\n"
"From remote kernel:"
"\"Saved coefficient \"36\"/\"44\"; zero = \"True\n"
"From remote kernel:"
"\"Reduce coefficient \"37\"/\"44\"; leaves = \"109\n"
"From remote kernel:"
"\"Factor \"2\" rational summands\"\n"
"From remote kernel:"
"\"Combine \"2\" summands in \"1\" denominator groups\"\n"
"From remote kernel:"
"\"Combine rational summands; leaves = \"1\n"
"From remote kernel:"
"\"Saved coefficient \"37\"/\"44\"; zero = \"True\n"
"From remote kernel:"
"\"Reduce coefficient \"38\"/\"44\"; leaves = \"452\n"
"From remote kernel:"
"\"2026-09-07T06:44:07\"\" \"{\"COMPARE\", \"Hqq__Ppp_1_Delta\"}\n"
"From remote kernel:"
"\"Saved coefficient \"38\"/\"44\"; zero = \"True\n"
"From remote kernel:"
"\"Reduce coefficient \"39\"/\"44\"; leaves = \"395\n"
"From remote kernel:"
"\"Saved coefficient \"39\"/\"44\"; zero = \"True\n"
"From remote kernel:"
"\"Reduce coefficient \"40\"/\"44\"; leaves = \"107\n"
"From remote kernel:"
"\"Factor \"2\" rational summands\"\n"
"From remote kernel:"
"\"Combine \"2\" summands in \"1\" denominator groups\"\n"
"From remote kernel:"
"\"Combine rational summands; leaves = \"1\n"
"From remote kernel:"
"\"Saved coefficient \"40\"/\"44\"; zero = \"True\n"
"From remote kernel:"
"\"Reduce coefficient \"41\"/\"44\"; leaves = \"255\n"
"From remote kernel:"
"\"Factor \"4\" rational summands\"\n"
"From remote kernel:"
"\"Combine \"4\" summands in \"1\" denominator groups\"\n"
"From remote kernel:"
"\"Combine rational summands; leaves = \"148\n"
"From remote kernel:"
"\"Saved coefficient \"41\"/\"44\"; zero = \"True\n"
"From remote kernel:"
"\"Reduce coefficient \"42\"/\"44\"; leaves = \"203\n"
"From remote kernel:"
"\"Saved coefficient \"42\"/\"44\"; zero = \"True\n"
"From remote kernel:"
"\"Reduce coefficient \"43\"/\"44\"; leaves = \"109\n"
"From remote kernel:"
"\"Saved coefficient \"43\"/\"44\"; zero = \"True\n"
"From remote kernel:"
"\"Reduce coefficient \"44\"/\"44\"; leaves = \"75\n"
"From remote kernel:"
"\"Factor \"1\" rational summands\"\n"
"From remote kernel:"
"\"Combine \"1\" summands in \"1\" denominator groups\"\n"
"From remote kernel:"
"\"Combine rational summands; leaves = \"53\n"
"From remote kernel:"
"\"Saved coefficient \"44\"/\"44\"; zero = \"False\n"
"From remote kernel:"
"\"2026-09-07T06:44:05\"\" \"{\"COMPARISON_FINISHED\", \"Hqq__Pg_-1_Delta\", True, False}\n"
"From remote kernel:"
"\"Normalize \"0\" radicals\"\n"
"From remote kernel:"
"\"Normalize \"52\" distinct functions\"\n"
"From remote kernel:"
"\"2026-09-07T06:44:07\"\" \"{\"COMPARE\", \"Hqq__Ppp_1_L0\"}\n"
"From remote kernel:"
"\"Normalize \"0\" radicals\"\n"
"From remote kernel:"
"\"Normalized function \"10\"/\"29\n"
"From remote kernel:"
"\"Normalize \"11\" distinct functions\"\n"
"From remote kernel:"
"\"Normalized function \"10\"/\"52\n"
"From remote kernel:"
"\"Normalized function \"10\"/\"11\n"
"From remote kernel:"
"\"Normalize \"0\" phase functions\"\n"
"From remote kernel:"
"\"Factored formal input leaves = \"1980\n"
"From remote kernel:"
"\"Reduce \"9\" algebraic coefficients\"\n"
"From remote kernel:"
"\"Reduce coefficient \"1\"/\"9\"; leaves = \"461\n"
"From remote kernel:"
"\"Factor \"5\" rational summands\"\n"
"From remote kernel:"
"\"Combine \"5\" summands in \"2\" denominator groups\"\n"
"From remote kernel:"
"\"Normalized function \"20\"/\"52\n"
"From remote kernel:"
"\"Combine rational summands; leaves = \"105\n"
"From remote kernel:"
"\"Saved coefficient \"1\"/\"9\"; zero = \"True\n"
"From remote kernel:"
"\"Reduce coefficient \"2\"/\"9\"; leaves = \"148\n"
"From remote kernel:"
"\"Factor \"2\" rational summands\"\n"
"From remote kernel:"
"\"Combine \"2\" summands in \"1\" denominator groups\"\n"
"From remote kernel:"
"\"Combine rational summands; leaves = \"1\n"
"From remote kernel:"
"\"Saved coefficient \"2\"/\"9\"; zero = \"True\n"
"From remote kernel:"
"\"Reduce coefficient \"3\"/\"9\"; leaves = \"148\n"
"From remote kernel:"
"\"Factor \"2\" rational summands\"\n"
"From remote kernel:"
"\"Combine \"2\" summands in \"1\" denominator groups\"\n"
"From remote kernel:"
"\"Normalized function \"20\"/\"28\n"
"From remote kernel:"
"\"Combine rational summands; leaves = \"1\n"
"From remote kernel:"
"\"Saved coefficient \"3\"/\"9\"; zero = \"True\n"
"From remote kernel:"
"\"Reduce coefficient \"4\"/\"9\"; leaves = \"148\n"
"From remote kernel:"
"\"Saved coefficient \"4\"/\"9\"; zero = \"True\n"
"From remote kernel:"
"\"Normalized function \"30\"/\"52\n"
"From remote kernel:"
"\"Reduce coefficient \"5\"/\"9\"; leaves = \"149\n"
"From remote kernel:"
"\"Factor \"2\" rational summands\"\n"
"From remote kernel:"
"\"Combine \"2\" summands in \"1\" denominator groups\"\n"
"From remote kernel:"
"\"Combine rational summands; leaves = \"1\n"
"From remote kernel:"
"\"Saved coefficient \"5\"/\"9\"; zero = \"True\n"
"From remote kernel:"
"\"Reduce coefficient \"6\"/\"9\"; leaves = \"328\n"
"From remote kernel:"
"\"Factor \"4\" rational summands\"\n"
"From remote kernel:"
"\"Combine \"4\" summands in \"3\" denominator groups\"\n"
"From remote kernel:"
"\"Combine rational summands; leaves = \"144\n"
"From remote kernel:"
"\"Saved coefficient \"6\"/\"9\"; zero = \"True\n"
"From remote kernel:"
"\"Reduce coefficient \"7\"/\"9\"; leaves = \"394\n"
"From remote kernel:"
"\"Factor \"5\" rational summands\"\n"
"From remote kernel:"
"\"Combine \"5\" summands in \"4\" denominator groups\"\n"
"From remote kernel:"
"\"Combine rational summands; leaves = \"144\n"
"From remote kernel:"
"\"Saved coefficient \"7\"/\"9\"; zero = \"True\n"
"From remote kernel:"
"\"Reduce coefficient \"8\"/\"9\"; leaves = \"85\n"
"From remote kernel:"
"\"Factor \"2\" rational summands\"\n"
"From remote kernel:"
"\"Combine \"2\" summands in \"1\" denominator groups\"\n"
"From remote kernel:"
"\"Combine rational summands; leaves = \"1\n"
"From remote kernel:"
"\"Saved coefficient \"8\"/\"9\"; zero = \"True\n"
"From remote kernel:"
"\"Reduce coefficient \"9\"/\"9\"; leaves = \"85\n"
"From remote kernel:"
"\"Saved coefficient \"9\"/\"9\"; zero = \"True\n"
"From remote kernel:"
"\"2026-09-07T06:44:07\"\" \"{\"COMPARISON_FINISHED\", \"Hqq__Ppp_1_L0\", True, True}\n"
"From remote kernel:"
"\"Normalized function \"40\"/\"52\n"
"From remote kernel:"
"\"2026-09-07T06:44:08\"\" \"{\"COMPARE\", \"Hqq__Ppp_1_L1\"}\n"
"From remote kernel:"
"\"Normalize \"0\" radicals\"\n"
"From remote kernel:"
"\"Normalize \"0\" distinct functions\"\n"
"From remote kernel:"
"\"Normalize \"0\" phase functions\"\n"
"From remote kernel:"
"\"2026-09-07T06:44:08\"\" \"{\"COMPARISON_FINISHED\", \"Hqq__Ppp_1_L1\", True, True}\n"
"From remote kernel:"
"\"2026-09-07T06:44:08\"\" \"{\"COMPARE\", \"Hqq__Ppp_1_Regular\"}\n"
"From remote kernel:"
"\"Normalized function \"50\"/\"52\n"
"From remote kernel:"
"\"Normalized function \"20\"/\"29\n"
"From remote kernel:"
"\"Normalize \"2\" phase functions\"\n"
"From remote kernel:"
"\"Factored formal input leaves = \"52738\n"
"From remote kernel:"
"\"Reduce \"52\" algebraic coefficients\"\n"
"From remote kernel:"
"\"Reduce coefficient \"1\"/\"52\"; leaves = \"10648\n"
"From remote kernel:"
"\"Factor \"181\" rational summands\"\n"
"From remote kernel:"
"\"Factored summand \"100\"/\"181\n"
"From remote kernel:"
"\"Combine \"181\" summands in \"57\" denominator groups\"\n"
"From remote kernel:"
"\"Combine rational summands; leaves = \"4053\n"
"From remote kernel:"
"\"Saved coefficient \"1\"/\"52\"; zero = \"True\n"
"From remote kernel:"
"\"Reduce coefficient \"2\"/\"52\"; leaves = \"3860\n"
"From remote kernel:"
"\"Factor \"78\" rational summands\"\n"
"From remote kernel:"
"\"Combine \"78\" summands in \"20\" denominator groups\"\n"
"From remote kernel:"
"\"Combine rational summands; leaves = \"1647\n"
"From remote kernel:"
"\"Saved coefficient \"2\"/\"52\"; zero = \"True\n"
"From remote kernel:"
"\"Reduce coefficient \"3\"/\"52\"; leaves = \"630\n"
"From remote kernel:"
"\"Factor \"13\" rational summands\"\n"
"From remote kernel:"
"\"Combine \"13\" summands in \"5\" denominator groups\"\n"
"From remote kernel:"
"\"Combine rational summands; leaves = \"264\n"
"From remote kernel:"
"\"Saved coefficient \"3\"/\"52\"; zero = \"True\n"
"From remote kernel:"
"\"Reduce coefficient \"4\"/\"52\"; leaves = \"3742\n"
"From remote kernel:"
"\"Factor \"74\" rational summands\"\n"
"From remote kernel:"
"\"Combine \"74\" summands in \"19\" denominator groups\"\n"
"From remote kernel:"
"\"Combine rational summands; leaves = \"1519\n"
"From remote kernel:"
"\"Saved coefficient \"4\"/\"52\"; zero = \"True\n"
"From remote kernel:"
"\"Reduce coefficient \"5\"/\"52\"; leaves = \"740\n"
"From remote kernel:"
"\"Factor \"17\" rational summands\"\n"
"From remote kernel:"
"\"Combine \"17\" summands in \"7\" denominator groups\"\n"
"From remote kernel:"
"\"Combine rational summands; leaves = \"346\n"
"From remote kernel:"
"\"Saved coefficient \"5\"/\"52\"; zero = \"True\n"
"From remote kernel:"
"\"Reduce coefficient \"6\"/\"52\"; leaves = \"714\n"
"From remote kernel:"
"\"Factor \"16\" rational summands\"\n"
"From remote kernel:"
"\"Combine \"16\" summands in \"7\" denominator groups\"\n"
"From remote kernel:"
"\"Combine rational summands; leaves = \"314\n"
"From remote kernel:"
"\"Saved coefficient \"6\"/\"52\"; zero = \"True\n"
"From remote kernel:"
"\"Reduce coefficient \"7\"/\"52\"; leaves = \"3958\n"
"From remote kernel:"
"\"Normalize \"5\" radicals\"\n"
"From remote kernel:"
"\"Factor \"81\" rational summands\"\n"
"From remote kernel:"
"\"Combine \"81\" summands in \"24\" denominator groups\"\n"
"From remote kernel:"
"\"Combine rational summands; leaves = \"1572\n"
"From remote kernel:"
"\"Saved coefficient \"7\"/\"52\"; zero = \"True\n"
"From remote kernel:"
"\"Reduce coefficient \"8\"/\"52\"; leaves = \"745\n"
"From remote kernel:"
"\"Factor \"17\" rational summands\"\n"
"From remote kernel:"
"\"Combine \"17\" summands in \"7\" denominator groups\"\n"
"From remote kernel:"
"\"Combine rational summands; leaves = \"345\n"
"From remote kernel:"
"\"Normalize \"28\" distinct functions\"\n"
"From remote kernel:"
"\"Saved coefficient \"8\"/\"52\"; zero = \"True\n"
"From remote kernel:"
"\"Reduce coefficient \"9\"/\"52\"; leaves = \"714\n"
"From remote kernel:"
"\"Saved coefficient \"9\"/\"52\"; zero = \"True\n"
"From remote kernel:"
"\"Reduce coefficient \"10\"/\"52\"; leaves = \"720\n"
"From remote kernel:"
"\"Factor \"16\" rational summands\"\n"
"From remote kernel:"
"\"Combine \"16\" summands in \"7\" denominator groups\"\n"
"From remote kernel:"
"\"Combine rational summands; leaves = \"321\n"
"From remote kernel:"
"\"Saved coefficient \"10\"/\"52\"; zero = \"True\n"
"From remote kernel:"
"\"Reduce coefficient \"11\"/\"52\"; leaves = \"2111\n"
"From remote kernel:"
"\"Factor \"32\" rational summands\"\n"
"From remote kernel:"
"\"Combine \"32\" summands in \"8\" denominator groups\"\n"
"From remote kernel:"
"\"Combine rational summands; leaves = \"977\n"
"From remote kernel:"
"\"Saved coefficient \"11\"/\"52\"; zero = \"True\n"
"From remote kernel:"
"\"Reduce coefficient \"12\"/\"52\"; leaves = \"854\n"
"From remote kernel:"
"\"Factor \"13\" rational summands\"\n"
"From remote kernel:"
"\"Combine \"13\" summands in \"6\" denominator groups\"\n"
"From remote kernel:"
"\"Combine rational summands; leaves = \"441\n"
"From remote kernel:"
"\"Saved coefficient \"12\"/\"52\"; zero = \"True\n"
"From remote kernel:"
"\"Reduce coefficient \"13\"/\"52\"; leaves = \"881\n"
"From remote kernel:"
"\"Factor \"13\" rational summands\"\n"
"From remote kernel:"
"\"Combine \"13\" summands in \"6\" denominator groups\"\n"
"From remote kernel:"
"\"Combine rational summands; leaves = \"441\n"
"From remote kernel:"
"\"Saved coefficient \"13\"/\"52\"; zero = \"True\n"
"From remote kernel:"
"\"Reduce coefficient \"14\"/\"52\"; leaves = \"937\n"
"From remote kernel:"
"\"Factor \"15\" rational summands\"\n"
"From remote kernel:"
"\"Combine \"15\" summands in \"6\" denominator groups\"\n"
"From remote kernel:"
"\"Combine rational summands; leaves = \"441\n"
"From remote kernel:"
"\"Saved coefficient \"14\"/\"52\"; zero = \"True\n"
"From remote kernel:"
"\"Reduce coefficient \"15\"/\"52\"; leaves = \"976\n"
"From remote kernel:"
"\"Factor \"17\" rational summands\"\n"
"From remote kernel:"
"\"Combine \"17\" summands in \"7\" denominator groups\"\n"
"From remote kernel:"
"\"Combine rational summands; leaves = \"387\n"
"From remote kernel:"
"\"Saved coefficient \"15\"/\"52\"; zero = \"False\n"
"From remote kernel:"
"\"Reduce coefficient \"16\"/\"52\"; leaves = \"2172\n"
"From remote kernel:"
"\"Factor \"39\" rational summands\"\n"
"From remote kernel:"
"\"Combine \"39\" summands in \"8\" denominator groups\"\n"
"From remote kernel:"
"\"Combine rational summands; leaves = \"1033\n"
"From remote kernel:"
"\"Saved coefficient \"16\"/\"52\"; zero = \"True\n"
"From remote kernel:"
"\"Reduce coefficient \"17\"/\"52\"; leaves = \"860\n"
"From remote kernel:"
"\"Normalized function \"10\"/\"28\n"
"From remote kernel:"
"\"Factor \"13\" rational summands\"\n"
"From remote kernel:"
"\"Combine \"13\" summands in \"6\" denominator groups\"\n"
"From remote kernel:"
"\"Combine rational summands; leaves = \"386\n"
"From remote kernel:"
"\"Saved coefficient \"17\"/\"52\"; zero = \"True\n"
"From remote kernel:"
"\"Reduce coefficient \"18\"/\"52\"; leaves = \"950\n"
"From remote kernel:"
"\"Factor \"15\" rational summands\"\n"
"From remote kernel:"
"\"Combine \"15\" summands in \"6\" denominator groups\"\n"
"From remote kernel:"
"\"Combine rational summands; leaves = \"483\n"
"From remote kernel:"
"\"Saved coefficient \"18\"/\"52\"; zero = \"True\n"
"From remote kernel:"
"\"Reduce coefficient \"19\"/\"52\"; leaves = \"1020\n"
"From remote kernel:"
"\"Factor \"18\" rational summands\"\n"
"From remote kernel:"
"\"Combine \"18\" summands in \"6\" denominator groups\"\n"
"From remote kernel:"
"\"Combine rational summands; leaves = \"483\n"
"From remote kernel:"
"\"Saved coefficient \"19\"/\"52\"; zero = \"True\n"
"From remote kernel:"
"\"Reduce coefficient \"20\"/\"52\"; leaves = \"1123\n"
"From remote kernel:"
"\"Factor \"18\" rational summands\"\n"
"From remote kernel:"
"\"Combine \"18\" summands in \"6\" denominator groups\"\n"
"From remote kernel:"
"\"Combine rational summands; leaves = \"350\n"
"From remote kernel:"
"\"Saved coefficient \"20\"/\"52\"; zero = \"True\n"
"From remote kernel:"
"\"Reduce coefficient \"21\"/\"52\"; leaves = \"1166\n"
"From remote kernel:"
"\"Factor \"19\" rational summands\"\n"
"From remote kernel:"
"\"Combine \"19\" summands in \"12\" denominator groups\"\n"
"From remote kernel:"
"\"Combine rational summands; leaves = \"350\n"
"From remote kernel:"
"\"Saved coefficient \"21\"/\"52\"; zero = \"True\n"
"From remote kernel:"
"\"Reduce coefficient \"22\"/\"52\"; leaves = \"196\n"
"From remote kernel:"
"\"Factor \"7\" rational summands\"\n"
"From remote kernel:"
"\"Combine \"7\" summands in \"2\" denominator groups\"\n"
"From remote kernel:"
"\"Combine rational summands; leaves = \"90\n"
"From remote kernel:"
"\"Saved coefficient \"22\"/\"52\"; zero = \"True\n"
"From remote kernel:"
"\"Reduce coefficient \"23\"/\"52\"; leaves = \"60\n"
"From remote kernel:"
"\"Factor \"2\" rational summands\"\n"
"From remote kernel:"
"\"Combine \"2\" summands in \"1\" denominator groups\"\n"
"From remote kernel:"
"\"Combine rational summands; leaves = \"1\n"
"From remote kernel:"
"\"Saved coefficient \"23\"/\"52\"; zero = \"True\n"
"From remote kernel:"
"\"Reduce coefficient \"24\"/\"52\"; leaves = \"60\n"
"From remote kernel:"
"\"Saved coefficient \"24\"/\"52\"; zero = \"True\n"
"From remote kernel:"
"\"Reduce coefficient \"25\"/\"52\"; leaves = \"60\n"
"From remote kernel:"
"\"Factor \"2\" rational summands\"\n"
"From remote kernel:"
"\"Combine \"2\" summands in \"1\" denominator groups\"\n"
"From remote kernel:"
"\"Combine rational summands; leaves = \"1\n"
"From remote kernel:"
"\"Saved coefficient \"25\"/\"52\"; zero = \"True\n"
"From remote kernel:"
"\"Reduce coefficient \"26\"/\"52\"; leaves = \"60\n"
"From remote kernel:"
"\"Factor \"2\" rational summands\"\n"
"From remote kernel:"
"\"Combine \"2\" summands in \"1\" denominator groups\"\n"
"From remote kernel:"
"\"Combine rational summands; leaves = \"1\n"
"From remote kernel:"
"\"Saved coefficient \"26\"/\"52\"; zero = \"True\n"
"From remote kernel:"
"\"Reduce coefficient \"27\"/\"52\"; leaves = \"124\n"
"From remote kernel:"
"\"Factor \"4\" rational summands\"\n"
"From remote kernel:"
"\"Combine \"4\" summands in \"2\" denominator groups\"\n"
"From remote kernel:"
"\"Combine rational summands; leaves = \"81\n"
"From remote kernel:"
"\"Saved coefficient \"27\"/\"52\"; zero = \"True\n"
"From remote kernel:"
"\"Reduce coefficient \"28\"/\"52\"; leaves = \"3544\n"
"From remote kernel:"
"\"Factor \"67\" rational summands\"\n"
"From remote kernel:"
"\"Combine \"67\" summands in \"24\" denominator groups\"\n"
"From remote kernel:"
"\"Combine rational summands; leaves = \"1411\n"
"From remote kernel:"
"\"Saved coefficient \"28\"/\"52\"; zero = \"True\n"
"From remote kernel:"
"\"Reduce coefficient \"29\"/\"52\"; leaves = \"660\n"
"From remote kernel:"
"\"Factor \"14\" rational summands\"\n"
"From remote kernel:"
"\"Combine \"14\" summands in \"7\" denominator groups\"\n"
"From remote kernel:"
"\"Combine rational summands; leaves = \"263\n"
"From remote kernel:"
"\"Saved coefficient \"29\"/\"52\"; zero = \"True\n"
"From remote kernel:"
"\"Reduce coefficient \"30\"/\"52\"; leaves = \"664\n"
"From remote kernel:"
"\"Factor \"14\" rational summands\"\n"
"From remote kernel:"
"\"Combine \"14\" summands in \"7\" denominator groups\"\n"
"From remote kernel:"
"\"Combine rational summands; leaves = \"263\n"
"From remote kernel:"
"\"Saved coefficient \"30\"/\"52\"; zero = \"True\n"
"From remote kernel:"
"\"Reduce coefficient \"31\"/\"52\"; leaves = \"784\n"
"From remote kernel:"
"\"Factor \"18\" rational summands\"\n"
"From remote kernel:"
"\"Combine \"18\" summands in \"7\" denominator groups\"\n"
"From remote kernel:"
"\"Combine rational summands; leaves = \"304\n"
"From remote kernel:"
"\"Saved coefficient \"31\"/\"52\"; zero = \"True\n"
"From remote kernel:"
"\"Reduce coefficient \"32\"/\"52\"; leaves = \"753\n"
"From remote kernel:"
"\"Factor \"10\" rational summands\"\n"
"From remote kernel:"
"\"Combine \"10\" summands in \"6\" denominator groups\"\n"
"From remote kernel:"
"\"Combine rational summands; leaves = \"342\n"
"From remote kernel:"
"\"Saved coefficient \"32\"/\"52\"; zero = \"True\n"
"From remote kernel:"
"\"Reduce coefficient \"33\"/\"52\"; leaves = \"794\n"
"From remote kernel:"
"\"Factor \"11\" rational summands\"\n"
"From remote kernel:"
"\"Combine \"11\" summands in \"7\" denominator groups\"\n"
"From remote kernel:"
"\"Combine rational summands; leaves = \"342\n"
"From remote kernel:"
"\"Saved coefficient \"33\"/\"52\"; zero = \"True\n"
"From remote kernel:"
"\"Reduce coefficient \"34\"/\"52\"; leaves = \"60\n"
"From remote kernel:"
"\"Factor \"2\" rational summands\"\n"
"From remote kernel:"
"\"Combine \"2\" summands in \"1\" denominator groups\"\n"
"From remote kernel:"
"\"Combine rational summands; leaves = \"1\n"
"From remote kernel:"
"\"Saved coefficient \"34\"/\"52\"; zero = \"True\n"
"From remote kernel:"
"\"Reduce coefficient \"35\"/\"52\"; leaves = \"636\n"
"From remote kernel:"
"\"Factor \"13\" rational summands\"\n"
"From remote kernel:"
"\"Combine \"13\" summands in \"6\" denominator groups\"\n"
"From remote kernel:"
"\"Combine rational summands; leaves = \"273\n"
"From remote kernel:"
"\"Saved coefficient \"35\"/\"52\"; zero = \"True\n"
"From remote kernel:"
"\"Reduce coefficient \"36\"/\"52\"; leaves = \"211\n"
"From remote kernel:"
"\"Factor \"7\" rational summands\"\n"
"From remote kernel:"
"\"Combine \"7\" summands in \"2\" denominator groups\"\n"
"From remote kernel:"
"\"Combine rational summands; leaves = \"117\n"
"From remote kernel:"
"\"Saved coefficient \"36\"/\"52\"; zero = \"True\n"
"From remote kernel:"
"\"Reduce coefficient \"37\"/\"52\"; leaves = \"60\n"
"From remote kernel:"
"\"Saved coefficient \"37\"/\"52\"; zero = \"True\n"
"From remote kernel:"
"\"Reduce coefficient \"38\"/\"52\"; leaves = \"60\n"
"From remote kernel:"
"\"Saved coefficient \"38\"/\"52\"; zero = \"True\n"
"From remote kernel:"
"\"Reduce coefficient \"39\"/\"52\"; leaves = \"60\n"
"From remote kernel:"
"\"Saved coefficient \"39\"/\"52\"; zero = \"True\n"
"From remote kernel:"
"\"Reduce coefficient \"40\"/\"52\"; leaves = \"18\n"
"From remote kernel:"
"\"Factor \"1\" rational summands\"\n"
"From remote kernel:"
"\"Combine \"1\" summands in \"1\" denominator groups\"\n"
"From remote kernel:"
"\"Combine rational summands; leaves = \"18\n"
"From remote kernel:"
"\"Saved coefficient \"40\"/\"52\"; zero = \"False\n"
"From remote kernel:"
"\"Reduce coefficient \"41\"/\"52\"; leaves = \"60\n"
"From remote kernel:"
"\"Saved coefficient \"41\"/\"52\"; zero = \"True\n"
"From remote kernel:"
"\"Reduce coefficient \"42\"/\"52\"; leaves = \"60\n"
"From remote kernel:"
"\"Saved coefficient \"42\"/\"52\"; zero = \"True\n"
"From remote kernel:"
"\"Reduce coefficient \"43\"/\"52\"; leaves = \"60\n"
"From remote kernel:"
"\"Normalized function \"20\"/\"28\n"
"From remote kernel:"
"\"Saved coefficient \"43\"/\"52\"; zero = \"True\n"
"From remote kernel:"
"\"Reduce coefficient \"44\"/\"52\"; leaves = \"58\n"
"From remote kernel:"
"\"Factor \"2\" rational summands\"\n"
"From remote kernel:"
"\"Combine \"2\" summands in \"2\" denominator groups\"\n"
"From remote kernel:"
"\"Combine rational summands; leaves = \"18\n"
"From remote kernel:"
"\"Saved coefficient \"44\"/\"52\"; zero = \"False\n"
"From remote kernel:"
"\"Reduce coefficient \"45\"/\"52\"; leaves = \"896\n"
"From remote kernel:"
"\"Factor \"15\" rational summands\"\n"
"From remote kernel:"
"\"Combine \"15\" summands in \"8\" denominator groups\"\n"
"From remote kernel:"
"\"Combine rational summands; leaves = \"485\n"
"From remote kernel:"
"\"Saved coefficient \"45\"/\"52\"; zero = \"True\n"
"From remote kernel:"
"\"Reduce coefficient \"46\"/\"52\"; leaves = \"18\n"
"From remote kernel:"
"\"Factor \"1\" rational summands\"\n"
"From remote kernel:"
"\"Combine \"1\" summands in \"1\" denominator groups\"\n"
"From remote kernel:"
"\"Combine rational summands; leaves = \"18\n"
"From remote kernel:"
"\"Saved coefficient \"46\"/\"52\"; zero = \"False\n"
"From remote kernel:"
"\"Reduce coefficient \"47\"/\"52\"; leaves = \"81\n"
"From remote kernel:"
"\"Factor \"3\" rational summands\"\n"
"From remote kernel:"
"\"Combine \"3\" summands in \"2\" denominator groups\"\n"
"From remote kernel:"
"\"Combine rational summands; leaves = \"81\n"
"From remote kernel:"
"\"Saved coefficient \"47\"/\"52\"; zero = \"True\n"
"From remote kernel:"
"\"Reduce coefficient \"48\"/\"52\"; leaves = \"81\n"
"From remote kernel:"
"\"Factor \"3\" rational summands\"\n"
"From remote kernel:"
"\"Combine \"3\" summands in \"2\" denominator groups\"\n"
"From remote kernel:"
"\"Combine rational summands; leaves = \"81\n"
"From remote kernel:"
"\"Saved coefficient \"48\"/\"52\"; zero = \"True\n"
"From remote kernel:"
"\"Reduce coefficient \"49\"/\"52\"; leaves = \"85\n"
"From remote kernel:"
"\"Factor \"3\" rational summands\"\n"
"From remote kernel:"
"\"Combine \"3\" summands in \"2\" denominator groups\"\n"
"From remote kernel:"
"\"Combine rational summands; leaves = \"81\n"
"From remote kernel:"
"\"Saved coefficient \"49\"/\"52\"; zero = \"True\n"
"From remote kernel:"
"\"Reduce coefficient \"50\"/\"52\"; leaves = \"369\n"
"From remote kernel:"
"\"Factor \"4\" rational summands\"\n"
"From remote kernel:"
"\"Combine \"4\" summands in \"2\" denominator groups\"\n"
"From remote kernel:"
"\"Combine rational summands; leaves = \"1\n"
"From remote kernel:"
"\"Saved coefficient \"50\"/\"52\"; zero = \"True\n"
"From remote kernel:"
"\"Reduce coefficient \"51\"/\"52\"; leaves = \"369\n"
"From remote kernel:"
"\"Factor \"4\" rational summands\"\n"
"From remote kernel:"
"\"Combine \"4\" summands in \"2\" denominator groups\"\n"
"From remote kernel:"
"\"Combine rational summands; leaves = \"1\n"
"From remote kernel:"
"\"Saved coefficient \"51\"/\"52\"; zero = \"True\n"
"From remote kernel:"
"\"Reduce coefficient \"52\"/\"52\"; leaves = \"18\n"
"From remote kernel:"
"\"Saved coefficient \"52\"/\"52\"; zero = \"False\n"
"From remote kernel:"
"\"2026-09-07T06:44:11\"\" \"{\"COMPARISON_FINISHED\", \"Hqq__Ppp_1_Delta\", True, False}\n"
"From remote kernel:"
"\"2026-09-07T06:44:12\"\" \"{\"COMPARE\", \"Hqq__Ppp_-1_Delta\"}\n"
"From remote kernel:"
"\"Normalize \"0\" radicals\"\n"
"From remote kernel:"
"\"Normalize \"50\" distinct functions\"\n"
"From remote kernel:"
"\"Normalized function \"10\"/\"50\n"
"From remote kernel:"
"\"Normalized function \"20\"/\"50\n"
"From remote kernel:"
"\"Normalized function \"30\"/\"50\n"
"From remote kernel:"
"\"Normalized function \"40\"/\"50\n"
"From remote kernel:"
"\"Normalized function \"50\"/\"50\n"
"From remote kernel:"
"\"Normalize \"0\" phase functions\"\n"
"From remote kernel:"
"\"Factored formal input leaves = \"57207\n"
"From remote kernel:"
"\"Reduce \"52\" algebraic coefficients\"\n"
"From remote kernel:"
"\"Reduce coefficient \"1\"/\"52\"; leaves = \"11548\n"
"From remote kernel:"
"\"Factor \"177\" rational summands\"\n"
"From remote kernel:"
"\"Factored summand \"100\"/\"177\n"
"From remote kernel:"
"\"Combine \"177\" summands in \"59\" denominator groups\"\n"
"From remote kernel:"
"\"Combine rational summands; leaves = \"4004\n"
"From remote kernel:"
"\"Saved coefficient \"1\"/\"52\"; zero = \"True\n"
"From remote kernel:"
"\"Reduce coefficient \"2\"/\"52\"; leaves = \"4122\n"
"From remote kernel:"
"\"Factor \"76\" rational summands\"\n"
"From remote kernel:"
"\"Combine \"76\" summands in \"21\" denominator groups\"\n"
"From remote kernel:"
"\"Combine rational summands; leaves = \"1578\n"
"From remote kernel:"
"\"Saved coefficient \"2\"/\"52\"; zero = \"True\n"
"From remote kernel:"
"\"Reduce coefficient \"3\"/\"52\"; leaves = \"665\n"
"From remote kernel:"
"\"Factor \"13\" rational summands\"\n"
"From remote kernel:"
"\"Combine \"13\" summands in \"5\" denominator groups\"\n"
"From remote kernel:"
"\"Combine rational summands; leaves = \"240\n"
"From remote kernel:"
"\"Saved coefficient \"3\"/\"52\"; zero = \"True\n"
"From remote kernel:"
"\"Reduce coefficient \"4\"/\"52\"; leaves = \"4042\n"
"From remote kernel:"
"\"Factor \"73\" rational summands\"\n"
"From remote kernel:"
"\"Combine \"73\" summands in \"20\" denominator groups\"\n"
"From remote kernel:"
"\"Combine rational summands; leaves = \"1447\n"
"From remote kernel:"
"\"Saved coefficient \"4\"/\"52\"; zero = \"True\n"
"From remote kernel:"
"\"Reduce coefficient \"5\"/\"52\"; leaves = \"803\n"
"From remote kernel:"
"\"Factor \"17\" rational summands\"\n"
"From remote kernel:"
"\"Combine \"17\" summands in \"8\" denominator groups\"\n"
"From remote kernel:"
"\"Combine rational summands; leaves = \"325\n"
"From remote kernel:"
"\"Saved coefficient \"5\"/\"52\"; zero = \"True\n"
"From remote kernel:"
"\"Reduce coefficient \"6\"/\"52\"; leaves = \"773\n"
"From remote kernel:"
"\"Factor \"16\" rational summands\"\n"
"From remote kernel:"
"\"Combine \"16\" summands in \"8\" denominator groups\"\n"
"From remote kernel:"
"\"Combine rational summands; leaves = \"292\n"
"From remote kernel:"
"\"Saved coefficient \"6\"/\"52\"; zero = \"True\n"
"From remote kernel:"
"\"Reduce coefficient \"7\"/\"52\"; leaves = \"4172\n"
"From remote kernel:"
"\"Factor \"76\" rational summands\"\n"
"From remote kernel:"
"\"Combine \"76\" summands in \"24\" denominator groups\"\n"
"From remote kernel:"
"\"Combine rational summands; leaves = \"1551\n"
"From remote kernel:"
"\"Saved coefficient \"7\"/\"52\"; zero = \"True\n"
"From remote kernel:"
"\"Reduce coefficient \"8\"/\"52\"; leaves = \"878\n"
"From remote kernel:"
"\"Factor \"19\" rational summands\"\n"
"From remote kernel:"
"\"Combine \"19\" summands in \"8\" denominator groups\"\n"
"From remote kernel:"
"\"Combine rational summands; leaves = \"323\n"
"From remote kernel:"
"\"Saved coefficient \"8\"/\"52\"; zero = \"True\n"
"From remote kernel:"
"\"Reduce coefficient \"9\"/\"52\"; leaves = \"843\n"
"From remote kernel:"
"\"Factor \"18\" rational summands\"\n"
"From remote kernel:"
"\"Combine \"18\" summands in \"8\" denominator groups\"\n"
"From remote kernel:"
"\"Combine rational summands; leaves = \"292\n"
"From remote kernel:"
"\"Saved coefficient \"9\"/\"52\"; zero = \"True\n"
"From remote kernel:"
"\"Reduce coefficient \"10\"/\"52\"; leaves = \"849\n"
"From remote kernel:"
"\"Factor \"18\" rational summands\"\n"
"From remote kernel:"
"\"Combine \"18\" summands in \"10\" denominator groups\"\n"
"From remote kernel:"
"\"Combine rational summands; leaves = \"300\n"
"From remote kernel:"
"\"Saved coefficient \"10\"/\"52\"; zero = \"True\n"
"From remote kernel:"
"\"Reduce coefficient \"11\"/\"52\"; leaves = \"2167\n"
"From remote kernel:"
"\"Factor \"25\" rational summands\"\n"
"From remote kernel:"
"\"Combine \"25\" summands in \"8\" denominator groups\"\n"
"From remote kernel:"
"\"Combine rational summands; leaves = \"914\n"
"From remote kernel:"
"\"Saved coefficient \"11\"/\"52\"; zero = \"True\n"
"From remote kernel:"
"\"Reduce coefficient \"12\"/\"52\"; leaves = \"962\n"
"From remote kernel:"
"\"Factor \"13\" rational summands\"\n"
"From remote kernel:"
"\"Combine \"13\" summands in \"6\" denominator groups\"\n"
"From remote kernel:"
"\"Combine rational summands; leaves = \"389\n"
"From remote kernel:"
"\"Saved coefficient \"12\"/\"52\"; zero = \"True\n"
"From remote kernel:"
"\"Reduce coefficient \"13\"/\"52\"; leaves = \"1042\n"
"From remote kernel:"
"\"Factor \"14\" rational summands\"\n"
"From remote kernel:"
"\"Combine \"14\" summands in \"6\" denominator groups\"\n"
"From remote kernel:"
"\"Combine rational summands; leaves = \"389\n"
"From remote kernel:"
"\"Saved coefficient \"13\"/\"52\"; zero = \"True\n"
"From remote kernel:"
"\"Reduce coefficient \"14\"/\"52\"; leaves = \"1093\n"
"From remote kernel:"
"\"Factor \"16\" rational summands\"\n"
"From remote kernel:"
"\"Combine \"16\" summands in \"6\" denominator groups\"\n"
"From remote kernel:"
"\"Combine rational summands; leaves = \"354\n"
"From remote kernel:"
"\"Saved coefficient \"14\"/\"52\"; zero = \"True\n"
"From remote kernel:"
"\"Reduce coefficient \"15\"/\"52\"; leaves = \"1310\n"
"From remote kernel:"
"\"Factor \"20\" rational summands\"\n"
"From remote kernel:"
"\"Combine \"20\" summands in \"11\" denominator groups\"\n"
"From remote kernel:"
"\"Combine rational summands; leaves = \"528\n"
"From remote kernel:"
"\"Saved coefficient \"15\"/\"52\"; zero = \"False\n"
"From remote kernel:"
"\"Reduce coefficient \"16\"/\"52\"; leaves = \"2251\n"
"From remote kernel:"
"\"Factor \"33\" rational summands\"\n"
"From remote kernel:"
"\"Combine \"33\" summands in \"8\" denominator groups\"\n"
"From remote kernel:"
"\"Combine rational summands; leaves = \"977\n"
"From remote kernel:"
"\"Saved coefficient \"16\"/\"52\"; zero = \"True\n"
"From remote kernel:"
"\"Reduce coefficient \"17\"/\"52\"; leaves = \"933\n"
"From remote kernel:"
"\"Factor \"12\" rational summands\"\n"
"From remote kernel:"
"\"Combine \"12\" summands in \"6\" denominator groups\"\n"
"From remote kernel:"
"\"Combine rational summands; leaves = \"307\n"
"From remote kernel:"
"\"Saved coefficient \"17\"/\"52\"; zero = \"True\n"
"From remote kernel:"
"\"Reduce coefficient \"18\"/\"52\"; leaves = \"1155\n"
"From remote kernel:"
"\"Factor \"18\" rational summands\"\n"
"From remote kernel:"
"\"Combine \"18\" summands in \"6\" denominator groups\"\n"
"From remote kernel:"
"\"Combine rational summands; leaves = \"408\n"
"From remote kernel:"
"\"Saved coefficient \"18\"/\"52\"; zero = \"True\n"
"From remote kernel:"
"\"Reduce coefficient \"19\"/\"52\"; leaves = \"1182\n"
"From remote kernel:"
"\"Factor \"19\" rational summands\"\n"
"From remote kernel:"
"\"Combine \"19\" summands in \"6\" denominator groups\"\n"
"From remote kernel:"
"\"Combine rational summands; leaves = \"400\n"
"From remote kernel:"
"\"Saved coefficient \"19\"/\"52\"; zero = \"True\n"
"From remote kernel:"
"\"Reduce coefficient \"20\"/\"52\"; leaves = \"1236\n"
"From remote kernel:"
"\"Factor \"18\" rational summands\"\n"
"From remote kernel:"
"\"Combine \"18\" summands in \"9\" denominator groups\"\n"
"From remote kernel:"
"\"Combine rational summands; leaves = \"493\n"
"From remote kernel:"
"\"Saved coefficient \"20\"/\"52\"; zero = \"True\n"
"From remote kernel:"
"\"Reduce coefficient \"21\"/\"52\"; leaves = \"1075\n"
"From remote kernel:"
"\"Factor \"17\" rational summands\"\n"
"From remote kernel:"
"\"Combine \"17\" summands in \"11\" denominator groups\"\n"
"From remote kernel:"
"\"Combine rational summands; leaves = \"493\n"
"From remote kernel:"
"\"Saved coefficient \"21\"/\"52\"; zero = \"True\n"
"From remote kernel:"
"\"Reduce coefficient \"22\"/\"52\"; leaves = \"214\n"
"From remote kernel:"
"\"Factor \"7\" rational summands\"\n"
"From remote kernel:"
"\"Combine \"7\" summands in \"2\" denominator groups\"\n"
"From remote kernel:"
"\"Combine rational summands; leaves = \"91\n"
"From remote kernel:"
"\"Saved coefficient \"22\"/\"52\"; zero = \"True\n"
"From remote kernel:"
"\"Reduce coefficient \"23\"/\"52\"; leaves = \"64\n"
"From remote kernel:"
"\"Factor \"2\" rational summands\"\n"
"From remote kernel:"
"\"Combine \"2\" summands in \"1\" denominator groups\"\n"
"From remote kernel:"
"\"Combine rational summands; leaves = \"1\n"
"From remote kernel:"
"\"Saved coefficient \"23\"/\"52\"; zero = \"True\n"
"From remote kernel:"
"\"Reduce coefficient \"24\"/\"52\"; leaves = \"64\n"
"From remote kernel:"
"\"Saved coefficient \"24\"/\"52\"; zero = \"True\n"
"From remote kernel:"
"\"Reduce coefficient \"25\"/\"52\"; leaves = \"64\n"
"From remote kernel:"
"\"Factor \"2\" rational summands\"\n"
"From remote kernel:"
"\"Combine \"2\" summands in \"1\" denominator groups\"\n"
"From remote kernel:"
"\"Combine rational summands; leaves = \"1\n"
"From remote kernel:"
"\"Saved coefficient \"25\"/\"52\"; zero = \"True\n"
"From remote kernel:"
"\"Reduce coefficient \"26\"/\"52\"; leaves = \"64\n"
"From remote kernel:"
"\"Factor \"2\" rational summands\"\n"
"From remote kernel:"
"\"Combine \"2\" summands in \"1\" denominator groups\"\n"
"From remote kernel:"
"\"Combine rational summands; leaves = \"1\n"
"From remote kernel:"
"\"Saved coefficient \"26\"/\"52\"; zero = \"True\n"
"From remote kernel:"
"\"Reduce coefficient \"27\"/\"52\"; leaves = \"156\n"
"From remote kernel:"
"\"Factor \"5\" rational summands\"\n"
"From remote kernel:"
"\"Combine \"5\" summands in \"3\" denominator groups\"\n"
"From remote kernel:"
"\"Combine rational summands; leaves = \"80\n"
"From remote kernel:"
"\"Saved coefficient \"27\"/\"52\"; zero = \"True\n"
"From remote kernel:"
"\"Reduce coefficient \"28\"/\"52\"; leaves = \"3804\n"
"From remote kernel:"
"\"Factor \"66\" rational summands\"\n"
"From remote kernel:"
"\"Combine \"66\" summands in \"24\" denominator groups\"\n"
"From remote kernel:"
"\"Combine rational summands; leaves = \"1333\n"
"From remote kernel:"
"\"Saved coefficient \"28\"/\"52\"; zero = \"True\n"
"From remote kernel:"
"\"Reduce coefficient \"29\"/\"52\"; leaves = \"693\n"
"From remote kernel:"
"\"Factor \"14\" rational summands\"\n"
"From remote kernel:"
"\"Combine \"14\" summands in \"6\" denominator groups\"\n"
"From remote kernel:"
"\"Combine rational summands; leaves = \"241\n"
"From remote kernel:"
"\"Saved coefficient \"29\"/\"52\"; zero = \"True\n"
"From remote kernel:"
"\"Reduce coefficient \"30\"/\"52\"; leaves = \"717\n"
"From remote kernel:"
"\"Factor \"14\" rational summands\"\n"
"From remote kernel:"
"\"Combine \"14\" summands in \"6\" denominator groups\"\n"
"From remote kernel:"
"\"Combine rational summands; leaves = \"241\n"
"From remote kernel:"
"\"Saved coefficient \"30\"/\"52\"; zero = \"True\n"
"From remote kernel:"
"\"Reduce coefficient \"31\"/\"52\"; leaves = \"722\n"
"From remote kernel:"
"\"Factor \"14\" rational summands\"\n"
"From remote kernel:"
"\"Combine \"14\" summands in \"6\" denominator groups\"\n"
"From remote kernel:"
"\"Combine rational summands; leaves = \"247\n"
"From remote kernel:"
"\"Saved coefficient \"31\"/\"52\"; zero = \"True\n"
"From remote kernel:"
"\"Reduce coefficient \"32\"/\"52\"; leaves = \"826\n"
"From remote kernel:"
"\"Factor \"9\" rational summands\"\n"
"From remote kernel:"
"\"Combine \"9\" summands in \"6\" denominator groups\"\n"
"From remote kernel:"
"\"Combine rational summands; leaves = \"319\n"
"From remote kernel:"
"\"Saved coefficient \"32\"/\"52\"; zero = \"True\n"
"From remote kernel:"
"\"Reduce coefficient \"33\"/\"52\"; leaves = \"889\n"
"From remote kernel:"
"\"Factor \"11\" rational summands\"\n"
"From remote kernel:"
"\"Combine \"11\" summands in \"6\" denominator groups\"\n"
"From remote kernel:"
"\"Combine rational summands; leaves = \"319\n"
"From remote kernel:"
"\"Saved coefficient \"33\"/\"52\"; zero = \"True\n"
"From remote kernel:"
"\"Reduce coefficient \"34\"/\"52\"; leaves = \"64\n"
"From remote kernel:"
"\"Factor \"2\" rational summands\"\n"
"From remote kernel:"
"\"Combine \"2\" summands in \"1\" denominator groups\"\n"
"From remote kernel:"
"\"Combine rational summands; leaves = \"1\n"
"From remote kernel:"
"\"Saved coefficient \"34\"/\"52\"; zero = \"True\n"
"From remote kernel:"
"\"Reduce coefficient \"35\"/\"52\"; leaves = \"683\n"
"From remote kernel:"
"\"Factor \"13\" rational summands\"\n"
"From remote kernel:"
"\"Combine \"13\" summands in \"6\" denominator groups\"\n"
"From remote kernel:"
"\"Combine rational summands; leaves = \"250\n"
"From remote kernel:"
"\"Saved coefficient \"35\"/\"52\"; zero = \"True\n"
"From remote kernel:"
"\"Reduce coefficient \"36\"/\"52\"; leaves = \"254\n"
"From remote kernel:"
"\"Factor \"8\" rational summands\"\n"
"From remote kernel:"
"\"Combine \"8\" summands in \"2\" denominator groups\"\n"
"From remote kernel:"
"\"Combine rational summands; leaves = \"121\n"
"From remote kernel:"
"\"Saved coefficient \"36\"/\"52\"; zero = \"True\n"
"From remote kernel:"
"\"Reduce coefficient \"37\"/\"52\"; leaves = \"64\n"
"From remote kernel:"
"\"Saved coefficient \"37\"/\"52\"; zero = \"True\n"
"From remote kernel:"
"\"Reduce coefficient \"38\"/\"52\"; leaves = \"64\n"
"From remote kernel:"
"\"Saved coefficient \"38\"/\"52\"; zero = \"True\n"
"From remote kernel:"
"\"Reduce coefficient \"39\"/\"52\"; leaves = \"64\n"
"From remote kernel:"
"\"Saved coefficient \"39\"/\"52\"; zero = \"True\n"
"From remote kernel:"
"\"Reduce coefficient \"40\"/\"52\"; leaves = \"20\n"
"From remote kernel:"
"\"Factor \"1\" rational summands\"\n"
"From remote kernel:"
"\"Combine \"1\" summands in \"1\" denominator groups\"\n"
"From remote kernel:"
"\"Combine rational summands; leaves = \"20\n"
"From remote kernel:"
"\"Saved coefficient \"40\"/\"52\"; zero = \"False\n"
"From remote kernel:"
"\"Reduce coefficient \"41\"/\"52\"; leaves = \"64\n"
"From remote kernel:"
"\"Saved coefficient \"41\"/\"52\"; zero = \"True\n"
"From remote kernel:"
"\"Reduce coefficient \"42\"/\"52\"; leaves = \"64\n"
"From remote kernel:"
"\"Saved coefficient \"42\"/\"52\"; zero = \"True\n"
"From remote kernel:"
"\"Reduce coefficient \"43\"/\"52\"; leaves = \"64\n"
"From remote kernel:"
"\"Saved coefficient \"43\"/\"52\"; zero = \"True\n"
"From remote kernel:"
"\"Reduce coefficient \"44\"/\"52\"; leaves = \"84\n"
"From remote kernel:"
"\"Factor \"3\" rational summands\"\n"
"From remote kernel:"
"\"Combine \"3\" summands in \"1\" denominator groups\"\n"
"From remote kernel:"
"\"Combine rational summands; leaves = \"20\n"
"From remote kernel:"
"\"Saved coefficient \"44\"/\"52\"; zero = \"False\n"
"From remote kernel:"
"\"Reduce coefficient \"45\"/\"52\"; leaves = \"999\n"
"From remote kernel:"
"\"Factor \"15\" rational summands\"\n"
"From remote kernel:"
"\"Combine \"15\" summands in \"8\" denominator groups\"\n"
"From remote kernel:"
"\"Combine rational summands; leaves = \"493\n"
"From remote kernel:"
"\"Saved coefficient \"45\"/\"52\"; zero = \"True\n"
"From remote kernel:"
"\"Reduce coefficient \"46\"/\"52\"; leaves = \"20\n"
"From remote kernel:"
"\"Factor \"1\" rational summands\"\n"
"From remote kernel:"
"\"Combine \"1\" summands in \"1\" denominator groups\"\n"
"From remote kernel:"
"\"Combine rational summands; leaves = \"20\n"
"From remote kernel:"
"\"Saved coefficient \"46\"/\"52\"; zero = \"False\n"
"From remote kernel:"
"\"Reduce coefficient \"47\"/\"52\"; leaves = \"93\n"
"From remote kernel:"
"\"Factor \"3\" rational summands\"\n"
"From remote kernel:"
"\"Combine \"3\" summands in \"2\" denominator groups\"\n"
"From remote kernel:"
"\"Combine rational summands; leaves = \"81\n"
"From remote kernel:"
"\"Saved coefficient \"47\"/\"52\"; zero = \"True\n"
"From remote kernel:"
"\"Reduce coefficient \"48\"/\"52\"; leaves = \"93\n"
"From remote kernel:"
"\"Factor \"3\" rational summands\"\n"
"From remote kernel:"
"\"Combine \"3\" summands in \"2\" denominator groups\"\n"
"From remote kernel:"
"\"Combine rational summands; leaves = \"80\n"
"From remote kernel:"
"\"Saved coefficient \"48\"/\"52\"; zero = \"True\n"
"From remote kernel:"
"\"Reduce coefficient \"49\"/\"52\"; leaves = \"97\n"
"From remote kernel:"
"\"Factor \"3\" rational summands\"\n"
"From remote kernel:"
"\"Combine \"3\" summands in \"2\" denominator groups\"\n"
"From remote kernel:"
"\"Combine rational summands; leaves = \"81\n"
"From remote kernel:"
"\"Saved coefficient \"49\"/\"52\"; zero = \"True\n"
"From remote kernel:"
"\"Reduce coefficient \"50\"/\"52\"; leaves = \"413\n"
"From remote kernel:"
"\"Factor \"4\" rational summands\"\n"
"From remote kernel:"
"\"Combine \"4\" summands in \"2\" denominator groups\"\n"
"From remote kernel:"
"\"Combine rational summands; leaves = \"1\n"
"From remote kernel:"
"\"Saved coefficient \"50\"/\"52\"; zero = \"True\n"
"From remote kernel:"
"\"Reduce coefficient \"51\"/\"52\"; leaves = \"413\n"
"From remote kernel:"
"\"Factor \"4\" rational summands\"\n"
"From remote kernel:"
"\"Combine \"4\" summands in \"2\" denominator groups\"\n"
"From remote kernel:"
"\"Combine rational summands; leaves = \"1\n"
"From remote kernel:"
"\"Saved coefficient \"51\"/\"52\"; zero = \"True\n"
"From remote kernel:"
"\"Reduce coefficient \"52\"/\"52\"; leaves = \"20\n"
"From remote kernel:"
"\"Saved coefficient \"52\"/\"52\"; zero = \"False\n"
"From remote kernel:"
"\"2026-09-07T06:44:16\"\" \"{\"COMPARISON_FINISHED\", \"Hqq__Ppp_-1_Delta\", True, False}\n"
"From remote kernel:"
"\"2026-09-07T06:44:17\"\" \"{\"COMPARE\", \"Hqq__Ppp_-1_L0\"}\n"
"From remote kernel:"
"\"Normalize \"0\" radicals\"\n"
"From remote kernel:"
"\"Normalize \"12\" distinct functions\"\n"
"From remote kernel:"
"\"Normalized function \"10\"/\"12\n"
"From remote kernel:"
"\"Normalize \"0\" phase functions\"\n"
"From remote kernel:"
"\"Factored formal input leaves = \"2259\n"
"From remote kernel:"
"\"Reduce \"9\" algebraic coefficients\"\n"
"From remote kernel:"
"\"Reduce coefficient \"1\"/\"9\"; leaves = \"528\n"
"From remote kernel:"
"\"Factor \"6\" rational summands\"\n"
"From remote kernel:"
"\"Combine \"6\" summands in \"1\" denominator groups\"\n"
"From remote kernel:"
"\"Combine rational summands; leaves = \"115\n"
"From remote kernel:"
"\"Saved coefficient \"1\"/\"9\"; zero = \"True\n"
"From remote kernel:"
"\"Reduce coefficient \"2\"/\"9\"; leaves = \"167\n"
"From remote kernel:"
"\"Factor \"2\" rational summands\"\n"
"From remote kernel:"
"\"Combine \"2\" summands in \"1\" denominator groups\"\n"
"From remote kernel:"
"\"Combine rational summands; leaves = \"1\n"
"From remote kernel:"
"\"Saved coefficient \"2\"/\"9\"; zero = \"True\n"
"From remote kernel:"
"\"Reduce coefficient \"3\"/\"9\"; leaves = \"166\n"
"From remote kernel:"
"\"Factor \"2\" rational summands\"\n"
"From remote kernel:"
"\"Combine \"2\" summands in \"1\" denominator groups\"\n"
"From remote kernel:"
"\"Combine rational summands; leaves = \"1\n"
"From remote kernel:"
"\"Saved coefficient \"3\"/\"9\"; zero = \"True\n"
"From remote kernel:"
"\"Reduce coefficient \"4\"/\"9\"; leaves = \"166\n"
"From remote kernel:"
"\"Saved coefficient \"4\"/\"9\"; zero = \"True\n"
"From remote kernel:"
"\"Reduce coefficient \"5\"/\"9\"; leaves = \"166\n"
"From remote kernel:"
"\"Factor \"2\" rational summands\"\n"
"From remote kernel:"
"\"Combine \"2\" summands in \"1\" denominator groups\"\n"
"From remote kernel:"
"\"Combine rational summands; leaves = \"1\n"
"From remote kernel:"
"\"Saved coefficient \"5\"/\"9\"; zero = \"True\n"
"From remote kernel:"
"\"Reduce coefficient \"6\"/\"9\"; leaves = \"376\n"
"From remote kernel:"
"\"Factor \"4\" rational summands\"\n"
"From remote kernel:"
"\"Combine \"4\" summands in \"3\" denominator groups\"\n"
"From remote kernel:"
"\"Combine rational summands; leaves = \"146\n"
"From remote kernel:"
"\"Saved coefficient \"6\"/\"9\"; zero = \"True\n"
"From remote kernel:"
"\"Reduce coefficient \"7\"/\"9\"; leaves = \"468\n"
"From remote kernel:"
"\"Factor \"6\" rational summands\"\n"
"From remote kernel:"
"\"Combine \"6\" summands in \"3\" denominator groups\"\n"
"From remote kernel:"
"\"Combine rational summands; leaves = \"146\n"
"From remote kernel:"
"\"Saved coefficient \"7\"/\"9\"; zero = \"True\n"
"From remote kernel:"
"\"Reduce coefficient \"8\"/\"9\"; leaves = \"93\n"
"From remote kernel:"
"\"Factor \"2\" rational summands\"\n"
"From remote kernel:"
"\"Combine \"2\" summands in \"1\" denominator groups\"\n"
"From remote kernel:"
"\"Combine rational summands; leaves = \"1\n"
"From remote kernel:"
"\"Saved coefficient \"8\"/\"9\"; zero = \"True\n"
"From remote kernel:"
"\"Reduce coefficient \"9\"/\"9\"; leaves = \"93\n"
"From remote kernel:"
"\"Saved coefficient \"9\"/\"9\"; zero = \"True\n"
"From remote kernel:"
"\"2026-09-07T06:44:17\"\" \"{\"COMPARISON_FINISHED\", \"Hqq__Ppp_-1_L0\", True, True}\n"
"From remote kernel:"
"\"2026-09-07T06:44:18\"\" \"{\"COMPARE\", \"Hqq__Ppp_-1_L1\"}\n"
"From remote kernel:"
"\"Normalize \"0\" radicals\"\n"
"From remote kernel:"
"\"Normalize \"0\" distinct functions\"\n"
"From remote kernel:"
"\"Normalize \"0\" phase functions\"\n"
"From remote kernel:"
"\"2026-09-07T06:44:18\"\" \"{\"COMPARISON_FINISHED\", \"Hqq__Ppp_-1_L1\", True, True}\n"
"From remote kernel:"
"\"2026-09-07T06:44:18\"\" \"{\"COMPARE\", \"Hqq__Ppp_-1_Regular\"}\n"
"From remote kernel:"
"\"Normalize \"5\" radicals\"\n"
"From remote kernel:"
"\"Normalize \"29\" distinct functions\"\n"
"From remote kernel:"
"\"Normalized function \"10\"/\"29\n"
MONITOR_HEARTBEAT elapsed=91s rss=1867.2MiB peak=1867.2MiB
"From remote kernel:"
"\"Normalized function \"20\"/\"29\n"
"From remote kernel:"
"\"Normalize \"0\" phase functions\"\n"
"From remote kernel:"
"\"Factored formal input leaves = \"344490\n"
"From remote kernel:"
"\"Reduce \"18\" algebraic coefficients\"\n"
"From remote kernel:"
"\"Reduce coefficient \"1\"/\"18\"; leaves = \"91102\n"
"From remote kernel:"
"\"Factor \"230\" rational summands\"\n"
"From remote kernel:"
"\"Normalize \"0\" phase functions\"\n"
"From remote kernel:"
"\"Factored summand \"100\"/\"230\n"
"From remote kernel:"
"\"Factored summand \"200\"/\"230\n"
"From remote kernel:"
"\"Factored formal input leaves = \"349248\n"
"From remote kernel:"
"\"Reduce \"18\" algebraic coefficients\"\n"
"From remote kernel:"
"\"Reduce coefficient \"1\"/\"18\"; leaves = \"100388\n"
"From remote kernel:"
"\"Factor \"241\" rational summands\"\n"
"From remote kernel:"
"\"Factored summand \"100\"/\"241\n"
"From remote kernel:"
"\"Factored summand \"200\"/\"241\n"
"From remote kernel:"
"\"Combine \"230\" summands in \"128\" denominator groups\"\n"
"From remote kernel:"
"\"Combine \"241\" summands in \"145\" denominator groups\"\n"
"From remote kernel:"
"\"Combine rational summands; leaves = \"93202\n"
"From remote kernel:"
"\"Combine rational summands; leaves = \"80865\n"
MONITOR_HEARTBEAT elapsed=122s rss=2021.3MiB peak=2021.3MiB
"From remote kernel:"
"\"Saved coefficient \"1\"/\"18\"; zero = \"True\n"
"From remote kernel:"
"\"Reduce coefficient \"2\"/\"18\"; leaves = \"40347\n"
"From remote kernel:"
"\"Factor \"52\" rational summands\"\n"
"From remote kernel:"
"\"Combine \"52\" summands in \"42\" denominator groups\"\n"
"From remote kernel:"
"\"Combine rational summands; leaves = \"18604\n"
"From remote kernel:"
"\"Saved coefficient \"2\"/\"18\"; zero = \"True\n"
"From remote kernel:"
"\"Reduce coefficient \"3\"/\"18\"; leaves = \"23576\n"
"From remote kernel:"
"\"Factor \"42\" rational summands\"\n"
"From remote kernel:"
"\"Combine \"42\" summands in \"34\" denominator groups\"\n"
"From remote kernel:"
"\"Combine rational summands; leaves = \"13684\n"
"From remote kernel:"
"\"Saved coefficient \"3\"/\"18\"; zero = \"True\n"
"From remote kernel:"
"\"Reduce coefficient \"4\"/\"18\"; leaves = \"22785\n"
"From remote kernel:"
"\"Factor \"36\" rational summands\"\n"
"From remote kernel:"
"\"Combine \"36\" summands in \"31\" denominator groups\"\n"
"From remote kernel:"
"\"Combine rational summands; leaves = \"13459\n"
"From remote kernel:"
"\"Saved coefficient \"4\"/\"18\"; zero = \"True\n"
"From remote kernel:"
"\"Reduce coefficient \"5\"/\"18\"; leaves = \"22785\n"
"From remote kernel:"
"\"Saved coefficient \"5\"/\"18\"; zero = \"True\n"
"From remote kernel:"
"\"Reduce coefficient \"6\"/\"18\"; leaves = \"22584\n"
"From remote kernel:"
"\"Factor \"29\" rational summands\"\n"
"From remote kernel:"
"\"Combine \"29\" summands in \"26\" denominator groups\"\n"
"From remote kernel:"
"\"Combine rational summands; leaves = \"12347\n"
"From remote kernel:"
"\"Saved coefficient \"1\"/\"18\"; zero = \"True\n"
"From remote kernel:"
"\"Reduce coefficient \"2\"/\"18\"; leaves = \"44978\n"
"From remote kernel:"
"\"Factor \"65\" rational summands\"\n"
"From remote kernel:"
"\"Saved coefficient \"6\"/\"18\"; zero = \"True\n"
"From remote kernel:"
"\"Reduce coefficient \"7\"/\"18\"; leaves = \"36310\n"
"From remote kernel:"
"\"Factor \"44\" rational summands\"\n"
"From remote kernel:"
"\"Combine \"44\" summands in \"34\" denominator groups\"\n"
"From remote kernel:"
"\"Combine \"65\" summands in \"41\" denominator groups\"\n"
"From remote kernel:"
"\"Combine rational summands; leaves = \"16823\n"
"From remote kernel:"
"\"Combine rational summands; leaves = \"29660\n"
"From remote kernel:"
"\"Saved coefficient \"7\"/\"18\"; zero = \"True\n"
"From remote kernel:"
"\"Reduce coefficient \"8\"/\"18\"; leaves = \"519\n"
"From remote kernel:"
"\"Factor \"7\" rational summands\"\n"
"From remote kernel:"
"\"Combine \"7\" summands in \"3\" denominator groups\"\n"
"From remote kernel:"
"\"Combine rational summands; leaves = \"261\n"
"From remote kernel:"
"\"Saved coefficient \"8\"/\"18\"; zero = \"True\n"
"From remote kernel:"
"\"Reduce coefficient \"9\"/\"18\"; leaves = \"1674\n"
"From remote kernel:"
"\"Factor \"7\" rational summands\"\n"
"From remote kernel:"
"\"Combine \"7\" summands in \"5\" denominator groups\"\n"
"From remote kernel:"
"\"Combine rational summands; leaves = \"1484\n"
"From remote kernel:"
"\"Saved coefficient \"9\"/\"18\"; zero = \"True\n"
"From remote kernel:"
"\"Reduce coefficient \"10\"/\"18\"; leaves = \"2241\n"
"From remote kernel:"
"\"Factor \"9\" rational summands\"\n"
"From remote kernel:"
"\"Combine \"9\" summands in \"7\" denominator groups\"\n"
"From remote kernel:"
"\"Combine rational summands; leaves = \"2396\n"
"From remote kernel:"
"\"Saved coefficient \"10\"/\"18\"; zero = \"True\n"
"From remote kernel:"
"\"Reduce coefficient \"11\"/\"18\"; leaves = \"32570\n"
"From remote kernel:"
"\"Factor \"56\" rational summands\"\n"
"From remote kernel:"
"\"Saved coefficient \"2\"/\"18\"; zero = \"True\n"
"From remote kernel:"
"\"Reduce coefficient \"3\"/\"18\"; leaves = \"26423\n"
"From remote kernel:"
"\"Factor \"53\" rational summands\"\n"
"From remote kernel:"
"\"Combine \"56\" summands in \"44\" denominator groups\"\n"
"From remote kernel:"
"\"Combine rational summands; leaves = \"32475\n"
"From remote kernel:"
"\"Combine \"53\" summands in \"36\" denominator groups\"\n"
"From remote kernel:"
"\"Combine rational summands; leaves = \"22116\n"
"From remote kernel:"
"\"Normalize \"0\" phase functions\"\n"
"From remote kernel:"
"\"Saved coefficient \"11\"/\"18\"; zero = \"True\n"
"From remote kernel:"
"\"Reduce coefficient \"12\"/\"18\"; leaves = \"32570\n"
"From remote kernel:"
"\"Factor \"56\" rational summands\"\n"
"From remote kernel:"
"\"Saved coefficient \"3\"/\"18\"; zero = \"True\n"
"From remote kernel:"
"\"Reduce coefficient \"4\"/\"18\"; leaves = \"25138\n"
"From remote kernel:"
"\"Factor \"47\" rational summands\"\n"
"From remote kernel:"
"\"Combine \"47\" summands in \"36\" denominator groups\"\n"
"From remote kernel:"
"\"Combine \"56\" summands in \"44\" denominator groups\"\n"
"From remote kernel:"
"\"Combine rational summands; leaves = \"21732\n"
"From remote kernel:"
"\"Combine rational summands; leaves = \"32475\n"
"From remote kernel:"
"\"Factored formal input leaves = \"368919\n"
"From remote kernel:"
"\"Saved coefficient \"4\"/\"18\"; zero = \"True\n"
"From remote kernel:"
"\"Reduce coefficient \"5\"/\"18\"; leaves = \"25138\n"
"From remote kernel:"
"\"Saved coefficient \"5\"/\"18\"; zero = \"True\n"
"From remote kernel:"
"\"Reduce coefficient \"6\"/\"18\"; leaves = \"24832\n"
"From remote kernel:"
"\"Factor \"41\" rational summands\"\n"
"From remote kernel:"
"\"Saved coefficient \"12\"/\"18\"; zero = \"True\n"
"From remote kernel:"
"\"Reduce coefficient \"13\"/\"18\"; leaves = \"3600\n"
"From remote kernel:"
"\"Factor \"11\" rational summands\"\n"
"From remote kernel:"
"\"Combine \"11\" summands in \"9\" denominator groups\"\n"
"From remote kernel:"
"\"Combine rational summands; leaves = \"1968\n"
"From remote kernel:"
"\"Saved coefficient \"13\"/\"18\"; zero = \"True\n"
"From remote kernel:"
"\"Reduce coefficient \"14\"/\"18\"; leaves = \"3893\n"
"From remote kernel:"
"\"Factor \"13\" rational summands\"\n"
"From remote kernel:"
"\"Combine \"13\" summands in \"11\" denominator groups\"\n"
"From remote kernel:"
"\"Combine \"41\" summands in \"30\" denominator groups\"\n"
"From remote kernel:"
"\"Combine rational summands; leaves = \"2880\n"
"From remote kernel:"
"\"Saved coefficient \"14\"/\"18\"; zero = \"True\n"
"From remote kernel:"
"\"Reduce coefficient \"15\"/\"18\"; leaves = \"700\n"
"From remote kernel:"
"\"Factor \"3\" rational summands\"\n"
"From remote kernel:"
"\"Combine \"3\" summands in \"3\" denominator groups\"\n"
"From remote kernel:"
"\"Combine rational summands; leaves = \"575\n"
"From remote kernel:"
"\"Combine rational summands; leaves = \"20655\n"
"From remote kernel:"
"\"Saved coefficient \"15\"/\"18\"; zero = \"True\n"
"From remote kernel:"
"\"Reduce coefficient \"16\"/\"18\"; leaves = \"700\n"
"From remote kernel:"
"\"Saved coefficient \"16\"/\"18\"; zero = \"True\n"
"From remote kernel:"
"\"Reduce coefficient \"17\"/\"18\"; leaves = \"740\n"
"From remote kernel:"
"\"Factor \"2\" rational summands\"\n"
"From remote kernel:"
"\"Combine \"2\" summands in \"1\" denominator groups\"\n"
"From remote kernel:"
"\"Combine rational summands; leaves = \"1\n"
"From remote kernel:"
"\"Saved coefficient \"17\"/\"18\"; zero = \"True\n"
"From remote kernel:"
"\"Reduce coefficient \"18\"/\"18\"; leaves = \"467\n"
"From remote kernel:"
"\"Factor \"2\" rational summands\"\n"
"From remote kernel:"
"\"Combine \"2\" summands in \"1\" denominator groups\"\n"
"From remote kernel:"
"\"Combine rational summands; leaves = \"1\n"
"From remote kernel:"
"\"Saved coefficient \"18\"/\"18\"; zero = \"True\n"
"From remote kernel:"
"\"2026-09-07T06:45:19\"\" \"{\"COMPARISON_FINISHED\", \"Hqq__Ppp_1_Regular\", True, True}\n"
"From remote kernel:"
"\"Reduce \"18\" algebraic coefficients\"\n"
"From remote kernel:"
"\"Reduce coefficient \"1\"/\"18\"; leaves = \"97556\n"
"From remote kernel:"
"\"2026-09-07T06:45:20\"\" \"{\"COMPARE\", \"Hqg__F1_-1_Delta\"}\n"
"From remote kernel:"
"\"Factor \"230\" rational summands\"\n"
"From remote kernel:"
"\"Saved coefficient \"6\"/\"18\"; zero = \"True\n"
"From remote kernel:"
"\"Reduce coefficient \"7\"/\"18\"; leaves = \"41541\n"
"From remote kernel:"
"\"Factor \"59\" rational summands\"\n"
"From remote kernel:"
"\"Factored summand \"100\"/\"230\n"
"From remote kernel:"
"\"Normalize \"0\" radicals\"\n"
"From remote kernel:"
"\"Normalize \"50\" distinct functions\"\n"
"From remote kernel:"
"\"Normalized function \"10\"/\"50\n"
"From remote kernel:"
"\"Normalized function \"20\"/\"50\n"
"From remote kernel:"
"\"Normalized function \"30\"/\"50\n"
"From remote kernel:"
"\"Combine \"59\" summands in \"42\" denominator groups\"\n"
"From remote kernel:"
"\"Normalized function \"40\"/\"50\n"
"From remote kernel:"
"\"Combine rational summands; leaves = \"33585\n"
"From remote kernel:"
"\"Factored summand \"200\"/\"230\n"
"From remote kernel:"
"\"Normalized function \"50\"/\"50\n"
"From remote kernel:"
"\"Normalize \"0\" phase functions\"\n"
"From remote kernel:"
"\"Factored formal input leaves = \"155026\n"
MONITOR_HEARTBEAT elapsed=153s rss=1997.6MiB peak=2086.3MiB
"From remote kernel:"
"\"Saved coefficient \"7\"/\"18\"; zero = \"True\n"
"From remote kernel:"
"\"Reduce coefficient \"8\"/\"18\"; leaves = \"973\n"
"From remote kernel:"
"\"Factor \"10\" rational summands\"\n"
"From remote kernel:"
"\"Combine \"10\" summands in \"3\" denominator groups\"\n"
"From remote kernel:"
"\"Combine rational summands; leaves = \"569\n"
"From remote kernel:"
"\"Saved coefficient \"8\"/\"18\"; zero = \"True\n"
"From remote kernel:"
"\"Reduce coefficient \"9\"/\"18\"; leaves = \"2701\n"
"From remote kernel:"
"\"Factor \"12\" rational summands\"\n"
"From remote kernel:"
"\"Combine \"12\" summands in \"7\" denominator groups\"\n"
"From remote kernel:"
"\"Combine rational summands; leaves = \"2611\n"
"From remote kernel:"
"\"Saved coefficient \"9\"/\"18\"; zero = \"True\n"
"From remote kernel:"
"\"Reduce coefficient \"10\"/\"18\"; leaves = \"2822\n"
"From remote kernel:"
"\"Factor \"12\" rational summands\"\n"
"From remote kernel:"
"\"Combine \"12\" summands in \"7\" denominator groups\"\n"
"From remote kernel:"
"\"Combine rational summands; leaves = \"3338\n"
"From remote kernel:"
"\"Saved coefficient \"10\"/\"18\"; zero = \"True\n"
"From remote kernel:"
"\"Reduce coefficient \"11\"/\"18\"; leaves = \"20897\n"
"From remote kernel:"
"\"Factor \"44\" rational summands\"\n"
"From remote kernel:"
"\"Reduce \"52\" algebraic coefficients\"\n"
"From remote kernel:"
"\"Reduce coefficient \"1\"/\"52\"; leaves = \"27120\n"
"From remote kernel:"
"\"Factor \"406\" rational summands\"\n"
"From remote kernel:"
"\"Combine \"44\" summands in \"33\" denominator groups\"\n"
"From remote kernel:"
"\"Factored summand \"100\"/\"406\n"
"From remote kernel:"
"\"Combine rational summands; leaves = \"14750\n"
"From remote kernel:"
"\"Factored summand \"200\"/\"406\n"
"From remote kernel:"
"\"Factored summand \"300\"/\"406\n"
"From remote kernel:"
"\"Factored summand \"400\"/\"406\n"
"From remote kernel:"
"\"Combine \"406\" summands in \"128\" denominator groups\"\n"
"From remote kernel:"
"\"Saved coefficient \"11\"/\"18\"; zero = \"True\n"
"From remote kernel:"
"\"Reduce coefficient \"12\"/\"18\"; leaves = \"20897\n"
"From remote kernel:"
"\"Factor \"44\" rational summands\"\n"
"From remote kernel:"
"\"Combine rational summands; leaves = \"16660\n"
"From remote kernel:"
"\"Combine \"44\" summands in \"33\" denominator groups\"\n"
"From remote kernel:"
"\"Saved coefficient \"1\"/\"52\"; zero = \"True\n"
"From remote kernel:"
"\"Reduce coefficient \"2\"/\"52\"; leaves = \"9525\n"
"From remote kernel:"
"\"Factor \"161\" rational summands\"\n"
"From remote kernel:"
"\"Combine rational summands; leaves = \"14750\n"
"From remote kernel:"
"\"Factored summand \"100\"/\"161\n"
"From remote kernel:"
"\"Combine \"161\" summands in \"56\" denominator groups\"\n"
"From remote kernel:"
"\"Combine rational summands; leaves = \"6222\n"
"From remote kernel:"
"\"Saved coefficient \"2\"/\"52\"; zero = \"True\n"
"From remote kernel:"
"\"Reduce coefficient \"3\"/\"52\"; leaves = \"1360\n"
"From remote kernel:"
"\"Factor \"22\" rational summands\"\n"
"From remote kernel:"
"\"Combine \"22\" summands in \"12\" denominator groups\"\n"
"From remote kernel:"
"\"Combine rational summands; leaves = \"715\n"
"From remote kernel:"
"\"Saved coefficient \"12\"/\"18\"; zero = \"True\n"
"From remote kernel:"
"\"Saved coefficient \"3\"/\"52\"; zero = \"True\n"
"From remote kernel:"
"\"Reduce coefficient \"13\"/\"18\"; leaves = \"5742\n"
"From remote kernel:"
"\"Reduce coefficient \"4\"/\"52\"; leaves = \"9878\n"
"From remote kernel:"
"\"Factor \"13\" rational summands\"\n"
"From remote kernel:"
"\"Factor \"160\" rational summands\"\n"
"From remote kernel:"
"\"Combine \"13\" summands in \"10\" denominator groups\"\n"
"From remote kernel:"
"\"Factored summand \"100\"/\"160\n"
"From remote kernel:"
"\"Combine rational summands; leaves = \"3834\n"
"From remote kernel:"
"\"Saved coefficient \"13\"/\"18\"; zero = \"True\n"
"From remote kernel:"
"\"Reduce coefficient \"14\"/\"18\"; leaves = \"5869\n"
"From remote kernel:"
"\"Combine \"160\" summands in \"47\" denominator groups\"\n"
"From remote kernel:"
"\"Factor \"13\" rational summands\"\n"
"From remote kernel:"
"\"Combine \"13\" summands in \"10\" denominator groups\"\n"
"From remote kernel:"
"\"Combine \"230\" summands in \"136\" denominator groups\"\n"
"From remote kernel:"
"\"Combine rational summands; leaves = \"4561\n"
"From remote kernel:"
"\"Combine rational summands; leaves = \"6357\n"
"From remote kernel:"
"\"Saved coefficient \"14\"/\"18\"; zero = \"True\n"
"From remote kernel:"
"\"Saved coefficient \"4\"/\"52\"; zero = \"True\n"
"From remote kernel:"
"\"Reduce coefficient \"15\"/\"18\"; leaves = \"1519\n"
"From remote kernel:"
"\"Reduce coefficient \"5\"/\"52\"; leaves = \"2458\n"
"From remote kernel:"
"\"Factor \"3\" rational summands\"\n"
"From remote kernel:"
"\"Factor \"49\" rational summands\"\n"
"From remote kernel:"
"\"Combine \"3\" summands in \"3\" denominator groups\"\n"
"From remote kernel:"
"\"Combine rational summands; leaves = \"1476\n"
"From remote kernel:"
"\"Saved coefficient \"15\"/\"18\"; zero = \"True\n"
"From remote kernel:"
"\"Combine \"49\" summands in \"23\" denominator groups\"\n"
"From remote kernel:"
"\"Reduce coefficient \"16\"/\"18\"; leaves = \"1519\n"
"From remote kernel:"
"\"Saved coefficient \"16\"/\"18\"; zero = \"True\n"
"From remote kernel:"
"\"Reduce coefficient \"17\"/\"18\"; leaves = \"735\n"
"From remote kernel:"
"\"Factor \"2\" rational summands\"\n"
"From remote kernel:"
"\"Combine rational summands; leaves = \"1597\n"
"From remote kernel:"
"\"Combine \"2\" summands in \"1\" denominator groups\"\n"
"From remote kernel:"
"\"Combine rational summands; leaves = \"1\n"
"From remote kernel:"
"\"Saved coefficient \"17\"/\"18\"; zero = \"True\n"
"From remote kernel:"
"\"Reduce coefficient \"18\"/\"18\"; leaves = \"741\n"
"From remote kernel:"
"\"Saved coefficient \"5\"/\"52\"; zero = \"True\n"
"From remote kernel:"
"\"Factor \"2\" rational summands\"\n"
"From remote kernel:"
"\"Reduce coefficient \"6\"/\"52\"; leaves = \"2544\n"
"From remote kernel:"
"\"Combine \"2\" summands in \"1\" denominator groups\"\n"
"From remote kernel:"
"\"Factor \"43\" rational summands\"\n"
"From remote kernel:"
"\"Combine rational summands; leaves = \"1\n"
"From remote kernel:"
"\"Saved coefficient \"18\"/\"18\"; zero = \"True\n"
"From remote kernel:"
"\"Combine \"43\" summands in \"18\" denominator groups\"\n"
"From remote kernel:"
"\"Combine rational summands; leaves = \"1676\n"
"From remote kernel:"
"\"Saved coefficient \"6\"/\"52\"; zero = \"True\n"
"From remote kernel:"
"\"Reduce coefficient \"7\"/\"52\"; leaves = \"10260\n"
"From remote kernel:"
"\"Factor \"165\" rational summands\"\n"
"From remote kernel:"
"\"2026-09-07T06:45:27\"\" \"{\"COMPARISON_FINISHED\", \"Hqq__Pg_1_Regular\", True, True}\n"
"From remote kernel:"
"\"2026-09-07T06:45:27\"\" \"{\"COMPARE\", \"Hqg__F1_1_Delta\"}\n"
"From remote kernel:"
"\"Factored summand \"100\"/\"165\n"
"From remote kernel:"
"\"Combine \"165\" summands in \"53\" denominator groups\"\n"
"From remote kernel:"
"\"Combine rational summands; leaves = \"6636\n"
"From remote kernel:"
"\"Saved coefficient \"7\"/\"52\"; zero = \"True\n"
"From remote kernel:"
"\"Reduce coefficient \"8\"/\"52\"; leaves = \"2597\n"
"From remote kernel:"
"\"Factor \"52\" rational summands\"\n"
"From remote kernel:"
"\"Combine \"52\" summands in \"24\" denominator groups\"\n"
"From remote kernel:"
"\"Combine rational summands; leaves = \"1700\n"
"From remote kernel:"
"\"Combine rational summands; leaves = \"93481\n"
"From remote kernel:"
"\"Saved coefficient \"8\"/\"52\"; zero = \"True\n"
"From remote kernel:"
"\"Reduce coefficient \"9\"/\"52\"; leaves = \"2676\n"
"From remote kernel:"
"\"Factor \"46\" rational summands\"\n"
"From remote kernel:"
"\"Combine \"46\" summands in \"18\" denominator groups\"\n"
"From remote kernel:"
"\"Combine rational summands; leaves = \"1780\n"
"From remote kernel:"
"\"Normalize \"0\" radicals\"\n"
"From remote kernel:"
"\"Normalize \"54\" distinct functions\"\n"
"From remote kernel:"
"\"Saved coefficient \"9\"/\"52\"; zero = \"True\n"
"From remote kernel:"
"\"Reduce coefficient \"10\"/\"52\"; leaves = \"2723\n"
"From remote kernel:"
"\"Factor \"47\" rational summands\"\n"
"From remote kernel:"
"\"Combine \"47\" summands in \"20\" denominator groups\"\n"
"From remote kernel:"
"\"Normalized function \"10\"/\"54\n"
"From remote kernel:"
"\"Combine rational summands; leaves = \"1790\n"
"From remote kernel:"
"\"Saved coefficient \"10\"/\"52\"; zero = \"True\n"
"From remote kernel:"
"\"Reduce coefficient \"11\"/\"52\"; leaves = \"7357\n"
"From remote kernel:"
"\"Factor \"78\" rational summands\"\n"
"From remote kernel:"
"\"Normalized function \"20\"/\"54\n"
"From remote kernel:"
"\"Combine \"78\" summands in \"33\" denominator groups\"\n"
"From remote kernel:"
"\"Combine rational summands; leaves = \"4394\n"
"From remote kernel:"
"\"Normalized function \"30\"/\"54\n"
"From remote kernel:"
"\"Saved coefficient \"11\"/\"52\"; zero = \"True\n"
"From remote kernel:"
"\"Reduce coefficient \"12\"/\"52\"; leaves = \"2771\n"
"From remote kernel:"
"\"Factor \"42\" rational summands\"\n"
"From remote kernel:"
"\"Combine \"42\" summands in \"28\" denominator groups\"\n"
"From remote kernel:"
"\"Combine rational summands; leaves = \"1650\n"
"From remote kernel:"
"\"Saved coefficient \"12\"/\"52\"; zero = \"True\n"
"From remote kernel:"
"\"Reduce coefficient \"13\"/\"52\"; leaves = \"2777\n"
"From remote kernel:"
"\"Factor \"42\" rational summands\"\n"
"From remote kernel:"
"\"Combine \"42\" summands in \"28\" denominator groups\"\n"
"From remote kernel:"
"\"Normalized function \"40\"/\"54\n"
"From remote kernel:"
"\"Combine rational summands; leaves = \"1650\n"
"From remote kernel:"
"\"Saved coefficient \"13\"/\"52\"; zero = \"True\n"
"From remote kernel:"
"\"Reduce coefficient \"14\"/\"52\"; leaves = \"2860\n"
"From remote kernel:"
"\"Factor \"44\" rational summands\"\n"
"From remote kernel:"
"\"Combine \"44\" summands in \"28\" denominator groups\"\n"
"From remote kernel:"
"\"Combine rational summands; leaves = \"1598\n"
"From remote kernel:"
"\"Saved coefficient \"14\"/\"52\"; zero = \"True\n"
"From remote kernel:"
"\"Reduce coefficient \"15\"/\"52\"; leaves = \"4395\n"
"From remote kernel:"
"\"Factor \"69\" rational summands\"\n"
"From remote kernel:"
"\"Normalized function \"50\"/\"54\n"
"From remote kernel:"
"\"Combine \"69\" summands in \"36\" denominator groups\"\n"
"From remote kernel:"
"\"Combine rational summands; leaves = \"2599\n"
"From remote kernel:"
"\"Saved coefficient \"15\"/\"52\"; zero = \"False\n"
"From remote kernel:"
"\"Reduce coefficient \"16\"/\"52\"; leaves = \"6208\n"
"From remote kernel:"
"\"Factor \"90\" rational summands\"\n"
"From remote kernel:"
"\"Normalize \"2\" phase functions\"\n"
"From remote kernel:"
"\"Combine \"90\" summands in \"38\" denominator groups\"\n"
"From remote kernel:"
"\"Combine rational summands; leaves = \"3526\n"
"From remote kernel:"
"\"Saved coefficient \"16\"/\"52\"; zero = \"True\n"
"From remote kernel:"
"\"Reduce coefficient \"17\"/\"52\"; leaves = \"2631\n"
"From remote kernel:"
"\"Factor \"40\" rational summands\"\n"
"From remote kernel:"
"\"Combine \"40\" summands in \"28\" denominator groups\"\n"
"From remote kernel:"
"\"Combine rational summands; leaves = \"1299\n"
"From remote kernel:"
"\"Saved coefficient \"17\"/\"52\"; zero = \"True\n"
"From remote kernel:"
"\"Reduce coefficient \"18\"/\"52\"; leaves = \"2881\n"
"From remote kernel:"
"\"Factor \"48\" rational summands\"\n"
"From remote kernel:"
"\"Combine \"48\" summands in \"32\" denominator groups\"\n"
"From remote kernel:"
"\"Combine rational summands; leaves = \"1556\n"
"From remote kernel:"
"\"Normalize \"0\" phase functions\"\n"
"From remote kernel:"
"\"Saved coefficient \"18\"/\"52\"; zero = \"True\n"
"From remote kernel:"
"\"Reduce coefficient \"19\"/\"52\"; leaves = \"2922\n"
"From remote kernel:"
"\"Factor \"49\" rational summands\"\n"
"From remote kernel:"
"\"Combine \"49\" summands in \"32\" denominator groups\"\n"
"From remote kernel:"
"\"Combine rational summands; leaves = \"1542\n"
"From remote kernel:"
"\"Saved coefficient \"19\"/\"52\"; zero = \"True\n"
"From remote kernel:"
"\"Reduce coefficient \"20\"/\"52\"; leaves = \"4113\n"
"From remote kernel:"
"\"Factor \"64\" rational summands\"\n"
"From remote kernel:"
"\"Combine \"64\" summands in \"34\" denominator groups\"\n"
"From remote kernel:"
"\"Factored formal input leaves = \"136503\n"
"From remote kernel:"
"\"Combine rational summands; leaves = \"2363\n"
"From remote kernel:"
"\"Saved coefficient \"20\"/\"52\"; zero = \"True\n"
"From remote kernel:"
"\"Reduce coefficient \"21\"/\"52\"; leaves = \"3656\n"
"From remote kernel:"
"\"Factor \"59\" rational summands\"\n"
"From remote kernel:"
"\"Combine \"59\" summands in \"36\" denominator groups\"\n"
"From remote kernel:"
"\"Combine rational summands; leaves = \"2263\n"
"From remote kernel:"
"\"Saved coefficient \"21\"/\"52\"; zero = \"True\n"
"From remote kernel:"
"\"Reduce coefficient \"22\"/\"52\"; leaves = \"2077\n"
"From remote kernel:"
"\"Factor \"46\" rational summands\"\n"
"From remote kernel:"
"\"Combine \"46\" summands in \"17\" denominator groups\"\n"
"From remote kernel:"
"\"Combine rational summands; leaves = \"1745\n"
"From remote kernel:"
"\"Saved coefficient \"22\"/\"52\"; zero = \"True\n"
"From remote kernel:"
"\"Reduce coefficient \"23\"/\"52\"; leaves = \"429\n"
"From remote kernel:"
"\"Factor \"9\" rational summands\"\n"
"From remote kernel:"
"\"Combine \"9\" summands in \"4\" denominator groups\"\n"
"From remote kernel:"
"\"Combine rational summands; leaves = \"246\n"
"From remote kernel:"
"\"Saved coefficient \"23\"/\"52\"; zero = \"True\n"
"From remote kernel:"
"\"Reduce coefficient \"24\"/\"52\"; leaves = \"906\n"
"From remote kernel:"
"\"Factor \"24\" rational summands\"\n"
"From remote kernel:"
"\"Combine \"24\" summands in \"10\" denominator groups\"\n"
"From remote kernel:"
"\"Combine rational summands; leaves = \"695\n"
"From remote kernel:"
"\"Saved coefficient \"24\"/\"52\"; zero = \"True\n"
"From remote kernel:"
"\"Reduce coefficient \"25\"/\"52\"; leaves = \"906\n"
"From remote kernel:"
"\"Factor \"24\" rational summands\"\n"
"From remote kernel:"
"\"Combine \"24\" summands in \"10\" denominator groups\"\n"
"From remote kernel:"
"\"Combine rational summands; leaves = \"695\n"
"From remote kernel:"
"\"Saved coefficient \"25\"/\"52\"; zero = \"True\n"
"From remote kernel:"
"\"Reduce coefficient \"26\"/\"52\"; leaves = \"161\n"
"From remote kernel:"
"\"Factor \"4\" rational summands\"\n"
"From remote kernel:"
"\"Combine \"4\" summands in \"2\" denominator groups\"\n"
"From remote kernel:"
"\"Combine rational summands; leaves = \"1\n"
"From remote kernel:"
"\"Saved coefficient \"26\"/\"52\"; zero = \"True\n"
"From remote kernel:"
"\"Reduce coefficient \"27\"/\"52\"; leaves = \"492\n"
"From remote kernel:"
"\"Factor \"10\" rational summands\"\n"
"From remote kernel:"
"\"Combine \"10\" summands in \"4\" denominator groups\"\n"
"From remote kernel:"
"\"Combine rational summands; leaves = \"279\n"
"From remote kernel:"
"\"Reduce \"52\" algebraic coefficients\"\n"
"From remote kernel:"
"\"Saved coefficient \"27\"/\"52\"; zero = \"True\n"
"From remote kernel:"
"\"Reduce coefficient \"1\"/\"52\"; leaves = \"24360\n"
"From remote kernel:"
"\"Reduce coefficient \"28\"/\"52\"; leaves = \"7150\n"
"From remote kernel:"
"\"Factor \"113\" rational summands\"\n"
"From remote kernel:"
"\"Factor \"414\" rational summands\"\n"
"From remote kernel:"
"\"Factored summand \"100\"/\"113\n"
"From remote kernel:"
"\"Combine \"113\" summands in \"48\" denominator groups\"\n"
"From remote kernel:"
"\"Factored summand \"100\"/\"414\n"
"From remote kernel:"
"\"Combine rational summands; leaves = \"4203\n"
"From remote kernel:"
"\"Saved coefficient \"28\"/\"52\"; zero = \"True\n"
"From remote kernel:"
"\"Reduce coefficient \"29\"/\"52\"; leaves = \"1359\n"
"From remote kernel:"
"\"Factored summand \"200\"/\"414\n"
"From remote kernel:"
"\"Factor \"22\" rational summands\"\n"
"From remote kernel:"
"\"Combine \"22\" summands in \"12\" denominator groups\"\n"
"From remote kernel:"
"\"Combine rational summands; leaves = \"714\n"
"From remote kernel:"
"\"Saved coefficient \"29\"/\"52\"; zero = \"True\n"
"From remote kernel:"
"\"Reduce coefficient \"30\"/\"52\"; leaves = \"1604\n"
"From remote kernel:"
"\"Factor \"28\" rational summands\"\n"
"From remote kernel:"
"\"Combine \"28\" summands in \"15\" denominator groups\"\n"
"From remote kernel:"
"\"Combine rational summands; leaves = \"835\n"
"From remote kernel:"
"\"Saved coefficient \"30\"/\"52\"; zero = \"True\n"
"From remote kernel:"
"\"Reduce coefficient \"31\"/\"52\"; leaves = \"1711\n"
"From remote kernel:"
"\"Factor \"30\" rational summands\"\n"
"From remote kernel:"
"\"Factored summand \"300\"/\"414\n"
"From remote kernel:"
"\"Combine \"30\" summands in \"15\" denominator groups\"\n"
"From remote kernel:"
"\"Combine rational summands; leaves = \"944\n"
"From remote kernel:"
"\"Saved coefficient \"31\"/\"52\"; zero = \"True\n"
"From remote kernel:"
"\"Reduce coefficient \"32\"/\"52\"; leaves = \"2233\n"
"From remote kernel:"
"\"Factor \"32\" rational summands\"\n"
"From remote kernel:"
"\"Combine \"32\" summands in \"27\" denominator groups\"\n"
"From remote kernel:"
"\"Combine rational summands; leaves = \"1325\n"
"From remote kernel:"
"\"Factored summand \"400\"/\"414\n"
"From remote kernel:"
"\"Saved coefficient \"32\"/\"52\"; zero = \"True\n"
"From remote kernel:"
"\"Reduce coefficient \"33\"/\"52\"; leaves = \"2373\n"
"From remote kernel:"
"\"Factor \"35\" rational summands\"\n"
"From remote kernel:"
"\"Combine \"414\" summands in \"126\" denominator groups\"\n"
"From remote kernel:"
"\"Combine \"35\" summands in \"28\" denominator groups\"\n"
"From remote kernel:"
"\"Combine rational summands; leaves = \"1326\n"
"From remote kernel:"
"\"Saved coefficient \"33\"/\"52\"; zero = \"True\n"
"From remote kernel:"
"\"Reduce coefficient \"34\"/\"52\"; leaves = \"161\n"
"From remote kernel:"
"\"Factor \"4\" rational summands\"\n"
"From remote kernel:"
"\"Combine \"4\" summands in \"2\" denominator groups\"\n"
"From remote kernel:"
"\"Combine rational summands; leaves = \"1\n"
"From remote kernel:"
"\"Saved coefficient \"34\"/\"52\"; zero = \"True\n"
"From remote kernel:"
"\"Reduce coefficient \"35\"/\"52\"; leaves = \"1366\n"
"From remote kernel:"
"\"Factor \"22\" rational summands\"\n"
"From remote kernel:"
"\"Combine \"22\" summands in \"14\" denominator groups\"\n"
"From remote kernel:"
"\"Combine rational summands; leaves = \"725\n"
"From remote kernel:"
"\"Saved coefficient \"35\"/\"52\"; zero = \"True\n"
"From remote kernel:"
"\"Reduce coefficient \"36\"/\"52\"; leaves = \"2266\n"
"From remote kernel:"
"\"Factor \"44\" rational summands\"\n"
"From remote kernel:"
"\"Combine \"44\" summands in \"15\" denominator groups\"\n"
"From remote kernel:"
"\"Combine rational summands; leaves = \"1911\n"
"From remote kernel:"
"\"Saved coefficient \"36\"/\"52\"; zero = \"True\n"
"From remote kernel:"
"\"Reduce coefficient \"37\"/\"52\"; leaves = \"415\n"
"From remote kernel:"
"\"Factor \"9\" rational summands\"\n"
"From remote kernel:"
"\"Combine \"9\" summands in \"5\" denominator groups\"\n"
"From remote kernel:"
"\"Combine rational summands; leaves = \"243\n"
"From remote kernel:"
"\"Saved coefficient \"37\"/\"52\"; zero = \"True\n"
"From remote kernel:"
"\"Reduce coefficient \"38\"/\"52\"; leaves = \"872\n"
"From remote kernel:"
"\"Factor \"18\" rational summands\"\n"
"From remote kernel:"
"\"Combine \"18\" summands in \"9\" denominator groups\"\n"
"From remote kernel:"
"\"Combine rational summands; leaves = \"621\n"
"From remote kernel:"
"\"Combine rational summands; leaves = \"16498\n"
"From remote kernel:"
"\"Saved coefficient \"38\"/\"52\"; zero = \"True\n"
"From remote kernel:"
"\"Reduce coefficient \"39\"/\"52\"; leaves = \"872\n"
"From remote kernel:"
"\"Factor \"18\" rational summands\"\n"
"From remote kernel:"
"\"Combine \"18\" summands in \"9\" denominator groups\"\n"
"From remote kernel:"
"\"Combine rational summands; leaves = \"621\n"
"From remote kernel:"
"\"Saved coefficient \"39\"/\"52\"; zero = \"True\n"
"From remote kernel:"
"\"Reduce coefficient \"40\"/\"52\"; leaves = \"186\n"
"From remote kernel:"
"\"Factor \"4\" rational summands\"\n"
"From remote kernel:"
"\"Combine \"4\" summands in \"3\" denominator groups\"\n"
"From remote kernel:"
"\"Combine rational summands; leaves = \"158\n"
"From remote kernel:"
"\"Saved coefficient \"40\"/\"52\"; zero = \"False\n"
"From remote kernel:"
"\"Reduce coefficient \"41\"/\"52\"; leaves = \"283\n"
"From remote kernel:"
"\"Factor \"7\" rational summands\"\n"
"From remote kernel:"
"\"Combine \"7\" summands in \"4\" denominator groups\"\n"
"From remote kernel:"
"\"Factored formal input leaves = \"374495\n"
"From remote kernel:"
"\"Combine rational summands; leaves = \"135\n"
"From remote kernel:"
"\"Saved coefficient \"41\"/\"52\"; zero = \"True\n"
"From remote kernel:"
"\"Reduce coefficient \"42\"/\"52\"; leaves = \"318\n"
"From remote kernel:"
"\"Factor \"9\" rational summands\"\n"
"From remote kernel:"
"\"Combine \"9\" summands in \"6\" denominator groups\"\n"
"From remote kernel:"
"\"Combine rational summands; leaves = \"154\n"
"From remote kernel:"
"\"Saved coefficient \"42\"/\"52\"; zero = \"True\n"
"From remote kernel:"
"\"Reduce coefficient \"43\"/\"52\"; leaves = \"161\n"
"From remote kernel:"
"\"Saved coefficient \"43\"/\"52\"; zero = \"True\n"
"From remote kernel:"
"\"Reduce coefficient \"44\"/\"52\"; leaves = \"604\n"
"From remote kernel:"
"\"Factor \"15\" rational summands\"\n"
"From remote kernel:"
"\"Saved coefficient \"1\"/\"52\"; zero = \"True\n"
"From remote kernel:"
"\"Combine \"15\" summands in \"11\" denominator groups\"\n"
"From remote kernel:"
"\"Reduce coefficient \"2\"/\"52\"; leaves = \"8564\n"
"From remote kernel:"
"\"Combine rational summands; leaves = \"420\n"
"From remote kernel:"
"\"Factor \"166\" rational summands\"\n"
"From remote kernel:"
"\"Saved coefficient \"44\"/\"52\"; zero = \"False\n"
"From remote kernel:"
"\"Reduce coefficient \"45\"/\"52\"; leaves = \"3316\n"
"From remote kernel:"
"\"Factor \"52\" rational summands\"\n"
"From remote kernel:"
"\"Combine \"52\" summands in \"32\" denominator groups\"\n"
"From remote kernel:"
"\"Combine rational summands; leaves = \"2254\n"
"From remote kernel:"
"\"Factored summand \"100\"/\"166\n"
"From remote kernel:"
"\"Saved coefficient \"45\"/\"52\"; zero = \"True\n"
"From remote kernel:"
"\"Reduce coefficient \"46\"/\"52\"; leaves = \"115\n"
"From remote kernel:"
"\"Factor \"2\" rational summands\"\n"
"From remote kernel:"
"\"Combine \"2\" summands in \"2\" denominator groups\"\n"
"From remote kernel:"
"\"Combine rational summands; leaves = \"95\n"
"From remote kernel:"
"\"Saved coefficient \"46\"/\"52\"; zero = \"False\n"
"From remote kernel:"
"\"Reduce coefficient \"47\"/\"52\"; leaves = \"294\n"
"From remote kernel:"
"\"Factor \"6\" rational summands\"\n"
"From remote kernel:"
"\"Combine \"6\" summands in \"4\" denominator groups\"\n"
"From remote kernel:"
"\"Combine rational summands; leaves = \"244\n"
"From remote kernel:"
"\"Saved coefficient \"47\"/\"52\"; zero = \"True\n"
"From remote kernel:"
"\"Combine \"166\" summands in \"48\" denominator groups\"\n"
"From remote kernel:"
"\"Reduce coefficient \"48\"/\"52\"; leaves = \"294\n"
"From remote kernel:"
"\"Factor \"6\" rational summands\"\n"
"From remote kernel:"
"\"Combine \"6\" summands in \"4\" denominator groups\"\n"
"From remote kernel:"
"\"Combine rational summands; leaves = \"243\n"
"From remote kernel:"
"\"Saved coefficient \"48\"/\"52\"; zero = \"True\n"
"From remote kernel:"
"\"Reduce coefficient \"49\"/\"52\"; leaves = \"356\n"
"From remote kernel:"
"\"Factor \"6\" rational summands\"\n"
"From remote kernel:"
"\"Combine \"6\" summands in \"4\" denominator groups\"\n"
"From remote kernel:"
"\"Combine rational summands; leaves = \"244\n"
"From remote kernel:"
"\"Saved coefficient \"49\"/\"52\"; zero = \"True\n"
"From remote kernel:"
"\"Reduce coefficient \"50\"/\"52\"; leaves = \"887\n"
"From remote kernel:"
"\"Factor \"8\" rational summands\"\n"
"From remote kernel:"
"\"Combine \"8\" summands in \"4\" denominator groups\"\n"
"From remote kernel:"
"\"Combine rational summands; leaves = \"1\n"
"From remote kernel:"
"\"Saved coefficient \"50\"/\"52\"; zero = \"True\n"
"From remote kernel:"
"\"Combine rational summands; leaves = \"6202\n"
"From remote kernel:"
"\"Reduce coefficient \"51\"/\"52\"; leaves = \"893\n"
"From remote kernel:"
"\"Factor \"8\" rational summands\"\n"
"From remote kernel:"
"\"Combine \"8\" summands in \"4\" denominator groups\"\n"
"From remote kernel:"
"\"Combine rational summands; leaves = \"1\n"
"From remote kernel:"
"\"Saved coefficient \"51\"/\"52\"; zero = \"True\n"
"From remote kernel:"
"\"Reduce coefficient \"52\"/\"52\"; leaves = \"179\n"
"From remote kernel:"
"\"Factor \"2\" rational summands\"\n"
"From remote kernel:"
"\"Combine \"2\" summands in \"2\" denominator groups\"\n"
"From remote kernel:"
"\"Combine rational summands; leaves = \"95\n"
"From remote kernel:"
"\"Saved coefficient \"52\"/\"52\"; zero = \"False\n"
"From remote kernel:"
"\"Saved coefficient \"2\"/\"52\"; zero = \"True\n"
"From remote kernel:"
"\"Reduce coefficient \"3\"/\"52\"; leaves = \"1270\n"
"From remote kernel:"
"\"Factor \"26\" rational summands\"\n"
"From remote kernel:"
"\"Combine \"26\" summands in \"13\" denominator groups\"\n"
"From remote kernel:"
"\"Combine rational summands; leaves = \"819\n"
"From remote kernel:"
"\"Saved coefficient \"3\"/\"52\"; zero = \"True\n"
"From remote kernel:"
"\"Reduce coefficient \"4\"/\"52\"; leaves = \"8912\n"
"From remote kernel:"
"\"2026-09-07T06:45:33\"\" \"{\"COMPARISON_FINISHED\", \"Hqg__F1_-1_Delta\", True, False}\n"
"From remote kernel:"
"\"Factor \"166\" rational summands\"\n"
"From remote kernel:"
"\"2026-09-07T06:45:33\"\" \"{\"COMPARE\", \"Hqg__F1_-1_L0\"}\n"
"From remote kernel:"
"\"Normalize \"3\" radicals\"\n"
"From remote kernel:"
"\"Factored summand \"100\"/\"166\n"
"From remote kernel:"
"\"Normalize \"15\" distinct functions\"\n"
"From remote kernel:"
"\"Combine \"166\" summands in \"43\" denominator groups\"\n"
"From remote kernel:"
"\"Normalized function \"10\"/\"15\n"
"From remote kernel:"
"\"Normalize \"0\" phase functions\"\n"
"From remote kernel:"
"\"Factored formal input leaves = \"5853\n"
"From remote kernel:"
"\"Reduce \"9\" algebraic coefficients\"\n"
"From remote kernel:"
"\"Reduce coefficient \"1\"/\"9\"; leaves = \"1072\n"
"From remote kernel:"
"\"Combine rational summands; leaves = \"6350\n"
"From remote kernel:"
"\"Factor \"8\" rational summands\"\n"
"From remote kernel:"
"\"Combine \"8\" summands in \"4\" denominator groups\"\n"
"From remote kernel:"
"\"Combine rational summands; leaves = \"294\n"
"From remote kernel:"
"\"Saved coefficient \"1\"/\"9\"; zero = \"True\n"
"From remote kernel:"
"\"Reduce coefficient \"2\"/\"9\"; leaves = \"173\n"
"From remote kernel:"
"\"Factor \"3\" rational summands\"\n"
"From remote kernel:"
"\"Combine \"3\" summands in \"3\" denominator groups\"\n"
"From remote kernel:"
"\"Combine rational summands; leaves = \"159\n"
"From remote kernel:"
"\"Saved coefficient \"2\"/\"9\"; zero = \"True\n"
"From remote kernel:"
"\"Saved coefficient \"4\"/\"52\"; zero = \"True\n"
"From remote kernel:"
"\"Reduce coefficient \"3\"/\"9\"; leaves = \"1384\n"
"From remote kernel:"
"\"Reduce coefficient \"5\"/\"52\"; leaves = \"2230\n"
"From remote kernel:"
"\"Factor \"10\" rational summands\"\n"
"From remote kernel:"
"\"Factor \"52\" rational summands\"\n"
"From remote kernel:"
"\"Combine \"10\" summands in \"6\" denominator groups\"\n"
"From remote kernel:"
"\"Combine rational summands; leaves = \"449\n"
"From remote kernel:"
"\"Reduce \"18\" algebraic coefficients\"\n"
"From remote kernel:"
"\"Saved coefficient \"3\"/\"9\"; zero = \"True\n"
"From remote kernel:"
"\"Reduce coefficient \"1\"/\"18\"; leaves = \"107274\n"
"From remote kernel:"
"\"Reduce coefficient \"4\"/\"9\"; leaves = \"617\n"
"From remote kernel:"
"\"Combine \"52\" summands in \"21\" denominator groups\"\n"
"From remote kernel:"
"\"Factor \"6\" rational summands\"\n"
"From remote kernel:"
"\"Combine \"6\" summands in \"2\" denominator groups\"\n"
"From remote kernel:"
"\"Combine rational summands; leaves = \"1\n"
"From remote kernel:"
"\"Saved coefficient \"4\"/\"9\"; zero = \"True\n"
"From remote kernel:"
"\"Combine rational summands; leaves = \"1646\n"
"From remote kernel:"
"\"Reduce coefficient \"5\"/\"9\"; leaves = \"435\n"
"From remote kernel:"
"\"Factor \"4\" rational summands\"\n"
"From remote kernel:"
"\"Combine \"4\" summands in \"2\" denominator groups\"\n"
"From remote kernel:"
"\"Combine rational summands; leaves = \"1\n"
"From remote kernel:"
"\"Saved coefficient \"5\"/\"52\"; zero = \"True\n"
"From remote kernel:"
"\"Saved coefficient \"5\"/\"9\"; zero = \"True\n"
"From remote kernel:"
"\"Reduce coefficient \"6\"/\"52\"; leaves = \"2330\n"
"From remote kernel:"
"\"Reduce coefficient \"6\"/\"9\"; leaves = \"719\n"
"From remote kernel:"
"\"Factor \"47\" rational summands\"\n"
"From remote kernel:"
"\"Factor \"8\" rational summands\"\n"
"From remote kernel:"
"\"Combine \"8\" summands in \"2\" denominator groups\"\n"
"From remote kernel:"
"\"Combine rational summands; leaves = \"144\n"
"From remote kernel:"
"\"Saved coefficient \"6\"/\"9\"; zero = \"True\n"
"From remote kernel:"
"\"Reduce coefficient \"7\"/\"9\"; leaves = \"1047\n"
"From remote kernel:"
"\"Combine \"47\" summands in \"18\" denominator groups\"\n"
"From remote kernel:"
"\"Factor \"10\" rational summands\"\n"
"From remote kernel:"
"\"Combine \"10\" summands in \"6\" denominator groups\"\n"
"From remote kernel:"
"\"Combine rational summands; leaves = \"355\n"
"From remote kernel:"
"\"Saved coefficient \"7\"/\"9\"; zero = \"True\n"
"From remote kernel:"
"\"Combine rational summands; leaves = \"1772\n"
"From remote kernel:"
"\"Reduce coefficient \"8\"/\"9\"; leaves = \"158\n"
"From remote kernel:"
"\"Factor \"4\" rational summands\"\n"
"From remote kernel:"
"\"Combine \"4\" summands in \"2\" denominator groups\"\n"
"From remote kernel:"
"\"Factor \"241\" rational summands\"\n"
"From remote kernel:"
"\"Combine rational summands; leaves = \"1\n"
"From remote kernel:"
"\"Saved coefficient \"6\"/\"52\"; zero = \"True\n"
"From remote kernel:"
"\"Saved coefficient \"8\"/\"9\"; zero = \"True\n"
"From remote kernel:"
"\"Reduce coefficient \"7\"/\"52\"; leaves = \"9275\n"
"From remote kernel:"
"\"Reduce coefficient \"9\"/\"9\"; leaves = \"158\n"
"From remote kernel:"
"\"Saved coefficient \"9\"/\"9\"; zero = \"True\n"
"From remote kernel:"
"\"Factor \"171\" rational summands\"\n"
"From remote kernel:"
"\"2026-09-07T06:45:34\"\" \"{\"COMPARISON_FINISHED\", \"Hqg__F1_-1_L0\", True, True}\n"
"From remote kernel:"
"\"2026-09-07T06:45:34\"\" \"{\"COMPARE\", \"Hqg__F1_1_L0\"}\n"
"From remote kernel:"
"\"Factored summand \"100\"/\"171\n"
"From remote kernel:"
"\"Normalize \"3\" radicals\"\n"
"From remote kernel:"
"\"Normalize \"14\" distinct functions\"\n"
"From remote kernel:"
"\"Combine \"171\" summands in \"49\" denominator groups\"\n"
"From remote kernel:"
"\"Normalized function \"10\"/\"14\n"
"From remote kernel:"
"\"Normalize \"0\" phase functions\"\n"
"From remote kernel:"
"\"Factored summand \"100\"/\"241\n"
"From remote kernel:"
"\"Factored formal input leaves = \"5092\n"
"From remote kernel:"
"\"Reduce \"9\" algebraic coefficients\"\n"
"From remote kernel:"
"\"Reduce coefficient \"1\"/\"9\"; leaves = \"951\n"
"From remote kernel:"
"\"Combine rational summands; leaves = \"6622\n"
"From remote kernel:"
"\"Factor \"8\" rational summands\"\n"
"From remote kernel:"
"\"Combine \"8\" summands in \"4\" denominator groups\"\n"
"From remote kernel:"
"\"Combine rational summands; leaves = \"292\n"
"From remote kernel:"
"\"Saved coefficient \"1\"/\"9\"; zero = \"True\n"
"From remote kernel:"
"\"Reduce coefficient \"2\"/\"9\"; leaves = \"163\n"
"From remote kernel:"
"\"Factor \"3\" rational summands\"\n"
"From remote kernel:"
"\"Combine \"3\" summands in \"3\" denominator groups\"\n"
"From remote kernel:"
"\"Combine rational summands; leaves = \"157\n"
"From remote kernel:"
"\"Saved coefficient \"2\"/\"9\"; zero = \"True\n"
"From remote kernel:"
"\"Saved coefficient \"7\"/\"52\"; zero = \"True\n"
"From remote kernel:"
"\"Reduce coefficient \"3\"/\"9\"; leaves = \"1215\n"
"From remote kernel:"
"\"Reduce coefficient \"8\"/\"52\"; leaves = \"2362\n"
"From remote kernel:"
"\"Factor \"10\" rational summands\"\n"
"From remote kernel:"
"\"Factor \"55\" rational summands\"\n"
"From remote kernel:"
"\"Combine \"10\" summands in \"6\" denominator groups\"\n"
"From remote kernel:"
"\"Combine rational summands; leaves = \"445\n"
"From remote kernel:"
"\"Saved coefficient \"3\"/\"9\"; zero = \"True\n"
"From remote kernel:"
"\"Reduce coefficient \"4\"/\"9\"; leaves = \"549\n"
"From remote kernel:"
"\"Combine \"55\" summands in \"21\" denominator groups\"\n"
"From remote kernel:"
"\"Factor \"6\" rational summands\"\n"
"From remote kernel:"
"\"Combine \"6\" summands in \"2\" denominator groups\"\n"
"From remote kernel:"
"\"Combine rational summands; leaves = \"1\n"
"From remote kernel:"
"\"Saved coefficient \"4\"/\"9\"; zero = \"True\n"
"From remote kernel:"
"\"Reduce coefficient \"5\"/\"9\"; leaves = \"647\n"
"From remote kernel:"
"\"Combine rational summands; leaves = \"1745\n"
"From remote kernel:"
"\"Factor \"8\" rational summands\"\n"
"From remote kernel:"
"\"Combine \"8\" summands in \"2\" denominator groups\"\n"
"From remote kernel:"
"\"Combine rational summands; leaves = \"138\n"
"From remote kernel:"
"\"Saved coefficient \"8\"/\"52\"; zero = \"True\n"
"From remote kernel:"
"\"Saved coefficient \"5\"/\"9\"; zero = \"True\n"
"From remote kernel:"
"\"Reduce coefficient \"9\"/\"52\"; leaves = \"2456\n"
"From remote kernel:"
"\"Reduce coefficient \"6\"/\"9\"; leaves = \"389\n"
"From remote kernel:"
"\"Factor \"50\" rational summands\"\n"
"From remote kernel:"
"\"Factor \"4\" rational summands\"\n"
"From remote kernel:"
"\"Combine \"4\" summands in \"2\" denominator groups\"\n"
"From remote kernel:"
"\"Combine rational summands; leaves = \"1\n"
"From remote kernel:"
"\"Saved coefficient \"6\"/\"9\"; zero = \"True\n"
"From remote kernel:"
"\"Reduce coefficient \"7\"/\"9\"; leaves = \"902\n"
"From remote kernel:"
"\"Combine \"50\" summands in \"18\" denominator groups\"\n"
"From remote kernel:"
"\"Factor \"9\" rational summands\"\n"
"From remote kernel:"
"\"Combine \"9\" summands in \"5\" denominator groups\"\n"
"From remote kernel:"
"\"Combine rational summands; leaves = \"354\n"
"From remote kernel:"
"\"Saved coefficient \"7\"/\"9\"; zero = \"True\n"
"From remote kernel:"
"\"Reduce coefficient \"8\"/\"9\"; leaves = \"98\n"
"From remote kernel:"
"\"Combine rational summands; leaves = \"1872\n"
"From remote kernel:"
"\"Factor \"2\" rational summands\"\n"
"From remote kernel:"
"\"Combine \"2\" summands in \"1\" denominator groups\"\n"
"From remote kernel:"
"\"Combine rational summands; leaves = \"1\n"
"From remote kernel:"
"\"Saved coefficient \"8\"/\"9\"; zero = \"True\n"
"From remote kernel:"
"\"Saved coefficient \"9\"/\"52\"; zero = \"True\n"
"From remote kernel:"
"\"Reduce coefficient \"9\"/\"9\"; leaves = \"98\n"
"From remote kernel:"
"\"Reduce coefficient \"10\"/\"52\"; leaves = \"2504\n"
"From remote kernel:"
"\"Saved coefficient \"9\"/\"9\"; zero = \"True\n"
"From remote kernel:"
"\"Factor \"51\" rational summands\"\n"
"From remote kernel:"
"\"2026-09-07T06:45:35\"\" \"{\"COMPARISON_FINISHED\", \"Hqg__F1_1_L0\", True, True}\n"
"From remote kernel:"
"\"2026-09-07T06:45:35\"\" \"{\"COMPARE\", \"Hqg__F1_-1_L1\"}\n"
"From remote kernel:"
"\"Combine \"51\" summands in \"21\" denominator groups\"\n"
"From remote kernel:"
"\"Normalize \"0\" radicals\"\n"
"From remote kernel:"
"\"Normalize \"0\" distinct functions\"\n"
"From remote kernel:"
"\"Normalize \"0\" phase functions\"\n"
"From remote kernel:"
"\"2026-09-07T06:45:35\"\" \"{\"COMPARISON_FINISHED\", \"Hqg__F1_-1_L1\", True, True}\n"
"From remote kernel:"
"\"Combine rational summands; leaves = \"1883\n"
"From remote kernel:"
"\"2026-09-07T06:45:35\"\" \"{\"COMPARE\", \"Hqg__F1_1_L1\"}\n"
"From remote kernel:"
"\"Normalize \"0\" radicals\"\n"
"From remote kernel:"
"\"Normalize \"0\" distinct functions\"\n"
"From remote kernel:"
"\"Normalize \"0\" phase functions\"\n"
"From remote kernel:"
"\"Saved coefficient \"10\"/\"52\"; zero = \"True\n"
"From remote kernel:"
"\"2026-09-07T06:45:35\"\" \"{\"COMPARISON_FINISHED\", \"Hqg__F1_1_L1\", True, True}\n"
"From remote kernel:"
"\"Reduce coefficient \"11\"/\"52\"; leaves = \"6595\n"
"From remote kernel:"
"\"Factor \"87\" rational summands\"\n"
"From remote kernel:"
"\"2026-09-07T06:45:35\"\" \"{\"COMPARE\", \"Hqg__F1_-1_Regular\"}\n"
"From remote kernel:"
"\"Combine \"87\" summands in \"33\" denominator groups\"\n"
"From remote kernel:"
"\"Combine rational summands; leaves = \"4368\n"
"From remote kernel:"
"\"Saved coefficient \"11\"/\"52\"; zero = \"True\n"
"From remote kernel:"
"\"Reduce coefficient \"12\"/\"52\"; leaves = \"2465\n"
"From remote kernel:"
"\"Factor \"45\" rational summands\"\n"
"From remote kernel:"
"\"Combine \"45\" summands in \"29\" denominator groups\"\n"
"From remote kernel:"
"\"Combine rational summands; leaves = \"1731\n"
"From remote kernel:"
"\"Factored summand \"200\"/\"241\n"
"From remote kernel:"
"\"Saved coefficient \"12\"/\"52\"; zero = \"True\n"
"From remote kernel:"
"\"Reduce coefficient \"13\"/\"52\"; leaves = \"2469\n"
"From remote kernel:"
"\"Factor \"45\" rational summands\"\n"
"From remote kernel:"
"\"Combine \"45\" summands in \"29\" denominator groups\"\n"
"From remote kernel:"
"\"Combine rational summands; leaves = \"1731\n"
"From remote kernel:"
"\"Saved coefficient \"13\"/\"52\"; zero = \"True\n"
"From remote kernel:"
"\"Reduce coefficient \"14\"/\"52\"; leaves = \"2471\n"
"From remote kernel:"
"\"Factor \"45\" rational summands\"\n"
"From remote kernel:"
"\"Combine \"45\" summands in \"29\" denominator groups\"\n"
"From remote kernel:"
"\"Combine rational summands; leaves = \"1730\n"
"From remote kernel:"
"\"Saved coefficient \"14\"/\"52\"; zero = \"True\n"
"From remote kernel:"
"\"Reduce coefficient \"15\"/\"52\"; leaves = \"2602\n"
"From remote kernel:"
"\"Factor \"47\" rational summands\"\n"
"From remote kernel:"
"\"Combine \"47\" summands in \"28\" denominator groups\"\n"
"From remote kernel:"
"\"Combine rational summands; leaves = \"1747\n"
"From remote kernel:"
"\"Saved coefficient \"15\"/\"52\"; zero = \"False\n"
"From remote kernel:"
"\"Reduce coefficient \"16\"/\"52\"; leaves = \"5535\n"
"From remote kernel:"
"\"Factor \"96\" rational summands\"\n"
"From remote kernel:"
"\"Combine \"96\" summands in \"37\" denominator groups\"\n"
"From remote kernel:"
"\"Combine rational summands; leaves = \"3537\n"
"From remote kernel:"
"\"Saved coefficient \"16\"/\"52\"; zero = \"True\n"
"From remote kernel:"
"\"Reduce coefficient \"17\"/\"52\"; leaves = \"2318\n"
"From remote kernel:"
"\"Factor \"42\" rational summands\"\n"
"From remote kernel:"
"\"Combine \"42\" summands in \"29\" denominator groups\"\n"
"From remote kernel:"
"\"Combine rational summands; leaves = \"1499\n"
"From remote kernel:"
"\"Saved coefficient \"17\"/\"52\"; zero = \"True\n"
"From remote kernel:"
"\"Reduce coefficient \"18\"/\"52\"; leaves = \"2518\n"
"From remote kernel:"
"\"Factor \"49\" rational summands\"\n"
"From remote kernel:"
"\"Combine \"49\" summands in \"32\" denominator groups\"\n"
"From remote kernel:"
"\"Combine rational summands; leaves = \"1692\n"
"From remote kernel:"
"\"Saved coefficient \"18\"/\"52\"; zero = \"True\n"
"From remote kernel:"
"\"Reduce coefficient \"19\"/\"52\"; leaves = \"2522\n"
"From remote kernel:"
"\"Factor \"49\" rational summands\"\n"
"From remote kernel:"
"\"Combine \"49\" summands in \"32\" denominator groups\"\n"
"From remote kernel:"
"\"Combine \"241\" summands in \"147\" denominator groups\"\n"
"From remote kernel:"
"\"Combine rational summands; leaves = \"1691\n"
"From remote kernel:"
"\"Saved coefficient \"19\"/\"52\"; zero = \"True\n"
"From remote kernel:"
"\"Reduce coefficient \"20\"/\"52\"; leaves = \"2747\n"
"From remote kernel:"
"\"Factor \"46\" rational summands\"\n"
"From remote kernel:"
"\"Combine \"46\" summands in \"28\" denominator groups\"\n"
"From remote kernel:"
"\"Combine rational summands; leaves = \"1515\n"
"From remote kernel:"
"\"Saved coefficient \"20\"/\"52\"; zero = \"True\n"
"From remote kernel:"
"\"Reduce coefficient \"21\"/\"52\"; leaves = \"2751\n"
"From remote kernel:"
"\"Factor \"45\" rational summands\"\n"
"From remote kernel:"
"\"Combine \"45\" summands in \"35\" denominator groups\"\n"
"From remote kernel:"
"\"Combine rational summands; leaves = \"1417\n"
"From remote kernel:"
"\"Normalize \"9\" radicals\"\n"
"From remote kernel:"
"\"Saved coefficient \"21\"/\"52\"; zero = \"True\n"
"From remote kernel:"
"\"Reduce coefficient \"22\"/\"52\"; leaves = \"1893\n"
"From remote kernel:"
"\"Factor \"46\" rational summands\"\n"
"From remote kernel:"
"\"Combine \"46\" summands in \"11\" denominator groups\"\n"
"From remote kernel:"
"\"Combine rational summands; leaves = \"1702\n"
"From remote kernel:"
"\"Saved coefficient \"22\"/\"52\"; zero = \"True\n"
"From remote kernel:"
"\"Reduce coefficient \"23\"/\"52\"; leaves = \"367\n"
"From remote kernel:"
"\"Factor \"8\" rational summands\"\n"
"From remote kernel:"
"\"Combine \"8\" summands in \"4\" denominator groups\"\n"
"From remote kernel:"
"\"Combine rational summands; leaves = \"242\n"
"From remote kernel:"
"\"Saved coefficient \"23\"/\"52\"; zero = \"True\n"
"From remote kernel:"
"\"Reduce coefficient \"24\"/\"52\"; leaves = \"800\n"
"From remote kernel:"
"\"Factor \"23\" rational summands\"\n"
"From remote kernel:"
"\"Combine \"23\" summands in \"7\" denominator groups\"\n"
"From remote kernel:"
"\"Combine rational summands; leaves = \"675\n"
"From remote kernel:"
"\"Saved coefficient \"24\"/\"52\"; zero = \"True\n"
"From remote kernel:"
"\"Reduce coefficient \"25\"/\"52\"; leaves = \"800\n"
"From remote kernel:"
"\"Normalize \"32\" distinct functions\"\n"
"From remote kernel:"
"\"Factor \"23\" rational summands\"\n"
"From remote kernel:"
"\"Combine \"23\" summands in \"7\" denominator groups\"\n"
"From remote kernel:"
"\"Combine rational summands; leaves = \"675\n"
"From remote kernel:"
"\"Saved coefficient \"25\"/\"52\"; zero = \"True\n"
"From remote kernel:"
"\"Reduce coefficient \"26\"/\"52\"; leaves = \"101\n"
"From remote kernel:"
"\"Factor \"2\" rational summands\"\n"
"From remote kernel:"
"\"Combine \"2\" summands in \"1\" denominator groups\"\n"
"From remote kernel:"
"\"Combine rational summands; leaves = \"1\n"
"From remote kernel:"
"\"Saved coefficient \"26\"/\"52\"; zero = \"True\n"
"From remote kernel:"
"\"Reduce coefficient \"27\"/\"52\"; leaves = \"397\n"
"From remote kernel:"
"\"Factor \"8\" rational summands\"\n"
"From remote kernel:"
"\"Combine \"8\" summands in \"3\" denominator groups\"\n"
"From remote kernel:"
"\"Combine rational summands; leaves = \"273\n"
"From remote kernel:"
"\"Saved coefficient \"27\"/\"52\"; zero = \"True\n"
"From remote kernel:"
"\"Reduce coefficient \"28\"/\"52\"; leaves = \"6420\n"
"From remote kernel:"
"\"Factor \"117\" rational summands\"\n"
"From remote kernel:"
"\"Factored summand \"100\"/\"117\n"
"From remote kernel:"
"\"Combine \"117\" summands in \"43\" denominator groups\"\n"
"From remote kernel:"
"\"Combine rational summands; leaves = \"81450\n"
"From remote kernel:"
"\"Normalized function \"10\"/\"32\n"
"From remote kernel:"
"\"Combine rational summands; leaves = \"4136\n"
"From remote kernel:"
"\"Saved coefficient \"28\"/\"52\"; zero = \"True\n"
"From remote kernel:"
"\"Reduce coefficient \"29\"/\"52\"; leaves = \"1224\n"
"From remote kernel:"
"\"Factor \"23\" rational summands\"\n"
"From remote kernel:"
"\"Combine \"23\" summands in \"11\" denominator groups\"\n"
"From remote kernel:"
"\"Combine rational summands; leaves = \"741\n"
"From remote kernel:"
"\"Saved coefficient \"29\"/\"52\"; zero = \"True\n"
"From remote kernel:"
"\"Reduce coefficient \"30\"/\"52\"; leaves = \"1420\n"
"From remote kernel:"
"\"Factor \"29\" rational summands\"\n"
"From remote kernel:"
"\"Combine \"29\" summands in \"13\" denominator groups\"\n"
"From remote kernel:"
"\"Combine rational summands; leaves = \"869\n"
"From remote kernel:"
"\"Saved coefficient \"30\"/\"52\"; zero = \"True\n"
"From remote kernel:"
"\"Reduce coefficient \"31\"/\"52\"; leaves = \"1523\n"
"From remote kernel:"
"\"Factor \"31\" rational summands\"\n"
"From remote kernel:"
"\"Combine \"31\" summands in \"13\" denominator groups\"\n"
"From remote kernel:"
"\"Combine rational summands; leaves = \"973\n"
"From remote kernel:"
"\"Saved coefficient \"31\"/\"52\"; zero = \"True\n"
"From remote kernel:"
"\"Reduce coefficient \"32\"/\"52\"; leaves = \"2020\n"
"From remote kernel:"
"\"Factor \"34\" rational summands\"\n"
"From remote kernel:"
"\"Combine \"34\" summands in \"27\" denominator groups\"\n"
"From remote kernel:"
"\"Combine rational summands; leaves = \"1337\n"
"From remote kernel:"
"\"Saved coefficient \"32\"/\"52\"; zero = \"True\n"
"From remote kernel:"
"\"Reduce coefficient \"33\"/\"52\"; leaves = \"2129\n"
"From remote kernel:"
"\"Factor \"36\" rational summands\"\n"
"From remote kernel:"
"\"Combine \"36\" summands in \"27\" denominator groups\"\n"
"From remote kernel:"
"\"Combine rational summands; leaves = \"1337\n"
"From remote kernel:"
"\"Saved coefficient \"33\"/\"52\"; zero = \"True\n"
"From remote kernel:"
"\"Reduce coefficient \"34\"/\"52\"; leaves = \"101\n"
"From remote kernel:"
"\"Factor \"2\" rational summands\"\n"
"From remote kernel:"
"\"Combine \"2\" summands in \"1\" denominator groups\"\n"
"From remote kernel:"
"\"Combine rational summands; leaves = \"1\n"
"From remote kernel:"
"\"Saved coefficient \"34\"/\"52\"; zero = \"True\n"
"From remote kernel:"
"\"Reduce coefficient \"35\"/\"52\"; leaves = \"1226\n"
"From remote kernel:"
"\"Factor \"23\" rational summands\"\n"
"From remote kernel:"
"\"Combine \"23\" summands in \"13\" denominator groups\"\n"
"From remote kernel:"
"\"Combine rational summands; leaves = \"751\n"
"From remote kernel:"
"\"Saved coefficient \"35\"/\"52\"; zero = \"True\n"
"From remote kernel:"
"\"Reduce coefficient \"36\"/\"52\"; leaves = \"2001\n"
"From remote kernel:"
"\"Factor \"43\" rational summands\"\n"
"From remote kernel:"
"\"Combine \"43\" summands in \"11\" denominator groups\"\n"
"From remote kernel:"
"\"Combine rational summands; leaves = \"1856\n"
"From remote kernel:"
"\"Saved coefficient \"36\"/\"52\"; zero = \"True\n"
"From remote kernel:"
"\"Reduce coefficient \"37\"/\"52\"; leaves = \"355\n"
"From remote kernel:"
"\"Factor \"8\" rational summands\"\n"
"From remote kernel:"
"\"Combine \"8\" summands in \"4\" denominator groups\"\n"
"From remote kernel:"
"\"Combine rational summands; leaves = \"239\n"
"From remote kernel:"
"\"Saved coefficient \"37\"/\"52\"; zero = \"True\n"
"From remote kernel:"
"\"Reduce coefficient \"38\"/\"52\"; leaves = \"756\n"
"From remote kernel:"
"\"Factor \"17\" rational summands\"\n"
"From remote kernel:"
"\"Combine \"17\" summands in \"7\" denominator groups\"\n"
"From remote kernel:"
"\"Combine rational summands; leaves = \"595\n"
"From remote kernel:"
"\"Saved coefficient \"38\"/\"52\"; zero = \"True\n"
"From remote kernel:"
"\"Reduce coefficient \"39\"/\"52\"; leaves = \"756\n"
"From remote kernel:"
"\"Factor \"17\" rational summands\"\n"
"From remote kernel:"
"\"Combine \"17\" summands in \"7\" denominator groups\"\n"
"From remote kernel:"
"\"Combine rational summands; leaves = \"595\n"
"From remote kernel:"
"\"Saved coefficient \"39\"/\"52\"; zero = \"True\n"
"From remote kernel:"
"\"Reduce coefficient \"40\"/\"52\"; leaves = \"168\n"
"From remote kernel:"
"\"Factor \"4\" rational summands\"\n"
"From remote kernel:"
"\"Combine \"4\" summands in \"3\" denominator groups\"\n"
"From remote kernel:"
"\"Combine rational summands; leaves = \"158\n"
"From remote kernel:"
"\"Saved coefficient \"40\"/\"52\"; zero = \"False\n"
"From remote kernel:"
"\"Reduce coefficient \"41\"/\"52\"; leaves = \"237\n"
"From remote kernel:"
"\"Factor \"6\" rational summands\"\n"
"From remote kernel:"
"\"Combine \"6\" summands in \"3\" denominator groups\"\n"
"From remote kernel:"
"\"Combine rational summands; leaves = \"137\n"
"From remote kernel:"
"\"Saved coefficient \"41\"/\"52\"; zero = \"True\n"
"From remote kernel:"
"\"Reduce coefficient \"42\"/\"52\"; leaves = \"244\n"
"From remote kernel:"
"\"Factor \"7\" rational summands\"\n"
"From remote kernel:"
"\"Combine \"7\" summands in \"3\" denominator groups\"\n"
"From remote kernel:"
"\"Combine rational summands; leaves = \"146\n"
"From remote kernel:"
"\"Saved coefficient \"42\"/\"52\"; zero = \"True\n"
"From remote kernel:"
"\"Reduce coefficient \"43\"/\"52\"; leaves = \"101\n"
"From remote kernel:"
"\"Saved coefficient \"43\"/\"52\"; zero = \"True\n"
"From remote kernel:"
"\"Reduce coefficient \"44\"/\"52\"; leaves = \"525\n"
"From remote kernel:"
"\"Factor \"14\" rational summands\"\n"
"From remote kernel:"
"\"Combine \"14\" summands in \"8\" denominator groups\"\n"
"From remote kernel:"
"\"Combine rational summands; leaves = \"410\n"
"From remote kernel:"
"\"Saved coefficient \"44\"/\"52\"; zero = \"False\n"
"From remote kernel:"
"\"Reduce coefficient \"45\"/\"52\"; leaves = \"2955\n"
"From remote kernel:"
"\"Factor \"52\" rational summands\"\n"
"From remote kernel:"
"\"Combine \"52\" summands in \"31\" denominator groups\"\n"
"From remote kernel:"
"\"Combine rational summands; leaves = \"2213\n"
"From remote kernel:"
"\"Saved coefficient \"45\"/\"52\"; zero = \"True\n"
"From remote kernel:"
"\"Reduce coefficient \"46\"/\"52\"; leaves = \"103\n"
"From remote kernel:"
"\"Factor \"2\" rational summands\"\n"
"From remote kernel:"
"\"Combine \"2\" summands in \"2\" denominator groups\"\n"
"From remote kernel:"
"\"Combine rational summands; leaves = \"93\n"
"From remote kernel:"
"\"Saved coefficient \"46\"/\"52\"; zero = \"False\n"
"From remote kernel:"
"\"Reduce coefficient \"47\"/\"52\"; leaves = \"266\n"
"From remote kernel:"
"\"Factor \"6\" rational summands\"\n"
"From remote kernel:"
"\"Combine \"6\" summands in \"4\" denominator groups\"\n"
"From remote kernel:"
"\"Combine rational summands; leaves = \"240\n"
"From remote kernel:"
"\"Saved coefficient \"47\"/\"52\"; zero = \"True\n"
"From remote kernel:"
"\"Reduce coefficient \"48\"/\"52\"; leaves = \"266\n"
"From remote kernel:"
"\"Factor \"6\" rational summands\"\n"
"From remote kernel:"
"\"Combine \"6\" summands in \"4\" denominator groups\"\n"
"From remote kernel:"
"\"Combine rational summands; leaves = \"240\n"
"From remote kernel:"
"\"Saved coefficient \"48\"/\"52\"; zero = \"True\n"
"From remote kernel:"
"\"Reduce coefficient \"49\"/\"52\"; leaves = \"322\n"
"From remote kernel:"
"\"Factor \"6\" rational summands\"\n"
"From remote kernel:"
"\"Combine \"6\" summands in \"4\" denominator groups\"\n"
"From remote kernel:"
"\"Combine rational summands; leaves = \"240\n"
"From remote kernel:"
"\"Saved coefficient \"49\"/\"52\"; zero = \"True\n"
"From remote kernel:"
"\"Reduce coefficient \"50\"/\"52\"; leaves = \"797\n"
"From remote kernel:"
"\"Factor \"8\" rational summands\"\n"
"From remote kernel:"
"\"Combine \"8\" summands in \"4\" denominator groups\"\n"
"From remote kernel:"
"\"Combine rational summands; leaves = \"1\n"
"From remote kernel:"
"\"Saved coefficient \"50\"/\"52\"; zero = \"True\n"
"From remote kernel:"
"\"Reduce coefficient \"51\"/\"52\"; leaves = \"801\n"
"From remote kernel:"
"\"Factor \"8\" rational summands\"\n"
"From remote kernel:"
"\"Combine \"8\" summands in \"4\" denominator groups\"\n"
"From remote kernel:"
"\"Combine rational summands; leaves = \"1\n"
"From remote kernel:"
"\"Saved coefficient \"51\"/\"52\"; zero = \"True\n"
"From remote kernel:"
"\"Reduce coefficient \"52\"/\"52\"; leaves = \"160\n"
"From remote kernel:"
"\"Factor \"2\" rational summands\"\n"
"From remote kernel:"
"\"Combine \"2\" summands in \"2\" denominator groups\"\n"
"From remote kernel:"
"\"Combine rational summands; leaves = \"93\n"
"From remote kernel:"
"\"Saved coefficient \"52\"/\"52\"; zero = \"False\n"
"From remote kernel:"
"\"2026-09-07T06:45:40\"\" \"{\"COMPARISON_FINISHED\", \"Hqg__F1_1_Delta\", True, False}\n"
"From remote kernel:"
"\"2026-09-07T06:45:40\"\" \"{\"COMPARE\", \"Hqg__F1_1_Regular\"}\n"
"From remote kernel:"
"\"Normalize \"9\" radicals\"\n"
"From remote kernel:"
"\"Normalize \"31\" distinct functions\"\n"
"From remote kernel:"
"\"Normalized function \"10\"/\"31\n"
"From remote kernel:"
"\"Normalized function \"20\"/\"31\n"
"From remote kernel:"
"\"Saved coefficient \"1\"/\"18\"; zero = \"True\n"
"From remote kernel:"
"\"Reduce coefficient \"2\"/\"18\"; leaves = \"47977\n"
"From remote kernel:"
"\"Factor \"65\" rational summands\"\n"
"From remote kernel:"
"\"Combine \"65\" summands in \"44\" denominator groups\"\n"
"From remote kernel:"
"\"Combine rational summands; leaves = \"29714\n"
"From remote kernel:"
"\"Saved coefficient \"1\"/\"18\"; zero = \"True\n"
"From remote kernel:"
"\"Reduce coefficient \"2\"/\"18\"; leaves = \"43261\n"
"From remote kernel:"
"\"Factor \"52\" rational summands\"\n"
"From remote kernel:"
"\"Saved coefficient \"2\"/\"18\"; zero = \"True\n"
MONITOR_HEARTBEAT elapsed=183s rss=1995.3MiB peak=2117.1MiB
"From remote kernel:"
"\"Reduce coefficient \"3\"/\"18\"; leaves = \"28398\n"
"From remote kernel:"
"\"Factor \"53\" rational summands\"\n"
"From remote kernel:"
"\"Combine \"52\" summands in \"42\" denominator groups\"\n"
"From remote kernel:"
"\"Combine rational summands; leaves = \"18646\n"
"From remote kernel:"
"\"Combine \"53\" summands in \"38\" denominator groups\"\n"
"From remote kernel:"
"\"Combine rational summands; leaves = \"22142\n"
"From remote kernel:"
"\"Saved coefficient \"2\"/\"18\"; zero = \"True\n"
"From remote kernel:"
"\"Reduce coefficient \"3\"/\"18\"; leaves = \"25371\n"
"From remote kernel:"
"\"Factor \"42\" rational summands\"\n"
"From remote kernel:"
"\"Saved coefficient \"3\"/\"18\"; zero = \"True\n"
"From remote kernel:"
"\"Reduce coefficient \"4\"/\"18\"; leaves = \"26988\n"
"From remote kernel:"
"\"Factor \"47\" rational summands\"\n"
"From remote kernel:"
"\"Combine \"42\" summands in \"34\" denominator groups\"\n"
"From remote kernel:"
"\"Combine rational summands; leaves = \"13710\n"
"From remote kernel:"
"\"Combine \"47\" summands in \"38\" denominator groups\"\n"
"From remote kernel:"
"\"Combine rational summands; leaves = \"21764\n"
"From remote kernel:"
"\"Saved coefficient \"3\"/\"18\"; zero = \"True\n"
"From remote kernel:"
"\"Reduce coefficient \"4\"/\"18\"; leaves = \"24510\n"
"From remote kernel:"
"\"Factor \"36\" rational summands\"\n"
"From remote kernel:"
"\"Combine \"36\" summands in \"31\" denominator groups\"\n"
"From remote kernel:"
"\"Combine rational summands; leaves = \"13485\n"
"From remote kernel:"
"\"Saved coefficient \"4\"/\"18\"; zero = \"True\n"
"From remote kernel:"
"\"Reduce coefficient \"5\"/\"18\"; leaves = \"26988\n"
"From remote kernel:"
"\"Saved coefficient \"5\"/\"18\"; zero = \"True\n"
"From remote kernel:"
"\"Reduce coefficient \"6\"/\"18\"; leaves = \"26338\n"
"From remote kernel:"
"\"Factor \"41\" rational summands\"\n"
"From remote kernel:"
"\"Saved coefficient \"4\"/\"18\"; zero = \"True\n"
"From remote kernel:"
"\"Reduce coefficient \"5\"/\"18\"; leaves = \"24510\n"
"From remote kernel:"
"\"Saved coefficient \"5\"/\"18\"; zero = \"True\n"
"From remote kernel:"
"\"Reduce coefficient \"6\"/\"18\"; leaves = \"24150\n"
"From remote kernel:"
"\"Combine \"41\" summands in \"32\" denominator groups\"\n"
"From remote kernel:"
"\"Factor \"29\" rational summands\"\n"
"From remote kernel:"
"\"Combine rational summands; leaves = \"20689\n"
"From remote kernel:"
"\"Combine \"29\" summands in \"26\" denominator groups\"\n"
"From remote kernel:"
"\"Combine rational summands; leaves = \"12379\n"
"From remote kernel:"
"\"Saved coefficient \"6\"/\"18\"; zero = \"True\n"
"From remote kernel:"
"\"Reduce coefficient \"7\"/\"18\"; leaves = \"44311\n"
"From remote kernel:"
"\"Factor \"59\" rational summands\"\n"
"From remote kernel:"
"\"Saved coefficient \"6\"/\"18\"; zero = \"True\n"
"From remote kernel:"
"\"Reduce coefficient \"7\"/\"18\"; leaves = \"38968\n"
"From remote kernel:"
"\"Factor \"44\" rational summands\"\n"
"From remote kernel:"
"\"Combine \"44\" summands in \"34\" denominator groups\"\n"
"From remote kernel:"
"\"Combine \"59\" summands in \"45\" denominator groups\"\n"
"From remote kernel:"
"\"Combine rational summands; leaves = \"16853\n"
"From remote kernel:"
"\"Combine rational summands; leaves = \"33625\n"
"From remote kernel:"
"\"Saved coefficient \"7\"/\"18\"; zero = \"True\n"
"From remote kernel:"
"\"Reduce coefficient \"8\"/\"18\"; leaves = \"573\n"
"From remote kernel:"
"\"Factor \"7\" rational summands\"\n"
"From remote kernel:"
"\"Combine \"7\" summands in \"3\" denominator groups\"\n"
"From remote kernel:"
"\"Combine rational summands; leaves = \"263\n"
"From remote kernel:"
"\"Saved coefficient \"8\"/\"18\"; zero = \"True\n"
"From remote kernel:"
"\"Reduce coefficient \"9\"/\"18\"; leaves = \"1800\n"
"From remote kernel:"
"\"Factor \"7\" rational summands\"\n"
"From remote kernel:"
"\"Combine \"7\" summands in \"5\" denominator groups\"\n"
"From remote kernel:"
"\"Combine rational summands; leaves = \"1494\n"
"From remote kernel:"
"\"Saved coefficient \"9\"/\"18\"; zero = \"True\n"
"From remote kernel:"
"\"Reduce coefficient \"10\"/\"18\"; leaves = \"2420\n"
"From remote kernel:"
"\"Factor \"9\" rational summands\"\n"
"From remote kernel:"
"\"Combine \"9\" summands in \"7\" denominator groups\"\n"
"From remote kernel:"
"\"Combine rational summands; leaves = \"2408\n"
"From remote kernel:"
"\"Saved coefficient \"10\"/\"18\"; zero = \"True\n"
"From remote kernel:"
"\"Reduce coefficient \"11\"/\"18\"; leaves = \"34993\n"
"From remote kernel:"
"\"Factor \"56\" rational summands\"\n"
"From remote kernel:"
"\"Saved coefficient \"7\"/\"18\"; zero = \"True\n"
"From remote kernel:"
"\"Reduce coefficient \"8\"/\"18\"; leaves = \"1068\n"
"From remote kernel:"
"\"Factor \"10\" rational summands\"\n"
"From remote kernel:"
"\"Combine \"10\" summands in \"3\" denominator groups\"\n"
"From remote kernel:"
"\"Combine rational summands; leaves = \"551\n"
"From remote kernel:"
"\"Saved coefficient \"8\"/\"18\"; zero = \"True\n"
"From remote kernel:"
"\"Reduce coefficient \"9\"/\"18\"; leaves = \"2887\n"
"From remote kernel:"
"\"Factor \"12\" rational summands\"\n"
"From remote kernel:"
"\"Combine \"12\" summands in \"7\" denominator groups\"\n"
"From remote kernel:"
"\"Combine rational summands; leaves = \"2623\n"
"From remote kernel:"
"\"Saved coefficient \"9\"/\"18\"; zero = \"True\n"
"From remote kernel:"
"\"Reduce coefficient \"10\"/\"18\"; leaves = \"3063\n"
"From remote kernel:"
"\"Factor \"12\" rational summands\"\n"
"From remote kernel:"
"\"Combine \"12\" summands in \"7\" denominator groups\"\n"
"From remote kernel:"
"\"Combine rational summands; leaves = \"3350\n"
"From remote kernel:"
"\"Saved coefficient \"10\"/\"18\"; zero = \"True\n"
"From remote kernel:"
"\"Reduce coefficient \"11\"/\"18\"; leaves = \"22547\n"
"From remote kernel:"
"\"Factor \"44\" rational summands\"\n"
"From remote kernel:"
"\"Combine \"56\" summands in \"44\" denominator groups\"\n"
"From remote kernel:"
"\"Combine rational summands; leaves = \"32671\n"
"From remote kernel:"
"\"Combine \"44\" summands in \"33\" denominator groups\"\n"
"From remote kernel:"
"\"Combine rational summands; leaves = \"14897\n"
"From remote kernel:"
"\"Saved coefficient \"11\"/\"18\"; zero = \"True\n"
"From remote kernel:"
"\"Reduce coefficient \"12\"/\"18\"; leaves = \"22547\n"
"From remote kernel:"
"\"Factor \"44\" rational summands\"\n"
"From remote kernel:"
"\"Saved coefficient \"11\"/\"18\"; zero = \"True\n"
"From remote kernel:"
"\"Reduce coefficient \"12\"/\"18\"; leaves = \"34993\n"
"From remote kernel:"
"\"Factor \"56\" rational summands\"\n"
"From remote kernel:"
"\"Combine \"44\" summands in \"33\" denominator groups\"\n"
"From remote kernel:"
"\"Combine rational summands; leaves = \"14897\n"
"From remote kernel:"
"\"Saved coefficient \"12\"/\"18\"; zero = \"True\n"
"From remote kernel:"
"\"Reduce coefficient \"13\"/\"18\"; leaves = \"6154\n"
"From remote kernel:"
"\"Factor \"13\" rational summands\"\n"
"From remote kernel:"
"\"Combine \"56\" summands in \"44\" denominator groups\"\n"
"From remote kernel:"
"\"Combine \"13\" summands in \"10\" denominator groups\"\n"
"From remote kernel:"
"\"Combine rational summands; leaves = \"3858\n"
"From remote kernel:"
"\"Saved coefficient \"13\"/\"18\"; zero = \"True\n"
"From remote kernel:"
"\"Reduce coefficient \"14\"/\"18\"; leaves = \"6332\n"
"From remote kernel:"
"\"Factor \"13\" rational summands\"\n"
"From remote kernel:"
"\"Combine rational summands; leaves = \"32671\n"
"From remote kernel:"
"\"Combine \"13\" summands in \"10\" denominator groups\"\n"
"From remote kernel:"
"\"Combine rational summands; leaves = \"4585\n"
"From remote kernel:"
"\"Saved coefficient \"14\"/\"18\"; zero = \"True\n"
"From remote kernel:"
"\"Reduce coefficient \"15\"/\"18\"; leaves = \"1629\n"
"From remote kernel:"
"\"Factor \"3\" rational summands\"\n"
"From remote kernel:"
"\"Combine \"3\" summands in \"3\" denominator groups\"\n"
"From remote kernel:"
"\"Combine rational summands; leaves = \"1476\n"
"From remote kernel:"
"\"Saved coefficient \"15\"/\"18\"; zero = \"True\n"
"From remote kernel:"
"\"Reduce coefficient \"16\"/\"18\"; leaves = \"1629\n"
"From remote kernel:"
"\"Saved coefficient \"16\"/\"18\"; zero = \"True\n"
"From remote kernel:"
"\"Reduce coefficient \"17\"/\"18\"; leaves = \"791\n"
"From remote kernel:"
"\"Factor \"2\" rational summands\"\n"
"From remote kernel:"
"\"Combine \"2\" summands in \"1\" denominator groups\"\n"
"From remote kernel:"
"\"Combine rational summands; leaves = \"1\n"
"From remote kernel:"
"\"Saved coefficient \"17\"/\"18\"; zero = \"True\n"
"From remote kernel:"
"\"Reduce coefficient \"18\"/\"18\"; leaves = \"793\n"
"From remote kernel:"
"\"Factor \"2\" rational summands\"\n"
"From remote kernel:"
"\"Combine \"2\" summands in \"1\" denominator groups\"\n"
"From remote kernel:"
"\"Combine rational summands; leaves = \"1\n"
"From remote kernel:"
"\"Saved coefficient \"18\"/\"18\"; zero = \"True\n"
"From remote kernel:"
"\"2026-09-07T06:46:05\"\" \"{\"COMPARISON_FINISHED\", \"Hqq__Pg_-1_Regular\", True, True}\n"
"From remote kernel:"
"\"2026-09-07T06:46:06\"\" \"{\"COMPARE\", \"Hqg__F1_Born\"}\n"
"From remote kernel:"
"\"Normalize \"0\" radicals\"\n"
"From remote kernel:"
"\"Normalize \"0\" distinct functions\"\n"
"From remote kernel:"
"\"Normalize \"0\" phase functions\"\n"
"From remote kernel:"
"\"2026-09-07T06:46:06\"\" \"{\"COMPARISON_FINISHED\", \"Hqg__F1_Born\", True, True}\n"
"From remote kernel:"
"\"2026-09-07T06:46:06\"\" \"{\"COMPARE\", \"Hqg__F2_-1_Delta\"}\n"
"From remote kernel:"
"\"Saved coefficient \"12\"/\"18\"; zero = \"True\n"
"From remote kernel:"
"\"Reduce coefficient \"13\"/\"18\"; leaves = \"3868\n"
"From remote kernel:"
"\"Factor \"11\" rational summands\"\n"
"From remote kernel:"
"\"Combine \"11\" summands in \"9\" denominator groups\"\n"
"From remote kernel:"
"\"Combine rational summands; leaves = \"1976\n"
"From remote kernel:"
"\"Saved coefficient \"13\"/\"18\"; zero = \"True\n"
"From remote kernel:"
"\"Reduce coefficient \"14\"/\"18\"; leaves = \"4188\n"
"From remote kernel:"
"\"Factor \"13\" rational summands\"\n"
"From remote kernel:"
"\"Combine \"13\" summands in \"11\" denominator groups\"\n"
"From remote kernel:"
"\"Normalize \"0\" radicals\"\n"
"From remote kernel:"
"\"Normalize \"50\" distinct functions\"\n"
"From remote kernel:"
"\"Combine rational summands; leaves = \"2890\n"
"From remote kernel:"
"\"Saved coefficient \"14\"/\"18\"; zero = \"True\n"
"From remote kernel:"
"\"Reduce coefficient \"15\"/\"18\"; leaves = \"762\n"
"From remote kernel:"
"\"Factor \"3\" rational summands\"\n"
"From remote kernel:"
"\"Combine \"3\" summands in \"3\" denominator groups\"\n"
"From remote kernel:"
"\"Normalized function \"10\"/\"50\n"
"From remote kernel:"
"\"Combine rational summands; leaves = \"575\n"
"From remote kernel:"
"\"Saved coefficient \"15\"/\"18\"; zero = \"True\n"
"From remote kernel:"
"\"Reduce coefficient \"16\"/\"18\"; leaves = \"762\n"
"From remote kernel:"
"\"Saved coefficient \"16\"/\"18\"; zero = \"True\n"
"From remote kernel:"
"\"Reduce coefficient \"17\"/\"18\"; leaves = \"796\n"
"From remote kernel:"
"\"Factor \"2\" rational summands\"\n"
"From remote kernel:"
"\"Combine \"2\" summands in \"1\" denominator groups\"\n"
"From remote kernel:"
"\"Combine rational summands; leaves = \"1\n"
"From remote kernel:"
"\"Saved coefficient \"17\"/\"18\"; zero = \"True\n"
"From remote kernel:"
"\"Reduce coefficient \"18\"/\"18\"; leaves = \"497\n"
"From remote kernel:"
"\"Factor \"2\" rational summands\"\n"
"From remote kernel:"
"\"Combine \"2\" summands in \"1\" denominator groups\"\n"
"From remote kernel:"
"\"Combine rational summands; leaves = \"1\n"
"From remote kernel:"
"\"Saved coefficient \"18\"/\"18\"; zero = \"True\n"
"From remote kernel:"
"\"Normalized function \"20\"/\"50\n"
"From remote kernel:"
"\"2026-09-07T06:46:07\"\" \"{\"COMPARISON_FINISHED\", \"Hqq__Ppp_-1_Regular\", True, True}\n"
"From remote kernel:"
"\"2026-09-07T06:46:07\"\" \"{\"COMPARE\", \"Hqg__F2_1_Delta\"}\n"
"From remote kernel:"
"\"Normalized function \"30\"/\"50\n"
"From remote kernel:"
"\"Normalized function \"40\"/\"50\n"
"From remote kernel:"
"\"Normalized function \"50\"/\"50\n"
"From remote kernel:"
"\"Normalize \"0\" radicals\"\n"
"From remote kernel:"
"\"Normalize \"54\" distinct functions\"\n"
"From remote kernel:"
"\"Normalized function \"10\"/\"54\n"
"From remote kernel:"
"\"Normalize \"0\" phase functions\"\n"
"From remote kernel:"
"\"Normalized function \"20\"/\"54\n"
"From remote kernel:"
"\"Normalized function \"30\"/\"54\n"
"From remote kernel:"
"\"Normalized function \"40\"/\"54\n"
"From remote kernel:"
"\"Factored formal input leaves = \"165341\n"
"From remote kernel:"
"\"Normalized function \"50\"/\"54\n"
"From remote kernel:"
"\"Normalize \"2\" phase functions\"\n"
"From remote kernel:"
"\"Reduce \"52\" algebraic coefficients\"\n"
"From remote kernel:"
"\"Reduce coefficient \"1\"/\"52\"; leaves = \"28980\n"
"From remote kernel:"
"\"Factor \"406\" rational summands\"\n"
"From remote kernel:"
"\"Factored summand \"100\"/\"406\n"
"From remote kernel:"
"\"Factored formal input leaves = \"147187\n"
"From remote kernel:"
"\"Factored summand \"200\"/\"406\n"
"From remote kernel:"
"\"Factored summand \"300\"/\"406\n"
"From remote kernel:"
"\"Factored summand \"400\"/\"406\n"
"From remote kernel:"
"\"Combine \"406\" summands in \"98\" denominator groups\"\n"
"From remote kernel:"
"\"Reduce \"52\" algebraic coefficients\"\n"
"From remote kernel:"
"\"Reduce coefficient \"1\"/\"52\"; leaves = \"26258\n"
"From remote kernel:"
"\"Factor \"414\" rational summands\"\n"
"From remote kernel:"
"\"Factored summand \"100\"/\"414\n"
"From remote kernel:"
"\"Combine rational summands; leaves = \"18106\n"
"From remote kernel:"
"\"Factored summand \"200\"/\"414\n"
"From remote kernel:"
"\"Factored summand \"300\"/\"414\n"
"From remote kernel:"
"\"Saved coefficient \"1\"/\"52\"; zero = \"True\n"
"From remote kernel:"
"\"Reduce coefficient \"2\"/\"52\"; leaves = \"10318\n"
"From remote kernel:"
"\"Factor \"161\" rational summands\"\n"
"From remote kernel:"
"\"Factored summand \"100\"/\"161\n"
"From remote kernel:"
"\"Factored summand \"400\"/\"414\n"
"From remote kernel:"
"\"Combine \"414\" summands in \"100\" denominator groups\"\n"
"From remote kernel:"
"\"Combine \"161\" summands in \"43\" denominator groups\"\n"
"From remote kernel:"
"\"Combine rational summands; leaves = \"6953\n"
"From remote kernel:"
"\"Saved coefficient \"2\"/\"52\"; zero = \"True\n"
"From remote kernel:"
"\"Reduce coefficient \"3\"/\"52\"; leaves = \"1498\n"
"From remote kernel:"
"\"Factor \"22\" rational summands\"\n"
"From remote kernel:"
"\"Combine \"22\" summands in \"11\" denominator groups\"\n"
"From remote kernel:"
"\"Combine rational summands; leaves = \"825\n"
"From remote kernel:"
"\"Saved coefficient \"3\"/\"52\"; zero = \"True\n"
"From remote kernel:"
"\"Reduce coefficient \"4\"/\"52\"; leaves = \"10525\n"
"From remote kernel:"
"\"Factor \"160\" rational summands\"\n"
"From remote kernel:"
"\"Combine rational summands; leaves = \"17987\n"
"From remote kernel:"
"\"Factored summand \"100\"/\"160\n"
"From remote kernel:"
"\"Combine \"160\" summands in \"35\" denominator groups\"\n"
"From remote kernel:"
"\"Saved coefficient \"1\"/\"52\"; zero = \"True\n"
"From remote kernel:"
"\"Reduce coefficient \"2\"/\"52\"; leaves = \"9395\n"
"From remote kernel:"
"\"Factor \"166\" rational summands\"\n"
"From remote kernel:"
"\"Factored summand \"100\"/\"166\n"
"From remote kernel:"
"\"Combine rational summands; leaves = \"6938\n"
"From remote kernel:"
"\"Combine \"166\" summands in \"39\" denominator groups\"\n"
"From remote kernel:"
"\"Saved coefficient \"4\"/\"52\"; zero = \"True\n"
"From remote kernel:"
"\"Reduce coefficient \"5\"/\"52\"; leaves = \"2737\n"
"From remote kernel:"
"\"Factor \"49\" rational summands\"\n"
"From remote kernel:"
"\"Combine \"49\" summands in \"20\" denominator groups\"\n"
"From remote kernel:"
"\"Combine rational summands; leaves = \"1841\n"
"From remote kernel:"
"\"Combine rational summands; leaves = \"6978\n"
"From remote kernel:"
"\"Saved coefficient \"5\"/\"52\"; zero = \"True\n"
"From remote kernel:"
"\"Reduce coefficient \"6\"/\"52\"; leaves = \"2697\n"
"From remote kernel:"
"\"Factor \"43\" rational summands\"\n"
"From remote kernel:"
"\"Saved coefficient \"2\"/\"52\"; zero = \"True\n"
"From remote kernel:"
"\"Combine \"43\" summands in \"16\" denominator groups\"\n"
"From remote kernel:"
"\"Reduce coefficient \"3\"/\"52\"; leaves = \"1432\n"
"From remote kernel:"
"\"Factor \"26\" rational summands\"\n"
"From remote kernel:"
"\"Combine \"26\" summands in \"13\" denominator groups\"\n"
"From remote kernel:"
"\"Combine rational summands; leaves = \"1798\n"
"From remote kernel:"
"\"Combine rational summands; leaves = \"962\n"
"From remote kernel:"
"\"Saved coefficient \"6\"/\"52\"; zero = \"True\n"
"From remote kernel:"
"\"Reduce coefficient \"7\"/\"52\"; leaves = \"10956\n"
"From remote kernel:"
"\"Saved coefficient \"3\"/\"52\"; zero = \"True\n"
"From remote kernel:"
"\"Reduce coefficient \"4\"/\"52\"; leaves = \"9595\n"
"From remote kernel:"
"\"Factor \"165\" rational summands\"\n"
"From remote kernel:"
"\"Factor \"166\" rational summands\"\n"
"From remote kernel:"
"\"Factored summand \"100\"/\"166\n"
"From remote kernel:"
"\"Factored summand \"100\"/\"165\n"
"From remote kernel:"
"\"Combine \"165\" summands in \"40\" denominator groups\"\n"
"From remote kernel:"
"\"Combine \"166\" summands in \"34\" denominator groups\"\n"
"From remote kernel:"
"\"Combine rational summands; leaves = \"7219\n"
"From remote kernel:"
"\"Combine rational summands; leaves = \"6976\n"
"From remote kernel:"
"\"Saved coefficient \"7\"/\"52\"; zero = \"True\n"
"From remote kernel:"
"\"Reduce coefficient \"8\"/\"52\"; leaves = \"2891\n"
"From remote kernel:"
"\"Factor \"52\" rational summands\"\n"
"From remote kernel:"
"\"Saved coefficient \"4\"/\"52\"; zero = \"True\n"
"From remote kernel:"
"\"Reduce coefficient \"5\"/\"52\"; leaves = \"2522\n"
"From remote kernel:"
"\"Factor \"52\" rational summands\"\n"
"From remote kernel:"
"\"Combine \"52\" summands in \"20\" denominator groups\"\n"
"From remote kernel:"
"\"Combine \"52\" summands in \"21\" denominator groups\"\n"
"From remote kernel:"
"\"Combine rational summands; leaves = \"1965\n"
"From remote kernel:"
"\"Combine rational summands; leaves = \"1911\n"
"From remote kernel:"
"\"Saved coefficient \"8\"/\"52\"; zero = \"True\n"
"From remote kernel:"
"\"Reduce coefficient \"9\"/\"52\"; leaves = \"2847\n"
"From remote kernel:"
"\"Saved coefficient \"5\"/\"52\"; zero = \"True\n"
"From remote kernel:"
"\"Factor \"46\" rational summands\"\n"
"From remote kernel:"
"\"Reduce coefficient \"6\"/\"52\"; leaves = \"2512\n"
"From remote kernel:"
"\"Factor \"47\" rational summands\"\n"
"From remote kernel:"
"\"Combine \"46\" summands in \"16\" denominator groups\"\n"
"From remote kernel:"
"\"Combine \"47\" summands in \"18\" denominator groups\"\n"
"From remote kernel:"
"\"Combine rational summands; leaves = \"1922\n"
"From remote kernel:"
"\"Combine rational summands; leaves = \"1927\n"
"From remote kernel:"
"\"Saved coefficient \"9\"/\"52\"; zero = \"True\n"
"From remote kernel:"
"\"Reduce coefficient \"10\"/\"52\"; leaves = \"2907\n"
"From remote kernel:"
"\"Factor \"47\" rational summands\"\n"
"From remote kernel:"
"\"Saved coefficient \"6\"/\"52\"; zero = \"True\n"
"From remote kernel:"
"\"Reduce coefficient \"7\"/\"52\"; leaves = \"10003\n"
"From remote kernel:"
"\"Factor \"171\" rational summands\"\n"
"From remote kernel:"
"\"Combine \"47\" summands in \"16\" denominator groups\"\n"
"From remote kernel:"
"\"Combine rational summands; leaves = \"1928\n"
"From remote kernel:"
"\"Normalized function \"30\"/\"31\n"
"From remote kernel:"
"\"Factored summand \"100\"/\"171\n"
"From remote kernel:"
"\"Saved coefficient \"10\"/\"52\"; zero = \"True\n"
"From remote kernel:"
"\"Reduce coefficient \"11\"/\"52\"; leaves = \"7587\n"
"From remote kernel:"
"\"Factor \"78\" rational summands\"\n"
"From remote kernel:"
"\"Combine \"171\" summands in \"39\" denominator groups\"\n"
"From remote kernel:"
"\"Combine \"78\" summands in \"31\" denominator groups\"\n"
"From remote kernel:"
"\"Combine rational summands; leaves = \"4601\n"
"From remote kernel:"
"\"Saved coefficient \"11\"/\"52\"; zero = \"True\n"
"From remote kernel:"
"\"Reduce coefficient \"12\"/\"52\"; leaves = \"2914\n"
"From remote kernel:"
"\"Combine rational summands; leaves = \"7251\n"
"From remote kernel:"
"\"Factor \"42\" rational summands\"\n"
"From remote kernel:"
"\"Normalize \"0\" phase functions\"\n"
"From remote kernel:"
"\"Combine \"42\" summands in \"25\" denominator groups\"\n"
"From remote kernel:"
"\"Combine rational summands; leaves = \"1762\n"
"From remote kernel:"
"\"Saved coefficient \"7\"/\"52\"; zero = \"True\n"
"From remote kernel:"
"\"Saved coefficient \"12\"/\"52\"; zero = \"True\n"
"From remote kernel:"
"\"Reduce coefficient \"8\"/\"52\"; leaves = \"2675\n"
"From remote kernel:"
"\"Reduce coefficient \"13\"/\"52\"; leaves = \"2922\n"
"From remote kernel:"
"\"Factor \"55\" rational summands\"\n"
"From remote kernel:"
"\"Factor \"42\" rational summands\"\n"
"From remote kernel:"
"\"Combine \"42\" summands in \"25\" denominator groups\"\n"
"From remote kernel:"
"\"Combine \"55\" summands in \"21\" denominator groups\"\n"
"From remote kernel:"
"\"Combine rational summands; leaves = \"1762\n"
"From remote kernel:"
"\"Combine rational summands; leaves = \"2031\n"
"From remote kernel:"
"\"Saved coefficient \"13\"/\"52\"; zero = \"True\n"
"From remote kernel:"
"\"Saved coefficient \"8\"/\"52\"; zero = \"True\n"
"From remote kernel:"
"\"Reduce coefficient \"14\"/\"52\"; leaves = \"3020\n"
"From remote kernel:"
"\"Reduce coefficient \"9\"/\"52\"; leaves = \"2658\n"
"From remote kernel:"
"\"Factor \"50\" rational summands\"\n"
"From remote kernel:"
"\"Factor \"44\" rational summands\"\n"
"From remote kernel:"
"\"Combine \"44\" summands in \"25\" denominator groups\"\n"
"From remote kernel:"
"\"Combine \"50\" summands in \"18\" denominator groups\"\n"
"From remote kernel:"
"\"Combine rational summands; leaves = \"1701\n"
"From remote kernel:"
"\"Combine rational summands; leaves = \"2047\n"
"From remote kernel:"
"\"Saved coefficient \"14\"/\"52\"; zero = \"True\n"
"From remote kernel:"
"\"Reduce coefficient \"15\"/\"52\"; leaves = \"4586\n"
"From remote kernel:"
"\"Saved coefficient \"9\"/\"52\"; zero = \"True\n"
"From remote kernel:"
"\"Factor \"69\" rational summands\"\n"
"From remote kernel:"
"\"Reduce coefficient \"10\"/\"52\"; leaves = \"2713\n"
"From remote kernel:"
"\"Factor \"51\" rational summands\"\n"
"From remote kernel:"
"\"Combine \"51\" summands in \"18\" denominator groups\"\n"
"From remote kernel:"
"\"Combine \"69\" summands in \"33\" denominator groups\"\n"
"From remote kernel:"
"\"Combine rational summands; leaves = \"2053\n"
"From remote kernel:"
"\"Combine rational summands; leaves = \"2722\n"
"From remote kernel:"
"\"Saved coefficient \"10\"/\"52\"; zero = \"True\n"
"From remote kernel:"
"\"Reduce coefficient \"11\"/\"52\"; leaves = \"6875\n"
"From remote kernel:"
"\"Factor \"87\" rational summands\"\n"
"From remote kernel:"
"\"Saved coefficient \"15\"/\"52\"; zero = \"False\n"
"From remote kernel:"
"\"Reduce coefficient \"16\"/\"52\"; leaves = \"6594\n"
"From remote kernel:"
"\"Factor \"90\" rational summands\"\n"
"From remote kernel:"
"\"Combine \"87\" summands in \"30\" denominator groups\"\n"
"From remote kernel:"
"\"Combine \"90\" summands in \"35\" denominator groups\"\n"
"From remote kernel:"
"\"Combine rational summands; leaves = \"4620\n"
"From remote kernel:"
"\"Saved coefficient \"11\"/\"52\"; zero = \"True\n"
"From remote kernel:"
"\"Combine rational summands; leaves = \"3866\n"
"From remote kernel:"
"\"Reduce coefficient \"12\"/\"52\"; leaves = \"2612\n"
"From remote kernel:"
"\"Factor \"45\" rational summands\"\n"
"From remote kernel:"
"\"Combine \"45\" summands in \"26\" denominator groups\"\n"
"From remote kernel:"
"\"Saved coefficient \"16\"/\"52\"; zero = \"True\n"
"From remote kernel:"
"\"Reduce coefficient \"17\"/\"52\"; leaves = \"2773\n"
"From remote kernel:"
"\"Factor \"40\" rational summands\"\n"
"From remote kernel:"
"\"Combine rational summands; leaves = \"1877\n"
"From remote kernel:"
"\"Combine \"40\" summands in \"25\" denominator groups\"\n"
"From remote kernel:"
"\"Saved coefficient \"12\"/\"52\"; zero = \"True\n"
"From remote kernel:"
"\"Combine rational summands; leaves = \"1361\n"
"From remote kernel:"
"\"Reduce coefficient \"13\"/\"52\"; leaves = \"2616\n"
"From remote kernel:"
"\"Factor \"45\" rational summands\"\n"
"From remote kernel:"
"\"Saved coefficient \"17\"/\"52\"; zero = \"True\n"
"From remote kernel:"
"\"Reduce coefficient \"18\"/\"52\"; leaves = \"3084\n"
"From remote kernel:"
"\"Combine \"45\" summands in \"26\" denominator groups\"\n"
"From remote kernel:"
"\"Factor \"48\" rational summands\"\n"
"From remote kernel:"
"\"Combine rational summands; leaves = \"1877\n"
"From remote kernel:"
"\"Combine \"48\" summands in \"29\" denominator groups\"\n"
"From remote kernel:"
"\"Saved coefficient \"13\"/\"52\"; zero = \"True\n"
"From remote kernel:"
"\"Combine rational summands; leaves = \"1693\n"
"From remote kernel:"
"\"Reduce coefficient \"14\"/\"52\"; leaves = \"2618\n"
"From remote kernel:"
"\"Factor \"45\" rational summands\"\n"
"From remote kernel:"
"\"Saved coefficient \"18\"/\"52\"; zero = \"True\n"
"From remote kernel:"
"\"Combine \"45\" summands in \"26\" denominator groups\"\n"
"From remote kernel:"
"\"Reduce coefficient \"19\"/\"52\"; leaves = \"3139\n"
"From remote kernel:"
"\"Factor \"49\" rational summands\"\n"
"From remote kernel:"
"\"Combine rational summands; leaves = \"1877\n"
"From remote kernel:"
"\"Combine \"49\" summands in \"29\" denominator groups\"\n"
"From remote kernel:"
"\"Saved coefficient \"14\"/\"52\"; zero = \"True\n"
"From remote kernel:"
"\"Reduce coefficient \"15\"/\"52\"; leaves = \"2773\n"
"From remote kernel:"
"\"Combine rational summands; leaves = \"1680\n"
"From remote kernel:"
"\"Factored formal input leaves = \"427754\n"
"From remote kernel:"
"\"Factor \"47\" rational summands\"\n"
"From remote kernel:"
"\"Saved coefficient \"19\"/\"52\"; zero = \"True\n"
"From remote kernel:"
"\"Combine \"47\" summands in \"25\" denominator groups\"\n"
"From remote kernel:"
"\"Reduce coefficient \"20\"/\"52\"; leaves = \"4279\n"
"From remote kernel:"
"\"Factor \"64\" rational summands\"\n"
"From remote kernel:"
"\"Combine rational summands; leaves = \"1887\n"
"From remote kernel:"
"\"Combine \"64\" summands in \"31\" denominator groups\"\n"
"From remote kernel:"
"\"Saved coefficient \"15\"/\"52\"; zero = \"False\n"
"From remote kernel:"
"\"Reduce coefficient \"16\"/\"52\"; leaves = \"5947\n"
"From remote kernel:"
"\"Factor \"96\" rational summands\"\n"
"From remote kernel:"
"\"Combine rational summands; leaves = \"2457\n"
"From remote kernel:"
"\"Saved coefficient \"20\"/\"52\"; zero = \"True\n"
"From remote kernel:"
"\"Reduce coefficient \"21\"/\"52\"; leaves = \"3801\n"
"From remote kernel:"
"\"Factor \"59\" rational summands\"\n"
"From remote kernel:"
"\"Combine \"96\" summands in \"33\" denominator groups\"\n"
"From remote kernel:"
"\"Combine \"59\" summands in \"31\" denominator groups\"\n"
"From remote kernel:"
"\"Combine rational summands; leaves = \"3924\n"
"From remote kernel:"
"\"Combine rational summands; leaves = \"2350\n"
"From remote kernel:"
"\"Saved coefficient \"16\"/\"52\"; zero = \"True\n"
"From remote kernel:"
"\"Reduce coefficient \"17\"/\"52\"; leaves = \"2465\n"
"From remote kernel:"
"\"Factor \"42\" rational summands\"\n"
"From remote kernel:"
"\"Saved coefficient \"21\"/\"52\"; zero = \"True\n"
"From remote kernel:"
"\"Reduce coefficient \"22\"/\"52\"; leaves = \"2253\n"
"From remote kernel:"
"\"Factor \"46\" rational summands\"\n"
"From remote kernel:"
"\"Combine \"42\" summands in \"26\" denominator groups\"\n"
"From remote kernel:"
"\"Combine \"46\" summands in \"12\" denominator groups\"\n"
"From remote kernel:"
"\"Combine rational summands; leaves = \"1625\n"
"From remote kernel:"
"\"Combine rational summands; leaves = \"1913\n"
"From remote kernel:"
"\"Saved coefficient \"17\"/\"52\"; zero = \"True\n"
"From remote kernel:"
"\"Saved coefficient \"22\"/\"52\"; zero = \"True\n"
"From remote kernel:"
"\"Reduce coefficient \"18\"/\"52\"; leaves = \"2717\n"
"From remote kernel:"
"\"Reduce coefficient \"23\"/\"52\"; leaves = \"477\n"
"From remote kernel:"
"\"Factor \"49\" rational summands\"\n"
"From remote kernel:"
"\"Factor \"9\" rational summands\"\n"
"From remote kernel:"
"\"Combine \"9\" summands in \"4\" denominator groups\"\n"
"From remote kernel:"
"\"Combine rational summands; leaves = \"276\n"
"From remote kernel:"
"\"Saved coefficient \"23\"/\"52\"; zero = \"True\n"
"From remote kernel:"
"\"Reduce coefficient \"24\"/\"52\"; leaves = \"1007\n"
"From remote kernel:"
"\"Combine \"49\" summands in \"29\" denominator groups\"\n"
"From remote kernel:"
"\"Factor \"24\" rational summands\"\n"
"From remote kernel:"
"\"Combine \"24\" summands in \"7\" denominator groups\"\n"
"From remote kernel:"
"\"Combine rational summands; leaves = \"778\n"
"From remote kernel:"
"\"Saved coefficient \"24\"/\"52\"; zero = \"True\n"
"From remote kernel:"
"\"Reduce coefficient \"25\"/\"52\"; leaves = \"1009\n"
"From remote kernel:"
"\"Combine rational summands; leaves = \"1873\n"
"From remote kernel:"
"\"Factor \"24\" rational summands\"\n"
"From remote kernel:"
"\"Combine \"24\" summands in \"7\" denominator groups\"\n"
"From remote kernel:"
"\"Combine rational summands; leaves = \"778\n"
"From remote kernel:"
"\"Saved coefficient \"25\"/\"52\"; zero = \"True\n"
"From remote kernel:"
"\"Reduce coefficient \"26\"/\"52\"; leaves = \"181\n"
"From remote kernel:"
"\"Saved coefficient \"18\"/\"52\"; zero = \"True\n"
"From remote kernel:"
"\"Factor \"4\" rational summands\"\n"
"From remote kernel:"
"\"Reduce coefficient \"19\"/\"52\"; leaves = \"2722\n"
"From remote kernel:"
"\"Combine \"4\" summands in \"2\" denominator groups\"\n"
"From remote kernel:"
"\"Factor \"49\" rational summands\"\n"
"From remote kernel:"
"\"Combine rational summands; leaves = \"1\n"
"From remote kernel:"
"\"Saved coefficient \"26\"/\"52\"; zero = \"True\n"
"From remote kernel:"
"\"Reduce coefficient \"27\"/\"52\"; leaves = \"542\n"
"From remote kernel:"
"\"Factor \"10\" rational summands\"\n"
"From remote kernel:"
"\"Combine \"49\" summands in \"29\" denominator groups\"\n"
"From remote kernel:"
"\"Combine \"10\" summands in \"4\" denominator groups\"\n"
"From remote kernel:"
"\"Combine rational summands; leaves = \"309\n"
"From remote kernel:"
"\"Saved coefficient \"27\"/\"52\"; zero = \"True\n"
"From remote kernel:"
"\"Reduce coefficient \"28\"/\"52\"; leaves = \"7765\n"
"From remote kernel:"
"\"Combine rational summands; leaves = \"1873\n"
"From remote kernel:"
"\"Factor \"113\" rational summands\"\n"
"From remote kernel:"
"\"Saved coefficient \"19\"/\"52\"; zero = \"True\n"
"From remote kernel:"
"\"Reduce coefficient \"20\"/\"52\"; leaves = \"2911\n"
"From remote kernel:"
"\"Factor \"46\" rational summands\"\n"
"From remote kernel:"
"\"Factored summand \"100\"/\"113\n"
"From remote kernel:"
"\"Combine \"46\" summands in \"25\" denominator groups\"\n"
"From remote kernel:"
"\"Combine \"113\" summands in \"34\" denominator groups\"\n"
"From remote kernel:"
"\"Combine rational summands; leaves = \"1628\n"
"From remote kernel:"
"\"Saved coefficient \"20\"/\"52\"; zero = \"True\n"
"From remote kernel:"
"\"Reduce coefficient \"21\"/\"52\"; leaves = \"2932\n"
"From remote kernel:"
"\"Factor \"45\" rational summands\"\n"
"From remote kernel:"
"\"Combine rational summands; leaves = \"4730\n"
"From remote kernel:"
"\"Combine \"45\" summands in \"28\" denominator groups\"\n"
"From remote kernel:"
"\"Saved coefficient \"28\"/\"52\"; zero = \"True\n"
"From remote kernel:"
"\"Combine rational summands; leaves = \"1524\n"
"From remote kernel:"
"\"Reduce coefficient \"29\"/\"52\"; leaves = \"1502\n"
"From remote kernel:"
"\"Factor \"22\" rational summands\"\n"
"From remote kernel:"
"\"Combine \"22\" summands in \"11\" denominator groups\"\n"
"From remote kernel:"
"\"Saved coefficient \"21\"/\"52\"; zero = \"True\n"
"From remote kernel:"
"\"Combine rational summands; leaves = \"825\n"
"From remote kernel:"
"\"Reduce \"18\" algebraic coefficients\"\n"
"From remote kernel:"
"\"Reduce coefficient \"22\"/\"52\"; leaves = \"2069\n"
"From remote kernel:"
"\"Reduce coefficient \"1\"/\"18\"; leaves = \"119750\n"
"From remote kernel:"
"\"Factor \"46\" rational summands\"\n"
"From remote kernel:"
"\"Saved coefficient \"29\"/\"52\"; zero = \"True\n"
"From remote kernel:"
"\"Reduce coefficient \"30\"/\"52\"; leaves = \"1795\n"
"From remote kernel:"
"\"Factor \"28\" rational summands\"\n"
"From remote kernel:"
"\"Combine \"46\" summands in \"11\" denominator groups\"\n"
"From remote kernel:"
"\"Combine \"28\" summands in \"12\" denominator groups\"\n"
"From remote kernel:"
"\"Combine rational summands; leaves = \"1868\n"
"From remote kernel:"
"\"Combine rational summands; leaves = \"990\n"
"From remote kernel:"
"\"Saved coefficient \"22\"/\"52\"; zero = \"True\n"
"From remote kernel:"
"\"Reduce coefficient \"23\"/\"52\"; leaves = \"415\n"
"From remote kernel:"
"\"Saved coefficient \"30\"/\"52\"; zero = \"True\n"
"From remote kernel:"
"\"Factor \"8\" rational summands\"\n"
"From remote kernel:"
"\"Reduce coefficient \"31\"/\"52\"; leaves = \"1921\n"
"From remote kernel:"
"\"Combine \"8\" summands in \"4\" denominator groups\"\n"
"From remote kernel:"
"\"Factor \"30\" rational summands\"\n"
"From remote kernel:"
"\"Combine rational summands; leaves = \"272\n"
"From remote kernel:"
"\"Saved coefficient \"23\"/\"52\"; zero = \"True\n"
"From remote kernel:"
"\"Reduce coefficient \"24\"/\"52\"; leaves = \"901\n"
"From remote kernel:"
"\"Factor \"23\" rational summands\"\n"
"From remote kernel:"
"\"Combine \"30\" summands in \"12\" denominator groups\"\n"
"From remote kernel:"
"\"Combine \"23\" summands in \"7\" denominator groups\"\n"
"From remote kernel:"
"\"Combine rational summands; leaves = \"758\n"
"From remote kernel:"
"\"Saved coefficient \"24\"/\"52\"; zero = \"True\n"
"From remote kernel:"
"\"Combine rational summands; leaves = \"1110\n"
"From remote kernel:"
"\"Reduce coefficient \"25\"/\"52\"; leaves = \"903\n"
"From remote kernel:"
"\"Factor \"23\" rational summands\"\n"
"From remote kernel:"
"\"Saved coefficient \"31\"/\"52\"; zero = \"True\n"
"From remote kernel:"
"\"Combine \"23\" summands in \"7\" denominator groups\"\n"
"From remote kernel:"
"\"Reduce coefficient \"32\"/\"52\"; leaves = \"2308\n"
"From remote kernel:"
"\"Combine rational summands; leaves = \"758\n"
"From remote kernel:"
"\"Factor \"32\" rational summands\"\n"
"From remote kernel:"
"\"Factor \"300\" rational summands\"\n"
"From remote kernel:"
"\"Saved coefficient \"25\"/\"52\"; zero = \"True\n"
"From remote kernel:"
"\"Reduce coefficient \"26\"/\"52\"; leaves = \"121\n"
"From remote kernel:"
"\"Factor \"2\" rational summands\"\n"
"From remote kernel:"
"\"Combine \"32\" summands in \"24\" denominator groups\"\n"
"From remote kernel:"
"\"Combine \"2\" summands in \"1\" denominator groups\"\n"
"From remote kernel:"
"\"Combine rational summands; leaves = \"1\n"
"From remote kernel:"
"\"Saved coefficient \"26\"/\"52\"; zero = \"True\n"
"From remote kernel:"
"\"Reduce coefficient \"27\"/\"52\"; leaves = \"448\n"
"From remote kernel:"
"\"Combine rational summands; leaves = \"1397\n"
"From remote kernel:"
"\"Factor \"8\" rational summands\"\n"
"From remote kernel:"
"\"Combine \"8\" summands in \"3\" denominator groups\"\n"
"From remote kernel:"
"\"Combine rational summands; leaves = \"303\n"
"From remote kernel:"
"\"Saved coefficient \"27\"/\"52\"; zero = \"True\n"
"From remote kernel:"
"\"Reduce coefficient \"28\"/\"52\"; leaves = \"7048\n"
"From remote kernel:"
"\"Saved coefficient \"32\"/\"52\"; zero = \"True\n"
"From remote kernel:"
"\"Factor \"117\" rational summands\"\n"
"From remote kernel:"
"\"Reduce coefficient \"33\"/\"52\"; leaves = \"2458\n"
"From remote kernel:"
"\"Factor \"35\" rational summands\"\n"
"From remote kernel:"
"\"Combine \"35\" summands in \"25\" denominator groups\"\n"
"From remote kernel:"
"\"Factored summand \"100\"/\"117\n"
"From remote kernel:"
"\"Combine rational summands; leaves = \"1396\n"
"From remote kernel:"
"\"Combine \"117\" summands in \"33\" denominator groups\"\n"
"From remote kernel:"
"\"Saved coefficient \"33\"/\"52\"; zero = \"True\n"
"From remote kernel:"
"\"Reduce coefficient \"34\"/\"52\"; leaves = \"178\n"
"From remote kernel:"
"\"Factor \"4\" rational summands\"\n"
"From remote kernel:"
"\"Combine \"4\" summands in \"2\" denominator groups\"\n"
"From remote kernel:"
"\"Factored summand \"100\"/\"300\n"
"From remote kernel:"
"\"Combine rational summands; leaves = \"1\n"
"From remote kernel:"
"\"Saved coefficient \"34\"/\"52\"; zero = \"True\n"
"From remote kernel:"
"\"Reduce coefficient \"35\"/\"52\"; leaves = \"1502\n"
"From remote kernel:"
"\"Factor \"22\" rational summands\"\n"
"From remote kernel:"
"\"Combine \"22\" summands in \"11\" denominator groups\"\n"
"From remote kernel:"
"\"Combine rational summands; leaves = \"831\n"
"From remote kernel:"
"\"Saved coefficient \"35\"/\"52\"; zero = \"True\n"
"From remote kernel:"
"\"Reduce coefficient \"36\"/\"52\"; leaves = \"2522\n"
"From remote kernel:"
"\"Factor \"44\" rational summands\"\n"
"From remote kernel:"
"\"Combine rational summands; leaves = \"4673\n"
"From remote kernel:"
"\"Combine \"44\" summands in \"12\" denominator groups\"\n"
"From remote kernel:"
"\"Saved coefficient \"28\"/\"52\"; zero = \"True\n"
"From remote kernel:"
"\"Reduce coefficient \"29\"/\"52\"; leaves = \"1367\n"
"From remote kernel:"
"\"Factor \"23\" rational summands\"\n"
"From remote kernel:"
"\"Combine rational summands; leaves = \"2173\n"
"From remote kernel:"
"\"Combine \"23\" summands in \"11\" denominator groups\"\n"
"From remote kernel:"
"\"Saved coefficient \"36\"/\"52\"; zero = \"True\n"
"From remote kernel:"
"\"Combine rational summands; leaves = \"851\n"
"From remote kernel:"
"\"Reduce coefficient \"37\"/\"52\"; leaves = \"463\n"
"From remote kernel:"
"\"Factor \"9\" rational summands\"\n"
"From remote kernel:"
"\"Saved coefficient \"29\"/\"52\"; zero = \"True\n"
"From remote kernel:"
"\"Combine \"9\" summands in \"5\" denominator groups\"\n"
"From remote kernel:"
"\"Reduce coefficient \"30\"/\"52\"; leaves = \"1613\n"
"From remote kernel:"
"\"Combine rational summands; leaves = \"273\n"
"From remote kernel:"
"\"Factor \"29\" rational summands\"\n"
"From remote kernel:"
"\"Saved coefficient \"37\"/\"52\"; zero = \"True\n"
"From remote kernel:"
"\"Reduce coefficient \"38\"/\"52\"; leaves = \"989\n"
"From remote kernel:"
"\"Factor \"18\" rational summands\"\n"
"From remote kernel:"
"\"Combine \"18\" summands in \"8\" denominator groups\"\n"
"From remote kernel:"
"\"Combine \"29\" summands in \"13\" denominator groups\"\n"
"From remote kernel:"
"\"Combine rational summands; leaves = \"722\n"
"From remote kernel:"
"\"Saved coefficient \"38\"/\"52\"; zero = \"True\n"
"From remote kernel:"
"\"Reduce coefficient \"39\"/\"52\"; leaves = \"991\n"
"From remote kernel:"
"\"Combine rational summands; leaves = \"1033\n"
"From remote kernel:"
"\"Factor \"18\" rational summands\"\n"
"From remote kernel:"
"\"Combine \"18\" summands in \"8\" denominator groups\"\n"
"From remote kernel:"
"\"Saved coefficient \"30\"/\"52\"; zero = \"True\n"
"From remote kernel:"
"\"Combine rational summands; leaves = \"722\n"
"From remote kernel:"
"\"Reduce coefficient \"31\"/\"52\"; leaves = \"1733\n"
"From remote kernel:"
"\"Saved coefficient \"39\"/\"52\"; zero = \"True\n"
"From remote kernel:"
"\"Factor \"31\" rational summands\"\n"
"From remote kernel:"
"\"Reduce coefficient \"40\"/\"52\"; leaves = \"196\n"
"From remote kernel:"
"\"Factor \"4\" rational summands\"\n"
"From remote kernel:"
"\"Combine \"4\" summands in \"3\" denominator groups\"\n"
"From remote kernel:"
"\"Combine rational summands; leaves = \"168\n"
"From remote kernel:"
"\"Combine \"31\" summands in \"13\" denominator groups\"\n"
"From remote kernel:"
"\"Saved coefficient \"40\"/\"52\"; zero = \"False\n"
"From remote kernel:"
"\"Reduce coefficient \"41\"/\"52\"; leaves = \"303\n"
"From remote kernel:"
"\"Factor \"7\" rational summands\"\n"
"From remote kernel:"
"\"Combine rational summands; leaves = \"1149\n"
"From remote kernel:"
"\"Combine \"7\" summands in \"4\" denominator groups\"\n"
"From remote kernel:"
"\"Combine rational summands; leaves = \"135\n"
"From remote kernel:"
"\"Saved coefficient \"31\"/\"52\"; zero = \"True\n"
"From remote kernel:"
"\"Saved coefficient \"41\"/\"52\"; zero = \"True\n"
"From remote kernel:"
"\"Reduce coefficient \"32\"/\"52\"; leaves = \"2097\n"
"From remote kernel:"
"\"Reduce coefficient \"42\"/\"52\"; leaves = \"382\n"
"From remote kernel:"
"\"Factor \"34\" rational summands\"\n"
"From remote kernel:"
"\"Factor \"9\" rational summands\"\n"
"From remote kernel:"
"\"Combine \"9\" summands in \"4\" denominator groups\"\n"
"From remote kernel:"
"\"Factored summand \"200\"/\"300\n"
"From remote kernel:"
"\"Combine rational summands; leaves = \"198\n"
"From remote kernel:"
"\"Saved coefficient \"42\"/\"52\"; zero = \"True\n"
"From remote kernel:"
"\"Combine \"34\" summands in \"24\" denominator groups\"\n"
"From remote kernel:"
"\"Reduce coefficient \"43\"/\"52\"; leaves = \"178\n"
"From remote kernel:"
"\"Saved coefficient \"43\"/\"52\"; zero = \"True\n"
"From remote kernel:"
"\"Reduce coefficient \"44\"/\"52\"; leaves = \"686\n"
"From remote kernel:"
"\"Combine rational summands; leaves = \"1409\n"
"From remote kernel:"
"\"Factor \"15\" rational summands\"\n"
"From remote kernel:"
"\"Combine \"15\" summands in \"8\" denominator groups\"\n"
"From remote kernel:"
"\"Combine rational summands; leaves = \"482\n"
"From remote kernel:"
"\"Saved coefficient \"44\"/\"52\"; zero = \"False\n"
"From remote kernel:"
"\"Reduce coefficient \"45\"/\"52\"; leaves = \"3411\n"
"From remote kernel:"
"\"Saved coefficient \"32\"/\"52\"; zero = \"True\n"
"From remote kernel:"
"\"Factor \"52\" rational summands\"\n"
"From remote kernel:"
"\"Reduce coefficient \"33\"/\"52\"; leaves = \"2215\n"
"From remote kernel:"
"\"Combine \"52\" summands in \"29\" denominator groups\"\n"
"From remote kernel:"
"\"Factor \"36\" rational summands\"\n"
"From remote kernel:"
"\"Combine rational summands; leaves = \"2349\n"
"From remote kernel:"
"\"Combine \"36\" summands in \"24\" denominator groups\"\n"
"From remote kernel:"
"\"Combine rational summands; leaves = \"1408\n"
"From remote kernel:"
"\"Saved coefficient \"45\"/\"52\"; zero = \"True\n"
"From remote kernel:"
"\"Reduce coefficient \"46\"/\"52\"; leaves = \"125\n"
"From remote kernel:"
"\"Factor \"2\" rational summands\"\n"
"From remote kernel:"
"\"Combine \"2\" summands in \"2\" denominator groups\"\n"
"From remote kernel:"
"\"Combine rational summands; leaves = \"105\n"
"From remote kernel:"
"\"Saved coefficient \"46\"/\"52\"; zero = \"False\n"
"From remote kernel:"
"\"Saved coefficient \"33\"/\"52\"; zero = \"True\n"
"From remote kernel:"
"\"Reduce coefficient \"47\"/\"52\"; leaves = \"324\n"
"From remote kernel:"
"\"Reduce coefficient \"34\"/\"52\"; leaves = \"118\n"
"From remote kernel:"
"\"Factor \"6\" rational summands\"\n"
"From remote kernel:"
"\"Factor \"2\" rational summands\"\n"
"From remote kernel:"
"\"Combine \"6\" summands in \"4\" denominator groups\"\n"
"From remote kernel:"
"\"Combine \"2\" summands in \"1\" denominator groups\"\n"
"From remote kernel:"
"\"Combine rational summands; leaves = \"274\n"
"From remote kernel:"
"\"Combine rational summands; leaves = \"1\n"
"From remote kernel:"
"\"Saved coefficient \"47\"/\"52\"; zero = \"True\n"
"From remote kernel:"
"\"Saved coefficient \"34\"/\"52\"; zero = \"True\n"
"From remote kernel:"
"\"Reduce coefficient \"48\"/\"52\"; leaves = \"324\n"
"From remote kernel:"
"\"Reduce coefficient \"35\"/\"52\"; leaves = \"1361\n"
"From remote kernel:"
"\"Factor \"6\" rational summands\"\n"
"From remote kernel:"
"\"Factor \"23\" rational summands\"\n"
"From remote kernel:"
"\"Combine \"6\" summands in \"4\" denominator groups\"\n"
"From remote kernel:"
"\"Combine \"23\" summands in \"11\" denominator groups\"\n"
"From remote kernel:"
"\"Combine rational summands; leaves = \"274\n"
"From remote kernel:"
"\"Combine rational summands; leaves = \"857\n"
"From remote kernel:"
"\"Saved coefficient \"48\"/\"52\"; zero = \"True\n"
"From remote kernel:"
"\"Saved coefficient \"35\"/\"52\"; zero = \"True\n"
"From remote kernel:"
"\"Reduce coefficient \"49\"/\"52\"; leaves = \"379\n"
"From remote kernel:"
"\"Reduce coefficient \"36\"/\"52\"; leaves = \"2257\n"
"From remote kernel:"
"\"Factor \"6\" rational summands\"\n"
"From remote kernel:"
"\"Factor \"43\" rational summands\"\n"
"From remote kernel:"
"\"Combine \"6\" summands in \"5\" denominator groups\"\n"
"From remote kernel:"
"\"Combine rational summands; leaves = \"274\n"
"From remote kernel:"
"\"Saved coefficient \"49\"/\"52\"; zero = \"True\n"
"From remote kernel:"
"\"Reduce coefficient \"50\"/\"52\"; leaves = \"929\n"
"From remote kernel:"
"\"Combine \"43\" summands in \"11\" denominator groups\"\n"
"From remote kernel:"
"\"Factor \"8\" rational summands\"\n"
"From remote kernel:"
"\"Combine \"8\" summands in \"4\" denominator groups\"\n"
"From remote kernel:"
"\"Combine rational summands; leaves = \"1\n"
"From remote kernel:"
"\"Saved coefficient \"50\"/\"52\"; zero = \"True\n"
"From remote kernel:"
"\"Reduce coefficient \"51\"/\"52\"; leaves = \"929\n"
"From remote kernel:"
"\"Combine rational summands; leaves = \"2112\n"
"From remote kernel:"
"\"Factor \"8\" rational summands\"\n"
"From remote kernel:"
"\"Combine \"8\" summands in \"4\" denominator groups\"\n"
"From remote kernel:"
"\"Combine rational summands; leaves = \"1\n"
"From remote kernel:"
"\"Saved coefficient \"36\"/\"52\"; zero = \"True\n"
"From remote kernel:"
"\"Saved coefficient \"51\"/\"52\"; zero = \"True\n"
"From remote kernel:"
"\"Reduce coefficient \"37\"/\"52\"; leaves = \"403\n"
"From remote kernel:"
"\"Reduce coefficient \"52\"/\"52\"; leaves = \"182\n"
"From remote kernel:"
"\"Factor \"8\" rational summands\"\n"
"From remote kernel:"
"\"Factor \"2\" rational summands\"\n"
"From remote kernel:"
"\"Combine \"8\" summands in \"4\" denominator groups\"\n"
"From remote kernel:"
"\"Combine \"2\" summands in \"2\" denominator groups\"\n"
"From remote kernel:"
"\"Combine rational summands; leaves = \"269\n"
"From remote kernel:"
"\"Combine rational summands; leaves = \"105\n"
"From remote kernel:"
"\"Saved coefficient \"37\"/\"52\"; zero = \"True\n"
"From remote kernel:"
"\"Saved coefficient \"52\"/\"52\"; zero = \"False\n"
"From remote kernel:"
"\"Reduce coefficient \"38\"/\"52\"; leaves = \"873\n"
"From remote kernel:"
"\"Factor \"17\" rational summands\"\n"
"From remote kernel:"
"\"Combine \"17\" summands in \"7\" denominator groups\"\n"
"From remote kernel:"
"\"Combine rational summands; leaves = \"694\n"
"From remote kernel:"
"\"Saved coefficient \"38\"/\"52\"; zero = \"True\n"
"From remote kernel:"
"\"Reduce coefficient \"39\"/\"52\"; leaves = \"875\n"
"From remote kernel:"
"\"Factor \"17\" rational summands\"\n"
"From remote kernel:"
"\"Combine \"17\" summands in \"7\" denominator groups\"\n"
"From remote kernel:"
"\"Combine rational summands; leaves = \"694\n"
"From remote kernel:"
"\"Saved coefficient \"39\"/\"52\"; zero = \"True\n"
"From remote kernel:"
"\"Reduce coefficient \"40\"/\"52\"; leaves = \"178\n"
"From remote kernel:"
"\"2026-09-07T06:46:21\"\" \"{\"COMPARISON_FINISHED\", \"Hqg__F2_-1_Delta\", True, False}\n"
"From remote kernel:"
"\"Factor \"4\" rational summands\"\n"
"From remote kernel:"
"\"Combine \"4\" summands in \"3\" denominator groups\"\n"
"From remote kernel:"
"\"Combine rational summands; leaves = \"168\n"
"From remote kernel:"
"\"2026-09-07T06:46:21\"\" \"{\"COMPARE\", \"Hqg__F2_-1_L0\"}\n"
"From remote kernel:"
"\"Saved coefficient \"40\"/\"52\"; zero = \"False\n"
"From remote kernel:"
"\"Reduce coefficient \"41\"/\"52\"; leaves = \"257\n"
"From remote kernel:"
"\"Factor \"6\" rational summands\"\n"
"From remote kernel:"
"\"Combine \"6\" summands in \"3\" denominator groups\"\n"
"From remote kernel:"
"\"Combine rational summands; leaves = \"137\n"
"From remote kernel:"
"\"Saved coefficient \"41\"/\"52\"; zero = \"True\n"
"From remote kernel:"
"\"Reduce coefficient \"42\"/\"52\"; leaves = \"308\n"
"From remote kernel:"
"\"Factor \"7\" rational summands\"\n"
"From remote kernel:"
"\"Combine \"7\" summands in \"3\" denominator groups\"\n"
"From remote kernel:"
"\"Normalize \"3\" radicals\"\n"
"From remote kernel:"
"\"Combine rational summands; leaves = \"190\n"
"From remote kernel:"
"\"Normalize \"15\" distinct functions\"\n"
"From remote kernel:"
"\"Saved coefficient \"42\"/\"52\"; zero = \"True\n"
"From remote kernel:"
"\"Reduce coefficient \"43\"/\"52\"; leaves = \"118\n"
"From remote kernel:"
"\"Saved coefficient \"43\"/\"52\"; zero = \"True\n"
"From remote kernel:"
"\"Reduce coefficient \"44\"/\"52\"; leaves = \"608\n"
"From remote kernel:"
"\"Factor \"14\" rational summands\"\n"
"From remote kernel:"
"\"Combine \"14\" summands in \"7\" denominator groups\"\n"
"From remote kernel:"
"\"Combine rational summands; leaves = \"472\n"
"From remote kernel:"
"\"Saved coefficient \"44\"/\"52\"; zero = \"False\n"
"From remote kernel:"
"\"Reduce coefficient \"45\"/\"52\"; leaves = \"3050\n"
"From remote kernel:"
"\"Factor \"52\" rational summands\"\n"
"From remote kernel:"
"\"Combine \"52\" summands in \"28\" denominator groups\"\n"
"From remote kernel:"
"\"Normalized function \"10\"/\"15\n"
"From remote kernel:"
"\"Combine rational summands; leaves = \"2307\n"
"From remote kernel:"
"\"Saved coefficient \"45\"/\"52\"; zero = \"True\n"
"From remote kernel:"
"\"Reduce coefficient \"46\"/\"52\"; leaves = \"113\n"
"From remote kernel:"
"\"Normalize \"0\" phase functions\"\n"
"From remote kernel:"
"\"Factor \"2\" rational summands\"\n"
"From remote kernel:"
"\"Combine \"2\" summands in \"2\" denominator groups\"\n"
"From remote kernel:"
"\"Combine rational summands; leaves = \"103\n"
"From remote kernel:"
"\"Factored formal input leaves = \"6260\n"
"From remote kernel:"
"\"Saved coefficient \"46\"/\"52\"; zero = \"False\n"
"From remote kernel:"
"\"Reduce coefficient \"47\"/\"52\"; leaves = \"296\n"
"From remote kernel:"
"\"Factor \"6\" rational summands\"\n"
"From remote kernel:"
"\"Reduce \"9\" algebraic coefficients\"\n"
"From remote kernel:"
"\"Combine \"6\" summands in \"4\" denominator groups\"\n"
"From remote kernel:"
"\"Reduce coefficient \"1\"/\"9\"; leaves = \"1115\n"
"From remote kernel:"
"\"Combine rational summands; leaves = \"270\n"
"From remote kernel:"
"\"Factor \"8\" rational summands\"\n"
"From remote kernel:"
"\"Saved coefficient \"47\"/\"52\"; zero = \"True\n"
"From remote kernel:"
"\"Combine \"8\" summands in \"4\" denominator groups\"\n"
"From remote kernel:"
"\"Reduce coefficient \"48\"/\"52\"; leaves = \"296\n"
"From remote kernel:"
"\"Combine rational summands; leaves = \"334\n"
"From remote kernel:"
"\"Factor \"6\" rational summands\"\n"
"From remote kernel:"
"\"Saved coefficient \"1\"/\"9\"; zero = \"True\n"
"From remote kernel:"
"\"Combine \"6\" summands in \"4\" denominator groups\"\n"
"From remote kernel:"
"\"Reduce coefficient \"2\"/\"9\"; leaves = \"225\n"
"From remote kernel:"
"\"Combine rational summands; leaves = \"270\n"
"From remote kernel:"
"\"Factor \"3\" rational summands\"\n"
"From remote kernel:"
"\"Saved coefficient \"48\"/\"52\"; zero = \"True\n"
"From remote kernel:"
"\"Combine \"3\" summands in \"3\" denominator groups\"\n"
"From remote kernel:"
"\"Reduce coefficient \"49\"/\"52\"; leaves = \"345\n"
"From remote kernel:"
"\"Combine rational summands; leaves = \"181\n"
"From remote kernel:"
"\"Factor \"6\" rational summands\"\n"
"From remote kernel:"
"\"Saved coefficient \"2\"/\"9\"; zero = \"True\n"
"From remote kernel:"
"\"Combine \"6\" summands in \"4\" denominator groups\"\n"
"From remote kernel:"
"\"Reduce coefficient \"3\"/\"9\"; leaves = \"1476\n"
"From remote kernel:"
"\"Combine rational summands; leaves = \"270\n"
"From remote kernel:"
"\"Factor \"10\" rational summands\"\n"
"From remote kernel:"
"\"Saved coefficient \"49\"/\"52\"; zero = \"True\n"
"From remote kernel:"
"\"Combine \"10\" summands in \"6\" denominator groups\"\n"
"From remote kernel:"
"\"Reduce coefficient \"50\"/\"52\"; leaves = \"837\n"
"From remote kernel:"
"\"Combine rational summands; leaves = \"501\n"
"From remote kernel:"
"\"Factor \"8\" rational summands\"\n"
"From remote kernel:"
"\"Saved coefficient \"3\"/\"9\"; zero = \"True\n"
"From remote kernel:"
"\"Combine \"8\" summands in \"4\" denominator groups\"\n"
"From remote kernel:"
"\"Reduce coefficient \"4\"/\"9\"; leaves = \"657\n"
"From remote kernel:"
"\"Combine rational summands; leaves = \"1\n"
"From remote kernel:"
"\"Factor \"6\" rational summands\"\n"
"From remote kernel:"
"\"Saved coefficient \"50\"/\"52\"; zero = \"True\n"
"From remote kernel:"
"\"Combine \"6\" summands in \"2\" denominator groups\"\n"
"From remote kernel:"
"\"Reduce coefficient \"51\"/\"52\"; leaves = \"837\n"
"From remote kernel:"
"\"Combine rational summands; leaves = \"1\n"
"From remote kernel:"
"\"Factor \"8\" rational summands\"\n"
"From remote kernel:"
"\"Saved coefficient \"4\"/\"9\"; zero = \"True\n"
"From remote kernel:"
"\"Combine \"8\" summands in \"4\" denominator groups\"\n"
"From remote kernel:"
"\"Reduce coefficient \"5\"/\"9\"; leaves = \"455\n"
"From remote kernel:"
"\"Combine rational summands; leaves = \"1\n"
"From remote kernel:"
"\"Factor \"4\" rational summands\"\n"
"From remote kernel:"
"\"Saved coefficient \"51\"/\"52\"; zero = \"True\n"
"From remote kernel:"
"\"Combine \"4\" summands in \"2\" denominator groups\"\n"
"From remote kernel:"
"\"Reduce coefficient \"52\"/\"52\"; leaves = \"163\n"
"From remote kernel:"
"\"Combine rational summands; leaves = \"1\n"
"From remote kernel:"
"\"Factor \"2\" rational summands\"\n"
"From remote kernel:"
"\"Saved coefficient \"5\"/\"9\"; zero = \"True\n"
"From remote kernel:"
"\"Combine \"2\" summands in \"2\" denominator groups\"\n"
"From remote kernel:"
"\"Reduce coefficient \"6\"/\"9\"; leaves = \"779\n"
"From remote kernel:"
"\"Combine rational summands; leaves = \"103\n"
"From remote kernel:"
"\"Factor \"8\" rational summands\"\n"
"From remote kernel:"
"\"Saved coefficient \"52\"/\"52\"; zero = \"False\n"
"From remote kernel:"
"\"Combine \"8\" summands in \"2\" denominator groups\"\n"
"From remote kernel:"
"\"Combine rational summands; leaves = \"174\n"
"From remote kernel:"
"\"Saved coefficient \"6\"/\"9\"; zero = \"True\n"
"From remote kernel:"
"\"Reduce coefficient \"7\"/\"9\"; leaves = \"1107\n"
"From remote kernel:"
"\"Factor \"10\" rational summands\"\n"
"From remote kernel:"
"\"Combine \"10\" summands in \"6\" denominator groups\"\n"
"From remote kernel:"
"\"Combine rational summands; leaves = \"396\n"
"From remote kernel:"
"\"2026-09-07T06:46:22\"\" \"{\"COMPARISON_FINISHED\", \"Hqg__F2_1_Delta\", True, False}\n"
"From remote kernel:"
"\"Saved coefficient \"7\"/\"9\"; zero = \"True\n"
"From remote kernel:"
"\"Reduce coefficient \"8\"/\"9\"; leaves = \"178\n"
"From remote kernel:"
"\"Factor \"4\" rational summands\"\n"
"From remote kernel:"
"\"2026-09-07T06:46:22\"\" \"{\"COMPARE\", \"Hqg__F2_1_L0\"}\n"
"From remote kernel:"
"\"Combine \"4\" summands in \"2\" denominator groups\"\n"
"From remote kernel:"
"\"Combine rational summands; leaves = \"1\n"
"From remote kernel:"
"\"Saved coefficient \"8\"/\"9\"; zero = \"True\n"
"From remote kernel:"
"\"Reduce coefficient \"9\"/\"9\"; leaves = \"178\n"
"From remote kernel:"
"\"Saved coefficient \"9\"/\"9\"; zero = \"True\n"
"From remote kernel:"
"\"2026-09-07T06:46:22\"\" \"{\"COMPARISON_FINISHED\", \"Hqg__F2_-1_L0\", True, True}\n"
"From remote kernel:"
"\"2026-09-07T06:46:22\"\" \"{\"COMPARE\", \"Hqg__F2_-1_L1\"}\n"
"From remote kernel:"
"\"Normalize \"0\" radicals\"\n"
"From remote kernel:"
"\"Normalize \"3\" radicals\"\n"
"From remote kernel:"
"\"Normalize \"0\" distinct functions\"\n"
"From remote kernel:"
"\"Normalize \"14\" distinct functions\"\n"
"From remote kernel:"
"\"Normalize \"0\" phase functions\"\n"
"From remote kernel:"
"\"2026-09-07T06:46:22\"\" \"{\"COMPARISON_FINISHED\", \"Hqg__F2_-1_L1\", True, True}\n"
"From remote kernel:"
"\"2026-09-07T06:46:22\"\" \"{\"COMPARE\", \"Hqg__F2_1_L1\"}\n"
"From remote kernel:"
"\"Normalize \"0\" radicals\"\n"
"From remote kernel:"
"\"Normalize \"0\" distinct functions\"\n"
"From remote kernel:"
"\"Normalize \"0\" phase functions\"\n"
"From remote kernel:"
"\"2026-09-07T06:46:22\"\" \"{\"COMPARISON_FINISHED\", \"Hqg__F2_1_L1\", True, True}\n"
"From remote kernel:"
"\"Normalized function \"10\"/\"14\n"
"From remote kernel:"
"\"2026-09-07T06:46:23\"\" \"{\"COMPARE\", \"Hqg__F2_-1_Regular\"}\n"
"From remote kernel:"
"\"Normalize \"0\" phase functions\"\n"
"From remote kernel:"
"\"Factored formal input leaves = \"5491\n"
"From remote kernel:"
"\"Reduce \"9\" algebraic coefficients\"\n"
"From remote kernel:"
"\"Reduce coefficient \"1\"/\"9\"; leaves = \"994\n"
"From remote kernel:"
"\"Factor \"8\" rational summands\"\n"
"From remote kernel:"
"\"Combine \"8\" summands in \"4\" denominator groups\"\n"
"From remote kernel:"
"\"Combine rational summands; leaves = \"332\n"
"From remote kernel:"
"\"Saved coefficient \"1\"/\"9\"; zero = \"True\n"
"From remote kernel:"
"\"Reduce coefficient \"2\"/\"9\"; leaves = \"211\n"
"From remote kernel:"
"\"Factor \"3\" rational summands\"\n"
"From remote kernel:"
"\"Combine \"3\" summands in \"3\" denominator groups\"\n"
"From remote kernel:"
"\"Combine rational summands; leaves = \"179\n"
"From remote kernel:"
"\"Saved coefficient \"2\"/\"9\"; zero = \"True\n"
"From remote kernel:"
"\"Reduce coefficient \"3\"/\"9\"; leaves = \"1303\n"
"From remote kernel:"
"\"Factor \"10\" rational summands\"\n"
"From remote kernel:"
"\"Combine \"10\" summands in \"6\" denominator groups\"\n"
"From remote kernel:"
"\"Combine rational summands; leaves = \"497\n"
"From remote kernel:"
"\"Saved coefficient \"3\"/\"9\"; zero = \"True\n"
"From remote kernel:"
"\"Reduce coefficient \"4\"/\"9\"; leaves = \"589\n"
"From remote kernel:"
"\"Factor \"6\" rational summands\"\n"
"From remote kernel:"
"\"Combine \"6\" summands in \"2\" denominator groups\"\n"
"From remote kernel:"
"\"Combine rational summands; leaves = \"1\n"
"From remote kernel:"
"\"Saved coefficient \"4\"/\"9\"; zero = \"True\n"
"From remote kernel:"
"\"Reduce coefficient \"5\"/\"9\"; leaves = \"707\n"
"From remote kernel:"
"\"Factor \"8\" rational summands\"\n"
"From remote kernel:"
"\"Combine \"8\" summands in \"2\" denominator groups\"\n"
"From remote kernel:"
"\"Combine rational summands; leaves = \"168\n"
"From remote kernel:"
"\"Saved coefficient \"5\"/\"9\"; zero = \"True\n"
"From remote kernel:"
"\"Reduce coefficient \"6\"/\"9\"; leaves = \"409\n"
MONITOR_HEARTBEAT elapsed=213s rss=2025.9MiB peak=2117.1MiB
"From remote kernel:"
"\"Factor \"4\" rational summands\"\n"
"From remote kernel:"
"\"Combine \"4\" summands in \"2\" denominator groups\"\n"
"From remote kernel:"
"\"Combine rational summands; leaves = \"1\n"
"From remote kernel:"
"\"Saved coefficient \"6\"/\"9\"; zero = \"True\n"
"From remote kernel:"
"\"Reduce coefficient \"7\"/\"9\"; leaves = \"962\n"
"From remote kernel:"
"\"Factor \"9\" rational summands\"\n"
"From remote kernel:"
"\"Combine \"9\" summands in \"5\" denominator groups\"\n"
"From remote kernel:"
"\"Combine rational summands; leaves = \"394\n"
"From remote kernel:"
"\"Saved coefficient \"7\"/\"9\"; zero = \"True\n"
"From remote kernel:"
"\"Reduce coefficient \"8\"/\"9\"; leaves = \"118\n"
"From remote kernel:"
"\"Factor \"2\" rational summands\"\n"
"From remote kernel:"
"\"Combine \"2\" summands in \"1\" denominator groups\"\n"
"From remote kernel:"
"\"Combine rational summands; leaves = \"1\n"
"From remote kernel:"
"\"Saved coefficient \"8\"/\"9\"; zero = \"True\n"
"From remote kernel:"
"\"Reduce coefficient \"9\"/\"9\"; leaves = \"118\n"
"From remote kernel:"
"\"Saved coefficient \"9\"/\"9\"; zero = \"True\n"
"From remote kernel:"
"\"2026-09-07T06:46:23\"\" \"{\"COMPARISON_FINISHED\", \"Hqg__F2_1_L0\", True, True}\n"
"From remote kernel:"
"\"2026-09-07T06:46:23\"\" \"{\"COMPARE\", \"Hqg__F2_1_Regular\"}\n"
"From remote kernel:"
"\"Factored summand \"300\"/\"300\n"
"From remote kernel:"
"\"Combine \"300\" summands in \"173\" denominator groups\"\n"
"From remote kernel:"
"\"Normalize \"9\" radicals\"\n"
"From remote kernel:"
"\"Normalize \"32\" distinct functions\"\n"
"From remote kernel:"
"\"Combine rational summands; leaves = \"109309\n"
"From remote kernel:"
"\"Normalize \"9\" radicals\"\n"
"From remote kernel:"
"\"Normalize \"31\" distinct functions\"\n"
"From remote kernel:"
"\"Normalized function \"10\"/\"32\n"
"From remote kernel:"
"\"Normalized function \"10\"/\"31\n"
"From remote kernel:"
"\"Normalized function \"20\"/\"31\n"
"From remote kernel:"
"\"Saved coefficient \"1\"/\"18\"; zero = \"True\n"
"From remote kernel:"
"\"Reduce coefficient \"2\"/\"18\"; leaves = \"56349\n"
"From remote kernel:"
"\"Factor \"89\" rational summands\"\n"
"From remote kernel:"
"\"Combine \"89\" summands in \"60\" denominator groups\"\n"
"From remote kernel:"
"\"Normalized function \"20\"/\"32\n"
"From remote kernel:"
"\"Combine rational summands; leaves = \"42829\n"
"From remote kernel:"
"\"Normalized function \"30\"/\"32\n"
"From remote kernel:"
"\"Normalize \"0\" phase functions\"\n"
"From remote kernel:"
"\"Saved coefficient \"2\"/\"18\"; zero = \"True\n"
"From remote kernel:"
"\"Reduce coefficient \"3\"/\"18\"; leaves = \"40824\n"
"From remote kernel:"
"\"Factor \"77\" rational summands\"\n"
"From remote kernel:"
"\"Combine \"77\" summands in \"52\" denominator groups\"\n"
"From remote kernel:"
"\"Factored formal input leaves = \"456002\n"
"From remote kernel:"
"\"Combine rational summands; leaves = \"41863\n"
"From remote kernel:"
"\"Reduce \"18\" algebraic coefficients\"\n"
"From remote kernel:"
"\"Reduce coefficient \"1\"/\"18\"; leaves = \"127304\n"
"From remote kernel:"
"\"Factor \"300\" rational summands\"\n"
"From remote kernel:"
"\"Factored summand \"100\"/\"300\n"
"From remote kernel:"
"\"Saved coefficient \"3\"/\"18\"; zero = \"True\n"
"From remote kernel:"
"\"Reduce coefficient \"4\"/\"18\"; leaves = \"31546\n"
"From remote kernel:"
"\"Factor \"61\" rational summands\"\n"
"From remote kernel:"
"\"Factored summand \"200\"/\"300\n"
"From remote kernel:"
"\"Combine \"61\" summands in \"48\" denominator groups\"\n"
"From remote kernel:"
"\"Combine rational summands; leaves = \"26041\n"
"From remote kernel:"
"\"Saved coefficient \"4\"/\"18\"; zero = \"True\n"
MONITOR_HEARTBEAT elapsed=243s rss=2042.1MiB peak=2161.2MiB
"From remote kernel:"
"\"Reduce coefficient \"5\"/\"18\"; leaves = \"31546\n"
"From remote kernel:"
"\"Saved coefficient \"5\"/\"18\"; zero = \"True\n"
"From remote kernel:"
"\"Reduce coefficient \"6\"/\"18\"; leaves = \"439\n"
"From remote kernel:"
"\"Factor \"2\" rational summands\"\n"
"From remote kernel:"
"\"Combine \"2\" summands in \"1\" denominator groups\"\n"
"From remote kernel:"
"\"Combine rational summands; leaves = \"1\n"
"From remote kernel:"
"\"Saved coefficient \"6\"/\"18\"; zero = \"True\n"
"From remote kernel:"
"\"Reduce coefficient \"7\"/\"18\"; leaves = \"30930\n"
"From remote kernel:"
"\"Factor \"49\" rational summands\"\n"
"From remote kernel:"
"\"Factored summand \"300\"/\"300\n"
"From remote kernel:"
"\"Combine \"300\" summands in \"179\" denominator groups\"\n"
"From remote kernel:"
"\"Combine \"49\" summands in \"36\" denominator groups\"\n"
"From remote kernel:"
"\"Combine rational summands; leaves = \"30462\n"
"From remote kernel:"
"\"Combine rational summands; leaves = \"110115\n"
"From remote kernel:"
"\"Saved coefficient \"7\"/\"18\"; zero = \"True\n"
"From remote kernel:"
"\"Reduce coefficient \"8\"/\"18\"; leaves = \"47982\n"
"From remote kernel:"
"\"Factor \"77\" rational summands\"\n"
"From remote kernel:"
"\"Combine \"77\" summands in \"55\" denominator groups\"\n"
"From remote kernel:"
"\"Combine rational summands; leaves = \"39526\n"
"From remote kernel:"
"\"Normalized function \"30\"/\"31\n"
"From remote kernel:"
"\"Normalize \"0\" phase functions\"\n"
"From remote kernel:"
"\"Saved coefficient \"8\"/\"18\"; zero = \"True\n"
"From remote kernel:"
"\"Reduce coefficient \"9\"/\"18\"; leaves = \"1172\n"
"From remote kernel:"
"\"Factor \"14\" rational summands\"\n"
"From remote kernel:"
"\"Combine \"14\" summands in \"7\" denominator groups\"\n"
"From remote kernel:"
"\"Combine rational summands; leaves = \"660\n"
"From remote kernel:"
"\"Saved coefficient \"9\"/\"18\"; zero = \"True\n"
"From remote kernel:"
"\"Reduce coefficient \"10\"/\"18\"; leaves = \"2532\n"
"From remote kernel:"
"\"Factor \"18\" rational summands\"\n"
"From remote kernel:"
"\"Combine \"18\" summands in \"12\" denominator groups\"\n"
"From remote kernel:"
"\"Combine rational summands; leaves = \"2685\n"
"From remote kernel:"
"\"Saved coefficient \"10\"/\"18\"; zero = \"True\n"
"From remote kernel:"
"\"Reduce coefficient \"11\"/\"18\"; leaves = \"1886\n"
"From remote kernel:"
"\"Factor \"16\" rational summands\"\n"
"From remote kernel:"
"\"Combine \"16\" summands in \"11\" denominator groups\"\n"
"From remote kernel:"
"\"Combine rational summands; leaves = \"1922\n"
"From remote kernel:"
"\"Saved coefficient \"11\"/\"18\"; zero = \"True\n"
"From remote kernel:"
"\"Reduce coefficient \"12\"/\"18\"; leaves = \"22243\n"
"From remote kernel:"
"\"Factor \"68\" rational summands\"\n"
"From remote kernel:"
"\"Factored formal input leaves = \"432512\n"
"From remote kernel:"
"\"Combine \"68\" summands in \"63\" denominator groups\"\n"
"From remote kernel:"
"\"Combine rational summands; leaves = \"16632\n"
"From remote kernel:"
"\"Saved coefficient \"12\"/\"18\"; zero = \"True\n"
"From remote kernel:"
"\"Reduce coefficient \"13\"/\"18\"; leaves = \"22243\n"
"From remote kernel:"
"\"Factor \"68\" rational summands\"\n"
"From remote kernel:"
"\"Reduce \"18\" algebraic coefficients\"\n"
"From remote kernel:"
"\"Reduce coefficient \"1\"/\"18\"; leaves = \"121317\n"
"From remote kernel:"
"\"Factor \"300\" rational summands\"\n"
"From remote kernel:"
"\"Combine \"68\" summands in \"63\" denominator groups\"\n"
"From remote kernel:"
"\"Factored summand \"100\"/\"300\n"
"From remote kernel:"
"\"Combine rational summands; leaves = \"16630\n"
"From remote kernel:"
"\"Factored summand \"200\"/\"300\n"
"From remote kernel:"
"\"Saved coefficient \"13\"/\"18\"; zero = \"True\n"
"From remote kernel:"
"\"Reduce coefficient \"14\"/\"18\"; leaves = \"6292\n"
"From remote kernel:"
"\"Factor \"24\" rational summands\"\n"
"From remote kernel:"
"\"Combine \"24\" summands in \"19\" denominator groups\"\n"
"From remote kernel:"
"\"Combine rational summands; leaves = \"4757\n"
"From remote kernel:"
"\"Saved coefficient \"14\"/\"18\"; zero = \"True\n"
"From remote kernel:"
"\"Reduce coefficient \"15\"/\"18\"; leaves = \"4880\n"
"From remote kernel:"
"\"Factor \"18\" rational summands\"\n"
"From remote kernel:"
"\"Combine \"18\" summands in \"16\" denominator groups\"\n"
"From remote kernel:"
"\"Combine rational summands; leaves = \"3994\n"
"From remote kernel:"
"\"Saved coefficient \"15\"/\"18\"; zero = \"True\n"
"From remote kernel:"
"\"Reduce coefficient \"16\"/\"18\"; leaves = \"2537\n"
"From remote kernel:"
"\"Factor \"6\" rational summands\"\n"
"From remote kernel:"
"\"Combine \"6\" summands in \"6\" denominator groups\"\n"
"From remote kernel:"
"\"Combine rational summands; leaves = \"2373\n"
"From remote kernel:"
"\"Saved coefficient \"16\"/\"18\"; zero = \"True\n"
"From remote kernel:"
"\"Reduce coefficient \"17\"/\"18\"; leaves = \"2537\n"
"From remote kernel:"
"\"Saved coefficient \"17\"/\"18\"; zero = \"True\n"
"From remote kernel:"
"\"Reduce coefficient \"18\"/\"18\"; leaves = \"767\n"
"From remote kernel:"
"\"Factor \"4\" rational summands\"\n"
"From remote kernel:"
"\"Combine \"4\" summands in \"2\" denominator groups\"\n"
"From remote kernel:"
"\"Combine rational summands; leaves = \"1\n"
"From remote kernel:"
"\"Saved coefficient \"18\"/\"18\"; zero = \"True\n"
"From remote kernel:"
"\"2026-09-07T06:47:06\"\" \"{\"COMPARISON_FINISHED\", \"Hqg__F1_1_Regular\", True, True}\n"
"From remote kernel:"
"\"2026-09-07T06:47:06\"\" \"{\"COMPARE\", \"Hqg__F2_Born\"}\n"
"From remote kernel:"
"\"Normalize \"0\" radicals\"\n"
"From remote kernel:"
"\"Normalize \"0\" distinct functions\"\n"
"From remote kernel:"
"\"Normalize \"0\" phase functions\"\n"
"From remote kernel:"
"\"2026-09-07T06:47:06\"\" \"{\"COMPARISON_FINISHED\", \"Hqg__F2_Born\", True, True}\n"
"From remote kernel:"
"\"2026-09-07T06:47:06\"\" \"{\"COMPARE\", \"Hgq__F1_Born\"}\n"
"From remote kernel:"
"\"Normalize \"0\" radicals\"\n"
"From remote kernel:"
"\"Normalize \"0\" distinct functions\"\n"
"From remote kernel:"
"\"Normalize \"0\" phase functions\"\n"
"From remote kernel:"
"\"2026-09-07T06:47:06\"\" \"{\"COMPARISON_FINISHED\", \"Hgq__F1_Born\", True, True}\n"
"From remote kernel:"
"\"2026-09-07T06:47:06\"\" \"{\"COMPARE\", \"Hgq__F2_Born\"}\n"
"From remote kernel:"
"\"Normalize \"0\" radicals\"\n"
"From remote kernel:"
"\"Normalize \"0\" distinct functions\"\n"
"From remote kernel:"
"\"Normalize \"0\" phase functions\"\n"
"From remote kernel:"
"\"2026-09-07T06:47:06\"\" \"{\"COMPARISON_FINISHED\", \"Hgq__F2_Born\", True, True}\n"
"From remote kernel:"
"\"2026-09-07T06:47:06\"\" \"{\"COMPARE\", \"Hgq__Pg_1_Delta\"}\n"
"From remote kernel:"
"\"Normalize \"0\" radicals\"\n"
"From remote kernel:"
"\"Normalize \"51\" distinct functions\"\n"
"From remote kernel:"
"\"Normalized function \"10\"/\"51\n"
"From remote kernel:"
"\"Normalized function \"20\"/\"51\n"
"From remote kernel:"
"\"Normalized function \"30\"/\"51\n"
"From remote kernel:"
"\"Factored summand \"300\"/\"300\n"
"From remote kernel:"
"\"Combine \"300\" summands in \"156\" denominator groups\"\n"
"From remote kernel:"
"\"Normalized function \"40\"/\"51\n"
"From remote kernel:"
"\"Normalized function \"50\"/\"51\n"
"From remote kernel:"
"\"Normalize \"2\" phase functions\"\n"
"From remote kernel:"
"\"Factored formal input leaves = \"108558\n"
"From remote kernel:"
"\"Combine rational summands; leaves = \"110324\n"
"From remote kernel:"
"\"Reduce \"53\" algebraic coefficients\"\n"
"From remote kernel:"
"\"Reduce coefficient \"1\"/\"53\"; leaves = \"21380\n"
"From remote kernel:"
"\"Factor \"306\" rational summands\"\n"
"From remote kernel:"
"\"Factored summand \"100\"/\"306\n"
"From remote kernel:"
"\"Factored summand \"200\"/\"306\n"
"From remote kernel:"
"\"Factored summand \"300\"/\"306\n"
"From remote kernel:"
"\"Combine \"306\" summands in \"95\" denominator groups\"\n"
"From remote kernel:"
"\"Combine rational summands; leaves = \"12386\n"
"From remote kernel:"
"\"Saved coefficient \"1\"/\"53\"; zero = \"True\n"
"From remote kernel:"
"\"Reduce coefficient \"2\"/\"53\"; leaves = \"7986\n"
"From remote kernel:"
"\"Factor \"139\" rational summands\"\n"
"From remote kernel:"
"\"Factored summand \"100\"/\"139\n"
"From remote kernel:"
"\"Combine \"139\" summands in \"49\" denominator groups\"\n"
"From remote kernel:"
"\"Combine rational summands; leaves = \"5329\n"
"From remote kernel:"
"\"Saved coefficient \"2\"/\"53\"; zero = \"True\n"
"From remote kernel:"
"\"Reduce coefficient \"3\"/\"53\"; leaves = \"1316\n"
"From remote kernel:"
"\"Factor \"22\" rational summands\"\n"
"From remote kernel:"
"\"Combine \"22\" summands in \"9\" denominator groups\"\n"
"From remote kernel:"
"\"Combine rational summands; leaves = \"685\n"
"From remote kernel:"
"\"Saved coefficient \"3\"/\"53\"; zero = \"True\n"
"From remote kernel:"
"\"Reduce coefficient \"4\"/\"53\"; leaves = \"8160\n"
"From remote kernel:"
"\"Factor \"125\" rational summands\"\n"
"From remote kernel:"
"\"Factored summand \"100\"/\"125\n"
"From remote kernel:"
"\"Combine \"125\" summands in \"40\" denominator groups\"\n"
"From remote kernel:"
"\"Combine rational summands; leaves = \"5051\n"
"From remote kernel:"
"\"Saved coefficient \"4\"/\"53\"; zero = \"True\n"
"From remote kernel:"
"\"Reduce coefficient \"5\"/\"53\"; leaves = \"2417\n"
"From remote kernel:"
"\"Factor \"53\" rational summands\"\n"
"From remote kernel:"
"\"Combine \"53\" summands in \"18\" denominator groups\"\n"
"From remote kernel:"
"\"Combine rational summands; leaves = \"1799\n"
"From remote kernel:"
"\"Saved coefficient \"5\"/\"53\"; zero = \"True\n"
"From remote kernel:"
"\"Reduce coefficient \"6\"/\"53\"; leaves = \"2359\n"
"From remote kernel:"
"\"Factor \"42\" rational summands\"\n"
"From remote kernel:"
"\"Combine \"42\" summands in \"17\" denominator groups\"\n"
"From remote kernel:"
"\"Combine rational summands; leaves = \"1686\n"
"From remote kernel:"
"\"Saved coefficient \"1\"/\"18\"; zero = \"True\n"
"From remote kernel:"
"\"Reduce coefficient \"2\"/\"18\"; leaves = \"60141\n"
"From remote kernel:"
"\"Saved coefficient \"6\"/\"53\"; zero = \"True\n"
"From remote kernel:"
"\"Reduce coefficient \"7\"/\"53\"; leaves = \"7829\n"
"From remote kernel:"
"\"Factor \"122\" rational summands\"\n"
"From remote kernel:"
"\"Factor \"89\" rational summands\"\n"
"From remote kernel:"
"\"Factored summand \"100\"/\"122\n"
"From remote kernel:"
"\"Combine \"122\" summands in \"36\" denominator groups\"\n"
"From remote kernel:"
"\"Combine rational summands; leaves = \"4833\n"
"From remote kernel:"
"\"Saved coefficient \"7\"/\"53\"; zero = \"True\n"
"From remote kernel:"
"\"Reduce coefficient \"8\"/\"53\"; leaves = \"2297\n"
"From remote kernel:"
"\"Factor \"51\" rational summands\"\n"
"From remote kernel:"
"\"Combine \"51\" summands in \"16\" denominator groups\"\n"
"From remote kernel:"
"\"Combine rational summands; leaves = \"1677\n"
"From remote kernel:"
"\"Saved coefficient \"8\"/\"53\"; zero = \"True\n"
"From remote kernel:"
"\"Reduce coefficient \"9\"/\"53\"; leaves = \"2288\n"
"From remote kernel:"
"\"Factor \"41\" rational summands\"\n"
"From remote kernel:"
"\"Combine \"41\" summands in \"12\" denominator groups\"\n"
"From remote kernel:"
"\"Combine rational summands; leaves = \"1670\n"
"From remote kernel:"
"\"Saved coefficient \"9\"/\"53\"; zero = \"True\n"
"From remote kernel:"
"\"Reduce coefficient \"10\"/\"53\"; leaves = \"2170\n"
"From remote kernel:"
"\"Factor \"39\" rational summands\"\n"
"From remote kernel:"
"\"Combine \"39\" summands in \"12\" denominator groups\"\n"
"From remote kernel:"
"\"Combine rational summands; leaves = \"1550\n"
"From remote kernel:"
"\"Saved coefficient \"10\"/\"53\"; zero = \"True\n"
"From remote kernel:"
"\"Reduce coefficient \"11\"/\"53\"; leaves = \"4000\n"
"From remote kernel:"
"\"Factor \"38\" rational summands\"\n"
"From remote kernel:"
"\"Combine \"38\" summands in \"14\" denominator groups\"\n"
"From remote kernel:"
"\"Combine rational summands; leaves = \"2388\n"
"From remote kernel:"
"\"Saved coefficient \"11\"/\"53\"; zero = \"True\n"
"From remote kernel:"
"\"Reduce coefficient \"12\"/\"53\"; leaves = \"1211\n"
"From remote kernel:"
"\"Factor \"18\" rational summands\"\n"
"From remote kernel:"
"\"Combine \"18\" summands in \"9\" denominator groups\"\n"
"From remote kernel:"
"\"Combine rational summands; leaves = \"800\n"
"From remote kernel:"
"\"Saved coefficient \"12\"/\"53\"; zero = \"True\n"
"From remote kernel:"
"\"Reduce coefficient \"13\"/\"53\"; leaves = \"1217\n"
"From remote kernel:"
"\"Factor \"18\" rational summands\"\n"
"From remote kernel:"
"\"Combine \"18\" summands in \"11\" denominator groups\"\n"
"From remote kernel:"
"\"Combine rational summands; leaves = \"804\n"
"From remote kernel:"
"\"Saved coefficient \"13\"/\"53\"; zero = \"True\n"
"From remote kernel:"
"\"Reduce coefficient \"14\"/\"53\"; leaves = \"1211\n"
"From remote kernel:"
"\"Factor \"18\" rational summands\"\n"
"From remote kernel:"
"\"Combine \"18\" summands in \"9\" denominator groups\"\n"
"From remote kernel:"
"\"Combine rational summands; leaves = \"800\n"
"From remote kernel:"
"\"Saved coefficient \"14\"/\"53\"; zero = \"True\n"
"From remote kernel:"
"\"Reduce coefficient \"15\"/\"53\"; leaves = \"1517\n"
"From remote kernel:"
"\"Factor \"25\" rational summands\"\n"
"From remote kernel:"
"\"Combine \"25\" summands in \"12\" denominator groups\"\n"
"From remote kernel:"
"\"Combine rational summands; leaves = \"903\n"
"From remote kernel:"
"\"Saved coefficient \"15\"/\"53\"; zero = \"False\n"
"From remote kernel:"
"\"Reduce coefficient \"16\"/\"53\"; leaves = \"3528\n"
"From remote kernel:"
"\"Factor \"51\" rational summands\"\n"
"From remote kernel:"
"\"Combine \"51\" summands in \"25\" denominator groups\"\n"
"From remote kernel:"
"\"Combine rational summands; leaves = \"2081\n"
"From remote kernel:"
"\"Saved coefficient \"16\"/\"53\"; zero = \"True\n"
"From remote kernel:"
"\"Reduce coefficient \"17\"/\"53\"; leaves = \"1299\n"
"From remote kernel:"
"\"Factor \"19\" rational summands\"\n"
"From remote kernel:"
"\"Combine \"19\" summands in \"11\" denominator groups\"\n"
"From remote kernel:"
"\"Combine rational summands; leaves = \"686\n"
"From remote kernel:"
"\"Saved coefficient \"17\"/\"53\"; zero = \"True\n"
"From remote kernel:"
"\"Reduce coefficient \"18\"/\"53\"; leaves = \"1432\n"
"From remote kernel:"
"\"Factor \"25\" rational summands\"\n"
"From remote kernel:"
"\"Combine \"25\" summands in \"16\" denominator groups\"\n"
"From remote kernel:"
"\"Combine rational summands; leaves = \"880\n"
"From remote kernel:"
"\"Saved coefficient \"18\"/\"53\"; zero = \"True\n"
"From remote kernel:"
"\"Reduce coefficient \"19\"/\"53\"; leaves = \"1420\n"
"From remote kernel:"
"\"Combine \"89\" summands in \"61\" denominator groups\"\n"
"From remote kernel:"
"\"Factor \"25\" rational summands\"\n"
"From remote kernel:"
"\"Combine \"25\" summands in \"15\" denominator groups\"\n"
"From remote kernel:"
"\"Combine rational summands; leaves = \"870\n"
"From remote kernel:"
"\"Saved coefficient \"19\"/\"53\"; zero = \"True\n"
"From remote kernel:"
"\"Reduce coefficient \"20\"/\"53\"; leaves = \"1507\n"
"From remote kernel:"
"\"Factor \"23\" rational summands\"\n"
"From remote kernel:"
"\"Combine \"23\" summands in \"15\" denominator groups\"\n"
"From remote kernel:"
"\"Combine rational summands; leaves = \"728\n"
"From remote kernel:"
"\"Saved coefficient \"20\"/\"53\"; zero = \"True\n"
"From remote kernel:"
"\"Reduce coefficient \"21\"/\"53\"; leaves = \"1605\n"
"From remote kernel:"
"\"Factor \"23\" rational summands\"\n"
"From remote kernel:"
"\"Combine \"23\" summands in \"13\" denominator groups\"\n"
"From remote kernel:"
"\"Combine rational summands; leaves = \"692\n"
"From remote kernel:"
"\"Saved coefficient \"21\"/\"53\"; zero = \"True\n"
"From remote kernel:"
"\"Reduce coefficient \"22\"/\"53\"; leaves = \"1907\n"
"From remote kernel:"
"\"Factor \"43\" rational summands\"\n"
"From remote kernel:"
"\"Combine \"43\" summands in \"12\" denominator groups\"\n"
"From remote kernel:"
"\"Combine rational summands; leaves = \"1581\n"
"From remote kernel:"
"\"Saved coefficient \"22\"/\"53\"; zero = \"True\n"
"From remote kernel:"
"\"Reduce coefficient \"23\"/\"53\"; leaves = \"275\n"
"From remote kernel:"
"\"Factor \"5\" rational summands\"\n"
"From remote kernel:"
"\"Combine \"5\" summands in \"3\" denominator groups\"\n"
"From remote kernel:"
"\"Combine rational summands; leaves = \"134\n"
"From remote kernel:"
"\"Saved coefficient \"23\"/\"53\"; zero = \"True\n"
"From remote kernel:"
"\"Reduce coefficient \"24\"/\"53\"; leaves = \"769\n"
"From remote kernel:"
"\"Factor \"18\" rational summands\"\n"
"From remote kernel:"
"\"Combine \"18\" summands in \"8\" denominator groups\"\n"
"From remote kernel:"
"\"Combine rational summands; leaves = \"495\n"
"From remote kernel:"
"\"Saved coefficient \"24\"/\"53\"; zero = \"True\n"
"From remote kernel:"
"\"Reduce coefficient \"25\"/\"53\"; leaves = \"769\n"
"From remote kernel:"
"\"Factor \"18\" rational summands\"\n"
"From remote kernel:"
"\"Combine \"18\" summands in \"6\" denominator groups\"\n"
"From remote kernel:"
"\"Combine rational summands; leaves = \"497\n"
"From remote kernel:"
"\"Saved coefficient \"25\"/\"53\"; zero = \"True\n"
"From remote kernel:"
"\"Reduce coefficient \"26\"/\"53\"; leaves = \"125\n"
"From remote kernel:"
"\"Combine rational summands; leaves = \"42995\n"
"From remote kernel:"
"\"Factor \"4\" rational summands\"\n"
"From remote kernel:"
"\"Combine \"4\" summands in \"4\" denominator groups\"\n"
"From remote kernel:"
"\"Combine rational summands; leaves = \"111\n"
"From remote kernel:"
"\"Saved coefficient \"26\"/\"53\"; zero = \"True\n"
"From remote kernel:"
"\"Reduce coefficient \"27\"/\"53\"; leaves = \"266\n"
"From remote kernel:"
"\"Factor \"6\" rational summands\"\n"
"From remote kernel:"
"\"Combine \"6\" summands in \"5\" denominator groups\"\n"
"From remote kernel:"
"\"Combine rational summands; leaves = \"111\n"
"From remote kernel:"
"\"Saved coefficient \"27\"/\"53\"; zero = \"True\n"
"From remote kernel:"
"\"Reduce coefficient \"28\"/\"53\"; leaves = \"388\n"
"From remote kernel:"
"\"Factor \"7\" rational summands\"\n"
"From remote kernel:"
"\"Combine \"7\" summands in \"4\" denominator groups\"\n"
"From remote kernel:"
"\"Combine rational summands; leaves = \"225\n"
"From remote kernel:"
"\"Saved coefficient \"28\"/\"53\"; zero = \"True\n"
"From remote kernel:"
"\"Reduce coefficient \"29\"/\"53\"; leaves = \"5898\n"
"From remote kernel:"
"\"Factor \"86\" rational summands\"\n"
"From remote kernel:"
"\"Combine \"86\" summands in \"34\" denominator groups\"\n"
"From remote kernel:"
"\"Combine rational summands; leaves = \"3035\n"
"From remote kernel:"
"\"Saved coefficient \"29\"/\"53\"; zero = \"True\n"
"From remote kernel:"
"\"Reduce coefficient \"30\"/\"53\"; leaves = \"1136\n"
"From remote kernel:"
"\"Factor \"17\" rational summands\"\n"
"From remote kernel:"
"\"Combine \"17\" summands in \"9\" denominator groups\"\n"
"From remote kernel:"
"\"Combine rational summands; leaves = \"570\n"
"From remote kernel:"
"\"Saved coefficient \"30\"/\"53\"; zero = \"True\n"
"From remote kernel:"
"\"Reduce coefficient \"31\"/\"53\"; leaves = \"1586\n"
"From remote kernel:"
"\"Factor \"25\" rational summands\"\n"
"From remote kernel:"
"\"Combine \"25\" summands in \"11\" denominator groups\"\n"
"From remote kernel:"
"\"Combine rational summands; leaves = \"809\n"
"From remote kernel:"
"\"Saved coefficient \"31\"/\"53\"; zero = \"True\n"
"From remote kernel:"
"\"Reduce coefficient \"32\"/\"53\"; leaves = \"1462\n"
"From remote kernel:"
"\"Factor \"23\" rational summands\"\n"
"From remote kernel:"
"\"Combine \"23\" summands in \"9\" denominator groups\"\n"
"From remote kernel:"
"\"Combine rational summands; leaves = \"685\n"
"From remote kernel:"
"\"Saved coefficient \"32\"/\"53\"; zero = \"True\n"
"From remote kernel:"
"\"Reduce coefficient \"33\"/\"53\"; leaves = \"860\n"
"From remote kernel:"
"\"Factor \"10\" rational summands\"\n"
"From remote kernel:"
"\"Combine \"10\" summands in \"9\" denominator groups\"\n"
"From remote kernel:"
"\"Combine rational summands; leaves = \"478\n"
"From remote kernel:"
"\"Saved coefficient \"33\"/\"53\"; zero = \"True\n"
"From remote kernel:"
"\"Reduce coefficient \"34\"/\"53\"; leaves = \"999\n"
"From remote kernel:"
"\"Factor \"12\" rational summands\"\n"
"From remote kernel:"
"\"Combine \"12\" summands in \"10\" denominator groups\"\n"
"From remote kernel:"
"\"Combine rational summands; leaves = \"478\n"
"From remote kernel:"
"\"Saved coefficient \"34\"/\"53\"; zero = \"True\n"
"From remote kernel:"
"\"Reduce coefficient \"35\"/\"53\"; leaves = \"140\n"
"From remote kernel:"
"\"Factor \"2\" rational summands\"\n"
"From remote kernel:"
"\"Combine \"2\" summands in \"1\" denominator groups\"\n"
"From remote kernel:"
"\"Combine rational summands; leaves = \"1\n"
"From remote kernel:"
"\"Saved coefficient \"35\"/\"53\"; zero = \"True\n"
"From remote kernel:"
"\"Reduce coefficient \"36\"/\"53\"; leaves = \"1130\n"
"From remote kernel:"
"\"Factor \"17\" rational summands\"\n"
"From remote kernel:"
"\"Combine \"17\" summands in \"10\" denominator groups\"\n"
"From remote kernel:"
"\"Combine rational summands; leaves = \"570\n"
"From remote kernel:"
"\"Saved coefficient \"36\"/\"53\"; zero = \"True\n"
"From remote kernel:"
"\"Reduce coefficient \"37\"/\"53\"; leaves = \"2154\n"
"From remote kernel:"
"\"Factor \"42\" rational summands\"\n"
"From remote kernel:"
"\"Combine \"42\" summands in \"14\" denominator groups\"\n"
"From remote kernel:"
"\"Combine rational summands; leaves = \"1755\n"
"From remote kernel:"
"\"Saved coefficient \"37\"/\"53\"; zero = \"True\n"
"From remote kernel:"
"\"Reduce coefficient \"38\"/\"53\"; leaves = \"380\n"
"From remote kernel:"
"\"Factor \"6\" rational summands\"\n"
"From remote kernel:"
"\"Combine \"6\" summands in \"3\" denominator groups\"\n"
"From remote kernel:"
"\"Combine rational summands; leaves = \"170\n"
"From remote kernel:"
"\"Saved coefficient \"38\"/\"53\"; zero = \"True\n"
"From remote kernel:"
"\"Reduce coefficient \"39\"/\"53\"; leaves = \"804\n"
"From remote kernel:"
"\"Factor \"17\" rational summands\"\n"
"From remote kernel:"
"\"Combine \"17\" summands in \"7\" denominator groups\"\n"
"From remote kernel:"
"\"Combine rational summands; leaves = \"572\n"
"From remote kernel:"
"\"Saved coefficient \"39\"/\"53\"; zero = \"True\n"
"From remote kernel:"
"\"Reduce coefficient \"40\"/\"53\"; leaves = \"794\n"
"From remote kernel:"
"\"Factor \"17\" rational summands\"\n"
"From remote kernel:"
"\"Combine \"17\" summands in \"5\" denominator groups\"\n"
"From remote kernel:"
"\"Combine rational summands; leaves = \"564\n"
"From remote kernel:"
"\"Saved coefficient \"40\"/\"53\"; zero = \"True\n"
"From remote kernel:"
"\"Reduce coefficient \"41\"/\"53\"; leaves = \"65\n"
"From remote kernel:"
"\"Factor \"1\" rational summands\"\n"
"From remote kernel:"
"\"Combine \"1\" summands in \"1\" denominator groups\"\n"
"From remote kernel:"
"\"Combine rational summands; leaves = \"59\n"
"From remote kernel:"
"\"Saved coefficient \"41\"/\"53\"; zero = \"False\n"
"From remote kernel:"
"\"Reduce coefficient \"42\"/\"53\"; leaves = \"268\n"
"From remote kernel:"
"\"Factor \"4\" rational summands\"\n"
"From remote kernel:"
"\"Combine \"4\" summands in \"1\" denominator groups\"\n"
"From remote kernel:"
"\"Combine rational summands; leaves = \"1\n"
"From remote kernel:"
"\"Saved coefficient \"42\"/\"53\"; zero = \"True\n"
"From remote kernel:"
"\"Reduce coefficient \"43\"/\"53\"; leaves = \"301\n"
"From remote kernel:"
"\"Factor \"7\" rational summands\"\n"
"From remote kernel:"
"\"Combine \"7\" summands in \"4\" denominator groups\"\n"
"From remote kernel:"
"\"Combine rational summands; leaves = \"164\n"
"From remote kernel:"
"\"Saved coefficient \"43\"/\"53\"; zero = \"True\n"
"From remote kernel:"
"\"Reduce coefficient \"44\"/\"53\"; leaves = \"140\n"
"From remote kernel:"
"\"Saved coefficient \"44\"/\"53\"; zero = \"True\n"
"From remote kernel:"
"\"Reduce coefficient \"45\"/\"53\"; leaves = \"427\n"
"From remote kernel:"
"\"Factor \"9\" rational summands\"\n"
"From remote kernel:"
"\"Combine \"9\" summands in \"6\" denominator groups\"\n"
"From remote kernel:"
"\"Combine rational summands; leaves = \"278\n"
"From remote kernel:"
"\"Saved coefficient \"45\"/\"53\"; zero = \"False\n"
"From remote kernel:"
"\"Reduce coefficient \"46\"/\"53\"; leaves = \"1769\n"
"From remote kernel:"
"\"Factor \"28\" rational summands\"\n"
"From remote kernel:"
"\"Combine \"28\" summands in \"15\" denominator groups\"\n"
"From remote kernel:"
"\"Combine rational summands; leaves = \"1382\n"
"From remote kernel:"
"\"Saved coefficient \"46\"/\"53\"; zero = \"True\n"
"From remote kernel:"
"\"Reduce coefficient \"47\"/\"53\"; leaves = \"65\n"
"From remote kernel:"
"\"Factor \"1\" rational summands\"\n"
"From remote kernel:"
"\"Combine \"1\" summands in \"1\" denominator groups\"\n"
"From remote kernel:"
"\"Combine rational summands; leaves = \"59\n"
"From remote kernel:"
"\"Saved coefficient \"47\"/\"53\"; zero = \"False\n"
"From remote kernel:"
"\"Reduce coefficient \"48\"/\"53\"; leaves = \"163\n"
"From remote kernel:"
"\"Factor \"3\" rational summands\"\n"
"From remote kernel:"
"\"Combine \"3\" summands in \"1\" denominator groups\"\n"
"From remote kernel:"
"\"Combine rational summands; leaves = \"147\n"
"From remote kernel:"
"\"Saved coefficient \"48\"/\"53\"; zero = \"True\n"
"From remote kernel:"
"\"Reduce coefficient \"49\"/\"53\"; leaves = \"163\n"
"From remote kernel:"
"\"Factor \"3\" rational summands\"\n"
"From remote kernel:"
"\"Combine \"3\" summands in \"1\" denominator groups\"\n"
"From remote kernel:"
"\"Combine rational summands; leaves = \"147\n"
"From remote kernel:"
"\"Saved coefficient \"49\"/\"53\"; zero = \"True\n"
"From remote kernel:"
"\"Reduce coefficient \"50\"/\"53\"; leaves = \"197\n"
"From remote kernel:"
"\"Factor \"3\" rational summands\"\n"
"From remote kernel:"
"\"Combine \"3\" summands in \"1\" denominator groups\"\n"
"From remote kernel:"
"\"Combine rational summands; leaves = \"147\n"
"From remote kernel:"
"\"Saved coefficient \"50\"/\"53\"; zero = \"True\n"
"From remote kernel:"
"\"Reduce coefficient \"51\"/\"53\"; leaves = \"435\n"
"From remote kernel:"
"\"Factor \"4\" rational summands\"\n"
"From remote kernel:"
"\"Combine \"4\" summands in \"2\" denominator groups\"\n"
"From remote kernel:"
"\"Combine rational summands; leaves = \"1\n"
"From remote kernel:"
"\"Saved coefficient \"51\"/\"53\"; zero = \"True\n"
"From remote kernel:"
"\"Reduce coefficient \"52\"/\"53\"; leaves = \"435\n"
"From remote kernel:"
"\"Factor \"4\" rational summands\"\n"
"From remote kernel:"
"\"Combine \"4\" summands in \"2\" denominator groups\"\n"
"From remote kernel:"
"\"Combine rational summands; leaves = \"1\n"
"From remote kernel:"
"\"Saved coefficient \"52\"/\"53\"; zero = \"True\n"
"From remote kernel:"
"\"Reduce coefficient \"53\"/\"53\"; leaves = \"98\n"
"From remote kernel:"
"\"Factor \"1\" rational summands\"\n"
"From remote kernel:"
"\"Combine \"1\" summands in \"1\" denominator groups\"\n"
"From remote kernel:"
"\"Combine rational summands; leaves = \"59\n"
"From remote kernel:"
"\"Saved coefficient \"53\"/\"53\"; zero = \"False\n"
"From remote kernel:"
"\"2026-09-07T06:47:15\"\" \"{\"COMPARISON_FINISHED\", \"Hgq__Pg_1_Delta\", True, False}\n"
"From remote kernel:"
"\"2026-09-07T06:47:16\"\" \"{\"COMPARE\", \"Hgq__Pg_1_L0\"}\n"
"From remote kernel:"
"\"Normalize \"0\" radicals\"\n"
"From remote kernel:"
"\"Normalize \"11\" distinct functions\"\n"
"From remote kernel:"
"\"Normalized function \"10\"/\"11\n"
"From remote kernel:"
"\"Normalize \"0\" phase functions\"\n"
"From remote kernel:"
"\"Factored formal input leaves = \"3550\n"
"From remote kernel:"
"\"Reduce \"9\" algebraic coefficients\"\n"
"From remote kernel:"
"\"Reduce coefficient \"1\"/\"9\"; leaves = \"598\n"
"From remote kernel:"
"\"Factor \"4\" rational summands\"\n"
"From remote kernel:"
"\"Combine \"4\" summands in \"2\" denominator groups\"\n"
"From remote kernel:"
"\"Combine rational summands; leaves = \"239\n"
"From remote kernel:"
"\"Saved coefficient \"1\"/\"9\"; zero = \"True\n"
"From remote kernel:"
"\"Reduce coefficient \"2\"/\"9\"; leaves = \"250\n"
"From remote kernel:"
"\"Factor \"2\" rational summands\"\n"
"From remote kernel:"
"\"Combine \"2\" summands in \"1\" denominator groups\"\n"
"From remote kernel:"
"\"Combine rational summands; leaves = \"1\n"
"From remote kernel:"
"\"Saved coefficient \"2\"/\"9\"; zero = \"True\n"
"From remote kernel:"
"\"Reduce coefficient \"3\"/\"9\"; leaves = \"425\n"
"From remote kernel:"
"\"Factor \"4\" rational summands\"\n"
"From remote kernel:"
"\"Combine \"4\" summands in \"1\" denominator groups\"\n"
"From remote kernel:"
"\"Combine rational summands; leaves = \"1\n"
"From remote kernel:"
"\"Saved coefficient \"3\"/\"9\"; zero = \"True\n"
"From remote kernel:"
"\"Reduce coefficient \"4\"/\"9\"; leaves = \"543\n"
"From remote kernel:"
"\"Factor \"6\" rational summands\"\n"
"From remote kernel:"
"\"Combine \"6\" summands in \"2\" denominator groups\"\n"
"From remote kernel:"
"\"Combine rational summands; leaves = \"174\n"
"From remote kernel:"
"\"Saved coefficient \"4\"/\"9\"; zero = \"True\n"
"From remote kernel:"
"\"Reduce coefficient \"5\"/\"9\"; leaves = \"246\n"
"From remote kernel:"
"\"Factor \"2\" rational summands\"\n"
"From remote kernel:"
"\"Combine \"2\" summands in \"1\" denominator groups\"\n"
"From remote kernel:"
"\"Combine rational summands; leaves = \"1\n"
"From remote kernel:"
"\"Saved coefficient \"5\"/\"9\"; zero = \"True\n"
"From remote kernel:"
"\"Reduce coefficient \"6\"/\"9\"; leaves = \"512\n"
"From remote kernel:"
"\"Factor \"4\" rational summands\"\n"
"From remote kernel:"
"\"Combine \"4\" summands in \"3\" denominator groups\"\n"
"From remote kernel:"
"\"Combine rational summands; leaves = \"266\n"
"From remote kernel:"
"\"Saved coefficient \"6\"/\"9\"; zero = \"True\n"
"From remote kernel:"
"\"Reduce coefficient \"7\"/\"9\"; leaves = \"650\n"
"From remote kernel:"
"\"Factor \"6\" rational summands\"\n"
"From remote kernel:"
"\"Combine \"6\" summands in \"4\" denominator groups\"\n"
"From remote kernel:"
"\"Combine rational summands; leaves = \"266\n"
"From remote kernel:"
"\"Saved coefficient \"7\"/\"9\"; zero = \"True\n"
"From remote kernel:"
"\"Reduce coefficient \"8\"/\"9\"; leaves = \"139\n"
"From remote kernel:"
"\"Factor \"2\" rational summands\"\n"
"From remote kernel:"
"\"Combine \"2\" summands in \"1\" denominator groups\"\n"
"From remote kernel:"
"\"Combine rational summands; leaves = \"1\n"
"From remote kernel:"
"\"Saved coefficient \"8\"/\"9\"; zero = \"True\n"
"From remote kernel:"
"\"Reduce coefficient \"9\"/\"9\"; leaves = \"139\n"
"From remote kernel:"
"\"Saved coefficient \"9\"/\"9\"; zero = \"True\n"
"From remote kernel:"
"\"2026-09-07T06:47:16\"\" \"{\"COMPARISON_FINISHED\", \"Hgq__Pg_1_L0\", True, True}\n"
"From remote kernel:"
"\"2026-09-07T06:47:16\"\" \"{\"COMPARE\", \"Hgq__Pg_1_L1\"}\n"
"From remote kernel:"
"\"Normalize \"0\" radicals\"\n"
"From remote kernel:"
"\"Normalize \"0\" distinct functions\"\n"
"From remote kernel:"
"\"Normalize \"0\" phase functions\"\n"
"From remote kernel:"
"\"2026-09-07T06:47:16\"\" \"{\"COMPARISON_FINISHED\", \"Hgq__Pg_1_L1\", True, True}\n"
"From remote kernel:"
"\"2026-09-07T06:47:16\"\" \"{\"COMPARE\", \"Hgq__Pg_1_Regular\"}\n"
"From remote kernel:"
"\"Saved coefficient \"2\"/\"18\"; zero = \"True\n"
"From remote kernel:"
"\"Reduce coefficient \"3\"/\"18\"; leaves = \"43593\n"
"From remote kernel:"
"\"Factor \"77\" rational summands\"\n"
"From remote kernel:"
"\"Combine \"77\" summands in \"53\" denominator groups\"\n"
"From remote kernel:"
"\"Normalize \"4\" radicals\"\n"
"From remote kernel:"
"\"Normalize \"26\" distinct functions\"\n"
"From remote kernel:"
"\"Combine rational summands; leaves = \"42006\n"
"From remote kernel:"
"\"Normalized function \"10\"/\"26\n"
"From remote kernel:"
"\"Saved coefficient \"1\"/\"18\"; zero = \"True\n"
"From remote kernel:"
"\"Reduce coefficient \"2\"/\"18\"; leaves = \"56785\n"
"From remote kernel:"
"\"Factor \"89\" rational summands\"\n"
"From remote kernel:"
"\"Saved coefficient \"3\"/\"18\"; zero = \"True\n"
"From remote kernel:"
"\"Reduce coefficient \"4\"/\"18\"; leaves = \"33648\n"
"From remote kernel:"
"\"Factor \"61\" rational summands\"\n"
"From remote kernel:"
"\"Combine \"89\" summands in \"60\" denominator groups\"\n"
"From remote kernel:"
"\"Combine rational summands; leaves = \"43119\n"
"From remote kernel:"
"\"Combine \"61\" summands in \"49\" denominator groups\"\n"
"From remote kernel:"
"\"Combine rational summands; leaves = \"26180\n"
"From remote kernel:"
"\"Saved coefficient \"4\"/\"18\"; zero = \"True\n"
MONITOR_HEARTBEAT elapsed=274s rss=2087.5MiB peak=2183.6MiB
"From remote kernel:"
"\"Reduce coefficient \"5\"/\"18\"; leaves = \"33648\n"
"From remote kernel:"
"\"Saved coefficient \"5\"/\"18\"; zero = \"True\n"
"From remote kernel:"
"\"Reduce coefficient \"6\"/\"18\"; leaves = \"495\n"
"From remote kernel:"
"\"Factor \"2\" rational summands\"\n"
"From remote kernel:"
"\"Combine \"2\" summands in \"1\" denominator groups\"\n"
"From remote kernel:"
"\"Combine rational summands; leaves = \"1\n"
"From remote kernel:"
"\"Saved coefficient \"6\"/\"18\"; zero = \"True\n"
"From remote kernel:"
"\"Reduce coefficient \"7\"/\"18\"; leaves = \"32952\n"
"From remote kernel:"
"\"Factor \"49\" rational summands\"\n"
"From remote kernel:"
"\"Saved coefficient \"2\"/\"18\"; zero = \"True\n"
"From remote kernel:"
"\"Reduce coefficient \"3\"/\"18\"; leaves = \"41243\n"
"From remote kernel:"
"\"Factor \"77\" rational summands\"\n"
"From remote kernel:"
"\"Combine \"49\" summands in \"37\" denominator groups\"\n"
"From remote kernel:"
"\"Combine rational summands; leaves = \"30589\n"
"From remote kernel:"
"\"Combine \"77\" summands in \"53\" denominator groups\"\n"
"From remote kernel:"
"\"Combine rational summands; leaves = \"42138\n"
"From remote kernel:"
"\"Saved coefficient \"7\"/\"18\"; zero = \"True\n"
"From remote kernel:"
"\"Reduce coefficient \"8\"/\"18\"; leaves = \"51218\n"
"From remote kernel:"
"\"Factor \"77\" rational summands\"\n"
"From remote kernel:"
"\"Combine \"77\" summands in \"57\" denominator groups\"\n"
"From remote kernel:"
"\"Combine rational summands; leaves = \"39686\n"
"From remote kernel:"
"\"Saved coefficient \"3\"/\"18\"; zero = \"True\n"
"From remote kernel:"
"\"Reduce coefficient \"4\"/\"18\"; leaves = \"31861\n"
"From remote kernel:"
"\"Factor \"61\" rational summands\"\n"
"From remote kernel:"
"\"Combine \"61\" summands in \"47\" denominator groups\"\n"
"From remote kernel:"
"\"Combine rational summands; leaves = \"26282\n"
"From remote kernel:"
"\"Saved coefficient \"8\"/\"18\"; zero = \"True\n"
"From remote kernel:"
"\"Reduce coefficient \"9\"/\"18\"; leaves = \"1299\n"
"From remote kernel:"
"\"Factor \"14\" rational summands\"\n"
"From remote kernel:"
"\"Combine \"14\" summands in \"8\" denominator groups\"\n"
"From remote kernel:"
"\"Combine rational summands; leaves = \"670\n"
"From remote kernel:"
"\"Saved coefficient \"9\"/\"18\"; zero = \"True\n"
"From remote kernel:"
"\"Reduce coefficient \"10\"/\"18\"; leaves = \"2668\n"
"From remote kernel:"
"\"Factor \"18\" rational summands\"\n"
"From remote kernel:"
"\"Combine \"18\" summands in \"13\" denominator groups\"\n"
"From remote kernel:"
"\"Combine rational summands; leaves = \"2723\n"
"From remote kernel:"
"\"Saved coefficient \"10\"/\"18\"; zero = \"True\n"
"From remote kernel:"
"\"Reduce coefficient \"11\"/\"18\"; leaves = \"2046\n"
"From remote kernel:"
"\"Factor \"16\" rational summands\"\n"
"From remote kernel:"
"\"Combine \"16\" summands in \"12\" denominator groups\"\n"
"From remote kernel:"
"\"Normalized function \"20\"/\"32\n"
"From remote kernel:"
"\"Combine rational summands; leaves = \"1944\n"
"From remote kernel:"
"\"Saved coefficient \"11\"/\"18\"; zero = \"True\n"
"From remote kernel:"
"\"Reduce coefficient \"12\"/\"18\"; leaves = \"23761\n"
"From remote kernel:"
"\"Factor \"68\" rational summands\"\n"
"From remote kernel:"
"\"Saved coefficient \"4\"/\"18\"; zero = \"True\n"
"From remote kernel:"
"\"Reduce coefficient \"5\"/\"18\"; leaves = \"31861\n"
"From remote kernel:"
"\"Combine \"68\" summands in \"63\" denominator groups\"\n"
"From remote kernel:"
"\"Saved coefficient \"5\"/\"18\"; zero = \"True\n"
"From remote kernel:"
"\"Reduce coefficient \"6\"/\"18\"; leaves = \"484\n"
"From remote kernel:"
"\"Factor \"2\" rational summands\"\n"
"From remote kernel:"
"\"Combine \"2\" summands in \"1\" denominator groups\"\n"
"From remote kernel:"
"\"Combine rational summands; leaves = \"1\n"
"From remote kernel:"
"\"Saved coefficient \"6\"/\"18\"; zero = \"True\n"
"From remote kernel:"
"\"Reduce coefficient \"7\"/\"18\"; leaves = \"31203\n"
"From remote kernel:"
"\"Factor \"49\" rational summands\"\n"
"From remote kernel:"
"\"Combine rational summands; leaves = \"16809\n"
"From remote kernel:"
"\"Normalized function \"30\"/\"32\n"
"From remote kernel:"
"\"Combine \"49\" summands in \"37\" denominator groups\"\n"
"From remote kernel:"
"\"Saved coefficient \"12\"/\"18\"; zero = \"True\n"
"From remote kernel:"
"\"Combine rational summands; leaves = \"30685\n"
"From remote kernel:"
"\"Reduce coefficient \"13\"/\"18\"; leaves = \"23761\n"
"From remote kernel:"
"\"Factor \"68\" rational summands\"\n"
"From remote kernel:"
"\"Normalize \"0\" phase functions\"\n"
"From remote kernel:"
"\"Combine \"68\" summands in \"63\" denominator groups\"\n"
"From remote kernel:"
"\"Combine rational summands; leaves = \"16807\n"
"From remote kernel:"
"\"Saved coefficient \"7\"/\"18\"; zero = \"True\n"
"From remote kernel:"
"\"Reduce coefficient \"8\"/\"18\"; leaves = \"48361\n"
"From remote kernel:"
"\"Factor \"77\" rational summands\"\n"
"From remote kernel:"
"\"Saved coefficient \"13\"/\"18\"; zero = \"True\n"
"From remote kernel:"
"\"Reduce coefficient \"14\"/\"18\"; leaves = \"6670\n"
"From remote kernel:"
"\"Factor \"24\" rational summands\"\n"
"From remote kernel:"
"\"Combine \"24\" summands in \"19\" denominator groups\"\n"
"From remote kernel:"
"\"Combine rational summands; leaves = \"4811\n"
"From remote kernel:"
"\"Saved coefficient \"14\"/\"18\"; zero = \"True\n"
"From remote kernel:"
"\"Reduce coefficient \"15\"/\"18\"; leaves = \"5230\n"
"From remote kernel:"
"\"Factor \"18\" rational summands\"\n"
"From remote kernel:"
"\"Combine \"18\" summands in \"16\" denominator groups\"\n"
"From remote kernel:"
"\"Factored formal input leaves = \"460768\n"
"From remote kernel:"
"\"Combine rational summands; leaves = \"4032\n"
"From remote kernel:"
"\"Saved coefficient \"15\"/\"18\"; zero = \"True\n"
"From remote kernel:"
"\"Reduce coefficient \"16\"/\"18\"; leaves = \"2725\n"
"From remote kernel:"
"\"Factor \"6\" rational summands\"\n"
"From remote kernel:"
"\"Combine \"6\" summands in \"6\" denominator groups\"\n"
"From remote kernel:"
"\"Combine rational summands; leaves = \"2397\n"
"From remote kernel:"
"\"Saved coefficient \"16\"/\"18\"; zero = \"True\n"
"From remote kernel:"
"\"Reduce coefficient \"17\"/\"18\"; leaves = \"2725\n"
"From remote kernel:"
"\"Saved coefficient \"17\"/\"18\"; zero = \"True\n"
"From remote kernel:"
"\"Reduce coefficient \"18\"/\"18\"; leaves = \"819\n"
"From remote kernel:"
"\"Combine \"77\" summands in \"53\" denominator groups\"\n"
"From remote kernel:"
"\"Factor \"4\" rational summands\"\n"
"From remote kernel:"
"\"Combine \"4\" summands in \"2\" denominator groups\"\n"
"From remote kernel:"
"\"Combine rational summands; leaves = \"1\n"
"From remote kernel:"
"\"Saved coefficient \"18\"/\"18\"; zero = \"True\n"
"From remote kernel:"
"\"2026-09-07T06:47:36\"\" \"{\"COMPARISON_FINISHED\", \"Hqg__F1_-1_Regular\", True, True}\n"
"From remote kernel:"
"\"2026-09-07T06:47:36\"\" \"{\"COMPARE\", \"Hgq__Pg_-1_Delta\"}\n"
"From remote kernel:"
"\"Combine rational summands; leaves = \"39797\n"
"From remote kernel:"
"\"Normalize \"0\" radicals\"\n"
"From remote kernel:"
"\"Normalize \"50\" distinct functions\"\n"
"From remote kernel:"
"\"Normalized function \"10\"/\"50\n"
"From remote kernel:"
"\"Normalized function \"20\"/\"50\n"
"From remote kernel:"
"\"Reduce \"18\" algebraic coefficients\"\n"
"From remote kernel:"
"\"Reduce coefficient \"1\"/\"18\"; leaves = \"128871\n"
"From remote kernel:"
"\"Normalized function \"30\"/\"50\n"
"From remote kernel:"
"\"Normalized function \"40\"/\"50\n"
"From remote kernel:"
"\"Factor \"300\" rational summands\"\n"
"From remote kernel:"
"\"Normalized function \"50\"/\"50\n"
"From remote kernel:"
"\"Factored summand \"100\"/\"300\n"
"From remote kernel:"
"\"Normalize \"0\" phase functions\"\n"
"From remote kernel:"
"\"Saved coefficient \"8\"/\"18\"; zero = \"True\n"
"From remote kernel:"
"\"Reduce coefficient \"9\"/\"18\"; leaves = \"1235\n"
"From remote kernel:"
"\"Factor \"14\" rational summands\"\n"
"From remote kernel:"
"\"Combine \"14\" summands in \"7\" denominator groups\"\n"
"From remote kernel:"
"\"Combine rational summands; leaves = \"716\n"
"From remote kernel:"
"\"Saved coefficient \"9\"/\"18\"; zero = \"True\n"
"From remote kernel:"
"\"Reduce coefficient \"10\"/\"18\"; leaves = \"2610\n"
"From remote kernel:"
"\"Factor \"18\" rational summands\"\n"
"From remote kernel:"
"\"Factored summand \"200\"/\"300\n"
"From remote kernel:"
"\"Combine \"18\" summands in \"12\" denominator groups\"\n"
"From remote kernel:"
"\"Combine rational summands; leaves = \"2762\n"
"From remote kernel:"
"\"Factored formal input leaves = \"122950\n"
"From remote kernel:"
"\"Saved coefficient \"10\"/\"18\"; zero = \"True\n"
"From remote kernel:"
"\"Reduce coefficient \"11\"/\"18\"; leaves = \"1952\n"
"From remote kernel:"
"\"Factor \"16\" rational summands\"\n"
"From remote kernel:"
"\"Combine \"16\" summands in \"11\" denominator groups\"\n"
"From remote kernel:"
"\"Combine rational summands; leaves = \"1973\n"
"From remote kernel:"
"\"Saved coefficient \"11\"/\"18\"; zero = \"True\n"
"From remote kernel:"
"\"Reduce coefficient \"12\"/\"18\"; leaves = \"22525\n"
"From remote kernel:"
"\"Factor \"68\" rational summands\"\n"
"From remote kernel:"
"\"Reduce \"53\" algebraic coefficients\"\n"
"From remote kernel:"
"\"Reduce coefficient \"1\"/\"53\"; leaves = \"23782\n"
"From remote kernel:"
"\"Factor \"302\" rational summands\"\n"
"From remote kernel:"
"\"Factored summand \"100\"/\"302\n"
"From remote kernel:"
"\"Combine \"68\" summands in \"61\" denominator groups\"\n"
"From remote kernel:"
"\"Factored summand \"200\"/\"302\n"
"From remote kernel:"
"\"Combine rational summands; leaves = \"16753\n"
"From remote kernel:"
"\"Factored summand \"300\"/\"302\n"
"From remote kernel:"
"\"Combine \"302\" summands in \"99\" denominator groups\"\n"
"From remote kernel:"
"\"Combine rational summands; leaves = \"12280\n"
"From remote kernel:"
"\"Saved coefficient \"1\"/\"53\"; zero = \"True\n"
"From remote kernel:"
"\"Reduce coefficient \"2\"/\"53\"; leaves = \"8869\n"
"From remote kernel:"
"\"Factor \"136\" rational summands\"\n"
"From remote kernel:"
"\"Factored summand \"100\"/\"136\n"
"From remote kernel:"
"\"Combine \"136\" summands in \"55\" denominator groups\"\n"
"From remote kernel:"
"\"Combine rational summands; leaves = \"5244\n"
"From remote kernel:"
"\"Saved coefficient \"2\"/\"53\"; zero = \"True\n"
"From remote kernel:"
"\"Reduce coefficient \"3\"/\"53\"; leaves = \"1364\n"
"From remote kernel:"
"\"Factor \"18\" rational summands\"\n"
"From remote kernel:"
"\"Combine \"18\" summands in \"9\" denominator groups\"\n"
"From remote kernel:"
"\"Combine rational summands; leaves = \"542\n"
"From remote kernel:"
"\"Saved coefficient \"3\"/\"53\"; zero = \"True\n"
"From remote kernel:"
"\"Reduce coefficient \"4\"/\"53\"; leaves = \"9015\n"
"From remote kernel:"
"\"Saved coefficient \"12\"/\"18\"; zero = \"True\n"
"From remote kernel:"
"\"Factor \"121\" rational summands\"\n"
"From remote kernel:"
"\"Reduce coefficient \"13\"/\"18\"; leaves = \"22525\n"
"From remote kernel:"
"\"Factor \"68\" rational summands\"\n"
"From remote kernel:"
"\"Factored summand \"100\"/\"121\n"
"From remote kernel:"
"\"Combine \"121\" summands in \"41\" denominator groups\"\n"
"From remote kernel:"
"\"Combine rational summands; leaves = \"4890\n"
"From remote kernel:"
"\"Saved coefficient \"4\"/\"53\"; zero = \"True\n"
"From remote kernel:"
"\"Reduce coefficient \"5\"/\"53\"; leaves = \"2617\n"
"From remote kernel:"
"\"Factor \"50\" rational summands\"\n"
"From remote kernel:"
"\"Combine \"50\" summands in \"21\" denominator groups\"\n"
"From remote kernel:"
"\"Combine rational summands; leaves = \"1720\n"
"From remote kernel:"
"\"Saved coefficient \"5\"/\"53\"; zero = \"True\n"
"From remote kernel:"
"\"Reduce coefficient \"6\"/\"53\"; leaves = \"2497\n"
"From remote kernel:"
"\"Factor \"38\" rational summands\"\n"
"From remote kernel:"
"\"Combine \"38\" summands in \"17\" denominator groups\"\n"
"From remote kernel:"
"\"Combine rational summands; leaves = \"1547\n"
"From remote kernel:"
"\"Combine \"68\" summands in \"61\" denominator groups\"\n"
"From remote kernel:"
"\"Saved coefficient \"6\"/\"53\"; zero = \"True\n"
"From remote kernel:"
"\"Reduce coefficient \"7\"/\"53\"; leaves = \"8674\n"
"From remote kernel:"
"\"Factor \"118\" rational summands\"\n"
"From remote kernel:"
"\"Factored summand \"300\"/\"300\n"
"From remote kernel:"
"\"Combine \"300\" summands in \"159\" denominator groups\"\n"
"From remote kernel:"
"\"Factored summand \"100\"/\"118\n"
"From remote kernel:"
"\"Combine \"118\" summands in \"37\" denominator groups\"\n"
"From remote kernel:"
"\"Combine rational summands; leaves = \"16753\n"
"From remote kernel:"
"\"Combine rational summands; leaves = \"4680\n"
"From remote kernel:"
"\"Saved coefficient \"7\"/\"53\"; zero = \"True\n"
"From remote kernel:"
"\"Reduce coefficient \"8\"/\"53\"; leaves = \"2499\n"
"From remote kernel:"
"\"Factor \"48\" rational summands\"\n"
"From remote kernel:"
"\"Combine \"48\" summands in \"19\" denominator groups\"\n"
"From remote kernel:"
"\"Combine rational summands; leaves = \"1600\n"
"From remote kernel:"
"\"Saved coefficient \"8\"/\"53\"; zero = \"True\n"
"From remote kernel:"
"\"Reduce coefficient \"9\"/\"53\"; leaves = \"2432\n"
"From remote kernel:"
"\"Factor \"37\" rational summands\"\n"
"From remote kernel:"
"\"Combine \"37\" summands in \"12\" denominator groups\"\n"
"From remote kernel:"
"\"Combine rational summands; leaves = \"1537\n"
"From remote kernel:"
"\"Saved coefficient \"9\"/\"53\"; zero = \"True\n"
"From remote kernel:"
"\"Reduce coefficient \"10\"/\"53\"; leaves = \"2314\n"
"From remote kernel:"
"\"Factor \"35\" rational summands\"\n"
"From remote kernel:"
"\"Combine \"35\" summands in \"12\" denominator groups\"\n"
"From remote kernel:"
"\"Combine rational summands; leaves = \"1419\n"
"From remote kernel:"
"\"Saved coefficient \"10\"/\"53\"; zero = \"True\n"
"From remote kernel:"
"\"Reduce coefficient \"11\"/\"53\"; leaves = \"4687\n"
"From remote kernel:"
"\"Factor \"36\" rational summands\"\n"
"From remote kernel:"
"\"Combine \"36\" summands in \"16\" denominator groups\"\n"
"From remote kernel:"
"\"Combine rational summands; leaves = \"2503\n"
"From remote kernel:"
"\"Saved coefficient \"11\"/\"53\"; zero = \"True\n"
"From remote kernel:"
"\"Reduce coefficient \"12\"/\"53\"; leaves = \"1413\n"
"From remote kernel:"
"\"Factor \"16\" rational summands\"\n"
"From remote kernel:"
"\"Combine \"16\" summands in \"9\" denominator groups\"\n"
"From remote kernel:"
"\"Combine rational summands; leaves = \"678\n"
"From remote kernel:"
"\"Saved coefficient \"12\"/\"53\"; zero = \"True\n"
"From remote kernel:"
"\"Reduce coefficient \"13\"/\"53\"; leaves = \"1512\n"
"From remote kernel:"
"\"Factor \"18\" rational summands\"\n"
"From remote kernel:"
"\"Combine \"18\" summands in \"10\" denominator groups\"\n"
"From remote kernel:"
"\"Combine rational summands; leaves = \"621\n"
"From remote kernel:"
"\"Saved coefficient \"13\"/\"53\"; zero = \"True\n"
"From remote kernel:"
"\"Reduce coefficient \"14\"/\"53\"; leaves = \"1419\n"
"From remote kernel:"
"\"Factor \"16\" rational summands\"\n"
"From remote kernel:"
"\"Combine \"16\" summands in \"9\" denominator groups\"\n"
"From remote kernel:"
"\"Combine rational summands; leaves = \"678\n"
"From remote kernel:"
"\"Saved coefficient \"14\"/\"53\"; zero = \"True\n"
"From remote kernel:"
"\"Reduce coefficient \"15\"/\"53\"; leaves = \"2797\n"
"From remote kernel:"
"\"Factor \"41\" rational summands\"\n"
"From remote kernel:"
"\"Combine \"41\" summands in \"18\" denominator groups\"\n"
"From remote kernel:"
"\"Combine rational summands; leaves = \"1629\n"
"From remote kernel:"
"\"Saved coefficient \"13\"/\"18\"; zero = \"True\n"
"From remote kernel:"
"\"Saved coefficient \"15\"/\"53\"; zero = \"False\n"
"From remote kernel:"
"\"Reduce coefficient \"14\"/\"18\"; leaves = \"6393\n"
"From remote kernel:"
"\"Reduce coefficient \"16\"/\"53\"; leaves = \"4104\n"
"From remote kernel:"
"\"Factor \"24\" rational summands\"\n"
"From remote kernel:"
"\"Factor \"48\" rational summands\"\n"
"From remote kernel:"
"\"Combine \"48\" summands in \"25\" denominator groups\"\n"
"From remote kernel:"
"\"Combine rational summands; leaves = \"2012\n"
"From remote kernel:"
"\"Combine \"24\" summands in \"19\" denominator groups\"\n"
"From remote kernel:"
"\"Combine rational summands; leaves = \"110987\n"
"From remote kernel:"
"\"Saved coefficient \"16\"/\"53\"; zero = \"True\n"
"From remote kernel:"
"\"Reduce coefficient \"17\"/\"53\"; leaves = \"1505\n"
"From remote kernel:"
"\"Factor \"17\" rational summands\"\n"
"From remote kernel:"
"\"Combine \"17\" summands in \"10\" denominator groups\"\n"
"From remote kernel:"
"\"Combine rational summands; leaves = \"420\n"
"From remote kernel:"
"\"Saved coefficient \"17\"/\"53\"; zero = \"True\n"
"From remote kernel:"
"\"Combine rational summands; leaves = \"4814\n"
"From remote kernel:"
"\"Reduce coefficient \"18\"/\"53\"; leaves = \"1716\n"
"From remote kernel:"
"\"Factor \"25\" rational summands\"\n"
"From remote kernel:"
"\"Combine \"25\" summands in \"16\" denominator groups\"\n"
"From remote kernel:"
"\"Combine rational summands; leaves = \"674\n"
"From remote kernel:"
"\"Saved coefficient \"18\"/\"53\"; zero = \"True\n"
"From remote kernel:"
"\"Reduce coefficient \"19\"/\"53\"; leaves = \"1674\n"
"From remote kernel:"
"\"Factor \"24\" rational summands\"\n"
"From remote kernel:"
"\"Combine \"24\" summands in \"14\" denominator groups\"\n"
"From remote kernel:"
"\"Combine rational summands; leaves = \"691\n"
"From remote kernel:"
"\"Saved coefficient \"19\"/\"53\"; zero = \"True\n"
"From remote kernel:"
"\"Saved coefficient \"14\"/\"18\"; zero = \"True\n"
"From remote kernel:"
"\"Reduce coefficient \"20\"/\"53\"; leaves = \"2534\n"
"From remote kernel:"
"\"Reduce coefficient \"15\"/\"18\"; leaves = \"4949\n"
"From remote kernel:"
"\"Factor \"37\" rational summands\"\n"
"From remote kernel:"
"\"Factor \"18\" rational summands\"\n"
"From remote kernel:"
"\"Combine \"37\" summands in \"18\" denominator groups\"\n"
"From remote kernel:"
"\"Combine rational summands; leaves = \"1424\n"
"From remote kernel:"
"\"Combine \"18\" summands in \"16\" denominator groups\"\n"
"From remote kernel:"
"\"Saved coefficient \"20\"/\"53\"; zero = \"True\n"
"From remote kernel:"
"\"Reduce coefficient \"21\"/\"53\"; leaves = \"2377\n"
"From remote kernel:"
"\"Factor \"34\" rational summands\"\n"
"From remote kernel:"
"\"Combine rational summands; leaves = \"4025\n"
"From remote kernel:"
"\"Combine \"34\" summands in \"18\" denominator groups\"\n"
"From remote kernel:"
"\"Combine rational summands; leaves = \"1394\n"
"From remote kernel:"
"\"Saved coefficient \"21\"/\"53\"; zero = \"True\n"
"From remote kernel:"
"\"Reduce coefficient \"22\"/\"53\"; leaves = \"2117\n"
"From remote kernel:"
"\"Saved coefficient \"15\"/\"18\"; zero = \"True\n"
"From remote kernel:"
"\"Factor \"43\" rational summands\"\n"
"From remote kernel:"
"\"Reduce coefficient \"16\"/\"18\"; leaves = \"2561\n"
"From remote kernel:"
"\"Factor \"6\" rational summands\"\n"
"From remote kernel:"
"\"Combine \"43\" summands in \"17\" denominator groups\"\n"
"From remote kernel:"
"\"Combine \"6\" summands in \"6\" denominator groups\"\n"
"From remote kernel:"
"\"Combine rational summands; leaves = \"1604\n"
"From remote kernel:"
"\"Combine rational summands; leaves = \"2388\n"
"From remote kernel:"
"\"Saved coefficient \"16\"/\"18\"; zero = \"True\n"
"From remote kernel:"
"\"Saved coefficient \"22\"/\"53\"; zero = \"True\n"
"From remote kernel:"
"\"Reduce coefficient \"17\"/\"18\"; leaves = \"2561\n"
"From remote kernel:"
"\"Reduce coefficient \"23\"/\"53\"; leaves = \"309\n"
"From remote kernel:"
"\"Saved coefficient \"17\"/\"18\"; zero = \"True\n"
"From remote kernel:"
"\"Factor \"5\" rational summands\"\n"
"From remote kernel:"
"\"Reduce coefficient \"18\"/\"18\"; leaves = \"787\n"
"From remote kernel:"
"\"Combine \"5\" summands in \"3\" denominator groups\"\n"
"From remote kernel:"
"\"Factor \"4\" rational summands\"\n"
"From remote kernel:"
"\"Combine rational summands; leaves = \"138\n"
"From remote kernel:"
"\"Combine \"4\" summands in \"2\" denominator groups\"\n"
"From remote kernel:"
"\"Saved coefficient \"23\"/\"53\"; zero = \"True\n"
"From remote kernel:"
"\"Combine rational summands; leaves = \"1\n"
"From remote kernel:"
"\"Reduce coefficient \"24\"/\"53\"; leaves = \"853\n"
"From remote kernel:"
"\"Saved coefficient \"18\"/\"18\"; zero = \"True\n"
"From remote kernel:"
"\"Factor \"18\" rational summands\"\n"
"From remote kernel:"
"\"Combine \"18\" summands in \"10\" denominator groups\"\n"
"From remote kernel:"
"\"Combine rational summands; leaves = \"507\n"
"From remote kernel:"
"\"Saved coefficient \"24\"/\"53\"; zero = \"True\n"
"From remote kernel:"
"\"Reduce coefficient \"25\"/\"53\"; leaves = \"853\n"
"From remote kernel:"
"\"Factor \"18\" rational summands\"\n"
"From remote kernel:"
"\"Combine \"18\" summands in \"8\" denominator groups\"\n"
"From remote kernel:"
"\"Combine rational summands; leaves = \"509\n"
"From remote kernel:"
"\"Saved coefficient \"25\"/\"53\"; zero = \"True\n"
"From remote kernel:"
"\"Reduce coefficient \"26\"/\"53\"; leaves = \"143\n"
"From remote kernel:"
"\"Factor \"4\" rational summands\"\n"
"From remote kernel:"
"\"Combine \"4\" summands in \"4\" denominator groups\"\n"
"From remote kernel:"
"\"Combine rational summands; leaves = \"113\n"
"From remote kernel:"
"\"Saved coefficient \"26\"/\"53\"; zero = \"True\n"
"From remote kernel:"
"\"Reduce coefficient \"27\"/\"53\"; leaves = \"296\n"
"From remote kernel:"
"\"Factor \"6\" rational summands\"\n"
"From remote kernel:"
"\"Combine \"6\" summands in \"5\" denominator groups\"\n"
"From remote kernel:"
"\"Combine rational summands; leaves = \"113\n"
"From remote kernel:"
"\"Saved coefficient \"27\"/\"53\"; zero = \"True\n"
"From remote kernel:"
"\"Reduce coefficient \"28\"/\"53\"; leaves = \"440\n"
"From remote kernel:"
"\"Factor \"7\" rational summands\"\n"
"From remote kernel:"
"\"Combine \"7\" summands in \"4\" denominator groups\"\n"
"From remote kernel:"
"\"Combine rational summands; leaves = \"229\n"
"From remote kernel:"
"\"Saved coefficient \"28\"/\"53\"; zero = \"True\n"
"From remote kernel:"
"\"2026-09-07T06:47:45\"\" \"{\"COMPARISON_FINISHED\", \"Hqg__F2_1_Regular\", True, True}\n"
"From remote kernel:"
"\"Reduce coefficient \"29\"/\"53\"; leaves = \"6502\n"
"From remote kernel:"
"\"Factor \"83\" rational summands\"\n"
"From remote kernel:"
"\"Combine \"83\" summands in \"36\" denominator groups\"\n"
"From remote kernel:"
"\"2026-09-07T06:47:45\"\" \"{\"COMPARE\", \"Hgq__Pg_-1_L0\"}\n"
"From remote kernel:"
"\"Combine rational summands; leaves = \"2888\n"
"From remote kernel:"
"\"Normalize \"0\" radicals\"\n"
"From remote kernel:"
"\"Normalize \"12\" distinct functions\"\n"
"From remote kernel:"
"\"Saved coefficient \"29\"/\"53\"; zero = \"True\n"
"From remote kernel:"
"\"Reduce coefficient \"30\"/\"53\"; leaves = \"1227\n"
"From remote kernel:"
"\"Factor \"16\" rational summands\"\n"
"From remote kernel:"
"\"Combine \"16\" summands in \"9\" denominator groups\"\n"
"From remote kernel:"
"\"Combine rational summands; leaves = \"542\n"
"From remote kernel:"
"\"Saved coefficient \"30\"/\"53\"; zero = \"True\n"
"From remote kernel:"
"\"Reduce coefficient \"31\"/\"53\"; leaves = \"1644\n"
"From remote kernel:"
"\"Factor \"21\" rational summands\"\n"
"From remote kernel:"
"\"Combine \"21\" summands in \"10\" denominator groups\"\n"
"From remote kernel:"
"\"Normalized function \"10\"/\"12\n"
"From remote kernel:"
"\"Combine rational summands; leaves = \"660\n"
"From remote kernel:"
"\"Saved coefficient \"31\"/\"53\"; zero = \"True\n"
"From remote kernel:"
"\"Reduce coefficient \"32\"/\"53\"; leaves = \"1526\n"
"From remote kernel:"
"\"Factor \"19\" rational summands\"\n"
"From remote kernel:"
"\"Normalize \"0\" phase functions\"\n"
"From remote kernel:"
"\"Combine \"19\" summands in \"9\" denominator groups\"\n"
"From remote kernel:"
"\"Combine rational summands; leaves = \"542\n"
"From remote kernel:"
"\"Factored formal input leaves = \"3962\n"
"From remote kernel:"
"\"Saved coefficient \"32\"/\"53\"; zero = \"True\n"
"From remote kernel:"
"\"Reduce \"9\" algebraic coefficients\"\n"
"From remote kernel:"
"\"Reduce coefficient \"33\"/\"53\"; leaves = \"965\n"
"From remote kernel:"
"\"Reduce coefficient \"1\"/\"9\"; leaves = \"664\n"
"From remote kernel:"
"\"Factor \"9\" rational summands\"\n"
"From remote kernel:"
"\"Factor \"4\" rational summands\"\n"
"From remote kernel:"
"\"Combine \"9\" summands in \"9\" denominator groups\"\n"
"From remote kernel:"
"\"Combine \"4\" summands in \"2\" denominator groups\"\n"
"From remote kernel:"
"\"Combine rational summands; leaves = \"450\n"
"From remote kernel:"
"\"Combine rational summands; leaves = \"239\n"
"From remote kernel:"
"\"Saved coefficient \"33\"/\"53\"; zero = \"True\n"
"From remote kernel:"
"\"Saved coefficient \"1\"/\"9\"; zero = \"True\n"
"From remote kernel:"
"\"Reduce coefficient \"34\"/\"53\"; leaves = \"1116\n"
"From remote kernel:"
"\"Reduce coefficient \"2\"/\"9\"; leaves = \"272\n"
"From remote kernel:"
"\"Factor \"11\" rational summands\"\n"
"From remote kernel:"
"\"Factor \"2\" rational summands\"\n"
"From remote kernel:"
"\"Combine \"11\" summands in \"10\" denominator groups\"\n"
"From remote kernel:"
"\"Combine \"2\" summands in \"1\" denominator groups\"\n"
"From remote kernel:"
"\"Combine rational summands; leaves = \"450\n"
"From remote kernel:"
"\"Combine rational summands; leaves = \"1\n"
"From remote kernel:"
"\"Saved coefficient \"34\"/\"53\"; zero = \"True\n"
"From remote kernel:"
"\"Saved coefficient \"2\"/\"9\"; zero = \"True\n"
"From remote kernel:"
"\"Reduce coefficient \"35\"/\"53\"; leaves = \"152\n"
"From remote kernel:"
"\"Reduce coefficient \"3\"/\"9\"; leaves = \"475\n"
"From remote kernel:"
"\"Factor \"2\" rational summands\"\n"
"From remote kernel:"
"\"Factor \"4\" rational summands\"\n"
"From remote kernel:"
"\"Combine \"2\" summands in \"1\" denominator groups\"\n"
"From remote kernel:"
"\"Combine \"4\" summands in \"1\" denominator groups\"\n"
"From remote kernel:"
"\"Combine rational summands; leaves = \"1\n"
"From remote kernel:"
"\"Combine rational summands; leaves = \"1\n"
"From remote kernel:"
"\"Saved coefficient \"35\"/\"53\"; zero = \"True\n"
"From remote kernel:"
"\"Saved coefficient \"3\"/\"9\"; zero = \"True\n"
"From remote kernel:"
"\"Reduce coefficient \"36\"/\"53\"; leaves = \"1225\n"
"From remote kernel:"
"\"Reduce coefficient \"4\"/\"9\"; leaves = \"276\n"
"From remote kernel:"
"\"Factor \"16\" rational summands\"\n"
"From remote kernel:"
"\"Factor \"2\" rational summands\"\n"
"From remote kernel:"
"\"Combine \"16\" summands in \"10\" denominator groups\"\n"
"From remote kernel:"
"\"Combine \"2\" summands in \"1\" denominator groups\"\n"
"From remote kernel:"
"\"Combine rational summands; leaves = \"542\n"
"From remote kernel:"
"\"Combine rational summands; leaves = \"1\n"
"From remote kernel:"
"\"Saved coefficient \"36\"/\"53\"; zero = \"True\n"
"From remote kernel:"
"\"Saved coefficient \"4\"/\"9\"; zero = \"True\n"
"From remote kernel:"
"\"Reduce coefficient \"37\"/\"53\"; leaves = \"2444\n"
"From remote kernel:"
"\"Reduce coefficient \"5\"/\"9\"; leaves = \"593\n"
"From remote kernel:"
"\"Factor \"42\" rational summands\"\n"
"From remote kernel:"
"\"Factor \"6\" rational summands\"\n"
"From remote kernel:"
"\"Combine \"42\" summands in \"19\" denominator groups\"\n"
"From remote kernel:"
"\"Combine \"6\" summands in \"2\" denominator groups\"\n"
"From remote kernel:"
"\"Combine rational summands; leaves = \"1799\n"
"From remote kernel:"
"\"Combine rational summands; leaves = \"174\n"
"From remote kernel:"
"\"Saved coefficient \"5\"/\"9\"; zero = \"True\n"
"From remote kernel:"
"\"Reduce coefficient \"6\"/\"9\"; leaves = \"591\n"
"From remote kernel:"
"\"Saved coefficient \"37\"/\"53\"; zero = \"True\n"
"From remote kernel:"
"\"Factor \"4\" rational summands\"\n"
"From remote kernel:"
"\"Reduce coefficient \"38\"/\"53\"; leaves = \"430\n"
"From remote kernel:"
"\"Combine \"4\" summands in \"3\" denominator groups\"\n"
"From remote kernel:"
"\"Factor \"6\" rational summands\"\n"
"From remote kernel:"
"\"Combine rational summands; leaves = \"266\n"
"From remote kernel:"
"\"Combine \"6\" summands in \"3\" denominator groups\"\n"
"From remote kernel:"
"\"Saved coefficient \"6\"/\"9\"; zero = \"True\n"
"From remote kernel:"
"\"Combine rational summands; leaves = \"170\n"
"From remote kernel:"
"\"Reduce coefficient \"7\"/\"9\"; leaves = \"741\n"
"From remote kernel:"
"\"Saved coefficient \"38\"/\"53\"; zero = \"True\n"
"From remote kernel:"
"\"Factor \"6\" rational summands\"\n"
"From remote kernel:"
"\"Reduce coefficient \"39\"/\"53\"; leaves = \"912\n"
"From remote kernel:"
"\"Combine \"6\" summands in \"4\" denominator groups\"\n"
"From remote kernel:"
"\"Factor \"17\" rational summands\"\n"
"From remote kernel:"
"\"Combine rational summands; leaves = \"266\n"
"From remote kernel:"
"\"Combine \"17\" summands in \"9\" denominator groups\"\n"
"From remote kernel:"
"\"Saved coefficient \"7\"/\"9\"; zero = \"True\n"
"From remote kernel:"
"\"Combine rational summands; leaves = \"594\n"
"From remote kernel:"
"\"Reduce coefficient \"8\"/\"9\"; leaves = \"151\n"
"From remote kernel:"
"\"Saved coefficient \"39\"/\"53\"; zero = \"True\n"
"From remote kernel:"
"\"Factor \"2\" rational summands\"\n"
"From remote kernel:"
"\"Reduce coefficient \"40\"/\"53\"; leaves = \"902\n"
"From remote kernel:"
"\"Combine \"2\" summands in \"1\" denominator groups\"\n"
"From remote kernel:"
"\"Factor \"17\" rational summands\"\n"
"From remote kernel:"
"\"Combine rational summands; leaves = \"1\n"
"From remote kernel:"
"\"Combine \"17\" summands in \"6\" denominator groups\"\n"
"From remote kernel:"
"\"Saved coefficient \"8\"/\"9\"; zero = \"True\n"
"From remote kernel:"
"\"Combine rational summands; leaves = \"586\n"
"From remote kernel:"
"\"Reduce coefficient \"9\"/\"9\"; leaves = \"151\n"
"From remote kernel:"
"\"Saved coefficient \"40\"/\"53\"; zero = \"True\n"
"From remote kernel:"
"\"Saved coefficient \"9\"/\"9\"; zero = \"True\n"
"From remote kernel:"
"\"Reduce coefficient \"41\"/\"53\"; leaves = \"75\n"
"From remote kernel:"
"\"2026-09-07T06:47:45\"\" \"{\"COMPARISON_FINISHED\", \"Hgq__Pg_-1_L0\", True, True}\n"
"From remote kernel:"
"\"Factor \"1\" rational summands\"\n"
"From remote kernel:"
"\"Combine \"1\" summands in \"1\" denominator groups\"\n"
"From remote kernel:"
"\"Combine rational summands; leaves = \"59\n"
"From remote kernel:"
"\"2026-09-07T06:47:46\"\" \"{\"COMPARE\", \"Hgq__Pg_-1_L1\"}\n"
"From remote kernel:"
"\"Saved coefficient \"41\"/\"53\"; zero = \"False\n"
"From remote kernel:"
"\"Normalize \"0\" radicals\"\n"
"From remote kernel:"
"\"Reduce coefficient \"42\"/\"53\"; leaves = \"300\n"
"From remote kernel:"
"\"Normalize \"0\" distinct functions\"\n"
"From remote kernel:"
"\"Factor \"4\" rational summands\"\n"
"From remote kernel:"
"\"Normalize \"0\" phase functions\"\n"
"From remote kernel:"
"\"Combine \"4\" summands in \"1\" denominator groups\"\n"
"From remote kernel:"
"\"2026-09-07T06:47:46\"\" \"{\"COMPARISON_FINISHED\", \"Hgq__Pg_-1_L1\", True, True}\n"
"From remote kernel:"
"\"Combine rational summands; leaves = \"1\n"
"From remote kernel:"
"\"Saved coefficient \"42\"/\"53\"; zero = \"True\n"
"From remote kernel:"
"\"Reduce coefficient \"43\"/\"53\"; leaves = \"335\n"
"From remote kernel:"
"\"2026-09-07T06:47:46\"\" \"{\"COMPARE\", \"Hgq__Pg_-1_Regular\"}\n"
"From remote kernel:"
"\"Factor \"7\" rational summands\"\n"
"From remote kernel:"
"\"Combine \"7\" summands in \"5\" denominator groups\"\n"
"From remote kernel:"
"\"Combine rational summands; leaves = \"166\n"
"From remote kernel:"
"\"Saved coefficient \"43\"/\"53\"; zero = \"True\n"
"From remote kernel:"
"\"Reduce coefficient \"44\"/\"53\"; leaves = \"152\n"
"From remote kernel:"
"\"Saved coefficient \"44\"/\"53\"; zero = \"True\n"
"From remote kernel:"
"\"Reduce coefficient \"45\"/\"53\"; leaves = \"481\n"
"From remote kernel:"
"\"Factor \"9\" rational summands\"\n"
"From remote kernel:"
"\"Combine \"9\" summands in \"7\" denominator groups\"\n"
"From remote kernel:"
"\"Combine rational summands; leaves = \"280\n"
"From remote kernel:"
"\"Saved coefficient \"45\"/\"53\"; zero = \"False\n"
"From remote kernel:"
"\"Reduce coefficient \"46\"/\"53\"; leaves = \"2000\n"
"From remote kernel:"
"\"Factor \"28\" rational summands\"\n"
"From remote kernel:"
"\"Combine \"28\" summands in \"15\" denominator groups\"\n"
"From remote kernel:"
"\"Combine rational summands; leaves = \"1390\n"
"From remote kernel:"
"\"Saved coefficient \"46\"/\"53\"; zero = \"True\n"
"From remote kernel:"
"\"Reduce coefficient \"47\"/\"53\"; leaves = \"75\n"
"From remote kernel:"
"\"Factor \"1\" rational summands\"\n"
"From remote kernel:"
"\"Combine \"1\" summands in \"1\" denominator groups\"\n"
"From remote kernel:"
"\"Combine rational summands; leaves = \"59\n"
"From remote kernel:"
"\"Saved coefficient \"47\"/\"53\"; zero = \"False\n"
"From remote kernel:"
"\"Reduce coefficient \"48\"/\"53\"; leaves = \"189\n"
"From remote kernel:"
"\"Factor \"3\" rational summands\"\n"
"From remote kernel:"
"\"Combine \"3\" summands in \"1\" denominator groups\"\n"
"From remote kernel:"
"\"Combine rational summands; leaves = \"147\n"
"From remote kernel:"
"\"Saved coefficient \"48\"/\"53\"; zero = \"True\n"
"From remote kernel:"
"\"Reduce coefficient \"49\"/\"53\"; leaves = \"189\n"
"From remote kernel:"
"\"Factor \"3\" rational summands\"\n"
"From remote kernel:"
"\"Combine \"3\" summands in \"1\" denominator groups\"\n"
"From remote kernel:"
"\"Combine rational summands; leaves = \"147\n"
"From remote kernel:"
"\"Saved coefficient \"49\"/\"53\"; zero = \"True\n"
"From remote kernel:"
"\"Reduce coefficient \"50\"/\"53\"; leaves = \"226\n"
"From remote kernel:"
"\"Factor \"3\" rational summands\"\n"
"From remote kernel:"
"\"Combine \"3\" summands in \"1\" denominator groups\"\n"
"From remote kernel:"
"\"Combine rational summands; leaves = \"147\n"
"From remote kernel:"
"\"Saved coefficient \"50\"/\"53\"; zero = \"True\n"
"From remote kernel:"
"\"Reduce coefficient \"51\"/\"53\"; leaves = \"479\n"
"From remote kernel:"
"\"Factor \"4\" rational summands\"\n"
"From remote kernel:"
"\"Combine \"4\" summands in \"2\" denominator groups\"\n"
"From remote kernel:"
"\"Combine rational summands; leaves = \"1\n"
"From remote kernel:"
"\"Saved coefficient \"51\"/\"53\"; zero = \"True\n"
"From remote kernel:"
"\"Reduce coefficient \"52\"/\"53\"; leaves = \"479\n"
"From remote kernel:"
"\"Factor \"4\" rational summands\"\n"
"From remote kernel:"
"\"Combine \"4\" summands in \"2\" denominator groups\"\n"
"From remote kernel:"
"\"Combine rational summands; leaves = \"1\n"
"From remote kernel:"
"\"Saved coefficient \"52\"/\"53\"; zero = \"True\n"
"From remote kernel:"
"\"Reduce coefficient \"53\"/\"53\"; leaves = \"110\n"
"From remote kernel:"
"\"Factor \"1\" rational summands\"\n"
"From remote kernel:"
"\"Combine \"1\" summands in \"1\" denominator groups\"\n"
"From remote kernel:"
"\"Combine rational summands; leaves = \"59\n"
"From remote kernel:"
"\"Saved coefficient \"53\"/\"53\"; zero = \"False\n"
"From remote kernel:"
"\"2026-09-07T06:47:46\"\" \"{\"COMPARISON_FINISHED\", \"Hgq__Pg_-1_Delta\", True, False}\n"
"From remote kernel:"
"\"2026-09-07T06:47:46\"\" \"{\"COMPARE\", \"Hgq__Ppp_1_Delta\"}\n"
"From remote kernel:"
"\"Normalize \"0\" radicals\"\n"
"From remote kernel:"
"\"Normalize \"54\" distinct functions\"\n"
"From remote kernel:"
"\"Normalized function \"10\"/\"54\n"
"From remote kernel:"
"\"Normalized function \"20\"/\"54\n"
"From remote kernel:"
"\"Normalized function \"30\"/\"54\n"
"From remote kernel:"
"\"Normalize \"4\" radicals\"\n"
"From remote kernel:"
"\"Normalized function \"40\"/\"54\n"
"From remote kernel:"
"\"Normalize \"27\" distinct functions\"\n"
"From remote kernel:"
"\"Normalized function \"50\"/\"54\n"
"From remote kernel:"
"\"Normalize \"2\" phase functions\"\n"
"From remote kernel:"
"\"Factored formal input leaves = \"71632\n"
"From remote kernel:"
"\"Reduce \"50\" algebraic coefficients\"\n"
"From remote kernel:"
"\"Reduce coefficient \"1\"/\"50\"; leaves = \"14610\n"
"From remote kernel:"
"\"Factor \"220\" rational summands\"\n"
"From remote kernel:"
"\"Factored summand \"100\"/\"220\n"
"From remote kernel:"
"\"Factored summand \"200\"/\"220\n"
"From remote kernel:"
"\"Combine \"220\" summands in \"76\" denominator groups\"\n"
"From remote kernel:"
"\"Combine rational summands; leaves = \"7113\n"
"From remote kernel:"
"\"Saved coefficient \"1\"/\"50\"; zero = \"True\n"
"From remote kernel:"
"\"Reduce coefficient \"2\"/\"50\"; leaves = \"4688\n"
"From remote kernel:"
"\"Factor \"86\" rational summands\"\n"
"From remote kernel:"
"\"Combine \"86\" summands in \"41\" denominator groups\"\n"
"From remote kernel:"
"\"Combine rational summands; leaves = \"2638\n"
"From remote kernel:"
"\"Saved coefficient \"2\"/\"50\"; zero = \"True\n"
"From remote kernel:"
"\"Reduce coefficient \"3\"/\"50\"; leaves = \"507\n"
"From remote kernel:"
"\"Factor \"11\" rational summands\"\n"
"From remote kernel:"
"\"Combine \"11\" summands in \"5\" denominator groups\"\n"
"From remote kernel:"
"\"Combine rational summands; leaves = \"207\n"
"From remote kernel:"
"\"Saved coefficient \"3\"/\"50\"; zero = \"True\n"
"From remote kernel:"
"\"Reduce coefficient \"4\"/\"50\"; leaves = \"4737\n"
"From remote kernel:"
"\"Factor \"85\" rational summands\"\n"
"From remote kernel:"
"\"Combine \"85\" summands in \"34\" denominator groups\"\n"
"From remote kernel:"
"\"Combine rational summands; leaves = \"2465\n"
"From remote kernel:"
"\"Saved coefficient \"4\"/\"50\"; zero = \"True\n"
"From remote kernel:"
"\"Reduce coefficient \"5\"/\"50\"; leaves = \"703\n"
"From remote kernel:"
"\"Factor \"17\" rational summands\"\n"
"From remote kernel:"
"\"Combine \"17\" summands in \"7\" denominator groups\"\n"
"From remote kernel:"
"\"Combine rational summands; leaves = \"328\n"
"From remote kernel:"
"\"Saved coefficient \"5\"/\"50\"; zero = \"True\n"
"From remote kernel:"
"\"Reduce coefficient \"6\"/\"50\"; leaves = \"717\n"
"From remote kernel:"
"\"Factor \"16\" rational summands\"\n"
"From remote kernel:"
"\"Combine \"16\" summands in \"7\" denominator groups\"\n"
"From remote kernel:"
"\"Combine rational summands; leaves = \"342\n"
"From remote kernel:"
"\"Saved coefficient \"6\"/\"50\"; zero = \"True\n"
"From remote kernel:"
"\"Reduce coefficient \"7\"/\"50\"; leaves = \"4821\n"
"From remote kernel:"
"\"Factor \"87\" rational summands\"\n"
"From remote kernel:"
"\"Combine \"87\" summands in \"35\" denominator groups\"\n"
"From remote kernel:"
"\"Combine rational summands; leaves = \"2545\n"
"From remote kernel:"
"\"Saved coefficient \"7\"/\"50\"; zero = \"True\n"
"From remote kernel:"
"\"Reduce coefficient \"8\"/\"50\"; leaves = \"703\n"
"From remote kernel:"
"\"Factor \"17\" rational summands\"\n"
"From remote kernel:"
"\"Combine \"17\" summands in \"7\" denominator groups\"\n"
"From remote kernel:"
"\"Combine rational summands; leaves = \"328\n"
"From remote kernel:"
"\"Saved coefficient \"8\"/\"50\"; zero = \"True\n"
"From remote kernel:"
"\"Reduce coefficient \"9\"/\"50\"; leaves = \"717\n"
"From remote kernel:"
"\"Saved coefficient \"9\"/\"50\"; zero = \"True\n"
"From remote kernel:"
"\"Reduce coefficient \"10\"/\"50\"; leaves = \"719\n"
"From remote kernel:"
"\"Factor \"16\" rational summands\"\n"
"From remote kernel:"
"\"Combine \"16\" summands in \"7\" denominator groups\"\n"
"From remote kernel:"
"\"Combine rational summands; leaves = \"342\n"
"From remote kernel:"
"\"Saved coefficient \"10\"/\"50\"; zero = \"True\n"
"From remote kernel:"
"\"Reduce coefficient \"11\"/\"50\"; leaves = \"4528\n"
"From remote kernel:"
"\"Factor \"55\" rational summands\"\n"
"From remote kernel:"
"\"Normalized function \"20\"/\"26\n"
"From remote kernel:"
"\"Combine \"55\" summands in \"25\" denominator groups\"\n"
"From remote kernel:"
"\"Combine rational summands; leaves = \"2711\n"
"From remote kernel:"
"\"Saved coefficient \"11\"/\"50\"; zero = \"True\n"
"From remote kernel:"
"\"Reduce coefficient \"12\"/\"50\"; leaves = \"1430\n"
"From remote kernel:"
"\"Factor \"25\" rational summands\"\n"
"From remote kernel:"
"\"Combine \"25\" summands in \"17\" denominator groups\"\n"
"From remote kernel:"
"\"Combine rational summands; leaves = \"936\n"
"From remote kernel:"
"\"Saved coefficient \"12\"/\"50\"; zero = \"True\n"
"From remote kernel:"
"\"Reduce coefficient \"13\"/\"50\"; leaves = \"1437\n"
"From remote kernel:"
"\"Factor \"25\" rational summands\"\n"
"From remote kernel:"
"\"Combine \"25\" summands in \"17\" denominator groups\"\n"
"From remote kernel:"
"\"Combine rational summands; leaves = \"936\n"
"From remote kernel:"
"\"Saved coefficient \"13\"/\"50\"; zero = \"True\n"
"From remote kernel:"
"\"Reduce coefficient \"14\"/\"50\"; leaves = \"1443\n"
"From remote kernel:"
"\"Factor \"25\" rational summands\"\n"
"From remote kernel:"
"\"Combine \"25\" summands in \"17\" denominator groups\"\n"
"From remote kernel:"
"\"Combine rational summands; leaves = \"942\n"
"From remote kernel:"
"\"Saved coefficient \"14\"/\"50\"; zero = \"True\n"
"From remote kernel:"
"\"Reduce coefficient \"15\"/\"50\"; leaves = \"1390\n"
"From remote kernel:"
"\"Factor \"23\" rational summands\"\n"
"From remote kernel:"
"\"Combine \"23\" summands in \"16\" denominator groups\"\n"
"From remote kernel:"
"\"Combine rational summands; leaves = \"897\n"
"From remote kernel:"
"\"Saved coefficient \"15\"/\"50\"; zero = \"False\n"
"From remote kernel:"
"\"Reduce coefficient \"16\"/\"50\"; leaves = \"4153\n"
"From remote kernel:"
"\"Factor \"61\" rational summands\"\n"
"From remote kernel:"
"\"Combine \"61\" summands in \"27\" denominator groups\"\n"
"From remote kernel:"
"\"Combine rational summands; leaves = \"2424\n"
"From remote kernel:"
"\"Saved coefficient \"16\"/\"50\"; zero = \"True\n"
"From remote kernel:"
"\"Reduce coefficient \"17\"/\"50\"; leaves = \"1460\n"
"From remote kernel:"
"\"Factor \"26\" rational summands\"\n"
"From remote kernel:"
"\"Combine \"26\" summands in \"18\" denominator groups\"\n"
"From remote kernel:"
"\"Combine rational summands; leaves = \"942\n"
"From remote kernel:"
"\"Saved coefficient \"17\"/\"50\"; zero = \"True\n"
"From remote kernel:"
"\"Reduce coefficient \"18\"/\"50\"; leaves = \"1504\n"
"From remote kernel:"
"\"Factor \"28\" rational summands\"\n"
"From remote kernel:"
"\"Combine \"28\" summands in \"19\" denominator groups\"\n"
"From remote kernel:"
"\"Combine rational summands; leaves = \"979\n"
"From remote kernel:"
"\"Saved coefficient \"18\"/\"50\"; zero = \"True\n"
"From remote kernel:"
"\"Reduce coefficient \"19\"/\"50\"; leaves = \"1510\n"
"From remote kernel:"
"\"Factor \"28\" rational summands\"\n"
"From remote kernel:"
"\"Combine \"28\" summands in \"19\" denominator groups\"\n"
"From remote kernel:"
"\"Combine rational summands; leaves = \"983\n"
"From remote kernel:"
"\"Saved coefficient \"19\"/\"50\"; zero = \"True\n"
"From remote kernel:"
"\"Reduce coefficient \"20\"/\"50\"; leaves = \"1659\n"
"From remote kernel:"
"\"Factor \"25\" rational summands\"\n"
"From remote kernel:"
"\"Combine \"25\" summands in \"18\" denominator groups\"\n"
"From remote kernel:"
"\"Combine rational summands; leaves = \"897\n"
"From remote kernel:"
"\"Saved coefficient \"20\"/\"50\"; zero = \"True\n"
"From remote kernel:"
"\"Reduce coefficient \"21\"/\"50\"; leaves = \"1685\n"
"From remote kernel:"
"\"Factor \"26\" rational summands\"\n"
"From remote kernel:"
"\"Combine \"26\" summands in \"19\" denominator groups\"\n"
"From remote kernel:"
"\"Combine rational summands; leaves = \"897\n"
"From remote kernel:"
"\"Saved coefficient \"21\"/\"50\"; zero = \"True\n"
"From remote kernel:"
"\"Reduce coefficient \"22\"/\"50\"; leaves = \"276\n"
"From remote kernel:"
"\"Factor \"10\" rational summands\"\n"
"From remote kernel:"
"\"Combine \"10\" summands in \"5\" denominator groups\"\n"
"From remote kernel:"
"\"Combine rational summands; leaves = \"204\n"
"From remote kernel:"
"\"Saved coefficient \"22\"/\"50\"; zero = \"True\n"
"From remote kernel:"
"\"Reduce coefficient \"23\"/\"50\"; leaves = \"37\n"
"From remote kernel:"
"\"Factor \"2\" rational summands\"\n"
"From remote kernel:"
"\"Combine \"2\" summands in \"1\" denominator groups\"\n"
"From remote kernel:"
"\"Combine rational summands; leaves = \"1\n"
"From remote kernel:"
"\"Saved coefficient \"23\"/\"50\"; zero = \"True\n"
"From remote kernel:"
"\"Reduce coefficient \"24\"/\"50\"; leaves = \"37\n"
"From remote kernel:"
"\"Saved coefficient \"24\"/\"50\"; zero = \"True\n"
"From remote kernel:"
"\"Reduce coefficient \"25\"/\"50\"; leaves = \"41\n"
"From remote kernel:"
"\"Factor \"2\" rational summands\"\n"
"From remote kernel:"
"\"Combine \"2\" summands in \"1\" denominator groups\"\n"
"From remote kernel:"
"\"Combine rational summands; leaves = \"1\n"
"From remote kernel:"
"\"Saved coefficient \"25\"/\"50\"; zero = \"True\n"
"From remote kernel:"
"\"Reduce coefficient \"26\"/\"50\"; leaves = \"41\n"
"From remote kernel:"
"\"Factor \"2\" rational summands\"\n"
"From remote kernel:"
"\"Combine \"2\" summands in \"1\" denominator groups\"\n"
"From remote kernel:"
"\"Combine rational summands; leaves = \"1\n"
"From remote kernel:"
"\"Saved coefficient \"26\"/\"50\"; zero = \"True\n"
"From remote kernel:"
"\"Reduce coefficient \"27\"/\"50\"; leaves = \"41\n"
"From remote kernel:"
"\"Factor \"2\" rational summands\"\n"
"From remote kernel:"
"\"Combine \"2\" summands in \"1\" denominator groups\"\n"
"From remote kernel:"
"\"Combine rational summands; leaves = \"1\n"
"From remote kernel:"
"\"Saved coefficient \"27\"/\"50\"; zero = \"True\n"
"From remote kernel:"
"\"Reduce coefficient \"28\"/\"50\"; leaves = \"4285\n"
"From remote kernel:"
"\"Factor \"74\" rational summands\"\n"
"From remote kernel:"
"\"Combine \"74\" summands in \"33\" denominator groups\"\n"
"From remote kernel:"
"\"Combine rational summands; leaves = \"2191\n"
"From remote kernel:"
"\"Saved coefficient \"28\"/\"50\"; zero = \"True\n"
"From remote kernel:"
"\"Reduce coefficient \"29\"/\"50\"; leaves = \"511\n"
"From remote kernel:"
"\"Factor \"11\" rational summands\"\n"
"From remote kernel:"
"\"Normalize \"0\" phase functions\"\n"
"From remote kernel:"
"\"Combine \"11\" summands in \"5\" denominator groups\"\n"
"From remote kernel:"
"\"Combine rational summands; leaves = \"207\n"
"From remote kernel:"
"\"Saved coefficient \"29\"/\"50\"; zero = \"True\n"
"From remote kernel:"
"\"Reduce coefficient \"30\"/\"50\"; leaves = \"606\n"
"From remote kernel:"
"\"Factor \"13\" rational summands\"\n"
"From remote kernel:"
"\"Combine \"13\" summands in \"5\" denominator groups\"\n"
"From remote kernel:"
"\"Combine rational summands; leaves = \"207\n"
"From remote kernel:"
"\"Saved coefficient \"30\"/\"50\"; zero = \"True\n"
"From remote kernel:"
"\"Reduce coefficient \"31\"/\"50\"; leaves = \"606\n"
"From remote kernel:"
"\"Factor \"13\" rational summands\"\n"
"From remote kernel:"
"\"Combine \"13\" summands in \"5\" denominator groups\"\n"
"From remote kernel:"
"\"Combine rational summands; leaves = \"207\n"
"From remote kernel:"
"\"Saved coefficient \"31\"/\"50\"; zero = \"True\n"
"From remote kernel:"
"\"Reduce coefficient \"32\"/\"50\"; leaves = \"1436\n"
"From remote kernel:"
"\"Factor \"25\" rational summands\"\n"
"From remote kernel:"
"\"Combine \"25\" summands in \"17\" denominator groups\"\n"
"From remote kernel:"
"\"Combine rational summands; leaves = \"942\n"
"From remote kernel:"
"\"Saved coefficient \"32\"/\"50\"; zero = \"True\n"
"From remote kernel:"
"\"Reduce coefficient \"33\"/\"50\"; leaves = \"1460\n"
"From remote kernel:"
"\"Factor \"26\" rational summands\"\n"
"From remote kernel:"
"\"Combine \"26\" summands in \"18\" denominator groups\"\n"
"From remote kernel:"
"\"Combine rational summands; leaves = \"942\n"
"From remote kernel:"
"\"Saved coefficient \"33\"/\"50\"; zero = \"True\n"
"From remote kernel:"
"\"Reduce coefficient \"34\"/\"50\"; leaves = \"37\n"
"From remote kernel:"
"\"Factor \"2\" rational summands\"\n"
"From remote kernel:"
"\"Combine \"2\" summands in \"1\" denominator groups\"\n"
"From remote kernel:"
"\"Combine rational summands; leaves = \"1\n"
"From remote kernel:"
"\"Saved coefficient \"34\"/\"50\"; zero = \"True\n"
"From remote kernel:"
"\"Reduce coefficient \"35\"/\"50\"; leaves = \"509\n"
"From remote kernel:"
"\"Factor \"11\" rational summands\"\n"
"From remote kernel:"
"\"Combine \"11\" summands in \"6\" denominator groups\"\n"
"From remote kernel:"
"\"Combine rational summands; leaves = \"207\n"
"From remote kernel:"
"\"Saved coefficient \"35\"/\"50\"; zero = \"True\n"
"From remote kernel:"
"\"Reduce coefficient \"36\"/\"50\"; leaves = \"575\n"
"From remote kernel:"
"\"Factor \"18\" rational summands\"\n"
"From remote kernel:"
"\"Combine \"18\" summands in \"10\" denominator groups\"\n"
"From remote kernel:"
"\"Combine rational summands; leaves = \"460\n"
"From remote kernel:"
"\"Saved coefficient \"36\"/\"50\"; zero = \"True\n"
"From remote kernel:"
"\"Reduce coefficient \"37\"/\"50\"; leaves = \"37\n"
"From remote kernel:"
"\"Saved coefficient \"37\"/\"50\"; zero = \"True\n"
"From remote kernel:"
"\"Reduce coefficient \"38\"/\"50\"; leaves = \"133\n"
"From remote kernel:"
"\"Factor \"5\" rational summands\"\n"
"From remote kernel:"
"\"Combine \"5\" summands in \"2\" denominator groups\"\n"
"From remote kernel:"
"\"Combine rational summands; leaves = \"97\n"
"From remote kernel:"
"\"Saved coefficient \"38\"/\"50\"; zero = \"True\n"
"From remote kernel:"
"\"Reduce coefficient \"39\"/\"50\"; leaves = \"139\n"
"From remote kernel:"
"\"Factor \"5\" rational summands\"\n"
"From remote kernel:"
"\"Combine \"5\" summands in \"4\" denominator groups\"\n"
"From remote kernel:"
"\"Combine rational summands; leaves = \"103\n"
"From remote kernel:"
"\"Saved coefficient \"39\"/\"50\"; zero = \"True\n"
"From remote kernel:"
"\"Reduce coefficient \"40\"/\"50\"; leaves = \"14\n"
"From remote kernel:"
"\"Factor \"1\" rational summands\"\n"
"From remote kernel:"
"\"Combine \"1\" summands in \"1\" denominator groups\"\n"
"From remote kernel:"
"\"Combine rational summands; leaves = \"14\n"
"From remote kernel:"
"\"Saved coefficient \"40\"/\"50\"; zero = \"False\n"
"From remote kernel:"
"\"Reduce coefficient \"41\"/\"50\"; leaves = \"41\n"
"From remote kernel:"
"\"Saved coefficient \"41\"/\"50\"; zero = \"True\n"
"From remote kernel:"
"\"Reduce coefficient \"42\"/\"50\"; leaves = \"41\n"
"From remote kernel:"
"\"Saved coefficient \"42\"/\"50\"; zero = \"True\n"
"From remote kernel:"
"\"Reduce coefficient \"43\"/\"50\"; leaves = \"37\n"
"From remote kernel:"
"\"Saved coefficient \"43\"/\"50\"; zero = \"True\n"
"From remote kernel:"
"\"Reduce coefficient \"44\"/\"50\"; leaves = \"41\n"
"From remote kernel:"
"\"Factor \"2\" rational summands\"\n"
"From remote kernel:"
"\"Combine \"2\" summands in \"2\" denominator groups\"\n"
"From remote kernel:"
"\"Combine rational summands; leaves = \"14\n"
"From remote kernel:"
"\"Saved coefficient \"44\"/\"50\"; zero = \"False\n"
"From remote kernel:"
"\"Reduce coefficient \"45\"/\"50\"; leaves = \"1525\n"
"From remote kernel:"
"\"Factor \"27\" rational summands\"\n"
"From remote kernel:"
"\"Combine \"27\" summands in \"17\" denominator groups\"\n"
"From remote kernel:"
"\"Combine rational summands; leaves = \"1032\n"
"From remote kernel:"
"\"Saved coefficient \"45\"/\"50\"; zero = \"True\n"
"From remote kernel:"
"\"Reduce coefficient \"46\"/\"50\"; leaves = \"14\n"
"From remote kernel:"
"\"Factor \"1\" rational summands\"\n"
"From remote kernel:"
"\"Combine \"1\" summands in \"1\" denominator groups\"\n"
"From remote kernel:"
"\"Combine rational summands; leaves = \"14\n"
"From remote kernel:"
"\"Saved coefficient \"46\"/\"50\"; zero = \"False\n"
"From remote kernel:"
"\"Reduce coefficient \"47\"/\"50\"; leaves = \"52\n"
"From remote kernel:"
"\"Factor \"2\" rational summands\"\n"
"From remote kernel:"
"\"Combine \"2\" summands in \"1\" denominator groups\"\n"
"From remote kernel:"
"\"Combine rational summands; leaves = \"1\n"
"From remote kernel:"
"\"Saved coefficient \"47\"/\"50\"; zero = \"True\n"
"From remote kernel:"
"\"Reduce coefficient \"48\"/\"50\"; leaves = \"539\n"
"From remote kernel:"
"\"Factor \"4\" rational summands\"\n"
"From remote kernel:"
"\"Combine \"4\" summands in \"2\" denominator groups\"\n"
"From remote kernel:"
"\"Combine rational summands; leaves = \"1\n"
"From remote kernel:"
"\"Saved coefficient \"48\"/\"50\"; zero = \"True\n"
"From remote kernel:"
"\"Reduce coefficient \"49\"/\"50\"; leaves = \"539\n"
"From remote kernel:"
"\"Factor \"4\" rational summands\"\n"
"From remote kernel:"
"\"Combine \"4\" summands in \"2\" denominator groups\"\n"
"From remote kernel:"
"\"Combine rational summands; leaves = \"1\n"
"From remote kernel:"
"\"Saved coefficient \"49\"/\"50\"; zero = \"True\n"
"From remote kernel:"
"\"Reduce coefficient \"50\"/\"50\"; leaves = \"37\n"
"From remote kernel:"
"\"Factor \"1\" rational summands\"\n"
"From remote kernel:"
"\"Combine \"1\" summands in \"1\" denominator groups\"\n"
"From remote kernel:"
"\"Combine rational summands; leaves = \"14\n"
"From remote kernel:"
"\"Saved coefficient \"50\"/\"50\"; zero = \"False\n"
"From remote kernel:"
"\"2026-09-07T06:47:53\"\" \"{\"COMPARISON_FINISHED\", \"Hgq__Ppp_1_Delta\", True, False}\n"
"From remote kernel:"
"\"2026-09-07T06:47:53\"\" \"{\"COMPARE\", \"Hgq__Ppp_1_L0\"}\n"
"From remote kernel:"
"\"Factored formal input leaves = \"235907\n"
"From remote kernel:"
"\"Normalize \"0\" radicals\"\n"
"From remote kernel:"
"\"Normalize \"11\" distinct functions\"\n"
"From remote kernel:"
"\"Normalized function \"10\"/\"11\n"
MONITOR_HEARTBEAT elapsed=304s rss=2157.1MiB peak=2183.6MiB
"From remote kernel:"
"\"Normalize \"0\" phase functions\"\n"
"From remote kernel:"
"\"Factored formal input leaves = \"1985\n"
"From remote kernel:"
"\"Reduce \"9\" algebraic coefficients\"\n"
"From remote kernel:"
"\"Reduce coefficient \"1\"/\"9\"; leaves = \"301\n"
"From remote kernel:"
"\"Factor \"2\" rational summands\"\n"
"From remote kernel:"
"\"Combine \"2\" summands in \"1\" denominator groups\"\n"
"From remote kernel:"
"\"Combine rational summands; leaves = \"1\n"
"From remote kernel:"
"\"Saved coefficient \"1\"/\"9\"; zero = \"True\n"
"From remote kernel:"
"\"Reduce coefficient \"2\"/\"9\"; leaves = \"142\n"
"From remote kernel:"
"\"Factor \"2\" rational summands\"\n"
"From remote kernel:"
"\"Combine \"2\" summands in \"1\" denominator groups\"\n"
"From remote kernel:"
"\"Combine rational summands; leaves = \"1\n"
"From remote kernel:"
"\"Saved coefficient \"2\"/\"9\"; zero = \"True\n"
"From remote kernel:"
"\"Reduce coefficient \"3\"/\"9\"; leaves = \"142\n"
"From remote kernel:"
"\"Factor \"2\" rational summands\"\n"
"From remote kernel:"
"\"Combine \"2\" summands in \"1\" denominator groups\"\n"
"From remote kernel:"
"\"Combine rational summands; leaves = \"1\n"
"From remote kernel:"
"\"Saved coefficient \"3\"/\"9\"; zero = \"True\n"
"From remote kernel:"
"\"Reduce coefficient \"4\"/\"9\"; leaves = \"142\n"
"From remote kernel:"
"\"Factor \"2\" rational summands\"\n"
"From remote kernel:"
"\"Combine \"2\" summands in \"1\" denominator groups\"\n"
"From remote kernel:"
"\"Combine rational summands; leaves = \"1\n"
"From remote kernel:"
"\"Saved coefficient \"4\"/\"9\"; zero = \"True\n"
"From remote kernel:"
"\"Reduce coefficient \"5\"/\"9\"; leaves = \"142\n"
"From remote kernel:"
"\"Saved coefficient \"5\"/\"9\"; zero = \"True\n"
"From remote kernel:"
"\"Reduce coefficient \"6\"/\"9\"; leaves = \"494\n"
"From remote kernel:"
"\"Factor \"3\" rational summands\"\n"
"From remote kernel:"
"\"Combine \"3\" summands in \"2\" denominator groups\"\n"
"From remote kernel:"
"\"Combine rational summands; leaves = \"177\n"
"From remote kernel:"
"\"Saved coefficient \"6\"/\"9\"; zero = \"True\n"
"From remote kernel:"
"\"Reduce coefficient \"7\"/\"9\"; leaves = \"518\n"
"From remote kernel:"
"\"Factor \"4\" rational summands\"\n"
"From remote kernel:"
"\"Combine \"4\" summands in \"3\" denominator groups\"\n"
"From remote kernel:"
"\"Combine rational summands; leaves = \"177\n"
"From remote kernel:"
"\"Saved coefficient \"7\"/\"9\"; zero = \"True\n"
"From remote kernel:"
"\"Reduce coefficient \"8\"/\"9\"; leaves = \"37\n"
"From remote kernel:"
"\"Factor \"2\" rational summands\"\n"
"From remote kernel:"
"\"Combine \"2\" summands in \"1\" denominator groups\"\n"
"From remote kernel:"
"\"Combine rational summands; leaves = \"1\n"
"From remote kernel:"
"\"Saved coefficient \"8\"/\"9\"; zero = \"True\n"
"From remote kernel:"
"\"Reduce coefficient \"9\"/\"9\"; leaves = \"37\n"
"From remote kernel:"
"\"Saved coefficient \"9\"/\"9\"; zero = \"True\n"
"From remote kernel:"
"\"2026-09-07T06:47:54\"\" \"{\"COMPARISON_FINISHED\", \"Hgq__Ppp_1_L0\", True, True}\n"
"From remote kernel:"
"\"2026-09-07T06:47:54\"\" \"{\"COMPARE\", \"Hgq__Ppp_1_L1\"}\n"
"From remote kernel:"
"\"Normalize \"0\" radicals\"\n"
"From remote kernel:"
"\"Normalize \"0\" distinct functions\"\n"
"From remote kernel:"
"\"Normalize \"0\" phase functions\"\n"
"From remote kernel:"
"\"2026-09-07T06:47:54\"\" \"{\"COMPARISON_FINISHED\", \"Hgq__Ppp_1_L1\", True, True}\n"
"From remote kernel:"
"\"2026-09-07T06:47:54\"\" \"{\"COMPARE\", \"Hgq__Ppp_1_Regular\"}\n"
"From remote kernel:"
"\"Reduce \"17\" algebraic coefficients\"\n"
"From remote kernel:"
"\"Reduce coefficient \"1\"/\"17\"; leaves = \"69073\n"
"From remote kernel:"
"\"Factor \"173\" rational summands\"\n"
"From remote kernel:"
"\"Saved coefficient \"1\"/\"18\"; zero = \"True\n"
"From remote kernel:"
"\"Reduce coefficient \"2\"/\"18\"; leaves = \"60577\n"
"From remote kernel:"
"\"Factor \"89\" rational summands\"\n"
"From remote kernel:"
"\"Factored summand \"100\"/\"173\n"
"From remote kernel:"
"\"Normalize \"5\" radicals\"\n"
"From remote kernel:"
"\"Normalize \"25\" distinct functions\"\n"
"From remote kernel:"
"\"Combine \"89\" summands in \"60\" denominator groups\"\n"
"From remote kernel:"
"\"Combine \"173\" summands in \"92\" denominator groups\"\n"
"From remote kernel:"
"\"Normalized function \"10\"/\"25\n"
"From remote kernel:"
"\"Combine rational summands; leaves = \"43294\n"
"From remote kernel:"
"\"Combine rational summands; leaves = \"70323\n"
"From remote kernel:"
"\"Saved coefficient \"2\"/\"18\"; zero = \"True\n"
"From remote kernel:"
"\"Reduce coefficient \"3\"/\"18\"; leaves = \"44016\n"
"From remote kernel:"
"\"Factor \"77\" rational summands\"\n"
"From remote kernel:"
"\"Combine \"77\" summands in \"53\" denominator groups\"\n"
"From remote kernel:"
"\"Combine rational summands; leaves = \"42289\n"
"From remote kernel:"
"\"Saved coefficient \"1\"/\"17\"; zero = \"True\n"
"From remote kernel:"
"\"Reduce coefficient \"2\"/\"17\"; leaves = \"32294\n"
"From remote kernel:"
"\"Factor \"50\" rational summands\"\n"
"From remote kernel:"
"\"Saved coefficient \"3\"/\"18\"; zero = \"True\n"
"From remote kernel:"
"\"Reduce coefficient \"4\"/\"18\"; leaves = \"33963\n"
"From remote kernel:"
"\"Factor \"61\" rational summands\"\n"
"From remote kernel:"
"\"Combine \"50\" summands in \"37\" denominator groups\"\n"
"From remote kernel:"
"\"Combine rational summands; leaves = \"26065\n"
"From remote kernel:"
"\"Combine \"61\" summands in \"47\" denominator groups\"\n"
"From remote kernel:"
"\"Combine rational summands; leaves = \"26427\n"
"From remote kernel:"
"\"Saved coefficient \"2\"/\"17\"; zero = \"True\n"
"From remote kernel:"
"\"Reduce coefficient \"3\"/\"17\"; leaves = \"18629\n"
"From remote kernel:"
"\"Factor \"41\" rational summands\"\n"
"From remote kernel:"
"\"Combine \"41\" summands in \"32\" denominator groups\"\n"
"From remote kernel:"
"\"Combine rational summands; leaves = \"17869\n"
"From remote kernel:"
"\"Saved coefficient \"4\"/\"18\"; zero = \"True\n"
"From remote kernel:"
"\"Reduce coefficient \"5\"/\"18\"; leaves = \"33963\n"
"From remote kernel:"
"\"Saved coefficient \"5\"/\"18\"; zero = \"True\n"
"From remote kernel:"
"\"Reduce coefficient \"6\"/\"18\"; leaves = \"544\n"
"From remote kernel:"
"\"Factor \"2\" rational summands\"\n"
"From remote kernel:"
"\"Combine \"2\" summands in \"1\" denominator groups\"\n"
"From remote kernel:"
"\"Combine rational summands; leaves = \"1\n"
"From remote kernel:"
"\"Saved coefficient \"6\"/\"18\"; zero = \"True\n"
"From remote kernel:"
"\"Reduce coefficient \"7\"/\"18\"; leaves = \"33225\n"
"From remote kernel:"
"\"Factor \"49\" rational summands\"\n"
"From remote kernel:"
"\"Saved coefficient \"3\"/\"17\"; zero = \"True\n"
"From remote kernel:"
"\"Reduce coefficient \"4\"/\"17\"; leaves = \"17701\n"
"From remote kernel:"
"\"Factor \"35\" rational summands\"\n"
"From remote kernel:"
"\"Combine \"35\" summands in \"32\" denominator groups\"\n"
"From remote kernel:"
"\"Combine \"49\" summands in \"37\" denominator groups\"\n"
"From remote kernel:"
"\"Combine rational summands; leaves = \"17527\n"
"From remote kernel:"
"\"Combine rational summands; leaves = \"30822\n"
"From remote kernel:"
"\"Saved coefficient \"4\"/\"17\"; zero = \"True\n"
"From remote kernel:"
"\"Reduce coefficient \"5\"/\"17\"; leaves = \"17701\n"
"From remote kernel:"
"\"Saved coefficient \"5\"/\"17\"; zero = \"True\n"
"From remote kernel:"
"\"Reduce coefficient \"6\"/\"17\"; leaves = \"17569\n"
"From remote kernel:"
"\"Factor \"29\" rational summands\"\n"
"From remote kernel:"
"\"Combine \"29\" summands in \"25\" denominator groups\"\n"
"From remote kernel:"
"\"Saved coefficient \"7\"/\"18\"; zero = \"True\n"
"From remote kernel:"
"\"Combine rational summands; leaves = \"18877\n"
"From remote kernel:"
"\"Reduce coefficient \"8\"/\"18\"; leaves = \"51597\n"
"From remote kernel:"
"\"Factor \"77\" rational summands\"\n"
"From remote kernel:"
"\"Saved coefficient \"6\"/\"17\"; zero = \"True\n"
"From remote kernel:"
"\"Reduce coefficient \"7\"/\"17\"; leaves = \"28639\n"
"From remote kernel:"
"\"Factor \"46\" rational summands\"\n"
"From remote kernel:"
"\"Combine \"77\" summands in \"54\" denominator groups\"\n"
"From remote kernel:"
"\"Combine \"46\" summands in \"36\" denominator groups\"\n"
"From remote kernel:"
"\"Combine rational summands; leaves = \"39950\n"
"From remote kernel:"
"\"Combine rational summands; leaves = \"27015\n"
"From remote kernel:"
"\"Saved coefficient \"7\"/\"17\"; zero = \"True\n"
"From remote kernel:"
"\"Reduce coefficient \"8\"/\"17\"; leaves = \"906\n"
"From remote kernel:"
"\"Factor \"11\" rational summands\"\n"
"From remote kernel:"
"\"Combine \"11\" summands in \"3\" denominator groups\"\n"
"From remote kernel:"
"\"Combine rational summands; leaves = \"574\n"
"From remote kernel:"
"\"Saved coefficient \"8\"/\"17\"; zero = \"True\n"
"From remote kernel:"
"\"Reduce coefficient \"9\"/\"17\"; leaves = \"1301\n"
"From remote kernel:"
"\"Factor \"11\" rational summands\"\n"
"From remote kernel:"
"\"Combine \"11\" summands in \"5\" denominator groups\"\n"
"From remote kernel:"
"\"Combine rational summands; leaves = \"1290\n"
"From remote kernel:"
"\"Saved coefficient \"9\"/\"17\"; zero = \"True\n"
"From remote kernel:"
"\"Reduce coefficient \"10\"/\"17\"; leaves = \"1885\n"
"From remote kernel:"
"\"Factor \"13\" rational summands\"\n"
"From remote kernel:"
"\"Combine \"13\" summands in \"6\" denominator groups\"\n"
"From remote kernel:"
"\"Combine rational summands; leaves = \"2338\n"
"From remote kernel:"
"\"Saved coefficient \"10\"/\"17\"; zero = \"True\n"
"From remote kernel:"
"\"Reduce coefficient \"11\"/\"17\"; leaves = \"9014\n"
"From remote kernel:"
"\"Factor \"28\" rational summands\"\n"
"From remote kernel:"
"\"Combine \"28\" summands in \"26\" denominator groups\"\n"
"From remote kernel:"
"\"Combine rational summands; leaves = \"6536\n"
"From remote kernel:"
"\"Saved coefficient \"8\"/\"18\"; zero = \"True\n"
"From remote kernel:"
"\"Reduce coefficient \"9\"/\"18\"; leaves = \"1362\n"
"From remote kernel:"
"\"Factor \"14\" rational summands\"\n"
"From remote kernel:"
"\"Combine \"14\" summands in \"8\" denominator groups\"\n"
"From remote kernel:"
"\"Combine rational summands; leaves = \"726\n"
"From remote kernel:"
"\"Saved coefficient \"9\"/\"18\"; zero = \"True\n"
"From remote kernel:"
"\"Saved coefficient \"11\"/\"17\"; zero = \"True\n"
"From remote kernel:"
"\"Reduce coefficient \"10\"/\"18\"; leaves = \"2746\n"
"From remote kernel:"
"\"Reduce coefficient \"12\"/\"17\"; leaves = \"9014\n"
"From remote kernel:"
"\"Factor \"18\" rational summands\"\n"
"From remote kernel:"
"\"Factor \"28\" rational summands\"\n"
"From remote kernel:"
"\"Combine \"18\" summands in \"13\" denominator groups\"\n"
"From remote kernel:"
"\"Combine rational summands; leaves = \"2796\n"
"From remote kernel:"
"\"Saved coefficient \"10\"/\"18\"; zero = \"True\n"
"From remote kernel:"
"\"Reduce coefficient \"11\"/\"18\"; leaves = \"2112\n"
"From remote kernel:"
"\"Combine \"28\" summands in \"26\" denominator groups\"\n"
"From remote kernel:"
"\"Factor \"16\" rational summands\"\n"
"From remote kernel:"
"\"Combine \"16\" summands in \"12\" denominator groups\"\n"
"From remote kernel:"
"\"Combine rational summands; leaves = \"1985\n"
"From remote kernel:"
"\"Combine rational summands; leaves = \"6536\n"
"From remote kernel:"
"\"Saved coefficient \"11\"/\"18\"; zero = \"True\n"
"From remote kernel:"
"\"Reduce coefficient \"12\"/\"18\"; leaves = \"24043\n"
"From remote kernel:"
"\"Factor \"68\" rational summands\"\n"
"From remote kernel:"
"\"Saved coefficient \"12\"/\"17\"; zero = \"True\n"
"From remote kernel:"
"\"Reduce coefficient \"13\"/\"17\"; leaves = \"3290\n"
"From remote kernel:"
"\"Factor \"9\" rational summands\"\n"
"From remote kernel:"
"\"Combine \"9\" summands in \"8\" denominator groups\"\n"
"From remote kernel:"
"\"Combine rational summands; leaves = \"2718\n"
"From remote kernel:"
"\"Saved coefficient \"13\"/\"17\"; zero = \"True\n"
"From remote kernel:"
"\"Reduce coefficient \"14\"/\"17\"; leaves = \"4267\n"
"From remote kernel:"
"\"Factor \"13\" rational summands\"\n"
"From remote kernel:"
"\"Combine \"13\" summands in \"10\" denominator groups\"\n"
"From remote kernel:"
"\"Combine rational summands; leaves = \"3766\n"
"From remote kernel:"
"\"Combine \"68\" summands in \"61\" denominator groups\"\n"
"From remote kernel:"
"\"Saved coefficient \"14\"/\"17\"; zero = \"True\n"
"From remote kernel:"
"\"Reduce coefficient \"15\"/\"17\"; leaves = \"1766\n"
"From remote kernel:"
"\"Factor \"3\" rational summands\"\n"
"From remote kernel:"
"\"Combine \"3\" summands in \"3\" denominator groups\"\n"
"From remote kernel:"
"\"Combine rational summands; leaves = \"1747\n"
"From remote kernel:"
"\"Saved coefficient \"15\"/\"17\"; zero = \"True\n"
"From remote kernel:"
"\"Reduce coefficient \"16\"/\"17\"; leaves = \"1766\n"
"From remote kernel:"
"\"Saved coefficient \"16\"/\"17\"; zero = \"True\n"
"From remote kernel:"
"\"Reduce coefficient \"17\"/\"17\"; leaves = \"394\n"
"From remote kernel:"
"\"Factor \"2\" rational summands\"\n"
"From remote kernel:"
"\"Combine \"2\" summands in \"1\" denominator groups\"\n"
"From remote kernel:"
"\"Combine rational summands; leaves = \"1\n"
"From remote kernel:"
"\"Saved coefficient \"17\"/\"17\"; zero = \"True\n"
"From remote kernel:"
"\"Combine rational summands; leaves = \"16870\n"
"From remote kernel:"
"\"2026-09-07T06:48:16\"\" \"{\"COMPARISON_FINISHED\", \"Hgq__Pg_1_Regular\", True, True}\n"
"From remote kernel:"
"\"2026-09-07T06:48:16\"\" \"{\"COMPARE\", \"Hgq__Ppp_-1_Delta\"}\n"
"From remote kernel:"
"\"Normalize \"0\" radicals\"\n"
"From remote kernel:"
"\"Normalize \"52\" distinct functions\"\n"
"From remote kernel:"
"\"Normalized function \"10\"/\"52\n"
"From remote kernel:"
"\"Normalized function \"20\"/\"52\n"
"From remote kernel:"
"\"Saved coefficient \"12\"/\"18\"; zero = \"True\n"
"From remote kernel:"
"\"Reduce coefficient \"13\"/\"18\"; leaves = \"24043\n"
"From remote kernel:"
"\"Factor \"68\" rational summands\"\n"
"From remote kernel:"
"\"Normalized function \"30\"/\"52\n"
"From remote kernel:"
"\"Normalized function \"40\"/\"52\n"
"From remote kernel:"
"\"Normalized function \"50\"/\"52\n"
"From remote kernel:"
"\"Combine \"68\" summands in \"61\" denominator groups\"\n"
"From remote kernel:"
"\"Normalize \"0\" phase functions\"\n"
"From remote kernel:"
"\"Combine rational summands; leaves = \"16870\n"
"From remote kernel:"
"\"Factored formal input leaves = \"77494\n"
"From remote kernel:"
"\"Reduce \"50\" algebraic coefficients\"\n"
"From remote kernel:"
"\"Reduce coefficient \"1\"/\"50\"; leaves = \"16049\n"
"From remote kernel:"
"\"Factor \"220\" rational summands\"\n"
"From remote kernel:"
"\"Factored summand \"100\"/\"220\n"
"From remote kernel:"
"\"Factored summand \"200\"/\"220\n"
"From remote kernel:"
"\"Combine \"220\" summands in \"87\" denominator groups\"\n"
"From remote kernel:"
"\"Saved coefficient \"13\"/\"18\"; zero = \"True\n"
"From remote kernel:"
"\"Combine rational summands; leaves = \"7064\n"
"From remote kernel:"
"\"Reduce coefficient \"14\"/\"18\"; leaves = \"6771\n"
"From remote kernel:"
"\"Factor \"24\" rational summands\"\n"
"From remote kernel:"
"\"Combine \"24\" summands in \"19\" denominator groups\"\n"
"From remote kernel:"
"\"Saved coefficient \"1\"/\"50\"; zero = \"True\n"
"From remote kernel:"
"\"Reduce coefficient \"2\"/\"50\"; leaves = \"5118\n"
"From remote kernel:"
"\"Factor \"85\" rational summands\"\n"
"From remote kernel:"
"\"Combine rational summands; leaves = \"4852\n"
"From remote kernel:"
"\"Combine \"85\" summands in \"49\" denominator groups\"\n"
"From remote kernel:"
"\"Combine rational summands; leaves = \"2622\n"
"From remote kernel:"
"\"Saved coefficient \"14\"/\"18\"; zero = \"True\n"
"From remote kernel:"
"\"Reduce coefficient \"15\"/\"18\"; leaves = \"5299\n"
"From remote kernel:"
"\"Factor \"18\" rational summands\"\n"
"From remote kernel:"
"\"Saved coefficient \"2\"/\"50\"; zero = \"True\n"
"From remote kernel:"
"\"Reduce coefficient \"3\"/\"50\"; leaves = \"506\n"
"From remote kernel:"
"\"Factor \"9\" rational summands\"\n"
"From remote kernel:"
"\"Combine \"9\" summands in \"5\" denominator groups\"\n"
"From remote kernel:"
"\"Combine rational summands; leaves = \"162\n"
"From remote kernel:"
"\"Saved coefficient \"3\"/\"50\"; zero = \"True\n"
"From remote kernel:"
"\"Combine \"18\" summands in \"16\" denominator groups\"\n"
"From remote kernel:"
"\"Reduce coefficient \"4\"/\"50\"; leaves = \"5157\n"
"From remote kernel:"
"\"Factor \"84\" rational summands\"\n"
"From remote kernel:"
"\"Combine \"84\" summands in \"40\" denominator groups\"\n"
"From remote kernel:"
"\"Combine rational summands; leaves = \"4041\n"
"From remote kernel:"
"\"Combine rational summands; leaves = \"2439\n"
"From remote kernel:"
"\"Saved coefficient \"4\"/\"50\"; zero = \"True\n"
"From remote kernel:"
"\"Reduce coefficient \"5\"/\"50\"; leaves = \"716\n"
"From remote kernel:"
"\"Saved coefficient \"15\"/\"18\"; zero = \"True\n"
"From remote kernel:"
"\"Factor \"15\" rational summands\"\n"
"From remote kernel:"
"\"Reduce coefficient \"16\"/\"18\"; leaves = \"2749\n"
"From remote kernel:"
"\"Combine \"15\" summands in \"9\" denominator groups\"\n"
"From remote kernel:"
"\"Factor \"6\" rational summands\"\n"
"From remote kernel:"
"\"Combine rational summands; leaves = \"281\n"
"From remote kernel:"
"\"Saved coefficient \"5\"/\"50\"; zero = \"True\n"
"From remote kernel:"
"\"Reduce coefficient \"6\"/\"50\"; leaves = \"732\n"
"From remote kernel:"
"\"Combine \"6\" summands in \"6\" denominator groups\"\n"
"From remote kernel:"
"\"Factor \"14\" rational summands\"\n"
"From remote kernel:"
"\"Combine \"14\" summands in \"6\" denominator groups\"\n"
"From remote kernel:"
"\"Combine rational summands; leaves = \"291\n"
"From remote kernel:"
"\"Combine rational summands; leaves = \"2400\n"
"From remote kernel:"
"\"Saved coefficient \"6\"/\"50\"; zero = \"True\n"
"From remote kernel:"
"\"Reduce coefficient \"7\"/\"50\"; leaves = \"5237\n"
"From remote kernel:"
"\"Factor \"86\" rational summands\"\n"
"From remote kernel:"
"\"Saved coefficient \"16\"/\"18\"; zero = \"True\n"
"From remote kernel:"
"\"Combine \"86\" summands in \"41\" denominator groups\"\n"
"From remote kernel:"
"\"Reduce coefficient \"17\"/\"18\"; leaves = \"2749\n"
"From remote kernel:"
"\"Saved coefficient \"17\"/\"18\"; zero = \"True\n"
"From remote kernel:"
"\"Reduce coefficient \"18\"/\"18\"; leaves = \"839\n"
"From remote kernel:"
"\"Factor \"4\" rational summands\"\n"
"From remote kernel:"
"\"Combine \"4\" summands in \"2\" denominator groups\"\n"
"From remote kernel:"
"\"Combine rational summands; leaves = \"2515\n"
"From remote kernel:"
"\"Combine rational summands; leaves = \"1\n"
"From remote kernel:"
"\"Saved coefficient \"18\"/\"18\"; zero = \"True\n"
"From remote kernel:"
"\"Saved coefficient \"7\"/\"50\"; zero = \"True\n"
"From remote kernel:"
"\"Reduce coefficient \"8\"/\"50\"; leaves = \"716\n"
"From remote kernel:"
"\"Factor \"15\" rational summands\"\n"
"From remote kernel:"
"\"Combine \"15\" summands in \"9\" denominator groups\"\n"
"From remote kernel:"
"\"Combine rational summands; leaves = \"281\n"
"From remote kernel:"
"\"Saved coefficient \"8\"/\"50\"; zero = \"True\n"
"From remote kernel:"
"\"Reduce coefficient \"9\"/\"50\"; leaves = \"732\n"
"From remote kernel:"
"\"Saved coefficient \"9\"/\"50\"; zero = \"True\n"
"From remote kernel:"
"\"Reduce coefficient \"10\"/\"50\"; leaves = \"734\n"
"From remote kernel:"
"\"Factor \"14\" rational summands\"\n"
"From remote kernel:"
"\"Combine \"14\" summands in \"6\" denominator groups\"\n"
"From remote kernel:"
"\"Combine rational summands; leaves = \"291\n"
"From remote kernel:"
"\"Saved coefficient \"10\"/\"50\"; zero = \"True\n"
"From remote kernel:"
"\"Reduce coefficient \"11\"/\"50\"; leaves = \"4922\n"
"From remote kernel:"
"\"Factor \"51\" rational summands\"\n"
"From remote kernel:"
"\"Combine \"51\" summands in \"24\" denominator groups\"\n"
"From remote kernel:"
"\"Combine rational summands; leaves = \"2720\n"
"From remote kernel:"
"\"2026-09-07T06:48:20\"\" \"{\"COMPARISON_FINISHED\", \"Hqg__F2_-1_Regular\", True, True}\n"
"From remote kernel:"
"\"2026-09-07T06:48:20\"\" \"{\"COMPARE\", \"Hgq__Ppp_-1_L0\"}\n"
"From remote kernel:"
"\"Saved coefficient \"11\"/\"50\"; zero = \"True\n"
"From remote kernel:"
"\"Reduce coefficient \"12\"/\"50\"; leaves = \"1533\n"
"From remote kernel:"
"\"Factor \"23\" rational summands\"\n"
"From remote kernel:"
"\"Combine \"23\" summands in \"17\" denominator groups\"\n"
"From remote kernel:"
"\"Normalize \"0\" radicals\"\n"
"From remote kernel:"
"\"Combine rational summands; leaves = \"923\n"
"From remote kernel:"
"\"Normalize \"12\" distinct functions\"\n"
"From remote kernel:"
"\"Saved coefficient \"12\"/\"50\"; zero = \"True\n"
"From remote kernel:"
"\"Reduce coefficient \"13\"/\"50\"; leaves = \"1540\n"
"From remote kernel:"
"\"Factor \"23\" rational summands\"\n"
"From remote kernel:"
"\"Combine \"23\" summands in \"17\" denominator groups\"\n"
"From remote kernel:"
"\"Combine rational summands; leaves = \"923\n"
"From remote kernel:"
"\"Saved coefficient \"13\"/\"50\"; zero = \"True\n"
"From remote kernel:"
"\"Reduce coefficient \"14\"/\"50\"; leaves = \"1544\n"
"From remote kernel:"
"\"Factor \"23\" rational summands\"\n"
"From remote kernel:"
"\"Combine \"23\" summands in \"17\" denominator groups\"\n"
"From remote kernel:"
"\"Normalized function \"10\"/\"12\n"
"From remote kernel:"
"\"Combine rational summands; leaves = \"927\n"
"From remote kernel:"
"\"Saved coefficient \"14\"/\"50\"; zero = \"True\n"
"From remote kernel:"
"\"Reduce coefficient \"15\"/\"50\"; leaves = \"1978\n"
"From remote kernel:"
"\"Factor \"29\" rational summands\"\n"
"From remote kernel:"
"\"Normalize \"0\" phase functions\"\n"
"From remote kernel:"
"\"Combine \"29\" summands in \"20\" denominator groups\"\n"
"From remote kernel:"
"\"Factored formal input leaves = \"2242\n"
"From remote kernel:"
"\"Combine rational summands; leaves = \"1056\n"
"From remote kernel:"
"\"Reduce \"9\" algebraic coefficients\"\n"
"From remote kernel:"
"\"Reduce coefficient \"1\"/\"9\"; leaves = \"342\n"
"From remote kernel:"
"\"Saved coefficient \"15\"/\"50\"; zero = \"False\n"
"From remote kernel:"
"\"Factor \"2\" rational summands\"\n"
"From remote kernel:"
"\"Reduce coefficient \"16\"/\"50\"; leaves = \"4477\n"
"From remote kernel:"
"\"Combine \"2\" summands in \"1\" denominator groups\"\n"
"From remote kernel:"
"\"Factor \"57\" rational summands\"\n"
"From remote kernel:"
"\"Combine rational summands; leaves = \"1\n"
"From remote kernel:"
"\"Saved coefficient \"1\"/\"9\"; zero = \"True\n"
"From remote kernel:"
"\"Reduce coefficient \"2\"/\"9\"; leaves = \"158\n"
"From remote kernel:"
"\"Factor \"2\" rational summands\"\n"
"From remote kernel:"
"\"Combine \"2\" summands in \"1\" denominator groups\"\n"
"From remote kernel:"
"\"Combine rational summands; leaves = \"1\n"
"From remote kernel:"
"\"Combine \"57\" summands in \"26\" denominator groups\"\n"
"From remote kernel:"
"\"Saved coefficient \"2\"/\"9\"; zero = \"True\n"
"From remote kernel:"
"\"Reduce coefficient \"3\"/\"9\"; leaves = \"158\n"
"From remote kernel:"
"\"Factor \"2\" rational summands\"\n"
"From remote kernel:"
"\"Combine \"2\" summands in \"1\" denominator groups\"\n"
"From remote kernel:"
"\"Combine rational summands; leaves = \"2425\n"
"From remote kernel:"
"\"Combine rational summands; leaves = \"1\n"
"From remote kernel:"
"\"Saved coefficient \"3\"/\"9\"; zero = \"True\n"
"From remote kernel:"
"\"Reduce coefficient \"4\"/\"9\"; leaves = \"158\n"
"From remote kernel:"
"\"Saved coefficient \"4\"/\"9\"; zero = \"True\n"
"From remote kernel:"
"\"Saved coefficient \"16\"/\"50\"; zero = \"True\n"
"From remote kernel:"
"\"Reduce coefficient \"5\"/\"9\"; leaves = \"158\n"
"From remote kernel:"
"\"Reduce coefficient \"17\"/\"50\"; leaves = \"1561\n"
"From remote kernel:"
"\"Factor \"2\" rational summands\"\n"
"From remote kernel:"
"\"Factor \"24\" rational summands\"\n"
"From remote kernel:"
"\"Combine \"2\" summands in \"1\" denominator groups\"\n"
"From remote kernel:"
"\"Combine \"24\" summands in \"18\" denominator groups\"\n"
"From remote kernel:"
"\"Combine rational summands; leaves = \"1\n"
"From remote kernel:"
"\"Combine rational summands; leaves = \"927\n"
"From remote kernel:"
"\"Saved coefficient \"5\"/\"9\"; zero = \"True\n"
"From remote kernel:"
"\"Reduce coefficient \"6\"/\"9\"; leaves = \"570\n"
"From remote kernel:"
"\"Saved coefficient \"17\"/\"50\"; zero = \"True\n"
"From remote kernel:"
"\"Factor \"3\" rational summands\"\n"
"From remote kernel:"
"\"Reduce coefficient \"18\"/\"50\"; leaves = \"1607\n"
"From remote kernel:"
"\"Combine \"3\" summands in \"2\" denominator groups\"\n"
"From remote kernel:"
"\"Factor \"26\" rational summands\"\n"
"From remote kernel:"
"\"Combine rational summands; leaves = \"173\n"
"From remote kernel:"
"\"Combine \"26\" summands in \"19\" denominator groups\"\n"
"From remote kernel:"
"\"Saved coefficient \"6\"/\"9\"; zero = \"True\n"
"From remote kernel:"
"\"Combine rational summands; leaves = \"962\n"
"From remote kernel:"
"\"Reduce coefficient \"7\"/\"9\"; leaves = \"594\n"
"From remote kernel:"
"\"Factor \"4\" rational summands\"\n"
"From remote kernel:"
"\"Saved coefficient \"18\"/\"50\"; zero = \"True\n"
"From remote kernel:"
"\"Combine \"4\" summands in \"3\" denominator groups\"\n"
"From remote kernel:"
"\"Reduce coefficient \"19\"/\"50\"; leaves = \"1613\n"
"From remote kernel:"
"\"Combine rational summands; leaves = \"173\n"
"From remote kernel:"
"\"Factor \"26\" rational summands\"\n"
"From remote kernel:"
"\"Saved coefficient \"7\"/\"9\"; zero = \"True\n"
"From remote kernel:"
"\"Combine \"26\" summands in \"19\" denominator groups\"\n"
"From remote kernel:"
"\"Reduce coefficient \"8\"/\"9\"; leaves = \"37\n"
"From remote kernel:"
"\"Combine rational summands; leaves = \"966\n"
"From remote kernel:"
"\"Factor \"2\" rational summands\"\n"
"From remote kernel:"
"\"Combine \"2\" summands in \"1\" denominator groups\"\n"
"From remote kernel:"
"\"Saved coefficient \"19\"/\"50\"; zero = \"True\n"
"From remote kernel:"
"\"Combine rational summands; leaves = \"1\n"
"From remote kernel:"
"\"Reduce coefficient \"20\"/\"50\"; leaves = \"1978\n"
"From remote kernel:"
"\"Saved coefficient \"8\"/\"9\"; zero = \"True\n"
"From remote kernel:"
"\"Factor \"29\" rational summands\"\n"
"From remote kernel:"
"\"Reduce coefficient \"9\"/\"9\"; leaves = \"37\n"
"From remote kernel:"
"\"Combine \"29\" summands in \"20\" denominator groups\"\n"
"From remote kernel:"
"\"Saved coefficient \"9\"/\"9\"; zero = \"True\n"
"From remote kernel:"
"\"2026-09-07T06:48:21\"\" \"{\"COMPARISON_FINISHED\", \"Hgq__Ppp_-1_L0\", True, True}\n"
"From remote kernel:"
"\"Combine rational summands; leaves = \"1056\n"
"From remote kernel:"
"\"2026-09-07T06:48:21\"\" \"{\"COMPARE\", \"Hgq__Ppp_-1_L1\"}\n"
"From remote kernel:"
"\"Saved coefficient \"20\"/\"50\"; zero = \"True\n"
"From remote kernel:"
"\"Normalize \"0\" radicals\"\n"
"From remote kernel:"
"\"Reduce coefficient \"21\"/\"50\"; leaves = \"1707\n"
"From remote kernel:"
"\"Normalize \"0\" distinct functions\"\n"
"From remote kernel:"
"\"Factor \"28\" rational summands\"\n"
"From remote kernel:"
"\"Normalize \"0\" phase functions\"\n"
"From remote kernel:"
"\"Combine \"28\" summands in \"19\" denominator groups\"\n"
"From remote kernel:"
"\"2026-09-07T06:48:21\"\" \"{\"COMPARISON_FINISHED\", \"Hgq__Ppp_-1_L1\", True, True}\n"
"From remote kernel:"
"\"Combine rational summands; leaves = \"1056\n"
"From remote kernel:"
"\"2026-09-07T06:48:21\"\" \"{\"COMPARE\", \"Hgq__Ppp_-1_Regular\"}\n"
"From remote kernel:"
"\"Saved coefficient \"21\"/\"50\"; zero = \"True\n"
"From remote kernel:"
"\"Reduce coefficient \"22\"/\"50\"; leaves = \"294\n"
"From remote kernel:"
"\"Factor \"10\" rational summands\"\n"
"From remote kernel:"
"\"Combine \"10\" summands in \"5\" denominator groups\"\n"
"From remote kernel:"
"\"Combine rational summands; leaves = \"205\n"
"From remote kernel:"
"\"Saved coefficient \"22\"/\"50\"; zero = \"True\n"
"From remote kernel:"
"\"Reduce coefficient \"23\"/\"50\"; leaves = \"37\n"
"From remote kernel:"
"\"Factor \"2\" rational summands\"\n"
"From remote kernel:"
"\"Combine \"2\" summands in \"1\" denominator groups\"\n"
"From remote kernel:"
"\"Combine rational summands; leaves = \"1\n"
"From remote kernel:"
"\"Saved coefficient \"23\"/\"50\"; zero = \"True\n"
"From remote kernel:"
"\"Reduce coefficient \"24\"/\"50\"; leaves = \"37\n"
"From remote kernel:"
"\"Saved coefficient \"24\"/\"50\"; zero = \"True\n"
"From remote kernel:"
"\"Reduce coefficient \"25\"/\"50\"; leaves = \"41\n"
"From remote kernel:"
"\"Factor \"2\" rational summands\"\n"
"From remote kernel:"
"\"Combine \"2\" summands in \"1\" denominator groups\"\n"
"From remote kernel:"
"\"Combine rational summands; leaves = \"1\n"
"From remote kernel:"
"\"Saved coefficient \"25\"/\"50\"; zero = \"True\n"
"From remote kernel:"
"\"Reduce coefficient \"26\"/\"50\"; leaves = \"41\n"
"From remote kernel:"
"\"Factor \"2\" rational summands\"\n"
"From remote kernel:"
"\"Combine \"2\" summands in \"1\" denominator groups\"\n"
"From remote kernel:"
"\"Combine rational summands; leaves = \"1\n"
"From remote kernel:"
"\"Saved coefficient \"26\"/\"50\"; zero = \"True\n"
"From remote kernel:"
"\"Reduce coefficient \"27\"/\"50\"; leaves = \"41\n"
"From remote kernel:"
"\"Factor \"2\" rational summands\"\n"
"From remote kernel:"
"\"Combine \"2\" summands in \"1\" denominator groups\"\n"
"From remote kernel:"
"\"Combine rational summands; leaves = \"1\n"
"From remote kernel:"
"\"Saved coefficient \"27\"/\"50\"; zero = \"True\n"
"From remote kernel:"
"\"Reduce coefficient \"28\"/\"50\"; leaves = \"4669\n"
"From remote kernel:"
"\"Factor \"73\" rational summands\"\n"
"From remote kernel:"
"\"Combine \"73\" summands in \"39\" denominator groups\"\n"
"From remote kernel:"
"\"Combine rational summands; leaves = \"2179\n"
"From remote kernel:"
"\"Saved coefficient \"28\"/\"50\"; zero = \"True\n"
"From remote kernel:"
"\"Reduce coefficient \"29\"/\"50\"; leaves = \"510\n"
"From remote kernel:"
"\"Factor \"9\" rational summands\"\n"
"From remote kernel:"
"\"Combine \"9\" summands in \"5\" denominator groups\"\n"
"From remote kernel:"
"\"Combine rational summands; leaves = \"162\n"
"From remote kernel:"
"\"Saved coefficient \"29\"/\"50\"; zero = \"True\n"
"From remote kernel:"
"\"Reduce coefficient \"30\"/\"50\"; leaves = \"607\n"
"From remote kernel:"
"\"Factor \"11\" rational summands\"\n"
"From remote kernel:"
"\"Combine \"11\" summands in \"6\" denominator groups\"\n"
"From remote kernel:"
"\"Combine rational summands; leaves = \"162\n"
"From remote kernel:"
"\"Saved coefficient \"30\"/\"50\"; zero = \"True\n"
"From remote kernel:"
"\"Reduce coefficient \"31\"/\"50\"; leaves = \"607\n"
"From remote kernel:"
"\"Factor \"11\" rational summands\"\n"
"From remote kernel:"
"\"Combine \"11\" summands in \"6\" denominator groups\"\n"
"From remote kernel:"
"\"Combine rational summands; leaves = \"162\n"
"From remote kernel:"
"\"Saved coefficient \"31\"/\"50\"; zero = \"True\n"
"From remote kernel:"
"\"Reduce coefficient \"32\"/\"50\"; leaves = \"1537\n"
"From remote kernel:"
"\"Factor \"23\" rational summands\"\n"
"From remote kernel:"
"\"Combine \"23\" summands in \"17\" denominator groups\"\n"
"From remote kernel:"
"\"Combine rational summands; leaves = \"927\n"
"From remote kernel:"
"\"Saved coefficient \"32\"/\"50\"; zero = \"True\n"
"From remote kernel:"
"\"Reduce coefficient \"33\"/\"50\"; leaves = \"1561\n"
"From remote kernel:"
"\"Factor \"24\" rational summands\"\n"
"From remote kernel:"
"\"Combine \"24\" summands in \"18\" denominator groups\"\n"
"From remote kernel:"
"\"Combine rational summands; leaves = \"927\n"
"From remote kernel:"
"\"Saved coefficient \"33\"/\"50\"; zero = \"True\n"
"From remote kernel:"
"\"Reduce coefficient \"34\"/\"50\"; leaves = \"37\n"
"From remote kernel:"
"\"Factor \"2\" rational summands\"\n"
"From remote kernel:"
"\"Combine \"2\" summands in \"1\" denominator groups\"\n"
"From remote kernel:"
"\"Combine rational summands; leaves = \"1\n"
"From remote kernel:"
"\"Saved coefficient \"34\"/\"50\"; zero = \"True\n"
"From remote kernel:"
"\"Reduce coefficient \"35\"/\"50\"; leaves = \"506\n"
"From remote kernel:"
"\"Factor \"9\" rational summands\"\n"
"From remote kernel:"
"\"Combine \"9\" summands in \"5\" denominator groups\"\n"
"From remote kernel:"
"\"Combine rational summands; leaves = \"162\n"
"From remote kernel:"
"\"Saved coefficient \"35\"/\"50\"; zero = \"True\n"
"From remote kernel:"
"\"Reduce coefficient \"36\"/\"50\"; leaves = \"623\n"
"From remote kernel:"
"\"Factor \"18\" rational summands\"\n"
"From remote kernel:"
"\"Combine \"18\" summands in \"12\" denominator groups\"\n"
"From remote kernel:"
"\"Combine rational summands; leaves = \"463\n"
"From remote kernel:"
"\"Saved coefficient \"36\"/\"50\"; zero = \"True\n"
"From remote kernel:"
"\"Reduce coefficient \"37\"/\"50\"; leaves = \"37\n"
"From remote kernel:"
"\"Saved coefficient \"37\"/\"50\"; zero = \"True\n"
"From remote kernel:"
"\"Reduce coefficient \"38\"/\"50\"; leaves = \"143\n"
"From remote kernel:"
"\"Factor \"5\" rational summands\"\n"
"From remote kernel:"
"\"Combine \"5\" summands in \"3\" denominator groups\"\n"
"From remote kernel:"
"\"Combine rational summands; leaves = \"97\n"
"From remote kernel:"
"\"Saved coefficient \"38\"/\"50\"; zero = \"True\n"
"From remote kernel:"
"\"Reduce coefficient \"39\"/\"50\"; leaves = \"149\n"
"From remote kernel:"
"\"Factor \"5\" rational summands\"\n"
"From remote kernel:"
"\"Combine \"5\" summands in \"5\" denominator groups\"\n"
"From remote kernel:"
"\"Combine rational summands; leaves = \"103\n"
"From remote kernel:"
"\"Saved coefficient \"39\"/\"50\"; zero = \"True\n"
"From remote kernel:"
"\"Reduce coefficient \"40\"/\"50\"; leaves = \"14\n"
"From remote kernel:"
"\"Factor \"1\" rational summands\"\n"
"From remote kernel:"
"\"Combine \"1\" summands in \"1\" denominator groups\"\n"
"From remote kernel:"
"\"Combine rational summands; leaves = \"14\n"
"From remote kernel:"
"\"Saved coefficient \"40\"/\"50\"; zero = \"False\n"
"From remote kernel:"
"\"Reduce coefficient \"41\"/\"50\"; leaves = \"41\n"
"From remote kernel:"
"\"Saved coefficient \"41\"/\"50\"; zero = \"True\n"
"From remote kernel:"
"\"Reduce coefficient \"42\"/\"50\"; leaves = \"41\n"
"From remote kernel:"
"\"Saved coefficient \"42\"/\"50\"; zero = \"True\n"
"From remote kernel:"
"\"Reduce coefficient \"43\"/\"50\"; leaves = \"37\n"
"From remote kernel:"
"\"Saved coefficient \"43\"/\"50\"; zero = \"True\n"
"From remote kernel:"
"\"Reduce coefficient \"44\"/\"50\"; leaves = \"41\n"
"From remote kernel:"
"\"Factor \"2\" rational summands\"\n"
"From remote kernel:"
"\"Combine \"2\" summands in \"2\" denominator groups\"\n"
"From remote kernel:"
"\"Combine rational summands; leaves = \"14\n"
"From remote kernel:"
"\"Saved coefficient \"44\"/\"50\"; zero = \"False\n"
"From remote kernel:"
"\"Reduce coefficient \"45\"/\"50\"; leaves = \"1681\n"
"From remote kernel:"
"\"Factor \"27\" rational summands\"\n"
"From remote kernel:"
"\"Combine \"27\" summands in \"18\" denominator groups\"\n"
"From remote kernel:"
"\"Combine rational summands; leaves = \"1056\n"
"From remote kernel:"
"\"Saved coefficient \"45\"/\"50\"; zero = \"True\n"
"From remote kernel:"
"\"Reduce coefficient \"46\"/\"50\"; leaves = \"14\n"
"From remote kernel:"
"\"Factor \"1\" rational summands\"\n"
"From remote kernel:"
"\"Combine \"1\" summands in \"1\" denominator groups\"\n"
"From remote kernel:"
"\"Combine rational summands; leaves = \"14\n"
"From remote kernel:"
"\"Saved coefficient \"46\"/\"50\"; zero = \"False\n"
"From remote kernel:"
"\"Reduce coefficient \"47\"/\"50\"; leaves = \"56\n"
"From remote kernel:"
"\"Factor \"2\" rational summands\"\n"
"From remote kernel:"
"\"Combine \"2\" summands in \"1\" denominator groups\"\n"
"From remote kernel:"
"\"Combine rational summands; leaves = \"1\n"
"From remote kernel:"
"\"Saved coefficient \"47\"/\"50\"; zero = \"True\n"
"From remote kernel:"
"\"Reduce coefficient \"48\"/\"50\"; leaves = \"595\n"
"From remote kernel:"
"\"Factor \"4\" rational summands\"\n"
"From remote kernel:"
"\"Combine \"4\" summands in \"2\" denominator groups\"\n"
"From remote kernel:"
"\"Combine rational summands; leaves = \"1\n"
"From remote kernel:"
"\"Saved coefficient \"48\"/\"50\"; zero = \"True\n"
"From remote kernel:"
"\"Reduce coefficient \"49\"/\"50\"; leaves = \"595\n"
"From remote kernel:"
"\"Factor \"4\" rational summands\"\n"
"From remote kernel:"
"\"Combine \"4\" summands in \"2\" denominator groups\"\n"
"From remote kernel:"
"\"Combine rational summands; leaves = \"1\n"
"From remote kernel:"
"\"Saved coefficient \"49\"/\"50\"; zero = \"True\n"
"From remote kernel:"
"\"Reduce coefficient \"50\"/\"50\"; leaves = \"41\n"
"From remote kernel:"
"\"Factor \"1\" rational summands\"\n"
"From remote kernel:"
"\"Combine \"1\" summands in \"1\" denominator groups\"\n"
"From remote kernel:"
"\"Combine rational summands; leaves = \"14\n"
"From remote kernel:"
"\"Saved coefficient \"50\"/\"50\"; zero = \"False\n"
"From remote kernel:"
"\"2026-09-07T06:48:22\"\" \"{\"COMPARISON_FINISHED\", \"Hgq__Ppp_-1_Delta\", True, False}\n"
"From remote kernel:"
"\"2026-09-07T06:48:23\"\" \"{\"COMPARE\", \"Hgg__F1_Regular\"}\n"
"From remote kernel:"
"\"Normalize \"5\" radicals\"\n"
"From remote kernel:"
"\"Normalize \"26\" distinct functions\"\n"
"From remote kernel:"
"\"Normalized function \"10\"/\"27\n"
MONITOR_HEARTBEAT elapsed=334s rss=2054.0MiB peak=2189.3MiB
"From remote kernel:"
"\"Normalize \"7\" radicals\"\n"
"From remote kernel:"
"\"Normalize \"23\" distinct functions\"\n"
"From remote kernel:"
"\"Normalized function \"10\"/\"23\n"
"From remote kernel:"
"\"Normalized function \"20\"/\"23\n"
"From remote kernel:"
"\"Normalized function \"20\"/\"25\n"
"From remote kernel:"
"\"Normalize \"0\" phase functions\"\n"
"From remote kernel:"
"\"Normalize \"0\" phase functions\"\n"
"From remote kernel:"
"\"Factored formal input leaves = \"213118\n"
"From remote kernel:"
"\"Factored formal input leaves = \"361848\n"
"From remote kernel:"
"\"Reduce \"17\" algebraic coefficients\"\n"
"From remote kernel:"
"\"Reduce coefficient \"1\"/\"17\"; leaves = \"61516\n"
"From remote kernel:"
"\"Factor \"157\" rational summands\"\n"
"From remote kernel:"
"\"Factored summand \"100\"/\"157\n"
"From remote kernel:"
"\"Reduce \"17\" algebraic coefficients\"\n"
"From remote kernel:"
"\"Reduce coefficient \"1\"/\"17\"; leaves = \"120726\n"
"From remote kernel:"
"\"Factor \"360\" rational summands\"\n"
"From remote kernel:"
"\"Combine \"157\" summands in \"106\" denominator groups\"\n"
"From remote kernel:"
"\"Factored summand \"100\"/\"360\n"
"From remote kernel:"
"\"Factored summand \"200\"/\"360\n"
"From remote kernel:"
"\"Combine rational summands; leaves = \"49396\n"
"From remote kernel:"
"\"Factored summand \"300\"/\"360\n"
"From remote kernel:"
"\"Combine \"360\" summands in \"193\" denominator groups\"\n"
"From remote kernel:"
"\"Combine rational summands; leaves = \"86911\n"
"From remote kernel:"
"\"Saved coefficient \"1\"/\"17\"; zero = \"True\n"
"From remote kernel:"
"\"Reduce coefficient \"2\"/\"17\"; leaves = \"27196\n"
"From remote kernel:"
"\"Factor \"40\" rational summands\"\n"
"From remote kernel:"
"\"Combine \"40\" summands in \"36\" denominator groups\"\n"
"From remote kernel:"
"\"Combine rational summands; leaves = \"17311\n"
"From remote kernel:"
"\"Saved coefficient \"2\"/\"17\"; zero = \"True\n"
"From remote kernel:"
"\"Reduce coefficient \"3\"/\"17\"; leaves = \"16212\n"
"From remote kernel:"
"\"Factor \"31\" rational summands\"\n"
"From remote kernel:"
"\"Combine \"31\" summands in \"28\" denominator groups\"\n"
"From remote kernel:"
"\"Combine rational summands; leaves = \"11979\n"
"From remote kernel:"
"\"Saved coefficient \"3\"/\"17\"; zero = \"True\n"
"From remote kernel:"
"\"Reduce coefficient \"4\"/\"17\"; leaves = \"15499\n"
"From remote kernel:"
"\"Factor \"27\" rational summands\"\n"
"From remote kernel:"
"\"Combine \"27\" summands in \"26\" denominator groups\"\n"
"From remote kernel:"
"\"Combine rational summands; leaves = \"11708\n"
"From remote kernel:"
"\"Saved coefficient \"4\"/\"17\"; zero = \"True\n"
"From remote kernel:"
"\"Reduce coefficient \"5\"/\"17\"; leaves = \"15499\n"
"From remote kernel:"
"\"Saved coefficient \"5\"/\"17\"; zero = \"True\n"
"From remote kernel:"
"\"Reduce coefficient \"6\"/\"17\"; leaves = \"15334\n"
"From remote kernel:"
"\"Factor \"22\" rational summands\"\n"
"From remote kernel:"
"\"Combine \"22\" summands in \"22\" denominator groups\"\n"
"From remote kernel:"
"\"Combine rational summands; leaves = \"11739\n"
"From remote kernel:"
"\"Saved coefficient \"6\"/\"17\"; zero = \"True\n"
"From remote kernel:"
"\"Reduce coefficient \"7\"/\"17\"; leaves = \"22903\n"
"From remote kernel:"
"\"Factor \"35\" rational summands\"\n"
"From remote kernel:"
"\"Combine \"35\" summands in \"32\" denominator groups\"\n"
"From remote kernel:"
"\"Combine rational summands; leaves = \"14576\n"
"From remote kernel:"
"\"Saved coefficient \"7\"/\"17\"; zero = \"True\n"
"From remote kernel:"
"\"Reduce coefficient \"8\"/\"17\"; leaves = \"574\n"
"From remote kernel:"
"\"Factor \"4\" rational summands\"\n"
"From remote kernel:"
"\"Combine \"4\" summands in \"3\" denominator groups\"\n"
"From remote kernel:"
"\"Combine rational summands; leaves = \"222\n"
"From remote kernel:"
"\"Saved coefficient \"8\"/\"17\"; zero = \"True\n"
"From remote kernel:"
"\"Reduce coefficient \"9\"/\"17\"; leaves = \"713\n"
"From remote kernel:"
"\"Factor \"5\" rational summands\"\n"
"From remote kernel:"
"\"Combine \"5\" summands in \"4\" denominator groups\"\n"
"From remote kernel:"
"\"Combine rational summands; leaves = \"640\n"
"From remote kernel:"
"\"Saved coefficient \"9\"/\"17\"; zero = \"True\n"
"From remote kernel:"
"\"Reduce coefficient \"10\"/\"17\"; leaves = \"1313\n"
"From remote kernel:"
"\"Factor \"8\" rational summands\"\n"
"From remote kernel:"
"\"Combine \"8\" summands in \"7\" denominator groups\"\n"
"From remote kernel:"
"\"Combine rational summands; leaves = \"1707\n"
"From remote kernel:"
"\"Saved coefficient \"10\"/\"17\"; zero = \"True\n"
"From remote kernel:"
"\"Reduce coefficient \"11\"/\"17\"; leaves = \"14104\n"
"From remote kernel:"
"\"Factor \"35\" rational summands\"\n"
"From remote kernel:"
"\"Combine \"35\" summands in \"33\" denominator groups\"\n"
"From remote kernel:"
"\"Combine rational summands; leaves = \"9772\n"
"From remote kernel:"
"\"Saved coefficient \"11\"/\"17\"; zero = \"True\n"
"From remote kernel:"
"\"Reduce coefficient \"12\"/\"17\"; leaves = \"14104\n"
"From remote kernel:"
"\"Factor \"35\" rational summands\"\n"
"From remote kernel:"
"\"Combine \"35\" summands in \"33\" denominator groups\"\n"
"From remote kernel:"
"\"Combine rational summands; leaves = \"9772\n"
"From remote kernel:"
"\"Saved coefficient \"12\"/\"17\"; zero = \"True\n"
"From remote kernel:"
"\"Reduce coefficient \"13\"/\"17\"; leaves = \"2017\n"
"From remote kernel:"
"\"Factor \"8\" rational summands\"\n"
"From remote kernel:"
"\"Combine \"8\" summands in \"7\" denominator groups\"\n"
"From remote kernel:"
"\"Combine rational summands; leaves = \"1925\n"
"From remote kernel:"
"\"Saved coefficient \"13\"/\"17\"; zero = \"True\n"
"From remote kernel:"
"\"Reduce coefficient \"14\"/\"17\"; leaves = \"2967\n"
"From remote kernel:"
"\"Factor \"13\" rational summands\"\n"
"From remote kernel:"
"\"Combine \"13\" summands in \"11\" denominator groups\"\n"
"From remote kernel:"
"\"Combine rational summands; leaves = \"2992\n"
"From remote kernel:"
"\"Saved coefficient \"14\"/\"17\"; zero = \"True\n"
"From remote kernel:"
"\"Reduce coefficient \"15\"/\"17\"; leaves = \"1118\n"
"From remote kernel:"
"\"Factor \"3\" rational summands\"\n"
"From remote kernel:"
"\"Combine \"3\" summands in \"3\" denominator groups\"\n"
"From remote kernel:"
"\"Combine rational summands; leaves = \"1286\n"
"From remote kernel:"
"\"Saved coefficient \"15\"/\"17\"; zero = \"True\n"
"From remote kernel:"
"\"Reduce coefficient \"16\"/\"17\"; leaves = \"1118\n"
"From remote kernel:"
"\"Saved coefficient \"16\"/\"17\"; zero = \"True\n"
"From remote kernel:"
"\"Reduce coefficient \"17\"/\"17\"; leaves = \"351\n"
"From remote kernel:"
"\"Factor \"2\" rational summands\"\n"
"From remote kernel:"
"\"Combine \"2\" summands in \"1\" denominator groups\"\n"
"From remote kernel:"
"\"Combine rational summands; leaves = \"1\n"
"From remote kernel:"
"\"Saved coefficient \"17\"/\"17\"; zero = \"True\n"
"From remote kernel:"
"\"2026-09-07T06:48:48\"\" \"{\"COMPARISON_FINISHED\", \"Hgq__Ppp_1_Regular\", True, True}\n"
"From remote kernel:"
"\"2026-09-07T06:48:48\"\" \"{\"COMPARE\", \"Hgg__F2_Regular\"}\n"
"From remote kernel:"
"\"Normalize \"7\" radicals\"\n"
"From remote kernel:"
"\"Normalize \"23\" distinct functions\"\n"
"From remote kernel:"
"\"Normalized function \"10\"/\"23\n"
"From remote kernel:"
"\"Normalized function \"20\"/\"23\n"
MONITOR_HEARTBEAT elapsed=364s rss=2167.0MiB peak=2189.3MiB
"From remote kernel:"
"\"Normalize \"0\" phase functions\"\n"
"From remote kernel:"
"\"Normalized function \"20\"/\"27\n"
"From remote kernel:"
"\"Factored formal input leaves = \"365505\n"
"From remote kernel:"
"\"Normalize \"0\" phase functions\"\n"
"From remote kernel:"
"\"Reduce \"17\" algebraic coefficients\"\n"
"From remote kernel:"
"\"Reduce coefficient \"1\"/\"17\"; leaves = \"122053\n"
"From remote kernel:"
"\"Factor \"360\" rational summands\"\n"
"From remote kernel:"
"\"Factored formal input leaves = \"251848\n"
"From remote kernel:"
"\"Factored summand \"100\"/\"360\n"
"From remote kernel:"
"\"Factored summand \"200\"/\"360\n"
"From remote kernel:"
"\"Reduce \"17\" algebraic coefficients\"\n"
"From remote kernel:"
"\"Reduce coefficient \"1\"/\"17\"; leaves = \"73719\n"
"From remote kernel:"
"\"Factor \"173\" rational summands\"\n"
"From remote kernel:"
"\"Factored summand \"100\"/\"173\n"
"From remote kernel:"
"\"Normalized function \"10\"/\"26\n"
"From remote kernel:"
"\"Factored summand \"300\"/\"360\n"
"From remote kernel:"
"\"Combine \"360\" summands in \"174\" denominator groups\"\n"
"From remote kernel:"
"\"Combine \"173\" summands in \"99\" denominator groups\"\n"
"From remote kernel:"
"\"Combine rational summands; leaves = \"70456\n"
"From remote kernel:"
"\"Combine rational summands; leaves = \"87406\n"
"From remote kernel:"
"\"Saved coefficient \"1\"/\"17\"; zero = \"True\n"
"From remote kernel:"
"\"Reduce coefficient \"2\"/\"17\"; leaves = \"34421\n"
"From remote kernel:"
"\"Factor \"50\" rational summands\"\n"
"From remote kernel:"
"\"Combine \"50\" summands in \"40\" denominator groups\"\n"
"From remote kernel:"
"\"Combine rational summands; leaves = \"26098\n"
"From remote kernel:"
"\"Saved coefficient \"2\"/\"17\"; zero = \"True\n"
"From remote kernel:"
"\"Reduce coefficient \"3\"/\"17\"; leaves = \"19940\n"
"From remote kernel:"
"\"Factor \"41\" rational summands\"\n"
"From remote kernel:"
"\"Combine \"41\" summands in \"34\" denominator groups\"\n"
"From remote kernel:"
"\"Combine rational summands; leaves = \"17894\n"
"From remote kernel:"
"\"Saved coefficient \"3\"/\"17\"; zero = \"True\n"
"From remote kernel:"
"\"Reduce coefficient \"4\"/\"17\"; leaves = \"18909\n"
"From remote kernel:"
"\"Factor \"35\" rational summands\"\n"
"From remote kernel:"
"\"Combine \"35\" summands in \"32\" denominator groups\"\n"
"From remote kernel:"
"\"Combine rational summands; leaves = \"17548\n"
"From remote kernel:"
"\"Saved coefficient \"4\"/\"17\"; zero = \"True\n"
"From remote kernel:"
"\"Reduce coefficient \"5\"/\"17\"; leaves = \"18909\n"
"From remote kernel:"
"\"Saved coefficient \"5\"/\"17\"; zero = \"True\n"
"From remote kernel:"
"\"Reduce coefficient \"6\"/\"17\"; leaves = \"18641\n"
"From remote kernel:"
"\"Factor \"29\" rational summands\"\n"
"From remote kernel:"
"\"Saved coefficient \"1\"/\"17\"; zero = \"True\n"
"From remote kernel:"
"\"Reduce coefficient \"2\"/\"17\"; leaves = \"17565\n"
"From remote kernel:"
"\"Factor \"56\" rational summands\"\n"
"From remote kernel:"
"\"Combine \"29\" summands in \"27\" denominator groups\"\n"
"From remote kernel:"
"\"Combine rational summands; leaves = \"18897\n"
"From remote kernel:"
"\"Combine \"56\" summands in \"36\" denominator groups\"\n"
"From remote kernel:"
"\"Combine rational summands; leaves = \"16668\n"
"From remote kernel:"
"\"Saved coefficient \"6\"/\"17\"; zero = \"True\n"
"From remote kernel:"
"\"Reduce coefficient \"7\"/\"17\"; leaves = \"30535\n"
"From remote kernel:"
"\"Factor \"46\" rational summands\"\n"
"From remote kernel:"
"\"Saved coefficient \"2\"/\"17\"; zero = \"True\n"
"From remote kernel:"
"\"Reduce coefficient \"3\"/\"17\"; leaves = \"27340\n"
"From remote kernel:"
"\"Factor \"78\" rational summands\"\n"
"From remote kernel:"
"\"Combine \"46\" summands in \"37\" denominator groups\"\n"
"From remote kernel:"
"\"Combine rational summands; leaves = \"27041\n"
"From remote kernel:"
"\"Combine \"78\" summands in \"50\" denominator groups\"\n"
"From remote kernel:"
"\"Combine rational summands; leaves = \"14573\n"
"From remote kernel:"
"\"Saved coefficient \"7\"/\"17\"; zero = \"True\n"
"From remote kernel:"
"\"Reduce coefficient \"8\"/\"17\"; leaves = \"997\n"
"From remote kernel:"
"\"Factor \"11\" rational summands\"\n"
"From remote kernel:"
"\"Combine \"11\" summands in \"4\" denominator groups\"\n"
"From remote kernel:"
"\"Combine rational summands; leaves = \"574\n"
"From remote kernel:"
"\"Saved coefficient \"8\"/\"17\"; zero = \"True\n"
"From remote kernel:"
"\"Saved coefficient \"3\"/\"17\"; zero = \"True\n"
"From remote kernel:"
"\"Reduce coefficient \"9\"/\"17\"; leaves = \"1387\n"
"From remote kernel:"
"\"Reduce coefficient \"4\"/\"17\"; leaves = \"29659\n"
"From remote kernel:"
"\"Factor \"11\" rational summands\"\n"
"From remote kernel:"
"\"Combine \"11\" summands in \"6\" denominator groups\"\n"
"From remote kernel:"
"\"Combine rational summands; leaves = \"1304\n"
"From remote kernel:"
"\"Factor \"80\" rational summands\"\n"
"From remote kernel:"
"\"Saved coefficient \"9\"/\"17\"; zero = \"True\n"
"From remote kernel:"
"\"Reduce coefficient \"10\"/\"17\"; leaves = \"2022\n"
"From remote kernel:"
"\"Factor \"13\" rational summands\"\n"
"From remote kernel:"
"\"Combine \"13\" summands in \"7\" denominator groups\"\n"
"From remote kernel:"
"\"Combine rational summands; leaves = \"2358\n"
"From remote kernel:"
"\"Saved coefficient \"10\"/\"17\"; zero = \"True\n"
"From remote kernel:"
"\"Reduce coefficient \"11\"/\"17\"; leaves = \"9668\n"
"From remote kernel:"
"\"Factor \"28\" rational summands\"\n"
"From remote kernel:"
"\"Combine \"28\" summands in \"26\" denominator groups\"\n"
"From remote kernel:"
"\"Combine rational summands; leaves = \"6592\n"
"From remote kernel:"
"\"Combine \"80\" summands in \"55\" denominator groups\"\n"
"From remote kernel:"
"\"Saved coefficient \"11\"/\"17\"; zero = \"True\n"
"From remote kernel:"
"\"Reduce coefficient \"12\"/\"17\"; leaves = \"9668\n"
"From remote kernel:"
"\"Factor \"28\" rational summands\"\n"
"From remote kernel:"
"\"Combine rational summands; leaves = \"20698\n"
"From remote kernel:"
"\"Combine \"28\" summands in \"26\" denominator groups\"\n"
"From remote kernel:"
"\"Combine rational summands; leaves = \"6592\n"
"From remote kernel:"
"\"Saved coefficient \"12\"/\"17\"; zero = \"True\n"
"From remote kernel:"
"\"Reduce coefficient \"13\"/\"17\"; leaves = \"3540\n"
"From remote kernel:"
"\"Factor \"9\" rational summands\"\n"
"From remote kernel:"
"\"Combine \"9\" summands in \"8\" denominator groups\"\n"
"From remote kernel:"
"\"Combine rational summands; leaves = \"2744\n"
"From remote kernel:"
"\"Saved coefficient \"13\"/\"17\"; zero = \"True\n"
"From remote kernel:"
"\"Reduce coefficient \"14\"/\"17\"; leaves = \"4578\n"
"From remote kernel:"
"\"Factor \"13\" rational summands\"\n"
"From remote kernel:"
"\"Combine \"13\" summands in \"10\" denominator groups\"\n"
"From remote kernel:"
"\"Combine rational summands; leaves = \"3798\n"
"From remote kernel:"
"\"Saved coefficient \"14\"/\"17\"; zero = \"True\n"
"From remote kernel:"
"\"Reduce coefficient \"15\"/\"17\"; leaves = \"1906\n"
"From remote kernel:"
"\"Factor \"3\" rational summands\"\n"
"From remote kernel:"
"\"Combine \"3\" summands in \"3\" denominator groups\"\n"
"From remote kernel:"
"\"Combine rational summands; leaves = \"1759\n"
"From remote kernel:"
"\"Saved coefficient \"15\"/\"17\"; zero = \"True\n"
"From remote kernel:"
"\"Reduce coefficient \"16\"/\"17\"; leaves = \"1906\n"
"From remote kernel:"
"\"Saved coefficient \"16\"/\"17\"; zero = \"True\n"
"From remote kernel:"
"\"Reduce coefficient \"17\"/\"17\"; leaves = \"404\n"
"From remote kernel:"
"\"Factor \"2\" rational summands\"\n"
"From remote kernel:"
"\"Combine \"2\" summands in \"1\" denominator groups\"\n"
"From remote kernel:"
"\"Combine rational summands; leaves = \"1\n"
"From remote kernel:"
"\"Saved coefficient \"17\"/\"17\"; zero = \"True\n"
"From remote kernel:"
"\"Saved coefficient \"4\"/\"17\"; zero = \"True\n"
"From remote kernel:"
"\"Reduce coefficient \"5\"/\"17\"; leaves = \"24011\n"
"From remote kernel:"
"\"2026-09-07T06:49:22\"\" \"{\"COMPARISON_FINISHED\", \"Hgq__Pg_-1_Regular\", True, True}\n"
"From remote kernel:"
"\"Factor \"64\" rational summands\"\n"
"From remote kernel:"
"\"2026-09-07T06:49:22\"\" \"{\"COMPARE\", \"Hqqbar__F1_Regular\"}\n"
"From remote kernel:"
"\"Combine \"64\" summands in \"38\" denominator groups\"\n"
"From remote kernel:"
"\"Combine rational summands; leaves = \"10614\n"
"From remote kernel:"
"\"Saved coefficient \"5\"/\"17\"; zero = \"True\n"
"From remote kernel:"
"\"Reduce coefficient \"6\"/\"17\"; leaves = \"24013\n"
"From remote kernel:"
"\"Factor \"64\" rational summands\"\n"
"From remote kernel:"
"\"Combine \"64\" summands in \"43\" denominator groups\"\n"
"From remote kernel:"
"\"Normalize \"4\" radicals\"\n"
"From remote kernel:"
"\"Normalize \"22\" distinct functions\"\n"
"From remote kernel:"
"\"Combine rational summands; leaves = \"10620\n"
"From remote kernel:"
"\"Saved coefficient \"6\"/\"17\"; zero = \"True\n"
MONITOR_HEARTBEAT elapsed=394s rss=2144.3MiB peak=2244.6MiB
"From remote kernel:"
"\"Reduce coefficient \"7\"/\"17\"; leaves = \"24013\n"
"From remote kernel:"
"\"Saved coefficient \"7\"/\"17\"; zero = \"True\n"
"From remote kernel:"
"\"Reduce coefficient \"8\"/\"17\"; leaves = \"31163\n"
"From remote kernel:"
"\"Factor \"67\" rational summands\"\n"
"From remote kernel:"
"\"Combine \"67\" summands in \"59\" denominator groups\"\n"
"From remote kernel:"
"\"Normalized function \"10\"/\"22\n"
"From remote kernel:"
"\"Combine rational summands; leaves = \"33202\n"
"From remote kernel:"
"\"Saved coefficient \"8\"/\"17\"; zero = \"True\n"
"From remote kernel:"
"\"Reduce coefficient \"9\"/\"17\"; leaves = \"31163\n"
"From remote kernel:"
"\"Factor \"67\" rational summands\"\n"
"From remote kernel:"
"\"Normalized function \"20\"/\"22\n"
"From remote kernel:"
"\"Combine \"67\" summands in \"59\" denominator groups\"\n"
"From remote kernel:"
"\"Combine rational summands; leaves = \"33202\n"
"From remote kernel:"
"\"Normalize \"0\" phase functions\"\n"
"From remote kernel:"
"\"Saved coefficient \"9\"/\"17\"; zero = \"True\n"
"From remote kernel:"
"\"Reduce coefficient \"10\"/\"17\"; leaves = \"2197\n"
"From remote kernel:"
"\"Factor \"6\" rational summands\"\n"
"From remote kernel:"
"\"Combine \"6\" summands in \"6\" denominator groups\"\n"
"From remote kernel:"
"\"Combine rational summands; leaves = \"1999\n"
"From remote kernel:"
"\"Saved coefficient \"10\"/\"17\"; zero = \"True\n"
"From remote kernel:"
"\"Reduce coefficient \"11\"/\"17\"; leaves = \"8188\n"
"From remote kernel:"
"\"Factor \"19\" rational summands\"\n"
"From remote kernel:"
"\"Combine \"19\" summands in \"12\" denominator groups\"\n"
"From remote kernel:"
"\"Combine rational summands; leaves = \"2493\n"
"From remote kernel:"
"\"Saved coefficient \"11\"/\"17\"; zero = \"True\n"
"From remote kernel:"
"\"Reduce coefficient \"12\"/\"17\"; leaves = \"4555\n"
"From remote kernel:"
"\"Factor \"6\" rational summands\"\n"
"From remote kernel:"
"\"Combine \"6\" summands in \"2\" denominator groups\"\n"
"From remote kernel:"
"\"Combine rational summands; leaves = \"1\n"
"From remote kernel:"
"\"Saved coefficient \"12\"/\"17\"; zero = \"True\n"
"From remote kernel:"
"\"Reduce coefficient \"13\"/\"17\"; leaves = \"4555\n"
"From remote kernel:"
"\"Saved coefficient \"13\"/\"17\"; zero = \"True\n"
"From remote kernel:"
"\"Reduce coefficient \"14\"/\"17\"; leaves = \"7702\n"
"From remote kernel:"
"\"Factor \"17\" rational summands\"\n"
"From remote kernel:"
"\"Combine \"17\" summands in \"9\" denominator groups\"\n"
"From remote kernel:"
"\"Combine rational summands; leaves = \"1431\n"
"From remote kernel:"
"\"Saved coefficient \"14\"/\"17\"; zero = \"True\n"
"From remote kernel:"
"\"Reduce coefficient \"15\"/\"17\"; leaves = \"1731\n"
"From remote kernel:"
"\"Factor \"5\" rational summands\"\n"
"From remote kernel:"
"\"Combine \"5\" summands in \"4\" denominator groups\"\n"
"From remote kernel:"
"\"Combine rational summands; leaves = \"1431\n"
"From remote kernel:"
"\"Saved coefficient \"15\"/\"17\"; zero = \"True\n"
"From remote kernel:"
"\"Reduce coefficient \"16\"/\"17\"; leaves = \"1043\n"
"From remote kernel:"
"\"Factor \"5\" rational summands\"\n"
"From remote kernel:"
"\"Combine \"5\" summands in \"3\" denominator groups\"\n"
"From remote kernel:"
"\"Combine rational summands; leaves = \"495\n"
"From remote kernel:"
"\"Saved coefficient \"16\"/\"17\"; zero = \"True\n"
"From remote kernel:"
"\"Reduce coefficient \"17\"/\"17\"; leaves = \"1024\n"
"From remote kernel:"
"\"Factored formal input leaves = \"355407\n"
"From remote kernel:"
"\"Factor \"4\" rational summands\"\n"
"From remote kernel:"
"\"Combine \"4\" summands in \"2\" denominator groups\"\n"
"From remote kernel:"
"\"Combine rational summands; leaves = \"1\n"
"From remote kernel:"
"\"Saved coefficient \"17\"/\"17\"; zero = \"True\n"
"From remote kernel:"
"\"2026-09-07T06:49:30\"\" \"{\"COMPARISON_FINISHED\", \"Hgg__F1_Regular\", True, True}\n"
"From remote kernel:"
"\"2026-09-07T06:49:30\"\" \"{\"COMPARE\", \"Hqqbar__F2_Regular\"}\n"
"From remote kernel:"
"\"Reduce \"15\" algebraic coefficients\"\n"
"From remote kernel:"
"\"Reduce coefficient \"1\"/\"15\"; leaves = \"89240\n"
"From remote kernel:"
"\"Normalized function \"20\"/\"26\n"
"From remote kernel:"
"\"Factor \"262\" rational summands\"\n"
"From remote kernel:"
"\"Factored summand \"100\"/\"262\n"
"From remote kernel:"
"\"Normalize \"4\" radicals\"\n"
"From remote kernel:"
"\"Normalize \"22\" distinct functions\"\n"
"From remote kernel:"
"\"Normalize \"0\" phase functions\"\n"
"From remote kernel:"
"\"Factored summand \"200\"/\"262\n"
"From remote kernel:"
"\"Combine \"262\" summands in \"161\" denominator groups\"\n"
"From remote kernel:"
"\"Factored formal input leaves = \"228581\n"
"From remote kernel:"
"\"Normalized function \"10\"/\"22\n"
"From remote kernel:"
"\"Combine rational summands; leaves = \"69079\n"
"From remote kernel:"
"\"Reduce \"17\" algebraic coefficients\"\n"
"From remote kernel:"
"\"Reduce coefficient \"1\"/\"17\"; leaves = \"65852\n"
"From remote kernel:"
"\"Factor \"157\" rational summands\"\n"
"From remote kernel:"
"\"Factored summand \"100\"/\"157\n"
"From remote kernel:"
"\"Normalized function \"20\"/\"22\n"
"From remote kernel:"
"\"Combine \"157\" summands in \"107\" denominator groups\"\n"
"From remote kernel:"
"\"Normalize \"0\" phase functions\"\n"
"From remote kernel:"
"\"Combine rational summands; leaves = \"49609\n"
"From remote kernel:"
"\"Factored formal input leaves = \"359327\n"
"From remote kernel:"
"\"Reduce \"15\" algebraic coefficients\"\n"
"From remote kernel:"
"\"Reduce coefficient \"1\"/\"15\"; leaves = \"90475\n"
"From remote kernel:"
"\"Factor \"262\" rational summands\"\n"
"From remote kernel:"
"\"Factored summand \"100\"/\"262\n"
"From remote kernel:"
"\"Saved coefficient \"1\"/\"17\"; zero = \"True\n"
"From remote kernel:"
"\"Reduce coefficient \"2\"/\"17\"; leaves = \"17774\n"
"From remote kernel:"
"\"Factor \"56\" rational summands\"\n"
"From remote kernel:"
"\"Combine \"56\" summands in \"34\" denominator groups\"\n"
"From remote kernel:"
"\"Combine rational summands; leaves = \"16723\n"
"From remote kernel:"
"\"Factored summand \"200\"/\"262\n"
"From remote kernel:"
"\"Saved coefficient \"2\"/\"17\"; zero = \"True\n"
"From remote kernel:"
"\"Reduce coefficient \"3\"/\"17\"; leaves = \"27674\n"
"From remote kernel:"
"\"Factor \"78\" rational summands\"\n"
"From remote kernel:"
"\"Combine \"262\" summands in \"148\" denominator groups\"\n"
"From remote kernel:"
"\"Saved coefficient \"1\"/\"17\"; zero = \"True\n"
"From remote kernel:"
"\"Reduce coefficient \"2\"/\"17\"; leaves = \"29171\n"
"From remote kernel:"
"\"Factor \"40\" rational summands\"\n"
"From remote kernel:"
"\"Combine \"78\" summands in \"45\" denominator groups\"\n"
"From remote kernel:"
"\"Combine \"40\" summands in \"36\" denominator groups\"\n"
"From remote kernel:"
"\"Combine rational summands; leaves = \"69794\n"
"From remote kernel:"
"\"Combine rational summands; leaves = \"14692\n"
"From remote kernel:"
"\"Combine rational summands; leaves = \"17331\n"
"From remote kernel:"
"\"Saved coefficient \"2\"/\"17\"; zero = \"True\n"
"From remote kernel:"
"\"Reduce coefficient \"3\"/\"17\"; leaves = \"17442\n"
"From remote kernel:"
"\"Factor \"31\" rational summands\"\n"
"From remote kernel:"
"\"Saved coefficient \"3\"/\"17\"; zero = \"True\n"
"From remote kernel:"
"\"Reduce coefficient \"4\"/\"17\"; leaves = \"29999\n"
"From remote kernel:"
"\"Factor \"80\" rational summands\"\n"
"From remote kernel:"
"\"Combine \"31\" summands in \"28\" denominator groups\"\n"
"From remote kernel:"
"\"Combine rational summands; leaves = \"11981\n"
"From remote kernel:"
"\"Saved coefficient \"1\"/\"15\"; zero = \"True\n"
"From remote kernel:"
"\"Reduce coefficient \"2\"/\"15\"; leaves = \"39119\n"
"From remote kernel:"
"\"Combine \"80\" summands in \"50\" denominator groups\"\n"
"From remote kernel:"
"\"Factor \"86\" rational summands\"\n"
"From remote kernel:"
"\"Combine rational summands; leaves = \"20805\n"
"From remote kernel:"
"\"Saved coefficient \"3\"/\"17\"; zero = \"True\n"
"From remote kernel:"
"\"Reduce coefficient \"4\"/\"17\"; leaves = \"16639\n"
"From remote kernel:"
"\"Factor \"27\" rational summands\"\n"
"From remote kernel:"
"\"Combine \"27\" summands in \"26\" denominator groups\"\n"
"From remote kernel:"
"\"Combine \"86\" summands in \"61\" denominator groups\"\n"
"From remote kernel:"
"\"Combine rational summands; leaves = \"11710\n"
"From remote kernel:"
"\"Combine rational summands; leaves = \"17620\n"
"From remote kernel:"
"\"Saved coefficient \"4\"/\"17\"; zero = \"True\n"
"From remote kernel:"
"\"Reduce coefficient \"5\"/\"17\"; leaves = \"16639\n"
"From remote kernel:"
"\"Saved coefficient \"5\"/\"17\"; zero = \"True\n"
"From remote kernel:"
"\"Reduce coefficient \"6\"/\"17\"; leaves = \"16438\n"
"From remote kernel:"
"\"Saved coefficient \"4\"/\"17\"; zero = \"True\n"
"From remote kernel:"
"\"Reduce coefficient \"5\"/\"17\"; leaves = \"24250\n"
"From remote kernel:"
"\"Factor \"22\" rational summands\"\n"
"From remote kernel:"
"\"Factor \"64\" rational summands\"\n"
"From remote kernel:"
"\"Combine \"22\" summands in \"22\" denominator groups\"\n"
"From remote kernel:"
"\"Combine rational summands; leaves = \"11747\n"
"From remote kernel:"
"\"Combine \"64\" summands in \"36\" denominator groups\"\n"
"From remote kernel:"
"\"Saved coefficient \"2\"/\"15\"; zero = \"True\n"
"From remote kernel:"
"\"Reduce coefficient \"3\"/\"15\"; leaves = \"24192\n"
"From remote kernel:"
"\"Factor \"59\" rational summands\"\n"
"From remote kernel:"
"\"Combine rational summands; leaves = \"10666\n"
"From remote kernel:"
"\"Saved coefficient \"6\"/\"17\"; zero = \"True\n"
"From remote kernel:"
"\"Reduce coefficient \"7\"/\"17\"; leaves = \"24577\n"
"From remote kernel:"
"\"Factor \"35\" rational summands\"\n"
"From remote kernel:"
"\"Combine \"59\" summands in \"45\" denominator groups\"\n"
"From remote kernel:"
"\"Saved coefficient \"5\"/\"17\"; zero = \"True\n"
"From remote kernel:"
"\"Reduce coefficient \"6\"/\"17\"; leaves = \"24268\n"
"From remote kernel:"
"\"Factor \"64\" rational summands\"\n"
"From remote kernel:"
"\"Combine rational summands; leaves = \"19069\n"
"From remote kernel:"
"\"Combine \"35\" summands in \"32\" denominator groups\"\n"
"From remote kernel:"
"\"Combine rational summands; leaves = \"14568\n"
"From remote kernel:"
"\"Combine \"64\" summands in \"38\" denominator groups\"\n"
"From remote kernel:"
"\"Combine rational summands; leaves = \"10674\n"
"From remote kernel:"
"\"Saved coefficient \"7\"/\"17\"; zero = \"True\n"
"From remote kernel:"
"\"Reduce coefficient \"8\"/\"17\"; leaves = \"650\n"
"From remote kernel:"
"\"Factor \"4\" rational summands\"\n"
"From remote kernel:"
"\"Combine \"4\" summands in \"3\" denominator groups\"\n"
"From remote kernel:"
"\"Combine rational summands; leaves = \"218\n"
"From remote kernel:"
"\"Saved coefficient \"8\"/\"17\"; zero = \"True\n"
"From remote kernel:"
"\"Reduce coefficient \"9\"/\"17\"; leaves = \"763\n"
"From remote kernel:"
"\"Factor \"5\" rational summands\"\n"
"From remote kernel:"
"\"Combine \"5\" summands in \"4\" denominator groups\"\n"
"From remote kernel:"
"\"Combine rational summands; leaves = \"646\n"
"From remote kernel:"
"\"Saved coefficient \"9\"/\"17\"; zero = \"True\n"
"From remote kernel:"
"\"Reduce coefficient \"10\"/\"17\"; leaves = \"1402\n"
"From remote kernel:"
"\"Factor \"8\" rational summands\"\n"
"From remote kernel:"
"\"Combine \"8\" summands in \"7\" denominator groups\"\n"
"From remote kernel:"
"\"Combine rational summands; leaves = \"1709\n"
"From remote kernel:"
"\"Saved coefficient \"10\"/\"17\"; zero = \"True\n"
"From remote kernel:"
"\"Reduce coefficient \"11\"/\"17\"; leaves = \"15159\n"
"From remote kernel:"
"\"Factor \"35\" rational summands\"\n"
"From remote kernel:"
"\"Saved coefficient \"3\"/\"15\"; zero = \"True\n"
"From remote kernel:"
"\"Reduce coefficient \"4\"/\"15\"; leaves = \"38007\n"
"From remote kernel:"
"\"Saved coefficient \"6\"/\"17\"; zero = \"True\n"
"From remote kernel:"
"\"Reduce coefficient \"7\"/\"17\"; leaves = \"24268\n"
"From remote kernel:"
"\"Saved coefficient \"7\"/\"17\"; zero = \"True\n"
"From remote kernel:"
"\"Reduce coefficient \"8\"/\"17\"; leaves = \"31407\n"
"From remote kernel:"
"\"Factor \"75\" rational summands\"\n"
"From remote kernel:"
"\"Combine \"35\" summands in \"33\" denominator groups\"\n"
"From remote kernel:"
"\"Factor \"67\" rational summands\"\n"
"From remote kernel:"
"\"Combine rational summands; leaves = \"9839\n"
"From remote kernel:"
"\"Saved coefficient \"11\"/\"17\"; zero = \"True\n"
"From remote kernel:"
"\"Reduce coefficient \"12\"/\"17\"; leaves = \"15159\n"
"From remote kernel:"
"\"Factor \"35\" rational summands\"\n"
"From remote kernel:"
"\"Combine \"67\" summands in \"58\" denominator groups\"\n"
"From remote kernel:"
"\"Combine \"75\" summands in \"54\" denominator groups\"\n"
"From remote kernel:"
"\"Combine \"35\" summands in \"33\" denominator groups\"\n"
"From remote kernel:"
"\"Combine rational summands; leaves = \"9839\n"
"From remote kernel:"
"\"Combine rational summands; leaves = \"33280\n"
"From remote kernel:"
"\"Combine rational summands; leaves = \"28676\n"
"From remote kernel:"
"\"Saved coefficient \"12\"/\"17\"; zero = \"True\n"
"From remote kernel:"
"\"Reduce coefficient \"13\"/\"17\"; leaves = \"2169\n"
"From remote kernel:"
"\"Factor \"8\" rational summands\"\n"
"From remote kernel:"
"\"Combine \"8\" summands in \"7\" denominator groups\"\n"
"From remote kernel:"
"\"Combine rational summands; leaves = \"1933\n"
"From remote kernel:"
"\"Saved coefficient \"13\"/\"17\"; zero = \"True\n"
"From remote kernel:"
"\"Reduce coefficient \"14\"/\"17\"; leaves = \"3170\n"
"From remote kernel:"
"\"Factor \"13\" rational summands\"\n"
"From remote kernel:"
"\"Combine \"13\" summands in \"11\" denominator groups\"\n"
"From remote kernel:"
"\"Combine rational summands; leaves = \"2996\n"
"From remote kernel:"
"\"Saved coefficient \"14\"/\"17\"; zero = \"True\n"
"From remote kernel:"
"\"Reduce coefficient \"15\"/\"17\"; leaves = \"1204\n"
"From remote kernel:"
"\"Factor \"3\" rational summands\"\n"
"From remote kernel:"
"\"Combine \"3\" summands in \"3\" denominator groups\"\n"
"From remote kernel:"
"\"Combine rational summands; leaves = \"1288\n"
"From remote kernel:"
"\"Saved coefficient \"15\"/\"17\"; zero = \"True\n"
"From remote kernel:"
"\"Reduce coefficient \"16\"/\"17\"; leaves = \"1204\n"
"From remote kernel:"
"\"Saved coefficient \"16\"/\"17\"; zero = \"True\n"
"From remote kernel:"
"\"Reduce coefficient \"17\"/\"17\"; leaves = \"363\n"
"From remote kernel:"
"\"Factor \"2\" rational summands\"\n"
"From remote kernel:"
"\"Combine \"2\" summands in \"1\" denominator groups\"\n"
"From remote kernel:"
"\"Combine rational summands; leaves = \"1\n"
"From remote kernel:"
"\"Saved coefficient \"17\"/\"17\"; zero = \"True\n"
"From remote kernel:"
"\"2026-09-07T06:49:51\"\" \"{\"COMPARISON_FINISHED\", \"Hgq__Ppp_-1_Regular\", True, True}\n"
"From remote kernel:"
"\"2026-09-07T06:49:52\"\" \"{\"COMPARE\", \"Hqqprime__F1_Regular\"}\n"
"From remote kernel:"
"\"Saved coefficient \"8\"/\"17\"; zero = \"True\n"
"From remote kernel:"
"\"Reduce coefficient \"9\"/\"17\"; leaves = \"31407\n"
"From remote kernel:"
"\"Factor \"67\" rational summands\"\n"
"From remote kernel:"
"\"Saved coefficient \"4\"/\"15\"; zero = \"True\n"
"From remote kernel:"
"\"Reduce coefficient \"5\"/\"15\"; leaves = \"27547\n"
"From remote kernel:"
"\"Factor \"65\" rational summands\"\n"
"From remote kernel:"
"\"Combine \"67\" summands in \"58\" denominator groups\"\n"
"From remote kernel:"
"\"Combine \"65\" summands in \"46\" denominator groups\"\n"
"From remote kernel:"
"\"Combine rational summands; leaves = \"33280\n"
"From remote kernel:"
"\"Saved coefficient \"1\"/\"15\"; zero = \"True\n"
"From remote kernel:"
"\"Reduce coefficient \"2\"/\"15\"; leaves = \"39524\n"
"From remote kernel:"
"\"Combine rational summands; leaves = \"19898\n"
"From remote kernel:"
"\"Factor \"86\" rational summands\"\n"
"From remote kernel:"
"\"Normalize \"4\" radicals\"\n"
"From remote kernel:"
"\"Normalize \"21\" distinct functions\"\n"
"From remote kernel:"
"\"Saved coefficient \"9\"/\"17\"; zero = \"True\n"
"From remote kernel:"
"\"Reduce coefficient \"10\"/\"17\"; leaves = \"2218\n"
"From remote kernel:"
"\"Factor \"6\" rational summands\"\n"
"From remote kernel:"
"\"Combine \"86\" summands in \"52\" denominator groups\"\n"
"From remote kernel:"
"\"Combine \"6\" summands in \"6\" denominator groups\"\n"
"From remote kernel:"
"\"Combine rational summands; leaves = \"2005\n"
"From remote kernel:"
"\"Saved coefficient \"5\"/\"15\"; zero = \"True\n"
"From remote kernel:"
"\"Reduce coefficient \"6\"/\"15\"; leaves = \"27552\n"
"From remote kernel:"
"\"Saved coefficient \"10\"/\"17\"; zero = \"True\n"
"From remote kernel:"
"\"Reduce coefficient \"11\"/\"17\"; leaves = \"8253\n"
"From remote kernel:"
"\"Factor \"19\" rational summands\"\n"
"From remote kernel:"
"\"Factor \"65\" rational summands\"\n"
"From remote kernel:"
"\"Combine rational summands; leaves = \"17838\n"
"From remote kernel:"
"\"Combine \"19\" summands in \"12\" denominator groups\"\n"
"From remote kernel:"
"\"Combine rational summands; leaves = \"2497\n"
"From remote kernel:"
"\"Saved coefficient \"11\"/\"17\"; zero = \"True\n"
"From remote kernel:"
"\"Reduce coefficient \"12\"/\"17\"; leaves = \"4570\n"
"From remote kernel:"
"\"Factor \"6\" rational summands\"\n"
"From remote kernel:"
"\"Combine \"6\" summands in \"2\" denominator groups\"\n"
MONITOR_HEARTBEAT elapsed=424s rss=2094.9MiB peak=2255.6MiB
"From remote kernel:"
"\"Combine rational summands; leaves = \"1\n"
"From remote kernel:"
"\"Saved coefficient \"12\"/\"17\"; zero = \"True\n"
"From remote kernel:"
"\"Reduce coefficient \"13\"/\"17\"; leaves = \"4570\n"
"From remote kernel:"
"\"Saved coefficient \"13\"/\"17\"; zero = \"True\n"
"From remote kernel:"
"\"Reduce coefficient \"14\"/\"17\"; leaves = \"7763\n"
"From remote kernel:"
"\"Factor \"17\" rational summands\"\n"
"From remote kernel:"
"\"Combine \"65\" summands in \"46\" denominator groups\"\n"
"From remote kernel:"
"\"Combine \"17\" summands in \"9\" denominator groups\"\n"
"From remote kernel:"
"\"Combine rational summands; leaves = \"1432\n"
"From remote kernel:"
"\"Saved coefficient \"14\"/\"17\"; zero = \"True\n"
"From remote kernel:"
"\"Reduce coefficient \"15\"/\"17\"; leaves = \"1740\n"
"From remote kernel:"
"\"Factor \"5\" rational summands\"\n"
"From remote kernel:"
"\"Combine \"5\" summands in \"4\" denominator groups\"\n"
"From remote kernel:"
"\"Combine rational summands; leaves = \"1432\n"
"From remote kernel:"
"\"Saved coefficient \"15\"/\"17\"; zero = \"True\n"
"From remote kernel:"
"\"Reduce coefficient \"16\"/\"17\"; leaves = \"1052\n"
"From remote kernel:"
"\"Combine rational summands; leaves = \"19898\n"
"From remote kernel:"
"\"Factor \"5\" rational summands\"\n"
"From remote kernel:"
"\"Combine \"5\" summands in \"3\" denominator groups\"\n"
"From remote kernel:"
"\"Combine rational summands; leaves = \"495\n"
"From remote kernel:"
"\"Saved coefficient \"16\"/\"17\"; zero = \"True\n"
"From remote kernel:"
"\"Reduce coefficient \"17\"/\"17\"; leaves = \"1039\n"
"From remote kernel:"
"\"Factor \"4\" rational summands\"\n"
"From remote kernel:"
"\"Combine \"4\" summands in \"2\" denominator groups\"\n"
"From remote kernel:"
"\"Combine rational summands; leaves = \"1\n"
"From remote kernel:"
"\"Saved coefficient \"17\"/\"17\"; zero = \"True\n"
"From remote kernel:"
"\"Normalized function \"10\"/\"21\n"
"From remote kernel:"
"\"2026-09-07T06:49:55\"\" \"{\"COMPARISON_FINISHED\", \"Hgg__F2_Regular\", True, True}\n"
"From remote kernel:"
"\"2026-09-07T06:49:55\"\" \"{\"COMPARE\", \"Hqqprime__F2_Regular\"}\n"
"From remote kernel:"
"\"Saved coefficient \"2\"/\"15\"; zero = \"True\n"
"From remote kernel:"
"\"Reduce coefficient \"3\"/\"15\"; leaves = \"24491\n"
"From remote kernel:"
"\"Factor \"59\" rational summands\"\n"
"From remote kernel:"
"\"Saved coefficient \"6\"/\"15\"; zero = \"True\n"
"From remote kernel:"
"\"Reduce coefficient \"7\"/\"15\"; leaves = \"27552\n"
"From remote kernel:"
"\"Saved coefficient \"7\"/\"15\"; zero = \"True\n"
"From remote kernel:"
"\"Reduce coefficient \"8\"/\"15\"; leaves = \"26187\n"
"From remote kernel:"
"\"Factor \"56\" rational summands\"\n"
"From remote kernel:"
"\"Combine \"59\" summands in \"45\" denominator groups\"\n"
"From remote kernel:"
"\"Combine rational summands; leaves = \"19272\n"
"From remote kernel:"
"\"Normalized function \"20\"/\"21\n"
"From remote kernel:"
"\"Combine \"56\" summands in \"44\" denominator groups\"\n"
"From remote kernel:"
"\"Combine rational summands; leaves = \"19808\n"
"From remote kernel:"
"\"Normalize \"4\" radicals\"\n"
"From remote kernel:"
"\"Normalize \"21\" distinct functions\"\n"
"From remote kernel:"
"\"Normalize \"0\" phase functions\"\n"
"From remote kernel:"
"\"Saved coefficient \"8\"/\"15\"; zero = \"True\n"
"From remote kernel:"
"\"Reduce coefficient \"9\"/\"15\"; leaves = \"26187\n"
"From remote kernel:"
"\"Factor \"56\" rational summands\"\n"
"From remote kernel:"
"\"Saved coefficient \"3\"/\"15\"; zero = \"True\n"
"From remote kernel:"
"\"Reduce coefficient \"4\"/\"15\"; leaves = \"38365\n"
"From remote kernel:"
"\"Factor \"75\" rational summands\"\n"
"From remote kernel:"
"\"Combine \"56\" summands in \"44\" denominator groups\"\n"
"From remote kernel:"
"\"Combine rational summands; leaves = \"19808\n"
"From remote kernel:"
"\"Normalized function \"10\"/\"21\n"
"From remote kernel:"
"\"Combine \"75\" summands in \"54\" denominator groups\"\n"
"From remote kernel:"
"\"Saved coefficient \"9\"/\"15\"; zero = \"True\n"
"From remote kernel:"
"\"Reduce coefficient \"10\"/\"15\"; leaves = \"5747\n"
"From remote kernel:"
"\"Factor \"10\" rational summands\"\n"
"From remote kernel:"
"\"Combine rational summands; leaves = \"28886\n"
"From remote kernel:"
"\"Combine \"10\" summands in \"9\" denominator groups\"\n"
"From remote kernel:"
"\"Combine rational summands; leaves = \"6000\n"
"From remote kernel:"
"\"Factored formal input leaves = \"369195\n"
"From remote kernel:"
"\"Saved coefficient \"10\"/\"15\"; zero = \"True\n"
"From remote kernel:"
"\"Reduce coefficient \"11\"/\"15\"; leaves = \"7583\n"
"From remote kernel:"
"\"Factor \"18\" rational summands\"\n"
"From remote kernel:"
"\"Combine \"18\" summands in \"13\" denominator groups\"\n"
"From remote kernel:"
"\"Combine rational summands; leaves = \"6000\n"
"From remote kernel:"
"\"Saved coefficient \"11\"/\"15\"; zero = \"True\n"
"From remote kernel:"
"\"Reduce coefficient \"12\"/\"15\"; leaves = \"7135\n"
"From remote kernel:"
"\"Factor \"16\" rational summands\"\n"
"From remote kernel:"
"\"Combine \"16\" summands in \"11\" denominator groups\"\n"
"From remote kernel:"
"\"Combine rational summands; leaves = \"5278\n"
"From remote kernel:"
"\"Saved coefficient \"12\"/\"15\"; zero = \"True\n"
"From remote kernel:"
"\"Reduce coefficient \"13\"/\"15\"; leaves = \"4987\n"
"From remote kernel:"
"\"Factor \"8\" rational summands\"\n"
"From remote kernel:"
"\"Combine \"8\" summands in \"7\" denominator groups\"\n"
"From remote kernel:"
"\"Combine rational summands; leaves = \"5278\n"
"From remote kernel:"
"\"Normalized function \"20\"/\"21\n"
"From remote kernel:"
"\"Saved coefficient \"13\"/\"15\"; zero = \"True\n"
"From remote kernel:"
"\"Reduce coefficient \"14\"/\"15\"; leaves = \"1450\n"
"From remote kernel:"
"\"Factor \"4\" rational summands\"\n"
"From remote kernel:"
"\"Combine \"4\" summands in \"2\" denominator groups\"\n"
"From remote kernel:"
"\"Combine rational summands; leaves = \"1\n"
"From remote kernel:"
"\"Saved coefficient \"14\"/\"15\"; zero = \"True\n"
"From remote kernel:"
"\"Reduce coefficient \"15\"/\"15\"; leaves = \"1762\n"
"From remote kernel:"
"\"Factor \"4\" rational summands\"\n"
"From remote kernel:"
"\"Combine \"4\" summands in \"2\" denominator groups\"\n"
"From remote kernel:"
"\"Combine rational summands; leaves = \"1\n"
"From remote kernel:"
"\"Saved coefficient \"15\"/\"15\"; zero = \"True\n"
"From remote kernel:"
"\"2026-09-07T06:50:00\"\" \"{\"COMPARISON_FINISHED\", \"Hqqbar__F1_Regular\", True, True}\n"
"From remote kernel:"
"\"Reduce \"15\" algebraic coefficients\"\n"
"From remote kernel:"
"\"Reduce coefficient \"1\"/\"15\"; leaves = \"94109\n"
"From remote kernel:"
"\"Saved coefficient \"4\"/\"15\"; zero = \"True\n"
"From remote kernel:"
"\"Reduce coefficient \"5\"/\"15\"; leaves = \"27878\n"
"From remote kernel:"
"\"Factor \"65\" rational summands\"\n"
"From remote kernel:"
"\"Factor \"249\" rational summands\"\n"
"From remote kernel:"
"\"Normalize \"0\" phase functions\"\n"
"From remote kernel:"
"\"Factored summand \"100\"/\"249\n"
"From remote kernel:"
"\"Combine \"65\" summands in \"46\" denominator groups\"\n"
"From remote kernel:"
"\"Combine rational summands; leaves = \"20096\n"
"From remote kernel:"
"\"Saved coefficient \"5\"/\"15\"; zero = \"True\n"
"From remote kernel:"
"\"Reduce coefficient \"6\"/\"15\"; leaves = \"27881\n"
"From remote kernel:"
"\"Factor \"65\" rational summands\"\n"
"From remote kernel:"
"\"Factored formal input leaves = \"372443\n"
"From remote kernel:"
"\"Factored summand \"200\"/\"249\n"
"From remote kernel:"
"\"Combine \"249\" summands in \"143\" denominator groups\"\n"
"From remote kernel:"
"\"Combine \"65\" summands in \"46\" denominator groups\"\n"
"From remote kernel:"
"\"Combine rational summands; leaves = \"20098\n"
"From remote kernel:"
"\"Combine rational summands; leaves = \"77676\n"
"From remote kernel:"
"\"Reduce \"15\" algebraic coefficients\"\n"
"From remote kernel:"
"\"Reduce coefficient \"1\"/\"15\"; leaves = \"95205\n"
"From remote kernel:"
"\"Factor \"249\" rational summands\"\n"
"From remote kernel:"
"\"Saved coefficient \"6\"/\"15\"; zero = \"True\n"
"From remote kernel:"
"\"Reduce coefficient \"7\"/\"15\"; leaves = \"27881\n"
"From remote kernel:"
"\"Factored summand \"100\"/\"249\n"
"From remote kernel:"
"\"Saved coefficient \"7\"/\"15\"; zero = \"True\n"
"From remote kernel:"
"\"Reduce coefficient \"8\"/\"15\"; leaves = \"26389\n"
"From remote kernel:"
"\"Factor \"56\" rational summands\"\n"
"From remote kernel:"
"\"Combine \"56\" summands in \"44\" denominator groups\"\n"
"From remote kernel:"
"\"Combine rational summands; leaves = \"19860\n"
"From remote kernel:"
"\"Saved coefficient \"8\"/\"15\"; zero = \"True\n"
"From remote kernel:"
"\"Reduce coefficient \"9\"/\"15\"; leaves = \"26389\n"
"From remote kernel:"
"\"Factor \"56\" rational summands\"\n"
"From remote kernel:"
"\"Factored summand \"200\"/\"249\n"
"From remote kernel:"
"\"Combine \"249\" summands in \"125\" denominator groups\"\n"
"From remote kernel:"
"\"Combine \"56\" summands in \"44\" denominator groups\"\n"
"From remote kernel:"
"\"Combine rational summands; leaves = \"19860\n"
"From remote kernel:"
"\"Combine rational summands; leaves = \"78191\n"
"From remote kernel:"
"\"Saved coefficient \"9\"/\"15\"; zero = \"True\n"
"From remote kernel:"
"\"Reduce coefficient \"10\"/\"15\"; leaves = \"5784\n"
"From remote kernel:"
"\"Factor \"10\" rational summands\"\n"
"From remote kernel:"
"\"Combine \"10\" summands in \"9\" denominator groups\"\n"
"From remote kernel:"
"\"Combine rational summands; leaves = \"6021\n"
"From remote kernel:"
"\"Saved coefficient \"10\"/\"15\"; zero = \"True\n"
"From remote kernel:"
"\"Reduce coefficient \"11\"/\"15\"; leaves = \"7653\n"
"From remote kernel:"
"\"Factor \"18\" rational summands\"\n"
"From remote kernel:"
"\"Combine \"18\" summands in \"13\" denominator groups\"\n"
"From remote kernel:"
"\"Combine rational summands; leaves = \"6022\n"
"From remote kernel:"
"\"Saved coefficient \"11\"/\"15\"; zero = \"True\n"
"From remote kernel:"
"\"Reduce coefficient \"12\"/\"15\"; leaves = \"7200\n"
"From remote kernel:"
"\"Factor \"16\" rational summands\"\n"
"From remote kernel:"
"\"Combine \"16\" summands in \"11\" denominator groups\"\n"
"From remote kernel:"
"\"Combine rational summands; leaves = \"5294\n"
"From remote kernel:"
"\"Saved coefficient \"12\"/\"15\"; zero = \"True\n"
"From remote kernel:"
"\"Reduce coefficient \"13\"/\"15\"; leaves = \"5012\n"
"From remote kernel:"
"\"Factor \"8\" rational summands\"\n"
"From remote kernel:"
"\"Combine \"8\" summands in \"7\" denominator groups\"\n"
"From remote kernel:"
"\"Combine rational summands; leaves = \"5294\n"
"From remote kernel:"
"\"Saved coefficient \"13\"/\"15\"; zero = \"True\n"
"From remote kernel:"
"\"Reduce coefficient \"14\"/\"15\"; leaves = \"1463\n"
"From remote kernel:"
"\"Factor \"4\" rational summands\"\n"
"From remote kernel:"
"\"Combine \"4\" summands in \"2\" denominator groups\"\n"
"From remote kernel:"
"\"Combine rational summands; leaves = \"1\n"
"From remote kernel:"
"\"Saved coefficient \"14\"/\"15\"; zero = \"True\n"
"From remote kernel:"
"\"Reduce coefficient \"15\"/\"15\"; leaves = \"1782\n"
"From remote kernel:"
"\"Factor \"4\" rational summands\"\n"
"From remote kernel:"
"\"Combine \"4\" summands in \"2\" denominator groups\"\n"
"From remote kernel:"
"\"Combine rational summands; leaves = \"1\n"
"From remote kernel:"
"\"Saved coefficient \"15\"/\"15\"; zero = \"True\n"
"From remote kernel:"
"\"2026-09-07T06:50:09\"\" \"{\"COMPARISON_FINISHED\", \"Hqqbar__F2_Regular\", True, True}\n"
"From remote kernel:"
"\"Saved coefficient \"1\"/\"15\"; zero = \"True\n"
"From remote kernel:"
"\"Reduce coefficient \"2\"/\"15\"; leaves = \"26097\n"
"From remote kernel:"
"\"Factor \"56\" rational summands\"\n"
"From remote kernel:"
"\"Combine \"56\" summands in \"44\" denominator groups\"\n"
"From remote kernel:"
"\"Combine rational summands; leaves = \"15604\n"
"From remote kernel:"
"\"Saved coefficient \"2\"/\"15\"; zero = \"True\n"
"From remote kernel:"
"\"Reduce coefficient \"3\"/\"15\"; leaves = \"44396\n"
"From remote kernel:"
"\"Factor \"75\" rational summands\"\n"
"From remote kernel:"
"\"Combine \"75\" summands in \"54\" denominator groups\"\n"
"From remote kernel:"
"\"Combine rational summands; leaves = \"13686\n"
"From remote kernel:"
"\"Saved coefficient \"1\"/\"15\"; zero = \"True\n"
"From remote kernel:"
"\"Reduce coefficient \"2\"/\"15\"; leaves = \"26330\n"
"From remote kernel:"
"\"Factor \"56\" rational summands\"\n"
"From remote kernel:"
"\"Saved coefficient \"3\"/\"15\"; zero = \"True\n"
"From remote kernel:"
"\"Reduce coefficient \"4\"/\"15\"; leaves = \"45115\n"
"From remote kernel:"
"\"Combine \"56\" summands in \"41\" denominator groups\"\n"
"From remote kernel:"
"\"Factor \"70\" rational summands\"\n"
"From remote kernel:"
"\"Combine rational summands; leaves = \"15712\n"
"From remote kernel:"
"\"Saved coefficient \"2\"/\"15\"; zero = \"True\n"
"From remote kernel:"
"\"Reduce coefficient \"3\"/\"15\"; leaves = \"44722\n"
"From remote kernel:"
"\"Combine \"70\" summands in \"54\" denominator groups\"\n"
"From remote kernel:"
"\"Factor \"75\" rational summands\"\n"
"From remote kernel:"
"\"Combine rational summands; leaves = \"27477\n"
"From remote kernel:"
"\"Combine \"75\" summands in \"45\" denominator groups\"\n"
"From remote kernel:"
"\"Combine rational summands; leaves = \"13796\n"
"From remote kernel:"
"\"Saved coefficient \"4\"/\"15\"; zero = \"True\n"
"From remote kernel:"
"\"Reduce coefficient \"5\"/\"15\"; leaves = \"27982\n"
"From remote kernel:"
"\"Factor \"60\" rational summands\"\n"
"From remote kernel:"
"\"Combine \"60\" summands in \"45\" denominator groups\"\n"
MONITOR_HEARTBEAT elapsed=455s rss=2110.0MiB peak=2325.1MiB
"From remote kernel:"
"\"Saved coefficient \"3\"/\"15\"; zero = \"True\n"
"From remote kernel:"
"\"Reduce coefficient \"4\"/\"15\"; leaves = \"45397\n"
"From remote kernel:"
"\"Factor \"70\" rational summands\"\n"
"From remote kernel:"
"\"Combine rational summands; leaves = \"16222\n"
"From remote kernel:"
"\"Combine \"70\" summands in \"51\" denominator groups\"\n"
"From remote kernel:"
"\"Saved coefficient \"5\"/\"15\"; zero = \"True\n"
"From remote kernel:"
"\"Reduce coefficient \"6\"/\"15\"; leaves = \"27980\n"
"From remote kernel:"
"\"Factor \"60\" rational summands\"\n"
"From remote kernel:"
"\"Combine rational summands; leaves = \"27602\n"
"From remote kernel:"
"\"Combine \"60\" summands in \"46\" denominator groups\"\n"
"From remote kernel:"
"\"Combine rational summands; leaves = \"16222\n"
"From remote kernel:"
"\"Saved coefficient \"4\"/\"15\"; zero = \"True\n"
"From remote kernel:"
"\"Reduce coefficient \"5\"/\"15\"; leaves = \"28228\n"
"From remote kernel:"
"\"Factor \"60\" rational summands\"\n"
"From remote kernel:"
"\"Combine \"60\" summands in \"42\" denominator groups\"\n"
"From remote kernel:"
"\"Saved coefficient \"6\"/\"15\"; zero = \"True\n"
"From remote kernel:"
"\"Reduce coefficient \"7\"/\"15\"; leaves = \"27980\n"
"From remote kernel:"
"\"Combine rational summands; leaves = \"16332\n"
"From remote kernel:"
"\"Saved coefficient \"7\"/\"15\"; zero = \"True\n"
"From remote kernel:"
"\"Reduce coefficient \"8\"/\"15\"; leaves = \"26926\n"
"From remote kernel:"
"\"Factor \"64\" rational summands\"\n"
"From remote kernel:"
"\"Combine \"64\" summands in \"48\" denominator groups\"\n"
"From remote kernel:"
"\"Combine rational summands; leaves = \"18480\n"
"From remote kernel:"
"\"Saved coefficient \"5\"/\"15\"; zero = \"True\n"
"From remote kernel:"
"\"Reduce coefficient \"6\"/\"15\"; leaves = \"28228\n"
"From remote kernel:"
"\"Factor \"60\" rational summands\"\n"
"From remote kernel:"
"\"Saved coefficient \"8\"/\"15\"; zero = \"True\n"
"From remote kernel:"
"\"Reduce coefficient \"9\"/\"15\"; leaves = \"26926\n"
"From remote kernel:"
"\"Factor \"64\" rational summands\"\n"
"From remote kernel:"
"\"Combine \"60\" summands in \"43\" denominator groups\"\n"
"From remote kernel:"
"\"Combine rational summands; leaves = \"16349\n"
"From remote kernel:"
"\"Combine \"64\" summands in \"48\" denominator groups\"\n"
"From remote kernel:"
"\"Combine rational summands; leaves = \"18480\n"
"From remote kernel:"
"\"Saved coefficient \"9\"/\"15\"; zero = \"True\n"
"From remote kernel:"
"\"Reduce coefficient \"10\"/\"15\"; leaves = \"4904\n"
"From remote kernel:"
"\"Factor \"12\" rational summands\"\n"
"From remote kernel:"
"\"Combine \"12\" summands in \"11\" denominator groups\"\n"
"From remote kernel:"
"\"Combine rational summands; leaves = \"3708\n"
"From remote kernel:"
"\"Saved coefficient \"10\"/\"15\"; zero = \"True\n"
"From remote kernel:"
"\"Reduce coefficient \"11\"/\"15\"; leaves = \"5541\n"
"From remote kernel:"
"\"Factor \"16\" rational summands\"\n"
"From remote kernel:"
"\"Saved coefficient \"6\"/\"15\"; zero = \"True\n"
"From remote kernel:"
"\"Reduce coefficient \"7\"/\"15\"; leaves = \"28228\n"
"From remote kernel:"
"\"Saved coefficient \"7\"/\"15\"; zero = \"True\n"
"From remote kernel:"
"\"Reduce coefficient \"8\"/\"15\"; leaves = \"27125\n"
"From remote kernel:"
"\"Combine \"16\" summands in \"13\" denominator groups\"\n"
"From remote kernel:"
"\"Factor \"64\" rational summands\"\n"
"From remote kernel:"
"\"Combine rational summands; leaves = \"3708\n"
"From remote kernel:"
"\"Saved coefficient \"11\"/\"15\"; zero = \"True\n"
"From remote kernel:"
"\"Reduce coefficient \"12\"/\"15\"; leaves = \"4738\n"
"From remote kernel:"
"\"Factor \"14\" rational summands\"\n"
"From remote kernel:"
"\"Combine \"14\" summands in \"11\" denominator groups\"\n"
"From remote kernel:"
"\"Combine rational summands; leaves = \"2942\n"
"From remote kernel:"
"\"Saved coefficient \"12\"/\"15\"; zero = \"True\n"
"From remote kernel:"
"\"Reduce coefficient \"13\"/\"15\"; leaves = \"3904\n"
"From remote kernel:"
"\"Factor \"10\" rational summands\"\n"
"From remote kernel:"
"\"Combine \"10\" summands in \"9\" denominator groups\"\n"
"From remote kernel:"
"\"Combine rational summands; leaves = \"2942\n"
"From remote kernel:"
"\"Saved coefficient \"13\"/\"15\"; zero = \"True\n"
"From remote kernel:"
"\"Reduce coefficient \"14\"/\"15\"; leaves = \"638\n"
"From remote kernel:"
"\"Factor \"4\" rational summands\"\n"
"From remote kernel:"
"\"Combine \"4\" summands in \"2\" denominator groups\"\n"
"From remote kernel:"
"\"Combine rational summands; leaves = \"1\n"
"From remote kernel:"
"\"Saved coefficient \"14\"/\"15\"; zero = \"True\n"
"From remote kernel:"
"\"Reduce coefficient \"15\"/\"15\"; leaves = \"835\n"
"From remote kernel:"
"\"Factor \"4\" rational summands\"\n"
"From remote kernel:"
"\"Combine \"4\" summands in \"2\" denominator groups\"\n"
"From remote kernel:"
"\"Combine \"64\" summands in \"46\" denominator groups\"\n"
"From remote kernel:"
"\"Combine rational summands; leaves = \"1\n"
"From remote kernel:"
"\"Saved coefficient \"15\"/\"15\"; zero = \"True\n"
"From remote kernel:"
"\"2026-09-07T06:50:34\"\" \"{\"COMPARISON_FINISHED\", \"Hqqprime__F1_Regular\", True, True}\n"
"From remote kernel:"
"\"Combine rational summands; leaves = \"18555\n"
"From remote kernel:"
"\"Saved coefficient \"8\"/\"15\"; zero = \"True\n"
"From remote kernel:"
"\"Reduce coefficient \"9\"/\"15\"; leaves = \"27125\n"
"From remote kernel:"
"\"Factor \"64\" rational summands\"\n"
"From remote kernel:"
"\"Combine \"64\" summands in \"46\" denominator groups\"\n"
"From remote kernel:"
"\"Combine rational summands; leaves = \"18556\n"
"From remote kernel:"
"\"Saved coefficient \"9\"/\"15\"; zero = \"True\n"
"From remote kernel:"
"\"Reduce coefficient \"10\"/\"15\"; leaves = \"4943\n"
"From remote kernel:"
"\"Factor \"12\" rational summands\"\n"
"From remote kernel:"
"\"Combine \"12\" summands in \"9\" denominator groups\"\n"
"From remote kernel:"
"\"Combine rational summands; leaves = \"3724\n"
"From remote kernel:"
"\"Saved coefficient \"10\"/\"15\"; zero = \"True\n"
"From remote kernel:"
"\"Reduce coefficient \"11\"/\"15\"; leaves = \"5587\n"
"From remote kernel:"
"\"Factor \"16\" rational summands\"\n"
"From remote kernel:"
"\"Combine \"16\" summands in \"11\" denominator groups\"\n"
"From remote kernel:"
"\"Combine rational summands; leaves = \"3723\n"
"From remote kernel:"
"\"Saved coefficient \"11\"/\"15\"; zero = \"True\n"
"From remote kernel:"
"\"Reduce coefficient \"12\"/\"15\"; leaves = \"4778\n"
"From remote kernel:"
"\"Factor \"14\" rational summands\"\n"
"From remote kernel:"
"\"Combine \"14\" summands in \"10\" denominator groups\"\n"
"From remote kernel:"
"\"Combine rational summands; leaves = \"2958\n"
"From remote kernel:"
"\"Saved coefficient \"12\"/\"15\"; zero = \"True\n"
"From remote kernel:"
"\"Reduce coefficient \"13\"/\"15\"; leaves = \"3926\n"
"From remote kernel:"
"\"Factor \"10\" rational summands\"\n"
"From remote kernel:"
"\"Combine \"10\" summands in \"8\" denominator groups\"\n"
"From remote kernel:"
"\"Combine rational summands; leaves = \"2958\n"
"From remote kernel:"
"\"Saved coefficient \"13\"/\"15\"; zero = \"True\n"
"From remote kernel:"
"\"Reduce coefficient \"14\"/\"15\"; leaves = \"644\n"
"From remote kernel:"
"\"Factor \"4\" rational summands\"\n"
"From remote kernel:"
"\"Combine \"4\" summands in \"2\" denominator groups\"\n"
"From remote kernel:"
"\"Combine rational summands; leaves = \"1\n"
"From remote kernel:"
"\"Saved coefficient \"14\"/\"15\"; zero = \"True\n"
"From remote kernel:"
"\"Reduce coefficient \"15\"/\"15\"; leaves = \"853\n"
"From remote kernel:"
"\"Factor \"4\" rational summands\"\n"
"From remote kernel:"
"\"Combine \"4\" summands in \"2\" denominator groups\"\n"
"From remote kernel:"
"\"Combine rational summands; leaves = \"1\n"
"From remote kernel:"
"\"Saved coefficient \"15\"/\"15\"; zero = \"True\n"
"From remote kernel:"
"\"2026-09-07T06:50:38\"\" \"{\"COMPARISON_FINISHED\", \"Hqqprime__F2_Regular\", True, True}\n"
"S02_SUCCESS: six-channel comparison evaluated; AllEqual="False
MONITOR_WAKE {"stage": "s02", "source": "s02_compare_coefficients.wl", "source_sha256": "d8262cd90a370b173ce1db8898868fda983544906c3bd807f2f39601a05e19b9", "job_id": "14693245", "host": "n6047", "exit_code": 0, "success_marker": true, "accepted_execution": true, "guard": null, "peak_rss_bytes": 2437996544, "elapsed_seconds": 468.030589081347, "completed_utc": "2026-09-07T13:50:38.537494+00:00"}
