2 Fermat/Blackbox instances will be run in parallel.
The user defined environment variable FERMATPATH for Fermat is set:
/u/scratch/r/rushil/AI_Assisted_SIDIS/SIDIS_20260907/software/fermat/Ferl7/fer64
The directories for the temporary files, result files and the sector mapping files are: 
./tmp
./results
./sectormappings
One variable is set to 1: {}
Kira prepares topology: R01 and top level sector: 
15 
Kira prepares topology: R02 and top level sector: 
15 
Kira prepares topology: R03 and top level sector: 
15 
Kira prepares topology: R04 and top level sector: 
15 
Kira prepares topology: R05 and top level sector: 
15 
Kira prepares topology: R06 and top level sector: 
15 
Kira prepares topology: R07 and top level sector: 
15 
Kira prepares topology: R08 and top level sector: 
15 
Kira prepares topology: R09 and top level sector: 
15 
Kira prepares topology: R10 and top level sector: 
15 
Kira prepares topology: R11 and top level sector: 
15 
Kira prepares topology: R12 and top level sector: 
15 

*****Integral ordering*************************************
VERSION table created successfully
Kira database version number: 2.1
WEIGHTBITS table created successfully
INTEGRALORDERING table created successfully
Kira will use the integral ordering: 1.
With topology: R01 use intermediate permutation
0 2 3 1 
With topology: R02 use intermediate permutation
0 2 3 1 
With topology: R03 use intermediate permutation
0 2 3 1 
With topology: R04 use intermediate permutation
0 2 3 1 
With topology: R05 use intermediate permutation
0 3 2 1 
With topology: R06 use intermediate permutation
0 2 3 1 
With topology: R07 use intermediate permutation
0 3 2 1 
With topology: R08 use intermediate permutation
0 2 3 1 
With topology: R09 use intermediate permutation
0 2 3 1 
With topology: R10 use intermediate permutation
0 2 3 1 
With topology: R11 use intermediate permutation
0 3 2 1 
With topology: R12 use intermediate permutation
0 2 3 1 
Following reductions will be performed for the topology: R01
Sector: 15 rmax: 4 smax: 4 

Following reductions will be performed for the topology: R02
Sector: 15 rmax: 4 smax: 4 

Following reductions will be performed for the topology: R03
Sector: 15 rmax: 4 smax: 5 

Following reductions will be performed for the topology: R04
Sector: 15 rmax: 6 smax: 5 

Following reductions will be performed for the topology: R05
Sector: 15 rmax: 4 smax: 4 

Following reductions will be performed for the topology: R06
Sector: 15 rmax: 4 smax: 4 

Following reductions will be performed for the topology: R07
Sector: 15 rmax: 6 smax: 5 

Following reductions will be performed for the topology: R08
Sector: 15 rmax: 4 smax: 5 

Following reductions will be performed for the topology: R09
Sector: 15 rmax: 4 smax: 5 

Following reductions will be performed for the topology: R10
Sector: 15 rmax: 6 smax: 5 

Following reductions will be performed for the topology: R11
Sector: 15 rmax: 6 smax: 5 

Following reductions will be performed for the topology: R12
Sector: 15 rmax: 4 smax: 5 

***********************************************************
Find IBP LI and symmetry relations for the topology: R01
***********************************************************

*****Generate IBP identities*******************************
There are 4 IBP identities
( 0.005138 s )

*****Generate LI identities********************************
There are 3 LI identities
( 0.017325 s )

*****Search trivial sectors********************************

Non trivial sectors in total: 4
Trivial sectors in total: 12
( 0.0 s )

Search symmetry relations: 

( 0.0 s )
***********************************************************
Find IBP LI and symmetry relations for the topology: R02
***********************************************************

*****Generate IBP identities*******************************
There are 4 IBP identities
( 0.0 s )

*****Generate LI identities********************************
There are 3 LI identities
( 0.0 s )

*****Search trivial sectors********************************

Non trivial sectors in total: 4
Trivial sectors in total: 12
( 0.0 s )

Search symmetry relations: 

( 0.0 s )
***********************************************************
Find IBP LI and symmetry relations for the topology: R03
***********************************************************

*****Generate IBP identities*******************************
There are 4 IBP identities
( 0.0 s )

*****Generate LI identities********************************
There are 3 LI identities
( 0.0 s )

*****Search trivial sectors********************************

Non trivial sectors in total: 4
Trivial sectors in total: 12
( 0.0 s )

Search symmetry relations: 

( 0.0 s )
***********************************************************
Find IBP LI and symmetry relations for the topology: R04
***********************************************************

*****Generate IBP identities*******************************
There are 4 IBP identities
( 0.0 s )

*****Generate LI identities********************************
There are 3 LI identities
( 0.0 s )

*****Search trivial sectors********************************

Non trivial sectors in total: 4
Trivial sectors in total: 12
( 0.0 s )

Search symmetry relations: 

( 0.0 s )
***********************************************************
Find IBP LI and symmetry relations for the topology: R05
***********************************************************

*****Generate IBP identities*******************************
There are 4 IBP identities
( 0.0 s )

*****Generate LI identities********************************
There are 3 LI identities
( 0.0 s )

*****Search trivial sectors********************************

Non trivial sectors in total: 4
Trivial sectors in total: 12
( 0.0 s )

Search symmetry relations: 

( 0.0 s )
***********************************************************
Find IBP LI and symmetry relations for the topology: R06
***********************************************************

*****Generate IBP identities*******************************
There are 4 IBP identities
( 0.0 s )

*****Generate LI identities********************************
There are 3 LI identities
( 0.0 s )

*****Search trivial sectors********************************

Non trivial sectors in total: 4
Trivial sectors in total: 12
( 0.0 s )

Search symmetry relations: 

( 0.0 s )
***********************************************************
Find IBP LI and symmetry relations for the topology: R07
***********************************************************

*****Generate IBP identities*******************************
There are 4 IBP identities
( 0.0 s )

*****Generate LI identities********************************
There are 3 LI identities
( 0.0 s )

*****Search trivial sectors********************************

Non trivial sectors in total: 4
Trivial sectors in total: 12
( 0.0 s )

Search symmetry relations: 

( 0.0 s )
***********************************************************
Find IBP LI and symmetry relations for the topology: R08
***********************************************************

*****Generate IBP identities*******************************
There are 4 IBP identities
( 0.0 s )

*****Generate LI identities********************************
There are 3 LI identities
( 0.0 s )

*****Search trivial sectors********************************

Non trivial sectors in total: 4
Trivial sectors in total: 12
( 0.0 s )

Search symmetry relations: 

( 0.0 s )
***********************************************************
Find IBP LI and symmetry relations for the topology: R09
***********************************************************

*****Generate IBP identities*******************************
There are 4 IBP identities
( 0.0 s )

*****Generate LI identities********************************
There are 3 LI identities
( 0.0 s )

*****Search trivial sectors********************************

Non trivial sectors in total: 4
Trivial sectors in total: 12
( 0.0 s )

Search symmetry relations: 

( 0.0 s )
***********************************************************
Find IBP LI and symmetry relations for the topology: R10
***********************************************************

*****Generate IBP identities*******************************
There are 4 IBP identities
( 0.0 s )

*****Generate LI identities********************************
There are 3 LI identities
( 0.0 s )

*****Search trivial sectors********************************

Non trivial sectors in total: 4
Trivial sectors in total: 12
( 0.0 s )

Search symmetry relations: 

( 0.0 s )
***********************************************************
Find IBP LI and symmetry relations for the topology: R11
***********************************************************

*****Generate IBP identities*******************************
There are 4 IBP identities
( 0.0 s )

*****Generate LI identities********************************
There are 3 LI identities
( 0.0 s )

*****Search trivial sectors********************************

Non trivial sectors in total: 4
Trivial sectors in total: 12
( 0.0 s )

Search symmetry relations: 

( 0.0 s )
***********************************************************
Find IBP LI and symmetry relations for the topology: R12
***********************************************************

*****Generate IBP identities*******************************
There are 4 IBP identities
( 0.0 s )

*****Generate LI identities********************************
There are 3 LI identities
( 0.0 s )

*****Search trivial sectors********************************

Non trivial sectors in total: 4
Trivial sectors in total: 12
( 0.0 s )

Search symmetry relations: 

( 0.0 s )
***********************************************************
Prepare Symmetries for the topology: R01
***********************************************************
Build symmetries for R01 x R01 

Sector relations: 0
Sector symmetries: 1
( 0.0 s )
***********************************************************
Prepare Symmetries for the topology: R02
***********************************************************
Build symmetries for R02 x R01 

Sector relations: 4
Sector symmetries: 0
( 0.0 s )
Build symmetries for R02 x R02 

Sector relations: 4
Sector symmetries: 0
( 0.0 s )
***********************************************************
Prepare Symmetries for the topology: R03
***********************************************************
Build symmetries for R03 x R01 

Sector relations: 3
Sector symmetries: 0
( 0.0 s )
Build symmetries for R03 x R02 

Sector relations: 3
Sector symmetries: 0
( 0.0 s )
Build symmetries for R03 x R03 

Sector relations: 3
Sector symmetries: 0
( 0.0 s )
***********************************************************
Prepare Symmetries for the topology: R04
***********************************************************
Build symmetries for R04 x R01 

Sector relations: 3
Sector symmetries: 0
( 0.0 s )
Build symmetries for R04 x R02 

Sector relations: 3
Sector symmetries: 0
( 0.0 s )
Build symmetries for R04 x R03 

Sector relations: 4
Sector symmetries: 0
( 0.0 s )
Build symmetries for R04 x R04 

Sector relations: 4
Sector symmetries: 0
( 0.0 s )
***********************************************************
Prepare Symmetries for the topology: R05
***********************************************************
Build symmetries for R05 x R01 

Sector relations: 4
Sector symmetries: 0
( 0.0 s )
Build symmetries for R05 x R02 

Sector relations: 5
Sector symmetries: 0
( 0.0 s )
Build symmetries for R05 x R03 
Skip mappings because all top level sectors are mapped
already to a lower topology.
( 0.0 s )
Build symmetries for R05 x R04 
Skip mappings because all top level sectors are mapped
already to a lower topology.
( 0.0 s )
Build symmetries for R05 x R05 
Skip mappings because all top level sectors are mapped
already to a lower topology.
( 0.0 s )
***********************************************************
Prepare Symmetries for the topology: R06
***********************************************************
Build symmetries for R06 x R01 

Sector relations: 5
Sector symmetries: 0
( 0.0 s )
Build symmetries for R06 x R02 
Skip mappings because all top level sectors are mapped
already to a lower topology.
( 0.0 s )
Build symmetries for R06 x R03 
Skip mappings because all top level sectors are mapped
already to a lower topology.
( 0.0 s )
Build symmetries for R06 x R04 
Skip mappings because all top level sectors are mapped
already to a lower topology.
( 0.0 s )
Build symmetries for R06 x R05 
Skip mappings because all top level sectors are mapped
already to a lower topology.
( 0.0 s )
Build symmetries for R06 x R06 
Skip mappings because all top level sectors are mapped
already to a lower topology.
( 0.0 s )
***********************************************************
Prepare Symmetries for the topology: R07
***********************************************************
Build symmetries for R07 x R01 

Sector relations: 3
Sector symmetries: 0
( 0.0 s )
Build symmetries for R07 x R02 

Sector relations: 3
Sector symmetries: 0
( 0.0 s )
Build symmetries for R07 x R03 

Sector relations: 4
Sector symmetries: 0
( 0.0 s )
Build symmetries for R07 x R04 

Sector relations: 5
Sector symmetries: 0
( 0.0 s )
Build symmetries for R07 x R05 
Skip mappings because all top level sectors are mapped
already to a lower topology.
( 0.0 s )
Build symmetries for R07 x R06 
Skip mappings because all top level sectors are mapped
already to a lower topology.
( 0.0 s )
Build symmetries for R07 x R07 
Skip mappings because all top level sectors are mapped
already to a lower topology.
( 0.0 s )
***********************************************************
Prepare Symmetries for the topology: R08
***********************************************************
Build symmetries for R08 x R01 

Sector relations: 3
Sector symmetries: 0
( 0.0 s )
Build symmetries for R08 x R02 

Sector relations: 3
Sector symmetries: 0
( 0.0 s )
Build symmetries for R08 x R03 

Sector relations: 5
Sector symmetries: 0
( 0.0 s )
Build symmetries for R08 x R04 
Skip mappings because all top level sectors are mapped
already to a lower topology.
( 0.0 s )
Build symmetries for R08 x R05 
Skip mappings because all top level sectors are mapped
already to a lower topology.
( 0.0 s )
Build symmetries for R08 x R06 
Skip mappings because all top level sectors are mapped
already to a lower topology.
( 0.0 s )
Build symmetries for R08 x R07 
Skip mappings because all top level sectors are mapped
already to a lower topology.
( 0.0 s )
Build symmetries for R08 x R08 
Skip mappings because all top level sectors are mapped
already to a lower topology.
( 0.0 s )
***********************************************************
Prepare Symmetries for the topology: R09
***********************************************************
Build symmetries for R09 x R01 

Sector relations: 3
Sector symmetries: 0
( 0.0 s )
Build symmetries for R09 x R02 

Sector relations: 3
Sector symmetries: 0
( 0.0 s )
Build symmetries for R09 x R03 

Sector relations: 4
Sector symmetries: 0
( 0.0 s )
Build symmetries for R09 x R04 

Sector relations: 4
Sector symmetries: 0
( 0.0 s )
Build symmetries for R09 x R05 
Skip mappings because all top level sectors are mapped
already to a lower topology.
( 0.0 s )
Build symmetries for R09 x R06 
Skip mappings because all top level sectors are mapped
already to a lower topology.
( 0.0 s )
Build symmetries for R09 x R07 
Skip mappings because all top level sectors are mapped
already to a lower topology.
( 0.0 s )
Build symmetries for R09 x R08 
Skip mappings because all top level sectors are mapped
already to a lower topology.
( 0.0 s )
Build symmetries for R09 x R09 

Sector relations: 4
Sector symmetries: 0
( 0.0 s )
***********************************************************
Prepare Symmetries for the topology: R10
***********************************************************
Build symmetries for R10 x R01 

Sector relations: 3
Sector symmetries: 0
( 0.0 s )
Build symmetries for R10 x R02 

Sector relations: 3
Sector symmetries: 0
( 0.0 s )
Build symmetries for R10 x R03 

Sector relations: 4
Sector symmetries: 0
( 0.0 s )
Build symmetries for R10 x R04 

Sector relations: 4
Sector symmetries: 0
( 0.0 s )
Build symmetries for R10 x R05 
Skip mappings because all top level sectors are mapped
already to a lower topology.
( 0.0 s )
Build symmetries for R10 x R06 
Skip mappings because all top level sectors are mapped
already to a lower topology.
( 0.0 s )
Build symmetries for R10 x R07 
Skip mappings because all top level sectors are mapped
already to a lower topology.
( 0.0 s )
Build symmetries for R10 x R08 
Skip mappings because all top level sectors are mapped
already to a lower topology.
( 0.0 s )
Build symmetries for R10 x R09 

Sector relations: 4
Sector symmetries: 0
( 0.0 s )
Build symmetries for R10 x R10 

Sector relations: 4
Sector symmetries: 0
( 0.0 s )
***********************************************************
Prepare Symmetries for the topology: R11
***********************************************************
Build symmetries for R11 x R01 

Sector relations: 3
Sector symmetries: 0
( 0.0 s )
Build symmetries for R11 x R02 

Sector relations: 3
Sector symmetries: 0
( 0.0 s )
Build symmetries for R11 x R03 

Sector relations: 4
Sector symmetries: 0
( 0.0 s )
Build symmetries for R11 x R04 

Sector relations: 4
Sector symmetries: 0
( 0.0 s )
Build symmetries for R11 x R05 
Skip mappings because all top level sectors are mapped
already to a lower topology.
( 0.0 s )
Build symmetries for R11 x R06 
Skip mappings because all top level sectors are mapped
already to a lower topology.
( 0.0 s )
Build symmetries for R11 x R07 
Skip mappings because all top level sectors are mapped
already to a lower topology.
( 0.0 s )
Build symmetries for R11 x R08 
Skip mappings because all top level sectors are mapped
already to a lower topology.
( 0.0 s )
Build symmetries for R11 x R09 

Sector relations: 4
Sector symmetries: 0
( 0.0 s )
Build symmetries for R11 x R10 

Sector relations: 5
Sector symmetries: 0
( 0.0 s )
Build symmetries for R11 x R11 
Skip mappings because all top level sectors are mapped
already to a lower topology.
( 0.0 s )
***********************************************************
Prepare Symmetries for the topology: R12
***********************************************************
Build symmetries for R12 x R01 

Sector relations: 3
Sector symmetries: 0
( 0.0 s )
Build symmetries for R12 x R02 

Sector relations: 3
Sector symmetries: 0
( 0.0 s )
Build symmetries for R12 x R03 

Sector relations: 4
Sector symmetries: 0
( 0.0 s )
Build symmetries for R12 x R04 

Sector relations: 4
Sector symmetries: 0
( 0.0 s )
Build symmetries for R12 x R05 
Skip mappings because all top level sectors are mapped
already to a lower topology.
( 0.0 s )
Build symmetries for R12 x R06 
Skip mappings because all top level sectors are mapped
already to a lower topology.
( 0.0 s )
Build symmetries for R12 x R07 
Skip mappings because all top level sectors are mapped
already to a lower topology.
( 0.0 s )
Build symmetries for R12 x R08 
Skip mappings because all top level sectors are mapped
already to a lower topology.
( 0.0 s )
Build symmetries for R12 x R09 

Sector relations: 5
Sector symmetries: 0
( 0.0 s )
Build symmetries for R12 x R10 
Skip mappings because all top level sectors are mapped
already to a lower topology.
( 0.0 s )
Build symmetries for R12 x R11 
Skip mappings because all top level sectors are mapped
already to a lower topology.
( 0.0 s )
Build symmetries for R12 x R12 
Skip mappings because all top level sectors are mapped
already to a lower topology.
( 0.0 s )

***********************************************************
Kira starts the reduction of the topology: R01
***********************************************************

***** Select equations recursively ************************
length of mandatory list: 315
Algebraic reconstruction is switched off.
Equation table created successfully
276 independent coefficients
directory to the masters: R01
Number of master integrals: 295
R01[1,1,0,0]   #  3
R01[1,1,1,1]   # 15
R02[1,1,0,0]   #  3
R02[1,1,1,0]   #  7
R02[1,1,0,1]   # 11
R02[1,1,1,1]   # 15
R03[1,1,0,0]   #  3
R03[1,1,1,0]   #  7
R03[1,1,0,1]   # 11
R03[1,1,1,1]   # 15
R04[1,1,0,0]   #  3
R04[1,1,1,0]   #  7
R04[1,1,0,1]   # 11
R04[1,1,1,1]   # 15
R05[1,1,0,0]   #  3
R05[1,1,1,0]   #  7
R05[1,1,0,1]   # 11
R05[1,1,1,1]   # 15
R06[1,1,0,0]   #  3
R06[1,1,1,0]   #  7
R06[1,1,0,1]   # 11
R06[1,1,1,1]   # 15
R07[1,1,0,0]   #  3
R07[1,1,1,0]   #  7
R07[1,1,0,1]   # 11
R07[1,1,1,1]   # 15
R08[1,1,0,0]   #  3
R08[1,1,1,0]   #  7
R08[1,1,0,1]   # 11
R08[1,1,1,1]   # 15
R09[1,1,0,0]   #  3
R09[1,1,1,0]   #  7
R09[1,1,0,1]   # 11
R09[1,1,1,1]   # 15
R10[1,1,0,0]   #  3
R10[1,1,1,0]   #  7
R10[1,1,0,1]   # 11
R10[1,1,1,1]   # 15
R11[1,1,0,0]   #  3
R11[1,1,1,0]   #  7
R11[1,1,0,1]   # 11
R11[1,1,1,1]   # 15
R12[1,1,0,0]   #  3
R12[1,1,1,0]   #  7
R12[1,1,0,1]   # 11
R12[1,1,1,1]   # 15
R02[1,1,-1,0]  #  3
R02[1,1,0,-1]  #  3
R02[1,1,-2,0]  #  3
R02[1,1,-1,-1] #  3
R02[1,1,0,-2]  #  3
R02[1,1,-3,0]  #  3
R02[1,1,-2,-1] #  3
R02[1,1,-3,-1] #  3
R02[1,1,1,-1]  #  7
R02[1,1,1,-2]  #  7
R02[1,1,-1,1]  # 11
R02[1,1,-2,1]  # 11
R02[1,1,-3,1]  # 11
R02[1,1,0,2]   # 11
R02[1,1,-1,2]  # 11
R03[1,1,-1,0]  #  3
R03[1,1,0,-1]  #  3
R03[1,1,-2,0]  #  3
R03[1,1,-1,-1] #  3
R03[1,1,0,-2]  #  3
R03[1,1,-3,0]  #  3
R03[1,1,-2,-1] #  3
R03[1,1,-4,0]  #  3
R03[1,1,-3,-1] #  3
R03[1,1,1,-1]  #  7
R03[1,1,1,-2]  #  7
R03[1,1,-1,1]  # 11
R03[1,1,-2,1]  # 11
R03[1,1,-3,1]  # 11
R03[1,1,-4,1]  # 11
R03[1,1,-5,1]  # 11
R03[1,1,0,2]   # 11
R03[1,1,-1,2]  # 11
R03[1,1,-2,2]  # 11
R03[1,1,-3,2]  # 11
R03[1,1,-4,2]  # 11
R04[1,1,-1,0]  #  3
R04[1,1,0,-1]  #  3
R04[1,1,-2,0]  #  3
R04[1,1,-1,-1] #  3
R04[1,1,0,-2]  #  3
R04[1,1,-3,0]  #  3
R04[1,1,-2,-1] #  3
R04[1,1,-4,0]  #  3
R04[1,1,-3,-1] #  3
R04[1,1,1,-1]  #  7
R04[1,1,1,-2]  #  7
R04[1,1,2,0]   #  7
R04[1,1,2,-1]  #  7
R04[1,1,-1,1]  # 11
R04[1,1,-2,1]  # 11
R04[1,1,-3,1]  # 11
R04[1,1,-4,1]  # 11
R04[1,1,-5,1]  # 11
R04[1,1,0,2]   # 11
R04[1,1,-1,2]  # 11
R04[1,1,-2,2]  # 11
R04[1,1,-3,2]  # 11
R04[1,1,-4,2]  # 11
R04[1,1,1,2]   # 15
R04[1,1,2,1]   # 15
R04[1,1,2,2]   # 15
R05[1,1,0,-1]  #  3
R05[1,1,-1,0]  #  3
R05[1,1,0,-2]  #  3
R05[1,1,-1,-1] #  3
R05[1,1,-2,0]  #  3
R05[1,1,-1,-2] #  3
R05[1,1,-2,-1] #  3
R05[1,1,-3,0]  #  3
R05[1,1,-3,-1] #  3
R05[1,1,-1,1]  # 11
R05[1,1,-2,1]  # 11
R05[1,1,-3,1]  # 11
R05[1,1,1,-1]  #  7
R05[1,1,1,-2]  #  7
R05[1,1,2,0]   #  7
R05[1,1,2,-1]  #  7
R05[1,1,2,-2]  #  7
R06[1,1,-1,0]  #  3
R06[1,1,0,-1]  #  3
R06[1,1,-2,0]  #  3
R06[1,1,-1,-1] #  3
R06[1,1,0,-2]  #  3
R06[1,1,-3,0]  #  3
R06[1,1,-2,-1] #  3
R06[1,1,-3,-1] #  3
R06[1,1,1,-1]  #  7
R06[1,1,1,-2]  #  7
R06[1,1,2,0]   #  7
R06[1,1,2,-1]  #  7
R06[1,1,2,-2]  #  7
R06[1,1,-1,1]  # 11
R06[1,1,-2,1]  # 11
R06[1,1,-3,1]  # 11
R06[1,1,-4,1]  # 11
R06[1,1,0,2]   # 11
R06[1,1,-1,2]  # 11
R06[1,1,-2,2]  # 11
R06[1,1,-3,2]  # 11
R07[1,1,0,-1]  #  3
R07[1,1,-1,0]  #  3
R07[1,1,0,-2]  #  3
R07[1,1,-1,-1] #  3
R07[1,1,-2,0]  #  3
R07[1,1,-2,-1] #  3
R07[1,1,-3,0]  #  3
R07[1,1,-3,-1] #  3
R07[1,1,-4,0]  #  3
R07[1,1,-1,1]  # 11
R07[1,1,-2,1]  # 11
R07[1,1,-3,1]  # 11
R07[1,1,-4,1]  # 11
R07[1,1,-5,1]  # 11
R07[1,1,0,2]   # 11
R07[1,1,-1,2]  # 11
R07[1,1,-2,2]  # 11
R07[1,1,-3,2]  # 11
R07[1,1,-4,2]  # 11
R07[1,1,1,-1]  #  7
R07[1,1,1,-2]  #  7
R07[1,1,2,0]   #  7
R07[1,1,2,-1]  #  7
R07[1,1,2,-2]  #  7
R07[1,1,2,1]   # 15
R07[1,1,1,2]   # 15
R07[1,1,2,2]   # 15
R08[1,1,-1,0]  #  3
R08[1,1,0,-1]  #  3
R08[1,1,-2,0]  #  3
R08[1,1,-1,-1] #  3
R08[1,1,0,-2]  #  3
R08[1,1,-3,0]  #  3
R08[1,1,-2,-1] #  3
R08[1,1,-4,0]  #  3
R08[1,1,-3,-1] #  3
R08[1,1,1,-1]  #  7
R08[1,1,1,-2]  #  7
R08[1,1,-1,1]  # 11
R08[1,1,-2,1]  # 11
R08[1,1,-3,1]  # 11
R08[1,1,-4,1]  # 11
R08[1,1,-5,1]  # 11
R09[1,1,-1,0]  #  3
R09[1,1,0,-1]  #  3
R09[1,1,-2,0]  #  3
R09[1,1,-1,-1] #  3
R09[1,1,0,-2]  #  3
R09[1,1,-3,0]  #  3
R09[1,1,-2,-1] #  3
R09[1,1,-1,-2] #  3
R09[1,1,0,-3]  #  3
R09[1,1,-4,0]  #  3
R09[1,1,-3,-1] #  3
R09[1,1,-2,-2] #  3
R09[1,1,-1,-3] #  3
R09[1,1,1,-1]  #  7
R09[1,1,1,-2]  #  7
R09[1,1,1,-3]  #  7
R09[1,1,-1,1]  # 11
R09[1,1,-2,1]  # 11
R09[1,1,-3,1]  # 11
R09[1,1,-4,1]  # 11
R09[1,1,-5,1]  # 11
R10[1,1,-1,0]  #  3
R10[1,1,0,-1]  #  3
R10[1,1,-2,0]  #  3
R10[1,1,-1,-1] #  3
R10[1,1,0,-2]  #  3
R10[1,1,-3,0]  #  3
R10[1,1,-2,-1] #  3
R10[1,1,-1,-2] #  3
R10[1,1,0,-3]  #  3
R10[1,1,-4,0]  #  3
R10[1,1,-3,-1] #  3
R10[1,1,-2,-2] #  3
R10[1,1,-1,-3] #  3
R10[1,1,1,-1]  #  7
R10[1,1,1,-2]  #  7
R10[1,1,1,-3]  #  7
R10[1,1,2,0]   #  7
R10[1,1,2,-1]  #  7
R10[1,1,-1,1]  # 11
R10[1,1,-2,1]  # 11
R10[1,1,-3,1]  # 11
R10[1,1,-4,1]  # 11
R10[1,1,-5,1]  # 11
R10[1,1,0,2]   # 11
R10[1,1,-1,2]  # 11
R10[1,1,-2,2]  # 11
R10[1,1,-3,2]  # 11
R10[1,1,1,2]   # 15
R10[1,1,2,1]   # 15
R10[1,1,2,2]   # 15
R11[1,1,0,-1]  #  3
R11[1,1,-1,0]  #  3
R11[1,1,0,-2]  #  3
R11[1,1,-1,-1] #  3
R11[1,1,-2,0]  #  3
R11[1,1,0,-3]  #  3
R11[1,1,-1,-2] #  3
R11[1,1,-2,-1] #  3
R11[1,1,-3,0]  #  3
R11[1,1,-1,-3] #  3
R11[1,1,-2,-2] #  3
R11[1,1,-3,-1] #  3
R11[1,1,-4,0]  #  3
R11[1,1,-1,1]  # 11
R11[1,1,-2,1]  # 11
R11[1,1,-3,1]  # 11
R11[1,1,-4,1]  # 11
R11[1,1,-5,1]  # 11
R11[1,1,0,2]   # 11
R11[1,1,-1,2]  # 11
R11[1,1,-2,2]  # 11
R11[1,1,-3,2]  # 11
R11[1,1,-4,2]  # 11
R11[1,1,1,-1]  #  7
R11[1,1,1,-2]  #  7
R11[1,1,1,-3]  #  7
R11[1,1,1,-4]  #  7
R11[1,1,2,0]   #  7
R11[1,1,2,-1]  #  7
R11[1,1,2,-2]  #  7
R11[1,1,2,-3]  #  7
R11[1,1,2,1]   # 15
R11[1,1,1,2]   # 15
R11[1,1,2,2]   # 15
R12[1,1,-1,0]  #  3
R12[1,1,0,-1]  #  3
R12[1,1,-2,0]  #  3
R12[1,1,-1,-1] #  3
R12[1,1,0,-2]  #  3
R12[1,1,-3,0]  #  3
R12[1,1,-2,-1] #  3
R12[1,1,-1,-2] #  3
R12[1,1,0,-3]  #  3
R12[1,1,-4,0]  #  3
R12[1,1,-3,-1] #  3
R12[1,1,-2,-2] #  3
R12[1,1,-1,-3] #  3
R12[1,1,1,-1]  #  7
R12[1,1,1,-2]  #  7
R12[1,1,1,-3]  #  7
R12[1,1,-1,1]  # 11
R12[1,1,-2,1]  # 11
R12[1,1,-3,1]  # 11
R12[1,1,-4,1]  # 11
R12[1,1,-5,1]  # 11

Number of selected equations to reduce: 0 equations
Regenerate:

Number of selected equations to reduce: 46 equations
( 0.1 s )
Algebraic reconstruction is switched off.

***** Select equations recursively ************************
length of mandatory list: 315

***** Bring system in triangular form *********************

Iterate the system until it is in triangular form: 
iteration: 0; items left: 16; time: ( 0.0 s )
iteration: 1; items left: 6; time: ( 0.0 s )
iteration: 2; items left: 3; time: ( 0.0 s )
iteration: 3; items left: 2; time: ( 0.0 s )
iteration: 4; items left: 1; time: ( 0.0 s )
iteration: 5; items left: 1; time: ( 0.0 s )
redundant: 0; insertions 33
All coefficients will be normalized

Equations out of bounds rmax and smax: 16
Equations in the bounds rmax and smax: 30
( 0.0 s )

Write the triangular system to ./tmp/ on hard disk
(--> ./tmp/R01/VERconfig, ./tmp/R01/VER###) 

Triangular form completed after ( 0.2 s )
FIREFLY table created successfully
Algebraic reconstruction is switched off.

***** Run the back substitution ***********************

Load all files from ./tmp/
Take 30 equations to reduce 30 missing equations

Back substitution: 


Equations reduced: 10 / 30
Kira committed results ( 0.0 s )


Equations reduced: 23 / 30
Kira committed results ( 0.1 s )


Equations reduced: 30 / 30
Kira committed results ( 0.1 s )

30 equations were reduced

*****Master integrals***********************************
R01[1,1,0,0]   #  3
R01[1,1,1,1]   # 15
R02[1,1,0,0]   #  3
R02[1,1,1,0]   #  7
R02[1,1,0,1]   # 11
R02[1,1,1,1]   # 15
R03[1,1,0,0]   #  3
R03[1,1,1,0]   #  7
R03[1,1,0,1]   # 11
R03[1,1,1,1]   # 15
R04[1,1,0,0]   #  3
R04[1,1,1,0]   #  7
R04[1,1,0,1]   # 11
R04[1,1,1,1]   # 15
R05[1,1,0,0]   #  3
R05[1,1,1,0]   #  7
R05[1,1,0,1]   # 11
R05[1,1,1,1]   # 15
R06[1,1,0,0]   #  3
R06[1,1,1,0]   #  7
R06[1,1,0,1]   # 11
R06[1,1,1,1]   # 15
R07[1,1,0,0]   #  3
R07[1,1,1,0]   #  7
R07[1,1,0,1]   # 11
R07[1,1,1,1]   # 15
R08[1,1,0,0]   #  3
R08[1,1,1,0]   #  7
R08[1,1,0,1]   # 11
R08[1,1,1,1]   # 15
R09[1,1,0,0]   #  3
R09[1,1,1,0]   #  7
R09[1,1,0,1]   # 11
R09[1,1,1,1]   # 15
R10[1,1,0,0]   #  3
R10[1,1,1,0]   #  7
R10[1,1,0,1]   # 11
R10[1,1,1,1]   # 15
R11[1,1,0,0]   #  3
R11[1,1,1,0]   #  7
R11[1,1,0,1]   # 11
R11[1,1,1,1]   # 15
R12[1,1,0,0]   #  3
R12[1,1,1,0]   #  7
R12[1,1,0,1]   # 11
R12[1,1,1,1]   # 15
R02[1,1,-1,0]  #  3
R02[1,1,0,-1]  #  3
R02[1,1,-2,0]  #  3
R02[1,1,-1,-1] #  3
R02[1,1,0,-2]  #  3
R02[1,1,-3,0]  #  3
R02[1,1,-2,-1] #  3
R02[1,1,-3,-1] #  3
R02[1,1,1,-1]  #  7
R02[1,1,1,-2]  #  7
R02[1,1,-1,1]  # 11
R02[1,1,-2,1]  # 11
R02[1,1,-3,1]  # 11
R02[1,1,0,2]   # 11
R02[1,1,-1,2]  # 11
R03[1,1,-1,0]  #  3
R03[1,1,0,-1]  #  3
R03[1,1,-2,0]  #  3
R03[1,1,-1,-1] #  3
R03[1,1,0,-2]  #  3
R03[1,1,-3,0]  #  3
R03[1,1,-2,-1] #  3
R03[1,1,-4,0]  #  3
R03[1,1,-3,-1] #  3
R03[1,1,1,-1]  #  7
R03[1,1,1,-2]  #  7
R03[1,1,-1,1]  # 11
R03[1,1,-2,1]  # 11
R03[1,1,-3,1]  # 11
R03[1,1,-4,1]  # 11
R03[1,1,-5,1]  # 11
R03[1,1,0,2]   # 11
R03[1,1,-1,2]  # 11
R03[1,1,-2,2]  # 11
R03[1,1,-3,2]  # 11
R03[1,1,-4,2]  # 11
R04[1,1,-1,0]  #  3
R04[1,1,0,-1]  #  3
R04[1,1,-2,0]  #  3
R04[1,1,-1,-1] #  3
R04[1,1,0,-2]  #  3
R04[1,1,-3,0]  #  3
R04[1,1,-2,-1] #  3
R04[1,1,-4,0]  #  3
R04[1,1,-3,-1] #  3
R04[1,1,1,-1]  #  7
R04[1,1,1,-2]  #  7
R04[1,1,2,0]   #  7
R04[1,1,2,-1]  #  7
R04[1,1,-1,1]  # 11
R04[1,1,-2,1]  # 11
R04[1,1,-3,1]  # 11
R04[1,1,-4,1]  # 11
R04[1,1,-5,1]  # 11
R04[1,1,0,2]   # 11
R04[1,1,-1,2]  # 11
R04[1,1,-2,2]  # 11
R04[1,1,-3,2]  # 11
R04[1,1,-4,2]  # 11
R04[1,1,1,2]   # 15
R04[1,1,2,1]   # 15
R04[1,1,2,2]   # 15
R05[1,1,0,-1]  #  3
R05[1,1,-1,0]  #  3
R05[1,1,0,-2]  #  3
R05[1,1,-1,-1] #  3
R05[1,1,-2,0]  #  3
R05[1,1,-1,-2] #  3
R05[1,1,-2,-1] #  3
R05[1,1,-3,0]  #  3
R05[1,1,-3,-1] #  3
R05[1,1,-1,1]  # 11
R05[1,1,-2,1]  # 11
R05[1,1,-3,1]  # 11
R05[1,1,1,-1]  #  7
R05[1,1,1,-2]  #  7
R05[1,1,2,0]   #  7
R05[1,1,2,-1]  #  7
R05[1,1,2,-2]  #  7
R06[1,1,-1,0]  #  3
R06[1,1,0,-1]  #  3
R06[1,1,-2,0]  #  3
R06[1,1,-1,-1] #  3
R06[1,1,0,-2]  #  3
R06[1,1,-3,0]  #  3
R06[1,1,-2,-1] #  3
R06[1,1,-3,-1] #  3
R06[1,1,1,-1]  #  7
R06[1,1,1,-2]  #  7
R06[1,1,2,0]   #  7
R06[1,1,2,-1]  #  7
R06[1,1,2,-2]  #  7
R06[1,1,-1,1]  # 11
R06[1,1,-2,1]  # 11
R06[1,1,-3,1]  # 11
R06[1,1,-4,1]  # 11
R06[1,1,0,2]   # 11
R06[1,1,-1,2]  # 11
R06[1,1,-2,2]  # 11
R06[1,1,-3,2]  # 11
R07[1,1,0,-1]  #  3
R07[1,1,-1,0]  #  3
R07[1,1,0,-2]  #  3
R07[1,1,-1,-1] #  3
R07[1,1,-2,0]  #  3
R07[1,1,-2,-1] #  3
R07[1,1,-3,0]  #  3
R07[1,1,-3,-1] #  3
R07[1,1,-4,0]  #  3
R07[1,1,-1,1]  # 11
R07[1,1,-2,1]  # 11
R07[1,1,-3,1]  # 11
R07[1,1,-4,1]  # 11
R07[1,1,-5,1]  # 11
R07[1,1,0,2]   # 11
R07[1,1,-1,2]  # 11
R07[1,1,-2,2]  # 11
R07[1,1,-3,2]  # 11
R07[1,1,-4,2]  # 11
R07[1,1,1,-1]  #  7
R07[1,1,1,-2]  #  7
R07[1,1,2,0]   #  7
R07[1,1,2,-1]  #  7
R07[1,1,2,-2]  #  7
R07[1,1,2,1]   # 15
R07[1,1,1,2]   # 15
R07[1,1,2,2]   # 15
R08[1,1,-1,0]  #  3
R08[1,1,0,-1]  #  3
R08[1,1,-2,0]  #  3
R08[1,1,-1,-1] #  3
R08[1,1,0,-2]  #  3
R08[1,1,-3,0]  #  3
R08[1,1,-2,-1] #  3
R08[1,1,-4,0]  #  3
R08[1,1,-3,-1] #  3
R08[1,1,1,-1]  #  7
R08[1,1,1,-2]  #  7
R08[1,1,-1,1]  # 11
R08[1,1,-2,1]  # 11
R08[1,1,-3,1]  # 11
R08[1,1,-4,1]  # 11
R08[1,1,-5,1]  # 11
R09[1,1,-1,0]  #  3
R09[1,1,0,-1]  #  3
R09[1,1,-2,0]  #  3
R09[1,1,-1,-1] #  3
R09[1,1,0,-2]  #  3
R09[1,1,-3,0]  #  3
R09[1,1,-2,-1] #  3
R09[1,1,-1,-2] #  3
R09[1,1,0,-3]  #  3
R09[1,1,-4,0]  #  3
R09[1,1,-3,-1] #  3
R09[1,1,-2,-2] #  3
R09[1,1,-1,-3] #  3
R09[1,1,1,-1]  #  7
R09[1,1,1,-2]  #  7
R09[1,1,1,-3]  #  7
R09[1,1,-1,1]  # 11
R09[1,1,-2,1]  # 11
R09[1,1,-3,1]  # 11
R09[1,1,-4,1]  # 11
R09[1,1,-5,1]  # 11
R10[1,1,-1,0]  #  3
R10[1,1,0,-1]  #  3
R10[1,1,-2,0]  #  3
R10[1,1,-1,-1] #  3
R10[1,1,0,-2]  #  3
R10[1,1,-3,0]  #  3
R10[1,1,-2,-1] #  3
R10[1,1,-1,-2] #  3
R10[1,1,0,-3]  #  3
R10[1,1,-4,0]  #  3
R10[1,1,-3,-1] #  3
R10[1,1,-2,-2] #  3
R10[1,1,-1,-3] #  3
R10[1,1,1,-1]  #  7
R10[1,1,1,-2]  #  7
R10[1,1,1,-3]  #  7
R10[1,1,2,0]   #  7
R10[1,1,2,-1]  #  7
R10[1,1,-1,1]  # 11
R10[1,1,-2,1]  # 11
R10[1,1,-3,1]  # 11
R10[1,1,-4,1]  # 11
R10[1,1,-5,1]  # 11
R10[1,1,0,2]   # 11
R10[1,1,-1,2]  # 11
R10[1,1,-2,2]  # 11
R10[1,1,-3,2]  # 11
R10[1,1,1,2]   # 15
R10[1,1,2,1]   # 15
R10[1,1,2,2]   # 15
R11[1,1,0,-1]  #  3
R11[1,1,-1,0]  #  3
R11[1,1,0,-2]  #  3
R11[1,1,-1,-1] #  3
R11[1,1,-2,0]  #  3
R11[1,1,0,-3]  #  3
R11[1,1,-1,-2] #  3
R11[1,1,-2,-1] #  3
R11[1,1,-3,0]  #  3
R11[1,1,-1,-3] #  3
R11[1,1,-2,-2] #  3
R11[1,1,-3,-1] #  3
R11[1,1,-4,0]  #  3
R11[1,1,-1,1]  # 11
R11[1,1,-2,1]  # 11
R11[1,1,-3,1]  # 11
R11[1,1,-4,1]  # 11
R11[1,1,-5,1]  # 11
R11[1,1,0,2]   # 11
R11[1,1,-1,2]  # 11
R11[1,1,-2,2]  # 11
R11[1,1,-3,2]  # 11
R11[1,1,-4,2]  # 11
R11[1,1,1,-1]  #  7
R11[1,1,1,-2]  #  7
R11[1,1,1,-3]  #  7
R11[1,1,1,-4]  #  7
R11[1,1,2,0]   #  7
R11[1,1,2,-1]  #  7
R11[1,1,2,-2]  #  7
R11[1,1,2,-3]  #  7
R11[1,1,2,1]   # 15
R11[1,1,1,2]   # 15
R11[1,1,2,2]   # 15
R12[1,1,-1,0]  #  3
R12[1,1,0,-1]  #  3
R12[1,1,-2,0]  #  3
R12[1,1,-1,-1] #  3
R12[1,1,0,-2]  #  3
R12[1,1,-3,0]  #  3
R12[1,1,-2,-1] #  3
R12[1,1,-1,-2] #  3
R12[1,1,0,-3]  #  3
R12[1,1,-4,0]  #  3
R12[1,1,-3,-1] #  3
R12[1,1,-2,-2] #  3
R12[1,1,-1,-3] #  3
R12[1,1,1,-1]  #  7
R12[1,1,1,-2]  #  7
R12[1,1,1,-3]  #  7
R12[1,1,-1,1]  # 11
R12[1,1,-2,1]  # 11
R12[1,1,-3,1]  # 11
R12[1,1,-4,1]  # 11
R12[1,1,-5,1]  # 11

*****Master integrals which do not appear on the right**
*****hand side of the selected integrals****************
R01[1,1,1,1]   # 15
R02[1,1,0,0]   #  3
R02[1,1,1,0]   #  7
R02[1,1,0,1]   # 11
R02[1,1,1,1]   # 15
R03[1,1,0,0]   #  3
R03[1,1,1,0]   #  7
R03[1,1,0,1]   # 11
R03[1,1,1,1]   # 15
R04[1,1,0,0]   #  3
R04[1,1,1,0]   #  7
R04[1,1,0,1]   # 11
R04[1,1,1,1]   # 15
R05[1,1,0,0]   #  3
R05[1,1,1,0]   #  7
R05[1,1,0,1]   # 11
R05[1,1,1,1]   # 15
R06[1,1,0,0]   #  3
R06[1,1,1,0]   #  7
R06[1,1,0,1]   # 11
R06[1,1,1,1]   # 15
R07[1,1,0,0]   #  3
R07[1,1,1,0]   #  7
R07[1,1,0,1]   # 11
R07[1,1,1,1]   # 15
R08[1,1,0,0]   #  3
R08[1,1,1,0]   #  7
R08[1,1,0,1]   # 11
R08[1,1,1,1]   # 15
R09[1,1,0,0]   #  3
R09[1,1,1,0]   #  7
R09[1,1,0,1]   # 11
R09[1,1,1,1]   # 15
R10[1,1,0,0]   #  3
R10[1,1,1,0]   #  7
R10[1,1,0,1]   # 11
R10[1,1,1,1]   # 15
R11[1,1,0,0]   #  3
R11[1,1,1,0]   #  7
R11[1,1,0,1]   # 11
R11[1,1,1,1]   # 15
R12[1,1,0,0]   #  3
R12[1,1,1,0]   #  7
R12[1,1,0,1]   # 11
R12[1,1,1,1]   # 15
R02[1,1,-1,0]  #  3
R02[1,1,0,-1]  #  3
R02[1,1,-2,0]  #  3
R02[1,1,-1,-1] #  3
R02[1,1,0,-2]  #  3
R02[1,1,-3,0]  #  3
R02[1,1,-2,-1] #  3
R02[1,1,-3,-1] #  3
R02[1,1,1,-1]  #  7
R02[1,1,1,-2]  #  7
R02[1,1,-1,1]  # 11
R02[1,1,-2,1]  # 11
R02[1,1,-3,1]  # 11
R02[1,1,0,2]   # 11
R02[1,1,-1,2]  # 11
R03[1,1,-1,0]  #  3
R03[1,1,0,-1]  #  3
R03[1,1,-2,0]  #  3
R03[1,1,-1,-1] #  3
R03[1,1,0,-2]  #  3
R03[1,1,-3,0]  #  3
R03[1,1,-2,-1] #  3
R03[1,1,-4,0]  #  3
R03[1,1,-3,-1] #  3
R03[1,1,1,-1]  #  7
R03[1,1,1,-2]  #  7
R03[1,1,-1,1]  # 11
R03[1,1,-2,1]  # 11
R03[1,1,-3,1]  # 11
R03[1,1,-4,1]  # 11
R03[1,1,-5,1]  # 11
R03[1,1,0,2]   # 11
R03[1,1,-1,2]  # 11
R03[1,1,-2,2]  # 11
R03[1,1,-3,2]  # 11
R03[1,1,-4,2]  # 11
R04[1,1,-1,0]  #  3
R04[1,1,0,-1]  #  3
R04[1,1,-2,0]  #  3
R04[1,1,-1,-1] #  3
R04[1,1,0,-2]  #  3
R04[1,1,-3,0]  #  3
R04[1,1,-2,-1] #  3
R04[1,1,-4,0]  #  3
R04[1,1,-3,-1] #  3
R04[1,1,1,-1]  #  7
R04[1,1,1,-2]  #  7
R04[1,1,2,0]   #  7
R04[1,1,2,-1]  #  7
R04[1,1,-1,1]  # 11
R04[1,1,-2,1]  # 11
R04[1,1,-3,1]  # 11
R04[1,1,-4,1]  # 11
R04[1,1,-5,1]  # 11
R04[1,1,0,2]   # 11
R04[1,1,-1,2]  # 11
R04[1,1,-2,2]  # 11
R04[1,1,-3,2]  # 11
R04[1,1,-4,2]  # 11
R04[1,1,1,2]   # 15
R04[1,1,2,1]   # 15
R04[1,1,2,2]   # 15
R05[1,1,0,-1]  #  3
R05[1,1,-1,0]  #  3
R05[1,1,0,-2]  #  3
R05[1,1,-1,-1] #  3
R05[1,1,-2,0]  #  3
R05[1,1,-1,-2] #  3
R05[1,1,-2,-1] #  3
R05[1,1,-3,0]  #  3
R05[1,1,-3,-1] #  3
R05[1,1,-1,1]  # 11
R05[1,1,-2,1]  # 11
R05[1,1,-3,1]  # 11
R05[1,1,1,-1]  #  7
R05[1,1,1,-2]  #  7
R05[1,1,2,0]   #  7
R05[1,1,2,-1]  #  7
R05[1,1,2,-2]  #  7
R06[1,1,-1,0]  #  3
R06[1,1,0,-1]  #  3
R06[1,1,-2,0]  #  3
R06[1,1,-1,-1] #  3
R06[1,1,0,-2]  #  3
R06[1,1,-3,0]  #  3
R06[1,1,-2,-1] #  3
R06[1,1,-3,-1] #  3
R06[1,1,1,-1]  #  7
R06[1,1,1,-2]  #  7
R06[1,1,2,0]   #  7
R06[1,1,2,-1]  #  7
R06[1,1,2,-2]  #  7
R06[1,1,-1,1]  # 11
R06[1,1,-2,1]  # 11
R06[1,1,-3,1]  # 11
R06[1,1,-4,1]  # 11
R06[1,1,0,2]   # 11
R06[1,1,-1,2]  # 11
R06[1,1,-2,2]  # 11
R06[1,1,-3,2]  # 11
R07[1,1,0,-1]  #  3
R07[1,1,-1,0]  #  3
R07[1,1,0,-2]  #  3
R07[1,1,-1,-1] #  3
R07[1,1,-2,0]  #  3
R07[1,1,-2,-1] #  3
R07[1,1,-3,0]  #  3
R07[1,1,-3,-1] #  3
R07[1,1,-4,0]  #  3
R07[1,1,-1,1]  # 11
R07[1,1,-2,1]  # 11
R07[1,1,-3,1]  # 11
R07[1,1,-4,1]  # 11
R07[1,1,-5,1]  # 11
R07[1,1,0,2]   # 11
R07[1,1,-1,2]  # 11
R07[1,1,-2,2]  # 11
R07[1,1,-3,2]  # 11
R07[1,1,-4,2]  # 11
R07[1,1,1,-1]  #  7
R07[1,1,1,-2]  #  7
R07[1,1,2,0]   #  7
R07[1,1,2,-1]  #  7
R07[1,1,2,-2]  #  7
R07[1,1,2,1]   # 15
R07[1,1,1,2]   # 15
R07[1,1,2,2]   # 15
R08[1,1,-1,0]  #  3
R08[1,1,0,-1]  #  3
R08[1,1,-2,0]  #  3
R08[1,1,-1,-1] #  3
R08[1,1,0,-2]  #  3
R08[1,1,-3,0]  #  3
R08[1,1,-2,-1] #  3
R08[1,1,-4,0]  #  3
R08[1,1,-3,-1] #  3
R08[1,1,1,-1]  #  7
R08[1,1,1,-2]  #  7
R08[1,1,-1,1]  # 11
R08[1,1,-2,1]  # 11
R08[1,1,-3,1]  # 11
R08[1,1,-4,1]  # 11
R08[1,1,-5,1]  # 11
R09[1,1,-1,0]  #  3
R09[1,1,0,-1]  #  3
R09[1,1,-2,0]  #  3
R09[1,1,-1,-1] #  3
R09[1,1,0,-2]  #  3
R09[1,1,-3,0]  #  3
R09[1,1,-2,-1] #  3
R09[1,1,-1,-2] #  3
R09[1,1,0,-3]  #  3
R09[1,1,-4,0]  #  3
R09[1,1,-3,-1] #  3
R09[1,1,-2,-2] #  3
R09[1,1,-1,-3] #  3
R09[1,1,1,-1]  #  7
R09[1,1,1,-2]  #  7
R09[1,1,1,-3]  #  7
R09[1,1,-1,1]  # 11
R09[1,1,-2,1]  # 11
R09[1,1,-3,1]  # 11
R09[1,1,-4,1]  # 11
R09[1,1,-5,1]  # 11
R10[1,1,-1,0]  #  3
R10[1,1,0,-1]  #  3
R10[1,1,-2,0]  #  3
R10[1,1,-1,-1] #  3
R10[1,1,0,-2]  #  3
R10[1,1,-3,0]  #  3
R10[1,1,-2,-1] #  3
R10[1,1,-1,-2] #  3
R10[1,1,0,-3]  #  3
R10[1,1,-4,0]  #  3
R10[1,1,-3,-1] #  3
R10[1,1,-2,-2] #  3
R10[1,1,-1,-3] #  3
R10[1,1,1,-1]  #  7
R10[1,1,1,-2]  #  7
R10[1,1,1,-3]  #  7
R10[1,1,2,0]   #  7
R10[1,1,2,-1]  #  7
R10[1,1,-1,1]  # 11
R10[1,1,-2,1]  # 11
R10[1,1,-3,1]  # 11
R10[1,1,-4,1]  # 11
R10[1,1,-5,1]  # 11
R10[1,1,0,2]   # 11
R10[1,1,-1,2]  # 11
R10[1,1,-2,2]  # 11
R10[1,1,-3,2]  # 11
R10[1,1,1,2]   # 15
R10[1,1,2,1]   # 15
R10[1,1,2,2]   # 15
R11[1,1,0,-1]  #  3
R11[1,1,-1,0]  #  3
R11[1,1,0,-2]  #  3
R11[1,1,-1,-1] #  3
R11[1,1,-2,0]  #  3
R11[1,1,0,-3]  #  3
R11[1,1,-1,-2] #  3
R11[1,1,-2,-1] #  3
R11[1,1,-3,0]  #  3
R11[1,1,-1,-3] #  3
R11[1,1,-2,-2] #  3
R11[1,1,-3,-1] #  3
R11[1,1,-4,0]  #  3
R11[1,1,-1,1]  # 11
R11[1,1,-2,1]  # 11
R11[1,1,-3,1]  # 11
R11[1,1,-4,1]  # 11
R11[1,1,-5,1]  # 11
R11[1,1,0,2]   # 11
R11[1,1,-1,2]  # 11
R11[1,1,-2,2]  # 11
R11[1,1,-3,2]  # 11
R11[1,1,-4,2]  # 11
R11[1,1,1,-1]  #  7
R11[1,1,1,-2]  #  7
R11[1,1,1,-3]  #  7
R11[1,1,1,-4]  #  7
R11[1,1,2,0]   #  7
R11[1,1,2,-1]  #  7
R11[1,1,2,-2]  #  7
R11[1,1,2,-3]  #  7
R11[1,1,2,1]   # 15
R11[1,1,1,2]   # 15
R11[1,1,2,2]   # 15
R12[1,1,-1,0]  #  3
R12[1,1,0,-1]  #  3
R12[1,1,-2,0]  #  3
R12[1,1,-1,-1] #  3
R12[1,1,0,-2]  #  3
R12[1,1,-3,0]  #  3
R12[1,1,-2,-1] #  3
R12[1,1,-1,-2] #  3
R12[1,1,0,-3]  #  3
R12[1,1,-4,0]  #  3
R12[1,1,-3,-1] #  3
R12[1,1,-2,-2] #  3
R12[1,1,-1,-3] #  3
R12[1,1,1,-1]  #  7
R12[1,1,1,-2]  #  7
R12[1,1,1,-3]  #  7
R12[1,1,-1,1]  # 11
R12[1,1,-2,1]  # 11
R12[1,1,-3,1]  # 11
R12[1,1,-4,1]  # 11
R12[1,1,-5,1]  # 11

Total number of master integrals: 295
( 0.1 s )

***********************************************************
Kira starts the reduction of the topology: R02
***********************************************************

***** Select equations recursively ************************
length of mandatory list: 315
Algebraic reconstruction is switched off.
430 independent coefficients
directory to the masters: R02
Number of master integrals: 277
R01[1,1,0,0]   #  3
R01[1,1,1,1]   # 15
R02[1,1,1,1]   # 15
R03[1,1,0,0]   #  3
R03[1,1,1,0]   #  7
R03[1,1,0,1]   # 11
R03[1,1,1,1]   # 15
R04[1,1,0,0]   #  3
R04[1,1,1,0]   #  7
R04[1,1,0,1]   # 11
R04[1,1,1,1]   # 15
R05[1,1,0,0]   #  3
R05[1,1,1,0]   #  7
R05[1,1,0,1]   # 11
R05[1,1,1,1]   # 15
R06[1,1,0,0]   #  3
R06[1,1,1,0]   #  7
R06[1,1,0,1]   # 11
R06[1,1,1,1]   # 15
R07[1,1,0,0]   #  3
R07[1,1,1,0]   #  7
R07[1,1,0,1]   # 11
R07[1,1,1,1]   # 15
R08[1,1,0,0]   #  3
R08[1,1,1,0]   #  7
R08[1,1,0,1]   # 11
R08[1,1,1,1]   # 15
R09[1,1,0,0]   #  3
R09[1,1,1,0]   #  7
R09[1,1,0,1]   # 11
R09[1,1,1,1]   # 15
R10[1,1,0,0]   #  3
R10[1,1,1,0]   #  7
R10[1,1,0,1]   # 11
R10[1,1,1,1]   # 15
R11[1,1,0,0]   #  3
R11[1,1,1,0]   #  7
R11[1,1,0,1]   # 11
R11[1,1,1,1]   # 15
R12[1,1,0,0]   #  3
R12[1,1,1,0]   #  7
R12[1,1,0,1]   # 11
R12[1,1,1,1]   # 15
R03[1,1,-1,0]  #  3
R03[1,1,0,-1]  #  3
R03[1,1,-2,0]  #  3
R03[1,1,-1,-1] #  3
R03[1,1,0,-2]  #  3
R03[1,1,-3,0]  #  3
R03[1,1,-2,-1] #  3
R03[1,1,-4,0]  #  3
R03[1,1,-3,-1] #  3
R03[1,1,1,-1]  #  7
R03[1,1,1,-2]  #  7
R03[1,1,-1,1]  # 11
R03[1,1,-2,1]  # 11
R03[1,1,-3,1]  # 11
R03[1,1,-4,1]  # 11
R03[1,1,-5,1]  # 11
R03[1,1,0,2]   # 11
R03[1,1,-1,2]  # 11
R03[1,1,-2,2]  # 11
R03[1,1,-3,2]  # 11
R03[1,1,-4,2]  # 11
R04[1,1,-1,0]  #  3
R04[1,1,0,-1]  #  3
R04[1,1,-2,0]  #  3
R04[1,1,-1,-1] #  3
R04[1,1,0,-2]  #  3
R04[1,1,-3,0]  #  3
R04[1,1,-2,-1] #  3
R04[1,1,-4,0]  #  3
R04[1,1,-3,-1] #  3
R04[1,1,1,-1]  #  7
R04[1,1,1,-2]  #  7
R04[1,1,2,0]   #  7
R04[1,1,2,-1]  #  7
R04[1,1,-1,1]  # 11
R04[1,1,-2,1]  # 11
R04[1,1,-3,1]  # 11
R04[1,1,-4,1]  # 11
R04[1,1,-5,1]  # 11
R04[1,1,0,2]   # 11
R04[1,1,-1,2]  # 11
R04[1,1,-2,2]  # 11
R04[1,1,-3,2]  # 11
R04[1,1,-4,2]  # 11
R04[1,1,1,2]   # 15
R04[1,1,2,1]   # 15
R04[1,1,2,2]   # 15
R05[1,1,0,-1]  #  3
R05[1,1,-1,0]  #  3
R05[1,1,0,-2]  #  3
R05[1,1,-1,-1] #  3
R05[1,1,-2,0]  #  3
R05[1,1,-1,-2] #  3
R05[1,1,-2,-1] #  3
R05[1,1,-3,0]  #  3
R05[1,1,-3,-1] #  3
R05[1,1,-1,1]  # 11
R05[1,1,-2,1]  # 11
R05[1,1,-3,1]  # 11
R05[1,1,1,-1]  #  7
R05[1,1,1,-2]  #  7
R05[1,1,2,0]   #  7
R05[1,1,2,-1]  #  7
R05[1,1,2,-2]  #  7
R06[1,1,-1,0]  #  3
R06[1,1,0,-1]  #  3
R06[1,1,-2,0]  #  3
R06[1,1,-1,-1] #  3
R06[1,1,0,-2]  #  3
R06[1,1,-3,0]  #  3
R06[1,1,-2,-1] #  3
R06[1,1,-3,-1] #  3
R06[1,1,1,-1]  #  7
R06[1,1,1,-2]  #  7
R06[1,1,2,0]   #  7
R06[1,1,2,-1]  #  7
R06[1,1,2,-2]  #  7
R06[1,1,-1,1]  # 11
R06[1,1,-2,1]  # 11
R06[1,1,-3,1]  # 11
R06[1,1,-4,1]  # 11
R06[1,1,0,2]   # 11
R06[1,1,-1,2]  # 11
R06[1,1,-2,2]  # 11
R06[1,1,-3,2]  # 11
R07[1,1,0,-1]  #  3
R07[1,1,-1,0]  #  3
R07[1,1,0,-2]  #  3
R07[1,1,-1,-1] #  3
R07[1,1,-2,0]  #  3
R07[1,1,-2,-1] #  3
R07[1,1,-3,0]  #  3
R07[1,1,-3,-1] #  3
R07[1,1,-4,0]  #  3
R07[1,1,-1,1]  # 11
R07[1,1,-2,1]  # 11
R07[1,1,-3,1]  # 11
R07[1,1,-4,1]  # 11
R07[1,1,-5,1]  # 11
R07[1,1,0,2]   # 11
R07[1,1,-1,2]  # 11
R07[1,1,-2,2]  # 11
R07[1,1,-3,2]  # 11
R07[1,1,-4,2]  # 11
R07[1,1,1,-1]  #  7
R07[1,1,1,-2]  #  7
R07[1,1,2,0]   #  7
R07[1,1,2,-1]  #  7
R07[1,1,2,-2]  #  7
R07[1,1,2,1]   # 15
R07[1,1,1,2]   # 15
R07[1,1,2,2]   # 15
R08[1,1,-1,0]  #  3
R08[1,1,0,-1]  #  3
R08[1,1,-2,0]  #  3
R08[1,1,-1,-1] #  3
R08[1,1,0,-2]  #  3
R08[1,1,-3,0]  #  3
R08[1,1,-2,-1] #  3
R08[1,1,-4,0]  #  3
R08[1,1,-3,-1] #  3
R08[1,1,1,-1]  #  7
R08[1,1,1,-2]  #  7
R08[1,1,-1,1]  # 11
R08[1,1,-2,1]  # 11
R08[1,1,-3,1]  # 11
R08[1,1,-4,1]  # 11
R08[1,1,-5,1]  # 11
R09[1,1,-1,0]  #  3
R09[1,1,0,-1]  #  3
R09[1,1,-2,0]  #  3
R09[1,1,-1,-1] #  3
R09[1,1,0,-2]  #  3
R09[1,1,-3,0]  #  3
R09[1,1,-2,-1] #  3
R09[1,1,-1,-2] #  3
R09[1,1,0,-3]  #  3
R09[1,1,-4,0]  #  3
R09[1,1,-3,-1] #  3
R09[1,1,-2,-2] #  3
R09[1,1,-1,-3] #  3
R09[1,1,1,-1]  #  7
R09[1,1,1,-2]  #  7
R09[1,1,1,-3]  #  7
R09[1,1,-1,1]  # 11
R09[1,1,-2,1]  # 11
R09[1,1,-3,1]  # 11
R09[1,1,-4,1]  # 11
R09[1,1,-5,1]  # 11
R10[1,1,-1,0]  #  3
R10[1,1,0,-1]  #  3
R10[1,1,-2,0]  #  3
R10[1,1,-1,-1] #  3
R10[1,1,0,-2]  #  3
R10[1,1,-3,0]  #  3
R10[1,1,-2,-1] #  3
R10[1,1,-1,-2] #  3
R10[1,1,0,-3]  #  3
R10[1,1,-4,0]  #  3
R10[1,1,-3,-1] #  3
R10[1,1,-2,-2] #  3
R10[1,1,-1,-3] #  3
R10[1,1,1,-1]  #  7
R10[1,1,1,-2]  #  7
R10[1,1,1,-3]  #  7
R10[1,1,2,0]   #  7
R10[1,1,2,-1]  #  7
R10[1,1,-1,1]  # 11
R10[1,1,-2,1]  # 11
R10[1,1,-3,1]  # 11
R10[1,1,-4,1]  # 11
R10[1,1,-5,1]  # 11
R10[1,1,0,2]   # 11
R10[1,1,-1,2]  # 11
R10[1,1,-2,2]  # 11
R10[1,1,-3,2]  # 11
R10[1,1,1,2]   # 15
R10[1,1,2,1]   # 15
R10[1,1,2,2]   # 15
R11[1,1,0,-1]  #  3
R11[1,1,-1,0]  #  3
R11[1,1,0,-2]  #  3
R11[1,1,-1,-1] #  3
R11[1,1,-2,0]  #  3
R11[1,1,0,-3]  #  3
R11[1,1,-1,-2] #  3
R11[1,1,-2,-1] #  3
R11[1,1,-3,0]  #  3
R11[1,1,-1,-3] #  3
R11[1,1,-2,-2] #  3
R11[1,1,-3,-1] #  3
R11[1,1,-4,0]  #  3
R11[1,1,-1,1]  # 11
R11[1,1,-2,1]  # 11
R11[1,1,-3,1]  # 11
R11[1,1,-4,1]  # 11
R11[1,1,-5,1]  # 11
R11[1,1,0,2]   # 11
R11[1,1,-1,2]  # 11
R11[1,1,-2,2]  # 11
R11[1,1,-3,2]  # 11
R11[1,1,-4,2]  # 11
R11[1,1,1,-1]  #  7
R11[1,1,1,-2]  #  7
R11[1,1,1,-3]  #  7
R11[1,1,1,-4]  #  7
R11[1,1,2,0]   #  7
R11[1,1,2,-1]  #  7
R11[1,1,2,-2]  #  7
R11[1,1,2,-3]  #  7
R11[1,1,2,1]   # 15
R11[1,1,1,2]   # 15
R11[1,1,2,2]   # 15
R12[1,1,-1,0]  #  3
R12[1,1,0,-1]  #  3
R12[1,1,-2,0]  #  3
R12[1,1,-1,-1] #  3
R12[1,1,0,-2]  #  3
R12[1,1,-3,0]  #  3
R12[1,1,-2,-1] #  3
R12[1,1,-1,-2] #  3
R12[1,1,0,-3]  #  3
R12[1,1,-4,0]  #  3
R12[1,1,-3,-1] #  3
R12[1,1,-2,-2] #  3
R12[1,1,-1,-3] #  3
R12[1,1,1,-1]  #  7
R12[1,1,1,-2]  #  7
R12[1,1,1,-3]  #  7
R12[1,1,-1,1]  # 11
R12[1,1,-2,1]  # 11
R12[1,1,-3,1]  # 11
R12[1,1,-4,1]  # 11
R12[1,1,-5,1]  # 11

Number of selected equations to reduce: 0 equations
Regenerate:

Number of selected equations to reduce: 64 equations
( 0.1 s )
Algebraic reconstruction is switched off.

***** Select equations recursively ************************
length of mandatory list: 315

***** Bring system in triangular form *********************

Iterate the system until it is in triangular form: 
iteration: 0; items left: 16; time: ( 0.0 s )
iteration: 1; items left: 6; time: ( 0.0 s )
iteration: 2; items left: 3; time: ( 0.0 s )
iteration: 3; items left: 1; time: ( 0.0 s )
iteration: 4; items left: 1; time: ( 0.0 s )
iteration: 5; items left: 1; time: ( 0.0 s )
redundant: 0; insertions 33
All coefficients will be normalized

Equations out of bounds rmax and smax: 16
Equations in the bounds rmax and smax: 48
( 0.0 s )

Write the triangular system to ./tmp/ on hard disk
(--> ./tmp/R02/VERconfig, ./tmp/R02/VER###) 

Triangular form completed after ( 0.2 s )
Algebraic reconstruction is switched off.

***** Run the back substitution ***********************

Load all files from ./tmp/
Take 35 equations to reduce 18 missing equations

Back substitution: 


Equations reduced: 0 / 35
Kira committed results ( 0.0 s )


Equations reduced: 0 / 35
Kira committed results ( 0.0 s )


Equations reduced: 0 / 35
Kira committed results ( 0.0 s )


Equations reduced: 12 / 35
Kira committed results ( 0.1 s )


Equations reduced: 26 / 35
Kira committed results ( 0.1 s )


Equations reduced: 35 / 35
Kira committed results ( 0.1 s )

35 equations were reduced

*****Master integrals***********************************
R01[1,1,0,0]   #  3
R01[1,1,1,1]   # 15
R02[1,1,1,1]   # 15
R03[1,1,0,0]   #  3
R03[1,1,1,0]   #  7
R03[1,1,0,1]   # 11
R03[1,1,1,1]   # 15
R04[1,1,0,0]   #  3
R04[1,1,1,0]   #  7
R04[1,1,0,1]   # 11
R04[1,1,1,1]   # 15
R05[1,1,0,0]   #  3
R05[1,1,1,0]   #  7
R05[1,1,0,1]   # 11
R05[1,1,1,1]   # 15
R06[1,1,0,0]   #  3
R06[1,1,1,0]   #  7
R06[1,1,0,1]   # 11
R06[1,1,1,1]   # 15
R07[1,1,0,0]   #  3
R07[1,1,1,0]   #  7
R07[1,1,0,1]   # 11
R07[1,1,1,1]   # 15
R08[1,1,0,0]   #  3
R08[1,1,1,0]   #  7
R08[1,1,0,1]   # 11
R08[1,1,1,1]   # 15
R09[1,1,0,0]   #  3
R09[1,1,1,0]   #  7
R09[1,1,0,1]   # 11
R09[1,1,1,1]   # 15
R10[1,1,0,0]   #  3
R10[1,1,1,0]   #  7
R10[1,1,0,1]   # 11
R10[1,1,1,1]   # 15
R11[1,1,0,0]   #  3
R11[1,1,1,0]   #  7
R11[1,1,0,1]   # 11
R11[1,1,1,1]   # 15
R12[1,1,0,0]   #  3
R12[1,1,1,0]   #  7
R12[1,1,0,1]   # 11
R12[1,1,1,1]   # 15
R03[1,1,-1,0]  #  3
R03[1,1,0,-1]  #  3
R03[1,1,-2,0]  #  3
R03[1,1,-1,-1] #  3
R03[1,1,0,-2]  #  3
R03[1,1,-3,0]  #  3
R03[1,1,-2,-1] #  3
R03[1,1,-4,0]  #  3
R03[1,1,-3,-1] #  3
R03[1,1,1,-1]  #  7
R03[1,1,1,-2]  #  7
R03[1,1,-1,1]  # 11
R03[1,1,-2,1]  # 11
R03[1,1,-3,1]  # 11
R03[1,1,-4,1]  # 11
R03[1,1,-5,1]  # 11
R03[1,1,0,2]   # 11
R03[1,1,-1,2]  # 11
R03[1,1,-2,2]  # 11
R03[1,1,-3,2]  # 11
R03[1,1,-4,2]  # 11
R04[1,1,-1,0]  #  3
R04[1,1,0,-1]  #  3
R04[1,1,-2,0]  #  3
R04[1,1,-1,-1] #  3
R04[1,1,0,-2]  #  3
R04[1,1,-3,0]  #  3
R04[1,1,-2,-1] #  3
R04[1,1,-4,0]  #  3
R04[1,1,-3,-1] #  3
R04[1,1,1,-1]  #  7
R04[1,1,1,-2]  #  7
R04[1,1,2,0]   #  7
R04[1,1,2,-1]  #  7
R04[1,1,-1,1]  # 11
R04[1,1,-2,1]  # 11
R04[1,1,-3,1]  # 11
R04[1,1,-4,1]  # 11
R04[1,1,-5,1]  # 11
R04[1,1,0,2]   # 11
R04[1,1,-1,2]  # 11
R04[1,1,-2,2]  # 11
R04[1,1,-3,2]  # 11
R04[1,1,-4,2]  # 11
R04[1,1,1,2]   # 15
R04[1,1,2,1]   # 15
R04[1,1,2,2]   # 15
R05[1,1,0,-1]  #  3
R05[1,1,-1,0]  #  3
R05[1,1,0,-2]  #  3
R05[1,1,-1,-1] #  3
R05[1,1,-2,0]  #  3
R05[1,1,-1,-2] #  3
R05[1,1,-2,-1] #  3
R05[1,1,-3,0]  #  3
R05[1,1,-3,-1] #  3
R05[1,1,-1,1]  # 11
R05[1,1,-2,1]  # 11
R05[1,1,-3,1]  # 11
R05[1,1,1,-1]  #  7
R05[1,1,1,-2]  #  7
R05[1,1,2,0]   #  7
R05[1,1,2,-1]  #  7
R05[1,1,2,-2]  #  7
R06[1,1,-1,0]  #  3
R06[1,1,0,-1]  #  3
R06[1,1,-2,0]  #  3
R06[1,1,-1,-1] #  3
R06[1,1,0,-2]  #  3
R06[1,1,-3,0]  #  3
R06[1,1,-2,-1] #  3
R06[1,1,-3,-1] #  3
R06[1,1,1,-1]  #  7
R06[1,1,1,-2]  #  7
R06[1,1,2,0]   #  7
R06[1,1,2,-1]  #  7
R06[1,1,2,-2]  #  7
R06[1,1,-1,1]  # 11
R06[1,1,-2,1]  # 11
R06[1,1,-3,1]  # 11
R06[1,1,-4,1]  # 11
R06[1,1,0,2]   # 11
R06[1,1,-1,2]  # 11
R06[1,1,-2,2]  # 11
R06[1,1,-3,2]  # 11
R07[1,1,0,-1]  #  3
R07[1,1,-1,0]  #  3
R07[1,1,0,-2]  #  3
R07[1,1,-1,-1] #  3
R07[1,1,-2,0]  #  3
R07[1,1,-2,-1] #  3
R07[1,1,-3,0]  #  3
R07[1,1,-3,-1] #  3
R07[1,1,-4,0]  #  3
R07[1,1,-1,1]  # 11
R07[1,1,-2,1]  # 11
R07[1,1,-3,1]  # 11
R07[1,1,-4,1]  # 11
R07[1,1,-5,1]  # 11
R07[1,1,0,2]   # 11
R07[1,1,-1,2]  # 11
R07[1,1,-2,2]  # 11
R07[1,1,-3,2]  # 11
R07[1,1,-4,2]  # 11
R07[1,1,1,-1]  #  7
R07[1,1,1,-2]  #  7
R07[1,1,2,0]   #  7
R07[1,1,2,-1]  #  7
R07[1,1,2,-2]  #  7
R07[1,1,2,1]   # 15
R07[1,1,1,2]   # 15
R07[1,1,2,2]   # 15
R08[1,1,-1,0]  #  3
R08[1,1,0,-1]  #  3
R08[1,1,-2,0]  #  3
R08[1,1,-1,-1] #  3
R08[1,1,0,-2]  #  3
R08[1,1,-3,0]  #  3
R08[1,1,-2,-1] #  3
R08[1,1,-4,0]  #  3
R08[1,1,-3,-1] #  3
R08[1,1,1,-1]  #  7
R08[1,1,1,-2]  #  7
R08[1,1,-1,1]  # 11
R08[1,1,-2,1]  # 11
R08[1,1,-3,1]  # 11
R08[1,1,-4,1]  # 11
R08[1,1,-5,1]  # 11
R09[1,1,-1,0]  #  3
R09[1,1,0,-1]  #  3
R09[1,1,-2,0]  #  3
R09[1,1,-1,-1] #  3
R09[1,1,0,-2]  #  3
R09[1,1,-3,0]  #  3
R09[1,1,-2,-1] #  3
R09[1,1,-1,-2] #  3
R09[1,1,0,-3]  #  3
R09[1,1,-4,0]  #  3
R09[1,1,-3,-1] #  3
R09[1,1,-2,-2] #  3
R09[1,1,-1,-3] #  3
R09[1,1,1,-1]  #  7
R09[1,1,1,-2]  #  7
R09[1,1,1,-3]  #  7
R09[1,1,-1,1]  # 11
R09[1,1,-2,1]  # 11
R09[1,1,-3,1]  # 11
R09[1,1,-4,1]  # 11
R09[1,1,-5,1]  # 11
R10[1,1,-1,0]  #  3
R10[1,1,0,-1]  #  3
R10[1,1,-2,0]  #  3
R10[1,1,-1,-1] #  3
R10[1,1,0,-2]  #  3
R10[1,1,-3,0]  #  3
R10[1,1,-2,-1] #  3
R10[1,1,-1,-2] #  3
R10[1,1,0,-3]  #  3
R10[1,1,-4,0]  #  3
R10[1,1,-3,-1] #  3
R10[1,1,-2,-2] #  3
R10[1,1,-1,-3] #  3
R10[1,1,1,-1]  #  7
R10[1,1,1,-2]  #  7
R10[1,1,1,-3]  #  7
R10[1,1,2,0]   #  7
R10[1,1,2,-1]  #  7
R10[1,1,-1,1]  # 11
R10[1,1,-2,1]  # 11
R10[1,1,-3,1]  # 11
R10[1,1,-4,1]  # 11
R10[1,1,-5,1]  # 11
R10[1,1,0,2]   # 11
R10[1,1,-1,2]  # 11
R10[1,1,-2,2]  # 11
R10[1,1,-3,2]  # 11
R10[1,1,1,2]   # 15
R10[1,1,2,1]   # 15
R10[1,1,2,2]   # 15
R11[1,1,0,-1]  #  3
R11[1,1,-1,0]  #  3
R11[1,1,0,-2]  #  3
R11[1,1,-1,-1] #  3
R11[1,1,-2,0]  #  3
R11[1,1,0,-3]  #  3
R11[1,1,-1,-2] #  3
R11[1,1,-2,-1] #  3
R11[1,1,-3,0]  #  3
R11[1,1,-1,-3] #  3
R11[1,1,-2,-2] #  3
R11[1,1,-3,-1] #  3
R11[1,1,-4,0]  #  3
R11[1,1,-1,1]  # 11
R11[1,1,-2,1]  # 11
R11[1,1,-3,1]  # 11
R11[1,1,-4,1]  # 11
R11[1,1,-5,1]  # 11
R11[1,1,0,2]   # 11
R11[1,1,-1,2]  # 11
R11[1,1,-2,2]  # 11
R11[1,1,-3,2]  # 11
R11[1,1,-4,2]  # 11
R11[1,1,1,-1]  #  7
R11[1,1,1,-2]  #  7
R11[1,1,1,-3]  #  7
R11[1,1,1,-4]  #  7
R11[1,1,2,0]   #  7
R11[1,1,2,-1]  #  7
R11[1,1,2,-2]  #  7
R11[1,1,2,-3]  #  7
R11[1,1,2,1]   # 15
R11[1,1,1,2]   # 15
R11[1,1,2,2]   # 15
R12[1,1,-1,0]  #  3
R12[1,1,0,-1]  #  3
R12[1,1,-2,0]  #  3
R12[1,1,-1,-1] #  3
R12[1,1,0,-2]  #  3
R12[1,1,-3,0]  #  3
R12[1,1,-2,-1] #  3
R12[1,1,-1,-2] #  3
R12[1,1,0,-3]  #  3
R12[1,1,-4,0]  #  3
R12[1,1,-3,-1] #  3
R12[1,1,-2,-2] #  3
R12[1,1,-1,-3] #  3
R12[1,1,1,-1]  #  7
R12[1,1,1,-2]  #  7
R12[1,1,1,-3]  #  7
R12[1,1,-1,1]  # 11
R12[1,1,-2,1]  # 11
R12[1,1,-3,1]  # 11
R12[1,1,-4,1]  # 11
R12[1,1,-5,1]  # 11

*****Master integrals which do not appear on the right**
*****hand side of the selected integrals****************
R01[1,1,1,1]   # 15
R02[1,1,1,1]   # 15
R03[1,1,0,0]   #  3
R03[1,1,1,0]   #  7
R03[1,1,0,1]   # 11
R03[1,1,1,1]   # 15
R04[1,1,0,0]   #  3
R04[1,1,1,0]   #  7
R04[1,1,0,1]   # 11
R04[1,1,1,1]   # 15
R05[1,1,0,0]   #  3
R05[1,1,1,0]   #  7
R05[1,1,0,1]   # 11
R05[1,1,1,1]   # 15
R06[1,1,0,0]   #  3
R06[1,1,1,0]   #  7
R06[1,1,0,1]   # 11
R06[1,1,1,1]   # 15
R07[1,1,0,0]   #  3
R07[1,1,1,0]   #  7
R07[1,1,0,1]   # 11
R07[1,1,1,1]   # 15
R08[1,1,0,0]   #  3
R08[1,1,1,0]   #  7
R08[1,1,0,1]   # 11
R08[1,1,1,1]   # 15
R09[1,1,0,0]   #  3
R09[1,1,1,0]   #  7
R09[1,1,0,1]   # 11
R09[1,1,1,1]   # 15
R10[1,1,0,0]   #  3
R10[1,1,1,0]   #  7
R10[1,1,0,1]   # 11
R10[1,1,1,1]   # 15
R11[1,1,0,0]   #  3
R11[1,1,1,0]   #  7
R11[1,1,0,1]   # 11
R11[1,1,1,1]   # 15
R12[1,1,0,0]   #  3
R12[1,1,1,0]   #  7
R12[1,1,0,1]   # 11
R12[1,1,1,1]   # 15
R03[1,1,-1,0]  #  3
R03[1,1,0,-1]  #  3
R03[1,1,-2,0]  #  3
R03[1,1,-1,-1] #  3
R03[1,1,0,-2]  #  3
R03[1,1,-3,0]  #  3
R03[1,1,-2,-1] #  3
R03[1,1,-4,0]  #  3
R03[1,1,-3,-1] #  3
R03[1,1,1,-1]  #  7
R03[1,1,1,-2]  #  7
R03[1,1,-1,1]  # 11
R03[1,1,-2,1]  # 11
R03[1,1,-3,1]  # 11
R03[1,1,-4,1]  # 11
R03[1,1,-5,1]  # 11
R03[1,1,0,2]   # 11
R03[1,1,-1,2]  # 11
R03[1,1,-2,2]  # 11
R03[1,1,-3,2]  # 11
R03[1,1,-4,2]  # 11
R04[1,1,-1,0]  #  3
R04[1,1,0,-1]  #  3
R04[1,1,-2,0]  #  3
R04[1,1,-1,-1] #  3
R04[1,1,0,-2]  #  3
R04[1,1,-3,0]  #  3
R04[1,1,-2,-1] #  3
R04[1,1,-4,0]  #  3
R04[1,1,-3,-1] #  3
R04[1,1,1,-1]  #  7
R04[1,1,1,-2]  #  7
R04[1,1,2,0]   #  7
R04[1,1,2,-1]  #  7
R04[1,1,-1,1]  # 11
R04[1,1,-2,1]  # 11
R04[1,1,-3,1]  # 11
R04[1,1,-4,1]  # 11
R04[1,1,-5,1]  # 11
R04[1,1,0,2]   # 11
R04[1,1,-1,2]  # 11
R04[1,1,-2,2]  # 11
R04[1,1,-3,2]  # 11
R04[1,1,-4,2]  # 11
R04[1,1,1,2]   # 15
R04[1,1,2,1]   # 15
R04[1,1,2,2]   # 15
R05[1,1,0,-1]  #  3
R05[1,1,-1,0]  #  3
R05[1,1,0,-2]  #  3
R05[1,1,-1,-1] #  3
R05[1,1,-2,0]  #  3
R05[1,1,-1,-2] #  3
R05[1,1,-2,-1] #  3
R05[1,1,-3,0]  #  3
R05[1,1,-3,-1] #  3
R05[1,1,-1,1]  # 11
R05[1,1,-2,1]  # 11
R05[1,1,-3,1]  # 11
R05[1,1,1,-1]  #  7
R05[1,1,1,-2]  #  7
R05[1,1,2,0]   #  7
R05[1,1,2,-1]  #  7
R05[1,1,2,-2]  #  7
R06[1,1,-1,0]  #  3
R06[1,1,0,-1]  #  3
R06[1,1,-2,0]  #  3
R06[1,1,-1,-1] #  3
R06[1,1,0,-2]  #  3
R06[1,1,-3,0]  #  3
R06[1,1,-2,-1] #  3
R06[1,1,-3,-1] #  3
R06[1,1,1,-1]  #  7
R06[1,1,1,-2]  #  7
R06[1,1,2,0]   #  7
R06[1,1,2,-1]  #  7
R06[1,1,2,-2]  #  7
R06[1,1,-1,1]  # 11
R06[1,1,-2,1]  # 11
R06[1,1,-3,1]  # 11
R06[1,1,-4,1]  # 11
R06[1,1,0,2]   # 11
R06[1,1,-1,2]  # 11
R06[1,1,-2,2]  # 11
R06[1,1,-3,2]  # 11
R07[1,1,0,-1]  #  3
R07[1,1,-1,0]  #  3
R07[1,1,0,-2]  #  3
R07[1,1,-1,-1] #  3
R07[1,1,-2,0]  #  3
R07[1,1,-2,-1] #  3
R07[1,1,-3,0]  #  3
R07[1,1,-3,-1] #  3
R07[1,1,-4,0]  #  3
R07[1,1,-1,1]  # 11
R07[1,1,-2,1]  # 11
R07[1,1,-3,1]  # 11
R07[1,1,-4,1]  # 11
R07[1,1,-5,1]  # 11
R07[1,1,0,2]   # 11
R07[1,1,-1,2]  # 11
R07[1,1,-2,2]  # 11
R07[1,1,-3,2]  # 11
R07[1,1,-4,2]  # 11
R07[1,1,1,-1]  #  7
R07[1,1,1,-2]  #  7
R07[1,1,2,0]   #  7
R07[1,1,2,-1]  #  7
R07[1,1,2,-2]  #  7
R07[1,1,2,1]   # 15
R07[1,1,1,2]   # 15
R07[1,1,2,2]   # 15
R08[1,1,-1,0]  #  3
R08[1,1,0,-1]  #  3
R08[1,1,-2,0]  #  3
R08[1,1,-1,-1] #  3
R08[1,1,0,-2]  #  3
R08[1,1,-3,0]  #  3
R08[1,1,-2,-1] #  3
R08[1,1,-4,0]  #  3
R08[1,1,-3,-1] #  3
R08[1,1,1,-1]  #  7
R08[1,1,1,-2]  #  7
R08[1,1,-1,1]  # 11
R08[1,1,-2,1]  # 11
R08[1,1,-3,1]  # 11
R08[1,1,-4,1]  # 11
R08[1,1,-5,1]  # 11
R09[1,1,-1,0]  #  3
R09[1,1,0,-1]  #  3
R09[1,1,-2,0]  #  3
R09[1,1,-1,-1] #  3
R09[1,1,0,-2]  #  3
R09[1,1,-3,0]  #  3
R09[1,1,-2,-1] #  3
R09[1,1,-1,-2] #  3
R09[1,1,0,-3]  #  3
R09[1,1,-4,0]  #  3
R09[1,1,-3,-1] #  3
R09[1,1,-2,-2] #  3
R09[1,1,-1,-3] #  3
R09[1,1,1,-1]  #  7
R09[1,1,1,-2]  #  7
R09[1,1,1,-3]  #  7
R09[1,1,-1,1]  # 11
R09[1,1,-2,1]  # 11
R09[1,1,-3,1]  # 11
R09[1,1,-4,1]  # 11
R09[1,1,-5,1]  # 11
R10[1,1,-1,0]  #  3
R10[1,1,0,-1]  #  3
R10[1,1,-2,0]  #  3
R10[1,1,-1,-1] #  3
R10[1,1,0,-2]  #  3
R10[1,1,-3,0]  #  3
R10[1,1,-2,-1] #  3
R10[1,1,-1,-2] #  3
R10[1,1,0,-3]  #  3
R10[1,1,-4,0]  #  3
R10[1,1,-3,-1] #  3
R10[1,1,-2,-2] #  3
R10[1,1,-1,-3] #  3
R10[1,1,1,-1]  #  7
R10[1,1,1,-2]  #  7
R10[1,1,1,-3]  #  7
R10[1,1,2,0]   #  7
R10[1,1,2,-1]  #  7
R10[1,1,-1,1]  # 11
R10[1,1,-2,1]  # 11
R10[1,1,-3,1]  # 11
R10[1,1,-4,1]  # 11
R10[1,1,-5,1]  # 11
R10[1,1,0,2]   # 11
R10[1,1,-1,2]  # 11
R10[1,1,-2,2]  # 11
R10[1,1,-3,2]  # 11
R10[1,1,1,2]   # 15
R10[1,1,2,1]   # 15
R10[1,1,2,2]   # 15
R11[1,1,0,-1]  #  3
R11[1,1,-1,0]  #  3
R11[1,1,0,-2]  #  3
R11[1,1,-1,-1] #  3
R11[1,1,-2,0]  #  3
R11[1,1,0,-3]  #  3
R11[1,1,-1,-2] #  3
R11[1,1,-2,-1] #  3
R11[1,1,-3,0]  #  3
R11[1,1,-1,-3] #  3
R11[1,1,-2,-2] #  3
R11[1,1,-3,-1] #  3
R11[1,1,-4,0]  #  3
R11[1,1,-1,1]  # 11
R11[1,1,-2,1]  # 11
R11[1,1,-3,1]  # 11
R11[1,1,-4,1]  # 11
R11[1,1,-5,1]  # 11
R11[1,1,0,2]   # 11
R11[1,1,-1,2]  # 11
R11[1,1,-2,2]  # 11
R11[1,1,-3,2]  # 11
R11[1,1,-4,2]  # 11
R11[1,1,1,-1]  #  7
R11[1,1,1,-2]  #  7
R11[1,1,1,-3]  #  7
R11[1,1,1,-4]  #  7
R11[1,1,2,0]   #  7
R11[1,1,2,-1]  #  7
R11[1,1,2,-2]  #  7
R11[1,1,2,-3]  #  7
R11[1,1,2,1]   # 15
R11[1,1,1,2]   # 15
R11[1,1,2,2]   # 15
R12[1,1,-1,0]  #  3
R12[1,1,0,-1]  #  3
R12[1,1,-2,0]  #  3
R12[1,1,-1,-1] #  3
R12[1,1,0,-2]  #  3
R12[1,1,-3,0]  #  3
R12[1,1,-2,-1] #  3
R12[1,1,-1,-2] #  3
R12[1,1,0,-3]  #  3
R12[1,1,-4,0]  #  3
R12[1,1,-3,-1] #  3
R12[1,1,-2,-2] #  3
R12[1,1,-1,-3] #  3
R12[1,1,1,-1]  #  7
R12[1,1,1,-2]  #  7
R12[1,1,1,-3]  #  7
R12[1,1,-1,1]  # 11
R12[1,1,-2,1]  # 11
R12[1,1,-3,1]  # 11
R12[1,1,-4,1]  # 11
R12[1,1,-5,1]  # 11

Total number of master integrals: 277
( 0.1 s )

***********************************************************
Kira starts the reduction of the topology: R03
***********************************************************

***** Select equations recursively ************************
length of mandatory list: 315
Algebraic reconstruction is switched off.
792 independent coefficients
directory to the masters: R03
Number of master integrals: 254
R01[1,1,0,0]   #  3
R01[1,1,1,1]   # 15
R02[1,1,1,1]   # 15
R03[1,1,0,1]   # 11
R03[1,1,1,1]   # 15
R04[1,1,0,0]   #  3
R04[1,1,1,0]   #  7
R04[1,1,0,1]   # 11
R04[1,1,1,1]   # 15
R05[1,1,0,0]   #  3
R05[1,1,1,0]   #  7
R05[1,1,0,1]   # 11
R05[1,1,1,1]   # 15
R06[1,1,0,0]   #  3
R06[1,1,1,0]   #  7
R06[1,1,0,1]   # 11
R06[1,1,1,1]   # 15
R07[1,1,0,0]   #  3
R07[1,1,1,0]   #  7
R07[1,1,0,1]   # 11
R07[1,1,1,1]   # 15
R08[1,1,0,0]   #  3
R08[1,1,1,0]   #  7
R08[1,1,0,1]   # 11
R08[1,1,1,1]   # 15
R09[1,1,0,0]   #  3
R09[1,1,1,0]   #  7
R09[1,1,0,1]   # 11
R09[1,1,1,1]   # 15
R10[1,1,0,0]   #  3
R10[1,1,1,0]   #  7
R10[1,1,0,1]   # 11
R10[1,1,1,1]   # 15
R11[1,1,0,0]   #  3
R11[1,1,1,0]   #  7
R11[1,1,0,1]   # 11
R11[1,1,1,1]   # 15
R12[1,1,0,0]   #  3
R12[1,1,1,0]   #  7
R12[1,1,0,1]   # 11
R12[1,1,1,1]   # 15
R04[1,1,-1,0]  #  3
R04[1,1,0,-1]  #  3
R04[1,1,-2,0]  #  3
R04[1,1,-1,-1] #  3
R04[1,1,0,-2]  #  3
R04[1,1,-3,0]  #  3
R04[1,1,-2,-1] #  3
R04[1,1,-4,0]  #  3
R04[1,1,-3,-1] #  3
R04[1,1,1,-1]  #  7
R04[1,1,1,-2]  #  7
R04[1,1,2,0]   #  7
R04[1,1,2,-1]  #  7
R04[1,1,-1,1]  # 11
R04[1,1,-2,1]  # 11
R04[1,1,-3,1]  # 11
R04[1,1,-4,1]  # 11
R04[1,1,-5,1]  # 11
R04[1,1,0,2]   # 11
R04[1,1,-1,2]  # 11
R04[1,1,-2,2]  # 11
R04[1,1,-3,2]  # 11
R04[1,1,-4,2]  # 11
R04[1,1,1,2]   # 15
R04[1,1,2,1]   # 15
R04[1,1,2,2]   # 15
R05[1,1,0,-1]  #  3
R05[1,1,-1,0]  #  3
R05[1,1,0,-2]  #  3
R05[1,1,-1,-1] #  3
R05[1,1,-2,0]  #  3
R05[1,1,-1,-2] #  3
R05[1,1,-2,-1] #  3
R05[1,1,-3,0]  #  3
R05[1,1,-3,-1] #  3
R05[1,1,-1,1]  # 11
R05[1,1,-2,1]  # 11
R05[1,1,-3,1]  # 11
R05[1,1,1,-1]  #  7
R05[1,1,1,-2]  #  7
R05[1,1,2,0]   #  7
R05[1,1,2,-1]  #  7
R05[1,1,2,-2]  #  7
R06[1,1,-1,0]  #  3
R06[1,1,0,-1]  #  3
R06[1,1,-2,0]  #  3
R06[1,1,-1,-1] #  3
R06[1,1,0,-2]  #  3
R06[1,1,-3,0]  #  3
R06[1,1,-2,-1] #  3
R06[1,1,-3,-1] #  3
R06[1,1,1,-1]  #  7
R06[1,1,1,-2]  #  7
R06[1,1,2,0]   #  7
R06[1,1,2,-1]  #  7
R06[1,1,2,-2]  #  7
R06[1,1,-1,1]  # 11
R06[1,1,-2,1]  # 11
R06[1,1,-3,1]  # 11
R06[1,1,-4,1]  # 11
R06[1,1,0,2]   # 11
R06[1,1,-1,2]  # 11
R06[1,1,-2,2]  # 11
R06[1,1,-3,2]  # 11
R07[1,1,0,-1]  #  3
R07[1,1,-1,0]  #  3
R07[1,1,0,-2]  #  3
R07[1,1,-1,-1] #  3
R07[1,1,-2,0]  #  3
R07[1,1,-2,-1] #  3
R07[1,1,-3,0]  #  3
R07[1,1,-3,-1] #  3
R07[1,1,-4,0]  #  3
R07[1,1,-1,1]  # 11
R07[1,1,-2,1]  # 11
R07[1,1,-3,1]  # 11
R07[1,1,-4,1]  # 11
R07[1,1,-5,1]  # 11
R07[1,1,0,2]   # 11
R07[1,1,-1,2]  # 11
R07[1,1,-2,2]  # 11
R07[1,1,-3,2]  # 11
R07[1,1,-4,2]  # 11
R07[1,1,1,-1]  #  7
R07[1,1,1,-2]  #  7
R07[1,1,2,0]   #  7
R07[1,1,2,-1]  #  7
R07[1,1,2,-2]  #  7
R07[1,1,2,1]   # 15
R07[1,1,1,2]   # 15
R07[1,1,2,2]   # 15
R08[1,1,-1,0]  #  3
R08[1,1,0,-1]  #  3
R08[1,1,-2,0]  #  3
R08[1,1,-1,-1] #  3
R08[1,1,0,-2]  #  3
R08[1,1,-3,0]  #  3
R08[1,1,-2,-1] #  3
R08[1,1,-4,0]  #  3
R08[1,1,-3,-1] #  3
R08[1,1,1,-1]  #  7
R08[1,1,1,-2]  #  7
R08[1,1,-1,1]  # 11
R08[1,1,-2,1]  # 11
R08[1,1,-3,1]  # 11
R08[1,1,-4,1]  # 11
R08[1,1,-5,1]  # 11
R09[1,1,-1,0]  #  3
R09[1,1,0,-1]  #  3
R09[1,1,-2,0]  #  3
R09[1,1,-1,-1] #  3
R09[1,1,0,-2]  #  3
R09[1,1,-3,0]  #  3
R09[1,1,-2,-1] #  3
R09[1,1,-1,-2] #  3
R09[1,1,0,-3]  #  3
R09[1,1,-4,0]  #  3
R09[1,1,-3,-1] #  3
R09[1,1,-2,-2] #  3
R09[1,1,-1,-3] #  3
R09[1,1,1,-1]  #  7
R09[1,1,1,-2]  #  7
R09[1,1,1,-3]  #  7
R09[1,1,-1,1]  # 11
R09[1,1,-2,1]  # 11
R09[1,1,-3,1]  # 11
R09[1,1,-4,1]  # 11
R09[1,1,-5,1]  # 11
R10[1,1,-1,0]  #  3
R10[1,1,0,-1]  #  3
R10[1,1,-2,0]  #  3
R10[1,1,-1,-1] #  3
R10[1,1,0,-2]  #  3
R10[1,1,-3,0]  #  3
R10[1,1,-2,-1] #  3
R10[1,1,-1,-2] #  3
R10[1,1,0,-3]  #  3
R10[1,1,-4,0]  #  3
R10[1,1,-3,-1] #  3
R10[1,1,-2,-2] #  3
R10[1,1,-1,-3] #  3
R10[1,1,1,-1]  #  7
R10[1,1,1,-2]  #  7
R10[1,1,1,-3]  #  7
R10[1,1,2,0]   #  7
R10[1,1,2,-1]  #  7
R10[1,1,-1,1]  # 11
R10[1,1,-2,1]  # 11
R10[1,1,-3,1]  # 11
R10[1,1,-4,1]  # 11
R10[1,1,-5,1]  # 11
R10[1,1,0,2]   # 11
R10[1,1,-1,2]  # 11
R10[1,1,-2,2]  # 11
R10[1,1,-3,2]  # 11
R10[1,1,1,2]   # 15
R10[1,1,2,1]   # 15
R10[1,1,2,2]   # 15
R11[1,1,0,-1]  #  3
R11[1,1,-1,0]  #  3
R11[1,1,0,-2]  #  3
R11[1,1,-1,-1] #  3
R11[1,1,-2,0]  #  3
R11[1,1,0,-3]  #  3
R11[1,1,-1,-2] #  3
R11[1,1,-2,-1] #  3
R11[1,1,-3,0]  #  3
R11[1,1,-1,-3] #  3
R11[1,1,-2,-2] #  3
R11[1,1,-3,-1] #  3
R11[1,1,-4,0]  #  3
R11[1,1,-1,1]  # 11
R11[1,1,-2,1]  # 11
R11[1,1,-3,1]  # 11
R11[1,1,-4,1]  # 11
R11[1,1,-5,1]  # 11
R11[1,1,0,2]   # 11
R11[1,1,-1,2]  # 11
R11[1,1,-2,2]  # 11
R11[1,1,-3,2]  # 11
R11[1,1,-4,2]  # 11
R11[1,1,1,-1]  #  7
R11[1,1,1,-2]  #  7
R11[1,1,1,-3]  #  7
R11[1,1,1,-4]  #  7
R11[1,1,2,0]   #  7
R11[1,1,2,-1]  #  7
R11[1,1,2,-2]  #  7
R11[1,1,2,-3]  #  7
R11[1,1,2,1]   # 15
R11[1,1,1,2]   # 15
R11[1,1,2,2]   # 15
R12[1,1,-1,0]  #  3
R12[1,1,0,-1]  #  3
R12[1,1,-2,0]  #  3
R12[1,1,-1,-1] #  3
R12[1,1,0,-2]  #  3
R12[1,1,-3,0]  #  3
R12[1,1,-2,-1] #  3
R12[1,1,-1,-2] #  3
R12[1,1,0,-3]  #  3
R12[1,1,-4,0]  #  3
R12[1,1,-3,-1] #  3
R12[1,1,-2,-2] #  3
R12[1,1,-1,-3] #  3
R12[1,1,1,-1]  #  7
R12[1,1,1,-2]  #  7
R12[1,1,1,-3]  #  7
R12[1,1,-1,1]  # 11
R12[1,1,-2,1]  # 11
R12[1,1,-3,1]  # 11
R12[1,1,-4,1]  # 11
R12[1,1,-5,1]  # 11

Number of selected equations to reduce: 0 equations
Regenerate:

Number of selected equations to reduce: 99 equations
( 0.2 s )
Algebraic reconstruction is switched off.

***** Select equations recursively ************************
length of mandatory list: 315

***** Bring system in triangular form *********************

Iterate the system until it is in triangular form: 
iteration: 0; items left: 21; time: ( 0.0 s )
iteration: 1; items left: 11; time: ( 0.0 s )
iteration: 2; items left: 8; time: ( 0.0 s )
iteration: 3; items left: 6; time: ( 0.0 s )
iteration: 4; items left: 5; time: ( 0.0 s )
iteration: 5; items left: 5; time: ( 0.0 s )
redundant: 0; insertions 69
All coefficients will be normalized

Equations out of bounds rmax and smax: 16
Equations in the bounds rmax and smax: 83
( 0.0 s )

Write the triangular system to ./tmp/ on hard disk
(--> ./tmp/R03/VERconfig, ./tmp/R03/VER###) 

Triangular form completed after ( 0.2 s )
Algebraic reconstruction is switched off.

***** Run the back substitution ***********************

Load all files from ./tmp/
Take 49 equations to reduce 35 missing equations

Back substitution: 


Equations reduced: 0 / 49
Kira committed results ( 0.0 s )


Equations reduced: 2 / 49
Kira committed results ( 0.1 s )


Equations reduced: 10 / 49
Kira committed results ( 0.1 s )


Equations reduced: 29 / 49
Kira committed results ( 0.1 s )


Equations reduced: 49 / 49
Kira committed results ( 0.2 s )

49 equations were reduced

*****Master integrals***********************************
R01[1,1,0,0]   #  3
R03[1,1,0,1]   # 11
R01[1,1,1,1]   # 15
R02[1,1,1,1]   # 15
R03[1,1,1,1]   # 15
R04[1,1,0,0]   #  3
R04[1,1,1,0]   #  7
R04[1,1,0,1]   # 11
R04[1,1,1,1]   # 15
R05[1,1,0,0]   #  3
R05[1,1,1,0]   #  7
R05[1,1,0,1]   # 11
R05[1,1,1,1]   # 15
R06[1,1,0,0]   #  3
R06[1,1,1,0]   #  7
R06[1,1,0,1]   # 11
R06[1,1,1,1]   # 15
R07[1,1,0,0]   #  3
R07[1,1,1,0]   #  7
R07[1,1,0,1]   # 11
R07[1,1,1,1]   # 15
R08[1,1,0,0]   #  3
R08[1,1,1,0]   #  7
R08[1,1,0,1]   # 11
R08[1,1,1,1]   # 15
R09[1,1,0,0]   #  3
R09[1,1,1,0]   #  7
R09[1,1,0,1]   # 11
R09[1,1,1,1]   # 15
R10[1,1,0,0]   #  3
R10[1,1,1,0]   #  7
R10[1,1,0,1]   # 11
R10[1,1,1,1]   # 15
R11[1,1,0,0]   #  3
R11[1,1,1,0]   #  7
R11[1,1,0,1]   # 11
R11[1,1,1,1]   # 15
R12[1,1,0,0]   #  3
R12[1,1,1,0]   #  7
R12[1,1,0,1]   # 11
R12[1,1,1,1]   # 15
R04[1,1,-1,0]  #  3
R04[1,1,0,-1]  #  3
R04[1,1,-2,0]  #  3
R04[1,1,-1,-1] #  3
R04[1,1,0,-2]  #  3
R04[1,1,-3,0]  #  3
R04[1,1,-2,-1] #  3
R04[1,1,-4,0]  #  3
R04[1,1,-3,-1] #  3
R04[1,1,1,-1]  #  7
R04[1,1,1,-2]  #  7
R04[1,1,2,0]   #  7
R04[1,1,2,-1]  #  7
R04[1,1,-1,1]  # 11
R04[1,1,-2,1]  # 11
R04[1,1,-3,1]  # 11
R04[1,1,-4,1]  # 11
R04[1,1,-5,1]  # 11
R04[1,1,0,2]   # 11
R04[1,1,-1,2]  # 11
R04[1,1,-2,2]  # 11
R04[1,1,-3,2]  # 11
R04[1,1,-4,2]  # 11
R04[1,1,1,2]   # 15
R04[1,1,2,1]   # 15
R04[1,1,2,2]   # 15
R05[1,1,0,-1]  #  3
R05[1,1,-1,0]  #  3
R05[1,1,0,-2]  #  3
R05[1,1,-1,-1] #  3
R05[1,1,-2,0]  #  3
R05[1,1,-1,-2] #  3
R05[1,1,-2,-1] #  3
R05[1,1,-3,0]  #  3
R05[1,1,-3,-1] #  3
R05[1,1,-1,1]  # 11
R05[1,1,-2,1]  # 11
R05[1,1,-3,1]  # 11
R05[1,1,1,-1]  #  7
R05[1,1,1,-2]  #  7
R05[1,1,2,0]   #  7
R05[1,1,2,-1]  #  7
R05[1,1,2,-2]  #  7
R06[1,1,-1,0]  #  3
R06[1,1,0,-1]  #  3
R06[1,1,-2,0]  #  3
R06[1,1,-1,-1] #  3
R06[1,1,0,-2]  #  3
R06[1,1,-3,0]  #  3
R06[1,1,-2,-1] #  3
R06[1,1,-3,-1] #  3
R06[1,1,1,-1]  #  7
R06[1,1,1,-2]  #  7
R06[1,1,2,0]   #  7
R06[1,1,2,-1]  #  7
R06[1,1,2,-2]  #  7
R06[1,1,-1,1]  # 11
R06[1,1,-2,1]  # 11
R06[1,1,-3,1]  # 11
R06[1,1,-4,1]  # 11
R06[1,1,0,2]   # 11
R06[1,1,-1,2]  # 11
R06[1,1,-2,2]  # 11
R06[1,1,-3,2]  # 11
R07[1,1,0,-1]  #  3
R07[1,1,-1,0]  #  3
R07[1,1,0,-2]  #  3
R07[1,1,-1,-1] #  3
R07[1,1,-2,0]  #  3
R07[1,1,-2,-1] #  3
R07[1,1,-3,0]  #  3
R07[1,1,-3,-1] #  3
R07[1,1,-4,0]  #  3
R07[1,1,-1,1]  # 11
R07[1,1,-2,1]  # 11
R07[1,1,-3,1]  # 11
R07[1,1,-4,1]  # 11
R07[1,1,-5,1]  # 11
R07[1,1,0,2]   # 11
R07[1,1,-1,2]  # 11
R07[1,1,-2,2]  # 11
R07[1,1,-3,2]  # 11
R07[1,1,-4,2]  # 11
R07[1,1,1,-1]  #  7
R07[1,1,1,-2]  #  7
R07[1,1,2,0]   #  7
R07[1,1,2,-1]  #  7
R07[1,1,2,-2]  #  7
R07[1,1,2,1]   # 15
R07[1,1,1,2]   # 15
R07[1,1,2,2]   # 15
R08[1,1,-1,0]  #  3
R08[1,1,0,-1]  #  3
R08[1,1,-2,0]  #  3
R08[1,1,-1,-1] #  3
R08[1,1,0,-2]  #  3
R08[1,1,-3,0]  #  3
R08[1,1,-2,-1] #  3
R08[1,1,-4,0]  #  3
R08[1,1,-3,-1] #  3
R08[1,1,1,-1]  #  7
R08[1,1,1,-2]  #  7
R08[1,1,-1,1]  # 11
R08[1,1,-2,1]  # 11
R08[1,1,-3,1]  # 11
R08[1,1,-4,1]  # 11
R08[1,1,-5,1]  # 11
R09[1,1,-1,0]  #  3
R09[1,1,0,-1]  #  3
R09[1,1,-2,0]  #  3
R09[1,1,-1,-1] #  3
R09[1,1,0,-2]  #  3
R09[1,1,-3,0]  #  3
R09[1,1,-2,-1] #  3
R09[1,1,-1,-2] #  3
R09[1,1,0,-3]  #  3
R09[1,1,-4,0]  #  3
R09[1,1,-3,-1] #  3
R09[1,1,-2,-2] #  3
R09[1,1,-1,-3] #  3
R09[1,1,1,-1]  #  7
R09[1,1,1,-2]  #  7
R09[1,1,1,-3]  #  7
R09[1,1,-1,1]  # 11
R09[1,1,-2,1]  # 11
R09[1,1,-3,1]  # 11
R09[1,1,-4,1]  # 11
R09[1,1,-5,1]  # 11
R10[1,1,-1,0]  #  3
R10[1,1,0,-1]  #  3
R10[1,1,-2,0]  #  3
R10[1,1,-1,-1] #  3
R10[1,1,0,-2]  #  3
R10[1,1,-3,0]  #  3
R10[1,1,-2,-1] #  3
R10[1,1,-1,-2] #  3
R10[1,1,0,-3]  #  3
R10[1,1,-4,0]  #  3
R10[1,1,-3,-1] #  3
R10[1,1,-2,-2] #  3
R10[1,1,-1,-3] #  3
R10[1,1,1,-1]  #  7
R10[1,1,1,-2]  #  7
R10[1,1,1,-3]  #  7
R10[1,1,2,0]   #  7
R10[1,1,2,-1]  #  7
R10[1,1,-1,1]  # 11
R10[1,1,-2,1]  # 11
R10[1,1,-3,1]  # 11
R10[1,1,-4,1]  # 11
R10[1,1,-5,1]  # 11
R10[1,1,0,2]   # 11
R10[1,1,-1,2]  # 11
R10[1,1,-2,2]  # 11
R10[1,1,-3,2]  # 11
R10[1,1,1,2]   # 15
R10[1,1,2,1]   # 15
R10[1,1,2,2]   # 15
R11[1,1,0,-1]  #  3
R11[1,1,-1,0]  #  3
R11[1,1,0,-2]  #  3
R11[1,1,-1,-1] #  3
R11[1,1,-2,0]  #  3
R11[1,1,0,-3]  #  3
R11[1,1,-1,-2] #  3
R11[1,1,-2,-1] #  3
R11[1,1,-3,0]  #  3
R11[1,1,-1,-3] #  3
R11[1,1,-2,-2] #  3
R11[1,1,-3,-1] #  3
R11[1,1,-4,0]  #  3
R11[1,1,-1,1]  # 11
R11[1,1,-2,1]  # 11
R11[1,1,-3,1]  # 11
R11[1,1,-4,1]  # 11
R11[1,1,-5,1]  # 11
R11[1,1,0,2]   # 11
R11[1,1,-1,2]  # 11
R11[1,1,-2,2]  # 11
R11[1,1,-3,2]  # 11
R11[1,1,-4,2]  # 11
R11[1,1,1,-1]  #  7
R11[1,1,1,-2]  #  7
R11[1,1,1,-3]  #  7
R11[1,1,1,-4]  #  7
R11[1,1,2,0]   #  7
R11[1,1,2,-1]  #  7
R11[1,1,2,-2]  #  7
R11[1,1,2,-3]  #  7
R11[1,1,2,1]   # 15
R11[1,1,1,2]   # 15
R11[1,1,2,2]   # 15
R12[1,1,-1,0]  #  3
R12[1,1,0,-1]  #  3
R12[1,1,-2,0]  #  3
R12[1,1,-1,-1] #  3
R12[1,1,0,-2]  #  3
R12[1,1,-3,0]  #  3
R12[1,1,-2,-1] #  3
R12[1,1,-1,-2] #  3
R12[1,1,0,-3]  #  3
R12[1,1,-4,0]  #  3
R12[1,1,-3,-1] #  3
R12[1,1,-2,-2] #  3
R12[1,1,-1,-3] #  3
R12[1,1,1,-1]  #  7
R12[1,1,1,-2]  #  7
R12[1,1,1,-3]  #  7
R12[1,1,-1,1]  # 11
R12[1,1,-2,1]  # 11
R12[1,1,-3,1]  # 11
R12[1,1,-4,1]  # 11
R12[1,1,-5,1]  # 11

*****Master integrals which do not appear on the right**
*****hand side of the selected integrals****************
R01[1,1,1,1]   # 15
R02[1,1,1,1]   # 15
R03[1,1,1,1]   # 15
R04[1,1,0,0]   #  3
R04[1,1,1,0]   #  7
R04[1,1,0,1]   # 11
R04[1,1,1,1]   # 15
R05[1,1,0,0]   #  3
R05[1,1,1,0]   #  7
R05[1,1,0,1]   # 11
R05[1,1,1,1]   # 15
R06[1,1,0,0]   #  3
R06[1,1,1,0]   #  7
R06[1,1,0,1]   # 11
R06[1,1,1,1]   # 15
R07[1,1,0,0]   #  3
R07[1,1,1,0]   #  7
R07[1,1,0,1]   # 11
R07[1,1,1,1]   # 15
R08[1,1,0,0]   #  3
R08[1,1,1,0]   #  7
R08[1,1,0,1]   # 11
R08[1,1,1,1]   # 15
R09[1,1,0,0]   #  3
R09[1,1,1,0]   #  7
R09[1,1,0,1]   # 11
R09[1,1,1,1]   # 15
R10[1,1,0,0]   #  3
R10[1,1,1,0]   #  7
R10[1,1,0,1]   # 11
R10[1,1,1,1]   # 15
R11[1,1,0,0]   #  3
R11[1,1,1,0]   #  7
R11[1,1,0,1]   # 11
R11[1,1,1,1]   # 15
R12[1,1,0,0]   #  3
R12[1,1,1,0]   #  7
R12[1,1,0,1]   # 11
R12[1,1,1,1]   # 15
R04[1,1,-1,0]  #  3
R04[1,1,0,-1]  #  3
R04[1,1,-2,0]  #  3
R04[1,1,-1,-1] #  3
R04[1,1,0,-2]  #  3
R04[1,1,-3,0]  #  3
R04[1,1,-2,-1] #  3
R04[1,1,-4,0]  #  3
R04[1,1,-3,-1] #  3
R04[1,1,1,-1]  #  7
R04[1,1,1,-2]  #  7
R04[1,1,2,0]   #  7
R04[1,1,2,-1]  #  7
R04[1,1,-1,1]  # 11
R04[1,1,-2,1]  # 11
R04[1,1,-3,1]  # 11
R04[1,1,-4,1]  # 11
R04[1,1,-5,1]  # 11
R04[1,1,0,2]   # 11
R04[1,1,-1,2]  # 11
R04[1,1,-2,2]  # 11
R04[1,1,-3,2]  # 11
R04[1,1,-4,2]  # 11
R04[1,1,1,2]   # 15
R04[1,1,2,1]   # 15
R04[1,1,2,2]   # 15
R05[1,1,0,-1]  #  3
R05[1,1,-1,0]  #  3
R05[1,1,0,-2]  #  3
R05[1,1,-1,-1] #  3
R05[1,1,-2,0]  #  3
R05[1,1,-1,-2] #  3
R05[1,1,-2,-1] #  3
R05[1,1,-3,0]  #  3
R05[1,1,-3,-1] #  3
R05[1,1,-1,1]  # 11
R05[1,1,-2,1]  # 11
R05[1,1,-3,1]  # 11
R05[1,1,1,-1]  #  7
R05[1,1,1,-2]  #  7
R05[1,1,2,0]   #  7
R05[1,1,2,-1]  #  7
R05[1,1,2,-2]  #  7
R06[1,1,-1,0]  #  3
R06[1,1,0,-1]  #  3
R06[1,1,-2,0]  #  3
R06[1,1,-1,-1] #  3
R06[1,1,0,-2]  #  3
R06[1,1,-3,0]  #  3
R06[1,1,-2,-1] #  3
R06[1,1,-3,-1] #  3
R06[1,1,1,-1]  #  7
R06[1,1,1,-2]  #  7
R06[1,1,2,0]   #  7
R06[1,1,2,-1]  #  7
R06[1,1,2,-2]  #  7
R06[1,1,-1,1]  # 11
R06[1,1,-2,1]  # 11
R06[1,1,-3,1]  # 11
R06[1,1,-4,1]  # 11
R06[1,1,0,2]   # 11
R06[1,1,-1,2]  # 11
R06[1,1,-2,2]  # 11
R06[1,1,-3,2]  # 11
R07[1,1,0,-1]  #  3
R07[1,1,-1,0]  #  3
R07[1,1,0,-2]  #  3
R07[1,1,-1,-1] #  3
R07[1,1,-2,0]  #  3
R07[1,1,-2,-1] #  3
R07[1,1,-3,0]  #  3
R07[1,1,-3,-1] #  3
R07[1,1,-4,0]  #  3
R07[1,1,-1,1]  # 11
R07[1,1,-2,1]  # 11
R07[1,1,-3,1]  # 11
R07[1,1,-4,1]  # 11
R07[1,1,-5,1]  # 11
R07[1,1,0,2]   # 11
R07[1,1,-1,2]  # 11
R07[1,1,-2,2]  # 11
R07[1,1,-3,2]  # 11
R07[1,1,-4,2]  # 11
R07[1,1,1,-1]  #  7
R07[1,1,1,-2]  #  7
R07[1,1,2,0]   #  7
R07[1,1,2,-1]  #  7
R07[1,1,2,-2]  #  7
R07[1,1,2,1]   # 15
R07[1,1,1,2]   # 15
R07[1,1,2,2]   # 15
R08[1,1,-1,0]  #  3
R08[1,1,0,-1]  #  3
R08[1,1,-2,0]  #  3
R08[1,1,-1,-1] #  3
R08[1,1,0,-2]  #  3
R08[1,1,-3,0]  #  3
R08[1,1,-2,-1] #  3
R08[1,1,-4,0]  #  3
R08[1,1,-3,-1] #  3
R08[1,1,1,-1]  #  7
R08[1,1,1,-2]  #  7
R08[1,1,-1,1]  # 11
R08[1,1,-2,1]  # 11
R08[1,1,-3,1]  # 11
R08[1,1,-4,1]  # 11
R08[1,1,-5,1]  # 11
R09[1,1,-1,0]  #  3
R09[1,1,0,-1]  #  3
R09[1,1,-2,0]  #  3
R09[1,1,-1,-1] #  3
R09[1,1,0,-2]  #  3
R09[1,1,-3,0]  #  3
R09[1,1,-2,-1] #  3
R09[1,1,-1,-2] #  3
R09[1,1,0,-3]  #  3
R09[1,1,-4,0]  #  3
R09[1,1,-3,-1] #  3
R09[1,1,-2,-2] #  3
R09[1,1,-1,-3] #  3
R09[1,1,1,-1]  #  7
R09[1,1,1,-2]  #  7
R09[1,1,1,-3]  #  7
R09[1,1,-1,1]  # 11
R09[1,1,-2,1]  # 11
R09[1,1,-3,1]  # 11
R09[1,1,-4,1]  # 11
R09[1,1,-5,1]  # 11
R10[1,1,-1,0]  #  3
R10[1,1,0,-1]  #  3
R10[1,1,-2,0]  #  3
R10[1,1,-1,-1] #  3
R10[1,1,0,-2]  #  3
R10[1,1,-3,0]  #  3
R10[1,1,-2,-1] #  3
R10[1,1,-1,-2] #  3
R10[1,1,0,-3]  #  3
R10[1,1,-4,0]  #  3
R10[1,1,-3,-1] #  3
R10[1,1,-2,-2] #  3
R10[1,1,-1,-3] #  3
R10[1,1,1,-1]  #  7
R10[1,1,1,-2]  #  7
R10[1,1,1,-3]  #  7
R10[1,1,2,0]   #  7
R10[1,1,2,-1]  #  7
R10[1,1,-1,1]  # 11
R10[1,1,-2,1]  # 11
R10[1,1,-3,1]  # 11
R10[1,1,-4,1]  # 11
R10[1,1,-5,1]  # 11
R10[1,1,0,2]   # 11
R10[1,1,-1,2]  # 11
R10[1,1,-2,2]  # 11
R10[1,1,-3,2]  # 11
R10[1,1,1,2]   # 15
R10[1,1,2,1]   # 15
R10[1,1,2,2]   # 15
R11[1,1,0,-1]  #  3
R11[1,1,-1,0]  #  3
R11[1,1,0,-2]  #  3
R11[1,1,-1,-1] #  3
R11[1,1,-2,0]  #  3
R11[1,1,0,-3]  #  3
R11[1,1,-1,-2] #  3
R11[1,1,-2,-1] #  3
R11[1,1,-3,0]  #  3
R11[1,1,-1,-3] #  3
R11[1,1,-2,-2] #  3
R11[1,1,-3,-1] #  3
R11[1,1,-4,0]  #  3
R11[1,1,-1,1]  # 11
R11[1,1,-2,1]  # 11
R11[1,1,-3,1]  # 11
R11[1,1,-4,1]  # 11
R11[1,1,-5,1]  # 11
R11[1,1,0,2]   # 11
R11[1,1,-1,2]  # 11
R11[1,1,-2,2]  # 11
R11[1,1,-3,2]  # 11
R11[1,1,-4,2]  # 11
R11[1,1,1,-1]  #  7
R11[1,1,1,-2]  #  7
R11[1,1,1,-3]  #  7
R11[1,1,1,-4]  #  7
R11[1,1,2,0]   #  7
R11[1,1,2,-1]  #  7
R11[1,1,2,-2]  #  7
R11[1,1,2,-3]  #  7
R11[1,1,2,1]   # 15
R11[1,1,1,2]   # 15
R11[1,1,2,2]   # 15
R12[1,1,-1,0]  #  3
R12[1,1,0,-1]  #  3
R12[1,1,-2,0]  #  3
R12[1,1,-1,-1] #  3
R12[1,1,0,-2]  #  3
R12[1,1,-3,0]  #  3
R12[1,1,-2,-1] #  3
R12[1,1,-1,-2] #  3
R12[1,1,0,-3]  #  3
R12[1,1,-4,0]  #  3
R12[1,1,-3,-1] #  3
R12[1,1,-2,-2] #  3
R12[1,1,-1,-3] #  3
R12[1,1,1,-1]  #  7
R12[1,1,1,-2]  #  7
R12[1,1,1,-3]  #  7
R12[1,1,-1,1]  # 11
R12[1,1,-2,1]  # 11
R12[1,1,-3,1]  # 11
R12[1,1,-4,1]  # 11
R12[1,1,-5,1]  # 11

Total number of master integrals: 254
( 0.2 s )

***********************************************************
Kira starts the reduction of the topology: R04
***********************************************************

***** Select equations recursively ************************
length of mandatory list: 315
Algebraic reconstruction is switched off.
1383 independent coefficients
directory to the masters: R04
Number of master integrals: 225
R01[1,1,0,0]   #  3
R01[1,1,1,1]   # 15
R02[1,1,1,1]   # 15
R03[1,1,0,1]   # 11
R03[1,1,1,1]   # 15
R04[1,1,1,1]   # 15
R05[1,1,0,0]   #  3
R05[1,1,1,0]   #  7
R05[1,1,0,1]   # 11
R05[1,1,1,1]   # 15
R06[1,1,0,0]   #  3
R06[1,1,1,0]   #  7
R06[1,1,0,1]   # 11
R06[1,1,1,1]   # 15
R07[1,1,0,0]   #  3
R07[1,1,1,0]   #  7
R07[1,1,0,1]   # 11
R07[1,1,1,1]   # 15
R08[1,1,0,0]   #  3
R08[1,1,1,0]   #  7
R08[1,1,0,1]   # 11
R08[1,1,1,1]   # 15
R09[1,1,0,0]   #  3
R09[1,1,1,0]   #  7
R09[1,1,0,1]   # 11
R09[1,1,1,1]   # 15
R10[1,1,0,0]   #  3
R10[1,1,1,0]   #  7
R10[1,1,0,1]   # 11
R10[1,1,1,1]   # 15
R11[1,1,0,0]   #  3
R11[1,1,1,0]   #  7
R11[1,1,0,1]   # 11
R11[1,1,1,1]   # 15
R12[1,1,0,0]   #  3
R12[1,1,1,0]   #  7
R12[1,1,0,1]   # 11
R12[1,1,1,1]   # 15
R05[1,1,0,-1]  #  3
R05[1,1,-1,0]  #  3
R05[1,1,0,-2]  #  3
R05[1,1,-1,-1] #  3
R05[1,1,-2,0]  #  3
R05[1,1,-1,-2] #  3
R05[1,1,-2,-1] #  3
R05[1,1,-3,0]  #  3
R05[1,1,-3,-1] #  3
R05[1,1,-1,1]  # 11
R05[1,1,-2,1]  # 11
R05[1,1,-3,1]  # 11
R05[1,1,1,-1]  #  7
R05[1,1,1,-2]  #  7
R05[1,1,2,0]   #  7
R05[1,1,2,-1]  #  7
R05[1,1,2,-2]  #  7
R06[1,1,-1,0]  #  3
R06[1,1,0,-1]  #  3
R06[1,1,-2,0]  #  3
R06[1,1,-1,-1] #  3
R06[1,1,0,-2]  #  3
R06[1,1,-3,0]  #  3
R06[1,1,-2,-1] #  3
R06[1,1,-3,-1] #  3
R06[1,1,1,-1]  #  7
R06[1,1,1,-2]  #  7
R06[1,1,2,0]   #  7
R06[1,1,2,-1]  #  7
R06[1,1,2,-2]  #  7
R06[1,1,-1,1]  # 11
R06[1,1,-2,1]  # 11
R06[1,1,-3,1]  # 11
R06[1,1,-4,1]  # 11
R06[1,1,0,2]   # 11
R06[1,1,-1,2]  # 11
R06[1,1,-2,2]  # 11
R06[1,1,-3,2]  # 11
R07[1,1,0,-1]  #  3
R07[1,1,-1,0]  #  3
R07[1,1,0,-2]  #  3
R07[1,1,-1,-1] #  3
R07[1,1,-2,0]  #  3
R07[1,1,-2,-1] #  3
R07[1,1,-3,0]  #  3
R07[1,1,-3,-1] #  3
R07[1,1,-4,0]  #  3
R07[1,1,-1,1]  # 11
R07[1,1,-2,1]  # 11
R07[1,1,-3,1]  # 11
R07[1,1,-4,1]  # 11
R07[1,1,-5,1]  # 11
R07[1,1,0,2]   # 11
R07[1,1,-1,2]  # 11
R07[1,1,-2,2]  # 11
R07[1,1,-3,2]  # 11
R07[1,1,-4,2]  # 11
R07[1,1,1,-1]  #  7
R07[1,1,1,-2]  #  7
R07[1,1,2,0]   #  7
R07[1,1,2,-1]  #  7
R07[1,1,2,-2]  #  7
R07[1,1,2,1]   # 15
R07[1,1,1,2]   # 15
R07[1,1,2,2]   # 15
R08[1,1,-1,0]  #  3
R08[1,1,0,-1]  #  3
R08[1,1,-2,0]  #  3
R08[1,1,-1,-1] #  3
R08[1,1,0,-2]  #  3
R08[1,1,-3,0]  #  3
R08[1,1,-2,-1] #  3
R08[1,1,-4,0]  #  3
R08[1,1,-3,-1] #  3
R08[1,1,1,-1]  #  7
R08[1,1,1,-2]  #  7
R08[1,1,-1,1]  # 11
R08[1,1,-2,1]  # 11
R08[1,1,-3,1]  # 11
R08[1,1,-4,1]  # 11
R08[1,1,-5,1]  # 11
R09[1,1,-1,0]  #  3
R09[1,1,0,-1]  #  3
R09[1,1,-2,0]  #  3
R09[1,1,-1,-1] #  3
R09[1,1,0,-2]  #  3
R09[1,1,-3,0]  #  3
R09[1,1,-2,-1] #  3
R09[1,1,-1,-2] #  3
R09[1,1,0,-3]  #  3
R09[1,1,-4,0]  #  3
R09[1,1,-3,-1] #  3
R09[1,1,-2,-2] #  3
R09[1,1,-1,-3] #  3
R09[1,1,1,-1]  #  7
R09[1,1,1,-2]  #  7
R09[1,1,1,-3]  #  7
R09[1,1,-1,1]  # 11
R09[1,1,-2,1]  # 11
R09[1,1,-3,1]  # 11
R09[1,1,-4,1]  # 11
R09[1,1,-5,1]  # 11
R10[1,1,-1,0]  #  3
R10[1,1,0,-1]  #  3
R10[1,1,-2,0]  #  3
R10[1,1,-1,-1] #  3
R10[1,1,0,-2]  #  3
R10[1,1,-3,0]  #  3
R10[1,1,-2,-1] #  3
R10[1,1,-1,-2] #  3
R10[1,1,0,-3]  #  3
R10[1,1,-4,0]  #  3
R10[1,1,-3,-1] #  3
R10[1,1,-2,-2] #  3
R10[1,1,-1,-3] #  3
R10[1,1,1,-1]  #  7
R10[1,1,1,-2]  #  7
R10[1,1,1,-3]  #  7
R10[1,1,2,0]   #  7
R10[1,1,2,-1]  #  7
R10[1,1,-1,1]  # 11
R10[1,1,-2,1]  # 11
R10[1,1,-3,1]  # 11
R10[1,1,-4,1]  # 11
R10[1,1,-5,1]  # 11
R10[1,1,0,2]   # 11
R10[1,1,-1,2]  # 11
R10[1,1,-2,2]  # 11
R10[1,1,-3,2]  # 11
R10[1,1,1,2]   # 15
R10[1,1,2,1]   # 15
R10[1,1,2,2]   # 15
R11[1,1,0,-1]  #  3
R11[1,1,-1,0]  #  3
R11[1,1,0,-2]  #  3
R11[1,1,-1,-1] #  3
R11[1,1,-2,0]  #  3
R11[1,1,0,-3]  #  3
R11[1,1,-1,-2] #  3
R11[1,1,-2,-1] #  3
R11[1,1,-3,0]  #  3
R11[1,1,-1,-3] #  3
R11[1,1,-2,-2] #  3
R11[1,1,-3,-1] #  3
R11[1,1,-4,0]  #  3
R11[1,1,-1,1]  # 11
R11[1,1,-2,1]  # 11
R11[1,1,-3,1]  # 11
R11[1,1,-4,1]  # 11
R11[1,1,-5,1]  # 11
R11[1,1,0,2]   # 11
R11[1,1,-1,2]  # 11
R11[1,1,-2,2]  # 11
R11[1,1,-3,2]  # 11
R11[1,1,-4,2]  # 11
R11[1,1,1,-1]  #  7
R11[1,1,1,-2]  #  7
R11[1,1,1,-3]  #  7
R11[1,1,1,-4]  #  7
R11[1,1,2,0]   #  7
R11[1,1,2,-1]  #  7
R11[1,1,2,-2]  #  7
R11[1,1,2,-3]  #  7
R11[1,1,2,1]   # 15
R11[1,1,1,2]   # 15
R11[1,1,2,2]   # 15
R12[1,1,-1,0]  #  3
R12[1,1,0,-1]  #  3
R12[1,1,-2,0]  #  3
R12[1,1,-1,-1] #  3
R12[1,1,0,-2]  #  3
R12[1,1,-3,0]  #  3
R12[1,1,-2,-1] #  3
R12[1,1,-1,-2] #  3
R12[1,1,0,-3]  #  3
R12[1,1,-4,0]  #  3
R12[1,1,-3,-1] #  3
R12[1,1,-2,-2] #  3
R12[1,1,-1,-3] #  3
R12[1,1,1,-1]  #  7
R12[1,1,1,-2]  #  7
R12[1,1,1,-3]  #  7
R12[1,1,-1,1]  # 11
R12[1,1,-2,1]  # 11
R12[1,1,-3,1]  # 11
R12[1,1,-4,1]  # 11
R12[1,1,-5,1]  # 11

Number of selected equations to reduce: 0 equations
Regenerate:

Number of selected equations to reduce: 161 equations
( 0.3 s )
Algebraic reconstruction is switched off.

***** Select equations recursively ************************
length of mandatory list: 315

***** Bring system in triangular form *********************

Iterate the system until it is in triangular form: 
iteration: 0; items left: 24; time: ( 0.0 s )
iteration: 1; items left: 12; time: ( 0.0 s )
iteration: 2; items left: 9; time: ( 0.0 s )
iteration: 3; items left: 6; time: ( 0.0 s )
iteration: 4; items left: 5; time: ( 0.0 s )
iteration: 5; items left: 5; time: ( 0.0 s )
redundant: 0; insertions 75
All coefficients will be normalized

Equations out of bounds rmax and smax: 17
Equations in the bounds rmax and smax: 144
( 0.0 s )

Write the triangular system to ./tmp/ on hard disk
(--> ./tmp/R04/VERconfig, ./tmp/R04/VER###) 

Triangular form completed after ( 0.2 s )
Algebraic reconstruction is switched off.

***** Run the back substitution ***********************

Load all files from ./tmp/
Take 94 equations to reduce 61 missing equations

Back substitution: 


Equations reduced: 2 / 94
Kira committed results ( 0.0 s )


Equations reduced: 13 / 94
Kira committed results ( 0.1 s )


Equations reduced: 18 / 94
Kira committed results ( 0.1 s )


Equations reduced: 41 / 94
Kira committed results ( 0.2 s )


Equations reduced: 50 / 94
Kira committed results ( 0.2 s )


Equations reduced: 60 / 94
Kira committed results ( 0.2 s )


Equations reduced: 83 / 94
Kira committed results ( 0.3 s )


Equations reduced: 94 / 94
Kira committed results ( 0.3 s )

94 equations were reduced

*****Master integrals***********************************
R01[1,1,0,0]   #  3
R03[1,1,0,1]   # 11
R04[1,1,1,1]   # 15
R01[1,1,1,1]   # 15
R02[1,1,1,1]   # 15
R03[1,1,1,1]   # 15
R05[1,1,0,0]   #  3
R05[1,1,1,0]   #  7
R05[1,1,0,1]   # 11
R05[1,1,1,1]   # 15
R06[1,1,0,0]   #  3
R06[1,1,1,0]   #  7
R06[1,1,0,1]   # 11
R06[1,1,1,1]   # 15
R07[1,1,0,0]   #  3
R07[1,1,1,0]   #  7
R07[1,1,0,1]   # 11
R07[1,1,1,1]   # 15
R08[1,1,0,0]   #  3
R08[1,1,1,0]   #  7
R08[1,1,0,1]   # 11
R08[1,1,1,1]   # 15
R09[1,1,0,0]   #  3
R09[1,1,1,0]   #  7
R09[1,1,0,1]   # 11
R09[1,1,1,1]   # 15
R10[1,1,0,0]   #  3
R10[1,1,1,0]   #  7
R10[1,1,0,1]   # 11
R10[1,1,1,1]   # 15
R11[1,1,0,0]   #  3
R11[1,1,1,0]   #  7
R11[1,1,0,1]   # 11
R11[1,1,1,1]   # 15
R12[1,1,0,0]   #  3
R12[1,1,1,0]   #  7
R12[1,1,0,1]   # 11
R12[1,1,1,1]   # 15
R05[1,1,0,-1]  #  3
R05[1,1,-1,0]  #  3
R05[1,1,0,-2]  #  3
R05[1,1,-1,-1] #  3
R05[1,1,-2,0]  #  3
R05[1,1,-1,-2] #  3
R05[1,1,-2,-1] #  3
R05[1,1,-3,0]  #  3
R05[1,1,-3,-1] #  3
R05[1,1,-1,1]  # 11
R05[1,1,-2,1]  # 11
R05[1,1,-3,1]  # 11
R05[1,1,1,-1]  #  7
R05[1,1,1,-2]  #  7
R05[1,1,2,0]   #  7
R05[1,1,2,-1]  #  7
R05[1,1,2,-2]  #  7
R06[1,1,-1,0]  #  3
R06[1,1,0,-1]  #  3
R06[1,1,-2,0]  #  3
R06[1,1,-1,-1] #  3
R06[1,1,0,-2]  #  3
R06[1,1,-3,0]  #  3
R06[1,1,-2,-1] #  3
R06[1,1,-3,-1] #  3
R06[1,1,1,-1]  #  7
R06[1,1,1,-2]  #  7
R06[1,1,2,0]   #  7
R06[1,1,2,-1]  #  7
R06[1,1,2,-2]  #  7
R06[1,1,-1,1]  # 11
R06[1,1,-2,1]  # 11
R06[1,1,-3,1]  # 11
R06[1,1,-4,1]  # 11
R06[1,1,0,2]   # 11
R06[1,1,-1,2]  # 11
R06[1,1,-2,2]  # 11
R06[1,1,-3,2]  # 11
R07[1,1,0,-1]  #  3
R07[1,1,-1,0]  #  3
R07[1,1,0,-2]  #  3
R07[1,1,-1,-1] #  3
R07[1,1,-2,0]  #  3
R07[1,1,-2,-1] #  3
R07[1,1,-3,0]  #  3
R07[1,1,-3,-1] #  3
R07[1,1,-4,0]  #  3
R07[1,1,-1,1]  # 11
R07[1,1,-2,1]  # 11
R07[1,1,-3,1]  # 11
R07[1,1,-4,1]  # 11
R07[1,1,-5,1]  # 11
R07[1,1,0,2]   # 11
R07[1,1,-1,2]  # 11
R07[1,1,-2,2]  # 11
R07[1,1,-3,2]  # 11
R07[1,1,-4,2]  # 11
R07[1,1,1,-1]  #  7
R07[1,1,1,-2]  #  7
R07[1,1,2,0]   #  7
R07[1,1,2,-1]  #  7
R07[1,1,2,-2]  #  7
R07[1,1,2,1]   # 15
R07[1,1,1,2]   # 15
R07[1,1,2,2]   # 15
R08[1,1,-1,0]  #  3
R08[1,1,0,-1]  #  3
R08[1,1,-2,0]  #  3
R08[1,1,-1,-1] #  3
R08[1,1,0,-2]  #  3
R08[1,1,-3,0]  #  3
R08[1,1,-2,-1] #  3
R08[1,1,-4,0]  #  3
R08[1,1,-3,-1] #  3
R08[1,1,1,-1]  #  7
R08[1,1,1,-2]  #  7
R08[1,1,-1,1]  # 11
R08[1,1,-2,1]  # 11
R08[1,1,-3,1]  # 11
R08[1,1,-4,1]  # 11
R08[1,1,-5,1]  # 11
R09[1,1,-1,0]  #  3
R09[1,1,0,-1]  #  3
R09[1,1,-2,0]  #  3
R09[1,1,-1,-1] #  3
R09[1,1,0,-2]  #  3
R09[1,1,-3,0]  #  3
R09[1,1,-2,-1] #  3
R09[1,1,-1,-2] #  3
R09[1,1,0,-3]  #  3
R09[1,1,-4,0]  #  3
R09[1,1,-3,-1] #  3
R09[1,1,-2,-2] #  3
R09[1,1,-1,-3] #  3
R09[1,1,1,-1]  #  7
R09[1,1,1,-2]  #  7
R09[1,1,1,-3]  #  7
R09[1,1,-1,1]  # 11
R09[1,1,-2,1]  # 11
R09[1,1,-3,1]  # 11
R09[1,1,-4,1]  # 11
R09[1,1,-5,1]  # 11
R10[1,1,-1,0]  #  3
R10[1,1,0,-1]  #  3
R10[1,1,-2,0]  #  3
R10[1,1,-1,-1] #  3
R10[1,1,0,-2]  #  3
R10[1,1,-3,0]  #  3
R10[1,1,-2,-1] #  3
R10[1,1,-1,-2] #  3
R10[1,1,0,-3]  #  3
R10[1,1,-4,0]  #  3
R10[1,1,-3,-1] #  3
R10[1,1,-2,-2] #  3
R10[1,1,-1,-3] #  3
R10[1,1,1,-1]  #  7
R10[1,1,1,-2]  #  7
R10[1,1,1,-3]  #  7
R10[1,1,2,0]   #  7
R10[1,1,2,-1]  #  7
R10[1,1,-1,1]  # 11
R10[1,1,-2,1]  # 11
R10[1,1,-3,1]  # 11
R10[1,1,-4,1]  # 11
R10[1,1,-5,1]  # 11
R10[1,1,0,2]   # 11
R10[1,1,-1,2]  # 11
R10[1,1,-2,2]  # 11
R10[1,1,-3,2]  # 11
R10[1,1,1,2]   # 15
R10[1,1,2,1]   # 15
R10[1,1,2,2]   # 15
R11[1,1,0,-1]  #  3
R11[1,1,-1,0]  #  3
R11[1,1,0,-2]  #  3
R11[1,1,-1,-1] #  3
R11[1,1,-2,0]  #  3
R11[1,1,0,-3]  #  3
R11[1,1,-1,-2] #  3
R11[1,1,-2,-1] #  3
R11[1,1,-3,0]  #  3
R11[1,1,-1,-3] #  3
R11[1,1,-2,-2] #  3
R11[1,1,-3,-1] #  3
R11[1,1,-4,0]  #  3
R11[1,1,-1,1]  # 11
R11[1,1,-2,1]  # 11
R11[1,1,-3,1]  # 11
R11[1,1,-4,1]  # 11
R11[1,1,-5,1]  # 11
R11[1,1,0,2]   # 11
R11[1,1,-1,2]  # 11
R11[1,1,-2,2]  # 11
R11[1,1,-3,2]  # 11
R11[1,1,-4,2]  # 11
R11[1,1,1,-1]  #  7
R11[1,1,1,-2]  #  7
R11[1,1,1,-3]  #  7
R11[1,1,1,-4]  #  7
R11[1,1,2,0]   #  7
R11[1,1,2,-1]  #  7
R11[1,1,2,-2]  #  7
R11[1,1,2,-3]  #  7
R11[1,1,2,1]   # 15
R11[1,1,1,2]   # 15
R11[1,1,2,2]   # 15
R12[1,1,-1,0]  #  3
R12[1,1,0,-1]  #  3
R12[1,1,-2,0]  #  3
R12[1,1,-1,-1] #  3
R12[1,1,0,-2]  #  3
R12[1,1,-3,0]  #  3
R12[1,1,-2,-1] #  3
R12[1,1,-1,-2] #  3
R12[1,1,0,-3]  #  3
R12[1,1,-4,0]  #  3
R12[1,1,-3,-1] #  3
R12[1,1,-2,-2] #  3
R12[1,1,-1,-3] #  3
R12[1,1,1,-1]  #  7
R12[1,1,1,-2]  #  7
R12[1,1,1,-3]  #  7
R12[1,1,-1,1]  # 11
R12[1,1,-2,1]  # 11
R12[1,1,-3,1]  # 11
R12[1,1,-4,1]  # 11
R12[1,1,-5,1]  # 11

*****Master integrals which do not appear on the right**
*****hand side of the selected integrals****************
R01[1,1,1,1]   # 15
R02[1,1,1,1]   # 15
R03[1,1,1,1]   # 15
R05[1,1,0,0]   #  3
R05[1,1,1,0]   #  7
R05[1,1,0,1]   # 11
R05[1,1,1,1]   # 15
R06[1,1,0,0]   #  3
R06[1,1,1,0]   #  7
R06[1,1,0,1]   # 11
R06[1,1,1,1]   # 15
R07[1,1,0,0]   #  3
R07[1,1,1,0]   #  7
R07[1,1,0,1]   # 11
R07[1,1,1,1]   # 15
R08[1,1,0,0]   #  3
R08[1,1,1,0]   #  7
R08[1,1,0,1]   # 11
R08[1,1,1,1]   # 15
R09[1,1,0,0]   #  3
R09[1,1,1,0]   #  7
R09[1,1,0,1]   # 11
R09[1,1,1,1]   # 15
R10[1,1,0,0]   #  3
R10[1,1,1,0]   #  7
R10[1,1,0,1]   # 11
R10[1,1,1,1]   # 15
R11[1,1,0,0]   #  3
R11[1,1,1,0]   #  7
R11[1,1,0,1]   # 11
R11[1,1,1,1]   # 15
R12[1,1,0,0]   #  3
R12[1,1,1,0]   #  7
R12[1,1,0,1]   # 11
R12[1,1,1,1]   # 15
R05[1,1,0,-1]  #  3
R05[1,1,-1,0]  #  3
R05[1,1,0,-2]  #  3
R05[1,1,-1,-1] #  3
R05[1,1,-2,0]  #  3
R05[1,1,-1,-2] #  3
R05[1,1,-2,-1] #  3
R05[1,1,-3,0]  #  3
R05[1,1,-3,-1] #  3
R05[1,1,-1,1]  # 11
R05[1,1,-2,1]  # 11
R05[1,1,-3,1]  # 11
R05[1,1,1,-1]  #  7
R05[1,1,1,-2]  #  7
R05[1,1,2,0]   #  7
R05[1,1,2,-1]  #  7
R05[1,1,2,-2]  #  7
R06[1,1,-1,0]  #  3
R06[1,1,0,-1]  #  3
R06[1,1,-2,0]  #  3
R06[1,1,-1,-1] #  3
R06[1,1,0,-2]  #  3
R06[1,1,-3,0]  #  3
R06[1,1,-2,-1] #  3
R06[1,1,-3,-1] #  3
R06[1,1,1,-1]  #  7
R06[1,1,1,-2]  #  7
R06[1,1,2,0]   #  7
R06[1,1,2,-1]  #  7
R06[1,1,2,-2]  #  7
R06[1,1,-1,1]  # 11
R06[1,1,-2,1]  # 11
R06[1,1,-3,1]  # 11
R06[1,1,-4,1]  # 11
R06[1,1,0,2]   # 11
R06[1,1,-1,2]  # 11
R06[1,1,-2,2]  # 11
R06[1,1,-3,2]  # 11
R07[1,1,0,-1]  #  3
R07[1,1,-1,0]  #  3
R07[1,1,0,-2]  #  3
R07[1,1,-1,-1] #  3
R07[1,1,-2,0]  #  3
R07[1,1,-2,-1] #  3
R07[1,1,-3,0]  #  3
R07[1,1,-3,-1] #  3
R07[1,1,-4,0]  #  3
R07[1,1,-1,1]  # 11
R07[1,1,-2,1]  # 11
R07[1,1,-3,1]  # 11
R07[1,1,-4,1]  # 11
R07[1,1,-5,1]  # 11
R07[1,1,0,2]   # 11
R07[1,1,-1,2]  # 11
R07[1,1,-2,2]  # 11
R07[1,1,-3,2]  # 11
R07[1,1,-4,2]  # 11
R07[1,1,1,-1]  #  7
R07[1,1,1,-2]  #  7
R07[1,1,2,0]   #  7
R07[1,1,2,-1]  #  7
R07[1,1,2,-2]  #  7
R07[1,1,2,1]   # 15
R07[1,1,1,2]   # 15
R07[1,1,2,2]   # 15
R08[1,1,-1,0]  #  3
R08[1,1,0,-1]  #  3
R08[1,1,-2,0]  #  3
R08[1,1,-1,-1] #  3
R08[1,1,0,-2]  #  3
R08[1,1,-3,0]  #  3
R08[1,1,-2,-1] #  3
R08[1,1,-4,0]  #  3
R08[1,1,-3,-1] #  3
R08[1,1,1,-1]  #  7
R08[1,1,1,-2]  #  7
R08[1,1,-1,1]  # 11
R08[1,1,-2,1]  # 11
R08[1,1,-3,1]  # 11
R08[1,1,-4,1]  # 11
R08[1,1,-5,1]  # 11
R09[1,1,-1,0]  #  3
R09[1,1,0,-1]  #  3
R09[1,1,-2,0]  #  3
R09[1,1,-1,-1] #  3
R09[1,1,0,-2]  #  3
R09[1,1,-3,0]  #  3
R09[1,1,-2,-1] #  3
R09[1,1,-1,-2] #  3
R09[1,1,0,-3]  #  3
R09[1,1,-4,0]  #  3
R09[1,1,-3,-1] #  3
R09[1,1,-2,-2] #  3
R09[1,1,-1,-3] #  3
R09[1,1,1,-1]  #  7
R09[1,1,1,-2]  #  7
R09[1,1,1,-3]  #  7
R09[1,1,-1,1]  # 11
R09[1,1,-2,1]  # 11
R09[1,1,-3,1]  # 11
R09[1,1,-4,1]  # 11
R09[1,1,-5,1]  # 11
R10[1,1,-1,0]  #  3
R10[1,1,0,-1]  #  3
R10[1,1,-2,0]  #  3
R10[1,1,-1,-1] #  3
R10[1,1,0,-2]  #  3
R10[1,1,-3,0]  #  3
R10[1,1,-2,-1] #  3
R10[1,1,-1,-2] #  3
R10[1,1,0,-3]  #  3
R10[1,1,-4,0]  #  3
R10[1,1,-3,-1] #  3
R10[1,1,-2,-2] #  3
R10[1,1,-1,-3] #  3
R10[1,1,1,-1]  #  7
R10[1,1,1,-2]  #  7
R10[1,1,1,-3]  #  7
R10[1,1,2,0]   #  7
R10[1,1,2,-1]  #  7
R10[1,1,-1,1]  # 11
R10[1,1,-2,1]  # 11
R10[1,1,-3,1]  # 11
R10[1,1,-4,1]  # 11
R10[1,1,-5,1]  # 11
R10[1,1,0,2]   # 11
R10[1,1,-1,2]  # 11
R10[1,1,-2,2]  # 11
R10[1,1,-3,2]  # 11
R10[1,1,1,2]   # 15
R10[1,1,2,1]   # 15
R10[1,1,2,2]   # 15
R11[1,1,0,-1]  #  3
R11[1,1,-1,0]  #  3
R11[1,1,0,-2]  #  3
R11[1,1,-1,-1] #  3
R11[1,1,-2,0]  #  3
R11[1,1,0,-3]  #  3
R11[1,1,-1,-2] #  3
R11[1,1,-2,-1] #  3
R11[1,1,-3,0]  #  3
R11[1,1,-1,-3] #  3
R11[1,1,-2,-2] #  3
R11[1,1,-3,-1] #  3
R11[1,1,-4,0]  #  3
R11[1,1,-1,1]  # 11
R11[1,1,-2,1]  # 11
R11[1,1,-3,1]  # 11
R11[1,1,-4,1]  # 11
R11[1,1,-5,1]  # 11
R11[1,1,0,2]   # 11
R11[1,1,-1,2]  # 11
R11[1,1,-2,2]  # 11
R11[1,1,-3,2]  # 11
R11[1,1,-4,2]  # 11
R11[1,1,1,-1]  #  7
R11[1,1,1,-2]  #  7
R11[1,1,1,-3]  #  7
R11[1,1,1,-4]  #  7
R11[1,1,2,0]   #  7
R11[1,1,2,-1]  #  7
R11[1,1,2,-2]  #  7
R11[1,1,2,-3]  #  7
R11[1,1,2,1]   # 15
R11[1,1,1,2]   # 15
R11[1,1,2,2]   # 15
R12[1,1,-1,0]  #  3
R12[1,1,0,-1]  #  3
R12[1,1,-2,0]  #  3
R12[1,1,-1,-1] #  3
R12[1,1,0,-2]  #  3
R12[1,1,-3,0]  #  3
R12[1,1,-2,-1] #  3
R12[1,1,-1,-2] #  3
R12[1,1,0,-3]  #  3
R12[1,1,-4,0]  #  3
R12[1,1,-3,-1] #  3
R12[1,1,-2,-2] #  3
R12[1,1,-1,-3] #  3
R12[1,1,1,-1]  #  7
R12[1,1,1,-2]  #  7
R12[1,1,1,-3]  #  7
R12[1,1,-1,1]  # 11
R12[1,1,-2,1]  # 11
R12[1,1,-3,1]  # 11
R12[1,1,-4,1]  # 11
R12[1,1,-5,1]  # 11

Total number of master integrals: 225
( 0.3 s )

***********************************************************
Kira starts the reduction of the topology: R05
***********************************************************

***** Select equations recursively ************************
length of mandatory list: 315
Algebraic reconstruction is switched off.
1408 independent coefficients
directory to the masters: R05
Number of master integrals: 207
R01[1,1,0,0]   #  3
R01[1,1,1,1]   # 15
R02[1,1,1,1]   # 15
R03[1,1,0,1]   # 11
R03[1,1,1,1]   # 15
R04[1,1,1,1]   # 15
R06[1,1,0,0]   #  3
R06[1,1,1,0]   #  7
R06[1,1,0,1]   # 11
R06[1,1,1,1]   # 15
R07[1,1,0,0]   #  3
R07[1,1,1,0]   #  7
R07[1,1,0,1]   # 11
R07[1,1,1,1]   # 15
R08[1,1,0,0]   #  3
R08[1,1,1,0]   #  7
R08[1,1,0,1]   # 11
R08[1,1,1,1]   # 15
R09[1,1,0,0]   #  3
R09[1,1,1,0]   #  7
R09[1,1,0,1]   # 11
R09[1,1,1,1]   # 15
R10[1,1,0,0]   #  3
R10[1,1,1,0]   #  7
R10[1,1,0,1]   # 11
R10[1,1,1,1]   # 15
R11[1,1,0,0]   #  3
R11[1,1,1,0]   #  7
R11[1,1,0,1]   # 11
R11[1,1,1,1]   # 15
R12[1,1,0,0]   #  3
R12[1,1,1,0]   #  7
R12[1,1,0,1]   # 11
R12[1,1,1,1]   # 15
R03[1,1,-5,1]  # 11
R04[1,1,-5,1]  # 11
R04[1,1,2,2]   # 15
R06[1,1,-1,0]  #  3
R06[1,1,0,-1]  #  3
R06[1,1,-2,0]  #  3
R06[1,1,-1,-1] #  3
R06[1,1,0,-2]  #  3
R06[1,1,-3,0]  #  3
R06[1,1,-2,-1] #  3
R06[1,1,-3,-1] #  3
R06[1,1,1,-1]  #  7
R06[1,1,1,-2]  #  7
R06[1,1,2,0]   #  7
R06[1,1,2,-1]  #  7
R06[1,1,2,-2]  #  7
R06[1,1,-1,1]  # 11
R06[1,1,-2,1]  # 11
R06[1,1,-3,1]  # 11
R06[1,1,-4,1]  # 11
R06[1,1,0,2]   # 11
R06[1,1,-1,2]  # 11
R06[1,1,-2,2]  # 11
R06[1,1,-3,2]  # 11
R07[1,1,0,-1]  #  3
R07[1,1,-1,0]  #  3
R07[1,1,0,-2]  #  3
R07[1,1,-1,-1] #  3
R07[1,1,-2,0]  #  3
R07[1,1,-2,-1] #  3
R07[1,1,-3,0]  #  3
R07[1,1,-3,-1] #  3
R07[1,1,-4,0]  #  3
R07[1,1,-1,1]  # 11
R07[1,1,-2,1]  # 11
R07[1,1,-3,1]  # 11
R07[1,1,-4,1]  # 11
R07[1,1,-5,1]  # 11
R07[1,1,0,2]   # 11
R07[1,1,-1,2]  # 11
R07[1,1,-2,2]  # 11
R07[1,1,-3,2]  # 11
R07[1,1,-4,2]  # 11
R07[1,1,1,-1]  #  7
R07[1,1,1,-2]  #  7
R07[1,1,2,0]   #  7
R07[1,1,2,-1]  #  7
R07[1,1,2,-2]  #  7
R07[1,1,2,1]   # 15
R07[1,1,1,2]   # 15
R07[1,1,2,2]   # 15
R08[1,1,-1,0]  #  3
R08[1,1,0,-1]  #  3
R08[1,1,-2,0]  #  3
R08[1,1,-1,-1] #  3
R08[1,1,0,-2]  #  3
R08[1,1,-3,0]  #  3
R08[1,1,-2,-1] #  3
R08[1,1,-4,0]  #  3
R08[1,1,-3,-1] #  3
R08[1,1,1,-1]  #  7
R08[1,1,1,-2]  #  7
R08[1,1,-1,1]  # 11
R08[1,1,-2,1]  # 11
R08[1,1,-3,1]  # 11
R08[1,1,-4,1]  # 11
R08[1,1,-5,1]  # 11
R09[1,1,-1,0]  #  3
R09[1,1,0,-1]  #  3
R09[1,1,-2,0]  #  3
R09[1,1,-1,-1] #  3
R09[1,1,0,-2]  #  3
R09[1,1,-3,0]  #  3
R09[1,1,-2,-1] #  3
R09[1,1,-1,-2] #  3
R09[1,1,0,-3]  #  3
R09[1,1,-4,0]  #  3
R09[1,1,-3,-1] #  3
R09[1,1,-2,-2] #  3
R09[1,1,-1,-3] #  3
R09[1,1,1,-1]  #  7
R09[1,1,1,-2]  #  7
R09[1,1,1,-3]  #  7
R09[1,1,-1,1]  # 11
R09[1,1,-2,1]  # 11
R09[1,1,-3,1]  # 11
R09[1,1,-4,1]  # 11
R09[1,1,-5,1]  # 11
R10[1,1,-1,0]  #  3
R10[1,1,0,-1]  #  3
R10[1,1,-2,0]  #  3
R10[1,1,-1,-1] #  3
R10[1,1,0,-2]  #  3
R10[1,1,-3,0]  #  3
R10[1,1,-2,-1] #  3
R10[1,1,-1,-2] #  3
R10[1,1,0,-3]  #  3
R10[1,1,-4,0]  #  3
R10[1,1,-3,-1] #  3
R10[1,1,-2,-2] #  3
R10[1,1,-1,-3] #  3
R10[1,1,1,-1]  #  7
R10[1,1,1,-2]  #  7
R10[1,1,1,-3]  #  7
R10[1,1,2,0]   #  7
R10[1,1,2,-1]  #  7
R10[1,1,-1,1]  # 11
R10[1,1,-2,1]  # 11
R10[1,1,-3,1]  # 11
R10[1,1,-4,1]  # 11
R10[1,1,-5,1]  # 11
R10[1,1,0,2]   # 11
R10[1,1,-1,2]  # 11
R10[1,1,-2,2]  # 11
R10[1,1,-3,2]  # 11
R10[1,1,1,2]   # 15
R10[1,1,2,1]   # 15
R10[1,1,2,2]   # 15
R11[1,1,0,-1]  #  3
R11[1,1,-1,0]  #  3
R11[1,1,0,-2]  #  3
R11[1,1,-1,-1] #  3
R11[1,1,-2,0]  #  3
R11[1,1,0,-3]  #  3
R11[1,1,-1,-2] #  3
R11[1,1,-2,-1] #  3
R11[1,1,-3,0]  #  3
R11[1,1,-1,-3] #  3
R11[1,1,-2,-2] #  3
R11[1,1,-3,-1] #  3
R11[1,1,-4,0]  #  3
R11[1,1,-1,1]  # 11
R11[1,1,-2,1]  # 11
R11[1,1,-3,1]  # 11
R11[1,1,-4,1]  # 11
R11[1,1,-5,1]  # 11
R11[1,1,0,2]   # 11
R11[1,1,-1,2]  # 11
R11[1,1,-2,2]  # 11
R11[1,1,-3,2]  # 11
R11[1,1,-4,2]  # 11
R11[1,1,1,-1]  #  7
R11[1,1,1,-2]  #  7
R11[1,1,1,-3]  #  7
R11[1,1,1,-4]  #  7
R11[1,1,2,0]   #  7
R11[1,1,2,-1]  #  7
R11[1,1,2,-2]  #  7
R11[1,1,2,-3]  #  7
R11[1,1,2,1]   # 15
R11[1,1,1,2]   # 15
R11[1,1,2,2]   # 15
R12[1,1,-1,0]  #  3
R12[1,1,0,-1]  #  3
R12[1,1,-2,0]  #  3
R12[1,1,-1,-1] #  3
R12[1,1,0,-2]  #  3
R12[1,1,-3,0]  #  3
R12[1,1,-2,-1] #  3
R12[1,1,-1,-2] #  3
R12[1,1,0,-3]  #  3
R12[1,1,-4,0]  #  3
R12[1,1,-3,-1] #  3
R12[1,1,-2,-2] #  3
R12[1,1,-1,-3] #  3
R12[1,1,1,-1]  #  7
R12[1,1,1,-2]  #  7
R12[1,1,1,-3]  #  7
R12[1,1,-1,1]  # 11
R12[1,1,-2,1]  # 11
R12[1,1,-3,1]  # 11
R12[1,1,-4,1]  # 11
R12[1,1,-5,1]  # 11

Number of selected equations to reduce: 0 equations
Regenerate:

Number of selected equations to reduce: 158 equations
( 0.2 s )
Algebraic reconstruction is switched off.

***** Select equations recursively ************************
length of mandatory list: 315

***** Bring system in triangular form *********************

Iterate the system until it is in triangular form: 
iteration: 0; items left: 21; time: ( 0.0 s )
iteration: 1; items left: 10; time: ( 0.0 s )
iteration: 2; items left: 7; time: ( 0.0 s )
iteration: 3; items left: 5; time: ( 0.0 s )
iteration: 4; items left: 4; time: ( 0.0 s )
iteration: 5; items left: 4; time: ( 0.0 s )
redundant: 0; insertions 63
All coefficients will be normalized

Equations out of bounds rmax and smax: 12
Equations in the bounds rmax and smax: 146
( 0.0 s )

Write the triangular system to ./tmp/ on hard disk
(--> ./tmp/R05/VERconfig, ./tmp/R05/VER###) 

Triangular form completed after ( 0.3 s )
Algebraic reconstruction is switched off.

***** Run the back substitution ***********************

Load all files from ./tmp/
Take 48 equations to reduce 27 missing equations

Back substitution: 


Equations reduced: 0 / 48
Kira committed results ( 0.1 s )


Equations reduced: 4 / 48
Kira committed results ( 0.2 s )


Equations reduced: 26 / 48
Kira committed results ( 0.2 s )


Equations reduced: 31 / 48
Kira committed results ( 0.3 s )


Equations reduced: 40 / 48
Kira committed results ( 0.3 s )


Equations reduced: 48 / 48
Kira committed results ( 0.4 s )

48 equations were reduced

*****Master integrals***********************************
R01[1,1,0,0]   #  3
R02[1,1,1,1]   # 15
R01[1,1,1,1]   # 15
R03[1,1,0,1]   # 11
R03[1,1,1,1]   # 15
R04[1,1,1,1]   # 15
R06[1,1,0,0]   #  3
R06[1,1,1,0]   #  7
R06[1,1,0,1]   # 11
R06[1,1,1,1]   # 15
R07[1,1,0,0]   #  3
R07[1,1,1,0]   #  7
R07[1,1,0,1]   # 11
R07[1,1,1,1]   # 15
R08[1,1,0,0]   #  3
R08[1,1,1,0]   #  7
R08[1,1,0,1]   # 11
R08[1,1,1,1]   # 15
R09[1,1,0,0]   #  3
R09[1,1,1,0]   #  7
R09[1,1,0,1]   # 11
R09[1,1,1,1]   # 15
R10[1,1,0,0]   #  3
R10[1,1,1,0]   #  7
R10[1,1,0,1]   # 11
R10[1,1,1,1]   # 15
R11[1,1,0,0]   #  3
R11[1,1,1,0]   #  7
R11[1,1,0,1]   # 11
R11[1,1,1,1]   # 15
R12[1,1,0,0]   #  3
R12[1,1,1,0]   #  7
R12[1,1,0,1]   # 11
R12[1,1,1,1]   # 15
R03[1,1,-5,1]  # 11
R04[1,1,-5,1]  # 11
R04[1,1,2,2]   # 15
R06[1,1,-1,0]  #  3
R06[1,1,0,-1]  #  3
R06[1,1,-2,0]  #  3
R06[1,1,-1,-1] #  3
R06[1,1,0,-2]  #  3
R06[1,1,-3,0]  #  3
R06[1,1,-2,-1] #  3
R06[1,1,-3,-1] #  3
R06[1,1,1,-1]  #  7
R06[1,1,1,-2]  #  7
R06[1,1,2,0]   #  7
R06[1,1,2,-1]  #  7
R06[1,1,2,-2]  #  7
R06[1,1,-1,1]  # 11
R06[1,1,-2,1]  # 11
R06[1,1,-3,1]  # 11
R06[1,1,-4,1]  # 11
R06[1,1,0,2]   # 11
R06[1,1,-1,2]  # 11
R06[1,1,-2,2]  # 11
R06[1,1,-3,2]  # 11
R07[1,1,0,-1]  #  3
R07[1,1,-1,0]  #  3
R07[1,1,0,-2]  #  3
R07[1,1,-1,-1] #  3
R07[1,1,-2,0]  #  3
R07[1,1,-2,-1] #  3
R07[1,1,-3,0]  #  3
R07[1,1,-3,-1] #  3
R07[1,1,-4,0]  #  3
R07[1,1,-1,1]  # 11
R07[1,1,-2,1]  # 11
R07[1,1,-3,1]  # 11
R07[1,1,-4,1]  # 11
R07[1,1,-5,1]  # 11
R07[1,1,0,2]   # 11
R07[1,1,-1,2]  # 11
R07[1,1,-2,2]  # 11
R07[1,1,-3,2]  # 11
R07[1,1,-4,2]  # 11
R07[1,1,1,-1]  #  7
R07[1,1,1,-2]  #  7
R07[1,1,2,0]   #  7
R07[1,1,2,-1]  #  7
R07[1,1,2,-2]  #  7
R07[1,1,2,1]   # 15
R07[1,1,1,2]   # 15
R07[1,1,2,2]   # 15
R08[1,1,-1,0]  #  3
R08[1,1,0,-1]  #  3
R08[1,1,-2,0]  #  3
R08[1,1,-1,-1] #  3
R08[1,1,0,-2]  #  3
R08[1,1,-3,0]  #  3
R08[1,1,-2,-1] #  3
R08[1,1,-4,0]  #  3
R08[1,1,-3,-1] #  3
R08[1,1,1,-1]  #  7
R08[1,1,1,-2]  #  7
R08[1,1,-1,1]  # 11
R08[1,1,-2,1]  # 11
R08[1,1,-3,1]  # 11
R08[1,1,-4,1]  # 11
R08[1,1,-5,1]  # 11
R09[1,1,-1,0]  #  3
R09[1,1,0,-1]  #  3
R09[1,1,-2,0]  #  3
R09[1,1,-1,-1] #  3
R09[1,1,0,-2]  #  3
R09[1,1,-3,0]  #  3
R09[1,1,-2,-1] #  3
R09[1,1,-1,-2] #  3
R09[1,1,0,-3]  #  3
R09[1,1,-4,0]  #  3
R09[1,1,-3,-1] #  3
R09[1,1,-2,-2] #  3
R09[1,1,-1,-3] #  3
R09[1,1,1,-1]  #  7
R09[1,1,1,-2]  #  7
R09[1,1,1,-3]  #  7
R09[1,1,-1,1]  # 11
R09[1,1,-2,1]  # 11
R09[1,1,-3,1]  # 11
R09[1,1,-4,1]  # 11
R09[1,1,-5,1]  # 11
R10[1,1,-1,0]  #  3
R10[1,1,0,-1]  #  3
R10[1,1,-2,0]  #  3
R10[1,1,-1,-1] #  3
R10[1,1,0,-2]  #  3
R10[1,1,-3,0]  #  3
R10[1,1,-2,-1] #  3
R10[1,1,-1,-2] #  3
R10[1,1,0,-3]  #  3
R10[1,1,-4,0]  #  3
R10[1,1,-3,-1] #  3
R10[1,1,-2,-2] #  3
R10[1,1,-1,-3] #  3
R10[1,1,1,-1]  #  7
R10[1,1,1,-2]  #  7
R10[1,1,1,-3]  #  7
R10[1,1,2,0]   #  7
R10[1,1,2,-1]  #  7
R10[1,1,-1,1]  # 11
R10[1,1,-2,1]  # 11
R10[1,1,-3,1]  # 11
R10[1,1,-4,1]  # 11
R10[1,1,-5,1]  # 11
R10[1,1,0,2]   # 11
R10[1,1,-1,2]  # 11
R10[1,1,-2,2]  # 11
R10[1,1,-3,2]  # 11
R10[1,1,1,2]   # 15
R10[1,1,2,1]   # 15
R10[1,1,2,2]   # 15
R11[1,1,0,-1]  #  3
R11[1,1,-1,0]  #  3
R11[1,1,0,-2]  #  3
R11[1,1,-1,-1] #  3
R11[1,1,-2,0]  #  3
R11[1,1,0,-3]  #  3
R11[1,1,-1,-2] #  3
R11[1,1,-2,-1] #  3
R11[1,1,-3,0]  #  3
R11[1,1,-1,-3] #  3
R11[1,1,-2,-2] #  3
R11[1,1,-3,-1] #  3
R11[1,1,-4,0]  #  3
R11[1,1,-1,1]  # 11
R11[1,1,-2,1]  # 11
R11[1,1,-3,1]  # 11
R11[1,1,-4,1]  # 11
R11[1,1,-5,1]  # 11
R11[1,1,0,2]   # 11
R11[1,1,-1,2]  # 11
R11[1,1,-2,2]  # 11
R11[1,1,-3,2]  # 11
R11[1,1,-4,2]  # 11
R11[1,1,1,-1]  #  7
R11[1,1,1,-2]  #  7
R11[1,1,1,-3]  #  7
R11[1,1,1,-4]  #  7
R11[1,1,2,0]   #  7
R11[1,1,2,-1]  #  7
R11[1,1,2,-2]  #  7
R11[1,1,2,-3]  #  7
R11[1,1,2,1]   # 15
R11[1,1,1,2]   # 15
R11[1,1,2,2]   # 15
R12[1,1,-1,0]  #  3
R12[1,1,0,-1]  #  3
R12[1,1,-2,0]  #  3
R12[1,1,-1,-1] #  3
R12[1,1,0,-2]  #  3
R12[1,1,-3,0]  #  3
R12[1,1,-2,-1] #  3
R12[1,1,-1,-2] #  3
R12[1,1,0,-3]  #  3
R12[1,1,-4,0]  #  3
R12[1,1,-3,-1] #  3
R12[1,1,-2,-2] #  3
R12[1,1,-1,-3] #  3
R12[1,1,1,-1]  #  7
R12[1,1,1,-2]  #  7
R12[1,1,1,-3]  #  7
R12[1,1,-1,1]  # 11
R12[1,1,-2,1]  # 11
R12[1,1,-3,1]  # 11
R12[1,1,-4,1]  # 11
R12[1,1,-5,1]  # 11

*****Master integrals which do not appear on the right**
*****hand side of the selected integrals****************
R01[1,1,1,1]   # 15
R03[1,1,0,1]   # 11
R03[1,1,1,1]   # 15
R04[1,1,1,1]   # 15
R06[1,1,0,0]   #  3
R06[1,1,1,0]   #  7
R06[1,1,0,1]   # 11
R06[1,1,1,1]   # 15
R07[1,1,0,0]   #  3
R07[1,1,1,0]   #  7
R07[1,1,0,1]   # 11
R07[1,1,1,1]   # 15
R08[1,1,0,0]   #  3
R08[1,1,1,0]   #  7
R08[1,1,0,1]   # 11
R08[1,1,1,1]   # 15
R09[1,1,0,0]   #  3
R09[1,1,1,0]   #  7
R09[1,1,0,1]   # 11
R09[1,1,1,1]   # 15
R10[1,1,0,0]   #  3
R10[1,1,1,0]   #  7
R10[1,1,0,1]   # 11
R10[1,1,1,1]   # 15
R11[1,1,0,0]   #  3
R11[1,1,1,0]   #  7
R11[1,1,0,1]   # 11
R11[1,1,1,1]   # 15
R12[1,1,0,0]   #  3
R12[1,1,1,0]   #  7
R12[1,1,0,1]   # 11
R12[1,1,1,1]   # 15
R03[1,1,-5,1]  # 11
R04[1,1,-5,1]  # 11
R04[1,1,2,2]   # 15
R06[1,1,-1,0]  #  3
R06[1,1,0,-1]  #  3
R06[1,1,-2,0]  #  3
R06[1,1,-1,-1] #  3
R06[1,1,0,-2]  #  3
R06[1,1,-3,0]  #  3
R06[1,1,-2,-1] #  3
R06[1,1,-3,-1] #  3
R06[1,1,1,-1]  #  7
R06[1,1,1,-2]  #  7
R06[1,1,2,0]   #  7
R06[1,1,2,-1]  #  7
R06[1,1,2,-2]  #  7
R06[1,1,-1,1]  # 11
R06[1,1,-2,1]  # 11
R06[1,1,-3,1]  # 11
R06[1,1,-4,1]  # 11
R06[1,1,0,2]   # 11
R06[1,1,-1,2]  # 11
R06[1,1,-2,2]  # 11
R06[1,1,-3,2]  # 11
R07[1,1,0,-1]  #  3
R07[1,1,-1,0]  #  3
R07[1,1,0,-2]  #  3
R07[1,1,-1,-1] #  3
R07[1,1,-2,0]  #  3
R07[1,1,-2,-1] #  3
R07[1,1,-3,0]  #  3
R07[1,1,-3,-1] #  3
R07[1,1,-4,0]  #  3
R07[1,1,-1,1]  # 11
R07[1,1,-2,1]  # 11
R07[1,1,-3,1]  # 11
R07[1,1,-4,1]  # 11
R07[1,1,-5,1]  # 11
R07[1,1,0,2]   # 11
R07[1,1,-1,2]  # 11
R07[1,1,-2,2]  # 11
R07[1,1,-3,2]  # 11
R07[1,1,-4,2]  # 11
R07[1,1,1,-1]  #  7
R07[1,1,1,-2]  #  7
R07[1,1,2,0]   #  7
R07[1,1,2,-1]  #  7
R07[1,1,2,-2]  #  7
R07[1,1,2,1]   # 15
R07[1,1,1,2]   # 15
R07[1,1,2,2]   # 15
R08[1,1,-1,0]  #  3
R08[1,1,0,-1]  #  3
R08[1,1,-2,0]  #  3
R08[1,1,-1,-1] #  3
R08[1,1,0,-2]  #  3
R08[1,1,-3,0]  #  3
R08[1,1,-2,-1] #  3
R08[1,1,-4,0]  #  3
R08[1,1,-3,-1] #  3
R08[1,1,1,-1]  #  7
R08[1,1,1,-2]  #  7
R08[1,1,-1,1]  # 11
R08[1,1,-2,1]  # 11
R08[1,1,-3,1]  # 11
R08[1,1,-4,1]  # 11
R08[1,1,-5,1]  # 11
R09[1,1,-1,0]  #  3
R09[1,1,0,-1]  #  3
R09[1,1,-2,0]  #  3
R09[1,1,-1,-1] #  3
R09[1,1,0,-2]  #  3
R09[1,1,-3,0]  #  3
R09[1,1,-2,-1] #  3
R09[1,1,-1,-2] #  3
R09[1,1,0,-3]  #  3
R09[1,1,-4,0]  #  3
R09[1,1,-3,-1] #  3
R09[1,1,-2,-2] #  3
R09[1,1,-1,-3] #  3
R09[1,1,1,-1]  #  7
R09[1,1,1,-2]  #  7
R09[1,1,1,-3]  #  7
R09[1,1,-1,1]  # 11
R09[1,1,-2,1]  # 11
R09[1,1,-3,1]  # 11
R09[1,1,-4,1]  # 11
R09[1,1,-5,1]  # 11
R10[1,1,-1,0]  #  3
R10[1,1,0,-1]  #  3
R10[1,1,-2,0]  #  3
R10[1,1,-1,-1] #  3
R10[1,1,0,-2]  #  3
R10[1,1,-3,0]  #  3
R10[1,1,-2,-1] #  3
R10[1,1,-1,-2] #  3
R10[1,1,0,-3]  #  3
R10[1,1,-4,0]  #  3
R10[1,1,-3,-1] #  3
R10[1,1,-2,-2] #  3
R10[1,1,-1,-3] #  3
R10[1,1,1,-1]  #  7
R10[1,1,1,-2]  #  7
R10[1,1,1,-3]  #  7
R10[1,1,2,0]   #  7
R10[1,1,2,-1]  #  7
R10[1,1,-1,1]  # 11
R10[1,1,-2,1]  # 11
R10[1,1,-3,1]  # 11
R10[1,1,-4,1]  # 11
R10[1,1,-5,1]  # 11
R10[1,1,0,2]   # 11
R10[1,1,-1,2]  # 11
R10[1,1,-2,2]  # 11
R10[1,1,-3,2]  # 11
R10[1,1,1,2]   # 15
R10[1,1,2,1]   # 15
R10[1,1,2,2]   # 15
R11[1,1,0,-1]  #  3
R11[1,1,-1,0]  #  3
R11[1,1,0,-2]  #  3
R11[1,1,-1,-1] #  3
R11[1,1,-2,0]  #  3
R11[1,1,0,-3]  #  3
R11[1,1,-1,-2] #  3
R11[1,1,-2,-1] #  3
R11[1,1,-3,0]  #  3
R11[1,1,-1,-3] #  3
R11[1,1,-2,-2] #  3
R11[1,1,-3,-1] #  3
R11[1,1,-4,0]  #  3
R11[1,1,-1,1]  # 11
R11[1,1,-2,1]  # 11
R11[1,1,-3,1]  # 11
R11[1,1,-4,1]  # 11
R11[1,1,-5,1]  # 11
R11[1,1,0,2]   # 11
R11[1,1,-1,2]  # 11
R11[1,1,-2,2]  # 11
R11[1,1,-3,2]  # 11
R11[1,1,-4,2]  # 11
R11[1,1,1,-1]  #  7
R11[1,1,1,-2]  #  7
R11[1,1,1,-3]  #  7
R11[1,1,1,-4]  #  7
R11[1,1,2,0]   #  7
R11[1,1,2,-1]  #  7
R11[1,1,2,-2]  #  7
R11[1,1,2,-3]  #  7
R11[1,1,2,1]   # 15
R11[1,1,1,2]   # 15
R11[1,1,2,2]   # 15
R12[1,1,-1,0]  #  3
R12[1,1,0,-1]  #  3
R12[1,1,-2,0]  #  3
R12[1,1,-1,-1] #  3
R12[1,1,0,-2]  #  3
R12[1,1,-3,0]  #  3
R12[1,1,-2,-1] #  3
R12[1,1,-1,-2] #  3
R12[1,1,0,-3]  #  3
R12[1,1,-4,0]  #  3
R12[1,1,-3,-1] #  3
R12[1,1,-2,-2] #  3
R12[1,1,-1,-3] #  3
R12[1,1,1,-1]  #  7
R12[1,1,1,-2]  #  7
R12[1,1,1,-3]  #  7
R12[1,1,-1,1]  # 11
R12[1,1,-2,1]  # 11
R12[1,1,-3,1]  # 11
R12[1,1,-4,1]  # 11
R12[1,1,-5,1]  # 11

Total number of master integrals: 207
( 0.4 s )

***********************************************************
Kira starts the reduction of the topology: R06
***********************************************************

***** Select equations recursively ************************
length of mandatory list: 315
Algebraic reconstruction is switched off.
1587 independent coefficients
directory to the masters: R06
Number of master integrals: 182
R01[1,1,0,0]   #  3
R01[1,1,1,1]   # 15
R02[1,1,1,1]   # 15
R03[1,1,0,1]   # 11
R03[1,1,1,1]   # 15
R04[1,1,1,1]   # 15
R07[1,1,0,0]   #  3
R07[1,1,1,0]   #  7
R07[1,1,0,1]   # 11
R07[1,1,1,1]   # 15
R08[1,1,0,0]   #  3
R08[1,1,1,0]   #  7
R08[1,1,0,1]   # 11
R08[1,1,1,1]   # 15
R09[1,1,0,0]   #  3
R09[1,1,1,0]   #  7
R09[1,1,0,1]   # 11
R09[1,1,1,1]   # 15
R10[1,1,0,0]   #  3
R10[1,1,1,0]   #  7
R10[1,1,0,1]   # 11
R10[1,1,1,1]   # 15
R11[1,1,0,0]   #  3
R11[1,1,1,0]   #  7
R11[1,1,0,1]   # 11
R11[1,1,1,1]   # 15
R12[1,1,0,0]   #  3
R12[1,1,1,0]   #  7
R12[1,1,0,1]   # 11
R12[1,1,1,1]   # 15
R03[1,1,-5,1]  # 11
R04[1,1,-5,1]  # 11
R04[1,1,2,2]   # 15
R07[1,1,0,-1]  #  3
R07[1,1,-1,0]  #  3
R07[1,1,0,-2]  #  3
R07[1,1,-1,-1] #  3
R07[1,1,-2,0]  #  3
R07[1,1,-2,-1] #  3
R07[1,1,-3,0]  #  3
R07[1,1,-3,-1] #  3
R07[1,1,-4,0]  #  3
R07[1,1,-1,1]  # 11
R07[1,1,-2,1]  # 11
R07[1,1,-3,1]  # 11
R07[1,1,-4,1]  # 11
R07[1,1,-5,1]  # 11
R07[1,1,0,2]   # 11
R07[1,1,-1,2]  # 11
R07[1,1,-2,2]  # 11
R07[1,1,-3,2]  # 11
R07[1,1,-4,2]  # 11
R07[1,1,1,-1]  #  7
R07[1,1,1,-2]  #  7
R07[1,1,2,0]   #  7
R07[1,1,2,-1]  #  7
R07[1,1,2,-2]  #  7
R07[1,1,2,1]   # 15
R07[1,1,1,2]   # 15
R07[1,1,2,2]   # 15
R08[1,1,-1,0]  #  3
R08[1,1,0,-1]  #  3
R08[1,1,-2,0]  #  3
R08[1,1,-1,-1] #  3
R08[1,1,0,-2]  #  3
R08[1,1,-3,0]  #  3
R08[1,1,-2,-1] #  3
R08[1,1,-4,0]  #  3
R08[1,1,-3,-1] #  3
R08[1,1,1,-1]  #  7
R08[1,1,1,-2]  #  7
R08[1,1,-1,1]  # 11
R08[1,1,-2,1]  # 11
R08[1,1,-3,1]  # 11
R08[1,1,-4,1]  # 11
R08[1,1,-5,1]  # 11
R09[1,1,-1,0]  #  3
R09[1,1,0,-1]  #  3
R09[1,1,-2,0]  #  3
R09[1,1,-1,-1] #  3
R09[1,1,0,-2]  #  3
R09[1,1,-3,0]  #  3
R09[1,1,-2,-1] #  3
R09[1,1,-1,-2] #  3
R09[1,1,0,-3]  #  3
R09[1,1,-4,0]  #  3
R09[1,1,-3,-1] #  3
R09[1,1,-2,-2] #  3
R09[1,1,-1,-3] #  3
R09[1,1,1,-1]  #  7
R09[1,1,1,-2]  #  7
R09[1,1,1,-3]  #  7
R09[1,1,-1,1]  # 11
R09[1,1,-2,1]  # 11
R09[1,1,-3,1]  # 11
R09[1,1,-4,1]  # 11
R09[1,1,-5,1]  # 11
R10[1,1,-1,0]  #  3
R10[1,1,0,-1]  #  3
R10[1,1,-2,0]  #  3
R10[1,1,-1,-1] #  3
R10[1,1,0,-2]  #  3
R10[1,1,-3,0]  #  3
R10[1,1,-2,-1] #  3
R10[1,1,-1,-2] #  3
R10[1,1,0,-3]  #  3
R10[1,1,-4,0]  #  3
R10[1,1,-3,-1] #  3
R10[1,1,-2,-2] #  3
R10[1,1,-1,-3] #  3
R10[1,1,1,-1]  #  7
R10[1,1,1,-2]  #  7
R10[1,1,1,-3]  #  7
R10[1,1,2,0]   #  7
R10[1,1,2,-1]  #  7
R10[1,1,-1,1]  # 11
R10[1,1,-2,1]  # 11
R10[1,1,-3,1]  # 11
R10[1,1,-4,1]  # 11
R10[1,1,-5,1]  # 11
R10[1,1,0,2]   # 11
R10[1,1,-1,2]  # 11
R10[1,1,-2,2]  # 11
R10[1,1,-3,2]  # 11
R10[1,1,1,2]   # 15
R10[1,1,2,1]   # 15
R10[1,1,2,2]   # 15
R11[1,1,0,-1]  #  3
R11[1,1,-1,0]  #  3
R11[1,1,0,-2]  #  3
R11[1,1,-1,-1] #  3
R11[1,1,-2,0]  #  3
R11[1,1,0,-3]  #  3
R11[1,1,-1,-2] #  3
R11[1,1,-2,-1] #  3
R11[1,1,-3,0]  #  3
R11[1,1,-1,-3] #  3
R11[1,1,-2,-2] #  3
R11[1,1,-3,-1] #  3
R11[1,1,-4,0]  #  3
R11[1,1,-1,1]  # 11
R11[1,1,-2,1]  # 11
R11[1,1,-3,1]  # 11
R11[1,1,-4,1]  # 11
R11[1,1,-5,1]  # 11
R11[1,1,0,2]   # 11
R11[1,1,-1,2]  # 11
R11[1,1,-2,2]  # 11
R11[1,1,-3,2]  # 11
R11[1,1,-4,2]  # 11
R11[1,1,1,-1]  #  7
R11[1,1,1,-2]  #  7
R11[1,1,1,-3]  #  7
R11[1,1,1,-4]  #  7
R11[1,1,2,0]   #  7
R11[1,1,2,-1]  #  7
R11[1,1,2,-2]  #  7
R11[1,1,2,-3]  #  7
R11[1,1,2,1]   # 15
R11[1,1,1,2]   # 15
R11[1,1,2,2]   # 15
R12[1,1,-1,0]  #  3
R12[1,1,0,-1]  #  3
R12[1,1,-2,0]  #  3
R12[1,1,-1,-1] #  3
R12[1,1,0,-2]  #  3
R12[1,1,-3,0]  #  3
R12[1,1,-2,-1] #  3
R12[1,1,-1,-2] #  3
R12[1,1,0,-3]  #  3
R12[1,1,-4,0]  #  3
R12[1,1,-3,-1] #  3
R12[1,1,-2,-2] #  3
R12[1,1,-1,-3] #  3
R12[1,1,1,-1]  #  7
R12[1,1,1,-2]  #  7
R12[1,1,1,-3]  #  7
R12[1,1,-1,1]  # 11
R12[1,1,-2,1]  # 11
R12[1,1,-3,1]  # 11
R12[1,1,-4,1]  # 11
R12[1,1,-5,1]  # 11

Number of selected equations to reduce: 0 equations
Regenerate:

Number of selected equations to reduce: 187 equations
( 0.3 s )
Algebraic reconstruction is switched off.

***** Select equations recursively ************************
length of mandatory list: 315

***** Bring system in triangular form *********************

Iterate the system until it is in triangular form: 
iteration: 0; items left: 22; time: ( 0.0 s )
iteration: 1; items left: 10; time: ( 0.0 s )
iteration: 2; items left: 7; time: ( 0.0 s )
iteration: 3; items left: 5; time: ( 0.0 s )
iteration: 4; items left: 4; time: ( 0.0 s )
iteration: 5; items left: 4; time: ( 0.0 s )
redundant: 0; insertions 64
All coefficients will be normalized

Equations out of bounds rmax and smax: 11
Equations in the bounds rmax and smax: 176
( 0.0 s )

Write the triangular system to ./tmp/ on hard disk
(--> ./tmp/R06/VERconfig, ./tmp/R06/VER###) 

Triangular form completed after ( 0.7 s )
Algebraic reconstruction is switched off.

***** Run the back substitution ***********************

Load all files from ./tmp/
Take 54 equations to reduce 30 missing equations

Back substitution: 


Equations reduced: 0 / 54
Kira committed results ( 0.0 s )


Equations reduced: 0 / 54
Kira committed results ( 0.0 s )


Equations reduced: 5 / 54
Kira committed results ( 0.1 s )


Equations reduced: 31 / 54
Kira committed results ( 0.1 s )


Equations reduced: 38 / 54
Kira committed results ( 0.1 s )


Equations reduced: 48 / 54
Kira committed results ( 0.1 s )


Equations reduced: 54 / 54
Kira committed results ( 0.2 s )

54 equations were reduced

*****Master integrals***********************************
R01[1,1,0,0]   #  3
R01[1,1,1,1]   # 15
R02[1,1,1,1]   # 15
R03[1,1,0,1]   # 11
R03[1,1,1,1]   # 15
R04[1,1,1,1]   # 15
R07[1,1,0,0]   #  3
R07[1,1,1,0]   #  7
R07[1,1,0,1]   # 11
R07[1,1,1,1]   # 15
R08[1,1,0,0]   #  3
R08[1,1,1,0]   #  7
R08[1,1,0,1]   # 11
R08[1,1,1,1]   # 15
R09[1,1,0,0]   #  3
R09[1,1,1,0]   #  7
R09[1,1,0,1]   # 11
R09[1,1,1,1]   # 15
R10[1,1,0,0]   #  3
R10[1,1,1,0]   #  7
R10[1,1,0,1]   # 11
R10[1,1,1,1]   # 15
R11[1,1,0,0]   #  3
R11[1,1,1,0]   #  7
R11[1,1,0,1]   # 11
R11[1,1,1,1]   # 15
R12[1,1,0,0]   #  3
R12[1,1,1,0]   #  7
R12[1,1,0,1]   # 11
R12[1,1,1,1]   # 15
R03[1,1,-5,1]  # 11
R04[1,1,-5,1]  # 11
R04[1,1,2,2]   # 15
R07[1,1,0,-1]  #  3
R07[1,1,-1,0]  #  3
R07[1,1,0,-2]  #  3
R07[1,1,-1,-1] #  3
R07[1,1,-2,0]  #  3
R07[1,1,-2,-1] #  3
R07[1,1,-3,0]  #  3
R07[1,1,-3,-1] #  3
R07[1,1,-4,0]  #  3
R07[1,1,-1,1]  # 11
R07[1,1,-2,1]  # 11
R07[1,1,-3,1]  # 11
R07[1,1,-4,1]  # 11
R07[1,1,-5,1]  # 11
R07[1,1,0,2]   # 11
R07[1,1,-1,2]  # 11
R07[1,1,-2,2]  # 11
R07[1,1,-3,2]  # 11
R07[1,1,-4,2]  # 11
R07[1,1,1,-1]  #  7
R07[1,1,1,-2]  #  7
R07[1,1,2,0]   #  7
R07[1,1,2,-1]  #  7
R07[1,1,2,-2]  #  7
R07[1,1,2,1]   # 15
R07[1,1,1,2]   # 15
R07[1,1,2,2]   # 15
R08[1,1,-1,0]  #  3
R08[1,1,0,-1]  #  3
R08[1,1,-2,0]  #  3
R08[1,1,-1,-1] #  3
R08[1,1,0,-2]  #  3
R08[1,1,-3,0]  #  3
R08[1,1,-2,-1] #  3
R08[1,1,-4,0]  #  3
R08[1,1,-3,-1] #  3
R08[1,1,1,-1]  #  7
R08[1,1,1,-2]  #  7
R08[1,1,-1,1]  # 11
R08[1,1,-2,1]  # 11
R08[1,1,-3,1]  # 11
R08[1,1,-4,1]  # 11
R08[1,1,-5,1]  # 11
R09[1,1,-1,0]  #  3
R09[1,1,0,-1]  #  3
R09[1,1,-2,0]  #  3
R09[1,1,-1,-1] #  3
R09[1,1,0,-2]  #  3
R09[1,1,-3,0]  #  3
R09[1,1,-2,-1] #  3
R09[1,1,-1,-2] #  3
R09[1,1,0,-3]  #  3
R09[1,1,-4,0]  #  3
R09[1,1,-3,-1] #  3
R09[1,1,-2,-2] #  3
R09[1,1,-1,-3] #  3
R09[1,1,1,-1]  #  7
R09[1,1,1,-2]  #  7
R09[1,1,1,-3]  #  7
R09[1,1,-1,1]  # 11
R09[1,1,-2,1]  # 11
R09[1,1,-3,1]  # 11
R09[1,1,-4,1]  # 11
R09[1,1,-5,1]  # 11
R10[1,1,-1,0]  #  3
R10[1,1,0,-1]  #  3
R10[1,1,-2,0]  #  3
R10[1,1,-1,-1] #  3
R10[1,1,0,-2]  #  3
R10[1,1,-3,0]  #  3
R10[1,1,-2,-1] #  3
R10[1,1,-1,-2] #  3
R10[1,1,0,-3]  #  3
R10[1,1,-4,0]  #  3
R10[1,1,-3,-1] #  3
R10[1,1,-2,-2] #  3
R10[1,1,-1,-3] #  3
R10[1,1,1,-1]  #  7
R10[1,1,1,-2]  #  7
R10[1,1,1,-3]  #  7
R10[1,1,2,0]   #  7
R10[1,1,2,-1]  #  7
R10[1,1,-1,1]  # 11
R10[1,1,-2,1]  # 11
R10[1,1,-3,1]  # 11
R10[1,1,-4,1]  # 11
R10[1,1,-5,1]  # 11
R10[1,1,0,2]   # 11
R10[1,1,-1,2]  # 11
R10[1,1,-2,2]  # 11
R10[1,1,-3,2]  # 11
R10[1,1,1,2]   # 15
R10[1,1,2,1]   # 15
R10[1,1,2,2]   # 15
R11[1,1,0,-1]  #  3
R11[1,1,-1,0]  #  3
R11[1,1,0,-2]  #  3
R11[1,1,-1,-1] #  3
R11[1,1,-2,0]  #  3
R11[1,1,0,-3]  #  3
R11[1,1,-1,-2] #  3
R11[1,1,-2,-1] #  3
R11[1,1,-3,0]  #  3
R11[1,1,-1,-3] #  3
R11[1,1,-2,-2] #  3
R11[1,1,-3,-1] #  3
R11[1,1,-4,0]  #  3
R11[1,1,-1,1]  # 11
R11[1,1,-2,1]  # 11
R11[1,1,-3,1]  # 11
R11[1,1,-4,1]  # 11
R11[1,1,-5,1]  # 11
R11[1,1,0,2]   # 11
R11[1,1,-1,2]  # 11
R11[1,1,-2,2]  # 11
R11[1,1,-3,2]  # 11
R11[1,1,-4,2]  # 11
R11[1,1,1,-1]  #  7
R11[1,1,1,-2]  #  7
R11[1,1,1,-3]  #  7
R11[1,1,1,-4]  #  7
R11[1,1,2,0]   #  7
R11[1,1,2,-1]  #  7
R11[1,1,2,-2]  #  7
R11[1,1,2,-3]  #  7
R11[1,1,2,1]   # 15
R11[1,1,1,2]   # 15
R11[1,1,2,2]   # 15
R12[1,1,-1,0]  #  3
R12[1,1,0,-1]  #  3
R12[1,1,-2,0]  #  3
R12[1,1,-1,-1] #  3
R12[1,1,0,-2]  #  3
R12[1,1,-3,0]  #  3
R12[1,1,-2,-1] #  3
R12[1,1,-1,-2] #  3
R12[1,1,0,-3]  #  3
R12[1,1,-4,0]  #  3
R12[1,1,-3,-1] #  3
R12[1,1,-2,-2] #  3
R12[1,1,-1,-3] #  3
R12[1,1,1,-1]  #  7
R12[1,1,1,-2]  #  7
R12[1,1,1,-3]  #  7
R12[1,1,-1,1]  # 11
R12[1,1,-2,1]  # 11
R12[1,1,-3,1]  # 11
R12[1,1,-4,1]  # 11
R12[1,1,-5,1]  # 11

*****Master integrals which do not appear on the right**
*****hand side of the selected integrals****************
R02[1,1,1,1]   # 15
R03[1,1,0,1]   # 11
R03[1,1,1,1]   # 15
R04[1,1,1,1]   # 15
R07[1,1,0,0]   #  3
R07[1,1,1,0]   #  7
R07[1,1,0,1]   # 11
R07[1,1,1,1]   # 15
R08[1,1,0,0]   #  3
R08[1,1,1,0]   #  7
R08[1,1,0,1]   # 11
R08[1,1,1,1]   # 15
R09[1,1,0,0]   #  3
R09[1,1,1,0]   #  7
R09[1,1,0,1]   # 11
R09[1,1,1,1]   # 15
R10[1,1,0,0]   #  3
R10[1,1,1,0]   #  7
R10[1,1,0,1]   # 11
R10[1,1,1,1]   # 15
R11[1,1,0,0]   #  3
R11[1,1,1,0]   #  7
R11[1,1,0,1]   # 11
R11[1,1,1,1]   # 15
R12[1,1,0,0]   #  3
R12[1,1,1,0]   #  7
R12[1,1,0,1]   # 11
R12[1,1,1,1]   # 15
R03[1,1,-5,1]  # 11
R04[1,1,-5,1]  # 11
R04[1,1,2,2]   # 15
R07[1,1,0,-1]  #  3
R07[1,1,-1,0]  #  3
R07[1,1,0,-2]  #  3
R07[1,1,-1,-1] #  3
R07[1,1,-2,0]  #  3
R07[1,1,-2,-1] #  3
R07[1,1,-3,0]  #  3
R07[1,1,-3,-1] #  3
R07[1,1,-4,0]  #  3
R07[1,1,-1,1]  # 11
R07[1,1,-2,1]  # 11
R07[1,1,-3,1]  # 11
R07[1,1,-4,1]  # 11
R07[1,1,-5,1]  # 11
R07[1,1,0,2]   # 11
R07[1,1,-1,2]  # 11
R07[1,1,-2,2]  # 11
R07[1,1,-3,2]  # 11
R07[1,1,-4,2]  # 11
R07[1,1,1,-1]  #  7
R07[1,1,1,-2]  #  7
R07[1,1,2,0]   #  7
R07[1,1,2,-1]  #  7
R07[1,1,2,-2]  #  7
R07[1,1,2,1]   # 15
R07[1,1,1,2]   # 15
R07[1,1,2,2]   # 15
R08[1,1,-1,0]  #  3
R08[1,1,0,-1]  #  3
R08[1,1,-2,0]  #  3
R08[1,1,-1,-1] #  3
R08[1,1,0,-2]  #  3
R08[1,1,-3,0]  #  3
R08[1,1,-2,-1] #  3
R08[1,1,-4,0]  #  3
R08[1,1,-3,-1] #  3
R08[1,1,1,-1]  #  7
R08[1,1,1,-2]  #  7
R08[1,1,-1,1]  # 11
R08[1,1,-2,1]  # 11
R08[1,1,-3,1]  # 11
R08[1,1,-4,1]  # 11
R08[1,1,-5,1]  # 11
R09[1,1,-1,0]  #  3
R09[1,1,0,-1]  #  3
R09[1,1,-2,0]  #  3
R09[1,1,-1,-1] #  3
R09[1,1,0,-2]  #  3
R09[1,1,-3,0]  #  3
R09[1,1,-2,-1] #  3
R09[1,1,-1,-2] #  3
R09[1,1,0,-3]  #  3
R09[1,1,-4,0]  #  3
R09[1,1,-3,-1] #  3
R09[1,1,-2,-2] #  3
R09[1,1,-1,-3] #  3
R09[1,1,1,-1]  #  7
R09[1,1,1,-2]  #  7
R09[1,1,1,-3]  #  7
R09[1,1,-1,1]  # 11
R09[1,1,-2,1]  # 11
R09[1,1,-3,1]  # 11
R09[1,1,-4,1]  # 11
R09[1,1,-5,1]  # 11
R10[1,1,-1,0]  #  3
R10[1,1,0,-1]  #  3
R10[1,1,-2,0]  #  3
R10[1,1,-1,-1] #  3
R10[1,1,0,-2]  #  3
R10[1,1,-3,0]  #  3
R10[1,1,-2,-1] #  3
R10[1,1,-1,-2] #  3
R10[1,1,0,-3]  #  3
R10[1,1,-4,0]  #  3
R10[1,1,-3,-1] #  3
R10[1,1,-2,-2] #  3
R10[1,1,-1,-3] #  3
R10[1,1,1,-1]  #  7
R10[1,1,1,-2]  #  7
R10[1,1,1,-3]  #  7
R10[1,1,2,0]   #  7
R10[1,1,2,-1]  #  7
R10[1,1,-1,1]  # 11
R10[1,1,-2,1]  # 11
R10[1,1,-3,1]  # 11
R10[1,1,-4,1]  # 11
R10[1,1,-5,1]  # 11
R10[1,1,0,2]   # 11
R10[1,1,-1,2]  # 11
R10[1,1,-2,2]  # 11
R10[1,1,-3,2]  # 11
R10[1,1,1,2]   # 15
R10[1,1,2,1]   # 15
R10[1,1,2,2]   # 15
R11[1,1,0,-1]  #  3
R11[1,1,-1,0]  #  3
R11[1,1,0,-2]  #  3
R11[1,1,-1,-1] #  3
R11[1,1,-2,0]  #  3
R11[1,1,0,-3]  #  3
R11[1,1,-1,-2] #  3
R11[1,1,-2,-1] #  3
R11[1,1,-3,0]  #  3
R11[1,1,-1,-3] #  3
R11[1,1,-2,-2] #  3
R11[1,1,-3,-1] #  3
R11[1,1,-4,0]  #  3
R11[1,1,-1,1]  # 11
R11[1,1,-2,1]  # 11
R11[1,1,-3,1]  # 11
R11[1,1,-4,1]  # 11
R11[1,1,-5,1]  # 11
R11[1,1,0,2]   # 11
R11[1,1,-1,2]  # 11
R11[1,1,-2,2]  # 11
R11[1,1,-3,2]  # 11
R11[1,1,-4,2]  # 11
R11[1,1,1,-1]  #  7
R11[1,1,1,-2]  #  7
R11[1,1,1,-3]  #  7
R11[1,1,1,-4]  #  7
R11[1,1,2,0]   #  7
R11[1,1,2,-1]  #  7
R11[1,1,2,-2]  #  7
R11[1,1,2,-3]  #  7
R11[1,1,2,1]   # 15
R11[1,1,1,2]   # 15
R11[1,1,2,2]   # 15
R12[1,1,-1,0]  #  3
R12[1,1,0,-1]  #  3
R12[1,1,-2,0]  #  3
R12[1,1,-1,-1] #  3
R12[1,1,0,-2]  #  3
R12[1,1,-3,0]  #  3
R12[1,1,-2,-1] #  3
R12[1,1,-1,-2] #  3
R12[1,1,0,-3]  #  3
R12[1,1,-4,0]  #  3
R12[1,1,-3,-1] #  3
R12[1,1,-2,-2] #  3
R12[1,1,-1,-3] #  3
R12[1,1,1,-1]  #  7
R12[1,1,1,-2]  #  7
R12[1,1,1,-3]  #  7
R12[1,1,-1,1]  # 11
R12[1,1,-2,1]  # 11
R12[1,1,-3,1]  # 11
R12[1,1,-4,1]  # 11
R12[1,1,-5,1]  # 11

Total number of master integrals: 182
( 0.2 s )

***********************************************************
Kira starts the reduction of the topology: R07
***********************************************************

***** Select equations recursively ************************
length of mandatory list: 315
Algebraic reconstruction is switched off.
2196 independent coefficients
directory to the masters: R07
Number of master integrals: 148
R01[1,1,0,0]   #  3
R01[1,1,1,1]   # 15
R02[1,1,1,1]   # 15
R03[1,1,0,1]   # 11
R03[1,1,1,1]   # 15
R04[1,1,1,1]   # 15
R08[1,1,0,0]   #  3
R08[1,1,1,0]   #  7
R08[1,1,0,1]   # 11
R08[1,1,1,1]   # 15
R09[1,1,0,0]   #  3
R09[1,1,1,0]   #  7
R09[1,1,0,1]   # 11
R09[1,1,1,1]   # 15
R10[1,1,0,0]   #  3
R10[1,1,1,0]   #  7
R10[1,1,0,1]   # 11
R10[1,1,1,1]   # 15
R11[1,1,0,0]   #  3
R11[1,1,1,0]   #  7
R11[1,1,0,1]   # 11
R11[1,1,1,1]   # 15
R12[1,1,0,0]   #  3
R12[1,1,1,0]   #  7
R12[1,1,0,1]   # 11
R12[1,1,1,1]   # 15
R08[1,1,-1,0]  #  3
R08[1,1,0,-1]  #  3
R08[1,1,-2,0]  #  3
R08[1,1,-1,-1] #  3
R08[1,1,0,-2]  #  3
R08[1,1,-3,0]  #  3
R08[1,1,-2,-1] #  3
R08[1,1,-4,0]  #  3
R08[1,1,-3,-1] #  3
R08[1,1,1,-1]  #  7
R08[1,1,1,-2]  #  7
R08[1,1,-1,1]  # 11
R08[1,1,-2,1]  # 11
R08[1,1,-3,1]  # 11
R08[1,1,-4,1]  # 11
R08[1,1,-5,1]  # 11
R09[1,1,-1,0]  #  3
R09[1,1,0,-1]  #  3
R09[1,1,-2,0]  #  3
R09[1,1,-1,-1] #  3
R09[1,1,0,-2]  #  3
R09[1,1,-3,0]  #  3
R09[1,1,-2,-1] #  3
R09[1,1,-1,-2] #  3
R09[1,1,0,-3]  #  3
R09[1,1,-4,0]  #  3
R09[1,1,-3,-1] #  3
R09[1,1,-2,-2] #  3
R09[1,1,-1,-3] #  3
R09[1,1,1,-1]  #  7
R09[1,1,1,-2]  #  7
R09[1,1,1,-3]  #  7
R09[1,1,-1,1]  # 11
R09[1,1,-2,1]  # 11
R09[1,1,-3,1]  # 11
R09[1,1,-4,1]  # 11
R09[1,1,-5,1]  # 11
R10[1,1,-1,0]  #  3
R10[1,1,0,-1]  #  3
R10[1,1,-2,0]  #  3
R10[1,1,-1,-1] #  3
R10[1,1,0,-2]  #  3
R10[1,1,-3,0]  #  3
R10[1,1,-2,-1] #  3
R10[1,1,-1,-2] #  3
R10[1,1,0,-3]  #  3
R10[1,1,-4,0]  #  3
R10[1,1,-3,-1] #  3
R10[1,1,-2,-2] #  3
R10[1,1,-1,-3] #  3
R10[1,1,1,-1]  #  7
R10[1,1,1,-2]  #  7
R10[1,1,1,-3]  #  7
R10[1,1,2,0]   #  7
R10[1,1,2,-1]  #  7
R10[1,1,-1,1]  # 11
R10[1,1,-2,1]  # 11
R10[1,1,-3,1]  # 11
R10[1,1,-4,1]  # 11
R10[1,1,-5,1]  # 11
R10[1,1,0,2]   # 11
R10[1,1,-1,2]  # 11
R10[1,1,-2,2]  # 11
R10[1,1,-3,2]  # 11
R10[1,1,1,2]   # 15
R10[1,1,2,1]   # 15
R10[1,1,2,2]   # 15
R11[1,1,0,-1]  #  3
R11[1,1,-1,0]  #  3
R11[1,1,0,-2]  #  3
R11[1,1,-1,-1] #  3
R11[1,1,-2,0]  #  3
R11[1,1,0,-3]  #  3
R11[1,1,-1,-2] #  3
R11[1,1,-2,-1] #  3
R11[1,1,-3,0]  #  3
R11[1,1,-1,-3] #  3
R11[1,1,-2,-2] #  3
R11[1,1,-3,-1] #  3
R11[1,1,-4,0]  #  3
R11[1,1,-1,1]  # 11
R11[1,1,-2,1]  # 11
R11[1,1,-3,1]  # 11
R11[1,1,-4,1]  # 11
R11[1,1,-5,1]  # 11
R11[1,1,0,2]   # 11
R11[1,1,-1,2]  # 11
R11[1,1,-2,2]  # 11
R11[1,1,-3,2]  # 11
R11[1,1,-4,2]  # 11
R11[1,1,1,-1]  #  7
R11[1,1,1,-2]  #  7
R11[1,1,1,-3]  #  7
R11[1,1,1,-4]  #  7
R11[1,1,2,0]   #  7
R11[1,1,2,-1]  #  7
R11[1,1,2,-2]  #  7
R11[1,1,2,-3]  #  7
R11[1,1,2,1]   # 15
R11[1,1,1,2]   # 15
R11[1,1,2,2]   # 15
R12[1,1,-1,0]  #  3
R12[1,1,0,-1]  #  3
R12[1,1,-2,0]  #  3
R12[1,1,-1,-1] #  3
R12[1,1,0,-2]  #  3
R12[1,1,-3,0]  #  3
R12[1,1,-2,-1] #  3
R12[1,1,-1,-2] #  3
R12[1,1,0,-3]  #  3
R12[1,1,-4,0]  #  3
R12[1,1,-3,-1] #  3
R12[1,1,-2,-2] #  3
R12[1,1,-1,-3] #  3
R12[1,1,1,-1]  #  7
R12[1,1,1,-2]  #  7
R12[1,1,1,-3]  #  7
R12[1,1,-1,1]  # 11
R12[1,1,-2,1]  # 11
R12[1,1,-3,1]  # 11
R12[1,1,-4,1]  # 11
R12[1,1,-5,1]  # 11

Number of selected equations to reduce: 0 equations
Regenerate:

Number of selected equations to reduce: 250 equations
( 0.6 s )
Algebraic reconstruction is switched off.

***** Select equations recursively ************************
length of mandatory list: 315

***** Bring system in triangular form *********************

Iterate the system until it is in triangular form: 
iteration: 0; items left: 25; time: ( 0.0 s )
iteration: 1; items left: 12; time: ( 0.0 s )
iteration: 2; items left: 9; time: ( 0.0 s )
iteration: 3; items left: 7; time: ( 0.0 s )
iteration: 4; items left: 5; time: ( 0.0 s )
iteration: 5; items left: 5; time: ( 0.0 s )
redundant: 0; insertions 76
All coefficients will be normalized

Equations out of bounds rmax and smax: 13
Equations in the bounds rmax and smax: 237
( 0.0 s )

Write the triangular system to ./tmp/ on hard disk
(--> ./tmp/R07/VERconfig, ./tmp/R07/VER###) 

Triangular form completed after ( 0.4 s )
Algebraic reconstruction is switched off.

***** Run the back substitution ***********************

Load all files from ./tmp/
Take 73 equations to reduce 36 missing equations

Back substitution: 


Equations reduced: 0 / 73
Kira committed results ( 0.0 s )


Equations reduced: 1 / 73
Kira committed results ( 0.1 s )


Equations reduced: 4 / 73
Kira committed results ( 0.1 s )


Equations reduced: 6 / 73
Kira committed results ( 0.1 s )


Equations reduced: 19 / 73
Kira committed results ( 0.1 s )


Equations reduced: 39 / 73
Kira committed results ( 0.2 s )


Equations reduced: 53 / 73
Kira committed results ( 0.2 s )


Equations reduced: 73 / 73
Kira committed results ( 0.3 s )

73 equations were reduced

*****Master integrals***********************************
R01[1,1,0,0]   #  3
R03[1,1,0,1]   # 11
R04[1,1,1,1]   # 15
R01[1,1,1,1]   # 15
R02[1,1,1,1]   # 15
R03[1,1,1,1]   # 15
R08[1,1,0,0]   #  3
R08[1,1,1,0]   #  7
R08[1,1,0,1]   # 11
R08[1,1,1,1]   # 15
R09[1,1,0,0]   #  3
R09[1,1,1,0]   #  7
R09[1,1,0,1]   # 11
R09[1,1,1,1]   # 15
R10[1,1,0,0]   #  3
R10[1,1,1,0]   #  7
R10[1,1,0,1]   # 11
R10[1,1,1,1]   # 15
R11[1,1,0,0]   #  3
R11[1,1,1,0]   #  7
R11[1,1,0,1]   # 11
R11[1,1,1,1]   # 15
R12[1,1,0,0]   #  3
R12[1,1,1,0]   #  7
R12[1,1,0,1]   # 11
R12[1,1,1,1]   # 15
R08[1,1,-1,0]  #  3
R08[1,1,0,-1]  #  3
R08[1,1,-2,0]  #  3
R08[1,1,-1,-1] #  3
R08[1,1,0,-2]  #  3
R08[1,1,-3,0]  #  3
R08[1,1,-2,-1] #  3
R08[1,1,-4,0]  #  3
R08[1,1,-3,-1] #  3
R08[1,1,1,-1]  #  7
R08[1,1,1,-2]  #  7
R08[1,1,-1,1]  # 11
R08[1,1,-2,1]  # 11
R08[1,1,-3,1]  # 11
R08[1,1,-4,1]  # 11
R08[1,1,-5,1]  # 11
R09[1,1,-1,0]  #  3
R09[1,1,0,-1]  #  3
R09[1,1,-2,0]  #  3
R09[1,1,-1,-1] #  3
R09[1,1,0,-2]  #  3
R09[1,1,-3,0]  #  3
R09[1,1,-2,-1] #  3
R09[1,1,-1,-2] #  3
R09[1,1,0,-3]  #  3
R09[1,1,-4,0]  #  3
R09[1,1,-3,-1] #  3
R09[1,1,-2,-2] #  3
R09[1,1,-1,-3] #  3
R09[1,1,1,-1]  #  7
R09[1,1,1,-2]  #  7
R09[1,1,1,-3]  #  7
R09[1,1,-1,1]  # 11
R09[1,1,-2,1]  # 11
R09[1,1,-3,1]  # 11
R09[1,1,-4,1]  # 11
R09[1,1,-5,1]  # 11
R10[1,1,-1,0]  #  3
R10[1,1,0,-1]  #  3
R10[1,1,-2,0]  #  3
R10[1,1,-1,-1] #  3
R10[1,1,0,-2]  #  3
R10[1,1,-3,0]  #  3
R10[1,1,-2,-1] #  3
R10[1,1,-1,-2] #  3
R10[1,1,0,-3]  #  3
R10[1,1,-4,0]  #  3
R10[1,1,-3,-1] #  3
R10[1,1,-2,-2] #  3
R10[1,1,-1,-3] #  3
R10[1,1,1,-1]  #  7
R10[1,1,1,-2]  #  7
R10[1,1,1,-3]  #  7
R10[1,1,2,0]   #  7
R10[1,1,2,-1]  #  7
R10[1,1,-1,1]  # 11
R10[1,1,-2,1]  # 11
R10[1,1,-3,1]  # 11
R10[1,1,-4,1]  # 11
R10[1,1,-5,1]  # 11
R10[1,1,0,2]   # 11
R10[1,1,-1,2]  # 11
R10[1,1,-2,2]  # 11
R10[1,1,-3,2]  # 11
R10[1,1,1,2]   # 15
R10[1,1,2,1]   # 15
R10[1,1,2,2]   # 15
R11[1,1,0,-1]  #  3
R11[1,1,-1,0]  #  3
R11[1,1,0,-2]  #  3
R11[1,1,-1,-1] #  3
R11[1,1,-2,0]  #  3
R11[1,1,0,-3]  #  3
R11[1,1,-1,-2] #  3
R11[1,1,-2,-1] #  3
R11[1,1,-3,0]  #  3
R11[1,1,-1,-3] #  3
R11[1,1,-2,-2] #  3
R11[1,1,-3,-1] #  3
R11[1,1,-4,0]  #  3
R11[1,1,-1,1]  # 11
R11[1,1,-2,1]  # 11
R11[1,1,-3,1]  # 11
R11[1,1,-4,1]  # 11
R11[1,1,-5,1]  # 11
R11[1,1,0,2]   # 11
R11[1,1,-1,2]  # 11
R11[1,1,-2,2]  # 11
R11[1,1,-3,2]  # 11
R11[1,1,-4,2]  # 11
R11[1,1,1,-1]  #  7
R11[1,1,1,-2]  #  7
R11[1,1,1,-3]  #  7
R11[1,1,1,-4]  #  7
R11[1,1,2,0]   #  7
R11[1,1,2,-1]  #  7
R11[1,1,2,-2]  #  7
R11[1,1,2,-3]  #  7
R11[1,1,2,1]   # 15
R11[1,1,1,2]   # 15
R11[1,1,2,2]   # 15
R12[1,1,-1,0]  #  3
R12[1,1,0,-1]  #  3
R12[1,1,-2,0]  #  3
R12[1,1,-1,-1] #  3
R12[1,1,0,-2]  #  3
R12[1,1,-3,0]  #  3
R12[1,1,-2,-1] #  3
R12[1,1,-1,-2] #  3
R12[1,1,0,-3]  #  3
R12[1,1,-4,0]  #  3
R12[1,1,-3,-1] #  3
R12[1,1,-2,-2] #  3
R12[1,1,-1,-3] #  3
R12[1,1,1,-1]  #  7
R12[1,1,1,-2]  #  7
R12[1,1,1,-3]  #  7
R12[1,1,-1,1]  # 11
R12[1,1,-2,1]  # 11
R12[1,1,-3,1]  # 11
R12[1,1,-4,1]  # 11
R12[1,1,-5,1]  # 11

*****Master integrals which do not appear on the right**
*****hand side of the selected integrals****************
R01[1,1,1,1]   # 15
R02[1,1,1,1]   # 15
R03[1,1,1,1]   # 15
R08[1,1,0,0]   #  3
R08[1,1,1,0]   #  7
R08[1,1,0,1]   # 11
R08[1,1,1,1]   # 15
R09[1,1,0,0]   #  3
R09[1,1,1,0]   #  7
R09[1,1,0,1]   # 11
R09[1,1,1,1]   # 15
R10[1,1,0,0]   #  3
R10[1,1,1,0]   #  7
R10[1,1,0,1]   # 11
R10[1,1,1,1]   # 15
R11[1,1,0,0]   #  3
R11[1,1,1,0]   #  7
R11[1,1,0,1]   # 11
R11[1,1,1,1]   # 15
R12[1,1,0,0]   #  3
R12[1,1,1,0]   #  7
R12[1,1,0,1]   # 11
R12[1,1,1,1]   # 15
R08[1,1,-1,0]  #  3
R08[1,1,0,-1]  #  3
R08[1,1,-2,0]  #  3
R08[1,1,-1,-1] #  3
R08[1,1,0,-2]  #  3
R08[1,1,-3,0]  #  3
R08[1,1,-2,-1] #  3
R08[1,1,-4,0]  #  3
R08[1,1,-3,-1] #  3
R08[1,1,1,-1]  #  7
R08[1,1,1,-2]  #  7
R08[1,1,-1,1]  # 11
R08[1,1,-2,1]  # 11
R08[1,1,-3,1]  # 11
R08[1,1,-4,1]  # 11
R08[1,1,-5,1]  # 11
R09[1,1,-1,0]  #  3
R09[1,1,0,-1]  #  3
R09[1,1,-2,0]  #  3
R09[1,1,-1,-1] #  3
R09[1,1,0,-2]  #  3
R09[1,1,-3,0]  #  3
R09[1,1,-2,-1] #  3
R09[1,1,-1,-2] #  3
R09[1,1,0,-3]  #  3
R09[1,1,-4,0]  #  3
R09[1,1,-3,-1] #  3
R09[1,1,-2,-2] #  3
R09[1,1,-1,-3] #  3
R09[1,1,1,-1]  #  7
R09[1,1,1,-2]  #  7
R09[1,1,1,-3]  #  7
R09[1,1,-1,1]  # 11
R09[1,1,-2,1]  # 11
R09[1,1,-3,1]  # 11
R09[1,1,-4,1]  # 11
R09[1,1,-5,1]  # 11
R10[1,1,-1,0]  #  3
R10[1,1,0,-1]  #  3
R10[1,1,-2,0]  #  3
R10[1,1,-1,-1] #  3
R10[1,1,0,-2]  #  3
R10[1,1,-3,0]  #  3
R10[1,1,-2,-1] #  3
R10[1,1,-1,-2] #  3
R10[1,1,0,-3]  #  3
R10[1,1,-4,0]  #  3
R10[1,1,-3,-1] #  3
R10[1,1,-2,-2] #  3
R10[1,1,-1,-3] #  3
R10[1,1,1,-1]  #  7
R10[1,1,1,-2]  #  7
R10[1,1,1,-3]  #  7
R10[1,1,2,0]   #  7
R10[1,1,2,-1]  #  7
R10[1,1,-1,1]  # 11
R10[1,1,-2,1]  # 11
R10[1,1,-3,1]  # 11
R10[1,1,-4,1]  # 11
R10[1,1,-5,1]  # 11
R10[1,1,0,2]   # 11
R10[1,1,-1,2]  # 11
R10[1,1,-2,2]  # 11
R10[1,1,-3,2]  # 11
R10[1,1,1,2]   # 15
R10[1,1,2,1]   # 15
R10[1,1,2,2]   # 15
R11[1,1,0,-1]  #  3
R11[1,1,-1,0]  #  3
R11[1,1,0,-2]  #  3
R11[1,1,-1,-1] #  3
R11[1,1,-2,0]  #  3
R11[1,1,0,-3]  #  3
R11[1,1,-1,-2] #  3
R11[1,1,-2,-1] #  3
R11[1,1,-3,0]  #  3
R11[1,1,-1,-3] #  3
R11[1,1,-2,-2] #  3
R11[1,1,-3,-1] #  3
R11[1,1,-4,0]  #  3
R11[1,1,-1,1]  # 11
R11[1,1,-2,1]  # 11
R11[1,1,-3,1]  # 11
R11[1,1,-4,1]  # 11
R11[1,1,-5,1]  # 11
R11[1,1,0,2]   # 11
R11[1,1,-1,2]  # 11
R11[1,1,-2,2]  # 11
R11[1,1,-3,2]  # 11
R11[1,1,-4,2]  # 11
R11[1,1,1,-1]  #  7
R11[1,1,1,-2]  #  7
R11[1,1,1,-3]  #  7
R11[1,1,1,-4]  #  7
R11[1,1,2,0]   #  7
R11[1,1,2,-1]  #  7
R11[1,1,2,-2]  #  7
R11[1,1,2,-3]  #  7
R11[1,1,2,1]   # 15
R11[1,1,1,2]   # 15
R11[1,1,2,2]   # 15
R12[1,1,-1,0]  #  3
R12[1,1,0,-1]  #  3
R12[1,1,-2,0]  #  3
R12[1,1,-1,-1] #  3
R12[1,1,0,-2]  #  3
R12[1,1,-3,0]  #  3
R12[1,1,-2,-1] #  3
R12[1,1,-1,-2] #  3
R12[1,1,0,-3]  #  3
R12[1,1,-4,0]  #  3
R12[1,1,-3,-1] #  3
R12[1,1,-2,-2] #  3
R12[1,1,-1,-3] #  3
R12[1,1,1,-1]  #  7
R12[1,1,1,-2]  #  7
R12[1,1,1,-3]  #  7
R12[1,1,-1,1]  # 11
R12[1,1,-2,1]  # 11
R12[1,1,-3,1]  # 11
R12[1,1,-4,1]  # 11
R12[1,1,-5,1]  # 11

Total number of master integrals: 148
( 0.3 s )

***********************************************************
Kira starts the reduction of the topology: R08
***********************************************************

***** Select equations recursively ************************
length of mandatory list: 315
Algebraic reconstruction is switched off.
2542 independent coefficients
directory to the masters: R08
Number of master integrals: 130
R01[1,1,0,0]   #  3
R01[1,1,1,1]   # 15
R02[1,1,1,1]   # 15
R03[1,1,0,1]   # 11
R03[1,1,1,1]   # 15
R04[1,1,1,1]   # 15
R09[1,1,0,0]   #  3
R09[1,1,1,0]   #  7
R09[1,1,0,1]   # 11
R09[1,1,1,1]   # 15
R10[1,1,0,0]   #  3
R10[1,1,1,0]   #  7
R10[1,1,0,1]   # 11
R10[1,1,1,1]   # 15
R11[1,1,0,0]   #  3
R11[1,1,1,0]   #  7
R11[1,1,0,1]   # 11
R11[1,1,1,1]   # 15
R12[1,1,0,0]   #  3
R12[1,1,1,0]   #  7
R12[1,1,0,1]   # 11
R12[1,1,1,1]   # 15
R04[1,1,2,2]   # 15
R07[1,1,2,2]   # 15
R09[1,1,-1,0]  #  3
R09[1,1,0,-1]  #  3
R09[1,1,-2,0]  #  3
R09[1,1,-1,-1] #  3
R09[1,1,0,-2]  #  3
R09[1,1,-3,0]  #  3
R09[1,1,-2,-1] #  3
R09[1,1,-1,-2] #  3
R09[1,1,0,-3]  #  3
R09[1,1,-4,0]  #  3
R09[1,1,-3,-1] #  3
R09[1,1,-2,-2] #  3
R09[1,1,-1,-3] #  3
R09[1,1,1,-1]  #  7
R09[1,1,1,-2]  #  7
R09[1,1,1,-3]  #  7
R09[1,1,-1,1]  # 11
R09[1,1,-2,1]  # 11
R09[1,1,-3,1]  # 11
R09[1,1,-4,1]  # 11
R09[1,1,-5,1]  # 11
R10[1,1,-1,0]  #  3
R10[1,1,0,-1]  #  3
R10[1,1,-2,0]  #  3
R10[1,1,-1,-1] #  3
R10[1,1,0,-2]  #  3
R10[1,1,-3,0]  #  3
R10[1,1,-2,-1] #  3
R10[1,1,-1,-2] #  3
R10[1,1,0,-3]  #  3
R10[1,1,-4,0]  #  3
R10[1,1,-3,-1] #  3
R10[1,1,-2,-2] #  3
R10[1,1,-1,-3] #  3
R10[1,1,1,-1]  #  7
R10[1,1,1,-2]  #  7
R10[1,1,1,-3]  #  7
R10[1,1,2,0]   #  7
R10[1,1,2,-1]  #  7
R10[1,1,-1,1]  # 11
R10[1,1,-2,1]  # 11
R10[1,1,-3,1]  # 11
R10[1,1,-4,1]  # 11
R10[1,1,-5,1]  # 11
R10[1,1,0,2]   # 11
R10[1,1,-1,2]  # 11
R10[1,1,-2,2]  # 11
R10[1,1,-3,2]  # 11
R10[1,1,1,2]   # 15
R10[1,1,2,1]   # 15
R10[1,1,2,2]   # 15
R11[1,1,0,-1]  #  3
R11[1,1,-1,0]  #  3
R11[1,1,0,-2]  #  3
R11[1,1,-1,-1] #  3
R11[1,1,-2,0]  #  3
R11[1,1,0,-3]  #  3
R11[1,1,-1,-2] #  3
R11[1,1,-2,-1] #  3
R11[1,1,-3,0]  #  3
R11[1,1,-1,-3] #  3
R11[1,1,-2,-2] #  3
R11[1,1,-3,-1] #  3
R11[1,1,-4,0]  #  3
R11[1,1,-1,1]  # 11
R11[1,1,-2,1]  # 11
R11[1,1,-3,1]  # 11
R11[1,1,-4,1]  # 11
R11[1,1,-5,1]  # 11
R11[1,1,0,2]   # 11
R11[1,1,-1,2]  # 11
R11[1,1,-2,2]  # 11
R11[1,1,-3,2]  # 11
R11[1,1,-4,2]  # 11
R11[1,1,1,-1]  #  7
R11[1,1,1,-2]  #  7
R11[1,1,1,-3]  #  7
R11[1,1,1,-4]  #  7
R11[1,1,2,0]   #  7
R11[1,1,2,-1]  #  7
R11[1,1,2,-2]  #  7
R11[1,1,2,-3]  #  7
R11[1,1,2,1]   # 15
R11[1,1,1,2]   # 15
R11[1,1,2,2]   # 15
R12[1,1,-1,0]  #  3
R12[1,1,0,-1]  #  3
R12[1,1,-2,0]  #  3
R12[1,1,-1,-1] #  3
R12[1,1,0,-2]  #  3
R12[1,1,-3,0]  #  3
R12[1,1,-2,-1] #  3
R12[1,1,-1,-2] #  3
R12[1,1,0,-3]  #  3
R12[1,1,-4,0]  #  3
R12[1,1,-3,-1] #  3
R12[1,1,-2,-2] #  3
R12[1,1,-1,-3] #  3
R12[1,1,1,-1]  #  7
R12[1,1,1,-2]  #  7
R12[1,1,1,-3]  #  7
R12[1,1,-1,1]  # 11
R12[1,1,-2,1]  # 11
R12[1,1,-3,1]  # 11
R12[1,1,-4,1]  # 11
R12[1,1,-5,1]  # 11

Number of selected equations to reduce: 0 equations

Number of selected equations to reduce: 0 equations
Regenerate:

Number of selected equations to reduce: 250 equations
( 0.4 s )
Algebraic reconstruction is switched off.

***** Select equations recursively ************************
length of mandatory list: 315

***** Bring system in triangular form *********************

Iterate the system until it is in triangular form: 
iteration: 0; items left: 24; time: ( 0.0 s )
iteration: 1; items left: 11; time: ( 0.0 s )
iteration: 2; items left: 8; time: ( 0.0 s )
iteration: 3; items left: 6; time: ( 0.0 s )
iteration: 4; items left: 5; time: ( 0.0 s )
iteration: 5; items left: 5; time: ( 0.0 s )
redundant: 0; insertions 73
All coefficients will be normalized

Equations out of bounds rmax and smax: 12
Equations in the bounds rmax and smax: 238
( 0.0 s )

Write the triangular system to ./tmp/ on hard disk
(--> ./tmp/R08/VERconfig, ./tmp/R08/VER###) 

Triangular form completed after ( 0.4 s )
Algebraic reconstruction is switched off.

***** Run the back substitution ***********************

Load all files from ./tmp/
Take 45 equations to reduce 23 missing equations

Back substitution: 


Equations reduced: 0 / 45
Kira committed results ( 0.0 s )


Equations reduced: 0 / 45
Kira committed results ( 0.0 s )


Equations reduced: 0 / 45
Kira committed results ( 0.1 s )


Equations reduced: 6 / 45
Kira committed results ( 0.1 s )


Equations reduced: 6 / 45
Kira committed results ( 0.1 s )


Equations reduced: 15 / 45
Kira committed results ( 0.1 s )


Equations reduced: 24 / 45
Kira committed results ( 0.1 s )


Equations reduced: 43 / 45
Kira committed results ( 0.2 s )


Equations reduced: 45 / 45
Kira committed results ( 0.2 s )

45 equations were reduced

*****Master integrals***********************************
R01[1,1,0,0]   #  3
R03[1,1,0,1]   # 11
R03[1,1,1,1]   # 15
R04[1,1,1,1]   # 15
R01[1,1,1,1]   # 15
R02[1,1,1,1]   # 15
R09[1,1,0,0]   #  3
R09[1,1,1,0]   #  7
R09[1,1,0,1]   # 11
R09[1,1,1,1]   # 15
R10[1,1,0,0]   #  3
R10[1,1,1,0]   #  7
R10[1,1,0,1]   # 11
R10[1,1,1,1]   # 15
R11[1,1,0,0]   #  3
R11[1,1,1,0]   #  7
R11[1,1,0,1]   # 11
R11[1,1,1,1]   # 15
R12[1,1,0,0]   #  3
R12[1,1,1,0]   #  7
R12[1,1,0,1]   # 11
R12[1,1,1,1]   # 15
R04[1,1,2,2]   # 15
R07[1,1,2,2]   # 15
R09[1,1,-1,0]  #  3
R09[1,1,0,-1]  #  3
R09[1,1,-2,0]  #  3
R09[1,1,-1,-1] #  3
R09[1,1,0,-2]  #  3
R09[1,1,-3,0]  #  3
R09[1,1,-2,-1] #  3
R09[1,1,-1,-2] #  3
R09[1,1,0,-3]  #  3
R09[1,1,-4,0]  #  3
R09[1,1,-3,-1] #  3
R09[1,1,-2,-2] #  3
R09[1,1,-1,-3] #  3
R09[1,1,1,-1]  #  7
R09[1,1,1,-2]  #  7
R09[1,1,1,-3]  #  7
R09[1,1,-1,1]  # 11
R09[1,1,-2,1]  # 11
R09[1,1,-3,1]  # 11
R09[1,1,-4,1]  # 11
R09[1,1,-5,1]  # 11
R10[1,1,-1,0]  #  3
R10[1,1,0,-1]  #  3
R10[1,1,-2,0]  #  3
R10[1,1,-1,-1] #  3
R10[1,1,0,-2]  #  3
R10[1,1,-3,0]  #  3
R10[1,1,-2,-1] #  3
R10[1,1,-1,-2] #  3
R10[1,1,0,-3]  #  3
R10[1,1,-4,0]  #  3
R10[1,1,-3,-1] #  3
R10[1,1,-2,-2] #  3
R10[1,1,-1,-3] #  3
R10[1,1,1,-1]  #  7
R10[1,1,1,-2]  #  7
R10[1,1,1,-3]  #  7
R10[1,1,2,0]   #  7
R10[1,1,2,-1]  #  7
R10[1,1,-1,1]  # 11
R10[1,1,-2,1]  # 11
R10[1,1,-3,1]  # 11
R10[1,1,-4,1]  # 11
R10[1,1,-5,1]  # 11
R10[1,1,0,2]   # 11
R10[1,1,-1,2]  # 11
R10[1,1,-2,2]  # 11
R10[1,1,-3,2]  # 11
R10[1,1,1,2]   # 15
R10[1,1,2,1]   # 15
R10[1,1,2,2]   # 15
R11[1,1,0,-1]  #  3
R11[1,1,-1,0]  #  3
R11[1,1,0,-2]  #  3
R11[1,1,-1,-1] #  3
R11[1,1,-2,0]  #  3
R11[1,1,0,-3]  #  3
R11[1,1,-1,-2] #  3
R11[1,1,-2,-1] #  3
R11[1,1,-3,0]  #  3
R11[1,1,-1,-3] #  3
R11[1,1,-2,-2] #  3
R11[1,1,-3,-1] #  3
R11[1,1,-4,0]  #  3
R11[1,1,-1,1]  # 11
R11[1,1,-2,1]  # 11
R11[1,1,-3,1]  # 11
R11[1,1,-4,1]  # 11
R11[1,1,-5,1]  # 11
R11[1,1,0,2]   # 11
R11[1,1,-1,2]  # 11
R11[1,1,-2,2]  # 11
R11[1,1,-3,2]  # 11
R11[1,1,-4,2]  # 11
R11[1,1,1,-1]  #  7
R11[1,1,1,-2]  #  7
R11[1,1,1,-3]  #  7
R11[1,1,1,-4]  #  7
R11[1,1,2,0]   #  7
R11[1,1,2,-1]  #  7
R11[1,1,2,-2]  #  7
R11[1,1,2,-3]  #  7
R11[1,1,2,1]   # 15
R11[1,1,1,2]   # 15
R11[1,1,2,2]   # 15
R12[1,1,-1,0]  #  3
R12[1,1,0,-1]  #  3
R12[1,1,-2,0]  #  3
R12[1,1,-1,-1] #  3
R12[1,1,0,-2]  #  3
R12[1,1,-3,0]  #  3
R12[1,1,-2,-1] #  3
R12[1,1,-1,-2] #  3
R12[1,1,0,-3]  #  3
R12[1,1,-4,0]  #  3
R12[1,1,-3,-1] #  3
R12[1,1,-2,-2] #  3
R12[1,1,-1,-3] #  3
R12[1,1,1,-1]  #  7
R12[1,1,1,-2]  #  7
R12[1,1,1,-3]  #  7
R12[1,1,-1,1]  # 11
R12[1,1,-2,1]  # 11
R12[1,1,-3,1]  # 11
R12[1,1,-4,1]  # 11
R12[1,1,-5,1]  # 11

*****Master integrals which do not appear on the right**
*****hand side of the selected integrals****************
R01[1,1,1,1]   # 15
R02[1,1,1,1]   # 15
R09[1,1,0,0]   #  3
R09[1,1,1,0]   #  7
R09[1,1,0,1]   # 11
R09[1,1,1,1]   # 15
R10[1,1,0,0]   #  3
R10[1,1,1,0]   #  7
R10[1,1,0,1]   # 11
R10[1,1,1,1]   # 15
R11[1,1,0,0]   #  3
R11[1,1,1,0]   #  7
R11[1,1,0,1]   # 11
R11[1,1,1,1]   # 15
R12[1,1,0,0]   #  3
R12[1,1,1,0]   #  7
R12[1,1,0,1]   # 11
R12[1,1,1,1]   # 15
R04[1,1,2,2]   # 15
R07[1,1,2,2]   # 15
R09[1,1,-1,0]  #  3
R09[1,1,0,-1]  #  3
R09[1,1,-2,0]  #  3
R09[1,1,-1,-1] #  3
R09[1,1,0,-2]  #  3
R09[1,1,-3,0]  #  3
R09[1,1,-2,-1] #  3
R09[1,1,-1,-2] #  3
R09[1,1,0,-3]  #  3
R09[1,1,-4,0]  #  3
R09[1,1,-3,-1] #  3
R09[1,1,-2,-2] #  3
R09[1,1,-1,-3] #  3
R09[1,1,1,-1]  #  7
R09[1,1,1,-2]  #  7
R09[1,1,1,-3]  #  7
R09[1,1,-1,1]  # 11
R09[1,1,-2,1]  # 11
R09[1,1,-3,1]  # 11
R09[1,1,-4,1]  # 11
R09[1,1,-5,1]  # 11
R10[1,1,-1,0]  #  3
R10[1,1,0,-1]  #  3
R10[1,1,-2,0]  #  3
R10[1,1,-1,-1] #  3
R10[1,1,0,-2]  #  3
R10[1,1,-3,0]  #  3
R10[1,1,-2,-1] #  3
R10[1,1,-1,-2] #  3
R10[1,1,0,-3]  #  3
R10[1,1,-4,0]  #  3
R10[1,1,-3,-1] #  3
R10[1,1,-2,-2] #  3
R10[1,1,-1,-3] #  3
R10[1,1,1,-1]  #  7
R10[1,1,1,-2]  #  7
R10[1,1,1,-3]  #  7
R10[1,1,2,0]   #  7
R10[1,1,2,-1]  #  7
R10[1,1,-1,1]  # 11
R10[1,1,-2,1]  # 11
R10[1,1,-3,1]  # 11
R10[1,1,-4,1]  # 11
R10[1,1,-5,1]  # 11
R10[1,1,0,2]   # 11
R10[1,1,-1,2]  # 11
R10[1,1,-2,2]  # 11
R10[1,1,-3,2]  # 11
R10[1,1,1,2]   # 15
R10[1,1,2,1]   # 15
R10[1,1,2,2]   # 15
R11[1,1,0,-1]  #  3
R11[1,1,-1,0]  #  3
R11[1,1,0,-2]  #  3
R11[1,1,-1,-1] #  3
R11[1,1,-2,0]  #  3
R11[1,1,0,-3]  #  3
R11[1,1,-1,-2] #  3
R11[1,1,-2,-1] #  3
R11[1,1,-3,0]  #  3
R11[1,1,-1,-3] #  3
R11[1,1,-2,-2] #  3
R11[1,1,-3,-1] #  3
R11[1,1,-4,0]  #  3
R11[1,1,-1,1]  # 11
R11[1,1,-2,1]  # 11
R11[1,1,-3,1]  # 11
R11[1,1,-4,1]  # 11
R11[1,1,-5,1]  # 11
R11[1,1,0,2]   # 11
R11[1,1,-1,2]  # 11
R11[1,1,-2,2]  # 11
R11[1,1,-3,2]  # 11
R11[1,1,-4,2]  # 11
R11[1,1,1,-1]  #  7
R11[1,1,1,-2]  #  7
R11[1,1,1,-3]  #  7
R11[1,1,1,-4]  #  7
R11[1,1,2,0]   #  7
R11[1,1,2,-1]  #  7
R11[1,1,2,-2]  #  7
R11[1,1,2,-3]  #  7
R11[1,1,2,1]   # 15
R11[1,1,1,2]   # 15
R11[1,1,2,2]   # 15
R12[1,1,-1,0]  #  3
R12[1,1,0,-1]  #  3
R12[1,1,-2,0]  #  3
R12[1,1,-1,-1] #  3
R12[1,1,0,-2]  #  3
R12[1,1,-3,0]  #  3
R12[1,1,-2,-1] #  3
R12[1,1,-1,-2] #  3
R12[1,1,0,-3]  #  3
R12[1,1,-4,0]  #  3
R12[1,1,-3,-1] #  3
R12[1,1,-2,-2] #  3
R12[1,1,-1,-3] #  3
R12[1,1,1,-1]  #  7
R12[1,1,1,-2]  #  7
R12[1,1,1,-3]  #  7
R12[1,1,-1,1]  # 11
R12[1,1,-2,1]  # 11
R12[1,1,-3,1]  # 11
R12[1,1,-4,1]  # 11
R12[1,1,-5,1]  # 11

Total number of master integrals: 130
( 0.2 s )

***********************************************************
Kira starts the reduction of the topology: R09
***********************************************************

***** Select equations recursively ************************
length of mandatory list: 315
Algebraic reconstruction is switched off.
2638 independent coefficients
directory to the masters: R09
Number of master integrals: 106
R01[1,1,0,0]   #  3
R01[1,1,1,1]   # 15
R02[1,1,1,1]   # 15
R03[1,1,0,1]   # 11
R03[1,1,1,1]   # 15
R04[1,1,1,1]   # 15
R09[1,1,1,1]   # 15
R10[1,1,0,0]   #  3
R10[1,1,1,0]   #  7
R10[1,1,0,1]   # 11
R10[1,1,1,1]   # 15
R11[1,1,0,0]   #  3
R11[1,1,1,0]   #  7
R11[1,1,0,1]   # 11
R11[1,1,1,1]   # 15
R12[1,1,0,0]   #  3
R12[1,1,1,0]   #  7
R12[1,1,0,1]   # 11
R12[1,1,1,1]   # 15
R04[1,1,2,2]   # 15
R07[1,1,2,2]   # 15
R10[1,1,-1,0]  #  3
R10[1,1,0,-1]  #  3
R10[1,1,-2,0]  #  3
R10[1,1,-1,-1] #  3
R10[1,1,0,-2]  #  3
R10[1,1,-3,0]  #  3
R10[1,1,-2,-1] #  3
R10[1,1,-1,-2] #  3
R10[1,1,0,-3]  #  3
R10[1,1,-4,0]  #  3
R10[1,1,-3,-1] #  3
R10[1,1,-2,-2] #  3
R10[1,1,-1,-3] #  3
R10[1,1,1,-1]  #  7
R10[1,1,1,-2]  #  7
R10[1,1,1,-3]  #  7
R10[1,1,2,0]   #  7
R10[1,1,2,-1]  #  7
R10[1,1,-1,1]  # 11
R10[1,1,-2,1]  # 11
R10[1,1,-3,1]  # 11
R10[1,1,-4,1]  # 11
R10[1,1,-5,1]  # 11
R10[1,1,0,2]   # 11
R10[1,1,-1,2]  # 11
R10[1,1,-2,2]  # 11
R10[1,1,-3,2]  # 11
R10[1,1,1,2]   # 15
R10[1,1,2,1]   # 15
R10[1,1,2,2]   # 15
R11[1,1,0,-1]  #  3
R11[1,1,-1,0]  #  3
R11[1,1,0,-2]  #  3
R11[1,1,-1,-1] #  3
R11[1,1,-2,0]  #  3
R11[1,1,0,-3]  #  3
R11[1,1,-1,-2] #  3
R11[1,1,-2,-1] #  3
R11[1,1,-3,0]  #  3
R11[1,1,-1,-3] #  3
R11[1,1,-2,-2] #  3
R11[1,1,-3,-1] #  3
R11[1,1,-4,0]  #  3
R11[1,1,-1,1]  # 11
R11[1,1,-2,1]  # 11
R11[1,1,-3,1]  # 11
R11[1,1,-4,1]  # 11
R11[1,1,-5,1]  # 11
R11[1,1,0,2]   # 11
R11[1,1,-1,2]  # 11
R11[1,1,-2,2]  # 11
R11[1,1,-3,2]  # 11
R11[1,1,-4,2]  # 11
R11[1,1,1,-1]  #  7
R11[1,1,1,-2]  #  7
R11[1,1,1,-3]  #  7
R11[1,1,1,-4]  #  7
R11[1,1,2,0]   #  7
R11[1,1,2,-1]  #  7
R11[1,1,2,-2]  #  7
R11[1,1,2,-3]  #  7
R11[1,1,2,1]   # 15
R11[1,1,1,2]   # 15
R11[1,1,2,2]   # 15
R12[1,1,-1,0]  #  3
R12[1,1,0,-1]  #  3
R12[1,1,-2,0]  #  3
R12[1,1,-1,-1] #  3
R12[1,1,0,-2]  #  3
R12[1,1,-3,0]  #  3
R12[1,1,-2,-1] #  3
R12[1,1,-1,-2] #  3
R12[1,1,0,-3]  #  3
R12[1,1,-4,0]  #  3
R12[1,1,-3,-1] #  3
R12[1,1,-2,-2] #  3
R12[1,1,-1,-3] #  3
R12[1,1,1,-1]  #  7
R12[1,1,1,-2]  #  7
R12[1,1,1,-3]  #  7
R12[1,1,-1,1]  # 11
R12[1,1,-2,1]  # 11
R12[1,1,-3,1]  # 11
R12[1,1,-4,1]  # 11
R12[1,1,-5,1]  # 11

Number of selected equations to reduce: 0 equations

Number of selected equations to reduce: 0 equations
Regenerate:

Number of selected equations to reduce: 286 equations
( 0.5 s )
Algebraic reconstruction is switched off.

***** Select equations recursively ************************
length of mandatory list: 315

***** Bring system in triangular form *********************

Iterate the system until it is in triangular form: 
iteration: 0; items left: 27; time: ( 0.0 s )
iteration: 1; items left: 14; time: ( 0.0 s )
iteration: 2; items left: 8; time: ( 0.0 s )
iteration: 3; items left: 6; time: ( 0.0 s )
iteration: 4; items left: 5; time: ( 0.0 s )
iteration: 5; items left: 5; time: ( 0.0 s )
redundant: 0; insertions 79
All coefficients will be normalized

Equations out of bounds rmax and smax: 15
Equations in the bounds rmax and smax: 271
( 0.0 s )

Write the triangular system to ./tmp/ on hard disk
(--> ./tmp/R09/VERconfig, ./tmp/R09/VER###) 

Triangular form completed after ( 0.4 s )
Algebraic reconstruction is switched off.

***** Run the back substitution ***********************

Load all files from ./tmp/
Take 62 equations to reduce 33 missing equations

Back substitution: 


Equations reduced: 0 / 62
Kira committed results ( 0.0 s )


Equations reduced: 0 / 62
Kira committed results ( 0.0 s )


Equations reduced: 9 / 62
Kira committed results ( 0.1 s )


Equations reduced: 14 / 62
Kira committed results ( 0.1 s )


Equations reduced: 18 / 62
Kira committed results ( 0.1 s )


Equations reduced: 41 / 62
Kira committed results ( 0.2 s )


Equations reduced: 62 / 62
Kira committed results ( 0.2 s )

62 equations were reduced

*****Master integrals***********************************
R01[1,1,0,0]   #  3
R03[1,1,0,1]   # 11
R01[1,1,1,1]   # 15
R02[1,1,1,1]   # 15
R03[1,1,1,1]   # 15
R04[1,1,1,1]   # 15
R09[1,1,1,1]   # 15
R10[1,1,0,0]   #  3
R10[1,1,1,0]   #  7
R10[1,1,0,1]   # 11
R10[1,1,1,1]   # 15
R11[1,1,0,0]   #  3
R11[1,1,1,0]   #  7
R11[1,1,0,1]   # 11
R11[1,1,1,1]   # 15
R12[1,1,0,0]   #  3
R12[1,1,1,0]   #  7
R12[1,1,0,1]   # 11
R12[1,1,1,1]   # 15
R04[1,1,2,2]   # 15
R07[1,1,2,2]   # 15
R10[1,1,-1,0]  #  3
R10[1,1,0,-1]  #  3
R10[1,1,-2,0]  #  3
R10[1,1,-1,-1] #  3
R10[1,1,0,-2]  #  3
R10[1,1,-3,0]  #  3
R10[1,1,-2,-1] #  3
R10[1,1,-1,-2] #  3
R10[1,1,0,-3]  #  3
R10[1,1,-4,0]  #  3
R10[1,1,-3,-1] #  3
R10[1,1,-2,-2] #  3
R10[1,1,-1,-3] #  3
R10[1,1,1,-1]  #  7
R10[1,1,1,-2]  #  7
R10[1,1,1,-3]  #  7
R10[1,1,2,0]   #  7
R10[1,1,2,-1]  #  7
R10[1,1,-1,1]  # 11
R10[1,1,-2,1]  # 11
R10[1,1,-3,1]  # 11
R10[1,1,-4,1]  # 11
R10[1,1,-5,1]  # 11
R10[1,1,0,2]   # 11
R10[1,1,-1,2]  # 11
R10[1,1,-2,2]  # 11
R10[1,1,-3,2]  # 11
R10[1,1,1,2]   # 15
R10[1,1,2,1]   # 15
R10[1,1,2,2]   # 15
R11[1,1,0,-1]  #  3
R11[1,1,-1,0]  #  3
R11[1,1,0,-2]  #  3
R11[1,1,-1,-1] #  3
R11[1,1,-2,0]  #  3
R11[1,1,0,-3]  #  3
R11[1,1,-1,-2] #  3
R11[1,1,-2,-1] #  3
R11[1,1,-3,0]  #  3
R11[1,1,-1,-3] #  3
R11[1,1,-2,-2] #  3
R11[1,1,-3,-1] #  3
R11[1,1,-4,0]  #  3
R11[1,1,-1,1]  # 11
R11[1,1,-2,1]  # 11
R11[1,1,-3,1]  # 11
R11[1,1,-4,1]  # 11
R11[1,1,-5,1]  # 11
R11[1,1,0,2]   # 11
R11[1,1,-1,2]  # 11
R11[1,1,-2,2]  # 11
R11[1,1,-3,2]  # 11
R11[1,1,-4,2]  # 11
R11[1,1,1,-1]  #  7
R11[1,1,1,-2]  #  7
R11[1,1,1,-3]  #  7
R11[1,1,1,-4]  #  7
R11[1,1,2,0]   #  7
R11[1,1,2,-1]  #  7
R11[1,1,2,-2]  #  7
R11[1,1,2,-3]  #  7
R11[1,1,2,1]   # 15
R11[1,1,1,2]   # 15
R11[1,1,2,2]   # 15
R12[1,1,-1,0]  #  3
R12[1,1,0,-1]  #  3
R12[1,1,-2,0]  #  3
R12[1,1,-1,-1] #  3
R12[1,1,0,-2]  #  3
R12[1,1,-3,0]  #  3
R12[1,1,-2,-1] #  3
R12[1,1,-1,-2] #  3
R12[1,1,0,-3]  #  3
R12[1,1,-4,0]  #  3
R12[1,1,-3,-1] #  3
R12[1,1,-2,-2] #  3
R12[1,1,-1,-3] #  3
R12[1,1,1,-1]  #  7
R12[1,1,1,-2]  #  7
R12[1,1,1,-3]  #  7
R12[1,1,-1,1]  # 11
R12[1,1,-2,1]  # 11
R12[1,1,-3,1]  # 11
R12[1,1,-4,1]  # 11
R12[1,1,-5,1]  # 11

*****Master integrals which do not appear on the right**
*****hand side of the selected integrals****************
R01[1,1,1,1]   # 15
R02[1,1,1,1]   # 15
R03[1,1,1,1]   # 15
R04[1,1,1,1]   # 15
R09[1,1,1,1]   # 15
R10[1,1,0,0]   #  3
R10[1,1,1,0]   #  7
R10[1,1,0,1]   # 11
R10[1,1,1,1]   # 15
R11[1,1,0,0]   #  3
R11[1,1,1,0]   #  7
R11[1,1,0,1]   # 11
R11[1,1,1,1]   # 15
R12[1,1,0,0]   #  3
R12[1,1,1,0]   #  7
R12[1,1,0,1]   # 11
R12[1,1,1,1]   # 15
R04[1,1,2,2]   # 15
R07[1,1,2,2]   # 15
R10[1,1,-1,0]  #  3
R10[1,1,0,-1]  #  3
R10[1,1,-2,0]  #  3
R10[1,1,-1,-1] #  3
R10[1,1,0,-2]  #  3
R10[1,1,-3,0]  #  3
R10[1,1,-2,-1] #  3
R10[1,1,-1,-2] #  3
R10[1,1,0,-3]  #  3
R10[1,1,-4,0]  #  3
R10[1,1,-3,-1] #  3
R10[1,1,-2,-2] #  3
R10[1,1,-1,-3] #  3
R10[1,1,1,-1]  #  7
R10[1,1,1,-2]  #  7
R10[1,1,1,-3]  #  7
R10[1,1,2,0]   #  7
R10[1,1,2,-1]  #  7
R10[1,1,-1,1]  # 11
R10[1,1,-2,1]  # 11
R10[1,1,-3,1]  # 11
R10[1,1,-4,1]  # 11
R10[1,1,-5,1]  # 11
R10[1,1,0,2]   # 11
R10[1,1,-1,2]  # 11
R10[1,1,-2,2]  # 11
R10[1,1,-3,2]  # 11
R10[1,1,1,2]   # 15
R10[1,1,2,1]   # 15
R10[1,1,2,2]   # 15
R11[1,1,0,-1]  #  3
R11[1,1,-1,0]  #  3
R11[1,1,0,-2]  #  3
R11[1,1,-1,-1] #  3
R11[1,1,-2,0]  #  3
R11[1,1,0,-3]  #  3
R11[1,1,-1,-2] #  3
R11[1,1,-2,-1] #  3
R11[1,1,-3,0]  #  3
R11[1,1,-1,-3] #  3
R11[1,1,-2,-2] #  3
R11[1,1,-3,-1] #  3
R11[1,1,-4,0]  #  3
R11[1,1,-1,1]  # 11
R11[1,1,-2,1]  # 11
R11[1,1,-3,1]  # 11
R11[1,1,-4,1]  # 11
R11[1,1,-5,1]  # 11
R11[1,1,0,2]   # 11
R11[1,1,-1,2]  # 11
R11[1,1,-2,2]  # 11
R11[1,1,-3,2]  # 11
R11[1,1,-4,2]  # 11
R11[1,1,1,-1]  #  7
R11[1,1,1,-2]  #  7
R11[1,1,1,-3]  #  7
R11[1,1,1,-4]  #  7
R11[1,1,2,0]   #  7
R11[1,1,2,-1]  #  7
R11[1,1,2,-2]  #  7
R11[1,1,2,-3]  #  7
R11[1,1,2,1]   # 15
R11[1,1,1,2]   # 15
R11[1,1,2,2]   # 15
R12[1,1,-1,0]  #  3
R12[1,1,0,-1]  #  3
R12[1,1,-2,0]  #  3
R12[1,1,-1,-1] #  3
R12[1,1,0,-2]  #  3
R12[1,1,-3,0]  #  3
R12[1,1,-2,-1] #  3
R12[1,1,-1,-2] #  3
R12[1,1,0,-3]  #  3
R12[1,1,-4,0]  #  3
R12[1,1,-3,-1] #  3
R12[1,1,-2,-2] #  3
R12[1,1,-1,-3] #  3
R12[1,1,1,-1]  #  7
R12[1,1,1,-2]  #  7
R12[1,1,1,-3]  #  7
R12[1,1,-1,1]  # 11
R12[1,1,-2,1]  # 11
R12[1,1,-3,1]  # 11
R12[1,1,-4,1]  # 11
R12[1,1,-5,1]  # 11

Total number of master integrals: 106
( 0.2 s )

***********************************************************
Kira starts the reduction of the topology: R10
***********************************************************

***** Select equations recursively ************************
length of mandatory list: 315
Algebraic reconstruction is switched off.
3024 independent coefficients
directory to the masters: R10
Number of master integrals: 71
R01[1,1,0,0]   #  3
R01[1,1,1,1]   # 15
R02[1,1,1,1]   # 15
R03[1,1,0,1]   # 11
R03[1,1,1,1]   # 15
R04[1,1,1,1]   # 15
R09[1,1,1,1]   # 15
R10[1,1,1,1]   # 15
R11[1,1,0,0]   #  3
R11[1,1,1,0]   #  7
R11[1,1,0,1]   # 11
R11[1,1,1,1]   # 15
R12[1,1,0,0]   #  3
R12[1,1,1,0]   #  7
R12[1,1,0,1]   # 11
R12[1,1,1,1]   # 15
R11[1,1,0,-1]  #  3
R11[1,1,-1,0]  #  3
R11[1,1,0,-2]  #  3
R11[1,1,-1,-1] #  3
R11[1,1,-2,0]  #  3
R11[1,1,0,-3]  #  3
R11[1,1,-1,-2] #  3
R11[1,1,-2,-1] #  3
R11[1,1,-3,0]  #  3
R11[1,1,-1,-3] #  3
R11[1,1,-2,-2] #  3
R11[1,1,-3,-1] #  3
R11[1,1,-4,0]  #  3
R11[1,1,-1,1]  # 11
R11[1,1,-2,1]  # 11
R11[1,1,-3,1]  # 11
R11[1,1,-4,1]  # 11
R11[1,1,-5,1]  # 11
R11[1,1,0,2]   # 11
R11[1,1,-1,2]  # 11
R11[1,1,-2,2]  # 11
R11[1,1,-3,2]  # 11
R11[1,1,-4,2]  # 11
R11[1,1,1,-1]  #  7
R11[1,1,1,-2]  #  7
R11[1,1,1,-3]  #  7
R11[1,1,1,-4]  #  7
R11[1,1,2,0]   #  7
R11[1,1,2,-1]  #  7
R11[1,1,2,-2]  #  7
R11[1,1,2,-3]  #  7
R11[1,1,2,1]   # 15
R11[1,1,1,2]   # 15
R11[1,1,2,2]   # 15
R12[1,1,-1,0]  #  3
R12[1,1,0,-1]  #  3
R12[1,1,-2,0]  #  3
R12[1,1,-1,-1] #  3
R12[1,1,0,-2]  #  3
R12[1,1,-3,0]  #  3
R12[1,1,-2,-1] #  3
R12[1,1,-1,-2] #  3
R12[1,1,0,-3]  #  3
R12[1,1,-4,0]  #  3
R12[1,1,-3,-1] #  3
R12[1,1,-2,-2] #  3
R12[1,1,-1,-3] #  3
R12[1,1,1,-1]  #  7
R12[1,1,1,-2]  #  7
R12[1,1,1,-3]  #  7
R12[1,1,-1,1]  # 11
R12[1,1,-2,1]  # 11
R12[1,1,-3,1]  # 11
R12[1,1,-4,1]  # 11
R12[1,1,-5,1]  # 11

Number of selected equations to reduce: 0 equations
Regenerate:

Number of selected equations to reduce: 361 equations
( 0.7 s )
Algebraic reconstruction is switched off.

***** Select equations recursively ************************
length of mandatory list: 315

***** Bring system in triangular form *********************

Iterate the system until it is in triangular form: 
iteration: 0; items left: 30; time: ( 0.0 s )
iteration: 1; items left: 15; time: ( 0.0 s )
iteration: 2; items left: 9; time: ( 0.0 s )
iteration: 3; items left: 6; time: ( 0.0 s )
iteration: 4; items left: 5; time: ( 0.0 s )
iteration: 5; items left: 5; time: ( 0.0 s )
redundant: 0; insertions 84
All coefficients will be normalized

Equations out of bounds rmax and smax: 13
Equations in the bounds rmax and smax: 348
( 0.0 s )

Write the triangular system to ./tmp/ on hard disk
(--> ./tmp/R10/VERconfig, ./tmp/R10/VER###) 

Triangular form completed after ( 0.4 s )
Algebraic reconstruction is switched off.

***** Run the back substitution ***********************

Load all files from ./tmp/
Take 111 equations to reduce 58 missing equations

Back substitution: 


Equations reduced: 0 / 111
Kira committed results ( 0.0 s )


Equations reduced: 2 / 111
Kira committed results ( 0.1 s )


Equations reduced: 8 / 111
Kira committed results ( 0.1 s )


Equations reduced: 19 / 111
Kira committed results ( 0.1 s )


Equations reduced: 39 / 111
Kira committed results ( 0.1 s )


Equations reduced: 53 / 111
Kira committed results ( 0.2 s )


Equations reduced: 100 / 111
Kira committed results ( 0.2 s )


Equations reduced: 111 / 111
Kira committed results ( 0.2 s )

111 equations were reduced

*****Master integrals***********************************
R01[1,1,0,0]   #  3
R03[1,1,0,1]   # 11
R10[1,1,1,1]   # 15
R01[1,1,1,1]   # 15
R02[1,1,1,1]   # 15
R03[1,1,1,1]   # 15
R04[1,1,1,1]   # 15
R09[1,1,1,1]   # 15
R11[1,1,0,0]   #  3
R11[1,1,1,0]   #  7
R11[1,1,0,1]   # 11
R11[1,1,1,1]   # 15
R12[1,1,0,0]   #  3
R12[1,1,1,0]   #  7
R12[1,1,0,1]   # 11
R12[1,1,1,1]   # 15
R11[1,1,0,-1]  #  3
R11[1,1,-1,0]  #  3
R11[1,1,0,-2]  #  3
R11[1,1,-1,-1] #  3
R11[1,1,-2,0]  #  3
R11[1,1,0,-3]  #  3
R11[1,1,-1,-2] #  3
R11[1,1,-2,-1] #  3
R11[1,1,-3,0]  #  3
R11[1,1,-1,-3] #  3
R11[1,1,-2,-2] #  3
R11[1,1,-3,-1] #  3
R11[1,1,-4,0]  #  3
R11[1,1,-1,1]  # 11
R11[1,1,-2,1]  # 11
R11[1,1,-3,1]  # 11
R11[1,1,-4,1]  # 11
R11[1,1,-5,1]  # 11
R11[1,1,0,2]   # 11
R11[1,1,-1,2]  # 11
R11[1,1,-2,2]  # 11
R11[1,1,-3,2]  # 11
R11[1,1,-4,2]  # 11
R11[1,1,1,-1]  #  7
R11[1,1,1,-2]  #  7
R11[1,1,1,-3]  #  7
R11[1,1,1,-4]  #  7
R11[1,1,2,0]   #  7
R11[1,1,2,-1]  #  7
R11[1,1,2,-2]  #  7
R11[1,1,2,-3]  #  7
R11[1,1,2,1]   # 15
R11[1,1,1,2]   # 15
R11[1,1,2,2]   # 15
R12[1,1,-1,0]  #  3
R12[1,1,0,-1]  #  3
R12[1,1,-2,0]  #  3
R12[1,1,-1,-1] #  3
R12[1,1,0,-2]  #  3
R12[1,1,-3,0]  #  3
R12[1,1,-2,-1] #  3
R12[1,1,-1,-2] #  3
R12[1,1,0,-3]  #  3
R12[1,1,-4,0]  #  3
R12[1,1,-3,-1] #  3
R12[1,1,-2,-2] #  3
R12[1,1,-1,-3] #  3
R12[1,1,1,-1]  #  7
R12[1,1,1,-2]  #  7
R12[1,1,1,-3]  #  7
R12[1,1,-1,1]  # 11
R12[1,1,-2,1]  # 11
R12[1,1,-3,1]  # 11
R12[1,1,-4,1]  # 11
R12[1,1,-5,1]  # 11

*****Master integrals which do not appear on the right**
*****hand side of the selected integrals****************
R01[1,1,1,1]   # 15
R02[1,1,1,1]   # 15
R03[1,1,1,1]   # 15
R04[1,1,1,1]   # 15
R09[1,1,1,1]   # 15
R11[1,1,0,0]   #  3
R11[1,1,1,0]   #  7
R11[1,1,0,1]   # 11
R11[1,1,1,1]   # 15
R12[1,1,0,0]   #  3
R12[1,1,1,0]   #  7
R12[1,1,0,1]   # 11
R12[1,1,1,1]   # 15
R11[1,1,0,-1]  #  3
R11[1,1,-1,0]  #  3
R11[1,1,0,-2]  #  3
R11[1,1,-1,-1] #  3
R11[1,1,-2,0]  #  3
R11[1,1,0,-3]  #  3
R11[1,1,-1,-2] #  3
R11[1,1,-2,-1] #  3
R11[1,1,-3,0]  #  3
R11[1,1,-1,-3] #  3
R11[1,1,-2,-2] #  3
R11[1,1,-3,-1] #  3
R11[1,1,-4,0]  #  3
R11[1,1,-1,1]  # 11
R11[1,1,-2,1]  # 11
R11[1,1,-3,1]  # 11
R11[1,1,-4,1]  # 11
R11[1,1,-5,1]  # 11
R11[1,1,0,2]   # 11
R11[1,1,-1,2]  # 11
R11[1,1,-2,2]  # 11
R11[1,1,-3,2]  # 11
R11[1,1,-4,2]  # 11
R11[1,1,1,-1]  #  7
R11[1,1,1,-2]  #  7
R11[1,1,1,-3]  #  7
R11[1,1,1,-4]  #  7
R11[1,1,2,0]   #  7
R11[1,1,2,-1]  #  7
R11[1,1,2,-2]  #  7
R11[1,1,2,-3]  #  7
R11[1,1,2,1]   # 15
R11[1,1,1,2]   # 15
R11[1,1,2,2]   # 15
R12[1,1,-1,0]  #  3
R12[1,1,0,-1]  #  3
R12[1,1,-2,0]  #  3
R12[1,1,-1,-1] #  3
R12[1,1,0,-2]  #  3
R12[1,1,-3,0]  #  3
R12[1,1,-2,-1] #  3
R12[1,1,-1,-2] #  3
R12[1,1,0,-3]  #  3
R12[1,1,-4,0]  #  3
R12[1,1,-3,-1] #  3
R12[1,1,-2,-2] #  3
R12[1,1,-1,-3] #  3
R12[1,1,1,-1]  #  7
R12[1,1,1,-2]  #  7
R12[1,1,1,-3]  #  7
R12[1,1,-1,1]  # 11
R12[1,1,-2,1]  # 11
R12[1,1,-3,1]  # 11
R12[1,1,-4,1]  # 11
R12[1,1,-5,1]  # 11

Total number of master integrals: 71
( 0.2 s )

***********************************************************
Kira starts the reduction of the topology: R11
***********************************************************

***** Select equations recursively ************************
length of mandatory list: 315
Algebraic reconstruction is switched off.
3399 independent coefficients
directory to the masters: R11
Number of master integrals: 33
R01[1,1,0,0]   #  3
R01[1,1,1,1]   # 15
R02[1,1,1,1]   # 15
R03[1,1,0,1]   # 11
R03[1,1,1,1]   # 15
R04[1,1,1,1]   # 15
R09[1,1,1,1]   # 15
R10[1,1,1,1]   # 15
R12[1,1,0,0]   #  3
R12[1,1,1,0]   #  7
R12[1,1,0,1]   # 11
R12[1,1,1,1]   # 15
R12[1,1,-1,0]  #  3
R12[1,1,0,-1]  #  3
R12[1,1,-2,0]  #  3
R12[1,1,-1,-1] #  3
R12[1,1,0,-2]  #  3
R12[1,1,-3,0]  #  3
R12[1,1,-2,-1] #  3
R12[1,1,-1,-2] #  3
R12[1,1,0,-3]  #  3
R12[1,1,-4,0]  #  3
R12[1,1,-3,-1] #  3
R12[1,1,-2,-2] #  3
R12[1,1,-1,-3] #  3
R12[1,1,1,-1]  #  7
R12[1,1,1,-2]  #  7
R12[1,1,1,-3]  #  7
R12[1,1,-1,1]  # 11
R12[1,1,-2,1]  # 11
R12[1,1,-3,1]  # 11
R12[1,1,-4,1]  # 11
R12[1,1,-5,1]  # 11

Number of selected equations to reduce: 0 equations
Regenerate:

Number of selected equations to reduce: 411 equations
( 0.8 s )
Algebraic reconstruction is switched off.

***** Select equations recursively ************************
length of mandatory list: 315

***** Bring system in triangular form *********************

Iterate the system until it is in triangular form: 
iteration: 0; items left: 30; time: ( 0.0 s )
iteration: 1; items left: 15; time: ( 0.0 s )
iteration: 2; items left: 9; time: ( 0.0 s )
iteration: 3; items left: 6; time: ( 0.0 s )
iteration: 4; items left: 5; time: ( 0.0 s )
iteration: 5; items left: 5; time: ( 0.0 s )
redundant: 0; insertions 84
All coefficients will be normalized

Equations out of bounds rmax and smax: 10
Equations in the bounds rmax and smax: 401
( 0.0 s )

Write the triangular system to ./tmp/ on hard disk
(--> ./tmp/R11/VERconfig, ./tmp/R11/VER###) 

Triangular form completed after ( 0.4 s )
Algebraic reconstruction is switched off.

***** Run the back substitution ***********************

Load all files from ./tmp/
Take 121 equations to reduce 53 missing equations

Back substitution: 


Equations reduced: 0 / 121
Kira committed results ( 0.0 s )


Equations reduced: 1 / 121
Kira committed results ( 0.1 s )


Equations reduced: 9 / 121
Kira committed results ( 0.1 s )


Equations reduced: 13 / 121
Kira committed results ( 0.1 s )


Equations reduced: 18 / 121
Kira committed results ( 0.1 s )


Equations reduced: 23 / 121
Kira committed results ( 0.2 s )


Equations reduced: 61 / 121
Kira committed results ( 0.2 s )


Equations reduced: 93 / 121
Kira committed results ( 0.2 s )


Equations reduced: 121 / 121
Kira committed results ( 0.5 s )

121 equations were reduced

*****Master integrals***********************************
R01[1,1,0,0]   #  3
R03[1,1,0,1]   # 11
R10[1,1,1,1]   # 15
R01[1,1,1,1]   # 15
R02[1,1,1,1]   # 15
R03[1,1,1,1]   # 15
R04[1,1,1,1]   # 15
R09[1,1,1,1]   # 15
R12[1,1,0,0]   #  3
R12[1,1,1,0]   #  7
R12[1,1,0,1]   # 11
R12[1,1,1,1]   # 15
R12[1,1,-1,0]  #  3
R12[1,1,0,-1]  #  3
R12[1,1,-2,0]  #  3
R12[1,1,-1,-1] #  3
R12[1,1,0,-2]  #  3
R12[1,1,-3,0]  #  3
R12[1,1,-2,-1] #  3
R12[1,1,-1,-2] #  3
R12[1,1,0,-3]  #  3
R12[1,1,-4,0]  #  3
R12[1,1,-3,-1] #  3
R12[1,1,-2,-2] #  3
R12[1,1,-1,-3] #  3
R12[1,1,1,-1]  #  7
R12[1,1,1,-2]  #  7
R12[1,1,1,-3]  #  7
R12[1,1,-1,1]  # 11
R12[1,1,-2,1]  # 11
R12[1,1,-3,1]  # 11
R12[1,1,-4,1]  # 11
R12[1,1,-5,1]  # 11

*****Master integrals which do not appear on the right**
*****hand side of the selected integrals****************
R01[1,1,1,1]   # 15
R02[1,1,1,1]   # 15
R03[1,1,1,1]   # 15
R04[1,1,1,1]   # 15
R09[1,1,1,1]   # 15
R12[1,1,0,0]   #  3
R12[1,1,1,0]   #  7
R12[1,1,0,1]   # 11
R12[1,1,1,1]   # 15
R12[1,1,-1,0]  #  3
R12[1,1,0,-1]  #  3
R12[1,1,-2,0]  #  3
R12[1,1,-1,-1] #  3
R12[1,1,0,-2]  #  3
R12[1,1,-3,0]  #  3
R12[1,1,-2,-1] #  3
R12[1,1,-1,-2] #  3
R12[1,1,0,-3]  #  3
R12[1,1,-4,0]  #  3
R12[1,1,-3,-1] #  3
R12[1,1,-2,-2] #  3
R12[1,1,-1,-3] #  3
R12[1,1,1,-1]  #  7
R12[1,1,1,-2]  #  7
R12[1,1,1,-3]  #  7
R12[1,1,-1,1]  # 11
R12[1,1,-2,1]  # 11
R12[1,1,-3,1]  # 11
R12[1,1,-4,1]  # 11
R12[1,1,-5,1]  # 11

Total number of master integrals: 33
( 0.5 s )

***********************************************************
Kira starts the reduction of the topology: R12
***********************************************************

***** Select equations recursively ************************
length of mandatory list: 315
Algebraic reconstruction is switched off.
3748 independent coefficients
directory to the masters: R12
Number of master integrals: 12
R01[1,1,0,0] #  3
R01[1,1,1,1] # 15
R02[1,1,1,1] # 15
R03[1,1,0,1] # 11
R03[1,1,1,1] # 15
R04[1,1,1,1] # 15
R09[1,1,1,1] # 15
R10[1,1,1,1] # 15
R04[1,1,2,2] # 15
R07[1,1,2,2] # 15
R10[1,1,2,2] # 15
R11[1,1,2,2] # 15

Number of selected equations to reduce: 0 equations

Number of selected equations to reduce: 0 equations
Regenerate:

Number of selected equations to reduce: 409 equations
( 0.6 s )
Algebraic reconstruction is switched off.

***** Select equations recursively ************************
length of mandatory list: 315

***** Bring system in triangular form *********************

Iterate the system until it is in triangular form: 
iteration: 0; items left: 29; time: ( 0.0 s )
iteration: 1; items left: 14; time: ( 0.0 s )
iteration: 2; items left: 8; time: ( 0.0 s )
iteration: 3; items left: 7; time: ( 0.0 s )
iteration: 4; items left: 5; time: ( 0.0 s )
iteration: 5; items left: 5; time: ( 0.0 s )
redundant: 0; insertions 82
All coefficients will be normalized

Equations out of bounds rmax and smax: 10
Equations in the bounds rmax and smax: 399
( 0.0 s )

Write the triangular system to ./tmp/ on hard disk
(--> ./tmp/R12/VERconfig, ./tmp/R12/VER###) 

Triangular form completed after ( 0.5 s )
Algebraic reconstruction is switched off.

***** Run the back substitution ***********************

Load all files from ./tmp/
Take 70 equations to reduce 28 missing equations

Back substitution: 


Equations reduced: 0 / 70
Kira committed results ( 0.0 s )


Equations reduced: 0 / 70
Kira committed results ( 0.1 s )


Equations reduced: 2 / 70
Kira committed results ( 0.1 s )


Equations reduced: 3 / 70
Kira committed results ( 0.1 s )


Equations reduced: 5 / 70
Kira committed results ( 0.1 s )


Equations reduced: 5 / 70
Kira committed results ( 0.1 s )


Equations reduced: 13 / 70
Kira committed results ( 0.2 s )


Equations reduced: 24 / 70
Kira committed results ( 0.2 s )


Equations reduced: 49 / 70
Kira committed results ( 0.2 s )


Equations reduced: 70 / 70
Kira committed results ( 0.2 s )

70 equations were reduced

*****Master integrals***********************************
R01[1,1,0,0] #  3
R03[1,1,0,1] # 11
R09[1,1,1,1] # 15
R10[1,1,1,1] # 15
R01[1,1,1,1] # 15
R02[1,1,1,1] # 15
R03[1,1,1,1] # 15
R04[1,1,1,1] # 15
R04[1,1,2,2] # 15
R07[1,1,2,2] # 15
R10[1,1,2,2] # 15
R11[1,1,2,2] # 15

*****Master integrals which do not appear on the right**
*****hand side of the selected integrals****************
R01[1,1,1,1] # 15
R02[1,1,1,1] # 15
R03[1,1,1,1] # 15
R04[1,1,1,1] # 15
R04[1,1,2,2] # 15
R07[1,1,2,2] # 15
R10[1,1,2,2] # 15
R11[1,1,2,2] # 15

Total number of master integrals: 12
( 0.3 s )
One variable is set to 1: {}
One variable is set to 1: {}
The input directory is set to:
./results
symbol_to_replace_by_one: x in kinematics.yaml is not set. 
Mass reconstruction is disabled.
################################################
kira2math: Reconstruct results
################################################

Algebraic reconstruction is switched off.
This requested integral is a master integral: R01[1,1,0,0] # 3
This requested integral is a master integral: R01[1,1,1,1] # 15
This requested integral is a master integral: R02[1,1,1,1] # 15
This requested integral is a master integral: R03[1,1,0,1] # 11
This requested integral is a master integral: R03[1,1,1,1] # 15
This requested integral is a master integral: R04[1,1,1,1] # 15
This requested integral is a master integral: R09[1,1,1,1] # 15
This requested integral is a master integral: R10[1,1,1,1] # 15
unreduced integrals: 0.

Total time:
( 97.7 s )
